tree
version=v4
num_class=1
num_tree_per_iteration=1
label_index=0
max_feature_idx=21
objective=binary sigmoid:1
feature_names=Esfera UF Municipio OrgaoDestinatario FormaResposta OrigemSolicitacao reg_month reg_dow reg_day idade orgao_rate n_pedidos_previos prev_reenc_solicitante prev_reenc_rate_solicitante n_pedidos_previos_neste_orgao prev_reenc_neste_orgao n_orgaos_distintos_previos dias_desde_ultimo_pedido prev_reenc_rate_neste_orgao orgao_rate_movel_90d orgao_rate_movel_365d dias_desde_primeiro_pedido_do_orgao
feature_infos=-1:1:3:0:4 -1:26:25:11:23:3:17:22:18:14:4:19:20:6:12:21:7:15:0:13:10:1:16:5:2:24:9:8 -1:233:192:63:342:40:118:133:176:49:215:268:365:66:267:59:322:81:3:278:318:361:89:219:96:10:22:60:216:161:28:55:37:345:221:113:299:270:296:329:71:348:239:76:182:367:350:277:312:186:281:67:91:15:298:332:234:86:223:32:123:131:314:20:170:357:130:141:240:56:58:178:334:102:137:307:174:11:122:162:171:225:244:371:5:110:153:336:175:236:274:143:154:158:279:24:127:129:169:205:207:330:341:39:61:125:135:195:340:354:27:68:121:208:276:337:349:30:43:237:294:16:26:36:104:163:168:202:226:252:284:292:23:105:128:134:167:173:209:248:259:269:291:328:353:99:116:230:261:263:305:7:18:21:38:50:52:77:111:180:198:211:217:235:242:254:255:355:13:25:48:85:126:155:183:231:271:313:369:370:12:19:51:69:74:92:98:108:148:152:188:214:229:238:325:327:343:358:366:368:35:62:79:120:144:159:164:184:243:258:262:310:321:338:359:362:1:31:34:65:72:73:78:82:87:112:132:146:147:149:150:166:189:197:213 -1:341:34:403:334:388:27:420:55:421:79:385:163:443:246:389:281:375:333:94:87:282:392:72:405:581:402:384:242:31:213:395:29:432:32:106:58:19:33:285:382:377:60:741:352:404:394:28:380:96:65:23:567:25:379:270:336:390:378:296:118:210:142:726:717:24:387:444:441:383:693:414:718:157:99:692:90:733:671:709:703:689:725:339:407:677:401:683:716:54:700:727:745:238:711:406:221:215:708:26:104:696:738:719:701:309:690:731:754:710:699:393:750:706:357:728:320:298:301:740:310:311:399:59:735:396:736:739:30:734:707:715:737:723:107:580:687:753:295:308:314:556:450:214:713:688:714:743:748:303:721:704:302:237:507:694:172:751:729:724:71:319:381:62:359:400:742:253:574:749:297:732:318:514:161:349:702:698:335:720:747:252:304:730:289:312:233:744:418:431:293:695:75:697:274:97:557:746:299:705:194:219:288:313:108:317:398:76:657:306:292:56:305:328:109:691:143:391:315:290:17:98:100:173:6:679:500:575:164:576:583:177:192:11:80:81:53:291:294:325:204:179:573:558:307:212:300:248:323:207:324:645:513:559:408:316:426:504:517:176:21:515:57:284:712:208:321:38:322:273:684:61:185:276:612:586:667:516:579:200:101:201:175:660:184:209:203:386:656:195:595:650:193:186:206:188:52:410:198:216:191:522:551:332:520:587:602:224:235:197:428:685:760:205:244:182:202:613:338:577:495:543:275:655:666:187:102:178:283:661:74:160:189:196:362:77:132:537:632:222:250:232:646:247:330:506:78:199:409:521:533:181:190:534:547:629:249:217:429:609:628:183:596:598:251:434:594:365:508:560:663:211:485:722:758:220:413:419:493:113:752:162:481:584:417:503:519:561:578:82:112:528:569:593:40:139:439:529:337:367:497:7:92:619:180:423:427:607:562:70:171:345:356:422:440:480:572:659:117:425:518:592:614:630:42:67:370:438:604:640:66:234:473:170:272:415:541:566:588:647:15:88:668:35:41:91:600:651:670:36 -1:3:4:0:2:1 -1:3:1:5:8:4:7:0 [1:12] [0:6] [1:31] [10:103.90000152587891] [0.003430267097428441:0.51819050312042236] [-1:1922] [-1:186] [-1:1] [-1:1129] [-1:78] [-1:305] [-1:1058] [-1:1] [0.0027276279870420694:0.79571378231048584] [0.0023633518721908331:0.70627325773239136] [0:4613]
tree_sizes=3616 4417 3719 3859 4083 4806 3884 4199 4313 4760 4033 4323 4341 4335 5004 4838 4262 4616 4963 4282 4511 4080 4186 3580 4262 4541 4451 5018 5194 5003 4472 4870 5397 4823 4828 5369 3607 5341 4994 5416 4611 5008 4990 4514 5009 4620 5279 4358 5269 3508 5309 4799 5425 4987 4476 3540

Tree=0
num_leaves=31
num_cat=4
split_feature=10 10 10 10 21 19 10 21 21 20 3 10 6 5 14 3 3 9 11 21 21 10 20 21 19 20 20 20 14 10
split_gain=20047.3 7094.04 4082.34 743.464 593.45 450.316 296.713 254.416 235.046 179.326 305.241 178.251 201.703 152.567 151.126 160.009 153.138 148.441 144.075 122.489 212.302 121.343 141.209 153.517 134.448 121.039 118.441 113.084 110.346 99.7947
threshold=0.12337249144911767 0.31676022708415991 0.063139911741018309 0.17877264320850375 4170.5000000000009 0.11965528130531312 0.026007309556007389 4254.5000000000009 4206.5000000000009 0.12677486240863803 0 0.46715332567691809 3.5000000000000004 1 2.5000000000000004 2 3 50.149999618530281 115.50000000000001 3986.5000000000005 3968.5000000000005 0.20801467448472979 0.1090243235230446 1127.5000000000002 0.10155275091528894 0.16061527281999591 0.27849681675434118 0.2220885828137398 11.500000000000002 0.048776902258396156
decision_type=2 2 2 2 2 2 2 2 2 2 9 2 2 9 2 9 9 10 2 2 2 2 2 2 2 2 2 2 2 2
left_child=2 3 6 8 11 14 -1 21 -2 10 19 -3 25 -8 16 17 -4 -16 -19 20 -7 -5 23 -23 -24 -13 -27 -14 -29 -15
right_child=1 4 5 7 -6 9 13 -9 -10 -11 -12 12 27 29 15 -17 -18 18 -20 -21 -22 22 24 -25 -26 26 -28 28 -30 -31
leaf_value=-2.5301853978491726 -2.2888543415578879 -1.9022417018292939 -2.3892628919224208 -2.2281895072176265 -2.0767708209553088 -2.243950077032197 -2.1988888963243576 -2.2847147922929145 -2.3632639793056924 -2.4034064024962394 -2.4025536800431921 -1.8729705243752006 -2.1749340025530914 -2.5067625565108127 -2.4080386930798277 -2.4893113317621518 -2.4337030401290991 -1.8075550030224701 -2.383955078676967 -2.3905731938237507 -1.7843084947225645 -2.0215511359791138 -1.9244042474408332 -2.3509202254151393 -2.1377539210276435 -1.4347691863027838 -1.6957872148604722 -1.7820047534724752 -2.0881338163787451 -2.4760941368085811
leaf_weight=6069.6171680688858 1333.4317564666271 140.26798456907272 922.44656167924404 278.46886199712753 107.93252286314964 242.5159627944231 7.7516517788171768 305.26742957532406 622.78985148668289 677.64201597869396 319.14657752215862 17.79188646376133 8.859030604362486 4420.6562715768814 104.01978434622288 720.9774406850338 4649.9575137197971 8.7852053493261355 8.5637295842170698 54.187737196683884 10.483186215162275 18.825440034270287 32.261636450886726 56.993096888065338 349.78405836224556 31.006607115268707 39.570336699485779 141.22771288454533 12.845594376325606 1396.1093979924917
leaf_count=82216 18062 1900 12495 3772 1462 3285 105 4135 8436 9179 4323 241 120 59880 1409 9766 62986 119 116 734 142 255 437 772 4738 420 536 1913 174 18911
internal_value=-2.43863 -2.21807 -2.47796 -2.27621 -1.86916 -2.42133 -2.51471 -2.20796 -2.31254 -2.36775 -2.32918 -1.81193 -1.76153 -2.49859 -2.43222 -2.47169 -2.42625 -2.36865 -2.09208 -2.25995 -2.2249 -2.17614 -2.14448 -2.26914 -2.11974 -1.63988 -1.58111 -1.8275 -1.80753 -2.4993
internal_weight=23110.2 3497.32 19612.9 2997.82 499.502 7718.73 11894.1 1041.6 1956.22 1303.98 626.333 391.569 251.301 5824.52 6414.75 842.346 5572.4 121.369 17.3489 307.187 252.999 736.333 457.864 75.8185 382.046 88.3688 70.5769 162.932 154.073 5816.77
internal_count=313039 47373 265666 40607 6766 104554 161112 14109 26498 17663 8484 5304 3404 78896 86891 11410 75481 1644 235 4161 3427 9974 6202 1027 5175 1197 956 2207 2087 78791
cat_boundaries=0 13 14 35 56
cat_threshold=0 0 0 0 0 0 0 0 0 0 2097152 0 2097168 385 524288 33554432 0 4194304 0 0 0 0 0 0 2097152 0 3162112 65536 0 0 2098176 3489693696 0 0 67108864 0 0 276824066 8192 0 0 0 0 0 0 0 1073741824 537920592 1024 0 0 2151678978 1342177280 0 16777216 1140850688
is_linear=0
shrinkage=1


Tree=1
num_leaves=31
num_cat=13
split_feature=3 20 3 19 3 3 21 3 2 1 3 3 20 3 3 21 19 20 14 14 20 5 6 20 20 21 3 14 14 21
split_gain=11773.6 3422.78 2008.2 775.993 317.439 284.992 218.098 204.902 200.735 190.716 168.988 161.173 170.674 128.844 206.396 103.395 98.1583 123.086 100.862 93.3802 78.8251 83.4065 77.659 81.9137 77.5001 79.4569 72.4427 71.9594 65.9855 65.5203
threshold=0 0.049029672518372543 1 0.11226058006286622 2 3 4186.5000000000009 4 5 6 7 8 0.12677486240863803 9 10 4005.5000000000005 0.36377272009849554 0.19236434996128085 1.0000000180025095e-35 10.500000000000002 0.018702947534620765 11 4.5000000000000009 0.19236434996128085 0.24415160715579989 4463.5000000000009 12 4.5000000000000009 16.500000000000004 1885.5000000000002
decision_type=9 2 9 2 9 9 2 9 9 9 9 9 2 9 9 2 2 2 2 2 2 9 2 2 2 2 9 2 2 2
left_child=2 5 15 4 29 -2 16 -6 -9 -5 24 12 19 27 -15 -1 18 -18 -4 -11 -7 -22 23 -20 -8 -26 -14 -10 -23 -3
right_child=1 3 6 9 7 20 10 8 13 11 -12 -13 26 14 -16 -17 17 -19 22 -21 21 28 -24 -25 25 -27 -28 -29 -30 -31
leaf_value=0.33368468668625562 0.070556341044548498 0.15303275040452244 0.15329501845782378 0.19823274356012299 -0.060605445827185273 -0.089683755795997855 0.091001600015809078 0.12457787204145099 0.035922465777243631 0.12921169546573461 0.024408783567017551 0.013829872532392607 0.0262449491953302 0.008281923393613359 -0.028840408811764352 0.25719582280009184 0.59126280407657072 0.20912657233934004 0.26164681664023459 -0.026967228936280219 0.14256512634968815 -0.066819726189056572 0.054422229780253052 0.079270484001595434 0.19862800321574581 0.090379509029053964 0.10155878552828589 -0.041726249319628941 -0.098383679308186145 0.058847546511604898
leaf_weight=544.12058885395527 129.34335485100746 123.74599501490593 1339.9720845371485 95.294429615139961 674.47739750146866 3006.4114224910736 469.78597613424063 110.66032530367374 953.92367395758629 536.84484779834747 313.75398328900337 609.45265068858862 560.02410639822483 2841.0458969548345 3153.4313470050693 261.73668043315411 9.529840908944605 72.963738799095154 45.132235363125801 41.223053097724915 10.596224144101141 5543.3981874063611 205.27609768509865 54.206433936953545 176.29874914884567 110.19156351685524 166.45740785449743 136.41669082641602 752.1871480345726 183.21652605384588
leaf_count=4519 1748 1468 15554 1123 9627 43939 5925 1368 12427 6496 3920 8056 7291 38314 43487 2443 101 786 526 531 133 79900 2358 621 2055 1314 2052 1905 10866 2366
internal_value=-0.000360688 -0.0308824 0.165541 0.0093063 -0.00437571 -0.0742718 0.124403 -0.00831208 -0.00333299 0.0649858 0.0893719 0.0570181 0.0769359 -0.00550365 -0.011262 0.305056 0.146827 0.253272 0.141487 0.118074 -0.0762772 -0.0700067 0.0895467 0.162129 0.114486 0.156993 0.0452607 0.0259694 -0.070479 0.093762
internal_weight=23231.1 19628.2 3602.97 10186.2 8176.92 9441.94 2797.11 7869.96 7195.48 2009.3 1070.03 1914 1304.55 7084.82 5994.48 805.857 1727.08 82.4936 1644.59 578.068 9312.59 6306.18 304.615 99.3387 756.276 286.49 726.482 1090.34 6295.59 306.963
internal_count=313219 273097 40122 136511 110962 136586 33160 107128 97501 25549 13214 24426 16370 96133 81801 6962 19946 887 19059 7027 134838 90899 3505 1147 9294 3369 9343 14332 90766 3834
cat_boundaries=0 21 41 62 86 110 115 116 137 159 183 202 203 223
cat_threshold=0 0 33024 1024 0 0 0 262144 16384 0 16384 570425344 16977953 4 0 135266304 32 545259520 335612928 2097186 2150629504 0 0 256 0 0 0 0 0 16384 0 0 0 131072 4 0 1048576 0 8388608 3072 2097186 32768 256 402653186 0 0 0 0 16777216 268435456 0 0 3221233664 32836 262210 0 25174016 67072 1107296256 4352 4194320 75563009 16777344 33554432 12 8192 0 50339840 0 0 537395200 4 538968064 0 39846400 65568 0 0 2228224 2415927296 524290 0 0 0 0 4259840 1786773504 270532613 1140850688 8 0 8 536871168 4194816 33554432 4194308 73728 1 262152 134250512 0 0 0 0 32 0 0 134217728 0 32 0 2147483648 0 4194304 32 10618880 0 0 0 0 0 0 0 262144 0 0 16384 0 32 0 0 0 0 0 0 0 2147483648 0 0 8388616 0 0 0 262144 0 0 0 2097152 3288334336 36733588 32 0 16777216 0 4456448 4194304 5242880 0 2048 524288 1048592 8388608 0 0 262144 0 0 0 0 0 67108864 537937552 8389640 0 32768 2185232384 4603904 21233672 0 657408 0 0 16777216 0 8388616 16777216 8192 0 67239936 268697616 8390912 0 0 2233344 411074704 2147483906 544 0 0 16 98304 1179648 384 0 0 8388608 0 0 0 0 0 0 0 2097152 67108864 2097300 0 0 0 0 0 4194304 1048576
is_linear=0
shrinkage=0.1


Tree=2
num_leaves=31
num_cat=5
split_feature=10 10 10 10 10 10 19 21 5 11 17 21 3 19 19 16 11 21 17 3 16 21 3 3 19 8 21 21 10 11
split_gain=10045.5 2911.07 1167.43 475.319 471.529 162.417 156.642 110.397 105.879 99.4306 83.5797 82.1994 78.0692 77.9138 103.617 139.635 69.3855 68.2301 66.4445 71.6055 53.402 52.6138 51.8992 51.4634 50.3395 65.6267 49.5931 66.8639 76.9735 45.109
threshold=0.086249098181724562 0.17877264320850375 0.048776902258396156 0.12337249144911767 0.24982372671365741 0.024061904288828376 0.11965528130531312 4353.5000000000009 0 -1.0000000180025095e-35 1.5000000000000002 4005.5000000000005 1 0.015948286280035976 0.011707909870892765 1.5000000000000002 29.500000000000004 4463.5000000000009 7.5000000000000009 2 1.5000000000000002 3778.5000000000005 3 4 0.36377272009849554 5.5000000000000009 4005.5000000000005 3871.5000000000005 0.48512199521064764 5.5000000000000009
decision_type=2 2 2 2 2 2 2 2 9 2 2 2 9 2 2 2 2 2 2 9 2 2 9 9 2 2 2 2 2 2
left_child=2 3 5 6 10 -1 11 18 16 21 17 -2 -4 14 -14 -16 -7 24 -5 -20 22 -8 -13 -22 -3 -26 27 28 -6 -15
right_child=1 4 12 7 26 8 9 -9 -10 -11 -12 20 13 29 15 -17 -18 -19 19 -21 23 -23 -24 -25 25 -27 -28 -29 -30 -31
leaf_value=-0.090756218567725283 0.030241273248258704 0.14703307696220838 0.0035622241100694142 0.098656571153519237 0.18908309414338473 -0.059498149004637381 0.14908466565682069 0.036388447338498137 0.18218709382060735 0.040755352817549773 0.080293439545228412 -0.0219875969304116 -0.056301424550814876 -0.018069320710438187 0.035713099697868927 0.6584894437254043 -0.090899322708645147 0.077287869070243931 -0.029488637954267927 0.086374206661275016 0.091527917100943143 0.068836185298190286 0.023181903028771166 0.0053063905579966092 0.41136822388937033 0.18033298816283688 0.18695492452264739 0.27591362677002723 0.26855197743359505 -0.046535885482542616
leaf_weight=4299.7397402748466 1885.8933928459883 757.72709307819605 1599.2047830596566 1735.8940281793475 398.48689534515142 4051.2928699851036 145.64640290290117 431.54537564516068 8.7682082876563054 983.17854372411966 267.55407886952162 923.31336449831724 13.617405109107494 2053.2104543447495 7.6679700240492821 6.7866389155387878 851.59966198354959 133.79110291600227 89.536365285515785 114.61191793531179 100.10875982791185 186.08649403601885 341.42374192923307 203.67211209237576 16.442971870303154 48.736703708767891 348.20893136411905 243.62995611876249 175.59192614257336 763.72375848889351
leaf_count=67340 24754 7580 21574 19074 3107 61687 1636 5200 94 11899 2728 12346 205 28862 115 102 13194 1492 1009 1278 1324 2348 4353 2744 132 431 2781 1538 1154 10909
internal_value=-0.00126515 0.0775212 -0.0562549 0.0455475 0.173046 -0.0765642 0.0273544 0.0821343 -0.0641402 0.0567285 0.129701 0.0161732 -0.0141605 -0.0240506 0.141639 0.328115 -0.0648201 0.143519 0.0923101 0.038345 -0.000741333 0.104069 -0.00978436 0.0369077 0.154287 0.238617 0.21856 0.232018 0.21339 -0.0257871
internal_weight=23186.7 9531.08 13655.6 7140.91 2390.17 9211.4 4769.32 2371.59 4911.66 1314.91 1224.25 3454.41 4444.21 2845.01 28.072 14.4546 4902.89 956.698 1940.04 204.148 1568.52 331.733 1264.74 303.781 822.907 65.1797 1165.92 817.709 574.079 2816.93
internal_count=312990 108908 204082 87965 20943 142315 61404 26561 74975 15883 12363 45521 61767 40193 422 217 74881 9635 21361 2287 20767 3984 16699 4068 8143 563 8580 5799 4261 39771
cat_boundaries=0 1 22 43 57 71
cat_threshold=58 524288 67108928 0 4194320 0 8192 18 2304 134742016 0 132096 411041808 16642 0 0 131072 538968066 136 1048576 64 64 0 0 32768 0 0 0 262144 16777216 268435456 0 0 2214601728 0 0 0 0 0 0 0 0 66560 0 8388608 0 0 0 0 0 0 0 0 2097152 0 1048576 32 0 0 2 0 0 0 0 0 0 0 2097152 0 0 32
is_linear=0
shrinkage=0.1


Tree=3
num_leaves=31
num_cat=5
split_feature=10 10 10 10 19 10 14 17 14 17 5 10 6 3 3 3 19 14 11 14 3 17 14 20 10 16 16 10 14 11
split_gain=8050.2 2262.2 608.83 541.776 190.474 155.536 105.7 90.4523 88.7712 133.63 87.336 80.6322 75.0989 92.8519 71.0652 67.6265 61.6059 95.6342 54.2423 51.1205 72.271 47.7658 42.2994 75.2496 208.874 40.2455 39.7744 37.6134 44.8335 36.2699
threshold=0.078650549054145827 0.15868666768074038 0.04287791624665261 0.24982372671365741 0.11965528130531312 0.025229778140783313 13.500000000000002 2.5000000000000004 1.0000000180025095e-35 1.0000000180025095e-35 0 0.10995289683341981 8.5000000000000018 1 2 3 0.015948286280035976 2.5000000000000004 -1.0000000180025095e-35 5.5000000000000009 4 1.0000000180025095e-35 5.5000000000000009 0.1345128417015076 0.1092083938419819 23.500000000000004 4.5000000000000009 0.093513358384370818 29.500000000000004 258.50000000000006
decision_type=2 2 2 2 2 2 2 2 2 2 9 2 2 9 9 9 2 2 2 2 9 2 2 2 2 2 2 2 2 2
left_child=2 4 5 8 11 -1 10 12 21 14 -7 22 13 18 -10 -13 17 -4 -6 20 -18 25 29 -24 -25 -3 -11 -20 -29 -2
right_child=1 3 16 -5 7 6 -8 -9 9 26 -12 15 -14 -15 -16 -17 19 -19 27 -21 -22 -23 23 24 -26 -27 -28 28 -30 -31
leaf_value=-0.087643852751109808 0.011287710495470494 0.097885131117868007 -0.0033794339896998944 0.16946193568735302 0.12100594363514189 -0.054682510910109783 -0.099247782488339154 -0.0047852627778109773 -0.005198611447879164 -0.014374510932887413 0.16420588480707032 0.012764983266049426 0.032941083383873297 -0.010840762320465651 0.12908293602784568 0.072679678909405965 -0.0027072219171535555 0.36081709874694678 0.0099842836154523072 -0.061211296695484599 -0.034726271167143288 0.14349140212788278 -0.043056277561391618 -0.05500858211794353 0.48536462607689113 -0.014741192925417824 0.06630979456482404 0.083054198135713367 -0.080700824041518335 0.13812091488636208
leaf_weight=4231.5084561109543 4124.5227622166276 2002.8940319269896 22.669558815658092 1333.7774423807859 289.12831581383944 3522.2399236299098 597.88066397607327 263.64984077215195 55.668649047613144 204.93944039940834 9.5364309549331647 382.80490104854107 733.82567096501589 121.14675540477037 221.729705914855 393.38776557892561 1318.27457588166 10.572808247059582 92.027461029589176 337.09109658747911 1527.856351878494 237.50602776557207 279.29774206876755 22.522812105715275 10.482226386666296 32.238273121416569 87.04947355389595 601.69633610546589 17.196952447295189 22.670472703874111
leaf_count=71568 54246 19641 314 8586 2979 56485 10066 3080 586 2106 87 4408 8437 1481 2149 4609 18607 120 1157 5049 22507 2318 3867 319 94 304 874 6351 214 303
internal_value=-0.00104465 0.0581001 -0.0599469 0.116883 0.0247232 -0.07417 -0.0603639 0.0500221 0.0922074 0.0568985 -0.0537814 0.0144858 0.0578117 0.0740896 0.106601 0.0442316 -0.0229741 0.112454 0.0836501 -0.0243884 -0.0200272 0.101054 0.00930843 -0.0261822 0.116611 0.096101 0.00967957 0.0696342 0.078504 0.011981
internal_weight=23107.8 11530.2 11577.6 4175.8 7354.36 8361.17 4129.66 2118.67 2842.03 569.387 3531.78 5235.69 1855.02 1121.2 277.398 776.193 3216.46 33.2424 1000.05 3183.22 2846.13 2272.64 4459.5 312.303 33.005 2035.13 291.989 710.921 618.893 4147.19
internal_count=312912 128109 184803 36564 91545 138206 66638 23699 27978 5715 56572 67846 20619 12182 2735 9017 46597 434 10701 46163 41114 22263 58829 4280 413 19945 2980 7722 6565 54549
cat_boundaries=0 1 22 43 67 89
cat_threshold=58 131072 8388608 8421376 0 0 0 262144 16777216 0 0 2101248 3288334336 3147408 0 0 0 0 0 262144 16777216 32768 0 0 0 1024 0 0 0 0 0 0 0 536870912 32768 0 0 0 65568 536870912 0 0 1024 0 0 268468224 0 0 0 262144 0 0 0 0 1140850688 128 12582912 0 8388608 0 16384 393216 16779264 268468224 0 0 16777216 285212672 68158018 4100 1 0 33555456 1073741824 2048 537395200 0 0 262144 8912896 8192 0 0 2097152 73728 0 0 0 8192
is_linear=0
shrinkage=0.1


Tree=4
num_leaves=31
num_cat=12
split_feature=10 10 10 19 10 10 0 5 3 11 11 3 20 3 1 17 11 9 10 21 3 11 11 3 3 3 3 21 20 3
split_gain=6601.36 1545.04 566.306 303.747 166.438 154.419 108.456 107.686 82.549 80.6425 71.014 68.9484 67.1732 63.0966 62.0346 52.7306 50.9446 50.757 49.3562 48.2601 65.4616 57.1946 52.1272 59.1479 49.0101 47.968 46.1329 57.9132 39.009 35.5719
threshold=0.078650549054145827 0.17877264320850375 0.04287791624665261 0.11965528130531312 0.31676022708415991 0.020850681699812416 0 1 2 -1.0000000180025095e-35 15.500000000000002 3 0.0075430369470268497 4 5 1.5000000000000002 31.500000000000004 61.750000000000007 0.11744926869869234 4005.5000000000005 6 -1.0000000180025095e-35 1.0000000180025095e-35 7 8 9 10 3757.5000000000005 0.10476860404014589 11
decision_type=2 2 2 2 2 2 9 9 9 2 2 9 2 9 9 2 2 10 2 2 9 2 2 9 9 9 9 2 2 9
left_child=2 3 5 6 14 -1 11 10 -5 -10 -7 -2 -4 -8 -3 19 18 -14 -13 20 21 -15 23 -21 -24 -17 -11 29 -18 -28
right_child=1 4 12 8 -6 7 13 -9 9 26 -12 16 17 15 -16 25 28 -19 -20 22 -22 -23 24 -25 -26 -27 27 -29 -30 -31
leaf_value=-0.089282331414153496 0.0075664581339156562 0.1566620073848724 0.28774565232229798 -0.019199643201994639 0.14117922168660105 -0.054740974951292709 0.04172320752166063 0.1706924026925743 0.084472214137262358 0.059041154011088184 -0.083743370950671553 0.040010379149061887 -0.024022136651704253 0.16148416342801591 0.084656146678119604 -0.039394274396965398 0.29206641053370191 0.086382394514320615 0.13045495064550536 -0.025960698100590388 0.015555639107570469 0.043666442501450624 0.073217371993929733 0.015207718557799347 -0.0006572751261137757 0.011895578999703995 0.08184716618929587 0.013813913557463761 0.070379494883199681 0.022685304058458537
leaf_weight=3093.7127830609679 163.19472584873438 159.04088015109301 6.9917957633733741 156.80093923211098 1219.1470045000315 3630.979867707938 559.13774889707565 11.452275853604077 742.74580960720778 1504.5673478469253 1100.034931845963 140.01500805467367 3131.7669652961195 59.360827557742596 1545.6532181352377 425.74726336449385 21.340958319604397 42.20225065946579 106.02476921677589 848.18901507556438 1763.8545065149665 134.70404520630836 155.76329880207777 581.03741784393787 205.2064768448472 310.81143445521593 272.16817031055689 713.47141379863024 12.638090223073958 200.8434090539813
leaf_count=56655 2062 1203 78 1954 6781 61674 6300 95 7349 15217 19795 1716 46280 743 13025 5583 245 623 1061 11425 22547 1659 2028 7369 2760 4022 2597 7930 139 2194
internal_value=-0.00156358 0.0497455 -0.0574569 0.0293825 0.112967 -0.0719019 0.0145851 -0.0605639 0.0519953 0.0551417 -0.0613548 0.0614863 -0.0218721 0.0103214 0.0927896 0.00632216 0.0915663 -0.0225542 0.0789852 0.0111431 0.0219934 0.0757988 -0.000723693 -0.00929933 0.0332308 -0.0181244 0.0472512 0.0315371 0.209613 0.0589366
internal_weight=23018.6 12001.5 11017.1 9077.62 2923.84 7836.18 5487.03 4742.47 3590.6 3433.8 4731.01 443.214 3180.96 5043.81 1704.69 4484.67 280.019 3173.97 246.04 3748.12 1957.92 194.065 1790.2 1429.23 360.97 736.559 2691.05 1186.48 33.979 473.012
internal_count=313109 127909 185200 106900 21009 138219 69659 81564 37241 35287 81469 5223 46981 64436 14228 58136 3161 46903 2777 48531 24949 2402 23582 18794 4788 9605 27938 12721 384 4791
cat_boundaries=0 1 2 23 44 68 69 82 101 115 137 156 177
cat_threshold=9 58 524288 0 2 0 0 270336 0 0 268435456 0 536870912 411042944 16642 1024 0 0 1154 3221225472 8 16777216 134807616 131200 536871936 268435456 0 0 0 0 0 0 0 1024 0 0 4199936 0 0 537003154 180352 1310720 2112 165952 0 0 2 9216 0 0 268435456 16777216 268435456 0 16384 3221225472 1164864 0 0 0 0 0 0 0 0 0 0 16777216 41945088 0 8388608 32768 0 0 0 0 0 0 0 536870912 0 128 524288 41943040 0 0 0 0 0 1024 0 0 2101248 33587200 128 32 0 0 0 0 4 524288 33554432 0 0 0 0 0 0 0 0 2097152 134217728 16 32 0 8388608 32768 0 0 8192 262144 0 0 0 536870912 301989888 2097426 0 0 0 0 0 0 0 0 2048 0 0 8388608 1024 0 0 262144 0 0 0 16384 33554432 3211792 0 0 0 0 0 262144 131072 16 32768 0 0 0 0 16777216 0 0 2097152 0 0 0 0 0 0 16384 0 0 32768
is_linear=0
shrinkage=0.1


Tree=5
num_leaves=31
num_cat=14
split_feature=20 3 19 3 3 3 3 20 16 14 3 21 14 3 20 3 14 3 11 21 3 21 2 3 3 6 21 20 20 3
split_gain=4208.88 1437.67 366.928 364.672 245.563 158.279 131.426 111.583 109.153 92.5654 85.6331 83.9136 82.9707 68.2339 66.4812 58.365 85.6252 58.1516 57.1175 54.7286 74.2761 54.2871 49.247 48.4983 83.2875 48.0615 97.4213 84.0871 51.0556 48.6219
threshold=0.060326913371682174 0 0.11226058006286622 1 2 3 4 0.030780239962041381 50.500000000000007 5.5000000000000009 5 4254.5000000000009 31.500000000000004 6 0.1345128417015076 7 3.5000000000000004 8 15.500000000000002 3778.5000000000005 9 4005.5000000000005 10 11 12 4.5000000000000009 3950.5000000000005 0.175025150179863 0.11670817807316781 13
decision_type=2 9 2 9 9 9 9 2 2 2 9 2 2 9 2 9 2 9 2 2 9 2 9 9 9 2 2 2 2 9
left_child=3 4 5 8 21 -3 -7 15 -1 17 -4 25 19 14 -11 16 -5 -8 -17 20 -12 -2 -19 -24 -25 26 -6 -28 -27 -30
right_child=1 2 10 7 11 6 9 -9 -10 13 12 -13 -14 -15 -16 18 -18 22 -20 -21 -22 -23 23 24 -26 28 27 -29 29 -31
leaf_value=0.049330114859224172 0.13939751540504192 0.068078024620308389 -0.040316419444464888 -0.020504622214118296 0.080552207989982319 -0.059925397551108463 0.02334216796653071 -0.046226590419621023 0.40011487016738878 -0.0027104248560887575 0.0012981719719648572 0.042286654181302175 -0.081247137873034975 -0.055661833385556726 0.23280416629832273 -0.065415684226263551 0.29552465983674853 0.040967572718466801 -0.089280688862338517 0.033592508959875388 0.070585205189519343 0.094128253995416689 0.0083372266513322378 0.00023076985179444674 -0.035239393156618178 0.0012374489763770143 0.30367468875626541 0.12501954216836295 0.12874498944732504 0.064317368016167248
leaf_weight=241.04759652540088 712.50851327180862 309.03448245674372 122.19295396655798 71.198919050395489 432.79529146105051 385.72836608067155 1110.4074449762702 2990.96503078565 9.2095385380089265 43.601521544158459 190.20811899751425 1006.4701319336891 52.305255822837353 430.84132076054811 16.529530748724937 3667.0178733505309 9.7469354383647424 245.15832124277949 1380.3897710070014 1630.1801940873265 1117.4037800505757 421.68276457488537 1885.9933271408081 1888.625800833106 1011.9793129898608 105.9986202865839 38.662088133394718 82.69439373165369 152.92699778079987 1140.5670243427157
leaf_count=3117 3480 3100 1628 1123 3381 6527 13312 50590 118 535 2088 9417 644 6499 116 69187 109 2802 27176 17652 10427 2403 24598 25943 15311 852 281 679 1050 9209
internal_value=-0.00138441 0.0311452 0.0113926 -0.0578749 0.0812865 -0.000814083 -0.00393872 -0.0615014 0.0598477 -0.000597696 0.04017 0.0655229 0.0434486 -0.0423813 0.0531856 -0.0705299 0.0156198 0.0027413 -0.0718002 0.0458166 0.0610563 0.121496 -0.00184762 -0.00412135 -0.0122228 0.0778291 0.102755 0.181936 0.0679594 0.0734271
internal_weight=22904.1 14534.5 10440.2 8369.58 4094.31 7327.9 7018.86 8119.32 250.257 6633.14 3112.29 2960.11 2990.1 490.972 60.1311 5128.35 80.9459 6142.16 5047.41 2937.79 1307.61 1134.19 5031.76 4786.6 2900.61 1953.64 554.152 121.356 1399.49 1293.49
internal_count=313354 161934 131182 151420 30752 98743 95643 148185 3235 89116 32439 24869 30811 7150 651 97595 1232 81966 96363 30167 12515 5883 68654 65852 41254 15452 4341 960 11111 10259
cat_boundaries=0 21 45 65 86 110 132 150 172 196 217 228 252 276 289
cat_threshold=0 0 256 0 0 0 0 262144 81920 0 16384 33554432 196645 12 0 134217728 65536 545521664 335612928 6291490 2157969536 128 570425410 8388608 0 0 302522368 33554432 16777216 0 0 2097152 268435456 39976960 65568 0 0 131108 2449604608 17301504 0 64 0 0 4194304 0 0 256 0 0 0 0 0 16384 0 0 0 0 4 0 0 0 8388608 268503040 34 32768 16 402653186 1024 0 262144 0 0 268435456 0 0 3221233664 36864 17039360 0 8388608 2151679488 33554432 4198656 1048576 470289408 1249902592 33554501 1140854784 2312 0 8 2097152 4194304 570425344 4194308 8192 0 0 134217744 0 2 0 2147483648 32 0 32800 134217728 0 32 1375731712 2 0 257 0 33955841 8388608 24576 268435456 4194304 536870912 142607488 536887560 64 0 0 1156 0 8 0 524288 134217728 524288 0 0 4194304 0 0 8388608 0 67108864 0 2097152 0 1048576 0 0 1048576 0 1073741824 33554432 0 262148 8192 0 2214658053 135267468 67110912 536870912 0 36864 1 0 0 0 0 256 0 16 0 0 134217728 0 264 8421376 8192 0 0 8454144 0 0 0 0 1024 545277648 8388674 0 40960 4 32768 1048584 64 1245185 2048 0 16777216 524288 536870912 2 0 0 0 268435456 0 67108864 0 0 1342185472 9441296 66560 0 8192 2151678482 3221250048 524416 16777216 134416448 0 2147483648 0 4194304 32 0 1 0 4096 0 4194304 16908288 8388608 64 1 0 0 2 25174016 134217728 0 135172 478183552 1048834 1056 0 0 32 1078067328 0 0 0 8192 0 32769 268959744 67108864 0 82 0 67272704 33554432 19456 262144 1073741888 539230208 536870912 17301504 0 0 268435456 0 4096 5 0 0 67108864 0 131072 0 0 0 0 0 0 0 0 0 0 0 0 32
is_linear=0
shrinkage=0.1


Tree=6
num_leaves=31
num_cat=7
split_feature=10 10 10 10 10 10 14 3 3 5 21 19 14 14 19 20 3 10 3 9 9 14 21 9 3 21 20 8 21 3
split_gain=4558.88 951.719 449.818 208.217 96.9916 85.371 84.5324 141.728 106.049 84.9272 73.0059 56.1587 55.1632 50.2743 49.3111 77.4843 51.8008 59.1835 39.9016 68.1731 76.9737 39.2774 35.9794 34.8615 33.3233 33.1826 32.2648 32.0467 31.0961 136.802
threshold=0.068297538906335845 0.17877264320850375 0.032151246443390853 0.10995289683341981 0.24982372671365741 0.01679024659097195 5.5000000000000009 0 1 2 4332.5000000000009 0.029487016610801223 4.5000000000000009 2.5000000000000004 0.11965528130531312 0.1345128417015076 3 0.09985267743468286 4 50.149999618530281 54.350000381469734 20.500000000000004 4186.5000000000009 73.250000000000014 5 4206.5000000000009 0.0089289136230945605 10.500000000000002 3913.5000000000005 6
decision_type=2 2 2 2 2 2 2 9 9 9 2 2 2 2 2 2 9 2 9 10 10 2 2 10 9 2 2 2 2 9
left_child=2 3 5 12 22 -1 8 11 -4 26 13 -8 14 24 -2 16 17 -16 19 -14 -21 23 28 -7 -5 -6 -10 -24 29 -3
right_child=1 4 6 10 25 21 7 -9 9 -11 -12 -13 18 -15 15 -17 -18 -19 -20 20 -22 -23 27 -25 -26 -27 -28 -29 -30 -31
leaf_value=-0.092325785778142849 0.0081568641647524944 -0.024521501768449961 -0.0034686715248879903 0.0078748802822943276 0.10657770519940438 -0.061843578665248478 0.35913805556376344 -0.076590287154912451 0.15066891915365366 0.17645393748491695 0.011224312703077742 0.069865878204337262 -0.014204568174643517 0.00091160103266742774 0.20734038876965055 0.001043693247939614 0.0060094281287943101 0.058307138430710628 -0.048691857541549165 0.2421754789677901 -0.081340157957223574 -0.095403649035787075 0.081151307391888097 0.18082137686021249 0.054682961205662586 0.067652313681670781 -0.040758774651887 0.027980406247604325 0.10174924107835558 0.08478957381456341
leaf_weight=1710.1849479824305 4626.6018351316452 140.95316052436829 1451.2429656609893 180.05026644468307 1387.6376129388809 3121.0038748346269 9.5738338157534582 562.87555418908596 8.8394948616623861 8.9361876621842367 672.806495860219 22.445710953325033 186.31914218142629 210.76008027046919 27.957813583314419 559.09308692067862 220.36166116595268 567.95564173161983 250.2671261690557 23.236655808985233 10.76007556170225 380.67771005257964 164.64656847715378 5.931387271732091 2425.6909163370728 260.04054760932922 2243.1004662886262 363.85821041464806 333.98238502442837 609.90869047492743
leaf_count=36122 60090 1111 21836 1889 7026 61454 88 10477 126 71 7033 328 2525 2082 256 6258 2633 5069 3647 203 148 8215 1353 115 22141 1536 39401 3020 2295 4603
internal_value=-0.00151637 0.0364785 -0.054263 0.0211289 0.083369 -0.074007 -0.0303439 -0.0653396 -0.0247356 -0.0382024 0.0408194 0.119147 0.0105139 0.047889 0.0130989 0.0297233 0.0493669 0.0642215 -0.0224559 0.00914196 0.139782 -0.0650755 0.0659404 -0.0613833 0.0516887 0.100434 -0.0398305 0.0445449 0.0763636 0.0650722
internal_weight=22747.7 13222.9 9524.81 9961.86 3261.03 5217.8 4307.01 594.895 3712.12 2260.88 3489.31 32.0195 6472.55 2816.5 6001.97 1375.37 816.275 595.913 470.583 220.316 33.9967 3507.61 1613.35 3126.94 2605.74 1647.68 2251.94 528.505 1084.84 750.862
internal_count=313151 134918 178233 113974 20944 105906 72327 10893 61434 39598 33145 416 80829 26112 74306 14216 7958 5325 6523 2876 351 69784 12382 61569 24030 8562 39527 4373 8009 5714
cat_boundaries=0 14 38 39 61 82 103 123
cat_threshold=33554432 0 0 4194304 0 0 0 0 0 4194304 0 1 0 65536 268435456 0 4160 2099209 2048 1090553856 1082200198 0 536870912 0 0 0 4982784 67712 33554432 0 256 0 2 0 0 8192 0 4194304 58 0 536870912 8388608 0 0 0 0 0 0 0 2097152 0 2098192 4096 0 0 0 0 0 0 0 2048 655360 75497472 0 0 0 0 0 0 0 0 2097152 0 16 4128 0 0 0 40960 0 0 67108864 0 0 268435464 0 0 0 0 16777216 0 0 0 9216 64 16777280 0 0 4195328 3221225472 131072 16779264 134217728 0 0 0 0 0 0 0 0 0 0 0 0 32 0 0 0 0 0 0 16
is_linear=0
shrinkage=0.1


Tree=7
num_leaves=31
num_cat=9
split_feature=10 10 10 10 14 17 14 3 21 3 10 5 3 3 11 3 3 14 17 3 21 21 3 10 14 16 6 10 21 7
split_gain=3809.96 912.575 272.288 175.253 117.62 114.014 137.286 104.766 82.4133 125.727 91.067 73.6428 66.1489 65.6323 58.8699 60.4419 46.3248 42.2682 79.583 63.729 38.3703 43.2994 35.996 33.8735 33.1658 31.715 31.0908 39.5729 29.9913 32.9313
threshold=0.063139911741018309 0.15868666768074038 0.025229778140783313 0.23409326374530795 8.5000000000000018 1.5000000000000002 1.0000000180025095e-35 0 4111.5000000000009 1 0.12337249144911767 2 3 4 -1.0000000180025095e-35 5 6 1.0000000180025095e-35 1.0000000180025095e-35 7 4093.5000000000005 3757.5000000000005 8 0.015315920114517214 40.500000000000007 5.5000000000000009 4.5000000000000009 0.17877264320850375 4374.5000000000009 3.5000000000000004
decision_type=2 2 2 2 2 2 2 9 2 9 2 9 9 9 2 9 9 2 2 9 2 2 9 2 2 2 2 2 2 2
left_child=2 5 23 17 11 8 7 -7 10 24 13 16 -6 14 15 20 -4 28 19 -19 21 -2 -16 -1 -10 -21 -27 -28 29 -3
right_child=1 3 4 -5 12 6 -8 -9 9 -11 -12 -13 -14 -15 22 -17 -18 18 -20 25 -22 -23 -24 -25 -26 26 27 -29 -30 -31
leaf_value=-0.093004572975569966 0.095037605528082075 0.05117794002290791 -0.011685368762053505 0.085141646631367945 0.084882190252493966 -0.015064025078271724 -0.038661017018632532 0.065682437526987894 0.028715249352803115 -0.020151113220766903 0.053190605947258378 0.13767698029254627 -0.086979399375972113 -0.00052506893866019824 0.042729918834672358 0.0096825150425290246 -0.041393829264623677 -0.0067060822622411189 -0.013223780495945015 0.053090720239988502 0.24777486346802824 0.038832727655806636 0.010463623532877685 -0.071737636605023455 -0.094436472404246866 0.20379613386407508 0.0063920962493482086 0.1593034342240596 0.031020534725005308 0.080239515158671559
leaf_weight=1206.2142598554492 242.00529160350561 1520.6821994930506 651.67440762370825 2062.6462143659592 18.024690426886082 353.57899013534188 933.07935214415193 282.41902688890696 1018.6792420186102 1360.4156191460788 800.12613621354103 15.208953365683554 615.12899032607675 1514.5067854486406 419.6996506229043 309.05310219526291 3448.4672779403627 107.59644185006618 295.8489251807332 99.615607932209969 11.495402343571184 316.10184545814991 1904.7413308396935 1975.6184166930616 22.347779098898172 38.227697156369686 30.503560081124306 38.019148245453835 487.18311297893524 524.36755263060331
leaf_count=27739 2313 11844 10498 11009 177 4517 12371 3391 12475 18318 6944 114 13367 19529 4758 3795 65348 935 2646 785 154 3531 23230 43706 335 282 272 267 4456 4050
internal_value=-0.00130465 0.0288444 -0.0571633 0.0624937 -0.0419953 0.0103864 -0.0142402 0.0215879 0.0152658 -0.000197472 0.0219958 -0.0358221 -0.0821199 0.0167051 0.0247762 0.0469037 -0.0367119 0.047626 0.0239911 0.0590589 0.0657743 0.0632042 0.0165185 -0.0797998 0.0258235 0.0893434 0.131543 0.0912334 0.0533178 0.0586296
internal_weight=22623.3 14692.9 7930.34 5204.69 4748.5 9488.25 1569.08 635.998 7919.17 2401.44 5517.73 4115.35 633.154 4717.6 3203.1 878.656 4100.14 3142.04 609.811 313.962 569.603 558.107 2324.44 3181.83 1041.03 206.366 106.75 68.5227 2532.23 2045.05
internal_count=313156 152207 160949 36546 89504 115661 20279 7908 95382 31128 64254 75960 13544 57310 37781 9793 75846 25537 5187 2541 5998 5844 27988 71445 12810 1606 821 539 20350 15894
cat_boundaries=0 21 45 46 56 78 100 124 145 165
cat_threshold=16777216 75497474 32768 4196352 0 34078720 0 16779264 0 0 537133056 1082131456 2639122 25165824 0 0 2097152 3221225472 0 0 134283264 268435456 33554434 8388610 2105344 0 0 262144 0 0 0 393216 1207959552 2148534098 32 0 0 0 0 8 0 0 0 0 16777216 58 33554432 0 67108864 0 0 0 0 0 0 4194304 16777216 75497472 268435456 0 0 0 268435456 3072 0 0 538972160 276856832 3686736 25165824 0 8388608 4194304 3221258240 0 16777280 67110912 2048 0 8388608 0 0 0 0 0 0 0 0 2097152 0 256 0 0 0 0 0 0 0 0 2048 0 0 0 25 2048 2228241 1082131156 16384 537919488 0 33554432 0 4458496 2176 33554432 131072 256 0 2147483648 0 32 8192 0 65536 0 0 0 1024 0 0 0 0 0 0 0 536870912 32769 0 0 16777216 65568 536870912 0 0 1024 16777216 0 0 0 0 0 0 2048 0 0 4096 0 1065040 8388608 0 8388608 4194304 2147483648 0 16777216
is_linear=0
shrinkage=0.1


Tree=8
num_leaves=31
num_cat=13
split_feature=10 10 10 3 10 0 11 3 11 3 17 11 3 5 3 3 19 3 3 11 3 10 19 20 16 3 17 7 11 3
split_gain=3145.76 667.508 212.028 182.981 103.295 73.6885 65.2399 85.4464 55.8547 62.3495 50.6511 49.3737 120.781 48.8856 40.686 38.8182 43.1688 38.8155 36.3247 34.837 44.3216 33.9091 31.4421 58.7802 31.1085 31.2451 37.5043 46.0013 29.4876 28.5019
threshold=0.056925732642412193 0.12337249144911767 0.024061904288828376 0 0.090109098702669158 1 294.50000000000006 2 15.500000000000002 3 3.5000000000000004 1.0000000180025095e-35 4 5 6 7 0.015948286280035976 8 9 12.500000000000002 10 0.015315920114517214 0.11965528130531312 0.12677486240863803 1.5000000000000002 11 1.0000000180025095e-35 1.5000000000000002 2.5000000000000004 12
decision_type=2 2 2 9 2 9 2 9 2 9 2 2 9 9 9 9 2 9 9 2 9 2 2 2 2 9 2 2 2 9
left_child=2 4 21 -3 10 6 7 -5 13 -10 15 14 -13 18 -7 19 -17 -12 -4 -2 -21 -1 24 -24 28 26 27 -26 29 -6
right_child=1 3 8 5 22 11 -8 -9 9 -11 17 12 -14 -15 -16 16 -18 -19 -20 20 -22 -23 23 -25 25 -27 -28 -29 -30 -31
leaf_value=-0.091992288240068845 0.010631113546049372 0.078773485749256716 -0.012484874993454714 0.012088657092960487 -0.00051638365881911355 0.07799890312115676 0.26777521807334675 0.097931953618126399 0.023040888430039461 -0.073893882095205657 0.026985921434761081 0.04429381490046011 -0.013419877897610809 0.11036944090765147 0.037415797898061036 0.15564549072327638 -0.020831533465054161 -0.037943109485351512 -0.042387944030759524 0.056630933343687663 -0.037995660617278486 -0.069418869802236757 0.047952906756097535 0.0073847237833602102 -0.0040601615954500838 0.019508325689254993 0.026511819189789496 0.21033137347481301 -0.053802545032969662 0.02217021090279974
leaf_weight=1108.4777778461576 2217.7998001202941 1504.3417143002152 507.43816205486655 193.36162313818932 1571.2133127599955 286.40399564057589 16.996943712234497 337.70581099390984 73.554604221135378 763.04477787017822 102.65831160917878 822.05549213290215 639.63320188969374 13.637123450636862 2775.7865245342255 14.078413333743809 897.49532777443528 638.45524137467146 2860.6156432144344 50.790127605199814 294.24824212864041 1665.0436632670462 748.23527497053146 683.33625172078609 14.001966975629328 603.65143512561917 50.629513509571552 35.087890796363354 81.0371383279562 847.43179796636105
leaf_count=27756 29621 7033 8854 1371 20236 2150 110 2321 1311 17456 1416 6330 5788 91 22227 122 13373 9546 57260 656 4589 39564 6598 7482 158 7591 572 319 1097 9603
internal_value=-0.00132299 0.0238958 -0.0569646 0.0480271 0.00596454 0.0386761 0.073578 0.0687481 -0.0428441 -0.0659791 -0.00536327 0.0342948 0.0192496 -0.0371207 0.0415884 -0.000300711 -0.0179095 -0.0290971 -0.037933 0.00600899 -0.0235264 -0.0784407 0.016268 0.0285884 0.0107615 0.0293399 0.0789789 0.14918 0.00553387 0.00752195
internal_weight=22418.2 15426.4 6991.81 6576.29 8850.15 5071.94 548.064 531.067 4218.29 836.599 4215.53 4523.88 1461.69 3381.69 3062.19 3474.41 911.574 741.114 3368.05 2562.84 345.038 2773.52 4634.62 1431.57 3203.05 703.371 99.7194 49.0899 2499.68 2418.65
internal_count=312601 160309 152292 47330 112979 40297 3802 3692 84972 18767 59323 36495 12118 66205 24377 48361 13495 10962 66114 34866 5245 67320 53656 14080 39576 8640 1049 477 30936 29839
cat_boundaries=0 20 21 42 61 85 86 99 119 143 167 184 202 224
cat_threshold=0 0 256 0 0 0 0 0 81920 0 0 0 131072 4 0 0 32 12845056 335611904 2097186 9 0 0 8 0 0 0 0 0 0 0 0 1024 0 4194376 0 1081344 512 0 655360 16 412680193 1073741824 0 67125248 0 0 2751496192 1615894021 1073152 67108864 4194816 0 1 0 0 0 67108864 0 0 2 0 0 0 0 0 0 0 17039360 0 0 16384 33554432 544 262144 0 134217728 0 536870912 0 0 2147483648 0 0 16777216 58 0 0 0 1024 0 0 0 0 0 0 0 0 5 268959872 109052418 0 0 0 0 8388608 0 134217728 0 537006080 411303936 2148010242 1536 0 131072 538968320 0 1048588 64 524288 1048640 4096 16 0 268566528 0 256 524288 0 0 134217856 8388608 74752 0 0 134 8192 128 64 0 8192 0 4194304 0 0 270336 4360 2048 65536 1208095176 67108865 67108864 0 32768 0 262144 32768 0 268435489 0 0 2 0 0 134217856 262144 98304 524288 41943040 0 0 0 0 0 0 0 0 0 134217728 0 0 0 0 2097152 0 0 2 0 0 0 0 0 0 0 2097152 0 0 0 0 0 0 2147483648 131072 0 0 0 0 0 0 0 0 0 2097152 0 3145728 4128 0 8388608 16 2415935488 16777216 16777216 133120 2048
is_linear=0
shrinkage=0.1


Tree=9
num_leaves=31
num_cat=15
split_feature=20 3 3 19 3 3 11 3 14 3 11 3 3 3 2 3 3 9 20 16 11 21 3 6 11 20 14 3 5 17
split_gain=2032.06 549.327 273.801 192.535 121.165 94.6008 86.9913 140.405 79.2808 77.4603 58.578 57.4851 55.7376 52.782 48.4547 48.4953 47.9868 44.8708 76.6037 38.5256 37.6678 37.5936 34.1486 33.521 71.0729 39.8106 37.5983 36.6183 29.2561 28.883
threshold=0.060326913371682174 0 1 0.11965528130531312 2 3 16.500000000000004 4 7.5000000000000009 5 -1.0000000180025095e-35 6 7 8 9 10 11 47.95000076293946 0.1345128417015076 21.500000000000004 -1.0000000180025095e-35 4005.5000000000005 12 4.5000000000000009 383.50000000000006 0.099400643259286894 35.500000000000007 13 14 9.5000000000000018
decision_type=2 9 9 2 9 9 2 9 2 9 2 9 9 9 9 9 9 10 2 2 2 2 9 2 2 2 2 9 9 2
left_child=2 12 -1 5 -4 -3 16 -8 9 -7 11 -5 21 -12 15 -11 -6 -10 19 -19 -14 -2 -16 24 25 -15 27 -25 -18 -22
right_child=1 3 4 10 6 8 7 -9 17 14 13 -13 20 23 22 -17 28 18 -20 -21 29 -23 -24 26 -26 -27 -28 -29 -30 -31
leaf_value=0.055710431145533139 0.085833763660013579 -0.050627572339456799 -0.080269988898746036 -0.032169577866627934 0.024031412370407793 0.036321613337197405 0.059340285242592508 -0.075335808524447379 -0.054056782800601125 -0.023221279631411611 -0.01953674990447905 0.053557233018709197 0.012963046748726965 0.11792193713477959 0.01804548394996416 0.077842247993909999 0.073172993481907742 -0.081620232221763622 0.24132784234828408 0.17307372301348933 0.057793969936409999 0.051234519807132374 -0.0035756692274435671 0.076485231862724323 0.2041160099053399 0.029479337032048414 -0.082616988031710123 0.016010095838236017 -0.03947226569082149 0.022791713666748124
leaf_weight=247.19910414889455 833.84522500634193 345.98917123302817 1143.1656596846879 82.317058399319649 122.34578561410308 684.71066105365753 78.416897851973772 1177.7343075275421 347.97100017219782 66.997106436640024 310.7470465824008 930.62395155802369 318.37854528427124 54.439279194921255 838.83459074795246 147.91501173004508 15.596446271985769 29.481641065329313 14.44277339056134 7.4371752552688113 1191.3015607595444 503.75895741581917 5230.2492504268885 96.805650517344475 25.685816965997219 781.76576175913215 37.082233890891075 2283.9575386457145 4081.8080704547465 293.91241808980703
leaf_count=3059 3591 6181 30503 697 1840 6880 1211 28996 5689 683 3552 7585 2152 438 10338 1311 122 447 75 98 8238 2439 71193 941 172 6619 407 19943 85770 2146
internal_value=-0.00117973 0.0189273 -0.0464485 0.00937196 -0.050272 -0.000278584 -0.0438746 -0.0670558 0.0021515 0.00463755 0.0255639 0.0468018 0.0561875 0.0195723 0.00112563 0.0467049 -0.0370779 -0.0411784 0.0460719 -0.030313 0.0439327 0.072263 -0.000562546 0.0232664 0.0402701 0.0352372 0.0173013 0.0188576 -0.0388664 0.0508673
internal_weight=22324.9 15458.6 6866.27 12317.5 6619.07 7714.03 5475.9 1256.15 7368.04 6968.71 4603.42 1012.94 3141.2 3590.48 6284 214.912 4219.75 399.333 51.3616 36.9188 1803.59 1337.6 6069.08 3279.74 861.891 836.205 2417.85 2380.76 4097.4 1485.21
internal_count=313316 161815 151501 143249 148442 102895 117939 30207 96714 90405 40354 8282 18566 32072 83525 1994 87732 6309 620 545 12536 6030 81531 28520 7229 7057 21291 20884 85892 10384
cat_boundaries=0 21 42 66 90 112 134 155 175 197 208 229 253 274 295 296
cat_threshold=32768 24 256 1024 0 0 262144 262144 16384 0 0 0 200740 262150 0 0 65536 8650752 339806208 6291490 2156920960 0 570425410 8 0 0 318775296 33554432 16777216 0 0 2097152 268435456 39977216 66592 0 0 536871188 2449473536 524288 0 64 134217728 1 0 0 16384 0 0 0 0 256 0 0 1073741824 436207616 4 0 0 0 0 0 0 3546611744 1068041 395504 3397386240 33554497 1140854784 268 0 8 1073872896 4194304 33554432 4194304 8192 33554432 2056 134217744 0 1048576 0 2147483648 160 0 32 0 0 32 301989888 0 67125248 4196380 0 2223112192 536909316 16384 67108864 4194816 0 129 0 0 0 0 2097184 8192 128 0 32 2048 0 0 411041794 8192 0 0 8388608 0 268500992 0 16384 2147484672 545308737 0 0 142606336 2147484160 33554432 4352 1048592 471860224 2048 131072 0 2 0 0 0 0 0 67108864 0 0 1350565888 16779072 0 0 135266304 1024 536870912 1024 16 2097152 0 0 256 0 0 0 0 0 16384 0 0 0 0 4 0 0 0 8650752 268503040 6291490 524288 8388610 2 1 0 33562624 0 0 335544320 4194304 536870912 142614656 50178 1024 0 0 518 2147483648 524288 0 136905728 2048 0 2147483648 0 4194304 32 0 0 0 0 0 4194304 0 512 0 0 0 1024 0 0 0 0 0 0 0 8192 0 0 2228242 0 525312 16779264 32832 16777344 1048576 8388612 2101249 0 524288 1073741824 1024 671612928 4 0 32912 512 4096 0 0 4194306 1073938560 2 2064 0 8192 0 4259840 16777216 0 0 1 0 262144 268435472 8404992 0 2097152 537001984 1476395008 1050496 0 0 0 1184 1073741952 1048588 64 722945 131072 0 8388608 0 0 0 0 0 0 0 0 0 704 8 0 0 32 0 0 0 32768 385
is_linear=0
shrinkage=0.1


Tree=10
num_leaves=31
num_cat=8
split_feature=10 10 10 14 21 3 2 10 3 17 14 9 10 20 14 3 21 3 10 5 17 14 3 21 19 20 3 16 9 14
split_gain=2207.6 419.314 202.144 112.75 102.825 70.9763 63.1662 58.3634 53.3513 49.5263 48.4649 47.3255 44.4248 43.0159 36.782 35.431 41.1077 35.6873 33.8886 31.667 31.2454 56.5161 29.422 28.9685 28.8162 56.4464 28.3622 28.3138 28.043 27.9747
threshold=0.056925732642412193 0.12337249144911767 0.024061904288828376 17.500000000000004 4170.5000000000009 0 1 0.090109098702669158 2 3.5000000000000004 1.0000000180025095e-35 73.250000000000014 0.46715332567691809 0.0062610846944153318 74.500000000000014 3 4130.5000000000009 4 0.015315920114517214 5 1.0000000180025095e-35 1.0000000180025095e-35 6 230.50000000000003 0.10155275091528894 0.12677486240863803 7 1.5000000000000002 45.149999618530281 1.0000000180025095e-35
decision_type=2 2 2 2 2 9 9 2 9 2 2 10 2 2 2 9 2 9 2 9 2 2 9 2 2 2 9 2 8 2
left_child=2 7 18 11 5 -3 -7 9 -6 15 22 13 20 -4 23 16 28 -18 -1 26 -8 -22 -11 27 -25 -26 -15 -9 -2 -17
right_child=1 4 3 -5 8 6 12 14 -10 10 -12 -13 -14 19 -16 29 17 -19 -20 -21 21 -23 -24 24 25 -27 -28 -29 -30 -31
leaf_value=-0.088515874825077737 -0.013292040390389942 0.017179506486141576 0.19116411305680489 -0.090842487163647914 -0.016217793707829827 0.092192508224047343 0.045224502086490273 0.029925658229742597 0.025639566073984058 -0.035615237447578281 -0.050579385832685952 0.1926059063933864 0.067961575622996137 -0.014805518609091493 -0.09288638728190024 -0.021906390992519034 -0.028403453277835319 0.011876816257574372 -0.064367429406717733 0.081775726409451369 0.053510220722113713 -0.015787472120831859 0.025848858377599933 0.0046218369794783038 0.035152886119658298 0.0011780668618460288 -0.038090582637400408 0.15184698989023709 0.023282412737367683 0.021196302144273316
leaf_weight=954.36575224250555 250.89082503691316 815.66360341757536 8.5878276266157609 355.48163793236017 369.93876560032368 341.82516214251518 2521.8435445874929 57.992701634764671 1620.4212622791529 118.08689795807004 413.24903646484017 9.3748054578900319 754.15875369310379 694.66990758851171 33.298286505043507 887.7713229060173 467.5695285461843 401.88605020195246 1485.9691731110215 15.610205493867396 224.52947867661715 247.32652293145657 188.80353956669569 2622.5177873894572 1139.0703614838421 856.88360179588199 2831.4308016858995 28.363345958292484 1274.959422301501 181.33241013810039
leaf_count=27722 3536 6372 120 9886 3553 1822 17000 641 12198 1743 6557 177 3185 13167 525 12910 7126 5371 39644 94 1463 1867 2682 32357 10605 9366 61582 295 16789 2713
internal_value=-0.00144302 0.0185571 -0.0512219 -0.0371418 0.0370774 0.0448558 0.0502108 0.0042441 0.0179071 -0.00436191 -0.0282235 -0.0317791 0.0461467 -0.0323716 0.0118446 0.000598157 0.00734898 -0.0099749 -0.0738114 -0.0329136 0.0408054 0.0171874 0.00188015 0.0125859 0.0115129 0.0205671 -0.0335581 0.0699703 0.0172686 -0.0144604
internal_weight=22173.9 15818.4 6355.49 3915.16 6895.71 4905.35 4089.68 8922.68 1990.36 4184.55 720.139 3559.67 3747.86 3550.3 4738.13 3464.41 2395.31 869.456 2440.33 3541.71 2993.7 471.856 306.89 4704.83 4618.47 1995.95 3526.1 86.356 1525.85 1069.1
internal_count=313068 160676 152392 85026 47460 31709 25337 113216 15751 59427 10982 75140 23515 74963 53789 48445 32822 12497 67366 74843 20330 3330 4425 53264 52328 19971 74749 936 20325 15623
cat_boundaries=0 24 31 49 70 89 90 107 126
cat_threshold=0 16 134217728 0 0 0 262144 0 268435456 0 0 2751472640 16880128 4194368 0 0 131072 33554432 917504 1050624 2551776257 0 0 16777216 0 2147483648 0 4194304 32 0 1 0 0 32768 0 0 0 0 0 268435456 0 0 33554432 129 0 0 0 0 8388608 16777216 578813954 4 4194305 0 1073750016 0 2048 0 0 0 277086208 2148026626 1536 0 0 572522496 32776 1048588 64 32 16777216 8388608 0 1 0 0 0 0 0 0 0 0 526336 0 0 0 0 0 4 58 50855936 75497474 0 4194305 0 0 8388608 2048 0 4 536870912 0 18688 0 0 0 2097152 1073741824 0 1074003968 264 2048 545292288 1611143113 0 67108864 0 33554432 0 262144 32768 33554432 268435488 0 0 2
is_linear=0
shrinkage=0.1


Tree=11
num_leaves=31
num_cat=11
split_feature=10 10 10 14 3 17 14 3 3 1 9 16 14 3 3 14 20 3 5 21 20 3 10 21 20 6 3 3 11 20
split_gain=1888.61 378.281 196.379 109.974 102.64 76.2984 102.641 71.5555 62.8025 52.7816 48.653 42.8378 48.6169 135.471 62.3264 53.7744 47.4756 45.6758 39.035 38.892 54.7687 48.4026 37.5642 36.1066 34.4105 32.9213 30.8136 30.1287 33.8332 29.8691
threshold=0.056925732642412193 0.15868666768074038 0.025229778140783313 15.500000000000002 0 1.5000000000000002 1.0000000180025095e-35 1 2 3 73.250000000000014 28.500000000000004 1.0000000180025095e-35 4 5 2.5000000000000004 0.071046028286218657 6 7 4150.5000000000009 0.069055881351232543 8 0.015315920114517214 4093.5000000000005 0.0062610846944153318 4.5000000000000009 9 10 -1.0000000180025095e-35 0.14134122431278232
decision_type=2 2 2 2 9 2 2 9 9 9 10 2 2 9 9 2 2 9 9 2 2 9 2 2 2 2 9 9 2 2
left_child=2 5 22 10 -3 8 7 -7 -2 -6 18 12 14 15 -10 -14 -15 -13 -4 20 23 -21 -1 26 -20 -11 -16 28 -23 -27
right_child=1 4 3 -5 9 6 -8 -9 11 25 -12 17 13 16 19 -17 -18 -19 24 21 -22 27 -24 -25 -26 29 -28 -29 -30 -31
leaf_value=-0.087056885716439977 0.023651219615710189 0.022832852198278804 0.10406045817739394 -0.087852720563307715 0.095824703464479452 -0.025383932794577752 -0.035819954616580302 0.039628029695288398 -0.037216514922343007 0.060120906292620103 0.18615064793646352 -0.065849939420938641 0.02980630482464184 0.14261637913157099 -0.020748132582182055 -0.052057041178354968 0.054726998572475975 0.014859906939328699 0.20584420467639195 -0.03458919710454738 0.0060066673317448853 -0.018469065012041319 -0.061210316457067072 0.16597175217600871 -0.030119884542925076 -0.0068453947343708578 0.046009742450756203 -0.0016382853896604471 0.10814615765166408 0.041462382414215938
leaf_weight=875.25304278731346 2226.3998662307858 2665.2997803241014 12.941886454820633 340.36961187049747 240.50393471866846 268.4538885243237 942.7504111751914 428.49730964004993 354.60527176782489 1035.3012322634459 10.562371611595152 163.81198770180345 140.81264892965555 78.11989264190197 80.697108164429665 186.53903612494469 288.20755784958601 117.15682075917721 6.1919708698987952 467.30235510319471 3225.3313107863069 33.018773041665554 1572.623094085604 22.185169853270054 3238.4678233005106 138.61627144366503 409.98859722912312 775.4336498491466 58.486723609268665 1670.1719502881169
leaf_count=27610 22213 19882 71 10235 1207 3437 13374 5247 5245 5277 169 2499 1871 971 1125 3112 3385 1524 54 6625 36852 342 43983 302 70132 979 5382 10311 603 9164
internal_value=-0.00102006 0.0169661 -0.0485889 -0.0337579 0.0375021 0.00546605 -0.0143079 0.0147909 0.00922394 0.0499413 -0.0281241 0.00416293 0.00592207 0.0308505 0.00273575 -0.0163437 0.0715173 -0.0340108 -0.0288189 0.00559109 0.0108334 -0.00905457 -0.0704519 0.0411875 -0.0295784 0.0457392 0.0355457 0.00504998 0.0563052 0.0377603
internal_weight=22074.1 16017.7 6056.41 3608.53 5749.89 10267.8 1639.7 696.951 8628.1 3084.59 3268.16 6401.7 6120.73 693.679 5427.05 327.352 366.327 280.969 3257.6 5072.44 3738.2 1334.24 2447.88 512.871 3244.66 2844.09 490.686 866.939 91.5055 1808.79
internal_count=313183 160929 152254 80661 36509 124420 22058 8684 102362 16627 70426 80149 76126 9339 66787 4983 4356 4023 70257 61542 43661 17881 71593 6809 70186 15420 6507 11256 945 10143
cat_boundaries=0 21 42 63 64 86 110 132 133 146 168 181
cat_threshold=0 272 0 1024 0 0 0 0 0 0 16384 570433536 16814081 8 0 152084480 65568 0 4719872 5242896 1024 50331648 109051906 32768 4194321 0 0 0 16779264 0 0 537133056 2214593536 3164432 0 0 0 2 3221225472 8 0 65568 16777216 0 268468232 2048 0 524288 268697600 16779264 268435456 0 262144 3489660928 3145808 25165824 0 0 2688548864 0 1310720 16777216 201852929 10618880 268566528 67108866 8392704 16 0 0 0 0 536870912 0 0 67109888 545787136 74752 0 0 276 0 128 0 32768 2048 33554432 34604096 4 4194304 0 16910336 8388610 1024 0 0 0 128 8388608 69632 0 131072 128 2415976576 16777352 0 1073741824 8192 0 20971520 33554432 75497474 4098 4202497 0 268435456 41943040 8388608 536870912 4 2101248 75497472 13127042 0 0 0 4 1073741824 0 0 0 2048 128 0 8388608 0 1 0 0 0 0 134217728 0 2101248 0 4210688 268435456 514 2 8208 0 1342177280 16 0 0 0 131072 262144 4195328 10240 0 0 2097172 1073807360 0 64 268435456 2048 0 0 8388608 0 0 0 0 0 0 0 0 0 1024
is_linear=0
shrinkage=0.1


Tree=12
num_leaves=31
num_cat=10
split_feature=10 10 10 14 3 14 3 3 3 17 14 9 7 21 3 16 3 14 0 11 21 14 16 3 6 17 21 3 3 11
split_gain=1631.47 299.505 160.617 88.4122 86.4023 71.7353 88.3518 51.9345 42.0036 43.9131 39.1028 49.4826 36.0546 35.7624 54.6693 45.2332 35.6611 33.7409 32.2303 55.1777 30.8802 29.6379 28.2631 40.9584 27.071 26.922 25.6159 51.2947 26.0986 25.5469
threshold=0.048776902258396156 0.12337249144911767 0.020850681699812416 19.500000000000004 0 4.5000000000000009 1 2 3 1.0000000180025095e-35 1.0000000180025095e-35 45.149999618530281 5.5000000000000009 4073.5000000000005 4 5.5000000000000009 5 1.0000000180025095e-35 6 1.5000000000000002 3934.5000000000005 1.0000000180025095e-35 13.500000000000002 7 2.5000000000000004 5.5000000000000009 4111.5000000000009 8 9 1.0000000180025095e-35
decision_type=2 2 2 2 9 2 9 9 9 2 2 10 2 2 9 2 9 2 9 2 2 2 2 9 2 2 2 9 9 2
left_child=2 5 -1 8 -3 7 24 -2 9 10 -4 -12 26 16 15 17 -6 29 -18 -20 -21 -11 -8 -24 -7 -26 28 -28 -9 -15
right_child=1 4 3 -5 13 6 22 12 -10 21 11 -13 -14 14 -16 -17 18 -19 19 20 -22 -23 23 -25 25 -27 27 -29 -30 -31
leaf_value=-0.074530797946971594 -0.021970497515681042 0.051270095770583647 -0.013168845075753605 -0.087390736589458964 0.010937224247531283 -0.060283204242469836 -0.061743516776962104 -0.011942202832308006 -0.040717882940658368 0.0042284177440932644 0.031860104777258473 0.28776565554676087 0.037672581389263153 0.019508217726349281 -0.012090379757712129 0.079545419191677735 0.061284539702773755 -0.020280391710135924 0.038557496249914489 -0.016161073374047385 0.038462125538639126 -0.070408625808436875 0.055861911465235586 -0.037449787086709513 0.087787410619361281 -0.038182073466234284 -0.01948001248828957 0.0094189378927737114 0.011871096028052301 0.06610761133407321
leaf_weight=1769.7837357353419 657.83670948818326 1445.4848688393831 689.605673763901 322.6612929161638 800.96327587962151 20.020980760455132 360.01507463306189 503.57942715659738 2081.9716536123306 72.361401982605457 104.74343280121684 8.1434807330369932 367.34812128916383 1125.8421327546239 596.14105980098248 131.82536200433969 422.62089191377163 195.48985865712166 1814.5999921932817 336.80105663836002 149.40898961573839 200.95138831064105 50.993075978010893 210.43235133215785 96.195663493126631 20.598850801587105 1047.4630886688828 1456.2391773872077 4739.1556524857879 131.37414173781872
leaf_count=56801 10793 6321 15206 10774 5936 260 6208 6607 50522 1618 2486 180 4560 8445 5459 906 2432 1531 12135 2401 1035 4682 787 3620 923 264 15688 17723 55962 904
internal_value=-0.00138674 0.0139153 -0.0500027 -0.0375303 0.0293847 0.00230816 -0.0272009 0.00485904 -0.0324355 -0.0158808 -0.00423775 0.0503207 0.00705267 0.0237081 0.0136843 0.0233106 0.0299775 0.0183681 0.0354071 0.0304092 0.000624258 -0.050648 -0.0428806 -0.0185443 0.0439418 0.0655704 0.00560973 -0.00271158 0.00958363 0.0243777
internal_weight=21930.7 16680.4 5250.22 3480.44 7150.55 9529.88 758.256 8771.62 3157.78 1075.81 802.493 112.887 8113.79 5705.07 2180.67 1584.53 3524.39 1452.71 2723.43 2300.81 486.21 273.313 621.441 261.425 136.815 116.795 7746.44 2503.7 5242.74 1257.22
internal_count=313169 170900 142269 85468 47505 123395 12062 111333 74694 24172 17872 2666 100540 41184 17245 11786 23939 10880 18003 15571 3436 6300 10615 4407 1447 1187 95980 33411 62569 9349
cat_boundaries=0 21 42 66 88 112 136 137 150 169 193
cat_threshold=0 8 256 0 0 0 0 0 81920 0 0 0 4 4 0 0 0 12845056 268503040 2097184 10485760 34209792 0 0 4194304 0 0 0 0 67108864 0 2097152 1073741824 1048576 69632 0 0 1024 3221233664 0 0 67108864 33554432 0 67108864 6291456 2048 637699073 1049104 8192 201326592 0 33554432 0 2151677952 65536 0 131072 256 3221233672 1048706 0 0 0 0 4194304 1073741824 4 1074003968 260 0 2155872256 134874368 1 34603008 4194304 32768 0 0 32768 33554432 268435459 64 0 0 0 0 134217728 0 0 0 0 0 0 262144 262144 0 0 16384 0 544 0 0 0 0 0 0 0 2147483648 0 0 16777216 0 0 134217736 0 0 0 262144 16777216 0 0 0 2214601728 70144 4194376 0 151035904 66080 33554432 655360 2064 2148073601 0 0 16777216 9 0 0 0 0 0 0 0 0 0 0 0 0 2359312 16777216 8388610 4096 2057 0 16 8388608 16384 524288 0 2101248 32768 802816 0 0 0 0 0 4 268435456 33555520 68 8208 0 17311744 4224 8388608 0 0 131072 1073741824 2 16787584 0 0 4194308 196608 2147483656 0 67108864 8192 0 65536
is_linear=0
shrinkage=0.1


Tree=13
num_leaves=31
num_cat=10
split_feature=10 10 10 14 3 14 3 3 3 21 3 21 20 9 20 21 17 3 3 10 21 20 19 6 3 1 14 20 21 3
split_gain=1340.06 255.782 147.461 90.0114 84.6114 81.1618 92.2809 69.6243 47.3409 59.5027 50.766 41.2655 38.9162 37.4481 34.4448 35.7968 30.3645 48.1621 42.7444 31.3486 49.4262 33.4784 40.6467 32.644 30.1936 40.9965 33.4422 30.1538 69.7968 67.0213
threshold=0.048776902258396156 0.17877264320850375 0.01679024659097195 16.500000000000004 0 2.5000000000000004 1 2 3 4111.5000000000009 4 4254.5000000000009 0.028224492445588115 52.149999618530281 0.024911929853260521 3778.5000000000005 4.5000000000000009 5 6 0.078650549054145827 1.0000000180025095e-35 0.069055881351232543 0.071442808955907836 7.5000000000000009 7 8 6.5000000000000009 0.14134122431278232 3950.5000000000005 9
decision_type=2 2 2 2 9 2 9 9 9 2 9 2 2 10 2 2 2 9 9 2 2 2 2 2 9 9 2 2 2 9
left_child=2 5 -1 4 14 7 12 -2 -9 16 -11 24 -7 -14 15 -4 18 -18 -10 -20 -21 22 -22 -24 26 -26 -3 28 29 -27
right_child=1 11 3 -5 -6 6 -8 8 9 10 -12 -13 13 -15 -16 -17 17 -19 19 20 21 -23 23 -25 25 27 -28 -29 -30 -31
leaf_value=-0.080787018812228287 -0.038649158654895772 0.015647565257736397 -0.046154697284471129 -0.085044482165022722 -0.045406534022790573 0.18162453369601084 -0.032285097587098133 0.02218801105741525 0.024601781415212257 -0.035642647942908855 0.00020969307087894299 0.015292944957634516 0.01051695222614747 0.13161553579586524 -0.018807896334629821 0.069890490377302522 -0.029574554448557618 0.026882423654754524 -0.017669277165558633 0.22254950935130907 0.029361895282461328 0.0060677774531144712 0.069547090420222737 0.2908019087848086 0.089409309726874886 -0.037512901710678989 0.14341669191337728 0.046406167291130895 0.12299604925213344 0.057394535694300287
leaf_weight=1004.8949934411794 298.55765878781676 601.25800264626741 37.724534153938293 368.20776547119021 2201.4001121018082 16.818536195904016 994.03721124306321 2343.6852975450456 2254.026255544275 467.49399093911052 2293.2277618870139 833.24260625988245 221.43141703307629 28.864683244377375 1299.5786269418895 89.998772107064724 403.22543657943606 229.47042857483029 453.47109934315085 10.959999576210974 285.83617643639445 2601.3448903039098 17.17382645606995 10.901060581207274 201.97695921361446 197.06441039592028 21.207902058959007 1851.5055443793535 50.834397345781326 106.20738404989243
leaf_count=35933 4829 3454 927 13194 59641 118 15042 19051 24146 6266 30854 5292 2834 226 30025 2182 5251 2838 7151 107 3232 27878 198 114 919 1238 112 9036 255 567
internal_value=-0.00110885 0.0124232 -0.0465436 -0.0379342 -0.0331539 0.00567748 -0.018422 0.008282 0.00953985 0.00623512 -0.0059898 0.0350015 0.033136 0.0244823 -0.0138408 0.0356152 0.0116309 -0.0091409 0.0139637 0.00677589 0.0105873 0.0097904 0.0406393 0.155457 0.0404212 0.0455117 0.0196845 0.0411064 0.0145564 -0.00362024
internal_weight=21795.6 16793.8 5001.8 3996.91 3628.7 12930.5 1261.15 11669.4 11370.8 9027.13 2760.72 3863.3 267.115 250.296 1427.3 127.723 6266.41 632.696 5633.71 3379.69 2926.22 2915.26 313.911 28.0749 3030.05 2407.59 622.466 2205.61 354.106 303.272
internal_count=312910 171008 141902 105969 92775 150135 18220 131915 127086 108035 37120 20873 3178 3060 33134 3109 70915 8089 62826 38680 31529 31422 3544 312 15581 12015 3566 11096 2060 1805
cat_boundaries=0 22 43 67 89 103 124 143 164 165 179
cat_threshold=1073741824 4 1073750016 262 0 134217728 671753293 67109377 34603008 0 8192 0 0 32784 33554432 35 0 0 0 0 0 134217728 34078720 109051904 0 4194304 0 131072 9437184 16777216 0 0 2097152 301998080 16384 65568 0 0 0 3221258240 0 0 134217760 33554560 33554944 67108868 6291456 0 587368449 1048704 16785408 0 0 33554432 262144 0 10304 0 0 256 2147483648 6 0 64 0 0 4259840 0 16 276824072 9216 0 0 262144 8388608 268435456 0 16384 33555456 570491008 4198400 0 0 131584 40960 393216 17827840 268962816 2048 0 8388608 32768 2049 0 0 8388608 0 0 0 4096 0 4210688 65536 17301504 75497474 32768 2049 0 532480 0 2048 0 0 538968064 3498057728 2885970 8388608 0 0 33554432 1073741824 0 64 32 16777216 75497472 32770 2049 0 262144 268435456 0 201326592 0 4096 3221225472 8144912 0 0 8388608 570425344 0 1048576 32768 256 0 0 0 0 0 0 0 0 0 536870912 16781316 10 0 152084480 32 0 71828736 4194320 2148532224 109053952 0 0 256 0 0 0 0 0 16384 0 0 0 131104 262148
is_linear=0
shrinkage=0.1


Tree=14
num_leaves=31
num_cat=15
split_feature=19 3 3 3 3 11 3 19 3 3 3 9 3 14 3 9 19 3 3 17 14 3 21 16 3 9 21 16 3 14
split_gain=797.972 186.614 137.687 114.58 95.2895 81.1591 113.356 72.9403 72.9161 70.5449 43.5273 38.2354 36.2237 36.8776 46.1384 40.4996 35.7251 34.8408 34.397 31.7168 91.4401 53.1452 30.9368 29.6622 34.7097 47.9821 28.791 28.7224 27.6412 30.1871
threshold=0.058362176641821868 0 1 2 3 5.5000000000000009 4 0.11226058006286622 5 6 7 47.95000076293946 8 3.5000000000000004 9 52.149999618530281 0.02738443668931723 10 11 1.0000000180025095e-35 1.0000000180025095e-35 12 4073.5000000000005 7.5000000000000009 13 33.45000076293946 1.0000000180025095e-35 106.50000000000001 14 31.500000000000004
decision_type=2 9 9 9 9 2 9 2 9 9 9 10 9 2 9 10 2 9 9 2 2 9 2 2 9 10 2 2 9 2
left_child=2 27 -1 -4 -3 9 11 8 22 -5 16 -7 -10 26 15 -15 -8 -11 -9 28 21 -21 -6 -16 25 -25 -14 -2 29 -20
right_child=1 4 3 5 7 6 10 18 12 17 -12 -13 13 14 23 -17 -18 -19 19 20 -22 -23 -24 24 -26 -27 -28 -29 -30 -31
leaf_value=-0.071954994492188271 0.040275095977242568 -0.055877062075927533 0.047302190390365005 0.017598116083540335 0.047651463209986415 0.03687001257012662 0.20965978411117359 -0.018099235642884424 -0.046388587589741501 -0.047666853471037489 -0.06164096935171326 0.24367640602846224 0.11404603837193879 0.0063493226877796285 -0.069722558735306001 0.17375577317262797 -0.010343583267838585 -0.02045975403596513 0.034577469146080723 -0.025018430152667998 -0.026604175751894332 0.054999596607040416 -0.010280980299022692 0.018155391820658017 -0.032765527341563801 0.30599306619363392 0.0011171928628776263 -0.073895800293356878 0.015876418460715934 -0.083857505923054229
leaf_weight=740.38798926584423 2092.6177365556359 227.03533137775958 198.5130526907742 421.1784652210772 449.29933713376522 88.28932648152113 7.9216470941901198 281.08855906501412 168.89188762754202 596.19211564585567 1241.6793804690242 9.9472485948353988 22.665682099759579 100.46669131703675 203.13698660768569 16.879191823303699 108.14580145291984 2511.0098594706506 1379.9121971726418 108.00473299995065 540.05085117742419 317.35608644410968 115.97201746702194 21.407093271613125 168.69175736792386 7.9392762929201117 5707.0114633031189 22.269341431558132 3806.5453959926963 21.861939251422882
leaf_count=28338 10890 5349 2738 5886 4078 1720 172 2762 3069 15940 37087 173 244 1309 3870 79 2425 57860 9327 908 5059 2369 1470 319 3139 103 75086 122 30846 286
internal_value=-0.000434101 0.0113143 -0.031731 -0.0257963 0.00701285 -0.0287964 -0.0487185 0.0081162 0.00103837 -0.0206572 -0.0560137 0.0524697 -0.00201758 -0.000746002 -0.0262851 0.0280398 0.00430116 -0.0258163 0.0157851 0.0173291 0.000709078 0.0353868 0.0351442 -0.0418317 -0.015335 0.0716208 0.00156392 0.038889 0.020443 0.0324985
internal_weight=21702.4 15779.1 5923.26 5182.88 13664.2 4984.36 1455.98 13437.2 6982.36 3528.38 1357.75 98.2366 6417.09 6248.2 518.521 117.346 116.067 3107.2 6454.82 6173.73 965.412 425.361 565.271 401.175 198.038 29.3464 5729.68 2114.89 5208.32 1401.77
internal_count=313023 160684 152339 124001 149672 121263 41577 144323 92766 79686 39684 1893 87218 84149 8819 1388 2597 73800 51557 48795 8336 3277 5548 7431 3561 422 75330 11012 40459 9613
cat_boundaries=0 22 46 67 90 114 135 159 180 204 225 249 271 292 305 324
cat_threshold=0 1048576 16777480 0 0 0 277086208 0 81920 0 0 33554432 33689604 4 0 0 0 549715968 340068352 6291490 134217856 2048 134217728 0 0 0 16384 4096 0 0 0 16640 0 0 1073741824 436207616 4 0 0 0 0 0 0 1399259168 52233 265992 0 570425346 0 8200 0 33554432 0 0 0 0 393216 2357198848 1083904 262144 0 16777216 2294308 2181046272 0 0 1184 134217728 2013265921 0 8192 16 33587208 536870912 512 0 65553 139264 1 8 134217744 0 0 2097152 2147483648 33 0 0 0 71368864 1107427328 0 0 4194304 0 25329664 536871425 1048576 0 4194304 524288 129 1088 36864 0 0 0 0 524456 0 131072 0 128 20971520 32768 8388608 134217728 1024 0 8193 33619968 17047552 268435456 0 16384 9216 83073 16777216 0 142606336 1024 0 528640 0 2294784 268435456 0 8650752 0 0 1342439424 4096 545259776 268959744 4 539000832 0 17432578 1056 0 0 2147484688 0 0 64 67108864 134219776 2 32768 2147483648 0 1342193664 2064 0 2684362753 1074795522 26624 67108864 0 0 0 537133056 65536 0 8192 266 32768 6 0 1074266112 578945024 33554432 0 2164744 536870912 0 33024 4194304 33554432 0 557312 32 0 4096 0 17833986 32 0 2 2048 32832 128 536870912 32 17301504 0 1073741824 4194560 0 0 4194304 0 67108864 0 2097152 8388736 3145760 65536 0 0 0 1073774592 0 0 67108864 570425344 14680065 2176 0 32768 131074 9437184 4194304 0 3304095872 0 0 0 0 0 0 0 0 48 0 134217728 2147483648 2148016256 32 524288 0 134217728 0 0 393217 0 16793600 268435456 0 536870912 411042816 4210946 66624 0 150994944 2147484804 0 0 16 2688000 134217728 0 8388608 32768 0 0 0 0 0 67108864 0 0 67108864 1115201 32 0 1081344 32 0 1024 0 1048576 0 0 32768 0 0 0 0 0 0 0 0 134217728 16 0 8 8388608 2048 0 0 0 262144 67108864 0 0 67108864 1048625 0 0 1056768 0 0 1024
is_linear=0
shrinkage=0.1


Tree=15
num_leaves=31
num_cat=15
split_feature=20 3 3 3 3 11 3 19 3 14 16 3 21 3 5 5 3 3 20 6 21 3 20 11 3 3 14 16 9 9
split_gain=691.098 166.493 118.376 93.8202 79.3395 70.71 87.856 60.2983 58.1554 39.8384 57.4662 81.2884 67.0421 43.54 39.7993 39.1608 38.6824 37.3049 33.1757 26.4487 26.3813 25.8232 24.9919 24.0711 72.5665 43.6253 32.6942 32.3752 21.584 21.0909
threshold=0.043637540191411979 0 1 2 3 23.500000000000004 4 0.11226058006286622 5 4.5000000000000009 11.500000000000002 6 3675.5000000000005 7 8 9 10 11 0.052357552573084838 7.5000000000000009 4206.5000000000009 12 0.01465957146137953 -1.0000000180025095e-35 13 14 37.500000000000007 92.500000000000014 53.149999618530281 48.95000076293946
decision_type=2 9 9 9 9 2 9 2 9 2 2 9 2 9 9 9 9 9 2 2 2 9 2 2 9 9 2 2 10 8
left_child=2 14 -1 -3 -4 21 29 8 -5 13 -11 12 -12 -10 20 16 -15 -9 -17 -14 28 22 -6 24 -19 26 27 -25 -2 -7
right_child=1 3 4 7 5 6 -8 17 9 10 11 -13 19 15 -16 18 -18 23 -20 -21 -22 -23 -24 25 -26 -27 -28 -29 -30 -31
leaf_value=0.05841349335098274 0.042992615536874307 -0.058534209387498017 -0.081348296884855037 0.04503394763668267 0.18093827776310431 -0.056957606523127771 -0.072716427766375824 -0.023749351952821497 -0.038160178031505475 -0.053780065882121059 0.36828822401467615 -0.028683154490737557 0.1203800127071416 -0.030795681225804478 -0.063240497192896469 0.24875579004875503 0.0028015464616178245 -0.020390957842746846 0.05467726364644946 -0.0018013093599698875 0.014056549895062621 -0.030120467529663398 0.0055935650189416651 0.026029886618120002 0.037825443463041307 0.0049404312647634042 -0.080098572658584874 0.1242547732807618 -0.01604042449971781 0.11168993405784443
leaf_weight=119.32522158697248 1712.8741156719625 223.07977351360023 417.61013828590512 267.14617484807968 8.7823122180998308 9.30000809766352 645.652752391994 259.85212441533804 272.28180316649377 335.93186346068978 8.1976666860282403 182.32126882113516 40.131797019392252 350.1903620287776 34.261141464114189 11.07059492357075 7055.1070920657367 263.97274335473776 43.09052387997508 31.721331860870123 462.93522410839796 2834.5968528240919 109.1990078818053 1303.1085873320699 1060.7227056734264 3374.107902340591 28.277080368250608 34.442819394171238 64.259431138634682 36.593086272478104
leaf_count=1818 8301 5331 17889 2103 256 173 24186 2701 4516 6972 91 3556 514 6485 258 143 93502 1868 577 498 2849 79757 2459 10077 7818 27021 434 237 334 585
internal_value=-0.000521621 0.00824176 -0.0370315 0.00443726 -0.0398811 -0.0349195 -0.0637982 0.00541726 -3.13894e-05 -0.00152887 -0.0263909 0.00867718 0.0865404 0.000393047 0.0334095 0.00184898 0.00117337 0.0128325 0.0796424 0.0664401 0.0351622 -0.0282738 0.017189 0.0144153 0.0263562 0.0111085 0.0261184 0.0285592 0.040858 0.063646
internal_weight=21600.1 17419.1 4181.06 15144.8 4061.73 3644.12 691.546 14921.7 8597.19 8330.04 598.304 262.372 80.0508 7731.74 2274.33 7459.46 7405.3 6324.48 54.1611 71.8531 2240.07 2952.58 117.981 6064.63 1324.7 4739.94 1365.83 1337.55 1777.13 45.8931
internal_count=313309 186186 127123 174444 125305 107416 24944 169113 118957 116854 11631 4659 1103 105223 11742 100707 99987 50156 720 1012 11484 82472 2715 47455 9686 37769 10748 10314 8635 758
cat_boundaries=0 21 45 69 93 115 136 155 178 179 180 204 226 249 269 289
cat_threshold=0 280 16777472 1024 0 0 0 0 268517376 0 262144 33562752 33685504 4 0 32768 0 12845056 285280256 2097184 2159050880 1073872896 33554432 262156 2097152 0 1124073472 128 512 0 4194308 0 0 40108034 70688 0 0 2228228 2147524608 2 0 0 0 0 4194304 1251999744 268435457 0 0 536870912 1073741824 538968640 4194817 0 4194308 532480 1 8 134217728 0 0 0 2147487744 2 0 64 0 65664 4194336 0 0 0 0 16384 0 0 0 0 67109120 0 0 1073741824 436207616 4 0 0 0 0 0 0 291962912 268583944 264208 2181038080 8388672 67125248 256 0 2222989312 537957376 18432 0 66048 0 1 2048 32768 0 0 0 0 524288 0 0 8192 0 1048576 268435520 0 0 131072 0 262144 0 0 16384 2147516416 536940548 1024 0 134217728 512 1107296256 4096 16777216 201851904 557056 4 0 4194304 0 0 0 0 0 0 2097152 134217728 3408944 65536 0 0 0 0 524288 131072 33554944 1141112832 4261888 16 65540 138690560 0 0 263170 0 0 1082130432 2048 0 2 2097408 32768 524320 2048 0 536870912 6291456 8 24 0 2097156 8200 2097152 0 134217744 525312 0 134217728 17 33554432 0 2097152 0 0 68157440 0 8192 2147614721 0 0 3145760 8929377 197120 524288 0 134217728 8192 0 33554433 0 16777216 0 0 536870912 142607360 4280640 66624 0 0 2147484804 1073741824 8 0 134807552 134217728 0 1048576 8400896 2064 0 270532612 671617030 536871937 1048576 0 33587200 0 2056 32768 0 276955136 0 0 0 64 0 134225920 65568 131072 0 0 0 0 0 0 0 0 0 0 3556769792 16778804 32 0 152043520 0 536870912 67108864 2 16908288 0 8388616 4194304 0 0 262144 0 67108864 0 0 1610612736 20448820 266282 0 1048576 0 536870912 71566336 4194306
is_linear=0
shrinkage=0.1


Tree=16
num_leaves=31
num_cat=11
split_feature=10 10 10 0 9 20 3 16 6 17 3 19 3 7 3 5 3 16 9 16 3 6 3 10 2 16 19 20 20 3
split_gain=823.418 140.525 118.457 45.5204 42.8801 41.5755 40.5635 42.9138 38.1779 35.8518 54.5715 32.7089 32.1849 32.3645 48.0414 31.336 30.6889 28.8296 27.4479 34.11 24.3439 23.7238 94.5954 23.5897 26.3092 22.197 37.5792 20.587 20.3994 20.2982
threshold=0.048776902258396156 0.020850681699812416 0.12337249144911767 0 73.250000000000014 0.0062610846944153318 1 1.0000000180025095e-35 4.5000000000000009 10.500000000000002 2 0.14735445380210879 3 4.5000000000000009 4 5 6 11.500000000000002 68.049999237060561 1.0000000180025095e-35 7 9.5000000000000018 8 0.012729403097182514 9 14.500000000000002 0.055928330868482597 0.05659099109470845 0.2220885828137398 10
decision_type=2 2 2 9 10 2 9 2 2 2 9 2 9 2 9 9 9 2 10 2 9 2 9 2 9 2 2 2 2 9
left_child=1 17 5 6 8 -2 7 -4 20 12 -11 16 -7 21 25 -3 -10 23 29 -20 -5 -14 27 24 -1 -15 -27 -23 -8 -17
right_child=2 15 3 4 -6 9 28 -9 11 10 -12 -13 13 14 -16 18 -18 -19 19 -21 -22 22 -24 -25 -26 26 -28 -29 -30 -31
leaf_value=0.052274390159905315 0.21812855931281311 0.082303567373142622 -0.020799378529537074 0.036745220938469436 0.1375281825551595 -0.027524183759744771 0.076249853607976981 0.051572304633392962 -0.0259052376813537 -0.032600070770349293 0.01193512896724689 0.013933184589808753 0.0062296063222018611 0.036581688617517198 -0.011981595853188233 -0.012645115415212925 0.014065137563387243 -0.091666721989259153 -0.018693939491767477 0.25239788675955394 0.015387401823771719 0.1165308385450413 -0.022748893295350025 -0.047475128892595059 -0.083344312977373269 0.31958825492245579 0.059683539989606377 0.025810710842742602 0.038094893645166696 -0.032830780688125984
leaf_weight=12.147656397894023 8.8967831805348379 17.37080380320549 182.99090901762247 1084.9990096241236 28.866382949054241 300.66971119493246 285.75869531929493 148.3608937188983 436.35160513967276 676.25131529942155 455.41977414861321 3553.7652793079615 5738.9432155415416 517.4204262085259 251.20609362795949 685.5361907966435 330.16178702563047 313.93431865982711 11.432297945022585 7.8136849272996178 1148.964604049921 26.537967335432768 1151.873989854008 755.05113944411278 322.96830134093761 7.474979933351281 21.750883746892214 435.63772551715374 274.94830125570297 2357.21544819884
leaf_count=562 73 99 1130 5627 198 4869 1581 933 3805 10406 5925 22237 71316 6072 3260 17279 2702 13371 228 176 8204 358 15123 28408 14569 119 289 5627 1255 67743
internal_value=-0.000608739 -0.0387464 0.0094098 0.018847 0.0158918 0.00205533 0.0400289 0.0112647 0.0153803 0.00185473 -0.0148603 0.00989215 0.0040929 0.00528648 0.0244225 -0.0267917 -0.00884319 -0.0649645 -0.0275893 0.0913667 0.0259939 0.00321728 -0.00749341 -0.0572751 -0.0793554 0.0406276 0.126158 0.0303629 0.056532 -0.0284324
internal_weight=21550.7 4483.47 17067.3 7475.17 6583.11 9592.08 892.059 331.352 6554.24 9583.19 1131.67 4320.28 8451.51 8150.85 797.852 3079.37 766.513 1404.1 3062 19.246 2233.96 7352.99 1614.05 1090.17 335.116 546.646 29.2259 462.176 560.707 3042.75
internal_count=313544 142435 171109 47672 42773 123437 4899 2063 42575 123364 16331 28744 107033 102164 9740 85525 6507 56910 85426 404 13831 92424 21108 43539 15131 6480 408 5985 2836 85022
cat_boundaries=0 1 22 43 65 87 88 106 127 149 161 184
cat_threshold=9 0 272 134217736 0 0 0 0 0 0 0 0 9216 16777216 4194370 0 17825792 131584 0 917760 2066 404291585 302514176 109051906 67108864 4194312 0 524288 8388608 8192 0 0 536870912 411041792 8145170 0 0 0 0 2147483648 0 0 67108896 0 1048640 67108864 0 0 67273745 1118850 16640 0 0 1024 128 8388608 0 0 0 6 155648 134 0 0 8192 302514176 8388610 268435456 4204552 0 524288 0 0 0 4 538968064 402653184 8129874 0 0 0 16 0 0 0 0 2048 385 0 0 33024 0 0 0 0 0 0 0 0 2785017856 32929 0 0 0 0 8388608 0 0 256 0 0 0 0 0 16384 0 0 2717908992 36901 0 0 134217728 0 8388608 0 0 2147483648 285343744 637534210 8388608 8208 0 0 0 0 0 4 537133056 402653184 2621456 8388608 0 8388608 2149581824 32896 16777216 16777216 67141632 2048 16777216 2147483648 128 67108864 32 4195456 536870912 0 0 0 8392704 2 1073741824 268435456 1074012160 260 0 144703488 671614021 0 33554432 541065216 0 1 8 0 0 335544352 0 0 1 0 0 128 4456448
is_linear=0
shrinkage=0.1


Tree=17
num_leaves=31
num_cat=13
split_feature=10 10 10 14 3 14 3 16 3 5 21 3 17 3 21 3 3 9 11 3 3 21 9 9 11 3 21 3 14 1
split_gain=690.117 132.909 103.398 86.1725 79.8533 52.0414 69.705 58.8038 50.5252 50.0107 52.4746 44.5201 40.5776 28.5454 30.2903 45.7964 38.7746 37.9641 27.8126 68.4706 34.7994 32.1763 28.0237 26.3207 26.0659 28.0387 24.343 25.7981 53.8831 35.5966
threshold=0.051300967112183578 0.01679024659097195 0.17877264320850375 16.500000000000004 0 2.5000000000000004 1 5.5000000000000009 2 3 3800.5000000000005 4 1.0000000180025095e-35 5 4005.5000000000005 6 7 46.049999237060554 -1.0000000180025095e-35 8 9 3871.5000000000005 61.750000000000007 45.149999618530281 -1.0000000180025095e-35 10 4227.5000000000009 11 5.5000000000000009 12
decision_type=2 2 2 2 9 2 9 2 9 9 2 9 2 9 2 9 9 10 2 9 9 2 10 10 2 9 2 9 2 9
left_child=1 -1 5 4 9 11 12 -8 23 10 -3 -2 -7 24 16 17 -15 -16 19 -18 -20 22 -22 -9 25 -13 27 28 -4 -29
right_child=2 3 26 -5 -6 6 7 8 -10 -11 -12 13 -14 14 15 -17 18 -19 20 -21 21 -23 -24 -25 -26 -27 -28 29 -30 -31
leaf_value=-0.073133148554416424 -0.023349604289472966 0.31457665758843378 0.0046924209325548451 -0.078578703030856137 -0.036318052566298296 0.079959278276944046 -0.053276666082997109 0.018807285766784511 -0.030462410037571531 -0.0080890229178726871 0.018552304806351724 0.051913070020605384 -0.021110858563822825 -0.015724252286905965 0.004743687871098543 -0.013614939792812262 0.042791357517023745 0.059408106009542105 -0.0033034318731218026 -0.0030818143839763633 0.0088825297910973718 0.039013259537199564 0.10640914937456841 0.12249118787967633 0.033012116360199843 -0.02221774671341991 0.0081003244685674981 0.072290723889908787 0.16042686063169662 0.027665383453048694
leaf_weight=781.68047232925892 484.97290311008692 11.664012394845487 693.89702717214823 306.4407062754035 1962.1364794112742 110.56500778347254 448.38075879588723 209.9140636511147 311.66900899633765 1432.5268969498575 12.305872712284325 57.968881163746119 61.996415961533785 508.81855531409383 2652.8012876287103 1654.5364039801061 840.20486180111766 133.43711284548044 1493.5670050904155 532.98663606122136 1925.3872196152806 490.79418625310063 29.921025600284338 27.716252736747265 747.13251583650708 195.55424175411463 916.32510901987553 196.61823298037052 22.951753422617912 2180.202463015914
leaf_count=36037 7490 123 3639 13601 60358 1024 7270 2380 5485 35694 256 613 778 6257 27846 22314 7302 1494 16050 5573 19950 4908 307 259 7399 1819 5545 854 110 10768
internal_value=-0.000869133 -0.0356447 0.00838901 -0.027778 -0.0232243 0.00403472 -0.0160755 -0.0261434 -0.00447097 -0.00529909 0.114735 0.00603792 0.0412568 0.00731754 0.00573042 -0.000484432 0.010481 0.00733532 0.0129958 0.0252755 0.00874864 0.0160554 0.0103749 0.0296527 0.0233769 -0.00409619 0.0224165 0.0266569 0.0095455 0.0316443
internal_weight=21435.1 4506.75 16928.3 3725.07 3418.63 12918.3 1170.24 997.68 549.299 1456.5 23.9699 11748.1 172.561 11263.1 10262.5 4440.77 5821.68 2786.24 5312.86 1373.19 3939.67 2446.1 1955.31 237.63 1000.66 253.523 4009.99 3093.67 716.849 2376.82
internal_count=313503 146069 167434 110032 96431 146518 17196 15394 8124 36073 379 129322 1802 121832 112001 51654 60347 29340 54090 12875 41215 25165 20257 2639 9831 2432 20916 15371 3749 11622
cat_boundaries=0 23 47 61 62 86 108 132 156 174 195 217 238 239
cat_threshold=1073741824 4 1074003968 256 0 65552 1179972 0 33816576 0 532480 1 262144 32784 33554432 32 0 0 0 0 0 134217856 262144 33554432 33554432 0 4194304 0 131072 8388608 16793600 0 0 2097152 1073750016 16384 65536 0 0 1024 3221274624 0 0 201490464 0 0 16777216 524288 8388608 32768 0 0 0 0 0 0 0 16384 2315255808 3147856 32 386 33554432 570425344 67108868 6291472 2048 1610745856 66178 8388608 524288 0 33685504 268435456 0 65600 0 0 4195584 3221225472 2 0 32 0 0 4194304 131072 1040 142610440 1024 0 262144 1107558400 2304 536870912 0 0 0 41975872 12582912 0 0 66048 32768 393216 17825792 133120 2048 268959744 0 66 8192 0 0 0 16777216 0 0 278528 1216348288 2153252626 32 0 0 0 0 8 0 0 0 0 16777216 268959744 512 0 8192 0 319291393 4112 0 0 0 263168 1074012160 4196096 2176 0 0 2228224 24576 2147483776 0 134742016 0 0 16842752 0 75497536 32770 2056 0 8192 0 0 335544320 4 2097152 33554560 2176 32 0 0 2147483648 33554432 0 75497536 268435522 8 0 8192 268435456 0 268435456 0 2097152 33936 2147483776 16789536 0 0 2147483666 33685504 8 0 335545408 0 0 0 0 0 0 33554432 0 536870912 0 0 0 41975808 0 0 0 65536 0 262144 17825792 131072 2048 0 264 16777216 0 0 0 0 0 0 0 0 536870912 16912388 262146 0 17833984 32 0 67634432 4194322 2148532224 109053952
is_linear=0
shrinkage=0.1


Tree=18
num_leaves=31
num_cat=15
split_feature=19 3 3 3 3 14 19 3 3 21 3 3 3 3 14 9 9 17 14 3 3 14 3 19 16 17 3 5 21 19
split_gain=380.276 133.857 103.28 85.6059 65.66 61.6063 50.2012 44.6948 44.3867 46.7432 34.6003 32.7062 31.9615 30.928 25.044 31.5733 44.9259 23.6186 36.5814 31.3553 26.2073 27.5578 90.5429 61.233 112.645 60.5393 30.7545 27.4239 27.436 26.5245
threshold=0.053855527192354209 0 1 2 3 14.500000000000002 0.12758449465036395 4 5 230.50000000000003 6 7 8 9 11.500000000000002 47.95000076293946 53.149999618530281 44.500000000000007 1.0000000180025095e-35 10 11 1.0000000180025095e-35 12 0.02738443668931723 11.500000000000002 1.0000000180025095e-35 13 14 3800.5000000000005 0.02041073422878981
decision_type=2 9 9 9 9 2 2 9 9 2 9 9 9 9 2 10 10 2 2 9 9 2 9 2 2 2 9 9 2 2
left_child=1 -1 -2 -3 -4 7 8 -5 9 -6 -9 -7 -8 -10 -15 -16 -17 19 -19 -12 27 26 23 24 25 -23 -22 28 -21 -29
right_child=2 3 4 5 6 11 12 10 13 -11 17 -13 -14 14 15 16 -18 18 -20 20 21 22 -24 -25 -26 -27 -28 29 -30 -31
leaf_value=0.033348371874661609 0.028582177050420765 -0.072760927276239132 -0.054518117752027334 -0.056148109669157155 0.13173110815548089 0.026881258387722852 -0.017454702517033325 -0.051695072277294599 -0.032448735858385418 0.019325450603800046 0.014009861211996297 -0.077138084844854363 0.012691694045174274 -0.00042398610831844043 -0.046407833590966591 0.11030606356488604 -0.088260387519704678 0.0016436936637961716 -0.070651677223676587 0.26039198507108657 0.003391622936726606 0.61224884752712272 -0.026533543832337182 0.041023032830841868 0.010056155224149876 0.16178578911738264 -0.037221026225306875 0.10524032250959102 0.016090333010234097 -0.0078176799782125519
leaf_weight=344.70044923014939 1771.4753281399608 436.00422122329473 185.30864558555186 350.38333239406347 40.40358417481184 33.809846062213182 367.82708244770765 284.06786840222776 327.45469032041728 438.51250228658319 377.67200420983136 291.20809671841562 5671.4936023689806 7511.9870244693011 231.28090026788414 32.690774004906416 17.490479977801442 114.86996996216476 179.14241685345769 10.015546903014185 230.72899865731597 7.6526564788073319 303.25560907647014 64.282835956662893 12.223408497869967 4.8897656556218863 1089.3072441704571 21.474832383915782 8.496752727776764 615.88662089221179
leaf_count=5018 8504 20415 5183 13150 266 822 3273 10975 4415 4444 8466 13483 41333 97964 4771 232 400 2807 5161 78 7427 181 9463 1592 397 135 28953 568 167 13465
internal_value=-0.00132697 -0.0261794 0.00583122 -0.0308114 0.00309118 -0.0260681 0.00385714 -0.022442 -0.00104759 0.0282193 -0.0186639 -0.0678638 0.0108477 -0.00280485 -0.00151932 -0.0308069 0.0410965 -0.0154179 -0.042406 -0.0125843 -0.0168136 -0.0233265 -0.000192094 0.0831553 0.226092 0.436632 -0.0303786 0.000285185 0.0962631 -0.00394646
internal_weight=21376 4780.07 16595.9 4435.37 14824.4 3999.37 14639.1 3674.35 8599.82 478.916 3323.97 325.018 6039.32 8120.9 7793.45 281.462 50.1813 3039.9 294.012 2745.89 2368.21 1712.34 392.304 89.0487 24.7658 12.5424 1320.04 655.874 18.5123 637.361
internal_count=313508 142723 170785 137705 162281 117290 157098 102985 112492 4710 89835 14305 44606 107782 103367 5403 632 78860 7968 70892 62426 48148 11768 2305 713 316 36380 14278 245 14033
cat_boundaries=0 21 42 66 90 114 135 159 178 199 223 245 265 289 308 309
cat_threshold=268566528 536870978 0 2107392 0 33554432 536875008 8388608 524288 0 2392064 8388736 1607936 0 0 16777216 2098208 2147483648 0 0 2621504 0 1048592 16777472 0 0 0 8519684 0 268451840 0 0 128 578945024 4102 0 8192 2147483648 12845056 67592 6291490 2097280 0 0 0 2 536887296 0 8388608 0 0 2147491968 0 268435456 1077936128 436207616 4 0 0 0 0 0 0 325255200 1073761288 273440 0 1 0 0 2064 1107329024 2097152 4195328 0 4467712 532736 1 8 134250512 0 0 128 2147483648 32 0 0 0 4260016 32768 33554432 0 131072 0 32768 0 0 268435456 0 134271040 36 32 0 0 0 0 0 0 32 0 0 1150025728 880975873 21200 0 0 402653184 1024 0 268836865 65554 262144 67174400 0 16384 2684395520 4228 0 0 142606336 541065216 33554432 4198400 0 1207961600 553650176 23068672 2048 0 0 4096 65536 0 0 1083244808 17 0 0 0 0 0 0 1073741824 0 0 0 4096 18350916 131343 33554432 0 67108864 4194304 0 0 2097152 0 0 4194560 0 0 262144 0 0 0 0 8192 32 16777216 8388608 2 0 0 8192 0 0 0 0 536870912 276832256 20740 4260896 0 134217728 1024 1073741824 4198400 16 591936 2954887168 167772160 17408 2162688 0 1048576 4457984 1 0 268500993 33849344 100663296 0 0 0 17825792 0 0 67108864 0 32 128 67112960 32 0 0 8196 8 0 16842752 648 0 33554432 0 140288 0 17039944 98304 0 0 2181038352 0 6 16777216 67141665 10240 8388608 100663300 8388608 4113 16 536870912 134217792 2305 536870912 0 536870912 1207959553 2098178 271360 0 268435456 6 0 524416 16 3221749760 1350565888 1073741824 4194304 0 131072 4 536870912 0 4194816 0 0 16384 0 0 0 0 0 0 0 0 135266304 2187329698 32768 134217728 134217728 263168 0 2048 1074298888 4194320 8704 268435456 2 65792 0 131072 0 0 0 0 8 17 386
is_linear=0
shrinkage=0.1


Tree=19
num_leaves=31
num_cat=9
split_feature=10 10 14 3 10 5 14 3 16 3 20 20 20 16 16 3 11 16 3 21 14 20 3 14 16 2 3 8 21 8
split_gain=493.349 120.2 71.3671 65.3229 64.8247 37.6436 30.2075 57.3713 38.8545 34.2891 27.4908 26.0411 43.8922 26.2973 25.2757 51.649 32.2328 31.7743 25.0293 30.9207 32.9321 24.8503 31.2821 26.8743 29.4403 22.8226 21.6657 20.0429 31.3185 146.732
threshold=0.048776902258396156 0.01679024659097195 17.500000000000004 0 0.17877264320850375 1 12.500000000000002 2 14.500000000000002 3 0.0062610846944153318 0.024911929853260521 0.022360279224812988 6.5000000000000009 14.500000000000002 4 106.50000000000001 70.500000000000014 5 4170.5000000000009 22.500000000000004 0.029247933067381385 6 1.5000000000000002 1.5000000000000002 7 8 5.5000000000000009 4312.5000000000009 15.500000000000002
decision_type=2 2 2 9 2 9 2 9 2 9 2 2 2 2 2 9 2 2 9 2 2 2 9 2 2 9 9 2 2 2
left_child=1 25 3 5 6 11 9 -8 -9 10 -2 12 13 -3 21 16 -16 -18 -6 -20 -21 22 23 -5 -25 -1 -11 -14 -29 -30
right_child=4 2 -4 14 18 -7 7 8 -10 26 -12 -13 27 -15 15 -17 17 -19 19 20 -22 -23 -24 24 -26 -27 -28 28 29 -31
leaf_value=0.063021840386056058 0.17446994745042999 -0.024165437052261696 -0.076250942270378042 0.0083957082036860992 0.010469166715757434 0.09466425315117015 0.045091209244476557 -0.077985026671139587 -0.010760597999625181 0.020502857375303746 -0.035130434263195877 -0.012628284117582029 -0.020101591221051547 0.15972545328647531 -0.0069597309784010979 -0.081784846808829359 0.40705000276763564 0.058049596152951279 0.033144524901591296 -0.013361454064656532 0.082220097739757636 -0.043667483425814807 -0.027208014077378828 0.014847737229433 0.28678022154538246 -0.071903716474564602 0.0034556562454356706 0.050552336974979462 0.4941258224795651 0.0043782634055624962
leaf_weight=8.3007597103714925 6.39745970070362 109.77211882546544 248.47571207396686 156.98080499842763 2357.6555319726467 27.465558355674148 90.986207474023104 161.81157371588051 183.45751104131341 788.27286818623543 286.07896846532822 1175.0038843918592 14.316508341580628 8.369538323953746 21.7520681489259 195.22251031920314 4.5066738761961442 6.1942602954804897 1388.6312480941415 282.56604172289371 41.318107470870018 650.60547657310963 671.13284425809979 8.3437117803841812 7.6146367732435456 684.36902622878551 11610.67040996626 35.586105505004525 10.029431559145452 15.684585602954028
leaf_count=434 47 3575 12968 4836 13625 405 902 3410 2845 7700 5257 30861 409 303 721 7522 151 210 5932 1267 186 18644 23553 230 193 35686 129610 997 277 443
internal_value=-0.00112271 -0.0324779 -0.0246734 -0.0205639 0.006279 -0.00431783 0.00286042 -0.0230127 -0.0410759 0.00374978 -0.0295359 -0.00697618 0.0269397 -0.011138 -0.0335142 -0.0647477 0.048115 0.20503 0.0173051 0.0265003 -0.00116805 -0.0289808 -0.0176605 0.0198185 0.144602 -0.070415 0.0045551 0.0864314 0.111312 0.195398
internal_weight=21257.6 4059.73 3367.06 3118.58 17197.8 1396.23 13127.7 436.255 345.269 12691.4 292.476 1368.76 193.758 118.142 1722.35 227.676 32.453 10.7009 4070.17 1712.52 323.884 1494.68 844.072 172.939 15.9583 692.67 12398.9 75.6166 61.3001 25.714
internal_count=313199 142418 106298 93330 170781 37270 149771 7157 6255 142614 5304 36865 6004 3878 56060 8604 1082 361 21010 7385 1453 47456 28812 5259 423 36120 137310 2126 1717 720
cat_boundaries=0 22 23 41 65 88 109 133 145 167
cat_threshold=1073741824 1073741828 1073741824 256 0 2097152 671088961 4194817 34603008 0 8192 1 0 16 0 32 0 0 1 0 0 134217728 8 33685504 8388610 67141634 4194304 0 0 0 0 0 0 2097152 100663296 0 0 0 0 0 3221233664 33554432 536870912 67108928 6293504 2048 1074299905 1074795136 8192 0 0 33554432 0 536870912 2176 0 131072 536871040 8 2147483650 0 1073741824 0 0 4259840 2818572288 268435456 16384 0 0 8 1028 0 0 2101760 32772 0 0 0 0 0 0 0 32 0 0 0 128 32768 256 16777216 0 0 0 0 262144 0 0 0 536870912 135205 2 0 135274496 32 536870912 71832576 4194320 2147483648 2147483648 268435456 262144 4096 536870912 2155872260 2097152 603979776 262144 4261891 0 32 0 32768 0 268435456 0 4096 16 0 0 536870912 6357040 32769 16777216 2214594560 0 67108864 32 4203648 0 0 0 0 8392704 2 0 16 134217736 1025 0 33554432 302252032 25165824 268435456 0 0 268435584 33619968 29360192 0 8388608 512 2147647488 1310720 0 268469248 2048
is_linear=0
shrinkage=0.1


Tree=20
num_leaves=31
num_cat=11
split_feature=10 10 3 21 11 3 3 7 7 3 16 3 3 11 20 21 3 20 3 17 3 3 6 6 20 21 9 17 3 21
split_gain=402.391 104.909 74.0129 50.5158 37.2768 46.0582 35.7355 30.4704 29.2165 43.1171 23.5998 59.7088 28.8563 22.4219 31.439 21.4987 31.4271 27.1662 36.2538 21.6941 38.2459 26.4556 28.6396 25.7328 23.9924 20.1363 25.4379 19.1021 33.0219 27.6799
threshold=0.03054610546678305 0.090109098702669158 0 1.0000000180025095e-35 5.5000000000000009 1 2 5.5000000000000009 4.5000000000000009 3 28.500000000000004 4 5 -1.0000000180025095e-35 0.0089289136230945605 1127.5000000000002 6 0.11670817807316781 7 1.5000000000000002 8 9 9.5000000000000018 2.5000000000000004 0.12677486240863803 3800.5000000000005 52.149999618530281 10.500000000000002 10 3529.5000000000005
decision_type=2 2 9 2 2 9 9 2 2 9 2 9 9 2 2 2 9 2 9 2 9 9 2 2 2 2 10 2 9 2
left_child=2 8 -1 -3 5 13 -5 15 10 -10 12 -12 25 -4 -15 16 -8 18 -18 21 -21 22 23 -17 -25 26 -2 29 -29 -14
right_child=1 3 4 6 -6 -7 7 -9 9 -11 11 -13 27 14 -16 19 17 -19 -20 20 -22 -23 -24 24 -26 -27 -28 28 -30 -31
leaf_value=-0.0176642491553138 0.028173310235363947 0.17376920034419785 -0.051742172309489555 0.025116675966402977 -0.076202490347547253 -0.055923921261073865 -0.0073426339407396349 0.029837051907540154 0.034547345441062027 -0.023621708405928345 0.050624537123045446 -0.056863395618199197 -0.02992448425648786 0.33338545648112583 0.0063805100355634088 -0.015952307842981385 -0.0078405353505326698 0.01862138497743264 0.083055977020507099 -0.023437518028850531 0.0095645412099607356 0.010933898511830074 -0.018469868954866221 0.017583276546095775 -0.0067271712027068553 -0.00078422161310003438 0.18120638328468056 0.05058875530649995 -0.031840620224921783 -0.0043234674759965079
leaf_weight=1023.138118294999 229.75785083509982 18.660630226135254 78.88408731110394 1249.0919572114944 488.77279708627611 678.5341645013541 335.21567543596029 570.60120837390423 368.86211002245545 185.06240443699062 58.469910254701972 240.92843138054013 480.56738197430968 2.9851683862507334 194.68276082165539 489.35871889069676 65.470790587365627 638.98212367668748 154.18702404201031 693.3777268640697 694.82352681457996 5063.700721103698 708.62222697213292 1269.6949612386525 596.77315247058868 424.0096198450774 11.401032011955975 45.004641119390726 608.53699027560651 3484.92524593696
leaf_count=35036 3795 117 3501 5765 24744 30230 2647 4652 5790 3399 1033 5238 8362 155 8293 5492 420 3973 1125 6630 6466 37082 7845 12701 6185 7058 177 826 12329 61902
internal_value=-0.000892136 0.0041193 -0.0388509 0.0093595 -0.0533721 -0.0422473 0.00911465 0.00731404 -0.00659462 0.0153107 -0.00876775 -0.0360803 -0.00722024 -0.00643599 0.0113189 0.00612093 0.0187702 0.0287158 0.0593877 0.00453403 -0.00701924 0.00650721 -0.000840397 0.0044589 0.0098104 0.0121547 0.0354081 -0.010015 -0.0258774 -0.00742599
internal_weight=21153.1 18686.1 2467 12548.6 1443.86 955.086 12529.9 11280.8 6137.53 553.925 5583.6 299.398 5284.2 276.552 197.668 10710.2 1193.86 858.64 219.658 9516.35 1388.2 8128.15 3064.45 2355.83 1866.47 665.169 241.159 4619.03 653.542 3965.49
internal_count=312968 211009 101959 101100 66923 42179 100983 95218 109909 9189 100720 6271 94449 11949 8448 90566 8165 5518 1545 82401 13096 69305 32223 24378 18886 11030 3972 83419 13155 70264
cat_boundaries=0 23 47 71 94 115 137 158 179 199 221 240
cat_threshold=536870976 268435456 0 0 16 8 2048 541065216 0 270567426 73728 32 0 16 0 0 0 4096 32 0 0 0 2197815552 134217728 0 0 0 0 0 0 268435456 131072 32 0 0 0 0 0 0 0 0 0 0 0 548012032 1755320854 426527 0 8 256 0 0 0 0 0 268517376 0 0 8192 33554432 266244 0 8192 4259840 393216 16844800 32 1074301056 0 0 16777216 2452094976 75497478 67108864 4196366 0 8192 0 0 637534208 536870912 0 142606337 542722 65536 0 0 536871296 0 0 0 0 0 4194304 67633152 1107296326 1073758208 16 0 872554496 1610618374 0 0 0 0 134217728 0 99328 0 0 0 40960 128 0 32 16777344 68157440 4096 4194561 0 1375862784 8454146 256 0 4 529408 268468352 2147485704 0 0 131072 2 8 4 0 0 134225920 131072 1040 16777224 0 0 0 0 0 0 0 0 2147484672 2228228 10 0 0 2147485200 3254796288 4329472 5244928 210895872 0 256 0 0 0 0 0 0 0 0 0 0 0 29360128 0 26214400 131104 4194304 263168 16 65536 0 0 32768 8192 0 0 262144 17039360 0 0 0 3221225472 2097713 0 0 0 0 0 335545344 2 0 0 142606336 9216 0 0 33554432 8388608 0 0 2359296 1140850688 34432 32 0 0 512 536870912 67634176 18 0 2048 0 1073741824 0 0 0 16 676336513 0 134742016 0 0 0 8388608 66560 0 0 12 8192 147
is_linear=0
shrinkage=0.1


Tree=21
num_leaves=31
num_cat=9
split_feature=10 10 14 3 10 3 20 1 3 20 1 14 3 2 11 20 3 9 20 7 7 3 9 21 6 10 20 11 14 17
split_gain=353.08 80.0191 81.9363 88.0524 62.7797 39.251 47.9569 36.8517 28.0276 27.0753 26.8908 26.1663 25.3572 23.4979 19.161 23.8499 42.7895 19.1542 17.9982 17.1388 17.0404 25.9383 15.6454 19.6828 15.1598 16.1029 15.0581 15.0008 14.7743 14.9831
threshold=0.03509680554270745 0.015315920114517214 3.5000000000000004 0 0.090109098702669158 1 0.021207068115472797 2 3 0.0062610846944153318 4 8.5000000000000018 5 6 5.5000000000000009 0.017282916232943538 7 61.750000000000007 0.077421750873327269 5.5000000000000009 5.5000000000000009 8 57.049999237060554 4227.5000000000009 3.5000000000000004 0.078650549054145827 0.027507562190294269 -1.0000000180025095e-35 69.500000000000014 10.500000000000002
decision_type=2 2 2 9 2 9 2 9 9 2 9 2 9 9 2 2 9 10 2 2 2 9 10 2 2 2 2 2 2 2
left_child=1 13 3 -3 9 6 11 12 22 -2 -11 -4 -6 -1 15 16 27 20 24 26 28 -22 -9 -24 25 -19 -10 -5 29 -12
right_child=4 2 5 14 7 -7 -8 8 19 10 17 -13 -14 -15 -16 -17 -18 18 -20 -21 21 -23 23 -25 -26 -27 -28 -29 -30 -31
leaf_value=0.054237571745363526 0.15376955940397385 -0.0024122586127706684 0.12640419763253477 0.024239365357545499 0.0050243169264685642 -0.068372968422271141 -0.010299345346140083 0.013675213556818827 0.118708211026974 -0.037425643753182164 -0.0027529746305047943 0.52376047499061007 0.046386335722173724 -0.073371296723338544 -0.069842151486727275 -0.045450409637256446 -0.037455957689666045 0.22827068422300836 -0.015434443616124748 0.023078392864737882 0.057613261040831532 -0.0076245235665314427 0.022934266904806003 0.12137951602846005 0.039594910526691833 0.038284569575359972 0.0028274301436971541 0.14627919094201022 -0.070292391023987918 -0.019413220785703227
leaf_weight=11.253113845363258 10.773632146418093 1466.8694317210466 3.9170502647757557 17.314188001677394 246.31992557272315 461.57885653432459 21.524148039519787 3315.359003663063 11.229163594543932 232.98150805011392 4066.198693966493 2.8725401386618614 413.17834982275963 438.98953409865499 214.48206348158419 449.8197786193341 81.114540906623006 11.280302345752718 30.792717058211565 447.99399945139885 100.20726672373712 137.31669173017144 61.289046339690685 30.374726891517639 31.803367156535387 7.3800518363714209 8120.2582311928272 24.078858282417059 34.87641167640686 622.43903137743473
leaf_count=603 74 45262 153 680 1610 20965 825 17994 91 3863 64885 122 2291 27173 9649 15635 3514 172 396 3927 1363 2220 326 181 508 85 75049 932 1174 11523
internal_value=-0.0009009 -0.0315339 -0.0251217 -0.0170645 0.00455503 -0.0621877 0.0464055 0.00838049 0.00709058 -0.00459675 -0.00492018 0.294518 0.0312436 -0.0706069 -0.0437937 -0.0347971 0.00431923 -0.00333741 0.0448148 0.00403184 -0.00413282 0.0220028 0.0147587 0.0555562 0.0815785 0.153132 0.00298746 0.0767014 -0.00544705 -0.0049647
internal_weight=21125.9 3193.81 2743.57 2253.68 17932.1 489.893 28.3137 12646 11986.5 5286.05 5275.28 6.78959 659.498 450.243 786.809 572.327 122.508 5042.29 81.2564 8579.48 4961.04 237.524 3407.02 91.6638 50.4637 18.6604 8131.49 41.393 4723.51 4688.64
internal_count=313245 125513 97737 75672 187732 22065 1100 101469 97568 86263 86189 275 3901 27776 30410 20761 5126 82326 1161 79067 81165 3583 18501 507 765 257 75140 1612 77582 76408
cat_boundaries=0 24 48 49 73 74 95 107 131 149
cat_threshold=2896166912 268435461 0 2 0 8 2097184 4194304 0 2097155 598016 32 8 16 0 0 0 0 1 0 0 536870912 2701197312 32772 2147483648 4194304 0 0 0 0 4194304 536871424 0 1073745920 0 0 0 0 0 0 0 0 32 0 0 32768 171974752 1 41945096 131072 24 134217984 1024 0 262144 33816576 25427968 16384 0 0 0 570654756 262220 0 134217728 512 314834944 0 0 0 0 0 16777216 6162457 0 0 0 0 0 0 0 0 65536 0 0 9216 0 4194304 0 0 2147483648 0 67634432 1048592 1410008192 16777216 2147485696 128 67108864 32 4203648 536870912 0 0 0 8392704 2 64 0 0 0 0 2 0 536871424 131072 302057488 11 0 0 0 0 0 0 0 16 0 0 0 142651686 513 301989888 75497474 0 4196352 0 8192 0 8192 33554432 0 0 268435456 4472834 0 0 0 0 8192
is_linear=0
shrinkage=0.1


Tree=22
num_leaves=31
num_cat=8
split_feature=10 10 10 14 14 3 3 17 14 14 3 3 14 5 14 16 3 17 14 16 19 21 17 16 3 3 17 21 14 16
split_gain=302.545 69.3292 67.4251 38.2615 37.3802 42.5044 34.1903 32.1254 63.86 35.367 57.3667 48.1894 41.6153 32.846 32.0644 36.6409 86.8041 37.5152 36.1666 30.0805 34.4053 60.8922 29.8766 35.4263 39.2512 28.9608 27.7651 27.2863 26.5607 34.843
threshold=0.032151246443390853 0.090109098702669158 0.015315920114517214 56.500000000000007 20.500000000000004 0 1 10.500000000000002 1.0000000180025095e-35 1.0000000180025095e-35 2 3 1.5000000000000002 4 3.5000000000000004 1.5000000000000002 5 1.0000000180025095e-35 1.0000000180025095e-35 20.500000000000004 0.028453889302909378 3913.5000000000005 1.0000000180025095e-35 2.5000000000000004 6 7 1.0000000180025095e-35 4005.5000000000005 1.5000000000000002 5.5000000000000009
decision_type=2 2 2 2 2 9 9 2 2 2 9 9 2 9 2 2 9 2 2 2 2 2 2 2 9 9 2 2 2 2
left_child=2 3 -1 7 5 14 27 9 25 11 19 -2 26 -13 15 -4 17 18 -17 20 21 -11 23 -15 -25 -9 -12 -3 29 -20
right_child=1 6 4 -5 -6 -7 -8 8 -10 10 12 13 -14 22 -16 16 -18 -19 28 -21 -22 -23 -24 24 -26 -27 -28 -29 -30 -31
leaf_value=-0.069962589664416472 -0.039893732459862948 0.030958660780924296 -0.011506494719182333 -0.07312728396088454 -0.076625850648294691 -0.040058802301972077 0.0060863672624603673 -0.043450250731997708 -0.049115897016977043 0.40911210321617386 0.060974618840351394 0.074696031461446988 -0.026163761700444873 -0.0016824306577428077 -0.049153226594125049 0.082291380460740582 -0.039866516885267184 0.054757477207477791 0.54888128860832353 0.00076434115926245216 0.049266360149792618 0.081798261099912006 0.046670628044882791 0.024714011505290668 -0.060342330106956998 0.022680058843681225 -0.026986378743983925 0.0038340264159896251 0.1652842415033613 0.16742883339868642
leaf_weight=420.54075360670686 353.2439572699368 1081.3977261148393 761.22616834752262 81.26515606790781 135.71263527218252 775.92889778967947 11029.883910309523 75.97319084405899 424.90738951787353 7.4661960657686022 118.13804947771132 45.410899717360735 347.39398378506303 3344.4747702665627 171.55608869530261 18.873399190604687 76.323681426234543 55.081357462331653 5.8260142300277966 115.99475770443678 275.81638429872692 23.807286208495498 117.84881579875946 70.741966556757689 198.99388468451798 283.79079040512443 51.541712675243616 564.44278110563755 10.80037331022322 4.0656898375600576
leaf_count=27764 7649 4882 25451 3607 8460 31036 93998 1327 9533 104 2029 596 8310 53239 6901 672 3094 1925 192 2091 4626 327 1930 1258 3380 4933 990 2430 374 147
internal_value=-0.000401277 0.00393597 -0.0335414 -0.00498198 -0.0259416 -0.0222822 0.00811279 -0.00403623 -0.0228657 -0.00112254 0.0163828 -0.00510679 -0.00621665 -0.00174352 -0.00933792 -0.00211071 0.0397229 0.0977848 0.1824 0.0431302 0.0605372 0.159941 -0.00287074 -0.00449408 -0.039356 0.00813766 0.0342557 0.0215255 0.27371 0.392097
internal_weight=21048.5 18612.5 2435.94 5936.81 2015.39 1879.68 12675.7 5855.54 784.671 5070.87 940.158 4130.71 517.074 3777.47 1103.75 932.197 170.971 94.6468 39.5655 423.085 307.09 31.2735 3732.06 3614.21 269.736 359.764 169.68 1645.84 20.6921 9.8917
internal_count=313255 207239 106016 105929 78252 69792 101310 102322 15793 86529 18477 68052 11329 60403 38756 31855 6404 3310 1385 7148 5057 431 59807 57877 4638 6260 3019 7312 713 339
cat_boundaries=0 24 45 69 92 93 107 126 147
cat_threshold=679477248 1 0 0 536870912 8 2097152 4194304 0 2197505 598273 32 0 16 0 0 0 4096 0 0 0 1048576 54525952 512 32768 272 16777472 0 0 0 0 0 81920 0 262144 0 33554436 6 0 0 131600 12845056 268503040 2097186 279054465 1124597760 109051968 1073741824 4194569 0 131072 545259524 0 100663296 4194304 32768 411041793 2 98304 0 0 2097152 8192 8 0 0 0 0 4194304 1107296256 0 24580 64 0 547553280 541139973 16640 262144 4194308 32768 1 0 65536 0 67108864 4 0 128 0 0 134217856 262144 386 671088640 1 0 0 0 8 0 4194304 0 0 532480 0 0 16 268959744 4 1140850688 2308 0 100671504 1049090 10240 100663296 0 4096 134217856 262144 0 0 0 138 8200 1048580 1107820544 8388610 67108864 4194325 0 524288 8388612 10240 0 0 536903680 0 4212736 32768 0 0 0 32768 1048576 0 32
is_linear=0
shrinkage=0.1


Tree=23
num_leaves=31
num_cat=3
split_feature=10 10 14 10 14 17 20 16 1 11 7 2 16 11 16 5 9 16 21 17 14 20 16 14 21 14 20 10 20 9
split_gain=241.39 82.8687 53.2223 42.0367 32.9551 48.9057 38.0842 30.9463 28.2402 26.1449 25.4768 23.9092 23.0057 31.444 31.4414 22.91 22.1719 22.0277 26.1337 24.3551 32.1079 20.7682 27.5742 34.4385 20.4746 20.2817 20.2409 21.3279 27.4709 19.6111
threshold=0.056925732642412193 0.01679024659097195 14.500000000000002 0.20801467448472979 2.5000000000000004 1.0000000180025095e-35 0.029247933067381385 20.500000000000004 0 27.500000000000004 4.5000000000000009 1 1.5000000000000002 14.500000000000002 5.5000000000000009 2 73.250000000000014 1.5000000000000002 4130.5000000000009 1.5000000000000002 1.0000000180025095e-35 0.0089289136230945605 2.5000000000000004 49.500000000000007 3529.5000000000005 37.500000000000007 0.069055881351232543 0.15800746530294421 0.1345128417015076 44.549999237060554
decision_type=2 2 2 2 2 2 2 2 9 2 2 9 2 2 2 9 10 2 2 2 2 2 2 2 2 2 2 2 2 8
left_child=1 11 15 4 7 6 -6 10 -9 -7 17 -1 -8 24 -15 -3 -17 18 19 26 -21 22 -4 -24 -14 -11 -2 28 -28 -16
right_child=3 2 21 -5 5 9 12 8 -10 25 -12 -13 13 14 29 16 -18 -19 -20 20 -22 -23 23 -25 -26 -27 27 -29 -30 -31
leaf_value=0.065519528564702278 0.023244737085974007 0.076352032713768267 -0.10469359657016271 0.014798468140389071 0.15595052892530425 -0.059762044432111375 -0.043960744318222882 0.054851667506154916 -0.033187172385554575 0.004824495748330852 0.0182708023667244 -0.060706819242741863 0.18834322541533496 -0.05847591144876875 -0.021978097455604501 -0.014556651825888056 0.11381255720310829 0.014535719637294395 -0.0068196774442784089 0.005941785020241187 -0.049259599903993367 -0.069064973437357513 -0.031122627093720535 0.38329612775956312 0.044520329860169142 -0.066153917912665158 0.0053524683074842655 0.014196798053035257 -0.014312962760017131 0.024271097734552924
leaf_weight=9.8228936279192549 643.33652077242732 18.736533122137189 6.0761611033231011 3385.8995286300778 15.943809662014244 259.8389092348516 102.9477171767503 32.638685643672943 333.83864530920982 162.98293134011328 1246.9876110069454 535.68277438730001 11.515612769871948 82.561010081321001 136.50400622747838 3365.4512932188809 13.508928203955291 1467.3209118023515 2748.1190312206745 240.93429922685027 187.26683926582336 228.53741765767336 3.9791303221136314 4.0423027640208602 70.475395582616329 53.464114783331752 2795.985331363976 1583.8604086488485 952.2702896296978 279.23181312531233
leaf_count=534 7944 95 316 16467 94 4216 1552 285 3735 2519 12225 35579 123 1386 1905 101783 218 16298 31497 2597 2368 13827 193 183 923 954 30059 9908 10008 3488
internal_value=-0.000512679 -0.0219981 -0.0165514 0.0048425 0.00232834 -0.0136648 0.00317028 0.00386517 -0.0247552 -0.0383783 0.0047491 -0.0583456 -0.000394957 0.00733396 -0.00210851 -0.0133202 -0.014002 0.00316126 0.00133757 0.00483824 -0.0181996 -0.0617986 0.055997 0.177719 0.0647202 -0.0127077 0.00648914 0.00446752 0.000356329 0.00908549
internal_weight=20979.8 4185.84 3640.33 16793.9 13408 1175.47 699.179 12232.6 366.477 476.286 11866.1 545.506 683.236 580.288 498.297 3397.7 3378.96 10619.1 9151.77 6403.65 428.201 242.635 14.0976 8.02143 81.991 216.447 5975.45 5332.12 3748.26 415.736
internal_count=313279 152728 116615 160551 144084 17160 9471 126924 4020 7689 122904 36113 9377 7825 6779 102096 102001 110679 94381 62884 4965 14519 692 376 1046 3473 57919 49975 40067 5393
cat_boundaries=0 1 13 14
cat_threshold=77594632 16777216 2214594560 0 67108864 0 4203648 536870912 0 0 0 8392704 2 384
is_linear=0
shrinkage=0.1


Tree=24
num_leaves=31
num_cat=8
split_feature=10 10 3 14 14 19 17 14 14 11 3 3 17 3 3 17 3 11 21 21 11 17 20 20 19 3 20 5 21 6
split_gain=206.123 54.418 51.1846 43.6551 37.3813 30.2341 27.9745 52.0205 37.9394 44.604 56.7471 43.0511 38.9063 39.1204 35.7207 26.4475 26.7443 26.2642 25.0434 49.2042 26.6144 41.7791 57.2601 24.181 35.6065 23.8161 27.0766 23.6337 25.6192 23.1393
threshold=0.032151246443390853 0.09985267743468286 0 56.500000000000007 5.5000000000000009 0.021570279262959961 3.5000000000000004 1.0000000180025095e-35 1.0000000180025095e-35 14.500000000000002 1 2 1.0000000180025095e-35 3 4 1.0000000180025095e-35 5 13.500000000000002 3845.5000000000005 3871.5000000000005 19.500000000000004 1.0000000180025095e-35 0.023624345660209659 0.024911929853260521 0.02041073422878981 6 0.074673872441053404 7 4206.5000000000009 5.5000000000000009
decision_type=2 2 9 2 2 2 2 2 2 2 9 9 2 9 9 2 9 2 2 2 2 2 2 2 2 9 2 9 2 2
left_child=2 3 4 6 -1 18 8 14 11 12 29 23 13 -10 -8 16 -13 -4 -6 -20 21 22 -21 24 -2 26 -9 -25 -29 -11
right_child=1 -3 17 -5 5 -7 7 25 9 10 -12 15 -14 -15 -16 -17 -18 -19 19 20 -22 -23 -24 27 -26 -27 -28 28 -30 -31
leaf_value=-0.0033623270171441941 0.33507045922127721 0.0072141249256984404 -0.034747848522616476 -0.077481705104860174 -0.076018101257557188 -0.081117597013353054 0.039666230026504767 0.10576139126371131 -0.019550508574415516 -0.0029429919666021011 -0.030904390804800338 -0.037687837039271352 -0.026799490039458352 0.066518914336506904 -0.014502214215977914 0.056339808390676649 -0.0081421892090174728 -0.069462298662375535 0.50387296428681017 0.5175149933862917 -0.046858375355507534 -0.06903397008719965 -0.018882111976325087 0.0072659869160149153 -0.0035410306630448115 -0.043114629777547271 -0.045054906062907921 0.17044221169473306 -0.030742412425402633 0.06681171041715768
leaf_weight=866.43597178626806 5.6569346077740175 11799.121932944283 968.79283608682454 79.914447200484574 22.987828303128481 124.12805621605366 185.13527444936335 25.026832859963179 63.640622479841113 79.043097278103232 287.47569972462952 335.55278846994042 71.960922926664352 317.33492371253669 315.35212528891861 58.825170502066612 2936.5697611570358 281.20427477918565 2.3108478086069217 4.5101720904931408 20.041312034241855 5.9139094874262801 3.5617405921220779 1331.8685459103435 6.8851778209209442 549.45137289445847 22.702821811661124 21.914804439991716 8.9002388492226583 119.3805794082582
leaf_count=30643 99 90227 47271 3746 1249 7084 3026 511 983 1207 6678 7086 1308 5138 5100 941 44260 17704 129 161 1305 233 127 21602 161 12433 409 201 143 1734
internal_value=-0.000384795 0.00310347 -0.0286285 -0.00400558 -0.0119313 -0.0530522 -0.00313474 -0.0177418 -0.000294411 0.0180605 -0.00298397 -0.00395603 0.0406365 0.0533742 0.00603802 -0.0100871 -0.0113121 -0.0422196 0.00566949 0.057346 0.0270215 0.132889 0.280829 0.0108882 0.149185 -0.0376712 0.0281311 0.00969528 0.0848117 0.0371522
internal_weight=20921.6 18621.7 2299.89 6822.59 1049.89 183.454 6742.68 1097.67 5645.01 938.836 485.899 4706.17 452.936 380.976 500.487 3330.95 3272.12 1250 59.3258 36.338 34.0271 13.9858 8.07191 1375.23 12.5421 597.181 47.7297 1362.68 30.815 198.424
internal_count=312899 206993 105906 116766 40931 10288 113020 21479 91541 17048 9619 74493 7429 6121 8126 52287 51346 64975 3204 1955 1826 521 288 22206 260 13353 920 21946 344 2941
cat_boundaries=0 24 43 65 87 109 132 154 155
cat_threshold=545259520 268435456 0 0 0 8 32768 541065216 0 327696 532480 32 0 16 0 0 0 4096 32 0 0 2149974016 2684879760 147968 1107820544 41943040 1140871168 4202496 0 131072 536870912 8391168 536870912 4194304 0 402653185 256 98336 0 0 2097156 40960 128 268435456 67108870 0 8213 0 33554432 1073741824 2048 134217728 536870912 536870912 32912 2156396800 13824 0 0 33554448 65544 0 0 64 2048 67633152 0 67112960 4204561 0 0 0 10240 0 0 0 134217729 262144 99328 0 0 2097172 8192 16 0 64 2048 1074266112 4 67112960 10264 0 268435472 541065216 24832 638058496 0 0 142606337 12582912 4128 0 0 4 32768 144 0 0 2048 1174929408 1108344832 28676 0 0 538116096 538518536 16384 0 4194304 32768 1 0 32768 0 67108864 0 32768 8 0 0 134217728 262144 17301504 1074790466 0 1 0 33685520 537923589 0 0 4194304 32768 128 16384 5120 0 0 6 0 8 0 0 8192 24
is_linear=0
shrinkage=0.1


Tree=25
num_leaves=31
num_cat=13
split_feature=10 10 14 3 3 16 21 21 3 2 3 20 20 20 3 14 7 3 3 14 3 3 9 16 16 3 14 1 11 3
split_gain=204.857 63.5982 50.8666 52.3059 42.5508 34.3236 24.8612 35.0178 24.6001 23.7867 23.1744 33.9241 22.5171 21.0169 34.9467 27.5426 20.8229 25.3935 20.3673 19.6006 74.9866 22.3545 20.5124 20.2885 18.9733 43.6357 38.2676 18.8896 24.6368 22.6711
threshold=0.03509680554270745 0.014061058405786754 5.5000000000000009 0 1 6.5000000000000009 3950.5000000000005 3894.5000000000005 2 3 4 0.021207068115472797 0.0062610846944153318 0.017282916232943538 5 1.5000000000000002 5.5000000000000009 6 7 16.500000000000004 8 9 59.850000381469734 101.50000000000001 1.5000000000000002 10 1.5000000000000002 11 1.5000000000000002 12
decision_type=2 2 2 9 9 2 2 2 9 9 9 2 2 2 9 2 2 9 9 2 9 9 10 2 2 9 2 9 2 9
left_child=1 9 3 24 6 13 7 -2 12 -1 11 -4 -6 14 15 -5 19 -18 -15 21 -21 22 23 -10 26 -26 -3 28 -23 -30
right_child=4 2 10 5 8 -7 -8 -9 16 -11 -12 -13 -14 18 -16 -17 17 -19 -20 20 -22 27 -24 -25 25 -27 -28 -29 29 -31
leaf_value=0.055948693942462796 0.022818800107722897 -0.0022651925971164237 0.28397144207303765 0.053065567364021494 0.1086755805089207 -0.072479317334519608 0.0047106534843909063 0.081767897747947155 -0.026718649372228544 -0.072997948432152168 -0.062383732169991574 -0.016416305909509578 -0.032556153183804712 0.00099351367372258262 -0.035891427265820557 0.33667132054961485 0.038006900720747708 0.0024697868516057923 -0.045194594661970046 0.031314029949511511 -0.057428342236103429 0.0085644930153302348 0.1338297926533204 0.10137264359020566 0.063278114379910155 -0.018043828025674735 -0.06078966587105146 0.0024292108073497454 -0.013477861997416216 0.083107468531321116
leaf_weight=11.031610913574694 763.58618770539761 1070.6047171801329 5.1502700569108155 59.728227593936026 11.757955327630041 189.10180270206183 641.4896190688014 116.09143043681979 421.47121547348797 287.1741275973618 308.28068264294416 13.923678447492419 282.91468322463334 137.36287608090788 70.341074670664966 3.6325815897434941 351.36925239861012 470.0811961311847 361.40785623528063 157.33406593836844 216.63449733424932 299.3878365047276 8.5075591430067998 12.739258030429481 117.35986280441284 132.83216163236648 124.74450339842588 14142.912530174479 35.47860486805439 90.008714113384485
leaf_count=651 4170 33813 170 2560 73 10295 3034 534 6211 22867 18252 670 4859 5435 3601 136 3322 4785 13481 1651 5158 2035 112 133 3956 5410 4312 150633 261 579
internal_value=-0.000360432 -0.0250635 -0.0200366 -0.0147159 0.00360467 -0.0346767 0.0195527 0.0305983 0.0021213 -0.0687995 -0.056885 0.0424419 -0.0260372 -0.0239224 0.0112859 0.0598753 0.00264905 0.0181633 -0.0333605 0.00182239 -0.0207914 0.00238579 -0.019507 -0.0229606 -0.00310981 0.0219106 -0.0083727 0.0030624 0.023599 0.061349
internal_weight=20914.4 2892.68 2594.47 2267.12 18021.8 821.574 1521.17 879.678 16500.6 298.206 327.355 19.0739 294.673 632.473 133.702 63.3608 16205.9 821.45 498.771 15384.5 373.969 15010.5 442.718 434.21 1445.54 250.192 1195.35 14567.8 424.875 125.487
internal_count=313159 125609 102091 82999 187550 35508 7738 4704 179812 23518 19092 840 4932 25213 6297 2696 174880 8107 18916 166773 6809 159964 6456 6344 47491 9366 38125 153508 2875 840
cat_boundaries=0 24 45 69 81 105 129 151 175 196 217 235 236 257
cat_threshold=2826960896 1207959557 0 0 536870912 8 2097152 4194304 0 8421377 73729 0 0 16 0 0 0 4096 16 0 0 131072 23167808 32768 0 24 285212928 0 0 524288 302252032 1024 65536 0 262144 0 33570816 4194308 0 8396800 66048 8658944 268503040 6291488 3276800 0 0 67133440 65544 2048 67108864 1101 1 0 4194304 0 0 512 35840 0 131075 2181038528 0 2 0 67109888 0 262144 65536 0 2214594560 0 67108864 32 4203648 536870912 0 4194304 0 8388608 2 2147483648 4194304 0 0 0 0 4194304 512 0 8192 0 0 0 0 0 0 0 0 32 0 0 0 138420256 33 64 0 128 0 0 0 32768 536871424 0 318849200 524298 0 0 0 0 0 0 0 32 0 0 537952256 2323656742 513 33554432 8388610 8421376 11264 0 0 0 262144 33554432 0 536870912 2181038080 14581795 32 0 0 1028 536870912 0 0 0 2048 0 0 65536 2 0 0 0 0 262144 1140861954 288 32 8 0 0 0 0 0 0 0 0 2752253952 1677721616 131106 33554432 2 32768 4194560 0 0 0 0 16384 0 2113536 33554432 396576 0 0 1048576 0 1073741824 0 0 2147483648 33554432 0 0 4196356 0 2147493892 143143296 75505664 0 0 4096 536870912 8388608 128 0 336592928 0 33619968 4718592 2 524288 671088640 1073741825 0 0 0 8 0 4194304 0 0 8192 0 0 16 0 0 0 4096 44042240 32768 0 0 0 0 0 0 0 0 0 0 1024 0 16777218 0 0 0 0 68161792 64 1073774656
is_linear=0
shrinkage=0.1


Tree=26
num_leaves=31
num_cat=11
split_feature=10 10 21 20 3 10 1 3 7 3 3 8 8 21 10 11 3 21 20 8 3 11 3 20 3 21 21 3 17 3
split_gain=159.726 51.945 27.186 28.1891 30.1891 26.9134 23.5199 33.0869 25.665 24.3621 23.3225 22.0385 70.8595 45.48 28.6475 19.1866 35.5734 19.927 24.4572 25.6271 18.9818 18.8142 25.5358 25.9924 18.6433 22.4412 41.993 34.5827 18.4314 43.5589
threshold=0.025229778140783313 0.066163793206214919 646.50000000000011 0.024911929853260521 0 0.012729403097182514 1 2 5.5000000000000009 3 4 16.500000000000004 11.500000000000002 4332.5000000000009 0.027752486988902095 2.5000000000000004 5 3845.5000000000005 0.010901661124080421 26.500000000000004 6 -1.0000000180025095e-35 7 0.02005003392696381 8 3871.5000000000005 4005.5000000000005 9 1.0000000180025095e-35 10
decision_type=2 2 2 2 9 2 9 9 2 9 9 2 2 2 2 2 9 2 2 2 9 2 9 2 9 2 2 9 2 9
left_child=5 2 -2 10 -5 -1 7 -3 24 -10 11 12 -4 14 -14 20 17 -17 19 -19 -7 -22 -23 -24 25 27 -27 -8 -6 -30
right_child=1 6 3 4 28 15 8 -9 9 -11 -12 -13 13 -15 -16 16 -18 18 -20 -21 21 22 23 -25 -26 26 -28 -29 29 -31
leaf_value=-0.066668185803907529 -0.055145236572183502 -0.0035059968016623445 0.016228640544717728 -0.032531271023800643 -0.0018871693259030703 -0.039597625616541045 -0.033964756764831905 0.03369463228385753 -0.020022561951565369 0.02825908767385419 -0.0093990578814044674 0.0058302583684347615 0.019673871334244745 0.34270186800529179 0.229466267558526 -0.058931900152011746 -0.06173298276246722 0.094066051636458162 0.0082607056855131325 0.45972047242742237 -0.033232251041849591 -0.01535488246878971 0.11456363672401149 0.012758726423131221 0.00072442726626694874 0.047009590342243335 0.0064495423715701192 0.014840401194576575 0.035914106089892442 -0.031631872750656348
leaf_weight=228.56281883642077 122.1347380913794 398.68634235486388 80.331987120211124 502.69569504726678 2276.4033058369532 216.58066127449274 225.088368980214 597.09975384920835 119.34661015868187 650.05852723121643 175.46770455315709 98.545003808103502 15.413587884977462 11.995573532767592 11.266577932052313 32.476819257251918 302.00075097288936 11.202631952241061 62.446901820600033 2.3123518675565711 129.10373360384256 132.75716202799231 41.515222343616188 63.345147529616952 12174.998595772311 383.30642347037792 764.10526618547738 370.51415513083339 107.2226628344506 562.72113442141563
leaf_count=19489 3007 2901 2409 16697 51853 10022 1449 4329 1275 5150 5274 3031 539 245 232 1818 18608 598 3401 118 6611 6020 2103 2829 116230 1801 4388 2499 2416 15701
internal_value=-0.000653053 0.001529 -0.00869825 -0.00722176 -0.0101132 -0.0357276 0.00411412 0.0189137 0.00309574 0.0208769 0.0181529 0.0390137 0.0697697 0.180978 0.108266 -0.0286112 -0.0451759 0.0060686 0.0346579 0.156628 -0.0169554 -0.00243705 0.0141922 0.0484444 0.002115 0.0117566 0.0199991 -0.00392499 -0.00615701 -0.0207574
internal_weight=20869.7 19647.4 3964.2 3842.06 3449.04 1222.3 15683.2 995.786 14687.4 769.405 393.02 217.553 119.008 38.6757 26.6802 993.741 410.439 108.439 75.9619 13.515 583.302 366.721 237.618 104.86 13918 1743.01 1147.41 595.603 2946.35 669.944
internal_count=313043 241426 101404 98397 86667 71617 140022 7230 132792 6425 11730 6456 3425 1016 771 52128 24543 5935 4117 716 27585 17563 10952 4932 126367 10137 6189 3948 69970 18117
cat_boundaries=0 24 25 49 70 93 116 140 164 188 212 235
cat_threshold=1109393408 0 8192 64 0 2149580800 134252544 201326592 262144 272695829 532480 0 4194304 16 0 0 8 4096 50 0 0 134217728 65536 32768 14813192 0 1536 0 0 0 1024 0 0 0 0 0 1024 0 16777294 0 8192 33554578 81928 68814208 80 9111552 0 0 4194304 285868032 2 0 0 0 0 0 0 0 0 0 1283457024 18874688 1056 0 1048576 36 1073741824 0 0 2147483648 2097152 268435460 67108864 4 0 2147483648 135266340 0 0 272697856 532480 32 4194304 16 0 0 256 4096 48 0 0 134217856 4259840 0 4194305 0 0 0 0 0 4194304 0 100663432 4 0 0 0 0 0 0 0 0 0 0 0 532672 64 6291457 196608 32 0 4194304 16777216 4194304 131072 102273160 65557 0 0 0 0 0 0 0 0 0 0 67108864 537403584 33 134219776 150994944 0 0 0 4096 0 536870912 0 1218708576 10 0 0 0 0 0 0 0 0 0 0 1085440 134381600 4096 268435584 570425432 256 0 0 0 0 256 268451840 0 131072 33587200 50401284 263168 0 0 32 570425472 0 3145728 2416967680 0 0 16777216 268435456 33554432 256 0 0 0 0 0 16384 0 0 33554432 0 0 0 0 0 0 0 0 2147483648 0 0 16777216 0 1073741824 67112960 16 0 537002000 1079186313 512 68157440 0 32768 0 262152 0 0 32 0 0 0 0 0 8192 4194304
is_linear=0
shrinkage=0.1


Tree=27
num_leaves=31
num_cat=15
split_feature=10 3 3 17 14 3 3 14 3 3 3 14 3 4 14 14 10 3 2 3 20 21 21 19 3 2 7 17 3 19
split_gain=131.225 48.1376 32.4926 35.7636 113.776 85.9294 52.0599 37.3074 117.128 59.8807 41.6142 34.3669 33.9688 32.8077 30.2611 29.4263 29.1513 28.823 28.2321 23.2632 22.9894 30.0819 22.4224 24.0681 22.3884 21.2704 22.7693 20.676 23.0664 20.011
threshold=0.032151246443390853 0 1 6.5000000000000009 1.0000000180025095e-35 2 3 1.0000000180025095e-35 4 5 6 4.5000000000000009 7 8 22.500000000000004 3.5000000000000004 0.093513358384370818 9 10 11 0.039156639948487289 4073.5000000000005 3950.5000000000005 0.071442808955907836 12 13 3.5000000000000004 1.0000000180025095e-35 14 0.36377272009849554
decision_type=2 9 9 2 2 9 9 2 9 9 9 2 9 9 2 2 2 9 9 9 2 2 2 2 9 9 2 2 9 2
left_child=1 18 22 7 5 -5 -6 9 15 -4 20 27 13 -11 17 -9 -14 -3 -1 -7 21 -10 23 -2 -13 -18 -27 28 -12 -28
right_child=2 14 3 4 6 19 -8 8 10 12 11 24 16 -15 -16 -17 25 -19 -20 -21 -22 -23 -24 -25 -26 26 29 -29 -30 -31
leaf_value=0.058014407350657174 -0.014638522250015898 -0.0036149220589764791 -0.035619658020358706 0.056319412641093469 0.0313467558338337 -0.035421022759475965 -0.03962636360735327 -0.0019930563154686954 0.20362610116631333 0.012332934083102563 0.055656286539509964 -0.040033580922579609 -0.0080763955382376247 0.13133047297499484 -0.07160299344865366 -0.044466188319283416 0.032629653228610125 -0.029052449612239573 -0.076470477735154113 0.0044848695154224485 0.043016251986470695 0.042907329555513615 0.005756858095248567 0.039528243622789137 0.0084612769185036345 -0.0011190030179186799 0.010234861583606711 -0.0023573174569230656 0.013774958742939384 0.071607541954605516
leaf_weight=12.642411191947756 96.931708637624979 989.83772138133645 424.89072534441948 308.24299738369882 110.10840977914631 185.18021273985505 1017.7803819207475 342.746885843575 21.26703314576298 2070.0227504950017 312.45162622258067 128.09251493774354 3240.9013255815953 13.702282909303902 100.7743275500834 311.24950096569955 230.7195989638567 816.90658866986632 211.70392110385001 576.86883276700974 604.38538641668856 25.742632653564215 768.38040092587471 533.61014289036393 300.38065448030829 4928.4332119598985 1695.6768030002713 165.08397925458848 261.00998790562153 54.845710754394531
leaf_count=776 1131 39683 5781 3558 1575 2096 16449 3812 283 23315 3520 3266 49655 122 8186 7510 1275 39264 17901 6195 6237 358 4555 3328 3252 41524 14016 2037 2701 241
internal_value=-0.000177193 -0.0236853 0.00249871 0.00130915 -0.0106089 0.0127459 -0.0327711 0.00304137 0.014277 0.00084699 0.0272486 0.0156228 0.00214082 0.013739 -0.0181765 -0.0218724 -0.000251241 -0.0152971 -0.0667398 -0.00554557 0.047526 0.115616 0.0171033 0.0312013 -0.00677317 0.00341869 0.00235724 0.0288275 0.0378048 0.0121577
internal_weight=20860.6 2131.86 18728.7 17329.8 2198.18 1070.29 1127.89 15131.6 2472.41 12659.2 1818.41 1167.02 12234.3 2083.73 1907.52 653.996 10150.6 1806.74 224.346 762.049 651.395 47.0097 1398.92 630.542 428.473 6909.68 6678.96 738.546 573.462 1750.52
internal_count=313602 105810 207792 198778 29873 11849 18024 168905 32976 135929 21654 14776 130148 23437 87133 11322 106711 78947 18677 8291 6878 641 9014 4459 6518 57056 55781 8258 6221 14257
cat_boundaries=0 24 45 67 89 111 135 156 177 178 202 214 235 259 270 294
cat_threshold=0 0 133120 0 49152 0 16384 268435456 0 2164326528 264 0 1073741824 436207616 4 0 0 0 0 0 0 331448352 269501448 3072 0 82 16777480 1024 0 268435456 0 0 65536 0 262144 0 41943040 8389640 0 0 4194944 537149440 268441600 2097186 343934976 268435456 1048836 8388610 264 0 0 536870912 256 637550592 0 2113536 603979776 561792 4 0 0 131072 8396800 67108992 0 2228224 2048 67108864 1073742080 4096 1 0 131088 537919489 0 67108864 0 32768 0 16893056 69668 0 8192 6 1073741824 262144 16 2282749952 134217728 67108864 4 276856832 12290 0 16 1073741824 262144 1048576 0 0 603980800 558089 8192 0 16777216 2147483700 8388608 0 0 2293760 10240 33554432 33554696 8196 64 0 2156003328 4202498 16793600 0 4194304 0 1 128 4 0 277872642 0 2147483648 524416 16 2147483776 134217728 262144 16777216 1107820544 33554432 1073741824 4194304 0 0 0 16777216 67108864 4194304 2097152 402661377 546 327716 0 9437184 0 2147483648 524296 0 2281701504 32768 4 0 2048 0 1073750016 1074003968 270336 0 0 0 33554432 2148042761 16785408 0 151003136 65568 8388608 1114116 20971520 1025 8 671090688 406847489 0 0 536870912 2 2097152 4194304 0 69216256 8193 32 0 16 0 0 0 4096 32 0 0 1179648 74640 544 16777216 2214594560 128 67108864 0 4202624 536870912 0 4194304 0 8392704 2 33587200 8388608 32768 8193 0 0 0 16777216 268435456 0 536870912 3263176704 6424576 262144 0 8192 0 3221258240 328960 0 33792 285245440 0 67112962 1 0 0 536870912 16384 570425344 0 0 33554560 4462848 0 0 134217728 0 268468224 0 0 557056 0 0 16777216 0 2147483648 0 4194304 0 0 0 0 4096 0 4194304 285212672 8388608 2 9 0 0 537133056 18432 570441728 0 536870912 8388608 20203920 0 0 0 2097152 272629760 0 16 1572864 0 0 16777216
is_linear=0
shrinkage=0.1


Tree=28
num_leaves=31
num_cat=16
split_feature=10 3 3 14 3 16 16 17 14 3 3 3 14 3 3 3 16 3 3 17 14 16 3 3 3 9 3 11 11 3
split_gain=140.342 37.7285 30.4532 28.5777 55.0456 27.8227 30.4743 27.1225 93.182 72.3257 50.4448 32.1898 29.4122 77.4971 46.9292 43.6196 38.0555 45.3108 41.6195 37.3571 38.8742 36.6947 34.452 33.8655 28.2995 26.9975 25.3487 25.101 25.0069 48.0743
threshold=0.03054610546678305 0 1 40.500000000000007 2 83.500000000000014 72.500000000000014 10.500000000000002 1.0000000180025095e-35 3 4 5 1.0000000180025095e-35 6 7 8 15.500000000000002 9 10 1.0000000180025095e-35 3.5000000000000004 36.500000000000007 11 12 13 66.250000000000014 14 25.500000000000004 5.5000000000000009 15
decision_type=2 9 9 2 9 2 2 2 2 9 9 9 2 9 9 9 2 9 9 2 2 2 9 9 9 10 9 2 2 9
left_child=1 -1 -2 7 5 6 -5 12 9 -9 -10 -11 15 25 -15 -4 17 -17 -18 20 21 24 -22 -21 -16 -14 -19 -28 -3 -30
right_child=2 28 3 4 -6 -7 -8 8 10 11 -12 -13 13 14 19 16 18 26 -20 23 22 -23 -24 -25 -26 -27 27 -29 29 -31
leaf_value=-0.063724028218988094 -0.034386512125404743 -0.012388570298539767 -0.029298160163992545 0.031787506729176421 -0.075201489844174588 -0.05591228307490273 0.21981675530617026 -0.037489363792995313 0.016407224217938395 0.050746095509758928 -0.039280863849121106 0.01084530972591634 -0.023848937388770391 0.091689822565752366 0.070348952054769709 0.024803398106746824 -0.07616530461833855 0.011810692573923563 -0.0027042871866301333 -0.032526459741480072 -0.017767677700576606 -0.01559984703031065 0.028114548769835313 0.016926118851869378 0.030426213581028674 0.14343333863373936 0.00035010581440884144 0.077374781867148495 0.016417821608987956 -0.055275825454203356
leaf_weight=220.00203455146402 207.62113530933857 1238.2217164933681 392.23021159879863 63.408970986492932 118.97535838279873 30.78961252886802 9.9755433052778226 217.21717446297407 200.07350792270154 323.51234543323517 825.133814339526 561.27151251025498 505.96443862840533 85.612696550786495 326.07525938563049 1052.1347652841359 110.32560894265771 2650.5206553824246 229.12474406510592 220.00248678028584 281.32914784457535 104.93210657127202 366.79260587319732 338.39629606436938 514.10777282528579 9.8352312892675382 9046.8815608583391 42.507601670920849 122.38211866188794 384.98170623369515
leaf_count=17301 4614 52152 5402 747 4893 248 49 2470 2314 2645 13627 6493 5615 780 3827 7008 1042 24188 3021 3686 4266 1248 3776 3865 4465 75 100663 431 6826 25449
internal_value=0.00016422 -0.0252627 0.00281776 0.00324916 -0.0323203 0.0217815 0.0573473 0.00368221 -0.00693689 0.0132503 -0.0286362 0.0258387 0.00507002 0.0144915 0.022495 0.00315206 0.00414049 0.00502058 -0.0289035 0.0193304 0.0272209 0.0401562 0.00835817 -0.00283699 0.0471197 -0.0202663 0.00322377 0.00070954 -0.019936 -0.0387484
internal_weight=20800.3 1965.59 18834.8 18627.1 223.149 104.174 73.3845 18404 2127.21 1102 1025.21 884.784 16276.8 2753.05 2237.25 13523.7 13131.5 12792 339.45 2151.64 1593.24 945.115 648.122 558.399 840.183 515.8 11739.9 9089.39 1745.59 507.364
internal_count=313186 101728 211458 206844 5937 1044 796 200907 27549 11608 15941 9138 173358 31603 25913 141755 136353 132290 4063 25133 17582 9540 8042 7551 8292 5690 125282 101094 84427 32275
cat_boundaries=0 24 47 60 81 103 125 147 168 191 213 235 259 280 304 326 349
cat_threshold=0 0 133120 0 0 0 2048 0 131072 3254779912 32 0 1073741824 436207616 4 0 0 4096 0 0 0 297795616 41961516 1024 2097152 1073742336 67379264 65536 0 1217430528 4144 68160000 0 4194304 33587200 0 0 4096 0 33 64 8192 4194304 0 0 8192 65536 301989888 2 1073774848 4194304 0 0 1073741824 0 16384 0 2113536 0 2048 50364416 8388610 16809984 2049 0 0 8388608 16777216 0 0 536870912 3263168512 40912901 0 0 134217728 0 4194304 268502272 0 2147484672 2164260864 1048578 4354 0 0 131088 1048577 16777216 0 0 2097152 0 16876672 98340 0 134217728 36 1610629120 0 48 134217728 134217728 268435456 4 8388866 1024 0 0 0 262144 536870912 0 16384 738197505 8425600 65568 0 0 18 545275904 67108864 0 131072 2048 268435456 0 32768 5120 0 16 1073741824 270336 1048576 0 4096 536871936 541622273 8200 0 16777216 2147484212 1619001344 1048592 4194304 0 2048 0 33554432 0 0 0 0 0 16777216 67108864 0 0 1 0 262144 0 1048576 0 2147483648 8 0 2281701504 33554432 34603008 4 0 0 131088 542246018 16777216 0 0 0 0 0 65536 0 76546048 2 2147500032 524299 0 2281703552 0 262144 0 16 0 5122 0 262144 301989888 0 268435456 0 0 2147483648 33658885 4464648 0 150994944 0 8519680 268503044 32 33792 134217728 0 2 32768 0 0 0 33554432 262144 302006272 4 0 2759852032 34332357 0 0 0 0 8388608 0 0 0 134217728 17432576 6 8388866 4194305 0 0 537133056 16384 33554432 0 16384 469762048 335176 0 0 134217728 2097152 32768 0 0 1024 0 0 16777216 2197815296 4 1082134530 8201 0 0 262144 16384 33570816 0 2097152 1342177280 10617858 32 0 134217728 0 32768 0 0 1212416 1090519040 8388614 1073741826 9 0 0 536870912 0 33570816 0 2097152 2424307712 1312322 32 0 0 0 0 0 0 1048576 0 0 16777216 32896 0 32768 12 0 16777216 262144 270336 589824 4 0 100664320 2689220632 8388608 0 0 2684354592 262152 1048576 4194304 0 2048 545259520 4194304 0 131072 536920080 4198402 32768 4194304 0 76087745 4 0 0 0 0 0 0 0 32 0 0 67108864 532608
is_linear=0
shrinkage=0.1


Tree=29
num_leaves=31
num_cat=14
split_feature=10 11 3 3 7 3 21 7 14 3 21 16 3 9 11 18 13 19 16 3 3 14 3 3 3 3 21 3 3 3
split_gain=110.156 45.4437 40.9117 32.707 32.4793 44.4059 29.5875 34.2765 28.9363 28.0149 24.537 24.8957 23.9487 21.6683 21.0363 20.3745 36.7728 19.2026 18.7105 114.647 72.3758 69.7457 51.3623 42.8609 41.3889 28.1612 25.4365 46.4923 43.7303 26.6464
threshold=0.03509680554270745 5.5000000000000009 0 1 4.5000000000000009 2 4418.5000000000009 1.5000000000000002 1.5000000000000002 3 4506.5000000000009 6.5000000000000009 4 73.250000000000014 1.0000000180025095e-35 0.0060514509677886972 0.12005338072776796 0.033135998994112022 1.5000000000000002 5 6 2.5000000000000004 7 8 9 10 4130.5000000000009 11 12 13
decision_type=2 2 9 9 2 9 2 2 2 9 2 2 9 10 2 2 2 2 2 9 9 2 9 9 9 9 2 9 9 9
left_child=1 3 6 -1 8 14 15 10 9 -5 11 -8 -2 -4 -6 -3 -17 -16 21 -20 -21 22 -14 -23 -24 -22 28 -28 -26 -29
right_child=12 2 13 4 5 -7 7 -9 -10 -11 -12 -13 18 -15 17 16 -18 -19 19 20 25 23 24 -25 26 -27 27 29 -30 -31
leaf_value=-0.040843488194680345 -0.027021467830362633 -0.020093888502300331 -0.05525211095920779 -0.043497796467694104 0.076964259398897644 -0.024359759664114727 0.58516573233851299 0.0083023806594862502 -0.051958330421786117 -9.1750686515561908e-05 0.07879036480510454 0.1520382657141546 -0.027479263553872302 0.26163760986107704 0.12823204496803528 0.48602514778969907 -0.10220858970742093 0.36535900519755787 -0.033232599300677769 0.041644162328228457 -0.014563636561247534 0.067767032321539758 0.035392880063249518 -0.064402702380690097 0.015767282751627549 0.011684867412564031 -0.019589232757411146 0.033413276309264404 0.00033268692714846912 -1.830993177951319e-05
leaf_weight=311.4591887453571 262.37446348089725 111.78568276297301 551.07553486153483 159.05759586393833 47.254955865442753 54.194419969804585 3.0504934005439299 13.53165361471474 146.95069874916226 1245.0412771962583 4.4092842657119036 2.3489328231662512 557.12724051438272 2.1662657167762509 9.4999805316328985 2.2072905125096431 2.0495099890977144 5.3316949596628538 567.20843483507633 779.38473952934146 474.70508907921612 21.211475517600775 379.28404158726335 217.89110800344497 2706.1974459383637 2669.2747752666473 1321.6489955913275 257.41439884528518 5675.1917596273124 2207.8705037888139
leaf_count=17257 3536 5889 37948 7335 1578 2434 134 682 5725 45331 214 109 10204 42 351 98 111 180 5974 7630 7572 345 3902 3597 24155 28497 18123 2445 52632 19137
internal_value=-0.000381278 -0.0193368 -0.0413821 -0.0116204 -0.00588121 0.0450578 0.0081605 0.111478 -0.00973798 -0.00531927 0.253813 0.396741 0.0024169 -0.0530524 0.0943743 -0.0119171 0.20281 0.213475 0.00286353 0.00844859 0.0145222 0.000986148 0.0019627 -0.0525368 0.00328924 0.00768803 0.00226033 -0.00453966 0.00533545 0.00359336
internal_weight=20768.2 2671.41 692.625 1978.79 1667.33 116.281 139.383 23.3404 1551.05 1404.1 9.80871 5.39943 18096.8 553.242 62.0866 116.042 4.2568 14.8317 17834.4 4490.57 3923.36 13343.8 13104.7 239.103 12547.6 3143.98 12168.3 3786.93 8381.39 2465.28
internal_count=313167 125418 45227 80191 62934 4543 7237 1139 58391 52666 457 243 187749 37990 2109 6098 209 531 184213 49673 43699 134540 130598 3942 120394 36069 116492 39705 76787 21582
cat_boundaries=0 23 47 71 95 119 141 165 189 210 232 253 271 292 313
cat_threshold=612368384 4194305 0 131072 536870912 0 32768 4194304 0 852736 524292 0 0 0 0 0 8 0 48 0 0 0 37757056 2684354624 2097152 2048 0 49152 4194304 16384 135266304 0 2332607112 524288 0 1073741824 436207616 4 0 0 0 32 0 0 16777248 128 4096 142606336 1476395013 0 2 0 8 0 541065216 0 545261568 65793 0 0 16 0 0 0 0 0 0 0 538968064 3900715024 262272 0 1342177281 0 131106 536870912 0 16809984 536870912 0 536875008 6 0 0 0 0 0 0 0 0 0 0 72388608 3356668930 262784 0 768 268451840 65552 2048 262149 8264 0 1048576 4194304 0 0 32768 128 33554432 33 33554500 0 1049600 0 557088 8320 0 4194304 16777216 67108864 17072128 1024 0 1073750016 41943040 8388608 268959744 4 536870912 805306368 4341765 8388608 0 0 0 65536 256 2097184 1048576 134219776 131072 33554440 1073745928 0 0 131072 1048577 24576 67108864 0 2113536 134217729 16777248 65536 0 17825792 0 8192 21233664 0 2290223232 0 0 16777216 33685504 33554432 1073741824 4194560 0 67239952 1049091 18432 67108864 0 0 1 16777216 0 0 76546048 0 2147491840 17563648 0 144834688 0 0 16777216 33554432 0 0 0 0 0 8388608 0 0 0 0 2147483648 2050 32 0 0 0 0 0 0 67108992 16777216 67108864 150994944 0 0 0 33554432 8388608 268959744 4 537264128 32768 82052 8650752 0 0 128 0 268503040 2097248 1024 134219776 32768 0 134217728 6157 0 419495936 16 67108865 0 0 131072 8388624 2150110848 2 0 0 65664 0 67584 64 1024 0 8388608 36866 10241 0 0 8388608 8192 167788544 0 2134016 436207616 6031361 65536 0 0 0 8388608 1073774592 8388608 37120 2049 0 8192 8388624 262144 33554432 0 4096 847249408 4851969 65602 0 134217728 65536 536870912 4 0 1048576 0 0 8388608 5120 0 0 134479872 0 536870912 0 0 1073741824 0 32768 0 0 0 0 0 0 2147483648
is_linear=0
shrinkage=0.1


Tree=30
num_leaves=31
num_cat=10
split_feature=10 14 3 10 9 21 1 20 11 11 3 11 20 7 3 3 3 3 14 3 11 11 20 3 11 20 21 3 11 14
split_gain=82.5392 41.4957 39.9585 21.6566 29.8206 27.8142 20.9486 20.5424 24.3561 20.1396 21.5726 26.6677 21.2001 18.382 32.2166 31.2587 26.9763 17.8197 16.216 61.6441 28.6144 52.5751 44.9134 23.3465 39.431 40.5418 41.8166 17.5205 17.4606 16.5581
threshold=0.01679024659097195 100.50000000000001 0 0.082482084631919875 73.250000000000014 1.0000000180025095e-35 1 0.175025150179863 506.50000000000006 3.5000000000000004 2 -1.0000000180025095e-35 0.010901661124080421 1.5000000000000002 3 4 5 6 4.5000000000000009 7 106.50000000000001 149.50000000000003 0.017282916232943538 8 7.5000000000000009 0.034491527825593955 4170.5000000000009 9 60.500000000000007 1.5000000000000002
decision_type=2 2 9 2 10 2 9 2 2 2 9 2 2 2 9 9 9 9 2 9 2 2 2 9 2 2 2 9 2 2
left_child=9 2 -2 4 6 -5 -4 -3 -9 10 11 -1 -13 14 -7 -15 -16 -17 23 -20 -21 22 -22 24 29 26 -26 -25 -28 -8
right_child=1 7 3 5 -6 13 18 8 -10 -11 -12 12 -14 15 16 17 -18 -19 19 20 21 -23 -24 27 25 -27 28 -29 -30 -31
leaf_value=-0.046451816774210314 -0.038791178574212028 -0.083586139241706617 -0.043649434277202838 0.11649291287945936 0.10994331422628877 -0.034690231791113926 0.0075125273355338296 0.081570566787568716 -0.079638387505143127 -0.074516642100578331 -0.047945737569205657 0.21326187810049851 0.034527469544526318 0.033065832317298462 0.036873768206769963 -0.020352173675895188 -0.0013926794954870073 0.0051445985122066766 0.054434981516189557 -0.04912008022483455 0.57652183629948517 -0.023753501018155557 0.11028723259083811 -0.030411562082589244 0.059554557976014381 0.019141717366247403 0.19196155344187363 -0.0040484681385653714 0.41348992045142652 -0.035597709859048303
leaf_weight=40.052101683802903 246.73127102386206 88.198673853650689 125.96951712854207 21.547142580151558 22.72077496163547 272.07882049866021 925.13462495617568 19.658079013228416 17.910956799983978 150.53007113747299 166.54740652255714 7.9407753981649867 40.395109498873353 386.13416993059218 181.25552104413509 274.12816428765655 5000.7826538514346 8252.8585659395903 82.038957266137004 345.30643401108682 2.489010169170796 54.824489337392151 12.162448350340126 262.87972250021994 32.483542887493968 91.628954032436013 15.226663809269668 3484.6491559445858 4.6428108150139442 98.588841369375587
leaf_count=3085 8957 6128 2447 126 309 2526 25177 98 141 15024 14650 567 2688 3163 1112 2272 42648 68522 1765 16666 113 2018 492 8825 1056 1809 509 76783 165 3470
internal_value=-0.000838191 5.3163e-05 0.000409751 0.000913566 -0.00438596 0.00296228 -0.00485502 -0.0572092 0.00471455 -0.0455131 -0.0283875 0.0124783 0.0638905 0.00279201 -0.00178058 0.00559007 1.42328e-05 0.00430204 -0.00386426 -0.0210886 -0.0364597 0.0212168 0.189492 -0.00213112 0.0101653 0.0592516 0.129453 -0.00597379 0.243725 0.00336083
internal_weight=20727.5 20322 20196.3 19949.5 5560.75 14388.8 5538.03 125.768 37.569 405.465 254.935 88.388 48.3359 14367.2 5454.12 8913.12 5182.04 8526.99 5412.06 496.821 414.782 69.4759 14.6515 4915.23 1167.71 143.982 52.353 3747.53 19.8695 1023.72
internal_count=313311 277297 270930 261973 141604 120369 141295 6367 239 36014 20990 6340 3255 120243 46286 73957 43760 70794 138848 21054 19289 2623 605 117794 32186 3539 1730 85608 674 28647
cat_boundaries=0 23 24 48 69 90 111 135 158 180 204
cat_threshold=603981888 16777280 196608 2228256 16 4194320 20973568 134217728 0 4202496 289 0 0 0 0 2 0 4096 524292 0 0 4096 2155905024 6164761 0 134217728 128 0 0 0 0 268435456 0 8405248 0 0 0 0 0 0 0 0 0 0 0 1345191936 1946157573 418328 163840 0 402653184 0 0 0 268435456 8388608 0 0 0 201334784 1130496 8 0 0 2 3758112768 268697608 4194304 134348801 163968 16 0 0 0 0 33554432 8388608 268500992 0 262144 201334912 16842752 262152 0 0 4194304 541343744 268437512 5242912 134381569 0 570425360 16777216 0 0 262144 0 1024 0 0 0 0 131584 262208 0 16777216 33620000 272793600 83955712 2048 9439360 0 570426376 16777216 0 0 262144 0 16778240 0 0 1024 268435456 2147487744 4194368 0 16777216 528 302120960 5120 2 1075316864 0 0 16777216 2181038080 335544320 1073741824 4194304 0 131072 1048576 0 0 4608 0 33 8 98304 0 0 0 8192 32 0 0 134217728 138412128 142606336 1048576 4164 5 0 8 1073741829 4210688 704643072 536870914 12288 16 4456448 16 0 131072 4 8320 144 0 0 8192 33554432 0 16384 4194640 0 9437186 1130760 570425344 0 33689688 10 0 0 0 0 0 0 0 0 0 0 1081344 37749024 65536
is_linear=0
shrinkage=0.1


Tree=31
num_leaves=31
num_cat=13
split_feature=3 14 3 19 3 3 3 5 3 20 3 21 20 9 3 3 14 3 6 16 3 20 19 9 21 3 6 21 21 13
split_gain=75.0097 43.4237 39.5793 28.5847 47.7423 44.1415 35.8701 22.1734 19.7104 19.196 16.933 49.9715 53.0357 16.7677 101.267 29.4502 24.7776 66.0787 36.793 34.8882 25.6782 23.7281 21.9653 20.8149 20.6968 20.5359 19.463 18.887 26.7865 26.2366
threshold=0 86.500000000000014 1 0.12758449465036395 2 3 4 5 6 0.0062610846944153318 7 3934.5000000000005 0.087210297584533705 44.549999237060554 8 9 4.5000000000000009 10 5.5000000000000009 5.5000000000000009 11 0.069055881351232543 0.0087321619503200072 73.250000000000014 4093.5000000000005 12 5.5000000000000009 4073.5000000000005 3845.5000000000005 -1.0000000180025095e-35
decision_type=9 2 9 2 9 9 9 9 9 2 9 2 2 10 9 9 2 9 2 2 9 2 2 10 2 9 2 2 2 2
left_child=-1 2 -2 4 9 -6 7 -5 -8 -4 11 -7 -13 15 23 -12 25 18 -18 -19 26 22 -20 24 -15 -17 -21 28 -24 -30
right_child=1 -3 3 6 5 10 8 -9 -10 -11 13 12 -14 14 -16 16 17 19 21 20 -22 -23 27 -25 -26 -27 -28 -29 29 -31
leaf_value=-0.061368579194206921 -0.046755140347549032 -0.057218579104975735 0.090121295058109369 0.029633693383815857 0.035760420126081216 -0.049848930502582288 -0.019572124517341118 -0.068593072578042258 0.0043706187158786226 -0.042820429544999025 -0.027394337098577845 -0.028367447452596478 0.10596330135426515 0.091819505701381865 -0.0074736781236428036 0.017923344261929808 -0.032202782235808317 -0.059709621783394243 -0.083189418354300604 0.086737791562216476 -0.03341212041486373 0.007999842498095891 0.10370801223342191 0.17578240543541923 0.027638453501559607 -0.0014726704504438466 -0.0052588268980022701 0.086294937166873711 0.18420452843012608 0.5266384232194451
leaf_weight=192.63189830491319 168.34481756947935 132.81660529784858 11.208003237843512 694.9302347637713 302.798943400383 244.20934421475977 352.86476431414485 15.325440615415571 6673.1413847412914 351.29988816846162 453.84435639809817 68.915405709296465 51.247308023273945 111.11235447786748 710.47851522639394 572.17597176320851 48.04160775244236 295.7700283639133 5.446788706816732 40.227342166937888 146.67955138068646 35.551564762368798 11.735695512034001 17.73069941624999 91.720526241697371 8743.7420081533492 53.689092080108821 40.143263945356011 5.1774274688214046 3.940246039070189
leaf_count=17740 9330 7199 68 4796 2591 3988 2826 108 42916 5907 10856 3674 240 1863 12629 12734 1578 12863 387 1144 3550 586 253 197 1691 148413 1495 985 150 96
internal_value=-0.000825632 -0.000225346 0.000147038 0.000561746 -0.0024107 -0.00131799 0.00533332 0.0265913 0.00314204 -0.037671 -0.00230296 -0.0232341 0.0289223 -0.0016134 0.0112448 -0.00275988 -0.00161311 -0.0199506 0.0374555 -0.0360352 -0.00842951 0.0739382 0.10922 0.0687621 0.062797 -0.000263725 0.0308603 0.126401 0.203606 0.332189
internal_weight=20646.9 20454.3 20321.5 20153.1 12416.9 12054.4 7736.26 710.256 7026.01 362.508 11751.6 364.372 120.163 11387.2 931.042 10456.2 10002.3 686.403 150.037 536.366 240.596 101.995 66.4434 220.564 202.833 9315.92 93.9164 60.9966 20.8534 9.11767
internal_count=312853 295113 287914 278584 227938 221963 50646 4904 45742 5975 219372 7902 3914 211470 16380 195090 184234 23087 4035 19052 6189 2457 1871 3751 3554 161147 2639 1484 499 246
cat_boundaries=0 24 48 72 96 118 119 140 164 187 211 235 253 276
cat_threshold=64 150994944 2048 0 16 0 0 268435456 0 3758358544 0 0 1073741824 436207616 4 0 0 0 0 0 0 2454257696 268451840 4344848 0 2097152 393216 4128 49152 4194304 17301536 671088640 0 3145772 4144 0 8 512 0 0 0 0 0 0 0 16777216 16778760 262912 2048 33554440 67174656 131072 0 0 262144 33554432 0 2 34078720 33554432 33685504 8206 0 17833984 0 0 524288 16777248 163840 1073741952 0 4226 0 536870928 0 1024 0 33816576 65536 2048 0 0 0 0 20484 263232 0 134217728 2151678464 32768 4194560 3145728 203950272 8192 0 16777216 0 10 8388608 0 0 0 262144 0 0 0 0 1107296256 53510144 266246 0 17833984 0 4472832 336332800 4194336 8421376 2048 10 16777216 8388608 0 0 0 0 0 0 268435456 0 536870912 276824064 20484 1056 0 134217728 512 3221225472 65536 18 136383488 1073741824 0 8192 65536 0 3149824 9224 0 16384 403312128 294922 0 32 0 0 131072 0 4096 2147483648 0 8388608 4096 1075838978 8196 2415919104 4194306 8421376 4194560 0 16 8388612 0 570425344 4194304 73728 2013274113 5767168 65552 0 0 0 8388608 32 0 1073741824 0 4 2147483648 4194304 0 4194304 0 16 142622852 67117056 0 4202560 65536 738467840 0 0 0 34 192 33554432 1179648 0 1073741824 0 33554432 40 34209792 2 1073741824 0 0 131072 5242880 4194304 67108864 4352 0 2147483649 18874625 102400 0 0 1056 3221225472 32 0 2147483648 134217728 4194400 1 687865856 276824068 0 8 0 8 2097152 16384 536870912 0 8192 0 1575952 0 0 0 0 8192 134217728 321 4096 2048 0 139264 268435458 16793600 402653184 0 155648 128 2684354560 0 0 0 539033600 276824064 4112 2048 1025 2048 8388608
is_linear=0
shrinkage=0.1


Tree=32
num_leaves=31
num_cat=17
split_feature=3 3 14 3 2 14 3 16 3 3 16 3 3 16 14 3 9 3 21 11 3 16 3 3 3 3 20 20 20 3
split_gain=68.2443 35.7795 33.6041 25.9491 25.2909 19.8832 115.138 99.2804 73.2062 54.5357 37.6731 110.09 43.4914 30.5619 33.707 27.4125 28.2044 26.7031 24.7069 24.1563 24.1548 23.8543 107.507 72.726 38.5123 28.5638 22.4872 51.0362 22.2725 20.7319
threshold=0 1 235.50000000000003 2 3 2.5000000000000004 4 8.5000000000000018 5 6 29.500000000000004 7 8 30.500000000000004 153.50000000000003 9 43.95000076293946 10 3697.5000000000005 68.500000000000014 11 1.5000000000000002 12 13 14 15 0.10476860404014589 0.083711676299572005 0.39108999073505407 16
decision_type=9 9 2 9 9 2 9 2 9 9 2 9 9 2 2 9 10 9 2 2 9 2 9 9 9 9 2 2 2 9
left_child=4 -2 3 -3 -1 10 28 9 13 -8 12 19 -5 18 -15 16 26 -14 -9 -12 -13 24 -23 -24 -19 -26 27 -11 -7 -25
right_child=1 2 -4 5 -6 6 7 8 -10 15 11 20 17 14 -16 -17 -18 21 -20 -21 -22 22 23 29 25 -27 -28 -29 -30 -31
leaf_value=0.065994996124503782 -0.04070622654092157 -0.043026633194869476 -0.084472783766625356 -0.027904674309733021 -0.06012805929190182 0.11968166663581203 -0.055144369965805129 0.16479721661817051 -0.018638874988944534 0.026364656941236776 -0.0040013501161167654 0.028734116261414006 0.024232547718158613 0.005709928668184627 0.15880675447444847 -0.017125626695230801 0.25152505610850495 -0.022766015067084665 0.052604777983164722 0.14428301581592351 -0.053909397895898395 -0.048069098372047571 0.059683723802378255 -0.021948499973807899 0.019979836459890925 0.0016385920120738726 -0.025844883678051087 0.41101711838874577 -0.0085928535165360666 0.014368675371119081
leaf_weight=10.993160183075814 196.5869942815043 121.13275852520019 45.761675941757858 422.92229815479368 228.44436539709568 86.723274000920355 572.28085732460022 21.694111231714487 478.10927850659937 14.424190917983653 14.581946539692579 36.84500346519053 631.04285076167434 265.65941195376217 15.203972712159155 381.15785833494738 7.0470298193395129 601.68999263085425 206.16754430998117 44.549557145684958 347.94694092916325 257.17767004482448 361.73527390602976 164.31749724596739 902.18125188816339 12373.213319505099 25.180443527176976 4.5335226729512206 16.039431422948837 1813.4767709658481
leaf_count=890 9567 6886 2963 6355 17326 1270 18896 210 8236 410 243 567 11606 2439 110 10082 121 10801 2435 469 8096 4181 4325 2313 9426 149578 175 53 65 23167
internal_value=6.60346e-05 0.000700442 0.00112267 0.00131726 -0.0519238 0.0016056 -0.007615 -0.0130849 0.00937757 -0.0352798 0.00268096 -0.0260884 0.0034096 0.0353789 0.0139975 -0.00753592 0.0550029 0.00419771 0.0632863 0.0921345 -0.0454686 0.00341602 0.0122149 0.0189661 0.00177202 0.00289914 0.036088 0.11835 0.0908222 0.0112562
internal_weight=20668.8 20429.4 20232.8 20187 239.438 20065.9 2094.22 1991.46 986.834 1004.62 17971.7 443.923 17527.8 508.725 280.863 432.343 51.1852 17104.8 227.862 59.1315 384.792 16473.8 2596.71 2339.53 13877.1 13275.4 44.1382 18.9577 102.763 1977.79
internal_count=313261 295045 285478 282515 18216 275629 44502 43167 13430 29737 231127 9375 221752 5194 2549 10841 759 215397 2645 712 8663 203791 33986 29805 169805 159004 638 463 1335 25480
cat_boundaries=0 24 48 72 84 107 127 141 164 187 211 234 256 280 304 328 352 376
cat_threshold=0 0 147456 0 0 75497472 16384 0 1048576 3221225482 8 0 1073741824 436207616 4 0 0 0 0 0 1048576 322998304 4122 2100 0 136314880 67108864 32 49152 4194304 134217728 403701761 131072 100663873 16 48 0 0 0 8388608 0 2147483648 0 0 0 8454144 87557120 1024 2048 0 67584 196612 0 1048578 16785408 33554432 0 134889504 33554466 0 0 64 0 131072 0 4096 0 0 2048 1141374976 268435461 163968 16777248 2214594592 0 0 0 4203648 536870912 0 4194304 0 41947136 2 2181038080 33554432 0 0 0 0 1048576 553648128 0 4194304 0 1 16777216 4 0 1048576 0 0 524320 0 2281701504 135266304 4194304 1208483840 4 1073774848 4194304 0 8 0 4194304 536870912 0 2121728 1241513984 1443952 98336 0 0 0 24576 1024 4194304 680001536 5 8425472 4195328 0 8 0 0 570425344 0 90112 1207959552 4003953 65568 134742016 33554496 8 0 0 536879112 1024 4194304 0 0 4 134217856 48 48 0 134217728 544 268435456 352321536 16777216 10485888 0 128 33554432 33554432 8 0 0 2684362752 1213952 16777216 0 4198400 262148 0 0 32772 0 1048577 0 268435456 2165833728 0 2155872384 1048576 37748864 16777216 1073741824 0 257 0 131072 14680064 0 16384 0 0 2147491840 16384 0 0 134217728 0 1073741824 8 0 67108896 0 8288 4194305 0 16 16781312 8192 0 8 33554432 1024 302055424 0 69632 0 2717945860 8388610 0 0 33554432 541065216 65540 32 32768 134217728 2684420096 0 1073741824 8388608 256 0 131072 542117888 16384 33636352 2129920 163840 0 4259840 36864 0 1048576 4259856 40960 525440 0 0 8192 2164260864 83886080 32768 0 0 268697600 6291472 536870912 524288 539034896 131072 1073741824 1 0 0 0 32 1073774592 335544576 0 0 2359296 134217760 512 134217728 541065225 2 2048 0 16 0 270336 67108864 0 2121728 1 0 65552 0 16777216 4 8650752 0 0 2228224 0 0 16777216 655360 1346371849 2 2048 0 33554432 524293 24576 0 262144 557056 134217729 16777216 65536 0 83886080 512 0 262272 16 2097152 0 64 16777216 18874368 67108866 0 1024 0 1342439424 4096 8388608 0 807403540 536870912 603979776 4210689 0 0 0 160 65536 0 64 1 264192 134217760 512 2097152 0 402915328 0 0 131072 8392968 8388608 0 277872644 536870912 545259520 212992 263168 0 0 16 0 2048 0 268500992 8192 8192 8264
is_linear=0
shrinkage=0.1


Tree=33
num_leaves=31
num_cat=13
split_feature=3 2 14 3 3 3 11 3 11 3 14 9 20 17 14 3 3 3 3 19 20 14 9 11 11 20 3 7 3 6
split_gain=58.4306 32.6649 29.5706 98.2749 36.8759 25.6319 50.0142 45.3634 24.282 20.6742 26.9561 25.3825 27.7422 20.4279 62.1772 43.8485 27.8229 25.7539 18.6842 17.8884 27.8959 23.1177 26.7577 19.2914 16.81 16.6781 15.4612 14.577 40.3821 14.5154
threshold=0 1 9.5000000000000018 2 3 4 -1.0000000180025095e-35 5 258.50000000000006 6 100.50000000000001 35.250000000000007 0.095492035150527968 44.500000000000007 1.0000000180025095e-35 7 8 9 10 0.02738443668931723 0.022360279224812988 46.500000000000007 23.849999427795414 106.50000000000001 11.500000000000002 0.023624345660209659 11 5.5000000000000009 12 8.5000000000000018
decision_type=9 9 2 9 9 9 2 9 2 9 2 10 2 2 2 9 9 9 9 2 2 2 10 2 2 2 9 2 9 2
left_child=1 -1 4 9 8 6 7 -6 -2 10 -4 19 -13 17 15 -15 -16 -7 -17 20 21 -11 23 -23 -18 -20 -19 -28 -29 -9
right_child=2 -3 3 -5 5 13 -8 29 -10 11 -12 12 -14 14 16 18 24 26 25 -21 -22 22 -24 -25 -26 -27 27 28 -30 -31
leaf_value=0.080966319579470925 -0.042321801776077049 -0.058938133316461638 0.1166877695549 -0.042887325896686937 -0.051195522777126058 -0.033409026999701837 0.035191236053458329 0.017300909233153774 0.16286236816380092 -0.052880657107339926 -0.081566889522787178 -0.02673851538758136 0.10688144157424904 -0.032137065332639971 0.021212400453505892 -0.0046907511615863762 -0.053518738609197813 -0.023236909594874736 0.13067824565870628 -0.01512644774593516 0.31237377660655608 0.094432169487403239 -0.10180434962405255 0.42406751852575497 0.0063721278123367586 0.03082454545770252 0.0019941783825754181 0.043438940637156809 -0.0014648366131283287 0.11458081804630348
leaf_weight=10.916170287411658 245.48510897858068 219.12768404697999 48.563727082684636 556.67737001786008 146.48317068722099 194.22845827182755 568.31591002829373 50.018037777394056 5.9063949659466735 14.246868062764412 7.9859941238537422 22.807426419109106 48.750883806496859 196.9675816334784 69.756114278919995 181.04552051052451 408.77367196697742 223.6603105305694 17.566939456854016 193.08885201346129 4.0628733979538074 3.7409649528563005 3.0827087657526135 3.3790298737585545 52.933369668666273 349.83305771742016 15921.427618775982 310.71293387748301 539.97682400327176 22.122484095394611
leaf_count=931 11113 16857 405 20945 3284 8195 8655 349 240 700 313 644 268 2469 1257 1610 8342 7451 821 2655 186 144 226 167 850 4152 200324 3071 6214 156
internal_value=-0.000153205 -0.0492029 0.000423496 -0.017233 0.00124419 0.00174917 0.0193097 -0.0210913 -0.0360664 0.0241403 0.0753632 0.0120996 0.0642934 0.000990806 -0.011212 0.00742083 -0.0373458 0.00189781 0.0218158 -0.00420858 0.0697282 0.029407 0.144312 0.250872 -0.0456634 0.0346557 0.00231959 0.00267404 0.0154296 0.0413945
internal_weight=20641.6 230.044 20411.6 906.387 19505.2 19253.8 786.94 218.624 251.392 349.709 56.5497 293.16 71.5583 18466.9 1276.88 745.413 531.463 17190 548.446 221.601 28.5124 24.4496 10.2027 7.11999 461.707 367.4 16995.8 16772.1 850.69 72.1405
internal_count=312994 17788 295206 26653 268553 257200 12444 3789 11353 5708 718 4990 912 244756 19501 9052 10449 225255 6583 4078 1423 1237 537 311 9192 4973 217060 209609 9285 505
cat_boundaries=0 24 36 57 81 103 122 143 164 186 210 233 257 276
cat_threshold=0 1073741824 131072 64 16384 0 0 0 0 13697024 34 0 1073741824 436207616 4 0 0 8192 2 1048576 0 859832352 34880 34817 16777248 2214594592 128 67108864 0 9344 536870912 0 2048 0 8388608 2 302546944 12582914 1140883714 4194304 0 0 2097152 4194304 16384 256 2097152 33554464 196864 65536 0 1048576 1024 3221225472 524320 0 2147483648 33554432 2097152 65536 131104 32768 541065216 18352128 138412032 131072 16781832 272 0 0 0 0 0 0 0 655360 0 0 8454144 135271432 263168 268566528 33554505 268435456 1 0 0 4 16777216 268500992 0 4096 0 2147483652 8220 0 134217728 65540 294912 269549568 6291488 2048 2048 268566528 33554441 0 1 0 0 0 16777216 0 0 4096 0 2147483648 20 0 0 4 294912 268435456 33554432 0 0 4194304 0 0 0 0 0 0 0 0 131072 0 0 1048576 0 3221225472 524320 0 2147483648 17334272 276824066 1073774594 256 0 0 8388608 8192 100663296 0 538968064 2315255808 55574545 2 0 0 0 2147483648 1024 0 2155873280 2164785152 2 67108864 0 0 0 8392704 0 67108864 8192 2162688 129 32898 32768 0 0 0 16384 0 18 134217728 134217728 2099200 4194304 128 65536 0 0 8451 1024 1048576 2416451712 0 0 32768 0 0 0 64 0 128 0 0 1073774592 378274304 20608 1082130432 67108864 83886336 4196368 0 268435464 134217728 16384 0 0 65536 335544320 8523552 0 0 32768 0 4194304 4196352 16 1048576 0 4194304 0 0 17408 0 0 2148532224 49152 570425344 0 1744848896 525321 536870912 0 0 0 32 16 0 0 0 1179648 659456 2179074 73728 134742016 276824070 75530496 3080 0 8 0 0 33554432 0 8192 2181038080 14565379 65536 0 0 0 8388608 2048
is_linear=0
shrinkage=0.1


Tree=34
num_leaves=31
num_cat=15
split_feature=3 10 14 9 3 21 3 3 20 7 3 3 3 11 3 3 3 17 3 9 3 1 11 3 7 14 16 19 3 21
split_gain=58.4141 32.907 27.6405 27.044 73.6127 32.7764 27.3346 24.5629 24.4228 18.753 30.2365 27.3897 24.1326 23.761 21.804 21.37 21.3087 21.8169 38.2603 19.2617 19.838 18.244 21.7606 20.2939 17.0697 16.5642 15.9295 15.2636 15.179 18.0521
threshold=0 0.072138916701078429 86.500000000000014 43.250000000000007 1 3738.5000000000005 2 3 0.030780239962041381 1.5000000000000002 4 5 6 -1.0000000180025095e-35 7 8 9 9.5000000000000018 10 52.149999618530281 11 12 9.5000000000000018 13 3.5000000000000004 35.500000000000007 3.5000000000000004 0.031835732981562621 14 1127.5000000000002
decision_type=9 2 2 10 9 2 9 9 2 2 9 9 9 2 9 9 9 2 9 10 9 9 2 9 2 2 2 2 9 2
left_child=-1 2 3 7 5 8 -6 25 -5 10 -3 13 -11 14 -12 -13 -14 21 -19 -17 -21 22 23 -18 -24 26 -2 -7 -9 -30
right_child=1 9 -4 4 6 27 -8 28 -10 12 11 15 16 -15 -16 19 17 18 -20 20 -22 -23 24 -25 -26 -27 -28 -29 29 -31
leaf_value=-0.056393879893168623 -0.026223225036129106 -0.031586156487079596 -0.0714607486240246 0.29356991069943739 0.026667745538765626 0.11040836882920245 -0.037911944097690053 0.010155568585908333 0.10828925527922793 0.042787212781268673 0.019324085467331702 0.054553145878058457 -0.035301248800610134 -0.0162995299347778 -0.043900716308210401 0.0019875246507128682 -0.015822973098334178 -0.027022274019625755 0.012731449134162945 0.072887743237138522 -0.0031081941081566788 0.005498263370850064 0.12880263413190005 0.036500842239395564 0.0079059136678937911 0.13535876749347783 -0.079022971222882821 0.026592104390708811 -0.046603185698488848 -0.0072177466572773009
leaf_weight=175.95047683874145 247.45891362894326 321.11008942127228 65.631621886510402 9.0299211209639889 94.277245972771198 28.182194037828594 174.63994705630466 489.18402239307761 33.536512946709991 156.15875241532922 368.90016582235694 74.054384909570217 124.18794448673725 1458.3023694008589 54.453904751688242 3357.0607772376388 109.33509016782045 531.65696118585765 431.32799466326833 68.958001304417849 68.020620716735721 7871.4166626613587 34.98671305924654 203.70283300802112 17.530546884983778 5.5804455433972171 74.295152174774557 94.855781374964863 120.10797092691064 3743.2611189703457
leaf_count=16459 8902 2876 6379 162 3206 884 6310 13975 604 1187 3384 638 1027 14578 373 27596 796 5843 3496 535 673 66884 220 1279 121 112 3331 1653 3476 115834
internal_value=-0.000599301 -9.11603e-05 -0.00697744 -0.00614995 0.0177144 0.06786 -0.0151271 -0.00836573 0.147594 0.0022477 -0.00224673 -0.000459193 0.00498355 -0.0101907 0.0106113 0.00468692 0.00429992 0.00487224 -0.00936469 0.00347736 0.040244 0.0065426 0.0281106 0.0188862 0.0884467 -0.0344016 -0.038415 0.0457905 -0.00631415 -0.0084204
internal_weight=20607.2 20431.2 5180.04 5114.41 434.522 165.604 268.917 4679.89 42.5664 15251.2 5770.86 5449.75 9480.3 1881.66 423.354 3568.09 9324.14 9199.96 962.985 3494.04 136.979 8236.97 365.555 313.038 52.5173 327.335 321.754 123.038 4352.55 3863.37
internal_count=312793 296334 164828 158449 12819 3303 9516 145630 766 131506 50653 47777 80853 18335 3757 29442 79666 78639 9339 28804 1208 69300 2416 2075 341 12345 12233 2537 133285 119310
cat_boundaries=0 24 48 72 96 117 138 159 178 199 220 242 255 256 277 301
cat_threshold=0 0 0 64 51200 0 16384 1 0 540672 12 0 1073741824 436207744 4 268435456 0 131080 16 0 0 38862880 1029 11328 2432696320 4194304 0 4196608 0 33587216 12583428 8192 33554432 4202496 622592 0 4718600 65552 0 0 0 0 32 0 0 2147483648 553648128 16384 201326592 1073741826 0 0 0 0 136315018 4194304 603979776 536905728 8192 0 2048 0 0 0 0 4096 0 0 32 32768 1245823056 24 2181038080 2097152 67240064 4194336 0 4227088 138412064 201326592 131072 4196418 65536 0 0 0 0 2 0 0 0 0 0 2148147200 1627389960 131072 32768 0 268435458 0 0 0 0 8390656 0 0 0 201335936 16793668 16781322 0 134217728 2 536870912 256 5242912 134414336 131200 8388608 0 0 0 0 301989888 262400 268976128 0 2228224 536870912 1793 36 0 0 33554464 2147500032 268436488 16777216 32769 131072 0 134217728 0 0 268435456 33554432 2048 0 0 0 536879104 33554432 4104 0 0 0 0 268435456 22020128 134381568 0 8388608 0 0 0 0 0 262144 0 0 2097152 0 257 32 0 0 0 0 1024 0 570425352 0 0 0 262144 0 1024 0 0 4096 0 128 0 0 16777216 196608 8192 589828 2048 2176 0 536871952 0 0 0 270336 0 0 0 0 1024 0 2147483648 8397824 0 0 196640 268435584 0 2 1075316864 557056 75497472 16809984 0 0 0 262144 0 16384 0 536887296 3330277376 3278131 0 0 1048576 0 2147483648 525320 0 1024 2048 0 67108864 33024 0 0 0 0 0 0 0 16384 1082130432 2162722 42076168 0 256 0 0 0 0 0 0 0 0 0 1024 0 16777216 0 32768 2183135248 2147500032 67635200 2064 66561 1075838976 134217728 0 2103324 0 1611202560 69634 0 167772160 536871172 0 1 0 0 0 0 260 65536 128 0 0 134479872 4194336 32769
is_linear=0
shrinkage=0.1


Tree=35
num_leaves=31
num_cat=17
split_feature=3 3 2 14 3 17 14 3 3 3 3 7 3 14 3 16 3 14 17 3 3 16 3 3 11 3 16 3 10 17
split_gain=56.2004 28.3399 21.9474 21.6403 19.662 17.8711 57.5076 46.7352 27.6925 24.9718 21.8003 16.9862 30.2865 18.4481 85.9042 30.3641 38.3354 24.9607 93.29 68.0209 50.1378 47.6059 59.976 41.9584 40.5354 64.7058 41.2364 48.8475 43.4627 37.1197
threshold=0 1 2 235.50000000000003 3 44.500000000000007 1.0000000180025095e-35 4 5 6 7 5.5000000000000009 8 8.5000000000000018 9 5.5000000000000009 10 1.0000000180025095e-35 1.0000000180025095e-35 11 12 17.500000000000004 13 14 37.500000000000007 15 1.5000000000000002 16 0.056925732642412193 1.0000000180025095e-35
decision_type=9 9 9 2 9 2 2 9 9 9 9 2 9 2 9 2 9 2 2 9 9 2 9 9 2 9 2 9 2 2
left_child=2 -2 -1 4 -3 9 7 -7 -8 -6 -9 13 -13 17 -15 -16 -17 21 19 -19 -20 23 -23 -11 26 -26 27 -21 -28 -25
right_child=1 3 -4 -5 5 6 8 10 -10 11 -12 12 -14 14 15 16 -18 18 20 24 -22 22 -24 29 25 -27 28 -29 -30 -31
leaf_value=0.050490009108843804 -0.040383837578608493 0.013318282766133595 -0.061333991002403901 -0.074357344413421164 -0.033407999773160238 0.045165429526581841 0.020723126037652115 -0.046615879654190284 -0.044252056298198589 -0.04089455065650003 0.00189600415964057 0.040357370011000315 0.0012779931349072831 0.031914257100055791 -0.068200413097784893 0.023368240693378513 -0.050721537340820799 -0.024437380037726265 0.04085672515781251 -0.033547926778590857 -0.022427793973636503 0.070867507264587973 -0.051045281975250795 -3.1089721036867616e-05 0.071709080208859008 -0.020153357201732103 0.12583135948852517 0.041105475517149881 0.050236777154507577 0.024356470051259436
leaf_weight=14.465641924180089 160.01749173877761 1163.8384756231681 188.48123205080628 38.426919750869274 200.92233040742576 213.51083650905639 73.898274677805603 112.44686635583639 473.21985744545236 231.01346883689985 384.55749827669933 292.88820014847443 588.37156430026516 249.99389598006383 214.38794567110017 122.22621619142592 142.79438181500882 229.87008489109576 137.26884689554572 113.97874886915088 867.01651343051344 38.475442746654153 309.90987293655053 12154.838821326848 96.167826725170016 266.95825904002413 90.835048054344952 307.64882837422192 467.47119412757456 657.90150580089539
leaf_count=1369 9314 8613 14327 2950 9189 2300 1521 1648 10811 5712 5187 2892 7521 4920 11445 2735 3258 2598 1788 1588 16150 487 8034 152044 926 4649 2577 4916 4153 7759
internal_value=-0.000259908 0.000273545 -0.0513667 0.000614752 0.000757661 -1.71635e-05 -0.0115374 0.00722726 -0.035906 0.000797642 -0.00978273 0.0012069 0.0147385 0.000493499 -0.0150588 -0.0393974 -0.0175838 0.00120385 0.0102161 0.0254187 -0.0135944 -0.000530492 -0.0370123 0.000443901 0.0338814 0.00559464 0.0447092 0.0211036 0.0625358 0.0012202
internal_weight=20603.8 20400.9 202.947 20240.8 20202.4 19038.6 1257.63 710.515 547.118 17780.9 497.004 17580 881.26 16698.8 729.402 479.409 265.021 15969.4 2577.22 1572.93 1004.29 13392.1 348.385 13043.8 1343.06 363.126 979.934 421.628 558.306 12812.7
internal_count=313381 297685 15696 288371 285421 276808 21467 9135 12332 255341 6835 246152 10413 235739 22358 17438 5993 213381 39345 21407 17938 174036 8521 165515 18809 5575 13234 6504 6730 159803
cat_boundaries=0 24 48 60 84 108 130 154 175 198 222 236 257 280 301 325 348 370
cat_threshold=64 2097152 0 4 0 4 2048 0 0 1049616 4 0 536870916 436208128 4 0 2097152 0 0 16777216 0 658538528 276826368 3088 2099200 4194368 65664 34 49152 4194304 16777248 134217728 0 8388928 16 8192 67108864 16777216 0 0 0 0 8 2048 1 2147811328 1050120 8192 16777248 2348812320 128 67108864 0 9344 536870912 0 4196352 0 8388608 2 268435456 24 268435720 0 0 524288 262148 25166848 0 0 790528 0 2181038080 0 0 8388608 1158 541462528 69632 0 67108864 0 0 20971520 1745354752 256 8388608 1032 536870912 0 0 0 16384 0 16384 8388608 8917578 52 0 134217728 66048 8396800 67108992 2 131072 0 0 32 2164260864 2 67108864 4194304 0 0 4097 0 67108864 8192 65536 1644167169 2196610 32784 0 0 0 0 1024 4194354 0 134217728 0 17825792 0 196608 0 2 2 67108864 524288 0 98304 0 0 0 0 0 520 0 3 2 131072 1073741824 120176640 282754 2206203904 276824066 32768 257 0 0 8388608 4194304 33554432 0 0 2449473536 5242881 2 0 0 0 0 268438528 16 2155873280 33554432 75497478 32768 9224 0 0 0 4456448 0 0 536879104 2147483648 1998866 0 0 0 0 8388608 0 0 134217728 2048 32 1107427328 8388608 1140883456 4194304 0 0 0 4456448 16384 4202496 16384 8388640 476416 65536 0 1048576 0 3221233664 524320 0 2147483648 0 4194304 32 150994944 4 0 1280 0 8 2097152 0 536870912 0 2105344 2214592512 2623536 4 32768 0 75530240 1024 0 24 138412032 270848 0 0 0 603980800 495616 8200 0 0 2147614768 1073741824 2048 0 2098176 1073774592 1073741824 4096 1 0 131072 536870912 0 536870912 0 0 67108864 17137920 65556 0 134217728 32 2155888640 524288 16 2147484800 134217728 4194304 150994944 33554432 1073741824 256 0 8200 4194816 8192 0 536870912 8192 128 48 5120 0 17825792 32 0 67108864 0 2150629376 1107296256 1107297280 131076 0 0 537001984 4228609 8192 0 2151677952 0 1 0 0 0 1048576 4194304 2181070848 524288 0 526464 1048576 130 1 2148007936 33554436 0 0 0 0 0 4212736 100663296 0 0 134217729 2144 262176 0 1048576 4194304 268468224 525312 0 2148040704 0 128 671088640 8388611 1073745922 4194304 0 0 0 0 67125248 4194304 0 134217728 1049208 65536 0 0 0 8388608 4718624 0 0 2048
is_linear=0
shrinkage=0.1


Tree=36
num_leaves=31
num_cat=3
split_feature=10 11 6 1 16 11 16 11 9 16 1 21 10 21 11 9 7 6 6 10 10 21 17 10 10 2 21 11 7 21
split_gain=38.6343 27.908 18.2683 21.8267 28.3904 27.4195 18.0524 52.684 35.8199 17.7194 16.4687 19.1939 17.3713 16.2029 17.846 15.5678 14.9458 14.2781 13.4896 15.5318 12.7271 15.2937 16.1877 16.1632 13.6355 12.2492 16.9153 18.6297 16.4199 11.7107
threshold=0.01679024659097195 2.5000000000000004 4.5000000000000009 0 28.500000000000004 -1.0000000180025095e-35 1.5000000000000002 1.5000000000000002 73.250000000000014 88.500000000000014 1 230.50000000000003 0.072138916701078429 4150.5000000000009 149.50000000000003 31.050000190734867 4.5000000000000009 2.5000000000000004 1.5000000000000002 0.051300967112183578 0.093513358384370818 3778.5000000000005 5.5000000000000009 0.1092083938419819 0.48512199521064764 2 3871.5000000000005 -1.0000000180025095e-35 3.5000000000000004 646.50000000000011
decision_type=2 2 2 9 2 2 2 2 10 2 9 2 2 2 2 10 2 2 2 2 2 2 2 2 2 9 2 2 2 2
left_child=1 25 10 5 6 -4 7 16 -8 -7 -2 12 -12 15 -15 -6 20 -14 -13 -20 29 22 23 -22 -23 -1 -27 -28 -29 -5
right_child=2 -3 3 4 13 9 8 -9 -10 -11 11 18 17 14 -16 -17 -18 -19 19 -21 21 24 -24 -25 -26 26 27 28 -30 -31
leaf_value=0.067397444000660223 -0.019981497388242158 -0.069787266654272748 -0.021690984302622118 -0.041826145054699532 -0.024417244815860883 0.022832004784432189 0.0049760114809880868 -0.034625753846856039 0.16604231291454824 0.13608810773806743 -0.049373779322364295 -0.0033309999294770009 0.093670831615308647 -0.042015886260218155 0.012477035532316697 -0.070235092944669258 0.010011393506067676 0.023530140722979098 -0.006224693412911049 0.009558260822589662 -0.014426612279497148 -0.0035428674310412356 -0.035789269534127331 0.013272593106391565 -0.055482895162123437 -0.047133682370483272 -0.037947091292414331 0.019701270069181376 0.14813961606624507 -0.0073252772797141865
leaf_weight=9.0429096524603647 257.24781954847276 131.53876353008673 156.45029427483678 101.84590689837933 296.73769009113312 536.61881711147726 2432.6945438450202 522.02902380703017 13.886325709521769 14.17923643812537 17.734258455224335 1613.4027548027225 55.317529829218984 87.182565780356526 193.44989575119689 98.865925636142492 936.24406861420721 61.053977686911821 732.6774587794207 4184.7227919856086 246.25850499793887 3177.7202131636441 83.647136878222227 1457.5006420575082 51.36056824028492 100.06017926614732 44.278238891158253 44.559522149153054 12.816589794121681 2894.3306624582037
leaf_count=791 2543 15933 1329 1895 5293 4023 39651 13949 117 102 376 22214 423 2037 3045 1747 10235 433 27537 40252 2510 26308 740 9478 208 10923 4032 3376 949 60936
internal_value=-0.000328859 -0.033644 0.00023503 -0.00193319 -0.00289608 0.015041 -0.00176737 -0.00374552 0.00589019 0.0257476 0.00440128 0.00536432 0.0428217 -0.0228304 -0.00445199 -0.0358677 -0.00194414 0.0568717 0.00460337 0.00720665 -0.00334109 -0.000261021 0.00716036 0.009269 -0.00436901 -0.0110861 -0.0170981 0.0107845 0.0483916 -0.00849803
internal_weight=20565.5 342.296 20223.2 13301 12593.8 707.248 11917.5 9470.94 2446.58 550.798 6922.16 6664.91 134.106 676.236 280.632 395.604 8948.91 116.372 6530.8 4917.4 8012.66 5016.49 1787.41 1703.76 3229.08 210.757 201.715 101.654 57.3761 2996.18
internal_count=313385 36004 277381 183603 178149 5454 166027 126259 39768 4125 93778 91235 1232 12122 5082 7040 112310 856 90003 67789 102075 39244 12728 11988 26516 20071 19280 8357 4325 62831
cat_boundaries=0 1 2 14
cat_threshold=115343360 106168384 16778240 2214592512 128 67108864 0 4195456 0 0 4196352 0 41947136 2
is_linear=0
shrinkage=0.1


Tree=37
num_leaves=31
num_cat=17
split_feature=3 3 14 3 16 3 2 11 3 3 3 16 9 16 17 14 3 14 17 3 17 16 3 3 3 3 3 16 3 3
split_gain=46.4589 25.4139 27.2209 67.4238 38.4883 27.1439 21.3239 20.7687 21.801 19.3703 18.3065 22.8343 17.1455 16.9096 16.3559 55.4922 43.7097 24.2793 106.071 56.4511 49.5754 81.8848 112.499 65.7536 46.0851 43.5959 33.3424 32.9431 29.8567 29.6721
threshold=0 1 7.5000000000000009 2 70.500000000000014 3 4 506.50000000000006 5 6 7 180.50000000000003 52.149999618530281 1.5000000000000002 44.500000000000007 1.0000000180025095e-35 8 1.0000000180025095e-35 1.0000000180025095e-35 9 1.0000000180025095e-35 3.5000000000000004 10 11 12 13 14 1.5000000000000002 15 16
decision_type=9 9 2 9 2 9 9 2 9 9 9 2 10 2 2 2 9 2 2 9 2 2 9 9 9 9 9 2 9 9
left_child=6 -2 9 13 5 -5 -1 -6 -9 -3 -11 14 -7 -4 17 16 -16 20 24 -20 21 25 -23 -22 -19 -12 -27 -21 -29 -26
right_child=1 2 3 4 7 12 -8 8 -10 10 11 -13 -14 -15 15 -17 -18 18 19 27 23 22 -24 -25 29 26 -28 28 -30 -31
leaf_value=0.05523489513347405 -0.037324671444172508 0.025248480194675373 -0.047720783906863171 -0.064101904594312031 0.086845837466369369 -0.027096958250068789 -0.062423371904627857 0.046651314379484166 -0.046575144148951059 -0.028044562922555125 -0.030542080607012176 -0.088523862432218228 0.058695965750344206 0.026836057862773918 -0.036600747252169122 -0.034812396805239336 0.020435674954658145 0.061900511037960543 0.036774635972935302 -0.047527016924649869 -0.034904753651482767 0.058999849755277937 -0.048783470465279408 0.037235002182183362 -0.021071698104868173 0.022842305377281599 0.001155206464101443 -0.033269658400463815 0.013190083625920898 0.024024341956491654
leaf_weight=11.796368376817552 164.90401276340708 336.23086150083691 33.493816327769309 311.01915055094287 32.038997478783131 209.69624157622457 152.15222809789702 34.267291916534305 48.515829634387046 199.21374634979293 403.68826273968443 28.005436163861305 26.205249435268342 331.46070878580213 163.28017152659595 505.42358869826421 595.80563295446336 301.44569474831223 178.94117188639939 353.20494249742478 147.44120637979358 106.76410271134228 626.19232872873545 692.62381257908419 159.93896721117198 744.07823903299868 11898.240386167541 245.00312805641443 295.2146626659669 1222.1498010242358
leaf_count=1001 7877 3952 1150 16244 322 4729 15191 682 911 7119 7875 495 289 5542 2486 10740 6777 5259 2287 7614 1777 1241 14983 7954 1819 8466 144986 3506 5057 14659
internal_value=0.000192532 0.000631054 0.000958743 -0.0149051 -0.0336434 -0.045202 -0.051269 0.0184825 -0.00797573 0.00180741 0.00137555 0.00170436 -0.0168522 0.0194604 0.00184084 -0.00913963 0.00795412 0.00263997 0.0112496 -0.0133318 0.00101694 -0.000420942 -0.0329441 0.0246014 0.0269073 0.00140629 0.00244867 -0.0235159 -0.00825234 0.0186918
internal_weight=20558.4 20394.5 20229.6 1026.7 661.743 546.921 163.949 114.822 82.7831 19202.9 18866.7 18667.4 235.901 364.955 18639.4 1264.51 759.086 17374.9 2755.9 1072.36 14619 13779 732.956 840.065 1683.53 13046 12642.3 893.423 540.218 1382.09
internal_count=312990 296798 288921 29869 23177 21262 16192 1915 1593 259052 255100 247981 5018 6692 247486 20003 9263 227483 40201 18464 187282 177551 16224 9731 21737 161327 153452 16177 8563 16478
cat_boundaries=0 24 48 72 94 106 120 144 168 191 214 235 256 280 303 326 347 367
cat_threshold=0 0 83968 0 16384 2147484672 132096 0 0 655392 264 0 0 436207616 4 268435456 0 0 0 0 8388608 308346912 16809985 576 0 153092096 0 32 32768 138412032 17334304 436209664 131072 6293120 20 0 0 0 0 0 0 1073741824 16 0 0 0 135266312 11264 1375764480 2 1140883712 4194304 0 0 0 21234176 0 8448 0 1082130433 196626 0 0 1048576 1024 2147483648 524320 0 2147483648 0 4194304 32 696254464 5 8388608 1281 0 8 0 0 637534208 0 24576 134217728 2361449 16 0 134217728 0 8421376 0 0 0 2048 16778272 67110944 128 67108864 32 4203648 536870912 0 0 0 41947136 2 524288 0 0 0 0 0 0 0 570441728 0 0 268435456 2884640 65536 0 33554456 0 4096 0 8208 268435472 8396800 0 4 32768 8192 2684354560 270336 0 8388608 640 537002112 0 2 1073743008 10240 0 20971520 67108864 0 9216 196608 0 0 135276544 512 0 2147504144 34 0 0 0 0 1048608 16 2147483656 524544 0 0 1090519040 336200704 262144 2197848064 276824066 1140883456 256 0 8 0 4194304 100663296 0 536870912 301990912 12731409 0 0 0 0 0 268504064 16 0 0 4194304 524288 1140850688 4096 0 0 0 536870912 0 0 0 0 100663296 18207304 65588 0 134250496 32 8409088 0 16 0 134217728 4202528 134348800 0 1073741824 8448 0 67108872 536871424 4456448 33554432 0 589824 1 17825840 20971552 0 16777216 2147483648 12288 67111936 0 2149580800 2432729088 67108866 32768 4202497 0 0 538968064 16777472 268435456 0 537395200 1115684864 2097988 65536 0 151027712 32 0 1024 0 65536 2818572288 276824064 2 9 0 0 4 4194304 100663296 0 2105344 268435457 1600 16 0 0 0 0 0 0 0 1048576 128 32768 536872960 1074790656 12 0 0 131072 536871436 0 33554432 0 0 1 16777216 68 0 0 4194304 57344 16777344 2048 2283800576 2214592512 16512 32768 2 16777216 0 0 8 33554432 16777216 524288 0 0 536903680 33800333 0 0 0 256 65536 1245184 16777216 67174400 134348800 536936468 2172649472 4 1073774848 4194561 0 0 2097152 4194304 33570816 0 0 2415919104 11012129 2 0 16777216 0 8192 67108864 4194304 1245184 131072 67109120 67141632 1024 0 0 0 0 0 0 589824 603980928 12621832 5128 0 16777216 2147680292 4096 262144 4194304
is_linear=0
shrinkage=0.1


Tree=38
num_leaves=31
num_cat=16
split_feature=3 3 3 9 3 3 3 3 14 14 16 6 17 9 2 5 14 3 16 14 16 3 9 11 3 3 3 16 3 3
split_gain=41.1786 26.9011 20.36 20.3058 61.1091 19.7978 19.3494 16.6647 16.2563 15.0573 19.2078 17.4452 14.8508 14.4291 13.9315 13.1109 13.0708 30.4375 22.5818 15.5774 21.323 11.4662 20.5826 13.5892 11.0445 10.4699 10.3238 12.217 85.7203 57.6106
threshold=0 1 2 50.149999618530281 3 4 5 6 6.5000000000000009 1.5000000000000002 3.5000000000000004 10.500000000000002 1.0000000180025095e-35 53.149999618530281 7 8 37.500000000000007 9 83.500000000000014 153.50000000000003 64.500000000000014 10 57.049999237060554 1.5000000000000002 11 12 13 1.5000000000000002 14 15
decision_type=9 9 9 10 9 9 9 9 2 2 2 2 2 10 9 9 2 9 2 2 2 9 10 2 9 9 9 2 9 9
left_child=14 -2 -3 5 21 8 -6 9 -4 -7 -11 -12 -13 -8 -1 16 26 18 19 20 -18 -5 -23 -24 -15 -17 -9 -28 -29 -30
right_child=1 2 3 4 6 7 13 15 -10 10 11 12 -14 24 -16 25 17 -19 -20 -21 -22 22 23 -25 -26 -27 27 28 29 -31
leaf_value=0.047668059966498505 -0.041187455497993075 -0.043340652890450748 0.018080529706824406 0.026090055795757558 -0.034776849465181878 -0.0081679085625400352 0.036108436597470032 -0.010412313853267081 -0.052719839849314158 -0.064094294291600351 -0.018538925995406672 0.23446876010863604 -0.01818318042277766 -0.014893423083896346 -0.044594495496016053 -0.083756073286916893 0.087046659118833233 -0.059142701961588579 -0.056672073222609844 0.15420311405274112 -0.0504045242636664 0.027046361470546561 0.070373746712869154 0.14641211494155365 0.018394626129687165 -0.0033046574056566202 -0.00089110946131691496 -0.047453058257306217 0.041807670936566108 0.004677829106454031
leaf_weight=11.568712418898938 149.0219628829509 97.29496317403391 764.08650820143521 224.27221396099776 153.17290381807834 644.73003717884421 114.2850236161612 887.41750267287716 33.867699353024364 117.78942350111902 43.937302578706294 5.6407077121548337 3.9596924586221576 287.5556140774861 255.6305552101694 26.628711076453328 26.567068565636873 104.9437951464206 25.827656507492065 12.572490965947507 19.622340809553862 71.467634769156575 67.622633572667837 36.023776484653354 140.4631873993203 42.058920682407916 12476.180864754133 271.59414179436862 478.28831237927079 2958.7939674849622
leaf_count=1141 10858 7228 9186 2405 2920 18909 1429 14208 798 6934 1969 132 148 3539 15518 220 315 7773 216 54 121 662 602 327 2520 461 151444 5176 6253 39873
internal_value=-0.000742635 -0.00021905 0.000104431 0.000336877 0.0135783 -0.00042821 -0.0045528 -0.00110934 0.0148889 -0.0149865 -0.0415206 0.00814416 0.130262 0.00445904 -0.0390244 -0.000447629 -0.000261825 -0.0263782 0.019014 0.0555162 0.0286542 0.0441595 0.0646419 0.096802 -0.00388746 -0.0411744 2.79617e-05 0.000606462 0.005646 0.00995094
internal_weight=20552.9 20285.7 20136.7 20039.4 1094.86 18944.5 695.477 18146.6 797.954 816.057 171.327 53.5377 9.6004 542.304 267.199 17330.5 17261.8 189.533 84.5896 58.7619 46.1894 399.386 175.114 103.646 428.019 68.6876 17072.3 16184.9 3708.68 3437.08
internal_count=313339 296680 285822 278594 14404 264190 10408 254206 9984 28092 9183 2249 280 7488 16659 226114 225433 8479 706 490 436 3996 1591 929 6059 681 216954 202746 51302 46126
cat_boundaries=0 24 48 72 92 116 138 162 174 175 188 208 231 252 276 300 324
cat_threshold=0 16777216 131072 0 16 4 539000832 0 262144 1074413633 8 0 16793600 167772168 4 0 0 0 2147483648 0 1073741824 4456480 139336 2 0 35651584 192 32 536920064 8388608 17301504 134217728 131072 4096 20 0 1073741824 268435458 0 2 0 0 0 0 0 301989888 545265668 3400 2048 0 329728 131136 0 7344128 0 33554432 0 2550136832 290 32 0 0 0 131104 64 0 0 0 1 1090588672 369624064 262144 2415919104 71303168 33024 4194304 0 16 8388608 0 100679680 0 122880 3254779904 4789808 65552 0 0 0 0 40 32 128 805307657 8 16 0 0 0 16384 0 0 262144 268435456 2717908997 64 0 0 772 4464640 69636 2 10485760 0 32768 1 176160768 5 1073741824 1048 0 0 262144 4456448 524288 0 0 276824192 264 32768 0 32768 0 545259520 4096 2 10551296 134219776 536870912 4194304 16384 65536 0 268468248 8404996 71303168 1048576 50331648 106497 0 131072 8388608 0 16777216 33554432 0 32 0 0 2148007936 278528 16420 16777248 2348810240 128 67108864 0 1152 134217728 0 4194304 0 33558528 2 138 301989888 0 67109120 0 0 0 0 0 16384 0 16384 0 264192 0 4194304 256 4194304 0 0 0 0 100663296 0 16384 2181038080 528912 16 0 0 0 0 32 32 524288 276824066 75497472 256 0 0 0 16384 0 0 2097152 1 1312833 0 0 0 0 0 1024 4196416 1048576 0 4194304 0 0 4096 0 0 0 0 262144 0 0 0 33554432 1048576 0 0 0 0 0 0 0 128 33554432 67108864 67109892 0 0 0 0 537921536 134217728 12591138 537001984 1073741824 1280 0 33554432 268435457 32 536870912 0 32 32768 0 146 65664 16777216 0 16809984 258 0 1073741824 0 8388608 524288 3088 0 570425344 4231680 0 0 0 0 33554432 256 2097152 0 144703616 1224736768 131600 134217728 1048640 4098 0 0 536870912 1048577 0 67108864 0 2113536 134217729 1048576 32784 0 9437184 0 2147483648 21495808 16 2281832576 0 0 4194304
is_linear=0
shrinkage=0.1


Tree=39
num_leaves=31
num_cat=19
split_feature=3 2 3 3 14 17 14 3 3 3 14 3 3 5 3 21 21 3 5 6 3 3 3 3 3 21 20 16 6 3
split_gain=48.8505 20.8846 20.1064 17.7396 18.2852 17.3668 49.7582 41.9076 22.4811 19.6226 16.845 48.0805 17.1582 13.7602 72.2601 25.77 17.297 15.4072 24.8555 13.7533 72.1913 45.9426 43.251 27.1525 25.7478 20.3728 16.3155 21.5829 22.1282 12.8848
threshold=0 1 2 3 1.0000000180025095e-35 38.500000000000007 1.0000000180025095e-35 4 5 6 37.500000000000007 7 8 9 10 4396.5000000000009 4093.5000000000005 11 12 4.5000000000000009 13 14 15 16 17 430.50000000000006 0.39108999073505407 21.500000000000004 3.5000000000000004 18
decision_type=9 9 9 9 2 2 2 9 9 9 2 9 9 9 9 2 2 9 9 2 9 9 9 9 9 2 2 2 2 9
left_child=1 -1 -2 4 -4 10 7 -7 -8 -9 12 -12 -5 14 -14 16 -16 18 -15 20 25 -21 -22 -24 -23 -19 27 -27 -29 -26
right_child=2 -3 3 5 -6 6 8 9 -10 -11 11 -13 13 17 15 -17 -18 19 -20 21 22 24 23 -25 29 26 -28 28 -30 -31
leaf_value=0.04516527317425012 -0.03095129210253314 -0.070796518000450906 0.012303241150026527 -0.025693030706304923 0.070951844442491543 0.046983914046423735 0.010380753753764911 -0.036776820408667692 -0.041286626827920676 0.0034237318132177893 0.018308925736714783 -0.066355568086327144 -0.063191986662802638 0.014292697465411475 0.11019413181271845 0.27381144502971694 -0.033857978126049237 0.099940855191461092 -0.068135833713158817 -0.021743401637051536 -0.04041258523434263 0.021505656189777941 -0.015560533089197297 0.0047839682852675825 -0.01175101479326017 0.022471324658549292 -0.0079906098003715408 0.052057944097717523 0.19582004768282635 0.00064007159371809474
leaf_weight=13.97315191850066 194.20333258341998 126.1138851470314 288.89871350303292 221.57787654176354 65.147845702245831 177.68274420872331 103.04517857637256 153.15610501915216 483.56995119713247 473.59475187817588 131.52373956330121 123.25793488882482 39.218169347848743 1258.2002409687266 48.684653932694346 8.2961148694157583 10.057480797171591 34.077103327959776 28.116629641503096 1000.8389938836917 265.46698913816363 548.22510831756517 817.77630788553506 3151.9810351813212 923.36055498756468 1239.0106323822401 164.09665508568287 53.761008485220373 13.369294706732033 8312.2565082763322
leaf_count=1262 10683 14396 2905 7588 667 2035 2106 2336 11432 5538 2904 9265 786 16719 502 139 172 290 234 16803 4605 11299 11592 42927 15582 14448 692 541 162 101862
internal_value=-0.000149608 -0.0569912 0.000269917 0.000586211 0.0224607 0.000183608 -0.0105898 0.00556094 -0.0327376 -0.00682318 0.000998487 -0.0245357 0.00135715 0.00170507 0.0360033 0.0947037 0.0855304 0.00148036 0.0119792 0.000656336 0.00461138 -0.0014479 -0.00209321 0.0005644 0.000649786 0.0233461 0.0217296 0.0254635 0.0806888 -0.000610137
internal_weight=20472.5 140.087 20332.5 20138.2 354.047 19784.2 1391.05 804.434 586.615 626.751 18393.2 254.782 18138.4 17916.8 106.256 67.0382 58.7421 17810.5 1286.32 16524.2 5739.54 10784.7 4235.22 3969.76 9783.84 1504.31 1470.24 1306.14 67.1303 9235.62
internal_count=312472 15658 296814 286131 3572 282559 23447 9909 13538 7874 259112 12169 246943 239355 1599 813 674 237756 16953 220803 75257 145546 59124 54519 128743 16133 15843 15151 703 117444
cat_boundaries=0 24 36 60 84 105 127 150 163 187 188 209 232 233 256 275 299 322 345 369
cat_threshold=0 2097152 66688 0 0 268500996 8960 268435457 0 2156003330 0 0 1073741824 167772160 4 0 0 0 0 0 0 322961440 268435458 396544 16778240 2348812288 0 67108864 0 4195456 671088640 0 4194304 0 8392704 2 67108864 134217728 0 48 32768 4194304 4128 134217728 131072 13312 4368 0 0 268439552 0 0 16 0 1 0 0 536936448 2147555904 4192 0 33554440 150994944 0 0 2 0 1024 0 0 0 0 570425476 8388608 0 8388608 1156 4628480 269092872 2096 8388640 8192 0 32768 2550136832 261 8388608 1032 536870912 0 262144 0 536887296 0 548864 612368384 33288 65552 0 0 2147484160 8388608 128 2 131072 17301504 4194306 1140850946 0 0 0 2097156 20971520 0 0 98304 570425472 27362306 32768 0 134217728 0 536887296 32 4194304 0 134217728 50364416 276824066 1073774592 256 0 8 0 4194304 33554432 0 536936448 3523215361 5259265 34 0 0 0 2147483648 1280 0 2147484672 0 4194304 33554432 2 67141888 0 0 0 2097152 4194304 570441728 0 2113536 32 262160 2099200 5242880 67108864 204800 536887296 3153920 16777217 256 0 268435584 0 0 0 0 0 16777217 131080 0 2 0 133120 1074266112 33555464 4 130 2147483648 268435457 2048 2048 0 8 0 262144 262144 0 0 33554560 9437184 65536 0 0 2 0 16 0 2147483648 2147516416 1073741840 0 2050 0 787464 1048576 262144 262144 536870916 537133056 33554561 1088 2 0 0 536870912 268435456 65540 16777216 2147483648 134217728 4194304 8 0 8388930 256 265 0 0 4194304 18432 67174400 0 32768 3758104576 8405019 16 0 1048576 37748736 33554432 67112960 0 0 0 128 0 8388928 2 320 0 1 4194314 67125760 68222976 65536 33797 8192 8388618 80 0 269484032 0 0 2214596608 1879179264 268435456 0 0 0 0 33882112 0 536870912 4194304 65536 67108864 16777216 4 0 40960 288 3221225472 0 0 135267328 2097152 10502160 1 0 536870912 268435464 0 2048 1082130432 2228288 541065216 0 84967441 2097152 134250496 133120 0 0 0 2149581312 65536 32 0 270532672 2048 131072 536870912 268435456 268435468 0 0 0 302317568 541065216 0 4194304 65536 402653184 262144 16777216 0 139264 2097440 3221225472 256 0 135332864 2097152 2097168 134217728 0 0 0 0 2147516416 142606336 1048576 0 16384 32 3758096384 67190800 73728 0 0 0 33570816 1024 0 0 2147749888 603979904 82056
is_linear=0
shrinkage=0.1


Tree=40
num_leaves=31
num_cat=11
split_feature=3 3 3 9 3 9 19 3 9 2 14 3 14 3 16 20 14 20 14 20 2 16 3 10 20 20 20 3 10 18
split_gain=42.4471 21.0638 17.2762 15.1468 57.9287 39.0962 19.6447 19.0466 14.2658 13.5596 13.5022 13.5014 13.0245 9.99233 16.4696 9.98693 25.7689 9.92421 9.26255 18.8455 9.16001 23.4178 16.2919 19.4722 11.1109 10.7667 10.4616 11.7717 10.3303 9.46269
threshold=0 1 2 52.149999618530281 3 53.149999618530281 0.084173984825611128 4 73.250000000000014 5 1.0000000180025095e-35 6 235.50000000000003 7 4.5000000000000009 0.02005003392696381 1.0000000180025095e-35 0.0062610846944153318 3.5000000000000004 0.11670817807316781 8 55.500000000000007 9 0.082482084631919875 0.19236434996128085 0.14597769826650622 0.080894403159618392 10 0.093513358384370818 -1.0000000180025095e-35
decision_type=9 9 9 10 9 10 2 9 10 9 2 9 2 9 2 2 2 2 2 2 9 2 9 2 2 2 2 9 2 2
left_child=-1 -2 15 7 8 6 -6 9 -5 10 17 -7 13 14 -9 16 -3 -4 -13 -20 21 22 -15 -24 25 26 27 -25 -28 -29
right_child=1 2 3 4 5 11 -8 12 -10 -11 -12 18 -14 20 -16 -17 -18 -19 19 -21 -22 -23 23 24 -26 -27 28 29 -30 -31
leaf_value=-0.052559410457490602 -0.036756992711015776 0.026783637215688064 0.44465238606249768 0.04160143420137382 -0.013922472822996721 -0.026283103705781987 0.11292889047667012 -0.0060841808842868866 0.11136448760029012 -0.028798166955505879 -0.055366338646283042 0.01410832991024117 -0.065849615668602299 -0.010594946185614421 -0.063685586236308739 0.018479887645406867 0.34910467294260794 0.1482561335997343 -0.088951751519197653 0.069199738632413674 -0.00044177253451267728 0.10606944653623543 -0.035986656184560227 -0.034086637060083372 0.0019955924894620937 0.071199629625536331 -0.054658339232724319 0.076700851549317606 0.020028596962989562 -0.0028367925679884153
leaf_weight=145.0494194845669 145.03217693697661 10.009717122651635 1.646820251829922 265.18856091052294 17.736438859719783 325.44703080598265 39.169066289439797 216.30857070256025 32.954481400549412 310.74269107216969 2.1678475155495107 193.29290901310742 30.311430272646248 305.8970458637923 64.4218291901052 370.21495908685029 3.2974912310019127 3.5973116457462311 24.995976028032601 10.785856194794176 17434.040666139685 24.822315841913223 57.218807607423514 13.10510861687362 133.14138958603144 69.520874287933111 22.928134705871344 82.089155454188585 96.306954205036163 18.290686907246709
leaf_count=10106 7954 411 103 2738 512 4569 281 6233 252 14678 172 3164 2824 2793 2862 6241 124 212 940 100 241698 171 989 87 659 415 263 651 624 148
internal_value=-0.000435397 -3.75295e-05 0.00024445 -0.000167899 0.0124366 -0.00545554 0.0733916 -0.000775016 0.0477122 -0.0246568 0.0657915 -0.0136453 -0.000352353 -0.000245449 -0.0186386 0.0209919 0.106654 0.241334 0.00522842 -0.0412795 4.75519e-05 0.0102901 0.00744154 0.0184818 0.0260646 0.0366674 0.0263515 0.0480843 0.00566678 0.0565721
internal_weight=20469.7 20324.7 20179.7 19796.1 909.57 611.427 56.9055 18886.6 298.143 318.155 7.41198 554.522 18568.4 18538.1 280.73 383.522 13.3072 5.24413 229.075 35.7818 18257.4 823.32 798.498 492.601 435.382 302.241 232.72 113.485 119.235 100.38
internal_count=312974 302868 294914 288138 12556 9566 793 275582 2990 15165 487 8773 260417 257593 9095 6776 535 315 4204 1040 248498 6800 6629 3836 2847 2188 1773 886 887 799
cat_boundaries=0 24 48 72 93 117 129 152 176 187 211 232
cat_threshold=0 0 18496 0 536870912 0 16384 0 262144 218103872 40 0 0 33556480 4 67108864 0 536870912 0 0 0 88932384 1143078913 256 10485888 2097152 0 32 32768 4259845 16779264 134217728 0 204800 276 0 536870912 268443648 0 0 0 32768 0 0 0 34603008 1048576 11328 1073741824 1610612744 16777216 2048 0 0 3145728 1280 65536 0 524288 0 0 32768 0 0 131328 4472960 200704 7340066 1073741825 134217728 64 16777216 2684354560 71303168 33024 4194304 0 16 8388608 8192 637550592 0 122880 3221225472 592930 65584 0 0 0 0 0 0 134217728 0 4194304 0 131072 0 16 8421376 117440512 0 537920640 98304 0 65664 134217728 0 268435457 33554496 33554432 0 0 134217728 0 587284488 20488 16777248 2214594560 0 67108864 0 4195328 0 0 0 0 33558528 2 150994944 8388613 1073741824 1032 0 0 262144 262144 524288 0 538968064 268435584 430344 0 0 0 0 8388608 32 0 10551296 2048 4194304 83886080 16778752 327680 65536 0 1048576 8192 536870912 0 2147483652 2 32768 4194304 4194304 33554432 16777216 32 0 1048592 0 0 1073754112 268448768 65572 0 2147483648 0 4194304 32 0 1 0 4096 0 4194304 0 0 67108864 0 0 1024 0 1048576 0 0 0 9216 0 16777216 0 32768 2147483648 2147483656 2236089728 16779264 68782208 0 0 4194304 0 256 0 0 0 0 0 0 0 0 0 0 0 8388608 0 8192 0 0 2048 64 276824064
is_linear=0
shrinkage=0.1


Tree=41
num_leaves=31
num_cat=15
split_feature=3 3 3 14 3 1 5 3 6 3 3 3 3 3 12 3 8 8 14 20 9 3 20 19 8 14 6 3 12 19
split_gain=36.3455 19.3288 17.5133 15.9393 42.478 15.0746 13.9823 13.3677 13.5191 57.7013 48.3304 38.6111 28.9473 22.4254 15.2855 15.2029 12.0137 14.2824 19.6224 11.9319 11.8246 11.5039 9.86777 21.6835 9.82474 11.7192 37.9387 11.8368 18.5227 13.0717
threshold=0 1 2 46.500000000000007 3 4 5 6 4.5000000000000009 7 8 9 10 11 -1.0000000180025095e-35 12 16.500000000000004 12.500000000000002 2.5000000000000004 0.0075430369470268497 36.649999618530281 13 0.24415160715579989 0.13806515932083133 19.500000000000004 9.5000000000000018 3.5000000000000004 14 -1.0000000180025095e-35 0.11965528130531312
decision_type=9 9 9 2 9 9 9 9 2 9 9 9 9 9 2 9 2 2 2 2 10 9 2 2 2 2 2 9 2 2
left_child=-1 -2 -3 5 20 -4 -7 19 9 22 -10 -11 16 14 -13 -14 17 -12 -19 -8 -5 -15 23 24 25 27 -27 29 -29 -9
right_child=1 2 3 4 -6 6 7 8 10 11 12 13 15 21 -16 -17 -18 18 -20 -21 -22 -23 -24 -25 -26 26 -28 28 -30 -31
leaf_value=-0.046532935243769086 0.019156515289022749 -0.028281153075607399 -0.050504388273395477 0.010037477125528323 -0.072124572765303083 -0.053889628140401352 0.089784550342857983 -0.0018854458342967128 -0.023571615319745998 -0.037670044763362193 0.02986630789027718 0.012584030476505094 -0.011859828689612132 -0.011782341632264371 -0.020940333386051616 0.0012584173025576063 0.010204570523376054 0.057472288383813866 0.20128756162934136 -0.018001215024308789 0.12544233022598281 0.0066639726480537042 -0.0039016829109065803 0.064461774517457368 0.032824756676602292 -0.0095061712087407858 0.27987403203484168 -0.020591359653498117 0.053407649598738539 0.041354714525616523
leaf_weight=155.97493404150009 527.92907466413453 207.40873928600922 47.692099451553077 83.048033236060292 93.390493590384722 36.828164550475776 10.496512657962738 477.01873182598501 849.07362868543714 250.24889403954148 130.11106605920941 174.44296552799642 957.21750899357721 364.63529887981713 617.26338463742286 10189.382078614552 162.42622349178419 39.787544392049313 12.457847424782811 476.73403403628618 9.9412906058132631 3612.7744971653447 128.72189312428236 126.59505457431078 441.30061739962548 13.264818247873338 6.8804314746521404 44.842764283530414 137.68844595411792 81.919473826885223
leaf_count=10699 7882 10231 4353 2222 8687 439 212 6340 18360 4482 3040 2224 13886 6831 9348 128765 3814 877 148 13852 49 43990 719 931 6192 501 216 903 2163 640
internal_value=7.26993e-05 0.000453277 -5.52489e-05 0.00025809 -0.0288462 0.000537981 0.000689591 0.000821556 0.00124856 0.00494874 -0.00069268 -0.000160279 0.00101742 0.00188267 -0.0133846 0.000122264 0.0291382 0.0476003 0.0917649 -0.0153638 0.0202026 0.00494757 0.0223821 0.0250952 0.0209522 0.0140729 0.0893291 0.0120283 0.0333984 0.0043737
internal_weight=20467.5 20311.5 19783.6 19576.2 186.38 19389.8 19342.1 19305.3 18818.1 6477.6 12340.5 5019.37 11491.4 4769.12 791.706 11146.6 344.783 182.356 52.2454 487.231 92.9893 3977.41 1458.23 1329.51 1202.92 761.615 20.1452 741.469 182.531 558.938
internal_count=312996 302297 294415 284184 10958 273226 268873 268434 254370 85480 168890 66875 150530 62393 11572 142651 7879 4065 1025 14064 2271 50821 18605 17886 16955 10763 717 10046 3066 6980
cat_boundaries=0 23 45 69 91 92 93 116 138 162 186 210 234 258 282 304
cat_threshold=67108928 136314880 0 2 32768 2 1025 512 0 3238002728 131120 0 0 33554432 4 0 0 0 0 16 0 29364256 421888 268566528 8 16777216 272 0 262144 545263618 8388608 134742016 0 851968 0 536903680 0 0 0 160 4456456 4325376 4194336 1073741984 2048 2097152 0 128 4333600 0 2151682049 289406976 436207616 0 546308352 0 0 1073741824 268435456 0 0 0 4096 0 0 131072 33620096 1572866 3072 33554432 2 1140850944 0 0 0 0 4194304 33554432 0 2113536 32 0 0 0 0 0 0 0 0 0 131072 1332657 16 2048 33554688 67567616 65536 2064 1048576 2113792 0 34603008 167837696 32770 0 67371008 36864 0 1 536870912 128 262144 0 0 1073741824 1032 134217728 8388672 2 2049 0 0 0 278528 67174400 268435456 4096 3254788096 8388634 8208 0 1048576 2147549184 33554432 268500992 0 1 134488064 134217728 8388610 0 2112 0 0 0 67125248 67174400 268456448 5 2147491840 8388616 10 0 1048576 65536 0 2147549185 0 0 2416189440 32 64 1619001344 0 402653192 0 16384 524288 34930688 536870912 0 71303184 0 67108864 50332672 4 0 16818176 272 2147483648 0 0 1024 2097152 8388608 32 1619001472 537919488 134217732 0 0 524288 1376272 0 0 4202496 0 0 0 134217728 0 8429568 2097680 3758096384 0 0 1088 2097152 2097152 32 0 1048592 0 0 0 0 134348864 20979713 536870912 2048 2097152 268435456 4194304 0 0 8388608 2097156 1073741824 128 1048576 134283328 0 2153775120 299008 0 0 0 4100 0 32768 2056 1050880 0 0 4096 1 16406 8192 0 268435456 2181039112 8192 67108864 2 1 134217728 604045316 12 33587200 805306369 1082130432 0 536870912 16785408 33296 0 131072 132096 0 32 133632 0 0 67108864 131586 0 524296 0 0 32768 1073774656 513 134217728 8388672 2 0 0 0 0 16384 0 0 4096 33562624 18 0 0 1048576 0 0 0 0 1 134217728
is_linear=0
shrinkage=0.1


Tree=42
num_leaves=31
num_cat=15
split_feature=3 3 7 3 3 10 16 3 3 14 3 19 3 9 21 16 3 20 3 21 3 0 3 16 20 3 16 9 3 17
split_gain=33.9924 16.7597 15.4196 53.536 35.2651 18.3611 22.1112 84.2316 21.6272 20.205 53.8209 27.8633 25.3859 19.3126 17.9094 17.7649 17.9137 17.4284 26.2836 17.4137 16.6923 15.0954 25.5373 16.8499 15.4982 20.754 25.5162 16.5081 14.4741 17.0747
threshold=0 1 4.5000000000000009 2 3 0.090109098702669158 28.500000000000004 4 5 2.5000000000000004 6 0.029487016610801223 7 32.149999618530281 4039.5000000000005 2.5000000000000004 8 0.024911929853260521 9 4186.5000000000009 10 11 12 92.500000000000014 0.175025150179863 13 8.5000000000000018 30.550000190734867 14 10.500000000000002
decision_type=9 9 2 9 9 2 2 9 9 2 9 2 9 8 2 2 9 2 9 2 9 9 9 2 2 9 2 8 9 2
left_child=-1 -2 5 -4 14 6 9 13 -9 12 11 19 -3 -8 -5 -12 -17 18 -14 -11 -19 22 23 -7 25 -24 27 -27 -13 -30
right_child=1 2 3 4 -6 21 7 8 -10 10 15 28 17 -15 -16 16 -18 20 -20 -21 -22 -23 24 -25 -26 26 -28 -29 29 -31
leaf_value=-0.045616043018903617 0.020707870571623103 -0.037836263979671672 0.043089581512452298 -0.066025749030448222 0.0053103920743651084 -0.012392784249146756 0.24972576938217955 0.0099529014108396957 -0.069333790622519889 0.2115694352081211 -0.054258624478168732 -0.02049420118419662 0.053976767591236999 0.059606070494761743 0.0018433430569251359 0.015872624992667506 -0.038878302901278139 0.019023058888951547 0.0037064753500453984 0.043714025455434992 -0.0047027501027127432 -0.00016038347772941229 -0.0059756182400649656 0.091168014271562681 0.0079682827856278008 -0.052667295093758781 0.12775296287648377 0.048182867014924857 0.077456042134522923 -0.065297172913977602
leaf_weight=155.30709606129676 370.39488040329888 184.90866026794538 344.38428684836254 116.18110360810533 1513.9975757137872 374.5742430575192 5.8930918853729963 45.204617168754339 213.0744278668426 12.832195201423021 270.56518865213729 59.568908574059606 123.72229931131005 57.240091817919165 58.437722349539399 98.416976960375905 131.70133508439176 307.99144269386306 493.64132089400664 11.923009042628108 4462.2908391035162 10329.734966962598 86.699480600655079 16.398896284401417 303.40896924957633 17.557485528290272 39.231453649699688 214.82700457423925 48.345587972551584 10.135352129116653
leaf_count=9544 5575 7589 4835 1162 19406 2585 161 1364 11551 224 16716 1565 5218 2070 883 3952 7593 7314 29259 148 86459 83339 598 82 1443 123 243 1401 663 297
internal_value=-0.000452802 -8.5185e-05 -0.000481356 0.0077718 0.000311902 -0.00141794 -0.00564165 -0.0312173 -0.0556031 -0.00431922 -0.0210968 0.0320224 -0.00238183 0.0667756 -0.0409667 -0.0361647 -0.0164622 -0.00109275 0.0147152 0.130724 -0.00314088 0.00100793 0.0123563 -0.00784831 0.0242332 0.038682 0.0512692 0.0405633 0.0140372 0.0450176
internal_weight=20478.6 20323.3 19952.9 2033 1688.62 17919.9 6537.46 321.412 258.279 6216.04 643.489 142.805 5572.55 63.1332 174.619 500.684 230.118 5387.65 617.364 24.7552 4770.28 11382.4 1052.7 390.973 661.724 358.315 271.616 232.384 118.05 58.4809
internal_count=313362 303818 298243 26286 21451 271957 182143 15146 12915 166997 31158 2897 135839 2231 2045 28261 11545 128250 34477 372 93773 89814 6475 2667 3808 2365 1767 1524 2525 960
cat_boundaries=0 24 48 71 95 118 142 166 189 212 236 260 261 282 303 326
cat_threshold=2097152 0 66560 68 0 4 17416 603979776 0 262209 536870912 0 2147483648 301989888 4 0 536870912 0 262144 0 0 2386559008 72 136192 0 1108344840 150994952 0 0 0 307232769 0 0 0 0 32896 8454272 262144 0 0 4326400 33562624 1048576 6291456 335546400 2097152 0 1 167772160 276824069 268435456 3080 0 524288 262144 4456448 570425344 0 0 2147483648 1343553 18 0 8192 0 0 0 1048576 0 536872960 2151686144 604110848 67109120 8388610 0 0 0 0 0 16384 2097152 532480 0 520 1028 0 25165824 33620000 3758096384 17367040 0 2147517440 0 2097152 16777216 134217728 68 1073741824 0 0 2147491848 1073779202 4196352 570425344 44110600 4 0 262144 66560 0 0 0 0 32 0 0 0 33554560 2684354560 268435456 67125248 2048 0 637534224 536870916 0 0 32768 172032 134217728 256 0 0 0 0 32768 128 0 0 262144 138543104 32 2197815296 75497474 1073741824 4194569 16384 131072 8388608 16896 67108864 4202496 0 276824097 16384 32768 0 0 2097152 0 8 0 0 1048576 4227072 4194336 33554432 270532608 16388 0 32768 2684362752 33344 1050624 0 2151748360 4 0 0 0 0 0 2097408 0 2147483656 0 0 1052800 134226048 1879572480 4194305 67108864 2 0 8 2097152 4194304 0 0 8192 0 526336 0 0 0 0 0 16 0 0 0 8192 8388608 134217796 0 0 0 0 136314880 0 0 304087042 8192 32 4194304 65536 0 0 0 0 16 0 0 0 8474916 49668 603979776 541065217 4096 4096 0 268435456 8519952 8960 671088640 32772 196609 0 16392 0 0 131072 33554438 0 5 0 0 262144 0 4 9 0 0 268435456 0 0 0 0 0 65536 0 0 0 16777216 12582978 0 1056768 2147483664 1342324736 4849920 1048624 1211858944 131072 272 0 0 0 0 0 0 0 0 0 0 0 16781324 0 0 32 0 7168 2050 8388609 2197815296 2 1073741824 0 0 0 0 16896 67108864 0 0 8388640 0 0 0 0 2097152 0 0 0 0 0 4194304
is_linear=0
shrinkage=0.1


Tree=43
num_leaves=31
num_cat=11
split_feature=3 2 14 3 16 3 7 3 3 19 3 16 3 7 16 11 16 7 6 16 20 8 6 19 6 3 11 3 16 3
split_gain=36.6445 17.8521 17.4477 58.5587 31.0658 29.4317 31.1002 24.7438 21.324 17.6213 17.529 16.8533 23.2451 15.234 13.8691 11.8183 23.0539 11.4962 20.5459 43.6376 11.3282 16.8304 17.1039 11.2516 16.2267 11.1539 11.3634 51.4983 29.7236 53.7401
threshold=0 1 5.5000000000000009 2 1.5000000000000002 3 2.5000000000000004 4 5 0.14735445380210879 6 20.500000000000004 7 1.5000000000000002 180.50000000000003 600.50000000000011 77.500000000000014 1.0000000180025095e-35 11.500000000000002 2.5000000000000004 0.052357552573084838 19.500000000000004 7.5000000000000009 0.02267442457377911 4.5000000000000009 8 182.50000000000003 9 36.500000000000007 10
decision_type=9 9 2 9 2 9 2 9 9 2 9 2 9 2 2 2 2 2 2 2 2 2 2 2 2 9 2 9 2 9
left_child=1 -1 8 11 5 6 -5 9 -2 13 -10 17 15 -6 25 16 -13 18 23 -20 21 22 -15 24 -4 -12 28 -28 -27 -30
right_child=2 -3 3 4 7 -7 -8 -9 10 -11 14 12 -14 20 -16 -17 -18 -19 19 -21 -22 -23 -24 -25 -26 26 27 -29 29 -31
leaf_value=0.043283368229604484 0.015167625651433507 -0.053835353051219816 0.26632062698207465 0.24609218012141248 -0.02428579908785285 -0.07443265507242601 -0.084576051266628635 0.001918936850334669 -0.021736388735758443 0.1509707566758135 -0.027283553860805023 0.035029911026554318 -0.058294722126081049 0.16822532055630732 -0.071067624135849911 -0.030485886344836795 0.26646759448762058 -0.076576853679205303 0.60842463401052427 -0.10519513704812077 0.025899590783882761 0.25477727172649556 -0.10478491957085573 -0.064852522062085902 -0.031214474747527105 0.0011484985001495084 -0.052463497124057894 0.058417919328788363 0.051950072734719514 -0.061378134045657222
leaf_weight=16.334752433001995 989.97071330714971 167.88062025955878 2.6992647745646519 7.4993032794445735 22.909047609195113 73.154944346286356 4.5822726534679532 744.62944062286988 348.2057943479158 18.589559268206358 131.13521373574622 31.504497061949223 51.124214368872344 5.3865384142845887 26.954742690548301 19.073323323391378 4.9850869793444863 170.57406989997253 1.5497839041054242 1.9166101943701503 18.030317355878651 7.2490092972293487 3.9979611048474908 34.134739614091814 5.7112848586402833 17103.515786524396 52.654206646606326 125.85378173226491 48.170802955050021 166.04416809231043
leaf_count=1479 20144 14612 195 139 688 2595 126 12532 13150 103 6249 690 1255 144 515 593 53 12116 158 68 388 160 125 2127 645 212740 477 2247 590 5469
internal_value=-0.000208323 -0.0434384 0.00020687 -0.0113388 0.00192987 -0.0555099 0.0660265 0.00791831 0.000954277 0.0586242 0.00016416 -0.0471283 -0.0160537 0.0389892 0.000608177 0.0282248 0.0666482 -0.0646111 -0.0202518 0.213856 0.0808072 0.140326 0.0519182 -0.0393258 0.0642758 0.000718124 0.000943053 0.026045 0.000684852 -0.036334
internal_weight=20406 184.215 20221.8 1229.3 906.028 85.2365 12.0816 820.792 18992.5 76.1624 18002.5 323.273 106.687 57.5729 17654.3 55.5629 36.4896 216.586 46.0117 3.46639 34.6638 16.6335 9.3845 42.5453 8.41055 17627.4 17496.2 178.508 17317.7 214.215
internal_count=312572 16091 296481 34900 17000 2860 265 14140 261581 1608 241437 17900 2591 1505 228287 1336 743 15309 3193 226 817 429 269 2967 840 227772 221523 2724 218799 6059
cat_boundaries=0 24 36 58 77 100 122 146 160 183 201 224
cat_threshold=2097280 134217728 0 0 16384 537071620 2 0 1048576 4325376 0 0 67108864 436207616 4 67108864 0 2147483648 0 0 0 1078460576 2189574144 128 16777248 2348812320 131072 67108864 32 4203648 671088640 0 4194304 0 8388608 2 679477248 5 8388608 1281 0 8 0 0 570425344 0 73728 234881024 4215361 65552 0 150994944 32 8388608 0 0 0 2048 0 0 0 0 0 0 8388608 262144 0 0 0 1 3082 32 0 0 0 0 32 0 0 1140850688 0 0 0 0 0 0 0 0 1082130433 393216 0 0 1048576 0 8192 524288 0 2147483648 0 4194336 134217728 269484033 4096 256 536870912 268443656 1 16384 0 536870914 4096 0 4196480 4460544 0 0 6291460 276824064 268503040 0 1081344 134217728 33554432 2097152 1073741824 196640 34816 4194304 16777216 973078528 0 67108872 16 0 0 0 0 0 0 0 528544 16777216 0 33554432 4268032 134152 0 4 8388608 1024 0 8 0 0 570425344 0 8192 0 1 65536 0 1024 131072 2097220 0 3145728 49216 0 0 536576 34 262144 0 0 0 1048609 64 0 0 0 2049 268632064 402654344 1342177280 0 8421378 1 0 0 262144 262144 0 0 2113536 3296731136 17780997 8388610 0 150994944 0 1073741824 1610612736 33554508 276824064 2048 0 33554432 4096 0 302006272 0 8192 134217856 48 1060 0 16777216 32 40960 67108864 0 2162688 67110912 524288
is_linear=0
shrinkage=0.1


Tree=44
num_leaves=31
num_cat=16
split_feature=3 3 17 3 3 3 3 11 16 3 11 14 3 3 17 14 1 11 5 3 3 14 9 14 20 3 21 3 3 17
split_gain=31.2997 17.3631 13.1334 57.2673 24.6752 17.7042 16.4885 17.4633 15.1074 50.4454 28.836 14.8382 20.8072 15.6995 15.1438 14.126 12.5801 13.5172 13.3497 47.9756 12.7946 12.154 11.7886 11.4879 12.0502 26.0366 23.3933 36.9453 22.3336 19.3181
threshold=0 1 31.500000000000004 2 3 4 5 165.50000000000003 114.50000000000001 6 600.50000000000011 1.0000000180025095e-35 7 8 38.500000000000007 1.5000000000000002 9 10.500000000000002 10 11 12 1.0000000180025095e-35 57.049999237060554 235.50000000000003 0.024911929853260521 13 3845.5000000000005 14 15 1.5000000000000002
decision_type=9 9 2 9 9 9 9 2 2 9 2 2 9 9 2 2 9 2 9 9 9 2 10 2 2 9 2 9 9 2
left_child=-1 -2 5 15 -5 21 7 -7 16 10 -10 13 14 -6 -13 -4 17 -8 19 -18 -20 22 -3 24 26 -26 28 29 -22 -28
right_child=1 2 3 4 11 6 8 -9 9 -11 -12 12 -14 -15 -16 -17 18 -19 20 -21 23 -23 -24 -25 25 -27 27 -29 -30 -31
leaf_value=-0.036487187256850566 -0.037639285018206903 -0.034487808365291091 0.065766262484704852 -0.038968631319743582 0.027770154209943984 0.015013611599897669 0.017910090041246662 0.092401024308591637 -0.058130939262620474 -0.072417984102404367 0.13942348478457681 0.10224390643269053 -0.036070264986855317 -0.0072651862001226614 -0.00091380313324598286 -0.021729320759738383 -0.068947737076129306 0.10536804724060021 0.012079127752745739 0.06867845789971859 0.032046256279510001 0.012137171433921849 0.081585418000306081 -0.063410026333637418 -0.026179261106912339 -2.8533784410799345e-05 0.063189262754942216 -0.0031751979659443287 -0.031051806914526799 -0.021593173907574835
leaf_weight=230.5788629965391 113.13585682306439 279.31056626699865 122.61355575313792 323.36176119884476 164.70872096950188 412.70659438706934 184.86645507765934 31.376783384941518 10.778434298932551 83.424091920256615 23.492994884960353 15.993884859140961 298.76927202055231 468.42264915071428 129.10165572632104 21.720968001056463 26.533848082646728 19.540020209504291 885.21977282688022 86.743710360024124 71.713105082977563 85.199587591923773 9.032756641507147 28.699862694600597 380.49929852923378 15230.001562258694 220.14806161960587 252.3438380737789 176.93270568014123 30.612369081471115
leaf_count=8845 6007 7959 1108 7626 1982 7093 1424 440 119 1975 220 245 7855 5557 2085 498 691 387 13323 1436 3895 1745 171 2925 14694 171390 9245 18331 12371 1515
internal_value=-0.000630677 -0.000202944 2.66828e-05 -0.0088322 -0.0150564 0.000765221 0.00121332 0.0200304 0.00073048 -0.0349773 0.0598335 -0.00758441 -0.0216735 0.0021731 0.00978303 0.0491909 0.000969765 0.0250453 0.000671978 0.0334634 0.000437735 -0.0204978 -0.0308517 -0.000197959 -8.72041e-05 -0.000682735 0.0122793 0.0246807 -0.0128134 0.0508128
internal_weight=20417.6 20187 20073.9 1544.69 1400.36 18529.2 18155.6 444.083 17711.6 117.696 34.2714 1077 443.865 633.131 145.096 144.335 17593.9 204.406 17389.4 113.278 17276.2 373.543 288.343 16391 16362.3 15610.5 751.75 503.104 248.646 250.76
internal_count=313157 304312 298305 26956 25350 271349 261474 7533 253941 2314 339 17724 10185 7539 2330 1606 251627 1811 249816 2127 247689 9875 8130 234366 231441 186084 45357 29091 16266 10760
cat_boundaries=0 22 46 69 90 114 137 158 180 204 205 206 223 246 270 294 317
cat_threshold=0 1078984704 268435456 16 0 67305472 196608 16777216 0 138559489 32770 0 0 33587200 4 268468224 8 0 262144 16 0 2756640 0 2097408 4 32 32768 50331652 16777729 402653184 0 128 131092 0 0 0 0 0 0 0 4194320 0 64 37748864 2148534272 3080 0 1024 8388608 1024 0 0 0 0 0 8448 1024 536870912 545292420 65564 0 0 197126 545267712 6272 2 133120 8192 8388608 705200128 343932928 1073774592 1 0 8 0 0 0 0 8192 201326592 7342360 0 0 1048576 0 0 268502016 0 8389632 2147483648 16777216 4096 196608 0 4194304 136 100664320 134742016 2155880448 1 262145 0 65536 0 0 512 8192 67108864 2 133120 0 100696584 16777216 32768 33554432 0 0 0 0 6291456 0 65536 2097668 536870912 0 2181040128 4194304 0 1056768 128 4308992 269026316 64 67633184 0 4194304 34078720 0 1073741824 0 0 0 0 0 16384 0 16384 142606464 2393634 32 0 0 0 536870912 0 0 2148532224 2172649472 2 4096 4194304 0 0 545521664 16384 67125248 0 2162688 2189426688 16842755 32 0 0 0 16384 0 32 2282749952 134217728 268435456 4 2 2056 0 0 134217728 0 33636352 0 16384 129 529472 134217728 0 134217728 32 0 67108864 0 2097152 2048 0 32 10485760 162 16777216 268435456 0 2048 0 0 0 262144 262144 0 0 100663424 1048576 134217728 0 0 131074 0 402653200 134217736 4196609 536870912 1342439424 269484032 8192 0 0 4096 33562784 2113600 0 0 0 2183135234 0 0 1048576 0 1048576 16777220 134219776 0 67108864 0 0 2147483650 1024 542113792 131072 301995008 8192 0 4194304 80 0 0 256 536875008 32 0 0 0 1073811890 36 8390656 5 0 4 0 8 134217728 541065728 131072 100728848 532480 0 4194304 16 0 0 0 4096 32 0 0 0 1074335904 549 1610612736 64 67108864 0 16384 2147483650 48 1048576 0 17828864 8192 0 0 268435456 0 0 256 0 32 0 0 65536 1612865858
is_linear=0
shrinkage=0.1


Tree=45
num_leaves=31
num_cat=13
split_feature=3 3 5 5 3 3 21 1 14 10 17 3 3 20 17 10 14 21 10 7 3 3 6 20 21 3 21 12 3 10
split_gain=29.1318 16.4044 33.6148 16.8065 56.4562 14.405 11.3676 10.6834 9.39789 13.2262 9.01831 8.69095 8.32412 10.4183 14.2142 10.71 17.6046 8.17809 18.7148 8.14818 28.9149 14.0848 13.3831 18.007 10.4886 9.01311 9.62133 15.9186 42.8939 17.8585
threshold=0 1 2 3 4 5 230.50000000000003 6 100.50000000000001 0.17744776606559756 21.500000000000004 7 8 0.021207068115472797 162.50000000000003 0.021370686590671543 9.5000000000000018 3551.5000000000005 0.093513358384370818 5.5000000000000009 9 10 6.5000000000000009 0.060326913371682174 3655.5000000000005 11 1885.5000000000002 -1.0000000180025095e-35 12 0.086249098181724562
decision_type=9 9 9 9 9 9 2 9 2 2 2 9 9 2 2 2 2 2 2 2 9 9 2 2 2 9 2 2 9 2
left_child=-1 2 -2 4 -3 6 -5 -7 11 10 -10 -9 13 14 15 -13 -17 18 -6 25 -21 22 23 24 -22 -14 27 28 -27 -29
right_child=1 3 -4 5 17 7 -8 8 9 -11 -12 12 19 -15 -16 16 -18 -19 -20 20 21 -23 -24 -25 -26 26 -28 29 -30 -31
leaf_value=-0.034626951931676309 -0.074910219081773088 -0.062897306733217737 0.024038479672392962 0.012023948159932648 -0.044491405683053417 -0.04488395803070741 -0.038261393211728861 -0.019364445770367944 -0.072795578729735355 0.014365316682654467 0.25954237476808811 0.0053667141179081987 -0.010329396593457553 0.0079497431623443814 0.32614912013598069 0.063264473504315008 0.32438275448123066 0.10465435639642967 0.12432542813727317 -0.045446754291247941 0.22603274948517593 0.0055201249052601129 0.059958777444335781 0.0014401280258991003 0.058193840862436036 -0.047636272413951408 -0.0010921436822459885 -0.015485756373066852 0.020389572681399452 0.015373647694502258
leaf_weight=237.36620240961201 27.603890899568796 34.458253490971401 485.27459353022277 59.936519300565124 13.441542200511323 44.070231355028227 179.86336313490756 224.371095265029 48.163051676237956 33.509252831339836 0.83059800695627828 29.943522589281201 924.75253300694749 302.45056064939126 1.8664013263769437 21.58009895589203 2.932873749639838 61.338492329698056 12.839379101991652 80.734660641290247 5.3548392588272717 624.13377736741677 114.76785744400695 129.10136652458459 12.220535280182956 167.76745192473754 14845.030368604464 218.98576820408925 186.54103510454297 1305.5069705173373
leaf_count=11947 299 848 6047 490 285 4699 6560 7898 6079 250 114 3360 28190 7798 129 808 40 797 75 952 86 7658 1161 1009 280 1468 198040 5011 2015 8947
internal_value=-0.000517934 -9.99215e-05 0.0173821 -0.000563962 0.034989 -0.000803567 -0.0246643 -0.000494874 -0.000370197 -0.0340486 -0.0671614 -0.000225658 1.08654e-05 0.0148884 0.0547921 0.0454918 0.0945062 0.0759846 0.037983 -0.000283716 0.00865733 0.0139455 0.0331146 0.014368 0.109331 -0.000773427 -0.000238705 0.00650332 -0.0125901 0.0109408
internal_weight=20436.7 20199.4 512.878 19686.5 122.078 19564.4 239.8 19324.6 19280.5 82.5029 48.9936 19198 18973.7 358.773 56.3229 54.4565 24.513 87.6194 26.2809 18614.9 966.313 885.578 261.445 146.677 17.5754 17648.6 16723.8 1878.8 354.308 1524.49
internal_count=313340 301393 6346 295047 2005 293042 7050 285992 281293 6443 6193 274850 266952 12135 4337 4208 848 1157 360 254817 11146 10194 2536 1375 366 243671 215481 17441 3483 13958
cat_boundaries=0 24 48 49 50 71 95 96 120 143 167 190 214 236
cat_threshold=8388608 1 201326592 4 0 4096 16386 0 131072 2488008704 0 16 0 33554432 4 8192 256 0 5242880 2097152 32 268435488 1552 24640 0 1304 0 2320 0 0 37749504 1024 0 536879104 0 33554432 2722103296 8388610 0 0 128 37781504 0 2080 402685952 0 65536 32768 258 386 2164260864 268435456 2048 8194 0 8 0 0 537133056 0 0 2214592641 1052672 134283264 0 0 131072 0 1040 0 2147485696 0 35651584 0 131104 32768 4194304 419432448 167772160 0 1052672 65556 0 16777216 0 0 134250496 0 2415919104 0 0 0 46137344 8192 3328 1852721 0 16777216 196736 0 2064 1048576 8192 0 134217728 33555456 524322 0 2048 268435648 0 1 570425344 0 2415919104 2 524352 65536 16392 4224 2097152 4194304 64 8192 536870912 301998083 1179648 8388608 1310720 2 537165824 128 0 134217728 0 0 2097152 4224 262196 16 2048 32768 2097152 285343744 0 268435456 0 0 0 0 0 536887296 0 0 1216348160 2097152 1044 0 9437184 32 0 83886080 16777216 2155872256 134217728 0 32 524288 276824068 8388864 1032 0 0 262144 4194304 0 0 8192 2147483648 9748498 0 0 0 0 545259520 0 0 0 2048 32 0 134218244 0 0 0 2621440 536870912 4194304 0 8421376 4097 0 17536 4096 0 16777216 2151677956 0 0 0 0 538974208 1108082724 514 131072 537919488 0 0 16384 0 0 0 0 0 0 603979776 200708 1028 0 277872640 66592 24576 67764224 1048576 10616832 8192
is_linear=0
shrinkage=0.1


Tree=46
num_leaves=31
num_cat=16
split_feature=3 3 3 6 2 7 3 3 6 21 3 6 3 3 3 3 16 3 11 3 6 3 16 20 19 3 14 3 21 20
split_gain=26.9764 16.3591 14.4643 13.7358 13.5441 12.2219 38.9088 23.7171 26.2472 19.4403 17.0904 15.8066 92.3102 48.4675 34.3209 32.2776 25.0204 22.8583 21.1416 42.4892 37.8822 20.4383 19.8318 17.2901 17.7366 17.1756 16.2383 15.4291 13.6503 13.2644
threshold=0 1 2 6.5000000000000009 3 4.5000000000000009 4 5 9.5000000000000018 4150.5000000000009 6 8.5000000000000018 7 8 9 10 61.500000000000007 11 -1.0000000180025095e-35 12 7.5000000000000009 13 8.5000000000000018 0.069055881351232543 0.14735445380210879 14 3.5000000000000004 15 1412.5000000000002 0.022360279224812988
decision_type=9 9 9 2 9 2 9 9 2 2 9 2 9 9 9 9 2 9 2 9 2 9 2 2 2 9 2 9 2 2
left_child=4 3 -3 -2 -1 11 9 8 -8 -7 -10 13 16 -4 -14 18 23 -16 19 20 -15 -20 -23 28 -25 -17 -18 -19 -13 -30
right_child=1 2 5 -5 -6 6 7 -9 10 -11 -12 12 14 15 17 25 26 27 21 -21 -22 22 -24 24 -26 -27 -28 -29 29 -31
leaf_value=0.049064390412852495 0.0026615500625753897 -0.029506360882269642 -0.028329203909320144 0.038724632606679743 -0.039461648726761327 -0.070732821197640031 0.020712826513728536 0.0055424001332191634 -0.0098927325780889842 0.021330618230547087 0.10475524439634576 0.1343054380546326 -0.028405027866102234 0.022144480693317363 -0.0169916202485417 -0.015720776794772167 0.066961935347570084 0.020025620568098687 0.0096376272361719303 -0.046964669816792183 0.21907040062174518 0.065381056289504594 0.0051587370710949433 0.0037437561599825684 0.058081898428146622 0.0023612333819293318 0.26961609165122979 -0.0031329569773141802 0.099692645569249616 0.027071358614179586
leaf_weight=11.993409230839459 216.82784834178165 153.59626648738049 512.5112113468349 205.91726035857573 220.14906316087581 93.384861001744866 306.19469244475476 1495.2990577868186 22.077828971669078 30.404341099318117 58.041683951858431 22.700300853699446 763.10328154778108 50.044287039432675 1189.9398320429027 543.05859967833385 8.3863271502777916 313.59851402509958 243.66525371884927 98.46176977455616 12.137816703878341 233.95841854019091 71.361238106386736 196.3293489292264 86.552902102470398 10512.855731592281 7.4810182442888609 2583.1452466191258 36.46417055465281 81.068645845167339
leaf_count=1054 4516 9176 11503 4188 13327 1124 3571 18394 257 525 779 252 11259 786 16455 8468 144 5706 3471 2479 140 5469 2171 2144 591 141447 124 38652 1859 2875
internal_value=0.000128503 0.00052692 0.000104925 0.0197603 -0.0330507 0.000352254 0.00774841 0.0113636 0.0331872 -0.044524 0.0850028 -0.00049188 -0.00506234 0.00147684 -0.00905243 0.00279691 0.0383519 -0.00537822 0.0233213 -0.00825821 0.0521908 0.0329869 0.0496784 0.0346024 0.0203695 0.00145965 0.162508 -0.000565565 0.0633133 0.0496019
internal_weight=20380.7 20148.6 19725.8 422.745 232.142 19572.2 2005.4 1881.61 386.314 123.789 80.1195 17566.8 5288.77 12278.1 4849.79 11765.5 438.983 4086.68 709.629 160.644 62.1821 548.985 305.32 423.115 282.882 11055.9 15.8673 2896.74 140.233 117.533
internal_count=312906 298525 289821 8704 14381 280645 24650 23001 4607 1649 1036 255995 80061 175934 72072 164431 7989 60813 14516 3405 926 11111 7640 7721 2735 149915 268 44358 4986 4734
cat_boundaries=0 24 47 71 82 106 129 142 166 190 213 236 260 282 304 328 352
cat_threshold=0 0 0 4096 0 134217728 20480 512 1048576 620757040 2 16 0 167772162 4 67108866 131104 16384 256 0 0 16777248 131108 4194452 128 269484040 134217728 8200 0 67108864 134218240 256 0 0 197632 40961 33554948 262144 0 8388608 0 4194304 2048 1048640 2112 0 33562688 1073743872 6291457 8192 131120 32768 4194304 16809984 167772160 0 4195328 16 0 0 0 0 0 0 33554432 2147483650 0 67108864 574685184 1572866 3136 16778272 2281703456 0 67108864 0 4203648 0 0 0 0 33558528 67239936 33554688 8388610 256 0 0 541065216 0 0 2097152 524288 0 131072 5124 0 0 1538 1073745920 83886081 0 8422400 135266304 2097152 16777248 2449473536 8388612 335544320 1024 0 524288 262144 536870912 33554432 0 0 1107296256 1327185 16 0 0 0 0 0 0 0 2099200 2147483648 0 4 0 0 0 0 0 0 0 0 0 1107296256 1 67108864 570425346 8388608 0 0 8 3211264 0 0 0 8192 0 18878464 0 0 0 1540 536903680 268959872 16777232 2281701376 3147776 2147516416 544 538968064 704643072 268435456 0 0 0 1310720 536879104 0 131584 8192 0 1075843072 64 0 131072 132 32768 0 16777216 134217728 3147776 2147516416 4609 0 8388608 67108864 2049 16384 0 8388608 16384 67125248 0 0 2214592512 8684801 1048 0 0 65536 2155872256 4195328 2 2228224 2147483648 536871040 0 256 0 0 16384 0 1077936130 16793600 65536 0 32768 67108864 12861696 9244 0 0 33554432 2147487744 1032 2 132096 67371008 536871040 2324168768 67108864 32770 4194304 0 2147483648 256 16777216 134217728 32768 2097152 1644167168 4210688 268435460 0 0 37748736 0 0 4194304 65536 67379200 16384 16384 0 256 0 0 16384 0 4194304 16384 0 0 32768 67108864 256 8 0 0 0 4096 1024 2 132096 67108864 0 256 0 0 16384 0 0 16384 0 0 32768 67108864 256 0 0 0 0 4096 1024 2 1024 67108864 33554432 2 16516 1024 16 0 2097168 0 268697600 2281701376 0 134479872 65536 0 0 1048576 2098176 0 268435456 16 3221749760 528512 1098907656 262144 555876352 0 8 2097152 536870912 35651584 262144 0 838860800 133120 536870912 268697728 537001984 4096 0 1048576 0 128 32 0 1048704 128 8388608 266240
is_linear=0
shrinkage=0.1


Tree=47
num_leaves=31
num_cat=9
split_feature=3 3 3 11 3 14 3 16 3 11 3 16 9 17 3 21 3 16 11 9 11 9 21 16 19 7 10 16 14 7
split_gain=29.1983 17.7255 13.6964 14.0004 15.3197 12.9367 55.9347 17.8972 24.226 21.6681 16.7977 19.3663 16.7978 16.9308 14.706 13.6859 13.5874 18.3334 13.1706 13.1507 16.0269 12.4231 20.6808 13.9265 14.6181 12.4094 19.3964 25.9955 12.3612 12.3482
threshold=0 1 2 -1.0000000180025095e-35 3 8.5000000000000018 4 72.500000000000014 5 506.50000000000006 6 2.5000000000000004 43.250000000000007 1.5000000000000002 7 3675.5000000000005 8 180.50000000000003 334.50000000000006 34.250000000000007 506.50000000000006 29.550000190734867 4463.5000000000009 3.5000000000000004 0.015948286280035976 3.5000000000000004 0.066163793206214919 14.500000000000002 40.500000000000007 4.5000000000000009
decision_type=9 9 9 2 9 2 9 2 9 2 9 2 10 2 9 2 9 2 2 8 2 10 2 2 2 2 2 2 2 2
left_child=-1 -2 3 4 -3 16 10 14 9 -9 12 29 13 -7 21 -13 18 -18 -4 20 -17 22 23 -8 -25 -21 27 -27 -11 -12
right_child=1 2 5 -5 -6 6 7 8 -10 28 11 15 -14 -15 -16 19 17 -19 -20 25 -22 -23 -24 24 -26 26 -28 -29 -30 -31
leaf_value=-0.034148054559885198 -0.036375158070065743 0.035839440460685587 -0.021262567425343253 0.028125504488586101 -0.043481093930617609 0.078372120675832935 -0.064454062412475172 0.14002857392709092 -0.064325713900937428 0.061670938909428735 -0.079913113964268534 0.11790490960991716 0.186258365534933 -0.075384720376799885 -0.051711215604131 -0.041348575525917745 0.00096788796112487669 -0.084839960459527325 0.086237245247825875 0.0098274038663660208 0.076701382380381281 -0.050900950795566974 0.28083231110533441 0.19744822036372733 0.019338347565007422 0.0015178160850487536 0.039177552527243857 0.34844877545051206 -0.047039649684145181 0.14130130624977194
leaf_weight=243.01360326167196 122.82766428915784 30.074567411094904 384.73794894316234 324.13494223961607 57.150263668037951 35.364742935169488 15.283078887034206 17.53270098567009 22.999970843084157 21.0290831848979 32.713486465159804 12.456323695369063 10.809775793924926 8.9801190723665041 331.31812915857881 71.161850658245385 18345.79780032183 24.933212169446051 11.744925030972807 152.21877127187327 13.7174567123875 30.677443859167397 3.0870401500724247 5.6663775304332402 24.67117487732321 3.7554674316197616 45.593523357063532 5.0831238706596196 20.810796561185271 2.7342630270868531
leaf_count=15200 7780 188 9573 4353 1054 408 1008 98 599 196 1312 207 78 253 17184 980 246381 496 173 2289 165 1060 128 200 617 123 368 156 575 58
internal_value=-0.000388151 3.51105e-05 0.000275989 0.018115 -0.017008 -0.000106388 -0.0119029 -0.0339579 0.00789442 0.039973 0.0161092 0.00689558 0.0630509 0.0472354 -0.0431788 0.0152554 0.000451515 0.000850964 -0.0176334 0.0108695 -0.0222704 -0.000936521 0.0303402 0.01339 0.0526053 0.0244812 0.0654605 0.20104 0.00759923 -0.0628497
internal_weight=20432.1 20189.1 20066.2 411.36 87.2248 19654.9 887.665 493.076 82.3726 59.3726 394.589 339.434 55.1546 44.3449 410.703 303.987 18767.2 18370.7 396.483 291.53 84.8793 79.3851 48.7077 45.6206 30.3376 206.651 54.4321 8.83859 41.8399 35.4477
internal_count=313260 298060 290280 5595 1242 284685 28062 21665 1468 869 6397 5658 739 661 20197 4288 256623 246877 9746 4081 1145 3013 1953 1825 817 2936 647 279 771 1370
cat_boundaries=0 24 48 71 91 115 128 149 172 196
cat_threshold=0 4194304 1024 64 536870912 100663296 268451840 257 0 2183659520 0 0 128 436207616 0 0 2147483650 33554432 16 0 65568 1073807392 134217729 16385 0 2097152 262144 32 32768 134217732 134744068 167772160 0 67108866 1045 1024 0 0 4 0 0 0 0 0 2097152 54525952 18944 4205576 163968 8 16777216 4 0 268828672 0 0 65536 8192 0 0 2147520512 4195394 0 0 4194432 272637952 71307520 4194306 0 131072 2105344 0 8 16777216 4 0 0 0 0 65536 0 0 0 32768 2 0 0 0 0 4198656 4194304 301989888 2 1140883714 4194304 0 0 0 512 16384 4194560 0 8388640 983312 65536 0 1048576 0 3221225472 524320 0 2147483648 0 4194400 32 0 0 8388608 1024 0 0 0 0 570425344 0 16384 0 2097186 33554432 0 32768 0 0 0 0 0 0 4194304 0 0 131072 0 0 1048576 0 3221225472 524320 0 2147483648 524288 276824064 128 256 0 0 5505024 541329408 0 0 557056 2483027968 9453568 4 0 0 1024 16384 0 0 75497472 268435456 128 0 1073741824 0 196608 0 5242880 17825792 0 524288 4298752 32 0 4 65536 0 1048577 0 0 17563680 16779264 335544320 8388608 1440 16777216
is_linear=0
shrinkage=0.1


Tree=48
num_leaves=31
num_cat=17
split_feature=3 3 3 4 3 8 21 3 9 3 3 21 3 9 3 3 3 21 19 3 9 3 3 21 3 21 3 20 21 6
split_gain=35.2046 15.5883 13.6923 11.6637 11.6532 13.0603 14.5018 9.82427 9.70971 37.1446 17.5466 14.7208 14.4087 10.7692 77.7434 35.0494 21.457 21.3042 15.6951 14.7069 12.4173 66.8291 13.2422 13.0126 12.0858 20.5203 13.1389 11.8203 12.2798 20.3993
threshold=0 1 2 3 4 11.500000000000002 3986.5000000000005 5 50.149999618530281 6 7 4186.5000000000009 8 32.549999237060554 9 10 11 3200.5000000000005 0.10648685693740846 12 30.550000190734867 13 14 3934.5000000000005 15 3871.5000000000005 16 0.0075430369470268497 4463.5000000000009 9.5000000000000018
decision_type=9 9 9 9 9 2 2 9 10 9 9 2 9 10 9 9 9 2 2 9 10 9 9 2 9 2 9 2 2 2
left_child=-1 -2 -3 7 -5 -6 -7 -4 13 -10 -11 -12 -13 16 17 -16 -9 18 -15 27 22 -22 23 -21 -17 26 -26 -18 -29 -30
right_child=1 2 3 4 5 6 -8 8 9 10 11 12 -14 14 15 24 19 -19 -20 20 21 -23 -24 -25 25 -27 -28 28 29 -31
leaf_value=-0.037995635078518199 0.020975730656160152 -0.02282145806122244 -0.020269173660023135 0.0019341335012909812 0.0038705185156756002 0.12088376291956784 -0.02377572432920233 -0.019906303176234815 0.031876085035380676 -0.03368481422758729 0.013871688173508496 -0.047909137133024852 0.025569328959809595 0.23201652705477499 -0.037010300812845398 0.011588357640500629 0.12518778710235773 0.04129223092096005 0.061615076275779591 -0.025447537440904378 -0.024306065941842751 0.060149244707394613 0.0012068363079727621 -0.00013389846692667668 0.0092694564328284542 -0.00040098398639653492 -0.03580902868972239 0.014877187398997694 0.25565812572342894 0.011422912205032762
leaf_weight=231.06145920162089 353.24263942381367 247.88080939254723 223.09603320690803 99.480046384036541 24.656629260396585 37.422462391667068 8.5048386827111226 478.04096054891124 431.18870754120871 158.45201363507658 357.93781724292785 77.758547740057111 33.554769664769992 10.720607910305263 457.05861813062802 317.29297660989687 10.852144747972487 188.17466487782076 10.90203036367893 381.45234281150624 177.73540382971987 181.03010216820985 13952.099928659853 434.26641171099618 80.381895503029227 758.46917079505511 343.12413132749498 307.51636753045022 5.7328318087384096 8.4758608648553473
leaf_count=10220 6944 7848 10017 906 275 423 116 10791 4759 2974 4672 1185 843 138 7173 5608 84 3723 63 3954 2487 2658 196103 5689 980 10970 5408 5702 141 286
internal_value=-6.86839e-06 0.000447239 7.06584e-05 0.000372351 0.0257061 0.0548123 0.0940957 0.000136963 0.00038499 0.0096927 -0.00595864 0.00391117 -0.0277664 -0.00015922 -0.00677492 -0.0130215 0.000739961 0.0497242 0.146101 0.00139038 0.000925705 0.0193085 0.000479746 -0.0118263 -0.00551167 -0.0101608 -0.0278797 0.0218812 0.0190767 0.109965
internal_weight=20387.6 20156.5 19803.3 19555.4 170.064 70.5839 45.9273 19385.3 19162.2 1058.89 627.703 469.251 111.313 18103.3 2166.12 1956.33 15937.2 209.797 21.6226 15459.2 15126.6 358.766 14767.8 815.719 1499.27 1181.98 423.506 332.577 321.725 14.2087
internal_count=313140 302920 295976 288128 1720 814 539 286408 276391 14433 9674 6700 2028 261958 34063 30139 227895 3924 201 217104 210891 5145 205746 9643 22966 17358 6388 6213 6129 427
cat_boundaries=0 24 48 72 73 87 111 131 153 174 197 221 245 269 287 310 333 354
cat_threshold=0 0 128 2048 0 136577024 16456 268435456 0 205684768 65570 0 603979776 33587200 4 0 65572 0 0 1048576 0 1179680 0 8208 67108864 536870912 0 8208 536870912 16777232 4096 3328 402653184 0 524288 32768 4194304 4096 0 8192 131200 278528 526344 0 526368 2147483648 32768 16777217 536870912 2097152 8192 32 32768 4194304 1098909696 167772160 131072 0 536870928 1024 132 8192 0 0 536871424 0 0 2097152 65536 46137472 2064 3136 11 524288 67108864 256 0 0 0 0 0 0 0 2113536 0 524336 32 35651584 16777216 393216 196608 16 1052672 536969216 512 0 276889604 0 0 0 2 0 1 0 2147487744 4 0 0 268505088 1032 4138 2416443392 71303168 8421376 4194304 0 0 136314880 4194304 67125248 0 57344 1107296256 595000 65584 0 0 0 0 1056 32 1207959552 33554437 1073741824 1032 0 0 262144 8667136 524288 0 0 2424307840 164096 134217728 0 134217728 2 8388608 4096 4194304 10485760 134219776 8388608 276824066 0 1 0 0 0 16777216 33554432 0 2097152 0 2051 0 0 0 0 0 0 0 2147483648 2281701376 3 1073741826 256 0 655360 34865666 0 81920 256 0 268443648 2056 16777216 0 0 2 32776 68157440 16 2149580800 32768 524288 524288 343932928 36864 4194304 0 0 0 4194304 67108864 2097152 8192 8388608 2118659 4 0 134217728 0 0 5120 2 131072 134217728 8224 4 2147483648 4194304 134217728 0 0 32768 5243010 83886080 0 0 33591304 268443648 67592 16842752 0 2 0 32776 1048576 0 0 557056 537395204 131072 0 34603024 83886088 0 0 67117058 0 0 262144 2 262144 536871040 2147483648 0 0 1179648 8 131072 4460544 16777216 8519680 134217728 2097698 33280 134742016 67108868 33024 1 0 0 0 4194304 536870912 0 16384 2256535552 10391843 134217760 0 134217728 0 536870912 0 134217792 2 0 0 524288 33554432 0 81920 72 1 1207959552 512 262144 0 0 66 33554432 65666 0 2150629377 538976256 34668673 0 1073742148 134217728 2 0 32768 4 8192 570425344 1 2101248 1 8520192 138739712 0 0 0 545259520 268435600 32 0 536870912 536871040 1350565888 0 8388608 1033 0 8 0 16384 0 8192 0 234881024 50364416 8388616 0 16809984 1024 0 0 0 64
is_linear=0
shrinkage=0.1


Tree=49
num_leaves=31
num_cat=3
split_feature=1 16 11 11 16 19 8 9 17 7 19 21 19 8 21 9 10 1 21 10 17 8 10 17 16 1 19 8 8 19
split_gain=16.6102 14.7899 25.6214 14.9619 24.0009 24.4211 19.0576 16.2345 15.6393 15.6352 19.1626 15.1202 12.5862 14.1888 12.4999 19.7506 12.1007 10.0485 11.6894 11.596 13.3027 10.1086 10.0369 10.0221 12.8145 11.0818 11.0346 18.6874 27.1853 46.7562
threshold=0 29.500000000000004 49.500000000000007 56.500000000000007 3.5000000000000004 0.011707909870892765 19.500000000000004 33.850000381469734 1.5000000000000002 5.5000000000000009 0.09031157568097116 868.50000000000011 0.36377272009849554 5.5000000000000009 3757.5000000000005 54.350000381469734 0.020850681699812416 1 4273.5000000000009 0.032151246443390853 1.0000000180025095e-35 4.5000000000000009 0.24982372671365741 1.5000000000000002 3.5000000000000004 2 0.02041073422878981 5.5000000000000009 16.500000000000004 0.019095085561275486
decision_type=9 2 2 2 2 2 2 10 2 2 2 2 2 2 2 10 2 9 2 2 2 2 2 2 2 9 2 2 2 2
left_child=-1 3 -3 12 11 -6 9 8 -8 10 -7 -5 23 22 -12 -16 -4 -18 -19 20 -20 -21 -14 26 25 -25 27 -2 29 -29
right_child=1 2 16 4 5 6 7 -9 -10 -11 14 -13 13 -15 15 -17 17 18 19 21 -22 -23 -24 24 -26 -27 -28 28 -30 -31
leaf_value=-0.051346141438660058 -0.035717762685487195 -0.069997529849574358 -0.061122567420645584 0.24236732473847719 0.21820870972364129 0.0013167116199412916 -0.044240378117191198 0.043863795635177852 0.033468163201500652 0.16720981434697993 0.10271996345359907 -0.068978171315766001 0.085546853248442342 0.0062775559651765097 0.053145630726883858 -0.078598883753450768 0.038298960865255166 -0.015368501207193628 0.037681459357280414 -0.041928305139265376 0.24070373633415174 0.012756706499726021 0.024965799284441918 0.031953644633798503 0.0056405298304976099 -0.011223105191070922 0.00013976268104997581 0.02518237344490375 0.00033662788197936393 0.15457027025851711
leaf_weight=53.277741430327296 56.258695182623342 70.289962010458112 40.230794112896547 1.6252841651439656 6.3836142371874294 110.51188565930352 93.962248640833423 50.80570348049514 35.753425133880228 9.0129897114820761 41.476669859141111 38.721246115630493 37.210094898939133 721.88142661750317 105.22580292634666 12.759101313538848 40.983481025323272 600.89356534346007 12.601273636100816 40.015934441704303 4.3385792325716457 217.70770512474701 103.1847659945488 52.40009793243371 703.44719615881331 1986.9732103736605 14837.543852794915 107.57207076181658 176.06853849650361 37.722687253495678
leaf_count=7054 2889 3797 6031 8 178 3984 1882 686 724 130 261 4699 174 3114 849 224 277 8580 687 446 195 2849 426 583 10929 39229 197064 5362 8863 1197
internal_value=-0.000191184 -3.2037e-05 -0.0117255 0.000589366 0.0175543 0.0239619 0.0212634 -0.00405377 -0.0228216 0.0376452 0.0333197 -0.0564362 0.000133034 0.0119346 0.0554988 0.0388985 -0.00744446 -0.00508831 -0.00747129 0.00953377 0.0896789 0.00426594 0.0410221 -0.000433635 -0.00599766 -0.0100121 0.000569386 0.0174502 0.0267579 0.0587752
internal_weight=20406.8 20353.6 1027.06 19326.5 506.238 465.891 459.508 180.521 129.716 278.986 269.973 40.3465 18820.3 862.276 159.462 117.985 956.771 916.541 875.557 274.663 16.9399 257.724 140.395 17958 2742.82 2039.37 15215.2 377.622 321.363 145.295
internal_count=313371 306317 22862 283455 13625 8918 8740 3292 2606 5448 5318 4707 269830 3714 1334 1073 19065 13034 12757 4177 882 3295 600 266116 50741 39812 215375 18311 15422 6559
cat_boundaries=0 1 2 3
cat_threshold=1888273 48234496 6293568
is_linear=0
shrinkage=0.1


Tree=50
num_leaves=31
num_cat=17
split_feature=3 3 3 4 9 3 9 9 11 21 8 11 11 1 3 16 3 16 14 3 3 3 3 3 9 3 21 3 3 3
split_gain=28.7356 16.4705 13.718 13.9518 11.9585 14.2689 15.8135 22.3377 15.9508 11.5456 11.8188 10.8863 10.6124 10.0745 10.0192 10.1879 47.7567 12.0287 75.195 68.6526 60.9366 48.0887 30.5494 23.9672 23.9464 20.3848 19.2736 40.6704 26.2093 23.733
threshold=0 1 2 3 26.050000190734867 4 35.750000000000007 33.850000381469734 7.5000000000000009 4005.5000000000005 9.5000000000000018 15.500000000000002 439.50000000000006 5 6 114.50000000000001 7 1.5000000000000002 1.5000000000000002 8 9 10 11 12 68.049999237060561 13 4186.5000000000009 14 15 16
decision_type=9 9 9 9 10 9 10 10 2 2 2 2 2 9 9 2 9 2 2 9 9 9 9 9 10 9 2 9 9 9
left_child=-1 4 12 13 -2 -6 7 8 -7 10 -5 -8 -3 -4 -15 17 -17 18 22 -19 -20 24 -16 -24 -21 -23 28 -28 -25 -29
right_child=1 2 3 9 5 6 11 -9 -10 -11 -12 -13 -14 14 15 16 -18 19 20 21 -22 25 23 26 -26 -27 27 29 -30 -31
leaf_value=-0.03606140241285527 0.010442956108141263 -0.031817986469556241 -0.044866515053238076 -0.0045573542646468934 -0.0051823244116698825 0.028466910494103111 0.071732471985790483 0.31619857246214567 0.2102592207260964 -0.026361253628086657 0.059932930000307638 -0.061408778484680418 0.13655563090265557 -0.017710451869252616 0.03118167371764707 0.051663803569219062 -0.072004460219334529 0.035080121293466111 0.046908476244557927 -0.039072940490933017 -0.050258402231394696 0.016519522385496376 -0.027913724435780069 0.016236453448573763 0.15288568987071727 -0.00098130208760933177 -0.020453536103339928 0.023813640374007967 0.00056004317014785195 -0.0027544172797100168
leaf_weight=211.78751424909569 381.77943974873051 179.35595577582717 40.629023901419714 39.781243697041646 40.297793098259717 13.195768436416989 26.592679159715772 5.8459489797241977 7.6098727462813249 30.563576864078641 99.48129094671458 7.9853553185239425 3.8231919782701871 311.30005065072328 302.73955744598061 41.880718411877751 74.802615320542827 631.35163234965876 68.577023775316775 352.58745560375974 467.51479859952815 873.54481429606676 300.07636423222721 1214.7832653764635 6.6207117047160855 2699.6716743183788 1255.3135133692995 394.90690390346572 8275.1843778425828 1975.2717110863887
leaf_count=9517 8105 6645 4666 397 1118 214 417 125 148 346 933 231 192 8315 7798 378 1742 14016 1246 5640 17942 9235 7002 10803 44 47666 18881 6798 98343 23772
internal_value=-0.000263256 0.00013136 -0.000321781 -5.8472e-05 0.0181786 0.0490577 0.0735839 0.143487 0.0949593 0.0276668 0.0415109 0.0409852 -0.0268386 -0.000316813 -0.000199517 9.75704e-05 -0.0293599 0.000280276 -0.0011503 0.00474848 -0.0378913 -0.000209943 0.000285492 -0.000434641 -0.0345724 0.00333129 0.000214857 -0.00598708 0.00258443 0.00175367
internal_weight=20334.9 20123.1 19639.8 19456.6 483.307 101.527 61.2296 26.6516 20.8056 169.826 139.263 34.578 183.179 19286.8 19246.1 18934.8 116.683 18818.1 14254.4 4563.78 536.092 3932.42 13718.3 13415.5 359.208 3573.22 13115.5 3625.49 9489.97 2370.18
internal_count=312675 303158 292800 285963 10358 2253 1135 487 362 1676 1330 648 6837 284287 279621 271306 2120 269186 192585 76601 19188 62585 173397 165599 5684 56901 158597 49451 109146 30570
cat_boundaries=0 24 48 72 73 97 98 121 142 163 186 210 234 258 282 306 330 354
cat_threshold=0 16777216 65664 0 16 0 32 512 0 0 1035 32768 520 33562624 0 67108864 131072 0 1048580 64 0 327712 83951764 4096 1073872896 0 0 0 0 536870912 570425345 8388608 0 536870912 536870912 0 16779392 4096 0 0 536870912 24584 65680 16777216 1077051392 131072 2684362752 32 0 2097152 67108864 4128 32768 0 16777216 201326592 402653184 16876032 33554432 262144 0 268435464 4 0 33554440 2147483648 4096 0 134217728 1048576 1 3072 11 1073741824 0 0 0 0 0 1 0 0 536870912 536870912 0 16777216 0 0 0 536870912 8192 16 16777216 1179648 131072 8192 32 1394101 0 256 2048 204802 16384 5308416 0 302006272 0 33558528 16 1073741824 0 8388610 0 33 0 268435456 524288 0 0 583012352 1049864 34078720 0 1073741824 0 0 0 0 0 16384 0 0 142606464 2424882 65568 0 135266304 512 536870912 1024 0 2147483648 671088640 37748745 10 0 0 33554440 1048576 4202496 67108864 4194304 2105344 134217729 0 48 0 25165824 2097156 262144 71565312 0 2147485824 2206728192 1342177280 0 1289 0 131072 12582912 536870912 536870912 0 0 2189426689 32770 32 0 134217728 0 0 32 0 128 134217728 4194304 0 67108864 151027712 8 0 262144 10485760 0 524288 18 262144 0 33689605 0 0 0 65536 0 256 2097184 0 136314880 138412066 512 8388608 67108864 16777216 0 0 268697600 64 1 0 2098224 0 536870912 2181038084 134217728 0 0 0 1073741824 0 32 268436481 270532736 134218272 131612 34078720 268435529 0 0 0 18 1049092 1048576 65536 4194312 0 8193 0 0 0 26214400 2097152 266240 16777216 0 8390784 16777216 2 16777216 0 545259584 4096 0 0 67108880 66052 16777216 0 0 16384 8192 262194 32772 0 1048576 514 4198400 16777216 2048 8388640 0 524288 4194304 671088640 1086324738 37120 2304 0 8 8388608 0 100941824 2049 2101248 167772160 1327105 65584 0 0 0 8388608 0 0 0 0 0 32768 285212672 2 134217984 2305 536870912 0 8388624 262144 33554432 2054 790528 0 4210689 65536 0 0 65536 545292288 0 0 0 134219776 4210688 32768 2214592512 134217728 8388608 1028 0 0 136577024 20971776 537919488 75497728 139264 128 67109890 32768 0 0 0 0 8 0 0 32768 8421440 262146
is_linear=0
shrinkage=0.1


Tree=51
num_leaves=31
num_cat=14
split_feature=3 14 3 3 3 1 16 16 3 7 3 8 16 14 11 17 19 7 3 14 19 11 17 3 5 3 20 3 3 3
split_gain=31.2578 17.9432 26.3139 15.9835 12.4616 11.9608 11.2734 10.6602 11.4507 9.97138 9.12544 9.06926 8.44373 7.89833 9.5193 7.93913 15.1055 7.84421 18.7785 11.1703 9.78466 20.3906 10.8089 8.77974 9.15092 9.09802 8.80844 32.0818 22.5655 19.6504
threshold=0 37.500000000000007 1 2 3 4 83.500000000000014 72.500000000000014 5 4.5000000000000009 6 6.5000000000000009 10.500000000000002 4.5000000000000009 6.5000000000000009 1.0000000180025095e-35 0.053855527192354209 5.5000000000000009 7 1.0000000180025095e-35 0.055928330868482597 27.500000000000004 1.0000000180025095e-35 8 9 10 0.071046028286218657 11 12 13
decision_type=9 2 9 9 9 9 2 2 9 2 9 2 2 2 2 2 2 2 9 2 2 2 2 9 9 9 2 9 9 9
left_child=-1 3 -3 9 -5 -6 7 8 -4 11 12 -2 -7 14 -13 -16 -17 23 19 -19 21 22 -21 -12 26 -26 27 -25 -29 -28
right_child=1 2 6 4 5 10 -8 -9 -10 -11 17 13 -14 -15 15 16 -18 18 -20 20 -22 -23 -24 24 25 -27 29 28 -30 -31
leaf_value=-0.035609132160444222 0.0071003706965645248 -0.067730090164242487 0.038982730891756079 0.01758265099909577 -0.050745055352126922 -0.012368909465890686 -0.05272345377566226 0.097004276082776522 -0.024055875761903111 0.030836956167402979 -0.012798974812723072 -0.032832757945064676 -0.070693757642403418 -0.070809386311950648 -0.0168078601651655 -0.03269145509276801 0.12579621255861462 0.018531872391105295 -0.0017519889295865621 0.1464165264278795 0.04203118088660604 0.32060831611386126 -0.036968011035382546 -0.027969316341702983 0.040838782379038097 -0.060960691656369317 -0.022811688358558301 0.033887156639380821 0.0054699328624249711 0.00063068922793936306
leaf_weight=233.06950927898288 86.098063223063946 84.710865030996501 41.270942170638591 445.15431872289628 34.85302952863276 142.55772650567815 30.40694278664887 14.169982598628847 56.17019522190094 39.018930428661406 459.53925556433387 241.31986799975857 30.054369699442759 40.250848361523822 40.523140615317971 10.815943767782302 13.544719300698487 318.65489607444033 582.20877040782943 7.3158946288749593 62.766742865089327 4.1381378662772468 5.7325534550473094 257.80176179436967 6.4165195375680923 35.946899479953572 357.5256143421866 297.79479706729762 3218.8430268506054 13198.331575305201
leaf_count=10784 2657 9298 409 8825 4006 4950 720 93 2278 1146 9224 7157 2448 1809 1708 346 148 3071 7146 146 491 97 190 6063 53 622 5878 7506 96172 118071
internal_value=3.71145e-05 0.000466568 -0.0275064 0.000784915 0.00122916 0.000837382 0.00117282 0.0159612 0.00417585 -0.0172136 0.000958739 -0.0219461 -0.0212907 -0.0291645 -0.0236902 0.0103135 0.0554289 0.00117408 0.00988141 0.0262584 0.0603368 0.12719 0.0658505 0.000695817 0.00105954 -0.0406873 0.00118499 0.00545819 0.00796562 -3.94865e-06
internal_weight=20397 20163.9 226.729 19937.2 19465.6 19020.5 142.018 111.611 97.4411 471.572 18985.6 432.553 172.612 346.455 306.204 64.8838 24.3607 18813 980.817 398.608 79.9533 17.1866 13.0484 17832.2 17372.7 42.3634 17330.3 3774.44 3516.64 13555.9
internal_count=313512 302728 12798 289930 274959 266134 3500 2780 2687 14971 262128 13825 7398 11168 9359 2202 494 254730 11141 3995 924 433 336 243589 234365 675 233690 109741 103678 123949
cat_boundaries=0 24 46 70 94 95 109 133 154 177 178 194 218 240 263
cat_threshold=2048 528 0 8192 0 16781328 540680 0 268435456 1107298304 0 0 67108872 301989888 0 268435456 2 0 9 16777216 0 2684354592 8544 260 134217728 8388612 1082130432 1025 0 8 0 0 0 0 8192 8388608 3670066 134217744 0 0 0 8388608 32 0 0 2048 536870912 2097152 67108864 32 32768 4194304 16779264 138414336 671088640 4194312 20 128 32768 0 4 0 0 20480 0 0 10485760 54525952 1074790528 2048 1082130432 1048840 0 0 0 524288 33554688 16896 0 0 32769 0 33554944 1024 0 32768 131120 262144 196608 4196352 67108992 2048 16 4456481 1328433 33554432 0 67141888 0 0 0 2097152 0 16384 0 2097152 32 2048 32 64 16777216 268437504 196608 0 1048577 32768 33554432 0 268455936 0 32 4210688 0 0 1 0 0 262144 32 268435456 589824 2684355594 5184 168296448 268435460 1082163458 3080 0 8 0 262144 33554432 0 2105344 3254779904 1048578 134217744 0 0 1028 8396800 2048 0 134217728 34078720 134217728 134415360 4194312 536870912 65536 4096 8388608 0 134217728 0 0 0 136 0 134217728 1152 163840 256 0 134742016 1075843072 335806464 394 0 4 16777216 0 0 0 0 0 0 0 0 0 273 0 0 8192 0 0 0 2112 0 1073741824 8388625 0 67108864 2097216 266240 176160768 8520721 8396800 0 17825792 4194312 8192 0 64 65536 32768 1 131088 0 608174146 36864 0 0 33554432 65536 1024 16384 65792 147456 2415919120 320 134217728 0 0 0 2415919112 16777344 0 1073872960 134225920 0 570425414 4096 0 0 33555456 1075838980 16778240 33554432 4 8192 0 264256 32784 0 0 4 2415919112 16777344 0 1073872960 134217728 4194304
is_linear=0
shrinkage=0.1


Tree=52
num_leaves=31
num_cat=19
split_feature=3 3 3 20 21 5 3 3 9 14 3 16 3 3 16 3 3 3 9 3 21 3 11 3 5 3 3 19 21 3
split_gain=32.2052 15.5586 14.028 11.8696 9.88869 9.84735 11.9969 9.91166 9.12905 9.04465 60.7447 44.5264 65.8506 43.9869 26.2944 75.1967 25.2172 23.6262 22.329 20.0407 19.4129 26.4908 21.4974 27.0142 23.0212 20.101 19.6937 19.0263 18.1975 16.1878
threshold=0 1 2 0.012731804978102447 4463.5000000000009 3 4 5 66.250000000000014 1.5000000000000002 6 5.5000000000000009 7 8 15.500000000000002 9 10 11 33.45000076293946 12 4227.5000000000009 13 1.0000000180025095e-35 14 15 16 17 0.093232981860637679 4586.5000000000009 18
decision_type=9 9 9 2 2 9 9 9 10 2 9 2 9 9 2 9 9 9 10 9 2 9 2 9 9 9 9 2 2 9
left_child=-1 3 -3 4 -2 7 -7 8 -4 14 -11 12 -12 18 17 -16 -17 -9 28 -19 25 -22 24 27 26 -21 -23 -24 -13 -15
right_child=1 2 5 -5 -6 6 -8 9 -10 10 11 13 -14 29 15 16 -18 19 -20 20 21 22 23 -25 -26 -27 -28 -29 -30 -31
leaf_value=-0.048238788407070965 0.051172278972855589 -0.024139993143443877 -0.023444669533305873 0.015142593919180184 0.24479276796665955 -0.076101786890308165 0.010504494439741333 -0.019390268166960659 0.11835838490874578 0.055937589369140173 0.029335291789977798 0.014569234247671231 -0.034479063928346411 -0.033559004944836317 0.057368824361298115 0.028726473307908753 -0.042401144035634844 0.013539201178233252 0.076404802588589671 0.015478159821285965 -0.02335825339538437 -0.010713594579972299 0.076936340660150621 0.0021012838518519742 0.099919496260548191 0.0020553837446947352 0.016547013418993291 0.010689870287219787 0.1559196334685109 -0.0013458122625998703
leaf_weight=128.09606762463227 7.7993487990461272 232.51207431498915 230.11272255377844 509.09320291504264 3.9857620750553906 29.694143569096923 29.64802802214399 487.40814048936591 4.6313607178162775 143.77418756857514 189.59003529860638 279.13342600408942 922.52208482287824 188.91616789600812 98.593516923021525 51.91378880944103 451.77904222789221 1541.7406928606797 89.291496152058244 1258.2232287516817 629.78219960536808 1784.528405345045 104.89943971857429 483.68262425041758 10.506566308438776 9368.1566138172057 302.58640632079914 73.893352642655373 9.4150824630632979 741.54034767113626
leaf_count=8749 405 10853 9310 10283 129 464 444 9584 73 1808 5048 5815 28391 3812 1141 917 11553 25980 1105 16852 9022 20511 1292 7354 133 106295 5343 720 154 9833
internal_value=-0.000110902 0.000217105 -0.000237143 0.0171109 0.116655 6.00036e-05 -0.0375574 0.000194039 -0.0198034 0.000448556 -0.00507979 -0.00889861 -0.0236464 0.00356968 0.00130034 -0.0192126 -0.0346538 0.00207032 0.0318612 0.00275334 0.00155812 -0.00502992 -0.000760485 0.0149407 -0.0057229 0.00366122 -0.00670134 0.0469323 0.0191814 -0.00817354
internal_weight=20387.4 20259.4 19738.5 520.878 11.7851 19506 59.3422 19446.6 234.744 19211.9 2564.18 2420.41 1112.11 1308.3 16647.7 602.286 503.693 16045.4 377.84 15558 14016.3 3389.88 2760.1 662.475 2097.62 10626.4 2087.11 178.793 288.549 930.457
internal_count=313373 304624 293807 10817 534 282954 908 282046 9383 272663 55966 54158 33439 20719 216697 13611 12470 203086 7074 193502 167522 44375 35353 9366 25987 123147 25854 2012 5969 13645
cat_boundaries=0 24 47 71 72 90 114 137 161 185 209 232 255 279 302 326 327 351 375 396
cat_threshold=2048 0 0 0 0 67109904 37749280 1 0 1207960576 33554464 0 67108864 33554432 0 0 0 262144 0 16777216 2048 1358954528 268439552 12425 268435456 33554440 0 2056 0 0 538972160 17408 0 4 0 32800 0 0 0 8421376 36 16384 65536 1048578 11010208 536870912 2155872292 8388608 2097216 64 32 0 4194304 0 0 0 50479426 524292 8192 0 268435464 4 268435456 0 0 1025 0 1024 4194304 1627406464 16 170 0 3 1073745920 0 0 0 0 262144 0 0 0 33554432 1048576 64 0 0 0 2147483648 0 0 16777216 196608 32768 3145728 16779264 167772160 0 67113088 8464 0 8388608 4224 0 0 538968080 268435456 16 0 0 41943040 1050624 68608 2197815296 0 0 0 0 131072 1048580 553648128 67108864 4194816 262144 1 0 32772 0 1048576 0 2147483648 524288 0 2281701376 135266304 4194304 1073741824 1342177282 67108864 259 0 0 8388608 0 16384 0 2097152 276824192 16777224 16 0 16777216 0 1073774592 8 16 68288513 8192 2105408 4194336 671612928 4 1073774592 0 0 8 0 4194304 33554432 0 0 1207959552 1116722 327712 0 0 4194304 0 262176 0 0 2048 0 16777216 167772160 4 8388616 8448 0 131080 1073741824 10240 0 2097152 16384 536870912 4456496 0 0 1048576 512 2147491840 21237760 0 2148532224 0 0 32 620756992 8388608 335564800 2 0 0 1025 4194304 0 8650760 0 134217856 553648128 32800 0 16785408 66560 8388736 67108864 0 0 8192 131072 2197815296 268435968 16388 0 0 537006082 1048576 1058816 0 2151677952 0 1 0 4 0 1048576 0 2147483648 21495808 0 3355443200 68157440 2 0 1048581 8388608 5120 0 285212680 0 4194304 135266304 32 0 2181039104 3258994816 8388608 0 0 2147483648 1073811456 0 0 0 2048 73728 4 603979776 8388610 4354 257 0 0 8388608 536871424 335806464 43008 364544 268435584 264193 65536 0 0 0 8388608 0 0 0 2281701376 2097152 0 0 32768 0 0 0 0 262144 0 0 2097152 0 258 32 0 0 0 0 8 0 0 0 0 16777216 8 738197504 0 4352 4194562 0 0 142606336 0 262144 43024 69632 0 264257 16 0 131072 0 8388608 4 0 268435456 2147745792 2097216 163840 134742016 1077936128 32768 4194304 0 0 0 0 570441728 2097153 2113536 8388608 1572914 48 0 0 0 0 32 0 0 2097280 134217744 32768 0 67108866 67108866 8193 0 0 1074003968 262144 0 0 2097152 545260544 20971528 134217744 0 150994944 0 1082138624 0 0 1048576
is_linear=0
shrinkage=0.1


Tree=53
num_leaves=31
num_cat=13
split_feature=3 3 14 16 16 8 10 20 16 2 3 14 3 16 3 16 3 3 16 3 3 3 14 3 17 17 16 20 3 18
split_gain=24.5897 15.8774 12.478 12.0335 24.4704 22.27 19.9254 13.0724 12.3174 11.5417 11.0181 8.14553 43.577 30.0907 24.7152 16.5907 39.6116 15.2795 15.3777 69.8827 56.4793 32.439 27.6751 54.7044 27.8254 25.4149 21.5334 23.1518 20.695 20.3907
threshold=0 1 1.0000000180025095e-35 24.500000000000004 1.5000000000000002 24.500000000000004 0.051300967112183578 0.032454660162329681 5.5000000000000009 2 3 5.5000000000000009 4 23.500000000000004 5 83.500000000000014 6 7 1.5000000000000002 8 9 10 1.5000000000000002 11 1.0000000180025095e-35 4.5000000000000009 5.5000000000000009 0.049029672518372543 12 -1.0000000180025095e-35
decision_type=9 9 2 2 2 2 2 2 2 9 9 2 9 2 9 2 9 9 2 9 9 9 2 9 2 2 2 2 9 2
left_child=-1 2 -2 4 -4 6 7 -6 -8 -3 -11 15 13 -13 -14 17 -17 -12 21 -20 25 -19 28 24 29 26 -21 -28 -23 -24
right_child=1 9 3 -5 5 -7 8 -9 -10 10 11 12 14 -15 -16 16 -18 18 19 20 -22 22 23 -25 -26 -27 27 -29 -30 -31
leaf_value=-0.03539525370656918 0.012315685911289483 -0.060328645946892502 -0.0057615991721685252 -0.015818921960636511 0.18949129849656932 -0.032370799235406866 0.041520211527844325 0.46149054347216678 0.19827734379060702 -0.016878283343307127 -0.017431822557490637 -0.066203089138448384 0.072618747463961061 -0.00087559454743704821 -0.00029241393347307113 0.055892549642168825 -0.066816302008042214 0.035826874222687148 -0.042923154859278057 0.096702118293082423 0.0063024477566240526 -0.021448812668800776 0.055493163411242531 -0.0521781700466789 -0.016729571827269085 0.019016634865099535 0.093333486217846484 -0.0026307854162046698 0.000922114740181276 0.21405396109967431
leaf_weight=184.28457255032845 293.40078320493922 21.696732037933543 19.855837968178093 16.319216745905578 3.7373889544978764 6.4792189057916394 9.6350951148197073 3.351356809027493 10.448338523507116 366.58948166389018 421.99912964436226 184.75560586131178 39.275467630010098 114.02307547372766 830.21118271793239 29.135648921132088 86.507919955067337 240.13651993474923 245.69711104501039 125.20766330626793 2861.423913040664 416.94932442344725 43.545582885853946 252.08555075270124 53.9856275934726 186.39250756893307 41.586932750418782 63.568136736052111 13140.405380573822 9.9666736582294089
leaf_count=9243 6350 2825 477 511 140 138 160 93 118 7523 9070 12109 558 2995 19614 209 2510 6063 4658 2097 41138 11065 475 7202 988 3406 1115 630 159427 112
internal_value=1.04615e-05 0.000351858 0.0207854 0.0593507 0.0822768 0.134223 0.173948 0.318085 0.123073 -3.37791e-05 6.29392e-05 0.00039182 -0.00770253 -0.0399355 0.00378929 0.000911084 -0.0368452 0.00115228 0.00160478 0.00751681 0.0113934 0.000134337 -0.000506916 -0.027889 0.0310366 0.0453811 0.0686833 0.0353214 0.000218968 0.0850252
internal_weight=20322.7 20138.4 363.227 69.8265 53.5072 33.6514 27.1722 7.08875 20.0834 19775.1 19753.4 19386.9 1168.27 298.779 869.487 18218.6 115.644 18103 17681 3523.88 3278.18 14157.1 13916.9 359.583 107.498 416.755 230.363 105.155 13557.4 53.5123
internal_count=313019 303776 7987 1637 1126 649 511 233 278 295789 292964 285441 35276 15104 20172 250165 2719 247446 238376 53044 48386 185332 179269 8777 1575 7248 3842 1745 170492 587
cat_boundaries=0 24 48 60 84 105 128 152 175 199 220 244 268 292
cat_threshold=0 134217728 16512 8196 0 16777216 524352 512 0 58739776 0 262144 0 33554432 4 0 1024 268435456 526336 1048576 0 135200 1216348160 64 128 536870912 134221824 2056 0 425984 1048577 16777216 268435456 0 951296 128 16384 8192 0 0 0 0 0 32 268503072 536870912 2147491968 4194305 8 268435504 33685504 33554433 0 4194308 159383552 1048578 4456448 1073741824 4 532480 67108864 16 0 32 32768 1213202432 16785408 402653184 0 16 536871184 1073741824 128 0 0 402653185 0 0 128 0 2097152 37748736 524288 142336 696254464 268435457 75497472 1025 0 8 0 0 570425344 0 73728 436207616 4905 134217744 0 16777216 0 545292288 0 0 32768 524288 33554432 0 0 0 0 0 0 0 4194560 0 8388609 0 0 0 1048576 0 2147483648 0 0 2281701376 0 32 524288 0 1149239560 0 0 8 0 4194304 16384 0 0 0 18874464 65568 0 1048576 0 545259520 268436480 16777216 2148532224 0 0 16777216 301989888 33554944 133120 131072 2048 2684420096 33792 570425344 0 4264192 0 0 0 640 0 1048608 0 128 4352 4194304 2147483648 0 4263968 2147483648 67108864 285245440 0 0 8192 0 0 524288 2097154 1 536870912 131076 8388608 0 0 32 1073741824 269484032 2097152 68191232 136577024 553648402 512 671219712 4194369 2 0 0 8 1610612736 4218880 67174400 0 2121728 1 4096 134217744 0 25165824 2097156 4096 4194304 0 131072 2097152 0 352321536 0 0 0 37748736 8388608 537395200 2097190 4096 0 65540 8388608 0 0 32 0 0 0 32832 2552233984 553648146 536 2172649472 1342177282 0 1280 0 0 8388608 0 33554432 0 2113536 2155872257 16812298 36 0 0 0 8388608 0 0 67108992 0 0 32 131072 1342177353 0 16 0 4098 512 1048576 65536 2147483656 8192 1 0 20 0 83886080 2 2151686152 16777216 0 134348928 16777216 0 16777216
is_linear=0
shrinkage=0.1


Tree=54
num_leaves=31
num_cat=10
split_feature=3 3 3 11 3 20 16 21 8 20 21 18 9 7 6 3 16 3 11 11 3 8 18 14 3 3 16 3 21 11
split_gain=28.9404 14.0845 12.7038 12.7438 13.2935 11.1251 21.4585 10.8648 11.6201 9.86862 9.27596 9.33178 9.20869 8.99352 12.9638 9.33167 9.51374 9.28124 10.0908 8.88921 8.80512 8.63866 14.8829 8.40505 31.6634 24.068 16.7482 23.1182 19.6029 27.4653
threshold=0 1 2 -1.0000000180025095e-35 3 0.010901661124080421 2.5000000000000004 1.0000000180025095e-35 13.500000000000002 0.39108999073505407 4485.5000000000009 0.18757715821266177 29.550000190734867 1.0000000180025095e-35 2.5000000000000004 4 1.5000000000000002 5 1.5000000000000002 1.0000000180025095e-35 6 11.500000000000002 -1.0000000180025095e-35 5.5000000000000009 7 8 5.5000000000000009 9 4273.5000000000009 17.500000000000004
decision_type=9 9 9 2 9 2 2 2 2 2 2 2 8 2 2 9 2 9 2 2 9 2 2 2 9 9 2 9 2 2
left_child=9 -2 3 4 -3 6 -5 8 -4 12 11 13 19 14 -7 16 -16 18 -15 -1 -9 -20 -23 -22 -25 -26 27 28 -27 -30
right_child=1 2 7 5 -6 10 -8 20 -10 -11 -12 -13 -14 17 15 -17 -18 -19 21 -21 23 22 -24 24 25 26 -28 -29 29 -31
leaf_value=-0.081168613187857896 -0.018093114699840634 0.032445842844086352 0.1353903574433718 0.37469699345153246 -0.03432724948284975 0.076967568408338696 -0.055501827676864339 -0.015927299361115813 0.010881817802114927 0.039304527443176612 -0.019988379146366173 0.12868144986221958 -0.057686206787797893 -0.023987670605558675 0.1216162378313447 -0.043697321484230223 -0.03048472869164276 0.041328901122139577 -0.017133096214834047 0.15910885388729759 0.0010560480397877651 0.033782047824538426 0.20382544118417828 -0.039240854823931942 0.081511892139541228 -0.014526453699758527 0.0072493020249398358 -0.041676200663544702 0.17731036043877127 -0.008330600853988469
leaf_weight=2.5379215595312417 393.10430616233498 35.820954534225166 12.199632710777225 2.5127246570773414 81.997665799222887 15.039288216736166 2.1529114614240825 320.99972139880992 19.440163597464561 12.889901205897329 49.434840212576091 8.6335925571620447 134.79705056501552 58.103063901886344 8.8657421409152466 47.859598940238357 7.6700186827220014 230.35044744471088 18.093780131544918 3.9146212693303823 17744.650929139461 24.191323448438201 6.5383219835348418 240.03397718816996 25.743862421251833 54.916267321445048 585.44713045284152 183.2472731587477 15.865251616109164 16.013869758462533
leaf_count=160 12739 664 107 140 1993 302 179 8420 164 59 1151 165 9602 941 238 900 230 5199 326 315 235113 497 128 10595 233 3701 10553 7117 402 895
internal_value=7.29567e-05 0.000412389 0.000788441 0.0150293 -0.0141856 0.022522 0.176186 0.000338285 0.0588897 -0.0417477 0.021012 0.0257771 -0.0520998 0.0236451 -0.00662648 -0.0261496 0.0318212 0.0307746 0.00381564 0.0646026 0.000241908 0.0376849 0.069962 0.000525188 -0.00787127 0.00110605 -0.00222741 -0.0228552 0.0194423 0.0840572
internal_weight=20363.1 20208.9 19815.8 597.264 117.819 479.446 4.66564 19218.6 31.6398 154.139 474.78 425.345 141.25 416.712 79.4346 64.3954 16.5358 337.277 106.926 6.45254 19186.9 48.8234 30.7296 18865.9 1121.27 881.234 855.49 270.043 86.7954 31.8791
internal_count=313228 303092 290353 13053 2657 10396 319 277300 271 10136 10077 8926 10077 8761 1670 1368 468 7091 1892 475 277029 951 625 268609 33496 22901 22668 12115 4998 1297
cat_boundaries=0 24 48 72 95 118 141 165 187 208 232
cat_threshold=34816 1024 1024 0 16400 0 16384 16384 0 34078720 1 0 0 33554560 0 2 0 8 1048576 32 0 1344274464 2223000576 512 0 0 67117056 0 2048 2048 0 268435456 393216 136 33554448 134217728 8388608 272633856 4 32768 0 1073872896 32 2097152 0 54525952 131104 19458 655360 269484104 0 16 0 268435458 4194304 8390144 402653184 536871168 458752 1073741825 0 0 0 0 256 262144 0 4194304 8388608 2147491840 151060480 1 524288 64 0 16 0 2 0 0 402653184 0 262144 0 0 0 0 0 256 0 0 0 0 0 134283264 0 269484032 0 16 0 0 0 8388608 268435456 536871168 262144 0 0 0 0 0 0 262144 0 0 8388608 2147483648 16842752 524288 72 0 16 0 0 0 0 0 0 0 0 0 0 0 0 0 262144 0 0 0 0 151060480 0 2097152 18436 196640 32768 5242880 16779264 167780352 537919488 1140850688 0 16 2052 512 0 1 0 0 16 0 134348800 4096 524296 98304 679477248 3 4096 9217 0 8 262144 0 33554432 0 24576 335544320 4673 134217728 0 150994944 0 545259520 0 0 32768 2048 2147483648 33554432 0 0 0 0 1048576 16777216 0 0 0 0 0 0 0 1048576 0 2147491840 524288 0 2147483648 33554432 67108864 2 0 0 0 0 4456448 16384 8192 0 8396832 10 16 0 0 0 0 0 0 67108992 0 4194304 32
is_linear=0
shrinkage=0.1


Tree=55
num_leaves=31
num_cat=2
split_feature=1 21 9 17 14 16 14 17 11 16 17 20 21 13 0 16 16 14 13 20 11 16 21 20 20 16 6 21 6 10
split_gain=10.812 11.1644 10.5591 10.7369 39.257 26.0808 23.0605 32.6173 47.6359 31.107 40.5894 29.1045 24.6381 25.3475 23.8352 21.7435 21.0532 20.9946 23.7745 24.2019 19.7517 19.9217 19.2802 16.6795 16.426 16.1101 14.6021 13.5687 12.7621 12.5759
threshold=0 1.0000000180025095e-35 50.149999618530281 10.500000000000002 1.0000000180025095e-35 1.5000000000000002 1.0000000180025095e-35 1.0000000180025095e-35 17.500000000000004 10.500000000000002 1.0000000180025095e-35 0.024911929853260521 3986.5000000000005 0.047782126814126975 1 3.5000000000000004 1.5000000000000002 1.5000000000000002 -1.0000000180025095e-35 0.018702947534620765 10.500000000000002 2.5000000000000004 230.50000000000003 0.030780239962041381 0.19236434996128085 2.5000000000000004 7.5000000000000009 4374.5000000000009 3.5000000000000004 0.17744776606559756
decision_type=9 2 10 2 2 2 2 2 2 2 2 2 2 2 9 2 2 2 2 2 2 2 2 2 2 2 2 2 2 2
left_child=-1 -2 3 6 23 -6 9 8 11 20 14 12 -8 17 26 22 -13 18 19 -14 21 27 -10 -5 -18 -9 -11 -3 -19 -23
right_child=1 2 -4 4 5 -7 7 25 15 10 -12 16 13 -15 -16 -17 24 28 -20 -21 -22 29 -24 -25 -26 -27 -28 -29 -30 -31
leaf_value=-0.035706668735293122 0.059408427787517731 0.0011710553551876018 0.0095192911985224893 0.049849804448005491 -0.040487593034511271 -0.0076284304981338816 0.021914312841106891 -0.029603857111731975 0.17546841879372591 -0.011056068252543225 0.035530971393308526 0.0089738913330738596 0.36439595818419962 -0.075028532779164603 -0.045029615434818052 0.0035360733380836572 0.047782441043461452 -0.054107167327220755 0.47636645957288304 0.041360554879168315 0.034810348406622581 -0.031654782040661543 -0.062901443063301643 0.0022402853873960986 0.0097234052617837085 0.0010433344502178887 0.10403735905223006 -0.0083719135020409018 0.13932366175299402 0.0074730985216593954
leaf_weight=74.266369128366932 31.783904803916812 11167.555696209893 1122.9024067039136 79.172174490056932 423.66251394106075 561.93753901543096 33.429046572418883 264.56211659079418 3.5594364851713172 27.792032200377434 91.43818551953882 479.74330156785436 4.0592729777563346 5.1173485817853352 393.09037393634208 1057.9821870974265 415.23622134467587 3.9881669625174281 3.7840315203648052 5.4106030757538974 157.47649835026823 326.87773572769947 72.651584061328322 1042.9215729348361 156.00554379634559 487.71651884214953 18.269977871095762 1719.3410232090391 23.565095112426206 109.71216490864754
leaf_count=7778 234 141881 15678 3018 12787 11706 1519 7050 16 265 1249 7131 192 206 15232 18065 4987 150 140 144 1797 7457 6492 10924 791 8897 166 26013 785 547
internal_value=3.92179e-05 0.000187557 9.47389e-05 -0.000458293 -0.00719109 -0.021753 0.000375062 0.00830586 0.0142989 -0.00133251 -0.0250827 0.0288273 0.0872244 0.134764 -0.0377033 -0.000180056 0.0244181 0.161073 0.264492 0.17983 -0.000397738 -0.000813879 -0.0517684 0.0055995 0.0373886 -0.0097347 0.0284237 -0.000102146 0.111326 -0.0218222
internal_weight=20365 20290.7 20259 19136.1 2107.69 985.6 17028.4 3016.81 2264.53 14011.6 530.591 1130.34 79.3536 45.9245 439.152 1134.19 1050.99 40.8072 13.2539 9.46988 13481 13323.5 76.211 1122.09 571.242 752.279 46.062 12886.9 27.5533 436.59
internal_count=313297 305519 305285 289607 38435 24493 251172 56565 40618 194607 16912 16045 3136 1617 15663 24573 12909 1411 476 336 177695 175898 6508 13942 5778 15947 431 167894 935 8004
cat_boundaries=0 1 2
cat_threshold=1865040 9
is_linear=0
shrinkage=0.1


end of trees

feature_importances:
OrgaoDestinatario=577
n_pedidos_previos_neste_orgao=151
dias_desde_primeiro_pedido_do_orgao=129
orgao_rate=123
n_orgaos_distintos_previos=114
orgao_rate_movel_365d=109
n_pedidos_previos=93
idade=68
dias_desde_ultimo_pedido=68
orgao_rate_movel_90d=56
reg_month=39
reg_dow=33
OrigemSolicitacao=31
UF=23
Municipio=23
reg_day=22
Esfera=6
prev_reenc_rate_neste_orgao=5
prev_reenc_rate_solicitante=4
FormaResposta=3
prev_reenc_solicitante=3

parameters:
[boosting: gbdt]
[objective: binary]
[metric: average_precision]
[tree_learner: serial]
[device_type: cpu]
[data_sample_strategy: bagging]
[data: ]
[valid: ]
[num_iterations: 600]
[learning_rate: 0.1]
[num_leaves: 31]
[num_threads: 6]
[seed: 42]
[deterministic: 0]
[force_col_wise: 0]
[force_row_wise: 0]
[histogram_pool_size: -1]
[max_depth: -1]
[min_data_in_leaf: 100]
[min_sum_hessian_in_leaf: 0.001]
[bagging_fraction: 0.8]
[pos_bagging_fraction: 1]
[neg_bagging_fraction: 1]
[bagging_freq: 1]
[bagging_seed: 400]
[bagging_by_query: 0]
[feature_fraction: 0.8]
[feature_fraction_bynode: 1]
[feature_fraction_seed: 30056]
[extra_trees: 0]
[extra_seed: 12879]
[early_stopping_round: 0]
[early_stopping_min_delta: 0]
[first_metric_only: 0]
[max_delta_step: 0]
[lambda_l1: 0]
[lambda_l2: 0]
[linear_lambda: 0]
[min_gain_to_split: 0]
[drop_rate: 0.1]
[max_drop: 50]
[skip_drop: 0.5]
[xgboost_dart_mode: 0]
[uniform_drop: 0]
[drop_seed: 17869]
[top_rate: 0.2]
[other_rate: 0.1]
[min_data_per_group: 100]
[max_cat_threshold: 32]
[cat_l2: 10]
[cat_smooth: 10]
[max_cat_to_onehot: 4]
[top_k: 20]
[monotone_constraints: ]
[monotone_constraints_method: basic]
[monotone_penalty: 0]
[feature_contri: ]
[forcedsplits_filename: ]
[refit_decay_rate: 0.9]
[cegb_tradeoff: 1]
[cegb_penalty_split: 0]
[cegb_penalty_feature_lazy: ]
[cegb_penalty_feature_coupled: ]
[path_smooth: 0]
[interaction_constraints: ]
[verbosity: -1]
[saved_feature_importance_type: 0]
[use_quantized_grad: 0]
[num_grad_quant_bins: 4]
[quant_train_renew_leaf: 0]
[stochastic_rounding: 1]
[linear_tree: 0]
[max_bin: 63]
[max_bin_by_feature: ]
[min_data_in_bin: 3]
[bin_construct_sample_cnt: 200000]
[data_random_seed: 175]
[is_enable_sparse: 1]
[enable_bundle: 1]
[use_missing: 1]
[zero_as_missing: 0]
[feature_pre_filter: 1]
[pre_partition: 0]
[two_round: 0]
[header: 0]
[label_column: ]
[weight_column: ]
[group_column: ]
[ignore_column: ]
[categorical_feature: 0,1,2,3,4,5]
[forcedbins_filename: ]
[precise_float_parser: 0]
[parser_config_file: ]
[objective_seed: 16083]
[num_class: 1]
[is_unbalance: 0]
[scale_pos_weight: 1]
[sigmoid: 1]
[boost_from_average: 1]
[reg_sqrt: 0]
[alpha: 0.9]
[fair_c: 1]
[poisson_max_delta_step: 0.7]
[tweedie_variance_power: 1.5]
[lambdarank_truncation_level: 30]
[lambdarank_norm: 1]
[label_gain: ]
[lambdarank_position_bias_regularization: 0]
[eval_at: ]
[multi_error_top_k: 1]
[auc_mu_weights: ]
[num_machines: 1]
[local_listen_port: 12400]
[time_out: 120]
[machine_list_filename: ]
[machines: ]
[gpu_platform_id: -1]
[gpu_device_id: -1]
[gpu_device_id_list: ]
[gpu_use_dp: 0]
[num_gpu: 1]

end of parameters

pandas_categorical:[]
