tree
version=v4
num_class=1
num_tree_per_iteration=1
label_index=0
max_feature_idx=30
objective=binary sigmoid:1
feature_names=Esfera UF Municipio OrgaoDestinatario FormaResposta OrigemSolicitacao TipoDemandante Genero Escolaridade Profissao TipoPessoaJuridica Pais UF_sol Municipio_sol reg_month reg_dow reg_day idade orgao_rate uf_match n_pedidos_previos prev_reenc_solicitante prev_reenc_rate_solicitante n_pedidos_previos_neste_orgao prev_reenc_neste_orgao n_orgaos_distintos_previos dias_desde_ultimo_pedido prev_reenc_rate_neste_orgao orgao_rate_movel_90d orgao_rate_movel_365d dias_desde_primeiro_pedido_do_orgao
feature_infos=-1:1:3:0:4 -1:26:25:3:17:23:11:22:18:14:4:6:19:20:12:21:7:15:13:0:10:1:5:16:24:2:9:8 -1:232:191:339:63:40:118:132:49:214:175:267:66:361:59:319:357:315:89:266:277:22:3:81:60:96:37:10:218:345:28:269:215:55:342:220:181:71:280:296:238:160:76:113:276:347:363:293:295:185:326:15:67:86:161:32:233:309:331:239:329:58:20:91:222:110:123:311:152:169:56:327:11:16:278:129:174:122:170:130:136:173:333:102:134:338:354:367:304:125:140:166:288:105:229:243:268:334:30:61:121:142:157:224:236:351:5:13:24:39:126:133:177:201:337:36:38:128:167:207:216:235:310:346:251:322:325:43:51:68:127:162:172:194:206:273:302:352:77:104:210:275:289:291:23:26:27:48:98:168:283:350:50:99:153:204:225:241:247:253:254:340:365:7:52:74:78:79:234:237:324:2:21:108:137:188:197:257:260:366:18:34:65:87:111:150:179:213:230:242:270:274:294:305:318:330:355:358:12:29:57:69:72:73:83:146:148:154:165:180:184:187:192:198:202:203:208:228:258:262:292:312:353:362:364:17:46:47:53:62:64:85:92:97:116:124:131:141:147:149:163:182:183:193 -1:340:34:333:401:418:386:27:441:419:54:78:387:383:162:245:280:71:86:281:93:332:403:390:400:373:577:382:212:241:31:57:284:430:105:33:375:393:29:380:19:735:392:59:350:95:23:32:64:28:378:25:377:141:295:385:269:388:117:402:720:335:711:687:381:405:209:376:24:439:697:442:156:686:672:338:712:98:399:412:703:727:677:694:666:683:719:237:710:721:739:705:702:732:103:690:394:53:220:684:308:695:391:503:748:713:700:744:214:397:725:704:722:693:729:398:26:730:734:379:701:717:297:731:319:404:681:737:302:707:708:70:682:733:736:309:313:742:747:106:728:236:300:310:448:213:709:294:552:30:723:307:355:692:251:58:715:718:688:726:252:745:317:357:696:738:396:296:301:288:347:510:61:743:576:691:698:685:318:741:303:570:334:292:563:89:689:740:171:714:218:572:699:652:312:232:311:724:193:287:389:96:554:579:289:191:298:571:273:291:52:304:316:172:107:55:74:429:314:142:416:108:640:706:79:299:203:306:163:305:569:176:293:178:324:211:512:555:673:553:496:509:80:97:290:322:511:38:206:327:323:321:320:275:6:75:175:160:384:315:406:21:184:207:609:202:272:408:645:651:185:283:678:539:17:491:582:575:100:655:56:208:174:424:60:199:205:650:183:513:591:51:196:200:243:662:11:99:190:194:529:159:427:598:188:500:608:197:247:407:716:181:223:656:182:331:360:516:533:641:282:221:249:627:192:195:417:661:187:478:201:219:250:274:605:679:204:426:234:329:752:131:186:363:583:112:215:547:573:81:594:754:210:623:101:198:248:489:590:40:76:189:592:654:73:77:111:177:415:482:517:518:543:246:515:411:525:180:437:474:530:161:574:646:336:425:562:169:231:471:524:65:179:216:635:746:642:658:91:438:502:170:514:519:537:580:87:436:504:617:138:423:432:453:588:365:600:624:15:337:339:589:634:667:41:42:603:610:62:271:413:420:421:556:557:625:751:7:16:343:584:614:477:69:84:409:410:469:647:116:368:596:233:540:559:660:139:476:558:568:601:665:354 -1:3:4:0:2:1 -1:3:1:5:4:7:6:0 -1:0:1 -1:1:0:2 -1:2:4:3:1:0:5 -1:13:2:7:3:0:10:8:9:1:12:14:5:11:4:6 -1:5:3:0:6:1:8:11:4:2:9:12:10 -1:9:21:28:59:1:51:69:3:60:57:27:19:47:46:17:33:70:42:8:13:22:56:65:20:26:34:36:43:0:2:4:38:40:44:54:63:64:71 -1:25:6:18:12:23:20:13:16:8:4:5:15:14:19:10:7:9:3:26:17:11:24:1:21:22:0:2 -1:337:2169:1848:1718:266:1175:667:1793:1400:1150:800:790:848:1887:1266:269:112:2148:661:1441:1535:2056:423:1496:1428:1157:2245:2383:431:2121:2347:1251:1978:889:123:2313:1226:1460:1729:1412:420:1360:2063:2294:2314:1576:1643:1232:298:1208:2389:1870:1142:1482:2005:1956:1280:2374:1681:1962:1925:2058:2084:1084:1155:557:2031:1816:499:1302:447:802:1568:2385:2061:1824:856:1459:1749:1159:1507:90:1517:242:538:2394:615:1244:1727:1830:1205:1630:2364:465:722:1017:1247:700:1006:253:293:379:1373:796:2039:777:1745:647:1129:1670:2132:143:1071:2096:2199:2116:2134:1743:688:1431:1836:1945:2391:1089:1706:110:524:1879:2357:504:641:1599:1462:920:1645:2122:2376:1480:2062:804:1604:1920:100:715:1220:2015:2085:2144:2350:263:1560:543:955:1300:1531:541:1139:1769:2343:2400:283:520:870:1209:1311:1578:82:135:527:1214:1337:1827:42:225:1795:232:690:1156:2142:2392:84:331:1456:1642:1763:1862:2036:972:267:888:2253:1818:2289:530:1019:1119:208:407:1061:35:367:540:2205:2298:366:624:1845:2262:2345:204:1207:1282:1513:1756:2269:2411:153:396:959:1005:1603:2235:211:329:408:493:862:968:1237:132:1181:1396:1851:2335:238:289:698:1033:1313:2049:2247:2281:2292:138:219:391:488:561:789:944:1052:1762:1872:1977:2186:142:144:147:159:240:472:901:1861:222:440:926:951:1211:1585:1592:1655:1707:1953:2021:2311:2328:73:149:381:636:767:773:780:810:1026:1108:1293:1409:1447:1570:1843:1906:1985:184:250:382:550:958:1049:1430:1737:2034:2108:2336:6:178:576:644:732:948:1065:1073:1093:1198:1257:1515:1587:1590:1777:106:165:261:733:823:882:1041:1042:1305:1591:1601:1641:1659:1895:2043:2044:2172:1:302:311:385:433:446:531:583:629:643:758:1082:1148:1316:1346:1367:1439:1479:1566:1622:1802:1914:1943:2076:2092:2324:96:180:254:275:346:352:400:432:471:597:660:745:751:775:895:902:1037:1043:1101:1329:1348:1419:1548:1572:1983:78:119:233:491:659:749:752:765:806:881:916:945:993:1002:1039:1333:1374:1518:1624:1646:1930:1933:1986:1994:2052:57:95:176:380:559:728:784:808:858:998:1001:1035:1074:1192:1212:1221:1288:1356:1372:1402:1407:1558:1574:1579:1676:1726:1739:1815:1839:2004:2019:2204:2284:58:130:290:369:383:395:416:519:532:536:563:578:610:763:818:885:892:899:921:1012:1040:1085:1271:1370:1398:1445:1509:1647:1665:1750:1783:1884:2069:2079:2115:2129:2154:2182:2191:2218:2234:2266:281:304:307:318:339:347:392:435:436:497:551:613:637:654:674:740:766:772:829:1131:1218:1259:1272:1357:1359:1366:1547:1557:1709:1899:1927:1965:1970:2011:2059:2166:2171:2224:2239:2254:2279:2288:2351:2363:2365:2386:39:40:56:93:125:192:223:226:291:375:414:421:486:518:544:564:570:628:656:671:719:794:812:815:857:864:880:922:988:1008:1083:1100:1103:1206:1274:1458:1539:1580:1593:1650:1695:1722:1803:1885:1907:1949:1959:2022:2040:2047:2143:2168:2189:2237:2282:2291:2302:2375:51:105:217:251:280:294:330:353:357:365:466:470:542:581:705:807:825:847:869:934:941:947:1004:1038:1067:1075:1088:1097:1110:1111:1174:1190:1275:1292:1324:1339:1342:1411:1498:1594:1595:1619:1679:1682:1688:1691:1697:1705:1708:1710:1752:1760:1766:1776:1832:1835:1853:1858:1863:1947:1966:1984:2071:2073:2147:2197:2202:2215:2236:2241:2290:2326:2342:2370:2395:18:49:88:122:157:164:167:195:201:227:231:235:410:430:454:457:467:473:477:483:556:603:608:627:650:668:684:687:709:712:713:803:834:838:841:843:846:863:884:893:978:1021:1023:1059:1115:1140:1151:1154:1170:1199:1216:1229:1250:1256:1291:1298:1334:1351:1378:1432:1437:1471:1472:1501:1544:1550:1562:1607:1616:1685:1694:1700:1701:1715:1720:1735:1757:1784:1797:1812:1859:1900:1926:1948:1952:1960:1969:1972:1991:2030:2033:2054:2093:2113:2170:2180:2201:2210:2257:2260:2303:2316:2327:2372:2379:2393:2407:13:26:53:70:75:76:80:111:115:131:158:163:187:257:264:272:288:317:319:345:348:351:393:394:402:413:422:425:426:442:448:450:458:475:503:505:525:548:558:575:589:598:600:626:670:691:699:706:717:723:737:757:778:786:797:817:820:835:872:875:886:891:933:936:940:946:949:953:976:979:1000:1024:1025:1027:1028:1055:1062:1122:1127:1135:1136:1141:1177:1185:1231:1234:1239:1252:1264:1265:1268:1279:1296:1322:1332:1335:1338:1350:1365:1376:1377:1383:1387:1391:1397:1405:1415:1426:1434:1435:1438:1469:1475:1491:1500:1508:1524:1525:1552:1569:1600:1606:1638:1680:1693:1703:1714:1719:1744:1765:1767:1789:1799:1808:1837:1892:1902:1928:1937:1964:2002:2010:2023:2037:2046:2068:2078:2088:2089:2106:2123:2135:2138:2141:2152:2162:2163:2167:2194:2216:2217:2222:2226:2242:2256:2263:2272:2274:2275:2349:2355:2369:2406:2416 [1:12] [0:6] [1:31] [10.300000190734863:103.90000152587891] [0.0045617395080626011:0.52471005916595459] [0:1] [-1:1925] [-1:186] [-1:1] [-1:1132] [-1:77] [-1:302] [-1:1061] [-1:1] [0.0029041445814073086:0.79571378231048584] [0.0023633518721908331:0.70627325773239136] [0:4613]
tree_sizes=3939 4611 3863 3741 4781 4314 3540 5412 5741 4681 4228 4247 3909 4626 5201 5570 4181 5621 4981 6066 5532 5842 4952 5149 6089 6145 6080 6429 5808 6072 5907 5996 6043 5498 3501 4972 5865 6735 5087 5262 6282 5454 6999 3481 5751 5935 5744 4941 5637 6222 4433 5635 5526 5777 6520 7284 7616 6834

Tree=0
num_leaves=31
num_cat=4
split_feature=18 18 18 18 18 14 28 18 28 28 28 18 16 20 13 18 18 13 20 17 28 0 28 14 26 28 3 20 14 28
split_gain=15864.2 4290.59 2878.75 502.278 451.267 357.825 303.255 178.87 169.705 167.88 161.807 299.522 142.5 133.925 110.755 95.2905 90.1509 80.3601 98.8176 197.695 76.1288 75.5449 86.0106 80.7384 67.8556 72.0105 78.5554 62.416 60.1369 75.3115
threshold=0.13585697114467624 0.26858077943325048 0.064110070466995253 0.19646377861499789 0.096029393374919905 3.5000000000000004 0.11382546648383142 0.024770003743469719 0.38165868818759924 0.38165868818759924 0.27771845459938055 0.48488573729991918 4.5000000000000009 -1.0000000180025095e-35 0 0.23047556728124621 0.075332164764404311 1 7.5000000000000009 49.850000381469734 0.016124478541314605 2 0.18018610030412677 3.5000000000000004 1.0000000180025095e-35 0.12085975706577302 3 19.500000000000004 1.5000000000000002 0.38165868818759924
decision_type=2 2 2 2 2 2 2 2 2 2 2 2 2 2 9 2 2 9 2 10 2 9 2 2 2 2 9 2 2 2
left_child=2 3 7 21 16 10 15 -1 -8 -7 11 -3 -10 -11 -6 -5 20 18 -18 -20 -4 -2 23 -23 25 26 -16 -9 -12 -30
right_child=1 5 4 6 14 9 8 27 12 13 28 -13 -14 -15 24 -17 17 -19 19 -21 -22 22 -24 -25 -26 -27 -28 -29 29 -31
leaf_value=-2.5586276470979681 -2.225977748252788 -1.8804360270142229 -2.2344227167600361 -2.1109389877789386 -2.4856184768821401 -2.0583087523035273 -2.2416275949042799 -2.5223858282708242 -1.7075588064406864 -1.7294515548975973 -2.0178787862279663 -1.4230888826397878 -2.1295654896589156 -1.9645235071011913 -2.4484892395183468 -1.8100429072597293 -2.431404435029163 -2.4567691491709631 -2.3646621485224091 -1.83788163425766 -2.4857948237368719 -2.2721821122571595 -2.2955379474020239 -2.367715878977608 -2.4303949334024355 -2.3445359480170058 -2.3739875171823526 -2.5484448176014651 -1.9772000685639159 -1.739930238181548
leaf_weight=3236.4008724689484 119.73815560340881 30.079150199890137 12.1473491191864 18.654857575893402 139.26068097352982 152.63722613453865 403.24860736727715 3882.2349339723587 9.833568334579466 33.115987479686737 23.282419145107269 27.331535518169403 42.949555814266205 90.382061898708344 233.69185924530029 24.150086939334869 80.403882265090942 2200.4055261611938 29.428399354219437 9.3997344374656659 1473.0106920003891 107.08466693758965 508.67024436593056 508.74255001544952 335.57051941752434 387.84750401973724 424.36185702681541 1204.25059273839 21.185555309057236 36.297436058521271
leaf_count=44760 1656 416 168 258 1926 2111 5577 53692 136 458 322 378 594 1250 3232 334 1112 30432 407 130 20372 1481 7035 7036 4641 5364 5869 16655 293 502
internal_value=-2.46368 -2.21169 -2.50351 -2.28045 -2.4461 -1.92243 -2.19567 -2.54025 -2.21956 -1.98817 -1.79106 -1.66271 -2.05095 -1.90149 -2.40005 -1.94118 -2.4645 -2.45218 -2.37551 -2.23714 -2.48374 -2.31444 -2.32718 -2.3511 -2.39179 -2.37871 -2.39886 -2.52856 -1.88229 -1.82738
internal_weight=15805.8 2157.38 13648.4 1743.07 5325.53 414.311 498.837 8322.89 456.032 276.135 138.176 57.4107 52.7831 123.498 1520.73 42.8049 3804.8 2319.64 119.232 38.8281 1485.16 1244.24 1124.5 615.827 1381.47 1045.9 658.054 5086.49 80.7654 57.483
internal_count=218597 29837 188760 24107 73653 5730 6899 115107 6307 3819 1911 794 730 1708 21032 592 52621 32081 1649 537 20540 17208 15552 8517 19106 14465 9101 70347 1117 795
cat_boundaries=0 75 146 147 169
cat_threshold=0 0 0 65536 32768 0 0 536870912 9216 32 0 0 0 0 131072 0 67108864 0 0 0 128 268435456 0 0 0 4 65536 0 0 1073741824 0 0 0 32768 0 1077936128 0 0 0 262152 0 0 65536 0 1048576 0 0 0 0 0 0 0 64 0 0 0 0 16777216 16384 0 0 67109888 2097152 0 0 16 512 16 0 0 0 0 0 2048 64 0 0 0 134283264 0 0 0 0 1024 0 0 32768 0 16 0 0 0 0 0 0 0 0 0 0 4194304 0 0 0 0 0 0 0 0 0 0 0 8388608 0 0 262144 0 0 0 0 0 0 0 2147483648 0 0 0 1024 0 0 0 0 2 16777216 2147483648 0 0 0 0 8388608 0 65536 0 0 0 0 32 9 128 0 4210688 0 0 0 134217728 0 0 0 131072 0 0 1049616 0 0 0 1024 8192 4 5184 32
is_linear=0
shrinkage=1


Tree=1
num_leaves=31
num_cat=12
split_feature=3 29 3 28 30 3 3 30 30 3 1 30 3 30 25 29 3 30 29 3 13 23 23 29 23 29 23 3 20 3
split_gain=8866.05 2719.93 1102.51 413.432 413.372 303.866 233.247 198.618 169.617 147.208 128.129 124.956 115.66 100.774 99.4553 97.1408 93.735 93.3811 183.365 90.9423 76.322 225.124 75.419 75.1243 68.0829 64.6339 64.079 63.0861 59.4124 72.673
threshold=0 0.051129089668393142 1 0.12085975706577302 4222.5000000000009 2 3 4003.5000000000005 1597.5000000000002 4 5 3989.5000000000005 6 4003.5000000000005 70.500000000000014 0.29067090153694158 7 3963.5000000000005 0.10704411566257478 8 9 13.500000000000002 3.5000000000000004 0.018473792821168903 1.0000000180025095e-35 0.11554880812764169 4.5000000000000009 10 15.500000000000002 11
decision_type=9 2 9 2 2 9 9 2 2 9 9 2 9 2 2 2 9 2 2 9 9 2 2 2 2 2 2 9 2 9
left_child=2 6 7 5 12 8 -2 -1 25 -7 16 17 -4 14 -14 -6 -11 27 -19 22 21 -21 -12 -8 -15 -3 -22 -5 -25 -30
right_child=1 3 4 11 15 9 23 -9 -10 10 19 -13 13 24 -16 -17 -18 18 -20 20 26 -23 -24 28 -26 -27 -28 -29 29 -31
leaf_value=0.38143068825195936 0.077841566852287547 0.33601900307420329 0.28311696629349375 -0.020383919723674697 0.079040561673857979 -0.042578455341354592 -0.090539846797695792 0.25552402840572069 0.057391803363959638 -0.018670093845424604 0.032871525881277529 0.041446851150118987 0.19030982453394896 0.15145468034603285 0.42031620241607098 0.17632173416329305 0.11198944795058539 0.5167539050888994 0.069592156598222821 0.035165276418502332 -0.0075410591797040591 0.5904330669958362 -0.032247049076534452 -0.062020108011107612 0.048464083053117071 0.1560281430681712 -0.060269981451586546 0.10914059379522921 0.069049010720483445 -0.090635697266878382
leaf_weight=248.65920848399401 94.914477601647377 33.824630290269852 145.72420800477266 45.08110648393631 758.17674055695534 716.26523490250111 2350.4144605323672 252.53531574457884 184.86330525577068 79.927749216556549 1149.9584953859448 563.01494218409061 392.20705587416887 323.78672476112843 19.746067740023136 118.71936192363501 180.6711205765605 16.133279733359814 21.248120129108429 114.57599340379238 2332.2111409157515 7.7985499873757353 210.39799582213163 3501.8013457804918 80.056546024978161 48.640061616897583 255.74504236131907 400.86264576762915 25.411859139800072 1210.0654593855143
leaf_count=2060 1282 404 1443 588 9238 10347 35137 2328 2395 1102 15514 7339 4524 3882 220 1344 2352 208 275 1560 32539 72 2847 51097 958 548 3595 5136 359 17979
internal_value=-0.000499999 -0.0315869 0.17883 0.0160086 0.141098 0.00469704 -0.0737835 0.31177 0.106605 -0.000909601 0.00606339 0.0734655 0.187149 0.164519 0.201335 0.0922111 0.0727061 0.110763 0.262581 0.00162931 -0.00895754 0.0652211 0.0226337 -0.0758168 0.131038 0.229855 -0.0127027 0.0980371 -0.068672 -0.087526
internal_weight=15883.4 13543.8 2339.61 6361.22 1838.42 5314.88 7182.61 501.195 267.328 5047.55 4331.29 1046.34 961.521 815.796 411.953 876.896 260.599 483.325 37.3814 4070.69 2710.33 122.375 1360.36 7087.69 403.843 82.4647 2587.96 445.944 4737.28 1235.48
internal_count=218672 192675 25997 86821 21609 73275 105854 4388 3347 69928 59581 13546 11027 9584 4744 10582 3454 6207 483 56127 37766 1632 18361 104572 4840 952 36134 5724 69435 18338
cat_boundaries=0 21 41 62 84 106 107 126 150 174 249 270 293
cat_threshold=0 0 128 512 0 0 131072 131072 8192 0 8192 1216348160 50185 1 0 8454144 2 34078720 591429824 65538 67207168 0 0 128 0 0 0 0 0 8192 0 0 0 32768 1 0 0 0 0 0 2 32768 1073741824 134217729 0 0 0 0 0 134250496 0 0 805308672 37757328 65536 0 2048 4128 67108864 262416 67239937 2361380 131200 16777280 33556482 2 0 687869952 16777216 8388608 268435456 0 134217728 0 9437696 1024 0 0 139280 151028232 8 0 0 128 1090519040 22020096 0 132 0 134217736 809598978 12544 301989888 2113538 1073741824 0 1114114 0 1073741824 0 0 134217728 8 0 0 2097152 44173320 0 0 0 0 0 0 0 0 0 0 0 0 8 0 0 0 0 524288 128 0 512 33554432 0 2147485696 1536 0 524288 0 0 0 0 0 2688 268435456 0 33685513 1024 134299648 524352 167772291 0 0 98304 655360 0 4210688 4104 0 131072 134217728 128 0 0 196608 18874372 8650852 1288 0 1048576 64 2147774464 0 0 0 32 0 262144 0 0 0 0 0 0 0 262144 8192 0 0 0 0 16 131072 0 536871168 0 0 0 0 0 262144 0 4194816 0 0 0 0 0 0 0 0 0 0 0 8388608 0 2098176 0 0 0 0 1048576 0 524288 0 2147483648 0 256 0 1024 0 0 0 0 0 16777224 32 0 0 0 0 8388608 8192 16 0 0 0 0 0 0 512 268437504 8388672 16777216 0 0 0 2147483648 16846848 0 0 0 0 0 2304 4224 256 0 1610612736 134217736 201327104 0 0 4212738 1107296256 0 0 1036 0 0 536871424 1024 0 1073741824 1073741824 0 0 0 0 0 0 0 0 0 0 0 134217728
is_linear=0
shrinkage=0.1


Tree=2
num_leaves=31
num_cat=5
split_feature=18 18 18 30 30 18 18 23 23 13 18 18 20 25 25 18 18 28 17 30 30 13 20 9 7 28 23 6 26 23
split_gain=7979.35 1382.97 1380.48 340.936 254.637 171.611 154.074 137.878 84.4021 82.7863 78.8689 76.3065 69.6811 69.0936 66.1918 60.407 66.4187 59.6347 49.2194 48.7995 48.7251 46.8564 49.5143 64.3382 69.7688 62.7418 50.8506 46.1327 45.5839 45.0751
threshold=0.096029393374919905 0.058780442923307426 0.19646377861499789 4222.5000000000009 4125.5000000000009 0.11290977895259859 0.024770003743469719 1.5000000000000002 13.500000000000002 0 0.26858077943325048 0.082386106252670302 1.0000000180025095e-35 4.5000000000000009 6.5000000000000009 0.13585697114467624 0.10349814966320993 0.016124478541314605 58.250000000000007 228.50000000000003 228.50000000000003 1 1.0000000180025095e-35 2 3 0.19161307811737063 3.5000000000000004 4 2.5000000000000004 2.5000000000000004
decision_type=2 2 2 2 2 2 2 2 2 9 2 2 2 2 2 2 2 2 10 2 2 9 2 9 9 2 2 9 2 2
left_child=1 6 4 10 5 19 -1 15 -8 -3 -4 17 -7 18 -9 16 27 -11 -5 -2 -14 -13 25 24 -24 -23 28 -6 -25 -19
right_child=2 9 3 13 7 12 8 14 -10 11 -12 21 20 -15 -16 -17 -18 29 -20 -21 -22 22 23 26 -26 -27 -28 -29 -30 -31
leaf_value=-0.092084569842813949 0.17032073135411988 0.13430932606513069 0.18701956302233846 0.095832296776556039 0.1766146153833901 0.13398715484841395 -0.056002014003069783 -0.063530995194852988 -0.096608485723127788 0.19244274830502367 0.24506636105447091 -0.068794439867405785 0.18500993936717899 0.19016384541396977 0.034240683244060467 0.077631171634114163 0.022728381806662826 -0.011430525149699736 0.3063550207345267 0.016784653818202152 0.079790683854581018 0.00046364959590119873 0.36770450666818566 0.076827361121668269 0.049388522493931962 0.19253835075475659 -0.023144174547370101 0.0082062153742721369 0.015498826604661637 -0.052618329495399886
leaf_weight=2767.3988472111523 22.467655815184116 34.790537260472775 384.18020236492157 384.83998383581638 51.086827203631401 767.54949409514666 3628.9909626506269 156.99677406251431 595.93032770976424 13.537740111351011 599.07289627194405 62.5101513043046 47.889489412307739 114.28719713538885 123.8810378909111 674.61135820299387 557.43596964329481 1623.7439719587564 11.435511700809 263.28926791250706 543.43917990475893 1420.9625824764371 15.14786222577095 221.30954290181398 12.624043390154839 17.212565660476685 150.99410381913185 23.864426150918007 267.91144984215498 317.69047456979752
leaf_count=44624 271 471 3472 3793 665 8544 55744 2013 9537 159 4222 859 524 1025 1581 7789 7058 23122 112 3396 6253 19340 131 2969 168 216 2094 312 3615 4652
internal_value=-0.000430835 -0.0465847 0.108459 0.187961 0.07172 0.0992981 -0.0737434 0.0431561 -0.0617296 -0.000917947 0.222386 -0.00237877 0.114111 0.121663 -0.0204088 0.0568164 0.0346119 -0.0167119 0.101907 0.0288564 0.088312 0.010531 0.0131496 0.0357099 0.163969 0.00276246 0.0271607 0.122993 0.0432421 -0.0181704
internal_weight=15877.1 11150.8 4726.33 1493.82 3232.51 1644.64 6992.32 1587.88 4224.92 4158.44 983.253 4123.64 1358.88 510.563 280.878 1307 632.387 1954.97 396.275 285.757 591.329 2168.67 2106.16 667.987 27.7719 1438.18 640.215 74.9513 489.221 1941.43
internal_count=218731 167701 51030 12624 38406 18988 109905 19418 65281 57796 7694 57325 15321 4930 3594 15824 8035 27933 3905 3667 6777 29392 28533 8977 299 19556 8678 977 6584 27774
cat_boundaries=0 58 132 133 134 135
cat_threshold=0 0 262144 0 0 0 0 0 0 0 0 0 16777216 16 131072 0 0 131072 0 0 0 67108864 0 0 512 4 0 0 0 0 0 0 0 0 0 0 8388608 0 2098176 0 0 0 0 0 1048576 524288 0 0 0 0 0 1024 0 0 0 0 0 72 0 0 67108864 0 0 0 0 0 0 0 0 0 0 2147483776 0 0 0 0 0 0 0 0 2048 0 0 1 0 0 0 0 0 0 0 0 0 0 160 0 0 8388616 2151677952 0 0 16777216 0 1048576 256 0 16777216 1 0 0 64 1024 0 0 16777216 1 0 0 0 67108864 0 0 32768 16 1049088 16 0 0 0 0 1536 2048 4608 1 1
is_linear=0
shrinkage=0.1


Tree=3
num_leaves=31
num_cat=6
split_feature=29 29 29 28 29 13 14 28 28 1 30 2 28 29 30 23 30 23 23 9 23 23 1 1 23 29 25 28 30 29
split_gain=5143.91 1043.25 793.337 203.451 136.965 103.665 103.199 94.4783 92.6065 88.4807 84.3736 75.3383 70.5199 68.2391 64.5861 97.2791 78.9737 57.9762 56.1392 56.0306 84.9526 55.2463 44.0601 43.8498 41.3591 40.3694 39.9333 39.5894 46.0214 88.6243
threshold=0.095389395952224745 0.042491668835282333 0.22449457645416263 0.12085975706577302 0.29067090153694158 0 2.5000000000000004 0.27771845459938055 0.053746230900287635 1 1597.5000000000002 2 0.18018610030412677 0.016197931952774528 3989.5000000000005 1.5000000000000002 3924.5000000000005 4.5000000000000009 8.5000000000000018 3 1.5000000000000002 12.500000000000002 4 5 2.5000000000000004 0.11554880812764169 1.5000000000000002 0.016124478541314605 4481.5000000000009 0.017089337110519413
decision_type=2 2 2 2 2 9 2 2 2 9 2 9 2 2 2 2 2 2 2 9 2 2 9 9 2 2 2 2 2 2
left_child=1 11 3 9 6 -3 12 14 -7 -2 23 26 -4 -13 16 -16 22 -12 -15 20 -11 -21 -5 -10 -24 -18 -1 28 -20 -30
right_child=2 5 4 7 -6 8 -8 -9 10 19 17 13 -14 18 15 -17 25 -19 27 21 -22 -23 24 -25 -26 -27 -28 -29 29 -31
leaf_value=-0.014919917276136391 0.14351201683876968 0.12349889174039526 0.040264588809267123 0.13750022597817543 0.15528146579724142 -0.035804033808908585 0.079761000207853941 0.2066314054655988 -0.071274887165772224 0.045188778967887533 -9.4957102251144576e-06 -0.089632940035503775 0.19862523014074115 -0.060322761178578571 0.066403400684009004 -0.011706847627896784 0.22930918417940235 -0.043470020518966278 -0.07255392218206029 0.020778330248589574 0.26806684029425693 -0.076006824005037762 0.063586135541408448 0.056750444152865488 -0.049664040098451233 0.12217059989720672 0.1526136915139823 -0.097690280874204172 -0.092392254073267177 0.41545220677314598
leaf_weight=41.355643227696419 52.396460317075253 51.267877347767353 35.173059888184071 78.653574608266354 995.22105497866869 909.87425215169787 605.36629261821508 50.509404011070728 22.324701499193907 59.928389403969049 2588.8025673627853 1595.3983385376632 140.23564042896032 3552.7510728016496 1204.5709828138351 183.76638139784336 45.52071176469326 348.23341288045049 26.461495097726583 1639.4442881904542 23.931020855903625 61.178255256265402 324.04563856124878 312.91115209087729 35.811003476381302 154.65271490812302 21.689417198300362 641.34949385747313 7.1140443906187993 6.6470164470374584
leaf_count=575 486 661 349 773 7016 13693 5755 421 338 756 36002 27885 914 58367 13220 2214 402 5240 458 20978 216 841 3528 3904 408 1608 275 11089 125 82
internal_value=-0.000823865 -0.0435742 0.0752511 0.0501006 0.130684 -0.00570498 0.099331 0.0715376 -0.00756607 0.0258552 0.000262544 -0.0707797 0.166871 -0.0718838 0.0681714 0.0560644 0.0944889 -0.00516245 -0.0653661 0.0214759 0.0972007 0.0171955 0.0707308 0.0477915 0.0509016 0.146535 0.0368687 -0.0916547 0.00458324 0.152912
internal_weight=15816.6 10126.2 5690.4 3914.41 1776 4233.41 780.775 2077.53 4182.15 1836.88 3272.27 5892.77 175.409 5829.72 2027.02 1388.34 638.684 2937.04 4234.32 1784.48 83.8594 1700.62 438.51 335.236 359.857 200.173 63.0451 681.572 40.2226 13.7611
internal_count=218579 158694 59885 45851 14034 59838 7018 22574 59177 23277 45484 98856 1263 98006 22153 15434 6719 41242 70121 22791 972 21819 4709 4242 3936 2010 850 11754 665 207
cat_boundaries=0 75 76 87 88 89 90
cat_threshold=0 0 262144 0 0 0 0 262144 0 0 0 0 0 0 0 0 0 131072 0 0 0 67108864 262144 0 0 4 0 0 0 0 0 33554432 0 0 0 0 8388608 0 1024 0 0 0 536870912 0 16 524288 0 2147483648 0 256 0 0 0 0 0 8 0 0 0 0 0 0 0 8388608 0 0 0 0 0 0 0 0 0 0 131072 41943040 16777248 2214592512 0 67108864 0 4160 0 256 0 0 1074266112 5632 75630592 1843217
is_linear=0
shrinkage=0.1


Tree=4
num_leaves=31
num_cat=9
split_feature=18 18 18 18 18 29 18 3 23 23 13 14 28 13 13 9 23 13 13 29 6 12 23 26 17 25 28 28 23 28
split_gain=5057.49 950.848 670.694 130.124 119.957 116.145 110.545 75.2657 74.5385 70.6001 59.6281 52.2844 38.5776 38.0331 37.783 36.4679 59.6018 36.4477 34.8432 33.108 39.9269 30.3541 32.5405 33.7627 32.3633 28.8094 28.1517 27.8262 27.6521 26.9658
threshold=0.095719244331121459 0.042355967685580261 0.18410272896289828 0.12361359223723413 0.26858077943325048 0.20767211914062503 0.024770003743469719 0 14.500000000000002 45.500000000000007 1 4.5000000000000009 0.19161307811737063 2 3 4 2.5000000000000004 5 6 0.083451043814420714 7 8 1.0000000180025095e-35 1.5000000000000002 45.049999237060554 24.500000000000004 0.068360310047864928 0.10673831030726434 21.500000000000004 0.016124478541314605
decision_type=2 2 2 2 2 2 2 9 2 2 9 2 2 9 9 9 2 9 9 2 9 9 2 2 10 2 2 2 2 2
left_child=1 6 3 9 5 11 -1 13 17 18 -5 -4 -13 -3 -9 16 -15 -8 -2 20 -20 -12 -23 24 -24 29 -22 -21 -17 -16
right_child=2 7 4 10 -6 -7 8 14 -10 -11 21 12 -14 15 25 28 -18 -19 19 27 26 22 23 -25 -26 -27 -28 -29 -30 -31
leaf_value=-0.08820581229706613 -0.025508822469019483 -0.069232846792022545 0.20832605317716968 0.001596611617977662 0.14490241422235398 0.077806206632975564 0.031628036391566042 0.058570898355733918 -0.096687468188261683 -0.10117326577709163 0.13045963338437738 0.091769280295284805 0.20681211088899665 0.027934175567688724 0.10528118212404634 0.0054750320635782489 0.23714283809779749 -0.054785223210972178 0.23171698191865772 0.016252114997346422 0.0060674836055153881 0.074816422448226255 0.08325473740108591 0.00087237422297995577 -0.085720140091480559 -0.061858029936898012 0.08616378195658983 0.043667053411616918 -0.083019773700365118 -0.021657328976915188
leaf_weight=2398.0025920458138 96.205065697431564 58.505237709730864 105.55624137818813 140.44820063561201 966.99199015647173 820.81305089592934 47.59795168414712 48.566426441073418 465.31005764007568 40.703802399337292 99.956850849092007 126.95848948508501 37.83507889509201 51.662070319056511 16.862485140562057 1871.3578731641173 18.491845525801182 2645.9363130405545 14.595959559082985 733.37812513113022 64.652030147612095 1264.8248648941517 140.5702538639307 134.01046095043421 12.328772857785223 184.08395742624998 136.58730909973383 747.70606961846352 35.988623529672623 2213.6751989647746
leaf_count=44859 1264 825 783 1475 5657 6920 811 691 8819 574 1023 1115 261 666 165 25128 122 45039 172 9248 799 12596 1474 1447 151 2887 1671 8331 527 33081
internal_value=-0.00173184 -0.0443487 0.0736636 0.047784 0.119257 0.0965301 -0.0720178 -0.0101752 -0.0597288 0.0290567 0.0669468 0.153378 0.118182 0.00407795 -0.0218842 0.00658431 0.0727144 -0.0533442 0.0320129 0.0352169 0.0720146 0.0720578 0.0674845 0.0375143 0.0696297 -0.0237373 0.0604313 0.0300922 0.00378543 -0.0206977
internal_weight=15740.2 10056 5684.12 3625.97 2058.15 1091.16 5556.85 4499.19 3158.84 1833.83 1792.14 270.35 164.794 2036.01 2463.19 1977.5 70.1539 2693.53 1793.12 1696.92 215.835 1651.69 1551.73 286.909 152.899 2414.62 201.239 1481.08 1907.35 2230.54
internal_count=218581 163620 54961 40225 14736 9079 99528 64092 54669 22059 18166 2159 1376 27268 36824 26443 788 45850 21485 20221 2642 16691 15668 3072 1625 36133 2470 17579 25655 33246
cat_boundaries=0 22 97 170 243 244 319 387 388 389
cat_threshold=524288 302514240 2048 0 0 135168 0 128 0 0 1114624 2250244100 524352 128 0 536870912 35651593 2147488256 65536 524288 2 128 0 0 0 65536 0 0 0 0 8192 0 131072 0 0 128 0 0 603979776 0 0 0 136314880 0 262144 0 512 4 65536 0 0 0 0 0 0 0 0 1073741824 8388608 0 0 0 0 33554432 65536 16777216 1048592 1572864 0 0 0 256 0 2048 0 0 2 0 0 1 2147483648 0 0 1024 0 0 0 0 0 0 0 0 0 0 0 2048 2129920 0 0 0 0 0 0 65536 536870912 0 0 0 0 0 2147483648 0 0 67108864 0 0 0 2097152 0 262144 0 0 1 0 0 0 0 0 0 0 0 0 4194304 160 0 0 8 2147483648 0 65536 16777216 0 0 0 0 0 0 1073741824 0 64 0 0 0 16777216 0 2147483648 0 0 67108864 0 0 32768 0 1049104 16 0 0 0 0 1024 0 0 262144 0 32768 0 0 0 8192 0 0 0 4096 2147483664 0 0 0 0 0 0 0 0 262144 0 0 4 0 0 0 0 0 33554432 0 0 0 4194304 8388608 0 0 0 0 0 536936448 0 0 1572864 0 0 0 0 0 0 0 1024 0 0 16777216 0 2147483648 0 0 16 0 0 0 0 0 0 0 0 0 0 512 17152 0 0 262144 134217728 0 0 0 0 0 32 2048 0 0 32768 0 0 4096 0 0 0 0 0 262144 0 0 4 65536 0 0 0 0 8192 4 0 2147483650 4194816 8 2097152 0 0 0 0 0 16777216 0 0 0 2147483656 0 0 0 0 0 0 2 0 0 2097152 64 0 0 0 0 0 0 16 1048576 0 0 0 0 0 512 268451840 32768 0 0 0 65536 0 0 0 0 0 0 0 0 0 32768 0 0 0 0 0 0 128 268435456 0 0 0 4 0 0 0 1073741824 0 0 0 268435456 0 0 32 0 0 0 4194304 0 65536 16777216 1048576 524288 0 134217728 0 0 0 0 64 0 0 0 0 16777216 16384 0 1 67108864 2097152 0 8192 16 512 16 2 462856
is_linear=0
shrinkage=0.1


Tree=5
num_leaves=31
num_cat=5
split_feature=18 18 18 23 18 18 18 29 23 10 13 18 13 28 13 20 14 16 13 23 29 28 28 14 23 29 28 14 14 20
split_gain=4171.24 729.089 563.075 124.793 112.349 96.0349 80.0263 79.054 73.7545 59.3258 57.3102 54.0837 42.8532 37.2906 35.5113 31.8183 30.7067 34.3303 29.4912 37.2614 28.8462 29.7603 40.0187 42.8997 28.733 27.4782 42.2364 24.2107 23.7496 23.5066
threshold=0.088938668370246901 0.042355967685580261 0.18410272896289828 2.5000000000000004 0.024770003743469719 0.26858077943325048 0.12361359223723413 0.20767211914062503 14.500000000000002 0 1 0.066949091851711287 2 0.016124478541314605 3 92.500000000000014 4.5000000000000009 5.5000000000000009 4 16.500000000000004 0.076906669884920134 0.065830215811729445 0.078697547316551222 7.5000000000000009 5.5000000000000009 0.07274292036890985 0.060463631525635726 8.5000000000000018 3.5000000000000004 73.500000000000014
decision_type=2 2 2 2 2 2 2 2 2 9 9 2 9 2 9 2 2 2 9 2 2 2 2 2 2 2 2 2 2 2
left_child=1 4 3 6 -1 7 20 16 14 -5 -3 13 -9 -12 -6 -14 -4 -18 19 -13 21 -2 23 -23 -15 26 28 -25 -8 -11
right_child=2 10 5 9 8 -7 25 12 -10 29 11 18 15 24 -16 -17 17 -19 -20 -21 -22 22 -24 27 -26 -27 -28 -29 -30 -31
leaf_value=-0.086251663012106752 0.015831190272325196 0.082572706284618783 0.16545759897842677 0.16818567155222494 0.031610645397780725 0.12312898255654355 -0.047407028764248689 -0.0045005607575770348 -0.094913733627479291 -0.032053119474029668 0.11515195917838368 0.02768086780307958 0.069647175097025213 -0.022990288289606139 -0.051697326317102291 0.16460290439191819 0.19074179441889116 0.078134019317808945 -0.0053882569937745636 0.20303414370288608 0.026931229865886658 0.095642835597906997 0.037488298543462674 0.38667661493817457 -0.063402187690884779 0.058900168690032707 0.20394311277487534 0.1642200373796765 0.13969212905626457 0.010139752217249082
leaf_weight=2217.8685920760036 94.006415136158466 52.958374686539173 119.08954725414515 8.9481130614876747 49.740258440375328 1046.3400714993477 15.219426140189173 85.493674777448177 429.86921231076121 280.20306557789445 18.607477024197578 101.27767156809568 753.59060868620872 1732.3908361643553 2522.1160891242325 37.022292479872704 33.466318644583225 141.72229223698378 1874.1806709691882 13.765000224113463 1706.0531233549118 74.209342665970325 90.545822739601135 8.6573114097118395 195.82680597901344 1647.7591804042459 32.932347998023033 11.249684751033781 12.241280674934385 249.71760825440288
leaf_count=44884 1187 685 773 91 838 5675 151 670 8882 3466 167 1275 6034 26696 45028 283 234 1125 25728 79 20078 883 1067 107 3300 15699 298 127 118 3124
internal_value=-0.00139266 -0.0445852 0.0602876 0.0389005 -0.0691836 0.101116 0.0454604 0.0814353 -0.0565727 -0.00605436 -0.0123983 -0.0138507 0.0663728 -0.0257349 -0.0501642 0.0731682 0.126279 0.0996455 -0.00228945 0.0447705 0.0318036 0.0616332 0.0849497 0.130611 -0.0270945 0.0613283 0.127578 0.260964 0.035997 -0.0119449
internal_weight=15657.1 9208.6 6448.47 4231.74 5219.59 2216.72 3692.87 1170.38 3001.73 538.869 3989.01 3936.05 876.107 1946.83 2571.86 790.613 294.278 175.189 1989.22 115.043 1984.72 278.669 184.662 94.1163 1928.22 1708.15 60.3931 19.907 27.4607 529.921
internal_count=218752 157562 61190 46396 99632 14794 39715 9119 54748 6681 57930 57245 6987 30163 45866 6317 2132 1359 27082 1354 23449 3371 2184 1117 29996 16266 567 234 269 6590
cat_boundaries=0 1 76 147 222 294
cat_threshold=1 0 0 262144 0 0 0 0 262144 0 0 0 0 0 16 131072 0 0 131072 0 0 0 67108864 0 0 4194816 4 0 0 0 0 4096 0 0 0 0 0 8388608 0 1024 0 256 0 65536 0 0 0 0 0 0 1024 0 0 0 0 0 0 67108864 0 0 0 0 16 0 0 8192 0 0 0 0 0 0 0 0 268435584 64 0 0 0 0 0 0 0 0 0 0 131072 0 0 128 0 0 0 0 0 0 2097152 0 0 0 0 0 65536 0 0 0 0 0 0 0 0 0 8388640 0 0 262144 0 0 65536 0 0 0 0 0 0 0 0 0 0 0 0 0 0 0 0 0 0 0 0 0 0 0 0 0 0 0 32 0 0 262144 134217728 32768 0 0 0 0 0 0 0 0 32768 131072 0 4096 0 0 0 0 0 262144 0 0 20 65536 0 0 0 0 0 4 0 2147483650 4194816 40 2097152 0 0 0 0 0 16777216 0 0 0 2147483648 0 1 0 0 64 1024 0 0 0 2097152 64 0 0 0 0 0 0 16 0 0 0 0 0 0 0 268451840 32832 0 0 0 134217728 0 0 0 0 128 32 0 0 0 32768 0 0 536870912 0 0 0 0 0 0 0 0 0 65536 0 0 0 0 0 0 0 0 0 32 0 0 262144 0 0 0 0 0 2 0 2147483648 0 256 0 1024 0 0 2 0 2 16777216 0 0 0 1024 0 8388608 0 65552 0 0 0 0 32 67108864
is_linear=0
shrinkage=0.1


Tree=6
num_leaves=31
num_cat=4
split_feature=29 29 30 29 2 29 30 23 23 9 17 28 23 28 14 30 1 25 30 16 28 29 30 25 29 29 15 12 20 25
split_gain=2880.07 729.408 122.635 114.135 94.9448 92.1046 66.3407 58.6827 53.5878 52.6261 52.1056 51.0997 42.0078 37.3951 32.2772 30.9944 30.9248 52.8749 36.2209 32.2254 52.5667 30.8908 29.7252 29.589 29.0081 27.4937 26.0022 25.4556 30.4116 58.1682
threshold=0.059385742992162711 0.16571567207574847 4003.5000000000005 0.29067090153694158 0 0.019928102381527427 4207.5000000000009 55.500000000000007 9.5000000000000018 1 49.850000381469734 0.053746230900287635 37.500000000000007 0.11382546648383142 2.5000000000000004 4003.5000000000005 2 1.5000000000000002 3950.5000000000005 9.5000000000000018 0.12085975706577302 0.22449457645416263 3402.5000000000005 16.500000000000004 0.047120505943894393 0.0061043049208819875 3.5000000000000004 3 92.500000000000014 85.500000000000014
decision_type=2 2 2 2 9 2 2 2 2 9 10 2 2 2 2 2 9 2 2 2 2 2 2 2 2 2 2 9 2 2
left_child=4 2 11 6 25 -6 14 24 13 10 -10 -2 16 -4 21 -5 17 -13 23 20 -20 -3 -23 -18 -7 -1 -19 -16 -29 -30
right_child=1 3 8 15 5 7 -8 -9 9 -11 -12 12 -14 -15 27 -17 18 26 19 -21 -22 22 -24 -25 -26 -27 -28 28 29 -31
leaf_value=0.17343734371910755 -0.021760155317687768 0.060194905937576759 -0.0020436264638586748 0.10989119051349878 -0.078372926381445676 -0.051633298531085128 0.032418516005576263 -0.099380650858228822 -0.078570649323770198 -0.055678133567367144 0.20303629066032311 0.03386511997488173 -0.087469585760277038 0.023952182605300368 0.0069567287620618257 0.077844728379508954 0.024872415849567595 0.13809128193464396 0.071895387197947955 0.041541849922014602 0.28372579891228272 0.043900571600107491 0.14912382989396272 -0.031898399235396661 -0.027332916549252163 0.012149245177255652 0.036231586095502602 0.060284417231006707 0.20436825654859289 0.0079329572004495502
leaf_weight=11.507009305059908 180.45483897253871 127.55385223031044 2914.2026386745274 517.50924752652645 1774.8196422494948 3021.2551369220018 901.50528422370553 233.78820692375302 10.381637897342445 256.19165628403425 17.898090153932571 218.81971776112914 28.163967560976744 683.0638024546206 100.71506828814745 724.06321883201599 1074.853431481868 102.83935702219605 59.007932540029287 372.14724358543754 14.616600155830382 34.270255506038666 123.94908431172371 100.38187833502889 586.62091572582722 129.63439072668552 33.136610351502895 1140.19124443084 40.316949225962162 24.077139891684055
leaf_count=133 2564 1068 39742 2748 38464 57554 8231 5230 164 3931 168 2286 424 7594 890 4282 12948 990 733 4374 112 266 613 1217 9594 1724 330 9662 333 215
internal_value=-0.00131921 0.031659 0.0102546 0.0664308 -0.0574529 -0.0594267 0.0540919 -0.0508283 -0.000411532 -0.0421933 0.073623 0.0292083 0.033798 0.00289257 0.0663721 0.0912023 0.0355266 0.0625341 0.0290504 0.0535009 0.11395 0.0968122 0.126333 0.0200234 -0.0476822 0.0236249 0.113269 0.0597077 0.063533 0.130921
internal_weight=15557.9 9800.31 6066.16 3734.15 5757.63 5616.48 2492.58 3841.66 3881.74 284.471 28.2797 2184.42 2003.97 3597.27 1591.07 1241.57 1975.8 354.796 1621.01 445.772 73.6245 285.773 158.219 1175.24 3607.88 141.141 135.976 1305.3 1204.59 64.3941
internal_count=218584 105885 77577 28308 112699 110842 21278 72378 51599 4263 332 25978 23414 47336 13047 7030 22990 3606 19384 5219 845 1947 879 14165 67148 1857 1320 11100 10210 548
cat_boundaries=0 11 12 13 14
cat_threshold=16777248 2147483648 0 71303168 16 2147484224 0 256 2048 0 1074266112 1536 81922048 67251282
is_linear=0
shrinkage=0.1


Tree=7
num_leaves=31
num_cat=14
split_feature=18 18 18 30 3 18 20 13 13 13 3 29 13 30 3 3 20 30 29 30 13 0 18 13 3 23 12 30 3 23
split_gain=2833.75 507.451 310.217 163.519 131.674 89.8571 80.2662 64.2889 58.3841 56.4288 53.5198 80.2476 51.6408 39.9212 75.7022 42.8253 39.3753 66.9616 47.5191 39.0263 36.7431 35.8503 35.3346 39.9184 34.9487 31.5713 31.0039 28.9069 28.4052 27.3834
threshold=0.075332164764404311 0.13585697114467624 0.034238180145621307 4038.5000000000005 0 0.017059545964002613 15.500000000000002 1 2 3 4 0.13217660784721377 5 4113.5000000000009 6 7 1.0000000180025095e-35 4100.5000000000009 0.055706653743982322 4359.5000000000009 8 9 0.058780442923307426 10 11 5.5000000000000009 12 1.0000000180025095e-35 13 1.0000000180025095e-35
decision_type=2 2 2 2 9 2 2 9 9 9 9 2 9 2 9 9 2 2 2 2 9 9 2 9 9 2 9 2 9 2
left_child=2 7 5 4 -3 -1 20 25 -6 -4 -10 29 -9 14 16 -15 17 -14 -18 -5 -7 -13 -11 -24 -20 -2 -21 -16 -29 -12
right_child=1 3 9 19 8 6 -8 12 10 22 11 21 13 15 27 -17 18 -19 24 26 -22 -23 23 -25 -26 -27 -28 28 -30 -31
leaf_value=-0.09354907120004774 0.13127602805751334 0.12616275212540926 0.087153033167911134 0.054566609168511707 -0.0027898296529989828 0.045475713523025832 -0.085406435794117649 -0.055527129057604763 0.037556489199608578 -0.039053438333954499 0.15835378993608892 0.11888326882234307 0.064877572374332795 -0.0088647961251281417 0.18527100825427587 0.020461324328920935 0.21995223198709121 0.28318046451022449 -0.032372179144716441 0.067166520797664012 -0.050465757626874247 0.062000434810253871 -0.048808771613894096 -0.0087816913085464309 0.041415243627960716 -0.044064980571814696 0.018540659409027403 -0.01689473086587932 0.016256608960459662 0.31349768570411718
leaf_weight=972.47594002261758 72.109286341816187 540.76462024450302 35.941440619528294 1370.0808152109385 122.67128121852875 36.007525522261858 824.42377514392138 103.48689852282405 373.98879346996546 1174.9874448105693 56.940147466957569 187.4765996336937 348.51376434415579 1219.8593751713634 9.3785431385040265 827.34648700430989 11.707818098366259 14.641288273036478 95.758074808865786 157.69759085774422 2227.3693191334605 576.71767190098763 299.72386925667524 1355.513774946332 157.63043782860041 11.974157266318796 755.3334204107523 322.27756384387612 1184.6363206356764 14.217375271022318
leaf_count=22919 811 2579 525 10139 901 714 18953 1391 2793 21593 401 1169 3471 15604 97 10253 123 146 1122 1250 45659 4131 4700 20437 1698 145 6385 3982 14462 103
internal_value=-0.00173682 0.0368288 -0.0492599 0.0618588 0.0837603 -0.0670407 -0.0586921 0.0130758 0.06511 -0.0240712 0.0719639 0.0867417 0.0112246 0.0130008 0.0225668 0.00304355 0.0514701 0.0736789 0.0229879 0.0438937 -0.0489615 0.0783222 -0.0257008 -0.0163776 0.0138871 0.0950069 0.027878 0.0101845 0.00916243 0.189352
internal_weight=15461.7 8535.21 6926.44 4155.89 1872.78 4060.28 3087.8 4379.32 1332.01 2866.17 1209.34 835.352 4295.24 4191.75 2144.54 2047.21 628.251 363.155 265.096 2283.11 2263.38 764.194 2830.23 1655.24 253.389 84.0834 913.031 1516.29 1506.91 71.1575
internal_count=218656 83156 135500 29851 12077 88245 65326 53305 9498 47255 8597 5804 52349 50958 25101 25857 6560 3617 2943 17774 46373 5300 46730 25137 2820 956 7635 18541 18444 504
cat_boundaries=0 20 95 169 244 268 342 364 382 457 458 533 555 556 580
cat_threshold=0 0 128 0 0 0 0 0 8192 0 0 8388608 8 1 0 0 0 0 536871040 2 0 0 0 0 0 0 0 0 0 1024 0 0 0 0 0 0 536870912 0 0 128 0 67108864 0 0 0 0 0 33554432 0 134217728 0 0 0 0 2 0 8388616 0 0 0 0 33554432 0 0 16 1048578 0 0 0 0 0 1024 0 0 131074 0 67108864 64 0 0 0 33554448 0 8388608 9216 0 0 0 0 0 0 0 0 270532608 2097152 0 0 0 0 0 0 0 0 8192 0 131072 0 0 32896 0 0 67108864 0 0 0 0 0 0 0 0 1 0 33554432 0 0 0 0 0 0 0 1073741824 0 0 0 8 0 0 65536 0 0 0 0 0 0 0 0 0 0 0 2 0 0 0 2147483648 0 0 0 0 0 1024 65536 512 0 0 0 0 0 0 2048 0 0 262144 0 0 0 0 0 134225920 0 0 0 0 16 131072 0 0 0 0 0 0 0 262144 0 512 32772 0 0 0 0 4096 0 0 0 2147483648 0 8 0 1024 0 0 0 65536 0 16 1048576 0 134217728 0 1280 0 0 0 1024 0 0 16777216 0 0 0 0 0 0 0 0 0 16 0 8388608 0 0 0 512 0 67108864 0 1073742080 33554432 0 0 0 131072 131072 0 0 0 2048 2189443200 2 0 2560 12320 33832960 4505616 33281 67108896 0 0 262144 0 0 0 65536 0 0 0 536870912 0 0 512 0 0 0 0 0 0 0 0 0 0 0 2048 0 0 1 0 0 0 0 0 0 0 0 0 0 128 0 1040 8 2148532224 0 65536 16777216 0 524288 256 8 0 1 16 0 64 0 0 0 0 0 16384 0 0 67108864 2097152 0 0 0 1074791936 16 0 0 0 0 1024 2048 0 64 134234112 0 0 0 134217728 0 0 0 0 2097184 262260 4195328 0 0 64 151003136 8192 134217728 2097280 32 0 16777216 18432 0 0 0 0 128 0 0 1048576 69206016 537137252 0 0 0 0 2147483648 0 0 262144 0 0 0 0 0 0 1056 0 134217728 0 0 131072 16777216 36864 0 0 0 0 65536 0 0 0 0 0 0 0 134217728 0 8192 0 268435456 2 0 0 2097152 0 0 0 0 0 16777216 0 65536 0 2147483648 0 2147483905 0 0 64 0 0 0 0 2097152 64 0 0 1024 2097152 0 16384 0 1048576 0 8388608 0 0 0 512 16512 32768 9 0 0 0 65536 0 0 0 0 1024 1024 131072 0 0 32768 0 0 67108864 0 0 0 136314882 0 0 0 0 1 65536 0 0 0 0 0 0 0 0 0 0 0 268435456 262144 0 0 536870912 16777216 0 0 0 8 0 1 0 0 0 4194304 2 0 0 16777216 2147483648 0 0 0 0 8388608 16384 0 0 33554432 0 0 32 0 0 268437504 32768 0 0 134234112 0 0 0 0 0 0 0 0 0 96 0 0 0 0 134217728 0 0 0 32 110630096 65536 268436480 4194304 4096 2048 0 16777216 4194432 0 0 196608 2449473536 536870912 2097168 0 536870912 2317484040 2048 65536 64 2048 0 0 32768
is_linear=0
shrinkage=0.1


Tree=8
num_leaves=31
num_cat=19
split_feature=18 18 18 3 18 13 20 0 3 29 3 13 13 13 3 13 9 25 9 20 13 28 3 10 20 13 13 3 14 3
split_gain=2387.5 598.482 149.374 129.004 76.2888 47.2145 47.1477 44.7959 48.0168 61.5705 41.4925 38.5058 38.1499 35.2226 34.8751 34.3108 37.539 34.2531 29.0997 52.0887 28.9812 26.7902 27.1026 25.8956 25.1039 24.0847 23.3617 22.9756 22.7964 29.7262
threshold=0.058780442923307426 0.12361359223723413 0.024770003743469719 0 0.093102216720581069 1 19.500000000000004 2 3 0.16571567207574847 4 5 6 7 8 9 10 24.500000000000004 11 31.500000000000004 12 0.016124478541314605 13 14 5.5000000000000009 15 16 17 7.5000000000000009 18
decision_type=2 2 2 9 2 9 2 9 9 2 9 9 9 9 9 9 9 2 9 2 9 2 9 9 2 9 9 9 2 9
left_child=2 4 24 -3 5 -2 20 8 -5 -10 -8 -6 -7 -13 -11 -9 -17 18 19 -14 -4 -20 -23 -15 25 -1 -12 -24 -18 -30
right_child=1 3 6 7 11 12 10 15 9 14 26 13 17 23 -16 16 28 -19 21 -21 -22 22 27 -25 -26 -27 -28 -29 29 -31
leaf_value=0.042802137808139143 -0.039540482558319365 0.081366055184862507 0.04131580416635542 0.021988739808681639 0.10226462884676486 0.063684625079757778 0.040374341712354517 -0.026912122531365025 0.15258845064936299 -0.0047660949871266073 0.058833601234663524 -0.032643223938644293 0.018459640893681208 0.13290155648328941 0.0889316901551363 0.072065328225913522 0.04299546264684255 -0.051944089192408983 0.1273112848300901 0.18519100393088717 -0.040133616627659935 0.013234603924597833 -0.001812447809529991 0.01974541673447924 -0.09559411473530785 -0.072899216483717499 -0.076816043564846281 -0.024321544568378563 -0.012796146421249722 0.031472038688557386
leaf_weight=16.103319570422173 326.26015594229102 1216.0298041403294 39.153455544263124 154.5210590288043 46.495741847902536 80.875347994267941 31.361633747816086 76.605878971517086 125.13577585667372 63.133183173835278 9.2091019265353662 122.73228083178401 101.15897184237838 11.152768142521381 127.37690890580416 327.08425383642316 1507.4037589803338 131.81411387771368 15.95305212587118 22.997085701674223 2485.503050789237 786.45804674178362 1591.1659987457097 1888.3563274927437 723.48953361436725 1041.9037092849612 615.05989280343056 627.90194066241384 183.98410768806934 820.04389286786318
leaf_count=393 4976 6244 693 1194 502 1007 579 625 849 431 200 1640 1335 105 811 2671 11773 2005 136 233 49239 10736 22266 21147 18332 25839 14551 9329 1643 6713
internal_value=-0.0010216 0.0263087 -0.0580566 0.0531916 0.00480862 -0.00381977 -0.0450705 0.0427045 0.0720176 0.0950814 -0.0689634 0.0201765 -0.000231085 0.0176959 0.0622991 0.0377467 0.0395801 -0.00199721 8.94038e-05 0.0456648 -0.0388658 -0.0019281 -0.0026205 0.0211023 -0.081239 -0.0714227 -0.0739189 -0.0082621 0.0350802 0.0235461
internal_weight=15316.4 10354.6 4961.78 4601.32 5753.32 3684.58 3180.29 3385.29 470.167 315.646 655.631 2068.74 3358.32 2022.24 190.51 2915.12 2838.52 3277.45 3145.64 124.156 2524.66 3021.48 3005.53 1899.51 1781.5 1058.01 624.269 2219.07 2511.43 1004.03
internal_count=218197 108371 109826 32954 75417 52023 65262 26710 3285 2091 15330 23394 47047 22892 1242 23425 22800 46040 44035 1568 49932 42467 42331 21252 44564 26232 14751 31595 20129 8356
cat_boundaries=0 21 88 89 110 128 203 278 346 367 442 443 444 519 543 544 617 692 711 729
cat_threshold=0 1073741824 128 0 0 0 0 131072 8192 0 0 0 32768 1 0 0 0 262144 587206848 2 65536 0 0 0 81920 0 0 0 536870912 8192 1024 131072 0 0 32768 0 0 0 0 0 0 2097152 0 0 0 0 1 65536 33554432 0 0 0 0 0 0 0 0 160 0 0 8 2147483648 0 536870912 16777216 0 2 0 8 0 1 0 0 0 4194304 0 0 16777216 1 2147483648 0 0 67108864 2097152 0 33792 0 528 9 131072 0 167772160 0 0 0 0 0 0 0 0 256 37748736 1049616 0 0 0 0 49408 134250497 1050624 1073741824 0 8192 1024 0 2449489928 19202 4096 33554432 0 1073743872 0 1048576 0 0 0 0 8 0 0 0 134217728 0 0 0 0 0 0 0 0 0 128 0 0 0 0 0 0 136314880 0 0 0 4096 0 65536 0 0 0 0 0 0 0 0 0 8388608 0 0 0 0 0 536870912 0 0 0 0 0 0 0 0 0 0 0 0 8 67108864 0 0 0 0 16 0 0 1024 0 0 0 0 0 32 0 0 0 32768 0 0 262144 0 0 0 0 0 1024 0 0 32768 16777216 16 131072 0 0 131072 0 0 0 67108864 0 0 512 4 0 0 0 0 4096 0 0 0 0 0 8388608 0 2097152 0 4194304 0 0 0 0 0 0 2281701376 0 256 0 1024 0 0 0 0 0 64 32 0 32 16 0 0 0 65552 0 0 0 0 0 0 512 0 92274752 0 0 0 65536 32768 0 0 0 0 0 0 0 0 2147483648 0 0 4096 0 0 0 128 268435456 0 0 0 0 0 0 0 1073741824 0 0 0 268435456 0 0 32 0 0 0 4194304 0 65536 0 0 0 0 8 0 1024 0 0 0 0 2 0 0 16777216 2147500032 0 0 67108864 2097152 8388608 0 16 512 16 32768 256 0 0 0 0 0 0 0 0 0 2048 0 2 0 66048 12448 16384 262144 0 32 0 0 0 65536 0 0 0 0 0 0 0 0 0 2147483776 0 0 603983872 0 0 0 134217856 0 262144 0 512 4 0 0 0 0 0 0 0 0 0 1073741824 0 0 0 0 4194304 0 65536 0 0 2 0 0 16777216 256 0 0 0 0 0 0 0 0 0 0 0 1024 0 8388608 0 0 0 16 0 0 32 0 1024 0 2097152 5255 1538 0 0 0 16 32768 0 0 0 134217728 32 0 0 4096 16 0 0 4096 8192 0 0 0 0 262144 0 512 16 0 0 0 0 0 0 4 268435456 0 512 40 0 0 0 0 0 0 16777216 0 0 0 0 0 0 0 0 64 1024 2 0 0 2097152 64 0 0 0 2097152 8388608 0 0 0 0 8388608 0 0 0 512 268451840 32832 268435456 34078720 2147483650 1048584 0 8650752 0 128 67108864 0 134217728 2216689700 536875072 2176 0 1073741824 2181169153 4096 0 64 0 128 0 98304 1 0 0 0 16 0 0 0 262144 0 32 0 0 0 0 0 0 32768 0 0 0 0 262144 0 0 0 0 0 0 0 0 0 0 0 268435456 0 0 0 2097152 268435456 0 0 0 0 0 1048576 128 0 2147483648 0 256 1073741824 0 0 0 0 0 0 0 16384 0 32 1024 0 0 0 0 0 0 0 0 0 0 1024 0 0 0 134217728 0 0 0 256 0 0 0 0 0 0 0 0 0 0 0 0 0 0 0 0 0 0 0 0 0 0 0 0 0 0 0 0 0 0 0 0 4194304 0 65536 0 0 0 0 2147483648 0 0 0 0 0 0 0 0 0 0 0 0 0 16 0 0 0 0 512 0 0 0 0 0 0 0 64 0 268435522 0 2 0 671224320 16777216 8389120 268697600 0 1572864 33554432 655360 0 0 553648128 262160 0 65536 0 0 0 0 0 0 0 0 0 0 0 947912704 8209 0 0 0 0 524288
is_linear=0
shrinkage=0.1


Tree=9
num_leaves=31
num_cat=8
split_feature=18 18 18 30 23 13 18 18 23 13 13 13 29 12 30 28 23 13 30 29 12 18 9 20 20 30 20 25 14 14
split_gain=1946.93 412.769 168.431 123.642 89.43 73.3228 63.9244 47.2927 49.6083 47.212 38.1612 36.267 29.4895 27.2755 26.0667 25.9893 30.4549 25.3698 31.7058 32.9796 24.8178 24.1751 24.0147 28.183 23.9733 23.6703 21.406 37.2763 21.2134 21.1515
threshold=0.064110070466995253 0.12361359223723413 0.024770003743469719 4193.5000000000009 8.5000000000000018 0 0.23047556728124621 0.083406638354063048 45.500000000000007 1 2 3 0.083451043814420714 4 3883.5000000000005 0.065830215811729445 4.5000000000000009 5 4113.5000000000009 0.014809350948780777 6 0.036673398688435561 7 3.5000000000000004 4.5000000000000009 4450.5000000000009 23.500000000000004 16.500000000000004 4.5000000000000009 3.5000000000000004
decision_type=2 2 2 2 2 9 2 2 2 9 9 9 2 9 2 2 2 9 2 2 9 2 9 2 2 2 2 2 2 2
left_child=2 5 17 6 9 25 10 11 12 -4 -3 -7 15 -12 -11 -9 26 18 -1 -20 -5 -16 23 -13 -19 -2 -17 -28 -14 -8
right_child=1 3 4 20 -6 7 29 8 -10 14 13 22 28 -15 21 16 -18 24 19 -21 -22 -23 -24 -25 -26 -27 27 -29 -30 -31
leaf_value=-0.066343626613924275 0.074336760485343975 -0.0086426891795010896 0.049521511032673882 0.070851153959240479 -0.080494350480233137 -0.045508437777879246 0.093921782722071703 0.0048669568037012154 -0.091567998407654727 -0.061058495656355329 0.099000659868318033 0.0064948492910977887 0.022489829266241015 0.044956327302069096 -0.038840695202824314 0.051038494844404217 -0.041617131365785626 -0.070093161513389332 0.35068168884588397 0.00029212699869960384 0.020961300110146269 -0.018250434645524716 -0.0042633154991022892 0.14621890113215449 -0.094665962911111207 0.20592913310629399 0.30931550726600449 0.070281192284359376 0.0013678902534727489 0.065960296559180981
leaf_weight=13.252305228263142 76.534944877028465 126.74152076989412 60.912812232971191 101.27816919237375 462.61323514580727 204.55056274682283 399.82298953831196 190.69070602953434 44.871218055486679 340.26594893634319 108.68451622128487 34.633578259497881 742.13999455049634 1489.0242000818253 1610.9657685793936 303.28731082752347 32.811243530362844 952.6551502533257 5.0571304447948915 5.7297422923147678 1680.762620665133 882.64759728685021 2458.7302289530635 24.753770396113396 680.72129762917757 16.641282305121422 9.0112374201416952 23.635969165712595 1323.400561992079 836.61678766459227
leaf_count=355 822 1083 1081 737 12013 3279 1759 2403 736 6477 791 467 8136 11170 34371 3373 465 25237 134 143 13332 16370 35029 199 18791 176 97 264 15242 4116
internal_value=-0.00150415 0.0235196 -0.0525446 0.0451238 -0.0396681 0.00484065 0.0576496 0.00322777 0.0126908 -0.0331437 0.0452078 -0.00603982 0.014473 0.0492256 -0.0349719 0.0348393 0.050339 -0.0786283 0.02632 0.164563 0.0243119 -0.0315525 -0.00264251 0.055405 -0.0798452 0.0883564 0.0593205 0.136259 0.00895691 0.0750021
internal_weight=15243.4 10228.6 5014.82 4742.93 3357.41 5485.69 2960.89 5392.52 2669.85 2894.79 1724.45 2722.67 2624.98 1597.71 2833.88 559.436 368.746 1657.42 24.0392 10.7869 1782.04 2493.61 2518.12 59.3873 1633.38 93.1762 335.935 32.6472 2065.54 1236.44
internal_count=218648 103676 114972 32988 70312 70688 18919 69690 30716 58299 13044 38974 29980 11961 57218 6602 4199 44660 632 277 14069 50741 35695 666 44028 998 3734 361 23378 5875
cat_boundaries=0 75 150 225 298 299 368 369 370
cat_threshold=0 0 262144 134217728 33554432 0 0 65536 0 0 0 0 16777216 16 131072 0 256 131072 0 0 0 67108864 0 0 4096 0 0 33554432 0 134217728 0 0 0 0 0 0 8388616 0 2147484672 0 0 0 0 0 16 2 0 134217728 0 0 0 0 0 0 0 8 67108864 64 32 0 0 33554432 0 8388608 0 65536 0 0 0 0 0 0 0 2097152 8388608 0 0 0 134217728 32768 0 0 0 134217728 32 0 0 0 32768 0 0 0 0 0 0 2 0 262144 0 0 4 65536 0 0 0 0 0 0 0 2 0 40 0 0 0 0 0 0 16777216 0 1048576 0 512 0 2147483649 0 0 64 0 32770 0 1024 0 65600 0 0 0 0 0 0 16 4194304 0 8388608 0 0 0 512 268453888 67141632 0 0 0 0 0 0 0 0 0 0 131072 0 0 16 0 0 67108864 0 0 0 134217728 0 0 0 0 4 0 33554432 0 0 0 0 0 0 0 1073741824 0 0 0 0 0 0 65536 0 1048576 0 0 0 0 0 0 0 0 0 2 0 0 0 2147483648 0 0 67108864 0 0 0 65536 0 16 0 0 0 0 0 2048 2129920 0 0 0 65536 0 0 0 536870912 134217728 1024 131072 0 0 0 0 0 0 0 0 0 2097154 0 262144 0 0 17 0 0 0 0 0 0 0 0 0 4194304 128 0 268435456 8 2147483648 0 536870912 16777216 0 0 0 0 0 1 0 0 64 4194304 131074 0 0 1 2147483648 0 0 67108864 0 0 33792 0 512 0 0 0 0 67108864 1024 8720384 0 0 0 16 1024 0 0 0 0 32 0 0 0 128 0 0 0 0 0 0 0 262144 0 0 0 0 0 33554432 0 0 0 0 0 0 0 0 0 0 268435456 0 0 0 0 0 0 1048704 0 2147483648 0 4194304 1073741824 0 0 0 0 0 0 0 16384 0 0 1024 0 0 32768 0 0 0 8388608 68161664 514
is_linear=0
shrinkage=0.1


Tree=10
num_leaves=31
num_cat=10
split_feature=18 18 18 30 23 3 30 3 26 3 3 23 28 3 23 23 26 17 25 6 3 30 3 30 3 3 30 29 25 25
split_gain=1607.55 352.706 163.881 115.942 86.5533 67.2648 46.2257 38.631 35.4869 82.9649 51.7862 85.9067 78.4687 50.4611 46.2993 46.1169 33.3282 33.0439 38.3075 31.4304 58.9075 42.6849 36.786 27.7336 45.1669 36.3484 30.8969 29.5559 27.1034 25.7831
threshold=0.064110070466995253 0.12361359223723413 0.024770003743469719 4207.5000000000009 8.5000000000000018 0 4003.5000000000005 1 3.5000000000000004 2 3 1.0000000180025095e-35 0.017782646231353286 4 1.0000000180025095e-35 48.500000000000007 1.0000000180025095e-35 49.850000381469734 17.500000000000004 5 6 3989.5000000000005 7 4113.5000000000009 8 9 4060.5000000000005 0.068820483982563033 56.500000000000007 30.500000000000004
decision_type=2 2 2 2 2 9 2 9 2 9 9 2 2 9 2 2 2 10 2 9 9 2 9 2 9 9 2 2 2 2
left_child=2 8 -1 5 7 6 -3 -4 10 -10 15 16 -13 -14 -11 17 19 23 -19 22 21 -21 -12 24 -2 -25 -26 -28 -27 -15
right_child=1 3 4 -5 -6 -7 -8 -9 9 14 11 12 13 29 -16 -17 -18 18 -20 20 -22 -23 -24 25 26 28 27 -29 -30 -31
leaf_value=-0.076447843774533272 -0.019633916242690966 0.093434716927393802 -0.0039266739079953459 0.019532295188557411 -0.078626986732369453 0.040500776185252885 0.051211324962167681 -0.035697115055942912 -0.03652928824371212 0.062497980090680666 0.016041322367505856 0.35728422854726527 0.085121640461843062 0.024257794839961325 -0.0086734929778076314 -0.073115420693287358 0.09948474764162113 0.049906366868730741 0.22054022364329204 0.080616880930005505 -0.033711125795161861 0.0069776597365961467 -0.026214309077735705 -0.012150659547894996 0.031934661821095993 0.020374253245159155 0.20780806553518005 0.066571250775295993 0.13447843940436452 -0.062564542502205778
leaf_weight=1546.6475707888603 150.86927535384893 548.76159629970789 473.75782519578934 1753.7237825617194 430.59323751181364 2056.4317474216223 491.52737412601709 2334.1352185457945 608.53969741240144 167.54000391066074 241.61197985336185 7.8980131782591334 118.40892887115479 132.02749083191156 201.13472424820065 54.044555570930243 27.096149660646915 83.277004644274712 15.625576436519621 126.50372305884957 197.67069715633988 208.36860943585634 1268.4026912935078 522.85217663273215 667.45809468999505 522.67981261759996 17.516490489244461 96.127918161451817 21.680641368031502 46.162832047790289
leaf_count=44803 2004 2484 8818 13691 12043 14210 2581 49446 8313 2005 3116 55 1437 1748 2564 984 328 992 175 1588 2544 2871 16722 7172 7508 6331 202 1074 281 628
internal_value=-0.00173558 0.0204171 -0.0496689 0.040077 -0.0368798 0.0517119 0.0727849 -0.0304778 0.00309004 -0.0141918 0.00682116 -0.00338166 0.0461966 0.0379128 0.0230445 0.0180086 -0.0106922 0.0204417 0.0768647 -0.0121538 0.00873441 0.0337872 -0.0195205 0.0176503 0.0302541 0.00664374 0.0396339 0.0883407 0.0244693 0.00167139
internal_weight=15139.1 10353.9 4785.13 4850.44 3238.49 3096.72 1040.29 2807.89 5503.5 977.214 4526.28 2374.15 304.497 296.599 368.675 2152.13 2069.65 2098.09 98.9026 2042.56 532.543 334.872 1510.01 1999.18 931.972 1067.21 781.103 113.644 544.36 178.19
internal_count=218718 103608 115110 32966 70307 19275 5065 58264 70642 12882 57760 31037 3868 3813 4569 26723 27169 25739 1167 26841 7003 4459 19838 24572 10788 13784 8784 1276 6612 2376
cat_boundaries=0 20 41 62 84 102 103 127 149 161 174
cat_threshold=0 0 128 0 0 0 0 0 8192 0 0 8388608 262152 1 0 0 0 524288 570429568 2 16777216 0 2147487776 4 0 13631488 536871105 1536 285212672 0 143130624 0 1114112 8192 268435456 16777216 0 1073741832 0 0 134217729 302055424 54525954 16384 2101248 0 266240 0 0 0 0 0 2248146944 659524 2097152 0 0 131088 2281734144 65536 0 2101248 268959872 16777216 4210688 2101248 0 262144 0 0 0 0 196608 2181038080 655684 4194560 0 0 301989889 38912 65536 0 2098240 32 0 0 0 0 0 0 0 0 0 0 1048576 0 0 16392 0 0 0 134217728 1 0 4194368 0 8 0 553652224 16777216 0 262144 0 1049088 32 2101280 2099208 0 0 2281963520 67118080 0 0 4096 0 0 65536 0 301989890 2048 0 0 0 134217728 12582912 134479872 0 0 85983232 671088640 2099200 0 0 2149842968 512 134217728 524352 0 128 0 0 4194304 2097152 0 0 0 0 0 0 0 2181038080 524288 0 16384 2097152 0 0 0 0 0 0 0 0 131136
is_linear=0
shrinkage=0.1


Tree=11
num_leaves=31
num_cat=13
split_feature=18 18 18 3 23 1 23 3 3 25 3 3 14 3 17 28 17 25 20 3 3 6 3 14 25 3 20 18 6 28
split_gain=1365.51 290.987 134.596 86.6053 73.7938 54.5184 35.0313 127.922 53.9402 43.7679 43.6636 32.9218 41.2366 40.1867 29.6573 32.6425 28.6677 27.7735 26.8201 24.6639 23.9998 23.5136 45.512 28.4762 23.2845 26.312 46.9728 46.2084 37.4284 39.257
threshold=0.058780442923307426 0.13585697114467624 0.023266430944204334 0 12.500000000000002 1 3.5000000000000004 2 3 13.500000000000002 4 5 8.5000000000000018 6 49.850000381469734 0.039049755781888969 50.750000000000007 1.5000000000000002 5.5000000000000009 7 8 9 10 8.5000000000000018 19.500000000000004 11 1.5000000000000002 0.082953099161386504 12 0.08464811742305757
decision_type=2 2 2 9 2 9 2 9 9 2 9 9 2 9 8 2 10 2 2 9 9 9 9 2 2 9 2 2 9 2
left_child=2 6 18 -3 20 -5 8 14 -2 -9 16 21 24 -14 -8 -16 -11 -15 -1 -19 -4 -10 -23 -24 25 -13 28 -28 -27 -30
right_child=1 3 4 5 -6 -7 7 9 11 10 -12 12 13 17 15 -17 -18 19 -20 -21 -22 22 23 -25 -26 26 27 -29 29 -31
leaf_value=-0.063550685526499992 -0.043953787852416826 0.019506938243305086 -0.0021504649874190119 0.098722077168149264 -0.082532025800541614 0.043470568378686535 -0.018748893025829813 -0.060191886897283553 0.033981793658576585 0.035545713403931443 -0.035691232859435422 0.021928090010879885 -0.04029203279070262 -0.0085901806339514202 0.28126894734707786 0.098340429703109272 0.23290393588853378 0.091791435457921025 -0.091980550814910314 0.010382608395359589 -0.034530649048321663 -0.022281322342493255 0.054305035208307532 0.25178782726492732 -0.033383297638374214 -0.01556896955686011 -0.013310425265617563 0.081076038950432264 -0.019063355064148069 0.050871502929455838
leaf_weight=842.54320820048451 199.0339992493391 1856.6149331480265 266.90484285354614 199.38910819590092 315.86599946953356 2552.0901901051402 16.663890797644854 326.03898740932345 711.65395427495241 82.923065472394228 155.16452588140965 1442.7021111771464 327.11608143523335 810.67446374893188 11.805652797222136 56.154960513114929 8.0769884213805181 43.021627936512232 547.42144298925996 156.46351489797235 2319.1750703919679 195.94466719031334 23.162822797894478 10.663058906793593 115.3462571837008 889.73629605025053 83.497527666389942 136.92574377730489 131.71420566365123 205.48870200291276
leaf_count=25558 2719 14062 5354 1003 9957 14772 244 5079 7620 1095 2592 17748 4202 10989 74 608 86 541 17726 2058 51678 2127 225 105 1461 11962 1254 1534 1850 2589
internal_value=-0.00147661 0.0175641 -0.0491596 0.0365571 -0.0369037 0.0478174 0.00330975 -0.0185142 0.00592405 -0.0355393 -0.00433126 0.00787106 0.00416593 -0.0104329 0.0901504 0.130118 0.0478091 -0.0003613 -0.0747475 0.0330614 -0.0313306 0.024739 -0.00281164 0.0899625 0.0106756 0.0124341 0.00279981 0.0453219 -0.0048166 0.0235544
internal_weight=15040 10748.1 4291.91 4608.09 2901.95 2751.48 6139.97 656.828 5483.15 572.204 246.165 5284.11 4342.69 1337.28 84.6245 67.9606 91.0001 1010.16 1389.96 199.485 2586.08 941.425 229.771 33.8259 3005.41 2890.06 1447.36 220.423 1226.94 337.203
internal_count=218872 108599 110273 29837 66989 15775 78762 9778 68984 8852 3773 66265 56188 17790 926 682 1181 13588 43284 2599 57032 10077 2457 330 38398 36937 19189 2788 16401 4439
cat_boundaries=0 24 25 43 64 82 104 128 142 156 157 171 195 196
cat_threshold=0 256 33554432 512 0 0 0 0 0 0 8192 679479296 2185233409 2 0 1116672 8320 33554432 311312 33281 262176 0 0 262144 75499520 33554432 0 0 2097152 0 0 0 0 0 0 1048576 268435456 0 16384 0 0 64 201327104 33554432 0 0 2097154 1024 537134592 64 0 0 0 0 0 0 0 0 16777216 2181038081 201326592 8 0 2097154 524288 4194306 16384 0 0 0 0 0 0 0 0 2183135232 787220 0 0 0 0 2048 128 524288 138414080 4096 0 131072 0 0 268435456 0 0 288 262196 1040 0 0 268435456 16777216 0 134217728 17536 32 0 37748736 2147500032 0 0 0 0 0 134217728 0 0 285212672 2101504 2304 0 0 0 2147483648 1048576 0 1054720 128 0 65536 268435456 0 1 0 0 0 0 0 0 0 1048576 33554432 0 16392 0 0 0 3076 0 65536 805306368 0 0 0 4096 0 1114112 8704 1 0 524288 4196352 0 0 131072 0 0 268435456 0 0 0 262164 1024 131072 33554432 2147500033 0 0 0 134217728 8388608 134217728 0 0 2501902336 2757440 1050752 0 0 2097216 8192 0 64 4096 128 0 65536 1
is_linear=0
shrinkage=0.1


Tree=12
num_leaves=31
num_cat=8
split_feature=18 18 18 3 23 30 3 30 10 23 29 3 3 30 28 3 14 12 23 29 20 23 29 20 23 18 20 18 30 12
split_gain=1213.01 225.436 120.919 108.053 67.4052 50.934 56.1856 49.3168 37.1828 35.6714 33.9271 38.0714 35.3068 31.9506 27.9592 26.4192 25.398 22.8896 21.2171 21.004 21.0001 28.7698 20.6865 20.3013 20.1857 19.5057 19.3376 24.6937 22.8333 19.2035
threshold=0.058780442923307426 0.096029393374919905 0.021253571845591072 0 17.500000000000004 4222.5000000000009 1 3950.5000000000005 2 48.500000000000007 0.07274292036890985 3 4 4038.5000000000005 0.060463631525635726 5 1.5000000000000002 6 1.5000000000000002 0.25113768875598913 79.500000000000014 1.5000000000000002 0.0085060033015906828 8.5000000000000018 9.5000000000000018 0.17451564222574237 -1.0000000180025095e-35 0.10349814966320993 4373.5000000000009 7
decision_type=2 2 2 9 2 2 9 2 9 2 2 9 9 2 2 9 2 9 2 2 2 2 2 2 2 2 2 2 2 9
left_child=2 -2 23 7 -4 6 8 -3 -5 15 11 -8 -12 16 -13 20 -14 -17 -19 25 21 26 -10 -1 -15 29 -7 28 -28 -18
right_child=1 3 4 5 -6 9 10 -9 22 -11 12 14 13 24 -16 17 19 18 -20 -21 -22 -23 -24 -25 -26 -27 27 -29 -30 -31
leaf_value=-0.066073818840636664 -0.002461735797202803 0.088148492808137691 -0.032863854314474313 0.12277678070544716 -0.086617096412273081 -0.00818764790822488 0.0010717152472698259 0.041494927707560365 0.12794841610049554 -0.10234074054525258 0.011869089641590613 0.0096893888035999211 0.011730673747365842 0.026229207901082654 0.15379316392606157 0.037449622536027107 -0.022458021870467249 0.0019153709182738177 -0.043672335829768531 0.027834049207609003 0.08367929106263812 -0.031912855720646685 -0.014618672199390885 -0.094356378694798654 -0.057138061360336272 0.078798143302845625 0.029023394841317697 0.029358844065433251 0.15553417020925464 0.052766845068032558
leaf_weight=714.67868081294 4120.024690721184 356.8522547185421 2735.875353788957 11.877794593572617 255.02936505526304 114.93209452927113 52.049897711724043 620.68106669187546 10.432152725756167 28.079739823937416 732.92075475305319 16.45516836643219 173.2020725980401 908.33002514392138 74.069278836250305 153.64025958254933 35.449675314128399 1055.4835539162159 113.02393701672554 264.4836185798049 58.36344351619482 88.969773426651955 417.21537137404084 393.55652049183846 30.003129970282316 341.21712248772383 25.853289075195789 452.16948238015175 31.83186511695385 554.60599618032575
leaf_count=23251 57726 1529 64079 76 8838 924 470 2801 73 397 5633 144 1220 6925 477 1494 339 9920 1361 1350 494 771 3960 13978 345 1865 240 3312 288 4418
internal_value=-0.0015627 0.0159569 -0.0479021 0.0272457 -0.0374473 0.0218849 0.0291305 0.0579333 -0.00462326 0.0096215 0.0337003 0.0814823 0.0315704 0.0376141 0.114905 0.0111227 0.0475197 0.00241256 -0.00247294 0.0527036 0.0256738 0.0212904 -0.0108863 -0.0761175 0.0235635 0.0597666 0.0288666 0.0372194 0.0988347 0.0487611
internal_weight=14941.4 10842.2 4099.14 6722.19 2990.9 5744.66 3622.31 977.533 439.525 2122.35 3182.79 142.574 3040.21 2307.29 90.5244 2094.27 1368.96 1322.15 1168.51 1195.76 772.12 713.757 427.648 1108.24 938.333 931.273 624.787 509.855 57.6852 590.056
internal_count=218698 108552 110146 50826 72917 46496 27295 4330 4109 19201 23186 1091 22095 16462 621 18804 9192 12775 11281 7972 6029 5535 4033 37229 7270 6622 4764 3840 528 4757
cat_boundaries=0 21 45 46 68 89 113 114 115
cat_threshold=0 1073741824 128 0 0 0 0 0 40960 0 0 0 0 65537 0 0 128 0 587206784 67174402 65536 131200 16778240 37748737 4096 0 0 134217728 4194304 0 0 0 256 2147483648 4195330 0 0 134217728 201360384 4194304 0 71309312 0 0 262144 1 0 256 0 0 0 0 0 0 0 0 0 0 16640 2097152 0 0 268443648 262144 0 4 2098180 32 0 0 0 512 0 0 131072 0 134217728 0 0 956301312 33571857 272 0 8390656 4192 16777216 311296 134381572 3163264 0 16777216 4194305 4608 0 0 131072 131072 134217728 0 0 0 8 0 0 0 0 0 0 0 67108864 0 0 262144 85661904 70011520
is_linear=0
shrinkage=0.1


Tree=13
num_leaves=31
num_cat=16
split_feature=29 3 3 3 20 3 3 30 29 3 1 3 9 6 25 3 30 3 3 26 9 3 20 26 20 6 16 17 29 29
split_gain=807.921 184.527 120.153 79.1678 54.0122 148.423 49.4086 47.4929 45.4432 38.1066 34.9474 32.1502 30.2383 29.1813 27.3008 45.7364 25.8126 49.8316 36.0684 27.7366 24.7958 23.1872 22.9982 21.0645 20.1511 18.6937 20.4465 18.6424 17.9142 17.641
threshold=0.059385742992162711 0 1 2 17.500000000000004 3 4 4258.5000000000009 0.07274292036890985 5 6 7 8 9 28.500000000000004 10 4113.5000000000009 11 12 20.500000000000004 13 14 586.50000000000011 6.5000000000000009 397.50000000000006 15 19.500000000000004 45.750000000000007 0.016197931952774528 0.25113768875598913
decision_type=2 9 9 9 2 9 9 2 2 9 9 9 9 9 2 9 2 9 9 2 9 9 2 2 2 9 2 10 2 2
left_child=2 7 13 28 11 -6 8 23 -3 -8 -11 -5 -9 -1 16 -16 17 19 -18 -12 27 -22 24 29 -10 -17 -27 -19 -4 -2
right_child=1 6 3 4 5 -7 9 12 22 10 14 -13 -14 -15 15 25 18 20 -20 -21 21 -23 -24 -25 -26 26 -28 -29 -30 -31
leaf_value=0.23550266697862543 0.075127747824801569 0.13747236313793684 -0.087500925026406093 0.026070756921064205 0.049693470837448316 -0.075904920704561507 -0.0378089094860833 0.059734932733007055 0.016825333309448593 0.074135218737771527 0.034318186310304942 -0.030602815639923699 0.00826968168417745 0.053198129768299275 -0.060473112518013572 -0.0046786727875136221 0.01269406843584097 0.010527213987843448 -0.0126940409884803 -0.020320110333457656 -0.02791271046553144 0.0028882500442999649 -0.057923446792738448 0.023239485729368563 0.10857707317531443 0.14496909796483837 -0.0052897772414460887 0.10416380025473426 -0.053650348391942784 0.047703841291020822
leaf_weight=9.684757549315691 319.80163203924894 31.43779843300581 408.35836518369615 99.582974152639508 105.51173830777407 652.08631139993668 229.76458964310586 133.65842688083649 2441.1942438483238 58.053704842925072 881.64175617322326 2570.8749315161258 610.75026793032885 94.017022378742695 167.54467288404703 123.04843206331134 854.11196194961667 43.618400428444147 1581.4167209640145 103.85364926978946 282.08426802605391 1491.0559738408774 40.853726603090763 252.56973084807396 24.174079816788435 19.955938022583723 16.580230541527271 41.484295651316643 253.32072607427835 880.08072843402624
leaf_count=90 1579 251 14920 1804 2162 21508 3897 747 20255 337 9092 62799 3870 1357 2291 1620 10145 496 22108 1213 3634 17458 362 1213 178 200 174 363 8247 4021
internal_value=-0.00162484 0.0130398 -0.0387941 -0.0414571 -0.0350898 -0.0587586 0.00627864 0.0387852 0.01792 0.00124477 0.00289272 -0.0285064 0.0184238 0.0640475 0.00202433 -0.0260053 0.00376501 0.0102361 -0.00379072 0.0282734 0.000515406 -0.00214085 0.0164919 0.0494879 0.017725 0.0131473 0.0767811 0.0502651 -0.0734316 0.0550131
internal_weight=14822.2 10628.7 4193.44 4089.74 3428.06 757.598 8431.87 2196.86 2537.66 5894.21 5664.45 2670.46 744.409 103.702 5606.4 327.129 5279.27 2843.74 2435.53 985.495 1858.24 1773.14 2506.22 1452.45 2465.37 159.585 36.5362 85.1027 661.679 1199.88
internal_count=218391 105504 112887 111440 88273 23670 94074 11430 21046 73028 69131 64603 4617 1447 68794 4285 64509 32256 32253 10305 21951 21092 20795 6813 20433 1994 374 859 23167 5600
cat_boundaries=0 21 45 69 92 116 140 141 165 166 167 189 211 225 226 247 248
cat_threshold=0 0 8388736 0 0 0 0 131072 40960 0 0 0 32809 3 0 66048 4224 0 591663296 67305474 67108868 268435456 285213250 2048 0 0 159387648 16779264 8389632 0 0 0 32 9437184 256 0 1073741824 139265 150994944 32776 0 7 0 0 65536 671088640 1 0 0 8192 0 0 0 0 1077936256 0 0 268435456 109051904 1 0 0 0 0 0 0 609063937 12599568 6560 1107296256 6291456 33554432 2098306 2147483648 1111506944 805323266 8192 33554432 0 1073741824 0 66048 16384 0 0 0 2048 2 0 0 32 2 32768 1073741824 0 512 0 0 131072 0 0 0 8192 1744830720 39845908 65536 0 2048 32 34361344 16640 5 2375776 0 0 262144 1090519168 268435520 33554432 32898 0 16777224 553648134 4096 100663296 2097154 134217728 0 2 16384 1073741824 0 0 150994944 0 524352 3 0 0 66560 8388608 16908288 524288 2147483680 1050624 0 537133056 4 640 268435456 2 143130624 67117056 0 1024 0 0 33816592 41472 1048576 0 0 2097280 33554432 512 1165 2 0 33554432 2147500033 4096 0 0 4194304 0 268435456 0 0 2241855520 145088 1024 0 546308096 0 67108864 0 0 1024 32 268435456 4194304 2281717760 2098176 0 131072 0 8388608 134217728 0 0 27262976 402304 3146768 0 8388608 8192 67108864 8192 0 1024 32 33554432 0 4194305 4096 0 0 0 4194304 0 0 196608 2483027968 536940992 8 17952 0 512 4194306 0 2147485696 268701696 65576 0 0 0 131072 2415919136 134217728 128 32 1073741824 2097168 2056 65544 0 138414080 1
is_linear=0
shrinkage=0.1


Tree=14
num_leaves=31
num_cat=13
split_feature=18 3 18 13 13 30 13 20 3 3 18 20 20 25 29 16 16 3 3 30 29 3 26 3 3 26 13 30 26 3
split_gain=816.547 168.681 126.715 77.0957 72.2703 58.0765 56.7987 59.149 66.6877 52.0644 48.9339 32.7118 39.8421 30.9738 30.8541 29.4334 27.385 26.239 24.8436 44.9803 38.1188 48.0962 26.2099 33.9384 24.7437 24.1423 23.6448 23.1102 22.0338 46.7749
threshold=0.058780442923307426 0 0.017059545964002613 1 2 4003.5000000000005 3 15.500000000000002 4 5 0.090639647096395506 586.50000000000011 397.50000000000006 24.500000000000004 0.021130540408194069 11.500000000000002 10.500000000000002 6 7 1597.5000000000002 0.10704411566257478 8 2.5000000000000004 9 10 1.0000000180025095e-35 11 1301.5000000000002 6.5000000000000009 12
decision_type=2 9 2 9 9 2 9 2 9 9 2 2 2 2 2 2 2 9 9 2 2 9 2 9 9 2 9 2 2 9
left_child=2 5 -1 -3 9 -2 24 17 14 -5 13 12 18 28 -9 -11 -14 -8 -12 20 21 -20 -21 -24 25 -4 -7 -23 -6 -30
right_child=1 3 6 4 10 26 7 8 -10 15 11 -13 16 -15 -16 -17 -18 -19 19 22 -22 27 23 -25 -26 -27 -28 -29 29 -31
leaf_value=-0.083981415352822122 0.062038718696106165 -0.059113008191452411 0.35224799791569728 -0.034791513613310836 0.0029055543684546967 0.069060632595199817 -0.04431290059146388 0.28997370454975974 -0.069413653502625183 0.034887332262432777 -0.024731160838708605 -0.052630757262076638 -0.033151671381589004 -0.046785791470903712 0.029963829646569237 0.11361821382487756 0.13760174166331016 -0.020821373482038982 -0.00075900386481875866 0.013463613049449694 0.022898911777770189 0.096898388114514469 -0.026500195893790157 0.017414825308075602 -0.0010454937879779654 0.11373384980931125 0.022339760866916372 0.23254871714542658 0.045303750435773178 -0.034210066980034141
leaf_weight=577.0447531696409 706.30798406898975 163.05808997899294 8.3050045073032397 45.014162201434374 2666.2882076613605 116.02851454913616 689.10238271765411 5.0853825770318499 620.813580814749 73.974312677979469 162.46670255810022 75.260238092392683 12.111511982977389 152.54767603427172 44.5033357758075 132.60207131505013 41.834351748228073 1782.2587407678366 73.3171127140522 3317.6550655961037 638.26879514753819 123.7658227533102 400.49530542269349 299.93341776356101 29.854241516441107 8.6782426983118039 1283.7361833825707 13.97757215797901 82.252078782767057 398.04783856123686
leaf_count=22713 3196 2136 190 451 37804 593 19108 167 21697 719 1255 815 120 2666 1073 1279 328 44085 626 29725 4419 954 4241 2844 694 208 7211 90 1099 6078
internal_value=-0.000678085 0.013104 -0.0408604 0.0070297 0.00833434 0.0384787 -0.0330567 -0.0346712 -0.0611259 0.0601427 0.00672409 0.0128145 0.0137833 -0.00277951 0.047125 0.0814806 0.0992655 -0.0276352 0.0128665 0.0141432 0.0350813 0.0719222 0.00975262 -0.00782488 0.0681023 0.144995 0.0268655 0.103173 -0.000646075 -0.0203622
internal_weight=14744.6 10978.9 3765.65 8872.87 8709.81 2106.07 3188.6 3141.76 670.402 251.591 8458.22 5159.09 5083.83 3299.14 49.5887 206.576 53.9459 2471.36 5029.88 4867.41 849.329 211.061 4018.08 700.429 46.8375 16.9832 1399.76 137.743 3146.59 480.3
internal_count=218584 108649 109935 97649 95513 11000 87222 86130 22937 2449 93064 45417 44602 47647 1240 1998 448 63193 44154 42899 6089 1670 36810 7085 1092 398 7804 1044 44981 7177
cat_boundaries=0 24 97 172 247 270 288 311 332 353 366 389 457 479
cat_threshold=0 1073741824 8388736 0 0 0 0 131072 40960 0 0 0 40 65539 0 2048 4224 802816 587469248 196610 68157444 0 0 262144 0 0 67108864 65536 144 0 65536 536870912 0 0 512 0 0 0 0 0 603979776 0 0 0 0 0 2048 0 0 0 0 0 0 3221225472 0 0 0 0 0 1073741824 128 0 0 0 0 0 65536 16777216 0 0 256 8200 0 1 0 2048 64 0 0 0 16777216 0 16384 0 33554433 67108864 0 0 16384 0 512 16 8388608 0 0 0 2147483648 0 0 262144 134217728 0 0 0 65536 1152 1024 0 0 16777216 2147483776 131072 0 0 0 0 0 0 67108864 0 0 4198400 0 0 0 0 134217728 0 0 131072 0 0 0 8388640 8388608 0 0 0 0 16 0 16 0 16777216 2147483648 0 0 0 1024 0 0 0 0 67108864 8 0 0 0 33554448 0 0 9218 0 0 0 0 0 128 0 0 0 8388608 0 0 0 134217728 0 0 0 0 134217728 32 0 0 0 0 0 0 36864 0 0 0 2 0 0 16 0 4 0 0 0 0 0 134217728 0 0 0 0 0 0 0 0 0 33554432 536936448 0 0 1048576 0 2147484160 0 2147483648 0 8192 0 1024 0 0 0 134217728 16448 0 0 16 0 0 0 0 0 0 8388608 0 0 0 512 268451968 163840 1073741824 2097152 0 1024 2147483648 3527491592 268962560 536576 33554432 32768 1073741824 0 0 0 0 0 0 0 2 0 0 0 2 34078720 4194304 0 2097152 0 0 0 0 0 0 0 67108864 2148042320 0 0 1074855936 32 67109376 671088640 136314881 1024 1 268435456 65548 1048832 2621440 2147614720 2153660740 1073741824 0 0 0 0 0 0 0 2 0 0 16384 67108866 65536 16777216 33554432 0 0 0 0 0 134217728 0 0 2304 0 4194304 0 65536 0 151027712 32768 134217728 20480 128 1280 0 0 0 0 0 0 0 0 0 16777216 12599296 1048832 0 512 402661377 0 0 67108864 2100288 0 0 4210688 0 0 0 131072 0 0 0 0 1619001344 8516 0 134217728 536870912 128 0 0 1048576 2097152 16777216 0 1073745920 0 65536 4 0 0 0 0 0 0 0 16384 201326594 0 0 0 0 0 0 0 0 0 0 0 0 0 0 0 0 0 0 0 0 0 0 0 0 4194304 0 0 0 0 0 0 0 0 0 0 4194304 0 0 0 0 0 0 65536 0 1048576 0 0 0 0 0 0 0 0 4194304 2 0 0 16777216 0 0 0 0 0 0 0 0 0 33554432 0 524288 2048 0 0 0 0 0 0 0 1049088 32 2097152 16384 0 1610612736 0 0 8 0 0 128
is_linear=0
shrinkage=0.1


Tree=15
num_leaves=31
num_cat=15
split_feature=18 18 18 13 3 20 30 13 3 15 13 13 3 29 18 13 3 29 3 3 17 17 20 3 30 3 3 3 20 25
split_gain=699.19 144.003 93.4032 60.4561 59.9905 54.8867 42.99 38.8994 37.0961 36.5467 36.9672 35.5248 33.0441 32.4806 31.6453 28.6067 27.4584 28.4134 26.4603 24.8403 24.7647 23.5326 22.8906 22.995 22.1898 46.4855 33.1417 23.5404 20.6237 19.4533
threshold=0.042355967685580261 0.13585697114467624 0.017059545964002613 0 1 15.500000000000002 4258.5000000000009 2 3 5.5000000000000009 4 5 6 0.25113768875598913 0.10349814966320993 7 8 0.029119851067662243 9 10 32.549999237060554 49.850000381469734 19.500000000000004 11 4113.5000000000009 12 13 14 1.5000000000000002 1.5000000000000002
decision_type=2 2 2 9 9 2 2 9 9 2 9 9 9 2 2 9 9 2 9 9 10 10 2 9 2 9 9 9 2 2
left_child=2 3 -1 8 11 7 13 -4 28 10 -5 -3 21 22 20 -13 -12 -18 -15 -11 -10 -7 23 -6 25 -19 -26 -27 -2 -8
right_child=1 4 5 9 6 12 29 -9 14 19 16 15 -14 18 -16 -17 17 24 -20 -21 -22 -23 -24 -25 26 27 -28 -29 -30 -31
leaf_value=-0.081120006061633124 0.08422020397369516 0.064431527724773091 0.05379750576739703 -0.03733449295156549 -0.017215595199285876 -0.012048060691174525 0.0024844445975485386 -0.029866758620024386 0.12906102877533018 0.058393573860699204 -0.034613040401913223 -0.030902188881545663 -0.071550664476642559 0.008801501697323964 0.20707884198495391 0.011854628734578203 0.098816409691915602 0.025802917411464323 0.042897615029142945 0.0020644734658026467 0.0054347752675353439 0.19447013349468684 0.10890999267948856 0.060814268085426573 0.0095453541220494337 -0.027200086244568617 -0.01329392747156303 0.0026260483143479793 -0.092761813643830418 0.035386594782373909
leaf_weight=538.37540289573371 9.6531830020248908 111.47130264341831 49.467493770644069 280.55116406083107 43.203625783324242 65.357317108660936 491.7416078671813 1985.162705745548 36.515178013592958 159.63238355703652 220.97334255464375 159.91164458543062 489.80953007377684 334.55316767096519 24.65429412946105 2111.3846438750625 29.275848366320133 847.25756105966866 861.50887906551361 158.204824578017 29.129980966448784 6.026403095573186 92.156092800199986 387.11450602859259 923.9452366232872 304.39131476357579 1990.9738823603839 1665.4367861673236 20.710693746805191 283.18407341092825
leaf_count=22949 104 740 1160 4169 219 1991 3091 54180 379 2001 3709 1251 19090 1707 214 15273 484 9255 3773 2186 355 169 444 1911 11228 4202 29605 21236 256 1568
internal_value=-0.00131394 0.0100289 -0.0432136 0.000515372 0.0231031 -0.0353518 0.0339258 -0.027715 0.0678707 -0.000821551 -0.00250163 0.0115867 -0.0630392 0.0428791 0.099466 0.00872205 -0.000804316 0.000550142 0.0337928 0.0322577 0.074202 0.00472486 0.0636797 0.0539933 4.92131e-05 0.00637824 -0.00606739 -0.002097 -0.0274545 0.014508
internal_weight=14711.7 11577.5 3134.2 6701.31 4876.23 2595.82 2493.46 2034.63 120.663 6580.64 6262.81 2382.77 561.193 1718.54 90.2995 2271.3 5982.25 5761.28 1196.06 317.837 65.6452 71.3837 522.474 430.318 5732 2817.09 2914.92 1969.83 30.3639 774.926
internal_count=218899 119360 99539 89383 29977 76590 12713 55340 1308 88075 83888 17264 21250 8054 948 16524 79719 76010 5480 4187 734 2160 2574 2130 75526 34693 40833 25438 360 4659
cat_boundaries=0 75 99 174 196 270 333 356 427 449 470 492 513 537 555 579
cat_threshold=0 0 262144 0 33554432 0 0 65536 134217728 0 0 32768 0 131072 0 0 256 131072 0 0 0 67108864 0 0 0 4 0 0 0 134217728 0 0 0 0 0 0 8388616 0 2097152 0 0 0 536870912 0 16 1048578 0 0 0 1280 0 1024 0 0 131072 0 67108864 0 32 0 0 33554432 0 0 8192 0 0 0 0 0 32 0 0 0 8388608 0 0 33554432 512 0 0 131072 0 0 0 8192 1753221120 37774464 2 0 1116160 8322 33816576 4243456 33281 32768 0 0 262144 0 0 0 0 0 16777216 0 0 0 32 0 0 0 32768 0 16777216 0 0 0 0 0 65536 0 0 0 4 0 0 0 0 0 0 4 268435456 0 0 8388648 0 0 0 0 0 0 0 0 0 0 2147483656 0 2147483649 0 0 0 0 0 0 2 134217728 64 0 32 0 0 0 16384 16 0 16 8388608 0 0 0 512 268435584 32832 0 33554434 2147500032 2048 0 16777216 0 0 268435456 0 0 2250244128 0 0 2097152 0 0 83886080 0 0 0 32 0 0 67108864 65536 0 0 0 0 1024 1024 0 0 0 32768 0 0 67108864 0 0 0 2097282 268435456 0 0 0 1 1073741824 0 0 0 0 0 0 0 0 4194304 0 0 0 0 2147483648 0 65536 16777216 0 524288 0 2147483656 16777216 1 0 0 131072 4194304 0 0 2 0 16384 0 33554432 0 0 0 0 16 1073742352 16 0 0 0 0 0 16384 0 0 0 134217728 0 0 0 0 1024 0 0 0 0 128 0 0 0 0 0 0 134217728 0 0 0 0 0 0 0 0 0 0 0 0 0 0 0 8388640 0 0 262152 0 0 0 0 0 0 16777216 2147483648 0 0 0 0 0 0 0 0 2 16777216 0 0 0 0 2097152 1140850688 2097152 536871936 128 0 2250244096 291850 67637248 0 268437796 1073758208 0 0 0 0 4194304 0 0 3 0 0 0 2 0 0 0 65536 0 0 0 0 8192 0 131072 0 0 32768 0 0 603979776 0 0 0 2097152 0 0 0 4194816 4 0 33554432 0 0 0 0 0 0 0 1077936128 0 0 0 0 4194304 0 65536 0 1048576 0 0 0 0 256 0 0 0 0 0 0 0 0 2147483648 0 0 0 0 0 0 65536 0 16 0 0 32 33554432 285212672 8192 1024 1024 268779520 268501920 1024 0 0 2560 0 67108864 8240 0 4 136314880 2048 8 64 16384 2097152 32768 256 0 0 0 0 0 131072 32768 0 0 0 32769 0 0 8388608 0 16384 17043456 0 65568 33554432 4194306 16385 2097156 0 0 0 0 0 0 1048576 2147483648 856580 0 0 0 0 0 0 0 0 32 0 1073741824 0 0 0 0 0 0 0 0 0 0 0 65536 0 0 32 0 0 131074 67108864 268435584 38273024 2281719808 2097152 0 0 0 8192 268435456 0 0 32 1377108 1048704 0 0 0 16777216 1056768 0 2242 0 0 32768 524288 2 4196353 1048578 0 0 16777216 4194432 201326592 2 134938624 2516582400 4368 8 0 0 0 3221225472 0 514 4194306 4106 2147483648 30408707 83918848 0 0 2 134348800 2449473792 0 0 805306368 16777216 16 1744830464 0 0 0 0 0 1024
is_linear=0
shrinkage=0.1


Tree=16
num_leaves=31
num_cat=10
split_feature=18 18 18 23 3 3 30 23 26 3 3 25 29 28 29 3 23 30 28 20 18 25 12 3 29 18 30 3 3 2
split_gain=584.225 110.611 94.4329 59.5094 54.058 53.7464 40.9258 38.718 116.11 92.6673 44.3429 38.8574 35.8205 59.6882 66.3744 30.9815 37.5771 33.8538 30.548 28.0763 28.2807 27.61 25.6056 30.5382 24.1794 22.3217 21.3543 28.5063 24.1109 22.2677
threshold=0.058780442923307426 0.024770003743469719 0.096029393374919905 5.5000000000000009 0 1 3950.5000000000005 1.0000000180025095e-35 1.5000000000000002 2 3 23.500000000000004 0.024598307907581333 0.020199722610414032 0.023273834958672527 4 195.50000000000003 4152.5000000000009 0.035394687205553062 5.5000000000000009 0.014388239942491056 1.5000000000000002 5 6 0.086758032441139235 0.48488573729991918 4222.5000000000009 7 8 9
decision_type=2 2 2 2 9 9 2 2 2 9 9 2 2 2 2 9 2 2 2 2 2 2 9 9 2 2 2 9 9 9
left_child=1 19 -2 5 6 12 25 10 9 -9 -6 22 13 14 -3 16 17 -5 -15 20 -1 -11 23 -12 -23 -4 28 -28 -24 -30
right_child=2 3 4 15 7 -7 -8 8 -10 21 11 -13 -14 18 -16 -17 -18 -19 -20 -21 -22 24 26 -25 -26 -27 27 -29 29 -31
leaf_value=-0.078932854262453056 -0.0020639415641098805 0.074901812420656216 0.045092895180430401 0.46480111084357295 -0.01706926041889904 -0.032324346973373351 0.02335337959497439 -0.022503119253757503 -0.033451215809322206 0.0064211603528140154 0.0064719511138500918 -0.043170548860358787 -0.0048834887483402024 -0.040246317615369863 0.54115716241360801 -0.069250316338553553 -0.10303973552977315 0.075604994398234274 0.15136743635083014 -0.084439250578780198 -0.035826597389394546 0.14595055014992503 0.0044956238905523851 0.065793097359515579 0.054575099001578808 0.094883682480632947 0.042987265051933052 0.0035345743391548032 0.074941508997670228 0.027284560979410885
leaf_weight=234.91139010339975 4095.0440221317112 7.2611179891973716 226.86867822706699 3.5165575630962831 332.6879468858242 1213.3787063267082 645.23744656145573 277.1890697106719 621.91329177469015 116.55440736934543 143.04492835700512 93.317017041146755 840.24620988406241 26.546935494989157 5.2685104012489319 326.00486410968006 5.8928776681423196 6.1325235310941935 12.118057480081914 402.7880507465452 432.25208451598883 31.383887268602848 468.04088015109301 268.00539280474186 374.82916121184826 149.28733302652836 207.2837950438261 1205.0796177089214 102.9870420396328 1743.2517021149397
leaf_count=10525 57648 192 1082 102 2346 30849 2823 2658 5627 1005 1247 649 20326 684 137 12550 208 184 304 18534 15874 218 3602 1789 2881 625 1710 10346 607 11784
internal_value=-0.00125063 -0.0367727 0.0100002 -0.0250432 0.0170508 -0.0187605 0.0382624 0.013345 -0.0010417 0.0241546 0.0178565 0.0205944 6.3779e-05 0.0812747 0.270955 -0.0637614 0.0583725 0.217446 0.0198077 -0.0635912 -0.0510045 0.0483987 0.0220823 0.0457934 0.0616347 0.0648537 0.0192923 0.00965419 0.0252576 0.0303324
internal_weight=14618.3 3516.32 11102 2446.37 7006.96 2104.82 1021.39 5985.57 1421.87 799.957 4563.7 4231.01 891.441 51.1946 12.5296 341.547 15.542 9.64908 38.665 1069.95 667.163 522.767 4137.69 411.05 406.213 376.156 3726.64 1412.36 2314.28 1846.24
internal_count=219116 110469 108647 65536 50999 52492 4530 46469 12389 6762 34080 31734 21643 1317 329 13044 494 286 988 44933 26399 4104 31085 3036 3099 1707 28049 12056 15993 12391
cat_boundaries=0 21 42 64 88 111 112 134 147 168 179
cat_threshold=0 0 8388736 0 0 0 0 0 40960 0 131072 0 8388608 65536 0 512 160 0 570429632 196611 132 2112 4 537006080 3076 0 1073741828 805374468 8192 17301504 0 6144 0 68222978 8704 2097152 0 0 1073741832 0 0 1 131072 0 4210688 512 0 0 131072 131072 0 0 0 1224737024 8448 256 0 9437184 2 34078720 0 0 67616 32 0 1090520064 33554432 0 0 0 0 4194304 134217728 0 0 2048 37748896 3146753 0 65536 64 218104832 57344 4 68174912 0 0 262144 3221225472 0 0 0 0 0 524288 0 0 256 1073741824 0 0 0 0 0 0 0 2 0 0 0 65536 14487960 0 0 16385 4096 0 0 0 0 0 0 0 1635778560 2147491860 0 0 8388608 134217728 0 16 0 6144 32 0 0 4194304 4608 0 0 131072 131072 0 0 0 0 256 163968 256 4194304 4096 0 0 131072 0 0 0 0 805306624 16641 4194576 0 2048 402653186 278528 20971520 134218240 2459680 0 2147483648 0 4194304 0 0 0 256 0 0 524288
is_linear=0
shrinkage=0.1


Tree=17
num_leaves=31
num_cat=14
split_feature=18 18 18 23 13 3 13 3 29 30 13 3 17 13 13 23 26 3 3 25 3 16 16 28 25 3 12 13 29 23
split_gain=493.716 87.3271 83.9145 62.3307 52.4119 51.3751 49.0776 51.7839 46.9664 57.8689 44.9163 41.3857 39.8424 35.5972 34.1021 32.0725 81.7812 55.9985 48.0963 30.1089 32.8979 25.7177 44.2615 48.8254 25.4823 23.6463 23.3533 21.8222 20.9672 20.3039
threshold=0.042355967685580261 0.096029393374919905 0.017059545964002613 19.500000000000004 0 1 2 3 0.024598307907581333 4466.5000000000009 4 5 65.950000762939467 6 7 1.0000000180025095e-35 1.5000000000000002 8 9 10.500000000000002 10 11.500000000000002 15.500000000000002 0.021319050341844562 24.500000000000004 11 12 13 0.023273834958672527 4.5000000000000009
decision_type=2 2 2 2 9 9 9 9 2 2 9 9 10 9 9 2 2 9 9 2 9 2 2 2 2 9 9 9 2 2
left_child=2 10 -1 5 -3 8 7 -6 9 21 -2 26 27 -12 -7 18 17 29 -13 -16 -21 -4 23 -23 25 -15 -8 -10 -27 -17
right_child=1 4 3 -5 6 14 11 -9 12 -11 13 15 -14 24 19 16 -18 -19 -20 20 -22 22 -24 -25 -26 28 -28 -29 -30 -31
leaf_value=-0.077226338134229411 0.063556621643002215 -0.049967961046730375 -0.039580764894639159 -0.085786056005189612 -0.0097113083000403503 0.054641183938715865 -0.03191442439386339 0.083554031210034574 0.064341988473327311 0.29459205665804272 -0.048312991430765728 -0.016479815065805085 0.25085043503608179 -0.024945662052856796 -0.034740704143577217 0.0056247880220318958 -0.033176938556616874 0.040401647364718643 0.018235395006897304 0.052959097051370765 -0.084685277565184722 0.55772862746547214 0.034536744690908984 0.051804991771796496 -0.037894598685558299 0.14323647572887185 0.033937537964426577 -0.019142546897854468 0.0011709556689531865 -0.050775314889711168
leaf_weight=461.82188995368779 89.851244870573282 113.49579178541899 27.891717607155442 189.75871156342328 87.565335471183062 31.725645665079355 51.310099273920059 201.03793765604496 23.365100068971515 9.756859974935649 166.39627919346094 440.46644169092178 5.62345016747713 359.51318994536996 1100.6145453229547 150.31879577413201 533.73908890783787 432.95979238301516 3780.6466367095709 15.793930536136029 195.95465102046728 3.7763007171452037 32.487597381696105 3.8547085635364056 193.93095385655761 10.417521465569733 1161.4156025797129 802.13423985987902 3760.3429849483073 110.93488525226712
leaf_count=22836 1123 981 765 9414 699 864 243 1319 550 245 2924 3405 135 6572 33962 1283 5026 3217 28193 525 7942 102 926 113 3558 197 5411 21218 53996 1292
internal_value=-0.00125084 0.00794955 -0.0381351 -0.0307445 0.014923 -0.0261086 0.0160315 0.0558788 -0.00739013 0.0668428 -0.00280482 0.014224 -0.0144249 -0.00426466 -0.0384255 0.01046 -0.00374507 0.0188833 0.0146171 -0.0410715 -0.0759169 0.0341696 0.0854431 0.302168 -0.00246212 -0.000804399 0.0309131 -0.016232 0.00155931 -0.0176486
internal_weight=14548.9 11644.3 2904.56 2442.74 7063.89 2252.98 6950.39 288.603 908.89 77.7672 4580.45 6661.79 831.123 4490.6 1344.09 5449.07 1227.95 694.213 4221.11 1312.36 211.749 68.0103 40.1186 7.63101 4324.2 4130.27 1212.73 825.499 3770.76 261.254
internal_count=219036 119439 99597 76761 51069 67347 50088 2018 24054 2151 68370 48070 21903 67247 43293 42416 10818 5792 31598 42429 8467 1906 1141 215 64323 60765 5654 21768 54193 2575
cat_boundaries=0 75 98 173 192 267 288 363 438 462 483 502 521 522 597
cat_threshold=0 1024 0 65536 0 0 0 0 0 32 512 0 0 0 0 0 603979776 0 0 0 128 268435456 264192 0 512 4 0 0 0 0 0 0 0 0 0 0 0 0 268435456 262144 4 33554432 0 16777216 0 524288 0 0 0 0 16 2048 64 0 0 0 0 0 16384 0 0 0 0 0 0 0 1040 0 0 0 4194304 512 0 2048 67108864 2147483712 4 536871424 128 8 32768 262162 0 16777216 0 1074024448 0 0 4 8388608 0 0 0 0 0 0 2147483648 529408 0 0 0 134217728 0 0 0 0 128 1024 0 536870912 0 128 0 0 256 0 0 128 0 0 0 0 4194304 1 65536 0 0 134217728 0 0 0 0 2 0 8388640 2097152 1024 8 0 0 536936448 0 1048592 0 16777216 0 0 0 16777216 1024 0 0 0 0 67108866 0 0 0 0 100663312 0 0 1024 0 0 0 0 0 0 0 1024 0 2097152 131072 0 0 0 0 0 0 131072 8192 0 0 671088640 2147533844 0 0 9502720 34 67633152 536870912 0 0 0 0 32768 0 0 0 0 0 0 0 16781312 131072 131072 0 0 131072 0 0 0 67108864 262144 0 268435456 4 0 16777216 0 0 4096 33554432 0 131072 0 4194304 8388608 0 2097152 0 0 0 65536 0 0 1572864 0 134217728 0 256 0 1024 0 0 0 0 0 72 2147483680 0 0 0 0 0 0 65536 0 0 0 0 0 0 0 128 75497472 32768 1073742080 8388736 0 0 0 0 0 8192 0 0 0 2155921537 1 0 1048576 0 33570816 537133184 2 65664 0 0 67108864 65536 0 0 65536 536870912 0 1056 0 0 0 0 0 0 67112960 0 0 0 136314880 0 0 0 0 1 0 0 0 134217728 0 0 0 268435456 0 0 128 0 0 8 2147483648 0 0 16777216 0 0 0 8 0 1 1073741824 0 0 4194304 2 8 0 1 0 0 33554432 67108864 2097152 0 33792 0 0 0 0 0 0 0 1024 0 2097152 0 0 0 0 32768 0 0 262144 0 32 0 134217728 0 128 0 16777216 0 8192 0 128 0 0 262144 0 0 0 0 33554432 0 0 0 0 0 268435456 0 4194304 128 0 268435456 0 0 0 0 0 0 0 0 2147483648 0 2147483649 0 0 0 1024 0 0 0 134217728 16448 0 0 1024 2097152 0 32768 0 1048576 0 0 0 0 4194304 512 128 32768 0 0 37765120 512 0 0 131072 131072 0 0 0 1224737024 9488 258 0 512 0 525312 0 0 267296 32 0 262144 128 16778240 33554433 0 0 0 0 0 134217728 0 131072 2048 37749024 1024 0 67584 0 218366976 41024 134251008 71323716 134217728 134217728 0 0 0 2181038092 16384 2621440 0 0 0 0 0 0 0 0 0 0 2 33619968 64 8194 0 2147485696 1359036417 268962436 1024 67108864 0 0 0 134283776 16928 268435456 0 0 2056 65536 68186112 0 0 0 0 0 0 0 0 0 0 0 0 0 16 0 0 0 0 0 0 0 0 0 0 0 4 65536 0 0 0 0 0 0 0 0 4194304 40 0 0 0 4194304 0 0 16777216 16 2 0 2147483656 0 0 0 2048 0 4194304 2 0 2 0 0 0 0 0 0 0 0 0 0 16 0 0 0 0 512 16384 67108864
is_linear=0
shrinkage=0.1


Tree=18
num_leaves=31
num_cat=12
split_feature=18 13 18 20 13 18 13 18 23 9 13 30 17 1 10 25 25 13 9 17 30 20 23 23 16 30 17 9 13 2
split_gain=421.468 77.8754 70.4703 66.3774 58.9207 49.501 42.3881 31.0208 29.061 43.6681 26.2938 25.9028 25.654 24.8083 23.9812 36.9897 23.9797 23.2247 27.0563 21.2453 20.9192 23.0684 20.4768 20.2575 20.0255 19.5578 20.9597 21.8508 18.7666 18.1476
threshold=0.034238180145621307 0 0.070737410336732878 14.500000000000002 1 0.014388239942491056 2 0.19646377861499789 4.5000000000000009 3 4 1301.5000000000002 50.750000000000007 5 6 7.5000000000000009 38.500000000000007 7 8 33.049999237060554 3939.5000000000005 509.50000000000006 154.50000000000003 2.5000000000000004 6.5000000000000009 4242.5000000000009 58.250000000000007 9 10 11
decision_type=2 9 2 2 9 2 9 2 2 9 9 2 8 9 9 2 2 9 9 10 2 2 2 2 2 2 10 9 9 9
left_child=3 13 11 5 -4 29 19 8 10 12 -6 -3 -10 -2 -11 -16 -12 -13 -19 -7 -17 22 -22 -8 -21 -9 27 -27 -5 -1
right_child=1 2 4 28 7 6 23 25 9 14 16 17 -14 -15 15 20 -18 18 -20 24 21 -23 -24 -25 -26 26 -28 -29 -30 -31
leaf_value=0.055255148449807001 -0.045216760390196599 -0.052501291875051606 -0.053976129558697183 0.056689515107069322 0.040135619024790598 0.20562327695853436 -0.022433349307725187 0.026320822258065171 -0.0035152535097936043 0.080404304261297854 0.0084314376347164304 -0.030905035763308383 0.17370079054057977 0.070425353153842712 -0.065453012578406911 -0.056830628639322901 -0.035779824388428957 0.047290088816581421 -0.0057433475810527782 0.24133159156251219 0.018599744349084135 -0.040826626775891786 0.14715751675885366 -0.057916333144404732 -0.0038134336112849321 -0.046693750012297253 0.10227787322631238 0.0097532398500349594 -0.071466450987798219 -0.077056490211637532
leaf_weight=7.2901458404958248 16.828337863087654 135.9514668378979 134.56037963926792 7.7261965498328209 249.1758693754673 11.600298870354889 1410.7432539202273 1658.5673193782568 13.527950204908846 12.034123480319977 6152.5469035208225 342.1044521164149 20.619221638888121 232.6825701482594 176.08778128772974 63.907659579068422 125.17720948159695 92.104033326730132 1669.1272550113499 4.0476790573447969 131.34966611862183 65.364263322204351 13.680247254669665 181.60842494294047 18.852832091972232 66.033398143947124 22.529009148478508 702.01947932690382 530.12508120201528 219.50813649781048
leaf_count=361 161 2638 1464 310 2329 302 43476 7527 152 89 61322 7161 120 2045 2429 814 1289 1616 32148 106 1661 849 104 5660 495 399 119 4122 26244 11581
internal_value=-0.000612493 0.00697155 0.0057732 -0.0389718 0.0095017 -0.0299977 -0.0238962 0.0104494 0.00708112 -0.0162396 0.00885538 -0.0101973 0.0800509 0.061184 -0.0245503 -0.0290401 0.00753786 -0.00746296 -0.00271862 0.0739364 -0.00672359 0.00849652 0.0307262 -0.0263149 0.0395161 0.0201512 0.0072079 0.00441924 -0.0699002 -0.0737648
internal_weight=14487.5 12096 11846.5 2391.5 9607.18 1853.65 1626.85 9472.62 7023.47 496.571 6526.9 2239.29 34.1472 249.511 462.424 450.39 6277.72 2103.34 1761.23 34.5008 274.302 210.394 145.03 1592.35 22.9005 2449.15 790.582 768.053 537.851 226.798
internal_count=219093 130558 128352 88535 84789 61981 50039 83325 71158 6218 64940 43563 272 2206 5946 5857 62611 40925 33764 903 3428 2614 1765 49136 601 12167 4640 4521 26554 11942
cat_boundaries=0 71 146 221 222 297 298 299 374 375 376 451 462
cat_threshold=0 0 262144 0 0 0 0 0 0 2 0 1073741824 16777216 0 0 0 256 131072 0 0 0 0 0 0 4198400 4 0 0 0 134217728 4096 0 0 131104 2147483650 0 8388616 0 2097152 0 0 0 67174400 0 24 0 0 0 0 2147483648 16777216 0 0 0 0 0 67108866 0 0 67108864 0 33816576 0 0 2 0 0 0 0 0 128 64 0 67108864 0 144 0 0 536870912 0 0 512 0 8388608 0 0 0 603979776 0 0 0 128 268435456 264192 0 512 1 1073741824 0 0 0 0 0 0 0 0 0 128 0 0 0 4194308 0 0 0 0 0 256 0 0 1 0 0 0 0 0 0 0 0 16384 0 0 1024 2147483648 0 32768 0 1049616 16 0 0 0 0 2147483648 16384 67108864 0 0 262144 0 0 0 0 0 0 1056 0 0 0 0 131072 0 32768 0 0 0 0 65536 0 0 0 0 0 0 0 0 0 0 0 268435456 2 512 8388648 2097152 268435456 0 0 0 0 0 1048576 65536 0 2147483656 0 2147483904 0 0 0 1024 0 0 0 134217728 16384 0 0 0 2097152 0 0 0 4194304 16 0 0 0 0 512 268435584 64 1536 0 0 0 134283264 33554432 0 0 0 1024 1024 0 536903680 0 16 0 0 0 8192 0 0 0 67108864 0 0 0 16 65536 33554432 0 0 0 0 0 0 0 1073741824 32 0 0 262144 0 0 0 0 0 1048578 0 2147483648 0 0 1073741824 8192 0 0 0 8 0 72 32 0 0 16 0 0 1024 0 0 0 0 0 32 0 0 2097152 163840 67108864 1 0 0 0 65536 0 0 0 0 1024 1056 131072 0 0 0 0 0 0 0 0 0 136314882 0 0 0 0 0 65536 0 0 0 0 0 0 268435456 0 1073741824 128 0 1024 262144 0 0 0 16777216 1048576 2 0 8 0 0 0 0 131072 4194304 0 0 0 16777216 0 0 0 1024 0 0 8192 0 0 33554432 0 0 32 0 1024 268435456 2129920 1410 13056 0 0 0 134217728 0 0 0 256 0 0 0 0 0 32768 0 0 0 0 0 0 0 0 0 0 0 0 0 0 0 0 0 0 0 0 0 524288 0 0 0 0 4194304 0 0 0 0 0 0 0 0 0 0 0 0 0 0 0 0 0 0 0 0 67108880 0 0 32768 0 0 0 8388608 0 0 0 0 16384 64 0 2214592512 128 67108864 0 2097216 268435456 131072 0 0 1073741856
is_linear=0
shrinkage=0.1


Tree=19
num_leaves=31
num_cat=16
split_feature=18 18 3 13 13 3 13 30 20 18 13 20 3 30 3 13 13 3 17 13 29 3 30 16 3 30 3 29 3 30
split_gain=368.149 72.1682 70.0518 60.939 50.9825 40.2563 38.3161 36.6412 33.9685 33.201 29.5571 26.3931 27.4987 25.2672 24.5355 23.0139 22.3921 34.9588 22.2125 21.2024 22.759 53.6368 25.5172 33.1145 20.2355 19.4069 41.6497 29.7225 41.6549 26.1717
threshold=0.047626268118619926 0.023266430944204334 0 1 2 3 4 4073.5000000000005 3.5000000000000004 0.083406638354063048 5 35.500000000000007 6 1.0000000180025095e-35 7 8 9 10 25.650000572204593 11 0.024598307907581333 12 4550.5000000000009 13.500000000000002 13 1597.5000000000002 14 0.13217660784721377 15 1301.5000000000002
decision_type=2 2 9 9 9 9 9 2 2 2 9 2 9 2 9 9 9 9 8 9 2 9 2 2 9 2 9 2 9 2
left_child=1 6 7 -4 5 -5 -1 -2 14 15 18 19 -13 -11 -8 -6 17 -15 -3 -12 21 22 -21 -24 -22 26 -18 28 -28 -30
right_child=2 10 3 4 9 -7 8 -9 -10 13 11 12 -14 16 -16 -17 25 -19 -20 20 24 -23 23 -25 -26 -27 27 -29 29 -31
leaf_value=0.04555618345608687 0.043013526614099233 0.25422827971352713 -0.053749333230793041 -0.02847747796786107 0.066610187402293949 0.094570282879303372 -0.0027151996349801611 0.010351058857730151 -0.085726387124380243 0.14146718294917915 -0.065212358155823366 0.02733276705329294 -0.066173647440487648 0.076735693556214138 -0.056164730390305465 -0.0046171048372852302 -0.014774247755705745 0.0096871908910651072 0.033351735200015838 0.044690130048982611 -0.00588432752487748 -0.026922068758357804 0.3351148875822576 0.014827062324235158 -0.03141162100437643 0.0046075819164969924 0.0031573494048699122 0.016151437441063298 0.069032688186624419 0.16563782635622859
leaf_weight=31.973618671298027 787.78104593604803 4.9925065077841282 165.27981504239142 34.562640588730574 36.085873238742352 103.75499115139246 122.41854032687843 608.94478055089712 327.92073598876595 14.344172947108744 89.134650941938162 35.384428430348635 213.60386000573635 113.58574645221233 385.12815569154918 3102.0642160773277 270.05583970248699 238.71581788733602 51.718563165515661 111.59066973999143 505.19414346478879 179.59640738926828 7.2439726181328279 5.8227318711578846 874.96369731985033 5147.3273632116616 112.84549100697041 525.86112629249692 155.48635835573077 34.214389607310295
leaf_count=1393 3675 97 2185 313 415 836 5082 3250 18480 84 2559 1231 10005 772 18219 47915 2174 2098 1107 3114 12806 5555 149 143 24796 44434 885 3453 1202 260
internal_value=-0.000449429 -0.0319719 0.00766231 0.00472487 0.0057555 0.0639763 -0.0562011 0.0285688 -0.0599234 0.0048649 -0.0218637 -0.0238393 -0.0544451 0.0088898 -0.044433 -0.00360051 0.00860158 0.0328257 0.0448822 -0.0196769 -0.0167805 0.00787688 0.0557036 0.19239 -0.0223378 0.00717115 0.0192492 0.0301549 0.0554914 0.0821271
internal_weight=14397.6 2946.69 11450.9 10054.2 9888.9 138.318 867.441 1396.73 835.467 9750.59 2079.25 2022.53 248.988 6612.44 507.547 3138.15 6598.09 352.302 56.7111 1773.55 1684.41 304.254 124.657 13.0667 1380.16 6245.79 1098.46 828.407 302.546 189.701
internal_count=218687 104736 113951 107026 104841 1149 43174 6925 41781 103692 61562 60358 11236 55362 23301 48330 55278 2870 1204 49122 46563 8961 3406 292 37602 52408 7974 5800 2347 1462
cat_boundaries=0 21 95 169 190 263 338 361 385 460 535 557 624 648 671 692 713
cat_threshold=131072 1090519040 8388736 0 0 0 0 0 134225920 0 0 1073741824 8388608 65537 0 0 8416 17301504 587206848 163842 360576 0 1024 67108864 65536 144 0 0 0 0 0 512 0 0 1073741824 0 0 67108864 0 0 0 128 0 264192 0 512 1 0 0 0 0 0 0 0 0 0 0 0 0 0 8 0 0 65536 16777216 0 0 256 8 0 1 16 2048 64 0 0 0 16777216 0 16448 0 33554432 67108864 0 262144 32768 0 1024 0 0 0 0 0 2147483648 16384 0 0 262144 536870912 0 0 134217728 65538 524416 0 0 1073741824 16777216 0 0 0 256 0 0 0 0 0 0 0 4096 0 0 33554432 0 134217728 0 8192 0 0 2147483650 0 8388640 8388608 0 0 0 0 536870912 0 0 0 0 0 0 256 0 1024 0 0 0 0 67108864 0 0 0 0 33816576 0 0 1026 0 0 0 0 0 0 0 0 268435456 0 0 0 0 0 0 0 131072 0 0 1048576 2222981120 64 0 0 1048576 0 67108864 0 524288 6291456 0 0 0 16 0 0 0 262144 0 1024 0 0 0 32896 0 0 32768 0 0 0 0 262144 0 0 0 0 16777216 33554432 0 0 0 0 0 268435456 0 0 0 2097152 268435456 0 0 0 0 0 1048576 128 0 2147483648 0 4194305 1073741824 0 0 2147483648 0 0 2 0 16384 0 0 1024 0 0 32768 0 4194304 0 8388608 0 0 0 16778240 0 0 262144 134217728 0 0 0 256 134217728 32 0 0 0 32768 0 0 0 0 0 0 2 0 262144 0 0 20 0 0 0 0 0 0 0 0 2 512 40 0 0 0 4194304 0 0 0 0 1048576 0 2147483656 0 2147483649 0 0 64 0 0 0 2 134217728 64 0 0 0 0 0 0 16 4194304 0 8388608 0 0 0 0 268451968 32768 3288334336 671088640 0 1 0 3254796288 536870912 4096 33554432 16812288 0 0 0 0 0 0 0 256 2 0 0 0 589826 0 0 0 0 0 0 0 0 0 69276176 1 0 0 0 0 0 0 0 0 0 0 1358968832 2847328329 141 0 0 0 0 0 0 0 262144 0 0 0 0 0 16 131072 0 536870912 131072 0 0 0 67108864 0 0 268435456 4 0 0 0 0 0 33554432 0 0 0 0 0 0 0 0 4194304 0 0 0 0 0 0 134217728 0 0 0 0 0 0 0 0 0 72 32 0 1 16 0 8388608 8192 16 0 0 0 0 0 0 512 0 67240000 0 0 0 134217728 33554432 0 0 0 134226944 1024 0 0 0 0 0 16777216 0 0 0 128 134217728 0 0 0 4194304 16 16777216 0 0 0 0 0 0 268435488 0 4194304 8 2097152 2097152 262144 0 0 0 0 1048576 0 0 0 0 2147483648 1073741824 0 0 4194304 131074 0 2 1 0 0 0 0 2097152 0 0 0 512 0 0 0 0 0 0 2048 32768 0 0 0 0 0 0 131072 131072 32768 0 0 10487808 264 8 0 65536 0 0 0 0 67108864 32 0 0 0 0 0 0 0 0 1024 0 0 0 0 2147483648 0 0 0 0 0 0 136314880 0 0 0 4194304 1 16777216 33554432 0 0 0 33554432 0 0 0 1073741824 0 0 65536 262152 0 0 0 0 0 524290 16777216 0 0 0 0 0 0 0 2 0 0 0 2147483648 0 32 67108880 0 32768 0 0 512 1082130432 134217732 0 0 0 1073741824 68157464 268960000 131072 32777 266368 8 0 4 0 0 0 0 3 0 0 2149580800 33620996 512 2147485696 536870912 536871424 67728 8 32770 2961178660 0 50855936 268435456 1073745920 0 2 0 536870912 0 0 268435456 0 0 0 10485760 33558528 0 268436480 33554432 0 0 0 0 0 32768 0 0 2048 0 4194448 0 536936448 136318993 201339904 40960 513 19488 98432 256 0 0 0 0 0 0 0 0 0 16777472 4210688 2097408 0 1051136 268435456 294912 0 67108864 35655684
is_linear=0
shrinkage=0.1


Tree=20
num_leaves=31
num_cat=17
split_feature=18 13 3 18 3 13 20 3 15 18 13 16 28 3 3 13 13 2 5 3 12 30 1 1 3 23 29 15 29 28
split_gain=289.104 74.0949 73.8074 64.7975 59.3715 51.4803 46.2417 36.1489 36.0569 29.5486 25.9183 26.3188 25.0555 24.9588 20.6552 20.3038 20.166 20.012 19.9015 22.2373 23.4273 24.7117 19.8431 19.736 19.6319 33.6026 59.2657 24.9434 62.4057 31.4441
threshold=0.034238180145621307 0 1 0.017059545964002613 2 3 23.500000000000004 4 5.5000000000000009 0.088938668370246901 5 4.5000000000000009 0.039049755781888969 6 7 8 9 10 11 12 13 228.50000000000003 14 15 16 1.0000000180025095e-35 0.017089337110519413 1.0000000180025095e-35 0.023273834958672527 0.033760923892259605
decision_type=2 9 9 2 9 9 2 9 2 2 9 2 2 9 9 9 9 9 9 9 9 2 9 9 9 2 2 2 2 2
left_child=3 2 -2 17 -3 -6 10 -7 9 16 11 -5 24 -14 -10 -11 -9 -1 19 -17 -21 -22 -4 -18 25 -12 -27 28 -28 -29
right_child=1 4 22 6 5 7 -8 8 14 15 12 -13 13 -15 -16 18 23 -19 -20 20 21 -23 -24 -25 -26 26 27 29 -30 -31
leaf_value=0.055976067769937715 -0.048195020973283847 0.025636429798407297 -0.027411019426159478 0.29660079388616351 -0.067936490833847979 -0.036010292686477353 -0.062353304590782622 0.04096532571974696 0.046459801017789237 -0.014228252441142392 -0.0090005031955907068 0.040675549447853926 0.0060191436077224273 -0.060642766799284611 0.0058855633361455982 -0.0025298547735716449 -0.042344113523314603 -0.073851495728116154 -0.052162195945428362 0.032041456495413088 0.052101394062857534 0.0077085135250190119 0.1070818070912128 -0.0047090739267497544 -0.020930619290363231 0.42725826041559545 0.55181534826997469 -0.022763402036824865 0.042011529649194107 0.2899021479183474
leaf_weight=8.476286889985202 42.717711847275496 1153.360343599692 14.060103906318545 4.7261705687269595 94.694594597443938 228.0294712819159 296.97952317632735 83.029301587492228 285.55113253928721 443.05152053385973 184.0084140766412 26.82740700058639 77.870698501355946 242.4944364130497 239.45088527724147 1419.6732334494591 135.81046710535884 374.14367634057999 45.208992414176464 503.60575236752629 129.75149305164814 3733.5667577385902 146.75816166587174 3436.5145744774491 953.98303357791156 4.5192915638908735 3.1995072066783896 33.397205390036106 9.6227919310331327 3.5592621285468331
leaf_count=423 335 5512 173 116 1441 3497 16001 1170 2934 3760 5779 719 2390 7633 2730 13367 2133 22478 313 3855 785 29147 1093 58144 31000 163 88 1048 310 114
internal_value=-0.00085085 0.00522353 0.0636226 -0.0339974 0.00417048 0.00185175 -0.0262159 0.00253329 0.00340754 0.0020605 -0.019266 0.059995 -0.021176 -0.0461444 0.0289511 0.00622394 -0.00508655 -0.0714426 0.00778877 0.00834633 0.0118798 0.00917572 0.094407 -0.00625407 -0.0146446 0.0109387 0.0805243 0.0490452 0.169221 0.00734929
internal_weight=14358.6 12134.8 203.536 2223.81 11931.3 10777.9 1841.19 10683.2 10455.2 9930.21 1544.21 31.5536 1512.65 320.365 525.002 6274.86 3655.35 382.62 5831.81 5786.6 4366.92 3863.32 160.818 3572.33 1192.29 238.306 54.2981 49.7788 12.8223 36.9565
internal_count=218651 130389 1601 88262 128788 123276 65361 121835 118338 112674 49360 835 48525 10023 5664 51227 61447 22901 47467 47154 33787 29932 1266 60277 38502 7502 1723 1560 398 1162
cat_boundaries=0 72 91 115 188 212 286 309 331 407 482 493 494 515 516 517 518 542
cat_threshold=0 0 262144 536870912 33554432 0 134217728 0 134742016 0 0 1073741824 16777216 131072 0 0 0 131072 0 0 0 67108864 268435456 0 4194304 0 0 0 0 134217728 4096 8192 0 0 0 0 8388616 0 1024 0 0 0 604045312 0 8 0 16777216 0 0 0 16777216 0 0 0 0 0 67108864 0 0 67108864 0 33816576 0 0 2097152 0 0 0 0 0 128 4096 0 0 0 512 0 0 0 131072 268443648 0 1048576 2225078272 2147516480 0 0 1048576 2 67108864 536870912 32768 1073741824 8388736 0 0 0 0 0 134225920 0 0 2048 12599296 2105345 0 0 402653186 290816 587206784 65538 1065092 0 0 262144 64 1024 67108864 65552 144 0 65536 536870912 0 0 512 0 0 0 0 0 603979776 0 0 0 0 0 0 32768 512 0 0 0 0 2147483648 0 0 0 0 0 0 0 0 268435456 0 1048576 0 0 17825792 0 0 0 8192 16777216 0 0 0 131136 0 0 0 0 0 16384 0 0 1024 0 0 0 0 0 0 0 0 0 0 2147483648 2048 16777216 4096 32768 2147483648 268976131 33432 16777216 0 0 131072 0 33554432 19488 1073741824 0 131072 2048 32840 1 0 2 0 1024 0 0 262144 0 0 0 0 0 0 32 0 134217728 0 16 131072 0 36864 0 0 0 2 0 0 0 0 0 0 0 0 134217728 0 8192 0 268435456 0 1073742336 8388640 0 0 0 0 0 0 16777216 1048576 0 0 0 0 2147483649 0 0 0 0 0 0 0 136314880 16384 0 0 1024 0 0 16384 16 0 0 0 0 0 0 512 268435584 536870912 8388608 0 0 0 2052 4194304 0 0 33620489 0 8 2 0 0 0 0 0 2 0 0 0 2499937289 33554432 2 536887297 2097668 0 0 131072 131072 16777216 0 1074798592 3229614080 397444 0 0 1082130432 0 0 0 0 0 32 0 0 0 0 32768 0 0 0 0 0 131072 0 0 16 0 0 0 0 0 0 0 268435456 264192 0 0 4 0 0 0 1048576 0 0 0 0 0 4194304 32 0 0 0 4 33554432 0 0 0 524290 0 2147483656 0 0 0 0 0 0 0 0 8 64 0 0 33554464 0 0 8388608 16384 65536 0 0 545259520 0 4194336 0 1024 0 64 2048 0 0 0 0 0 0 0 0 0 0 0 32768 4096 16 131072 0 256 0 0 0 0 0 262144 0 268435456 4 65536 0 0 0 0 0 0 0 0 0 32 0 2097152 0 4194304 33554432 0 0 1048576 1048576 0 2281701376 0 2147483648 0 0 0 0 2 0 1024 72 32 0 0 16 0 0 0 65552 0 0 0 0 0 0 0 268435456 67240000 16777216 2214592512 0 67108864 16 2101312 268435456 0 0 0 1073742336 10 655488 0 33570816 0 0 0 0 8388608 0 0 0 268435456 276 18 0 536871424 2147483681 117441536 8192 201359876 2197536 47814794 68159488 72744985 8388608 134217728 0 0 0 0 2097152 268435456 65536 1212480 4 0 0 4 0 2147483648 0 268435712 0 0 0 1484783616 119898176 512
is_linear=0
shrinkage=0.1


Tree=21
num_leaves=31
num_cat=18
split_feature=18 18 13 3 13 3 23 3 26 3 23 3 15 23 30 13 3 3 3 13 25 23 18 3 13 29 3 6 12 3
split_gain=250.397 64.0429 54.9696 52.0322 55.1929 48.0353 45.3442 63.9775 37.7788 78.625 61.4924 44.7479 43.0239 37.4235 34.6364 33.1805 38.9075 29.4592 28.9089 29.399 27.5044 26.985 25.7136 25.9713 25.3348 27.2527 25.2885 24.4487 24.7776 23.6267
threshold=0.042355967685580261 0.017059545964002613 0 1 2 3 16.500000000000004 4 9.5000000000000018 5 1.0000000180025095e-35 6 5.5000000000000009 2.5000000000000004 4125.5000000000009 7 8 9 10 11 8.5000000000000018 1.5000000000000002 0.075332164764404311 12 13 0.016197931952774528 14 15 16 17
decision_type=2 2 9 9 9 9 2 9 2 9 2 9 2 2 2 9 9 9 9 9 2 2 2 9 9 2 9 9 9 9
left_child=1 -1 -2 -4 5 -5 7 13 11 -10 29 -6 14 -3 15 26 -17 21 27 -20 -15 -14 23 -18 25 -9 -13 28 -16 -11
right_child=2 6 3 4 8 -7 -8 24 9 10 -12 12 17 20 18 16 22 -19 19 -21 -22 -23 -24 -25 -26 -27 -28 -29 -30 -31
leaf_value=-0.067942095167030425 -0.050742113900927047 0.0059367867003808066 0.021251834515391477 0.1092471361902365 -0.032226891923865533 -0.0021068730915754963 -0.073537101655689274 0.2311895166350417 -0.038135385766688727 0.068885211299312896 -0.02107407799360524 -0.047882933837767386 0.052227230299996402 -0.056267104490809267 -0.03038230770973932 0.029089611327919668 0.010875319919584292 0.0087397894735825998 0.050734441293727534 -0.0095507443682835841 0.061438525010242918 0.15854258272333202 0.010590110392035636 -0.046612257649498924 -0.041011703296740643 0.0061202956941140531 0.006524027579372889 -0.017203189854300801 0.032063215087422409 0.014243444134509689
leaf_weight=356.09435170516372 159.09398893266916 945.11944052949548 2024.6540393903852 84.89433166757226 299.00745897181332 74.207312282174826 159.85883318539709 7.1571511859074262 631.59629674628377 149.08130471408367 309.56868180446327 151.19474270567298 181.90850402414799 169.55299345683306 66.482557687908411 1144.1572082880884 145.11112776771188 205.55800122022629 73.900105057284236 2528.0082615446299 22.484757898375392 27.481027165427804 2245.9492288157344 159.28830263949931 882.44320116564631 21.666100944392383 182.90041324868798 182.55214585363865 505.25005008280277 194.38058415986598
leaf_count=22842 2042 27598 12143 837 4423 900 10056 237 8270 1468 3584 1523 1902 5761 781 10343 2546 1985 849 30526 843 275 20115 2914 31661 608 1775 2041 5855 2009
internal_value=-0.000282146 -0.0285881 0.005908 0.00672522 0.00362404 0.0602568 -0.0222421 -0.018239 0.00260067 -0.0133284 0.0110788 0.00513055 0.00659553 -0.00222101 0.00484346 0.0110944 0.0138088 0.0379359 -0.00265982 -0.00765082 -0.0424855 0.0631639 0.00686657 -0.0203812 -0.0377886 0.0460358 -0.0187738 0.0144663 0.0248313 0.0403813
internal_weight=14290.6 2564.38 11726.2 11567.1 9542.48 159.102 2208.28 2048.42 9383.38 1284.63 653.031 8098.75 7799.74 1137.16 7384.79 4028.6 3694.51 414.948 3356.19 2601.91 192.038 209.39 2550.35 304.399 911.266 28.8233 334.095 754.285 571.733 343.462
internal_count=218712 99606 119106 117064 104921 1737 76764 66708 103184 15331 7061 87853 83430 34202 79268 39216 35918 4162 40052 31375 6604 2177 25575 5460 32506 845 3298 8677 6636 3477
cat_boundaries=0 74 98 172 194 217 238 260 335 357 379 400 475 499 574 596 597 598 620
cat_threshold=0 1024 67108864 65536 144 0 65536 0 0 0 0 0 0 0 0 0 67108864 0 0 0 2097280 268435456 2048 0 0 0 0 33554432 0 1073741824 0 0 0 32768 0 0 536871072 0 2147483648 8 0 0 0 16777216 0 0 256 8 0 131072 16 0 131072 0 0 0 0 0 16384 0 8388608 0 2147483648 0 0 0 16 0 0 0 0 0 2147483648 16896 32768 1090519040 4194432 0 0 0 0 0 32768 0 0 32 8405016 1 0 65536 1 278528 587206848 196611 67716 0 0 262144 0 0 0 671088640 33554432 0 134217728 2 134217728 0 0 1073741824 16777216 131072 131072 0 0 0 0 0 0 0 0 0 0 16 0 2147483648 0 134217728 4096 8192 0 0 0 0 0 8388864 2098176 0 0 0 0 0 16 0 0 0 0 0 0 0 0 4194304 0 8 67109888 2097160 0 0 0 0 2097152 0 0 0 0 0 0 0 128 4096 0 128 268959744 33554432 16384 0 0 0 0 131072 8192 0 8192 3229614080 721540 8 0 8388608 0 0 0 0 67108864 32 3363831872 4 536870912 0 0 33554436 4194304 2097152 16777216 1024 315392 8 0 4 0 0 0 0 0 0 0 0 67175424 301989888 37748738 33570816 2097158 0 0 131072 0 8192 0 134217728 3860858880 1704516 8192 0 8388608 0 0 16 0 67108897 0 256 139264 2048 0 1212235776 269058368 8704 0 0 0 256 2097152 17408 2097152 2052 134479872 33555976 0 0 4096 128 0 0 0 0 0 0 0 536870912 8192 0 131584 0 0 0 0 0 0 0 0 0 134217728 0 262144 0 4194816 0 0 0 0 0 0 33554432 0 0 0 1073741824 0 0 16 0 0 0 65536 0 1048576 0 0 2281701376 0 1024 0 0 0 0 2 0 2 1 2147483648 0 0 67108864 0 0 17408 0 1049600 0 8388608 0 4194304 0 0 268437504 8388608 128 4194304 2155888640 0 0 0 0 0 8192 0 2048 1084229632 5739108 0 0 0 2149580800 524288 16 0 1048577 2097152 33554432 4194304 16385 2097668 0 0 131072 131072 0 0 1048576 3766484992 492228 0 0 1073741824 0 0 0 0 0 32 33554432 2 0 6 0 0 84017152 12714112 167780352 0 134283264 369098752 536871428 8192 0 0 0 2147483648 0 0 67108864 0 0 0 0 0 0 0 0 8192 1024 0 0 0 2147516560 0 0 0 0 0 0 0 0 0 0 512 4 65536 0 0 0 0 0 0 0 0 0 0 0 0 0 4194304 0 0 0 1048576 0 0 2281701376 0 256 1073741824 1024 0 0 2 0 16777216 64 2147483648 0 0 16 0 0 2 0 0 0 0 0 32 0 0 268437504 69206080 16777216 33554434 4098 2098182 2147484672 562037248 544 1024 100925440 0 134217728 0 67108864 512 0 0 0 1073741824 134217728 0 0 0 0 65536 0 0 0 0 0 0 0 262144 0 32 0 0 0 32896 131072 0 0 0 0 0 0 0 0 0 0 0 16777216 33554432 0 0 0 0 0 0 0 0 136 0 268435456 0 0 0 0 0 1048576 1048576 0 0 0 256 1073741824 0 0 0 0 512 0 0 16448 0 32 1040 0 0 32768 0 1048576 0 8388608 0 0 0 512 268435456 64 0 4194306 2181038080 512 0 0 0 0 0 0 1056768 3944742912 4892033 0 0 8388608 0 67633152 0 0 262144 32 1 110854408 0 0 1 512 0 0 0 131072 301989888 0 1056768 0 1056 8 0 0 32 34079744 4194304 0 4096 32
is_linear=0
shrinkage=0.1


Tree=22
num_leaves=31
num_cat=10
split_feature=18 18 13 13 13 23 18 30 18 13 23 26 23 9 20 23 13 0 18 28 12 9 26 30 30 30 13 26 23 23
split_gain=206.547 58.8471 58.5123 46.5967 42.7357 43.3115 30.2335 28.0406 21.7602 20.7146 20.0502 22.7003 22.0652 19.3868 36.4136 30.4829 20.4903 18.9888 25.9122 18.6663 18.5187 19.6095 18.584 16.9122 16.5045 18.4095 15.9263 15.8316 59.7719 36.8523
threshold=0.042355967685580261 0.017059545964002613 0 1 2 21.500000000000004 0.12361359223723413 4003.5000000000005 0.48488573729991918 3 1.0000000180025095e-35 6.5000000000000009 9.5000000000000018 4 60.500000000000007 48.500000000000007 5 6 0.093102216720581069 0.039049755781888969 7 8 1.5000000000000002 3950.5000000000005 3950.5000000000005 1597.5000000000002 9 7.5000000000000009 1.0000000180025095e-35 1.0000000180025095e-35
decision_type=2 2 9 9 9 2 2 2 2 9 2 2 2 9 2 2 9 9 2 2 9 9 2 2 2 2 9 2 2 2
left_child=1 -1 17 -4 -3 19 9 8 24 -5 26 12 -12 14 -11 16 -15 -2 -19 20 -6 22 -22 -10 25 -8 -9 29 -29 -18
right_child=2 4 3 6 5 -7 7 10 23 13 11 -13 -14 15 -16 -17 27 18 -20 -21 21 -23 -24 -25 -26 -27 -28 28 -30 -31
leaf_value=-0.065914793541984901 -0.025766673447277774 0.069485253544561282 -0.055701596177268144 -0.035339158776782696 -0.053772232079332363 -0.079066139907292887 0.020039065598842803 0.066046825021461961 0.071142192257372894 0.011442931673074728 0.016117814950592016 -0.034439465736207861 -0.029847010490679695 0.042841602255725038 0.11696078116022766 -0.075573670838362528 -0.0020105102478481709 0.023571859294280403 0.11872577963187368 -0.034806307219115394 0.079828682715893273 -0.012909009945739939 -0.024588406136375737 0.014387653329119947 0.038753994864267755 -0.0016847806726709336 0.0074373256775182237 0.016350771927161441 -0.037665101249564292 0.021630872941907173
leaf_weight=334.08643114008009 19.800259105861187 42.397552286274731 119.43195861391723 152.10323066823184 95.576744866557419 129.16291769780219 1044.5636340081692 37.745015755295753 133.42282538115978 177.79949771426618 348.41986665129662 253.21110013872385 149.14278030022979 101.87287424691021 40.07657322101295 53.213453304022551 4097.7864717431366 43.230998214334249 84.669603101909161 558.77400919795036 47.372022859752178 1260.3631752766669 26.624977465718985 86.573138415813446 265.88940852880478 622.60633205622435 2349.4674604833126 374.82508561573923 451.77184593304992 785.79262960702181
leaf_count=22876 173 1121 1678 2157 3558 8915 5681 224 589 2226 2204 1811 975 1263 383 1228 53960 478 474 18140 1576 42443 906 349 1442 3579 15358 5070 7006 11166
internal_value=-0.000713229 -0.026857 0.00481628 0.00398918 -0.0208167 -0.0228446 0.00465543 0.0102192 0.0190079 -5.83769e-05 0.00418911 -0.0100645 0.00234001 0.000880433 0.0294982 -0.000231026 0.000458392 0.0653367 0.0802861 -0.019308 -0.0132518 -0.00987247 0.0372273 0.0488081 0.0156164 0.0119263 0.00867184 -0.000372124 -0.0131713 0.00179351
internal_weight=14287.8 2494.36 11793.4 11645.7 2160.27 2117.87 11526.3 5291.04 2153.06 6235.24 3137.99 750.774 497.563 6083.14 217.876 5865.26 5812.05 147.701 127.901 1988.71 1429.94 1334.36 73.997 219.996 1933.06 1667.17 2387.21 5710.18 826.597 4883.58
internal_count=219009 99535 119474 118349 76659 75538 116671 32212 11640 84459 20572 4990 3179 82302 2609 79693 78465 1125 952 66623 48483 44925 2482 938 10702 9260 15582 77202 12076 65126
cat_boundaries=0 71 147 221 291 292 367 368 369 370 443
cat_threshold=0 0 0 0 33554432 0 1207959552 65538 128 0 0 1073741824 16777216 0 0 0 256 0 0 0 0 0 0 0 0 0 0 0 0 134217728 0 8192 0 32 2147483648 0 8388608 8388608 2098176 8 0 0 65536 0 0 0 0 0 0 2147483648 16777216 1024 0 0 0 0 67108864 0 0 67633152 0 33816576 6 0 0 0 0 0 0 0 128 0 0 67108864 65536 144 0 65536 0 0 0 0 0 0 0 0 0 67108864 0 0 0 128 0 0 0 512 0 1073741824 0 0 0 0 0 0 0 0 0 128 0 268435456 0 0 0 0 16777216 0 0 0 8 0 0 16 2048 131136 0 0 0 0 0 16384 0 8388608 0 0 0 16384 0 1024 0 536870912 0 536870912 131072 2147483648 18944 0 2048 0 0 0 134217728 0 16777216 0 0 0 0 0 0 0 32768 0 0 0 0 0 0 2 0 0 0 0 4 0 0 0 0 0 134217728 0 268435456 2 0 8 0 0 0 0 33554432 65536 0 0 1048576 0 520 0 2147483649 0 8192 0 0 268435456 0 2 134217728 16448 0 0 1040 0 0 0 0 0 0 8388608 0 0 0 0 16384 0 0 0 0 0 0 0 536870912 1024 0 0 0 0 0 0 0 1310720 0 0 0 0 268435456 0 0 0 0 0 0 0 1073741824 4096 0 268435456 268435456 0 0 48 0 16 512 2147483648 0 0 0 0 0 0 0 16777216 0 0 8192 0 0 0 131072 2 9 0 0 33554433 67108864 2097152 0 32768 16 1073742336 16 0 134217728 1552 0 0 262144 0 32768 0 0 262144 0 0 0 32768 0 131072 131072 0 0 0 0 0 0 67108864 262144 0 4096 4 0 0 0 0 0 33554432 0 0 0 1073741824 0 0 0 0 256 0 16 0 0 1048576 0 0 0 0 0 8388608 0 0 163840 8 16778240 0 2147483648 0 32 0 0 0 0 0 0 0 0 0 32 4194304 512 2097280 10616832 1 10609936 17420 0 0 0 0 0 0 0 0 0 0 0 0 0 16 0 0 0 0 0 0 0 0 0 0 0 0 0 33554432 0 0 0 0 0 0 0 1073741824 0 0 0 0 0 0 0 0 1048576 0 0 0 0 0 0 0 0 4194304 2 0 2 0 0 0 0 0 0 0 1024 0 0 0 0 0 0 0 1024
is_linear=0
shrinkage=0.1


Tree=23
num_leaves=31
num_cat=10
split_feature=18 13 18 13 13 13 26 23 29 23 26 14 13 15 23 23 26 9 30 30 13 23 13 2 29 18 9 30 30 18
split_gain=168.931 74.5809 61.7744 45.3078 44.7586 42.5241 36.9181 42.0539 36.0596 61.4953 43.5568 52.2823 34.31 25.459 24.6384 32.5869 44.8232 25.236 24.224 23.0742 25.7052 24.7966 24.6227 21.4282 20.221 26.6095 19.6823 18.9206 18.834 17.4154
threshold=0.024770003743469719 0 0.070737410336732878 1 2 3 16.500000000000004 1.0000000180025095e-35 0.024598307907581333 1.0000000180025095e-35 1.5000000000000002 5.5000000000000009 4 1.0000000180025095e-35 5.5000000000000009 1.0000000180025095e-35 1.0000000180025095e-35 5 3883.5000000000005 4003.5000000000005 6 8.5000000000000018 7 8 0.021130540408194069 0.028781771659851078 9 4014.5000000000005 4434.5000000000009 0.48488573729991918
decision_type=2 9 2 9 9 9 2 2 2 2 2 2 9 2 2 2 2 9 2 2 9 2 9 9 2 2 9 2 2 2
left_child=3 -2 5 -1 -4 -3 8 -8 9 -7 11 13 -10 -11 15 18 -17 -16 -14 22 -21 26 -6 -5 25 -13 -22 -20 -26 -24
right_child=1 2 4 23 19 6 7 -9 12 10 -12 24 14 -15 17 16 -18 -19 27 20 21 -23 29 -25 28 -27 -28 -29 -30 -31
leaf_value=0.052500868145178285 0.082557727472989756 -0.058551682131184106 -0.057027667478500667 0.071477481983113628 -0.034050420724717367 0.0018830422621426046 0.0035624373973549444 -0.057614862879651924 0.064880874782710332 0.22958275421739624 -0.018116397179606416 0.15521696459219572 -0.042626864509588219 -0.0088174501676738445 0.049937864825293457 0.053600574241342208 -0.024497741706580149 -0.049834587078483518 0.014116337698811819 0.034913065211437319 -0.027415498447179783 -0.026699607294661962 0.011550729436741285 -0.054070100971847036 0.030800926470072317 0.45532643744578155 0.0034296383553894722 -0.01223280185395028 0.23175665555167352 0.040700957760623491
leaf_weight=38.508084759116173 103.38479523919523 164.47669648565352 104.65288691036403 7.4110265141353011 104.93768092617393 230.51091692410409 184.50741501711309 287.36859787628055 54.206026134081185 5.6760901762172606 22.109431080520153 5.0404001558199507 214.49991863034666 21.248579923994839 22.512127105146646 193.23547852598131 118.58811635151505 211.11695025023073 340.53672618418932 217.24350150302052 205.57765215262771 314.07416842877865 3546.7339168675244 717.51253653783351 6.7066675825044539 7.1390151064842939 5176.5252918973565 1364.4844470657408 15.31140248570591 217.52030105888844
leaf_count=1912 1114 5810 1079 405 882 6491 4187 7771 1032 190 873 217 5081 947 363 4434 2764 8515 7073 1770 1810 3460 28461 42502 259 133 47251 30797 342 938
internal_value=-0.000799641 0.00179584 0.00110807 -0.0465601 0.00513736 -0.010372 -0.00777345 -0.033694 -0.00348334 0.0284862 0.102164 0.145672 -0.00746487 0.0414406 -0.00928135 -0.00608396 0.0238994 -0.0402163 -0.0109547 0.0058547 0.00193219 0.000611982 0.0118647 -0.0518315 0.227737 0.331127 0.0022069 -0.0069702 0.170546 0.0132001
internal_weight=14223.4 13459.9 13356.5 763.432 9887.27 3469.28 3304.8 471.876 2832.92 313.743 83.2316 61.1222 2519.18 26.9247 2464.97 2231.34 311.824 233.629 1919.52 9782.61 5913.42 5696.18 3869.19 724.924 34.1975 12.1794 5382.1 1705.02 22.0181 3764.25
internal_count=218863 174044 172930 44819 85651 87279 81469 11958 69511 9452 2961 2088 60059 1137 59027 50149 7198 8878 42951 84572 54291 52521 30281 42907 951 350 49061 37870 601 29399
cat_boundaries=0 75 148 223 295 370 371 446 517 528 529
cat_threshold=0 0 0 0 0 16777248 0 0 0 0 0 1073741824 16777216 0 0 0 262144 0 0 0 0 0 0 0 0 16 0 0 0 134217728 0 8192 0 32 0 0 40 8388608 0 0 0 0 67108864 0 24 0 0 134217728 0 2147483648 20971520 0 0 0 0 0 67108864 0 0 67108864 0 33554448 4 0 2097152 4096 0 0 0 0 0 0 4194304 268435456 64 0 0 0 16 1024 0 0 262144 0 1056 0 0 0 32896 0 0 0 0 0 0 0 262144 0 0 0 0 16777216 33554432 0 0 0 0 0 268435456 0 0 0 2097152 268435456 0 0 0 0 0 0 1048706 0 0 0 4194305 1073741824 0 0 0 0 0 2 0 16384 0 0 1024 0 0 32768 0 0 33554432 8388608 0 0 0 16778240 0 0 67108864 0 16 0 0 0 0 0 0 0 0 0 0 0 67112960 64 0 0 128 0 264192 0 512 4 0 0 0 0 0 0 0 32768 1048576 0 0 0 0 0 1048576 0 0 0 0 524288 256 8192 0 0 16 0 0 2048 0 0 16777216 0 16384 0 33554432 0 0 262144 16384 0 1040 16 0 0 0 0 0 18432 67108864 0 0 0 65536 0 0 0 0 1024 1024 0 0 0 0 0 0 0 0 0 0 136314880 0 0 0 0 0 16777216 0 0 0 0 0 0 0 0 1073741824 0 0 66560 262144 0 0 0 16777216 0 2 1024 0 0 0 0 0 0 4194304 0 0 0 0 0 0 0 0 0 32768 0 0 0 0 0 0 32 4194304 0 0 262144 134217728 32768 0 0 0 8192 0 0 0 0 128 0 0 0 0 0 0 0 65536 264192 0 512 5 0 0 0 0 4096 0 0 0 0 4194304 0 2097152 2147483648 0 4194305 0 65536 0 0 0 0 8 0 1024 0 0 0 0 268435456 0 16778240 0 64 0 0 0 0 0 0 0 0 0 0 0 0 0 512 2048 67272704 1568 0 0 0 0 0 0 0 0 128 0 0 0 0 128 0 0 0 0 0 128 0 0 0 0 0 0 65536 0 0 0 4096 0 0 0 2147483648 1077936128 8388608 0 2098176 8 0 0 65536 0 0 0 0 2147483648 0 256 0 0 0 4194304 2 0 0 8 0 0 0 0 0 0 1024 0 512 0 0 0 0 4194304 0 0 32768 0 0 0 0 0 0 0 0 8192 0 0 0 0 32768 0 0 0 0 0 0 0 0 0 0 0 1 0 0 0 0 0 0 0 0 0 1073741824 0 0 1024 8 0 0 65552 0 0 0 0 2147483656 0 0 0 0 0 4194304 2 0 0 0 0 0 0 0 0 0 1024 0 0 0 0 0 4194304 16777248 2214592512 0 67108864 0 2101824 268435456 0 0 0 1073742336 8194
is_linear=0
shrinkage=0.1


Tree=24
num_leaves=31
num_cat=17
split_feature=18 18 13 3 13 8 3 3 13 3 13 30 3 13 13 29 13 13 20 18 17 30 17 30 3 3 29 3 16 16
split_gain=154.316 64.2538 44.5007 37.3317 36.7702 51.0827 48.0127 37.8512 28.1756 30.1492 34.8229 30.3105 26.8762 24.6006 23.4621 43.0291 23.1474 22.9356 22.2541 26.7293 21.7226 20.8549 20.6854 19.1595 40.3329 33.1938 27.5118 21.4677 22.0328 46.497
threshold=0.024770003743469719 0.082386106252670302 0 1 2 3 4 5 6 7 8 1.0000000180025095e-35 9 10 11 0.011620762292295696 12 13 8.5000000000000018 0.064298436045646681 32.549999237060554 1083.5000000000002 34.95000076293946 4125.5000000000009 14 15 0.024598307907581333 16 11.500000000000002 16.500000000000004
decision_type=2 2 9 9 9 9 9 9 9 9 9 2 9 9 9 2 9 9 2 2 8 2 8 2 9 9 2 9 2 2
left_child=3 4 -3 14 6 7 -2 18 -4 10 -10 -11 13 -7 15 -1 -14 -5 19 20 -6 -18 -20 24 -23 -26 27 28 -25 -30
right_child=1 2 8 17 5 12 -8 -9 9 11 -12 -13 16 -15 -16 -17 21 -19 22 -21 -22 23 -24 26 25 -27 -28 -29 29 -31
leaf_value=0.48984305870959788 0.047843787634586535 -0.060869152288711065 0.055031865445018979 0.050555350853949181 0.12421905086576045 0.10206542361912914 -0.064928344962820392 -0.0064065099836923892 -0.042782081507018122 0.14703032016101361 0.021459698280768848 0.0037498026065732252 0.054592996374749549 0.0061336191785999203 -0.024114526367417888 0.044352396820394026 -0.043920979189054056 -0.066285446337788476 -0.070998873318741232 0.076679724600857826 0.30706192372181734 0.024960941886488522 0.25619275446556211 -0.0080173551245991924 0.00045280217129321077 -0.0445640659836068 -0.023109631886105125 -0.010027225874094312 0.25257210366824828 0.031227688113043953
leaf_weight=2.3606647578999427 40.591571454890072 86.546732641756535 113.20664433762431 13.562698340974746 12.10712514258921 18.189765028655529 205.34831876680255 57.156704787164927 80.494204791262746 14.793366946280001 1727.9485032111406 7571.2248724494129 41.60084087960422 612.59543699864298 239.18559580296278 26.583402516320348 208.38116488233209 445.17989374138415 9.1165886893868429 24.321191046386957 14.024094715714456 380.16118984483182 2.4519059611484399 22.914779134094715 485.66909814998507 239.50746732857078 1344.2375352177769 102.17101244349033 15.240776210092006 25.153777376748621
leaf_count=104 975 984 761 580 243 230 6668 1452 542 80 10611 67448 799 13662 13062 1342 4075 29589 438 361 280 7244 36 681 12222 7023 33480 2558 297 813
internal_value=-4.44292e-05 0.00238006 0.00676382 -0.0449242 -0.00851334 -0.005878 -0.0451736 0.0559369 0.00743568 0.00680422 0.0183807 0.00402391 -0.0081389 0.0104496 -0.0132082 0.0599679 -0.0122536 -0.0618262 0.106303 0.152126 0.222347 -0.0134277 -0.00165164 -0.0110492 -0.00104569 -0.0148191 -0.0183733 0.0201015 0.0607177 0.11474
internal_weight=14182 13455.2 9594.21 726.872 3860.94 3615 245.94 119.178 9507.67 9394.46 1808.44 7586.02 3495.82 630.785 268.13 28.9441 2865.04 458.743 62.0209 50.4524 26.1312 2823.44 11.5685 2615.06 1105.34 725.177 1509.72 165.48 63.3093 40.3946
internal_count=218640 173963 80426 44677 93537 85894 7643 2810 79442 78681 11153 67528 83084 13892 14508 1446 69192 30169 1358 884 523 68393 474 64318 26489 19245 37829 4349 1791 1110
cat_boundaries=0 75 99 173 174 196 212 287 308 383 403 477 552 627 700 723 745 769
cat_threshold=0 0 0 0 16 0 65536 536870912 0 0 512 0 0 0 0 0 67108864 0 0 0 0 0 264192 0 512 4 1073741824 0 0 0 0 33554432 268435456 32768 0 0 128 0 0 0 1048580 0 4096 16777216 0 524288 256 8 0 0 0 0 64 0 0 8 0 0 16448 0 0 0 0 262144 1024 0 1073742848 0 0 0 0 0 2147484160 0 67108864 134217728 2097152 64 0 0 0 0 134217728 0 2064 32768 0 0 0 0 0 0 0 0 0 0 33558528 2729050339 8 0 0 1048576 65536 0 0 0 0 1024 1024 0 0 0 128 0 16777216 0 0 0 0 136314882 0 0 0 4194304 0 16842752 0 0 0 0 0 0 0 0 0 0 0 268500992 8 0 0 0 16777216 1048576 2 16778240 0 0 0 0 2048 131072 4194304 2 0 2 0 2147483648 0 0 0 0 32768 256 0 512 0 0 0 0 4194304 0 268435456 35 805306432 536870912 536870912 1032 268435456 134234112 540672 0 285212672 268435456 1073741824 67108864 69632 16384 0 0 0 0 0 0 0 2147483648 2164260864 171966470 0 0 0 0 0 0 16777216 0 0 67108864 3342850 4 0 1073741824 0 0 0 134217728 0 0 0 0 128 0 0 0 16777216 0 0 0 0 0 0 0 0 0 0 0 0 16 0 0 0 134217728 0 0 0 32 2 0 8388616 0 0 0 0 0 0 0 1048576 0 0 0 0 0 16777216 1024 0 0 0 0 67108864 8 0 0 32 33554432 0 0 2 0 0 0 0 0 0 67108864 0 270532608 64 32768 256 12583040 512 0 0 0 131072 134225920 0 0 33554432 32 3 0 1048576 268435522 16777216 587207040 196611 294916 0 0 0 65536 0 0 0 0 0 0 0 0 0 32768 0 0 0 0 0 0 0 0 0 0 0 0 0 33554432 0 0 0 0 0 0 0 0 32 0 0 262144 0 0 0 0 0 0 0 2147483648 0 0 0 0 0 4194304 2 0 0 0 2147483648 0 0 0 2097152 0 0 65536 0 0 0 0 0 0 0 2048 32768 2048 33554498 2 1048708 0 25494016 872415233 2106624 268435456 0 4096 8 512 16384 0 0 131080 2048 134217736 64 0 0 0 134217728 0 0 0 0 0 0 0 0 0 0 0 0 0 0 0 0 0 0 262144 0 0 1 0 33554432 0 0 0 0 0 0 0 1073741824 8388640 0 1024 0 0 0 0 0 0 0 0 0 0 0 0 0 0 0 0 0 0 0 0 0 0 0 0 0 0 0 0 16 0 0 0 0 0 128 0 0 0 134217728 0 0 0 0 0 1024 0 0 0 32896 0 0 0 8192 0 0 0 0 0 0 0 0 0 0 0 0 0 0 0 268435456 0 1073741824 8388608 2097152 0 8 0 0 0 0 1048576 1048578 0 0 0 256 0 0 0 4194304 0 0 2 16777216 2147483648 0 0 16 0 0 32768 0 4194304 33554448 8388608 0 0 0 0 0 2097152 0 0 262144 0 0 0 0 0 134217728 0 0 1073741824 0 16 131072 0 0 0 0 0 0 65536 0 0 0 4 0 0 0 134217728 0 0 0 0 2 4194304 0 2097152 0 0 4194304 33554432 0 0 0 1048576 0 134217728 0 2147484673 0 0 0 0 268435456 512 0 0 0 0 0 0 0 0 0 0 4194304 16 0 0 0 0 1024 16384 32832 0 0 0 16 1024 0 0 0 0 0 0 0 0 128 0 0 0 0 0 0 0 262144 0 0 0 0 16842752 33554432 0 0 0 0 0 0 0 0 0 0 268435456 0 0 0 0 0 0 0 0 2147483648 0 4194304 1073741824 0 0 0 0 0 0 0 16384 0 0 1024 0 0 32768 0 0 0 0 0 32 0 1024 1350565888 4718592 2147616768 2098186 0 0 4194304 0 117506048 33792 1074006016 67117056 1118208 0 0 0 0 256 0 0 0 2097280 65536 553648128 4 4608 2048 268435456 1073745924 2149648896 128 0 16908289 134217856 0 131074 4 0 1073741824 0 1073741824 2 0 0 8388608 0 5 0 0 0 0 1048576 0 131072 134217728 0 0 1048576 4 0 0 0 0 3 0 0 2 1024 512
is_linear=0
shrinkage=0.1


Tree=25
num_leaves=31
num_cat=19
split_feature=18 13 3 13 13 3 3 20 3 6 3 30 3 29 20 29 13 25 3 13 29 17 15 3 3 3 26 3 3 13
split_gain=133.315 67.5045 50.1051 46.6975 42.9558 66.7831 38.8719 35.5451 32.3716 32.2386 31.873 29.0833 27.1569 21.6554 25.0881 21.4747 21.1613 19.6758 19.4925 24.5263 20.0705 18.66 18.1762 44.2511 38.7296 27.1473 26.1092 78.8619 28.7166 23.4825
threshold=0.023266430944204334 0 1 2 3 4 5 3.5000000000000004 6 7 8 3976.5000000000005 9 0.022142640314996246 4.5000000000000009 0.0085060033015906828 10 5.5000000000000009 11 12 0.0073282290250062951 49.850000381469734 1.5000000000000002 13 14 15 7.5000000000000009 16 17 18
decision_type=2 9 9 9 9 9 9 2 9 9 9 2 9 2 2 2 9 2 9 9 2 8 2 9 9 9 2 9 9 9
left_child=7 -2 11 12 5 21 13 8 -1 10 15 -3 -4 14 -6 -10 -13 -16 20 -20 -8 -5 23 -21 -24 -25 28 -28 -26 -27
right_child=1 2 3 4 6 -7 18 -9 9 -11 -12 16 -14 -15 17 -17 -18 -19 19 22 -22 -23 24 25 26 29 27 -29 -30 -31
leaf_value=-0.064481179994291968 0.12692321180359245 0.038650331878366535 0.027676155540372022 0.085367910631907074 -0.029818185776691094 0.0014336812785762994 0.098596793219406426 -0.073723956774571858 0.38210631770990727 -0.050644056815390692 -0.0089751950462041378 -0.057552802234192062 -0.064691257338240812 -0.044301306163727544 0.18902464363404953 0.080304173149347027 0.01138769307404006 0.0023571290066353445 -0.047505339550352792 0.032547938955565056 -0.025071623988267164 0.19304241149465337 -0.036728123949387008 -0.029456107846648906 0.026728095805939253 -0.041645806333617245 -0.040537643331189727 0.019512158801443566 0.0055046097634687211 -0.0019314652875955568
leaf_weight=133.14989789668471 32.746004611253738 441.75730794668198 36.918321626260877 31.459864780306816 36.354080364108086 133.58800740912557 13.544235014356671 255.43295524921268 2.4789272919297209 99.494730318896472 124.25717393029481 36.349096193909645 168.31722390092909 310.25668353028595 12.403685810975732 48.198243583552539 1411.8319289088249 10.365528612397609 94.89250887837261 292.66709288209677 422.16722334455699 32.953980106860399 211.15536846127361 469.74645901378244 736.29112100042403 146.76325610186905 421.85604141186923 435.4372335113585 4520.9928653398529 3030.2336880909279
leaf_count=9195 326 2322 632 281 840 1681 153 19346 161 5733 6127 205 3815 7207 133 2646 8127 259 1504 4310 12761 243 3142 6609 8480 1945 7218 5612 58058 39865
internal_value=-0.00069737 0.00145411 0.00105373 -0.00141695 -0.00054241 0.0444854 -0.00138002 -0.0444759 -0.026146 -0.00501379 0.020652 0.0161047 -0.0475621 -0.0328424 0.0217346 0.0793994 0.00933852 0.104046 -0.00027413 0.000606248 -0.0207511 0.121579 0.0010968 -0.00423437 0.00441857 -0.00725566 0.00588993 -0.0102823 0.0085383 -0.00389101
internal_weight=14154.1 13491 13458.3 11568.4 11363.1 198.002 11165.1 663.012 407.579 274.429 174.934 1889.94 205.236 369.38 59.1233 50.6772 1448.18 22.7692 10795.7 10360 435.711 64.4138 10265.1 3939.41 6325.73 3646.74 6114.58 857.293 5257.28 3177
internal_count=218936 175728 175402 164748 160301 2205 158096 43208 23862 14667 8934 10654 4447 8439 1232 2807 8332 392 149657 136743 12914 524 135239 52729 82510 48419 79368 12830 66538 41810
cat_boundaries=0 73 94 168 231 252 273 296 297 321 344 418 442 518 541 564 587 609 631 706
cat_threshold=0 0 0 536870912 0 0 1207959552 0 0 0 0 0 16777216 0 0 0 0 131072 0 0 0 0 0 0 4096 0 0 0 0 0 0 8192 0 0 32 0 0 0 0 0 8192 0 0 0 10 0 0 0 0 0 0 0 0 0 0 0 0 0 0 67633152 0 33554432 0 0 2 4096 0 1 0 0 0 4096 512 32768 1342701826 8388736 0 0 0 0 131072 32768 0 0 0 4104 2162704 0 0 134217856 16793600 553652608 67305478 262272 0 0 67108864 65536 144 0 0 536870912 0 0 0 0 0 32768 0 0 67108864 0 0 0 2097280 268435456 0 0 0 0 0 0 0 2147483648 0 0 0 32800 0 1073741824 0 0 65536 0 0 0 65536 16777216 0 2 1024 0 0 0 0 0 131072 0 0 0 0 1 0 0 33554432 67108864 0 0 33024 0 16 0 8388608 0 0 0 1024 512 0 0 0 134217728 33554432 16777216 0 0 0 1024 0 0 0 131072 0 0 0 8192 0 128 0 0 0 0 0 16 0 0 1048576 0 4096 0 264192 131072 2 0 8388616 10485760 0 0 0 0 603979776 0 2048 1048576 0 134219776 0 0 16777216 1024 0 0 2 0 67108864 2097152 0 0 0 16 2097156 524288 155189252 0 512 0 0 0 0 0 0 12288 3365928960 819204 16384 0 8388608 0 2048 32832 0 67108864 637534208 16777216 0 2097284 8 338706432 32768 67637248 2147614720 16944384 0 0 37748736 0 1073741824 0 0 2048 32770 0 2048 0 3145728 99392 0 24576 0 8192 0 0 3791929380 0 0 268435456 109051904 1 0 0 0 0 0 0 1075123201 289 1 0 0 0 0 0 0 0 0 0 2097280 0 0 0 0 0 0 0 0 0 0 0 306350080 1032225480 4104 536870912 4194304 536870912 0 0 4 0 0 0 0 1073741824 127926272 6307924 16397 0 1073741824 64 0 0 0 0 0 2 0 0 0 134217728 0 0 0 0 0 1024 0 0 0 0 0 0 0 0 0 0 134217728 0 0 0 0 0 0 0 0 0 0 0 0 0 0 0 8388640 0 0 0 0 0 0 0 0 1048576 16777216 0 0 0 0 0 0 0 0 0 0 0 0 0 0 0 2097152 0 0 0 0 0 0 0 32 0 0 2048 64 64 33562624 98352 0 2181038092 2157969472 16777728 0 0 134234112 0 0 4 0 0 0 256 262144 557056 32 0 524290 512 0 0 0 16384 0 0 0 0 0 0 0 0 0 0 0 0 1048576 0 128 0 0 0 2048 32768 268435456 1024 0 33554432 0 1073741824 0 0 268435456 0 0 0 128 0 0 0 0 0 0 2147483648 0 0 256 0 16777216 256 0 0 0 0 0 0 0 0 16384 0 0 1024 0 32768 16400 268435456 1077937152 0 0 134217728 536870912 4194304 2148532224 16384 256 1 0 0 2147485696 5120 2147483648 135680 268435457 0 285212672 8 512 268435456 536903682 8193 0 1048576 8226 1074266112 0 0 33554496 2097152 1028 0 0 2048 1049600 2147483648 4198912 67336 0 0 134217736 0 268435456 536871938 8192 0 2164260864 262210 0 8 0 64 136314880 1028 16908288 171966464 0 0 268435456 0 72351744 272629760 0 0 1073741824 159385600 279296 1026 0 1610612736 0 201326592 33554432 134217728 4096 8388608 33554432 2156396544 37748740 2684370944 0 0 0 131074 2097152 50339840 0 4096 1621098496 688196 0 0 65536 0 2281701376 16 0 0 32 16777344 167772160 134217728 2 0 1 131072 1280 16785408 0 1073807360 1082132480 327744 130 0 65536 268435472 2281738240 0 0 1 32 0 0 0 0 0 0 65536 0 0 0 0 0 0 2147483792 0 0 0 0 0 0 0 0 0 0 4194816 0 65536 0 0 0 0 16384 0 268435456 0 0 0 0 1024 8 0 0 0 0 0 0 0 0 0 0 1073741824 0 64 0 0 0 16777218 16777216 0 0 0 0 0 0 0 0 1048576 0 0 0 0 67108864 0 0 163840
is_linear=0
shrinkage=0.1


Tree=26
num_leaves=31
num_cat=19
split_feature=18 13 13 3 3 23 3 18 13 15 3 3 23 20 3 9 3 13 3 13 25 3 23 3 3 3 26 26 3 28
split_gain=112.343 59.5753 49.4225 45.0962 41.913 35.0697 30.5833 26.5214 25.8637 23.1721 28.3411 24.5346 35.8138 21.5566 20.9149 19.8432 30.6799 26.459 48.5837 23.7883 22.6175 162.924 99.1176 79.4381 65.7935 64.6791 44.8176 43.1304 38.1759 32.5169
threshold=0.024770003743469719 0 1 2 3 73.500000000000014 4 0.17388866096735003 5 5.5000000000000009 6 7 27.500000000000004 2.5000000000000004 8 9 10 11 12 13 1.5000000000000002 14 1.5000000000000002 15 16 17 1.5000000000000002 1.0000000180025095e-35 18 0.072631742805242552
decision_type=2 9 9 9 9 2 9 2 9 2 9 9 2 2 9 9 9 9 9 9 2 9 2 9 9 9 2 2 9 2
left_child=4 14 -3 -4 8 6 -5 -7 -1 11 -11 12 -8 -10 -2 16 -13 18 -17 -19 22 26 24 27 -21 -23 -22 29 -26 -24
right_child=1 2 3 5 -6 7 9 -9 13 10 -12 15 -14 -15 -16 17 -18 19 -20 20 21 25 23 -25 28 -27 -28 -29 -30 -31
leaf_value=0.061908765813690786 -0.029860992409188544 -0.057698634639607609 -0.046901783341700337 0.033911354431630882 -0.062013477257884433 -0.078639826010199421 -0.033240287445224843 0.017877791837319794 -0.00012365785741771837 0.061286210914930167 0.009438776801723843 0.031635179137844097 0.22036816257257208 -0.058520425756578412 0.10082616770945044 0.083552735533799674 -0.031925171586563258 -0.047579665649924302 -0.0054299147259344151 -0.018391987159607794 0.079630762257847792 -0.033089930135724505 0.34153122849207945 -0.069606926739498129 0.022898586555808134 0.0067588728657999282 0.025681430982205034 -0.016012983629243138 0.0027671043897314496 0.089568729133163494
leaf_weight=33.229765329509974 15.194818541407583 130.56534868199378 176.62213324569166 305.16895946860313 369.70432604197413 91.293131525628269 277.58282650168985 41.371293999254704 165.6049114447087 127.64122747350484 505.04771227389574 89.120139841921628 5.6822910625487557 102.23661480098963 76.096444688737392 104.91232881974429 348.45061822980642 85.298672301694751 136.78871086146683 1275.0463155228645 349.39524317905307 515.7956981183961 7.5794649366289404 305.76863472163677 1142.3348401952535 1798.8778645498678 275.32436325773597 25.947604767046869 5211.5014247205108 15.797270106151698
leaf_count=1554 145 3414 5710 3189 27619 4831 5716 277 8247 1377 5549 1221 65 7390 630 968 4399 1111 1712 18159 3825 7118 158 7079 13850 21064 3672 471 58200 176
internal_value=-0.000123775 0.00186956 0.00128745 0.00191326 -0.0400639 0.00260979 0.00313748 -0.0485409 -0.0106956 0.00236359 0.0210165 0.00137974 -0.0271929 -0.0216073 0.0782736 0.00209369 -0.0185622 0.00291285 0.0349788 0.00217772 0.00260943 0.0101112 -0.000149161 -0.0517938 0.00225468 -0.00222507 0.0549744 0.0604822 0.00641677 0.171263
internal_weight=14111 13440.2 13348.9 13218.3 670.776 13041.7 12909.1 132.664 301.071 12603.9 632.689 11971.2 283.265 267.842 91.2913 11687.9 437.571 11250.4 241.701 11008.7 10923.4 2939.39 7983.98 355.093 7628.88 2314.67 624.72 49.3243 6353.84 23.3767
internal_count=218896 174086 173311 169897 44810 164187 159079 5108 17191 155890 6926 148964 5781 15637 775 143183 5620 137563 2680 134883 133772 35679 98093 7884 90209 28182 7497 805 72050 334
cat_boundaries=0 74 148 172 196 220 291 313 336 353 354 375 450 471 545 566 585 609 631 654
cat_threshold=0 0 262144 0 0 0 0 0 524288 0 0 0 16777216 0 0 0 0 0 0 128 0 0 0 0 0 80 0 0 1048576 134217728 0 8192 33554432 0 1048610 0 0 0 0 0 0 0 67174400 0 8 0 0 134219776 0 2147484672 0 0 0 0 0 0 0 0 0 67108864 0 33816576 4 0 0 4096 0 0 0 0 0 67112960 0 128 0 0 67108864 81936 128 0 0 537133056 0 0 512 0 0 0 0 0 603979776 0 0 0 2097152 0 0 0 0 4 0 0 0 0 0 0 268435456 32768 0 0 128 0 65536 0 1048576 33554432 0 16777216 0 0 1024 8192 0 0 16 2048 0 0 0 0 0 0 16384 0 0 0 0 32768 33024 0 0 0 0 134217728 0 0 0 512 69206016 1 8704 0 268435464 1142964233 4456480 67633152 2147483648 132097 0 256 16777216 0 0 2147483648 0 536871168 1 0 0 142606336 0 512 134217728 69206016 0 0 0 0 0 134217728 0 2181050896 32768 0 0 0 0 0 0 0 0 0 0 1107300864 2233639651 320 268468224 0 8388608 4104 0 4096 0 0 268468224 0 0 0 0 0 0 0 268435520 17055744 587202696 67239938 16388 0 0 262144 0 0 0 134217728 0 0 0 262144 0 1024 0 0 0 32896 0 0 0 8192 0 0 0 0 0 0 0 0 0 0 0 0 0 0 0 0 0 1073741824 0 0 0 8 0 0 0 0 0 2 0 2147483648 0 256 1073741824 0 0 4194304 0 0 2 16777216 2147483648 0 0 67109888 0 0 32768 0 4194304 33554432 8388608 0 32 33554432 6 16384 516 0 0 0 2097152 16777216 0 0 3221225472 8663060 0 0 1073741824 0 0 0 0 0 32 41943040 268435456 2 99367 0 32768 75517952 16777216 131072 0 8388608 2056 0 0 2097152 536871424 134217729 0 0 64 32768 2147483648 69632 0 0 0 0 0 0 0 0 8192 0 1048576 2147483648 0 8 0 65536 2 8194 0 167772162 0 0 0 0 1048576 2097152 33554432 0 274432 713031680 10641970 8192 0 0 0 524288 4194304 0 67108864 0 0 0 536870912 0 16777216 1073741824 0 128 0 2048 0 0 32896 0 0 0 0 0 0 0 67108864 0 0 0 0 0 0 0 0 0 0 2048 268435456 0 0 8388616 2097152 0 262144 4194304 0 0 0 1050624 0 16777216 0 0 0 4194304 8388608 0 1024 0 16777216 2 0 0 0 0 16 0 0 2105344 0 0 0 0 0 128 0 1024 268435456 64 0 20971524 536871041 0 0 0 0 2228224 0 0 1056768 1073741824 557064 16396 0 0 2097152 2048 32832 0 67108864 0 0 512 0 16 0 0 0 0 32 0 0 0 0 0 0 0 131072 0 0 128 0 0 0 0 0 1090519040 0 0 1073741824 0 0 0 0 2147483648 0 536870912 0 0 8 0 0 0 0 0 2 0 0 0 0 0 0 131072 0 131072 0 0 1 0 262144 8388608 0 0 0 16384 65536 1040 0 536870912 0 536879104 0 2147483648 16384 1073741824 1073742144 33554433 2097152 0 65540 524544 2109440 33554432 0 1074802688 33554432 4259848 9 0 65536 0 134217728 262146 1 67112960 2164260864 134217728 2147483648 0 0 0 2097152 0 8192 0 1074790400 2694840320 4194306 8 0 8388608 0 0 2 0 1207959552 0 2097152 0 2415984640 524544 35659776 0 0 1074790400 33554432 4194304 24 0 65536 139264 201328128 4194306 512 67112960 0 0 65536 0 50331652 2147500032 0 0 0 1048576 4194304 0 33034 0 3355443200 8430707 0 0 0 0 524288 32784 65536 1056 2097312 0 33554436 2151677952 2560 0 537133056 0 4325376 0 8 134217728 1275068416 2147501411 65536 0 0 0 0 4112 65536 1056 2097184 1024
is_linear=0
shrinkage=0.1


Tree=27
num_leaves=31
num_cat=20
split_feature=18 13 13 13 3 3 25 3 26 3 13 3 13 3 3 13 3 13 3 17 29 27 3 29 29 30 3 14 3 3
split_gain=89.5894 51.5559 45.8737 38.6918 35.6477 31.0667 30.168 34.6143 28.5339 90.4251 30.4989 29.4536 27.5392 37.0503 26.651 25.8498 24.138 23.5076 22.5827 24.2185 21.9964 21.3245 21.1951 19.5625 17.613 23.616 23.3398 17.5681 54.2022 45.709
threshold=0.02842617686837912 0 1 2 3 4 9.5000000000000018 5 11.500000000000002 6 7 8 9 10 11 12 13 14 15 51.750000000000007 0.13217660784721377 -1.0000000180025095e-35 16 0.016197931952774528 0.024598307907581333 4025.5000000000005 17 4.5000000000000009 18 19
decision_type=2 9 9 9 9 9 2 9 2 9 9 9 9 9 9 9 9 9 9 10 2 2 9 2 2 2 9 2 9 9
left_child=2 20 4 -3 21 -5 18 -8 11 -10 -11 15 13 -13 -14 -7 -12 22 19 -4 -2 23 -16 -1 25 -19 -26 28 -28 -29
right_child=1 3 6 5 -6 8 7 -9 9 10 16 12 14 -15 17 -17 -18 24 -20 -21 -22 -23 -24 -25 26 -27 27 29 -30 -31
leaf_value=0.30339030593729255 0.041619280181642515 -0.056113716919703405 0.0062606422153093592 -0.034238505056484625 -0.032876744129091022 0.079433734149786175 0.04244339586824239 -0.083597383882909715 0.034646500500116008 0.062106992133573263 -0.03725570676308728 0.060297220808245247 -0.032914642500506373 -0.050963843144173439 0.06177784538124953 0.016329254145962476 -0.010008621483501972 0.00087127133837918119 -0.032174044772281113 0.31075987349119749 0.17464879359221938 -0.0072708955298038521 -0.0016385342620570372 0.11130964587564132 -0.028133050190888416 0.091086845171138742 0.032610023831850792 0.031464443464180307 0.0022771575777606671 -0.0021228512258073019
leaf_weight=6.3506621588021508 23.218204490840435 107.22625956870615 139.17514074221253 227.42572410497814 36.231025236658752 63.459600422531366 22.647343816235662 159.68685182463378 357.10966730490327 33.949074785225093 669.54472585394979 28.376157145947218 188.10260879434645 172.45398579537868 126.0386067442596 794.5472422670573 671.94785911031067 63.749467943795025 764.18291279021651 2.6619669953361145 26.749700911343098 12.511404164135454 94.383962489664555 32.116040874272585 226.56129384320229 53.256994533352554 768.12078361399472 428.22896490618587 2449.403204289265 5363.7821720838547
leaf_count=252 273 2596 7184 4300 1884 473 1271 13519 3295 450 10095 245 2967 2138 1136 6617 8389 1279 38700 129 158 517 1226 1271 6144 1316 8615 6320 26623 59598
internal_value=-0.00089091 0.00151075 -0.0273223 0.00107829 0.0400236 0.00160162 -0.0327852 -0.0701992 0.00227768 -0.00963531 -0.0212299 0.00418726 0.00264081 -0.0331289 0.00340986 0.0218579 -0.0237828 0.00415717 -0.0256176 0.0111867 0.0940191 0.08873 0.0357306 0.143021 0.00337572 0.041934 0.00289091 0.00369818 0.00962696 0.000411065
internal_weight=14113.2 12937.6 1175.56 12887.7 87.2091 12780.4 1088.35 182.334 12553 1732.55 1375.44 10820.5 9962.46 200.83 9761.63 858.007 1341.49 9573.53 906.02 141.837 49.9679 50.9781 220.423 38.4667 9353.1 117.006 9236.1 9009.54 3217.52 5792.01
internal_count=218980 154253 64727 153822 3924 151226 60803 14790 146926 22229 18934 124697 117607 2383 115224 7090 18484 112257 46013 7313 431 2040 2362 1523 109895 2595 107300 101156 35238 65918
cat_boundaries=0 72 147 222 246 270 293 315 384 408 484 505 528 591 614 688 712 726 749 768 789
cat_threshold=0 0 262144 0 0 0 0 0 128 0 0 1073741824 16777216 0 0 0 0 0 0 0 0 0 0 0 4096 0 0 0 1048576 134217728 0 0 33685504 32 32 512 0 8388608 0 0 0 0 0 0 24 0 0 0 0 2147483648 16777216 1024 0 0 0 0 0 0 0 67108864 0 0 0 0 2097152 4096 0 0 0 0 128 67108864 0 0 0 16 1024 0 0 256 0 1056 0 0 0 128 0 16777216 32768 0 0 128 0 0 0 0 0 0 0 0 0 0 0 0 0 268435456 2 0 0 0 0 0 0 33554432 0 16777216 0 0 0 2147483648 0 4194560 1073741824 0 0 0 0 0 2 153092096 16384 0 0 16 0 0 32768 0 1048576 33554432 0 0 0 0 16777216 268451968 64 0 0 67108864 65536 128 0 65536 536870912 0 0 0 0 0 0 0 0 603979776 0 0 0 2 0 2048 0 0 0 1073741824 1 0 0 0 0 0 32768 0 0 0 0 66560 0 0 0 4 16777216 0 0 0 0 0 0 0 0 131072 0 0 8 0 0 16384 0 33554432 0 0 0 32768 0 1049600 0 0 0 0 131072 2147483648 16384 32768 134217728 2097153 65536 0 268435456 4 0 2097152 2147483648 2182086656 4 0 0 4 0 0 0 0 0 0 0 16896 67240384 4096 33554432 0 2560 100352 2147483648 67174400 2285895684 67637504 131072 134217728 2048 4 0 2097152 0 1048576 8196 536904192 32768 0 0 2147483648 0 1024 671088640 0 0 1 8192 2052 0 2097152 0 256 0 0 0 0 0 0 0 0 0 0 0 0 131 0 256 129 512 0 134217728 524288 0 33554432 0 1048576 134217760 2105632 17418 0 1610612736 134217760 34079744 136 0 36864 128 0 0 0 0 0 0 0 0 0 32 0 0 0 0 0 0 0 0 0 0 2097152 0 0 0 0 1 0 0 0 0 0 33554432 0 268435456 0 1073741824 136 0 0 0 2147483648 0 0 0 0 0 0 2281701376 16777216 0 0 0 0 0 0 0 0 8 0 0 32 33554432 0 0 0 16 0 0 8388608 32768 16777216 8388608 4 0 262144 0 0 40960 0 0 1073741824 2155938432 1 0 512 1 16384 21246080 196610 69206053 0 0 262144 0 0 0 16 0 0 0 262144 0 2 0 0 0 16 0 16777216 1048576 0 0 0 2097280 0 262144 0 0 1 0 0 0 2147483648 4096 33554432 268435456 0 1048576 0 8388608 0 268435456 512 2147483648 0 0 0 0 0 0 8192 16777216 0 1073741840 0 0 0 0 0 0 0 2147483648 0 0 67108864 2097152 0 0 0 0 0 8388608 0 32 512 0 0 0 2048 0 0 541065216 0 0 0 0 0 0 0 131072 536870912 786432 16392 0 8388608 0 2048 64 0 32768 0 0 131072 0 0 2415919113 8913729 512 0 32768 786944 0 32 16 0 1077936132 0 33557504 256 0 1053824 128 4096 0 0 0 0 0 0 0 0 0 0 0 0 0 0 0 0 0 0 0 0 134217728 0 0 0 4194304 1 65536 0 0 0 0 0 0 0 0 4194304 8388608 0 0 0 0 0 0 0 0 1048576 0 0 0 0 0 0 0 4194304 2 0 0 16777216 2147483648 0 0 0 2097152 276856832 171966470 536887296 4 0 0 0 0 16785408 0 134217728 1073741824 705100 0 0 65536 0 0 4160 0 2097184 0 65536 0 0 0 16384 0 0 0 65536 0 0 0 0 0 128 0 0 0 0 0 0 0 67108864 0 0 0 20 16777216 0 0 0 0 0 2048 131072 0 4194304 0 256 0 262152 4194304 2 65536 0 0 0 0 2056 0 1024 0 8388608 0 0 0 0 67108866 64 0 0 1 0 0 0 1024 0 512 0 0 0 0 4096 1024 2099200 0 67108864 0 0 0 0 0 402653184 0 2162768 32768 0 0 0 0 0 0 0 0 0 0 1402109952 3097797196 521 0 4194308 541081729 512 0 0 0 131072 0 0 8192 2415919104 164108 8 8390656 536871936 33554432 0 0 524288 67176456 50331648 65536 0 4096 0 0 25600 603979776 16777216 0 268435712 10 0 134217728 2097154 66560 2147483648 4194562 0 128 0 131072 2097152 8192 33554432 0 0 2829060096 2756619 0 0 8454144 72 524288 536870976 1342701696 268959744 134217730 2097154 0 4096 131072 1024 285212672 0 1073741824 50331656 0 256 0 536872960 2147614722 2281963528 0 32768 4194304
is_linear=0
shrinkage=0.1


Tree=28
num_leaves=31
num_cat=20
split_feature=3 13 13 3 23 3 3 28 16 3 3 3 13 3 3 20 13 3 6 3 26 23 3 2 29 16 28 6 18 3
split_gain=72.14 60.0418 48.8778 37.4711 35.6873 167.553 52.4163 37.5267 54.5561 35.8094 32.2654 32.0421 24.9523 44.9132 24.9363 24.7336 22.2878 22.8859 20.728 44.1287 18.9622 27.5297 17.8117 17.5875 17.4452 23.8678 23.8143 50.5958 16.9291 16.5711
threshold=0 1 2 3 5.5000000000000009 4 5 0.020199722610414032 9.5000000000000018 6 7 8 9 10 11 6.5000000000000009 12 13 14 15 1.0000000180025095e-35 1.0000000180025095e-35 16 17 0.024598307907581333 7.5000000000000009 0.019095085561275486 18 0.064884774386882796 19
decision_type=9 9 9 9 2 9 9 2 2 9 9 9 9 9 9 2 9 9 9 9 2 2 9 9 2 2 2 9 2 9
left_child=23 15 -3 -4 6 7 -5 8 -6 18 -9 -7 13 -11 -14 -2 17 -16 20 -20 -8 -22 24 -1 25 -18 -27 -28 -10 -15
right_child=1 2 3 4 5 11 9 10 28 12 -12 -13 14 29 16 -17 22 -19 19 -21 21 -23 -24 -25 -26 26 27 -29 -30 -31
leaf_value=0.044086723282413927 0.14319518710184009 -0.059951111379930602 -0.061090832999829897 -0.031824446173751783 0.51487833493019086 -0.059622053226760709 0.043212024353509737 0.013195498181072879 -0.015590284717708864 0.099389822268317177 0.091142636686967426 -0.018793400269017657 -0.028021029522281717 -0.038965345823784504 0.029032889516274488 0.036091060882388087 -0.088457249281563177 -0.046744462032118086 -0.032409641796479177 0.058039515850277827 0.04621760573757755 -0.026400766552130878 0.00089038997246100853 -0.066602420311157637 0.011335737545543005 0.021331364577885672 0.049796817257580638 0.41580967618117226 0.19278552593577547 0.023307024032174856
leaf_weight=12.090007204562424 41.77372673433274 126.61684007197618 89.143822064623237 428.79533216822892 4.0200155517086413 392.80765933264047 453.84024596307427 162.97435780055821 6.8809016067534658 63.506122703664005 78.872245498932898 429.83486242871732 276.95284049026668 49.789384657517076 46.769623931497335 44.561334342695773 6.5538343209773293 165.43044479191303 156.34678133577108 69.879106812179089 96.385219811461866 113.8902352321893 8980.791377171874 192.50531735923141 1351.726734334603 12.559019638225438 8.8032167535275203 6.6145985852926961 8.9965288415551186 142.12223413214087
leaf_count=937 403 4129 4647 8081 139 13915 6888 2755 356 476 757 6053 6821 588 410 453 193 2413 2261 694 1228 2625 116546 13530 18852 280 162 93 38 1845
internal_value=-0.000777344 0.000116703 -0.000434934 0.00016262 0.000611508 -0.0167862 0.00212967 0.0518115 0.1858 0.00336647 0.0429302 -0.0387708 0.00181032 0.0321062 0.00106865 0.0787882 0.00185593 -0.0294879 0.0225516 -0.00333779 0.0317102 0.00688575 0.00252529 -0.0583119 0.0130347 0.0833159 0.123555 0.206825 0.10248 0.00602146
internal_weight=14021.8 13817.2 13730.9 13604.3 13515.1 1084.39 12430.8 261.744 19.8974 12002 241.847 822.643 11111.6 255.418 10856.2 86.3351 10579.2 212.2 890.342 226.226 664.116 210.275 10367 204.595 1386.26 34.5307 27.9768 15.4178 15.8774 191.912
internal_count=218568 204101 203245 199116 194469 24013 170456 4045 533 162375 3512 19968 148679 2909 145770 856 138949 2823 13696 2955 10741 3853 136126 14467 19580 728 535 255 394 2433
cat_boundaries=0 24 97 171 195 218 241 263 283 305 380 403 427 502 522 523 545 569 580 581 594
cat_threshold=0 1048576 134218816 1024 8192 2048 0 268435712 0 3238002728 0 0 268435456 109060096 1 0 0 0 0 0 0 2151885825 4194560 20 0 0 262144 0 0 32 0 65536 0 0 0 0 16777216 131072 0 0 0 131072 0 0 0 0 0 0 0 80 0 0 0 0 0 0 262144 0 2147483648 0 8 2097152 0 0 0 0 67174400 0 2056 0 0 0 0 4194304 16777216 0 32768 0 0 0 1024 0 0 67633152 0 33816576 6 0 0 4096 0 1 0 0 0 67112960 4194304 0 1024 67108864 65536 144 0 0 536870912 0 0 512 0 8388608 0 0 0 67108864 0 0 0 2097280 268435456 0 0 0 0 0 0 0 0 0 0 0 32768 0 0 128 1124073472 2147549184 0 1048580 0 0 20971520 0 0 1024 8 0 0 0 0 131072 0 0 0 0 0 0 0 0 0 0 0 33026 0 1024 0 0 0 0 0 0 512 64 0 33280 16 16384 1142996992 34048 0 2147680256 134742020 16394 0 0 512 0 2147483648 0 0 0 0 0 537657344 536870928 32 3255336960 1094713344 536887296 2097152 0 0 524288 2097152 8192 0 1074798592 268437504 4227072 16384 0 65536 0 201326592 32770 131072 67108864 0 65536 33554432 1092616192 0 2195488 0 0 8658944 67633152 0 536870976 1073741840 134217728 20979712 0 0 65536 0 201326592 32770 0 4194304 512 67129856 402685952 524288 2160066560 136 0 4 0 8388608 0 0 4096 0 134217744 65536 0 9437184 0 2147745792 541085824 131074 2099206 160 1107329024 4194304 536887296 0 0 0 0 2097152 8192 0 8192 2048 4194304 16384 0 0 0 0 2 131072 956301312 134217735 2151677952 512 0 4 0 131072 285212672 0 4096 1191182336 917776 4 0 8388608 0 524288 0 0 0 32 0 0 0 536870912 0 0 0 2 0 0 0 0 0 32784 0 0 0 0 0 0 0 0 0 0 4194304 0 65536 2147483648 0 134217728 0 33562624 0 0 2 4194304 8388608 0 2097152 0 2147483648 0 0 0 1048576 1048576 0 0 0 524288 0 8388608 0 0 0 0 67108864 2097160 81920 0 0 0 2097152 0 0 0 0 0 0 0 128 0 0 128 32768 0 0 536870912 512 0 0 1048576 0 8192 0 0 1073741824 819464 16396 0 0 0 2048 64 0 67108864 0 1 0 536870912 8224 1 0 402653184 16388 52428800 0 268884240 8519680 2048 0 0 0 0 131076 0 64 0 67108864 16448 2 4224 0 0 0 134217744 0 0 0 0 0 8389632 0 1 0 2147483648 0 0 4096 0 0 0 0 0 268437504 0 0 1025 0 1 0 2147483648 0 0 268435456 0 0 0 536870960 0 0 262144 0 0 0 0 0 2 0 0 0 0 0 0 0 2048 2 0 0 134217729 0 0 8388608 0 0 0 0 0 0 0 8388608 0 536879104 512 2147483648 0 69206272 0 0 1 0 0 0 131072 0 0 0 8192 1979711488 131328 16385 0 0 2183135232 0 65536 512 1 134217728 524288 2151677952 128 0 4 0 0 0 0 0 0 16 0 0 8388608 0 2147483648 4210688 0 0 128 16973952 260 128 512 0 8392704 0 0 150994944 0 0 0 70656 4 0 0 134217792 21504 33554689 134217796 267264 0 0 327680 16778272 2348810272 128 67108864 16 2101760 268435456 0 0 0 1073742336 1 524288 6 1 0 0 0 0 0 50331648 0 1048576 2994733056 2147566656
is_linear=0
shrinkage=0.1


Tree=29
num_leaves=31
num_cat=19
split_feature=3 13 13 18 23 13 3 13 3 15 3 29 3 3 13 29 3 3 3 3 18 14 3 8 3 25 16 3 30 26
split_gain=76.9022 73.1822 42.8463 35.5234 31.2975 27.4389 24.867 25.1941 27.6685 22.4932 53.1183 22.0639 33.4425 25.3002 22.9935 21.9214 21.6209 21.1346 20.8572 20.7878 24.1765 21.9138 20.6354 20.1174 21.8508 35.2716 20.8017 19.8378 19.2587 19.1809
threshold=0 1 2 0.070737410336732878 73.500000000000014 3 4 5 6 4.5000000000000009 7 0.076906669884920134 8 9 10 0.0073282290250062951 11 12 13 14 0.083406638354063048 3.5000000000000004 15 16 17 1.5000000000000002 22.500000000000004 18 1301.5000000000002 1.5000000000000002
decision_type=9 9 9 2 2 9 9 9 9 2 9 2 9 9 9 2 9 9 9 9 2 2 9 9 9 2 2 9 2 2
left_child=-1 -2 16 4 5 22 -7 8 -8 23 -11 12 15 -13 27 -5 -3 -16 -12 -14 21 -21 -4 -9 25 -25 29 -15 -26 -27
right_child=1 2 3 11 -6 6 7 9 -10 10 18 13 19 14 17 -17 -18 -19 -20 20 -22 -23 -24 24 28 26 -28 -29 -30 -31
leaf_value=-0.063382900120741589 0.10154468446981131 0.048058800686027109 0.092813991692252962 0.10890833733599181 -0.077097446338359854 -0.050045540495494749 0.03940953844393056 0.03949802746502476 -0.059201729498632186 0.06164854747872598 0.037485776750508633 -0.023990778873139065 0.0024078603224225083 0.073479943339471318 0.032047925906706083 -0.032157176700482404 -0.07209394248916931 0.0011815468234376856 -0.044818231689230228 0.071031574890717916 0.061367958476115751 0.010062069902378238 -0.010689446846791399 -0.0049671239718778668 -0.059462419350393036 0.11697410797870861 -0.012810105244836814 0.015061025746020505 -0.010144362587539361 0.025580887607055149
leaf_weight=180.12853973079473 61.520107238553464 13.201832781545816 41.056673796847463 11.78336428105831 63.751364621333778 124.18930143024772 30.026938617229462 82.436438913457096 149.83136422000825 149.26022643595934 35.415419952012599 346.20092932879925 301.47135761380196 66.643275965005159 218.37746208161116 169.17582440376282 109.20781016442925 7838.9270513076335 101.67612998373806 71.451910147443414 228.17342877388 336.9543674364686 34.941969095729291 336.04413874913007 81.904644216410816 57.074215916916728 32.13585917558521 322.70190341584384 2380.0016036108136 38.422922119498253
leaf_count=13981 695 198 750 69 4840 7015 1083 2051 5074 3152 1236 3439 3363 574 1410 1648 3935 64602 3405 958 1821 4794 1063 9501 2298 1524 962 2386 69541 1182
internal_value=-0.000217093 0.00065072 0.000126686 0.000675339 -0.00763106 -0.00642581 -0.00772346 -0.00607133 -0.0415302 -0.00401561 0.0227534 0.0038087 0.0170342 0.00212558 0.0032206 -0.0217686 -0.0564846 0.00205681 -0.0224533 0.0244906 0.0347495 0.0207289 0.0495167 -0.00657726 -0.00798328 0.0117765 0.0567834 0.0266501 -0.0117374 0.0802024
internal_weight=14014.1 13834 13772.4 13650 3738.17 3674.42 3598.42 3474.23 179.858 3294.37 286.352 9911.86 1119.01 8792.85 8446.65 180.959 122.41 8057.3 137.092 938.051 636.58 408.406 75.9986 3008.02 2925.58 463.677 127.633 389.345 2461.91 95.4971
internal_count=218550 204569 203874 199741 114677 109837 108024 101009 6157 94852 7793 85064 12653 72411 68972 1717 4133 66012 4641 10936 7573 5752 1813 87059 85008 13169 3668 2960 71839 2706
cat_boundaries=0 24 99 175 249 273 348 371 394 416 437 510 533 555 579 603 626 627 651 671
cat_threshold=0 1048576 0 0 268443648 0 67108864 134742016 2147745792 1140883456 4 0 268435456 109051904 1 0 0 0 1 0 0 5964801 138416272 128 0 0 0 536870912 1024 0 1207959552 0 0 0 0 0 16777216 0 0 0 0 0 0 0 0 0 0 0 4096 256 0 0 0 134217728 0 8192 33947648 131072 0 268435456 0 0 2097152 0 8192 0 67108864 0 8 128 0 0 0 4194304 4194304 0 0 0 0 16777216 67108864 0 16384 67633152 0 262144 0 0 2097152 4096 0 1 0 0 0 4096 0 0 64 0 1024 68157440 0 128 0 0 0 0 0 0 0 0 0 0 0 603979776 0 0 0 2097152 268435456 262144 0 0 0 0 0 0 2147483648 0 33554432 0 32768 0 0 0 16777216 65536 0 0 0 0 16777216 0 4194304 16778496 0 0 0 0 2048 131072 0 0 0 0 1 0 0 32 0 0 0 256 0 1024 0 0 134217728 0 0 2147483648 0 69206016 2048 0 0 0 0 0 16777216 0 0 0 1024 0 0 0 128 131072 0 4096 131072 4 0 0 0 0 0 0 4 0 0 0 0 0 134217728 0 0 0 4194304 0 2097152 2147483648 0 4194304 0 65536 0 1048576 0 0 2281701376 0 2147484673 0 0 0 3072 0 0 0 136314880 0 0 0 1024 0 0 32770 0 1048592 0 8388608 0 0 0 0 18432 64 0 40960 1 16384 69206016 6299648 268435712 524288 267428 10 0 0 0 0 4 0 268435456 0 0 0 2560 872415232 2352 0 0 0 65536 0 0 0 2 9216 0 2048 0 0 0 0 524288 0 8192 0 0 134217728 0 0 0 4194304 0 65536 0 0 0 0 0 0 268435456 0 1073741824 0 0 268436480 262144 0 0 0 0 16 2 0 8192 0 0 0 0 0 4194304 131074 0 0 8 0 0 33554432 0 2097152 0 8192 65536 0 0 0 0 32 0 1024 268435456 25165824 134217728 0 536870912 0 0 134217728 0 4096 268435456 0 1073745920 0 65536 0 0 0 0 0 0 0 0 2147483650 2147525378 2852126720 675282951 2147483648 1030 0 262144 0 0 0 270532610 4096 0 197120 4 0 0 0 0 0 0 0 2155905024 35651648 0 268435712 33554432 1052672 0 0 0 0 0 0 0 2304 13107328 4194304 0 536872960 268574721 67373568 65536 516 2100228 32 720896 16777280 33554432 0 0 0 150994944 12582912 0 0 0 16777248 2149584913 1024 0 536870912 2097170 134217728 1081344 524288 33554498 0 0 0 65536 0 0 0 2 134218880 0 0 32768 0 144 0 0 0 8192 0 128 0 0 0 0 4194304 16 65536 0 0 0 0 0 0 268435456 0 0 0 0 0 0 0 0 65536 0 16 0 0 0 0 0 16777216 8396800 0 4194304 0 0 2 8 0 0 0 33554432 2097152 0 1024 0 512 0 0 0 32 0 1024 8388608 0 16384 0 0 0 0 0 268443648 0 1073741824 838860800 8788 0 0 0 0 33554432 0 0 0 0 524288 0 1342177536 134217728 0 0 0 0 0 0 0 0 0 8388736 0 0 2048 402661377 262144 587202944 67239938 2052 32 2097152 69206016 536870912 2097152 0 32768 2144 0 16777216 38281216 128 0 0 0 0 0 0 0 10 0 1 268451840 25232896 4682 269090944 0 4194304 0 0 0 0 4194432 0 0 66048 67108864 16448 3145730 0 0 2284060672 45056 32768 67108864 64 0 0 32768 687865856 138412038 2684354560 0 0 4 0 0 301989888 0 0 0 196608 16388 0 0 0 0 0 0 0 512 67108864 3 0 512 0 132 2147483648 3003187716 805306881 2110464 67108864 0 1207963648 8 0 24576 0 0 0 0 8 0 0 2101248 2147483648 65536 0 0 0 0 0 0 0 131072 32768 0 0 2418018304 786688 8 0 0 0 33554432 33554432 1
is_linear=0
shrinkage=0.1


Tree=30
num_leaves=31
num_cat=19
split_feature=18 13 13 13 3 20 23 3 3 13 3 3 13 30 30 13 3 3 23 14 29 10 3 3 9 29 3 12 15 17
split_gain=76.015 41.5282 38.5764 37.0287 33.852 33.1767 29.2172 80.5523 26.6289 26.5974 25.2944 23.8823 30.9448 24.6281 22.1903 21.9299 21.1292 20.6979 20.3894 27.3275 20.0334 19.4031 22.9542 18.673 17.7241 17.3558 16.0782 15.6497 15.0002 14.6089
threshold=0.02842617686837912 0 1 2 3 14.500000000000002 8.5000000000000018 4 5 6 7 8 9 4258.5000000000009 4087.5000000000005 10 11 12 6.5000000000000009 5.5000000000000009 0.0073282290250062951 13 14 15 16 0.40110553801059728 17 18 5.5000000000000009 49.850000381469734
decision_type=2 9 9 9 9 2 2 9 9 9 9 9 9 2 2 9 9 9 2 2 2 9 9 9 9 2 9 9 2 10
left_child=2 -2 -1 -3 18 16 9 8 -8 -6 28 13 23 -12 -10 26 29 -17 20 -20 -5 22 -9 -13 -15 27 -14 -26 -11 -4
right_child=1 3 5 4 6 -7 7 21 14 10 11 12 15 24 -16 17 -18 -19 19 -21 -22 -23 -24 -25 25 -27 -28 -29 -30 -31
leaf_value=0.05064783336057288 0.064750749820919593 -0.048687735904581163 0.004215887483932171 0.1188241963180575 -0.042613831199535636 -0.065028221805624828 0.0069146517422923551 0.092802538941848312 0.13460637857527169 0.020024107374969249 0.020488249522847383 0.030054867839049523 -0.023663256840518405 -0.038357347306651413 -0.0017267021489501431 -0.022869223822527769 -0.02921383898297655 0.0025830881709503792 -0.057014786429390785 0.11274150288269136 -0.03770930975225531 -0.052468255371019561 -0.033124509638598143 -0.032055765168194972 0.043336722187301606 -0.037696542210966792 0.059589572666751092 0.0033197363264435768 0.094078105074993229 0.16248095871841803
leaf_weight=55.576145770959556 94.003101406618953 136.51466509047896 180.90563642699271 8.3667732924222928 111.26220252178609 214.74823698261753 211.87069051340222 14.355110159143804 40.433877009898424 678.90123785287142 1423.952627921477 49.099843660369515 27.628346741199493 98.219633545726538 16.940845392644405 323.83166131004691 652.51329948334023 7470.4663473637775 16.272824264131486 22.727700282819569 358.51159651670605 365.2481376901269 28.557441575452685 394.08878631331027 105.26553472317755 87.416606917977333 102.253636745736 680.44096356071532 28.500915020704269 6.0266888616606584
leaf_count=2386 843 2674 8691 46 1289 19440 1668 188 266 7078 10959 443 262 836 230 3798 33844 90754 303 366 7740 9164 714 5268 1016 387 1206 6433 258 243
internal_value=-0.000347763 0.00181353 -0.0254612 0.00129976 0.00187657 -0.0296726 0.00282632 -0.0173574 0.0248798 0.00400933 0.00449482 0.00327914 0.0007532 0.0120631 0.0803477 0.002204 -0.0209813 0.00149767 -0.0261867 0.0419113 -0.0341395 -0.044733 0.0185782 -0.0246633 -0.000163701 0.00452033 0.0414545 0.00927485 0.022687 0.00884517
internal_weight=14004.9 12895.1 1109.77 12801.1 12664.6 1054.19 12258.7 677.406 269.245 11581.3 11470.1 10762.7 8367.37 2395.3 57.3747 7924.18 839.446 7794.3 405.879 39.0005 366.878 408.161 42.9126 443.189 971.343 873.123 129.882 785.706 707.402 186.932
internal_count=218793 154189 64604 153346 150672 62218 142217 12230 2164 129987 128698 121362 101731 19631 496 96020 42778 94552 8455 669 7786 10066 902 5711 8672 7836 1468 7449 7336 8934
cat_boundaries=0 73 147 221 244 265 277 352 376 397 472 546 570 593 594 607 628 629 650 651
cat_threshold=0 0 0 134217728 0 32 0 65536 134217728 0 0 536870912 16777216 0 0 0 4096 0 0 0 0 0 262144 0 0 0 0 2147483648 0 134217728 0 0 0 0 2147483682 512 8 8388608 1024 0 8192 0 0 0 8 0 0 0 0 0 0 0 0 0 0 0 67109888 0 0 67108864 0 33554432 0 0 2 4096 0 1 0 0 128 0 4194304 0 0 0 16 1024 0 0 256 0 1056 0 0 0 32768 0 16777216 32768 0 0 128 0 262144 0 0 0 0 0 33554432 0 0 0 0 0 0 0 268435456 0 0 0 0 0 33554432 0 16777216 0 128 0 2147483648 0 257 0 0 0 2147484672 0 0 0 136314880 0 0 0 1040 0 0 32768 16 5242880 33554432 0 0 0 0 16777216 16512 0 1024 67108864 0 128 0 65536 0 8320 8388608 0 0 8388608 32768 0 8192 0 0 0 0 128 0 2048 0 0 0 1073741824 0 0 0 0 0 0 32768 0 0 536870912 0 65536 512 1048580 33554432 0 16777216 0 65536 0 0 0 0 0 2048 131136 0 131072 0 0 0 16384 0 0 0 0 0 32768 0 0 0 0 0 0 0 0 18432 34078720 0 33554432 32928 2147483648 1073741834 2155889669 83890176 131072 8 264192 8 2097152 0 0 4 16 67108864 2 0 0 2147483648 1024 163840 1073741826 536887424 2097152 0 0 0 131072 8192 0 1056768 16777216 53248 16384 0 65536 64 134218240 32768 0 69206016 131072 2 536887424 0 0 0 0 131072 8192 0 8192 16777216 0 0 0 0 16 0 0 16384 0 1024 512 0 0 0 0 0 67108864 0 128 0 0 0 0 0 0 1024 0 1 0 1073741824 4096 0 268468224 0 0 1073741824 128 0 0 0 0 0 65536 2147483648 0 0 0 0 0 0 16 134218240 0 0 0 0 0 72 4 0 0 0 0 0 16384 0 0 0 536870912 0 536879104 512 2147483648 512 8388928 268435456 256 2048 1024 0 0 2048 0 151035904 0 0 32 134217777 0 0 0 268697600 50872320 33824896 131074 2097158 160 0 262144 128 16777216 128 0 0 16385 0 0 268435456 0 151552 1107296256 13701260 1056768 0 512 35 9216 536875272 0 1 2 0 0 0 0 0 0 537133056 0 0 0 0 0 0 0 0 0 0 0 0 134217728 0 0 0 0 0 65536 16777216 0 1048576 0 0 0 32 1048576 0 0 1073741824 2147483648 8 0 0 0 0 0 0 0 8192 0 0 0 1024 0 4195328 2 0 8 16777216 2147483712 0 33554432 0 0 8388608 1040 0 1073741824 16 0 134217728 4194304 0 1048576 0 2129920 0 0 262144 65536 33554432 16777216 0 0 0 0 0 0 0 65536 0 0 0 0 0 0 0 65536 0 0 0 5 16777216 262144 0 65536 0 0 0 268435456 0 0 0 0 2097152 0 0 0 67108864 0 2148532240 1048576 0 2147483648 2048 524288 1073741824 0 0 0 0 0 0 2129920 0 0 0 0 4 0 0 65552 0 0 0 0 0 67108864 0 128 0 0 0 0 0 0 0 2097152 0 610320 32768 0 0 0 0 2147483648 0 0 0 0 0 403875840 2837742284 649 0 0 8704 2162688 0 201850880 528384 34078720 0 268435456 512 67108864 100663296 304 67108864 0 2097156 402653696 4243456 0 67129344 0 4096 296 0 0 4194304 512 0 0 0 0 0 0 0 1073741824 131080 0 0 4194304 0 0 0 0 0 0 0 0 83886080 258 1 0 8454144 0 0 65536 0 67112960 8708 0 4194304 4210688 0 0 0 131072 0 0 0 1073741824 268435456 58624 0 0 1073807360 0 0 0 0 262144 34873552
is_linear=0
shrinkage=0.1


Tree=31
num_leaves=31
num_cat=18
split_feature=13 3 13 3 23 3 3 25 3 3 17 3 13 25 3 29 3 3 30 3 30 30 14 3 25 3 3 26 13 15
split_gain=58.7139 61.4812 43.2439 32.6896 29.1643 111.463 46.1636 37.8182 44.2474 28.8145 26.129 36.4819 26.081 32.7373 89.5916 29.5234 28.8369 28.0269 25.0316 23.358 22.2204 22.9026 20.1845 20.1432 20.0521 162.179 38.5208 35.8001 35.7094 32.5405
threshold=0 1 2 3 5.5000000000000009 4 5 5.5000000000000009 6 7 49.850000381469734 8 9 23.500000000000004 10 0.063091341406106963 11 12 3950.5000000000005 13 4258.5000000000009 4003.5000000000005 5.5000000000000009 14 1.5000000000000002 15 16 1.0000000180025095e-35 17 4.5000000000000009
decision_type=9 9 9 9 2 9 9 2 9 9 10 9 9 2 9 2 9 9 2 9 2 2 2 9 2 9 9 2 9 2
left_child=-1 -2 23 18 6 10 -5 9 -9 -7 11 -6 16 17 15 20 -8 -14 -4 -16 21 -15 -20 -3 26 27 29 -26 -28 -19
right_child=1 2 3 4 5 7 12 8 -10 -11 -12 -13 13 14 19 -17 -18 24 22 -21 -22 -23 -24 -25 25 -27 28 -29 -30 -31
leaf_value=0.099105613609740184 -0.054548767723582817 0.04296468430566646 0.039912262177278085 -0.036821364757551371 -0.0047114996019752926 -0.0028293663376086279 -0.033975584032770484 0.019957154636476411 -0.04917532081590513 -0.079104618619238426 0.11035645813973965 0.085666829406901165 -0.038752129096563344 0.24031303090686343 0.015160880498695802 0.046653372885758965 0.051680502605941619 0.015822915241972085 -0.014700683529329886 -0.0544638677911288 0.38263830918577652 -0.076175829406289197 0.020702473179653041 -0.072747733102732609 0.09870314329856926 -0.004309688619105051 0.049233209465237224 0.041245325179517844 -0.0026689971295593877 0.088372837495049136
leaf_weight=48.626991856377572 202.56815812783316 14.020382741931824 335.86992268357426 318.10059299645945 140.69349300023168 73.15708558447659 44.560319896787405 169.88451219070703 185.66520099481568 248.30198907619342 44.159684905782342 56.37852736748755 158.83810463221744 5.9098173612728697 57.118984902277589 65.696139972656965 181.82516569644213 619.30701986048371 269.42509322520345 338.57270789612085 4.7224453035742036 3.7293498618528247 400.31459011603147 108.31170945148915 185.22258834820241 1520.6505720517598 124.89928960241377 261.5854227989912 7711.4681239938363 68.67901261895895
leaf_count=532 14981 343 2009 8299 1799 3358 588 3661 4758 9347 389 528 3866 127 1196 514 2610 6430 1500 8908 168 142 2408 3858 2426 21488 1624 4044 106227 680
internal_value=-0.000760657 -0.00117988 -0.000352587 0.000201025 -0.00119034 -0.0183507 0.000158782 -0.0388642 -0.016965 -0.0642948 0.0392058 0.0252519 0.0012263 0.00052749 -0.0251371 0.0667134 0.0340964 0.00167439 0.0174596 -0.0442874 0.204929 0.117865 0.00646037 -0.0572414 0.00232114 0.0114232 0.000223073 0.0636399 -0.00178007 0.0227348
internal_weight=13968.3 13919.6 13717.1 13594.7 12589.1 918.24 11670.9 677.009 355.55 321.459 241.232 197.072 11352.8 11126.4 475.749 80.0578 226.385 10650.7 1005.61 395.692 14.3616 9.63917 669.74 122.332 10491.8 1967.46 8524.35 446.808 7836.37 687.986
internal_count=218808 218276 203295 199094 193177 23840 169337 21124 8419 12705 2716 2327 161038 157840 11055 951 3198 146785 5917 10104 437 269 3908 4201 142919 27958 114961 6470 107851 7110
cat_boundaries=0 72 95 170 193 216 240 263 286 305 379 400 423 446 469 492 516 539 613
cat_threshold=0 0 0 0 33555456 0 1073741824 0 524288 16384 0 0 16777216 0 0 0 256 0 0 0 0 0 0 0 0 256 0 0 1048576 589824 0 0 33816576 131072 1048576 0 0 0 0 0 0 0 67108864 0 8 0 0 0 0 1024 0 0 0 0 0 16777216 1024 2097152 0 67108864 0 262144 0 0 2105344 0 0 0 0 0 128 4096 0 2097152 0 2048 268443648 0 32 532480 2147614720 3288338440 0 0 268435456 109051904 1 0 0 0 0 0 0 13042689 13649408 0 0 67108864 0 144 0 0 0 8192 8388608 0 0 0 0 0 0 67108864 0 0 0 0 0 0 0 512 0 0 0 0 2147483648 0 0 0 32768 0 0 128 50331648 65536 0 4 0 0 16777216 0 589824 16778240 8 0 0 16 0 131072 0 0 0 0 0 64 0 0 0 0 32768 256 0 1073741824 0 0 0 536870912 131072 512 512 2097152 1090519040 0 128 1024 0 0 0 4194304 0 0 0 2048 2147483648 2162816 0 512 268435696 17039360 574624128 131586 67108868 0 33554432 2181562368 1094713344 536887296 2097152 0 0 524288 0 8192 256 1074798592 268435456 4243456 16384 0 65536 0 201327104 32770 0 0 0 2149646336 2181038080 9437184 0 2097152 16384 153094144 525312 134217728 0 536871168 1073741824 0 0 1048576 0 65536 33554432 201326592 32770 134217728 0 512 8192 48 671088640 134217732 0 0 0 4 131072 2097152 0 0 4096 1646264320 729628 1032 0 0 0 0 0 0 262176 16384 67108864 67239936 33554435 33554433 0 0 0 3145728 2097408 33554432 513 0 2164260872 2 5 0 0 0 256 0 0 16384 64 67371008 2147483648 4194304 536887296 0 0 0 0 0 8192 0 1056768 0 49152 0 0 0 0 0 2 0 0 0 65536 0 0 0 0 0 1024 0 0 0 0 0 0 0 0 0 0 0 0 262144 0 4096 16 65536 0 0 0 0 0 2048 268435456 2 1342177280 8388616 0 0 8 2147745792 0 0 0 0 1048576 0 134217728 0 0 0 1024 0 0 0 8 67108864 0 16384 0 0 0 2097152 0 32768 16 0 1 1024 0 0 67108864 0 2097280 134742016 134217796 37748736 128 0 4108 2048 2097152 0 268435456 16384 33554464 138412172 261 0 0 2 1536 262152 0 327680 0 0 2151677952 0 0 0 131072 2097152 301989888 0 0 2543845376 213072 0 0 0 0 0 0 0 262144 0 128 0 16777216 33554496 0 0 2248216586 26624 1024 0 16779300 0 32 0 0 0 0 134217728 2048 16384 0 18432 16384 524546 603979776 2 2147483648 9 0 33554432 0 4096 184557568 16777216 0 2147483648 1376256 1024 0 0 262145 2312 0 0 2048 160 2281701510 0 0 536870912 0 0 4 0 4096 33562624 0 0 671088640 65824 8 0 0 0 33554432 2 0 67108864 0 134225986 134348800 268960001 1 0 0 4 131072 2097152 50331648 0 1060864 33554432 4259844 12 0 1611661312 2147483648 33554432 262144 1 4096 32 0 262144 0 33554432 2155872256 518 0 537001984 0 0 0 0 0 1275068416 545316865 0 0 0 0 36864 16 65536 32768 2183168032 270794816 0 0 0 0 32768 0 0 0 0 0 0 536870912 65536 0 8388608 8192 0 0 0 268435456 0 65536 0 512 4194304 0 0 2147745792 0 8388608 0 16384 0 0 0 0 0 2097152 0 0 8193 0 0 0 2147483648 0 0 0 0 2147483648 1073741824 8192 0 4194304 2 0 0 0 0 0 0 1024 0 0 1026 0 16 16 0 0 32 65536 0 2048
is_linear=0
shrinkage=0.1


Tree=32
num_leaves=31
num_cat=19
split_feature=13 3 13 9 3 3 3 17 3 13 3 23 3 3 25 3 25 3 3 13 23 26 2 30 28 23 3 21 3 28
split_gain=61.6715 57.5294 32.7064 30.401 42.95 30.8922 25.829 31.728 25.7246 25.5523 35.6298 23.9323 99.0685 34.4389 33.7276 31.1334 24.1577 64.7444 22.3254 24.8416 22.2044 20.8063 20.7976 20.4972 20.3676 44.9929 18.5635 17.2058 24.3997 19.8963
threshold=0 1 2 3 4 5 6 56.750000000000007 7 8 9 5.5000000000000009 10 11 5.5000000000000009 12 28.500000000000004 13 14 15 223.50000000000003 8.5000000000000018 16 4073.5000000000005 0.037208344787359245 1.0000000180025095e-35 17 -1.0000000180025095e-35 18 0.10673831030726434
decision_type=9 9 9 9 9 9 9 10 9 9 9 2 9 9 2 9 2 9 9 9 2 2 9 2 2 2 9 2 9 2
left_child=-1 22 8 4 -4 -5 7 23 -3 10 -8 13 20 -11 -14 -16 18 -18 27 -20 21 -13 -2 24 25 -7 -19 28 29 -15
right_child=1 2 3 5 -6 6 9 -9 -10 11 -12 12 14 16 15 -17 17 26 19 -21 -22 -23 -24 -25 -26 -27 -28 -29 -30 -31
leaf_value=0.091888999193033477 0.067479812909042522 0.037873821479943705 0.044787041609449088 -0.034177963116056052 -0.040690682628677387 0.045647809412618735 -0.03028302807527665 0.09878374384899033 -0.058087640021827071 -0.030707319073738304 0.061425083819934514 0.062662265766311329 -0.066459586109574212 0.021585329700774841 0.012461498601253484 -0.052710063238597206 0.068221463595429202 0.022097959028942789 -0.043771487515782206 0.0020526598161290772 -0.059420726076598054 -0.030411609682642244 -0.067842527564076757 0.0022102468158740757 0.021231535456068328 0.39846149611619192 -0.051759166718911023 0.023264168645889843 -0.029637828541251673 0.17651941595560527
leaf_weight=62.705455398187041 6.6615219973027706 29.449745900928974 63.751491250935942 226.24533245712519 331.58774984301999 17.369210482575003 54.904577216133475 42.592460420913994 149.15930261416361 318.52482006652281 140.63926194608212 174.81673284526914 260.85751962754875 68.832106878980994 163.31417881511152 120.73453928763047 56.009317263960838 37.703058364335448 110.02220550598577 8334.3268499826081 20.465154713951051 27.843630591407418 152.01161999814212 1013.1443355986848 712.01247905567288 4.5643966021016231 257.08665272593498 856.4738511396572 154.36741594597697 9.4232635609805566
leaf_count=708 507 510 1126 6369 6512 551 668 286 4517 6405 1880 2396 11099 1287 3573 3588 841 843 1593 115407 408 731 13107 7631 4208 130 6486 13676 1776 83
internal_value=2.87117e-05 -0.000450956 0.000260598 0.000834475 -0.0261419 0.0016627 0.00231445 0.0134332 -0.041096 0.000521975 0.0354548 -0.00013239 -0.0171558 0.00114894 -0.0397684 -0.0166565 0.00220437 -0.0235656 0.00315493 0.00140455 0.0381408 0.0498748 -0.0584975 0.0114293 0.0241553 0.119069 -0.0418979 0.0165616 -0.00740401 0.0356823
internal_weight=13977.6 13914.9 13756.2 13577.6 395.339 13182.3 12956 1789.68 178.609 11166.3 195.544 10970.8 768.032 10202.8 544.906 284.049 9884.24 350.799 9533.45 8444.35 223.126 202.66 158.673 1747.09 733.946 21.9336 294.79 1089.1 232.623 78.2554
internal_count=218902 218194 204580 199553 7638 191915 185546 12806 5027 172740 2548 170192 21795 148397 18260 7161 141992 8170 133822 117000 3535 3127 13614 12520 4889 681 7329 16822 3146 1370
cat_boundaries=0 74 98 173 174 197 221 244 267 341 364 386 410 432 455 479 554 565 588 612
cat_threshold=0 0 0 536870912 1024 32 1073741824 0 524288 0 0 0 0 0 131072 0 32768 0 0 0 0 0 0 0 4096 320 0 2147483648 0 134742016 0 0 33554432 0 0 0 0 0 268435456 0 0 0 0 0 10 0 0 0 0 4194304 16777216 1024 0 0 0 16777216 0 0 32 67108864 0 33816576 0 0 2097152 4096 0 1 0 0 0 67112960 0 268435456 2112 0 0 0 8192 4194304 0 0 0 1078988811 0 0 268435456 109051904 1 0 0 1073741824 1 64 0 329217 1080037664 4096 0 0 67108864 0 0 0 0 537133056 0 0 0 0 0 0 0 0 67108864 0 0 0 2097152 0 0 0 0 0 1073741824 0 0 0 0 0 0 32768 0 0 0 16777216 65536 0 1048576 0 0 16777216 16 1048576 1024 8192 0 1 0 512 131136 0 268435456 0 16777216 0 0 0 0 0 0 0 16640 0 0 16 536870912 0 32 4325888 0 0 69206016 8192 142606336 0 0 0 0 4 269484032 2228224 2181038080 0 1074028544 578813952 267824 4 0 8388608 0 524544 0 0 0 18432 33554434 128 277872640 106496 0 16384 2097160 1048646 0 65536 8192 2 0 3 0 0 1073742336 0 2214592768 65536 67633152 64 532480 2147483648 32 2147483648 1090519040 128 8 0 131073 0 256 8192 32768 1073741824 16777216 41943048 0 0 0 270540928 16818176 50339976 2 32768 1073741824 98304 25165824 37748736 0 1024 0 0 0 0 16777216 0 32768 2566914048 4 26 0 512 0 1024 2 0 262148 0 514 0 0 0 134217728 33554432 0 0 2 134217728 1024 0 134217728 2048 2147516544 0 0 4096 0 0 0 0 0 268435456 0 0 0 0 0 0 0 0 0 0 268435456 0 512 32 8388608 0 0 4194304 0 603979776 0 2048 0 0 2147483648 0 2164260864 1077936128 0 2 1024 0 0 1024 0 0 0 0 67109888 0 8 0 0 0 0 0 0 0 0 0 2097152 33554432 0 0 0 0 0 0 8388608 16777216 0 1048576 2686451712 4859856 1 0 65536 32 16384 2 0 4 32 1 33587200 37748736 33554433 2097152 0 0 524288 2097152 0 256 1056768 301991936 4300800 24577 0 65536 64 134218240 32834 131072 67108864 2147483648 33554432 0 33554944 2195472 0 536870912 2646016 16777728 2147483648 134217728 12 0 16777216 0 32 65536 4 134217728 32770 0 67108864 0 335544321 2064 1745485824 134217732 541081600 512 0 0 131072 8192 285212672 0 16384 3223322624 541204 8 8388608 0 2 0 0 0 32 2048 134742016 134217796 541065216 0 0 301993988 268435456 2097152 16777216 0 4096 0 4734980 13 0 0 0 2048 64 0 327680 0 2 939524096 524288 2147485696 512 0 4 16777216 128 268435456 1024 149504 2214592512 2148533632 65536 0 8388608 0 524288 0 0 0 2080 134479880 327680 0 0 0 0 0 0 0 0 8192 32 0 0 0 16 0 0 536870912 131072 0 0 0 0 537133056 0 0 1024 0 0 32 2147483648 0 0 268435456 32 0 0 0 1073741824 1024 0 0 0 0 0 0 0 0 0 0 0 0 2048 0 0 2 0 0 9 2147483648 262144 41943072 0 0 0 16 0 0 0 0 0 536870912 0 512 0 256 16777248 2147483648 0 67108864 0 2101824 335544320 0 0 0 1073742336 67108864 536870912 0 1152 0 0 2560 12288 134217728 16779520 24576 33554432 2097168 17664 0 0 4130 0 256 0 0 20608 532608 134217728 0 0 0 0 4 16777216 0 0 1024 16384 2147483648 2147483648 65536 0 0 0 0 0 0 0 32 0 65536
is_linear=0
shrinkage=0.1


Tree=33
num_leaves=31
num_cat=13
split_feature=13 18 13 20 26 23 15 13 17 13 13 23 14 13 13 14 9 10 29 13 12 18 14 28 12 23 17 12 18 20
split_gain=59.0122 49.616 24.4314 22.8931 21.5363 80.3749 21.4489 21.7659 21.6308 20.1341 18.7688 18.1355 16.1406 22.9308 20.4239 19.6369 19.2217 18.2661 18.1762 16.3119 15.6628 14.3351 13.5576 13.129 12.6333 12.5266 12.446 13.9261 17.9011 13.7833
threshold=0 0.024770003743469719 1 7.5000000000000009 35.500000000000007 1.0000000180025095e-35 5.5000000000000009 2 27.750000000000004 3 4 73.500000000000014 4.5000000000000009 5 6 1.5000000000000002 7 8 0.13898781687021258 9 10 0.17388866096735003 2.5000000000000004 0.060463631525635726 11 1.0000000180025095e-35 49.850000381469734 12 0.036673398688435561 1.5000000000000002
decision_type=9 2 9 2 2 2 2 9 10 9 9 2 2 9 9 2 9 9 2 9 9 2 2 2 9 2 10 9 2 2
left_child=25 3 -3 10 6 24 7 8 -4 -9 22 12 13 -11 -14 16 18 -17 23 -16 -18 -13 -2 -15 -6 -1 -21 -28 29 -29
right_child=1 2 4 -5 5 -7 -8 9 -10 11 -12 21 14 15 19 17 20 -19 -20 26 -22 -23 -24 -25 -26 -27 27 28 -30 -31
leaf_value=0.085985934796385277 -0.080785303803555766 -0.038250732169365038 0.097251549246525695 -0.061945784130726211 0.041049215041019965 -0.039666358415367892 0.020547979173023867 -0.036022392422260928 0.014602262105574575 -0.041929690679948471 -0.022535814514574631 -0.069122492355954204 0.030597421077268896 0.0085065475457664456 -0.022995423279305861 -0.050860539564130725 -0.056789255649115411 0.013170281672449231 0.00027997099785207602 -0.0016835833115197601 -0.0054810017883387581 0.0079592521733723252 0.11541886356179697 0.12063508169974363 0.0051108711502583859 0.19775200967948958 -0.014659023890753263 0.072152120653826812 0.030358945731556577 0.27896048126453254
leaf_weight=40.225510661955923 4.2989059174433377 149.7990037733689 46.783675901591778 158.04665684700012 111.03115083649755 555.60778560303152 616.69635245576501 135.95294426521286 97.99579687602818 84.326930946670473 382.81055080331862 64.672044092789292 187.5574411554262 15.622852732427416 341.74675139086321 36.010436582379043 55.067948201671243 2831.4644501646981 59.400374390184879 6278.4485022388399 790.24939208989963 38.483496427536011 19.483114375267178 31.491145575419068 561.61826146952808 13.358053683303295 67.577391978353262 8.4930207394063455 129.30930680781603 5.1932348906993857
leaf_count=448 169 3712 478 17144 1297 9656 6813 1880 1246 945 26524 4401 2143 356 4799 374 786 34049 335 80358 9940 252 801 383 6511 180 886 228 1377 130
internal_value=-0.000175355 -0.000615567 0.000616518 -0.0296494 0.00108751 -0.0115198 0.00238722 0.00139661 0.0386404 0.000878082 -0.0170954 0.00136534 0.00176074 0.0069153 -0.00110626 0.00808238 -0.00434201 0.0122347 0.0338882 -0.00201861 -0.00944834 -0.0403662 0.0562853 0.0834536 0.0117293 0.0959432 -0.00088018 0.0230323 0.0391331 0.150625
internal_weight=13918.8 13865.2 13300.6 564.639 13150.8 1228.26 11922.5 11305.8 144.779 11161.1 406.593 11025.1 10922 3903.63 7018.33 3819.31 951.832 2867.47 106.514 6830.77 845.317 103.156 23.782 47.114 672.649 53.5836 6489.02 210.573 142.996 13.6863
internal_count=218601 217973 173335 44638 169623 17464 152159 145346 1724 143622 27494 141742 137089 47168 89921 46223 11800 34423 1074 87778 10726 4653 970 739 7808 628 82979 2621 1735 358
cat_boundaries=0 72 148 223 298 366 441 512 513 514 589 590 591 592
cat_threshold=0 0 0 536870912 0 16777248 1073741824 0 0 16384 0 536870912 16777216 0 0 0 32768 0 0 0 0 0 0 0 0 256 0 0 0 0 0 0 33816576 268435488 1048576 268435456 0 8388608 0 0 0 0 67108864 0 8 0 0 2048 0 4 0 0 32768 0 0 0 67108864 8 0 524288 0 262144 4 0 2097152 4096 0 1 0 0 0 262144 0 0 67108864 65536 0 0 0 0 0 0 2560 0 0 0 0 0 67108864 0 0 0 128 0 0 0 0 0 16777216 0 0 0 0 0 0 32768 0 1073741824 536870912 0 268500992 512 0 0 0 16777216 1048576 0 1280 0 0 0 16 0 0 2048 0 131072 0 0 0 0 33554432 0 0 0 32768 0 4194320 0 0 0 32 4194304 0 0 2097152 1 2 0 0 1 32768 0 0 0 0 2 0 1073774592 2048 2147483648 0 0 4096 0 0 0 0 65536 268435456 0 4198400 0 0 0 0 65536 0 0 133120 131072 0 0 0 0 1024 0 0 33554432 0 0 0 0 16777216 0 0 0 0 8396800 0 0 2 0 0 64 0 262144 0 16 0 0 0 0 0 0 0 0 0 0 1024 2097152 32768 0 0 0 0 0 0 0 0 8192 0 0 0 0 32896 131072 0 537919488 8192 0 0 2097152 262144 262144 0 0 1024 0 0 64 2147483648 0 33554432 268435456 0 0 0 0 0 0 8388608 0 0 0 0 0 0 0 8192 0 2147483648 1073741824 512 131072 1024 0 0 0 0 128 0 0 0 0 0 16640 65552 0 0 0 0 0 512 0 0 8388672 0 0 0 134217728 0 0 0 262144 0 1056 0 0 0 0 0 0 0 0 0 0 2097152 0 0 0 0 0 16777216 0 0 0 0 0 0 0 0 0 0 2097152 268435456 0 0 0 0 0 1048576 0 0 2147483648 0 256 1073741824 0 0 0 0 0 2 0 2147500032 0 32 16 0 0 0 0 4194304 33554432 0 0 0 0 0 0 0 536870912 134217856 0 0 0 8388608 0 0 0 0 0 0 0 0 268435456 0 0 0 0 0 33554432 16777216 134217728 0 0 0 0 0 4194304 8388616 0 16 8 4194304 0 65536 0 0 0 0 0 16777216 524288 0 0 0 0 0 0 0 1 2147483648 0 0 0 0 8388608 1024 0 1048576 0 545259520 0 0 0 0 0 67108864 0 0 0 16384 0 0 0 0 134217728 0 0 0 0 0 0 256 256 0 0 0 0 67108864 0 0 512 4 0 33554432 0 134217728 0 0 0 0 2147483650 4194304 8388616 0 2149580800 8 4194304 0 0 0 16 0 0 8 0 1 16777216 2048 0 4194304 0 0 16777216 524288 32 0 0 0 0 8388640 1024 0 0 0 8388608 0 4194304 268 48 0 0 262144 0 0 0 0 262144 1024 0 0 0 0 131088 0 8192 0 0 0 0 134217730 0 0 0 0 1 0 16777216 0 0 0 0 0 0 0 0 160 2097152 0 262144 0 0 536870912 0 0 2 0 0 0 1024 0 0 64 0 131072 0 1024 16777216 16384 0 1 0 2097152 0 0 0 0 0 0 0 128 0 0 0 16777216 537168 1422736 67872720
is_linear=0
shrinkage=0.1


Tree=34
num_leaves=31
num_cat=5
split_feature=23 1 17 8 26 23 23 23 26 25 25 29 6 28 25 26 28 12 25 17 16 16 28 25 23 25 12 30 20 17
split_gain=26.7082 26.2567 23.5869 19.2988 18.9826 83.2697 24.3857 45.7011 48.544 42.3782 41.0793 57.9601 30.3395 27.8051 33.6027 24.8342 22.6219 22.5762 22.0968 21.5334 20.041 32.9064 20.7381 19.6234 19.6175 19.1784 18.4114 17.4016 15.5079 22.3205
threshold=85.500000000000014 0 49.850000381469734 1 11.500000000000002 1.0000000180025095e-35 1.0000000180025095e-35 5.5000000000000009 1.0000000180025095e-35 14.500000000000002 11.500000000000002 0.086758032441139235 2 0.021319050341844562 5.5000000000000009 1.5000000000000002 0.11382546648383142 3 1.5000000000000002 36.850000381469734 5.5000000000000009 6.5000000000000009 0.020199722610414032 2.5000000000000004 3.5000000000000004 1.5000000000000002 4 1083.5000000000002 60.500000000000007 30.650000572204593
decision_type=2 9 10 9 2 2 2 2 2 2 2 2 9 2 2 2 2 9 2 8 2 2 2 2 2 2 9 2 2 10
left_child=1 -1 3 -3 6 -6 9 8 10 15 11 24 19 20 27 16 17 -5 -7 28 -9 -22 25 -10 -8 -23 -4 -15 -11 -30
right_child=-2 2 26 4 5 18 7 13 23 12 -12 -13 -14 14 -16 -17 -18 -19 -20 -21 21 22 -24 -25 -26 -27 -28 -29 29 -31
leaf_value=-0.060875045188801574 -0.050467095368206483 -0.013653803608753033 -0.01809948293025478 0.032359859726640988 0.013621396130507966 -0.052809279837558211 0.099422281644074073 -0.086356404867151404 -0.034929295157055333 -0.04199947067788757 0.006409822575222341 0.02475929161002793 0.044128385068188218 0.0749744643379152 -0.00052900683940461087 0.03888297864956522 0.0061818663732275958 -0.0058505137280995319 -0.018289361802313511 -0.062158711397603518 0.38495690204366262 -0.092383075906639522 0.28505400767977251 0.012719797734480396 0.020620267729902039 0.086708573432907554 0.024539709872156881 -0.06099929064776613 -0.010371439159821964 0.17685650114047768
leaf_weight=60.498865413945168 105.68005450535566 1042.2740153819323 115.87534481985494 150.6760864299722 745.60671517299488 332.20116349216551 210.35054634837434 7.1663176990114144 157.30206819577143 30.714680222328752 327.90496404189616 360.94426684081554 41.082681125961244 10.008378536906092 453.2660595769994 169.99269955884665 3576.1532788034528 4302.2324534794316 419.72139779711142 220.45919578894973 3.5697417273186138 8.2113423738628644 3.829335077200084 191.83466741675511 37.174343022983521 21.999171108473092 611.4184821145609 157.92740077478811 16.462089348584417 10.38379810657352
leaf_count=5692 6094 18332 1889 2728 9223 7745 4165 370 2659 849 5244 2667 578 88 6081 1966 24000 83670 7503 7802 99 622 168 2440 886 776 8454 5306 279 151
internal_value=-0.00038659 -2.99759e-06 0.000309183 -0.00067035 0.000471451 -0.0100589 0.00197812 0.0120612 0.0230759 -0.000331884 0.0349418 0.0503178 -0.0360851 -0.00920006 -0.0146858 0.00105961 0.000258808 -0.00449803 -0.0335403 -0.0479382 0.0669073 0.0961109 0.0658198 -0.0087483 0.0875875 0.0380307 0.0178348 -0.0528957 0.00652715 0.062047
internal_weight=13902.9 13797.2 13736.7 13009.4 11967.2 1497.53 10469.6 1951.49 1285.51 8518.16 936.374 608.469 319.102 665.978 621.202 8199.05 8029.06 4452.91 751.923 278.02 44.7759 37.6096 34.0398 349.137 247.525 30.2105 727.294 167.936 57.5606 26.8459
internal_count=218526 212432 206740 196397 178065 24471 153594 31571 18061 122023 12962 7718 9659 13510 11475 112364 110398 86398 15248 9081 2035 1665 1566 5099 5051 1398 10343 5394 1279 430
cat_boundaries=0 1 2 3 4 5
cat_threshold=1897521 24 1 70458390 75075092
is_linear=0
shrinkage=0.1


Tree=35
num_leaves=31
num_cat=8
split_feature=13 18 13 12 13 17 28 18 13 23 26 23 23 26 26 25 13 25 23 13 29 25 18 25 0 20 30 25 18 30
split_gain=45.8055 42.4774 36.1069 26.5394 24.3828 23.8981 18.0353 17.7116 15.8735 15.7101 14.68 44.4281 22.1494 26.4641 22.6271 23.0954 21.2053 20.8452 17.7325 23.7479 21.9791 19.6378 19.6548 18.8756 16.8891 18.4116 16.28 15.8661 15.3977 39.8734
threshold=0 0.064110070466995253 1 2 3 72.350002288818374 0.068360310047864928 0.014388239942491056 4 21.500000000000004 11.500000000000002 1.0000000180025095e-35 1.0000000180025095e-35 1.0000000180025095e-35 1.0000000180025095e-35 3.5000000000000004 5 1.5000000000000002 4.5000000000000009 6 0.086758032441139235 17.500000000000004 0.093102216720581069 1.5000000000000002 7 40.500000000000007 4152.5000000000009 7.5000000000000009 0.075332164764404311 4450.5000000000009
decision_type=9 2 9 9 9 10 2 2 9 2 2 2 2 2 2 2 9 2 2 9 2 2 2 2 9 2 2 2 2 2
left_child=-1 2 6 -4 -3 7 -2 -5 -6 -9 12 -12 14 18 15 16 -10 -15 19 -14 21 28 -23 -20 -17 -26 -18 -16 -21 -30
right_child=1 4 3 5 8 -7 -8 9 10 -11 11 -13 13 17 27 24 26 -19 23 20 -22 22 -24 -25 25 -27 -28 -29 29 -31
leaf_value=0.072149303353444577 0.072110623258392903 -0.056325097847670404 -0.04005961800799622 -0.049523365649139256 0.036512621652124155 0.2062465143711775 0.29902312887325672 -0.0067626350169897598 -0.034661150117590619 -0.052974758657232959 0.0090529357159291474 -0.026250539538092501 -0.036932552966389816 -0.045773887115269585 0.014405041480642575 -0.033541426378479143 0.0063842902030281984 0.0039610985010522575 -0.060071540415876791 0.03914481185526536 0.024325297492488965 -0.05507732836996191 0.091503719849779674 0.011525143521725328 -0.01073687830990065 0.088969087036110756 -0.0035238951604198675 0.069209053009184673 0.079292880701133522 0.27128764207452732
leaf_weight=76.42347709229216 32.751570184249431 61.492331461980939 319.93568591587245 109.0296539934352 123.82294099777937 5.1149049741215995 3.9222070099785915 2239.5721584358253 150.97149627283216 76.062947281170636 756.18924677185714 674.36847064271569 44.943639000877738 106.98658472299576 188.87181750126183 319.00012653693557 3807.9611612185836 396.9201067276299 39.648290881887078 57.023820986971259 583.71636491268873 24.21364469639957 14.70207181945443 516.66501528024673 71.741947805508971 24.965130727738142 2937.5986307002604 73.337285477668047 80.220248498022556 12.502813309431074
leaf_count=923 1176 663 16266 13412 850 111 69 76590 1405 6994 6560 8191 395 1178 1527 2846 32497 4082 662 771 4221 373 119 5148 542 202 29612 578 733 134
internal_value=-0.000427661 -0.000879456 -0.0119158 -0.0133117 0.00189819 -0.00963997 0.0757292 -0.0101351 0.0022726 -0.00828059 0.00184984 -0.00758921 0.0032804 0.0130034 0.000870281 -0.000164712 0.00121509 -0.00659835 0.0201941 0.0295679 0.0334821 0.0635877 0.000299915 0.00642247 -0.0230554 0.0135965 0.00206635 0.0297332 0.0800347 0.105182
internal_weight=13930.7 13854.3 2786.39 2749.72 11067.9 2429.78 36.6738 2424.66 11006.4 2315.64 10882.5 1430.56 9451.99 1877.54 7574.45 7312.24 6896.53 503.907 1373.64 817.323 772.379 188.663 38.9157 556.313 415.707 96.7071 6745.56 262.209 149.747 92.7231
internal_count=218830 217907 114618 113373 103289 97107 1245 96996 102626 83584 101776 14751 87025 17816 69209 67104 63514 5260 12556 6746 6351 2130 492 5810 3590 744 62109 2105 1638 867
cat_boundaries=0 72 146 147 220 295 370 441 442
cat_threshold=0 0 0 0 0 0 1073741824 0 524288 1024 0 0 16777216 0 0 0 0 16384 0 0 2147483648 67108864 0 0 0 320 0 0 0 524288 0 8192 0 0 2148532224 0 0 0 0 16777216 0 0 536870928 0 10 0 0 2048 0 4194308 0 0 0 0 0 0 0 0 16384 67633152 0 262144 0 8 2097154 69632 0 268435456 0 0 0 4096 0 0 0 16 99328 0 0 256 0 16384 0 0 65536 0 0 0 0 0 4 0 0 0 262144 16 0 0 0 33554432 0 0 4096 0 33816576 0 0 0 0 4194304 0 0 0 33554432 65536 0 0 1048704 0 134217728 0 1 0 0 0 0 0 0 1024 0 2147483712 0 0 67108864 0 268435488 0 0 4194304 0 0 0 0 0 16777216 16512 10188058 0 0 0 16400 0 0 0 0 0 8388608 0 0 0 3221356544 0 0 67108864 0 0 0 128 0 262144 0 0 4 0 0 0 1073741824 0 134217728 0 32768 0 0 0 0 0 0 4 0 4096 0 0 0 256 134217728 16777216 0 0 0 0 0 0 0 0 0 0 0 0 1024 0 134217728 0 0 1073741824 0 0 0 0 0 2147483648 0 0 0 0 33554432 0 0 262146 0 0 0 1073741824 0 0 0 0 0 0 0 128 0 0 268435456 0 0 0 0 2147483648 1048576 134217728 0 0 131072 0 0 0 8388608 8388864 1024 0 0 2 0 0 16 524288 16777216 0 0 0 1090519040 8389632 0 0 0 0 0 72 0 0 0 0 0 0 8192 0 0 0 1024 0 0 0 0 0 8388608 0 0 262144 0 0 0 134283264 0 9216 0 0 0 0 0 131072 16777216 0 8192 0 0 2097152 0 0 0 0 0 0 0 0 2147483648 4096 33554432 0 0 0 0 0 0 268435456 0 0 0 0 0 0 1048576 0 2147483648 0 0 0 0 64 4194304 268435456 0 67108866 0 64 0 32 67108864 0 8388608 16384 0 16 0 8388608 0 32 0 0 268435456 67108864 0 0 0 0 0 0 0 0 1024 0 0 0 0 0 0 0 0 0 0 0 134217728 0 0 0 0 1 0 0 0 0 0 0 0 0 0 1073741824 32 0 0 0 0 0 65536 0 0 2 0 0 0 0 0 0 0 0 2 0 2 0 2147483648 0 0 0 0 0 0 0 0 16 0 0 32 2
is_linear=0
shrinkage=0.1


Tree=36
num_leaves=31
num_cat=13
split_feature=13 13 18 2 30 10 23 23 13 14 15 13 13 13 23 20 13 29 28 18 11 30 9 28 13 30 20 17 13 17
split_gain=48.0071 36.872 31.0442 25.8281 22.6485 20.0832 16.5693 16.4075 14.8485 20.8582 14.6294 20.4443 18.6106 15.1627 14.2425 13.8332 13.3884 13.3177 16.9451 13.2255 15.3017 14.1044 13.0205 12.7245 12.541 11.4188 16.0784 12.1298 11.3556 13.6958
threshold=0 1 0.015739909838885072 2 1301.5000000000002 3 253.50000000000003 1.0000000180025095e-35 4 7.5000000000000009 3.5000000000000004 5 6 7 3.5000000000000004 128.50000000000003 8 0.029119851067662243 0.017782646231353286 0.096029393374919905 9 4003.5000000000005 10 0.38165868818759924 11 3939.5000000000005 2.5000000000000004 40.45000076293946 12 43.750000000000007
decision_type=9 9 2 9 2 9 2 2 9 2 2 9 9 9 2 2 9 2 2 2 9 2 9 2 9 2 2 10 9 10
left_child=-1 -2 3 4 7 -4 8 -3 9 15 12 23 -10 14 -14 -7 17 18 -13 20 -15 -21 -19 -12 -22 -5 27 -27 -26 -30
right_child=1 2 5 25 -6 6 -8 -9 10 -11 11 16 13 19 -16 -17 -18 22 -20 21 24 -23 -24 -25 28 26 -28 -29 29 -31
leaf_value=0.077270143504667321 -0.056233797403944567 0.45247095884692778 -0.063500933235130119 -0.090890263075603869 0.019022955022260771 0.076509881620014875 -0.071282816127365575 -0.0057233677645260085 -0.033063909206182206 -0.014810446458682004 -0.033635172486911391 0.28832148151406306 0.050665184342218464 0.096814258117704902 -0.034059355346051194 -0.02249788563702719 0.0050774867752581398 0.038828399282703936 0.061170668681711206 0.0079835703682691554 0.036373932352201037 -0.002737825635119014 0.00013508201637793643 0.064759659414125398 -0.023161368640339991 -0.008940789425883184 -0.08263158835395211 0.1987491872345204 -0.0066694304084034019 0.01787373611150039
leaf_weight=68.569970881100744 110.33522050036117 3.0704946313053352 39.816080653108656 60.757900201249868 4.9896664530970156 82.644854536280036 32.430434831883758 1.048361729364842 179.62567582167685 60.55301120178774 180.3290067370981 3.8134546400979188 101.91624464048073 4.5477809989824891 24.637653592042625 17.0177261242643 2829.4156133662909 172.55240782303736 23.658403185196221 2060.2892286125571 58.801189941819757 3033.8728902377188 176.36228974722326 14.176269061863421 378.68312621582299 45.544625745620579 38.534953537862748 2.9970913659781209 3838.6702761203051 241.68048903299496
leaf_count=965 3239 295 973 8471 466 1016 2617 110 2951 950 2487 150 1506 82 467 196 39060 1757 1028 12617 935 22790 1999 60 9604 4340 5361 231 87676 4535
internal_value=-0.000677681 -0.00111944 -0.000635317 -0.0448558 0.0773596 -0.000123809 0.000109797 0.335848 0.000281595 0.0296299 -9.35012e-05 0.0055671 -0.00203336 -0.00142588 0.0316685 0.059604 0.00748715 0.0250011 0.0927022 -0.00189385 -0.00583176 0.00159835 0.0203872 -0.0251698 -0.0061358 -0.0539682 -0.0344035 0.00388253 -0.00677651 -0.00520298
internal_weight=13891.3 13822.8 13712.4 156.943 9.10852 13555.5 13515.7 4.11886 13483.2 160.216 13323 3400.31 9922.72 9743.1 126.554 99.6626 3205.8 376.387 27.4719 9616.54 4522.38 5094.16 348.915 194.505 4517.84 147.835 87.0767 48.5417 4459.03 4080.35
internal_count=218934 217969 214730 19274 871 195456 194483 405 191866 2162 189704 46541 143163 140212 1973 1212 43994 4934 1178 138239 102832 35407 3756 2547 102750 18403 9932 4571 101815 92211
cat_boundaries=0 74 149 160 161 236 311 385 460 535 538 539 605 680
cat_threshold=0 0 0 0 1024 0 0 65536 0 0 0 0 16777216 0 0 0 0 0 0 0 0 0 0 0 4096 33024 0 0 0 524288 4096 0 131072 131072 32 268435456 0 8388608 0 16777216 8192 0 67108864 0 8 128 0 134217728 0 256 16777216 8388608 0 0 0 0 0 0 0 67633152 0 0 0 0 2097152 0 0 1 0 0 0 266240 512 128 0 1024 67108864 65536 128 0 0 0 0 0 0 0 0 16 0 0 0 0 0 0 128 268435456 0 32768 0 0 0 0 0 2147483648 0 0 0 32768 0 0 536870944 16777216 65536 512 1048576 0 0 4194304 0 0 1280 512 0 0 0 0 131072 8192 0 0 16777216 0 0 0 0 0 2147484672 0 256 0 1048576 0 0 0 4194304 131584 0 0 67109120 16777248 2348810272 128 67108864 0 2101824 335560704 131072 0 0 512 6166 0 0 0 0 0 0 134217728 0 134217856 0 0 536870912 67584 163840 0 0 0 8192 0 0 0 0 0 0 67108864 0 0 0 0 65536 0 0 8192 524288 0 0 0 0 0 0 256 0 65536 16777216 2048 0 16777216 0 0 524288 0 0 2 0 0 8388608 67108864 0 81920 0 1 0 0 32 8194 0 0 0 1024 0 0 4194304 0 0 32832 0 0 0 134217728 0 0 0 0 8192 0 0 0 0 0 0 16777216 67113216 0 0 128 134217728 65536 0 0 268435456 0 16777216 0 0 0 0 8192 0 0 0 0 8 0 2147483648 0 4194304 0 0 0 0 1048576 0 0 16777216 1024 0 0 0 0 0 0 8 1 0 0 0 67108864 0 262144 0 0 4194304 33554432 0 0 128 0 1024 2048 18874368 64 0 512 16 0 0 65536 262146 0 0 512 0 0 0 0 0 805306368 0 0 0 0 0 2048 0 512 1 0 0 0 0 0 0 268435456 268435456 0 0 128 0 0 0 0 0 0 0 1048576 524288 0 0 0 0 1073741840 0 0 0 0 0 0 0 2147483648 0 32 0 2097152 0 49152 0 1073742864 16 0 0 32 67108864 0 512 0 0 0 8388608 0 16777216 1 0 8224 0 0 1207959552 0 65536 131072 16777216 262144 0 0 128 2097152 0 268435456 0 0 0 0 262144 0 134217728 0 8192 0 0 0 0 0 0 0 0 0 2 0 0 2147483648 1048576 0 0 16779264 1 0 0 0 0 2 0 0 32768 0 262144 0 16384 0 0 0 4096 0 0 0 0 128 0 0 2048 10485760 0 0 262144 16384 0 0 0 0 0 0 131072 0 0 0 0 0 0 0 0 0 0 0 0 0 4194816 16 65536 33554432 0 0 0 0 262144 0 0 0 0 0 0 262152 0 0 0 0 1048592 524290 0 2147485696 0 2147483648 0 1024 0 0 0 0 2 16777216 0 0 32 0 0 0 16384 0 1073741840 16 0 0 32 67108864 0 268435456 131072 136314880 301989888 64 781 0 0 0 0 32768 0 0 0 0 0 0 16384 0 0 0 0 32768 131072 0 268435456 0 67108864 262144 0 0 4 0 16777216 0 0 0 33554432 0 2048 0 4194304 8 0 0 0 1 0 0 1048576 0 0 0 2147483656 0 2147484672 0 9216 0 1024 0 0 0 64 0 0 0 0 0 276824064 0 65536 0 0 0 16384 0 0 0 256 0 1024 133120 0 0 0 0 0 0 0 0 0 134217728 0 0 0 4194304 16 65536 33554432 0 0 0 0 0 0 0 1073741824 8388608 0 2147484672 262152 2147483648 0 0 0 16 2 0 8192 0 0 0 0 0 0 32768 8 2 2097153 0 0 0 0 0 0 1024 0 0 0 0 0 0 0 1024 0 131072
is_linear=0
shrinkage=0.1


Tree=37
num_leaves=31
num_cat=21
split_feature=3 13 23 3 13 3 23 3 3 13 3 17 29 29 16 13 3 3 17 25 30 3 3 3 13 3 13 13 13 9
split_gain=38.4325 38.7371 28.5876 29.2264 27.2719 26.7815 26.4117 21.2237 20.9321 20.2743 17.1983 20.6024 20.4443 18.5133 17.2933 16.2295 21.5809 16.3581 15.932 17.73 15.1512 51.3234 27.9581 24.4868 24.3807 26.3145 22.0188 20.8402 17.9931 17.4285
threshold=0 1 37.500000000000007 2 3 4 27.500000000000004 5 6 7 8 54.250000000000007 0.063091341406106963 0.042491668835282333 25.500000000000004 9 10 11 29.650000572204593 2.5000000000000004 4003.5000000000005 12 13 14 15 16 17 18 19 20
decision_type=9 9 2 9 9 9 2 9 9 9 9 8 2 2 2 9 9 9 8 2 2 9 9 9 9 9 9 9 9 9
left_child=6 7 4 -4 8 -6 -1 -2 -3 -7 11 12 13 18 -14 16 -12 -17 -11 -20 21 26 -22 -23 25 -25 -19 -24 -29 -30
right_child=1 2 3 -5 5 9 -8 -9 -10 10 15 -13 14 -15 -16 17 -18 20 19 -21 22 23 27 24 -26 -27 -28 28 29 -31
leaf_value=-0.045721987666916861 -0.041572773962815363 0.044382982233648199 0.0072197933766010207 -0.066059090942286014 -0.04761837021155238 -0.05920273533553852 0.12767592962961058 0.082287096972875173 -0.06466775941464907 0.22923230304560152 -0.031428717222986277 0.010070789447570932 0.00030116473782766098 0.21514545880085989 0.13931371441209423 -0.024786587985586556 0.050079226352317818 -0.026561005438710469 -0.01705422315896165 0.18512909129293723 -0.017732929156319962 -0.025019118866706175 -0.0379533634400675 -0.051467031717111415 0.0067268295736218888 0.0026479842946024231 0.033377016914657158 0.031496641897247886 -0.024155180905521323 0.0017675722966583971
leaf_weight=242.90188988624141 13.857298977673052 16.565477970987558 97.830580631271005 119.24170189443976 101.11125477682799 44.473522330168635 9.1139161093160492 79.598244297783822 95.442045100498945 5.110155486036092 37.369523145258427 439.18057532422245 52.51136926934123 12.670072922483085 10.787228574976323 236.01237857248634 130.40146721806377 62.064365868922323 17.172696996945895 5.8029452413320533 907.27732628211379 324.90423997864127 125.8526067705825 149.93969725444913 2707.4843444889411 210.86854604724795 749.74747052788734 185.61054807016626 260.27124042762443 6422.1438302355818
leaf_count=8041 112 216 1630 8426 8650 749 255 846 2695 205 546 7698 527 175 108 5539 1953 679 604 223 19454 4265 1788 1743 31525 2813 7797 2772 4478 92296
internal_value=-9.58684e-06 0.000719618 0.000253243 -0.0357442 0.00084048 0.00127393 -0.0379455 0.0616783 -0.0462238 0.00168741 0.00194003 0.0191967 0.0595589 0.114799 0.0239914 0.00117594 0.0311774 0.000743213 0.0695312 0.0340111 0.00126097 0.00611135 -0.00131882 0.000662401 0.00345428 -0.0206219 0.0285272 0.000834658 0.00159957 0.000723331
internal_weight=13873.3 13621.3 13527.8 217.072 13310.8 13198.8 252.016 93.4555 112.008 13097.7 13053.2 543.235 104.054 40.7559 63.2986 12509.9 167.771 12342.2 28.0858 22.9756 12106.2 4205.01 7901.16 3393.2 3068.29 360.808 811.812 6993.88 6868.03 6682.42
internal_count=218808 210512 209554 10056 199498 196587 8296 958 2911 187937 187188 9540 1842 1207 635 177648 2499 175149 1032 827 169610 48822 120788 40346 36081 4556 8476 101334 99546 96774
cat_boundaries=0 24 99 122 198 222 240 263 336 358 432 453 477 498 522 546 621 643 718 793 868 869
cat_threshold=33554432 0 33555456 0 0 0 0 0 65536 25698304 4 0 2168455168 75497472 1073741825 2147483648 0 134479872 541065216 0 0 285279233 2152726528 64 0 0 0 536870912 0 16777248 1073741824 0 524288 16384 0 671088640 16777216 131072 0 0 0 16384 0 0 2147483648 0 0 0 0 320 0 2147483648 0 0 0 0 0 0 32800 0 0 0 2147483648 0 0 0 65536 0 8 0 0 0 2048 0 4194304 0 32768 0 0 16777216 0 0 0 67108864 0 0 0 0 2097152 0 0 0 0 0 160 67637248 0 0 262144 805306368 33554433 536887424 2097280 0 0 537919488 0 16785408 0 1056768 8 66048 0 0 0 0 67108864 0 0 0 18432 8 0 1024 67108864 0 144 0 0 16384 0 0 0 0 0 0 131072 0 67112960 0 0 0 2097152 268435456 0 0 0 0 0 0 0 0 0 0 32768 32768 0 0 536870912 16777216 16 0 0 0 16 0 0 0 16777344 0 0 0 1073741848 0 131072 2048 2 0 0 0 8388608 0 0 0 0 0 256 0 0 0 8388608 0 0 0 2147484672 0 256 1 2048 1049600 32768 98320 24576 69238784 8658946 67108864 0 1744896256 522 0 0 33554432 0 0 0 0 0 524288 0 786496 0 48 0 0 0 0 0 0 0 0 8192 0 1048576 8388608 0 0 0 65536 2 524288 8388608 0 16385 512 0 0 0 0 285220864 0 1073741824 0 24576 8 0 2048 0 33554432 65536 0 67110912 0 268435456 0 0 0 0 0 0 0 1073741824 0 0 0 0 0 0 0 0 0 0 128 0 16 65536 536872960 0 0 1024 1073741824 0 64 1073741824 0 0 268435460 0 0 0 0 33554432 0 8388608 0 2 0 0 0 4259840 0 8192 4096 0 0 134218240 0 0 0 0 8 0 0 0 33554432 0 1024 134217728 16 16 0 0 0 0 536879104 0 1048576 268468224 258 0 0 0 262144 526337 4194432 32768 0 131072 0 9699328 73860 0 65536 0 16801792 384 2 262144 18560 0 0 0 8454144 0 0 33554432 0 128 0 2048 0 0 2147483648 8388608 0 0 0 0 0 0 67108864 268697600 512 67108864 0 0 262144 0 65536 0 33554432 33687552 131104 0 268435456 0 0 0 8 0 0 0 16777216 0 1048576 0 0 0 0 0 0 0 0 0 0 2 8 0 0 0 1024 0 0 0 0 0 1 1024 0 0 4259840 0 268435456 2281701376 37748737 2684354688 0 0 0 0 2097152 16777216 0 4096 1082130464 1232 9 0 0 0 0 16777216 0 67108864 131072 0 8192 32 0 16896 2149597184 17301504 524288 2147483648 32784 268500992 0 0 67108864 0 8260 536870912 65536 67108864 134217760 536870912 294 2048 2348810240 155189252 4194432 4 0 0 4194304 8400896 0 1089 4096 1084227584 572 16640 0 0 0 524288 0 0 1024 201326592 677380096 536889408 2097153 268435456 0 0 8448 67108864 36433 0 8388608 0 0 0 0 0 524544 0 0 0 2160070656 0 5 25690112 100663297 1 4096 0 8 135168 2228224 0 20480 0 2147483648 192 2097184 2097152 2560 2147483648 0 2 0 0 2129920 332800 65536 0 0 0 0 0 0 0 2 8192 1024 131072 0 0 32896 0 0 0 0 0 0 134217728 0 0 0 0 17 0 0 0 0 0 0 0 0 2 1073741824 8 0 0 0 0 0 536870912 0 16 0 0 2281701384 0 2147483648 0 2048 0 4194304 0 8 0 16777216 0 0 0 67108864 0 0 33792 0 512 16 0 0 0 0 0 2048 8388672 536870912 0 2147500032 520 0 4100 0 0 0 0 262144 788531200 689410 1 0 536870912 393216 335544832 0 0 67112966 32 0 0 0 134217728 0 0 0 0 0 0 0 0 0 16 0 0 0 0 0 0 134217728 0 0 0 4194304 0 0 0 0 0 0 0 0 0 0 1077936128 0 0 1024 0 0 0 0 0 0 0 0 0 0 0 0 0 0 4194304 0 0 0 0 0 0 0 0 0 0 0 0 0 33554432 0 0 0 0 0 0 64 0 0 512 0 32768 0 0 65536 0 0 0 268435457 8388608 0 0 0 536870912 0 0 0 0 0 0 0 4198400 4 0 16777216 0 0 0 0 0 268435456 2 512 32 0 268435456 0 4 0 268435456 0 0 2 0 512 0 16 0 0 0 0 131072 0 67108864 0 16384 0 32 0 2097152 0 16384 69632 0 16 0 0 0 0 0 0 16777216 0 0 0 0 0 0 524288 0 1024 1024 0 1073774592 0 0 0 0 0 0 0 128 0 0 0 0 0 16 0 33554432 0 8388608 0 134217728 0 0 1048576 1073741824 0 8388608 0 0 256 131072 67112960 0 0 0 0 0 0 131072 0 2048 1073741824 4195328 0 0 0 0 0 262144 0 16384 4 0 32770 0 512 0 0 0 4194304 0 0 0 8388672 8736
is_linear=0
shrinkage=0.1


Tree=38
num_leaves=31
num_cat=12
split_feature=13 18 13 13 29 30 15 13 2 21 30 7 16 26 6 15 10 26 23 13 13 18 29 12 30 28 18 16 23 9
split_gain=50.753 25.6438 25.3654 22.5753 21.5103 30.6016 41.3032 17.2289 16.9385 15.9636 15.6707 14.7195 14.4058 14.2238 16.3016 13.6607 13.1273 12.1102 18.7983 14.0657 13.0889 25.5403 11.6018 20.0012 13.5219 32.0521 49.9611 36.1876 13.1591 14.8326
threshold=0 0.024770003743469719 1 2 0.013268233276903631 3976.5000000000005 1.5000000000000002 3 4 -1.0000000180025095e-35 3883.5000000000005 5 16.500000000000004 -1.0000000180025095e-35 6 2.5000000000000004 7 133.50000000000003 1.0000000180025095e-35 8 9 0.48488573729991918 0.024598307907581333 10 4345.5000000000009 0.021319050341844562 0.025170597247779373 15.500000000000002 37.500000000000007 11
decision_type=9 2 9 9 2 2 2 9 9 2 2 9 2 2 9 2 9 2 2 9 9 2 2 9 2 2 2 2 2 9
left_child=-1 2 4 -3 5 -2 -7 -5 9 -4 -10 15 -11 14 -12 -9 -13 19 -19 -18 21 -21 23 -22 -25 26 27 -26 -24 -30
right_child=1 3 8 7 -6 6 -8 11 10 12 13 16 -14 -15 -16 -17 17 18 -20 20 22 -23 28 24 25 -27 -28 -29 29 -31
leaf_value=0.09002588502580755 -0.038467407754242317 -0.032990928674578771 0.42076310525746863 -0.0443171744013671 0.0053663251228577525 0.068116658823567044 0.50764352967541559 0.011275872358920594 -0.077296328421556815 0.21426124954932435 0.020505837686210067 -0.038687869910292078 -0.071169664671707267 -0.043933985908602737 -0.036289749274904012 0.1796151324380158 0.028662309326457986 -2.8925933618474405e-05 -0.036624480511883419 -0.057398004700900888 -0.041071708173320412 0.082251316796403087 0.0011232995132153055 0.012952785991965407 0.5029244962076308 0.0032056722752488807 0.067531493588579253 0.10716722827676195 0.017283880173426022 -0.043224528141855997
leaf_weight=51.356690098531544 4.7592510352842501 197.62951371399686 1.7228608853183685 76.19932442670688 23.128522488288581 4.4822619738988561 4.0879829903133214 10.653417381457986 67.666631398722529 3.8007879308424872 106.09383931104094 75.326867544092238 3.3064721408300102 204.46778209600598 96.504616968799382 8.8046901030465943 175.70671106129885 394.10089571867138 218.01702962629497 86.744030363857746 41.139119848143309 15.42510339617729 11509.235164008103 203.47605393500999 5.0519070224836451 55.894818782340735 45.211231147870421 4.2577589950524271 55.051007819361985 124.74614882469177
leaf_count=668 451 3688 126 1449 1193 203 190 136 9224 331 6164 1416 292 19477 6925 115 2086 4610 3957 1077 1522 65 138041 6119 91 1883 825 158 963 5488
internal_value=-0.000724447 -0.00112593 -0.0229116 -0.000275148 0.0499719 0.164858 0.27777 0.000243208 -0.0288435 0.0692485 -0.032059 0.000537609 0.0814718 -0.0253268 -0.00654785 0.0874485 0.00040803 0.000665118 -0.0130631 0.00134764 0.000928142 -0.0330768 0.00124381 0.0190535 0.0273701 0.0564175 0.11097 0.321926 0.000703935 -0.0261406
internal_weight=13874 13822.7 520.021 13302.7 36.458 13.3295 8.57024 13105 483.563 8.83012 474.733 13028.8 7.10726 407.066 202.598 19.4581 13009.4 12934.1 612.118 12321.9 12146.2 102.169 12044.1 355.031 313.892 110.416 54.5209 9.30967 11689 179.797
internal_count=218933 218265 44576 173689 2037 844 393 170001 42539 749 41790 168552 623 32566 13089 251 168301 166885 8567 158318 156232 1142 155090 10598 9076 2957 1074 249 144492 6451
cat_boundaries=0 75 148 223 298 309 310 311 312 377 453 454 455
cat_threshold=0 0 0 536870912 0 32 1073741824 65536 524288 16384 0 1073741824 0 0 8388608 0 0 8192 0 0 2147483648 0 0 0 0 320 0 0 0 524288 0 0 262144 524288 0 268435456 0 256 0 0 0 0 0 0 2056 0 0 0 0 2147483649 0 0 32768 0 0 0 67108864 0 0 67633152 0 0 0 0 0 4096 0 0 1024 0 0 524288 4194304 16384 262144 0 0 0 16 1024 0 0 262144 0 1024 0 134217728 0 0 0 0 32768 0 0 0 0 262144 0 0 0 0 16777216 33554432 0 0 0 0 0 268435456 0 0 0 2097152 0 8 0 0 0 0 0 1048706 0 0 0 256 1073741824 0 0 0 0 0 2 0 16384 0 0 67109888 0 0 32768 0 4194304 33554432 8388608 0 0 0 16777216 0 0 68157440 0 128 0 0 0 8192 1024 0 0 25165824 2147483648 0 0 0 0 0 0 0 268435456 0 0 0 0 16777216 0 0 0 0 0 0 32768 0 4194304 16 1073741824 65536 0 0 0 0 20971520 0 524288 1024 2147483648 0 0 1073741824 0 64 1024 32768 512 16777216 0 16448 0 0 0 0 0 0 0 0 0 0 0 0 4096 0 2048 32768 0 0 0 0 16 0 0 1677721600 0 0 0 0 4096 0 0 0 0 0 0 0 0 0 0 0 0 1025 0 1 0 1073741824 0 0 268468228 0 0 0 536870912 301989888 0 512 4 0 0 0 0 4259840 0 0 0 33554432 0 512 131072 0 0 0 0 1 0 0 8388608 0 0 0 256 0 0 0 0 0 536870912 5242880 2148532224 0 256 16777248 2348810240 0 67108864 0 2101824 268435456 0 2097152 0 1073742336 4 1 2130 0 0 0 8388608 2097152 0 0 0 134217728 0 2048 32768 128 65536 0 0 4096 0 0 0 134217730 0 268435456 0 4096 0 0 0 0 65536 0 8192 33556480 268566528 2147483648 0 32 0 0 0 256 0 0 0 16 0 0 0 0 0 0 8192 0 0 2 0 0 2097216 0 0 0 33832960 0 32 1024 0 0 0 0 0 16777216 0 2 0 0 0 268435457 0 0 0 0 537919488 0 0 0 0 0 0 0 32 0 0 0 0 2147483648 0 0 0 0 0 0 0 0 268435456 0 1048576 33554432 65536 0 2147483648 0 0 134225920 0 256 16 134217728 0 0 0 131072 0 0 0 0 0 1024 2 262144 0 0 1048576 268435456 8388608 0 0 512 0 0 10485760 2048 18117954 1800
is_linear=0
shrinkage=0.1


Tree=39
num_leaves=31
num_cat=18
split_feature=3 3 23 6 3 9 3 14 3 26 20 3 15 3 3 3 3 25 3 23 3 3 3 3 26 12 17 28 30 29
split_gain=42.6629 22.6948 21.2639 17.3318 17.2051 16.0151 28.6204 17.8111 16.1722 15.0013 14.7271 18.0024 14.3698 43.9024 32.5199 24.5696 21.7075 20.5432 86.8522 54.5242 63.695 40.4326 38.039 24.491 23.8345 18.544 23.2264 38.2237 18.7225 18.3666
threshold=0 1 253.50000000000003 2 3 4 5 5.5000000000000009 6 28.500000000000004 3.5000000000000004 7 3.5000000000000004 8 9 10 11 1.5000000000000002 12 1.5000000000000002 13 14 15 16 1.5000000000000002 17 34.95000076293946 0.049312617629766471 4272.5000000000009 0.017089337110519413
decision_type=9 9 2 9 9 9 9 2 9 2 2 9 2 9 9 9 9 2 9 2 9 9 9 9 2 9 8 2 2 2
left_child=-1 3 4 -2 -3 6 7 9 -7 -6 11 -8 15 -14 25 -10 -17 19 -19 22 24 -20 -18 -24 -21 -15 27 -27 -29 -28
right_child=1 2 -4 -5 5 8 10 -9 12 -11 -12 -13 13 14 -16 16 17 18 21 20 -22 -23 23 -25 -26 26 29 28 -30 -31
leaf_value=-0.039689003708729541 0.10614776030141788 0.022387839357367885 -0.084341491762748869 -0.061743341061101312 0.11026601306305271 -0.026049939925520876 -0.061346688987405008 -0.0091667202118689874 -0.030976286207961223 -0.04555242954589344 -0.063344257312278981 0.0032099179719521594 -0.035044420873606423 -0.016901263011237209 0.0052471956673850713 0.022041935699826931 -0.017776412933755772 0.04510281109324682 -0.029080736746717697 0.12124945624732592 -0.06876062221539754 0.0056695037046481803 0.019985893348964574 -0.00054594596929900395 -0.011757218701020571 0.27471876117151178 0.18599044993673805 0.1139040443076475 -0.039346150335370533 0.029551481775504037
leaf_weight=258.31685731979087 6.6021870234981179 360.15709090419114 29.172152838204056 89.534709960687906 32.991718776524067 204.98250090703368 53.637243812903762 47.39911619387567 245.2642963398248 7.6023783362470558 112.54034988768399 138.80432870052755 217.71055106073618 69.093934382312 2386.5304214190692 434.1131408601068 1159.7275333413854 473.80099915387109 427.73710456863046 27.581930853426456 223.58118317695335 1416.0423049279489 665.41734945820644 4157.6412700801156 26.338198279030621 10.454906059429048 7.6235830932855597 21.104475880041718 12.811082376167176 481.72898238152266
leaf_count=13869 138 5592 2615 5087 494 6360 851 826 5046 136 3282 2060 3044 1062 31560 6393 18296 7729 8046 297 8148 19956 9648 49023 412 266 379 237 205 6948
internal_value=-0.00020302 0.000578734 0.00094147 -0.0454824 0.00112752 0.000523788 -0.0191029 0.0291557 0.00114715 0.0810847 -0.0335101 -0.0178043 0.00161495 0.00738496 0.010557 -0.000382253 0.000484209 -0.000631191 0.00741119 -0.00360952 -0.0469423 -0.00250557 -0.0015996 0.00232224 0.0474753 0.0311494 0.0375664 0.107549 0.0560161 0.0319886
internal_weight=13806 13547.7 13451.6 96.1369 13422.4 13062.3 392.975 87.9932 12669.3 40.5941 304.982 192.442 12464.3 3207.06 2989.35 9257.25 9011.98 8577.87 2317.58 6260.29 277.501 1843.78 5982.79 4823.06 53.9201 602.817 533.723 44.3705 33.9156 489.353
internal_count=218005 204136 198911 5225 196296 190704 7649 1456 183055 630 6193 2911 176695 43701 40657 132994 127948 121555 35731 85824 8857 28002 76967 58671 709 9097 8035 708 442 7327
cat_boundaries=0 23 47 48 71 72 95 118 131 154 178 202 225 249 272 296 320 344 345
cat_threshold=33554432 2097152 0 128 2048 2056 67174400 4352 131072 268567554 262144 0 0 109053952 1 0 0 1536 0 0 0 612369409 536871240 67141696 8388608 0 16 16384 2097154 128 83886080 0 1073807376 26 0 16777216 0 0 4 131072 134217728 1 0 0 983040 1077936128 33 2 0 268435456 0 1028 0 344064 64 0 268468224 0 131072 0 16 8192 0 0 270536720 16384 12672 131074 2097285 32768 128 8192 536870912 33554432 8388608 4096 0 4 269484032 2097152 2281701376 4096 1073754112 838860800 156198 20 0 8388608 0 524544 0 0 0 16384 514 536870912 135266304 98304 65568 2147483648 738197504 9970688 0 2147483648 0 524288 0 67108896 0 0 4194304 0 67108864 65536 67108864 32 24640 67108864 17301504 4194308 2684370945 2097152 0 0 0 0 16777216 0 1048576 1210056704 2949440 8388608 0 0 0 0 25169920 268435456 0 8192 1048576 1073745920 16777248 5244034 256 0 65536 8192 268435720 16400 0 67405824 35651584 557056 2416443392 67108865 671105025 512 0 0 131072 270532608 16777216 0 0 612368384 168230912 1028 0 0 0 0 536870912 32768 0 0 276824065 262144 2149580800 67633152 167773186 4098 0 0 16386 268443648 0 18874369 65664 33554688 2181038080 1024 0 536870912 0 0 536870912 0 4096 128 268435457 64 0 1090519040 536870912 0 0 16777216 32768 0 67633152 1048576 0 16777248 1052802 0 0 0 270400 2181562368 33554448 134217728 67403776 2149580800 66560 134742016 67 2049 0 268435456 268435460 256 2097152 33554432 0 1074802688 0 4194312 16389 0 1073807360 0 0 311298 0 64 0 0 512 25165824 536870912 2147483648 0 0 0 2097152 0 0 0 1056768 2694840320 4194304 8 0 8388608 0 0 2 0 0 0 2147483648 16777216 33554436 2155888640 512 0 0 272629760 4194304 0 0 0 1543503872 8552449 2097152 0 0 8 4096 0 65536 1024 1207961632 10747904 8 1074266112 257 0 2097152 268435456 2415919104 256 2097152 0 0 1074790400 536872960 4194304 16397 0 65536 0 262144 49218 1 64 135266304 2147483648 262144 268435456 4 2160066560 1049088 0 512 2415919104 138543104 262144 136 134217728 201326596 8193 0 0 0 0 0 0 65536 3072 33554464 8650756 8 42517048
is_linear=0
shrinkage=0.1


Tree=40
num_leaves=31
num_cat=19
split_feature=13 3 13 3 3 3 23 13 23 3 3 13 30 25 3 23 25 3 3 3 23 3 29 3 3 20 13 30 3 30
split_gain=47.0993 32.4031 31.7377 34.2045 20.5749 19.1713 18.679 15.5622 14.0755 52.7833 22.6286 23.6698 20.5158 17.8162 23.3752 17.3625 15.847 140.757 55.2295 37.705 36.9446 31.9088 31.1827 29.7689 28.3273 38.2384 29.8026 26.3908 25.0376 23.5116
threshold=0 1 2 3 4 5 6.5000000000000009 6 9.5000000000000018 7 8 9 4003.5000000000005 5.5000000000000009 10 48.500000000000007 1.5000000000000002 11 12 13 2.5000000000000004 14 0.017089337110519413 15 16 -1.0000000180025095e-35 17 4113.5000000000009 18 4193.5000000000009
decision_type=9 9 9 9 9 9 2 9 2 9 9 9 2 2 9 2 2 9 9 9 2 9 2 9 9 2 9 2 9 2
left_child=-1 6 3 -3 -4 7 -2 -6 10 12 -7 -12 -10 -11 15 -15 19 -18 -19 -13 22 -22 28 -20 25 -24 27 -26 -21 -28
right_child=1 2 4 -5 5 8 -8 -9 9 13 11 16 -14 14 -16 -17 17 18 23 20 21 -23 24 -25 26 -27 29 -29 -30 -31
leaf_value=0.094611185343852669 -0.0503398341660969 0.062044013921728286 -0.039335250178504533 -0.065804980097658741 -0.046654515952915109 -0.027413303127133179 0.054494950986459935 0.018378323640741219 0.052703706400565743 -0.066998662319614807 -0.046608041330197414 -0.02139832346220237 -0.0018949370480907887 0.032094948977567955 -0.054854999868873267 -0.078874702606690814 0.062230189292133198 0.020999113061204902 -0.038956438759238536 -0.032105247689575907 0.02364464770722538 -0.074303495030772312 -0.012289440206516103 -0.0047528672199546249 0.099334792750571624 0.045047086241972185 0.0040668874456324623 0.0097072699342496422 0.074637374339063686 -0.0077562927447735923
leaf_weight=41.997667731717229 188.90078502008691 18.618805773090571 119.17482934566215 121.6328714848496 29.816372484900057 271.86292815767229 18.676195485051721 790.57620771136135 102.22295598685741 154.54209448676556 92.387318945955485 770.68193017411977 210.62351871700957 85.358296210877597 91.517630671616644 16.889281308744103 401.80231011565775 768.54102807678282 306.00810131244361 25.943474085535854 45.850351016037166 103.47738272789866 179.66051676962525 1355.5652245273814 58.056104391813278 329.89426009822637 4111.5497762877494 75.676016927696764 89.118940535467118 2846.3199893515557
leaf_count=398 8203 306 9024 3361 341 6463 702 9000 1008 9475 1298 14230 2299 1490 4037 901 5893 6573 5597 1770 854 3004 2616 25622 696 4752 45361 995 5362 37160
internal_value=-0.000384084 -0.000741699 -0.000127896 -0.0458329 0.000383037 0.000767816 -0.0390275 0.0154814 -0.000209964 -0.0144097 0.00058329 0.00126429 0.0154513 -0.0405111 -0.0214761 0.0125387 0.00169022 0.00818326 -0.00100496 -0.000436964 0.00164199 -0.0476215 0.00259749 -0.0112474 0.00181535 0.0243533 0.00016136 0.0452341 0.0542662 -0.000768625
internal_weight=13822.9 13780.9 13573.4 140.252 13433.1 13313.9 207.577 820.393 12493.5 661.154 11832.4 11560.5 312.846 348.307 193.765 102.248 11468.1 2831.92 2430.11 8636.23 7865.55 149.328 7716.22 1661.57 7601.16 509.555 7091.6 133.732 115.062 6957.87
internal_count=218791 218393 209488 3667 205821 196797 8905 9341 187456 19210 168246 161783 3307 15903 6428 2391 160485 43685 37792 116800 102570 3858 98712 31219 91580 7368 84212 1691 7132 82521
cat_boundaries=0 72 96 172 195 219 243 316 335 359 435 448 469 492 515 536 560 583 658 682
cat_threshold=0 0 0 0 0 32 1073741824 0 0 0 0 0 16777216 0 0 0 0 0 0 0 2147483648 0 0 2 0 256 64 262144 1048576 0 0 0 33554432 0 32768 0 0 0 0 0 8192 2 67108864 0 10 128 0 0 0 4194304 20971520 0 32768 0 0 0 0 8 0 67108864 0 0 0 8 2097154 4096 0 268435456 0 0 0 524288 33554432 0 65536 2057 8192 1024 0 0 0 147456 0 0 268435456 77594882 1 0 0 134217728 0 0 4198402 5633 1073758720 70144 0 0 67108864 0 128 0 0 0 8192 32 0 0 8388608 131072 0 0 0 0 0 0 0 0 0 0 0 4 16777216 33554432 0 2147483648 0 0 0 32768 0 0 536870920 16777216 65536 0 1048576 0 0 5242880 0 0 16778240 0 0 0 0 2048 131072 8192 131072 0 16777216 1 0 0 8388608 0 0 32768 256 65536 0 0 0 0 0 131072 0 0 0 2048 16777216 134217730 536870912 512 0 0 0 0 33562624 0 1073741824 0 139616 0 0 0 0 0 16777282 98304 101711904 0 8256 67584 1024 8192 16 268435456 69206016 8208 83890176 262144 1646264320 24 0 0 37748736 0 0 0 268435456 1048576 0 128 598016 71303168 32 1342177280 0 2048 0 0 327680 64 4202496 268435456 0 0 2097152 294914 65536 0 0 134217808 278528 33571200 134218242 69222401 0 128 262144 0 0 0 0 0 0 0 0 0 0 0 0 0 32896 0 0 0 0 0 0 136314880 0 0 0 0 1 0 0 0 0 0 0 0 0 0 1073741824 8388608 0 0 8 0 0 65536 0 0 1048576 0 0 0 0 0 0 0 0 0 0 0 0 0 0 0 0 0 8388608 1024 0 0 0 0 0 0 0 1024 688128 4194306 570441857 2097280 0 0 1048576 0 8192 0 1056768 2172649480 20544 16384 0 65536 0 67109376 32770 0 3145728 33587200 2195492 16384 0 8912896 524800 0 67584 134217730 256 32 32 0 4259840 131072 67109376 2 0 1048576 131072 64 1040 64 8 0 134217728 0 0 0 0 0 0 2048 0 0 0 0 0 0 0 0 0 8 0 536870912 32768 32 1024 0 1 0 8388608 0 0 268435456 0 0 0 160 0 0 0 0 0 65536 2147483648 0 0 0 0 0 0 0 512 0 0 268435456 0 8 0 0 0 0 1040 0 134217728 8192 268435456 0 0 0 262144 536879104 0 0 0 256 1 134217728 134217728 4194304 0 0 0 0 0 16777216 0 4096 536870912 721420 134217728 321 536870913 0 0 268435460 0 2097152 33554432 0 1074798592 33554432 4194304 13 0 1048576 8192 0 262145 0 65604 536870912 1073741828 128 1024 0 2181040128 0 0 40960 0 278528 0 137363468 24576 0 1073741824 2147483682 2164261888 536903688 1 262144 0 2 0 1073742147 0 0 0 2415919108 256 2097152 33554432 0 1073741824 33554432 6291456 16392 0 1048576 2147491872 256 294912 0 327744 268697600 2 2164260864 134217728 0 0 0 0 0 0 0 0 1056768 2684354560 65536 4 0 8388608 0 0 0 0 4 0 33554432 8404992 130 0 0 1048576 268435456 0 1032 4096 134217728 8930369 0 0 2048 262144 0 4112 0 1024 1210089472 287571972 8 2684354560 33554432 2160066560 514 0 134217728 22020096 8388608 134217728 1537 65536 0 8388608 0 0 0 33816576 557056 4096 131072 1056 1109393408 16809984 0 0 512 8454144 33554432 16777216 0 0 0 0 0 536870912 0 0 0 0 536870912 0 0 0 134217728 327680 0 4194304 67108864 1 0 0 0 0 0 0 2048 268435456 0 1073741824 8388608 2097152 0 0 0 33554432 0 16777216 2048 0 0 8 0 2147483648 0 0 0 0 0 8388608 0 64 0 0 0 0 0 0 1024 0 0 16 0 0 32 0 1024 128 67141632 0 67633152 1024 2 0 2048 4194304 256 0 4465189 0 0 0 8192 0 0 0 0 0 0 0 546308160 160473360 2052
is_linear=0
shrinkage=0.1


Tree=41
num_leaves=31
num_cat=13
split_feature=13 18 13 13 13 28 2 29 13 18 28 13 5 17 13 20 12 23 8 13 30 28 18 29 17 28 17 17 12 29
split_gain=42.3852 28.7567 36.8814 26.2849 21.9907 19.4684 18.4344 17.9937 21.7485 16.2719 15.365 15.5722 15.4566 14.6671 13.3087 17.3636 14.7743 13.0105 12.3458 22.1916 18.1713 12.401 16.1047 18.7345 14.4563 11.3484 11.1253 11.0821 10.6924 10.5427
threshold=0 0.075332164764404311 1 2 3 0.029003945179283622 4 0.076906669884920134 5 0.082953099161386504 0.095988299697637572 6 7 72.350002288818374 8 5.5000000000000009 9 73.500000000000014 10 11 4564.5000000000009 0.093412287533283248 0.025170597247779373 0.02555275242775679 29.150000572204593 0.051814123988151557 49.850000381469734 49.850000381469734 12 0.038399310782551772
decision_type=9 2 9 9 9 2 9 2 9 2 2 9 9 10 9 2 9 2 9 9 2 2 2 2 8 2 10 10 9 2
left_child=9 2 5 -4 -3 -2 -5 -6 -9 25 11 -10 27 14 15 -8 18 26 -16 20 21 22 23 -20 -25 -1 -18 -12 -28 -30
right_child=1 4 3 6 7 -7 13 8 10 -11 12 -13 -14 -15 16 -17 17 -19 19 -21 -22 -23 -24 24 -26 -27 28 -29 29 -31
leaf_value=0.11211900905630234 -0.020629052741440876 -0.036989665511090418 -0.043164470184863642 -0.043344312708546232 0.015098740520596921 0.12853225976222529 0.10414457373562841 0.032100216723257115 -0.050984157508625942 0.073158609844859571 0.0019689394013011111 -0.0058191030166537339 -0.052897514176942419 0.10646461374633742 -0.039104135002403777 -0.058953558284831092 -0.00458607223899194 -0.06955729045809296 0.028450328491495237 -0.034810301838447071 0.24035684831357398 0.12608399567127251 -0.012430387207367402 0.4131906434660324 0.10469866196864991 0.31496527573660593 -0.021465605425061256 0.021719787539979805 0.13691398758472806 0.03557181236440822
leaf_weight=5.4842758500017208 11.868393410928546 133.51409494038671 208.03328384971246 127.41477647493593 1008.0538745485246 33.304830424487591 25.541191994678229 208.96221581660211 70.34663731791079 31.755401559174061 6265.5352176260203 1800.397395728156 40.134766049683094 11.57313096243888 238.09209248516709 8.7683013747446221 2926.9887220617384 30.250936490949243 19.014933830592785 127.86445813463069 3.7666538627818218 9.6590371113270503 87.023365434259176 2.5142973326146603 3.8375375140458337 5.5482893548905849 22.978864401113242 297.57971140556037 15.243457073345779 31.432625185698271
leaf_count=155 556 1252 10077 5582 10935 592 580 1790 722 178 45221 20482 272 195 7562 438 95633 3347 1061 4469 117 139 2657 154 154 56 782 2321 521 432
internal_value=-0.000674855 -0.0010165 -0.00822881 -0.00933504 0.00187867 0.0731498 -0.00731738 0.00244981 0.000984142 0.0887625 0.000178752 -0.00782111 0.00244544 -0.00591195 -0.00629463 0.0483656 -0.00694532 -0.00429067 -0.0228738 -0.00673542 0.0222589 0.0173517 0.00800707 0.0781199 0.226811 0.214131 -0.00364612 0.00286011 0.0358517 0.0565522
internal_weight=13812.5 13769.7 3945.17 3900 9824.52 45.1732 3691.96 9691.01 8682.96 42.788 8473.99 1870.74 6603.25 3564.55 3552.98 34.3095 3518.67 3026.89 491.772 253.68 125.816 122.049 112.39 25.3668 6.35183 11.0326 2996.64 6563.11 69.6549 46.6761
internal_count=218432 218043 135048 133900 82995 1148 123823 81743 70808 389 69018 21204 47814 118241 118046 1018 117028 100715 16313 8751 4282 4165 4026 1369 308 211 97368 47542 1735 953
cat_boundaries=0 73 148 219 294 306 379 447 448 523 524 525 600 601
cat_threshold=0 0 0 0 0 32 1073741824 0 0 16384 0 0 0 0 0 0 256 0 0 0 0 0 0 0 0 320 0 2147483648 0 0 0 0 0 131072 0 0 0 0 0 0 0 131072 67108864 0 10 0 0 0 0 524292 4194304 0 32768 0 0 16777216 0 0 0 67108864 0 33816576 0 0 2097154 4096 0 1 0 0 128 4096 4194304 0 0 0 16 0 0 0 256 0 0 0 134217728 0 0 0 0 0 131072 4 0 0 0 262144 0 0 32772 0 0 0 0 0 134225920 0 0 0 0 32 0 0 0 0 0 65536 0 2048 0 0 134217728 0 2147483648 0 0 64 1024 0 0 1024 2097152 16384 0 0 0 0 262144 0 0 16 0 0 0 0 0 512 16512 67108864 0 0 0 65536 0 0 0 262144 9216 0 0 0 16777216 32768 0 0 0 0 0 0 136314880 0 0 0 4194304 0 65536 0 0 0 0 0 0 268435456 0 1077936128 8 16777216 0 8 0 0 0 16777216 0 0 16777216 0 0 0 0 10240 0 4194304 0 0 0 73 2147483648 0 0 16 2097152 0 256 0 0 0 0 0 32 0 0 0 0 0 0 0 0 0 32 0 0 0 0 131072 0 0 131072 0 0 0 0 264192 0 512 4 1073741824 0 0 0 0 0 0 0 0 0 0 0 0 0 4194304 0 0 0 1048576 0 0 2147485696 16777216 1 0 10240 64 3072 0 0 0 0 16384 0 0 0 2097152 262144 16384 16 16 0 0 0 4194304 512 512 0 67141632 4194312 402784544 33685508 33570817 0 2181038082 4194304 524544 23070720 134217728 526336 33312 0 0 262144 0 0 0 0 0 1024 0 0 32768 16777216 0 0 0 262144 8192 0 128 2097152 0 0 0 0 1 16777216 0 0 134217728 0 0 131072 32 2 0 8 8388608 0 0 2147483648 0 0 16777216 16 0 16777216 0 0 0 0 0 0 0 131072 0 2 9 32 524288 0 0 0 0 1024 0 512 0 0 0 0 67108864 1024 0 0 0 134217728 0 0 0 0 0 0 0 0 0 144 0 0 0 0 0 0 134217728 0 0 0 0 16 65536 33554432 0 0 0 0 0 0 0 4194304 8388640 0 0 8 0 0 65536 0 0 2 0 0 0 256 0 0 0 0 2 0 0 0 0 0 0 67108864 0 0 8192 0 0 16 10 0 0 0 0 1024 262144 0 0 0 1024 0 0 65536 0 8519680 0 0 0 0 0 0 65536 0 0 512 0 0 0 0 0 4096 64 524292 0 0 0 128 0 2147483648 0 1 0 0 0 2148532224 0 0 0 4194304 1280 0 0 0 0 0 0 0 0 0 0 1 0 4 2415919104 0 0 1048576 268435456 0 0 0 128 16777216 0 131072 35500946 12 0 0 262144 0 0 16777216 0 65536 0 0 0 0 0 128 0 16777216 0 0 0 0 0 0 0 8192 0 0 16777216 0 0 134217728 0 0 0 0 2 0 0 0 1024 0 4194304 0 0 0 0 524290 256 0 0 0 0 0 0 2147483648 268435456 0 16777216 16777216 0 0 32 67109888 0 0 16384 16 0 33554432 0 0 0 0 0 268435456 64 69208132
is_linear=0
shrinkage=0.1


Tree=42
num_leaves=31
num_cat=22
split_feature=3 13 13 3 3 13 20 17 13 13 3 29 13 3 11 13 20 29 3 28 28 17 3 13 3 3 6 13 13 3
split_gain=38.9577 34.3175 21.1262 29.3959 22.2477 25.152 20.2261 19.6488 15.5312 15.4353 15.1817 16.5352 15.9099 45.5277 14.1679 13.6799 13.1004 12.9986 12.766 12.7472 21.4453 11.5434 53.2933 15.9096 40.2708 15.5662 19.0384 15.6033 13.7308 34.3516
threshold=0 1 2 3 4 5 92.500000000000014 35.350000381469734 6 7 8 0.0061043049208819875 9 10 11 12 140.50000000000003 0.066522132605314269 13 0.03228780813515187 0.020199722610414032 49.850000381469734 14 15 16 17 18 19 20 21
decision_type=9 9 9 9 9 9 2 8 9 9 9 2 9 9 9 9 2 2 9 2 2 10 9 9 9 9 9 9 9 9
left_child=-1 17 3 -3 5 -4 9 -8 -6 19 11 -10 13 16 -14 -16 -12 -2 -17 20 -7 23 -23 24 -20 26 27 -25 29 -27
right_child=1 2 4 -5 8 6 7 -9 10 -11 12 -13 14 -15 15 18 -18 -19 21 -21 -22 22 -24 25 -26 28 -28 -29 -30 -31
leaf_value=-0.049795962573470388 -0.016508036305936374 0.045176610495368176 -0.042844010290968883 -0.058698486535094824 0.037325068208048214 0.029493541603784531 0.21313628666906023 0.051312235349353058 0.078457205015839498 0.014509378721306587 0.021777396816817719 -0.028698374467855392 0.07377383073821063 -0.055035807104149494 -0.059637329867539529 -0.019940440168434378 0.12982180537294258 0.10388380912617901 0.09889866277084719 0.073804213891310741 0.38125681987959054 -0.020040415090623792 0.038899287792647591 -0.071593711613045619 -0.0019491806077696098 0.017691535856730129 -0.042952396211044658 -0.00076878262489926935 0.00049296185904314368 -0.043806422957969188
leaf_weight=151.65707791829482 11.012825016397981 28.673807084560394 53.660648545250297 119.87117762793787 93.5582968252711 3.0027688639238503 10.284816575236617 27.743474564515054 15.123517145402728 512.01345056039281 33.07412400841713 301.26707252208143 15.609025756362824 151.53161441860721 29.238964743446559 318.51655053836294 16.985618388280272 48.304067216813564 47.176961137447506 17.601098073646426 4.0989402025006711 265.09482741449028 342.03719554329291 23.400302747264504 136.35186096327379 147.40363932959735 188.62832549121231 469.70313200796954 10010.753428113647 215.7948350077495
leaf_count=7727 295 463 1601 4149 1380 125 156 1300 125 12567 304 6820 201 2877 452 6253 130 328 476 195 135 3770 4436 1101 2079 1312 5784 13794 134191 4389
internal_value=-0.000993234 -0.00041455 -0.000771746 -0.0370626 -0.000343693 0.0178767 0.0241816 0.0950778 -0.00124996 0.0196089 -0.0015626 -0.022854 -0.00100187 -0.0281895 -0.000530286 -0.00068577 0.0487077 0.0697696 -0.000495209 0.0850175 0.232523 4.39984e-05 0.0134748 -0.000681482 0.027745 -0.0011774 -0.0157027 -0.00559728 -0.000208659 -0.0190423
internal_weight=13809.2 13657.5 13598.2 148.545 13449.7 628.405 574.745 38.0283 12821.2 536.716 12727.7 316.391 12411.3 201.591 12209.7 12194.1 50.0597 59.3169 12164.9 24.7028 7.10171 11846.3 607.132 11239.2 183.529 11055.7 681.732 493.103 10374 363.198
internal_count=218915 211188 210565 4612 205953 16079 14478 1456 189874 13022 188494 6945 181549 3311 178238 178037 434 623 177585 455 260 171332 8206 163126 2555 160571 20679 14895 139892 5701
cat_boundaries=0 24 98 174 197 220 295 366 433 457 528 551 554 627 651 674 749 772 795 796 871 946 967
cat_threshold=2097152 2097152 0 0 0 16842752 8 8388608 0 41956992 4 0 0 75498496 0 1048576 16 8192 4194304 0 0 75498497 536883216 4 0 0 0 536870912 0 16777248 33554432 0 524288 0 0 0 16779264 131072 0 0 0 16384 0 0 2147483648 0 0 4194304 4096 256 64 0 0 134742016 0 8192 262144 524288 32 268435456 0 0 0 0 8192 0 0 0 2056 0 0 0 0 0 0 0 0 0 0 0 0 0 0 67108864 32 33554432 0 8 0 0 0 1 0 0 0 589824 0 268435456 0 0 67108864 0 128 0 0 256 0 0 512 0 0 0 0 0 0 0 0 0 128 0 2048 0 0 0 0 1 0 0 0 0 0 32768 0 0 536870912 16777216 65536 520 0 0 0 20971520 0 1048576 16778240 0 0 0 0 0 131136 2048 0 0 16777216 0 2147483648 0 0 67108864 0 134250496 256 0 0 0 0 0 536870912 131072 2147483648 0 0 1 134217728 0 545275905 512 0 0 524288 0 8192 0 0 1627389952 197954 0 0 8391168 0 34078720 2 67108864 262148 0 2 134217856 536870912 0 136 0 4096 66 0 151027712 0 135168 32 4608 256 0 0 268435456 2147778560 33558656 196608 68157441 0 524417 0 0 0 0 0 0 0 0 9216 1056 0 134217728 0 2147483776 0 0 0 0 0 0 136314880 65536 0 0 512 1 0 0 0 0 0 16384 0 0 0 0 0 0 268435456 0 0 0 65536 0 536870912 2 0 0 0 256 0 0 0 0 131072 512 0 1 0 0 0 1040 0 0 1024 65536 0 33554432 0 0 0 0 0 2048 64 2 0 262144 1 1024 0 1073741824 512 32 16384 0 1073758208 0 16 0 0 0 0 0 0 0 0 268435456 0 0 64 16777216 0 0 0 0 0 8192 0 2147483648 0 0 8388608 2097152 0 0 0 0 0 0 0 0 2048 0 1280 16777216 8388608 0 0 0 8388608 0 0 32 524288 0 1040 2 268435456 32768 0 0 0 0 0 128 0 0 0 0 0 0 0 0 0 0 0 0 0 0 0 0 0 0 0 0 0 0 0 0 4194304 0 65536 33554432 0 0 4096 0 0 0 1048576 1073741824 8388648 0 0 0 0 0 0 0 1048576 0 0 0 0 0 0 0 0 4194304 2 0 2 0 0 0 0 0 0 0 0 0 512 100663296 0 33595392 65536 0 2216689664 525312 67108864 0 1073742116 24 16777216 4194304 0 1 8388608 64 0 0 0 2048 66048 4229122 32 0 0 0 134217728 2097156 0 0 0 0 0 0 0 0 0 0 0 4096 0 128 0 0 0 536870912 0 0 0 0 0 64 0 4096 134217728 268435456 0 0 0 8388640 268468224 2147483648 0 1048576 0 0 0 0 0 0 0 0 1 0 1536 65536 0 2 0 0 64 192 0 8388608 0 1049600 0 8192 4096 2147484160 0 0 0 32 268959744 150994944 1 0 0 0 131072 0 0 0 8192 3095396352 8192 16400 0 2048 0 2048 16875584 0 32768 0 65536 404750336 302022656 64 0 0 0 0 16 0 0 0 0 524288 0 268435456 0 0 0 0 524288 0 0 0 0 0 0 0 0 1024 0 0 0 0 0 514 0 67108864 1048576 0 0 0 0 0 4 0 268435456 0 0 4194304 0 0 0 0 16 134217728 0 0 32768 0 0 8 4 0 536870912 0 0 0 16384 0 8 0 64 134218880 8192 0 1048576 64 17825792 33 32816 16384 268435456 8430080 1024 0 2394112 2 536870912 0 16384 0 0 0 268435456 32768 0 16384 786496 131072 16 8388608 4718598 2688548864 516 0 4 131072 139264 0 0 1074798592 2181038080 2883650 8192 0 0 0 0 536870912 0 98304 32 65536 0 8 0 0 0 0 524288 2 1024 32 0 32768 0 2147483648 0 0 0 131072 0 0 2 262144 512 512 0 8388608 0 0 0 0 0 0 0 0 0 0 0 2097408 0 0 256 131072 0 0 2148532224 2 0 2147483648 0 0 0 16384 0 0 131072 0 67108864 0 0 262144 0 16384 0 32 0 0 0 16 0 0 0 128 0 0 67108864 0 2 2684354560 0 0 0 131072 131072 268435456 0 1048576 2157971456 1040 8 0 0 2 0 0 0 0 0 67108864 2147483648 0 2147549184 2097152 0 8 1048576 33554432 33554432 16384 32768 268437504 1048624 37748740 0 0 2097152 8 0 524352 0 8192 1409548544 1 0 0 0 65536 0 0 0 0 8192 0 0 0 0 32896 0 0 0 0 0 0 134217728 0 0 0 0 5 65536 33554432 0 0 0 33554432 0 0 0 1077936128 0 0 1024 0 0 0 0 0 0 524288 0 8 0 2048 0 0 0 4194304 2097152 0 0 0 16384 0 0 0 0 0 0 0 0 0 0 0 0 0 1536 0 16908288 0 0 0 0 0 0 0 0 128 0 0 0 0 0 0 0 537165824 0 0 0 0 0 0 0 0 1 65536 0 0 0 0 0 0 0 2 1073741824 8 1073741824 0 262144 1 33554432 4 0 0 524288 0 134217736 0 0 1077936136 8192 0 0 268435456 0 0 16777216 0 0 33554432 0 0 8650752 0 0 1048576 0 0 0 0 0 0 16384 8388672 1342701568 3 4196480 4 0 0 268566528 0 268443648 0 1074012160 1140850688 360648 65537 0 0 33554434 16777216 0 134217728 32
is_linear=0
shrinkage=0.1


Tree=43
num_leaves=31
num_cat=4
split_feature=18 20 23 29 12 26 23 30 29 26 23 20 30 29 29 16 14 15 12 29 23 30 23 20 12 26 29 9 16 14
split_gain=15.0313 27.3543 12.6391 12.0069 22.1833 11.6897 23.6916 17.693 24.1473 22.0663 14.1846 14.4249 12.6835 11.4108 22.9275 24.1923 13.158 11.2568 12.5352 11.9307 9.96598 14.1606 10.475 24.3 20.5915 15.3683 14.5324 13.6368 11.1403 18.6546
threshold=0.023266430944204334 5.5000000000000009 253.50000000000003 0.024598307907581333 0 13.500000000000002 1.0000000180025095e-35 3989.5000000000005 0.016197931952774528 1.5000000000000002 1.0000000180025095e-35 4.5000000000000009 4166.5000000000009 0.022142640314996246 0.023273834958672527 18.500000000000004 5.5000000000000009 2.5000000000000004 1 0.017089337110519413 173.50000000000003 4003.5000000000005 4.5000000000000009 31.500000000000004 2 20.500000000000004 0.066522132605314269 3 24.500000000000004 7.5000000000000009
decision_type=2 2 2 2 9 2 2 2 2 2 2 2 2 2 2 2 2 2 9 2 2 2 2 2 9 2 2 9 2 2
left_child=1 17 3 4 -2 6 -6 -8 12 13 11 -7 -9 16 15 -15 -10 18 19 -1 22 -22 27 24 25 -24 -26 -5 -25 -30
right_child=2 -3 -4 20 5 10 7 8 9 -11 -12 -13 -14 14 -16 -17 -18 -19 -20 -21 21 -23 23 28 26 -27 -28 -29 29 -31
leaf_value=0.14445002944012761 -0.034253964667472013 -0.056561181524889141 -0.07133936143145117 -0.013399267876227021 0.017722696478785493 -0.0022473868188750642 0.0052539712153985875 0.17138107857144236 -0.036604260791112612 -0.052922684177036189 -0.060689359860210207 0.19842573487365303 0.48238450122292359 0.36906705009503105 0.016869184071285601 0.066190953080120421 0.11547849089547586 0.018633768353799828 -0.025892614542391851 -0.021822971379652594 0.13095768556363915 -0.067247138624434377 0.12980100672542452 0.0078970600818874456 -0.073927206522054659 -0.058942132010472395 -0.025305926106774318 0.0021568996443898044 0.0088627659909457628 -0.058536597628594471
leaf_weight=10.302778535988184 61.95431153755635 128.07417132938281 24.071552882436663 583.4182951124385 216.33742636162788 13.398081699386241 23.383171253837645 2.912411253899335 7.4524030052125481 9.2832587193697673 29.499352475628257 4.8892621267586938 2.3853203086182475 7.4493791265413183 5.7132459217682472 4.0825212420895696 24.041468345094472 146.05053885979578 177.47216313006356 7.4257341669872394 12.839704714715483 5.0114491195417932 14.791438685730101 540.37319335993379 90.319030862301588 6.0902941804379216 192.47497528418899 11236.03306114627 90.426451758947223 75.228435954544693
leaf_count=622 2578 17612 2531 7261 6672 353 643 133 329 362 1157 120 87 140 204 152 361 10872 13667 386 187 385 266 9081 4385 131 2770 132142 1723 1082
internal_value=0.000434814 -0.0171534 0.00105621 0.00118764 0.0179752 0.0273942 0.0354237 0.0795904 0.107042 0.0883818 -0.0177927 0.0514041 0.311411 0.115296 0.180684 0.261843 0.0794911 -0.00236332 -0.0180735 0.0478275 0.000648244 0.0753146 0.000544349 -0.00923206 -0.0328865 0.0505467 -0.03944 0.00137952 0.000942132 -0.0217451
internal_weight=13753.2 469.325 13283.9 13259.8 412.782 350.827 303.041 86.7032 63.32 58.0223 47.7867 18.2873 5.29773 48.739 17.2451 11.5319 31.4939 341.251 195.201 17.7285 12847 17.8512 12829.2 1009.7 303.676 20.8817 282.794 11819.5 706.028 165.655
internal_count=218394 43159 175235 172704 13291 10713 9083 2411 1768 1548 1630 473 220 1186 496 292 690 25547 14675 1008 159413 572 158841 19438 7552 397 7155 139403 11886 2805
cat_boundaries=0 1 2 3 4
cat_threshold=18736496 89826406 221240 25088
is_linear=0
shrinkage=0.1


Tree=44
num_leaves=31
num_cat=13
split_feature=13 13 13 18 13 13 23 5 13 1 9 13 13 16 12 17 18 17 18 13 17 23 20 25 25 23 17 23 23 30
split_gain=33.8408 24.0459 16.5892 15.3929 39.0601 18.4688 17.0866 16.5662 15.3471 12.6676 11.8234 39.8283 17.1936 15.2037 14.1015 14.9299 19.2597 11.7388 11.6748 11.1375 10.5385 10.4554 12.0557 12.2417 13.5856 25.8349 20.9008 19.2905 20.3332 29.1446
threshold=0 1 2 0.096029393374919905 3 4 2.5000000000000004 5 6 7 8 9 10 22.500000000000004 11 29.650000572204593 0.059951074421405799 51.750000000000007 0.075332164764404311 12 34.45000076293946 73.500000000000014 826.50000000000011 28.500000000000004 1.5000000000000002 2.5000000000000004 49.850000381469734 1.0000000180025095e-35 3.5000000000000004 4450.5000000000009
decision_type=9 9 9 2 9 9 2 9 9 9 9 9 9 2 9 8 2 10 2 9 10 2 2 2 2 2 10 2 2 2
left_child=-1 -2 -3 4 6 -6 20 8 -5 18 11 17 -12 -13 -15 16 -16 -11 -7 -14 -4 22 23 24 25 -21 27 -26 -29 -30
right_child=1 2 3 7 5 9 -8 -9 -10 10 12 13 19 14 15 -17 -18 -19 -20 21 -22 -23 -24 -25 26 -27 -28 28 29 -31
leaf_value=0.062549572546511154 -0.037020476315381488 -0.052031392295440786 0.065837940907689685 0.027451421583041813 -0.052396078884272695 -0.056356160188037498 -0.049547642086251779 -0.050228707900612596 0.0029939170890502524 0.049193524999754379 0.029807097775134225 -0.046863814063697391 -0.033309586575665677 -0.04254496262546547 0.31698707469705073 0.015997469753692203 0.00043595193607196014 0.17859113457891473 -0.0015359881917015818 -0.0018708573920306058 0.19004738897897563 -0.055018581747090706 0.075202705043575693 -0.025183869384485788 -0.01045880429552872 -0.046895783575152325 0.061070672193451671 0.033039349882064903 -0.025597198349262024 0.05997253199309216
leaf_weight=75.96050041122362 166.90280783246271 50.796405772445723 10.706171816680582 257.06371850706637 67.758988135727122 88.760373721132055 5.3220479520969084 47.048735819756985 6866.893922845833 35.279340926324949 161.01233287132345 232.19193746196106 104.18903472204693 32.824374908115715 4.0405678958632052 45.938638021703809 3.6658176332712173 8.7496168776415271 69.08467629365623 3964.9637905186974 18.870571560226381 36.584675524383783 20.478310390375555 212.65549942431971 427.65970962890424 131.67052799696103 72.814708718331531 341.49986181757413 171.67437732941471 51.81721705198288
leaf_count=1068 4207 1073 199 1793 2794 7196 192 313 47708 1251 4002 7407 3020 841 172 1390 55 209 844 85238 293 4077 561 9567 11990 6210 1057 6989 5716 1353
internal_value=1.3836e-06 -0.000390535 8.79062e-05 0.000322536 -0.00327521 -0.00392792 0.0897013 0.00349388 0.00391369 -0.00331643 -0.00256107 -0.0198233 -0.00142929 -0.0325139 0.00225914 0.0316962 0.166408 0.0610435 -0.0304347 -0.00238989 0.145086 -0.0017367 -0.00137861 -0.0016704 -0.000701745 -0.00331801 0.00935759 0.00556424 0.0176926 -0.00575759
internal_weight=13784.9 13708.9 13542 13491.2 6320.21 6285.31 34.8988 7171.01 7123.96 6217.56 6059.71 362.69 5697.02 318.661 86.4694 53.645 7.70639 44.029 157.845 5536.01 29.5767 5431.82 5395.23 5374.76 5162.1 4096.63 1065.47 992.651 564.991 223.492
internal_count=218785 217717 213510 212437 162623 161939 684 49814 49501 159145 151105 11325 139780 9865 2458 1617 227 1460 8040 135778 492 132758 128681 128120 118553 91448 27105 26048 14058 7069
cat_boundaries=0 73 148 224 298 373 374 449 450 451 526 600 601 676
cat_threshold=0 0 0 0 1024 16777216 0 0 0 0 0 0 0 0 0 0 32768 131072 0 0 0 0 0 0 4096 33088 0 0 0 134742016 0 0 0 32 32768 268435456 0 0 0 0 262144 0 603979776 0 2056 128 0 0 0 4195584 0 8192 0 0 0 0 0 0 16384 0 0 2147483648 0 0 2105344 0 0 268435457 0 0 0 4096 4194304 0 0 68157440 0 128 0 65536 0 1024 0 0 0 0 0 0 0 0 0 0 0 128 0 0 0 0 0 0 0 0 1073741824 0 0 0 32768 0 0 536870912 18874368 65536 512 1048576 0 0 4194304 0 0 1024 8 0 0 8 2048 131072 0 2 131080 0 1 64 0 0 0 2147483648 0 256 0 0 0 0 0 0 131584 0 0 2097408 0 0 0 0 4 0 0 0 0 65536 0 0 8388608 0 0 524288 262144 0 0 0 16 0 0 0 0 0 1073741824 0 0 0 0 0 268468224 0 2147483648 0 128 0 0 0 0 0 268435456 1048576 2 4194304 0 0 0 0 0 512 2147549184 0 34816 0 0 64 128 0 8388608 0 0 134217728 16384 0 1024 0 0 0 536870912 0 1024 0 0 1 0 0 512 0 32768 0 1073741824 0 0 16384 134217728 16384 0 131072 0 0 0 0 4 0 0 0 0 0 512 0 0 0 0 8388608 0 4096 0 0 0 0 0 0 0 16777216 256 0 0 0 0 1572864 0 134217728 0 2147614724 0 0 0 0 0 0 0 0 0 0 0 0 0 262144 2 0 0 0 536870912 0 4194304 1073741824 0 16384 0 0 0 0 0 0 0 536936448 134217728 0 0 0 0 2147483648 0 0 0 0 0 128 0 0 0 0 0 16 0 0 0 0 0 0 0 0 0 0 0 0 1024 8 2147483648 0 0 16777216 16 0 16777216 0 16777216 0 0 0 0 0 131072 0 16777216 0 0 0 0 0 2097154 0 1024 0 1048576 0 0 0 0 0 0 2097152 8388608 10 0 0 0 134234112 0 0 0 0 128 0 0 0 0 2147483776 0 0 0 0 0 128 2097152 0 0 0 4194304 17 0 0 0 0 0 0 0 0 2 1073741824 0 0 2147484672 8 0 0 0 16777216 16 0 16777216 0 16777216 0 0 0 0 0 0 0 67108866 0 0 0 0 67108864 2097152 0 33792 0 512 0 0 0 160 0 0 0 8421376 48029720 24577 0 0 0 0 524288 0 4096 262144 0 32 0 1073741824 4224 144 131072 0 0 0 0 0 134217728 65536 0 0 4194304 1 0 0 0 0 0 0 0 0 0 1073741824 0 0 270532608 0 0 33554432 0 0 0 2 0 0 4194304 0 0 8388608 64 0 0 0 0 0 0 0 0 0 0 0 0 65536 528 16 0 0 0 524288 0 128 67108864 0 0 262144 0 0 0 0 256 8192 1024 0 134217728 0 32768 0 0 67112960 0 0 0 2097152 67108864 0 0 268435456 4 65536 17039360 0 0 0 0 0 268435456 0 0 8388608 0 0 0 0 0 65536 0 1048576 0 0 0 0 1 0 0 0 1024 0 0 2 0 2147483648 0 0 16 0 0 0 16 0 0 0 0 0 0 512 268435456 52144256 0 0 0 0 33554432 32 0 262144 0 0 0 536870912 0 128 0 16777472 256 0 0 0 134217728 65536 0 0 4194304 1 0 33554432 0 0 0 0 131072 0 0 524288 0 8388608 16 0 0 33554432 0 0 0 0 0 0 0 0 0 8388608 0 0 268435456 0 0 0 0 0 0 100663296 0 0 0 65536 512 16 0 0 0 0 0 0 67108864
is_linear=0
shrinkage=0.1


Tree=45
num_leaves=31
num_cat=19
split_feature=13 3 13 13 3 3 13 13 18 12 23 3 3 10 3 14 3 16 29 15 13 3 3 28 7 16 21 16 29 3
split_gain=33.8691 28.1174 26.649 23.0117 28.1868 21.8151 17.4758 17.2941 15.3321 14.7377 14.2433 36.0075 13.9494 15.3853 14.0465 13.5386 13.9 13.7361 11.3987 19.0667 11.0137 47.4215 11.8177 12.7925 15.822 12.9403 25.1117 10.4436 10.2392 29.4999
threshold=0 1 2 3 4 5 6 7 0.095719244331121459 8 48.500000000000007 9 10 11 12 7.5000000000000009 13 22.500000000000004 0.021130540408194069 3.5000000000000004 14 15 16 0.08754052966833116 17 9.5000000000000018 -1.0000000180025095e-35 5.5000000000000009 0.076906669884920134 18
decision_type=9 9 9 9 9 9 9 9 2 9 2 9 9 9 9 2 9 2 2 2 9 9 9 2 9 2 2 2 2 9
left_child=-1 2 -2 4 -3 6 -5 8 -7 -8 12 -12 -9 -14 -15 16 -11 18 19 27 21 -16 23 -22 -25 26 -26 -17 29 -24
right_child=1 3 -4 5 -6 7 9 10 -10 15 11 -13 13 14 20 17 -18 -19 -20 -21 22 -23 28 24 25 -27 -28 -29 -30 -31
leaf_value=0.069673157331087449 0.05480510924281673 0.027359328764449631 -0.044648041381567749 0.071341896181874406 -0.068652724311174529 0.0035769917522044284 -0.032944355957475809 -0.030071744920465601 0.097994594492472553 0.046950675538529378 0.015704276271470318 -0.079615976231674365 -0.061327716970049587 -0.036949599397285274 0.053611656240362682 0.27884345246317765 -0.0098305929482789857 0.090187030175710059 0.017180940083285079 0.41258047091705907 -0.031483632930491778 -0.046115547413093885 0.034823639201291424 -0.053361273142826238 0.1369559724465895 -0.0051839208754047494 0.0071524435552623167 -0.019020217573580429 -0.00072135233348194689 0.0028202190560685948
leaf_weight=58.01084550935775 23.34558594529517 40.473957521375269 226.97885455447249 51.185424103401601 94.822887399699539 33.173506655264646 52.400170382577926 150.07071773800999 35.714917235076427 46.602660693228245 80.402711994946003 67.107920248992741 31.257429018616676 92.924871901283041 55.672607362736017 1.5625983513891677 172.4598832721822 43.260235914494842 119.87596999015659 1.9426798461936412 236.9134550280869 176.46509914426133 307.46744100376964 44.464736189693213 21.650066290050745 140.1115028290078 47.831572205759585 4.7714257501065731 8168.8926807977259 3171.8988909879699
leaf_count=525 455 638 7185 865 2712 1009 936 5733 236 799 2000 6460 772 5294 613 88 3416 812 1541 140 6186 3093 4148 427 221 1360 475 327 69922 90692
internal_value=-0.000723883 -0.00107099 -0.0336239 -0.00044253 -0.0400246 -1.19202e-05 0.0203959 -0.000811069 0.045869 0.0130625 -0.00109806 -0.031993 -0.000738541 -0.000361896 -0.000159968 0.0199049 0.00394337 0.0414646 0.0250175 0.138519 0.00014599 -0.020972 0.000566758 -0.0144733 0.000819485 0.0123138 0.0475985 0.0544625 0.00121256 0.00575651
internal_weight=13799.7 13741.7 250.324 13491.4 135.297 13356.1 494.061 12862 68.8884 442.876 12793.1 147.511 12645.6 12495.6 12464.3 390.475 219.063 171.413 128.153 8.2767 12371.4 232.138 12139.2 490.971 254.058 209.593 69.4816 6.33402 11648.3 3479.37
internal_count=219080 218555 7640 210915 3350 207565 8924 198641 1245 8059 197396 8460 188936 183203 182431 7123 4215 2908 2096 555 177137 3706 173431 8669 2483 2056 696 415 164762 94840
cat_boundaries=0 75 98 166 242 263 286 357 432 433 455 479 480 504 527 602 625 648 649 673
cat_threshold=0 0 0 536870912 0 0 134217728 65536 524288 32 0 0 2048 0 0 0 0 0 0 0 2147483648 0 268435456 0 0 256 0 0 0 524288 0 0 0 0 2147516418 0 0 0 0 0 0 0 0 0 10 128 0 2048 0 4194304 16777216 0 1073774592 0 0 16777216 67108864 0 32 67108864 0 0 4 0 0 4096 0 0 0 0 128 528384 0 0 262144 35651584 2097152 33619968 8 0 2 67387400 4096 196608 25182208 262144 256 0 75497472 0 65536 16 262144 98304 0 2048 33555457 2048 0 0 0 0 0 0 0 0 9216 1024 0 0 0 0 0 0 0 0 0 0 134217728 0 0 0 0 0 0 0 0 0 0 0 0 0 0 0 8388608 0 0 0 0 0 0 0 1048576 0 0 0 0 0 0 0 0 0 2 0 0 0 0 0 0 0 0 0 0 0 0 33554432 0 0 67108864 0 32896 0 0 0 0 0 0 16384 0 131072 0 0 67108864 0 0 0 134217728 65536 0 0 512 0 0 0 0 0 0 16384 32768 32768 0 0 0 16777216 0 0 0 131072 0 0 16 0 0 0 0 0 16 0 131072 0 131072 520 0 0 64 0 0 67108864 0 0 256 0 0 0 0 0 0 131072 0 512 0 1 0 171966466 1 0 0 4 0 0 301989888 0 1048576 304087040 672004 16405 0 512 32 524288 536870912 0 262144 0 16777216 536870912 0 0 0 2112 8388608 201326592 32768 65536 67108864 546340864 0 0 1073741824 262144 285237248 536871041 2 132 32768 2147614848 0 0 0 65536 0 0 0 0 0 0 0 0 128 32768 0 0 0 0 0 0 0 0 0 0 0 5 65536 0 0 0 0 0 0 0 0 4194304 8388640 0 0 8 0 0 0 0 0 2 0 134217728 0 256 0 0 0 4194304 0 0 2 16777216 2147483648 0 0 0 0 0 0 0 0 33554432 0 0 32 0 0 0 1 0 16777216 1 512 0 0 0 134217728 4096 0 8388608 0 0 0 0 0 0 0 512 0 0 0 64 16777216 0 0 0 0 33562624 655360 32 0 0 8388608 0 0 0 2 0 0 0 0 16777216 0 0 0 1073741824 0 2 0 0 0 0 0 0 0 0 0 2 32 17408 0 1048592 1 8388608 0 0 0 16777216 2097152 16777216 97518184 268435456 3 128 2097152 0 0 1048576 2097152 16777216 0 1056768 8 512 33554432 0 0 0 0 0 0 0 16384 536870912 8388672 512 0 0 103317504 1056896 67109120 0 1073741824 28 0 0 2097152 1 512 32 0 262160 0 0 73728 0 33 6166 0 1048576 8425472 65552 0 0 2160070656 50331648 0 2105488 2 0 0 32 67108864 4194304 4 0 0 1 33554432 1208746048 1077936132 16 0 0 0 0 0 0 0 8388608 201326592 32768 0 0 536870912 0 0 0 0 268460032 536871040 2 0 0 128 0 0 0 0 0 0 0 0 0 0 0 0 0 0 0 0 268435456 0 128 0 0 0 0 0 0 0 1090519040 1 0 1073741824 0 0 268435456 0 0 1073741824 545259520 0 0 0 0 0 0 2147483648 0 0 256 2147483648 4096 0 0 512 0 0 0 131072 2 0 0 0 8388608 33554432 1024 0 270532624 0 8 0 0 262144 536870944 1048576 2147483648 0 32768 134742016 37748741 4194304 0 0 0 131072 0 16777216 0 131072 268435456 278784 16414 0 2048 2 3072 64 0 32768 0 67436544 0 809500672 1180672 36896 16384 268435456 516 268435456 0 788480 128 0 278528 0 0 0 0 6144 16777280 131072 0 268435456 67109122 2 32768 2 0 128 2147483648 25494016 151126016 1024 0 2 0 2166358016 2097169 0 0 8388608 8 134219264 1048576 134217728 20512 0 0 98304
is_linear=0
shrinkage=0.1


Tree=46
num_leaves=31
num_cat=15
split_feature=13 13 13 10 9 13 13 13 13 14 28 11 29 13 1 26 23 23 18 25 26 23 12 13 25 6 17 29 25 28
split_gain=32.0802 27.3339 13.3315 13.5972 13.3544 39.1662 22.2337 14.8859 13.948 12.8296 12.5938 12.3599 15.6174 11.7846 10.5237 10.5566 75.6386 32.0078 27.2569 25.7442 22.5329 26.9838 24.0643 20.5468 20.2483 19.8692 26.2183 17.0202 15.7742 20.47
threshold=0 1 2 3 4 5 6 7 8 10.500000000000002 0.11382546648383142 9 0.086758032441139235 10 11 7.5000000000000009 1.0000000180025095e-35 1.0000000180025095e-35 0.028781771659851078 19.500000000000004 1.0000000180025095e-35 5.5000000000000009 12 13 1.5000000000000002 14 27.750000000000004 0.086758032441139235 59.500000000000007 0.022321767173707489
decision_type=9 9 9 9 9 9 9 9 9 2 2 9 2 9 9 2 2 2 2 2 2 2 9 9 2 9 10 2 2 2
left_child=-1 -2 -3 13 5 9 -6 -8 10 -5 -9 12 -10 -4 -13 17 18 19 -17 23 21 22 -19 -16 -18 26 -21 -24 29 -23
right_child=1 2 3 4 6 -7 7 8 11 -11 -12 14 -14 -15 15 16 24 20 -20 25 -22 28 27 -25 -26 -27 -28 -29 -30 -31
leaf_value=0.067560127118741931 -0.048211688670302649 0.032723211644363988 0.013097857329053567 0.068392685985606883 -0.049429602486155994 -0.024480701037791697 -0.056837075706888431 0.0062446676725750371 0.2166305758044354 0.24563581434930098 0.054922235081920789 -0.050442627907207355 0.017157191429251251 -0.06396531857043454 0.026819213872968165 0.09023900618393893 -0.046135282379117966 -0.028721495828770136 0.0098263728320104795 -0.063639442482687769 -0.0062007172796950004 0.061810208134636203 0.048863927093667985 -0.0011874472656386408 -0.015020344654245893 0.046648377397335489 0.021247130417493959 0.021553944038142332 0.028722460328268636 -0.016165025048316722
leaf_weight=58.885549509897828 110.80714990152046 110.20673397975042 30.061720262281597 32.752218089997768 79.725366551661864 471.39362920937128 35.084653221070766 128.92616010014899 7.6125810621306291 4.6656726934015742 90.428715204820037 31.00298028322868 8.102697588503359 55.422063803067431 260.6139010542538 44.44167220313102 357.15826483955607 65.08330138376914 818.53558728657663 160.4636934674345 486.32356844679452 36.964882855769247 374.84329887013882 8176.2594911947381 504.67985859909095 27.103859154041857 47.055238138651475 583.33623010246083 149.08866837131791 377.36876306449994
leaf_count=884 3821 1547 644 734 1379 10062 749 2781 134 96 604 4070 78 1599 3501 1987 9017 1097 8621 6597 8551 1914 8359 113835 9361 347 1026 4163 2092 9032
internal_value=-0.000512423 -0.000854565 -0.000432173 -0.000728072 -0.000458959 -0.0161885 0.000175966 0.000524085 0.000726579 0.0714091 0.0251647 0.00027853 0.069536 -0.0383313 0.000135947 0.000302023 -0.00695985 0.00146805 0.0139675 -0.00120057 0.0126311 0.018403 0.0280798 -0.000291945 -0.0279148 -0.0338743 -0.0443913 0.0319047 0.000828552 -0.00920844
internal_weight=13724.4 13665.5 13554.7 13444.5 13359 508.812 12850.2 12770.5 12735.4 37.4179 219.355 12516 15.7153 85.4838 12500.3 12469.3 1724.82 10744.5 862.977 8671.5 2073.01 1586.69 1023.26 8436.87 861.838 234.623 207.519 958.18 563.422 414.334
internal_count=218682 217798 213977 212430 210187 10892 199295 197916 197167 830 3385 193782 212 2243 193570 189500 28986 160514 10608 125306 35208 26657 13619 117336 18378 7970 7623 12522 13038 10946
cat_boundaries=0 75 148 220 221 222 297 372 448 523 525 593 594 595 670 671
cat_threshold=0 0 0 0 33554432 0 0 0 524288 0 0 536870912 0 16 0 0 0 131072 0 0 2147483648 0 0 0 67108864 256 0 0 0 524288 0 0 264192 32 32 268435456 0 0 1024 0 0 0 0 0 8 0 0 2048 0 524288 16777216 0 0 0 0 8388608 1048576 0 0 524288 32 2147483648 0 0 0 0 0 0 0 0 0 266240 4194304 0 262144 0 0 67108864 0 32896 0 0 536870912 0 0 0 0 0 0 0 0 0 0 0 0 128 0 0 0 0 0 0 0 0 1073741824 0 33554432 0 32768 0 0 128 16777216 65536 8 1048576 33554432 536870912 16777216 16 0 1280 134217728 0 0 0 0 131072 2048 131072 8 0 32776 0 0 1 0 0 0 256 0 1048576 0 536870912 0 0 0 2147483648 0 0 0 0 0 17039360 134217728 256 0 0 0 134217728 67584 2147483648 0 0 0 16384 0 0 0 0 268435968 2 0 8388608 0 262144 17825792 0 0 0 0 524288 2147516416 0 32 0 2147483648 0 262144 0 0 0 0 128 0 2147483656 0 0 4194304 1024 0 0 0 0 1024 0 0 0 0 16384 0 0 0 4096 0 0 0 0 8388608 524288 6230 10242 0 0 262144 16384 0 0 4096 0 0 16416 0 0 0 0 0 0 2147483648 0 0 65536 0 0 0 0 0 16 16777216 0 0 134217728 0 8192 0 0 0 0 0 0 0 0 4194305 0 0 0 0 2 0 0 0 0 0 0 64 0 2 0 0 1 16384 0 0 262144 0 0 0 65536 528 16 0 0 32 0 0 16512 8388608 0 0 262144 16384 2097168 32 0 0 0 32 0 1073741824 0 0 0 256 67108864 0 0 0 0 0 536870912 0 268435456 0 0 1 0 0 0 134217728 268468224 0 0 0 0 0 0 0 4194305 0 0 0 0 4194336 0 0 0 131072 0 0 2147483648 0 0 0 16777216 1 16384 262272 0 0 0 0 0 0 0 1 0 67108864 536870944 1048576 0 0 8388608 0 0 0 0 0 0 0 0 0 0 0 268435456 8388608 0 0 33554432 0 0 0 0 0 0 0 0 128 1024 0 0 64 0 0 2 131584 0 0 524288 0 0 0 8388608 0 0 268435456 2147483648 0 0 0 0 16777216 33554432 0 134218240 65600 0 2048 0 0 0 0 0 33554432 0 0 134217728 268468224 32 0 0 0 4 8192 0 1048576 16384 0 1 0 8 0 8388608 0 0 0 0 8192 0 2048 0 16781440 65664 0 0 0 0 0 268435456 2097152 65536 262144 0 0 0 0 2181038080 0 0 0 0 0 0 0 0 8 2097152 0 16777216 8192 0 0 0 1048576 0 0 0 0 0 1073741824 0 0 1024 0 0 2 524288 0 0 0 33554432 2 0 8192 16 0 0 0 0 0 0 1536 0 2097152 404750336 302022658 0 0 0 0 0 0 0 2 1024 0 0 0 0 0 0 0 0 0 0 0 0 0 0 0 0 0 0 0 0 0 0 0 0 0 0 0 8388608 0 0 0 0 0 0 0 0 0 0 0 0 0 0 0 0 0 0 0 0 0 0 0 0 67108864 0 0 0 0 0 33554432 1884176 91433488 0 0 512 65536 0 0 524288 0 1024 0 0 0 0 32768 0 0 256 0 0 128 134217728 0 0 0 4608 0 16842752 0 0 65536 0 8192 0 0 0 1077936128 0 0 0 262144 0 0 0 0 0 524288 16777216 0 0 0 0 0 0 4194304 2 0 0 64 2147483648 0 0 0 0 32768 1024 0 0 16 0 0 4194304 0 0 2176 32832 1
is_linear=0
shrinkage=0.1


Tree=47
num_leaves=31
num_cat=17
split_feature=3 3 3 25 3 3 3 17 18 3 17 3 25 3 15 29 25 20 3 26 3 3 3 28 20 30 6 3 3 5
split_gain=31.5115 19.4851 16.8489 16.2016 91.0928 29.4116 25.4794 20.3455 14.6146 14.9436 14.9324 20.9433 12.5867 22.4915 19.8617 16.7923 14.0299 13.6714 13.0064 12.5236 53.1136 21.5448 17.2448 26.381 27.8798 23.1627 19.5364 21.4976 16.5354 15.3047
threshold=0 1 2 29.500000000000004 3 4 5 31.849999427795414 0.082386106252670302 6 29.650000572204593 7 4.5000000000000009 8 2.5000000000000004 0.066522132605314269 9.5000000000000018 1.0000000180025095e-35 9 38.500000000000007 10 11 12 0.020199722610414032 -1.0000000180025095e-35 4328.5000000000009 13 14 15 16
decision_type=9 9 9 2 9 9 9 8 2 9 10 9 2 9 2 2 2 2 9 2 9 9 9 2 2 2 9 9 9 9
left_child=-1 12 -3 6 -5 7 -4 -6 9 -7 -10 -12 17 14 15 16 -14 -2 -19 22 -21 -22 23 24 -8 -26 28 -28 -25 -24
right_child=1 2 3 4 5 8 19 -9 10 -11 11 -13 13 -15 -16 -17 -18 18 -20 20 21 -23 29 26 25 -27 27 -29 -30 -31
leaf_value=-0.032893673788453676 0.028418584831695373 -0.041034707093209971 -0.030328270112689022 0.048616343193278524 0.16914337879238833 0.045341812211970922 0.26348860023465859 0.0043049962610911445 -0.04527234888268783 -0.07505826335805299 0.027823793556125038 -0.052289842612313175 0.20221367830976567 0.0034152990725788909 0.082037342803774588 0.13212661979713225 0.50701950744659374 0.042750401817043038 -0.028456583498296023 -0.036585403457823233 0.046033959576295663 0.00016978949601224107 0.0016820648904556394 0.0060673075460648826 0.20266671001598446 -0.04346716462582606 -0.046990171258313784 0.019118401706835281 0.041434605929726726 -0.047276729667658959
leaf_weight=283.60789684136398 230.39776085689664 91.590560311218724 248.03596109128557 174.29751190869138 8.064586650580166 8.3298300956375879 8.6231075245887059 104.68166050175205 264.90569048561156 129.97899665753357 76.910969775170088 42.296127887442708 2.6071869661100227 45.029100344283506 11.59232672350481 4.9790823552757502 3.5887234760448337 24.655062786769122 97.711299567250535 413.0243363827467 114.91657529398799 579.61129149375483 9990.0466477898881 295.65139947924763 5.8707689014263478 10.963215719442813 88.421201914548874 92.022079558111727 249.8586243740283 54.276541276834905
leaf_count=10535 5589 4932 6165 2164 126 459 141 1535 2057 9214 451 440 132 1337 254 53 119 412 4748 6238 1238 9579 132966 9601 197 293 1234 2368 3264 941
internal_value=-0.000484594 0.000221873 -0.000468221 -0.000150132 -0.0138488 -0.0312632 0.000762288 0.0147844 -0.041292 -0.0699556 -0.032046 -0.0026539 0.0211528 0.0611179 0.120719 0.268871 0.37876 0.0140717 -0.0129413 0.00143441 -0.00869124 0.00830416 0.00247455 0.0169851 0.11727 0.0423708 0.0137024 -0.0148209 0.0231373 0.00137075
internal_weight=13756.5 13472.9 13052.4 12960.8 809.465 635.168 12151.3 112.746 522.422 138.309 384.113 119.207 420.561 67.7964 22.7673 11.175 6.19591 352.764 122.366 11903.3 1107.55 694.528 10795.7 751.41 25.4571 16.834 725.953 180.443 545.51 10044.3
internal_count=218782 208247 195603 190671 16446 14282 174225 1661 12621 9673 2948 891 12644 1895 558 304 251 10749 5160 168060 17055 10817 151005 17098 631 490 16467 3602 12865 133907
cat_boundaries=0 24 47 71 94 117 140 163 181 202 225 246 267 291 292 316 340 341
cat_threshold=570425344 0 33554432 4 0 8388608 4718600 8192 0 2181300400 134217729 256 0 8388608 0 0 2097168 134217728 0 134217728 0 79692801 67125312 512 134217728 1073741824 536872960 1032 2415927296 331776 128 0 32768 0 0 0 2147483648 0 0 0 131072 278528 33554560 720898 34897921 2097152 513 0 8388608 0 0 0 69337088 209749504 67108864 0 1207959552 2 0 84934656 67110912 33 0 64 0 0 0 0 196608 4194440 1056 524288 150995008 4194304 0 0 301989892 536870912 2097152 16777216 0 1048576 2097152 589836 256 0 65536 34 0 32834 0 67190788 0 524290 131072 541065216 0 512 0 16777224 268437504 4096 268435456 16779264 12288 33554432 262272 17408 0 2048 0 2048 16777480 67108864 2048 0 2147557376 0 19922944 8192 65552 16384 2449475584 536895744 5120 0 2308 0 0 0 17408 0 65536 34 8 134250498 0 16388 0 2 0 2 8192 2 0 2147485696 16642 1024 0 33028 0 0 0 0 0 0 0 8 0 0 0 512 2097152 0 0 16512 0 0 0 0 0 8192 0 0 402653184 320 0 0 8388608 0 33554432 134217728 1073741824 2048 1024 0 69632 0 0 32768 0 0 0 0 0 0 0 131072 0 0 0 262145 0 0 0 0 8192 0 128 0 0 0 0 0 0 0 0 0 0 278528 33554560 0 1343488 2097152 513 268468224 171966471 16384 2097152 0 4 0 0 16785408 0 0 1719664640 788044 0 0 0 0 0 16781376 0 67108896 0 256 4194304 512 0 0 0 0 0 0 0 134217760 24576 14 0 1082130432 134225920 524800 8 0 4224 1350631424 134217732 2147483648 0 0 536870912 0 268435456 0 268435467 0 352321544 545260032 8192 0 2048 0 2449473536 16781312 0 32 268435456 0 327680 1 0 134217728 2147483648 0 0 0 0 268435456 0 10 0 285212672 536871424 0 0 0 0 2181038080 16777216 0 0 268435456 0 262144 1350631424 134217732 0 0 0 536870912 0 268435456 0 1 0 8 8388608 0 0 2048 0 0 4096 0 0 0 0 65536 11
is_linear=0
shrinkage=0.1


Tree=48
num_leaves=31
num_cat=17
split_feature=13 3 13 3 13 13 26 23 3 25 30 3 3 29 3 3 25 6 28 18 23 20 3 28 2 29 16 6 13 3
split_gain=27.9044 27.1836 24.8784 15.2749 14.6641 14.4398 14.4275 13.8096 29.5832 13.5895 12.4248 11.984 11.8013 13.3721 43.5661 34.4666 22.2138 24.7975 30.559 23.1198 19.6745 15.8146 16.313 13.4084 12.7476 13.8402 12.4726 12.0519 11.9623 46.5098
threshold=0 1 2 3 4 5 154.50000000000003 37.500000000000007 6 85.500000000000014 3976.5000000000005 7 8 0.017089337110519413 9 10 4.5000000000000009 11 0.031157341785728935 0.026873647235333923 1.0000000180025095e-35 5.5000000000000009 12 0.020199722610414032 13 0.0061043049208819875 15.500000000000002 14 15 16
decision_type=9 9 9 9 9 9 2 2 9 2 2 9 9 2 9 9 2 9 2 2 2 2 9 2 9 2 2 9 9 9
left_child=6 -2 -3 -4 -5 -6 11 12 9 10 -9 -1 -7 14 16 -15 17 18 20 -19 23 22 -16 -14 -24 -26 -20 -27 29 -17
right_child=1 2 3 4 5 7 -8 8 -10 -11 -12 -13 13 15 21 28 -18 19 26 -21 -22 -23 24 -25 25 27 -28 -29 -30 -31
leaf_value=-0.032389760257106034 -0.036132894073940422 -0.045852726000838714 -0.025984099703987948 -0.038019929980418532 -0.060944843435762397 -0.02213020302173388 0.22729809521134003 -0.059442582419856387 -0.062932242681041528 -0.045192755524534264 0.053786511833963969 0.069779458779912526 0.22006605811334323 -0.051231238097632942 -0.025192073082118308 -0.038537037519603815 0.018130813460248363 -0.050209448613792021 0.2928980734648664 0.22260346018430188 0.38331057368808341 -0.043389134321995183 -0.048108846841806024 0.0072870913997692011 0.22441243240546266 0.07099056961780642 0.60692032498244441 -0.0046007273700670905 0.001980072125936923 0.058460694178019683
leaf_weight=11.941649086540563 198.08589029870927 105.85215319483541 201.34841759037226 85.076046929694712 27.057994833914563 190.14164187875576 5.3385365242138496 11.431932982522993 90.179214685922489 27.900471392087638 63.639951083809137 48.658628548495471 5.5504364473745245 111.04742272058502 53.393898910377175 68.024454078637064 14.05890961922705 7.7008296279236657 2.5272384667769066 5.2066455371677876 3.2751321983523658 54.65927090938203 9.1573942855466139 6.3494583582505584 4.6012577461078754 66.238607387989759 2.5321368146687746 30.945295748766512 12091.354724750854 136.05016241595149
leaf_count=332 7534 3062 5426 1409 428 5271 96 549 7795 481 997 838 228 5726 3308 890 967 408 111 150 112 6767 1645 255 587 4254 96 2539 154550 1904
internal_value=7.06061e-05 -0.000264981 0.000288678 0.000687998 0.00111524 0.00139857 0.0605214 0.00157432 -0.0249647 0.0131229 0.036544 0.0558163 0.00197406 0.00235133 0.0245295 0.00187737 0.101876 0.168141 0.237227 0.0598384 0.166268 0.00306662 0.0187047 0.106533 0.0386207 0.0500292 0.450061 0.0469208 0.00239674 0.0258385
internal_weight=13739.3 13673.4 13475.3 13369.4 13168.1 13083 65.9388 13056 193.152 102.972 75.0719 60.6003 12862.8 12672.7 266.197 12406.5 47.2008 33.1419 20.2344 12.9075 15.175 218.996 164.336 11.8999 110.943 101.785 5.05938 97.1839 12295.4 204.075
internal_count=218715 217449 209915 206853 201427 200018 1266 199590 9822 2027 1546 1170 189768 184497 21427 163070 2327 1360 802 558 595 19100 12333 483 9025 7380 207 6793 157344 2794
cat_boundaries=0 75 99 175 198 274 345 358 372 396 419 442 443 467 479 480 555 576
cat_threshold=0 0 0 0 33792 0 4096 0 0 0 0 1207959552 0 0 0 0 32768 0 0 0 2149580800 0 0 512 0 8388928 0 0 0 524288 0 0 393216 0 0 512 0 0 0 0 8192 33554432 0 0 0 128 0 0 0 0 1073741824 0 1073774592 0 0 16777216 1048576 0 65536 524288 0 16 0 0 0 4096 0 0 0 0 0 266240 0 0 262144 1107361792 64 0 0 0 805306888 4384 0 134217728 537395204 0 0 0 75497472 0 0 134217730 256 0 134217729 4210688 55575553 1048576 2 0 0 67108864 0 128 0 0 536870912 0 0 0 0 8388608 0 0 0 67108864 0 0 0 0 268435456 2048 0 0 0 1073741824 0 0 0 0 0 0 32768 0 0 536870912 16777216 4 0 0 0 0 4194304 1048576 0 16778240 0 0 0 0 2048 131072 0 0 0 0 1 0 0 0 1024 0 8388608 256 0 0 0 8388608 0 0 131072 2147483648 512 131392 2048 0 0 33555456 25 0 69730304 2170880 83886080 65536 1073758272 12 0 68173824 0 1 5242884 131072 0 0 0 32768 73728 134217984 0 0 0 0 65536 0 0 1073741824 0 0 0 32768 0 0 8388608 16777216 0 0 0 0 0 0 0 0 0 1028 0 0 64 1073741824 0 0 32768 0 0 0 0 268435456 65536 512 0 16 536870912 0 0 4194304 0 0 0 0 0 8192 0 0 0 0 0 0 224 0 8388608 0 1024 0 2048 0 0 0 268435456 67371008 8224 1048576 1049088 0 0 1 0 0 0 0 0 0 0 512 0 0 0 268435456 65536 0 0 0 268959744 0 0 0 16 0 0 2147483648 4096 0 0 2097153 0 8388608 0 0 268435968 0 0 0 0 32768 0 2048 0 0 268435456 0 0 0 0 0 1073741824 0 0 512 0 0 4194304 8 0 0 0 0 0 0 0 134217728 0 32 1073741824 0 536870976 1024 536870912 0 0 536887424 2097152 0 0 1048576 2097152 16785408 0 1056768 8 66048 150994944 4194304 4210816 0 0 4 0 0 0 0 4096 1075838976 524288 33554432 0 1074790912 135299072 66592 16384 0 8388736 0 2147483648 0 2066 0 16777730 32 0 0 0 2147484672 1081344 32768 0 524354 4194304 49 64 0 0 0 0 1 0 301989888 524288 151027712 294912 0 0 0 0 0 0 0 0 0 0 2558525440 36308166 64 0 64 2 0 2048 4194304 301989888 524288 2298478600 294913 0 0 0 0 0 0 0 0 0 0 3623879168 36439750 1 0 69730305 0 2 0 2147483648 0 2097408 131072 103025184 0 0 268435456 8192 0 0 0 0 0 0 0 537153536 16785425 2116 4227104 411041792 135304 0 0 0 75497472 0 1048576 134217888 37748736 2560 1 0 0 0 65536 0 32 1 262146 134217760 0 2048 0 4096 32784 0 0 0 0 0 0 134217728 0 0 0 0 0 64 0 0 0 0 0 33554432 0 2 0 0 0 0 16777216 0 0 0 16777216 2 0 0 2147483648 0 2147483652 0 1024 0 0 0 0 16778240 2097152 0 262144 32 0 0 0 0 0 0 0 0 0 8388608 4718592 0 0 16777216 403177472 4 2151678081 512 0 0 0 2097152 0 0 4096 3894411264 4366488 1 0 0 0 0 0 0 67108868
is_linear=0
shrinkage=0.1


Tree=49
num_leaves=31
num_cat=21
split_feature=13 3 13 3 20 3 3 13 3 13 13 3 10 3 13 9 26 25 13 3 12 16 13 3 15 29 2 20 15 20
split_gain=29.013 28.697 19.9459 26.885 18.7769 17.1881 15.7499 15.1912 27.6238 14.7986 13.0864 20.509 12.5851 12.4658 11.804 12.0605 13.8541 10.9207 10.9202 10.5198 10.6844 11.4515 9.92531 16.7103 9.83417 9.75097 9.48193 9.17195 9.41033 9.01108
threshold=0 1 2 3 92.500000000000014 4 5 6 7 8 9 10 11 12 13 14 1.5000000000000002 183.50000000000003 15 16 17 10.500000000000002 18 19 2.5000000000000004 0.047120505943894393 20 -1.0000000180025095e-35 3.5000000000000004 -1.0000000180025095e-35
decision_type=9 9 9 9 2 9 9 9 9 9 9 9 9 9 9 9 2 2 9 9 9 2 9 9 2 2 9 2 2 2
left_child=4 9 3 -3 -1 -4 14 8 -8 -2 11 -9 -12 18 -7 16 -16 19 -14 20 21 -15 23 -21 -17 27 -11 28 -26 -27
right_child=1 2 5 -5 -6 6 7 10 -10 26 12 -13 13 17 15 24 -18 -19 -20 22 -22 -23 -24 -25 25 29 -28 -29 -30 -31
leaf_value=0.093682520788652135 0.049983246500654964 0.030432165305760983 -0.033600089126124333 -0.060819129433514155 -0.076330411272245463 -0.03811696137887393 0.045915141642695466 -0.035565452811751205 -0.065298747923765166 0.04321088286686188 -0.056606390897702877 0.069723379200064189 0.040263783458744117 0.088237092437715839 0.12372868311394758 0.0027418236074377798 -0.013308345278285503 -0.068196557522654508 -0.034728798901468537 0.027389302901979252 -0.0169650645667947 -0.0020381429791066262 0.0019469079839547572 -0.050019012795338616 0.046552385560451104 -0.02696700776064237 -0.046573757232143409 0.054909550933777029 0.26459183784074253 0.039211999503017222
leaf_weight=54.483090372523293 12.51507781120017 40.61310213454999 136.09051655069925 106.61617561965249 7.3756430621724567 24.601538683287799 24.29479375295341 21.711336045525968 76.096070722211152 7.3698144182562828 28.70765142259188 55.088496933924034 15.247332195984198 21.1760805149097 30.402182534802705 188.57830960652791 9.7412131279706937 22.84773126244545 150.61067824880593 35.206984539981931 512.01466776127927 41.76589744607918 11717.843377396697 80.999482474057004 3.3271947307512146 27.219592250883579 209.20558983413503 25.7562689865008 4.8864188538864255 84.282943917438388
leaf_count=757 386 595 6549 2718 900 463 210 255 1124 696 899 879 438 433 414 4140 163 441 5050 431 9385 796 165515 1276 118 432 11055 987 174 1348
internal_value=-0.00018078 -0.000512333 9.64465e-05 -0.0353129 0.0631952 0.000513454 0.000890262 0.000273103 -0.0366635 -0.0348541 0.000593615 0.03929 0.000327339 0.000501875 0.0202132 0.0249404 0.0724319 0.000875172 -0.0259372 0.00100305 -0.0120908 0.0244494 0.00164804 -0.0262547 0.0172939 0.0373468 -0.0417462 0.0842529 0.176268 0.0230566
internal_weight=13776.7 13714.8 13485.7 147.229 61.8587 13338.5 13202.4 12803.6 100.391 229.09 12703.2 76.7998 12626.4 12597.7 398.796 374.194 40.1434 12431.9 165.858 12409 574.957 62.942 11834 116.206 334.051 145.472 216.575 33.9699 8.21361 111.503
internal_count=219027 217370 205233 3313 1657 201920 195371 187132 1334 12137 185798 1134 184664 183765 8239 7776 577 178277 5488 177836 10614 1229 167222 1707 7199 3059 11751 1279 292 1780
cat_boundaries=0 74 98 173 193 217 240 315 338 397 472 486 487 511 585 586 660 684 685 761 782 793
cat_threshold=0 0 0 8388608 1024 0 1073741825 0 0 0 0 0 0 0 0 0 294912 0 0 0 0 65536 512 0 0 256 0 0 0 0 0 0 0 131072 32 268435456 0 256 0 0 0 0 0 16777216 10 0 0 0 0 1024 20971520 0 1073774592 0 0 8388608 0 0 16384 524288 1 2147483648 0 8 8192 0 0 0 0 0 0 786432 16777216 2097152 67108928 0 65536 1 8 1073760264 0 0 0 2147491840 128 0 0 41943552 0 536936448 0 402653184 64 0 1052672 2219049985 3145856 8 0 0 67108864 0 65668 0 0 262144 0 16384 0 0 0 0 0 0 0 64 0 0 0 268435456 0 32768 4194816 0 0 0 0 0 0 0 32768 32768 0 512 0 18874368 65536 0 0 0 0 4194304 0 0 1024 0 0 0 0 0 131136 0 268435456 512 1024 0 4 0 0 16 0 0 1280 0 0 0 0 0 8224 512 0 0 16777216 0 33554434 536870912 512 0 0 0 2228224 302030848 0 0 33554432 2156790020 0 0 2560 0 1024 33558672 3 0 64 8192 65536 0 2367684608 1040 335544320 0 16777729 24 0 2147483648 67108866 1 0 0 0 1 0 32768 69632 537660160 512 8486912 256 0 2099204 0 262144 16777218 4206592 0 2 133120 2048 536936480 2097280 0 2048 134217729 49152 0 0 4194369 0 2155872256 0 0 512 0 32768 0 0 1073741824 0 65536 512 2147483648 0 0 0 0 2147483648 0 0 0 0 0 536870912 0 128 0 0 0 16777216 1073741824 0 2 268435456 0 0 4194304 536870912 0 36 512 0 0 0 0 0 524288 0 2147483648 0 0 0 0 65536 1024 0 0 0 0 32 0 8388608 0 1049600 0 0 0 0 0 268435456 0 0 1048576 2147483648 0 2228480 0 33554434 536870912 512 0 0 0 0 16785408 0 0 134217728 393224 8 0 0 2 0 0 0 0 0 67108864 0 0 0 134217744 0 0 0 0 0 0 0 1 0 65664 0 0 0 131072 0 0 134217728 0 0 0 4194304 1 0 0 0 0 0 0 0 0 0 1073741824 0 0 0 0 0 0 0 0 0 0 0 0 0 0 0 0 0 0 0 0 2 0 2147483648 0 0 0 0 0 0 0 0 0 2 2048 0 2048 2147483648 8388608 0 0 8192 0 0 0 0 0 0 0 0 0 0 1048576 134742016 0 0 33554432 524288 0 0 0 8388608 2147483648 0 0 0 16 0 0 128 0 0 0 4 0 0 0 0 0 0 0 2097152 0 67108864 0 0 4 32 2129920 16 0 268435456 0 0 0 0 1024 128 67371008 0 4 128 0 0 0 0 0 16777216 0 1048576 3229614080 524296 8 6166 0 0 1081344 16 0 0 142618624 512 2147483648 1073938468 65538 0 1048576 18448 268435456 4194304 6 0 0 0 262144 540736 71303168 4128 0 0 0 0 0 0 0 0 0 0 0 0 0 32912 0 0 0 0 0 0 0 0 0 0 0 0 65536 0 0 0 0 0 0 0 0 1073741824 0 0 0 262144 0 0 16 0 0 0 0 0 0 0 0 0 0 0 0 0 0 0 2147483648 0 0 0 0 0 0 0 0 33554432 0 0 0 0 1024 2048 1409 0 0 0 134217728 0 0 0 0 0 0 0 0 0 0 0 0 0 0 0 0 134217728 0 0 0 0 1 0 0 0 0 0 0 0 268435456 0 0 8388608 0 0 0 4194304 0 0 0 16 2 0 134217728 0 4194560 0 0 0 0 0 0 0 0 0 0 0 0 0 0 0 0 512 33554432 0 0 0 0 0 2048 131072 1049088 131072 32800 2147501056 524288 3145732 17301504 0 524432 8388608 33554432 0 40 536870912 0 0 0 4194304 0 0 2097184 1207959552 2064 9493848 0 1024 0 134234128 0 0 65536 0 0 0 0 268468224 0 524304 0 16777216 337117184 0 0 0 0 0 0 0 0 0 0 0 0 2147483648 0 512 0 0 0 0 0 1073741824 0 0 5 0 0 0 0 2 0 0 0 131072 0 134479872 0 0 0 0 0 0 0 0 0 1024 2147483648 0 0 65536 16 0 536870976 0 0 0 512 0 0 2048 0 4 541065344 0 0 0 131072 0 0 0 4096 1411383296 656724 0 0 0 0 0 0 0 67108864 0 2147483648 0 67108864 0 2097728 67108864 0 2097152 2147483648 1073742336
is_linear=0
shrinkage=0.1


Tree=50
num_leaves=31
num_cat=13
split_feature=3 3 28 3 23 3 14 3 26 3 3 7 14 23 20 9 20 17 14 3 9 20 3 28 23 3 28 23 26 18
split_gain=24.8127 15.5684 14.7064 14.1533 12.4616 47.4666 23.397 17.7356 16.7147 17.3678 16.4806 15.996 13.3775 13.3054 12.6957 12.2328 13.7036 11.9518 13.1699 11.6986 18.6936 16.9034 20.2734 11.4994 10.7137 11.2159 10.5465 12.857 10.3624 15.7481
threshold=0 1 0.12784527987241748 2 5.5000000000000009 3 2.5000000000000004 4 1.0000000180025095e-35 5 6 7 10.500000000000002 9.5000000000000018 397.50000000000006 8 17.500000000000004 34.95000076293946 3.5000000000000004 9 10 19.500000000000004 11 0.27771845459938055 37.500000000000007 12 0.016124478541314605 33.500000000000007 16.500000000000004 0.26858077943325048
decision_type=9 9 2 9 2 9 2 9 2 9 9 9 2 2 2 9 2 8 2 9 9 2 9 2 2 9 2 2 2 2
left_child=2 -2 26 -3 10 6 23 -7 12 -10 14 -12 13 -8 -5 16 -9 18 -18 20 21 22 -13 -6 25 -17 27 -1 -22 -30
right_child=1 3 -4 4 5 7 8 15 9 -11 11 19 -14 -15 -16 24 17 -19 -20 -21 28 -23 -24 -25 -26 -27 -28 -29 29 -31
leaf_value=-0.013152031966134729 -0.036816899779002536 0.015305078518150095 0.050243642596894539 -0.021394993741714035 -0.062377413846421439 -0.061561835992712803 0.1109003840386496 -0.12025189202503064 -0.027641890813643495 0.060722864348308273 0.095235773812351501 -0.026818651160033243 -0.032042646054951378 0.042906455742958621 0.12642365082742696 0.01857416662475983 0.043269716031164751 0.040489807988238091 -0.042380952969290023 0.00044146382791427431 0.011740374843951011 0.18088437207129873 0.082082742701965541 0.071331475632963756 -0.082221783658093295 -0.033207713979825151 -0.044291545911079234 0.14111599930403743 -0.023439854675958764 0.15061375254742559
leaf_weight=35.641166032990441 100.9331074829679 630.53911385242827 21.433038309216499 394.84585659974255 42.845452582929283 121.10374852339737 37.746520880144089 8.3933897288516146 68.585058622993529 21.06498561007902 18.23008752707392 25.302743382751942 17.938291454222053 121.15184214571491 5.8970584929920724 48.052037084009498 26.350356127601117 72.751778275240213 56.328585144598037 10310.922056030016 872.03002987545915 10.853034262312574 34.467415354214609 7.5682782381772986 36.134348768275231 207.69816307304427 228.16359947854653 6.3676034265663466 140.90960028674453 5.3974343240261069
leaf_count=1722 6411 10821 174 7654 857 9286 403 193 1388 375 213 660 398 1510 89 1376 285 930 793 136865 17523 155 570 31 2700 4638 6360 152 3803 25
internal_value=-0.000144727 0.000491385 -0.0285109 0.000800961 7.00976e-05 -0.0113155 0.01955 -0.0281243 0.0319852 -0.0031889 0.000931109 0.00163691 0.0498172 0.0590585 -0.0187519 -0.0181073 0.00396549 0.0109285 -0.0150835 0.00148867 0.0112965 0.0578789 0.0452272 -0.0423046 -0.0302169 -0.0240508 -0.0358138 0.0102316 0.00753448 -0.0170188
internal_weight=13735.6 13444 291.605 13343.1 12712.6 893.713 316.9 576.812 266.487 89.65 11818.9 11418.1 176.837 158.898 400.743 455.709 163.824 155.431 82.6789 11399.9 1088.96 70.6232 59.7702 50.4137 291.885 255.75 270.172 42.0088 1018.34 146.307
internal_count=218360 209952 8408 203541 192720 25163 4962 20201 4074 1763 167557 159814 2311 1913 7743 10915 2201 2008 1078 159601 22736 1385 1230 888 8714 6014 8234 1874 21351 3828
cat_boundaries=0 24 48 72 95 113 126 149 150 151 174 175 193 212
cat_threshold=33554432 0 33556480 2097152 0 1083179008 2621440 268435456 0 536903712 0 256 2415919104 8462336 0 0 0 512 16777216 0 0 675284001 3145728 640 0 67108864 40960 2048 0 2216689664 4219904 71303680 0 1073815680 8390664 0 17825792 67108864 1 0 0 0 0 32768 0 65536 4194560 48 1627422848 805306370 536870912 8 0 16385 128 1024 268435456 0 1073807360 0 536891424 1 0 0 64 33554432 537133184 131074 1 0 512 262144 2148139008 1090519040 16385 0 0 0 0 2097152 33562624 256 1056768 1342179328 4292612 1024 0 65536 0 201326592 32832 0 67108864 2147484160 2147549184 402653184 4 2147483648 512 0 4 0 131072 0 0 4096 67108864 524800 33554432 0 8388608 0 524288 0 0 16384 0 0 0 0 2097152 33562624 0 1056768 268435456 32772 524352 1074790464 0 65552 16384 537460736 16 52428800 0 25165824 134217730 0 4194304 0 0 4196352 16 201326592 32768 0 67108864 2148008448 128 4 12 142606336 134218753 0 132 0 268435460 1050625 0 786432 0 180224 100663296 393218 256 0 0 32 17301504 4096 0 35913728 16384 8 1154 142606336 0 0 4 0 4 1048576 0 0 0 0 33554432 262144 0 0 0 0 524288 0 37748736 0 0 0 0 0 0 0 0 0 2174746624 0 4 0 0 0 0 2
is_linear=0
shrinkage=0.1


Tree=51
num_leaves=31
num_cat=17
split_feature=13 13 13 1 30 13 25 11 23 13 28 29 12 10 13 25 23 13 13 7 2 16 30 13 17 8 23 25 9 17
split_gain=21.0539 16.4257 14.0529 12.8661 13.1312 12.0353 10.8533 19.5283 14.5608 24.5294 17.8132 17.698 13.3825 12.943 14.2223 13.7324 37.1221 22.3883 21.7236 15.7206 15.0387 15.8831 15.4673 13.9297 20.8133 27.5711 18.7654 18.2189 17.1214 15.6473
threshold=0 1 2 3 1.0000000180025095e-35 4 29.500000000000004 5 21.500000000000004 6 0.016124478541314605 0.13217660784721377 7 8 9 1.5000000000000002 1.5000000000000002 10 11 12 13 20.500000000000004 684.50000000000011 14 43.750000000000007 15 1.0000000180025095e-35 12.500000000000002 16 25.650000572204593
decision_type=9 9 9 9 2 9 2 9 2 9 2 2 9 9 9 2 2 9 9 9 9 2 2 9 8 9 2 2 9 10
left_child=-1 -2 -3 -4 -5 -6 8 12 13 10 -10 -12 -8 -7 -15 16 17 -16 -17 -20 21 22 -21 29 -25 28 27 -27 -26 -22
right_child=1 2 3 4 5 6 7 -9 9 -11 11 -13 -14 14 15 18 -18 -19 19 20 23 -23 -24 24 25 26 -28 -29 -30 -31
leaf_value=0.036892356429765065 -0.033502253151162002 -0.049230071509463708 -0.052893499326817174 0.075622480276564624 0.036250805695105824 -0.031644052158188989 -0.031837803800016766 -0.05748996835596655 0.28757611929246829 -0.048996618899596021 -0.028093393112377935 0.11173496813694772 0.00058967475081466532 -0.043122216218233346 0.034224269712397636 -0.013930727192551243 -0.033243649166598548 -0.00044109283542232374 0.16258761553577369 0.17130149532422867 0.10056116290791305 0.00021481083860864947 0.049233348995093337 -0.011514665390067725 -0.0051293094968206422 0.0034865892252803317 0.019212845527992024 -0.041670687025556395 0.090843807235939822 0.022551928485282625
leaf_weight=136.24767191382125 146.16051744553261 49.850761313922703 37.000905042747036 22.63450269587338 78.010745488572866 115.75562802189961 153.71981102786958 75.134671633597463 2.7800728185102335 126.88332732813433 23.650236525340006 14.664278880693017 578.43976149964146 63.945156985893846 180.29022142849863 408.04781600856222 342.69101785030216 8894.3272048437502 6.8163850670680404 17.416779063642025 33.42466854234226 26.536252702586353 25.69348863651976 481.60910741845146 32.042335304431617 603.87489483319223 790.74299627472647 104.85798387951218 64.463143797591329 111.44285313319415
leaf_count=2045 3409 1427 5088 173 1034 1620 3169 4574 70 8269 1594 107 10176 1025 2563 5601 9439 122006 88 114 520 196 185 7134 412 9171 11909 3442 631 1758
internal_value=-0.000850261 -0.0012542 -0.000879594 -0.000663415 -0.000479583 -0.000608901 -0.000852095 -0.0120896 -0.000125387 -0.0293684 0.0347117 0.0254237 -0.00655586 0.000273848 0.000602451 0.000868409 -0.000935234 0.00028485 0.00714633 0.0109006 0.0104971 0.0534135 0.0985495 0.00887191 0.00667357 0.0122039 0.00856482 -0.00319449 0.0614885 0.0379323
internal_weight=13749.2 13612.9 13466.7 13416.9 13379.9 13357.3 13279.3 807.294 12472 167.978 41.0946 38.3145 732.16 12304 12188.2 12124.3 9417.31 9074.62 2706.97 2298.92 2292.1 69.6465 43.1103 2222.46 2077.59 1595.98 1499.48 708.733 96.5055 144.868
internal_count=218949 216904 213495 212068 206980 206807 205773 17919 187854 10040 1771 1701 13345 177814 176194 175169 134008 124569 41161 35560 35472 495 299 34977 32699 25565 24522 12613 1043 2278
cat_boundaries=0 75 150 226 227 302 303 378 379 380 449 523 598 599 608 682 683 684
cat_threshold=0 0 0 0 1024 16777216 0 0 0 1024 134217728 134217728 0 0 0 0 0 8192 0 0 0 0 262144 0 4198400 8421632 0 262144 0 524288 0 0 0 0 0 0 0 2097152 0 16777216 0 0 0 0 8 0 0 0 2048 1 16777216 0 0 0 0 0 1024 0 0 0 0 2147483664 0 0 0 4096 0 1 0 0 128 524288 16777216 0 67108864 0 0 67108864 0 144 0 0 537133056 0 0 0 0 0 0 0 0 0 0 0 128 0 0 0 0 512 0 0 0 0 1073741824 0 33554432 0 268468224 0 0 0 16777216 0 0 4 0 0 0 0 0 1024 0 0 0 0 0 131072 0 0 8 0 8 2147483648 0 0 1024 2097152 0 16640 0 1024 0 0 0 0 0 2147483648 2097664 32768 0 1024 0 0 0 0 65536 0 0 0 0 0 0 0 0 33554432 0 64 0 0 2097168 0 268437504 0 0 1024 0 1 0 8388608 0 0 4 0 0 524288 0 0 65536 2048 0 0 0 1048576 0 4194304 256 0 1073745920 33555456 0 512 0 2147483648 0 0 0 0 0 0 8388608 0 0 134217728 0 0 0 0 0 0 536879104 0 0 0 256 1 1864976 0 0 0 536870912 0 0 1 2 0 0 0 0 2048 0 0 0 0 0 0 0 2147483648 0 0 512 0 64 64 0 0 0 0 0 270336 524320 32768 512 0 256 0 0 8192 131072 0 0 0 0 0 2147483648 0 16777220 0 0 2 0 0 16777216 0 0 16384 0 0 0 0 268435456 2097152 0 0 0 0 0 0 67371008 0 0 8650752 512 0 0 0 134283264 0 0 0 256 0 0 0 0 0 0 0 0 0 0 0 0 134217728 0 0 0 0 0 0 0 0 0 0 0 0 0 0 0 0 0 0 0 0 0 65536 0 0 0 0 0 0 0 0 0 0 0 0 0 0 16777216 0 0 0 0 0 0 8192 0 0 33554432 0 0 0 0 0 0 64 69017888 4212 0 0 262144 16400 32768 0 0 256 0 0 0 0 0 0 0 0 0 0 0 0 0 0 536870912 2147483648 0 0 0 0 0 0 0 134234112 268533760 0 0 0 545259520 8388608 2097152 8389128 0 0 65536 0 0 32 0 0 0 0 0 0 0 0 0 0 0 0 128 0 570425344 0 1048576 0 0 32 1073741824 0 536870976 0 0 0 134217728 33554432 0 4096 0 0 0 2048 0 128 0 0 0 0 0 0 0 134217730 65536 0 0 0 1 0 0 0 0 0 0 2048 131072 0 1073741824 128 0 0 0 4194305 0 0 0 0 128 16777216 8 0 2147483904 0 0 0 4194304 2 0 0 0 0 0 32 0 0 32 1024 0 1048576 0 1024 0 0 65536 512 2048 0 0 1048576 134217728 0 0 0 0 0 0 131072 0 0 16 131072 0 603979776 0 0 0 0 0 0 0 0 1 16777216 0 0 65536 0 512 0 0 0 1073741824 0 0 0 262144 4194305 33554432 0 0 0 524288 0 8 0 2147483648 1073741824 0 0 0 2 0 0 0 0 0 32 0 0 0 1024 0 5242880 16 0 0 4194336 0 0 0 16777216 4 0 0 0 0 0 0 0 256 2048 0 0 0 0 0 0 0 0 134226944 32 0 0 0 32896 0 0 0 0 0 0 0 0 0 0 0 4 0 0 16777216 0 0 0 0 0 0 0 32 0 1024 0 256 0 536870912 0 16 0 0 0 0 0 0 2048 64 4194304 0 0 2 0 0 0 0 100663296 4 8421376 0 16 0 0 0 0 0 4194304 0 16384 6 13574
is_linear=0
shrinkage=0.1


Tree=52
num_leaves=31
num_cat=12
split_feature=13 13 1 11 29 17 13 30 13 13 9 13 30 13 29 17 17 13 17 14 9 18 20 29 16 16 18 29 29 16
split_gain=26.1859 18.0281 12.6708 12.2448 18.2018 19.6611 12.9091 10.6876 23.8167 22.8703 22.4565 16.849 13.1276 14.5327 13.0744 11.5317 17.1985 12.909 11.248 11.1854 10.7967 10.4792 14.8763 13.9531 11.2372 10.7867 10.4115 9.98984 10.5651 9.88837
threshold=0 1 2 3 0.066522132605314269 40.95000076293946 4 4003.5000000000005 5 6 7 8 4025.5000000000005 9 0.18592240661382678 49.850000381469734 53.049999237060554 10 24.150000572204593 1.5000000000000002 11 0.095719244331121459 -1.0000000180025095e-35 0.1250448822975159 11.500000000000002 4.5000000000000009 0.48488573729991918 0.02555275242775679 0.030502704903483394 23.500000000000004
decision_type=9 9 9 9 2 10 9 2 9 9 9 9 2 9 2 10 10 9 8 2 9 2 2 2 2 2 2 2 2 2
left_child=-1 26 -3 4 5 -4 -5 9 18 -8 15 29 14 20 -10 17 -17 -11 -9 -15 -14 22 23 27 25 -25 -2 -13 -29 -12
right_child=1 2 3 6 -6 -7 7 8 12 10 11 21 13 19 -16 16 -18 -19 -20 -21 -22 -23 -24 24 -26 -27 -28 28 -30 -31
leaf_value=0.049550674139799633 -0.048670037233565389 -0.041660250525574857 0.37612349292203123 -0.035336334128268886 0.02851240927764544 0.043477568044289011 -0.0306177627707672 0.16739186891073565 -0.031061988873249863 -0.013132056317012529 0.023527235698299634 0.047986253174464429 -0.032966697153982372 -0.017531849911979855 0.0069593667316774858 0.12464203756981998 0.022253515570000049 0.032110764441234431 0.031932112763689069 -7.7907022523798986e-05 -0.00073838113788959664 0.0057290860823286426 -0.010534198243966245 0.011942386564836543 0.012230035840568603 0.10375194339719195 0.038143491126933243 -0.078196166321250871 -0.0020339193499880229 0.085931378295855884
leaf_weight=94.011665226891637 119.05416880920529 64.16146722715348 3.7296555321663645 94.729363747639582 17.809934783726931 3.3934839367866516 176.62449278938584 6.3898385525681078 306.7635240717791 82.864437018753961 102.79207055829465 35.918748042546213 249.73069369117729 387.04368240805343 128.25316041335464 28.895953622180969 37.952711271122098 230.90942233009264 150.70862551918253 7150.4340266555082 184.86737327952869 2504.3458510097116 1138.9812871250324 19.42153636738658 68.046624887734652 37.518868625164032 15.627973571419714 19.992220313753933 204.72820555092767 33.72223316365853
leaf_count=1250 2948 5859 77 2310 198 156 2979 136 6138 977 1415 2497 4848 6740 745 296 492 3270 2515 120454 3476 15689 26992 212 767 399 68 730 3723 455
internal_value=-0.000435414 -0.000816631 -0.000439183 -0.000211002 0.0589171 0.21765 -0.000365084 -8.93684e-05 -0.00219555 0.0037298 0.00512035 0.00296165 -0.00293274 -0.00201315 -0.0198524 0.0280642 0.0665119 0.0207675 0.0352011 -0.000972863 -0.0195825 0.00174552 -0.00478651 0.0121898 0.0396586 0.0724371 -0.0359289 -0.000982621 -0.00880968 0.0362846
internal_weight=13699.4 13605.4 13470.7 13406.6 24.9331 7.12314 13381.6 13286.9 8564.19 4722.71 4546.09 4165.47 8407.09 7972.08 435.017 380.623 66.8487 313.774 157.098 7537.48 434.598 4028.95 1524.61 385.626 124.987 56.9404 134.682 260.639 224.72 136.514
internal_count=218811 217561 214545 208686 431 233 208255 205945 145052 60893 57914 52879 142401 135518 6883 5035 788 4247 2651 127194 8324 51009 35320 8328 1378 611 3016 6950 4453 1870
cat_boundaries=0 73 148 149 152 228 303 378 379 445 520 595 596
cat_threshold=2 0 0 0 1024 0 0 0 128 0 0 1073741824 0 0 0 0 0 0 0 0 2147483648 0 0 0 0 33092 64 262144 0 524288 0 0 0 524288 2 512 0 0 2097152 0 270336 0 0 0 24 0 0 0 0 2151677956 4194304 0 0 0 0 8 0 0 0 524288 0 0 0 0 0 4096 0 1 0 0 32 67371008 4194304 0 0 67108864 0 0 0 0 0 0 0 0 0 0 16 0 0 67108864 0 0 128 0 0 0 0 0 16 0 0 0 0 4096 0 0 32768 0 0 128 0 0 0 4194308 131072 65536 4194304 0 65536 128 8192 0 0 0 0 0 0 0 0 16777224 0 0 0 0 0 2147483648 8388608 16640 0 512 0 0 0 0 4329472 2147484160 0 2097152 1860849 404750336 302022658 64 0 1024 0 8388608 148 0 0 0 0 1024 0 0 0 0 0 0 0 0 0 0 0 65536 536870912 0 0 0 0 0 0 1073741824 0 0 32768 0 0 0 536870912 16777216 65536 0 0 33554432 536870912 2147483648 0 0 1024 8 0 0 0 512 131072 0 0 0 0 0 0 0 0 16 1024 134217728 16 65536 0 16 268435456 262144 8192 0 0 0 16777472 1 0 0 0 134217728 0 16777216 0 256 524288 0 0 32768 65536 32768 8388608 0 0 0 0 0 134217728 67108864 268435456 0 268435456 0 0 0 0 134217728 0 0 0 0 0 1073741824 8 256 0 0 256 0 0 0 0 0 0 0 0 524288 0 0 32768 1024 2 0 0 2097152 0 262144 0 0 0 0 1026 0 1048592 0 1024 0 4194304 0 16778240 0 67108864 0 0 0 134217728 0 16777216 0 0 8192 0 512 536870912 8388608 32896 0 16777216 0 0 0 0 134217728 0 264192 0 512 0 0 0 0 134217728 0 0 0 0 0 1077936128 8 0 1024 0 0 0 0 0 0 0 0 2147483648 0 1 16 2048 0 4194304 2 131072 0 0 0 0 0 67108864 0 0 1026 0 1048576 0 0 0 4194304 0 0 0 67108864 13828 0 0 262144 65536 0 0 0 262146 0 2 0 0 128 0 0 0 4096 0 0 0 0 0 16777216 0 4198400 0 65536 33554432 0 0 0 0 0 0 0 0 8388608 2097152 2415919104 262144 0 0 0 16777216 0 2 0 0 0 256 0 0 64 0 0 0 2 0 2147483648 0 0 0 2097152 0 8192 16 0 0 262656 0 32768 0 1073741824 262144 1024 0 0 0 0 0 0 0 536907776 0 0 0 0 262144 0 0 4194304 0 1073807360 0 0 1048576 0 0 0 268435456 0 0 8388608 0 2147484672 0 1 0 4096 0 0 524288 16777216 0 0 256 0 0 64 0 131072 0 0 16777280 0 0 32 0 0 0 0 268435456 0 0 536870912 0 0 0 0 2048 32768 0 0 0 0 0 0 0 0 0 0 0 0 0 2147483648 0 0 4096 0 0 0 0 0 0 0 4194304 0 65536 33554432 0 0 0 0 0 0 0 0 0 0 0 262152 0 0 16 0 0 0 0 0 0 1280 0 0 0 0 0 0 67108866 16777216 0 0 0 0 0 0 0 0 0 0 0 0 0 0 1024 268435456 64 8589
is_linear=0
shrinkage=0.1


Tree=53
num_leaves=31
num_cat=17
split_feature=3 13 13 3 17 3 3 3 12 13 3 17 15 3 13 3 13 30 25 17 14 3 20 13 17 25 14 30 16 12
split_gain=22.2876 19.2752 18.1467 26.328 25.0875 16.3445 13.0341 12.1455 14.4754 13.4481 16.0995 15.3945 11.7707 10.9936 10.9046 14.0692 10.1477 10.0818 12.4007 12.2734 9.09742 9.0718 19.3498 17.3274 18.5724 14.764 13.2719 12.6233 13.2274 11.8787
threshold=0 1 2 3 32.549999237060554 4 5 6 7 8 9 49.850000381469734 1.5000000000000002 10 11 12 13 4193.5000000000009 15.500000000000002 29.650000572204593 6.5000000000000009 14 -1.0000000180025095e-35 15 42.549999237060554 1.5000000000000002 11.500000000000002 3976.5000000000005 13.500000000000002 16
decision_type=9 9 9 9 8 9 9 9 9 9 9 8 2 9 9 9 9 2 2 8 2 9 2 9 10 2 2 2 2 9
left_child=16 5 3 4 -3 -2 -4 8 -8 10 -9 -12 -7 -11 15 -15 20 18 -10 -19 -1 22 -16 -24 26 27 29 -26 -29 -25
right_child=1 2 6 -5 -6 12 7 9 17 13 11 -13 -14 14 21 -17 -18 19 -20 -21 -22 -23 23 24 25 -27 -28 28 -30 -31
leaf_value=0.12158645799267596 0.082096046487786567 0.16682911594406877 -0.023312708608585739 -0.050420987918855735 -0.0051795084226625961 0.055512499784171471 -0.038768917830396321 -0.037191446250233982 0.043091116526760058 -0.027738958146294197 0.039536096458689475 0.15190413426504579 -0.034828065984551917 0.030570183494102135 -0.017688749864953699 -0.044558504911787637 -0.04007772267915561 0.14409244241788657 -0.033307321281647831 -0.0042529614608906793 -0.038789383165954101 0.00038096771762924071 -0.018705843207233164 -0.027481068225172458 0.23136558582401756 -0.026077530697617032 0.07711467043860154 -0.008627937262879434 0.15504204363332827 0.020849779454898274
leaf_weight=8.9843717387411726 46.564986171200871 11.811997549608348 207.65977799822576 140.31663607340306 30.05216685635969 24.697228218428791 33.102942400379106 15.282006204128264 228.78747488558292 126.00162932905369 33.748485497198999 19.08796928753145 34.666665122611448 26.986748549155891 189.50627298559994 98.630098358727992 175.04924213583581 5.8286480559036136 23.420973177067935 129.29534747451544 5.8337050732225171 11330.441023508552 104.84502345928922 49.238842436810955 8.3093846235424298 8.0043632616288942 38.524210477015004 8.641049128025772 11.521913613192735 500.02473333408125
leaf_count=233 451 148 6815 3151 390 402 959 162 4830 6181 602 277 719 347 2837 2153 7318 191 480 4857 218 162449 2134 801 92 188 620 139 167 8069
internal_value=0.000376591 0.000866995 0.0005148 -0.0299935 0.0349939 0.0414685 0.000958354 0.00136401 0.0178831 0.000797658 0.042161 0.0673785 0.00235904 0.000538742 0.000848837 -0.0273543 -0.032773 0.0235787 0.0359965 0.002146 0.0348976 0.00116014 0.0106631 0.0181784 0.0242838 0.0939119 0.020376 0.127644 0.0848996 0.0163964
internal_weight=13674.9 13485 13379.1 182.181 41.8642 105.929 13196.9 12989.2 420.435 12568.8 68.1185 52.8365 59.3639 12500.7 12374.7 125.617 189.867 387.332 252.208 135.124 14.8181 12249.1 918.616 729.11 624.264 36.4767 587.788 28.4723 20.163 549.264
internal_count=218380 210611 209039 3689 538 1572 205350 198535 11317 187218 1041 879 1121 186177 179996 2500 7769 10358 5310 5048 451 177496 15047 12210 10076 586 9490 398 306 8870
cat_boundaries=0 24 99 174 197 220 244 267 268 343 357 381 456 474 543 567 641 642
cat_threshold=25296896 2097152 0 0 0 1 65536 0 0 12714004 0 2048 33554432 8388864 0 4 0 671088640 8 0 2097152 151036929 2048 4224 0 0 0 134217728 0 0 4096 65536 0 0 0 16384 0 0 0 0 262144 0 0 0 2147483650 0 0 2 4096 256 0 0 0 0 0 0 131072 0 0 0 0 0 0 0 0 0 67108864 0 8 128 0 0 0 0 4194304 0 1073774592 2147483648 0 0 1048576 0 65536 0 0 2147483648 0 8 0 16 0 1 0 0 0 4096 4194816 0 32832 0 0 68157440 0 32768 0 0 256 134218752 2 0 0 0 0 0 0 0 131072 0 0 128 0 0 0 0 64 0 0 0 0 4096 0 0 32768 0 0 128 1073741824 2147483652 512 0 0 4 4194304 0 65536 0 0 0 0 0 0 0 0 0 0 16777216 1 0 0 0 0 2147483648 0 16640 268435456 0 0 0 0 32 4194304 1024 0 131072 524288 33554432 2684354560 512 0 0 131072 131072 33554432 0 0 2566914048 8397316 26 0 536873472 0 525312 2 0 0 2147483680 268435456 524288 6 129 640 0 0 1179648 0 0 0 1060864 1082130432 131072 12 0 0 0 0 0 0 0 0 134217728 0 8388610 36864 32 0 2113536 75498512 134217728 2147483648 3221242112 8388624 0 0 67108865 1 0 0 8 40960 0 32 33619968 8 288 134217728 524352 0 1024 0 0 6815808 8388608 0 33554432 262144 256 4608 8192 0 0 134217728 524288 33554817 67239942 33554561 2097152 524352 79243552 2 0 0 0 0 0 33554432 512 0 32 0 134217728 2048 0 8388608 0 32768 0 0 0 0 0 0 0 0 0 16777216 0 1048576 8388608 0 0 2048 0 1048576 268435456 0 0 268435456 0 8192 0 0 0 2147483664 0 0 8 2048 256 0 0 66 0 0 16777216 0 64 0 0 1 0 0 0 0 0 0 0 0 0 128 0 0 0 262144 0 0 4194432 0 0 0 0 0 33554432 0 1048576 1350565888 0 4 0 1048576 66048 69776 0 4096 24576 100663296 0 1048576 32770 0 335544320 0 0 1073741824 0 768 0 0 0 269090880 4194592 16 0 0 0 0 65552 0 0 0 0 1024 0 0 0 2147483648 0 0 0 0 1 0 2097152 0 0 0 0 1024 0 0 0 1073741824 0 2 0 0 0 524288 536870920 268435456 65536 0 4194304 0 0 0 0 2 1024 0 0 0 0 0 0 0 32768 0 0 2097152 0 0 8388608 67108880 0 0 8192 0 4194304 0 0 0 0 1048576 2147483648 0 18874368 0 0 536887296 0 0 0 1048576 0 301989888 0 1073741824 1082130432 2638164 16384 0 0 0 16384 0 0 0 0 0 0 0 0 1024 0 131072 0 0 0 0 0 0 0 0 0 2097152 0 0 0 0 5 0 0 0 0 0 0 0 0 0 0 0 0 0 0 0 0 65536 0 0 2 0 2147483648 0 0 0 0 0 0 0 0 16777216 0 0 0 0 67108864 0 0 0 0 0 0 8388608 0 1073742848 0 0 0 131072 16908288 128 201326592 8193 1073743872 0 147584 2097152 0 512 35655712 0 0 0 67108866 8411264 33554560 262656 0 0 0 65536 0 0 0 0 0 0 131072 0 0 32912 0 0 0 0 0 0 0 0 0 0 512 1 65536 33554432 0 0 0 0 0 268435456 0 1073741824 8388640 0 0 8 0 0 65536 16777216 0 0 0 2147483648 0 1024 0 0 0 0 0 0 0 16777224 2147483648 0 0 0 0 0 1024 0 0 0 0 4 0 0 0 2048 36196408
is_linear=0
shrinkage=0.1


Tree=54
num_leaves=31
num_cat=21
split_feature=3 13 3 13 3 3 13 3 14 10 3 20 13 13 3 20 13 13 3 17 8 17 17 17 13 3 3 13 28 28
split_gain=31.6987 17.8335 16.5921 16.5063 49.1532 18.5087 13.8279 13.6976 12.4786 10.9029 15.4822 16.1676 14.5544 10.5199 9.92816 20.6529 26.499 15.76 25.7614 11.0055 10.82 37.7684 11.4588 19.8675 10.4915 20.1936 12.7057 11.4685 10.2822 9.66672
threshold=0 1 2 3 4 5 6 7 2.5000000000000004 8 9 2.5000000000000004 10 11 12 -1.0000000180025095e-35 13 14 15 24.150000572204593 16 55.549999237060554 34.95000076293946 36.850000381469734 17 18 19 20 0.042680833488702781 0.12784527987241748
decision_type=9 9 9 9 9 9 9 9 2 9 9 2 9 9 9 2 9 9 9 8 9 8 10 10 9 9 9 9 2 2
left_child=-1 7 13 4 -4 8 -7 -2 -5 10 11 -8 -11 -3 15 -14 -17 18 -16 -18 21 22 -21 -24 25 -19 27 28 -26 -15
right_child=1 2 3 5 -6 6 9 -9 -10 12 -12 -13 14 29 17 16 19 24 -20 20 -22 -23 23 -25 26 -27 -28 -29 -30 -31
leaf_value=-0.04274030996707541 -0.014603103209446298 -0.032638324544034363 0.04654711931822636 0.023724494884972098 -0.052265779030931138 -0.053876611264948686 0.18455232613969685 0.061241191902815288 -0.039559700947351839 -0.067316191229022979 -0.07170190951270021 -0.053796231963393983 -0.017058253422830034 0.01736613952247509 0.048378353187053101 -0.022817346342459424 -0.058791464784924918 -0.019417136599723023 -0.051637510280204239 0.0068844799351885869 0.019740530052863768 0.20620725229832348 0.21333296534755708 0.037589871837579253 -0.075171979080597209 0.049405478316813523 0.0010431732195655015 -0.025119150454258821 0.12075724560351851 0.061216490001974461
leaf_weight=159.3687759260647 33.65523757529445 30.128647258272395 61.606344194617122 37.454377783229575 176.07529655448161 36.126717370003462 6.4066589856520277 77.554625932825729 185.36217269883491 20.949383761035278 37.00048227282241 5.1204804715234786 225.79804520029575 397.53282780246809 25.587054643779993 139.90071339439601 15.875720655079929 62.701697373762727 116.13688579387963 55.111040697433054 690.70917781349272 15.100902460515497 8.4750761827453953 26.691316228359938 3.438129076967015 109.55542413261719 10595.843166434905 274.97706497274339 12.122369503136722 57.550803201273084
leaf_count=7230 589 728 814 620 3827 856 113 899 3758 748 1224 246 3010 10148 348 2345 215 741 2409 746 9460 160 97 355 291 1686 153170 11247 183 350
internal_value=0.00025401 0.000791023 0.00044603 -0.00024105 -0.0258085 0.000257125 0.000777516 0.0389774 -0.0276797 0.000979261 -0.0420848 0.0421283 0.00118159 0.0184102 0.00135176 0.0100463 0.0165815 0.000429428 -0.031582 0.0233632 0.025295 0.0546434 0.0353438 0.0799438 0.000867839 0.0246631 0.000469033 -0.0198077 0.0471592 0.0224189
internal_weight=13699.9 13540.5 13429.3 12944.1 237.682 12706.4 12483.6 111.21 222.817 12447.5 48.5276 11.5271 12399 485.212 12378 1177.66 951.864 11200.4 141.724 811.963 796.088 105.378 90.2774 35.1664 11058.6 172.257 10886.4 290.538 15.5605 455.084
internal_count=218613 211383 209895 198669 4641 194028 189650 1488 4378 188794 1583 359 187211 11226 186463 16388 13378 170075 2757 11033 10818 1358 1198 452 167318 2427 164891 11721 474 10498
cat_boundaries=0 23 96 119 195 218 241 317 336 337 351 426 501 524 598 672 691 692 767 781 805 879
cat_threshold=1142947840 0 66560 129 8 2 2 524288 2147483648 2359301 513 0 0 8388608 0 0 131200 2048 0 134217729 2048 146806785 524288 0 0 0 1 0 0 134217728 262144 0 0 0 0 65536 0 8388608 0 0 0 0 0 2147483648 0 268435456 2 272629760 33024 0 0 0 0 0 8192 393216 0 32 512 0 256 0 0 8192 0 67108864 0 10 0 0 0 0 1 0 0 0 0 0 0 67108864 0 0 67633152 0 0 0 40 0 0 0 1 0 0 0 262144 4194304 536936448 258 536870912 2097152 0 262145 67110912 5120 0 0 393216 0 8389120 1024 0 2048 4096 16384 536936576 131072 1310720 1073741952 8422016 0 0 67108864 0 0 0 65536 536870912 8192 0 0 0 8388608 32768 0 0 0 0 0 0 0 0 262144 0 0 4 0 0 32 0 0 0 0 0 0 4194304 8388616 0 1040 0 4194308 0 0 1048576 0 0 0 2281701376 0 2147483648 0 0 0 2048 0 0 0 0 0 0 1 0 0 0 33024 0 16 0 0 0 0 0 0 0 2097216 2048 16777216 50331648 2181038081 512 0 0 131584 0 32768 0 0 8388608 459008 81932 0 8388608 2 524288 32832 0 32800 16896 67108865 32832 16777216 134217728 0 0 304087552 528 8389120 0 35104 134217728 0 0 0 0 8388612 0 0 311297 0 4097 74752 67117056 0 0 0 0 32912 0 0 0 0 65536 0 0 0 0 0 0 0 0 0 0 0 0 2048 0 0 0 0 1 0 0 0 512 32768 0 1048576 524288 0 33554432 0 512 0 0 0 2151677952 0 0 1280 8 0 0 4194304 512 0 0 32768 8 0 0 0 0 8388608 0 1024 0 16 0 0 0 0 0 0 0 2147483648 0 0 1 402653184 4 536887296 0 0 4 0 0 16777216 0 1048576 2157969408 2148041792 0 0 0 0 0 541065232 6230 524288 4194304 0 4096 0 4 0 131072 0 0 1056768 8388608 262148 4 0 1024 0 0 16384 0 0 0 0 524288 0 1 0 0 0 33554432 0 0 1 0 8 0 0 0 0 0 0 0 0 3229614080 0 0 65540 32768 0 0 536870912 16777216 65536 0 0 0 1073741824 0 0 0 0 0 0 33554432 0 16384 65536 2 0 512 0 0 128 0 0 0 0 0 0 0 0 0 0 0 536870912 0 0 536870912 256 0 0 0 134217728 0 0 0 0 0 1024 0 0 0 128 0 0 0 0 0 0 134217728 0 0 0 0 1 0 33554432 0 0 0 33554432 0 0 0 0 32 0 0 262144 0 0 16 0 16 0 0 0 0 0 0 0 0 0 0 0 0 16777216 0 0 0 1024 0 0 0 65536 0 0 0 0 0 0 1024 2048 32768 268435456 1024 2151677952 14 2147483648 65536 65536 256 0 33558528 1073741824 33554436 2152730628 0 0 1048576 0 2415923200 0 0 33554564 268435456 2181038088 0 0 0 134283264 0 0 0 0 0 0 0 0 0 2147483776 0 0 0 0 0 0 2097152 0 0 0 0 0 65536 0 0 0 0 0 0 0 0 0 0 0 0 262144 0 0 65536 0 0 0 0 0 0 256 0 0 0 4194304 0 0 2 16777216 2147500032 0 0 67108864 2097152 262144 0 0 0 33554448 0 0 0 0 0 2048 0 67108864 0 0 0 0 0 0 0 8388608 0 0 0 1073741824 0 16777216 0 0 128 0 134217856 268435456 0 0 16 1024 0 0 0 0 0 16384 268435456 0 0 0 0 0 0 0 0 2 0 0 8388624 2 0 0 0 16777216 0 134228992 131072 0 131072 0 0 0 4 262272 32 0 0 32768 1024 0 0 0 0 0 0 0 0 512 0 0 0 0 0 4 131072 131072 268443648 0 0 538968064 214144 16388 0 66048 32 0 2 6 0 0 262144 142606336 0 0 524289 512 128 16384 0 0 2048 128 0 0 33024 0 0 0 2 0 0 0 0 0 65536 0 1048576 0 0 0 0 0 0 0 0 10485760 0 16777216 0 0 0 0 0 0 0 2048 0 0 0 8388608 1073741824 2147483648 0 0 0 32768 2147500032 0 0 0 0 0 2113538 0 0 0 0 0 0 128 0 0 16777216 134348800 33554432 0 512 0 0 1179648 2228224 50331648 0 0 2424307712 2228344 16384 0 0 35328 65552 0 0 8912896 67108864 268435456 2147484288 32776 0 2 100679712 536870913 65536 0 524288 0 0 0 16384 543162368 32 0 0 0 0 0 0 0 0 1024 0 0 0 0 0 64 0 0 0 0 0 2097152 0 0 0 0 0 0 0 0 0 0 0 0 0 0 0 0 0 0 262152 0 0 0 0 1048576 0 0 0 0 0 0 0 0 1024 2 0 0 16777216 0 0 0 67108880 0 0 8192 0 512 0 1024 0 0 0 512 2048
is_linear=0
shrinkage=0.1


Tree=55
num_leaves=31
num_cat=24
split_feature=3 13 3 13 3 3 3 3 13 29 13 3 13 3 20 3 16 17 26 15 3 3 13 3 13 3 3 13 3 3
split_gain=25.4413 20.9419 26.2404 16.5417 27.065 12.5234 11.6353 10.6556 31.1433 17.7733 16.979 40.8958 15.0176 36.8603 14.7326 11.7843 10.919 10.1239 9.94431 9.87501 40.5234 28.4027 26.54 22.3753 23.0379 41.2875 19.2569 16.4927 16.0855 14.79
threshold=0 1 2 3 4 5 6 7 8 0.024598307907581333 9 10 11 12 -1.0000000180025095e-35 13 14.500000000000002 31.849999427795414 44.500000000000007 1.5000000000000002 14 15 16 17 18 19 20 21 22 23
decision_type=9 9 9 9 9 9 9 9 9 2 9 9 9 9 2 9 2 10 2 2 9 9 9 9 9 9 9 9 9 9
left_child=-1 2 -2 4 -3 -5 -7 8 -8 14 11 -9 13 17 16 -14 -10 -12 -6 20 -17 -21 -22 -23 25 -25 -24 28 -26 -29
right_child=1 3 -4 5 18 6 7 10 9 -11 12 -13 15 -15 -16 19 -18 -19 -20 21 22 23 26 24 27 -27 -28 29 -30 -31
leaf_value=-0.033868511583535599 0.026971924174361641 -0.035062041749936088 -0.062921730073620438 -0.023351783267789014 0.097608840550879941 0.024482563212779987 -0.043310972680724494 0.058722737781400559 0.21761168106703713 0.0096726131264795994 -0.03043892796071402 -0.020778002542405583 -0.028162338398865991 -0.068202733277877597 0.03767197013001268 0.044798764931147921 0.028535657350800714 0.065821171804226405 -0.0025121797150010339 -0.04102131046648641 0.048242663285978316 0.026736914746135095 -0.025305812230208908 -0.038532162000472797 0.022221500121347954 0.047136443548236887 -0.0047202174293266346 -0.023190283178940299 -0.061248176303943649 0.0018589904756479249
leaf_weight=211.91042870376259 42.592433240264654 30.113785473862663 101.7133444105275 208.91730801644735 59.282495159422979 193.64461711491458 100.70494593679905 140.98135300911963 9.394195828586815 1432.0627667806111 15.425095007289199 109.21539772255346 145.70677842455916 92.55128722707741 42.697946335189044 151.41386783798225 4.5256931446492663 37.457765724044293 11.913953515468164 140.6676098597236 77.365436206571758 361.57475234335288 520.40340842516162 66.334386750822887 29.964472306426615 238.0282292526681 3299.3530303824227 236.2373436470516 74.732322769006714 5514.0315811682958
leaf_count=6890 448 1294 2186 8018 1264 4370 2019 1258 194 21503 245 2554 4544 1864 1593 4498 167 567 195 3944 1190 7611 8047 1171 253 3628 47521 3779 1500 74348
internal_value=-0.000284228 0.000268286 -0.0363608 0.000691313 0.0390808 0.000368372 0.00076617 0.000389745 0.00802746 0.0117662 -0.000695332 0.0245544 -0.00129135 -0.0321569 0.0667978 -0.000848638 0.156138 0.0317414 0.0708968 -0.000451122 -0.00434658 0.00191564 -0.00635466 0.00290033 0.00145997 0.0278336 -0.00758355 4.385e-05 -0.0375044 0.000791423
internal_weight=13700.9 13489 144.306 13344.7 101.31 13243.4 13034.5 12840.8 1589.39 1488.68 11251.4 250.197 11001.2 145.434 56.6178 10855.8 13.9199 52.8829 71.1964 10710.1 4048.54 6661.57 3897.12 6520.9 6159.33 304.363 3819.76 5854.97 104.697 5750.27
internal_count=218663 211773 2634 209139 2753 206386 198368 193998 25476 23457 168522 3812 164710 2676 1954 162034 361 812 1459 157490 61256 96234 56758 92290 84679 4799 55568 79880 1753 78127
cat_boundaries=0 24 98 119 194 216 240 263 287 361 436 458 533 552 576 599 622 697 721 796 818 842 917 940 963
cat_threshold=131072 10485760 8388608 0 0 21004296 0 0 65536 4358154 0 0 4096 8388865 0 2147483648 268435456 0 0 32768 65536 23070721 67108864 5248 0 0 67108864 134217728 65536 0 0 536870912 0 0 0 0 0 0 131072 16777216 1048576 0 0 0 0 0 264192 0 0 0 0 0 16777216 0 0 0 0 32768 0 0 152 0 4 0 1048580 0 0 4194304 0 0 0 2147491840 16777216 256 0 8192 64 1024 0 0 0 0 0 0 0 0 0 0 258 16 8 0 8388608 0 0 0 0 512 537395200 167772162 2684354560 128 0 0 131072 0 268443648 0 1073754112 679477248 525376 16392 0 65536 2 0 0 0 67108864 0 0 0 0 0 0 0 512 0 0 0 0 0 0 0 0 0 16384 0 0 2147483648 0 0 0 0 33040 0 0 0 589824 0 8192 8192 655360 0 0 0 0 1024 0 262144 0 0 16777216 8 0 0 0 0 0 0 0 0 2147483648 0 16777216 0 0 2147500032 0 0 1024 0 0 0 0 0 1 0 0 0 266240 16777216 2097152 2359296 2416443392 4194310 2147483648 512 0 0 0 2097152 33562624 0 1048576 2157969408 16388 33570816 0 0 0 2147485696 2 0 0 32 0 134217728 0 16 0 2149580800 2156921856 419434496 134479872 3221225472 131080 65536 67109888 67108864 0 0 0 0 0 0 0 17984 133120 33 0 268435456 0 4106 0 268697600 2 0 32768 0 134217728 0 1048576 2105344 0 0 2281701536 268435456 1 65536 2180 32768 268698112 1091043392 4 128 1028 268437504 8388608 150994944 256 16777216 1024 36864 0 144 1152 0 0 2101248 266240 0 0 100663296 0 1089 262144 0 0 0 0 0 0 0 0 9216 1056 0 0 0 2147483664 0 0 0 64 0 0 136314880 0 0 0 4194304 0 0 0 0 0 0 33554432 0 0 0 1077936128 0 0 65536 8 0 0 0 0 0 1048576 16777216 0 0 0 1073741824 0 0 0 0 8 0 16777216 0 0 32 67108864 2097152 32768 0 0 512 0 0 0 32 0 0 18432 0 0 0 0 0 0 0 0 1024 32 0 1073774592 0 0 0 0 0 8256 0 0 2 262144 0 2 0 0 0 0 32 0 0 0 0 0 0 4194304 32 8388608 0 262152 2147483648 0 0 0 2147483664 0 0 0 0 0 0 0 1073741824 0 0 8 0 8 0 0 0 33570816 2097152 0 0 65536 512 0 0 0 0 0 4195328 2048 8388608 268435456 258 2151677952 512 0 0 131072 2228224 268443648 0 8704 4026533888 696652 8 0 8388608 33554432 0 0 0 262144 2147483648 0 0 0 16 33808 0 0 0 32 0 0 134217728 0 0 0 0 4096 0 0 0 0 0 0 4194304 0 1 1073741824 1 0 2147483648 0 0 0 67108864 0 0 0 2097152 0 512 0 0 65536 0 0 524288 1024 0 0 1 0 0 2147483648 0 2 512 0 0 64 0 1 0 1024 0 8192 4096 0 16 0 0 0 0 0 0 32768 402653184 4194305 4194305 0 0 0 0 131072 268435456 0 0 3783262208 221196 33570816 0 0 64 512 65536 67108864 67108864 1147456 65536 16384 67108864 2112 100663296 0 268435456 18 2304 8192 4194304 0 1073741824 33554496 0 0 0 0 851970 134217728 16 536870912 0 2048 0 2147483648 570429952 256 0 0 1052672 262144 0 536903682 33619968 0 0 8194 8704 37122 0 1048640 134217728 32928 0 1 2048 0 2147483648 33690112 524560 0 0 135266368 0 0 536870914 65536 0 0 8192 2560 37122 0 64 0 98308 0 0 262144 0 0 0 0 65536 0 0 0 0 0 32768 0 0 262144 0 0 0 136314880 65536 0 0 4096 0 16777216 50331648 0 0 0 33554432 133120 32 2147483650 1073741824 0 0 0 0 0 131072 67108864 0 0 0 0 134217736 0 16777216 20971520 0 0 0 0 0 16777216 0 0 0 0 16 2 0 1024 0 0 0 0 0 128 0 0 0 67108864 134250624 0 2 0 0 1 71303168 4194432 0 0 81920 2097152 6308096 2048 0 0 0 2147484672 33554432 67108864 4097 1073741824 8388610 33282 0 0 0 0 0 0 0 0 0 16384 0 0 16777216 2147483648 8388608 0 2684354560 0 0 0 128 0 0 0 4194816 0 65600 131072 0 0 0 0 262144 0 0 0 0 0 0 0 0 0 536870912 0 0 0 256 0 0 0 1073741824 2048 0 4194304 32768 0 1024 18874369 0 0 0 0 0 0 2129920 0 1048592 0 0 0 0 67108864 0 0 131072 2717908992 50331650 2147483648 2097664 0 4 131072 8192 0 0 262144 2583691264 131137 0 0 65536 0 0 541065216 0 0 32 167804928 38273024 0 2097152 0 0 71303168 4194304 0 0 128 1679818752 2154037504 2 0 0 0 134217728 50331648 67108866 4128 128 2 512 0 0 0 0 0 0 134217728 65536 0 0 0 0 8388608 0 0 0 32768 0 0 0 0 65536 0 0 4096 0 0 33554432 0 0 0 0 0 32 2 1073741824 8388608 1073741824 2147483648 0 0 33554432 0 0 0 130 0 0 0 0 4194304 0 0 2048 0 131072 67108864 0 0 262144 0 0 2 0 1024 0 4194304 0 0 0 128 0 512 0 67108864 0 16777216 4194305 0 0 0 0 0 268435456 0 0 301989888 524300 16392 0 0 0 0 64 524352 4194304 0 128 0 16777216 131072 0 0 0 2097832 0 268435456 67442688 0 0 32768 16384 0 0 3 1091043328 1056768 0 1048608 131072 4272
is_linear=0
shrinkage=0.1


Tree=56
num_leaves=31
num_cat=27
split_feature=3 13 13 3 13 3 16 3 3 13 13 30 3 13 3 3 3 13 13 9 3 13 3 13 3 5 3 30 13 13
split_gain=23.365 25.0782 21.403 50.5201 20.2752 17.783 16.4755 16.1841 15.2347 14.2614 14.2582 13.1537 43.5521 23.9327 37.5814 26.9992 21.3978 26.7348 18.8249 17.6222 40.4031 18.9332 18.143 17.0793 26.2498 19.3061 22.1621 30.5327 15.0458 14.4501
threshold=0 1 2 3 4 5 12.500000000000002 6 7 8 9 4003.5000000000005 10 11 12 13 14 15 16 17 18 19 20 21 22 23 24 4434.5000000000009 25 26
decision_type=9 9 9 9 9 9 2 9 9 9 9 2 9 9 9 9 9 9 9 9 9 9 9 9 9 9 9 2 9 9
left_child=1 6 3 -2 5 -4 -1 -6 9 -9 -10 12 -12 14 -14 -15 -13 -18 -17 20 -19 -21 -23 24 -24 -25 -27 -28 -22 -26
right_child=2 -3 4 -5 7 -7 -8 8 10 -11 11 16 13 15 -16 18 17 19 -20 21 28 22 23 25 29 26 27 -29 -30 -31
leaf_value=0.27862495962584427 -0.054415951981168276 -0.041791344378099143 0.034175643334739846 0.054960974950950509 0.020820159047548373 -0.060033876273783815 0.04679974073080443 0.039878417290861647 0.039929390011642391 -0.026140660817374595 0.024184552431609468 0.013008166774368557 0.027506044807129339 -0.031661802714923096 -0.045421698763237685 0.047646794824034597 0.053802060512089682 0.0360760865904899 0.0027197854023735656 -0.038632717115060562 0.025333565686819898 -0.01836030086170596 0.048986632028986871 -0.0034380093668185245 -0.012129310504526331 -0.039971701961653824 0.10695888463012389 0.3962675732098811 -0.042850084510915848 0.037093349090360668
leaf_weight=4.3416938872542223 47.577700501540676 212.63012391654775 21.126944040879607 171.7634771510493 335.59604768361896 92.670852219685912 10.430223046336321 28.238866773899645 76.653299990110099 357.61164843593724 827.55818100483157 740.97255923971534 91.309521643444896 215.81782589503564 253.60980199743062 86.835313773481175 67.430168645456433 86.276153316255659 2661.8295727684163 144.49978413083591 32.490287828724831 697.3175487164408 156.27123419172131 5569.610476501286 242.2286369050853 10.384214432444422 10.089382685720922 5.7137493798509231 369.38450866937637 68.113557112403214
leaf_count=126 1255 7140 227 2590 6020 2230 220 365 1133 6074 10562 10491 977 3554 4050 1377 978 1976 37731 3063 572 18123 2243 83291 4089 252 242 106 6706 1078
internal_value=-0.000940206 -0.0320392 -0.000391072 0.0298976 -0.000914655 -0.0411958 0.0685387 -0.000534622 -0.00111032 -0.0204236 -0.000494085 -0.000777367 0.0038192 -0.00134244 -0.0258847 0.00159049 -0.0030971 -0.00470794 0.00430668 -0.0053136 -0.0235008 -0.00399558 -0.00319918 -0.00142794 0.0167498 -0.00297089 0.0698733 0.12957 -0.0368564 -0.000505291
internal_weight=13696.4 227.402 13469 219.341 13249.6 113.798 14.7719 13135.8 12800.2 385.851 12414.4 12337.7 4136.96 3309.4 344.919 2964.48 8200.78 7459.81 2748.66 7392.38 488.151 6904.23 6759.73 6062.41 466.613 5595.8 26.1873 15.8031 401.875 310.342
internal_count=218841 7486 211355 3845 207510 2457 346 205053 199033 6439 192594 191461 58251 47689 5027 42662 133210 122719 39108 121741 9254 112487 109424 91301 7410 83891 600 348 7278 5167
cat_boundaries=0 23 98 173 191 266 288 311 334 409 482 505 580 601 625 649 724 795 796 819 893 917 992 1015 1016 1029 1104 1177
cat_threshold=2147483648 256 0 1 0 1073741832 3 533504 65536 269500512 129 0 0 8388608 0 2147483648 2147483648 67109888 16 0 4456480 67109377 17825792 0 0 0 0 0 0 0 0 0 0 131072 0 0 2148007936 0 0 0 0 0 0 0 0 0 0 0 256 0 33554432 0 0 0 0 0 0 0 4194304 0 0 0 0 0 0 0 0 0 0 0 0 0 256 0 0 0 0 0 0 0 0 0 0 0 1024 0 0 0 65536 0 0 0 0 32 0 0 2097152 64 0 0 0 65536 1024 32 0 0 134217728 1024 0 32768 0 0 0 0 4096 16384 0 0 2147483648 0 268435456 0 0 256 0 0 0 65536 0 0 0 32 2147516416 4194304 8388608 0 2097152 0 0 0 0 0 2056 130 0 2147483648 0 2147483648 0 0 32768 0 0 0 1048576 8 0 0 0 0 0 0 0 16 0 1 0 0 0 1074003968 0 0 131072 302514176 4194304 2151694464 128 0 134217728 805306368 0 319291392 0 4096 0 2147493568 33554432 0 1074790400 32 512 0 0 67371008 0 0 0 0 0 0 0 0 0 0 0 131072 0 0 0 0 128 0 268435456 0 0 0 0 0 2181038080 0 0 0 16384 0 0 2 0 0 0 1024 0 0 0 20 0 16 65536 0 0 16777216 0 0 0 0 0 32768 0 0 0 0 0 0 0 0 0 17664 0 512 0 0 0 0 0 0 512 2097152 0 33554432 0 512 0 0 0 0 16809984 0 0 33554432 196900 16 0 0 0 0 2 32832 1048576 32 32768 524288 8388608 2099200 0 150994944 541065216 4096 0 1024 1207959552 0 2148532224 259 0 1049088 32 0 1048704 524288 65670 33554432 268443650 0 18874369 33563136 0 0 369098754 131584 134217728 131072 264448 131072 150994976 33554432 0 0 0 0 6144 32832 0 0 1024 67174400 0 0 0 0 0 0 0 0 0 0 0 0 0 0 0 0 0 0 0 0 0 0 0 0 4194304 0 0 0 0 0 0 0 0 0 0 0 32 0 0 0 0 0 0 0 0 0 0 0 0 0 0 0 0 0 0 0 0 16777216 0 0 0 0 0 0 0 4096 0 33554432 0 0 0 0 0 0 32768 0 0 0 16384 0 0 0 256 0 16416 0 1073741824 67584 0 0 8192 0 0 0 0 0 0 0 0 0 0 0 0 0 8388608 0 0 33554432 0 0 0 0 0 0 0 8192 0 0 0 0 524288 0 8 0 4194305 0 0 1073741826 0 0 0 16777216 0 0 524288 0 2214854656 2 8 8192 0 0 268435456 0 0 8388608 69632 20971520 134217728 37748742 2147483776 0 268435456 4 268435456 0 0 1 282624 1082130432 328236 2113540 0 0 4096 524288 0 0 0 2424307712 128 0 0 0 134217728 0 16777216 0 536870914 9216 0 131072 536870912 0 32896 0 0 0 0 0 0 0 0 0 0 0 1 0 0 0 0 0 0 0 0 0 1073741824 8 0 0 8 0 33554432 65536 16777216 0 0 0 134217728 0 0 16 2048 0 0 2 8 2 16777216 0 0 0 16 0 0 32770 0 1048592 0 0 262144 0 0 0 268435456 64 268435456 64 536870912 136 0 0 0 8388608 268435456 0 1056768 335546368 4306 8 0 8390656 1 17039360 4276232 134217728 22528 310904832 0 1 0 0 16384 524288 2097152 0 0 32768 335546368 448 4194304 0 2048 0 2164523008 2 134217728 0 2129920 2147484672 262144 526336 67108864 2147614720 1049092 0 0 524288 128 2147753984 6291464 0 33554432 536871120 0 0 0 0 0 1 0 67108864 2099200 35914240 262216 0 0 0 0 2097152 16777216 524288 0 0 0 0 134217728 0 2147483648 0 0 0 0 0 0 0 65536 0 0 0 16 64 0 0 0 0 0 2048 0 0 0 8 2097408 0 0 262144 131072 65536 0 2147483648 0 0 134217728 2048 0 0 0 0 0 0 0 0 0 0 0 0 16384 0 0 32768 0 1048592 0 1024 0 4194304 4194304 0 268435456 67108864 0 0 0 0 0 0 1073741824 0 0 0 0 0 16777344 2147614736 0 0 0 131072 0 0 2097280 0 0 0 0 0 0 0 0 0 0 33554432 0 268435456 0 0 0 0 2415919104 0 4194304 0 536870912 0 1048576 1048576 16777216 0 0 0 0 0 0 4194304 0 0 0 64 2147483648 0 33 1024 2097152 0 0 65536 0 16 0 0 32 8228 805306368 4 4194304 0 0 0 336592896 2228224 0 4098 4096 0 262688 16396 0 0 0 2148008192 0 0 0 49152 131456 0 0 512 0 33554432 0 134217728 262144 1024 0 0 0 0 16 0 0 536870912 131072 0 0 0 0 0 0 4194304 0 0 262144 0 0 4096 0 0 268435456 0 0 0 0 0 262152 2148532224 0 0 16777216 0 1048576 0 512 0 256 0 0 0 0 131072 0 0 0 0 262144 0 0 2098176 268435456 0 268500992 1073741824 0 536870912 0 32 0 0 18432 134217728 171966464 536936512 128 0 0 271581184 512 524288 1 282624 8388608 4128 16384 0 0 0 2148008192 0 0 0 4098 64 261 0 0 0 0 0 0 0 536870912 8192 0 0 0 0 32896 8388608 16777216 0 0 0 0 2097152 67108864 0 512 0 1 0 0 32 0 0 134217728 0 0 32 0 32 0 0 0 0 33554432 67108864 0 0 0 256 0 0 0 0 0 0 4194304 0 0 2 16777216 2147483712 67108864 0 33554448 4 0 2 0 0 33554432 0 0 0 0 512 0 8421376 268435456 0 16384 0 0 0 0 2097152 33554432 0 0 3288334336 65544 12 0 0 0 0 0 0 0 0 134217728 56 0 0 0 1024 0 4 0 131072 0 0 0 0 262144 0 0 0 0 0 0 4096 512 0 0 0 0 0 32784 0 0 0 0 0 0 0 0 0 0 0 0 16777216 0 0 134217728 0 0 0 0 1048576 0 128 0 0 262152 0 0 0 0 2 0 0 0 0 256 16777216 0 0 4194304 2 8388608 0 32768 0 0 1 0 0 0 0 0 0 16 0 0 0 0 1024 2048 64 0 0 0 0 0 0 0 0 0 0 0 0 0 0 8388608 0 0 0 0 0 2097152 0 0 0 0 0 0 0 32 0 0 0 0 0 0 0 0 0 0 0 0 33554432 0 0 0 0 0 0 0 0 0 0 0 4194304 0 0 0 16777216 2147483648 0 0 0 0 0 0 0 0 33554432 0 0 0 0 512
is_linear=0
shrinkage=0.1


Tree=57
num_leaves=31
num_cat=22
split_feature=3 13 13 3 3 3 29 25 13 9 3 13 13 13 13 3 3 3 3 17 30 26 3 13 3 13 3 29 23 28
split_gain=27.5774 20.2122 17.0541 32.6595 16.6963 14.4024 11.1036 14.3128 11.0874 11.2989 51.0142 38.5009 19.2564 18.958 15.6403 29.1548 16.6518 14.4977 11.2682 11.1318 18.6061 12.835 10.87 10.7337 10.5963 12.5059 19.5569 10.659 27.9511 10.1024
threshold=0 1 2 3 4 5 0.0073282290250062951 1.5000000000000002 6 7 8 9 10 11 12 13 14 15 16 43.750000000000007 3976.5000000000005 14.500000000000002 17 18 19 20 21 0.017089337110519413 1.0000000180025095e-35 0.10673831030726434
decision_type=9 9 9 9 9 9 2 2 9 9 9 9 9 9 9 9 9 9 9 10 2 2 9 9 9 9 9 2 2 2
left_child=6 22 3 -3 -4 -6 7 -1 -7 10 12 -12 -10 17 15 -15 -16 23 -13 -14 -21 -22 -2 -11 27 26 -26 28 -18 -8
right_child=1 2 4 -5 5 8 29 -9 9 13 11 18 19 14 16 -17 24 -19 -20 20 21 -23 -24 -25 25 -27 -28 -29 -30 -31
leaf_value=-0.02773884444199733 -0.024265562182217718 0.052065046781697655 0.023334711408758854 -0.047416893996390527 -0.022763929024815971 0.032064675033433528 -0.060807827979213129 0.16830715521645268 -0.033094631656298994 0.053083138255549916 0.053480444955951473 0.021458847233539715 0.019782488939221556 0.067047764864273732 -0.021925785477409185 -0.0024828104589911374 0.033859879970515996 -0.06538002232096371 -0.03358612916885173 0.14851368836814061 0.063284770352002681 -0.030815086125387726 0.075278156549665728 -0.038519173421200037 0.053293670959662004 0.0014643762845091056 -0.050188224148860386 0.014924920329039991 0.42926444884809439 -0.0074903289439657355
leaf_weight=10.776983184507118 13.54572490043938 33.513411721447483 308.20491943601519 159.92868621158414 258.67485801572911 101.24731356254779 126.7766546937637 5.6902635297738007 42.041848865803331 19.390109086176381 51.429544378304854 36.35938626807183 149.87679866421968 94.977220547851175 295.82756115216762 148.51171027985401 8.7413716735318285 67.231115279952064 640.28682158421725 20.222667877562344 61.959445767104626 18.921515653841197 48.766042223665863 14.308453046251087 15.289022719487546 10366.802319245646 89.386420176713727 408.64714839076623 2.2474314062856129 49.379294356331229
leaf_count=943 137 433 6256 3366 6227 1260 4820 337 586 176 938 909 1611 1023 4186 2493 561 2213 12556 172 617 233 553 460 241 155151 2317 7202 106 408
internal_value=-2.27329e-06 0.00054789 0.000263452 -0.0284698 0.000705075 0.000147289 -0.0366202 0.0400049 0.000633261 0.000354414 -0.00967563 -0.0237923 0.0250278 0.00125019 0.00164805 0.0262139 0.00109043 -0.0398955 -0.0303589 0.035659 0.0627214 0.0412708 0.0532755 0.0142746 0.00173514 0.00110245 -0.0317442 0.0171302 0.114728 -0.0458621
internal_weight=13669 13476.3 13414 193.442 13220.6 12912.4 192.623 16.4672 12653.7 12552.5 1021.1 728.076 293.022 11531.4 11430.4 243.489 11186.9 100.93 676.646 250.98 101.104 80.881 62.3118 33.6986 10891.1 10471.5 104.675 419.636 10.9888 176.156
internal_count=218491 211983 211293 3799 207494 201238 6508 1280 195011 193751 17622 14403 3219 176129 173280 3516 169764 2849 13465 2633 1022 850 690 636 165578 157709 2558 7869 667 5228
cat_boundaries=0 24 97 164 185 209 233 307 308 329 404 477 552 627 650 674 690 713 726 801 824 899 922
cat_threshold=2097152 0 33555456 0 0 8 2751467560 268436480 131072 131072 4 0 8388608 12584962 0 1048576 0 2214592512 0 1 0 1 8519937 12 0 0 0 0 0 0 0 0 0 0 0 0 0 0 0 0 0 0 0 0 2147483650 0 0 0 0 33088 0 0 0 524288 0 0 33554432 0 34 0 0 0 0 0 8192 0 0 0 1048586 0 0 0 0 0 0 1024 2 0 0 0 67108864 0 0 67108864 0 2147745792 0 8 2097152 4096 0 0 0 0 128 262144 4194304 0 0 68157952 0 0 0 65536 2 134217728 0 0 0 0 2147516416 0 0 0 64 0 0 134217728 0 0 0 0 4 1073741824 0 0 8388608 0 33554432 0 268435456 0 0 0 33554432 0 0 1048576 33554432 536870916 0 0 0 0 8192 0 1024 0 2048 131072 1024 0 131072 0 0 8388672 0 0 0 0 0 16640 16 16 285212672 134217728 536870913 4096 0 0 0 0 33554432 0 32768 301989888 590084 16388 0 66048 0 0 0 0 32 0 536870912 2048 3072 0 268435456 134217728 4096 67108864 33554434 32768 0 33554434 2179072 0 1073743872 12482 22784 0 0 132 0 128 262144 0 143130624 4096 4 0 69238784 8192 0 262144 1073758208 130 16777216 32 1048592 1 4259840 268435456 262144 1048640 65536 134217728 268502016 2097152 256 0 0 0 8388608 1024 262144 0 0 524288 16384 0 0 16781312 0 0 0 266240 131072 0 128 0 0 512 2 0 0 0 0 0 0 4096 8192 0 0 0 512 0 0 0 0 4456448 2 65536 0 0 0 0 0 0 0 0 8192 32768 2147483648 0 0 1048576 1 0 0 32 0 0 32 0 65536 0 0 0 0 0 128 0 268435456 12672 16777216 257 4194304 2101248 0 0 655362 10485760 2147483648 0 24576 100665344 180760 4 0 536870912 134217728 524288 0 0 32800 0 0 0 16 0 0 0 0 8192 32 2048 32768 0 524288 0 0 32768 8192 0 0 0 0 0 0 512 0 16777216 0 0 134217728 0 0 0 0 0 4194304 128 2097152 0 0 256 0 0 16777216 0 1048578 16777216 8 0 524544 0 0 64 0 0 0 0 0 16384 0 0 1024 0 8388608 1026 0 0 0 8388608 0 0 4194304 0 0 131136 0 0 0 134283264 0 0 0 0 8192 0 0 0 0 144 0 0 0 0 0 0 0 0 0 0 0 1 65536 0 0 0 0 0 0 0 0 1073741824 0 0 268436480 262144 0 0 0 0 0 2 16777216 0 0 256 0 0 0 0 0 0 0 0 0 0 0 0 0 8388608 1024 0 0 0 8388608 0 32 0 1024 0 0 0 16 0 0 0 65536 128 32 0 1073741824 0 0 0 0 0 0 0 0 2097280 0 0 0 0 0 16777216 1 0 134217728 0 0 0 0 0 4194304 0 0 0 0 1 0 0 16777216 2048 0 1280 0 0 0 0 0 0 0 0 512 16777216 134217728 16384 262144 0 0 2097152 0 16 0 1073742848 0 8388608 0 0 4194304 0 128 131136 0 8 262144 134217728 0 0 1074266112 262144 1024 1024 0 0 0 128 0 0 0 0 0 0 0 0 0 0 0 0 64 33685504 0 0 0 0 139264 131072 1048576 1073741824 32 0 0 262144 0 0 0 0 16 0 16777216 0 0 0 1073741824 0 1073741824 0 2 0 0 8 65536 0 0 16 4 262144 0 0 0 0 0 0 32 0 512 0 67108864 403177472 37748736 4194304 640 0 4 131072 131072 268435456 0 12288 3634364416 8520 0 0 0 2097152 0 0 0 71305216 0 134217728 268435456 256 66048 8 0 134217728 66 41943680 0 8192 16384 134219776 16384 67108864 0 536870912 2097152 532480 16842752 64 262176 8194 4096 2 25690112 4194306 536870912 512 0 4 0 131072 16785408 0 0 1073741824 950280 33554440 0 8388608 1073741824 0 0 2 0 131076 269484032 256 134217728 128 0 0 8192 8448 0 8388608 56 33554944 16842752 134218244 4096 0 34080258 0 0 4194304 0 0 0 0 0 0 0 1048576 2147483648 655360 0 0 0 0 0 0 0 0 128 0 0 0 0 0 0 0 0 0 0 0 2097152 0 0 0 0 0 0 0 0 0 0 0 0 0 0 4194304 0 0 0 0 0 0 0 0 0 0 0 0 0 0 0 0 0 0 0 0 0 0 0 0 0 0 2097152 0 0 0 0 0 0 0 0 0 0 0 64 3288432640 268435456 134217728 1 2048 69633 67584 0 32768 8 131072 2147483904 2281701376 640 0 0 0 0 33024 0 0 1210061312 2 0 0 0 0 622592 0 0 1073741824 0 0 2048 134217728 0 0 0 0 536870912 0 0 0 0 67108864 0 0 0 0 0 16777216 0 0 0 0 0 0 0 524288 8388736 32768 0 8 0 0 67108864 0 0 5242882 0 0 0 524288 18 262144 0 0 0 0 0 0 0 0 33554432 0 0 32768 0 0 512 0 0 128 0 0 0 0 256 131072 16777216 4194304 0 0 0 0 0 33554432 0 65536 578813952 4194432 0 0 0 0 0 2 67108864 67158016 16384 65536
is_linear=0
shrinkage=0.1


end of trees

feature_importances:
OrgaoDestinatario=394
Municipio_sol=292
orgao_rate=132
n_pedidos_previos_neste_orgao=129
dias_desde_primeiro_pedido_do_orgao=108
orgao_rate_movel_365d=105
n_pedidos_previos=73
orgao_rate_movel_90d=72
n_orgaos_distintos_previos=67
idade=63
dias_desde_ultimo_pedido=50
reg_month=37
reg_day=36
Profissao=35
UF_sol=33
reg_dow=23
TipoDemandante=19
UF=15
Municipio=14
TipoPessoaJuridica=13
Escolaridade=6
Esfera=5
OrigemSolicitacao=5
Genero=5
Pais=5
prev_reenc_solicitante=3
prev_reenc_rate_neste_orgao=1

parameters:
[boosting: gbdt]
[objective: binary]
[metric: average_precision]
[tree_learner: serial]
[device_type: cpu]
[data_sample_strategy: bagging]
[data: ]
[valid: ]
[num_iterations: 600]
[learning_rate: 0.1]
[num_leaves: 31]
[num_threads: 6]
[seed: 42]
[deterministic: 0]
[force_col_wise: 0]
[force_row_wise: 0]
[histogram_pool_size: -1]
[max_depth: -1]
[min_data_in_leaf: 100]
[min_sum_hessian_in_leaf: 0.001]
[bagging_fraction: 0.8]
[pos_bagging_fraction: 1]
[neg_bagging_fraction: 1]
[bagging_freq: 1]
[bagging_seed: 400]
[bagging_by_query: 0]
[feature_fraction: 0.8]
[feature_fraction_bynode: 1]
[feature_fraction_seed: 30056]
[extra_trees: 0]
[extra_seed: 12879]
[early_stopping_round: 0]
[early_stopping_min_delta: 0]
[first_metric_only: 0]
[max_delta_step: 0]
[lambda_l1: 0]
[lambda_l2: 0]
[linear_lambda: 0]
[min_gain_to_split: 0]
[drop_rate: 0.1]
[max_drop: 50]
[skip_drop: 0.5]
[xgboost_dart_mode: 0]
[uniform_drop: 0]
[drop_seed: 17869]
[top_rate: 0.2]
[other_rate: 0.1]
[min_data_per_group: 100]
[max_cat_threshold: 32]
[cat_l2: 10]
[cat_smooth: 10]
[max_cat_to_onehot: 4]
[top_k: 20]
[monotone_constraints: ]
[monotone_constraints_method: basic]
[monotone_penalty: 0]
[feature_contri: ]
[forcedsplits_filename: ]
[refit_decay_rate: 0.9]
[cegb_tradeoff: 1]
[cegb_penalty_split: 0]
[cegb_penalty_feature_lazy: ]
[cegb_penalty_feature_coupled: ]
[path_smooth: 0]
[interaction_constraints: ]
[verbosity: -1]
[saved_feature_importance_type: 0]
[use_quantized_grad: 0]
[num_grad_quant_bins: 4]
[quant_train_renew_leaf: 0]
[stochastic_rounding: 1]
[linear_tree: 0]
[max_bin: 63]
[max_bin_by_feature: ]
[min_data_in_bin: 3]
[bin_construct_sample_cnt: 200000]
[data_random_seed: 175]
[is_enable_sparse: 1]
[enable_bundle: 1]
[use_missing: 1]
[zero_as_missing: 0]
[feature_pre_filter: 1]
[pre_partition: 0]
[two_round: 0]
[header: 0]
[label_column: ]
[weight_column: ]
[group_column: ]
[ignore_column: ]
[categorical_feature: 0,1,2,3,4,5,6,7,8,9,10,11,12,13]
[forcedbins_filename: ]
[precise_float_parser: 0]
[parser_config_file: ]
[objective_seed: 16083]
[num_class: 1]
[is_unbalance: 0]
[scale_pos_weight: 1]
[sigmoid: 1]
[boost_from_average: 1]
[reg_sqrt: 0]
[alpha: 0.9]
[fair_c: 1]
[poisson_max_delta_step: 0.7]
[tweedie_variance_power: 1.5]
[lambdarank_truncation_level: 30]
[lambdarank_norm: 1]
[label_gain: ]
[lambdarank_position_bias_regularization: 0]
[eval_at: ]
[multi_error_top_k: 1]
[auc_mu_weights: ]
[num_machines: 1]
[local_listen_port: 12400]
[time_out: 120]
[machine_list_filename: ]
[machines: ]
[gpu_platform_id: -1]
[gpu_device_id: -1]
[gpu_device_id_list: ]
[gpu_use_dp: 0]
[num_gpu: 1]

end of parameters

pandas_categorical:[]
