tree
version=v4
num_class=1
num_tree_per_iteration=1
label_index=0
max_feature_idx=21
objective=binary sigmoid:1
feature_names=Esfera UF Municipio OrgaoDestinatario FormaResposta OrigemSolicitacao reg_month reg_dow reg_day idade orgao_rate n_pedidos_previos prev_reenc_solicitante prev_reenc_rate_solicitante n_pedidos_previos_neste_orgao prev_reenc_neste_orgao n_orgaos_distintos_previos dias_desde_ultimo_pedido prev_reenc_rate_neste_orgao orgao_rate_movel_90d orgao_rate_movel_365d dias_desde_primeiro_pedido_do_orgao
feature_infos=-1:1:2:0 -1:26:25:17:23:11:22:14:18:4:19:20:12:6:21:3:7:15:13:10:0:1:16:24:5:9:8:2 -1:183:272:34:52:92:104:134:169:38:214:148:289:54:48:286:213:65:256:76:3:225:49:172:44:19:70:170:222:277:8:240:31:189:253:25:173:58:123:275:90:61:72:216:291:239:260:221:237:248:279:175:28:139:55:223:102:184:264:17:190:250:262:68:94:101:108:270:284:9:135:245:133:266:45:81:110:161:95:128:259:124:143:186:5:13:26:177:278:294:156:193:50:106:280:12:32:47:82:87:7:97:99:100:131:132:227:235:281:21:118:130:11:33:120:125:137:162:187:188:219:220:249:267:273:20:40:64:83:88:129:151:152:159:165:168:197:206:247:257:271:290:18:29:39:56:63:69:78:85:91:103:119:149:153:166:171:192:202:203:215:217:232:233:238:258:268:288:293:0:2:23:41:53:60:66:71:77:80:93:98:112:126:142:144:145:150:182:185:207:208:243:251:263 -1:285:30:337:278:353:322:23:68:354:45:203:123:374:320:61:228:82:75:229:323:339:277:326:310:336:491:319:171:48:312:199:27:25:232:94:219:329:16:317:364:28:328:634:315:50:29:243:84:293:24:314:55:280:19:324:313:21:586:100:610:338:619:318:111:321:372:585:168:87:335:341:611:375:348:582:195:283:602:20:117:626:618:593:572:638:596:426:609:327:568:576:601:620:44:604:631:92:612:179:599:78:173:594:583:643:592:616:647:628:60:621:603:589:624:256:267:633:261:330:632:22:250:432:607:600:629:242:340:608:298:636:627:630:641:248:245:606:580:646:258:26:471:581:210:481:334:635:255:617:49:622:614:333:637:95:587:209:249:597:291:316:260:490:279:644:257:236:266:52:130:332:591:194:380:590:642:595:485:259:251:244:625:240:177:96:613:64:431:486:584:325:598:484:588:640:223:239:246:247:264:121:299:4:46:363:639:265:419:190:152:172:235:252:238:97:262:623:473:85:272:150:237:254:65:351:472:270:124:222:241:269:253:137:14:51:268:271:69:474:434:225:131:404:42:70:573:9:112:207:166:342:496:86:489:88:135:43:120:433:577:89:231:170:263:182:273:605:359:133:34:162:435:47:165:564:159:414:505:98:134:423:467:550:17:344:650:276:146:557:361:450:201:416:143:153:164:347:558:149:160:521:174:224:360:141:156:161:459:497:534:63:439:511:142:158:163:352:90:147:155:167:145:148:553:144:151:154:204:208:425:538:206:230:105:122:282:343:427:487:504:66:437:438:350:446:578:136:301:488:526:563:140:175:366:408:493:139:513:67:169:281:476:535:109:157:189:445:560:192:205:346:71:502:506:548:518:547:288:396:307:398:451:483:508:80:284:440:454:475:59:76:355:503:523:567:35:73:349:457:13:138:463:482:645:32:53:304:403:477:480:371:516:522:5:74:178 -1:2:3:0 -1:2:1:3:6:4:5 [1:12] [0:6] [1:31] [10.300000190734863:100] [0.0091125154867768288:0.56256955862045288] [-1:1373] [-1:156] [-1:1] [-1:684] [-1:74] [-1:300] [-1:715] [-1:1] [0.0050330553203821182:0.79571378231048584] [0.0033512655645608902:0.70627325773239136] [0:4247]
tree_sizes=3387 3963 3649 3541 3451 4290 3739 3719 3889 4209 3876 3918 4090 3912 4528 4480 4034 4119 4438 4246 3995 4657 4163 3555 4452 4386 4339 4348 4799 4209 4282 4724 4283 4726 4711 4480 3498 4695 4511 4631 4036 4258 4659 4281 4116 4526 4332 4377 4683 3477 4415 4129 4230 4086 4165 3467 4519 4082 3894 4220 4016 4176 3516 4073 4287 3502 3513 4510 4651 3515 3787 3515

Tree=0
num_leaves=31
num_cat=1
split_feature=10 10 10 6 10 10 20 21 14 8 10 0 20 11 20 10 19 10 21 19 10 6 6 21 21 6 11 20 6 14
split_gain=11134.5 2738.38 1673.36 575.284 456.946 246.113 222.79 147.48 90.1221 82.7726 91.1725 109.773 81.7679 103.216 91.9038 72.3167 176.576 61.6051 59.4083 58.6733 69.6536 53.8075 53.8028 52.8978 49.2294 46.2536 69.4223 43.887 39.127 37.4193
threshold=0.15087245404720309 0.25100558996200567 0.069160431623458876 4.5000000000000009 0.099083725363016142 0.52868966758251201 0.46552196145057684 4037.5000000000005 2.5000000000000004 4.5000000000000009 0.38408261537551885 0 0.10562875121831895 1.0000000180025095e-35 0.19122298806905749 0.17715889960527423 0.14066277444362643 0.040658559650182731 4177.5000000000009 0.11273822560906412 0.33844912052154547 2.5000000000000004 2.5000000000000004 203.50000000000003 4157.5000000000009 5.5000000000000009 19.500000000000004 0.19122298806905749 6.5000000000000009 4.5000000000000009
decision_type=2 2 2 2 2 2 2 2 2 2 2 9 2 2 2 2 2 2 2 2 2 2 2 2 2 2 2 2 2 2
left_child=2 7 17 5 -4 19 -7 15 -9 28 11 -11 23 14 22 25 -17 -1 24 -3 -21 -22 -14 -6 -12 29 -27 -18 -5 -2
right_child=1 3 4 9 12 6 -8 8 -10 10 18 -13 13 -15 -16 16 27 -19 -20 20 21 -23 -24 -25 -26 26 -28 -29 -30 -31
leaf_value=-2.4377713037610573 -2.2123595655694199 -1.6511922968707142 -2.3596344750311893 -1.6342497111408525 -2.0920110672724372 -1.4119503118563492 -1.7785484520483883 -2.2039526111208771 -2.3719609460149389 -1.7200741362725211 -1.8918331923227991 -2.0603547035706611 -2.0933062696346898 -2.3450742642479776 -2.1808640748728201 -1.9061167501046918 -2.0767936480740201 -2.4105350977458344 -2.0753402697811385 -2.0731122745371482 -1.8901529720295207 -1.6916916414673779 -2.3063701332545361 -2.2415376837012841 -1.6400673006919244 -2.1649445310919355 -1.843105793158899 -2.1674520009556626 -1.8710414136861242 -2.4264989708947877
leaf_weight=3571.8566398322582 82.103424765169621 17.565205104649067 2390.6164666861296 9.935070760548113 26.387547940015793 40.853010967373848 27.897678695619106 328.17525736242533 35.368851907551289 10.411954157054424 75.029654383659363 105.9475945904851 12.557929441332815 233.9907865524292 104.75538609921932 39.024957947432995 82.023944199085236 1082.0484266728163 16.134554915130138 12.160526610910891 33.540798887610435 23.049364164471626 210.7824612557888 228.82454975694418 8.6633817031979543 42.760544553399086 7.9480566084384909 153.00008971244097 23.446766994893551 9.0607845336198789
leaf_count=44940 1033 221 30078 125 332 514 351 4129 445 131 944 1333 158 2944 1318 491 1032 13614 203 153 422 290 2652 2879 109 538 100 1925 295 114
internal_value=-2.35008 -2.0642 -2.39314 -1.85314 -2.33757 -1.70187 -1.56071 -2.17377 -2.2203 -1.94713 -1.96976 -2.02991 -2.27302 -2.29433 -2.25814 -2.13311 -2.1031 -2.43144 -1.89964 -1.8143 -1.85598 -1.80932 -2.29439 -2.22608 -1.86577 -2.19106 -2.1145 -2.13581 -1.80057 -2.23364
internal_weight=9045.92 1184.1 7861.82 404.636 3207.92 155.067 68.7507 779.466 363.544 249.569 216.187 116.36 817.299 562.087 328.096 415.922 274.049 4653.91 99.8276 86.3159 68.7507 56.5902 223.34 255.212 83.693 141.873 50.7086 235.024 33.3818 91.1642
internal_count=113813 14898 98915 5091 40361 1951 865 9807 4574 3140 2720 1464 10283 7072 4128 5233 3448 58554 1256 1086 865 712 2810 3211 1053 1785 638 2957 420 1147
cat_boundaries=0 1
cat_threshold=4
is_linear=0
shrinkage=1


Tree=1
num_leaves=31
num_cat=11
split_feature=3 20 3 3 3 1 0 6 0 6 3 11 14 11 21 11 21 14 9 11 21 3 6 21 11 11 20 3 0 6
split_gain=6452.73 1454.71 650.813 352.335 183.861 161.745 139.954 98.3798 97.2646 90.1636 79.6736 68.1048 61.5231 51.6625 48.4629 47.5694 44.7108 43.5202 206.227 49.9869 66.6776 56.5198 37.9606 36.486 39.7981 34.8542 33.6369 33.0474 31.5383 31.2826
threshold=0 0.057879742234945304 1 2 3 4 5 4.5000000000000009 6 4.5000000000000009 7 1.5000000000000002 1.5000000000000002 9.5000000000000018 4116.5000000000009 14.500000000000002 4110.5000000000009 18.500000000000004 31.94999980926514 -1.0000000180025095e-35 4096.5000000000009 8 8.5000000000000018 3880.5000000000005 311.50000000000006 23.500000000000004 0.13271801918745044 9 10 3.5000000000000004
decision_type=9 2 9 9 9 9 9 2 9 2 9 2 2 2 2 2 2 2 10 2 2 9 2 2 2 2 2 9 9 2
left_child=2 4 7 8 25 26 9 -1 11 23 14 16 -11 -6 17 27 -3 19 -19 20 -7 -21 -8 -4 -25 -2 -5 -12 -27 -29
right_child=1 3 6 5 13 10 22 -9 -10 12 15 -13 -14 -15 -16 -17 -18 18 -20 21 -22 -23 -24 24 -26 28 -28 29 -30 -31
leaf_value=0.34821284787008927 0.03399358255268297 0.1042282639027107 0.31271708426417688 0.092870770744391748 -0.071439448045181028 0.050923538706595523 0.39945547713487617 0.26087557690372626 0.18460770065590681 0.12594282846052857 -0.041232215026805449 0.019026060894208219 0.025383320735228615 -0.095607438402267042 -0.024195909007563493 -0.057405114179857025 0.031548524407727811 -0.067653654824894369 0.56121265087650751 -0.012900247064545955 0.30346790300151855 0.05323127396226654 0.19283598672368907 0.16499719959343889 0.37400337551171714 0.30975510910452408 0.22661385145428847 0.023581634456432823 0.066158727843861356 -0.015707536033970144
leaf_weight=230.20862602442503 70.12951996922493 314.3330135345459 22.453986026346684 52.548076346516609 2706.4421432837844 169.96547039598227 25.58135287463665 293.29547034204006 69.653181992471218 478.24355430155993 349.07637792825699 249.9939429461956 69.708439692854881 1313.8838222697377 276.75948640704155 321.37692534178495 115.8326900228858 14.320922970771791 8.2008998990058881 433.9459488466382 11.139732845127581 172.68974408507347 13.629163227975367 158.58099555969238 9.6658559516072255 9.9714425578713417 29.285020679235458 267.66972980648279 11.381292581558228 834.34338703006506
leaf_count=1720 851 3573 203 608 36433 2116 215 2684 715 5229 4545 2997 801 17720 3503 4108 1399 180 104 5472 141 2120 122 1684 100 111 325 3404 143 10598
internal_value=-0.000652632 -0.0351042 0.204615 0.0104226 -0.0760585 -0.00527231 0.141712 0.293672 0.0711118 0.133761 -0.00943613 0.0605345 0.11315 -0.0791409 0.0118236 -0.0224675 0.0846575 0.0242726 0.161336 0.0203539 0.0664575 0.00659011 0.327637 0.192984 0.177005 0.061347 0.125408 -0.0148846 0.179915 -0.00610909
internal_weight=9104.31 7802.94 1301.37 3691.13 4111.81 2941.32 777.863 523.504 749.813 738.653 2859.49 680.16 547.952 4020.33 1087.02 1772.47 430.166 810.263 22.5218 787.741 181.105 606.636 39.2105 190.701 168.247 91.4823 81.8331 1451.09 21.3527 1102.01
internal_count=113924 101166 12758 45908 55258 37224 8354 4404 8684 8017 36291 7969 6030 54153 13636 22655 4972 10133 284 9849 2257 7592 337 1987 1784 1105 933 18547 254 14002
cat_boundaries=0 18 34 52 71 72 73 74 95 110 126 127
cat_threshold=0 536870912 1073741824 0 0 0 134217856 0 4194304 3506438144 2147525768 0 0 525320 0 2185429010 66 16777280 0 536870912 0 0 0 0 134217728 0 0 0 2147516424 0 0 8 0 2 0 0 69648 0 0 262400 0 0 0 570425344 4473140 256 1073741824 541065345 33554432 293601312 8389632 90128 536887328 32772 2152742914 16 34636288 4 4 0 0 0 1048576 384 0 1076101120 285212672 72 2048 8 1 44042248 2 2 16850944 10485761 0 2 776 0 8192 128 603979776 4194304 136839232 16905 0 25198592 822083584 512 0 0 0 0 1024 73728 0 0 0 8 0 0 0 536870912 0 2097216 512 0 32768 268435456 605028352 524288 276824064 285212688 121634816 68 12 67117344 2 67108864 65538 4096 1048576 0 67633152 64 1
is_linear=0
shrinkage=0.1


Tree=2
num_leaves=31
num_cat=2
split_feature=10 10 10 21 10 3 10 7 10 16 10 21 21 19 19 10 11 10 11 21 9 11 10 11 21 21 3 11 21 8
split_gain=5446.64 841.937 790.192 99.5658 82.5363 73.7727 68.7995 55.381 54.1954 46.0759 45.3119 42.8842 61.4577 47.6605 49.4634 43.1327 36.5332 35.8562 41.399 40.5671 59.6591 171.13 70.9164 35.8922 49.0791 35.3588 33.9521 32.5955 31.1939 30.6906
threshold=0.10932103917002679 0.066583674401044859 0.24107323586940768 3989.5000000000005 0.38408261537551885 0 0.16611537337303164 4.5000000000000009 0.027543430216610435 91.500000000000014 0.13186077773571017 3955.5000000000005 1770.5000000000002 0.17364633828401568 0.037715183570981033 0.14571869373321536 9.5000000000000018 0.082874387502670302 4.5000000000000009 4103.5000000000009 49.95000076293946 10.500000000000002 0.086261086165905013 -1.0000000180025095e-35 4096.5000000000009 3968.5000000000005 1 1.0000000180025095e-35 4110.5000000000009 14.500000000000002
decision_type=2 2 2 2 2 9 2 2 2 2 2 2 2 2 2 2 2 2 2 2 10 2 2 2 2 2 9 2 2 2
left_child=1 8 3 5 9 -2 27 10 -1 -4 -7 12 13 14 -12 25 -10 18 -3 20 23 -22 -23 24 -19 -13 -25 28 -5 -9
right_child=2 17 4 6 -6 7 -8 29 16 -11 11 15 -14 -15 -16 -17 -18 19 -20 -21 21 22 -24 26 -26 -27 -28 -29 -30 -31
leaf_value=-0.089454195523392802 0.045333505735552809 -0.0046356932195856793 0.16834901435986244 0.093840181979622614 0.23800481911721008 0.30633654772447877 0.091052561015386377 0.2859287028241887 -0.057863341253620741 0.36293910106998312 0.031560853565115739 0.16545636914588197 0.07095604728677081 0.073213690610681142 0.2072135866315569 0.13858691785985228 -0.086198153650396445 0.03443478727800478 -0.047490162367078939 -0.019374071938714779 0.018953656252082278 0.55436677526375289 0.16468818396685578 -0.017416172377716529 0.27990670347535157 0.40705855586473866 0.02448608601175073 0.0043722040142240275 0.021581019927035202 0.14212897663811927
leaf_weight=1746.1733835786581 171.70418358594179 752.88868140429258 387.48377048969269 126.82936673611403 417.94772121310234 12.918722078204153 455.32812578231096 33.556548088788986 1596.8949209228158 12.562899015843866 18.807243436574936 11.558332264423372 250.24417015910149 60.024703241884708 108.62209487706423 74.379525803029537 636.37303759902716 247.22326735407114 321.76171063631773 442.55454490333796 61.495769560337067 9.583139896392824 9.1095727235078794 471.9852384775877 8.4225187152624112 12.728159978985785 312.94244400411844 190.26993012428284 112.94465779513121 26.612506911158562
leaf_count=25284 1865 9680 3129 1334 2746 140 4626 328 22637 88 199 126 2561 581 945 699 9242 3009 4242 5690 777 98 113 5976 90 138 3838 2273 1331 260
internal_value=0.00018464 -0.047215 0.126431 0.0869207 0.206928 0.112943 0.0639616 0.129128 -0.0762565 0.17446 0.12127 0.116813 0.103387 0.146682 0.181289 0.176368 -0.0659374 -0.00340509 -0.0174668 0.00626115 0.0163837 0.0994954 0.364464 0.00997898 0.0425221 0.292076 -0.00062011 0.0352779 0.0598028 0.222327
internal_weight=9101.93 6617.41 2484.52 1666.53 817.994 781.156 885.372 609.452 3979.44 400.047 549.283 536.364 437.698 187.454 127.429 98.666 2233.27 2637.97 1074.65 1563.32 1120.76 80.1885 18.6927 1040.57 255.646 24.2865 784.928 430.044 239.774 60.1691
internal_count=114045 90676 23369 17406 5963 7842 9564 5977 57163 3217 5389 5249 4286 1725 1144 963 31879 33513 13922 19591 13901 988 211 12913 3099 264 9814 4938 2665 588
cat_boundaries=0 21 39
cat_threshold=0 8388613 0 0 8 262144 0 0 67108864 570433536 1077952896 137 0 4194304 855638016 8200 1024 1049096 0 0 1024 553656320 8192 4194306 16 0 0 4096 0 536870912 0 136314944 0 0 0 34816 67108864 67127296 8388608
is_linear=0
shrinkage=0.1


Tree=3
num_leaves=31
num_cat=2
split_feature=10 10 10 10 20 10 14 6 14 17 14 10 14 10 1 6 20 11 19 10 16 6 20 6 16 16 20 14 3 14
split_gain=4175.31 743.514 499.41 70.7338 74.1038 62.4054 49.3635 47.5806 47.4863 38.8795 38.6438 38.3317 48.047 35.7636 32.9007 30.0803 44.804 29.5128 33.1652 28.6978 27.8493 27.7871 26.9904 37.3327 28.6339 29.4961 26.3371 25.5076 25.2951 24.9514
threshold=0.10932103917002679 0.066583674401044859 0.25100558996200567 0.17715889960527423 0.19122298806905749 0.027543430216610435 1.0000000180025095e-35 3.5000000000000004 3.5000000000000004 2.5000000000000004 8.5000000000000018 0.082874387502670302 4.5000000000000009 0.22340480983257296 0 4.5000000000000009 0.068414777517318739 -1.0000000180025095e-35 0.11984771117568017 0.52868966758251201 28.500000000000004 7.5000000000000009 0.10562875121831895 3.5000000000000004 19.500000000000004 34.500000000000007 0.22925594449043277 37.500000000000007 1 8.5000000000000018
decision_type=2 2 2 2 2 2 2 2 2 2 2 2 2 2 9 2 2 2 2 2 2 2 2 2 2 2 2 2 9 2
left_child=1 5 3 8 13 -1 -6 19 14 26 20 12 -3 21 -2 17 -17 18 -13 -4 -7 -5 23 -10 -24 -26 -9 -18 29 -19
right_child=2 11 7 4 6 10 -8 9 22 -11 -12 15 -14 -15 -16 16 27 28 -20 -21 -22 -23 24 -25 25 -27 -28 -29 -30 -31
leaf_value=-0.088658851541914899 0.14152551432062635 -0.010766417655460011 0.16789223395351749 0.10836989133771827 0.093503639823054263 -0.053776770346833515 0.020880862305979957 0.23001532231440427 -0.043497308468666278 0.10037284306973145 -0.098821914638164629 0.034903324951157666 -0.073629881743756939 0.22302515538585754 0.058243624707072394 0.060720125671553882 -0.014033773044591816 -0.01760374026209811 0.14735502339974424 0.23369974059722076 -0.097401777161445047 0.24890982670973832 -0.079476638949892847 0.13628746141151435 0.19335445041206401 -0.035456169740560387 0.15573819998441416 0.12937376517514948 0.037835191781862447 0.11984905911362094
leaf_weight=1624.1970721930265 53.648253194987774 913.82064692676067 125.70747290551662 118.8318193629384 512.14872368425131 1694.6678613573313 114.52666971087456 54.386877506971359 20.358846098184586 118.55841591954231 258.39299540966749 99.224134191870689 140.24073101580143 51.428702712059021 883.60504957288504 93.62405114620924 877.1484093144536 240.02031470835209 35.65026680380106 140.14455139636993 160.16314312070608 15.957535609602926 52.010302104055882 26.694427400827408 9.1869758293032664 14.567506879568098 390.447953350842 12.580852836370466 188.15848965197802 13.975435063242911
leaf_count=25392 470 11923 749 938 4674 25349 1109 340 211 779 4059 1181 1930 390 9136 1138 11077 3099 411 688 2500 113 623 256 105 169 2552 128 2287 134
internal_value=-0.00101165 -0.0453042 0.103103 0.0744981 0.0966902 -0.0739195 0.0802316 0.167712 0.0574805 0.151258 -0.062591 -0.00439793 -0.0191303 0.152078 0.0651421 0.00555399 -0.0050818 0.0236792 0.0646268 0.202583 -0.0575438 0.125008 -0.000986896 0.0584988 -0.0379301 0.0530357 0.16482 -0.012006 0.0111885 -0.00966043
internal_weight=9054.07 6351.86 2702.21 1872.96 812.893 3737.42 626.675 829.245 1060.07 563.393 2113.22 2614.44 1054.06 186.218 937.253 1560.38 983.353 577.029 134.874 265.852 1854.83 134.789 122.818 47.0533 75.7648 23.7545 444.835 889.729 442.154 253.996
internal_count=113910 90608 23302 18194 7224 57300 5783 5108 10970 3671 31908 33308 13853 1441 9606 19455 12343 7112 1592 1437 27849 1051 1364 467 897 274 2892 11205 5520 3233
cat_boundaries=0 1 15
cat_threshold=48234504 553730048 0 4194306 0 0 0 8192 0 536870912 0 134217792 0 0 2097152
is_linear=0
shrinkage=0.1


Tree=4
num_leaves=31
num_cat=1
split_feature=10 10 10 10 10 11 6 21 16 11 9 9 20 0 6 21 8 6 11 11 9 7 11 20 10 21 10 20 7 11
split_gain=3327.66 582.346 401.081 67.6925 55.0029 40.4087 39.5945 37.5054 36.9737 35.8705 28.9526 58.7659 64.2293 27.6697 23.9958 34.8528 121.204 36.0643 25.2275 22.2219 20.9271 19.6778 21.1644 35.7497 28.4271 19.15 17.9048 27.0697 16.3434 16.0395
threshold=0.099083725363016142 0.054939528927207 0.24107323586940768 0.15087245404720309 0.027543430216610435 544.50000000000011 4.5000000000000009 4037.5000000000005 24.500000000000004 15.500000000000002 47.850000381469734 53.750000000000007 0.13271801918745044 0 4.5000000000000009 3962.5000000000005 9.5000000000000018 3.5000000000000004 1.5000000000000002 42.500000000000007 32.850000381469734 1.5000000000000002 14.500000000000002 0.2030037119984627 0.20645916461944583 1049.5000000000002 0.10932103917002679 0.13271801918745044 4.5000000000000009 7.5000000000000009
decision_type=2 2 2 2 2 2 2 2 2 2 10 10 2 9 2 2 2 2 2 2 8 2 2 2 2 2 2 2 2 2
left_child=1 4 3 13 -1 7 -4 21 10 -6 25 12 19 14 15 18 -17 -18 26 -12 -20 -5 24 -24 -23 -3 27 -2 -26 -27
right_child=2 8 6 5 9 -7 -8 -9 -10 -11 11 -13 -14 -15 -16 16 17 -19 20 -21 -22 22 23 -25 28 29 -28 -29 -30 -31
leaf_value=-0.087517549098975786 0.22951925896411274 -0.048378064758949985 0.15771229433456041 0.071400448975314834 -0.054000790616645804 -0.05237913757380136 0.11752940822240264 0.056614858982017582 -0.057939954157289225 -0.087179605613452976 0.0094563665098331487 -0.01215757859701886 0.26328111024800538 0.079051715873398876 0.018784883978317717 0.34089227235480724 0.15414649051429374 -0.002238471203859436 0.098085952395721598 0.1630330854624108 -0.035177152665686134 0.077815503997121643 0.20818411862327602 0.027940157576753777 0.12626005616250302 -0.0048168765492149872 0.041919962922745635 0.029681467869506768 0.24042882094934701 -0.031245533565588526
leaf_weight=1507.8423289135098 13.690614752471449 124.9397939555347 425.48933802545071 213.6533946916461 1401.9855682253838 24.196168944239616 578.78287844359875 444.37362015992403 152.3034010976553 424.51331037655473 39.630774911493063 120.6051751896739 18.418931841850281 147.09570606797934 525.94624807685614 17.72775848954916 21.593480475246906 46.506092540919781 14.304753124713896 12.360211309045551 66.869033426046371 202.56739985197783 45.052843980491161 14.560341998934744 78.307140059769154 1854.7450774386525 142.43317693471909 13.425613410770891 14.929046362638472 262.08586119115353
leaf_count=25458 130 1643 2229 1736 21986 232 3697 4070 2147 7189 521 1581 158 1399 5782 152 199 441 154 134 732 1663 342 123 608 23967 1333 143 107 3615
internal_value=-0.00203553 -0.0457643 0.0827913 0.0573991 -0.0733818 0.0753355 0.134554 0.0783847 -0.0101424 -0.0617122 -0.00715002 0.0302226 0.102816 0.0389643 0.0321276 0.0529789 0.107981 0.0473491 0.0341507 0.0459673 -0.011693 0.0953843 0.109802 0.16416 0.0988471 -0.0103344 0.056099 0.130577 0.144541 -0.00808902
internal_weight=8970.94 5919.43 3051.5 2047.23 3334.34 1037.64 1004.27 1013.44 2585.09 1826.5 2432.79 191.015 70.4099 1009.59 862.497 336.551 85.8273 68.0996 250.723 51.991 81.1738 569.07 355.417 59.6132 295.804 2241.77 169.549 27.1162 93.2362 2116.83
internal_count=113671 88399 25272 19346 54633 8881 5926 8649 33766 29175 31619 2394 813 10465 9066 3284 792 640 2492 655 886 4579 2843 465 2378 29225 1606 273 715 27582
cat_boundaries=0 1
cat_threshold=2
is_linear=0
shrinkage=0.1


Tree=5
num_leaves=31
num_cat=13
split_feature=3 20 3 3 3 1 11 3 3 6 5 20 6 3 16 14 6 21 3 21 11 0 3 8 21 20 3 11 21 6
split_gain=2130.31 805.484 186.796 98.5489 96.6015 74.0005 54.4383 52.3768 45.5006 34.302 33.9874 35.8497 31.3076 37.4384 35.194 31.0539 43.5476 63.7163 30.6633 38.716 30.5223 29.897 29.2093 28.5735 25.9796 25.2666 41.2992 22.2194 21.4462 29.5735
threshold=0 0.052169710397720344 1 2 3 4 9.5000000000000018 5 6 3.5000000000000004 7 0.19122298806905749 8.5000000000000018 8 24.500000000000004 6.5000000000000009 4.5000000000000009 3962.5000000000005 9 4037.5000000000005 -1.0000000180025095e-35 10 11 13.500000000000002 3948.5000000000005 0.022741676308214668 12 1.0000000180025095e-35 4116.5000000000009 5.5000000000000009
decision_type=9 2 9 9 9 9 2 9 9 2 9 2 2 9 2 2 2 2 9 2 2 9 9 2 2 2 9 2 2 2
left_child=2 3 20 9 28 -6 25 15 -7 -2 11 -9 14 -14 22 -4 17 -17 19 -8 -1 -13 -10 -21 -22 26 -5 -23 29 -3
right_child=1 4 7 6 5 8 18 10 12 -11 -12 21 13 -15 -16 16 -18 -19 -20 23 24 27 -24 -25 -26 -27 -28 -29 -30 -31
leaf_value=0.17970429541458255 -0.033527830282570802 0.027079421775558023 0.054573946536501286 0.026538061995465725 0.075605855678080119 -0.046094103439241342 -0.097631333712670812 0.1324799913589256 -0.020396145375050793 0.094124245237585988 -0.048727317527670594 0.17068033425513443 0.032979283168457871 -0.029253729052812174 -0.053087805266981092 -0.065673483041695069 -0.066948843538578981 0.18279908401661393 -0.092697485302927818 0.30386142716519415 0.1571022691436163 0.091571084723232762 0.012741736101166096 -0.0016566540184899709 0.10325653210386965 -0.051930491006157986 -0.078583685155859243 0.052963745992081306 0.00093194353012469476 0.078677226945474701
leaf_weight=133.57103864848614 36.009137198328972 242.7627526819706 865.2328147366643 39.956095952540636 100.54667408764362 270.47420956194401 10.834157560020687 157.09251403808594 317.19774204492569 50.674212709069252 16.580314978957176 33.768585950136185 105.79902039468288 663.60301828384399 104.31413277983665 18.870805390179157 52.104955404996872 22.776893310248852 921.71023421734571 6.5744421370327455 146.14618466794491 327.16916828602552 1435.4233043082058 5.7284747213125229 231.60427565872669 1186.1464820094407 831.16636145859957 273.84510605037212 107.41504945605993 204.78474819660187
leaf_count=658 431 2224 7606 657 854 4296 187 849 4224 528 124 174 1361 8757 1470 191 598 152 16877 113 660 2239 17805 102 1217 19743 14810 1988 1230 1783
internal_value=-0.00139426 -0.0300269 0.0818242 -0.0674203 0.00240266 -0.00473866 -0.0703194 0.0654864 -0.00777788 0.0368457 0.0852131 0.0885903 -0.00367199 -0.0206478 0.00334197 0.0481484 -0.00601671 0.0702148 -0.0904238 0.0280796 0.135958 0.0791243 0.00670061 0.161606 0.124089 -0.0614277 -0.0743595 0.0739801 0.0403317 0.0506891
internal_weight=8919.88 6641.12 2278.76 3088.8 3552.32 2997.36 3002.12 1767.44 2896.81 86.6833 808.456 791.875 2626.34 769.402 1856.94 958.985 93.7527 41.6477 944.847 23.1371 511.321 634.783 1752.62 12.3029 377.75 2057.27 871.122 601.014 554.963 447.548
internal_count=113908 97452 16456 53448 44004 38767 52489 13921 37913 959 5374 5250 33617 10118 23499 8547 941 343 17279 402 2535 4401 22029 215 1877 35210 15467 4227 5237 4007
cat_boundaries=0 18 29 47 68 69 85 104 105 124 140 141 160 181
cat_threshold=0 536870912 1073741824 0 0 0 134217856 0 4194304 3506438144 2147787964 0 0 525448 0 2151874578 66 16777216 0 536870912 0 0 0 0 134217728 0 0 0 2147483648 16793600 32772 4210688 16 3255861760 4194305 0 8192 0 0 1114112 128 0 1076101120 285736960 33554504 2048 524296 65536 2097153 69648 0 8 262400 0 0 67108864 536870912 1077952768 16648 1073741824 4194305 33554432 58720288 512 16464 0 0 1024 41945096 0 0 1073741824 0 0 0 0 0 4194304 0 263348 0 0 524416 0 16 67108864 2048 278921216 268435456 121634816 4202496 12 67117088 2 40 65538 0 1048576 0 67633152 192 0 0 65536 4 553648128 8388608 2050 2 1049088 1073741956 4096 0 0 67108864 0 4608 0 16809984 16777216 0 0 0 1 4718592 0 2147483650 0 0 0 8 134217728 0 32 0 2048 0 0 0 2048 4 553648128 557056 2048 0 2147779104 1073742860 2147483648 257 1048576 67108864 134217729 4096 0 393216 553680900 67108864 0 0 536870912 0 262144 0 0 0 1073875968 262144 136351744 136445969 0 0 0 0 0 8388608 1024 0 0 67174400 2097184 80
is_linear=0
shrinkage=0.1


Tree=6
num_leaves=31
num_cat=6
split_feature=10 10 10 10 0 3 14 14 19 3 6 9 14 14 10 3 3 6 3 14 21 10 14 6 20 20 19 9 21 8
split_gain=2108.85 431.85 247.437 48.8612 46.7791 69.0467 46.068 35.4798 34.1031 30.1488 26.5326 25.8927 40.7765 32.5564 84.4203 25.5158 24.1474 33.6784 23.9632 24.286 23.216 23.1943 16.9736 27.8009 16.9299 15.7571 15.5976 14.0183 13.412 12.9195
threshold=0.094901837408542647 0.054939528927207 0.24107323586940768 0.027543430216610435 0 1 2.5000000000000004 8.5000000000000018 0.10119089856743814 2 3.5000000000000004 45.649999618530281 4.5000000000000009 8.5000000000000018 0.085913565009832396 3 4 6.5000000000000009 5 1.0000000180025095e-35 3880.5000000000005 0.52868966758251201 1.5000000000000002 5.5000000000000009 0.2030037119984627 0.072555050253868117 0.018362617120146755 36.350000381469734 3318.5000000000005 11.500000000000002
decision_type=2 2 2 2 9 9 2 2 2 9 2 10 2 2 2 9 9 2 9 2 2 2 2 2 2 2 2 10 2 2
left_child=1 3 4 -1 6 22 16 28 -7 24 21 12 15 18 -15 -3 17 27 19 25 -17 -4 -6 -24 29 -13 -9 -2 -5 -8
right_child=2 11 10 7 5 8 9 26 -10 -11 -12 13 -14 14 -16 20 -18 -19 -20 -21 -22 -23 23 -25 -26 -27 -28 -29 -30 -31
leaf_value=-0.08108455755443611 0.10581586973810267 0.016198542966393236 0.096666989225297456 -0.087425863319211206 0.0051229043800590538 0.17666558879635988 0.015733219451593009 0.06618971676773748 0.085561298734037186 -0.030120204623229448 0.087209753401629994 0.21136677511205115 -0.05854908307337902 -0.05171600030843207 0.25297679613212809 -0.054000699177408296 0.033948699303576531 0.032712121989040423 -0.022108410611807506 -0.036167750545884329 -0.010409343450614811 0.14818314084250842 -0.011976238465091328 0.18884306431993161 -0.032873501016923171 0.067229323979385233 -0.10030253151230797 0.024083623092513065 -0.047344015519999207 0.11488683913299987
leaf_weight=1299.1243531517684 163.96082784235477 334.42122028768063 190.57746444642544 88.918752070516348 120.09441602230072 72.415500283241272 21.396142385900021 5.8003621883690348 94.978176079690456 161.61511699855328 778.89081144332886 9.6724721044301969 179.22769908234477 17.165280789136887 19.337246939539909 132.4855563044548 1449.0227742865682 157.89311929047108 111.30023203417659 19.162908662110567 1570.1175276003778 161.42323881387711 13.304635696113111 14.306215807795523 18.940803103148937 35.132861569523811 188.18023750931025 24.064966477453709 1365.6062801629305 34.059474028646946
leaf_count=25412 1183 4381 972 1551 1003 560 207 108 683 1816 4297 127 2641 230 133 1905 13483 1295 1440 253 20670 673 110 101 202 455 3746 175 23870 270
internal_value=-0.00160439 -0.0408572 0.0590838 -0.0665813 0.0405623 0.0764119 0.0350003 -0.0551518 0.117929 -0.00653408 0.0975068 -0.00962799 -0.0128202 0.0237791 0.109695 -0.0087967 0.0404616 0.0648863 0.00588562 0.0502015 -0.0137208 0.120292 0.0200217 0.0920758 0.0429753 0.0983454 -0.0953241 0.0953552 -0.0497943 0.0766309
internal_weight=8852.6 5375.65 3476.94 2947.63 2346.05 315.099 2030.95 1648.51 167.394 236.012 1130.89 2428.02 2216.25 211.771 36.5025 2037.02 1794.94 345.919 175.268 63.9682 1702.6 352.001 147.705 27.6109 74.3964 44.8053 193.981 188.026 1454.53 55.4556
internal_count=113952 86922 27030 54687 21088 2457 18631 29275 1243 2495 5942 32235 29597 2638 363 26956 16136 2653 2275 835 22575 1645 1214 211 679 582 3854 1358 25421 477
cat_boundaries=0 1 19 35 54 65 77
cat_threshold=2 0 2097164 16384 0 0 0 0 0 0 8192 4194304 384 0 10518528 33589248 8296 4194304 1057304 65536 0 16 0 0 0 0 0 4194304 1090519040 16 0 0 0 0 16 553664512 32768 22022144 33554432 1049088 1 4096 0 0 134219776 64 512 0 327680 64 257 67110912 524288 1 0 0 1073741824 0 0 0 0 0 0 3238002688 270368 16777216 8192 2048 0 0 0 0 256 0 0 1245185 4
is_linear=0
shrinkage=0.1


Tree=7
num_leaves=31
num_cat=6
split_feature=10 10 10 10 6 11 10 10 14 1 3 3 8 14 17 7 11 3 14 6 21 7 11 3 19 3 16 10 19 8
split_gain=1749.64 304.008 232.449 84.5228 57.1004 46.3159 38.2507 35.198 31.4606 22.3036 22.1273 21.2674 30.8919 20.2308 30.0248 22.6351 18.9861 16.5596 30.7645 28.3338 17.7792 16.5526 15.4705 24.311 29.4549 22.707 22.6402 86.0669 31.1575 21.5749
threshold=0.085913565009832396 0.20645916461944583 0.040658559650182731 0.10932103917002679 4.5000000000000009 7.5000000000000009 0.069160431623458876 0.020131668075919155 4.5000000000000009 0 1 2 5.5000000000000009 1.0000000180025095e-35 5.5000000000000009 4.5000000000000009 60.500000000000007 3 9.5000000000000018 4.5000000000000009 4150.5000000000009 3.5000000000000004 -1.0000000180025095e-35 4 0.093087691813707366 5 1.5000000000000002 0.086562801152467742 0.15590037405490878 9.5000000000000018
decision_type=2 2 2 2 2 2 2 2 2 9 9 9 2 2 2 2 2 9 2 2 2 2 2 9 2 9 2 2 2 2
left_child=2 3 5 22 -3 7 -4 -1 -8 10 16 -6 21 -11 15 17 -5 -15 20 -20 -19 -13 25 26 -25 29 28 -28 -24 -2
right_child=1 4 6 9 11 -7 8 -9 -10 13 -12 12 -14 14 -16 -17 -18 18 19 -21 -22 -23 23 24 -26 -27 27 -29 -30 -31
leaf_value=-0.09393944547323213 0.087494986453423976 0.1021087845992853 -0.040154399222672839 0.007559358113964393 0.035971309661068207 -0.090444892314972491 -0.0055942924057149805 -0.053025942737303391 -0.059017952055172553 0.039491569714365141 0.11073134740817424 0.095120129795179531 0.064219320487295437 -0.01600389971069785 -0.025869106752202931 0.12764880688640287 0.13165779573657416 0.1045211580764006 0.057088379759931411 -0.088034353557596701 -0.014527293905377181 0.17861084213606671 -0.026123363822705192 0.042906112994078247 -0.023769789515738778 -0.020232046629291425 0.16673443457957229 -0.01523301740813973 0.06690051044818851 0.019974045219572661
leaf_weight=254.70124977827072 70.930380441248417 583.7767748683691 783.69781848043203 67.8455965295434 302.00899009406567 772.15130154788494 1010.1306870244443 1205.4817132018507 123.73219984024763 1211.0871341153979 83.47924616932869 69.797505043447018 517.48851200193167 70.478827446699142 130.23969982564449 23.284014545381069 15.065934307873247 68.908661842346191 27.491577573120594 26.346591643989086 15.33694953471422 35.99033559858799 558.11834481358528 215.69927582889795 95.628959365189075 80.777045883238316 32.770466424524784 125.6707696840167 38.488998137414455 142.18609078973532
leaf_count=5306 801 2796 13573 490 2156 16452 13352 23142 1949 10230 589 372 2825 714 1274 208 100 623 192 313 162 183 7249 2648 1218 954 341 1502 413 1650
internal_value=-0.00160065 0.0408098 -0.0487019 0.0228902 0.0776193 -0.070637 -0.023166 -0.0601625 -0.0114241 0.0374921 0.0728354 0.0621684 0.0731121 0.0330806 0.0125513 0.034134 0.0268688 0.023694 0.0420684 -0.0139298 0.0828483 0.123525 0.00421669 -0.00138191 0.0217277 0.0245309 -0.0110521 0.0224034 -0.0201221 0.0405442
internal_weight=8758.79 4608.9 4149.89 3099.83 1509.06 2232.33 1917.56 1460.18 1133.86 1739.56 166.391 925.285 623.276 1573.17 362.086 231.847 82.9115 208.563 138.084 53.8382 84.2456 105.788 1360.27 1066.38 311.328 293.894 755.049 158.441 596.607 213.116
internal_count=113777 40003 73774 31671 8332 44900 28874 28448 15301 14895 1179 5536 3380 13716 3486 2212 590 2004 1290 505 785 555 16776 13371 3866 3405 9505 1843 7662 2451
cat_boundaries=0 1 18 36 48 65 76
cat_threshold=77725704 0 1 0 0 0 0 0 0 0 0 1073741824 136 1073741824 1073741825 318767104 16777248 512 0 0 0 0 0 0 0 0 0 3238002688 1024 0 0 1032 0 37814290 0 16777280 0 8388608 1073758224 0 0 0 0 0 0 33562624 272 256 16850944 0 0 16 256 0 0 0 536870912 0 2621504 0 0 32768 34880 0 16 16777216 0 0 0 0 0 0 0 536870912 0 2621504
is_linear=0
shrinkage=0.1


Tree=8
num_leaves=31
num_cat=8
split_feature=10 10 3 10 11 3 17 3 3 20 0 7 3 3 20 8 8 19 16 19 10 20 3 19 6 6 19 11 10 11
split_gain=1435.42 408.688 117.674 66.2133 39.2077 38.4614 37.6467 36.9783 28.689 23.4924 22.8155 22.488 24.7677 23.9838 24.3733 21.4763 20.9166 22.8089 19.588 18.8829 18.6473 22.0833 40.3893 22.4407 17.9234 17.7177 15.866 22.9716 15.6124 15.5547
threshold=0.069160431623458876 0.13186077773571017 0 0.027543430216610435 5.5000000000000009 1 23.500000000000004 2 3 0.46552196145057684 4 3.5000000000000004 5 6 0.072555050253868117 13.500000000000002 9.5000000000000018 0.32288415729999548 40.500000000000007 0.022142999805510048 0.08939316496253015 0.076225738972425475 7 0.053751761093735702 4.5000000000000009 3.5000000000000004 0.11984771117568017 -1.0000000180025095e-35 0.099083725363016142 -1.0000000180025095e-35
decision_type=2 2 9 2 2 9 2 9 9 2 9 2 9 9 2 2 2 2 2 2 2 2 9 2 2 2 2 2 2 2
left_child=3 20 9 -1 5 19 10 15 -8 -3 -4 13 -13 -12 -15 -6 17 -14 -11 -5 24 22 29 -24 26 -18 -2 -28 -25 -22
right_child=1 2 6 4 7 -7 8 -9 -10 18 11 12 16 14 -16 -17 25 -19 -20 -21 21 -23 23 28 -26 -27 27 -29 -30 -31
leaf_value=-0.078746947164031453 0.00071793143940775258 0.11604331530625561 0.093261014186320837 0.1669049802787318 0.1278081014698299 -0.043621452343267364 -0.033080214375697387 -0.076446789248887745 0.033526164456891404 0.084676260631935743 0.014412895458560143 -0.021852892597386351 0.0803803189130433 0.16964363685044426 0.043280433063245763 -0.033241452769077737 0.09353761481687424 0.18214410428302147 0.012452683678736112 0.0053259007285506215 0.07070332975674147 0.0010401210352047093 -0.0078439393776240703 0.078738819975942884 -0.012931140408471237 0.04189305771298138 0.10750946581954889 0.0080790060371476995 0.17102891975790441 -0.016091744116928267
leaf_weight=1120.5823563337326 633.50998517498374 251.17721982300282 97.020378194749355 7.6787462979555121 15.377016130834816 1066.7483306974173 106.34890016913414 488.07025398686528 135.97568497061729 332.84780882298946 382.70082759857178 35.085270628333092 120.69741702824831 15.470598727464674 1143.8249263390899 17.941144142299891 87.47452949732542 26.941417351365089 42.327402457594872 124.50208948925138 25.477713286876678 500.03991044312716 17.399494431912899 42.838107228279114 1301.7548615522683 276.1093807220459 35.974026709794998 65.617647401988506 32.039042346179485 108.9136109650135
leaf_count=25228 8192 1051 535 133 283 19774 959 10433 923 1552 3190 252 893 93 8140 355 613 131 203 2029 249 5292 196 510 17463 2053 376 855 250 1240
internal_value=-0.00156551 0.0268874 0.0521004 -0.059831 -0.0475096 -0.037554 0.0415384 -0.0704023 0.00431305 0.0909226 0.0458563 0.0436539 0.0610881 0.0374772 0.0445822 0.0316015 0.0659183 0.0989504 0.076528 0.0136777 -0.000975439 0.0127768 0.0386684 0.0852213 -0.00588195 0.0543182 0.00660111 0.0432877 0.118229 0.000337619
internal_weight=8658.47 5817.57 3054 2840.9 1720.32 1198.93 2427.65 521.388 242.325 626.352 2185.32 2088.3 546.308 1542 1159.3 33.3182 511.223 147.639 375.175 132.181 2763.56 726.708 226.668 92.2766 2036.86 363.584 735.102 101.592 74.8771 134.391
internal_count=113446 55211 20588 58235 33007 21936 17782 11071 1882 2806 15900 15365 3942 11423 8233 638 3690 1024 1755 2162 34623 7737 2445 956 26886 2666 9423 1231 760 1489
cat_boundaries=0 17 38 54 72 73 89 105 123
cat_threshold=0 536870912 0 0 0 0 134217728 0 0 0 2147483648 0 0 0 0 2147614722 2 1179648 524288 285212676 0 4194304 537399360 262144 4194304 131072 0 8454656 0 0 0 0 0 0 0 1073807360 2097152 16 134217728 0 16777216 0 2149580832 1028 4 32 0 32 0 2048 0 131072 4 2048 0 0 16400 0 0 256 0 0 0 1090519040 263300 0 1073741824 1025 0 0 0 16777216 4 0 0 0 0 0 0 0 0 0 268435456 4194432 0 0 8 0 112 0 0 1073758224 0 0 256 0 0 0 0 4203568 16649 1073741824 1094713344 33554432 64 0 8 2 2 0 0 0 0 0 0 320 0 0 2129920 285214720 0 0 520
is_linear=0
shrinkage=0.1


Tree=9
num_leaves=31
num_cat=11
split_feature=20 3 3 11 3 3 3 14 16 1 20 3 14 20 3 21 20 20 11 17 3 17 5 14 14 9 9 7 21 3
split_gain=999.144 311.94 90.6556 59.8968 50.0831 48.2499 36.2094 33.4695 32.1709 30.7055 30.2984 36.0865 32.85 26.3541 23.8476 26.7542 22.5608 22.3624 22.9753 20.331 19.6073 19.4553 19.2387 18.4071 48.2904 16.8049 29.9981 31.5457 30.2952 17.1887
threshold=0.057879742234945304 0 1 9.5000000000000018 2 3 4 30.500000000000004 38.500000000000007 5 0.022741676308214668 6 1.0000000180025095e-35 0.0064087298233062038 7 4123.5000000000009 0.020419289357960228 0.31497320532798773 73.500000000000014 1.0000000180025095e-35 8 1.5000000000000002 9 32.500000000000007 1.0000000180025095e-35 47.850000381469734 53.750000000000007 1.5000000000000002 3955.5000000000005 10
decision_type=2 9 9 2 9 9 9 2 2 9 2 9 2 2 9 2 2 2 2 2 9 2 9 2 2 10 10 2 2 9
left_child=2 5 13 10 7 17 21 19 9 -6 11 12 -4 -1 -11 25 -15 -2 -19 -3 -17 23 -7 24 -5 29 27 -27 -29 -16
right_child=1 4 3 6 8 22 -8 -9 -10 14 -12 -13 -14 16 15 20 -18 18 -20 -21 -22 -23 -24 -25 -26 26 -28 28 -30 -31
leaf_value=0.19975149157162125 0.11560054601076163 0.030468288707460173 -0.0043817136595584406 -0.032413318834346429 0.064536002348839758 0.042691131746108453 -0.085674950188676241 -0.093911998930326993 -0.060545041475197271 -0.037358686063139794 -0.037287640998290815 -0.070053960869933637 0.25462629131535641 -0.099404399170627711 0.019768497812592961 0.0091926976910980673 0.043966913848963098 0.078499658091837995 0.02219978258997132 -0.0015065226108301282 -0.030268553374883267 -0.084611545588735459 -0.050417286979047099 -0.048433701533682733 0.34059598455574025 -0.018635145972679786 0.00044510215836632738 0.007465554644331511 0.1918881263805845 -0.0031876666452087658
leaf_weight=9.438147343695162 124.48682495951653 922.50090672075748 42.193651255220175 6.7816634438931995 58.929696559906006 1420.924305126071 706.70704459026456 24.757865607738495 95.109827358275652 178.50764627754688 1059.215645622462 630.88891303539276 5.5396593995392314 12.712401591241358 426.86940751224756 177.30667528510094 80.338278226554394 389.51766739785671 89.05739052593708 253.504225730896 418.60539523512125 8.6892705559730512 16.608254231512547 6.226103536784648 7.1089983060956001 18.318983539938927 89.116928223520517 12.581930454820393 30.498427074402571 1281.3195038326085
leaf_count=76 502 7708 774 131 395 9191 17237 315 1460 2953 20799 14626 100 114 5048 2417 907 1727 407 2359 5900 152 116 87 109 212 1138 146 248 16419
internal_value=-0.00192929 0.0203453 -0.0540608 -0.0577469 0.00399225 0.0520293 -0.0819008 0.0209786 -0.00337461 -0.00136732 -0.0478565 -0.0643527 0.0212297 0.0369267 -0.00307566 -0.000441022 0.0243798 0.0765743 0.0680229 0.0235757 -0.018881 0.0300137 0.0412746 0.0944449 0.158486 0.00546857 0.037501 0.091285 0.138026 0.00264605
internal_weight=8604.36 6028.52 2575.84 2473.35 3987.93 2040.59 735.513 1200.76 2787.16 2692.05 1737.84 678.622 47.7333 102.489 2633.12 2454.62 93.0507 603.062 478.575 1176.01 595.912 28.806 1437.53 20.1168 13.8907 1858.71 150.516 61.3993 43.0804 1708.19
internal_count=113773 58661 55112 54015 46718 11943 17716 10382 36336 34876 36299 15500 874 1097 34481 31528 1021 2636 2134 10067 8317 479 9307 327 240 23211 1744 606 394 21467
cat_boundaries=0 18 37 55 72 88 89 110 127 139 140 161
cat_threshold=0 538968064 1073741824 0 0 0 134217728 0 71303168 2432696320 2147786888 0 0 525320 0 2168651794 8388674 16777280 536887296 32772 286277632 0 34669056 4 4 8448 33554432 0 1048576 128 0 1076101120 150994952 33554504 0 524296 1 0 8388609 69648 0 0 262400 128 0 0 1610612736 529716 16641 0 557842561 0 310378496 1024 528 0 536870912 0 0 0 0 134217728 0 0 0 0 0 0 8 0 2147614720 2 0 1048576 2149580800 16 2097152 1 8 671088672 0 32 0 2048 0 0 0 2048 8390656 512 262144 4194304 134217728 0 1073744896 3221487616 136351744 16385 1024 0 0 0 0 8388608 1024 0 0 1140916224 136839200 80 603979776 32768 268435456 285212672 121667648 8256 4 67117088 2 8 1048578 0 1048576 262144 524288 448 71303168 65536 0 2050 2 0 0 4096 384 0 201328640 1 4100 4 17825792 8192 2148532224 0 0 0 8192 192 0 171968512 65600 512 1073741824 1082228736 302022656 0 0 1138688 1 0 1024
is_linear=0
shrinkage=0.1


Tree=10
num_leaves=31
num_cat=9
split_feature=10 10 10 3 14 10 16 14 9 3 20 19 3 3 0 5 20 19 19 8 6 21 3 14 14 17 3 6 17 0
split_gain=1016.76 256.951 58.0907 43.8192 33.5373 29.8534 26.938 25.852 27.3093 23.6141 22.8316 21.4294 29.018 27.2894 28.7389 22.2881 20.9452 35.4707 24.5571 23.9159 22.1853 24.5972 20.6706 19.1985 19.1613 31.8648 22.0892 17.9174 19.7789 17.4334
threshold=0.069160431623458876 0.15087245404720309 0.027543430216610435 0 8.5000000000000018 0.086261086165905013 34.500000000000007 3.5000000000000004 49.95000076293946 1 0.31497320532798773 0.11273822560906412 2 3 4 5 0.076225738972425475 0.071858197450637831 0.079421479254961028 9.5000000000000018 4.5000000000000009 3996.5000000000005 6 1.5000000000000002 1.0000000180025095e-35 1.0000000180025095e-35 7 9.5000000000000018 1.5000000000000002 8
decision_type=2 2 2 9 2 2 2 2 10 9 2 2 9 9 9 9 2 2 2 2 2 2 9 2 2 2 9 2 2 9
left_child=2 5 -1 10 6 27 22 9 -9 -7 -3 12 -5 -13 15 24 17 20 19 -19 -11 -22 -4 -14 -15 26 -26 28 29 -2
right_child=1 3 4 11 -6 7 -8 8 -10 16 -12 13 23 14 -16 -17 -18 18 -20 -21 21 -23 -24 -25 25 -27 -28 -29 -30 -31
leaf_value=-0.07339720066975397 0.0058633097050120476 0.1088163921970855 -0.0053851381339166185 0.0024473103133059622 -0.086754228190017588 -0.018937252461485133 -0.090287215509989083 -0.038284617204056869 0.077741505124548915 -0.013432153630286971 0.060258217304015815 -0.00039276107145062535 0.076655277255407869 0.042745640818449691 0.099151934433350283 -0.060768412427895761 0.015285159355133221 0.22845871343543381 0.038276079076808023 0.090544462376977095 0.1476487129938128 -0.0031022402902848596 -0.039632216671342292 0.17641568567909266 -0.020318184287033844 -0.019208890629033564 0.066564996252166941 -0.026321713861215769 -0.030964070204676071 -0.065904768950719547
leaf_weight=986.14120629802346 1141.493870805949 119.97957588732243 226.92464092746377 67.924323216080666 154.75961072742939 161.36138796433806 91.445776540786028 157.52388805150986 23.284790404140949 92.322679501026869 501.85516206920147 223.33685753494501 149.63928209245205 1061.5134068876505 73.26880943775177 16.748228587210178 1111.0684235915542 18.789790973067284 46.691976062953472 38.008821271359921 21.952553749084473 21.349694535136223 1121.20664505288 22.145733878016472 38.551292441785336 146.04911480098963 107.70227107405663 355.09516864642501 190.93197730183601 34.881269548088312
leaf_count=25429 14964 486 4251 465 4088 1746 2264 1899 218 1021 2201 1522 824 6714 380 122 10890 168 530 347 165 247 22541 119 294 1033 680 5067 2628 473
internal_value=-0.00190419 0.020853 -0.0543196 0.0450152 -0.0425196 0.00296034 -0.0377642 0.0123931 -0.0233426 0.0166677 0.0685253 0.0367962 0.0649462 0.0329694 0.0378704 0.0348707 0.0209083 0.0479112 0.0920022 0.136168 0.0142669 0.0733226 -0.0342015 0.0845917 0.0362351 0.0138313 0.0468254 -0.00630785 -0.00111017 0.00373528
internal_weight=8523.95 5943.47 2580.48 2528.71 1594.34 3414.76 1439.58 1692.35 180.809 1511.55 621.835 1906.88 239.709 1667.17 1443.83 1370.56 1350.18 239.116 103.491 56.7986 135.625 43.3022 1348.13 171.785 1353.82 292.303 146.254 1722.4 1367.31 1176.38
internal_count=113776 55203 58573 14840 33144 40363 29056 17231 2117 15114 2687 12153 1408 10745 9223 8843 13368 2478 1045 515 1433 412 26792 943 8721 2007 974 23132 18065 15437
cat_boundaries=0 16 34 52 70 71 72 87 103 104
cat_threshold=0 536870912 0 0 0 0 134217728 0 0 0 2147483648 0 0 8 0 2151677952 536895488 8421384 0 16 256 0 0 0 0 8192 0 0 0 8421376 16779328 8704 2048 9437192 0 0 1073741824 0 0 256 0 0 0 268435456 262144 256 1073741824 536870913 0 16777216 512 73728 0 0 0 0 0 0 0 0 0 1073741824 1200 0 1073741824 525440 33554432 301989984 0 90192 2 4 131072 2148007936 2172650500 33563136 1377902592 536640 262144 4194321 8519680 0 8454144 0 0 2048 67108868 0 0 1073741824 0 0 0 128 0 0 268435456 270336 0 0 0 0 2 2
is_linear=0
shrinkage=0.1


Tree=11
num_leaves=31
num_cat=6
split_feature=10 3 10 10 14 3 3 20 6 20 11 11 10 17 9 14 9 11 20 14 1 20 16 3 11 21 3 20 14 16
split_gain=817.943 215.203 56.4844 55.745 35.6846 24.984 19.3089 29.1416 22.9682 21.2545 20.3536 18.0866 18.2734 16.5263 17.492 23.9493 19.9886 19.6727 31.166 17.0373 15.2085 15.0196 14.7815 16.7199 18.7224 13.8594 13.699 21.8117 13.5269 19.3206
threshold=0.066583674401044859 0 0.027543430216610435 0.094901837408542647 8.5000000000000018 1 2 0.19122298806905749 1.5000000000000002 0.46552196145057684 132.50000000000003 12.500000000000002 0.020131668075919155 39.500000000000007 43.750000000000007 4.5000000000000009 53.750000000000007 1.0000000180025095e-35 0.11979524791240694 1.0000000180025095e-35 3 0.0077201472595334062 34.500000000000007 4 42.500000000000007 3318.5000000000005 5 0.076225738972425475 1.0000000180025095e-35 8.5000000000000018
decision_type=2 9 2 2 2 9 9 2 2 2 2 2 2 2 10 2 10 2 2 2 9 2 2 9 2 2 9 2 2 2
left_child=2 6 11 13 5 -4 9 8 -8 -2 -11 12 -1 14 15 -3 17 -16 -19 -15 -5 -22 23 24 -7 -25 -23 -28 -29 -30
right_child=1 3 4 20 -6 22 7 -9 -10 10 -12 -13 -14 19 16 -17 -18 18 -20 -21 21 26 -24 25 -26 -27 27 28 29 -31
leaf_value=-0.086678037540216843 0.086649807720683369 -0.0032291532144989609 -0.064367489156490001 0.053060315866092667 -0.08757609187543193 -0.0061715263617029229 -0.029671953762758482 0.028491164156325334 0.078145228173709891 0.057778338764827943 -0.010923065626862316 -0.092242825166299849 -0.050262078238858622 -0.001355761474169565 0.0058305014871404826 -0.048232417985039959 -0.0072562619079081531 0.044497398055570299 0.20171610417769889 -0.067862071352391598 0.12119111796627502 -0.0016217832794877662 -0.079417299137423847 -0.075128091560846558 0.16336609551495096 -0.028239864096595416 0.071726046763624277 0.02065041346101474 -0.019810948257374415 0.028892836453533639
leaf_weight=203.41289485618472 246.85039204359055 1720.2922978810966 235.41270427778363 102.68553967028856 141.42988790944219 238.49549712985754 21.704378463327885 737.53782995045185 220.36648412793875 351.01966695487499 49.16270999610424 288.34691993147135 427.16760728880763 71.653704211115837 45.745833121240139 126.97949289903045 101.3801929242909 40.684283182024956 18.271400153636932 83.297447737306356 13.178595975041388 446.64898364245892 52.519781298935413 69.136705737560987 6.6966071203351012 714.88976780697703 73.039970256388187 1268.161963455379 217.91663030534983 130.06565912440419
leaf_count=5653 1019 22825 5368 622 4061 4549 123 4350 1096 1531 226 8408 11295 973 568 2088 1386 469 107 1170 95 4342 1392 1416 140 15019 497 9857 2105 1154
internal_value=-0.00233795 0.0170907 -0.052077 0.00566018 -0.0398427 -0.0347173 0.0481008 0.0379846 0.0684782 0.0626055 0.0493383 -0.0714961 -0.0620092 -0.00561627 -0.00323985 -0.00632263 0.0243935 0.0550393 0.0932222 -0.0371077 0.0167445 0.0146939 -0.0274162 -0.0250291 -0.00148078 -0.0319668 0.0141056 0.0181662 0.0158581 -0.00160689
internal_weight=8464.15 6086.64 2377.51 4460 1458.58 1317.15 1626.64 979.609 242.071 647.033 400.182 918.927 630.581 2208.3 2053.35 1847.27 206.082 104.702 58.9557 154.951 2251.7 2149.01 1081.74 1029.22 245.192 784.026 2135.83 1689.18 1616.14 347.982
internal_count=113904 56603 57301 48258 31945 27884 8345 5569 1219 2776 1757 25356 16948 29586 27443 24913 2530 1144 576 2143 18672 18050 22516 21124 4689 16435 17955 13613 13116 3259
cat_boundaries=0 18 38 55 56 77 95
cat_threshold=0 536870912 69632 0 0 262144 134217856 0 0 3238002688 2147524744 16384 0 4719624 0 2151874586 66 16777280 16 0 32 2162688 0 2048 32768 1731657728 123200 0 0 0 0 0 0 2048 0 0 1279295488 2637826 0 536870912 0 0 0 0 134217728 0 0 0 2147483648 0 0 0 0 4325378 2 14680072 0 1572864 8388612 117441024 35651584 663616 262144 4202528 131072 8 8454146 2048 0 0 75497472 0 0 0 327680 0 16 65536 8388620 16386 0 8 0 8192 128 0 0 2621712 129 0 32768 301989888 8224 0 1049096
is_linear=0
shrinkage=0.1


Tree=12
num_leaves=31
num_cat=9
split_feature=10 10 11 3 3 10 3 14 11 21 17 17 10 9 14 3 3 14 21 0 6 11 14 3 16 3 21 14 3 21
split_gain=722.005 173.405 56.2244 51.443 49.4824 41.4676 29.532 29.6256 25.5583 25.4996 20.9718 19.7114 48.9445 18.339 30.1971 23.1421 17.6422 40.2323 16.3105 16.2016 15.3732 14.4566 25.2168 16.7315 13.8783 13.2092 12.9574 14.5702 27.904 12.6612
threshold=0.066583674401044859 0.13186077773571017 9.5000000000000018 0 1 0.020131668075919155 2 1.0000000180025095e-35 64.500000000000014 4004.5000000000005 21.500000000000004 13.500000000000002 0.032817762345075614 43.750000000000007 3.5000000000000004 3 4 1.0000000180025095e-35 4074.5000000000005 5 8.5000000000000018 220.50000000000003 8.5000000000000018 6 17.500000000000004 7 3880.5000000000005 2.5000000000000004 8 4023.5000000000005
decision_type=2 2 2 9 9 2 9 2 2 2 2 2 2 10 2 9 9 2 2 9 2 2 2 9 2 9 2 2 9 2
left_child=2 13 5 9 8 -1 7 -7 18 -3 19 12 -9 14 15 24 17 -12 -4 -5 21 22 23 -15 -2 -16 -8 28 -28 -25
right_child=1 3 4 10 -6 6 26 11 -10 -11 16 -13 -14 20 25 -17 -18 -19 -20 -21 -22 -23 -24 29 -26 -27 27 -29 -30 -31
leaf_value=-0.085397526057507167 0.019989309674192955 0.058667451385526072 0.22652568831776507 0.069773017749989882 -0.08129630078636256 -0.013867765563872415 -0.073830651460015592 0.020351576265612032 -0.048592549352264792 0.032395979728514955 0.10851517602766499 -0.01709707916812039 0.34383961845806366 -0.0039037637843219678 0.015641501500606475 -0.0071486294583435446 -0.038406559838464034 -0.053483690731744263 0.032683093063856444 0.021396192662521189 -0.015989515767940554 -0.079401125164154193 0.12768794773996006 0.04073382781102939 -0.038894512121912764 -0.052075197357440019 -0.0092362925206516053 -0.076879918738637754 -0.044804478193023731 0.13458713579316733
leaf_weight=181.60800004005432 553.11438523232937 763.16863467544317 9.6142927221953922 72.438848033547401 587.65712902136147 160.00228215381503 106.03195258229971 11.254013214260345 12.399505466222761 716.15318593382835 31.836561039090157 10.207259897142647 8.0035162344574911 88.590178437530994 35.059603530913591 1773.7407755441964 98.732453737407923 29.568456843495369 7.9138104207813731 1561.911065440625 74.054138664156199 10.038587290793656 30.044822234660387 46.581389669328928 43.148655660450459 163.97018064931035 339.09113302081823 86.254730615764856 744.832101367414 20.788950242102146
leaf_count=5460 6185 3520 189 372 17755 3560 2402 301 290 3815 216 227 156 1079 524 22932 904 243 157 11521 1007 147 207 529 522 2620 7119 2054 17561 249
internal_value=-0.00174228 0.0161268 -0.0499713 0.0318113 -0.0757035 -0.040324 -0.0347391 0.00294572 0.0459333 0.0456407 0.0200448 0.0952475 0.154795 -0.00195913 -0.0045651 -0.00142328 -0.0143796 0.0262351 0.139007 0.0235404 0.0228276 0.0374905 0.043799 0.0276383 0.0154687 -0.0419773 -0.0400431 -0.0373237 -0.034176 0.0606869
internal_weight=8377.81 6112.94 2264.87 3273.81 617.585 1647.28 1465.68 189.467 29.9276 1479.32 1794.49 29.4648 19.2575 2839.13 2569.03 2370 160.137 61.405 17.5281 1634.35 270.098 196.044 186.005 155.961 596.263 199.03 1276.21 1170.18 1083.92 67.3703
internal_count=113823 56592 57231 20591 18391 38840 33380 4244 636 7335 13256 684 457 36001 32783 29639 1363 459 346 11893 3218 2211 2064 1857 6707 3144 29136 26734 24680 778
cat_boundaries=0 18 34 55 74 92 93 112 127 148
cat_threshold=0 536870913 69632 0 0 262144 134217856 0 0 2432696320 2147516424 16392 0 16777352 0 2151874578 8389698 16448 524288 0 2097152 0 2149580836 4 12 32 0 32 0 2048 0 131072 67108864 2048 524288 786432 4 16777728 33882176 72 262144 4194304 8388608 8 8388610 2 0 0 4 0 0 0 33882112 2623488 16 16785408 32768 1050626 0 17160 128 0 128 0 708837376 528704 128 0 10747904 805339136 67117056 0 524800 1 0 0 1073741824 0 0 256 0 0 4194304 0 9264 0 0 1024 33554432 0 0 8192 4 537919488 73728 0 16 0 0 0 256 536870912 138412032 16448 4 0 0 0 0 0 0 1 536936448 73728 0 0 0 0 0 0 0 100663296 0 4100 0 0 16777216 1073742336 134217728 8389120 0 0 692224 0 33566736 268456192 1024 65536 0 0 0 8388608 0 0 536870912 75497472 403968002 64
is_linear=0
shrinkage=0.1


Tree=13
num_leaves=31
num_cat=7
split_feature=10 3 10 10 14 19 3 3 0 11 19 3 10 9 9 14 9 14 20 8 11 9 3 19 21 11 11 21 8 3
split_gain=595.812 143.094 51.3509 49.0176 33.9981 25.4335 21.1374 18.4411 31.0302 16.8979 16.7624 15.3256 15.0907 14.9566 14.1662 18.0246 14.2339 22.5125 17.9434 13.7991 13.7665 14.0382 14.5991 23.6869 12.5426 24.7219 19.0719 18.113 16.1903 12.0859
threshold=0.066583674401044859 0 0.027543430216610435 0.094901837408542647 8.5000000000000018 0.01649436075240374 1 2 3 7.5000000000000009 0.097158756107091918 4 0.020131668075919155 52.750000000000007 47.850000381469734 4.5000000000000009 53.750000000000007 6.5000000000000009 0.072555050253868117 2.5000000000000004 1.0000000180025095e-35 26.94999980926514 5 0.1936876326799393 3948.5000000000005 -1.0000000180025095e-35 6.5000000000000009 4082.5000000000005 24.500000000000004 6
decision_type=2 9 2 2 2 2 9 9 9 2 2 9 2 10 10 2 10 2 2 2 2 10 9 2 2 2 2 2 2 9
left_child=2 10 9 14 6 -6 -4 -5 -9 12 -2 24 -1 -14 15 29 17 -16 -18 -13 21 22 -21 -24 -12 -26 -27 -28 -29 -3
right_child=1 3 4 7 5 -7 -8 8 -10 -11 11 19 13 -15 16 -17 18 -19 -20 20 -22 -23 23 -25 25 26 27 28 -30 -31
leaf_value=-0.082171647144995794 0.091499732868519729 0.0066762546544663088 -0.0044886160276944231 -0.005717218650742267 0.18017491162043864 -0.093882854054500683 -0.037218462309799104 0.014055868156751068 0.053123296362052097 -0.086968337671642401 0.067138354084343141 0.077053826055629646 -0.048368070666527874 0.093292563023830932 0.012055191619295887 -0.044089489301087872 0.091168970624071199 0.12021784704668498 -0.020855540363243788 0.0010941791106992523 0.0072926878671066607 0.079474721399775114 0.10321184219631707 0.025368885470107756 0.078842340180504691 -0.0041474615674926317 0.074966035862697275 0.048597160582430111 -0.043520000005273528 -0.010987248721194231
leaf_weight=161.10286649875343 62.106700539588928 539.02929964289069 264.68680990114808 379.11722462624311 3.4864641427993766 117.84024148620665 967.64686542749405 1847.4627064354718 228.4481447711587 284.51626115851104 268.44578798115253 52.220626227557659 355.53665141761303 7.6126361340284339 53.418402209877968 132.48320862278342 16.881968483328819 30.077628348022699 93.419600121676922 138.57052659988403 293.23855548352003 62.205779179930687 53.491403847932816 145.19730667769909 116.04723325371742 131.46349349617958 97.570929646492004 46.102096900343895 32.551545262336731 1331.5980521664023
leaf_count=5246 283 7062 5471 3392 78 3969 22323 14749 1452 9664 1172 261 10158 219 616 2339 208 181 1307 685 1680 325 306 777 488 581 416 206 151 17989
internal_value=-0.00225993 0.0136129 -0.047411 0.00489356 -0.0354997 -0.0860075 -0.030527 0.0146145 0.0182671 -0.0673474 0.0403663 0.0384374 -0.0566989 -0.0453985 -0.00594722 -0.00844493 0.0198693 0.0510184 -0.00370987 0.0271194 0.0237465 0.0358249 0.0277739 0.0441061 0.0495107 0.0395117 0.0246778 0.0461814 0.0104736 -0.00592048
internal_weight=8313.58 6151.15 2162.43 4651.94 1353.66 121.327 1232.33 2455.03 2075.91 808.768 1499.21 1437.11 524.252 363.149 2196.91 2003.11 193.798 83.496 110.302 744.924 692.704 399.465 337.259 198.689 692.181 423.735 307.688 176.225 78.6536 1870.63
internal_count=113754 56626 57128 49295 31841 4047 27794 19593 16201 25287 7331 7048 15623 10377 29702 27390 2312 797 1515 4034 3773 2093 1768 1083 3014 1842 1354 773 357 25051
cat_boundaries=0 18 37 55 56 74 90 109
cat_threshold=0 538968064 69632 0 0 0 134217856 0 0 3489660928 2147516456 1 1073741824 20971529 0 2420310034 66 16777296 0 524288 8650756 0 2187329568 659524 0 32784 0 8 65538 0 0 2048 4 0 0 0 65536 0 12 2 0 8 0 0 0 0 536870912 1076384768 128 0 10518528 822085632 33554464 512 1057288 2 0 536870912 0 0 0 0 134217728 0 0 0 2147483648 0 0 8 0 2147614736 0 16777216 0 0 0 0 0 0 0 0 0 1073741824 40 0 0 0 0 2 553664512 32768 1050624 2 1589504 1 0 257 33554432 0 536871488 4612 0 65536 8 67109121 0 524288 1
is_linear=0
shrinkage=0.1


Tree=14
num_leaves=31
num_cat=10
split_feature=19 3 3 3 11 3 11 3 3 14 6 21 6 17 3 8 14 19 14 21 19 11 3 3 16 3 11 19 13 14
split_gain=425.555 145.084 106.508 45.9204 44.4244 43.2632 32.2784 27.8177 23.5693 18.7232 18.1385 17.3836 17.1811 14.6616 29.0154 31.1818 14.3032 14.1 13.8601 13.8007 21.2871 23.6891 20.8243 18.8536 16.5646 23.856 18.1539 16.9274 13.2537 12.9206
threshold=0.053751761093735702 0 1 2 14.500000000000002 3 -1.0000000180025095e-35 4 5 80.500000000000014 3.5000000000000004 3880.5000000000005 10.500000000000002 4.5000000000000009 6 29.500000000000004 1.0000000180025095e-35 0.23328750580549243 15.500000000000002 4116.5000000000009 0.15590037405490878 1.0000000180025095e-35 7 8 17.500000000000004 9 60.500000000000007 0.093087691813707366 -1.0000000180025095e-35 8.5000000000000018
decision_type=2 9 9 9 2 9 2 9 9 2 2 2 2 2 9 2 2 2 2 2 2 2 9 9 2 9 2 2 2 2
left_child=2 12 10 18 5 6 -4 -6 17 19 -1 -7 -2 14 15 -13 -15 -5 -3 20 22 -22 -10 29 26 -26 -24 -28 -14 -21
right_child=1 3 4 8 7 11 -8 -9 9 -11 -12 13 28 16 -16 -17 -18 -19 -20 23 21 -23 24 -25 25 -27 27 -29 -30 -31
leaf_value=-0.014438322074726085 0.042954620125545302 -0.066989088001343372 -0.042602761795121791 0.020179336000318578 0.026485937801418797 -0.072814232173798482 0.057026668275933889 -0.080329563612582547 -0.028359712596266847 -0.10112896034921581 0.064786440703838849 -0.011804901104880805 -0.0096775054158038162 -0.023718075418686962 -0.044332667846362431 0.14379383301470178 -0.080242221378969206 -0.0035889742642746729 0.046723840521565717 0.02358713717840874 0.043472122940734388 -0.016677317674797458 0.005186717422193645 -0.021105321546874507 0.04351569830363694 -0.052700759501193829 0.006730902954060607 0.15686768527415187 0.050635558423890815 -0.088349357066878534
leaf_weight=39.726055879145861 1342.6450944542885 119.60991824604571 54.732920426875353 1214.0658329688013 26.768523519858718 184.87281949818134 80.123112965375185 411.90062776580453 214.07550387457013 18.196473890915513 106.03261812217534 218.21583043038845 116.57176820933819 63.90563396923244 678.22325664758682 13.68700718320906 149.48871293105185 314.17423048615456 11.7739025875926 168.86291665397584 247.64842996746302 89.010155156254768 1630.9605654068291 521.0898894444108 27.608958464115858 94.050757175311446 14.664021149277689 15.391903053969143 52.999668754637241 10.982595626264809
leaf_count=571 6840 2095 1364 9759 575 5192 1861 14268 2711 319 1421 5235 652 1536 17478 332 3952 2057 107 2358 1861 853 20251 7477 454 1525 238 119 302 198
internal_value=-0.000887268 0.012074 -0.0406746 0.00337237 -0.0469211 -0.0387 0.0154455 -0.0750389 0.00509441 5.17925e-06 0.0404209 -0.044062 0.0389093 -0.0397231 -0.0341916 -0.00251303 -0.0633148 0.0151936 -0.0527814 0.000611681 0.00430794 0.027569 0.000386045 -0.0116931 0.00397481 -0.0316208 0.00660591 0.0836173 0.00917338 0.0158692
internal_weight=8252.06 6224.38 2027.68 4712.17 1881.92 1443.25 134.856 438.669 4580.78 3052.54 145.759 1308.39 1512.22 1123.52 910.126 231.903 213.394 1528.24 131.384 3034.35 2333.41 336.659 1996.75 700.935 1782.68 121.66 1661.02 30.0559 169.571 179.846
internal_count=113961 60176 53785 52382 51793 36950 3225 14843 50180 38364 1992 33725 7794 28533 23045 5567 5488 11816 2202 38045 28012 2714 25298 10033 22587 1979 20608 357 954 2556
cat_boundaries=0 21 40 60 80 100 119 139 158 178 194
cat_threshold=0 538968064 1073741824 0 0 262144 134217728 0 67108864 2415919104 2149875752 264 0 17302528 0 2420310034 66 16777280 1 0 1024 553795584 557056 16795650 8192 49280 528384 4096 0 8388608 71303200 4194306 16512 0 2162688 16777216 64 67108864 8 65536 536870912 524288 16777216 402653200 32896 4722696 0 2097153 142606337 32 2 16384 1048576 0 16777216 64 0 0 100663296 2048 1048576 0 2425356292 0 1112604672 1073741824 4 136327296 134348800 134217728 134217728 2 0 2048 8388616 32 0 0 0 2623488 138412032 1048576 4194304 32784 2097164 1 8 671088672 16 0 1114368 2048 0 1073741824 0 33554432 0 0 0 67108864 65536 8 4096 16777216 0 0 128 16 4194304 1090521088 14036 0 0 536936585 302022656 512 17408 528 262144 1086324736 1310720 0 268435456 0 139264 1073741824 4227328 16384 0 528 2048 0 0 0 0 0 536870912 33554432 32802 1048576 8390656 268451840 8705 1074266144 1073742086 0 134217888 0 67633152 524288 0 0 1073741824 536870916 33554432 8388608 536936448 65536 16777216 8388608 4196354 2 0 1073741824 0 416 0 603979784 1048833 4096 0 0 0 2048 0 0 65536 2097152 0 4 4196352 2 0 8192 0 8388864 536870912 0 65536 4100 1073741824 0 0 16777224
is_linear=0
shrinkage=0.1


Tree=15
num_leaves=31
num_cat=13
split_feature=20 3 3 11 3 3 3 3 7 19 11 3 5 9 3 21 11 16 3 3 3 16 14 3 19 14 20 20 21 8
split_gain=390.869 104.154 63.5701 35.1876 67.9234 35.0173 23.3546 23.0488 25.1203 21.9064 20.9729 19.617 19.308 19.2936 16.3447 16.3487 16.4822 15.2564 93.0798 34.7015 24.2177 21.8706 20.3607 14.7731 14.3388 13.7568 15.6243 19.0012 13.6661 18.8245
threshold=0.057879742234945304 0 1 9.5000000000000018 2 3 4 5 4.5000000000000009 0.10119089856743814 2.5000000000000004 6 7 42.95000076293946 8 3948.5000000000005 -1.0000000180025095e-35 1.5000000000000002 9 10 11 18.500000000000004 1.0000000180025095e-35 12 0.1271653696894646 1.0000000180025095e-35 0.026919381693005565 0.025485066697001461 4123.5000000000009 26.500000000000004
decision_type=2 9 9 2 9 9 9 9 2 2 2 9 9 10 9 2 2 2 9 9 9 2 2 9 2 2 2 2 2 2
left_child=2 9 -1 5 -5 13 -3 10 17 -2 -8 -7 14 25 15 -11 -17 19 -19 -9 28 -22 24 -10 -21 -4 27 -27 29 -20
right_child=1 6 3 4 -6 11 7 8 23 12 -12 -13 -14 -15 -16 16 -18 18 20 22 21 -23 -24 -25 -26 26 -28 -29 -30 -31
leaf_value=0.021444006738669356 0.086636516185384496 -0.036517239534161063 -0.014529820615014339 0.026031011757308254 -0.081762518553756269 -0.067280786109579133 -0.0005463136420565056 -0.013553006965508877 -0.013592037043049369 0.07070099207343622 -0.033621755029090726 -0.034623083755995078 -0.04953966343988634 0.13935232110897117 0.022367408315637063 0.06948704507974178 0.023317283138694783 -0.026747396831811206 0.017354753066885085 0.028821750054615139 0.086912555286071058 0.025582884406712247 -0.0269765506487071 0.040073533202513653 0.0071357301492261122 0.31372714048892625 -0.0059099059269249864 0.047374522292753463 -0.032334908548639969 0.1266096184322581
leaf_weight=153.67773632146418 73.224974125623703 134.09611859172583 118.00464827567339 67.871013069525361 429.29518661275506 274.38598035275936 754.07112566381693 936.53155838698149 60.454626064747572 183.30572681874037 257.06706755980849 923.27772417291999 22.556288696825504 10.607202395796774 852.81426518410444 102.97816616296768 310.34672055393457 284.40330283902586 123.66916489228606 466.88242287561297 182.60474988073111 85.31102186627686 128.67993030697107 324.52594766393304 878.79576240107417 4.5077308751642722 13.045748678967355 6.599650926887989 44.318306498229504 18.075356669723988
leaf_count=2704 313 1955 2714 1408 16040 8582 9607 12021 665 828 3867 23325 147 224 4229 445 1456 3145 1205 4625 2002 920 1244 3061 6179 82 280 173 545 168
internal_value=-0.00173758 0.0106223 -0.0401816 -0.0451789 -0.068168 -0.03705 0.00314297 0.0043906 0.00819803 0.0330383 -0.00886756 -0.0426002 0.0305965 0.00868311 0.0319648 0.0450884 0.0348203 0.00527356 0.0178503 0.00142169 0.045379 0.0649591 0.0109515 0.0323341 0.0146597 -0.000456062 0.0683039 0.155469 0.0153101 0.031287
internal_weight=8225.99 6224.71 2001.27 1847.59 497.166 1350.43 4679.49 4545.39 3534.25 1545.23 1011.14 1197.66 1472 152.765 1449.44 596.631 413.325 3149.27 738.382 2410.89 453.979 267.916 1474.36 384.981 1345.68 142.158 24.1531 11.1074 186.063 141.745
internal_count=114159 58627 55532 52828 17448 35380 51209 49254 35780 7418 13474 31907 7105 3473 6958 2729 1901 32054 7985 24069 4840 2922 12048 3726 10804 3249 535 255 1918 1373
cat_boundaries=0 18 37 56 77 96 117 137 138 154 172 189 207 221
cat_threshold=0 536870912 4096 0 0 262144 134217728 0 67108864 3238002688 2147516424 256 1073741824 525320 0 2420310034 8389698 16842832 536887328 4 4194306 33554432 35693056 132101 4 16 0 0 0 524672 0 262144 268959744 33554505 0 8 1 373293056 0 2434809856 17 2147483680 524288 8 8651040 33554480 32 1114112 2048 0 1073872896 16777216 2048 0 0 4 84017152 1048576 1048708 0 1091633216 1074270216 262144 4202496 8388608 1 2 2 0 0 0 0 2048 0 1073807360 3670016 16 603979776 32768 268451840 268435456 2202009728 4 4 8192 2 0 2 0 1048576 262144 67635200 224 67125248 1056768 1 0 598016 2048 0 75546624 40960 0 67108865 1048576 541065224 11665409 128 0 0 536871488 33562880 512 8 0 0 1024 270532608 268439552 1 2129936 0 0 2048 786464 49 32 268435456 282068992 0 0 0 2048 0 268435456 1536 4 4 0 536870912 0 0 0 0 0 0 0 16777216 0 256 0 0 0 2147483666 17825792 0 1083179024 2 520 256 12416 128 0 402655232 1074288240 16904 0 128 0 0 0 16384 81920 8 2147549186 16 512 256 0 288 536870912 67119104 4792320 4100 0 1077936129 50331648 25166336 4194304 65536 0 2147483648 16 0 0 0 0 0 33562624 134553732 0 0 1 0 512 0 512 0 0 0 2 0 0 8 256 0 369098752 4456896 4100 0 8421376
is_linear=0
shrinkage=0.1


Tree=16
num_leaves=31
num_cat=8
split_feature=10 3 10 16 3 10 3 3 20 8 17 3 19 6 8 0 7 3 7 20 3 20 16 8 18 10 20 12 19 9
split_gain=370.936 73.8055 39.0844 28.2767 56.35 27.0055 20.321 16.9462 28.993 21.4706 15.5468 17.8311 13.9021 15.0713 13.4451 12.3294 11.464 13.1595 10.4314 16.555 15.1538 13.9587 12.6021 14.9686 11.1455 10.6255 9.93811 31.4968 9.86587 9.8046
threshold=0.066583674401044859 0 0.020131668075919155 16.500000000000004 1 0.094901837408542647 2 3 0.076225738972425475 3.5000000000000004 3.5000000000000004 4 0.060400804504752166 3.5000000000000004 14.500000000000002 5 1.0000000180025095e-35 6 3.5000000000000004 0.19122298806905749 7 0.46552196145057684 18.500000000000004 24.500000000000004 -1.0000000180025095e-35 0.24107323586940768 0.12742771208286288 -1.0000000180025095e-35 0.1936876326799393 25.550000190734867
decision_type=2 9 2 2 9 2 9 9 2 2 2 9 2 2 2 9 2 9 2 2 9 2 2 2 2 2 2 2 2 10
left_child=2 10 -1 6 -5 16 -4 -7 9 -9 18 -12 13 -11 -14 -10 -3 -18 20 -20 -2 24 -23 -24 25 -22 -19 -28 -21 -27
right_child=1 5 3 4 -6 7 -8 8 15 12 11 -13 14 -15 -16 -17 17 26 19 28 21 22 23 -25 -26 29 27 -29 -30 -31
leaf_value=-0.082850545791287838 0.0096176249121683408 -0.019423470919996449 0.0019159802677535286 0.059008992614569836 -0.089303757634759395 -0.0020087253187571 -0.034805547352595466 -0.048865402872665491 0.050832657007141929 -0.037660564077912059 -0.028033676015948156 0.026342090085206379 0.15250340447858313 0.088899404825192804 0.066729870824226267 0.010893903951132728 0.0045443729510105694 -0.020397766130084059 0.10408784504455236 0.10364237793905254 0.036105055516489432 0.035873828653355581 0.02727024755223947 -0.074484598642556049 0.012032753292633114 0.065906973046934908 0.14794997460129899 -0.025017239932050656 0.034433948021941461 0.12596011454569467
leaf_weight=192.24927418865263 267.70225025713444 393.70562311261892 176.8705981168896 25.755336640402675 169.03895381651819 740.74409860000014 1371.7783521600068 15.471172407269476 80.814884915947914 18.408824995160103 81.526905596256256 170.95723694935441 30.63993676006794 19.246977455914021 45.285292580723763 1774.9343680515885 1315.050210993737 409.91607184708118 51.519397348165512 22.884136460721493 91.6746571585536 168.97535854578018 32.522390902042389 26.025529384613037 50.869553878903389 127.635652333498 15.023162767291067 35.183576989918947 206.14924791455269 34.545023247599602
leaf_count=7759 1368 5453 3839 755 6506 6230 38653 102 436 156 470 788 188 127 289 13145 17848 5689 241 128 556 701 138 116 255 549 163 432 945 151
internal_value=-0.0018246 0.01006 -0.0400593 -0.0353407 -0.0712493 0.00433237 -0.030824 0.0109675 0.0157411 0.061652 0.030827 0.00871721 0.0767059 0.0270279 0.101344 0.0126332 -0.0039857 -0.000561843 0.0362787 0.0528701 0.0304599 0.0400104 0.0220205 -0.0179615 0.0547556 0.0633167 -0.0149299 0.0267391 0.041349 0.0786985
internal_weight=8163.1 6227.41 1935.69 1743.44 194.794 4894.42 1548.65 2725.55 1984.8 129.052 1332.99 252.484 113.581 37.6558 75.9252 1855.75 2168.88 1775.17 1080.5 280.553 799.95 532.248 227.523 58.5479 304.725 253.855 460.123 50.2067 229.033 162.181
internal_count=114176 56664 57512 49753 7261 50258 42492 20673 14443 862 6406 1258 760 283 477 13581 29585 24132 5148 1314 3834 2466 955 254 1511 1256 6284 595 1073 700
cat_boundaries=0 18 34 55 76 94 95 113 130
cat_threshold=0 538968065 69632 0 0 262144 134217728 0 67108864 2432698368 2147483656 16392 1073741824 20971648 0 2420310016 8388674 16777232 1254096896 1310720 2359296 0 4 524292 4 134217728 2097152 32 65536 0 0 0 0 2048 131072 2148007936 8388612 100663297 37748736 131146 262144 6291488 134217984 0 2 2048 0 0 0 0 0 0 1073807360 136315904 16 65536 4 18 0 0 256 0 128 0 570433536 1080033664 257 0 1621131264 33556480 8396896 512 66048 0 0 1024 0 0 0 0 0 0 134217728 0 0 2164260864 0 0 0 0 0 0 0 16777216 4 554713088 65536 5244928 0 0 1073741953 4096 320 570425344 134283264 135397952 4 0 262144 0 67109381 16384 8912896 0 0 0 0 0 0 0 0 0 285214720 8 0 1073741824 128 0 268435456 64
is_linear=0
shrinkage=0.1


Tree=17
num_leaves=31
num_cat=11
split_feature=10 3 11 3 3 21 10 5 14 3 16 14 14 17 16 21 6 3 21 17 14 3 3 3 17 14 11 3 3 16
split_gain=305.076 64.8098 60.7489 52.8205 27.6439 21.3492 18.3518 20.4805 15.9904 60.0347 23.8003 13.7017 14.5152 17.1594 13.6548 12.8415 12.5579 13.5437 14.0195 13.1355 19.6275 38.6272 19.1308 18.946 18.6303 16.1546 15.5409 25.0381 14.4919 12.3565
threshold=0.069160431623458876 0 14.500000000000002 1 2 3880.5000000000005 0.094901837408542647 3 2.5000000000000004 4 2.5000000000000004 8.5000000000000018 1.0000000180025095e-35 1.0000000180025095e-35 20.500000000000004 4010.5000000000005 9.5000000000000018 5 4221.5000000000009 3.5000000000000004 1.0000000180025095e-35 6 7 8 1.0000000180025095e-35 3.5000000000000004 -1.0000000180025095e-35 9 10 28.500000000000004
decision_type=2 9 2 9 9 2 2 9 2 9 2 2 2 2 2 2 2 9 2 2 2 9 9 9 2 2 2 9 9 2
left_child=1 11 4 -2 -3 -6 14 -8 9 10 15 12 -1 29 16 -7 19 -18 -19 20 22 25 26 -21 -23 -22 28 -28 -5 -14
right_child=3 2 -4 6 5 8 7 -9 -10 -11 -12 -13 13 -15 -16 -17 17 18 -20 23 21 24 -24 -25 -26 -27 27 -29 -30 -31
leaf_value=-0.005042400864708925 0.026401216433734165 -0.0018802711647752772 -0.082443489330799424 0.041310366057743284 -0.077219056641044392 0.020879591695460664 0.010830103798800967 -0.052844713881916673 -0.07975562861454677 -0.056887181373987031 0.10982855068688502 -0.078780247553184593 0.1232333315892164 0.0015495159756569394 -0.037535350346469681 -0.020935531670452919 0.027873484622093637 -0.033497748593411224 0.023441874236331678 -0.043096102142083328 0.031342887366707699 0.1165554337578114 -0.01814864693364902 0.017986294835514151 -0.0053262868697496833 -0.063936158979238863 -0.013143427831923866 0.030814335650948405 -0.0095434280363906696 -0.045538936594015644
leaf_weight=300.50425820052624 1396.8900592625141 221.31863057799637 346.40330046974123 213.84995898604393 148.84591056033969 113.56722358427942 2682.05937346071 41.957399554550648 76.006113974377513 405.80032505467534 18.720742985606194 20.684627620503306 28.359042273834348 42.209569748491049 107.52066169679165 207.86817435733974 51.533028699457645 283.41082520410419 51.027474742382765 123.25745910406113 34.207309931516647 64.599123530089855 321.56162234023213 77.657246720045805 15.562671456485985 37.089894752949476 401.65319724753499 179.11335841566324 76.037363387644291 5.1214501503854981
leaf_count=6604 6996 5322 14655 2402 5187 3059 20430 290 2518 12617 549 783 615 970 1798 5569 738 4206 763 1803 457 727 4217 1023 183 640 5431 2336 981 155
internal_value=-0.00150766 -0.0361398 -0.0452865 0.00937521 -0.0348695 -0.0419388 0.00431638 0.0096951 -0.0360602 -0.0316081 0.000215557 0.000447689 0.00481585 0.043955 -0.00285141 -0.00616172 -0.000919727 -0.0170539 -0.0240898 0.00311197 0.00667793 0.0405869 0.00237013 -0.0207364 0.0825903 -0.0159812 0.0100415 0.00071779 0.0290673 0.0974165
internal_weight=8094.4 1935.41 1538.53 6158.99 1192.13 970.808 4762.1 2724.02 821.963 745.956 340.156 396.879 376.194 75.6901 2038.08 321.435 1930.56 385.971 334.438 1544.59 1343.67 151.459 1192.22 200.915 80.1618 71.2972 870.654 580.767 289.887 33.4805
internal_count=114024 58603 49476 55421 34821 29499 48425 20720 24312 21794 9177 9127 8344 1740 27705 8628 25907 5707 4969 20200 17374 2007 15367 2826 910 1097 11150 7767 3383 770
cat_boundaries=0 19 38 58 59 79 96 107 121 132 143 154
cat_threshold=135790592 0 2147745796 117449216 2422218784 525326 0 4194352 0 40 65536 0 0 2048 0 0 0 0 327684 536870912 538968065 4096 0 0 262144 134217728 0 67108864 2415919104 2147532808 16384 0 1032 0 2420310034 1090 64 1 0 2148794368 268435456 1 17039360 12352 262144 136355840 142622720 0 8389122 2 524288 0 0 0 0 0 41975808 2100256 4 1115684864 0 8389632 134217728 0 131072 2048 4097 287309824 0 0 0 0 0 0 0 0 0 0 134479874 16384 65536 2048 16 0 0 0 256 0 134217728 0 4096 0 0 0 0 67108864 16793600 0 1050624 0 0 0 0 0 0 134217728 134348864 16777216 73728 5242880 2 1049344 128 0 0 537919488 201326592 131136 512 0 65536 0 73728 5244928 2 0 0 0 256 0 67108864 131137 0 8192 0 0 0 0 0 0 536870912 0 64 0 73728 0 0 0 0 0 0 536870912 0 64
is_linear=0
shrinkage=0.1


Tree=18
num_leaves=31
num_cat=12
split_feature=19 3 3 11 3 3 3 21 3 3 14 19 21 19 11 9 11 3 3 9 7 17 0 9 3 3 8 21 14 11
split_gain=189.809 79.8125 62.8987 42.1738 38.6527 36.434 31.9221 21.5458 33.4951 22.232 21.2021 41.1956 17.5245 17.5076 22.0047 16.4336 16.1532 65.9268 30.4815 20.5089 20.0033 20.4051 16.9512 16.0847 15.0552 14.7132 15.7135 14.4862 13.7512 14.4305
threshold=0.051162309944629676 0 1 19.500000000000004 2 3 4 4123.5000000000009 5 6 1.5000000000000002 0.036165993660688407 3897.5000000000005 0.027735499665141109 64.500000000000014 29.550000190734867 7.5000000000000009 7 8 49.95000076293946 4.5000000000000009 3.5000000000000004 9 42.95000076293946 10 11 21.500000000000004 3318.5000000000005 8.5000000000000018 29.500000000000004
decision_type=2 9 9 2 9 9 9 2 9 9 2 2 2 2 2 8 2 9 9 10 2 2 9 10 9 9 2 2 2 2
left_child=2 -2 10 5 -3 15 13 9 28 -6 23 -12 -13 14 -5 -4 18 19 20 -18 21 -11 -19 25 -23 -1 -27 -7 29 -9
right_child=1 4 3 6 7 27 -8 8 -10 16 11 12 -14 -15 -16 -17 17 22 -20 -21 -22 24 -24 -25 -26 26 -28 -29 -30 -31
leaf_value=-0.023861439197740333 0.029535507723507378 -0.053347679998791045 0.13856046278283676 0.2728348783627218 -0.020931972839844437 -0.067328518863725262 -0.081338671543071839 0.012972047725168216 -0.021944162493073533 0.02775649545393799 0.33413329096850702 0.17595517404946681 -0.026414024984649304 -0.022891034131241661 0.0052652856832353058 0.003641589330759558 0.024076859924862023 0.066399000353538892 0.0047118273483114422 0.10357414988517666 0.066520252455377002 0.046109966550757601 -0.035429444386427866 0.14347391808882892 -0.036069377009035564 0.014220172318722898 0.15031537053863742 -0.031972665949678285 -0.073566492984729392 0.096784782053530333
leaf_weight=63.421447800472379 1244.4240807443857 115.90197286941111 9.4420671947300416 5.3551401775330287 269.43429563194513 133.1198794785887 260.92035155370831 372.34317348897457 732.8338130209595 682.63673375174403 6.5436174571514156 6.5204993356019285 12.448847532272337 27.882208356633782 7.2139936909079552 205.82381914556026 180.8928543664515 17.082206688821316 2080.5928478892893 39.546285059303045 112.21800982952118 20.611208789050579 380.32946476899087 9.1719126608222705 86.129436414688826 25.284422921016812 12.76775126159191 895.13420057855546 17.271668886765838 21.74245517142117
leaf_count=1243 6021 2124 268 112 3303 4421 11896 3489 9620 5980 129 67 252 916 131 5948 1717 143 21733 250 903 155 4978 171 982 399 211 25961 283 255
internal_value=-0.000954385 0.00692894 -0.0308454 -0.0364657 0.00138435 -0.0285679 -0.0702637 0.00275327 -0.0092966 0.0063235 0.0331671 0.117781 0.0431481 0.017062 0.119265 0.00913509 0.00839817 -0.00629491 0.0114704 0.0366748 0.0267186 0.0213988 -0.0302903 0.0166543 -0.0192602 0.00519146 0.0474222 -0.0361979 0.0134417 0.0175962
internal_weight=8055.04 6373.99 1681.05 1544.89 5129.57 1243.52 301.372 5013.66 1144.19 3869.47 136.158 25.513 18.9693 40.4513 12.5691 215.266 3600.04 617.851 2982.19 220.439 901.595 789.377 397.412 110.646 106.741 101.474 38.0522 1028.25 411.357 394.086
internal_count=114061 61936 52125 49653 55915 36598 13055 53791 13647 40144 2472 448 319 1159 243 6216 36841 7088 29753 1967 8020 7117 5121 2024 1137 1853 610 30382 4027 3744
cat_boundaries=0 21 41 61 82 100 119 138 156 172 173 189 209
cat_threshold=0 538968065 4098 0 0 262144 134225920 0 67108864 1073741824 2282004488 257 0 17367048 32768 2151809040 1026 16 1 0 1024 671088640 32768 285214722 33554432 8437888 4194312 4100 128 0 4194336 65794 0 0 0 8388608 33554496 0 8 65536 2048 675807232 2048 20971520 268435456 557568 4194304 0 2662400 9437184 32 2 0 0 0 75497472 8288 0 0 100663296 2048 68288528 2148007936 262144 0 512 0 2048 8192 8519680 201326592 138412032 2 0 2361344 16777216 0 0 0 100663297 69735426 16 272760848 1048576 4472832 32784 16777732 16385 2147483656 8240 131088 0 1048576 0 0 32768 0 0 0 536870912 16777216 0 2048 18 0 1073741824 128 432 138412032 603979776 4529 4096 0 0 0 0 0 16777216 65536 0 0 18432 134226434 16512 1073745934 32768 134221824 1 603987968 0 4096 1048576 10485760 33556992 33554432 0 16777288 65536 65536 8388612 0 16 0 0 4 32 541065216 50333696 1114116 132 0 541065345 16777216 16842752 16384 66048 17825792 0 1083244560 16777216 1048584 524544 0 16 0 2566914056 4346816 520 1073741824 1024 0 2 4 0 0 1074790400 0 0 256 0 0 0 268435456 16512 0 0 0 0 2 671088640 0 0 0 128 0 0 0 0 32 2 0 0 0 8388608 33554496 0 0 65536 2048
is_linear=0
shrinkage=0.1


Tree=19
num_leaves=31
num_cat=10
split_feature=10 3 14 3 16 3 3 20 10 21 21 3 3 8 20 3 14 14 14 8 20 20 10 21 3 20 3 3 11 19
split_gain=243.122 54.9078 39.7426 64.7348 27.2936 18.1733 17.9685 17.3446 16.9793 15.2076 28.388 35.3609 25.7913 23.8719 39.9961 20.5514 19.8321 16.7751 16.7073 15.8525 15.7884 13.7169 16.1809 28.5062 24.1017 20.1109 18.1063 16.1062 15.3649 14.1257
threshold=0.066583674401044859 0 8.5000000000000018 1 17.500000000000004 2 3 0.22925594449043277 0.020131668075919155 3983.5000000000005 3955.5000000000005 4 5 9.5000000000000018 0.10092714056372644 6 4.5000000000000009 2.5000000000000004 1.5000000000000002 23.500000000000004 0.14172895252704623 0.15022054314613345 0.086562801152467742 3941.5000000000005 7 0.073976460844278349 8 9 -1.0000000180025095e-35 0.060400804504752166
decision_type=2 9 2 9 2 9 9 2 2 2 2 9 9 2 2 9 2 2 2 2 2 2 2 2 9 2 9 9 2 2
left_child=2 7 3 -1 8 -6 -3 -2 -5 10 12 13 -8 14 -12 18 21 19 -11 -15 -21 22 23 26 -24 29 -14 -23 -25 -26
right_child=1 6 -4 4 5 -7 9 -9 -10 15 11 -13 16 17 -16 -17 -18 -19 -20 20 -22 27 24 28 25 -27 -28 -29 -30 -31
leaf_value=0.0026107595463839162 0.069664582769915898 -0.0096801491157563896 -0.079964892250479536 -0.070192944337879898 0.040460544342425929 -0.091207294132162525 -0.0081700461945583454 0.025857976952777847 -0.0307163388278128 0.015849298748181098 0.26147084764925621 0.0010914546980074625 0.035223053528413033 0.0024140933168883554 0.068339402578976444 -0.0065226485042748049 -0.036716107101209927 0.11868300170437318 -0.019273999791943955 0.14399010172868718 0.02594459405848324 -0.015059716491096276 0.0053586217921314273 0.19332821276092271 0.03687243530981138 0.04329351553466141 -0.029259654020867228 0.027305668756128321 0.047997178531822518 0.12948554244466806
leaf_weight=491.81825968064368 99.304030783474445 708.80397076904774 161.49910788983107 125.00420412793756 10.410216961055992 119.59852960705757 584.59664919227362 1006.0632102191448 848.53905999101698 1094.4260555282235 15.828577939420937 147.65449868515134 57.110537476837635 68.797616098076105 33.242777235805988 1288.8233612254262 61.246259234845638 28.352993506938219 154.55539483577013 20.357710096985102 25.550686553120613 173.55076564103365 128.78375195711851 10.419975720345972 22.815016526728868 167.58789457753301 116.08173058182001 167.06860394030809 24.099904231727123 59.207068651914597
leaf_count=12239 572 8913 7964 5980 396 6001 5495 4615 24932 8564 106 1341 753 643 288 14866 816 171 1673 134 277 1463 919 102 215 1374 1560 1104 303 360
internal_value=0.000181715 0.00940159 -0.0326929 -0.0279075 -0.0411592 -0.0845676 0.00502266 0.0295264 -0.0357852 0.00738092 0.0141317 0.0403428 0.00846828 0.0669658 0.130636 0.00232296 0.0182118 0.0498068 0.0114116 0.032782 0.0782909 0.0220384 0.0313131 0.00888698 0.0436235 0.0607187 -0.00765201 0.00607938 0.091866 0.103725
internal_weight=8021.2 6264.33 1756.87 1595.37 1103.55 130.009 5158.96 1105.37 973.543 4450.16 1912.35 339.785 1572.57 192.13 49.0714 2537.8 987.972 143.059 1248.98 114.706 45.9084 926.725 586.106 207.712 378.394 249.61 173.192 340.619 34.5199 82.0221
internal_count=114139 56627 57512 49548 37309 6397 51440 5187 30912 42527 17424 2960 14464 1619 394 25103 8969 1225 10237 1054 411 8153 5586 2718 2868 1949 2313 2567 405 575
cat_boundaries=0 18 37 56 74 85 106 127 145 164 182
cat_threshold=0 538968065 69632 0 0 262144 134217728 128 67108864 2147485696 2147524608 16384 0 16778248 0 2151874586 66 16777216 168427520 2149318656 268697604 167772160 35651616 528384 262144 134217744 2228224 32 8454146 2 0 2048 67108864 0 0 0 65540 1086324736 0 2097152 0 4 0 2060 8388608 16 0 0 4194304 0 0 8388608 2048 0 0 512 0 65548 5242880 8208 8405120 1 4096 64 0 4194305 1180288 0 0 2097152 838862848 50339936 67109376 8 0 0 2048 0 0 0 0 0 541065216 536870912 13 1114112 0 1073741824 2 8192 0 128 0 541065216 621289472 262477 1 0 327680 520 0 0 8921152 0 0 1024 553713664 0 3221225472 2 0 0 128 256 4194304 201326592 266569 0 0 0 0 0 0 0 0 0 1024 0 8388608 16384 0 256 256 0 0 0 268435456 1024 0 1073741824 8421377 16777216 0 1040 16 16384 0 2147485696 0 512 128 0 0 0 134217728 134217728 4096 0 0 0 0 0 0 1 0 0 0 0 8 0 0 0 0 1073741824 6837248 0 0 537395200 0 268435456 16384 16384
is_linear=0
shrinkage=0.1


Tree=20
num_leaves=31
num_cat=7
split_feature=10 3 11 3 20 16 8 10 21 17 3 3 20 8 8 3 17 21 9 20 6 17 7 3 21 0 19 21 8 11
split_gain=175.76 48.2078 43.142 52.1538 23.1534 19.8936 19.0691 18.8543 19.8456 15.5358 16.3387 14.4412 25.9865 15.1017 19.6823 13.9734 13.5386 13.512 13.7634 13.086 25.2909 13.062 12.8626 13.2525 14.4555 13.6872 12.0305 18.0045 11.8215 14.5881
threshold=0.042207784950733192 0 21.500000000000004 1 0.072555050253868117 2.5000000000000004 27.500000000000004 0.085913565009832396 1049.5000000000002 10.500000000000002 2 3 0.46552196145057684 23.500000000000004 26.500000000000004 4 1.0000000180025095e-35 3962.5000000000005 45.649999618530281 0.033534254878759391 9.5000000000000018 6.5000000000000009 5.5000000000000009 5 4110.5000000000009 6 0.32288415729999548 4067.5000000000005 22.500000000000004 198.50000000000003
decision_type=2 9 2 9 2 2 2 2 2 2 9 9 2 2 2 9 2 2 10 2 2 2 2 9 2 9 2 2 2 2
left_child=2 4 3 6 5 -2 -1 8 -3 15 -11 12 -6 -14 -15 17 -8 -10 19 20 -19 26 23 24 -9 -25 28 -28 29 -13
right_child=1 7 -4 -5 11 -7 16 22 9 10 -12 21 13 14 -16 -17 -18 18 -20 -21 -22 -23 -24 25 -26 -27 27 -29 -30 -31
leaf_value=-0.0094000189561414624 0.14990916298105766 -0.054983697143741128 -0.076678435380280491 -0.047522027421339541 0.067848767811993976 -0.0072361976013891605 0.079352063551398233 0.00072687351064040773 0.030055518758577163 -0.050161359298333263 0.0078180178539703944 -0.008301840982199318 0.031363331771355245 -0.06686056353933291 0.025207896480219157 -0.013514119076920903 -0.04285233410193233 -0.0077712759375292793 0.055405541046706287 -0.008437993095702815 0.23784123156225268 -0.017617025160667345 0.028719179970672377 0.046145038845531929 -0.02417677875194181 0.0060000662490942071 0.061877808495718382 0.0075587301842631712 0.035000942988825522 0.077497517937554036
leaf_weight=398.85636425763369 25.23662705719471 87.13182763196528 217.55651447735727 563.79803905449808 153.41281032562256 11.833091199398039 43.076767539605498 987.54374772310257 193.0981770735234 133.76110321842134 76.159563073888421 306.81076410412788 243.05705785751343 41.901019647717476 52.079467102885246 564.78518381901085 11.482181927189229 12.11856975220144 40.39026515930891 483.00309982523322 6.4099210239946833 132.58954886347055 205.21593612805009 88.310239627957344 305.08949283882976 2217.4708782210946 120.9707944765687 123.1302000656724 110.94972367957234 21.185025569051504
leaf_count=11486 221 1691 11974 21308 700 110 1200 9623 2772 2314 1416 1797 996 178 219 10850 343 270 530 7377 143 749 1705 494 3941 17531 537 558 662 111
internal_value=-0.00157404 0.00477704 -0.0362602 -0.0276158 0.0216524 0.0997465 -0.00177609 0.000538865 -0.00857929 -0.00590112 -0.0311435 0.0196017 0.0330567 0.0182008 -0.0158406 -0.00182444 0.0536336 0.00724316 -0.000751705 -0.00527426 0.0771982 0.0109713 0.00436831 0.00297959 -0.00511139 0.00750505 0.0166814 0.034478 0.00678453 -0.00276012
internal_weight=7978.41 6743.64 1234.77 1017.21 1343.16 37.0697 453.415 5400.49 1596.86 1509.73 209.921 1306.09 490.45 337.038 93.9805 1299.81 54.5589 735.02 541.922 501.532 18.5285 815.636 3803.63 3598.41 1292.63 2305.78 683.047 244.101 438.946 327.996
internal_count=113806 67495 46311 34337 6838 331 13029 60657 27363 25672 3730 6507 2093 1393 397 21942 1543 11092 8320 7790 413 4414 33294 31589 13564 18025 3665 1095 2570 1908
cat_boundaries=0 18 39 51 69 88 106 107
cat_threshold=536870912 539000833 69632 0 0 262144 134217728 0 0 2147483648 2149584904 16384 0 25756680 0 2420244480 8389698 16777232 1141374992 0 262144 134217728 0 10240 2147483648 2684354560 16797984 1024 0 2 0 0 0 0 0 0 180617280 137890818 16 1048576 335872 12582912 0 0 0 4 4368 0 67108872 1180161 2048 0 538968064 0 0 0 0 0 0 0 0 0 0 0 524288 0 2151809024 1090 16 131072 1384448 12584960 0 1048576 1073741829 4 41025 33685504 67110920 1245696 2048 0 0 0 256 0 0 65536 65536 8388612 1073741840 16 0 0 0 0 603979776 4202496 1073759232 520 0 1077936257 33554432 73768 4213248 8413192 4
is_linear=0
shrinkage=0.1


Tree=21
num_leaves=31
num_cat=14
split_feature=10 3 3 11 3 3 17 3 14 3 21 3 19 3 8 14 3 14 2 3 9 3 9 3 8 8 3 21 6 11
split_gain=164.233 36.3629 34.8009 30.668 30.5055 22.6054 20.8353 40.4336 33.9577 22.2441 20.6336 16.3797 14.5516 18.8104 13.856 13.8319 12.9204 17.9156 12.5456 11.8088 12.9936 19.538 17.6687 16.3256 21.0644 13.983 22.2951 12.6839 12.7082 12.494
threshold=0.066583674401044859 0 1 14.500000000000002 2 3 17.500000000000004 4 1.0000000180025095e-35 5 4123.5000000000009 6 0.041404262185096748 7 15.500000000000002 5.5000000000000009 8 3.5000000000000004 9 10 49.95000076293946 11 53.750000000000007 12 19.500000000000004 23.500000000000004 13 3989.5000000000005 1.5000000000000002 -1.0000000180025095e-35
decision_type=2 9 9 2 9 9 2 9 2 9 2 9 2 9 2 2 9 2 9 9 8 9 8 9 2 2 9 2 2 2
left_child=1 -1 -2 5 14 18 9 -8 -9 -4 19 15 13 -7 -5 -12 17 -15 -3 -11 21 -21 -22 24 29 -25 -27 28 -28 -24
right_child=2 3 6 4 -6 12 7 8 -10 10 11 -13 -14 16 -16 -17 -18 -19 -20 20 22 -23 23 25 -26 26 27 -29 -30 -31
leaf_value=0.0011039659352113246 0.020617331475424293 0.062549121241646632 -0.018623073493354528 0.081478001799488775 -0.078332583367134195 0.012525046603731885 -0.044140549669258393 0.049170438296932094 -0.027348895163612559 -0.0045615329765327775 0.028081134473452715 -0.014485900052087037 -0.044657083820514788 0.00059017672653849005 -0.038473258388045217 -0.056491342802181425 -0.040577092821239023 -0.097994450665207886 -0.066402758330399131 0.021010756246966102 0.069102822699390762 -0.020758079400066982 0.066450310335966573 0.0037732587292516155 0.0047673317017820852 -0.035969330781338626 0.0068111098701346129 0.015503682859827962 0.070849466481913162 0.029836782830918153
leaf_weight=339.92182729952037 1402.8023062050343 2.8863522093743086 358.60466629639268 20.312231246381998 229.12138019222766 187.22750453278422 247.25459122098982 125.04620069265366 108.15936986356974 435.57513962313533 175.62092058360577 643.35505826026201 206.04538552835584 224.00266846083105 18.311479035764933 21.731434278190136 243.24253039062023 20.086759785190225 171.23461627773941 188.84330319613218 61.407900061458349 246.7897252291441 135.79378435015678 1204.450883410871 247.92707401886582 45.102973520755768 41.191637448966503 159.29154767096043 125.10874674841762 297.13477747887373
leaf_count=8462 7469 162 3947 564 13394 5671 2796 1228 1288 3844 1818 7725 5558 6457 580 291 8944 755 6969 1537 458 2696 1163 11490 2319 538 404 1608 1047 2823
internal_value=-0.000607703 -0.0285527 0.00680007 -0.0359123 -0.0664083 -0.0285113 0.00277065 -0.0169938 0.0131187 0.00494108 0.00706694 -0.0068519 -0.0211577 -0.0142934 0.019548 0.0178633 -0.024354 -0.00722655 -0.0609841 0.0107589 0.0131517 -0.00264584 0.0161781 0.0147375 0.027605 0.00894349 0.0259837 0.0346077 0.0549875 0.0413211
internal_weight=7933.58 1662.39 6271.19 1322.47 267.745 1054.73 4868.39 480.46 233.206 4387.93 4029.32 840.707 880.605 674.559 38.6237 197.352 487.332 244.089 174.121 3188.62 2753.04 435.633 2317.41 2256 680.856 1575.15 370.695 325.592 166.3 432.929
internal_count=114005 57516 56489 49054 14538 34516 49020 5312 2516 43708 39761 9834 27385 21827 1144 2109 16156 7212 7131 29927 26083 4233 21850 21392 6305 15087 3597 3059 1451 3986
cat_boundaries=0 20 38 58 78 96 115 133 154 175 184 202 223 241 262
cat_threshold=134873088 524288 8650752 50331648 1113587744 139264 4 4194352 142737408 8 8388608 2048 0 0 4 0 0 0 327684 2097152 536870912 536870913 4096 0 0 262144 128 0 0 83888128 2147786776 9 0 554172424 32768 2160197634 8388674 16 268435456 1310720 2097152 0 2147483652 524292 8 679477248 0 32 65536 0 0 0 75497472 2048 0 0 0 4 4194304 397312 2097153 32768 16777216 0 8 118226944 1068 32 268435456 282066944 1048576 0 0 0 0 268435456 1568 262152 16777216 73728 1064976 0 0 0 134217728 0 0 3762290688 1704516 0 0 1024 0 65600 0 16777280 16777216 8388608 130 16 8921216 1073741824 0 256 67108864 0 2113792 4096 0 12877825 50333696 272 67127296 512 1 65536 0 4196352 2 0 0 134221824 0 0 536870912 4741 0 0 0 0 0 0 16777216 16 1048576 268435456 1 0 6208 1074006016 1060864 2101249 1024 0 2 0 131072 8388608 0 0 0 41975808 1641504 80 1073741824 0 0 402718720 0 1024 0 2290124800 16793728 0 16777216 0 0 0 0 0 0 536870912 1078984896 2214600722 128 0 1048576 1073741824 0 0 12288 0 0 64 81920 4 3225438208 0 512 384 4096 0 33554432 805314560 1077936288 256 0 1073807360 0 16785920 0 18423816 1048576 65536 0 2 0 0 134217728 0 4194304 37748736 1576964 16388 1073741824 0 0 65544 0 0 0 0 1024 0 40960 1114128 0 0 0 0 0 1048576 3221225472 131136 512 0 1024 0 65632 0 64 1048576 65536 0 2 0 0 0 0 0 134217728 528896 0 0 0 0 0 4194304 16384 0 0 1024
is_linear=0
shrinkage=0.1


Tree=22
num_leaves=31
num_cat=8
split_feature=10 3 3 14 3 14 10 7 3 3 21 16 14 20 20 17 17 19 3 14 16 14 21 3 3 9 19 14 21 19
split_gain=137.124 39.648 28.7141 30.2023 43.7432 22.6056 18.6675 16.7254 30.1489 28.5639 23.9015 17.1321 26.3158 15.0252 13.929 13.6894 13.2393 16.1982 15.7362 13.1869 12.9256 12.7398 15.2113 12.7038 12.5746 13.8662 12.486 21.5762 12.4657 12.3443
threshold=0.043177597224712379 0 1 19.500000000000004 2 4.5000000000000009 0.085913565009832396 1.5000000000000002 3 4 3918.5000000000005 85.500000000000014 14.500000000000002 0.17755378782749179 0.13271801918745044 19.500000000000004 42.500000000000007 0.08488864824175836 5 37.500000000000007 10.500000000000002 1.0000000180025095e-35 3975.5000000000005 6 7 31.94999980926514 0.01649436075240374 1.5000000000000002 504.50000000000006 0.066077120602130904
decision_type=2 9 9 2 9 2 2 2 9 9 2 2 2 2 2 2 2 2 9 2 2 2 2 9 9 8 2 2 2 2
left_child=2 13 -1 4 5 15 28 9 -9 -8 14 12 16 -2 -11 -4 17 18 -10 29 26 22 -17 -18 25 -19 27 -6 -3 -12
right_child=1 6 3 -5 20 -7 7 8 11 10 19 -13 -14 -15 -16 21 23 24 -20 -21 -22 -23 -24 -25 -26 -27 -28 -29 -30 -31
leaf_value=-0.070953715087987035 0.072198953864229198 -0.06177347892165768 0.011097203915846522 -0.086044254634981693 -0.0049545553077862334 -0.062964064875420819 -0.018080339160130961 -0.0092886728962389749 -0.015403555530794272 0.058916699140112078 0.06483605683673814 -0.053168574218471681 0.080952304475729403 0.022267238692541335 0.014921820287177047 0.16292635705964753 0.024700324724580242 0.088988847663226234 0.049344409775557013 -0.08788029626579287 -0.082137525981477832 -0.063782594461092898 -0.022119228685107583 -0.035115208347889393 0.0069135672639218521 0.022129720486559059 -0.04329738133019629 0.27308046633979499 -0.0064772504737840844 -0.0030225350459804606
leaf_weight=163.28840792365372 66.765827558934689 41.910017494112253 431.54394107311964 76.940040568821132 23.495954623445872 55.445191649720073 715.9604782499373 647.50737306475639 45.138391681015491 113.87362848967314 27.992818761616945 35.889058906584978 61.511919461190701 618.96281731873751 195.53731324896216 5.9972897041589048 47.589440703392029 33.217394441366196 220.74318578466773 17.588881429284811 80.891477764584124 50.39709584414959 17.133201586082578 90.792026471346617 1127.1326202377677 468.84666254371405 303.83633204456419 3.1673516221344462 1497.1149237919599 633.06074953451753
leaf_count=8541 437 751 12827 4987 929 2504 6732 5572 308 880 293 275 413 2938 1283 174 402 196 2112 179 4797 1637 502 717 9851 2645 10691 98 25389 4955
internal_value=-0.00145651 0.00413748 -0.0324099 -0.0254897 -0.0209582 -0.00231095 0.00151667 0.00478178 0.0095656 -0.00301817 0.00799818 0.0152668 0.0165121 0.0267389 0.0311134 0.0043016 0.0145628 0.0167432 0.0396288 -0.00242281 -0.0452098 -0.0355828 0.0258595 -0.0152972 0.0130083 0.0260347 -0.0375395 0.0280734 -0.00798305 -0.000149011
internal_weight=7919.27 6707.14 1212.14 1048.85 971.908 560.517 6021.41 4482.38 2778.37 1704.01 988.053 2130.86 2094.97 685.729 309.411 505.072 2033.46 1895.08 265.882 678.642 411.391 73.5276 23.1305 138.381 1629.2 502.064 330.5 26.6633 1539.02 661.054
internal_count=114015 66328 47687 39146 34159 17644 62953 36813 22491 14322 7590 16919 16644 3375 2163 15140 16231 15112 2420 5427 16515 2313 676 1119 12692 2841 11718 1027 26140 5248
cat_boundaries=0 21 42 63 81 98 116 127 145
cat_threshold=0 538968065 1073811456 33554432 0 262144 0 0 0 268435456 2147483680 256 0 16777224 0 2428633096 66 8192 0 0 1024 268435456 0 0 268435456 0 8192 262144 67633152 1032 0 268435456 282066944 0 0 0 0 0 268435456 2164942368 12584472 132 1082654720 262144 262144 134217729 0 2048 2147485696 16777216 2097152 1024 0 2 0 0 0 1024 0 0 1073741824 69208322 16 0 32772 2 18 264 0 0 128 0 8192 2670612 5 0 1076364289 16779264 33554434 8405504 65552 16859136 8421376 16384 16 0 256 0 0 536870912 3808428032 4216136 512 1073741824 536903680 301989888 65632 4194304 0 0 16384 0 0 0 0 0 0 0 271624 0 0 8388608 268435456 32 0 1049088 16777216 8388608 16384 0 0 256 0 0 536870912 33554432 9480 16777216 0 0 0 0 256 128 0 0 3774873600 1074012424 0 0 0 0 32 4194304 16384
is_linear=0
shrinkage=0.1


Tree=23
num_leaves=31
num_cat=2
split_feature=10 11 10 10 5 2 11 10 14 16 20 8 21 17 14 16 11 19 14 8 21 6 21 7 14 21 14 10 21 21
split_gain=94.1153 33.6759 25.8722 21.1202 15.5667 13.7818 12.4342 18.5951 14.0765 11.604 11.0718 17.6028 10.9138 10.6628 21.4275 11.0714 16.0287 12.1185 17.5658 30.6163 16.4813 11.3782 16.5408 14.2346 12.5646 10.3926 10.12 10.8087 22.07 9.87696
threshold=0.040658559650182731 25.500000000000004 0.099083725363016142 0.020131668075919155 0 1 -1.0000000180025095e-35 0.020619570277631286 2.5000000000000004 3.5000000000000004 0.02415395807474852 27.500000000000004 504.50000000000006 36.500000000000007 1.0000000180025095e-35 38.500000000000007 544.50000000000011 0.031027934513986114 1.0000000180025095e-35 11.500000000000002 4049.5000000000005 4.5000000000000009 4030.5000000000005 2.5000000000000004 37.500000000000007 4103.5000000000009 46.500000000000007 0.08939316496253015 4089.5000000000005 3318.5000000000005
decision_type=2 2 2 2 9 9 2 2 2 2 2 2 2 2 2 2 2 2 2 2 2 2 2 2 2 2 2 2 2 2
left_child=1 3 12 5 -4 -1 7 -5 10 -10 -8 -12 -2 15 -15 17 29 18 -14 -20 -21 24 -23 25 -19 26 27 -24 -29 -17
right_child=2 -3 4 6 -6 -7 8 -9 9 -11 11 -13 13 14 -16 16 -18 21 19 20 -22 22 23 -25 -26 -27 -28 28 -30 -31
leaf_value=0.058794566542311182 -0.046796893437676075 -0.070625428477715621 0.009110407879469826 0.16175664174656668 -0.045031138118309284 -0.068356580350524387 -0.020945335960713428 -0.043232489750669484 -0.057213544498640814 0.067247381067310333 -0.00034772272659855657 0.068359286010958017 0.013738869390465617 0.0069471601222187394 -0.058618794722607392 0.067852315032340543 0.023425817831070242 0.0089477031983733937 -0.056300591206926071 0.10944227576207131 0.35042903827487332 -0.026406788780669883 -0.0055878337879131691 0.011673714784965018 -0.093881889676643737 -0.020868704010914174 0.11760233692881633 -0.011754818029079742 0.17569548267064061 -0.085704530491107433
leaf_weight=4.4367755418643355 58.622711670584977 161.54322628676891 3976.2394346743822 4.5349070932716122 44.316967986524105 98.377940282225609 206.23907536827028 182.97127144597471 80.926087344065309 8.2552109900861961 286.05659503862262 42.878422216512263 67.086297547444701 100.86068771593273 98.542714101262391 4.6072460226714602 27.169324105605483 857.034767402336 6.0002428796142366 6.0328351948410255 5.3588747382164001 335.90801934525371 237.36886878684163 493.74106297455728 12.049696860834954 402.68053318932652 7.6804314218461505 15.974506828933956 10.350857287645338 46.114764199592173
leaf_count=272 1038 11058 25039 168 299 5924 8070 6063 3504 406 8329 1153 1503 1601 1759 117 674 11718 136 138 77 5358 3646 7573 230 6639 51 176 83 1180
internal_value=-0.00105238 -0.0285335 0.00328822 -0.0210996 0.00842428 -0.0637996 -0.015692 -0.0382748 -0.00891 -0.0456926 -0.00278055 0.0086086 -0.00410471 -0.00318949 -0.0254547 -0.00143821 -0.0385559 -0.000261645 0.0369566 0.126515 0.222807 -0.00158672 -0.00685121 -0.0012262 0.00752199 -0.0106753 0.00445023 0.00115453 0.0619487 -0.0717565
internal_weight=7889.96 1076.22 6813.74 914.676 4020.56 102.815 811.862 187.506 624.355 89.1813 535.174 328.935 2793.18 2734.56 199.403 2535.16 77.8913 2457.27 84.4783 17.392 11.3917 2372.79 1503.7 1167.8 869.084 674.055 271.375 263.694 26.3254 50.722
internal_count=113982 44947 69035 33889 25338 6196 27693 6231 21462 3910 17552 9482 43697 42659 3360 39299 1971 37328 1854 351 215 35474 23526 18168 11948 10595 3956 3905 259 1297
cat_boundaries=0 1 10
cat_threshold=4 2147483648 1114112 1073741824 0 1 8192 0 0 64
is_linear=0
shrinkage=0.1


Tree=24
num_leaves=31
num_cat=11
split_feature=10 3 3 21 3 11 3 17 3 14 3 9 20 14 3 6 6 19 11 3 3 14 3 3 21 19 14 6 11 9
split_gain=101.903 36.6118 29.7796 21.8503 23.0071 27.7511 32.2882 16.5394 38.6515 24.4603 19.9322 16.2425 18.2625 15.9206 15.5797 13.9288 12.9355 13.8936 12.2659 61.4555 37.1972 21.5227 23.6202 16.9217 14.0881 14.0515 11.1016 10.8565 10.6791 10.6352
threshold=0.069160431623458876 0 1 3880.5000000000005 2 19.500000000000004 3 7.5000000000000009 4 1.0000000180025095e-35 5 40.250000000000007 0.12742771208286288 8.5000000000000018 6 10.500000000000002 2.5000000000000004 0.060400804504752166 1.0000000180025095e-35 7 8 5.5000000000000009 9 10 3318.5000000000005 0.11273822560906412 4.5000000000000009 6.5000000000000009 -1.0000000180025095e-35 34.049999237060554
decision_type=2 9 9 2 9 2 9 2 9 2 9 8 2 2 9 2 2 2 2 9 9 2 9 9 2 2 2 2 2 10
left_child=1 -1 26 -3 13 6 15 14 11 10 -10 12 -9 29 16 28 17 -4 20 25 24 22 -21 -22 -16 -20 -2 -26 -6 -5
right_child=2 3 7 4 5 -7 -8 8 9 -11 -12 -13 -14 -15 18 -17 -18 -19 19 21 23 -23 -24 -25 27 -27 -28 -29 -30 -31
leaf_value=0.0049869616434338494 0.025867050088730401 -0.065490456770702643 -0.016598927555734257 -0.0067017539350840843 -0.034029566670120769 -0.081319323139001976 -0.052188117410085125 0.18184370085580087 -0.038115722844985704 -0.043691188914788431 0.017506842373666422 0.021937312649153891 0.012170385703130355 -0.066129703002524853 -0.087135219569277667 -0.05402212120802119 -0.024860513901861531 0.12621402909142251 0.067743519062877552 -0.02815992675073517 0.027117574996334583 -0.036856421651545596 0.018383416502727047 0.003553004558625325 -0.041406966896841743 0.030961022418132728 -0.0055709962066082946 0.00034909610228311185 0.015303798277684669 0.040674999200923205
leaf_weight=373.07697554305196 840.56787999719381 160.63109995424747 15.266209766268732 290.17740936856717 56.175387788563967 118.07922624330968 274.38345658220351 15.460289601236584 87.836112406104803 286.07787702418864 178.7821358256042 83.016293939203024 10.757514521479605 39.291356281377375 39.459746096283197 48.320096866227686 264.05156393349171 12.301085129380224 159.04576180875301 142.53268928453326 337.23052245751023 157.17596070840955 375.55555223301053 2580.8558723852038 140.33591917157173 299.3110205642879 129.64884128421545 111.9264580719173 200.44920375943184 56.628847905434668
leaf_count=9901 5376 7447 160 8684 1801 8343 10642 174 939 3187 1395 920 96 2556 238 1479 2345 85 1435 1407 2708 2240 3718 24107 1349 1668 873 1168 5963 1721
internal_value=-0.000342344 -0.0227224 0.0054327 -0.0308239 -0.025969 -0.0366096 -0.0281288 0.0024547 -0.0123272 -0.0229666 -0.00159072 0.0399503 0.112224 -0.00565428 0.004571 -0.00461778 -0.0174568 0.0471271 0.00607615 0.0150322 0.00293202 -0.00437849 0.00539005 0.00635957 -0.0305253 0.0427907 0.021445 -0.0228802 0.00450467 0.00103424
internal_weight=7884.41 1617.21 6267.2 1244.14 1083.5 697.407 579.328 5296.98 661.93 552.696 266.618 109.234 26.2178 386.098 4635.05 304.945 291.619 27.5673 4343.43 1133.62 3209.81 675.264 518.088 2918.09 291.722 458.357 970.217 252.262 256.625 346.806
internal_count=114125 58537 55588 48636 41189 28228 19885 49339 6711 5521 2334 1190 270 12961 42628 9243 2590 245 40038 10468 29570 7365 5125 26815 2755 3103 6249 2517 7764 10405
cat_boundaries=0 20 38 59 79 98 114 133 154 175 191 203
cat_threshold=301990400 0 2172649472 16777728 2097152 665664 8 138444848 134217728 1024 514 0 0 0 8388612 0 0 0 65540 68163584 0 545259520 1073745920 0 0 262144 128 256 0 67108864 2282754080 20745 0 524289 0 2420244488 8388674 8272 146800640 2147483648 270795268 134217729 0 536875008 2147485700 10493952 131328 40 65536 0 0 0 0 0 0 0 67371008 65539 16 1074266112 134217728 1024 0 0 0 1073872896 537919489 285233185 0 0 2 0 0 0 2048 0 536870912 167772160 1091306496 16777216 0 2 0 0 1073741824 0 0 536870912 268435456 2122000 4 0 98304 50331648 18 0 0 1 536936448 8192 1048592 16 0 0 134217728 0 0 1627389952 655424 0 0 1024 0 65600 16777216 8 2 16 9994240 0 0 0 0 268437504 1075864592 128 0 17039360 16777216 25174272 0 1049096 1 65536 2097156 0 2 128 0 134217728 128 608174080 1073741824 4456840 4 1073741824 1077936136 0 33555040 0 16777216 0 0 1024 65536 2097152 0 2 128 256 0 0 0 0 4456576 4 0 1614807048 64 33555040 0 16777216 0 0 1024 536870912 98304 16 0 264 1073741824 0 0 1048576 2315255808 32832 512 0 2129920 0 65536 536870912 0 1114112 0 16392 0 0 0 0 2315255808 557120 512
is_linear=0
shrinkage=0.1


Tree=25
num_leaves=31
num_cat=12
split_feature=10 3 3 11 3 9 9 19 8 21 3 14 14 3 9 3 16 3 16 3 3 20 3 21 19 3 21 2 21 13
split_gain=87.8506 33.8505 26.8265 25.71 39.0884 25.5643 25.6991 19.6506 16.2808 13.889 12.5604 23.5387 12.267 46.8152 25.2682 14.4997 13.3924 24.8314 17.9122 73.1402 31.5101 15.2203 14.9225 12.5394 14.9831 12.4543 11.7144 12.1878 11.184 11.1504
threshold=0.066583674401044859 0 1 52.500000000000007 2 42.350000381469734 46.850000381469734 0.028421084396541122 27.500000000000004 3962.5000000000005 3 6.5000000000000009 3.5000000000000004 4 51.45000076293946 5 21.500000000000004 6 1.5000000000000002 7 8 0.068414777517318739 9 4110.5000000000009 0.15590037405490878 10 3880.5000000000005 11 4004.5000000000005 -1.0000000180025095e-35
decision_type=2 9 9 2 9 10 10 2 2 2 9 2 2 9 10 9 2 9 2 9 9 2 9 2 2 9 2 9 2 2
left_child=1 -1 28 4 5 8 7 -7 29 -10 11 -4 16 14 15 -14 18 -18 20 21 23 -20 -22 -12 -25 -21 27 -6 -2 -3
right_child=2 3 10 -5 26 6 -8 -9 9 -11 12 -13 13 -15 -16 -17 17 -19 19 25 22 -23 -24 24 -26 -27 -28 -29 -30 -31
leaf_value=0.0048841658779537091 0.027546375980320011 -0.028435467641981956 -0.03074640036961826 -0.078092423838321712 0.053506040449350867 0.054488776675648991 0.029225888492940905 0.35349515037521306 -0.061174891442842785 0.075779440695705969 0.020643837379240689 0.070580042915739091 0.095804578033231114 -0.033548037650358194 0.16100348691985972 0.0023636105125177465 0.050828486870126838 -0.042204595896610221 0.16685935277241998 -0.02895881666260023 -0.035582003204463239 0.05945739107940215 -0.0028947519333018356 0.011026557403593554 -0.044269447296707169 0.0063807049264223833 -0.035430180876169955 -0.074321049165305783 0.0086255349671311918 0.014526242145466337
leaf_weight=343.04432115145028 555.85989685356617 218.52131845522672 238.8425250351429 106.3741027219221 4.2847018698230386 3.7852229950949532 23.184291661716998 5.2414166582748294 9.3171599302440864 36.079501329921186 907.33819181472063 25.360888190567493 11.691076371818779 317.36745122075081 15.551784221082924 85.459816379472613 28.123893026262522 130.569250844419 14.041064463555811 139.51403861120343 139.35363405570388 218.88066789880395 2256.5550828315318 166.71543402969837 69.400708422064781 293.7059578076005 573.02911092806607 104.65198851469904 713.27570784837008 83.4954942939803
leaf_count=9035 3106 6720 2049 7868 265 115 644 139 282 1020 7173 164 86 4115 99 809 239 1323 170 1448 1154 1879 23407 1905 648 2756 23116 5503 4205 2598
internal_value=-0.00132862 -0.0229926 0.00384466 -0.0309571 -0.0265257 -0.000256973 0.0849603 0.22811 -0.00816541 0.0476711 0.000564901 -0.0202535 0.00175193 -0.0143579 0.0391811 0.0237129 0.00334349 -0.0251737 0.00441958 0.0194629 0.00158828 0.0632177 -0.00493594 0.0151691 -0.00522638 -0.00539662 -0.0405501 -0.0712041 0.0167803 -0.0165583
internal_weight=7838.62 1511.01 6327.61 1167.96 1061.59 379.624 32.2109 9.02664 347.413 45.3967 5058.47 264.203 4794.27 430.07 112.703 97.1509 4364.2 158.693 4205.5 666.142 3539.36 232.922 2395.91 1143.45 236.116 433.22 681.966 108.937 1269.14 302.017
internal_count=114040 57305 56735 48270 40402 11518 898 254 10620 1302 49424 2213 47211 5109 994 895 42102 1562 40540 6253 34287 2049 24561 9726 2553 4204 28884 5768 7311 9318
cat_boundaries=0 19 37 58 76 94 112 131 152 170 191 209 218
cat_threshold=71827456 786432 0 117440513 2168455168 664582 262152 2134064 2097152 1024 65536 2048 0 2048 0 0 0 0 262148 536870912 538968072 69632 0 0 0 128 384 0 16777216 4616 16393 0 16842881 33554432 2151809562 1090 16384 1073741824 2147483648 262148 0 1073808388 6152 0 0 256 0 2 2 0 0 8388608 0 0 536870912 1149304832 1077415168 16 0 32772 2168455168 16 8704 536870912 0 0 1048576 0 1073750272 256 0 8388608 16777216 50331744 4211200 1057280 0 73728 16400 0 0 0 0 0 541065216 67108864 1 0 0 8 0 0 0 16777216 0 65536 0 0 0 0 0 0 0 0 0 0 0 8 0 0 0 16777216 16777216 0 18432 0 0 0 134217728 0 0 0 1048580 4 0 8 0 65536 0 16777216 1 65536 8388608 2050 0 0 256 134217728 0 541065216 67110912 2155610272 4100 1073741824 4489216 0 0 0 0 1 0 1024 17825792 65537 1074790416 0 269484040 262400 12288 65 0 1509949440 574565 0 0 1024 0 0 8390656 64 0 0 16386 0 128 0 0 0 0 67108864 2152726528 0 1073741824 5013512 536870912 0 0 16777232 1 0 1024 1048576 73728 1064976 0 0 0 0 0 0 138412032 32832 128 0 1024 0 65536 0 16777216 0 1114112 1073741824 256 1 8192 0 0 64
is_linear=0
shrinkage=0.1


Tree=26
num_leaves=31
num_cat=9
split_feature=3 10 11 3 3 21 9 7 3 9 8 19 17 3 3 11 19 3 20 19 20 21 8 11 3 8 11 19 3 20
split_gain=71.1587 36.5383 20.0981 75.7567 25.1028 20.3737 17.2494 16.2416 15.1666 14.4112 13.0641 16.5854 12.7841 19.645 16.7654 13.8258 11.9681 11.8977 17.3982 11.8697 11.7038 11.4089 11.1008 10.5577 10.6376 9.79702 11.7314 9.60111 9.27104 12.6337
threshold=0 0.086261086165905013 15.500000000000002 1 2 3880.5000000000005 34.049999237060554 4.5000000000000009 3 41.250000000000007 15.500000000000002 0.024519934318959716 15.500000000000002 4 5 6.5000000000000009 0.11273822560906412 6 0.10092714056372644 0.098849784582853331 0.0077201472595334062 4177.5000000000009 21.500000000000004 -1.0000000180025095e-35 7 9.5000000000000018 -1.0000000180025095e-35 0.11984771117568017 8 0.072555050253868117
decision_type=9 2 2 9 9 2 10 2 9 8 2 2 2 9 9 2 2 9 2 2 2 2 2 2 9 2 2 2 9 2
left_child=-1 2 4 6 9 8 10 12 -6 -2 -4 -12 14 15 -7 -14 -5 18 -3 -16 -19 -20 23 -9 -25 26 27 -21 -22 -30
right_child=1 17 3 16 5 7 -8 22 -10 -11 11 -13 13 -15 19 -17 -18 20 21 25 28 -23 -24 24 -26 -27 -28 -29 29 -31
leaf_value=-0.070507615937515131 -0.023052669183504633 0.096484976797337738 0.067962647630148004 -0.058671233613214517 0.0024395517282967943 0.012102255072558424 0.1206793668496752 0.048314011979329122 -0.06676924053881321 0.017552562765327816 0.20512362502840931 -0.044827082711194663 0.007406488016927457 -0.052424689481968802 -0.019374738319143811 0.17719583004515865 0.038338658356588638 0.092648887963494686 0.017667102824735933 0.019763641547608794 -0.018884716390212639 -0.019549117719289195 0.060899357429551305 -0.037336250946849628 0.028524030349241863 -0.010075325003895609 0.00063145977895132099 0.11246019184448192 0.023996795579924637 0.0025517117951794001
leaf_weight=133.19130846112967 102.32328320667148 26.317649260163307 34.313387466594577 284.88995809853077 53.425325441174209 328.1904719369486 26.721925822086632 39.294797258451581 94.711618319153786 599.5099623631686 2.9292048066854504 28.329950069077313 33.016983604058623 133.23431652504951 858.58650817722082 5.6108991522341958 13.311453480273483 14.714465551078318 846.22471884265542 21.982491575181484 170.0037292689085 91.254656717181206 50.468240288086236 54.583086599595845 31.547351150773466 190.74944770149887 66.47021122649312 22.724338792264462 301.18043060600758 3125.761098716408
leaf_count=8575 1862 137 1062 13907 1288 9565 497 688 2501 10525 190 1096 583 4055 18750 107 213 88 4120 232 1534 501 974 871 859 2386 873 195 2669 22926
internal_value=-0.000663903 0.000643039 -0.00778238 -0.0289806 -0.00470104 -0.0104247 0.0477808 -0.00759959 -0.0461518 0.0114691 0.0253601 -0.0214049 -0.0106603 -0.0364842 -0.00767908 0.0254744 -0.0525776 0.00631041 0.0161283 -0.0132632 0.00363573 0.0140445 0.0212957 0.00536014 -0.0142365 0.00367688 0.0272719 0.066881 0.0032817 0.00442353
internal_weight=7785.57 7652.38 3076.93 390.496 2686.43 1984.6 92.2945 1836.46 148.137 701.833 65.5725 31.2592 1660.57 171.862 1488.7 38.6279 298.201 4575.46 963.797 1160.51 3611.66 937.479 175.893 125.425 86.1304 301.926 111.177 44.7068 3596.95 3426.94
internal_count=113829 105254 73279 16965 56314 43927 2845 40138 3789 12387 2348 1286 36746 4745 32001 690 14120 31975 4758 22436 27217 4621 3392 2418 1730 3686 1300 427 27129 25595
cat_boundaries=0 21 40 61 80 100 120 141 157 175
cat_threshold=0 268435456 1 2129920 0 0 0 786432 1037 0 268435456 13631488 0 0 2048 1024 0 268435456 3221366368 9454088 12 168296448 262144 2359296 0 2150113440 524293 2060 671088640 536870944 67108896 134283264 4096 0 262144 67108864 0 67108864 0 5 67108864 262144 17827840 16777216 17875456 6272 262144 304 10485760 134217736 131586 0 0 0 0 256 0 0 33619968 2166784 16 16 524288 0 67117056 1078796288 4195402 0 2147483648 0 524288 142606336 524288 0 198656 134742540 0 67108864 524288 4227072 0 0 2147483648 0 0 1074266112 8 0 671088640 2080 0 4098 0 0 8388608 0 0 0 0 263168 1121976832 0 276824196 134217728 0 537395200 3221225472 2129985 184680448 0 536870912 6144 0 0 0 2048 0 0 68157440 1030 0 538968064 4096 0 8 262144 0 0 0 2164260864 36896 0 0 16778377 0 2416115720 66 80 0 0 1024 8388608 73728 262144 134217728 0 0 0 0 671088640 67108864 0 4096 0 0 0 2048 65536 32776 16384 16 0 0 0 0 0 8192 4194304 0 1073741824 1610645504 0 0 4211200 82432
is_linear=0
shrinkage=0.1


Tree=27
num_leaves=31
num_cat=11
split_feature=10 3 3 14 3 21 3 7 3 17 14 3 3 2 8 3 9 9 17 3 9 9 21 21 19 3 17 21 21 8
split_gain=64.0626 26.4696 22.2977 22.3155 35.3744 15.7225 14.6242 14.1272 16.7119 12.3455 35.1742 32.9925 15.8521 11.5062 13.5974 11.3472 9.67224 13.8924 19.9241 16.0167 9.26736 19.7789 14.0473 9.3951 8.91415 8.90203 17.8178 8.52622 12.5208 9.40578
threshold=0.040658559650182731 0 1 19.500000000000004 2 3897.5000000000005 3 5.5000000000000009 4 11.500000000000002 1.0000000180025095e-35 5 6 7 16.500000000000004 8 49.95000076293946 53.750000000000007 -1.0000000180025095e-35 9 34.549999237060554 40.750000000000007 4054.5000000000005 4144.5000000000009 0.23328750580549243 10 175.50000000000003 4171.5000000000009 4129.5000000000009 9.5000000000000018
decision_type=2 9 9 2 9 2 9 2 9 2 2 9 9 9 2 9 10 10 2 9 8 8 2 2 2 9 2 2 2 2
left_child=2 5 13 4 -4 24 -3 9 -9 15 11 -11 -12 14 -1 -8 -17 18 -18 -19 23 22 -22 -7 -2 26 -13 28 -23 -30
right_child=1 6 3 -5 -6 20 7 8 -10 10 12 25 -14 -15 -16 16 17 19 -20 -21 21 27 -24 -25 -26 -27 -28 -29 29 -31
leaf_value=0.41377258524273419 0.058877142556084928 -0.024124451939150374 -0.0004437035347309797 -0.079922867254216934 -0.045653264227001264 -0.0011537244584384871 -0.014948462521712414 0.040639641675117827 -0.005512684964226207 -0.030153384990375301 0.010667730283437447 0.1119548361981676 -0.046629772028582449 -0.071576938699118409 0.016326769695890815 0.0015843105170190632 9.7585242983394441e-05 0.047989434367888328 0.099411742458594118 -0.016163838796559672 0.027576615676417594 0.0092559846410642313 0.16003599672889879 -0.078916935124346069 0.013996311681932742 0.016615867632079218 -0.0023842078859045318 -0.025567101008822979 0.11072263552144929 0.024819264632686886
leaf_weight=1.7464255895465615 132.20763510279357 237.19676377810538 554.23799503501505 56.410246594808996 244.04817171022296 71.692615887150168 387.3084966596216 175.0407447386533 138.81234063580632 122.61398261785507 60.770797548815608 41.899111442267895 260.64386634528637 119.81051209382713 1.6974651888012884 4248.9581593498588 36.128409821540117 47.429328879341483 45.818554292432964 111.75014632940292 16.302832657471299 323.41042218916118 15.732194205746053 19.834906965494156 66.521725356578827 141.59702047146857 20.19964624196291 55.065448017790914 22.558054765686393 29.303311021998525
leaf_count=118 825 3218 19179 5008 12594 482 4567 1624 1424 1335 809 332 3321 7968 120 43591 332 480 374 1341 108 2091 110 141 285 1429 162 417 140 215
internal_value=-0.0015218 0.00190631 -0.0254594 -0.0189164 -0.0148424 0.0194655 -0.000300214 0.000707191 0.0213464 -0.000463935 -0.0134352 0.00969264 -0.0369152 -0.0640962 0.0558125 0.00125866 0.00268398 0.0221729 0.0556266 0.00495071 0.0110667 0.0168217 0.0926266 -0.0180058 0.0438539 0.0335129 0.0643929 0.0111787 0.0165705 0.0621845
internal_weight=7806.75 6828.8 977.951 854.696 798.286 752.629 6076.17 5838.97 313.853 5525.12 647.724 326.31 321.415 123.254 3.44389 4877.39 4490.08 241.126 81.947 159.179 553.9 462.372 32.035 91.5275 198.729 203.696 62.0988 430.337 375.272 51.8614
internal_count=114140 69153 44987 36781 31773 4814 64339 61121 3048 58073 7388 3258 4130 8206 238 50685 46118 2527 706 1821 3704 3081 218 623 1110 1923 494 2863 2446 355
cat_boundaries=0 21 42 62 81 92 110 129 138 156 174 186
cat_threshold=0 536870912 2147487744 0 0 262208 0 0 0 67108872 2147549312 8 1073741824 550010881 2048 2445410306 8388674 80 0 0 1024 2097152 268451840 1 0 0 0 0 604504064 1065 0 268435456 282066944 0 0 0 0 0 268435456 2521448544 1073750017 12 1350565888 0 262144 136314881 0 0 2048 51380224 18878720 1024 0 2 0 0 0 3072 0 0 1074036864 69474352 16777216 524288 16777218 33554450 33554432 1077936133 266244 4096 1048576 134217728 16777216 0 0 1073872904 67108872 33554496 0 536936456 1 536936448 8192 1074790416 0 0 256 0 16 536870912 3774873600 667661 672727040 73728 1048592 0 0 0 128 16 0 1128267808 2007044 0 0 1024 0 65536 0 16777216 671154176 8388608 1048576 0 0 0 0 32 0 1090519072 41217 4 0 0 33554432 0 0 0 65536 2147483648 68157440 1073741824 0 1 12288 0 0 64 16384 8388616 1343225856 0 2156404744 132096 0 134225952 0 536870912 2113568 256 0 65664 293601280 8720 17408 512 134217728 73728 0 0 0 0 0 16 0 2185232384 655689 4 0 0 0 0 0 16777216 0 8388608 1073741824 0 0 0 0 0 541065216 2147483648 2097168 4
is_linear=0
shrinkage=0.1


Tree=28
num_leaves=31
num_cat=13
split_feature=3 3 14 3 3 3 16 3 3 21 21 11 20 16 17 7 3 3 16 3 3 3 17 20 17 14 21 3 9 8
split_gain=47.1458 28.9764 20.9097 89.1003 32.8949 31.8694 26.8231 48.8058 24.8989 23.2269 23.4055 18.712 24.375 22.1381 16.7735 16.7043 21.8184 19.0849 15.2156 77.931 30.9558 23.6914 19.4223 26.7332 15.9834 25.3643 16.1983 19.9218 16.0298 15.451
threshold=0 1 5.5000000000000009 2 3 4 32.500000000000007 5 6 3948.5000000000005 4049.5000000000005 -1.0000000180025095e-35 0.052169710397720344 1.5000000000000002 1.0000000180025095e-35 4.5000000000000009 7 8 1.5000000000000002 9 10 11 6.5000000000000009 0.037124421447515495 2.5000000000000004 1.0000000180025095e-35 4123.5000000000009 12 60.750000000000007 12.500000000000002
decision_type=9 9 2 9 9 9 2 9 9 2 2 2 2 2 2 2 9 9 2 9 9 9 2 2 2 2 2 9 10 2
left_child=-1 -2 5 4 -4 -3 8 -8 9 11 -11 -7 13 -13 -6 17 -17 -10 21 22 -21 -19 23 29 26 -26 27 -23 -28 -20
right_child=1 2 3 -5 14 6 7 -9 15 10 -12 12 -14 -15 -16 16 -18 18 19 20 -22 24 -24 -25 25 -27 28 -29 -30 -31
leaf_value=-0.059178895184919172 -0.058474837642881639 -0.035270283577723431 0.0019101543762422091 -0.052039369634895243 0.12029216850147473 0.0013783475046381039 0.049290345894398506 -0.058136204661499873 -0.028255459848015863 -0.014821480820406074 0.023267063221267474 0.10959880338885304 0.046114325889957883 0.39064059839007903 0.019601808299701984 0.03328105824614367 -0.0055843012903508387 -0.016613031043851648 0.073020532388815049 -0.038317598613473197 0.0091004359315351759 0.021675113784864017 0.029820818199650486 0.068406312345974538 0.0096988885677841193 -0.04975793445646013 -0.01092010126329295 0.00159357309231804 0.1122951676979564 0.26872900607642769
leaf_weight=127.05697111878544 73.815441234968603 210.01563335862011 197.8262807559222 321.92394637595862 50.522017174400389 91.609178094193339 49.984172102063894 154.20753979496658 218.90460197068751 266.89486789517105 407.91550602205098 12.15953562222421 237.37285632453859 3.6424355860799542 24.599925269372761 347.69512839522213 243.82469379995018 796.93929427675903 6.2303189095109728 197.38646353781223 403.2954085720703 791.50933660566807 118.08367655426264 125.97997327521443 144.72131399903446 142.29781363625079 632.22814529854804 1306.7838294552639 10.737765743397174 11.443378336727617
leaf_count=7316 3782 4403 1206 11426 393 761 438 4060 3305 2737 4682 351 1435 131 309 3540 3240 11639 223 2935 5496 8435 1529 1189 1736 2752 8512 15349 134 362
internal_value=-0.00105095 -1.3724e-06 0.000648908 -0.0173424 0.0245861 0.00219381 0.00341172 -0.0322724 0.00453491 0.0188068 0.00820263 0.0401066 0.0541201 0.17438 0.0770613 0.00185067 0.017729 -5.98012e-05 0.00131436 0.0133159 -0.00685362 -0.00138803 0.0576634 0.084564 0.00266473 -0.0197785 0.00502433 0.00927954 -0.00886236 0.199738
internal_weight=7727.61 7600.55 7526.74 594.872 272.948 6931.86 6721.85 204.192 6517.66 1019.59 674.81 344.784 253.175 15.802 75.1219 5498.06 591.52 4906.54 4687.64 862.419 600.682 3825.22 261.737 143.654 3028.28 287.019 2741.26 2098.29 642.966 17.6737
internal_count=113806 106490 102708 13334 1908 89374 84971 4498 80473 10097 7419 2678 1917 482 702 70376 6780 63596 60291 11734 8431 48557 3303 1774 36918 4488 32430 23784 8646 585
cat_boundaries=0 21 42 60 72 92 113 132 150 171 192 212 233 253
cat_threshold=16 268435456 8388609 32768 2164260868 1073741824 0 565248 1032 0 272629760 282068992 0 0 0 0 0 268435456 2415935520 536879624 8 0 2148548608 33619968 0 0 0 294912 1342308352 25240128 8192 0 0 0 0 0 0 0 536870912 662336 131088 7 671154176 536879104 268451856 16 0 0 134217728 32 541065216 1157627936 776 4 0 8 16777216 33556576 0 16777216 536870912 536879104 16384 0 0 0 134217728 0 4194304 1157627904 768 4 65536 2048 96 65552 1074004032 536870912 1073741824 2147565568 33026 0 0 4096 0 8 0 33556576 0 1048576 16785424 2449473536 0 4 280576 0 0 524544 134217728 134217856 67108864 0 327709 261 0 541589504 16777216 65544 2 16842752 1 0 1024 17825792 545259520 269490176 2 0 8192 2176 4224 2097152 268435464 2147488784 16386 0 1152 0 4325890 64 512 262144 1619525632 270336 1074003984 0 0 256 0 272 536870912 3942645792 991245 0 0 16842752 0 0 0 16793600 131072 262144 2149580800 0 0 524548 4 42991616 67108996 2048 262144 128 1073741824 0 0 65544 4194304 16777216 1026 5771360 128 310394880 2097152 2 134217728 128 0 8 304 541065216 67108896 1573001 4 0 4489216 41943040 25165824 0 0 1 4 1024 134742016 106496 1073741840 2097152 8 1 0 6291456 0 2298478592 147970 0 0 0 0 0 0 8192 1183907968 329730 838860800 2097152 16384 0 128 1024 8 553910528 536870912 67108896 1122304 4 0 541065216 58720260 25165824 16384 8388608 32768 256 1024 1074266112 106496 1073741842 16777216 16648 2048 8192 2097152 134217728 2168455168 180512 0 0 0 0 0 1024 8256 42008576 2048
is_linear=0
shrinkage=0.1


Tree=29
num_leaves=31
num_cat=8
split_feature=10 3 14 3 3 3 3 20 7 16 3 18 21 3 14 3 19 7 11 21 20 11 21 16 11 9 16 20 14 6
split_gain=40.0898 29.5088 25.3797 27.682 16.8246 14.4541 13.3231 15.259 12.2631 11.9219 20.7148 10.7631 15.889 10.0224 9.70248 27.1798 46.4828 10.4645 10.2435 9.23459 9.00023 14.3515 11.6697 9.57482 9.2703 9.75681 8.88941 13.6482 16.2778 9.46424
threshold=0.049904266372323043 0 19.500000000000004 1 2 3 4 0.0064087298233062038 5.5000000000000009 1.5000000000000002 5 -1.0000000180025095e-35 3941.5000000000005 6 1.5000000000000002 7 0.019691142253577713 2.5000000000000004 1.5000000000000002 1.0000000180025095e-35 0.46552196145057684 -1.0000000180025095e-35 4074.5000000000005 1.5000000000000002 132.50000000000003 31.94999980926514 17.500000000000004 0.01661311183124781 1.0000000180025095e-35 8.5000000000000018
decision_type=2 9 2 9 9 9 9 2 2 2 9 2 2 9 2 9 2 2 2 2 2 2 2 2 2 10 2 2 2 2
left_child=1 -1 3 9 20 26 7 -6 19 14 -11 -9 -13 -10 18 16 -16 -18 -3 -8 -2 22 -22 -23 25 -25 27 28 29 -5
right_child=4 2 -4 5 6 -7 8 11 13 10 -12 12 -14 -15 15 -17 17 -19 -20 -21 21 23 -24 24 -26 -27 -28 -29 -30 -31
leaf_value=-0.064729639727507879 0.024358146916481388 0.0028941306630603323 -0.078597882208314027 -0.011241670371224583 0.092916382477423343 -0.042948234659291123 0.083387654351818413 -0.028740716707945174 -0.020150682345349849 -0.0302285217048891 0.055996294733154595 -0.044332877088475831 0.052112974609661938 0.029864366133313558 0.40213105058209825 -0.068987292739937353 -0.059382322148236744 0.12265264253211015 0.15119905212902751 0.0012732644138221533 -0.00067011395231415458 -0.035730107548618821 0.07216769908999808 0.037736663008730381 -0.040424519623888967 -0.021097335479518309 -0.071517126428592814 -0.010043037673538951 0.26148168109132702 0.14865700179367555
leaf_weight=104.50483315810561 540.10651909001172 440.61594382394105 53.244544987566769 13.09616749733687 12.26831805706024 241.37718982528895 13.734085543081163 300.42976462375373 43.06281628459692 34.30769581720233 88.144473008811474 28.061525763943791 43.655816812068224 245.17165873758495 3.7225617635995176 47.287899646908045 9.0375290336087328 4.8541454356163731 4.707088327035307 4880.1524642733857 41.319612696766853 86.279385536909103 47.034821376204491 84.299689009785652 34.475228190422058 42.346496224403381 19.704718205146492 186.61748107057065 3.7985414443537584 5.1601955201476803
leaf_count=8046 4739 13249 5190 545 69 11576 120 3535 420 1541 3514 270 549 2102 90 2149 299 152 143 47105 168 351 190 344 148 177 1401 5115 130 197
internal_value=0.000190094 -0.0161219 -0.0110705 -0.00790952 0.00338084 -0.0259852 0.00133535 -0.0163879 0.00267911 0.00582999 0.0339428 -0.0204317 0.0143757 0.022729 -0.00080272 -0.0369244 0.0563355 0.00422586 0.00446172 0.00150371 0.0161809 0.00350875 0.0381046 -0.00884648 0.00554952 0.0180644 -0.00700699 -0.00125115 0.0731413 0.033954
internal_weight=7702.58 1260.18 1155.68 1102.43 6442.4 469.754 5566.54 384.415 5182.12 632.677 122.452 372.147 71.7173 288.234 510.225 64.9021 17.6142 13.8917 445.323 4893.89 875.862 335.755 88.3544 247.401 161.121 126.646 228.377 208.672 22.0549 18.2564
internal_count=113624 53337 45291 40101 60287 18964 54170 4423 49747 21137 5055 4354 819 2522 16082 2690 541 451 13392 47225 6117 1378 358 1020 669 521 7388 5987 872 742
cat_boundaries=0 21 42 63 83 101 122 140 160
cat_threshold=0 268451840 1 0 0 0 131072 134744064 17416 0 268435456 282066944 0 0 0 0 0 268435456 2416102432 12984580 8 1522532352 1310720 268697600 134217728 16777220 2048 2056 44048384 2097152 1024 0 2 0 0 0 2048 0 0 109314112 67110912 16 1048576 536870913 8454146 0 384 786432 0 0 0 0 360832 8 1073741824 16842753 33554432 2147614744 1090 1048592 65536 0 1024 0 0 2097152 2097152 0 4194304 3221487616 2214858800 4404 0 0 0 1048576 131072 8388608 0 0 0 128 137942051 16777216 8421376 16384 16 8397312 1073873984 0 1 33554432 4194304 1074795040 2048 0 8945664 524296 50331648 4194304 524288 0 0 268697600 0 16777216 2048 0 2105344 0 0 0 0 0 0 0 2048 0 0 109051968 67108864 16 0 65536 0 0 0 0 134217728 256 0 134217728 131136 4096 0 1032 0 2 0 16777216 134217728 262144 0 0 0 2048 0 0 0 0 0 2 0 0 0 2048 0 0 0 67108864
is_linear=0
shrinkage=0.1


Tree=30
num_leaves=31
num_cat=13
split_feature=10 14 3 11 8 3 21 11 3 3 3 3 14 0 20 7 8 11 3 3 11 11 20 3 9 3 5 9 1 8
split_gain=41.3316 25.8516 33.7706 24.937 17.4366 16.8251 15.892 15.5728 35.8453 14.7526 17.0682 13.7797 16.4853 14.4247 13.6124 12.3268 11.3723 11.1252 15.5354 13.8785 12.2123 19.8286 10.8836 10.3804 10.2583 10.0033 9.97091 9.697 9.53907 9.93161
threshold=0.085913565009832396 7.5000000000000009 0 42.500000000000007 9.5000000000000018 1 3880.5000000000005 7.5000000000000009 2 3 4 5 1.0000000180025095e-35 6 0.072555050253868117 1.5000000000000002 25.500000000000004 -1.0000000180025095e-35 7 8 544.50000000000011 386.50000000000006 0.070622149854898467 9 60.750000000000007 10 11 28.349999427795414 12 8.5000000000000018
decision_type=2 2 9 2 2 9 2 2 9 9 9 9 2 9 2 2 2 2 9 9 2 2 2 9 10 9 9 8 9 2
left_child=1 2 3 24 -5 -4 11 23 -9 26 15 12 -7 -14 -12 -11 -6 18 22 20 21 -19 -17 -8 -1 -3 27 -2 -16 -30
right_child=9 25 5 4 16 6 7 8 -10 10 14 -13 13 -15 28 17 -18 19 -20 -21 -22 -23 -24 -25 -26 -27 -28 -29 29 -31
leaf_value=0.0056524609338156609 0.037861538519651905 0.028423538216259692 -0.049003725184839905 0.22771931150594726 0.011056467139608785 -0.019471230134274275 -0.025195894524087933 0.037221422596269538 -0.058531833539054862 -0.0085197576576493475 0.04261257753561818 -0.060664131260614422 0.26917578514161544 0.0069137155668636515 0.039846976262423589 0.11882573741506622 0.18205907875262911 -0.0052884340870451418 -0.022140074339175329 0.019781958918470084 -0.10287948782816209 0.12566609871232687 0.02883982708828486 -0.0014210466046534389 0.10925792830996245 -0.05574856912473744 -0.062459762879325136 -0.0071713055950881621 0.022732258916162474 0.0047128319783789124
leaf_weight=546.39056665077806 50.367811128497124 13.555723114870487 132.25304426532239 8.0690908003598469 15.383221952244641 51.015317879617214 212.23691635206342 47.086339919827878 144.25508002657443 855.741430234164 152.12987740337849 107.35527269355953 3.9992097215726954 4.4095033593475819 102.10012516751885 14.191417388617991 5.204923919402062 804.47889233008027 59.391504615545273 304.67127395421267 12.531500793993471 11.731062356382607 254.117805223912 1083.7235325863585 9.7269161902368051 146.64578298199922 21.242709528654814 944.02999163046479 411.38915772736073 1192.5109179541469
leaf_count=12834 416 343 7544 181 382 1284 5944 1660 6817 7324 1238 3958 122 93 493 96 143 7439 321 1704 111 57 2118 22922 208 9504 157 8506 2535 7489
internal_value=-0.000976531 -0.011453 -0.00882619 0.011948 0.103121 -0.0156064 -0.0126576 -0.00945181 -0.0360821 0.00413252 0.00675384 -0.0420053 0.00163698 0.131646 0.0138756 0.00100708 0.0542879 0.00659362 0.0228217 0.00190164 -0.00485188 -0.00340628 0.0323921 -0.00551999 0.0074646 -0.0503319 -0.00664398 -0.00484163 0.0113943 0.00927685
internal_weight=7721.94 2531.31 2371.11 584.775 28.6572 1786.33 1654.08 1487.3 191.341 5190.63 4174.98 166.779 59.424 8.40871 1858.13 2316.85 20.5881 1461.11 327.701 1133.41 828.741 816.21 268.309 1295.96 556.117 160.202 1015.64 994.398 1706 1603.9
internal_count=113943 73939 64092 13748 706 50344 42800 37343 8477 40004 30925 5457 1499 215 11755 19170 525 11846 2535 9311 7607 7496 2214 28866 13042 9847 9079 8922 10517 10024
cat_boundaries=0 19 40 60 78 96 115 116 130 148 169 189 190 191
cat_threshold=176291840 0 2147485696 33554432 16416 1073748032 2056 134218032 27262976 67110912 134283266 2048 0 262144 0 0 67108864 0 1 268959744 268435456 1 0 0 0 262144 1077444608 1131528 1024 268435456 282066944 0 0 0 2048 0 0 2148286496 512 14 1077936128 1310720 2359296 134217729 4 524288 4 545259520 33554480 40 1048576 4096 0 0 0 256 0 0 134218240 16389 65536 4 1073823744 16 8 0 0 0 0 20979712 2900224 16524 0 2098177 2048 50339872 8389120 1057280 0 8421377 16 0 0 0 128 0 541065216 2147483648 2147484744 0 0 545292416 50331648 64 4213760 8454216 48 524288 0 512 4792512 4194445 0 0 0 524288 8388608 524288 0 67584 67633676 4 0 524288 1082163204 2 0 0 16 0 0 0 128 0 541065216 2147483648 64 0 0 128 0 32768 16 0 0 0 128 0 541065216 0 2147483712 0 0 128 0 0 0 65544 4194304 278528 39845984 134217728 0 0 2147516416 813907968 8736 40 17825792 4098 0 0 0 128 0 0 134218240 1 1 134217728 8192 268435456 0 0 0 0 0 0 32 512 4096 0 0 0 2048 0 0 0 67108864 4 14680064
is_linear=0
shrinkage=0.1


Tree=31
num_leaves=31
num_cat=15
split_feature=3 3 14 3 3 16 3 21 20 3 20 17 3 14 17 3 3 3 17 3 16 3 3 7 16 14 19 7 3 3
split_gain=36.8195 29.4843 22.8318 60.8041 29.1485 23.9711 39.4974 16.9819 15.6476 13.5667 14.9665 13.2475 30.6367 17.5286 60.5274 59.6215 33.773 25.2709 20.4125 37.3015 25.7267 29.5367 21.616 18.947 15.3386 13.9376 17.6982 19.1293 18.2067 16.9233
threshold=0 1 8.5000000000000018 2 3 38.500000000000007 4 3996.5000000000005 0.076225738972425475 5 0.0064087298233062038 39.500000000000007 6 1.0000000180025095e-35 1.0000000180025095e-35 7 8 9 1.0000000180025095e-35 10 8.5000000000000018 11 12 2.5000000000000004 1.5000000000000002 3.5000000000000004 0.090902764350175871 3.5000000000000004 13 14
decision_type=9 9 2 9 9 2 9 2 2 9 2 2 9 2 2 9 9 9 2 9 2 9 9 2 2 2 2 2 9 9
left_child=-1 -2 4 7 -3 9 8 -4 -7 10 -6 13 -13 17 15 -15 -16 -11 20 -20 22 23 -19 -22 -18 26 -17 28 -28 -27
right_child=1 2 3 -5 5 6 -8 -9 -10 11 -12 12 -14 14 16 25 24 18 19 -21 21 -23 -24 -25 -26 29 27 -29 -30 -31
leaf_value=-0.055457550168203612 0.018499399265965277 -0.048323601261950302 0.083051376817197056 -0.052596104319554395 0.094605794926902576 0.22836810665891832 -0.056751589409888129 0.0023751522237820985 0.041628597382386112 -0.032337616150701319 -0.047948875339783772 0.022732467509063686 -0.03089425838409476 -0.020320742781437064 -0.046738661169677009 0.10238901883555787 -0.023092500069107701 0.021992283911574512 -0.017507347971497153 0.062134628782094387 -0.015916991591114215 -0.065093756666939437 -0.00030879485784711191 0.13443612082970172 0.036264110432377837 -0.031438650201787648 -0.016756841195207397 0.11074501375615659 0.062380793132433415 0.055409536438205176
leaf_weight=111.5879603526555 764.6873159809038 116.19535331707448 47.905040912330151 248.70794792566448 7.9950879774987689 7.5410978682339218 132.7836644127965 57.299120062962174 11.080378698185084 208.88516452349722 93.412433768622577 148.97374719381332 325.70195757038891 120.66449811309576 160.2763249296695 118.48959644697607 67.812944747507572 481.85550360474735 96.03528244420886 137.26593413949013 20.233643734827638 102.46188952028751 3741.4479645593092 14.308258309960364 121.60880720708519 29.693968719802797 51.223262507468462 38.152806337922812 53.539261439815164 49.88357643596828
leaf_count=7549 5489 3648 294 9730 50 156 4014 584 101 5053 2624 1705 5567 1258 2612 2300 1119 4880 953 1630 214 2521 45668 145 1641 622 404 279 419 669
internal_value=-0.000865192 1.20778e-05 -0.00208748 -0.0268212 -0.000735153 0.000212703 -0.039099 0.0357164 0.0762856 0.00117461 -0.0334146 0.00180263 -0.0142358 0.00316197 0.0167568 0.0405288 -0.0146253 0.00086522 0.00244014 0.0312639 0.000903496 -0.0417439 0.00228698 0.0359546 0.0142616 0.0608725 0.0738126 0.0501203 0.0280417 0.0260148
internal_weight=7687.71 7576.12 6811.43 353.912 6457.52 6341.33 151.405 105.204 18.6215 6189.92 101.408 6088.51 474.676 5613.84 811.345 461.647 349.698 4802.49 4593.61 233.301 4360.31 137.004 4223.3 34.5419 189.422 340.982 261.405 142.915 104.763 79.5775
internal_count=113898 106349 100860 10608 90252 86604 4271 878 257 82333 2674 79659 7272 72387 11323 5951 5372 61064 56011 2583 53428 2880 50548 359 2760 4693 3402 1102 823 1291
cat_boundaries=0 20 39 55 76 95 115 134 152 164 185 199 220 240 252 268
cat_threshold=0 268451840 1 2097153 4 0 8 2148108288 1032 0 268435456 282066944 0 0 0 16777216 0 268435456 2416050208 1342473728 5308416 536870917 268439552 0 0 1074003968 0 0 0 268435456 134217728 256 1073741824 29884416 0 2151884848 8389698 16777216 1 536870912 8192 16 16 0 0 0 256 541065216 16777216 264 4100 0 8 16777216 33554496 0 131072 32 32786 0 0 32768 1343373312 74304 2048 0 0 0 8 4 33554496 0 0 542992 67239968 5 0 0 280576 0 0 1 134217732 142606336 100663296 2214592512 2147483652 129 0 0 0 8 0 0 512 0 2048 33570880 67174400 256 35 0 142606336 34818 67108864 16777216 0 0 0 2560 1024 0 8192 4736 16408 134217728 0 1074006016 0 0 524544 128 32 687865856 134217760 2154062139 2 0 32768 25165824 2 0 0 65536 536887296 0 1075054608 0 0 2048 128 0 0 167780352 3241546 128 0 1024 16777216 0 0 65536 1074266112 73728 2064 134217728 0 2304 134219776 272 687865856 3359637504 2752712 2 134217728 2359296 0 0 524480 1024 0 262176 8388608 32 2151677952 2050 0 0 25165824 512 16896 528 16883712 524288 80 1627389952 73728 1310736 0 0 0 134217728 16 0 1648361472 704856 4096 0 1152 0 65536 5507072 0 0 0 134217728 0 542113808 570425344 1376396 4 0 0 0 0 0 0 0 2048 1024 536870912 0 2152988672 0 1048576 8192 14464 2101248 134217728 2147483656 1073804304 128 0 2098304 0 0 0 16384 8389632 1048578 0 0 0 0 0 0 0 0 4194304 3242196992 131332 4 1073741824 0 0 134217728 0 0 2048 272 2097152 2688548864 2148401408 4 0 0 0 2
is_linear=0
shrinkage=0.1


Tree=32
num_leaves=31
num_cat=9
split_feature=3 3 3 14 3 16 3 16 10 20 21 9 3 20 3 21 3 8 21 21 11 11 10 8 20 11 7 20 11 2
split_gain=37.1569 21.1723 18.8123 13.7465 66.4883 25.9967 19.555 17.6266 12.9271 12.1669 10.9713 10.875 10.3894 12.1845 16.0732 13.4414 13.202 12.9767 10.0724 9.3108 9.23781 9.16459 10.6957 11.8715 9.097 8.64821 9.35067 8.53449 8.45616 8.3841
threshold=0 1 2 6.5000000000000009 3 62.500000000000007 4 145.50000000000003 0.16611537337303164 0.46552196145057684 4137.5000000000009 72.649997711181655 5 0.01766401901841164 6 4157.5000000000009 7 3.5000000000000004 4207.5000000000009 3941.5000000000005 220.50000000000003 3.5000000000000004 0.021708110347390178 23.500000000000004 0.0064087298233062038 -1.0000000180025095e-35 1.5000000000000002 0.093365281820297255 11.500000000000002 8
decision_type=9 9 9 2 9 2 9 2 2 2 2 10 9 2 9 2 9 2 2 2 2 2 2 2 2 2 2 2 2 9
left_child=29 -2 9 6 8 11 10 12 20 -3 -4 -6 -8 15 27 16 24 19 -17 -18 -5 22 -19 -24 -14 -11 -27 -15 -28 -1
right_child=1 2 3 4 5 -7 7 -9 -10 25 -12 -13 13 14 -16 18 17 21 -20 -21 -22 -23 23 -25 -26 26 28 -29 -30 -31
leaf_value=0.045927206353141438 -0.042982818416705482 0.026626211266764767 -0.041428335459992818 0.061308857191560644 -0.057662070186160722 0.020306147467790612 -0.028479288420711908 -0.096113722156834683 0.13927566066480213 0.029256908075430882 0.015559506047770158 0.13438237373151488 0.044846503386097511 -0.049990540390271954 0.0030328570366700072 0.19186062862091857 0.046135835950976874 0.02956992775288439 0.0080321565538633271 0.28915917614433007 -0.036165285928208911 -0.033524494079212146 0.07943879254828845 0.29515891157355684 -0.055052181584868201 0.014708514899202925 -0.043605984665959316 0.011413259857304158 0.0016034824127773774 -0.066436866445542905
leaf_weight=3.6673351395875216 97.794549291487783 465.69793582707644 165.69159149890766 52.520991354249418 241.32885430054739 55.851880682632327 97.639076746068895 18.241579527966678 17.92307610809803 92.200857818126678 42.434509227983654 2.9851323626935473 13.09042419772595 92.108602349180728 5693.4082022481598 8.7685297653079015 2.6826990926638237 30.221646853722632 4.515550826676189 3.8231904441490769 11.93157221842557 13.086708686780183 9.3064083345234376 3.514463283121585 30.019220777787268 125.41611084342003 84.574189469218254 30.01025125849992 80.994172021746635 93.403624868951738
leaf_count=279 3760 4597 3106 498 9922 915 3818 423 79 375 820 28 238 3340 68926 425 106 1195 249 161 219 774 337 126 1342 518 344 235 339 6428
internal_value=0.000200343 0.00102421 0.00165534 -0.000145671 -0.0185483 -0.0399149 0.000978918 0.00203462 0.0572093 0.0155829 -0.0284426 -0.0553156 0.0023348 0.0028849 0.00224151 0.0345619 0.0226513 0.0476467 0.129373 0.188949 0.0432643 0.0397572 0.0620379 0.138572 -0.0200635 0.00256828 -0.00588823 -0.0322592 -0.02149 -0.0582988
internal_weight=7684.85 7587.78 7489.99 6641.1 382.542 300.166 6258.56 6050.44 82.3756 848.883 208.126 244.314 6032.19 5934.56 5815.53 119.029 105.745 62.6351 13.2841 6.50589 64.4526 56.1292 43.0425 12.8209 43.1096 383.185 290.984 122.119 165.568 97.071
internal_count=113922 107215 103455 97282 11661 10865 85621 81695 796 6173 3926 9950 81272 77454 72501 4953 4279 2699 674 267 717 2432 1658 463 1580 1576 1201 3575 683 6707
cat_boundaries=0 21 42 60 78 99 119 140 161 170
cat_threshold=16 0 1 0 0 0 131072 569344 1032 0 268435456 282066944 0 0 33554432 768 16384 268435456 2148016672 33620737 4 0 16384 32 32768 1073741824 0 1073774592 1342652416 74244 0 0 0 1073741824 128 0 67108896 67108864 16384 149520 8790016 3 167772160 539000833 1052672 33554434 0 1074528256 134217728 134217728 67108864 335546368 32 512 0 537395200 285212672 2160197632 66 8192 536936448 8192 16 16 0 0 0 0 536870912 33554464 8 4 0 8 0 33556544 0 16777216 536871424 2147483648 109051968 65552 0 0 0 33554432 34882 0 25165824 0 0 65544 8 33554496 4194304 16777216 16847104 272629768 128 5242912 3072 0 4 134225920 53 16896 8388610 160 1 0 0 0 8388608 0 3200 0 0 2 2770337860 8388608 268435456 16384 268435456 132 0 262144 2048 16797712 0 128 2048 0 0 8390656 16777216 16 0 348127232 134234162 64 268959744 131072 4210688 0 0 0 2147745792 2147483648 0 0 0 0 0 0 0 0 0 0 1210319872 528384 24 2147483648 68157440 1073741824 0 1 8192 0 0 65
is_linear=0
shrinkage=0.1


Tree=33
num_leaves=31
num_cat=14
split_feature=3 3 14 3 3 3 17 14 3 3 3 14 3 17 17 3 3 20 3 11 3 3 9 11 8 14 7 17 11 13
split_gain=32.93 23.8103 17.3903 23.1191 18.0023 15.1765 12.1268 25.1359 27.9605 12.9322 11.9286 11.6814 48.4931 46.2383 27.7764 30.0921 27.9838 20.0992 18.9518 16.4166 34.107 17.1335 14.1324 16.6599 15.6618 18.0417 16.1774 13.6873 22.1772 13.1151
threshold=0 1 40.500000000000007 2 3 4 39.500000000000007 1.0000000180025095e-35 5 6 7 1.0000000180025095e-35 8 1.5000000000000002 1.0000000180025095e-35 9 10 0.070622149854898467 11 8.5000000000000018 12 13 36.350000381469734 36.500000000000007 10.500000000000002 5.5000000000000009 1.5000000000000002 1.5000000000000002 17.500000000000004 0.08129600435495378
decision_type=9 9 2 9 9 9 2 2 9 9 9 2 9 2 2 9 9 2 9 2 9 9 10 2 2 2 2 2 2 2
left_child=-1 -2 4 -4 -3 -6 9 8 -8 -7 -9 14 13 17 16 -16 -11 22 -14 21 -21 -18 23 24 -13 26 -26 28 -20 -30
right_child=1 2 3 -5 5 6 7 10 -10 11 -12 12 18 -15 15 -17 19 -19 27 20 -22 -23 -24 -25 25 -27 -28 -29 29 -31
leaf_value=-0.049010861461641533 -0.064158720357760643 0.013680691062457274 0.012127495792648916 -0.071334068214408602 -0.032383763697537225 -0.023502491869958939 0.041505732468050727 0.011402118840697278 -0.023207911792789825 -0.027575887525832024 -0.051097223519350268 0.091421022222736403 -0.01848763914583984 -0.0082345614281214806 -0.014236155575356492 0.059178236367842023 0.020066770403107288 0.057530007132630373 0.055993364409428981 0.039242379703715247 -0.054824669334409194 7.1763294162421686e-05 0.011421795647217823 0.062083827012201234 0.16793142761027255 0.065956805043183839 0.36551152351971711 -0.011901842702365557 0.0093032874152410711 -0.092305338796323119
leaf_weight=124.12641817238182 45.715819309465587 1123.6122417352162 60.923340962734073 64.384207068476826 131.60192647390068 182.45386712858453 111.21690777223557 39.190904240123928 139.48432010784745 356.19500346668065 164.86892719939351 10.506375848315654 324.18592807510868 87.347206220496446 86.029303231276572 148.7130309776403 484.1845823014155 115.62655189633369 132.73665027786046 48.020718812476844 121.48355071246624 3237.8426193883643 8.3909601541236025 14.217792611103503 6.8765890821814599 4.694198604207485 10.428578600287436 140.20822410751134 132.25452697649598 14.052860882598905
leaf_count=7204 3419 11419 1063 3854 3945 4037 1181 595 1888 6342 3596 263 5064 1705 863 1718 7551 1223 1560 581 3000 36055 237 327 133 179 169 2246 2216 257
internal_value=0.000104908 0.000976316 0.00145813 -0.0354807 0.00208761 -1.74807e-05 0.000730056 -0.0149803 0.00623043 0.00199218 -0.0410391 0.002878 0.0126472 0.0490433 0.000701669 0.0341876 -0.00114886 0.0812178 -0.000638972 0.00133745 -0.0290947 0.00272695 0.130913 0.152372 0.191864 0.239833 0.286999 0.0132716 0.0263959 -0.000456246
internal_weight=7671.57 7547.45 7501.73 125.308 7376.42 6252.81 6121.21 454.761 250.701 5666.45 204.06 5484 1001.53 258.088 4482.47 234.742 4247.73 170.741 743.438 3891.53 169.504 3722.03 55.1145 46.7235 32.5057 21.9994 17.3052 419.252 279.044 146.307
internal_count=113890 106686 103267 4917 98350 86931 82986 7260 3069 75726 4191 71689 15579 4236 56110 2581 53529 2531 11343 47187 3581 43606 1308 1071 744 481 302 6279 4033 2473
cat_boundaries=0 21 42 53 73 94 109 129 141 162 180 201 219 240 260
cat_threshold=0 268439556 3 0 256 1 0 2148007936 16782336 0 0 13631488 0 0 276824064 0 512 269484032 2214634000 67109440 2 0 16384 0 16777216 0 0 8192 1073881088 73804 0 268435456 268435456 1048576 0 0 0 0 0 268978592 8527872 69 268435456 8192 1073758208 16 0 2048 134219776 16 541065216 0 262145 0 536870913 4456448 134217728 0 0 0 0 67108864 2151677952 1310720 10 0 554172544 2048 2453798930 4194370 16777232 65537 2048 0 2048 2181054560 16 0 536870912 1073774592 272646146 35344 0 536870912 128 0 0 0 40 16 0 16912448 262163 128 1098973184 65536 1073743872 0 0 256 134217856 48 6291456 32 2246200 4100 0 0 16777216 0 525320 0 65540 0 180256 0 16842784 128 402655232 16777216 0 0 4227072 16777216 8388608 0 8192 136314882 2436890880 671088640 0 0 0 0 2048 0 288 536870912 1761607680 524545 4096 989921280 2359296 8388608 0 128 0 2056 16 536870912 1677721632 524417 22532 0 8 0 68160 0 512 0 0 16 554696704 73728 2064 0 0 0 134219776 0 2097152 570425344 2148188276 4096 1073741824 1025 0 0 0 64 436273152 2359296 0 0 128 1024 8 8388608 2 32 48 4100 0 8 33554432 16845376 0 512 0 545792 16 1074282496 65536 1074794512 0 0 14592 128 0 134217728 33562624 2284013130 512 0 8455168 0 0 0 65536 1074790400 0 1050624 0 512 524288 134217860 144 542113792 570425344 2148139020 1 0 0 0 0 0 0 0 4 8 1082130432 65536 1073811456 0 269500416 10496 4096 4096 0 8 53826 16896 0 1024 536870912 0 0 16448 33555456 1073741824
is_linear=0
shrinkage=0.1


Tree=34
num_leaves=31
num_cat=15
split_feature=3 3 9 3 14 3 3 3 3 16 21 16 3 11 19 3 11 3 16 14 3 8 3 21 21 9 3 7 3 3
split_gain=22.8949 16.2009 14.9026 35.9067 20.3202 17.7039 15.8275 12.6851 11.874 11.4767 11.4071 10.224 36.8818 16.2587 23.0704 12.2489 10.6329 26.8223 15.1904 14.5057 13.2957 11.35 10.6436 10.3815 9.93669 10.4011 9.79845 11.0157 29.033 28.7724
threshold=0 1 49.95000076293946 2 19.500000000000004 3 4 5 6 70.500000000000014 1.0000000180025095e-35 38.500000000000007 7 276.50000000000006 0.11273822560906412 8 56.500000000000007 9 8.5000000000000018 5.5000000000000009 10 15.500000000000002 11 4164.5000000000009 4129.5000000000009 40.750000000000007 12 1.5000000000000002 13 14
decision_type=9 9 10 9 2 9 9 9 9 2 2 2 9 2 2 9 2 9 2 2 9 2 9 2 2 8 9 2 9 9
left_child=-1 -2 4 -4 5 -3 -6 -7 -5 -8 -9 15 13 -13 -15 23 19 -18 -19 26 21 -21 -20 -12 25 -24 -17 29 -29 -28
right_child=1 2 3 8 6 7 9 10 -10 -11 11 12 -14 14 -16 16 17 18 22 20 -22 -23 24 -25 -26 -27 27 28 -30 -31
leaf_value=-0.036593312128372711 0.020216644047259417 -0.033171360416508887 0.065405718053126269 -0.03801269447096859 0.012569452531791411 0.0086065638391548578 -0.073706972916673955 0.089776016514555274 0.0094745368288490835 -0.0091113869611770589 -0.045462230479474661 -0.012272545536786594 -0.061790771360840227 0.19643251409574566 0.015091563333589237 0.010185286660304924 -0.03247774710143099 0.16848924158505985 -0.0071972087743686457 0.10609448138160477 -0.054075133102817835 -0.042001224387144029 0.14164899340395795 0.024306178421378399 0.16353849121789454 0.024851547638127653 0.032356358002873557 -0.047246597029117016 0.0037865572215707039 -0.014337588784190392
leaf_weight=161.14316114224494 380.97119189426303 155.25810018042102 104.43255940917879 58.054818482138216 55.043924528174102 1336.822285393253 93.358764083124697 13.414620243012903 222.99350557895377 38.993145472835749 112.22542188083753 29.383549513295293 97.414463221561164 12.380224584601821 16.190069414675236 672.22433431260288 48.588112059980631 11.296153536997734 33.004219632595778 12.037919215857984 79.674532371107489 9.0772288050502521 10.481989637017248 26.331804414279759 11.250634605530648 27.969156666193157 137.7895428375341 107.16893483931199 2290.697987775784 1301.5390075007454
leaf_count=7466 4234 4287 1105 796 499 11479 5706 118 3257 459 3644 296 3674 212 102 8593 557 101 268 136 2440 157 162 821 153 483 1680 1711 30489 18777
internal_value=-0.000428107 0.000396525 -0.000690084 0.0184318 -0.00178481 -0.0008562 -0.0342532 -2.00053e-05 -0.00130371 -0.0508351 -0.00231151 -0.00256087 -0.0278153 0.0340761 0.0936711 -0.00175869 -0.000869317 0.0260236 0.0539751 -0.00170298 -0.0392229 0.0287931 0.0448606 -0.0300355 0.0673305 0.0566912 -0.000864376 -0.00281932 0.00132447 -0.0097423
internal_weight=7667.21 7506.07 7125.1 385.481 6739.62 6552.22 187.396 6396.96 281.048 132.352 5060.14 5046.73 155.368 57.9538 28.5703 4891.36 4752.8 142.59 94.0022 4610.21 100.79 21.1151 82.706 138.557 49.7018 38.4511 4509.42 3837.2 2397.87 1439.33
internal_count=113862 106396 102162 5158 97004 90340 6664 86053 4053 6165 74574 74456 4284 610 314 70172 65707 1724 1167 63983 2733 293 1066 4465 798 645 61250 52657 32200 20457
cat_boundaries=0 21 39 51 72 88 107 126 142 161 177 193 211 232 252 272
cat_threshold=0 268435456 1 0 0 0 0 4718848 3074 0 128 282066944 1074790400 0 0 0 0 268435456 2151694896 3648 136 1572864 524288 8456192 0 512 393216 0 0 0 134217728 134217728 17160 0 562561033 285212672 272826880 4195330 16777216 151060480 8658944 0 16 0 2048 2048 16 2097152 2197815296 1066315 2 16777216 2147487744 16416 32784 16777216 0 0 147456 142680588 0 16386 0 0 0 0 0 512 1048576 8912896 8527880 4 536870912 536870912 16384 0 0 2048 134217728 16 0 0 576 0 0 0 0 32 276824064 536870913 1073741826 33554432 256 8257 12288 8192 71303168 2181038088 0 0 0 262144 0 2147485696 8388608 90632 262145 545259520 0 1073741824 134217728 0 0 136 0 4194304 4194304 2392064 4 0 32768 0 0 0 8192 1 0 262148 1310720 2 0 0 134217736 142606336 33554432 88080384 2150105373 4 0 4194304 0 33554440 2097152 280576 33554496 16842752 0 2050 34820 1351614464 33024 67108864 268435456 0 0 0 524872 33554432 67108864 0 4 0 0 1310736 0 0 0 0 16 536870912 1358954496 2147497029 4096 0 1024 0 16 134217728 0 0 0 0 0 0 32 0 32 516 4 0 0 0 64 0 0 0 0 0 0 134217856 0 0 536870912 2752768 0 0 0 0 32 0 64 1077936128 8388616 0 1 306184192 0 262144 0 0 1342177280 2147495940 2049 0 2097280 545259520 16777232 0 524304 201392128 2621444 1024 0 4 2415923200 0 2148343848 524416 0 33589248 1 8192 2097152 0 0 1073873920 0 8389728 0 0 139264 16673 0 4 2432700416 2 1048584 524288 0 50364416 1 8192 2129921 4096 0 1073742848 0 8389634 0 64 0 256
is_linear=0
shrinkage=0.1


Tree=35
num_leaves=31
num_cat=12
split_feature=10 3 16 3 14 14 3 11 3 5 3 21 8 3 17 19 7 3 17 3 3 14 3 17 3 21 11 19 8 21
split_gain=27.997 16.9284 13.2117 17.6569 18.9492 12.9124 14.17 15.5606 12.5918 11.507 11.3961 11.246 10.575 35.0479 11.5025 13.8809 15.7877 10.6809 10.5046 16.0279 10.8857 10.131 10.0311 15.9725 9.91766 9.84 9.75156 8.70598 8.19037 9.84414
threshold=0.066583674401044859 0 28.500000000000004 1 3.5000000000000004 9.5000000000000018 2 1.0000000180025095e-35 3 4 5 1.0000000180025095e-35 23.500000000000004 6 15.500000000000002 0.026876349002122882 3.5000000000000004 7 29.500000000000004 8 9 1.0000000180025095e-35 10 67.500000000000014 11 3918.5000000000005 31.500000000000004 0.041404262185096748 7.5000000000000009 4082.5000000000005
decision_type=2 9 2 9 2 2 9 2 9 9 9 2 2 9 2 2 2 9 2 9 9 2 9 2 9 2 2 2 2 2
left_child=1 28 5 4 -4 6 7 24 9 -2 -9 -10 22 14 15 16 -14 -15 20 21 -13 -20 23 -8 -3 -26 27 -24 29 -1
right_child=8 2 3 -5 -6 -7 12 10 11 -11 -12 18 13 17 -16 -17 -18 -19 19 -21 -22 -23 26 -25 25 -27 -28 -29 -30 -31
leaf_value=0.073505615733123655 0.018110324581215236 0.034863410912555716 -0.01514748354665545 -0.082018970019664406 0.26335539271083136 -0.065877581369043495 -0.0038311445151290114 -0.036774489709587285 0.083651183219819292 -0.043944964559966854 0.043335040464147635 -0.014917057125888838 0.17723216498941666 0.016335676618624968 -0.053694617751779666 0.030763190240148015 -0.037512450529893465 -0.070807147197724241 0.028034878557542799 -0.029574335584111835 0.0026850295720280241 -0.01948196060750652 -0.029274258690154792 0.20418514595641107 -0.097554048093219006 -0.016421652330938039 0.061191712167395974 -0.061559011773068689 -0.00042558953493907614 -0.010465437180216133
leaf_weight=36.929497013334185 605.1622989140451 26.343027221038938 6.765965352766214 47.96728150267154 3.8236977616325021 51.189014077186584 66.687168957199901 15.475810814648865 16.176900066435337 22.737701211124659 99.671260878909379 368.8238806668669 14.543187714181842 19.595434640068561 11.949166432954369 72.965792302042246 4.4775536651723078 56.971140444744378 110.43510361388326 266.0926421880722 4857.3116016853601 75.57776159606874 320.81558929523453 3.9075931883417061 16.960888080298901 126.01176840811968 10.210257063154129 112.92748770723119 204.61301146447659 22.447107536718249
leaf_count=1158 4088 976 275 5338 193 6044 3591 699 127 171 3160 4145 407 852 387 1825 126 3279 796 3075 43555 780 12661 200 565 4043 414 3667 6792 734
internal_value=-0.000906931 -0.0139611 -0.0193634 -0.0657465 0.04393 -0.0169161 -0.0143574 0.00461473 0.00188723 0.0152095 0.033138 0.000390843 -0.0218738 -0.00136266 0.0352182 0.0505967 0.12668 -0.0491942 0.000154328 -0.0144692 0.00141939 0.00828329 -0.0294942 0.00672977 -0.0145107 -0.0243437 -0.0346259 -0.0376798 0.00873218 0.0417607
internal_weight=7675.57 1353.25 1089.26 58.5569 10.5897 1030.7 979.513 284.463 6322.32 627.9 115.147 5694.42 695.05 180.502 103.936 91.9865 19.0207 76.5666 5678.24 452.106 5226.14 186.013 514.548 70.5948 169.316 142.973 443.953 433.743 263.99 59.3766
internal_count=114123 57386 48702 5806 468 42896 36852 9443 56737 4259 3859 52478 27409 6876 2745 2358 533 4131 52351 4651 47700 1576 20533 3791 5584 4608 16742 16328 8684 1892
cat_boundaries=0 20 40 61 82 83 104 125 145 163 181 202 222
cat_threshold=71434256 262144 10485760 150994944 2183135232 525324 0 36896 0 8 0 0 0 2048 8388608 2048 0 0 1207959556 70259968 1115684864 1048576 268697600 0 0 0 12 142606336 16 0 65536 0 0 0 0 0 0 0 0 16384 276824576 0 0 67109376 65600 4096 1074003968 2147483664 8388896 32 8388608 2050 0 0 524288 0 0 0 67208192 142616582 80 0 1 81922 0 8704 262144 134217728 128 0 83886080 2147492112 264 0 327681 33587200 2181169152 4195394 16 1 0 1024 4 0 0 0 0 0 0 1073741824 2147483648 8388864 0 0 0 0 0 0 0 0 0 67175424 134225922 64 1210056704 1048576 268697600 33554432 16777220 2112 0 172228608 134240260 1024 65538 0 1048576 0 4 0 0 0 1441792 32768 8 0 268439552 0 1 32 139264 2048 69208064 19 0 0 0 0 0 0 0 0 0 41943040 1074266120 65536 545259520 1073743872 16 0 256 0 0 541065216 3493855232 2113568 4100 1073741824 0 0 65554 0 8192 536936448 8421384 2048 16 49152 1073741952 8192 0 0 2048 1214251040 0 0 1635811328 2112 8208 0 1056776 524288 0 4 2097152 1078198272 4194304 131080 18874368 131072 0 0 4194304 0 0 67108864 1024 0 536870912 6291664 860094544 128 0 0 0 67109376 65536 0 1074003968 2147483648 8388864 0 0 0 0 0 524288 0 0 0 67175424 134225922
is_linear=0
shrinkage=0.1


Tree=36
num_leaves=31
num_cat=2
split_feature=10 16 1 17 18 21 11 7 9 11 16 11 1 6 13 11 8 10 8 10 10 9 9 16 11 8 21 21 7 8
split_gain=17.8911 13.2006 11.9662 8.8627 7.93476 7.51322 7.13396 7.06709 7.86553 7.09753 11.6739 9.40607 7.93376 7.82753 7.41567 7.07727 18.7885 9.41493 9.4046 7.85029 7.34281 9.64363 8.51512 8.48839 9.97778 7.25953 6.80719 13.9194 9.72178 7.88881
threshold=0.040658559650182731 17.500000000000004 0 29.500000000000004 -1.0000000180025095e-35 1.0000000180025095e-35 52.500000000000007 5.5000000000000009 31.250000000000004 1.0000000180025095e-35 29.500000000000004 64.500000000000014 1 9.5000000000000018 0.20872471481561664 812.50000000000011 21.500000000000004 0.073403190821409239 24.500000000000004 0.52868966758251201 0.33844912052154547 34.049999237060554 33.149999618530281 85.500000000000014 386.50000000000006 10.500000000000002 3962.5000000000005 3975.5000000000005 3.5000000000000004 12.500000000000002
decision_type=2 2 9 2 2 2 2 2 8 2 2 2 9 2 2 2 2 2 2 2 2 8 10 2 2 2 2 2 2 2
left_child=1 4 -2 5 -1 -4 26 9 -9 12 14 -12 -7 -14 -11 17 25 -13 20 -20 22 -22 23 24 -19 -17 28 -28 -6 -30
right_child=2 -3 3 -5 6 7 -8 8 -10 10 11 15 13 -15 -16 16 -18 18 19 -21 21 -23 -24 -25 -26 -27 27 -29 29 -31
leaf_value=-0.01536281215540726 0.034109540144444499 -0.059944988664411419 0.069764788226730753 -0.011647056608200625 -0.048785022743727424 -0.021090011431761053 -0.10077638859505055 0.075098479776233629 0.011693536269327884 0.010860100306944389 -0.06618249796596673 -0.068675423891059129 0.0017598476316467997 -0.0095486184879978227 -0.02324509665361749 0.046205560173684906 0.12615396031103199 -0.00088038017951079246 -0.019110093005897479 -0.10418571530936299 -0.01479885211223894 0.061979268388424602 -0.072198384460390133 -0.037239113093925372 0.082036417437051951 -0.068892761282788054 0.19666899540716576 0.019903723774594768 0.16333179066886797 -0.028870317949726637
leaf_weight=663.46332581993192 98.985932812094688 58.330855184234679 16.212047040462494 534.57821070216596 29.534501386806369 190.19151066802442 5.5696042091585687 20.830190033651888 322.13958443328738 1502.5680089127272 28.226747567765415 25.98682263540104 2883.0088673811406 777.07375192735344 66.57922057248652 9.368069142103197 14.05711226351559 56.808478016406298 39.885797452181578 14.897125184535978 27.307884737849236 40.80348314344883 18.461532404646277 38.609708908945322 19.492395682260394 13.202982422895728 4.6633526184596112 99.609737350605428 4.504842699505387 4.060157023370266
leaf_count=31286 445 6878 126 6135 1523 1788 824 178 2966 15544 480 1077 28285 8670 673 149 182 546 367 69 122 177 224 411 139 183 189 3962 223 238
internal_value=-0.000496106 -0.0139963 0.00124101 0.000700249 -0.0106931 0.00177892 0.0102485 0.00159851 0.0155444 0.000769064 0.00574203 -0.0108531 -0.00170595 -0.000639311 0.00941301 -0.00595546 0.0353997 -0.0113221 -0.0055062 -0.0422447 0.00448292 0.0311966 -0.00915942 0.000968422 0.0203022 -0.0211214 0.0145918 0.0278091 -0.0215823 0.0722202
internal_weight=7629.01 869.736 6759.28 6660.29 811.406 6125.71 147.942 6109.5 342.97 5766.53 1916.26 347.108 3850.27 3660.08 1569.15 318.881 36.6282 282.253 256.266 54.7829 201.483 68.1114 133.372 114.911 76.3009 22.5711 142.373 104.273 38.0995 8.565
internal_count=114059 45123 68936 68491 38245 62356 6959 62230 3144 59086 20343 4126 38743 36955 16217 3646 514 3132 2055 436 1619 299 1320 1096 685 332 6135 4151 1984 461
cat_boundaries=0 1 2
cat_threshold=8388608 73533440
is_linear=0
shrinkage=0.1


Tree=37
num_leaves=31
num_cat=14
split_feature=3 3 14 3 11 3 19 6 3 17 14 3 3 6 6 16 3 19 6 3 3 3 3 20 6 6 3 3 20 6
split_gain=20.7616 17.5872 17.8443 15.0036 19.1271 13.3746 13.0567 11.3034 9.81378 9.20448 26.0782 24.5773 13.542 10.0309 15.3954 8.54388 10.8537 8.54978 8.38894 36.6535 25.9173 20.6532 20.294 17.2134 13.2589 12.3201 15.1727 14.6621 12.2487 13.2139
threshold=0 1 40.500000000000007 2 -1.0000000180025095e-35 3 0.082050081342458739 6.5000000000000009 4 36.500000000000007 1.0000000180025095e-35 5 6 10.500000000000002 8.5000000000000018 1.5000000000000002 7 0.11984771117568017 4.5000000000000009 8 9 10 11 0.46552196145057684 5.5000000000000009 7.5000000000000009 12 13 0.052169710397720344 9.5000000000000018
decision_type=9 9 2 9 2 9 2 2 9 2 2 9 9 2 2 2 9 2 2 9 9 9 9 2 2 2 9 9 2 2
left_child=-1 -2 3 4 5 -3 -6 -7 -8 12 11 -11 -5 14 -13 17 -17 -12 19 -14 24 23 -22 -21 -20 27 -27 -26 29 -28
right_child=1 2 -4 9 6 7 8 -9 -10 10 15 13 18 -15 -16 16 -18 -19 20 21 22 -23 -24 -25 25 26 28 -29 -30 -31
leaf_value=-0.033493032003152394 -0.049992418046037913 -0.04331861673041873 -0.038075813111753676 -0.032366513608841345 0.046213983590650404 -0.025730152602820796 -0.017080413297413229 0.075964848926630413 0.028479119155515306 -0.038442258551500269 -0.07722489107167084 0.020560765145125105 -0.042338983528045208 -0.023313094182478677 0.094644809432140348 -0.051732289796815767 0.0080471915097394871 -0.018721969750421102 -0.018665152960910768 0.041429419492648112 -0.022212472274800551 0.0054188446995231034 -0.000341090198331251 -0.011964932911085673 -0.015251401771011988 -0.012846445845217281 -0.0044836116816058345 0.074658115410892914 0.031730722155626029 0.22636376249851187
leaf_weight=173.08428068878129 58.110436683055013 64.885562367737293 114.7111205062829 105.94983597053215 207.80376294720918 20.432727416977286 76.629883524030447 23.500589393079281 97.61976476944983 77.494284867309034 74.304383141454309 148.43104815110564 130.93675556918606 35.80758512346074 34.586707829963416 43.317350842989981 70.170941037591547 37.631919052451849 63.299053903203458 323.12019133474678 482.07081770058721 1649.2670287345536 3092.6094492091797 74.252402916550636 25.107544908765703 95.187473302707076 3.8879694333299977 82.537554570008069 134.40067358128726 6.8451607241295278
leaf_count=6106 2934 1323 5037 3564 4318 298 776 318 704 914 2371 1661 1851 443 457 677 1347 374 762 4201 8940 20029 40048 304 205 1604 137 1031 1085 188
internal_value=-0.000224296 0.000592253 0.00105661 0.0016745 0.0183764 -0.0182363 0.0292856 0.0233526 0.00909753 0.000439571 -0.0123216 0.00717821 0.00150225 0.0239944 0.0345612 -0.037954 -0.0186193 -0.0575568 0.0021335 0.00712831 -0.000589877 0.0104489 -0.00334434 0.0306802 0.0228767 0.0310911 0.0184978 0.059206 0.0373658 0.142742
internal_weight=7627.99 7454.91 7396.8 7282.09 490.872 108.819 382.053 43.9333 174.25 6791.22 521.744 296.32 6269.47 218.825 183.018 225.425 113.488 111.936 6163.52 2177.58 3985.95 2046.64 3574.68 397.373 411.265 347.966 240.321 107.645 145.134 10.7331
internal_count=114007 107901 104967 99930 7737 1939 5798 616 1480 92193 8244 3475 83949 2561 2118 4769 2024 2745 80385 26385 54000 24534 48988 4505 5012 4250 3014 1236 1410 325
cat_boundaries=0 20 41 61 75 94 112 132 150 170 188 206 226 242 255
cat_threshold=0 65536 8404995 32768 16777280 4096 8 34078720 17436 524288 0 9437184 1048576 1082130432 0 0 0 268435456 2222981120 83919360 0 16388 33554464 0 0 4194304 3221225472 1476542464 74304 0 20971520 268435456 0 0 0 8704 0 0 678176 131072 5 486539264 2097152 2151677952 0 512 8192 8196 0 0 272629760 2147483664 16514 0 536969224 838860800 131080 2 8192 65537 2048 0 0 0 0 512 0 0 0 0 4194304 2147483664 130 0 536936456 0 0 2151677952 0 0 0 0 0 0 4194304 16 16384 0 32768 33554432 0 0 0 1 536870912 8658944 1048592 134217728 0 0 2048 256 0 1728053248 262469 0 0 1024 0 65600 0 16777216 0 527360 64 2162704 0 16384 32768 2165309442 34816 65536 2097152 256 0 0 25200640 0 0 0 1090519058 2156150785 0 8192 1073743888 0 0 0 134217728 16 2097152 570425344 492109 0 0 0 0 0 0 16777216 1589760 131072 0 0 128 257 262144 67141632 83886080 536870912 1048768 2048 1073741824 2097152 0 33554528 512 1064960 1088 4112 720896 1 1073745920 0 1048704 256 264320 33024 83886080 67108864 1075052672 2048 1073741824 2360320 0 33556576 67108864 524288 1619001344 537133056 2048 0 4194304 0 0 4096 2097152 1090519040 525826 512 0 4194304 0 4259840 0 65536 1082130448 45056 264192 16777216 37748992 0 0 8720448 8388608 1090519040 4130 0 0 4194304 0 20971522 16384 65536 128 671088640 524288 0 1073741824 0 128 0 2048 0 0 0 1310720 0 0 2360320 0 33556512 0 0 0 0 0 256 128 0 16777216 0 0 0 1073741824
is_linear=0
shrinkage=0.1


Tree=38
num_leaves=31
num_cat=11
split_feature=3 3 3 3 9 3 14 11 3 9 3 14 3 11 16 3 7 11 17 3 3 9 7 7 14 16 9 7 9 16
split_gain=27.408 14.7061 11.9197 10.5426 8.474 9.7057 14.671 8.84228 52.7006 14.8044 12.8144 12.4425 47.468 14.9746 13.2524 14.6185 8.77006 11.8883 8.70492 8.45197 8.23798 17.2633 16.3831 13.4009 7.966 7.96156 9.00939 10.079 7.65577 7.50873
threshold=0 1 2 3 20.050000190734867 4 80.500000000000014 112.50000000000001 5 45.049999237060554 6 3.5000000000000004 7 68.500000000000014 21.500000000000004 8 1.0000000180025095e-35 162.50000000000003 10.500000000000002 9 10 39.250000000000007 4.5000000000000009 3.5000000000000004 8.5000000000000018 24.500000000000004 31.250000000000004 3.5000000000000004 32.850000381469734 30.500000000000004
decision_type=9 9 9 9 8 9 2 2 9 8 9 2 9 2 2 9 2 2 2 9 9 10 2 2 2 2 8 2 8 2
left_child=-1 24 -3 -4 -5 -6 7 10 9 -9 -7 14 13 18 20 -16 -11 -18 -13 -10 21 22 -12 -23 -2 26 27 -14 -21 -27
right_child=1 2 3 4 5 6 -8 8 19 16 11 12 25 -15 15 -17 17 -19 -20 28 -22 23 -24 -25 -26 29 -28 -29 -30 -31
leaf_value=-0.044422676671073642 0.022175539697282292 -0.031420975760619745 -0.032248865882555079 -0.049308178817305481 0.0070274286657932439 -0.020870655512496332 -0.08388472978008564 0.017656740905633735 0.031427187902741863 0.004623520480119876 0.00017405201795043466 0.057707265975680634 -0.033408492614796781 0.17059736734257233 0.017220083237552562 -0.058272371128813276 0.18157820260756294 0.082533171891521706 -0.032260585188834262 0.024951322259891398 -0.0012933838992419205 0.080888770588616141 0.05181888806379048 -0.014478579470617522 -0.046368152389884808 0.13886261253777285 -0.05819216926991503 0.11385339981556052 -0.064720901433687111 -0.043157243505400553
leaf_weight=135.80848341528326 356.19822142273188 122.211593023967 97.060178245417774 35.568652553483844 1400.4889145689085 353.01912717148662 21.94141807127744 37.232445391826332 11.946290163788943 9.232683287933467 631.34629707178101 43.466178476810455 16.310553817544136 9.5545252994634193 37.222396490164101 67.40737465582788 16.566040712874383 45.140769399702549 14.29020331520587 10.979511004872618 3738.5631698891521 55.420641954988241 68.044710339047015 20.070570536889136 17.802708537317812 4.4015802619978768 178.28719642944634 6.4998133904300621 71.661068879533559 4.6719136098399758
leaf_count=5938 8380 3900 3231 415 10748 2823 2337 491 273 143 8593 478 545 105 328 2624 166 506 242 166 49872 712 726 254 1744 79 5702 148 2210 150
internal_value=-0.00148204 -0.000644685 -0.00166933 -0.00110633 -0.000622876 -0.000371857 -0.00227385 -0.00194954 0.0185414 0.0629061 -0.00274113 -0.00138834 -0.0219579 0.0475648 -0.000155404 -0.0353393 0.0955227 0.109123 0.0354472 -0.0351316 0.000660221 0.00997373 0.00519865 0.0555338 0.0184203 -0.0443756 -0.0506212 0.00855378 -0.047107 0.0451412
internal_weight=7638.42 7502.61 7128.61 7006.39 6909.33 6873.77 5473.28 5451.34 202.759 108.172 5248.58 4895.56 277.482 67.3109 4618.08 104.63 70.9395 61.7068 57.7564 94.5869 4513.45 774.882 699.391 75.4912 374.001 210.171 201.098 22.8104 82.6406 9.07349
internal_count=114029 108091 97967 94067 90836 90421 79673 77336 3955 1306 73381 70558 7449 825 63109 2952 815 672 720 2649 60157 10285 9319 966 10124 6624 6395 693 2376 229
cat_boundaries=0 20 41 62 83 103 122 142 160 176 194 214
cat_threshold=2097152 262144 8388608 3 520 0 0 2176 16777249 9216 268435456 9437184 0 262144 0 0 0 268435456 268435456 845676598 100663296 589824 268697602 35651584 0 64 2056 0 0 67108864 0 4194440 0 66688 545259520 4325376 8406080 0 0 67109888 1024 268435456 16384 1 0 262144 4194304 262144 17317888 68158984 268435464 1024 268435456 0 0 0 16777216 67108864 0 2148024352 134218240 12 0 4 33554464 67108880 0 524288 3221258244 1355153410 106564 1 0 0 0 0 0 4 0 0 2305 8519680 1 5251072 536870913 16777216 16777216 272629760 266496 134217728 136323088 12582912 32 2147483648 1 0 1073741824 2048 67108904 18 16384 262144 2048 16842752 8192 1073741840 0 0 0 0 256 0 2164260864 1785932 4 0 4718600 50331648 302055440 0 16777728 512 0 2048 1073741888 65540 0 32817 0 0 0 16777216 150994944 0 0 541589512 50331648 33620160 0 16785920 514 2147483648 671088640 2097152 16384 0 128 2048 0 32 536870912 1107296256 795 6144 0 0 0 2048 0 16 65536 8388608 6293504 0 0 0 0 0 536870928 1610612736 1114268 260 0 0 0 2 0 1048576 2048 0 0 2048 0 0 33554432 4194304 134217728 0 0 0 0 64 0 73792 25296896 0 1048576 0 8388608 0 0 33554688 0 3892314112 553056 20482 0 8421376 0 2 0 0 1283489856 1048577
is_linear=0
shrinkage=0.1


Tree=39
num_leaves=31
num_cat=13
split_feature=3 14 3 14 19 3 3 6 3 3 3 2 3 19 8 14 17 8 3 3 19 14 8 8 3 12 3 21 20 20
split_gain=30.2043 11.6723 11.1189 11.0123 10.3984 9.87613 14.6808 10.1772 62.5974 15.611 15.1689 12.8605 11.6782 11.0363 9.90586 9.67409 14.5634 9.65154 39.2535 15.2966 14.7849 14.4495 13.0753 12.4796 14.4722 11.119 14.2689 12.1038 11.1117 10.7873
threshold=0 253.50000000000003 1 8.5000000000000018 0.019691142253577713 2 3 10.500000000000002 4 5 6 7 8 0.026876349002122882 28.500000000000004 1.0000000180025095e-35 1.5000000000000002 9.5000000000000018 9 10 0.043147211894392974 167.50000000000003 1.5000000000000002 25.500000000000004 11 -1.0000000180025095e-35 12 4144.5000000000009 0.068414777517318739 0.030692864209413532
decision_type=9 2 9 2 2 9 9 2 9 9 9 9 9 2 2 2 2 2 9 9 2 2 2 2 9 2 9 2 2 2
left_child=-1 2 3 15 -5 -4 -7 9 13 -8 14 -11 -13 -9 -10 16 -2 18 20 23 29 -21 -22 -19 -25 28 -27 -28 -24 -14
right_child=1 -3 5 4 -6 6 7 8 10 11 -12 12 17 -15 -16 -17 -18 19 -20 21 22 -23 25 24 -26 26 27 -29 -30 -31
leaf_value=-0.04967493733813548 0.0043931997419444395 -0.083006999767436015 -0.024933956064137522 0.12883993385253167 -0.086660858390714093 -0.053600899740645497 -0.017283236506358528 0.15829298770933523 -0.052017298210809859 0.035567761073185496 -0.012366353296473283 0.016379436869307495 0.20595364089297968 0.037282713760047367 0.034429359004169324 0.057275933720077304 0.079088993032615948 -0.018352290513425552 -0.014870760229636166 0.0020399691144773395 -0.020187511985516781 0.11037799739836218 0.12349799059480211 0.060046997532130192 -0.0032466644585472434 0.00039384196199547088 0.03739773229588543 -0.035440613780629633 0.03499311462974012 0.046350524030886291
leaf_weight=112.66184163047001 200.68633633293211 16.759620261844248 148.92814357252792 2.6104747448116568 15.737657700665293 40.215905443765223 378.75198107911274 7.8614343814551821 209.89079163689166 112.05792344547808 464.88978958176449 553.78546155896038 7.1003485871478942 182.43811674090102 14.149062738288192 66.990917043294758 30.004183410666883 767.17489682557061 488.06251570908353 2550.7455597752705 80.935102888848633 12.370629879646001 15.218065815046428 33.067228324711323 223.49361725151539 334.28203486092389 276.70751042338088 24.864070318639278 209.0687755830586 10.492976550478486
leaf_count=5468 2935 1346 3307 288 660 3243 6324 238 3593 707 6819 11255 251 2363 216 1167 318 8463 9208 34045 709 116 164 261 2584 3475 2055 181 1545 281
internal_value=-0.000454588 0.000352766 0.00054045 0.0185999 -0.0560006 -0.000283791 0.000275663 0.000663569 -0.00939148 0.00211916 -0.0233263 0.00343283 0.00272596 0.0401708 -0.0445685 0.0238229 0.0141083 0.00119433 0.00809151 -0.00158427 0.019731 0.00255289 0.0182388 -0.0118516 0.00712495 0.0218546 0.0151019 0.0303848 0.0409983 0.110763
internal_weight=7592 7479.34 7462.58 316.03 18.3481 7146.55 6997.62 6957.41 879.229 6078.18 688.93 5699.43 5587.37 190.3 224.04 297.681 230.691 5033.58 1446.73 3586.85 958.669 2563.12 941.076 1023.74 256.561 860.14 635.854 301.572 224.287 17.5933
internal_count=113585 108117 106771 5368 948 101403 98096 94853 13229 81624 10628 75300 74593 2601 3809 4420 3253 63338 17869 45469 8661 34161 8129 11308 2845 7420 5711 2236 1709 532
cat_boundaries=0 20 40 61 82 103 124 140 147 167 186 206 213 224
cat_threshold=16 4096 268435457 287309824 1048580 1073750144 2147483648 541663232 134217728 0 0 9437696 0 0 0 64 0 268435456 1092616704 16778250 0 557056 8388608 33554432 640 0 2048 0 83886080 0 2285903888 16384 0 541065344 0 2151809538 66 16 65536 68161536 0 278528 64 8192 16640 131072 0 1342210048 8455176 0 32768 268435456 0 0 17301504 33554432 0 64 2148026400 134218240 4 2097152 132096 100663328 67174400 0 4 32768 2147631104 43842 0 285212672 524288 0 0 0 0 0 0 131330 2156003328 1 725696512 8454144 264192 0 0 320 262144 256 0 608176136 131332 2048 0 0 268435456 16 1024 16777216 262144 4 16 675282944 65536 262144 2 16809984 258 262144 0 0 603979776 1073742080 2304 0 163840 268435456 1024 67110400 1048576 8208 37748768 18 1083179008 8192 16 0 8 2048 134217732 32 0 3405774880 3670114 2 0 16842760 0 268503072 0 0 268435456 256 1048576 0 4194304 9437184 2097156 2147487744 0 40 788480 0 32 0 184557568 262178 10 0 16842760 8388608 2080 0 8 67108865 526336 0 536879104 1050640 134217728 524288 0 134217868 16777472 541065216 1073741832 82508 4228 0 524288 33554432 0 0 16777216 33554432 16384 8192 2048 134217729 524288 1 134217864 16777472 0 1073741832 16972 4198528 0 524288 33554432 8192 0 16777216 37748736 65540 0 0 2048 0 0 0 134217728 0 8192 2064 134217728 0 0 128 0 541065216 0 65600
is_linear=0
shrinkage=0.1


Tree=40
num_leaves=31
num_cat=7
split_feature=3 3 3 14 3 3 11 0 14 16 19 2 8 10 16 11 10 8 9 9 19 19 14 11 20 20 19 8 8 16
split_gain=23.4134 15.6374 11.0885 9.49904 9.39136 9.01783 7.96329 11.1759 7.69877 10.2029 16.5034 7.14272 11.4682 7.90923 7.03945 7.86024 14.3625 9.97122 9.0627 6.51882 6.45246 9.88614 8.4035 18.4001 12.0615 8.20798 15.9989 11.6602 17.1869 7.96664
threshold=0 1 2 233.50000000000003 3 4 25.500000000000004 5 2.5000000000000004 5.5000000000000009 0.071858197450637831 6 19.500000000000004 0.086562801152467742 34.500000000000007 5.5000000000000009 0.38408261537551885 19.500000000000004 41.250000000000007 36.350000381469734 0.08488864824175836 0.11273822560906412 1.5000000000000002 9.5000000000000018 0.070622149854898467 0.11979524791240694 0.11984771117568017 9.5000000000000018 26.500000000000004 8.5000000000000018
decision_type=9 9 9 2 9 9 2 9 2 2 2 9 2 2 2 2 2 2 8 10 2 2 2 2 2 2 2 2 2 2
left_child=6 8 20 4 -4 11 -1 -8 14 -10 -11 12 -6 -13 15 18 17 -17 19 -2 22 -22 24 -24 -3 26 -23 -28 -29 -25
right_child=1 2 3 -5 5 -7 7 -9 9 10 -12 13 -14 -15 -16 16 -18 -19 -20 -21 21 25 23 29 -26 -27 27 28 -30 -31
leaf_value=-0.063102134278410396 0.041952498222309544 -0.0011366859633261835 -0.024393564606504315 -0.071694895529087047 0.26024574503606435 -0.00089671067884468023 0.09486519264954181 -0.076501291353421819 -0.076298050919895111 0.14809487430501714 -0.051145159512136884 -0.069337145021304794 -0.10098888833988902 -0.01072549106147784 -0.056712218347737001 0.1311514865773645 -0.050084581904339467 0.026349946521937579 0.014493278118427978 0.13711715988677237 -0.021110708098855201 -0.037576506648886898 0.16788383955046976 -0.075705610499974221 0.064298843069269043 0.0050445640042890358 0.11072944471071147 0.0011664462910880597 0.11724928486147557 0.056574134523699006
leaf_weight=83.397671739105135 26.886164989322424 111.81024404335767 174.37593752890825 19.722637452650815 3.0409541986882687 5575.7224868154153 8.20438277348876 7.0982539649121437 18.369296996854246 7.070167301688346 10.091118291020392 49.542842874769121 1.2360903536900876 43.011021766811609 10.431805296801029 23.730841120705009 8.8742626756429654 14.703414312563835 271.32454046979547 9.8297759033739549 126.75916936900467 24.97835236787796 12.316565328277646 6.7437073332257595 37.655986914411187 791.4450621213764 25.138905595988035 49.857475288212299 17.138902395963669 14.014703552704303
leaf_count=3537 333 3035 5695 1534 243 80910 93 851 464 209 157 4491 132 499 188 340 38 209 3214 111 1195 232 188 221 356 4497 164 390 117 264
internal_value=-0.000171781 0.000496865 -0.000602838 -0.00240788 -0.00217828 -0.00144982 -0.0462491 0.0153754 0.019453 -0.0245028 0.0309385 -0.0302338 0.0466878 -0.0379944 0.0242546 0.0266315 0.0645826 0.0910586 0.020803 0.0674305 0.00804119 0.00505083 0.0254421 0.0710533 0.0153489 0.00870081 0.0334094 0.0526541 0.0308626 0.0136009
internal_weight=7584.52 7485.82 7084.51 5866.65 5846.93 5672.55 98.7003 15.3026 401.311 35.5306 17.1613 96.8309 4.27704 92.5539 365.781 355.349 47.3085 38.4343 308.04 36.7159 1217.86 1035.32 182.541 33.075 149.466 908.559 117.114 92.1353 66.9964 20.7584
internal_count=113907 109426 104163 93504 91970 86275 4481 944 5263 830 366 5365 375 4990 4433 4245 587 549 3658 444 10659 6595 4064 673 3391 5400 903 671 507 485
cat_boundaries=0 21 41 61 82 103 104 113
cat_threshold=512 4096 8388608 32769 0 0 4 536870912 0 8192 268435456 9437312 0 0 16777216 64 16384 268451848 2147484176 33816592 136 117440512 1572864 2 0 136 270336 0 4194688 134217728 4194304 134250496 16384 0 10518656 33554432 21103104 4194306 64 0 67108864 134217728 537133057 1073741824 16777232 768 524288 4104 4096 16777216 1073741824 2147483654 0 0 1074003968 2048 18 1536 16777216 65537 1054720 0 16384 1048577 134217728 32768 0 0 1141375041 66632 0 16416 268435456 0 0 524288 8388608 0 1114624 8929312 2105856 64 536870912 131072 33554528 65536 0 160 32768 277037058 41602 0 0 4194305 0 0 0 0 0 0 6528 147458 7 1 2147483648 68222976 1073741824 0 0 8192 0 0 1
is_linear=0
shrinkage=0.1


Tree=41
num_leaves=31
num_cat=9
split_feature=3 3 17 10 7 14 20 19 14 9 8 10 5 12 3 1 8 20 14 14 9 17 3 14 3 3 3 12 8 20
split_gain=22.4014 15.9606 14.8375 12.7895 11.456 11.1428 16.2454 10.1 9.32563 9.03301 8.97106 14.0291 8.21663 8.6181 8.81674 10.1802 9.60214 8.19401 8.06057 9.84543 9.2349 7.87376 25.8182 20.7206 41.1191 22.1931 15.3303 14.3304 17.6866 20.7612
threshold=0 1 3.5000000000000004 0.086261086165905013 3.5000000000000004 1.0000000180025095e-35 0.035559006035327918 0.028421084396541122 5.5000000000000009 39.649999618530281 21.500000000000004 0.075259737670421614 2 61.000000000000007 3 4 4.5000000000000009 0.068414777517318739 18.500000000000004 167.50000000000003 32.350000381469734 3.5000000000000004 5 1.0000000180025095e-35 6 7 8 -1.0000000180025095e-35 6.5000000000000009 0.012374404817819597
decision_type=9 9 2 2 2 2 2 2 2 10 2 2 9 2 9 9 2 2 2 2 10 2 9 2 9 9 9 2 2 2
left_child=4 2 8 21 9 6 7 -4 -2 -1 -11 -12 13 14 16 -16 -5 -17 -19 20 -20 23 -23 25 -25 27 -27 28 -3 -30
right_child=1 3 5 12 -6 -7 -8 -9 -10 10 11 -13 -14 -15 15 17 -18 18 19 -21 -22 22 -24 24 -26 26 -28 -29 29 -31
leaf_value=-0.049883962325245161 0.017216695682193184 0.093000611929639182 0.11969893021713225 -0.034527956466336156 0.003714861873096754 0.018780183106718102 0.065739539937819058 0.34428629840967084 -0.052978295461705731 -0.027776137572126942 -0.030407470209058998 0.23317547107317771 -0.042055415065668525 0.047967009027690563 0.026840240756961092 0.030196736545078443 -0.0027807095979230753 0.0032916836423826966 -0.051897270369955367 0.040043211474279909 0.018732958374333423 0.016759985969585063 -0.039212075633086527 0.055847743964274194 -0.015123712099959958 -0.038555705715213391 -0.0086278388516948055 0.040309081118390544 0.16793009662095329 -0.047182468048482806
leaf_weight=175.63347841938958 274.28894735919312 13.477971333079038 4.0189560605213064 110.49336802586913 75.592052902560681 24.537030355073512 22.479484846815467 3.9907655017450452 20.329049519263208 16.155106859747324 4.0412270375527424 4.0358873344957829 31.326176304370165 41.804755687713623 183.35462384670973 108.7711134608835 691.48207811638713 3095.8455982357264 79.048889497295022 20.808880604803562 24.172746893018484 121.71694212965667 229.11680901376531 147.2141155465506 166.08556196140125 187.26993504818529 1498.8462958820164 145.60911158239469 4.8224172461777917 64.436233506537974
leaf_count=5460 5148 362 113 912 2188 715 261 97 1852 438 176 45 234 309 1099 1007 5753 20110 704 137 234 2370 8742 4092 7432 6130 31337 4629 414 1285
internal_value=-0.000932385 0.000141081 0.0206843 -0.00091826 -0.0284141 0.0689422 0.109312 0.231597 0.0123731 -0.0419874 0.0152466 0.101297 0.00236551 0.00277516 0.00234366 0.00449983 -0.00706662 0.00319253 0.00229021 -0.0227068 -0.0353569 -0.00650869 -0.0204333 -0.0043158 0.0195244 -0.00821723 -0.0121595 0.0205265 -0.0118082 -0.0322044
internal_weight=7590.81 7315.35 349.644 6965.7 275.458 55.0262 30.4892 8.00972 294.618 199.866 24.2322 8.07711 4387.11 4355.78 4313.98 3512 801.975 3328.65 3219.88 124.031 103.222 2578.6 350.834 2227.76 313.3 1914.46 1686.12 228.346 82.7366 69.2587
internal_count=113785 105478 8186 97292 8307 1186 471 210 7000 6119 659 221 30499 30265 29956 23291 6665 22192 21185 1075 938 66793 11112 55681 11524 44157 37467 6690 2061 1699
cat_boundaries=0 21 41 42 63 64 85 106 126 147
cat_threshold=16777216 8392704 0 268435458 0 4 0 524320 8388640 8 1114112 9439232 0 0 8388608 0 0 268435456 52822144 1310732 128 67633152 1048585 17039360 33554432 520 262272 0 4096 218103808 134217728 3221241856 258 0 17367040 16777216 2147614720 8388608 1056768 0 4096 6 81920 32768 16400 16 0 256 0 0 0 4202496 6291744 129 0 1032 536905792 54591520 4194304 8454152 0 0 1024 109182984 273678336 0 2147485696 2097152 2151710720 528384 262152 16777216 536870912 67110912 134218241 4198400 0 262144 67108864 0 0 0 201392129 3072 16 445644800 327680 278921216 0 128 1 264192 8651024 538968080 67108896 1 4096 0 0 0 2048 0 0 66048 67111936 8 8519680 131072 5244928 150994945 1048576 1073754112 2147487744 2097216 33554433 0 134218240 4718592 0 0 0 256 0 0 67109888 1073750019 437256192 262144 268435456 0 2147483776 1024 8 8650752 2 67108896 0 4096 0 0 0 2048 0 0 402760208 67128352 80
is_linear=0
shrinkage=0.1


Tree=42
num_leaves=31
num_cat=14
split_feature=3 3 10 3 19 20 20 3 19 19 21 9 3 3 20 7 14 3 3 3 16 3 8 3 16 3 3 8 3 21
split_gain=19.3424 13.4895 9.37313 8.35534 16.2469 10.9641 11.6193 8.45315 9.24552 7.95388 7.47898 6.85906 22.3556 11.0402 10.5992 9.23845 8.0227 57.8389 24.5349 15.0343 14.4248 10.7668 16.6291 10.5311 10.293 16.0792 11.259 9.35211 13.0443 9.31955
threshold=0 1 0.066583674401044859 2 0.08488864824175836 0.13271801918745044 0.11979524791240694 3 0.10538937151432039 0.10119089856743814 4030.5000000000005 49.95000076293946 4 5 0.052169710397720344 1.5000000000000002 2.5000000000000004 6 7 8 8.5000000000000018 9 24.500000000000004 10 52.500000000000007 11 12 16.500000000000004 13 4060.5000000000005
decision_type=9 9 2 9 2 2 2 9 2 2 2 10 9 9 2 2 2 9 9 9 2 9 2 9 2 9 9 2 9 2
left_child=2 -2 -1 4 10 6 9 8 -5 -6 -3 16 14 -14 15 -13 19 -18 -19 27 23 22 -22 -20 26 -26 -21 28 -9 -24
right_child=1 3 -4 7 5 -7 -8 11 -10 -11 -12 12 13 -15 -16 -17 17 18 20 24 21 -23 29 -25 25 -27 -28 -29 -30 -31
leaf_value=-0.067317955632537452 0.023155431822218617 -0.061750436720647853 -0.019418798957256622 -0.075118613052932215 0.055469011475322044 -0.018732303240965132 0.1171586833192126 0.011255993139887651 0.0026523260301562642 -0.016642240320751383 -0.019139808163514131 0.21975989478251734 -0.043031172745812855 0.0061859162728050178 0.038578328323603868 0.061384696562806755 0.092878532416479032 -0.06172178677783044 0.0077683380450354559 0.016400105168151196 0.033589308475892352 -0.019581372559103319 0.023534935906556739 -0.041341543124648064 0.042633510988170337 -0.063479519399043866 0.00099921890009900993 -0.028715631198016334 -0.030822026190235843 -0.065200987330640989
leaf_weight=54.254582379944623 225.06011215457693 77.53970262594521 165.39581475220621 34.007641482166946 27.213553378358483 87.614948440343142 13.543355796486138 207.97970276279375 27.767168409191072 34.927247503772378 87.871297272387892 6.3517025262117377 49.188604698050767 192.3978168158792 109.08748331852257 8.7669126070104522 40.33513524569571 101.42463935841806 60.966251756064594 520.68606018833816 158.43028127215803 119.42552971327677 18.837301966734231 162.22695734770969 14.051283698529003 41.84036752441898 4540.68531329697 267.24434687104076 101.53078758250922 31.843459742609411
leaf_count=3923 4663 2690 1897 2094 394 900 91 2574 153 445 3545 131 858 2703 834 196 376 4611 1410 8347 1449 2950 165 4108 91 1592 54124 4341 2066 251
internal_value=-0.00130997 -0.000416954 -0.0298893 -0.00119092 -0.0165221 0.00535051 0.0332297 -0.000428324 -0.0345659 0.0149377 -0.0391144 -6.54091e-05 0.013252 -0.00514709 0.0457685 0.127922 -0.000828157 -0.0109832 -0.0185354 0.000408659 -0.00963897 0.00351359 0.0168347 -0.0294312 0.00214247 -0.0405322 0.00261795 -0.0147559 -0.0031793 -0.0322191
internal_weight=7588.5 7368.84 219.65 7143.78 328.71 163.299 75.6842 6815.07 61.7748 62.1408 165.411 6753.3 365.793 241.586 124.206 15.1186 6387.51 693.49 653.154 5694.02 551.73 328.537 209.111 223.193 5117.26 55.8917 5061.37 576.755 309.51 50.6808
internal_count=113972 108152 5820 103489 8065 1830 930 95424 2247 839 6235 93177 4722 3561 1161 327 88455 15320 14944 73135 10333 4815 1865 5518 64154 1683 62471 8981 4640 416
cat_boundaries=0 20 40 61 82 94 113 133 144 164 183 203 224 243 263
cat_threshold=538050576 2101248 1048576 0 128 0 0 54001728 16416 33554440 4194336 9437440 0 0 268435456 0 0 268435456 1076109312 570426368 33570816 1572865 268439552 33554432 16793864 262144 0 128 85983232 67110912 134221824 2184 0 524289 33554432 4325376 0 0 0 67108864 268435456 16384 2115 0 0 0 32776 1073741824 66568 1024 524288 268435456 0 128 0 3072 16 65536 2149142048 512 12 0 2048 100663328 4 0 0 0 2416066561 43584 268435456 1627389952 0 0 8388608 0 128 0 0 4354 2148663296 1 151060480 0 16 16 0 2048 2048 304 0 2164260864 1066783 4098 8388608 65536 1074003968 134217728 0 0 128 0 0 134217760 360448 4 0 32768 0 0 0 8192 1 134283264 8454144 0 0 0 0 0 0 0 32 0 0 0 8 16777216 33620064 0 16777744 0 2048 1098907648 0 1073741840 134217728 0 256 128 16 0 2147483648 262144 136380416 8192 0 2097168 0 2048 0 142606368 256 1073741856 1064976 0 0 8 16777216 33620576 16896 16777232 8388608 8398856 0 536879104 262144 0 0 0 2048 256 4194304 557842432 65821 4 0 0 0 0 0 0 1 0 262144 16384 0 0 2048 134479872 32 541065216 1610612736 128 2 0 1024 0 2 0 0 0 2097152 0 536870912 16400 0 0 0 0 0 33554432 0 2367496 4 0 4194304 0 8 2 8192 0 0 1024 25690112 32768 1090519040 134217729 4227584 1073750272 0 16 0 134217728 328192 16384 1073741824 32768 8421376 16 0 524352 1 0 8192 0 16 0 2048 0 134217728 0 1073741856 1064976 0 0 8 0 32 0 16777216 0 8388616
is_linear=0
shrinkage=0.1


Tree=43
num_leaves=31
num_cat=8
split_feature=3 3 11 3 8 8 3 11 14 14 14 11 20 21 8 20 19 21 3 20 16 3 8 11 19 21 21 7 3 3
split_gain=21.0618 15.7303 13.7574 12.1869 27.6437 13.1439 12.6684 10.3315 7.93413 9.43138 10.8827 8.29862 14.9032 14.2051 7.1045 14.4524 8.01181 6.82688 6.72845 8.33807 8.03978 21.8191 8.18168 8.0037 7.6042 6.29839 6.12304 6.03918 30.7507 19.4494
threshold=0 1 245.50000000000003 2 25.500000000000004 26.500000000000004 3 434.50000000000006 253.50000000000003 167.50000000000003 49.500000000000007 812.50000000000011 0.14334582537412646 4067.5000000000005 3.5000000000000004 0.0064087298233062038 0.023163094185292724 3983.5000000000005 4 0.020419289357960228 40.500000000000007 5 22.500000000000004 276.50000000000006 0.14066277444362643 3968.5000000000005 4060.5000000000005 3.5000000000000004 6 7
decision_type=9 9 2 9 2 2 9 2 2 2 2 2 2 2 2 2 2 2 9 2 2 9 2 2 2 2 2 2 9 9
left_child=-1 2 -2 4 7 -6 -5 14 9 10 11 18 13 -13 16 -16 -3 -11 19 26 27 22 23 -22 -25 -7 -8 29 -29 -20
right_child=1 3 -4 6 5 25 8 -9 -10 17 -12 12 -14 -15 15 -17 -18 -19 20 -21 21 -23 -24 24 -26 -27 -28 28 -30 -31
leaf_value=-0.045280085980815094 0.02015270269419513 -0.078867519610966899 -0.085329979799709466 -0.043134112855953984 0.10881565242802792 -0.02993881067721221 0.13870226924443771 0.052330803014699126 -0.081619142140133064 0.14733022756328282 -0.045963569182986205 0.2159102227208759 -0.0049362599414963099 -0.010632396875203318 0.10518815916430098 -0.044171440039145131 0.026833336433395805 0.016595788322392929 -0.018983551596224186 0.0096359933638481172 0.0096855859083896829 -0.04757695505623559 -0.024394706986579733 0.1730254033214296 0.044288144473400917 0.0438451337687474 -0.00095720898629064353 -0.032441915469992401 0.011179217174571092 0.001237083883897499
leaf_weight=90.984198217280209 509.66765879001468 9.1632295236922783 12.671832533553241 56.011748769320548 19.774361180607229 20.525420430116355 8.7742278506048006 14.433308385312555 11.631676803808658 7.4899294190108803 49.26950851874426 8.0794980884529668 17.762256968766451 4.2101973081007591 6.6470463690347961 255.50522672384977 32.980747379828244 8.558472525328396 536.92259536776692 542.63516810396686 15.177479190751908 98.294629823882133 15.524126769974826 9.061053257435562 9.2948340624570829 26.51411117054522 4.8881395333446553 174.24123075837269 1330.537877982948 3647.5097128287889
leaf_count=3259 9221 316 425 3318 271 377 277 235 1150 154 1785 208 111 165 84 5358 385 268 9300 7807 162 3256 158 141 71 819 189 2715 15832 45929
internal_value=8.36244e-05 0.000696348 0.0172632 -0.000573345 -0.01762 0.0404073 0.000454457 -0.0303368 0.000895759 0.00104507 0.000855215 0.00121436 0.0536405 0.138301 -0.0342579 -0.0403843 0.00385114 0.0776107 0.000967909 0.0113742 -4.33503e-05 -0.0231051 0.0295939 0.0634128 0.107837 0.0116499 0.0887347 0.00055388 0.00598694 -0.00139992
internal_weight=7554.74 7463.76 522.339 6941.42 385.543 66.8139 6555.87 318.73 6499.86 6488.23 6472.18 6422.91 30.052 12.2897 304.296 262.152 42.144 16.0484 6392.86 556.298 5836.56 147.352 49.0575 33.5334 18.3559 47.0395 13.6624 5689.21 1504.78 4184.43
internal_count=113746 110487 9646 100841 7845 1467 92996 6378 89678 88528 88106 86321 484 373 6143 5442 701 422 85837 8273 77564 3788 532 374 212 1196 466 73776 18547 55229
cat_boundaries=0 21 41 61 82 102 119 137 157
cat_threshold=16384 0 0 2097152 0 0 0 526337 33558531 8192 0 9437312 0 262144 33556480 32 0 268435456 65536 18874368 2 940048384 524288 2148532224 0 0 0 2048 0 2097152 134219776 267810 1 0 553648129 0 139264 12582976 17825792 262145 3072 8388608 268435456 16799872 0 1048576 72 134479872 67108992 1064 0 0 0 0 8390656 67108864 33554432 16384 0 2416984576 520 0 17408 2162689 0 0 537395202 32768 1350582272 66368 0 536870912 268435968 0 2097152 0 0 0 0 530784 134348802 68 71303168 32768 1074003968 134217728 128 131072 0 6299648 9437184 16777216 2147508224 20488 1073741824 8 4 67111426 2048 8 100663296 524288 65536 4 16 2 0 0 136 134217728 0 71303168 2687053 0 0 4718592 0 65560 2 3145728 327680 268435456 16777232 0 10368 0 134479872 134217728 339738656 5275777 4194304 0 1073742848 0 16777280 2 73728 50397184 4096 0 268468226 0 1073742080 4100 1118512 16779280 0 134217736 258 0 0 0 65536 0 512 1024 336601088
is_linear=0
shrinkage=0.1


Tree=44
num_leaves=31
num_cat=8
split_feature=3 3 11 3 11 20 21 17 21 9 7 9 19 14 9 14 14 3 3 16 3 8 16 8 3 8 8 3 11 8
split_gain=19.5222 11.789 22.4277 9.52642 7.88062 8.31941 7.74602 11.0943 10.2056 10.1611 8.93776 8.14166 7.70649 7.60038 9.40094 13.9424 7.56848 28.7768 11.4819 11.9716 15.1529 11.4622 11.3393 10.6413 10.3341 10.636 9.23696 8.82115 11.0018 11.511
threshold=0 1 -1.0000000180025095e-35 2 122.50000000000001 0.041449541226029403 4123.5000000000009 3.5000000000000004 3934.5000000000005 44.350000381469734 4.5000000000000009 49.95000076293946 0.32288415729999548 22.500000000000004 32.850000381469734 40.500000000000007 6.5000000000000009 3 4 85.500000000000014 5 29.500000000000004 22.500000000000004 24.500000000000004 6 21.500000000000004 7.5000000000000009 7 19.500000000000004 16.500000000000004
decision_type=9 9 2 9 2 2 2 2 2 10 2 10 2 2 10 2 2 9 9 2 9 2 2 2 9 2 2 9 2 2
left_child=4 2 3 -2 -1 -6 8 10 11 13 -8 12 -4 -10 15 -15 18 23 21 27 -21 -3 -19 26 25 -24 -18 28 -20 -30
right_child=1 16 6 -5 5 -7 7 -9 9 -11 -12 -13 -14 14 -16 -17 17 22 19 20 -22 -23 24 -25 -26 -27 -28 -29 29 -31
leaf_value=-0.038906787472376074 0.029702154869161432 -0.022137586152157739 0.055802819441845355 -0.034834267367709108 -0.10090987573404098 0.10870207406289736 0.05743042688284139 -0.0081261468770397107 -0.012150040886278513 0.074203462633558939 0.17441049660791896 -0.042745619296718163 0.0077907289948652703 0.31785166601957604 -0.10450192848969593 -0.015150829835676942 -0.011309399869008689 -0.058995411926638153 0.0067836789515827141 0.051684624264274719 -0.068034035204374857 0.06216077178370482 0.0083972952609560961 -0.0269655013392349 -0.034506453823105805 0.15118895228011833 0.039571766422297372 0.00020386809270916506 0.068027790650596845 0.0041573257758603889
leaf_weight=167.5761815183796 22.597150502726436 318.65524871414527 110.85502931149676 99.359494333155453 2.5700807701796275 7.1924096075817943 68.52809871872887 25.104953888338059 147.46637749951333 16.941935225855559 7.2194648706354192 12.421199580188839 47.867178842425346 2.7371110911481074 1.740905695594847 2.3255696943961084 50.878046366851777 130.66678355401382 736.1574366488494 8.0236517228186113 36.64684744598344 16.989835397340357 19.239816128276292 52.92254398111254 47.177220655139536 7.1568499035201958 119.43565359851345 5163.0001335740089 64.496920068748295 50.163454213179648
leaf_count=6004 371 5884 1458 1162 380 86 1112 543 2486 277 110 179 200 62 98 307 589 7058 11280 64 1277 313 379 475 1204 137 1177 68146 574 491
internal_value=-0.000133729 0.000674054 0.0144233 -0.0232972 -0.0320135 0.0535195 0.0251282 0.0494855 0.0179528 0.000690727 0.0685797 0.0352219 0.0413234 -0.00738244 0.0959542 0.164885 -0.0004845 -0.0133676 0.000376034 0.00138462 -0.0501903 -0.0173535 -0.0393862 0.0116783 -0.00991363 0.0341679 0.024372 0.00177002 0.0111406 0.0400847
internal_weight=7564.11 7386.77 565.164 121.957 177.339 9.76249 443.208 100.853 342.355 171.212 75.7476 171.143 158.722 154.27 6.80359 5.06268 6821.61 427.477 6394.13 6058.49 44.6705 335.645 204.241 223.236 73.5739 26.3967 170.314 6013.82 850.818 114.66
internal_count=113883 107413 8365 1533 6470 466 6832 1765 5067 3230 1222 1837 1658 2953 467 369 99048 11019 88029 81832 1341 6197 8778 2241 1720 516 1766 80491 12345 1065
cat_boundaries=0 21 41 61 77 98 114 125 146
cat_threshold=419430400 0 4 0 0 8192 1073872896 67113088 1024 0 0 9437184 0 20971520 16777216 33554432 0 268451840 3321888800 8927300 2 33562624 786432 6144 0 0 131200 2048 32768 8388608 603981824 32912 137 0 65536 8421376 197120 1088 16777216 0 1048578 33554432 0 0 0 0 128 2048 0 0 2048 0 0 0 0 0 65536 1024 16777216 0 1048576 536952832 536870912 268451856 16 0 2048 0 0 541065216 1090519072 131848 4100 0 8 0 2144 0 16384 268451905 16 0 2050 0 1082261504 65548 8192 8192 268959748 0 2056 134217728 2144 0 8192 540672 512 4 0 0 0 0 0 1 0 134217728 104857600 0 260 0 0 537395200 0 26 0 8192 262144 0 0 0 0 272 0 2181038080 589892 77070336 536936452 17825792 134217728 1048576 1074266112 8200 4194336 1048576 0 3355512832 4210944 0 1024 4 2 0 1048576 1 0 1024
is_linear=0
shrinkage=0.1


Tree=45
num_leaves=31
num_cat=12
split_feature=3 3 6 3 3 3 3 3 21 8 3 8 20 17 12 6 20 19 3 6 13 3 14 20 6 21 3 8 8 3
split_gain=19.1187 14.2819 8.69938 40.3855 29.3362 26.4528 15.8367 12.5153 12.8659 26.2805 19.6579 19.1573 14.6583 14.3394 8.43022 8.02134 11.4464 13.222 10.4056 7.97771 8.00175 7.87764 7.62394 7.48075 7.3768 8.53879 7.36729 7.35604 7.23711 7.17205
threshold=0 1 4.5000000000000009 2 3 4 5 6 3962.5000000000005 9.5000000000000018 7 20.500000000000004 0.10562875121831895 10.500000000000002 -1.0000000180025095e-35 3.5000000000000004 0.11979524791240694 0.060400804504752166 8 4.5000000000000009 0.16651432216167453 9 2.5000000000000004 0.020419289357960228 2.5000000000000004 3880.5000000000005 10 26.500000000000004 2.5000000000000004 11
decision_type=9 9 2 9 9 9 9 9 2 2 9 2 2 2 2 2 2 2 9 2 2 9 2 2 2 2 9 2 2 9
left_child=-1 19 3 14 -5 -4 23 8 10 12 -6 13 -10 28 -3 16 17 -11 -17 20 22 -13 26 -7 -16 -26 27 -2 -12 -8
right_child=1 2 5 4 7 6 29 -9 9 15 11 21 -14 -15 24 18 -18 -19 -20 -21 -22 -23 -24 -25 25 -27 -28 -29 -30 -31
leaf_value=-0.041960440479424786 0.02304055659967523 0.19772654538731049 -0.027799628112051857 -0.035625609313526665 -0.019657250992099702 0.08139919498995396 0.010002601562643695 0.00028819803184633561 0.1656704031168803 0.0031534816245459905 -0.011041115416457137 -0.037250071738997137 0.017297219611060195 -0.037635188353869128 0.13849355954085157 -0.03278539644955606 -0.015275871921120641 0.13532154990887049 0.033453549794414304 0.023233906830846099 -0.092172126901821971 0.026833881580171255 -0.053036459858709584 0.0180108552553566 0.089751036934404824 -0.038531801700195628 -0.0083999005094559775 0.11311971374520638 0.055343384105098661 -0.0044326328355050165
leaf_weight=99.479489036137238 63.146416974253953 7.958707842975854 406.3807822689414 184.73635967308655 152.90942375641316 20.183052345179021 373.84816337842494 1623.81507504615 22.87847217801027 11.941908305045215 18.185431135352701 50.723333870992064 9.3917819662019593 21.322494205087423 15.761150192469357 37.259950676932931 16.504791427403688 20.670654885936528 37.609798799268901 398.88413376640528 9.2204091688618046 21.326814962550998 21.430640378734097 240.05330696562305 17.101129198446873 7.4487539678812018 97.335722414311022 10.585235965438185 169.37612106045708 3402.852057376178
leaf_count=4251 1170 93 7640 2660 2115 1049 5129 20645 352 427 285 686 77 285 273 498 125 156 754 6787 206 312 1128 2696 118 248 1131 205 2027 50706
internal_value=-0.000473754 0.000133033 -0.00116431 0.00362218 0.0016021 -0.00380284 -0.00131507 0.00485473 0.0172065 0.0421019 0.00863653 0.023886 0.122489 0.0400729 0.0858816 0.0211796 0.0525826 0.0869249 0.000578078 0.0147918 -0.00116872 -0.0197269 0.00319023 0.0220786 0.0851044 0.0508284 0.0102341 0.0316765 0.0489069 -0.00298108
internal_weight=7590.32 7490.84 6890.24 2446.92 2398.65 4443.32 4036.94 2213.92 590.101 156.257 433.844 280.934 32.2703 208.884 48.2697 123.987 49.1174 32.6126 74.8697 600.603 201.718 72.0501 192.498 260.236 40.311 24.5499 171.067 73.7317 187.562 3776.7
internal_count=114234 109983 99356 32136 31404 67220 59580 28744 8099 2389 5710 3595 429 2597 732 1960 708 583 1252 10627 3840 998 3634 3745 639 366 2506 1375 2312 55835
cat_boundaries=0 20 40 59 79 99 119 139 150 168 182 202 223
cat_threshold=2097152 0 6 0 16777216 1073872896 2147483648 101187584 134219792 0 16384 9437440 0 6291456 0 67108864 0 268435456 171966464 50331648 268435456 262145 1074003968 0 128 262144 10240 134217888 0 704643072 5275648 512 0 16842752 268435456 2147614752 64 1048576 0 67116032 0 0 0 0 0 4096 0 4096 2097152 1073741824 2101250 0 0 536870912 0 4259840 0 65536 67108864 84476416 524288 16384 2 0 256 0 16777216 83886080 67108864 2281701824 2176 1073741824 1074298880 545259520 33556544 0 0 1024 16 134217728 8192 8388608 150994944 33554432 4096 4 4161 10486016 1073741824 2625538 0 0 536870920 0 4259840 0 65536 67240065 134250498 0 524288 0 2 268468224 449 134217728 0 83886113 0 2281701440 0 1073741824 1074298880 545259520 2120 67108864 0 64 524560 1614807040 8429568 268437504 2097152 4194304 532480 0 2359552 8388608 16777216 590340 2 0 1160 33554432 16777216 0 16785408 1 65536 1073741824 0 0 0 0 0 0 256 0 0 4 0 8388608 0 0 0 524288 0 0 0 0 65540 2 0 0 0 0 0 16777216 0 8192 2048 0 0 0 0 0 0 16777216 524288 2 0 1032 0 0 262144 0 0 0 10240 134217760 0 536870912 0 512 0 65536 0 2147483680 0 0 0 4096 83968000 0 16384 0 1572864 4 128 2165309440 0 268435496 257 2048 0 1 16777220 1536 0 8388608 99328 2105344 64
is_linear=0
shrinkage=0.1


Tree=46
num_leaves=31
num_cat=10
split_feature=3 3 16 0 3 3 20 3 21 21 16 11 16 6 14 11 7 3 14 16 19 8 11 21 17 17 3 14 3 3
split_gain=21.4803 11.5087 10.8692 9.27396 9.00316 11.1518 8.24286 12.5918 16.0456 14.2564 14.4147 17.0653 27.3322 11.4302 11.291 11.1702 9.99199 9.80861 8.27025 10.097 7.49991 7.49368 7.37601 8.33843 7.9137 7.31325 35.3496 12.8568 16.839 12.2621
threshold=0 1 7.5000000000000009 2 3 4 0.01766401901841164 5 3996.5000000000005 4004.5000000000005 10.500000000000002 11.500000000000002 6.5000000000000009 3.5000000000000004 49.500000000000007 5.5000000000000009 4.5000000000000009 6 1.5000000000000002 7.5000000000000009 0.037715183570981033 5.5000000000000009 5.5000000000000009 3955.5000000000005 4.5000000000000009 6.5000000000000009 7 1.0000000180025095e-35 8 9
decision_type=9 9 2 9 9 9 2 9 2 2 2 2 2 2 2 2 2 9 2 2 2 2 2 2 2 2 9 2 9 9
left_child=-1 2 20 -4 -3 -6 7 8 18 -10 11 15 -13 -9 -15 16 -11 -8 21 -20 -2 -7 24 -24 -22 29 -27 28 -28 -19
right_child=1 4 3 -5 5 6 17 13 9 10 -12 12 -14 14 -16 -17 -18 25 19 -21 22 -23 23 -25 -26 26 27 -29 -30 -31
leaf_value=-0.038154761119728639 0.097712987235220414 -0.022587306269643628 -0.049041314570819783 0.09619880929832747 -0.041530867701663476 0.14056984569109818 -0.036381455744793199 -0.081704599947438034 0.31521675671484184 0.078790661289868974 -0.10148448247792528 0.032862352701435164 0.64132493187787643 0.003700011404675841 0.26779948330439446 -0.10731349172119412 0.27061712853569675 -0.015165412504926918 -0.10182615842128272 0.18761395067855274 0.027551463092769325 0.016196768303676778 0.16407279705787747 0.032919841812155508 -0.025340777774720154 0.027498766412994608 0.024119691991574519 -0.032592266570157721 -0.021463338575338387 0.0030298369705424964
leaf_weight=136.91718311049044 14.895264722406862 167.11079841875471 32.0987628842704 5.0940446536988011 53.325152940815315 5.7415723493322721 62.876584283076227 17.317565106088296 2.861434123478829 21.873289695940922 3.7746650860644868 1.4910499961115413 1.4622583547607062 48.602525498252362 1.6745855836197723 2.8212701361626378 3.1002827482298008 387.70518277655356 9.3011154017876816 1.3846673141233612 163.73935327678919 31.003534417133778 7.6422836082056191 13.256256077438591 34.195109623484313 206.64596650912426 118.31221100687981 347.94706164533272 211.68926477711648 5422.0127466376871
leaf_count=6732 490 7163 835 33 2827 229 3374 771 126 830 403 156 58 2975 27 110 82 8172 871 164 1842 1344 87 210 421 2911 1237 6171 2080 61206
internal_value=-0.000291841 0.000459553 0.020313 -0.0291488 -0.000322214 0.000243777 0.000625728 0.0236246 0.0462717 0.10072 0.0829409 0.105581 0.334128 -0.0101378 0.0124964 0.0812971 0.102604 0.00010791 0.0131124 -0.0643204 0.0290529 0.0356306 0.0243794 0.0808805 0.0184138 0.000504231 -0.00796549 -0.0189022 -0.0050404 0.00179471
internal_weight=7537.87 7400.96 270.921 37.1928 7130.03 6962.92 6909.6 152.41 84.8151 37.3843 34.5228 30.7482 2.95331 67.5947 50.2771 27.7948 24.9736 6757.19 47.4309 10.6858 233.728 36.7451 218.833 20.8985 197.934 6694.31 884.595 677.949 330.001 5809.72
internal_count=113937 107205 3918 868 103287 96124 93297 8146 4373 1765 1639 1236 214 3773 3002 1022 912 85151 2608 1035 3050 1573 2560 297 2263 81777 12399 9488 3317 69378
cat_boundaries=0 21 41 42 62 83 104 125 144 156 176
cat_threshold=268959744 2147483648 0 268435456 1048576 2056 8 33816704 135170 0 268435456 9437184 0 0 0 83888128 8388608 268435456 20062208 268435524 16 17825792 8912900 4096 2 128 262208 0 4194304 209715200 2048 134234656 16384 0 16777217 0 131584 4211712 0 0 1049602 2 0 270548992 262149 512 0 0 0 1073741824 1032 134217736 0 272629760 0 1074266112 8 2147483648 67108880 512 2315798048 8704 0 134144 2248147040 0 524288 1073758224 32768 335691778 74560 0 0 0 0 0 33554432 128 0 0 6400 131073 5 8388608 0 0 33587200 4 0 1074006016 134217728 16793620 0 0 2048 0 0 8388608 1024 0 0 348127232 144785712 64 8388624 0 0 33554432 0 0 262144 134217728 16793620 0 0 2048 0 0 8388608 0 0 0 343932928 2113584 64 138412032 0 1074790402 2097168 0 524288 0 48 536870912 268435488 2147754257 6 0 4555776 16777216 50 2 0 1 1107296256 262144 8390656 134217728 0 0 134217728 256 6291456 67108864 3343496 4096 0 1048577 1048578 16 2160066560 136320 0 32 2097152 32 2147483664 10 0 360448 285212672 18 0 8388608 32769 8388608
is_linear=0
shrinkage=0.1


Tree=47
num_leaves=31
num_cat=11
split_feature=3 3 11 16 3 3 11 7 8 14 11 21 9 16 3 16 3 21 3 9 19 7 13 8 17 3 14 3 3 5
split_gain=17.2951 9.96296 10.0863 11.168 9.21348 10.5364 8.92092 8.54069 8.49993 8.19895 8.69694 7.48763 8.2935 7.42838 29.0259 10.3235 14.6329 7.94396 7.16651 15.5723 8.26152 9.52844 10.5348 8.15907 7.84064 23.1559 10.3841 10.3689 9.11 8.46856
threshold=0 1 544.50000000000011 49.500000000000007 2 3 -1.0000000180025095e-35 1.5000000000000002 1.5000000000000002 43.500000000000007 122.50000000000001 4207.5000000000009 57.95000076293946 40.500000000000007 4 158.50000000000003 5 3889.5000000000005 6 35.049999237060554 0.066077120602130904 1.5000000000000002 0.063285663723945632 10.500000000000002 15.500000000000002 7 1.0000000180025095e-35 8 9 10
decision_type=9 9 2 2 9 9 2 2 2 2 2 2 10 2 9 2 9 2 9 8 2 2 2 2 2 9 2 9 9 9
left_child=6 2 3 8 -3 -6 -1 -4 -2 10 11 12 -10 18 17 16 -16 -15 19 23 21 -21 -23 -7 27 -26 -27 -20 -29 -30
right_child=1 4 7 -5 5 13 -8 -9 9 -11 -12 -13 -14 14 15 -17 -18 -19 24 20 -22 22 -24 -25 25 26 -28 28 29 -31
leaf_value=-0.072569501622695529 -0.067020169088627568 -0.0288287708759533 0.21552628538282981 -0.12119519667071919 -0.050994697266682099 0.098617362208546389 -0.020056722086058618 0.023268447674241868 0.018291741534527877 -0.087893272074052356 0.10282425813084964 -0.031127591985890102 0.12234265069085773 0.13113296745883682 -0.0014675675395063902 -0.11329779064277218 -0.054253909724740271 0.028306252188076298 -0.034579179669226863 0.077907818318318389 0.00010310524509458178 -0.0086536497828576999 0.15968747053911386 0.02936779020728111 -0.034457535813585981 0.018414011690380937 -0.014754721403167496 0.010888183125692334 -0.05324128877734962 -0.00029836223239856121
leaf_weight=41.212874327320606 12.363879663404076 107.21562156896107 4.5660823774524015 6.1443168222904196 31.158085847040638 25.941034176386893 150.4376857788302 4.6776641288306564 339.3273629178293 7.2904711840674272 12.035720962099729 30.384719800204039 7.8372314078733316 16.57940807193518 130.55696369055659 14.04806505772285 84.64860213547945 13.739420638419686 72.609216525219381 31.222311242017895 495.05637018475682 41.836087670642883 4.0800149897113434 49.44101279322058 245.71474685822614 224.02246085181832 163.10839042859152 798.16627016966231 20.426291608717293 4364.8962676886003
leaf_count=1299 284 4530 126 146 1955 258 4077 150 6151 1125 144 725 123 113 1006 391 3548 339 777 833 4540 1111 118 481 5617 2281 2584 14753 332 54072
internal_value=-0.000902107 -0.000109036 0.0145788 0.012623 -0.00102814 -0.000550026 -0.0297945 0.118237 0.0146322 0.0171759 0.0191421 0.0164744 0.0206407 -0.000244167 -0.0168351 -0.0289774 -0.0248197 0.0635688 0.000414304 0.0103155 0.00484625 0.0352866 0.00630481 0.0531985 -0.000690819 -0.0112077 0.00432737 0.000574126 0.00113107 -0.000665534
internal_weight=7550.74 7359.09 424.627 415.384 6934.47 6827.25 191.651 9.24375 409.239 396.876 389.585 377.549 347.165 6796.09 259.572 229.254 215.206 30.3188 6536.52 647.577 572.195 77.1384 45.9161 75.382 5888.94 632.846 387.131 5256.1 5183.49 4385.32
internal_count=113989 108613 8974 8698 99639 95109 5376 276 8552 8268 7143 6999 6274 93154 5397 4945 4554 452 87757 7341 6602 2062 1229 739 80416 10482 4865 69934 69157 54404
cat_boundaries=0 20 39 60 81 97 116 137 157 177 197 198
cat_threshold=2097152 0 0 17 376832 1025 8 65536 4128 0 3150848 9437184 0 10747904 0 64 0 268435456 274726912 1140850694 16850944 1048576 2147483650 52428800 1048712 2176 8192 37120 2097152 0 0 2 0 128 2048 131088 67108930 16785408 65537 0 53248 1 0 256 64 0 1073741824 9224 67108864 0 268435456 0 4259840 512 1 2048 0 2249998880 2097952 80 0 133120 33554464 0 131104 16386 33280 269631490 66112 0 0 0 0 0 32768 132 16 16 2 139264 5 0 0 278528 0 0 0 0 134217744 0 4194304 589828 256 0 524297 0 33619968 0 536870916 0 2 0 0 134217728 8388608 608174080 687867904 2147754537 16388 0 0 0 8 0 0 64 134217728 65537 16777216 0 16777728 256 0 50331776 0 838861824 3221241872 4 0 1024 16777216 2147483906 8389120 0 142639104 786432 1024 1653080064 270336 268767248 134217728 0 0 134219776 16 0 1090519048 426246 0 0 1 0 33622016 0 64 0 2048 0 0 16384 0 2147491840 0 0 8388608 33554432 2048 0 256 0 1074266120 0 33562624 1024 0 16 16384 310903296 270336 269750272 2 0 0 2147485696 2097168 272 8 6 2049 0 1 536870916 4196352 0 8912896 0 2048 88
is_linear=0
shrinkage=0.1


Tree=48
num_leaves=31
num_cat=12
split_feature=3 11 9 3 18 3 13 3 17 19 19 11 3 19 19 8 20 3 6 18 13 3 3 6 3 3 3 3 21 20
split_gain=14.8088 14.2119 14.3235 10.6549 13.0325 9.04027 9.42326 9.02603 8.60198 8.59643 7.58402 7.36106 15.2813 8.82281 8.38591 10.9871 8.31462 7.91521 7.81089 6.77453 5.84334 18.98 6.07631 5.95807 28.1811 18.6554 15.276 12.6217 12.5329 12.137
threshold=0 73.500000000000014 53.750000000000007 1 -1.0000000180025095e-35 2 0.10532344505190851 3 36.500000000000007 0.14066277444362643 0.039246151223778732 -1.0000000180025095e-35 4 0.079421479254961028 0.066077120602130904 12.500000000000002 0.057879742234945304 5 8.5000000000000018 0.0018399404361844065 0.27292752265930181 6 7 4.5000000000000009 8 9 10 11 1049.5000000000002 0.068414777517318739
decision_type=9 2 10 9 2 9 2 9 2 2 2 2 9 2 2 2 2 9 2 2 2 9 9 2 9 9 9 9 2 2
left_child=1 2 -1 4 11 -6 8 -5 19 -3 -8 17 -13 14 15 -14 -17 -2 -15 -7 22 -22 -9 24 28 -25 -26 29 -24 -27
right_child=3 9 -4 7 5 6 10 20 -10 -11 -12 12 13 18 -16 16 -18 -19 -20 -21 21 -23 23 25 26 27 -28 -29 -30 -31
leaf_value=-0.041399485958596771 0.020709466216510267 -0.02358256432853232 0.12801019085663637 -0.032921195814838079 -0.02015231140975925 0.078837943165419894 -0.070161380216215749 -0.018407034193224675 -0.017409492912234127 0.11669104555076684 0.059238866927319583 0.00072286304441360194 0.1490026598628261 -0.0059242829150459603 0.1854870839225298 0.097889693426010893 -0.038382134794479855 -0.033836679642063265 0.07270304247940719 0.19041210991243601 -0.05721170172237168 0.0092070231962664405 0.099391833552501696 -0.01799831532340784 -0.024245356871534597 0.053515375669153147 0.0021599318543696036 -9.4847567598626745e-05 0.020123885264440394 0.0053937196894637543
leaf_weight=171.5053081177175 34.086826851591468 7.5964748647529658 5.1404108968563369 73.994184645824134 18.644593834877014 58.112703126389533 8.8421209552325326 155.08183854189701 8.5656885821372253 10.282396648079155 9.2858551964163762 272.2345747940708 10.219647431746127 30.974983701482415 7.3851713147014371 7.7919765622355071 10.525824712589381 68.456984523683786 21.337859623134136 6.0041726317722341 62.291164403082803 105.03769933176227 20.581249226350337 562.3614504027646 251.04896768485196 89.975803520530462 1358.0097096122336 3323.5120705896989 646.25257972651161 125.54169969260693
leaf_count=3801 559 311 121 3418 221 1362 329 4229 206 58 118 6700 247 237 92 242 172 1076 200 141 890 1439 211 9230 4220 1733 16851 46461 7730 1259
internal_value=3.42534e-05 -0.0265078 -0.0364696 0.000772113 0.0137511 0.0450238 0.0546107 -0.00034344 0.0767121 0.0570908 -0.00387754 0.00665529 0.0133803 0.0470215 0.0905101 0.0659311 0.0195848 -0.016985 0.026147 0.0892862 6.4891e-05 -0.0183874 0.000537653 0.0010256 0.00513043 -0.0012497 -0.00208418 0.00145844 0.022237 0.0243539
internal_weight=7540.68 194.525 176.646 7346.16 572.469 109.455 90.8105 6773.69 72.6826 17.8789 18.128 463.014 360.47 88.2355 35.9226 28.5374 18.3178 102.544 52.3128 64.1169 6699.69 167.329 6532.37 6377.28 2275.89 4101.39 1609.06 3539.03 666.834 215.518
internal_count=113864 4291 3922 109573 11902 2377 2156 97671 1709 369 447 9525 7890 1190 753 661 414 1635 437 1503 94253 2329 91924 87695 29012 58683 21071 49453 7941 2992
cat_boundaries=0 20 39 58 79 98 117 131 151 170 189 209 229
cat_threshold=69206016 0 1 0 1343258624 136 0 2147485696 41943040 0 1065216 9437185 0 0 8914948 268435456 0 285212672 131072 268468232 1107296256 8978432 1048576 50331648 0 2048 0 134217728 83886080 4194312 2281701376 512 1073741824 1074069504 553648128 131088 67108864 16464 327681 0 0 1048576 33554432 0 0 0 134217728 0 8 2147483648 0 1073741824 0 16777216 131072 0 16 1 0 268451840 64 0 64 536879104 1073741824 1073774592 1050184 32 4194304 268435456 0 128 0 8388608 0 8388616 2148027424 512 4 1107296256 8454144 0 0 0 2048 0 0 0 4194304 0 512 0 262144 536870912 131072 0 16448 327681 33554432 65536 0 33554432 0 2048 0 0 0 0 0 512 1073741824 0 0 131072 0 16448 65537 142671872 8192 1074006032 134217728 0 0 2048 16 0 3221225472 655445 4 0 1024 0 131072 18939904 0 2147483652 20 49152 336347138 134217728 1025 512 6144 0 4227072 0 33554432 16400 0 33554432 135274496 8388608 536879104 262144 134250496 4194304 528384 8 33558528 2097152 3221225472 2625542 2 0 536870912 0 21037058 2 0 67108864 8388624 40960 2048 2097152 8388608 528384 0 4264000 2099200 0 2625542 0 0 536870920 33554432 21037058 0 65536 67108992 822166016 262144 2147500034 16 0 256 2147485824 16777216 0 33554432 193 256 0 2621440 0 3168 0 1048576 64 67109136 268632064 1 16384 2 136 0 2147483648 17825792 1 33554432 1073742016 384 0 2097152 268435456 64 0 1572864 134217728 67108864
is_linear=0
shrinkage=0.1


Tree=49
num_leaves=31
num_cat=2
split_feature=10 9 20 21 10 5 1 11 6 20 20 11 8 19 10 9 11 16 21 8 21 8 11 20 21 6 20 19 6 8
split_gain=11.7545 7.46341 9.12135 6.68505 6.29734 7.17607 6.56636 13.619 8.3346 8.79013 6.67461 10.514 5.83932 8.27506 6.92104 5.68812 5.68462 9.41445 7.77361 7.47219 6.85514 12.0747 8.49562 6.17267 5.77154 9.03773 15.6806 7.07655 6.73439 6.66111
threshold=0.021455688402056698 42.350000381469734 0.021400672383606437 1.0000000180025095e-35 0.10932103917002679 0 1 2.5000000000000004 5.5000000000000009 0.17755378782749179 0.13841190934181216 -1.0000000180025095e-35 1.5000000000000002 0.039246151223778732 0.083343807607889189 20.050000190734867 812.50000000000011 38.500000000000007 4067.5000000000005 11.500000000000002 3889.5000000000005 8.5000000000000018 487.50000000000006 0.12742771208286288 3318.5000000000005 2.5000000000000004 0.070622149854898467 0.031027934513986114 6.5000000000000009 13.500000000000002
decision_type=2 10 2 2 2 9 9 2 2 2 2 2 2 2 2 8 2 2 2 2 2 2 2 2 2 2 2 2 2 2
left_child=1 -1 -3 -2 12 6 7 10 -9 -10 -6 -12 13 -5 -15 -8 17 24 19 -18 21 -19 -22 -23 25 26 -14 28 -27 -28
right_child=3 2 -4 4 5 -7 15 8 9 -11 11 -13 16 14 -16 -17 18 20 -20 -21 22 23 -24 -25 -26 27 29 -29 -30 -31
leaf_value=-0.0397677765820987 0.062832554998311974 0.015739013633655274 0.31491757433842249 -0.078138953210648718 -0.024299073369909264 -0.036580862691324843 -0.046834846514446499 0.012824312141832845 0.11581688635522065 0.027155163955580403 0.068232287216604917 -0.00023442488332278246 -0.048540225277242846 0.018024421971154055 -0.040005621276068729 0.0028689419159283317 0.22995540424417038 0.18991118729117404 -0.026969494835332886 0.046374973867088429 -0.078393639103830348 -0.077015978124543499 0.0085966199933666561 0.11295953823397327 -8.4790561427707106e-05 0.19062663516299341 0.015680426555640743 -0.022958877085011514 -0.027557882950770909 0.1031635663154462
leaf_weight=101.75202630530111 17.175117124803364 6.8222684406209719 1.198004014091566 23.475844986038283 55.323988813906908 34.955913819372654 23.176741868257523 28.770015124231577 28.616694211959839 18.35397669672966 30.558611907064915 84.308040574193001 19.395045036450028 41.34416681015864 40.868741825222969 3504.2932243086398 3.5577628710307163 3.3609999683685592 6.4357944559305897 5.8839395216200501 40.105570099083707 7.0810406135860813 15.591185226337982 2.2549781110137701 3082.7260633211117 3.0572813451290122 15.927151674404739 284.42389643704519 2.632972679566592 19.190388091374189
leaf_count=10368 133 836 96 1026 353 245 149 182 156 101 155 425 403 836 509 21508 94 152 267 193 2978 501 637 35 66368 122 151 4877 151 170
internal_value=3.72603e-05 -0.0324472 0.0604279 0.000516364 0.00037223 0.00321038 0.00366622 0.0191561 0.0552102 0.081172 0.00423642 0.0179802 -0.00261581 -0.0257752 -0.0108228 0.00253518 -0.00191879 -0.00218994 0.0577814 0.115551 -0.0389265 0.0273812 -0.0540425 -0.0311302 -0.00145685 -0.0137301 0.0236286 -0.0207498 0.0896691 0.0634866
internal_weight=7552.62 109.772 8.02027 7442.85 7425.67 3808.36 3773.4 245.931 75.7407 46.9707 170.191 114.867 3617.31 105.689 82.2129 3527.47 3511.62 3495.75 15.8775 9.4417 68.3938 12.697 55.6968 9.33602 3427.35 344.627 54.5126 290.114 5.69025 35.1175
internal_count=114177 11300 932 102877 102744 23274 23029 1372 439 257 933 580 79470 2371 1345 21657 77099 76545 554 287 4303 688 3615 536 72242 5874 724 5150 273 321
cat_boundaries=0 1 2
cat_threshold=4 42076160
is_linear=0
shrinkage=0.1


Tree=50
num_leaves=31
num_cat=10
split_feature=3 3 11 3 21 21 3 9 9 11 6 3 8 3 3 11 8 3 3 9 19 11 16 8 11 3 21 9 9 19
split_gain=18.8433 15.0759 9.91792 11.2979 7.15426 7.13696 7.7991 12.3291 15.5321 7.27969 8.34982 10.6712 6.9949 44.8358 12.7803 9.9441 11.4209 9.43085 9.31754 9.87825 8.32416 8.2274 15.2002 10.0627 9.09917 7.23904 14.5514 8.91584 7.94937 11.0411
threshold=0 1 -1.0000000180025095e-35 2 4037.5000000000005 1.0000000180025095e-35 3 29.550000190734867 26.150000572204593 -1.0000000180025095e-35 11.500000000000002 4 26.500000000000004 5 6 1.5000000000000002 27.500000000000004 7 8 31.94999980926514 0.034504707902669914 12.500000000000002 1.5000000000000002 18.500000000000004 -1.0000000180025095e-35 9 4110.5000000000009 52.750000000000007 40.250000000000007 0.26500867307186132
decision_type=9 9 2 9 2 2 9 8 10 2 2 9 2 9 9 2 2 9 9 8 2 2 2 2 2 9 2 10 8 2
left_child=-1 2 3 4 -2 -3 7 8 -7 -9 11 -11 14 15 -8 16 -14 20 -15 -20 21 22 23 24 -16 26 28 -28 29 -19
right_child=1 5 -4 -5 -6 6 12 9 -10 10 -12 -13 13 18 17 -17 -18 25 19 -21 -22 -23 -24 -25 -26 -27 27 -29 -30 -31
leaf_value=-0.023760264511094926 0.13939607642502638 0.062369824829136472 0.019611763203488487 -0.018496897362247373 -0.00021839348396410362 -0.021336390326809257 -0.02339824519452537 -0.04886037811643431 0.17690000552818777 0.0089251320369403194 -0.08879844675427491 -0.038144976099904311 0.027574821633771174 0.029980236699591829 0.13956899952614196 -0.079418644072620351 -0.043304203178505092 -0.028056692231886966 -0.054379232606755701 0.011330868507758579 0.01456695396413113 -0.070167026622046463 0.29186945379043067 0.18293719653232654 -0.051663299101447846 -0.003206786542956544 -0.024705718276692948 0.083873273283485913 0.019908011928630898 0.077969296359729712
leaf_weight=326.16241183225065 9.9302309025078994 17.655754815787077 606.67410282371566 138.0945250838995 5.8223103471100321 8.739148057298733 252.63763068243861 74.643220301019028 7.2159759483765802 136.18978629028425 13.455299677560104 62.833419318078086 30.711023734882474 354.63504267530516 3.7013263460248789 46.641978643834591 87.515642977319658 71.735950676724315 24.515198877081275 342.54238051082939 133.07815373712219 3.149551266571506 3.530870283022522 4.8738706717267624 7.5913373101502666 4082.8883595438674 149.97009278531186 7.9642070084810248 489.62519607041031 11.379810020327566
leaf_count=8178 168 129 10518 1937 193 325 7887 1712 121 2885 335 1752 353 3913 126 721 1009 908 406 6521 1961 277 107 150 218 52572 2414 109 5690 66
internal_value=-0.000619765 0.000462377 0.0136812 -0.00881606 0.053702 -0.00112006 -0.00129664 -0.0166902 0.0683194 -0.0219955 -0.0125579 -0.00740349 -0.000504748 0.00770713 -0.00189985 -0.0380125 -0.0248924 -0.000758306 0.0184231 0.00675808 0.0226856 0.0799042 0.1039 0.0628464 0.0110157 -0.00156318 0.00754032 -0.0192304 0.015054 -0.0135401
internal_weight=7516.1 7189.94 760.521 153.847 15.7525 6429.42 6411.76 303.077 15.9551 287.122 212.479 199.023 6108.69 886.561 5222.13 164.869 118.227 4969.49 721.693 367.058 155.925 22.847 19.6974 16.1665 11.2927 4813.56 730.675 157.934 572.741 83.1158
internal_count=113661 105483 12816 2298 361 92667 92538 7130 446 6684 4972 4637 85408 12923 72485 2083 1362 64598 10840 6927 2839 878 601 494 344 61759 9187 2523 6664 974
cat_boundaries=0 20 40 57 78 92 113 133 154 174 194
cat_threshold=16 0 1048578 17 3145728 4352 268288 32 32 8200 268435472 9437184 0 0 16777216 1024 4194306 1048576 21102592 98312 840450048 8912897 65536 33554434 0 1074530304 0 256 0 67108896 2147696770 768 0 0 0 16 1088 0 0 69206016 34078720 0 65536 0 0 264192 0 0 0 0 2 0 0 0 0 0 1024 16842752 16384 5 16785408 4210688 0 0 0 1032 33554432 1074791424 18435 0 2129921 584 67108864 512 268435456 2147484160 512 16 65536 0 0 0 0 0 0 0 0 33554432 1049600 2 0 1 4194304 73728 1086341136 2097152 0 0 8 0 153092096 687868928 524576 0 0 524288 0 25165888 0 0 66560 527360 1024 1073872896 4 2359296 0 32780 64 1073741824 264320 22530 0 8192 0 1073741824 16777216 32768 256 0 520 32769 1052676 71303168 1048576 2147483648 0 33554464 0 0 0 142606336 134218752 134221856 0 0 0 4 2176983048 16 16400 1073741824 3088 1024 1207959552 537133056 268699648 0 8 0 132 4112 71303168 1073741824 303113 0 1073741824 0 0 33619968 0 16777216 1048577 1052672 0 4096 25186320 32768 268959744 4 8 8396801 2097152 2147483648 524544 4096 0 65536 8390656 2050 8388608 8912896 128 142622721
is_linear=0
shrinkage=0.1


Tree=51
num_leaves=31
num_cat=7
split_feature=3 3 18 3 14 7 5 19 16 16 20 16 16 19 3 20 16 7 3 14 16 3 11 17 11 18 8 14 19 13
split_gain=16.2906 13.2524 8.17349 6.78664 13.5933 8.94674 7.31845 7.37639 6.63195 6.45924 6.02121 16.3548 10.5022 8.43029 7.66659 16.9752 10.417 5.43236 5.22172 9.63194 8.23392 14.6515 12.4023 11.6174 9.94812 8.49471 8.4447 7.79523 10.3544 15.5213
threshold=0 1 -1.0000000180025095e-35 2 5.5000000000000009 5.5000000000000009 3 0.32288415729999548 3.5000000000000004 21.500000000000004 0.0077201472595334062 2.5000000000000004 15.500000000000002 0.014511374756693842 4 0.014127987902611496 4.5000000000000009 3.5000000000000004 5 40.500000000000007 1.5000000000000002 6 56.500000000000007 1.0000000180025095e-35 2.5000000000000004 -1.0000000180025095e-35 8.5000000000000018 5.5000000000000009 0.027735499665141109 -1.0000000180025095e-35
decision_type=9 9 2 9 2 2 9 2 2 2 2 2 2 2 9 2 2 2 9 2 2 9 2 2 2 2 2 2 2 2
left_child=-1 2 -2 4 5 6 7 -3 17 -10 11 13 -13 -5 15 -12 -17 -4 20 -20 23 -22 24 -16 -23 -24 -25 -26 29 -29
right_child=1 3 8 10 -6 -7 -8 -9 9 -11 14 12 -14 -15 18 16 -18 -19 19 -21 21 22 25 26 27 -27 -28 28 -30 -31
leaf_value=-0.031664081844728131 0.013370324094649161 0.0142722614382234 0.10803889302990471 -0.051110683159358974 -0.059617617455529126 0.061358253508010691 -0.04378459172756223 -0.022976331754960597 -0.037202060548826292 0.080524887349951377 -0.10362851509482998 0.21615310906088545 0.0098416528608828071 0.086611303651742189 0.0046418419418999173 -0.0027873155100303255 -0.057511954271797276 0.0099558454928212799 -0.0024024916022767962 -0.046910495604265245 -0.028255499204827134 -0.016263152653074028 0.025471539200871748 0.023897911884528819 0.097785516459669042 -0.073248391883963468 -0.058120635490378728 -0.011563085448008733 -0.053289932403797625 0.41870922984266024
leaf_weight=158.25386582431383 234.57482549268752 554.97829695325345 24.549555687233809 14.788417277392005 28.187136560678482 33.863105499651283 16.359552062116563 58.797387599945068 11.346550723072143 7.9090150361880651 21.803479046793655 6.8596377982757968 3.8534145071171224 6.3544539492577305 746.40497711533681 213.58033447060734 41.550602725939825 7.3336197417229405 5059.0237506937701 49.094351985026151 35.88203231501393 12.138327006250618 39.868954236386344 16.53970700642094 55.514225193765014 11.155276389326898 52.085011024726555 2.2247124202549453 8.2427679360844177 1.3453920767642555
leaf_count=6410 4231 6513 453 456 1110 286 154 345 176 159 1711 224 253 457 8934 2976 867 137 69323 2636 983 162 1356 401 918 385 1244 203 442 114
internal_value=-0.000897282 -0.000194002 0.0205483 -0.00105758 0.00827849 0.0112854 0.00859451 0.0105324 0.0574922 0.011153 -0.00207892 0.0412852 0.141944 -0.00971857 -0.00229917 -0.0182775 -0.0116998 0.0854783 -0.00153998 -0.00282473 0.00510809 0.0254336 0.039347 0.00102174 0.067066 0.00388869 -0.0383528 0.0820893 0.00832541 0.150585
internal_weight=7534.46 7376.21 285.714 7090.5 692.185 663.998 630.135 613.776 51.1387 19.2556 6398.31 31.8559 10.7131 21.1429 6366.45 276.934 255.131 31.8832 6089.52 5108.12 981.401 166.372 130.49 815.03 79.4654 51.0242 68.6247 67.3271 11.8129 3.5701
internal_count=114019 107609 5156 102453 8408 7298 7012 6858 925 335 94045 1390 477 913 92655 5554 3843 590 87101 71959 15142 4563 3580 10579 1839 1741 1645 1677 759 317
cat_boundaries=0 20 41 61 62 83 103 123
cat_threshold=4259840 0 272629760 268468224 8388608 4096 0 539035776 131088 1032 1073741824 13631488 0 1 0 64 0 805306368 134217728 541760 16801792 557056 0 2097170 512 0 4104 4198400 67108864 536870912 4194304 136 0 16842752 8388608 71305232 18 1048576 262144 68157440 16 77725712 2097152 1073741826 0 268451848 8192 132 0 9437184 1094713344 4096 512 0 525312 2052 25166080 16384 64 1073741824 2097152 4 0 268582912 2147500033 512 16777216 536871168 0 0 1068 0 17 268435712 0 0 0 0 0 0 285753360 37748993 2 1342177280 8716288 2162688 0 160 525312 2048 2189426688 4194304 268435456 0 2048 0 128 905969728 1536 67108864 8388616 67108992 65536 0 327680 65536 0 0 524288 0 2147483648 0 268435456 0 0 0 0 0 0 0 0 67108992 65536
is_linear=0
shrinkage=0.1


Tree=52
num_leaves=31
num_cat=9
split_feature=3 3 8 18 21 9 14 3 3 5 11 3 20 21 3 21 8 13 8 3 9 3 11 8 9 12 8 9 20 19
split_gain=17.4333 14.9694 12.4663 10.0491 8.41528 8.25935 6.6208 15.0233 8.19005 10.2155 10.5627 20.8398 11.2736 7.81526 6.69656 12.0224 6.92375 6.47491 6.20238 6.00228 13.4545 8.76882 7.96792 9.23825 8.53102 7.19263 8.42108 6.84716 5.98413 5.91986
threshold=0 1 3.5000000000000004 -1.0000000180025095e-35 4103.5000000000009 72.649997711181655 19.500000000000004 2 3 4 -1.0000000180025095e-35 5 0.2030037119984627 3911.5000000000005 6 4181.5000000000009 24.500000000000004 0.025751547887921337 5.5000000000000009 7 60.750000000000007 8 -1.0000000180025095e-35 11.500000000000002 24.050000190734867 87.500000000000014 16.500000000000004 20.050000190734867 0.11979524791240694 0.20937028527259829
decision_type=9 9 2 2 2 8 2 9 9 9 2 9 2 2 9 2 2 2 2 9 10 9 2 2 8 2 2 8 2 2
left_child=2 4 -1 -4 -2 -5 8 -8 9 -3 11 -11 18 29 15 -10 -17 -6 -13 22 25 -22 23 28 -24 27 -27 -21 -16 -9
right_child=1 6 3 5 17 -7 7 13 14 10 -12 12 -14 -15 19 16 -18 -19 -20 20 21 -23 24 -25 -26 26 -28 -29 -30 -31
leaf_value=0.061046356877716014 -0.041329705814916157 -0.057606753933954029 0.0050656650756079162 0.00028351739849290209 -0.0065882957889712036 0.063406579341812361 -0.056103536526626599 0.024085971184428165 -0.034660299106704671 -0.030652561131506429 0.016778275527361587 -0.034285495598893344 -0.041322147631145875 -0.0065629529565004886 -0.0044931250514835472 0.014013959318989353 0.14549169743009904 0.10793367796055053 0.093775341758971717 -0.054022856779461809 0.07706503589608385 0.00056136917961906228 0.061765097689180572 -0.0085806208413367942 -0.013734326885611861 0.0043967073889324675 0.13371351367099224 -4.6355369575712209e-05 0.041782623855873703 0.15802403980658364
leaf_weight=57.311127919703722 149.0406689485535 12.870275818277149 407.34419309021905 31.604747517034411 43.60723452270031 60.234714474063367 59.905271803960204 9.2925376130733621 130.78527264855802 128.99339314363897 637.27865854953416 4.3068401496857396 10.166526839137076 112.68844962585717 41.228444889187813 17.290101268794391 5.2129033999517551 5.5672040232457212 31.037704932969064 23.630019392818213 27.684039417654276 35.361023013247177 15.235645236447452 172.70244881836697 846.49455700186081 11.96966167073697 8.692750755697487 4331.135738006793 86.727984506636858 5.1170689314603797
leaf_count=704 4679 151 5409 427 1273 795 4357 348 3297 1905 9238 123 59 2123 817 403 93 153 752 247 221 585 279 2633 15350 150 114 56643 791 25
internal_value=-0.000295352 -0.00166497 0.0165762 0.0118027 -0.0280778 0.041684 -0.000850869 -0.0194064 -0.000324719 0.00893456 0.0106777 -0.0109894 0.0422043 0.00213621 -0.00166434 -0.0216324 0.0444713 0.00637712 0.0781707 -0.00108026 0.000599581 0.0464681 -0.00744498 0.00650765 -0.0123995 -5.99638e-05 0.0588007 -0.000339245 0.0268723 0.0716494
internal_weight=7520.52 6964.02 556.495 499.184 198.215 91.8395 6765.81 187.003 6578.8 824.653 811.783 174.504 45.5111 127.098 5754.15 153.288 22.503 49.1744 35.3445 5600.86 4438.47 63.0451 1162.39 300.659 861.73 4375.43 20.6624 4354.77 127.956 14.4096
internal_count=114144 106809 7335 6631 6105 1222 100704 6853 93851 12228 12077 2839 934 2496 81623 3793 496 1426 875 77830 57960 806 19870 4241 15629 57154 264 56890 1608 373
cat_boundaries=0 20 40 56 76 77 97 118 139 151
cat_threshold=16777216 2097152 4200448 16 1081344 12288 0 160 0 1342177280 13954 513 0 4259840 41945088 2147614720 4194304 0 1 4 536870912 8 262144 268435456 1074004480 2056 0 32768 16 0 4194304 9437184 0 128 285736960 0 0 268509248 138413056 4456458 1082130432 8192 1074790400 134217728 0 0 0 0 2097152 2151677952 524372 6 0 0 0 2050 235012096 1 17825794 16777216 16777216 262272 12 6291456 2097152 16777216 32772 4210690 1073741824 16777216 0 2 1024 1048576 1074069504 2097152 66 0 0 1048578 0 0 0 12 4194304 0 0 32772 2 0 0 0 2 0 0 327680 2097152 0 9453568 268435521 67108864 4210688 2 262144 1073741825 66696 0 0 268435456 0 8 512 0 0 16777216 2416459808 134218256 4 1073741824 73728 0 32768 8388608 524288 0 2149253120 536870912 536870912 1476460544 0 0 0 0 8454192 2048 8912904 101711872 256 128 0 536870912 0 0 0 0 0 272 0 2181038080 147785 4
is_linear=0
shrinkage=0.1


Tree=53
num_leaves=31
num_cat=7
split_feature=3 3 14 14 3 14 14 14 20 3 12 3 19 17 13 7 21 8 8 21 8 8 19 14 3 17 7 8 8 3
split_gain=21.7308 10.9208 8.08455 12.2709 7.63605 6.83809 6.64973 10.7077 6.60199 5.64729 8.13099 13.7942 10.1145 9.50983 8.01913 7.7456 25.705 24.1633 11.6211 6.69992 6.64662 6.82871 7.49406 7.23953 6.38115 5.92464 5.60198 5.46574 5.46119 31.5224
threshold=0 1 7.5000000000000009 46.500000000000007 2 233.50000000000003 167.50000000000003 56.500000000000007 0.052169710397720344 3 -1.0000000180025095e-35 4 0.071858197450637831 280.50000000000006 0.1250899285078049 3.5000000000000004 4110.5000000000009 11.500000000000002 6.5000000000000009 3880.5000000000005 28.500000000000004 10.500000000000002 0.019691142253577713 1.5000000000000002 5 13.500000000000002 3.5000000000000004 12.500000000000002 26.500000000000004 6
decision_type=9 9 2 2 9 2 2 2 2 9 2 9 2 2 2 2 2 2 2 2 2 2 2 2 9 2 2 2 2 9
left_child=-1 2 26 -4 8 6 7 9 -3 10 11 19 13 15 24 20 17 18 -17 -6 21 -12 -23 -24 -14 -26 -2 -8 -11 -30
right_child=1 4 3 -5 5 -7 27 -9 -10 28 12 -13 14 -15 -16 16 -18 -19 -20 -21 -22 22 23 -25 25 -27 -28 -29 29 -31
leaf_value=-0.030340056257059839 0.031440490464496727 -0.068651124151593065 -0.081360002268129256 0.13850735247567289 0.13418178018407256 -0.067110393781034436 0.12807585047560285 -0.052126861323034894 -0.012826377375815793 -0.0014711266443130971 -0.0051463017298365452 -0.026039225502683651 -0.021458075171429218 0.15096090950662644 -0.063272759774382015 0.13865351127808509 -0.024681705042154958 0.035839425492955511 0.31910123100152393 0.011007014476053135 -0.05240298774550825 0.16845779967769547 0.048717382088730263 -0.025898232830723525 0.023312614917561925 -0.026113585299924299 0.00047542764177805632 0.011078747575962692 -0.029793778731538725 0.015944547892767072
leaf_weight=221.43133211205713 219.21800129814073 28.595732518704608 15.380030685337262 3.0401067847851655 10.405050087720157 14.977537631290032 7.3786355156917152 38.617065982427448 81.741081166081131 5261.1950867560226 52.02111925650388 107.76167720928788 51.648415497504175 6.5571384141221634 17.054594367742538 8.8117013378068823 20.669190054293722 16.521237929817289 5.9985276423394671 7.6720306724309912 12.600556681863962 4.3613888560794285 65.596722276415676 16.218144368845969 169.88325158972293 28.290689771063626 79.653772928286344 8.7023134629707766 179.22757876198739 740.50743524776772
leaf_count=7719 3923 2606 487 224 77 1347 176 1678 906 69784 1218 2149 546 134 246 152 452 364 117 195 288 167 1307 600 2405 619 1438 238 1928 10314
internal_value=-0.000172912 0.00078522 0.0186376 -0.0450725 -5.38437e-05 0.000384124 0.000532528 0.000381116 -0.0250262 0.000680056 0.009842 -0.0126019 0.0159792 0.0324334 0.00307147 0.028601 0.0618814 0.118987 0.21174 0.0527339 0.0171247 0.0234641 0.040735 0.0339263 0.00760058 0.0154758 0.0231878 0.0647621 -0.000227944 0.006881
internal_weight=7501.74 7280.31 317.292 18.4201 6963.01 6852.68 6837.7 6821.62 110.337 6783 602.071 125.839 476.233 209.356 266.877 202.799 52.0007 31.3315 14.8102 18.0771 150.798 138.197 86.1763 81.8149 249.822 198.174 298.872 16.0809 6180.93 919.735
internal_count=113804 106085 6072 711 100013 96501 95154 94740 3512 93062 11036 2421 8615 4799 3816 4665 1085 633 269 272 3580 3292 2074 1907 3570 3024 5361 414 82026 12242
cat_boundaries=0 19 40 61 81 98 116 137
cat_threshold=135790592 0 128 33587200 0 128 2048 4259840 25167876 2048 268435488 9437184 0 65536 0 41951808 2 268435520 1082131472 0 1 285229056 16777216 4210944 10304 0 4096 136314880 201334792 4194304 520 0 557184 2048 2 0 8192 327680 2050 16 0 8411136 8388641 0 0 131088 0 1073741824 230409 1 0 268435584 0 0 8 268500997 0 0 2147502112 512 9 268574720 524292 0 0 33587200 4096 12288 160 1048608 0 135184 4098 0 25427968 8388612 2218786816 8391168 16 0 2097152 131072 4 0 0 32768 0 0 32 32 0 4096 0 0 16777216 0 2147483648 8389120 0 4 0 0 0 4096 0 32 0 0 16 0 0 0 0 0 8389120 16 541065216 1114112 1073741840 2097152 0 256 262152 0 0 2181039104 2149057986 0 0 0 0 16779312 4194304 1064960 0 67109888 1024
is_linear=0
shrinkage=0.1


Tree=54
num_leaves=31
num_cat=9
split_feature=3 3 21 21 21 16 11 11 3 6 3 9 8 8 21 21 14 3 16 16 3 3 9 3 20 21 3 8 8 8
split_gain=16.8886 14.0226 8.28096 10.3329 9.61816 7.39251 8.53951 7.13576 6.7023 10.5847 8.62953 12.2028 11.9303 9.37098 13.1864 8.58866 7.67776 20.5469 15.6742 11.6566 11.009 10.4973 11.4451 8.00535 10.1226 22.9262 9.10257 8.12002 10.3008 9.97188
threshold=0 1 4123.5000000000009 4017.5000000000005 4049.5000000000005 26.500000000000004 434.50000000000006 45.500000000000007 2 5.5000000000000009 3 60.750000000000007 6.5000000000000009 20.500000000000004 4103.5000000000009 4116.5000000000009 5.5000000000000009 4 3.5000000000000004 22.500000000000004 5 6 36.95000076293946 7 0.0077201472595334062 4177.5000000000009 8 3.5000000000000004 25.500000000000004 19.500000000000004
decision_type=9 9 2 2 2 2 2 2 9 2 9 8 2 2 2 2 2 9 2 2 9 9 8 9 2 2 9 2 2 2
left_child=-1 2 3 5 -5 -2 -7 -6 9 -3 11 -11 -13 14 -14 -15 23 19 21 -18 -20 -19 -23 27 25 -25 -26 -10 29 -29
right_child=1 8 -4 4 7 6 -8 -9 16 10 -12 12 13 15 -16 -17 17 18 20 -21 -22 22 -24 24 26 -27 -28 28 -30 -31
leaf_value=-0.022417629651766052 0.027517824393750723 -0.04282201636265888 0.043583337683209135 -0.050563604763310503 -0.0032001659399246668 -0.083161872322215336 0.060646185864064221 0.092100413837621131 0.048866251403120967 -0.044068730530430873 -0.033733901557467867 -0.044767184109310465 0.15179221652711747 -0.054690500504012154 0.026452569076214662 0.070612717357201191 0.02466248494002703 0.012405584769495819 -0.054905601944332971 0.13740826141115428 0.00018890204273166783 0.0031617190951375527 -0.092165825150047509 0.035150111806097721 -0.023978120986031103 0.38167463326243134 0.00095990916422254073 0.011426301136790775 0.03905476517780683 -0.025074755908872773
leaf_weight=301.1576437484473 230.98161605698988 93.553741206414998 101.92026913817972 43.766311701852828 58.265007984824479 12.959726788802074 6.0600523217581204 9.0814771074801666 57.759157006628811 22.658315662294626 38.17155298194848 13.246984895318745 18.161439828574657 10.615697443485262 15.606276884675024 11.285480784252284 32.873397092800587 24.235942845931277 32.395814661169425 12.717662474140523 260.00937803881243 15.596530731767414 65.432797022629529 24.480904527241368 140.4662016350776 2.0707515825051805 5364.388223414775 294.37318908167072 93.531648967182264 100.36333868233487
leaf_count=5483 2891 1837 1906 802 1145 253 77 193 809 259 2083 118 125 97 166 113 414 995 1117 88 4680 945 4381 1734 4138 204 68829 4757 1585 1685
internal_value=0.000394465 0.0013769 0.0180217 0.0113062 -0.0140671 0.0225834 -0.037342 0.00965084 0.0002091 -0.0164459 0.0013052 0.0176655 0.040526 0.0608223 0.0938645 0.00987712 0.000803755 -0.0119008 -0.019215 0.0460191 -0.00778633 -0.052787 -0.065708 0.00173169 0.000577811 0.0621754 0.000281756 0.013169 0.00921597 0.00214576
internal_weight=7508.19 7207.03 463.034 361.114 111.113 250.001 19.0198 67.3465 6743.99 223.299 129.746 91.5742 68.9159 55.6689 33.7677 21.9012 6520.69 443.262 397.67 45.5911 292.405 105.265 81.0293 6077.43 5531.41 26.5517 5504.85 546.027 488.268 394.737
internal_count=113909 108426 7267 5361 2140 3221 330 1338 101159 4798 2961 878 619 501 291 210 96361 12620 12118 502 5797 6321 5326 83741 74905 1938 72967 8836 8027 6442
cat_boundaries=0 21 41 62 80 96 112 124 143 164
cat_threshold=4194304 8388608 268500994 1 0 0 0 2627840 4098 0 262144 9437184 0 16843776 67633156 285220864 8389120 0 192 1073743872 1024 553648128 786432 12584960 33554448 16896 131072 0 128 0 335546368 4203008 0 0 129 0 4390912 0 16 33619968 68158468 0 268435456 2147483649 69272064 0 16384 32768 1179712 132104 65536 16448 0 0 0 2560 64 0 285229056 2148008480 8736 64 0 0 2147483648 0 0 0 0 0 0 0 64 0 0 0 0 64 0 16793600 134283264 0 16 0 0 0 0 0 536870912 32 0 0 0 8 16777216 33556512 0 8192 1074806784 0 0 0 0 0 0 134217728 2147483649 2 0 0 0 18 16384 536870912 1073758208 0 0 0 0 0 0 33554432 266 6 310394880 0 1048576 16777216 0 2176 134227972 8192 2097152 0 2149060608 384 0 1082654720 0 67108882 67108864 65536 1082130433 134348800 135168 16384 0 0 0 0 0 32 8 2 0 0 8 16777216 41945120 0 1048576 285212688 37748995 2
is_linear=0
shrinkage=0.1


Tree=55
num_leaves=31
num_cat=0
split_feature=10 21 20 14 6 9 17 11 6 10 6 20 11 16 16 21 20 20 7 13 16 16 10 11 11 16 13 20 20 9
split_gain=8.49333 11.6584 10.6413 7.48371 7.01684 9.1492 12.1721 8.32927 9.37787 8.02294 6.71418 7.84918 9.71088 9.86363 7.50005 6.66965 7.63042 6.4972 8.10029 6.42991 5.82871 13.966 13.927 9.44412 7.10906 6.05974 5.77111 6.27984 11.5706 10.5367
threshold=0.08939316496253015 504.50000000000006 0.076225738972425475 87.500000000000014 4.5000000000000009 38.149999618530281 17.500000000000004 487.50000000000006 2.5000000000000004 0.071242358535528197 6.5000000000000009 0.073976460844278349 25.500000000000004 14.500000000000002 28.500000000000004 3996.5000000000005 0.039454247802495963 0.068414777517318739 2.5000000000000004 0.055592346936464317 28.500000000000004 26.500000000000004 0.074749756604433074 42.500000000000007 606.50000000000011 91.500000000000014 0.057215373963117606 0.087128233164548888 0.02415395807474852 64.549999237060561
decision_type=2 2 2 2 2 10 2 2 2 2 2 2 2 2 2 2 2 2 2 2 2 2 2 2 2 2 2 2 2 8
left_child=1 -1 10 4 5 6 7 15 -9 -10 11 12 -2 -14 -15 19 -17 18 -12 -3 21 -6 24 -23 -22 -26 27 28 -7 -30
right_child=2 3 -4 -5 20 26 -8 8 9 -11 17 -13 13 14 -16 16 -18 -19 -20 -21 22 23 -24 -25 25 -27 -28 -29 29 -31
leaf_value=-0.053678006684220937 -0.004574216041351796 0.0037699248160481392 0.0017342887953768098 -0.065501495966332562 -0.0054458234943105836 -0.030494842502048355 -0.037114189536891051 0.27629228478446249 0.1815646894930677 -0.10661403275562908 0.092749206859526326 0.068423267732697399 0.12240108571368172 -0.048649439861801959 0.058413302185533894 0.13351370185271463 0.018165364817455534 0.017067203020815679 0.015645644768456726 -0.028495195902786437 -0.085615277717112526 -0.0020585380273439066 0.035469369776022955 0.2398142906476565 0.12988568420550184 -0.042105021864986408 -0.031447932308524412 0.0091262684726334253 0.058673792903214131 0.21036212941435961
leaf_weight=45.651898691896349 192.97869184240699 809.02420112304389 3893.0039133671671 18.912615103647113 1962.0940461535938 13.768298252951352 79.663893906166777 2.3536323651205739 1.7617288250476124 2.1390641629695892 35.321927540004253 21.092430084943771 12.693246731534598 10.886695625260474 16.39985853806138 7.9729576257523176 20.430299335159361 66.260955667123199 22.182333782315254 66.869560600491241 36.302710922202095 2.7548834560438982 19.508311728015542 3.8991343448869884 2.9701204556040448 6.6021440830081701 15.291922868462278 59.834611955098808 57.164342653239146 4.9780933174770317
leaf_count=1475 1603 17962 25222 2861 49747 858 2366 98 185 45 275 198 92 129 158 273 298 554 185 1529 4094 163 396 79 108 527 349 709 1262 95
internal_value=0.000360386 -0.00350047 0.00328932 -0.00278335 -0.0024098 0.00386603 0.000369177 0.00364859 0.118653 0.0235371 0.0193124 0.0100078 0.00471878 0.0495752 0.0156978 0.00285318 0.0505443 0.0384117 0.0630064 0.00130666 -0.00593086 -0.00495534 -0.0353045 0.139675 -0.0654011 0.0112609 0.0267918 0.0333526 0.0524483 0.0708252
internal_weight=7510.77 3239.95 4270.82 3194.3 3175.38 1141.25 990.215 910.551 6.25443 3.90079 377.816 254.051 232.958 39.9798 27.2866 904.297 28.4033 123.765 57.5043 875.894 2034.13 1968.75 65.3833 6.65402 45.875 9.57226 151.037 135.745 75.9107 62.1424
internal_count=113895 85479 28416 84004 81143 26029 22756 20390 328 230 3194 2180 1982 379 287 20062 571 1014 460 19491 55114 49989 5125 242 4729 635 3273 2924 2215 1357
is_linear=0
shrinkage=0.1


Tree=56
num_leaves=31
num_cat=10
split_feature=3 3 17 19 21 14 3 14 13 17 9 11 16 14 14 11 3 9 3 11 21 3 3 21 3 3 19 3 14 19
split_gain=17.1619 11.9888 7.58634 6.60078 6.28827 5.73835 5.84757 8.12328 7.55399 7.66196 7.43415 13.1029 19.1122 6.82175 6.41476 5.97228 31.2243 12.7622 8.04158 8.03294 6.65874 19.2363 15.8583 12.7499 28.6954 21.7177 11.7328 11.3325 12.3673 12.8479
threshold=0 1 14.500000000000002 0.23328750580549243 3934.5000000000005 211.50000000000003 2 2.5000000000000004 0.11984246596693994 62.500000000000007 35.049999237060554 13.500000000000002 14.500000000000002 167.50000000000003 80.500000000000014 198.50000000000003 3 34.049999237060554 4 68.500000000000014 4082.5000000000005 5 6 3955.5000000000005 7 8 0.1271653696894646 9 3.5000000000000004 0.043147211894392974
decision_type=9 9 2 2 2 2 9 2 2 2 10 2 2 2 2 2 9 10 9 2 2 9 9 2 9 9 2 9 2 2
left_child=-1 2 3 -2 -4 6 7 8 9 -3 -9 -12 -13 14 15 18 -17 -18 19 -8 22 -22 -20 25 26 -24 -25 28 29 -27
right_child=1 5 4 -5 -6 -7 13 10 -10 -11 11 12 -14 -15 -16 16 17 -19 20 -21 21 -23 23 24 -26 27 -28 -29 -30 -31
leaf_value=-0.025061162293944533 0.021554076136578768 0.021990114947472248 0.11051518542239006 -0.029600060599394459 0.016961165640349454 -0.053545934128822872 -0.012738482322915601 -0.051455054354547829 -0.041655856933997232 -0.035027333513693762 -0.075381306303018078 0.44898926270615463 -0.040746139633468979 0.084237300110480001 -0.058906666961660914 0.079363175656594287 -0.021543540478046956 0.075544476373418684 -0.02086469941297707 -0.076765080678374426 0.0209641557570029 -0.0093724674353310305 -0.023487530413158986 0.041461016243914912 -0.00036170474371550559 0.10564509673083029 0.014384259751501888 -0.0030121131899749874 -0.039322675893646353 0.018190768853324928
leaf_weight=278.251015804708 203.00224427762441 350.06970434100367 16.317050296813253 28.804404539987445 12.837015486788003 20.705873057013378 372.89516197144985 33.485350725706667 22.377815563464537 25.26931171072647 3.2522828206419936 1.6321110043209048 1.5571389952674506 9.2489731456153077 19.546242541167885 45.08333058282733 119.32507130340673 15.27208304684609 289.05088168545626 20.682220552815124 228.0112281658221 1756.4911027210765 389.91684830212034 279.1619869552087 1207.6549193921965 17.614310812437907 375.0121117644012 962.8431787211448 35.692883928772062 362.69237562641501
leaf_count=5095 2938 7614 150 163 211 1660 5359 2937 510 656 174 120 99 174 746 489 2471 484 5269 408 3786 25761 3331 4428 16489 777 2189 15467 626 3358
internal_value=-0.00113392 -0.000177563 0.0204603 0.0151976 0.0693218 -0.000979087 -0.000823747 0.0102358 0.0147864 0.0181515 -0.0325294 0.0658526 0.209878 -0.00158098 -0.00170558 -0.00153297 0.0164438 -0.00979938 -0.00204587 -0.015704 -0.00110692 -0.0058285 0.00128078 0.00309285 0.00887739 -0.00297858 0.0255484 0.00296986 0.016561 0.0222413
internal_weight=7503.76 7225.51 260.961 231.807 29.1541 6964.54 6943.84 437.644 397.717 375.339 39.9269 6.44153 3.18925 6506.19 6496.95 6477.4 179.68 134.597 6297.72 393.577 5904.14 1984.5 3919.64 3630.59 1861.83 1768.76 654.174 1378.84 416 380.307
internal_count=113939 108844 3462 3101 361 105382 103722 12110 8780 8270 3330 393 219 91612 91438 90692 3444 2955 87248 5767 81481 29547 51934 46665 23106 23559 6617 20228 4761 4135
cat_boundaries=0 20 40 61 79 99 119 140 160 180 197
cat_threshold=402653184 12 2097152 268435456 18874376 4194560 262152 262144 75632640 301998080 0 9437184 0 2048 33554432 48 0 64 35651584 557056 16384 524289 8458240 16777232 0 397312 4 138444800 0 0 2151694384 136 1073741824 819200 0 256 0 0 1 1048580 1073741824 1048576 2151940096 2097155 4202752 1073741888 2048 0 0 1024 1074831360 0 0 1073741824 4 67239936 2 8 1082130560 1141112832 16 65536 0 18432 0 0 0 0 8388864 0 71303168 524360 4 0 4194312 0 33619968 0 16777216 0 268697600 16384 67108864 262144 1 1073741824 9437504 0 738199553 64 0 0 65545 0 33628160 67108864 269492224 268435456 134217776 560988160 8519680 2048 0 0 2048 128 16785408 150994976 8 0 6144 0 0 0 1536 0 16777216 134554688 2097416 6291456 8519680 2048 0 32 2048 128 16785424 16777248 0 0 2048 0 0 2048 16778240 0 16777216 134554688 2097417 1026 524288 65536 1074790400 134217728 0 0 134217728 160 1 2168455200 262540 2 0 0 8388608 2048 0 0 67108864 3072 34144256 0 1073741824 0 0 0 2281701376 0 138412033 20971520 262541 0 0 0 0 2048 0 0 67108864 268437504 553648144 536977408 268435456 134250496 268468224 532480 0 2147487744 2097152 0 135680 4612 0 16778368 603979776 8389122 16384
is_linear=0
shrinkage=0.1


Tree=57
num_leaves=31
num_cat=7
split_feature=3 3 3 8 19 20 8 8 6 3 11 19 20 3 20 20 8 10 3 8 10 19 6 6 9 9 9 3 6 6
split_gain=16.66 9.82678 6.3291 5.87339 8.4652 5.32834 6.52647 10.2771 5.64784 7.42606 7.67705 5.58839 5.32424 6.69022 5.93938 5.35556 15.7403 7.6617 7.23399 6.9764 8.47609 6.87303 5.16196 4.86751 4.76605 7.0052 5.77506 5.29021 6.37001 6.23285
threshold=0 1 2 1.5000000000000002 0.11273822560906412 0.072555050253868117 11.500000000000002 13.500000000000002 9.5000000000000018 3 1.5000000000000002 0.057016005739569671 0.0064087298233062038 4 0.010692134499549867 0.0090190139599144476 15.500000000000002 0.021708110347390178 5 23.500000000000004 0.020131668075919155 0.045323055237531669 10.500000000000002 9.5000000000000018 40.750000000000007 35.049999237060554 52.750000000000007 6 4.5000000000000009 6.5000000000000009
decision_type=9 9 9 2 2 2 2 2 2 9 2 2 2 9 2 2 2 2 9 2 2 2 2 2 8 8 8 9 2 2
left_child=-1 5 3 4 -3 6 8 -8 9 -2 -11 -10 -4 14 -14 16 23 19 21 20 -18 -17 -5 -15 25 -9 -26 -28 -29 -30
right_child=1 2 12 22 -6 -7 7 24 11 10 -12 -13 13 15 -16 18 17 -19 -20 -21 -22 -23 -24 -25 26 -27 27 28 29 -31
leaf_value=-0.02946291616908904 -0.033857126438289031 -0.033809034990342539 0.063494436659577089 -0.013291619415134124 0.14495377727884814 0.0080505230165515002 0.14692805816057189 0.037252275273079755 0.012978216637442259 0.13739779807825225 -0.022394563140002793 0.17802559935677162 -0.08966447297312452 -0.10205524008567893 -0.014749085655212785 -0.095707449858822305 0.38912733738999322 0.25862938315245915 0.0010756508848119878 -0.10139822372863122 0.021405603734147918 0.15588909465729617 -0.055095080700391069 0.074609867182829998 -0.08516616444534035 0.22000916476788335 -0.016132903876310549 0.14575869202756084 -0.0093600662087344761 0.0757329611207119
leaf_weight=175.45902841328643 28.9922590109054 5.2458928420674038 13.436546929646282 192.64836749481037 5.3511708602309227 238.10033757984638 9.7275695395655912 5.593207030557096 5.1710394318215531 7.2178497947752458 5.1532873352989554 3.4005953297019005 11.358034776523708 4.9894759738817802 155.04337005200796 16.360924257431183 1.020268579712136 3.8304120893590152 6503.6342486770591 1.5983801211696116 1.625572871416807 1.1629511278588314 34.887948707444593 2.268708165269345 4.2221474004909396 3.3556895083747786 16.18288384960033 7.0945446849800637 14.23745054611936 21.770072796149179
leaf_count=6047 658 225 129 5666 33 3173 253 169 226 194 167 49 502 391 3067 1568 138 173 87338 166 166 72 1213 223 107 99 471 240 313 559
internal_value=0.000137409 0.000885485 2.95533e-05 -0.0156547 0.0564603 0.0165403 0.0330922 0.050417 0.00457893 -0.0107306 0.0391715 0.0784569 0.000608099 0.000482945 -0.0187366 0.000999358 0.0600321 0.156093 0.00086209 0.0635541 0.163204 -0.0503044 -0.0197013 -0.0468346 0.0374599 0.105783 0.0278323 0.0358798 0.0480121 0.042087
internal_weight=7500.14 7324.68 6954.46 238.133 10.5971 370.219 132.119 82.1836 49.935 41.3634 12.3711 8.57163 6716.33 6702.89 166.401 6536.49 15.3328 8.07463 6521.16 4.24422 2.64584 17.5239 227.536 7.25818 72.456 8.9489 63.5071 59.285 43.1021 36.0075
internal_count=113795 107748 101070 7137 258 6678 3505 2211 1294 1019 361 275 93933 93804 3569 90235 1257 643 88978 470 304 1640 6879 614 1958 268 1690 1583 1112 872
cat_boundaries=0 20 41 61 81 102 122 142
cat_threshold=302120960 262144 16777216 0 268713984 131072 262144 134217728 134234112 0 273678848 9437696 0 0 0 8704 512 0 0 1610942488 0 524288 269484034 52428800 4194304 266368 0 32768 16777216 201326592 4097 16384 0 1619591168 570425344 0 0 16 33554432 68157444 1024 16777216 16384 8388609 73728 64 4194312 0 1342177282 2237452 301989888 25174048 4718592 0 0 0 65536 0 268435456 2415919616 8388608 0 0 268435458 33554432 0 0 0 32768 16777216 0 1 0 0 65536 0 0 0 0 0 67108864 0 4100 16384 0 0 4 2147483648 2155872513 8388609 0 0 1 0 8 0 4195586 1026 524288 1056768 134217985 136 0 131072 0 32768 0 0 0 67108864 32 0 0 0 0 0 0 0 0 0 18874448 39854080 0 0 268435456 0 4194304 0 0 32768 16777216 67108864 0 0 0 1073741824 0 0 0 16 0 1048576
is_linear=0
shrinkage=0.1


Tree=58
num_leaves=31
num_cat=6
split_feature=3 3 16 16 16 3 21 21 5 20 21 8 17 14 8 3 8 17 14 21 19 20 12 8 16 16 12 3 17 8
split_gain=19.8256 11.2618 7.85757 10.8342 12.6777 9.66217 9.56555 9.04719 8.67657 7.39394 5.89605 6.25258 5.43861 4.81146 5.81296 6.72651 9.90978 4.73415 5.31337 10.9941 8.1818 10.8445 7.86099 5.85982 4.56439 13.3322 8.07633 7.6052 6.96054 9.19062
threshold=0 1 145.50000000000003 126.50000000000001 91.500000000000014 2 3948.5000000000005 4004.5000000000005 3 0.10562875121831895 3989.5000000000005 19.500000000000004 1.0000000180025095e-35 2.5000000000000004 18.500000000000004 4 12.500000000000002 36.500000000000007 1.0000000180025095e-35 4188.5000000000009 0.027735499665141109 0.020419289357960228 6.5000000000000009 14.500000000000002 8.5000000000000018 1.5000000000000002 29.500000000000004 5 3.5000000000000004 24.500000000000004
decision_type=9 9 2 2 2 9 2 2 9 2 2 2 2 2 2 9 2 2 2 2 2 2 2 2 2 2 2 9 2 2
left_child=-1 24 3 4 5 6 13 10 9 -7 -8 -12 -5 14 15 16 -3 18 22 20 21 -20 -9 -21 25 26 27 -2 29 -27
right_child=1 2 -4 12 -6 8 7 17 -10 -11 11 -13 -14 -15 -16 -17 -18 -19 19 23 -22 -23 -24 -25 -26 28 -28 -29 -30 -31
leaf_value=-0.0382849627434486 -0.0094990733347646225 -0.016734990559747864 -0.063879602515070508 0.046445537271260801 -0.063370592220108726 0.0436606047070838 0.010839749943498671 -0.020643413540312107 0.0013004895227846163 0.17629644792475407 0.14934660824842386 0.029517673690434773 0.17440869829285646 -0.098264243845337176 -0.053963662831581986 -0.039033810640319244 0.077685145670828917 -0.053947324674826651 0.29021981161685612 0.18673505360514359 -0.016736964129853687 -0.0059324998745580015 0.069319954023346772 0.033658108664493223 -0.010869744662269337 0.12332912553238473 0.14078289523941315 0.025187987276905018 0.028607474261669843 -0.0086820713499140903
leaf_weight=119.91010777628981 108.24505763570778 33.238236894831061 19.06207965197973 13.10985202365555 31.217082344926894 15.781462459126489 63.760756263742223 189.27960548712872 6432.5834004916251 5.7286016959696999 7.0153992185369161 11.480356868589295 4.4483662331476799 10.721975496504454 55.990326285362244 37.346419749781489 16.70076989941299 25.043393648229539 2.1236011679284266 5.2430567676201445 40.880921749165282 2.9597548884339631 10.238201669184489 4.7811056072823703 45.107426173985004 26.029585644835606 4.8392029299866399 133.56430596578866 27.972778205294162 6.6138070987071833
leaf_count=4642 2850 281 641 325 1059 379 886 3038 91005 47 109 166 84 421 750 825 135 511 107 97 764 154 151 118 971 489 116 2153 614 129
internal_value=0.000443499 0.00112209 0.00023662 0.000411066 0.000214338 0.000499085 -0.0125254 -0.00390408 0.00155899 0.053918 0.0252594 0.0749685 0.0788649 -0.0336497 -0.0288143 -0.012682 0.0123652 -0.0124547 -0.00838786 0.0188345 -0.00185949 0.117787 -0.016027 0.113724 0.018315 0.0231955 0.0128691 0.0103093 0.0652139 0.0965826
internal_weight=7511.02 7391.11 7038.73 7019.67 7002.11 6970.9 516.804 362.806 6454.09 21.5101 82.2565 18.4958 17.5582 153.998 143.276 87.2854 49.939 280.55 255.506 55.9884 45.9643 5.08336 199.518 10.0242 352.372 307.265 246.649 241.809 60.6162 32.6434
internal_count=114017 109375 102053 101412 101003 99944 8513 6101 91431 426 1161 275 409 2412 1991 1241 416 4940 4429 1240 1025 261 3189 215 7322 6351 5119 5003 1232 618
cat_boundaries=0 21 40 60 61 80 94
cat_threshold=0 0 8388608 2105344 33554432 0 8192 1052800 0 1024 269484032 5259521 0 0 0 66048 1024 536879104 35651584 0 16 167772160 786433 268435456 16777216 8388736 1074268224 8 32 2097152 301991936 1077936128 8 0 539230216 32768 0 64 16400 262144 805371904 16384 0 201326592 8192 3 0 142606336 67108864 88080384 16512 8390656 0 0 8388672 33554456 4194304 268435456 2147549216 1049092 66 0 0 0 134217728 0 0 0 0 0 16777216 16512 0 0 0 64 24 4194304 0 65536 33554432 262144 0 0 128 0 8 32 2097152 0 4194304 0 0 8
is_linear=0
shrinkage=0.1


Tree=59
num_leaves=31
num_cat=7
split_feature=3 3 6 3 8 3 8 6 3 3 20 16 10 21 19 20 9 8 9 3 13 21 12 16 19 12 9 16 17 8
split_gain=15.918 11.1204 9.24902 25.401 10.9303 8.59033 7.11774 6.87373 7.24669 6.8524 15.1826 9.10098 7.04284 11.0523 6.70632 6.81188 7.97187 7.24435 6.6816 6.43439 7.55619 18.9464 6.52001 6.82296 8.62422 7.91612 11.5925 9.1988 7.61412 11.9683
threshold=0 1 11.500000000000002 2 27.500000000000004 3 4.5000000000000009 6.5000000000000009 4 5 0.25138135254383093 44.500000000000007 0.10932103917002679 4201.5000000000009 0.029022749513387684 0.035559006035327918 56.649999618530281 23.500000000000004 20.050000190734867 6 0.286239504814148 4037.5000000000005 36.500000000000007 1.0000000180025095e-35 0.093087691813707366 1.5000000000000002 1.0000000180025095e-35 4.5000000000000009 31.500000000000004 6.5000000000000009
decision_type=9 9 2 9 2 9 2 2 9 9 2 2 2 2 2 2 8 2 8 9 2 2 2 2 2 2 10 2 2 2
left_child=-1 -2 5 6 -5 7 -4 8 -3 10 11 14 13 19 -7 16 -16 -17 -14 20 22 -22 23 -11 25 28 27 -27 -25 -30
right_child=1 2 3 4 -6 9 -8 -9 -10 12 -12 -13 18 -15 15 17 -18 -19 -20 -21 21 -23 -24 24 -26 26 -28 -29 29 -31
leaf_value=-0.019248673176735124 0.014335780426122461 0.0058347989554497701 -0.040322125720931787 -0.038001741487083372 0.035296080641239902 -0.021033817399646534 0.049150938717206716 -0.035374772536346979 -0.051380237823081501 -0.0038055568374380485 -0.012431443655222564 -0.083317844602058683 -0.05646794067515605 -0.04253717496404151 -0.01939009803548624 0.024791644704890769 0.15276001189168811 0.076539480025398288 0.0034547950195539475 -0.0047963904149132845 -0.048314799981694544 0.28638784178986271 -0.090951642356682946 0.037549805170009699 -0.090939236902899234 0.25509899467909902 -0.043658465028443311 0.019686367797922898 0.10124723828833271 -0.06310967137797005
leaf_weight=440.36235513840802 502.07294194377027 133.56736661237665 10.316710616694762 245.80132050998509 22.180552023928612 16.951964399544522 64.344592264853418 122.15963386069052 16.260530581464991 153.05843618279323 114.54637052118778 6.3441756451502433 18.719452578574419 72.29519822774455 3.5666734608821571 102.5240353224799 10.943357017356901 36.75026724813506 3122.0296313911676 2138.5228082580725 3.4581902057398102 3.3100749615114182 6.4468647758476427 96.01493231067434 5.9447963954880825 5.25687970779836 3.2860454744659364 2.4258108716458082 5.7828271165490177 18.946465417509899
leaf_count=10253 11472 1980 210 3798 293 747 1299 2407 1035 4485 664 296 127 1839 146 932 454 303 18937 45780 128 119 201 4571 109 174 161 177 163 588
internal_value=-0.00102127 0.000142082 -0.000964111 -0.0169605 -0.0307862 -8.43396e-05 0.0324423 -0.0171389 -0.00341449 0.000723241 0.0154098 0.0342894 -5.9937e-05 -0.00400378 0.0386594 0.0452396 0.110444 0.0384463 0.00309764 -0.00286321 0.0105497 0.115374 0.00851724 0.010723 0.026877 0.0321946 0.113533 0.180767 0.0248056 -0.0246756
internal_weight=7504.19 7063.83 6561.76 342.643 267.982 6219.11 74.6613 271.988 149.828 5947.13 291.627 177.08 5655.5 2514.75 170.736 153.784 14.51 139.274 3140.75 2442.45 303.931 6.76827 297.163 290.716 137.658 131.713 10.9687 7.68269 120.744 24.7293
internal_count=113848 103595 92123 5600 4091 86523 1509 5422 3015 81101 3542 2878 77559 58495 2582 1835 600 1235 19064 56656 10876 247 10629 10428 5943 5834 512 351 5322 751
cat_boundaries=0 21 41 61 82 96 116 136
cat_threshold=201326592 262144 16777216 32768 1073741856 541065344 0 16777217 32 134217728 66048 9441284 0 0 524288 33554432 0 0 196816 67109140 8 42024960 0 268441600 136314880 512 139520 0 4096 2097152 2048 2147500032 0 1073741824 1078263808 33554432 2147484160 2 0 33554432 1114114 553648128 8454144 2147745792 0 0 2048 2048 272 671088640 872415232 135488 4194304 0 1024 0 10240 0 0 0 2048 0 276889600 2359296 301989888 4227072 4102 0 134217728 0 33619968 0 0 0 525312 134217728 8192 1024 268435456 2105348 6291976 2 0 8454144 262144 0 4227072 4096 0 0 0 33554432 0 0 0 525312 2621440 2097153 0 1 16644 262144 8320 6291584 33554432 8192 3146752 16896 0 16777216 16779264 335544320 8388608 65600 1073741824 1074003968 268566544 32768 1048576 0 1048576 0 2056 2222981472 134217744 1056 0 2 0 0 67108864 257 16 8388608 67109376 8402945
is_linear=0
shrinkage=0.1


Tree=60
num_leaves=31
num_cat=7
split_feature=3 3 13 3 17 18 2 6 11 8 8 5 20 19 3 9 20 6 11 7 6 11 7 11 12 17 17 3 9 20
split_gain=19.2314 11.0471 12.2909 7.64509 8.10692 7.40257 4.73646 12.0862 14.2962 9.51479 15.4175 5.88136 9.53348 16.9872 5.50904 6.7862 6.28478 5.63999 7.93662 6.26801 4.62272 8.39057 6.5882 11.1274 4.93588 4.56096 5.74838 4.45028 9.08488 10.6699
threshold=0 1 0.18795289844274524 2 280.50000000000006 0.18465909361839297 3 7.5000000000000009 5.5000000000000009 19.500000000000004 6.5000000000000009 4 0.090801902115345015 0.04809048771858216 5 48.649999618530281 0.0077201472595334062 8.5000000000000018 6.5000000000000009 3.5000000000000004 10.500000000000002 1.0000000180025095e-35 1.5000000000000002 5.5000000000000009 4.5000000000000009 130.50000000000003 17.500000000000004 6 40.250000000000007 0.057879742234945304
decision_type=9 9 2 9 2 2 9 2 2 2 2 9 2 2 9 8 2 2 2 2 2 2 2 2 2 2 2 9 10 2
left_child=-1 2 -2 4 5 -3 7 8 -5 10 -9 14 13 -13 15 25 17 18 -16 -19 24 -22 -23 -24 -17 26 -8 28 -18 -30
right_child=1 3 -4 6 -6 -7 11 9 -10 -11 -12 12 -14 -15 16 20 27 19 -20 -21 21 22 23 -25 -26 -27 -28 -29 29 -31
leaf_value=-0.031479391551413771 0.012324156610430697 -0.013773265082097783 0.093154778043248926 -0.034022599304240758 0.096261978712237628 -0.12546588955344418 -0.040525530690203967 0.095450051452432794 0.075996156861388039 0.093097809128086989 -0.025127437220319251 0.044528689095810828 0.010746871737301968 0.45838697079058222 -0.10233259971195729 0.0036950386318882131 0.0076473013723797724 0.086737089412317267 0.19446098632307041 0.33720593354608497 -0.075343150189319821 -0.050624732842681375 0.18090305753066765 -0.037502672411899279 -0.062345190930146066 -0.11012079802235822 0.050158016301167591 0.00027589941393828813 0.18517627771536335 0.034218668844473436
leaf_weight=175.48472088156268 495.73978894320317 381.13432244141586 19.553920089034364 54.838876827154309 6.5995359604712567 6.0276503216009578 60.340264303144068 16.801355420611799 15.053043015301226 28.399225828703493 28.749872492160648 2.0428874697536226 3.0679204072803259 1.9276092024520037 2.7173102418892068 231.11968801543117 262.1809333411511 3.7146299325395375 1.347957909107208 1.3667482933960853 23.17832545330748 7.8554642426315722 4.7504543587565404 4.5834909258410335 11.900145993335171 7.9351348965428761 7.9060652293264857 5590.4044836265966 6.1061551836319294 20.077928331680596
leaf_count=4854 8908 8710 374 350 120 135 1344 105 103 184 199 181 27 35 189 4910 4066 309 144 116 525 161 99 143 239 122 138 76491 232 185
internal_value=0.000320813 0.00112602 0.0150984 4.53456e-05 -0.013301 -0.0155122 0.000886168 0.0182225 -0.0103272 0.0476696 0.019347 0.000459012 0.0591328 0.24545 0.000298517 -0.011546 0.0010402 0.0838698 -0.00392205 0.154106 -0.00474421 -0.0360815 0.0168591 0.0736536 0.000461194 -0.0383636 -0.0300202 0.000913096 0.0128123 0.0694221
internal_weight=7482.91 7307.42 515.294 6792.13 393.762 387.162 6398.37 143.842 69.8919 73.9505 45.5512 6254.52 7.03842 3.9705 6247.49 359.569 5887.92 9.14665 4.06527 5.08138 283.388 40.3677 17.1894 9.33395 243.02 76.1815 68.2463 5878.77 288.365 26.1841
internal_count=113698 108844 9282 99562 8965 8845 90597 941 453 488 304 89656 243 216 89413 7681 81732 758 333 425 6077 928 403 242 5149 1604 1482 80974 4483 417
cat_boundaries=0 20 39 59 63 64 85 106
cat_threshold=272629760 0 17039362 268435456 512 1 131076 2751463424 131072 1024 16384 128 1073741824 4194304 64 268435528 4194304 64 131152 805306368 42991616 98304 9437184 2 16384 133376 0 384 134217728 67108872 1048832 1 0 8388616 16777216 2160132096 1088 65536 1 524288 524288 268451840 0 0 8 1073790976 64 4100 16777248 0 9437186 1048576 1 536872960 2 0 285229056 2483027968 76546560 0 1048576 268435456 256 14 131072 0 2151682144 67108864 524288 0 2147483648 268435458 33555712 1073741824 8209 4194304 0 262144 8 1040 0 0 33819168 6176 8 16785408 4096 2097152 0 289407264 4160 4096 16814080 9437184 167774208 263200 512 0 0 4 256 0 0 8454144 3 1040
is_linear=0
shrinkage=0.1


Tree=61
num_leaves=31
num_cat=8
split_feature=3 3 16 21 11 3 8 14 14 19 19 14 21 19 8 3 8 11 3 14 3 3 9 11 17 3 9 6 21 9
split_gain=16.6879 12.2409 12.8934 11.7894 11.7698 9.54042 8.92537 7.71965 7.06122 6.17841 7.09093 5.84798 5.80661 7.91728 8.37986 5.67711 9.48998 7.58431 35.442 13.265 14.3759 10.9828 8.9635 10.9914 8.57994 8.61111 7.97992 7.50189 7.78404 7.43793
threshold=0 1 3.5000000000000004 4221.5000000000009 -1.0000000180025095e-35 2 29.500000000000004 211.50000000000003 167.50000000000003 0.098849784582853331 0.20937028527259829 74.500000000000014 3975.5000000000005 0.082050081342458739 17.500000000000004 3 1.5000000000000002 60.500000000000007 4 8.5000000000000018 5 6 35.95000076293946 25.500000000000004 1.0000000180025095e-35 7 32.850000381469734 9.5000000000000018 4188.5000000000009 50.549999237060554
decision_type=9 9 2 2 2 9 2 2 2 2 2 2 2 2 2 9 2 2 9 2 9 9 8 2 2 9 8 2 2 10
left_child=3 2 4 -1 12 -3 -6 8 11 -4 -11 15 13 14 -2 16 -7 19 29 21 -21 -17 23 -22 25 -20 -26 -28 -29 -19
right_child=1 5 9 -5 6 7 -8 -9 -10 10 -12 -13 -14 -15 -16 17 -18 18 24 20 22 -23 -24 -25 26 -27 27 28 -30 -31
leaf_value=-0.031271067988053187 0.0072096984600259753 -0.040687322730550007 -0.042125108662917771 0.12822020974885937 0.041500833376483193 -0.055439113053053268 0.14413058850865157 -0.062762509552145643 0.081474060871212908 0.065637994065981572 -0.030182263265869303 -0.04788448091857371 -0.03880725859260338 -0.011106802623991685 0.17089389282851797 -0.020512092495893489 0.011051498593753366 0.046934096768809705 -0.054574809343620335 0.022728914153569219 0.088677483033235693 0.00021073941341969379 -0.089653006039889765 -0.093859162550879449 -0.041645515455479794 -0.0068671404637446216 0.014608379073735515 0.15494705615612406 0.015321332346046582 0.13439442910389895
leaf_weight=213.27216201624833 6.4270787667483074 47.078328805509955 39.826175305061042 4.7376009165309361 152.62302238494158 22.142156999791041 8.9719615625217539 19.317483221646398 10.763514593010767 15.362587422132492 15.530481494963169 24.977226620307192 26.957894509658217 24.177313435822725 6.0926076956093311 258.61410570004955 702.61361731612124 141.07322014402598 43.826098080724478 26.988770773634315 7.0275900976266694 5342.5632513414603 49.360840040491894 6.2170729290228337 18.729200853966177 162.58777299500071 57.793716100277379 8.8233518418855983 7.2930328098591408 10.443500268273054
leaf_count=5994 106 3261 1146 180 2074 506 121 1684 301 140 77 1412 536 199 102 3094 14894 1789 486 296 210 67744 2428 198 159 3566 848 139 99 114
internal_value=5.3722e-05 0.000888586 0.0204658 -0.0265857 0.0328522 2.89271e-05 0.047199 0.000364185 0.000541398 -0.0160926 0.0174675 0.000414985 -0.00356874 0.0223177 0.0868653 0.000590687 0.00889737 -0.000403437 0.012085 -0.00139292 -0.039567 -0.000782307 -0.0604043 0.00299439 -0.00834664 -0.0199731 0.0166579 0.0314323 0.0917632 0.0496834
internal_weight=7482.21 7264.2 295.969 218.01 225.25 6968.23 161.595 6921.16 6901.84 70.7192 30.8931 6891.07 63.6549 36.697 12.5197 6866.1 724.756 6141.34 450.57 5690.77 89.5943 5601.18 62.6055 13.2447 299.053 206.414 92.6393 73.9101 16.1164 151.517
internal_count=113903 107729 4501 6174 3138 103228 2195 99967 98283 1363 217 97982 943 407 208 96570 15400 81170 7200 73970 3132 70838 2836 408 5297 4052 1245 1086 238 1903
cat_boundaries=0 20 40 61 82 100 112 131 150
cat_threshold=33554432 4 0 2 0 128 131076 67584 134217731 524288 77826 9437184 0 16809985 0 64 0 0 135529472 34865408 2097152 524288 294666242 0 0 1073874944 0 0 0 268435464 2148532352 9 0 12582912 0 2424315904 4195392 8192 67174400 2 0 2415919104 37748800 512 68 0 0 128 74824 73728 0 268435456 1073741824 0 0 0 0 268435456 2416466210 2147484160 4 1074790400 0 65536 50331648 272629760 64 0 4128 9437184 150994944 16897 16642 0 0 285214720 67112192 0 64 33554432 67108864 1040 0 262144 264208 16 0 0 2056 0 606076928 67108864 917532 128 0 8 0 33620008 0 16777728 805306368 536870912 0 16 0 0 0 0 536870912 541065216 262400 4 4194304 262144 0 16 0 1 8 142606336 100663296 67108864 262400 128 0 0 0 33620008 75497472 16777728 512 65536 73728 0 0 0 256 0 0 0 33554432 33888 0 0 536872064 0 18 0 0 1
is_linear=0
shrinkage=0.1


Tree=62
num_leaves=31
num_cat=2
split_feature=7 13 8 16 9 9 10 7 16 21 21 8 21 8 8 21 2 21 16 14 8 7 14 16 11 6 16 7 9 1
split_gain=6.58263 9.31478 6.67172 7.03394 5.78193 5.4558 4.7438 5.98357 8.78928 13.4493 10.4348 7.87699 7.96421 7.32574 23.0961 7.17318 6.66565 5.77076 5.37305 18.6525 10.7289 9.39064 9.05054 18.5194 9.59192 10.5235 9.78283 9.76419 7.72607 7.62523
threshold=5.5000000000000009 0.25079618394374853 3.5000000000000004 4.5000000000000009 31.250000000000004 48.649999618530281 0.027543430216610435 3.5000000000000004 2.5000000000000004 3918.5000000000005 4017.5000000000005 11.500000000000002 3948.5000000000005 11.500000000000002 15.500000000000002 3962.5000000000005 0 3880.5000000000005 1.5000000000000002 2.5000000000000004 6.5000000000000009 1.5000000000000002 1.0000000180025095e-35 20.500000000000004 23.500000000000004 7.5000000000000009 10.500000000000002 3.5000000000000004 31.94999980926514 1
decision_type=2 2 2 2 8 10 2 2 2 2 2 2 2 2 2 2 9 2 2 2 2 2 2 2 2 2 2 2 8 9
left_child=6 2 -2 4 -4 -5 7 16 9 -9 11 12 -11 -12 -15 -13 -1 -18 19 29 21 -21 23 24 26 27 -20 -26 -28 -8
right_child=1 -3 3 5 -6 -7 18 8 -10 10 13 15 -14 14 -16 -17 17 -19 22 20 -22 -23 -24 -25 25 -27 28 -29 -30 -31
leaf_value=0.055888302182248939 0.051199095347013349 -0.082493734207109023 0.069730680025840708 -0.035515110961787652 0.012402516435048588 0.071678871456495596 -0.023287173827129786 -0.07226156901086099 -0.057647736481662076 0.34563876268112348 -0.044786895242126187 -0.066056407711549595 0.10525839742936416 0.32426054294037343 0.013920454926932372 0.13201324850977489 -0.077999594979352868 -0.01857151739098763 0.0029480581136666416 0.073428828719723546 -0.06554930500215421 -0.047286746695419928 0.010083014259205469 -0.038872589578779961 0.041708964286527164 -0.010206606568020259 0.045018686748134772 0.15334219353952663 -0.061850898148266414 -0.00021582260112616242
leaf_weight=2.8043581021483988 44.650283985305578 10.097184255486352 18.735753444954753 45.398827089229599 288.40657178405672 5.3026586747728279 137.79593420401216 9.9841528858523798 13.631278982618822 2.6538234581239513 10.363435033475982 2.7317086507100594 2.8676726170815527 2.8125022954773184 16.274713563499972 5.5294580040499568 17.591085263993591 229.73204972560052 480.88859422272071 12.217151670483874 70.536229095421731 13.637671515345572 1136.3563882241724 127.1539887257386 30.532889681868255 26.790292336139828 8.1156102912500483 10.539873563684521 40.6399513669312 4685.6833255030215
leaf_count=244 564 147 196 1000 3392 58 1401 972 1834 103 570 169 130 163 873 299 3053 15885 5264 252 2526 366 15955 2759 309 265 104 89 829 54250
internal_value=9.20383e-05 0.0123712 0.0147511 0.0102032 0.0158995 -0.0243041 -0.000621739 -0.0125789 0.0139977 0.0323492 0.0565077 0.128322 0.220794 0.0228989 0.0596491 0.0665178 -0.0196818 -0.0219124 -6.27932e-05 -0.00179407 -0.0453506 0.00975485 0.00451408 -0.00421868 0.00315593 0.0385521 -0.00137937 0.0703557 -0.0440619 -0.000923645
internal_weight=7510.46 412.591 402.494 357.844 307.142 50.7015 7097.86 316.976 66.8487 53.2175 43.2333 13.7827 5.5215 29.4507 19.0872 8.26117 250.127 247.323 6780.89 4919.87 96.3911 25.8548 1861.02 724.661 597.507 67.8631 529.644 41.0728 48.7556 4823.48
internal_count=114021 5357 5210 4646 3588 1058 108664 24295 5113 3279 2307 701 233 1606 1036 468 19182 18938 84369 58795 3144 618 25574 9619 6860 663 6197 398 933 55651
cat_boundaries=0 9 10
cat_threshold=2147483648 67108864 1073741824 256 0 12288 0 0 65 74448904
is_linear=0
shrinkage=0.1


Tree=63
num_leaves=31
num_cat=6
split_feature=3 3 17 3 12 16 8 8 11 12 8 11 3 8 16 21 14 8 20 10 20 11 16 21 21 3 11 7 9 3
split_gain=21.9472 11.6329 8.97934 6.5566 6.30944 8.82469 7.97803 7.98695 11.4168 7.82075 7.86712 7.70159 9.3729 8.42557 5.57946 8.38146 12.0169 7.47201 7.45383 6.46347 15.869 5.18912 6.54336 5.18735 5.47189 4.95987 9.11566 10.8698 9.0223 8.62578
threshold=0 1 531.50000000000011 2 1.0000000180025095e-35 52.500000000000007 10.500000000000002 15.500000000000002 12.500000000000002 11.500000000000002 24.500000000000004 1.0000000180025095e-35 3 6.5000000000000009 4.5000000000000009 4060.5000000000005 1.5000000000000002 5.5000000000000009 0.027595613151788715 0.029571185819804672 0.027595613151788715 2.5000000000000004 1.5000000000000002 3941.5000000000005 4177.5000000000009 4 -1.0000000180025095e-35 3.5000000000000004 56.649999618530281 5
decision_type=9 9 2 9 2 2 2 2 2 2 2 2 9 2 2 2 2 2 2 2 2 2 2 2 2 9 2 2 8 9
left_child=-1 4 3 14 5 11 -6 -8 9 10 -9 12 -2 -14 17 -16 18 19 -17 -3 -21 22 -19 -15 -25 26 27 -5 29 -28
right_child=1 2 -4 25 6 -7 7 8 -10 -11 -12 -13 13 23 15 16 -18 21 -20 20 -22 -23 -24 24 -26 -27 28 -29 -30 -31
leaf_value=-0.043602481772349794 -0.02486304061753293 -0.081547138665839458 -0.081495424213486031 -0.0030061931709608764 0.10980693420511452 -0.10100944431114754 -0.054435917578863617 0.18263138495412626 -0.052140106163390293 -0.0069426204856253395 0.041565157393786009 0.031180878916384158 -0.035227611282510389 0.054353905530731675 -0.013053517575999603 -0.10250801027146227 0.32128489860685211 -0.033591061142857252 0.15413184492044166 0.18876081480988371 -0.012863975194578806 -0.084683801178751322 0.10388160590626008 -0.011587910523765788 0.065182535074348583 0.0012007844550717274 0.017623487076673505 0.037862564341200174 -0.01672068459543392 -0.027679066772328616
leaf_weight=105.86170427082106 75.094623356126249 4.5437022091355201 13.732209292007608 230.16440686117858 15.235220287926493 6.7874602966476223 9.6588093885220569 9.3909946549683898 8.0951482076197845 6.4490544749423853 6.8276840178295961 150.13480459642597 23.056844957172871 50.382741026580334 16.599271659622904 2.2012615965213618 2.0488618765957654 97.962971011642367 2.3291510087437928 5.7555893277749446 12.131283189170061 19.808945993660018 3.5891786986030629 35.572057528421283 12.563312582671641 5590.0160434105201 162.16851581120864 90.733529240358621 677.4508173125796 46.38275820016861
leaf_count=4812 1666 333 201 2660 238 233 137 140 128 101 102 2313 310 478 765 243 139 2957 88 160 281 1390 99 631 210 79163 1985 1002 10118 866
internal_value=-0.000417111 0.000260456 -0.00071063 -0.000552349 0.0164393 0.0119148 0.0481373 0.0248936 0.0498012 0.0862067 0.123246 0.0141249 0.00110466 0.0177311 -0.0195544 0.0248048 0.12032 -0.0280648 0.0294343 0.0249591 0.0520143 -0.0378649 -0.0287323 0.0319251 0.00844915 -5.67006e-05 -0.00584302 0.0085494 -0.0111217 0.00706583
internal_weight=7492.73 7386.87 6977.62 6963.89 409.249 353.592 55.6569 40.4217 30.7629 22.6677 16.2187 346.804 196.67 121.575 166.97 23.1785 6.57927 143.792 4.53041 22.4306 17.8869 121.361 101.552 98.5181 48.1354 6796.92 1206.9 320.898 886.002 208.551
internal_count=113949 109137 102450 102249 6687 5841 846 608 471 343 242 5608 3295 1629 6455 1235 470 5220 331 774 441 4446 3056 1319 841 95794 16631 3662 12969 2851
cat_boundaries=0 21 41 62 82 103 119
cat_threshold=540672 2147487752 25165954 2097152 524288 0 131072 524288 33556484 0 268435456 0 1048576 0 0 8388608 1024 536887296 1081344 1078460688 208 22020096 10485760 0 16 640 1074266112 12 160 16777216 2048 2 0 0 8389632 16777216 4194896 12582912 1048640 0 68612 0 4 65600 134225920 4194304 8320 0 1073872896 2106504 1 1073741824 9439360 0 2048 8388608 268566784 0 268435456 262657 512 1 5242880 2097152 0 16 128 0 8 160 0 0 0 0 0 0 16777216 592 0 0 0 4 268632064 8192 4194304 0 10485772 0 0 2283798528 536870912 2147491840 64 4104 1073741824 16810112 2048 2147485696 67108928 0 16777280 33554432 8 268435456 8192 0 0 0 0 0 0 536870912 2147483648 0 4096 0 32768 0 2147485696
is_linear=0
shrinkage=0.1


Tree=64
num_leaves=31
num_cat=9
split_feature=3 3 7 8 9 3 19 19 3 9 14 3 8 21 3 21 6 18 19 7 3 21 8 3 8 21 3 7 14 11
split_gain=15.153 11.3482 8.72934 8.58675 5.98884 26.1487 11.0246 9.52363 9.17146 8.5121 6.81562 18.5249 14.0345 15.2923 7.67028 7.56288 11.3311 6.66749 7.46448 10.3528 6.54082 6.48853 8.69478 6.95314 6.15337 9.97569 8.48879 6.84865 7.47531 6.83487
threshold=0 1 1.0000000180025095e-35 3.5000000000000004 49.95000076293946 2 0.041404262185096748 0.030015898868441585 3 38.750000000000007 5.5000000000000009 4 24.500000000000004 4060.5000000000005 5 3897.5000000000005 3.5000000000000004 -1.0000000180025095e-35 0.020911931060254577 4.5000000000000009 6 4110.5000000000009 29.500000000000004 7 5.5000000000000009 4067.5000000000005 8 1.5000000000000002 1.0000000180025095e-35 19.500000000000004
decision_type=9 9 2 2 10 9 2 2 9 10 2 9 2 2 9 2 2 2 2 2 9 2 2 9 2 2 9 2 2 2
left_child=2 -2 3 -1 8 6 7 -6 9 21 14 12 15 -14 17 -12 -17 18 19 -10 -7 22 23 -3 25 -20 -26 28 -28 -30
right_child=1 4 -4 -5 5 20 -8 -9 10 -11 11 -13 13 -15 -16 16 -18 -19 24 -21 -22 -23 -24 -25 26 -27 27 -29 29 -31
leaf_value=0.12175710895931197 0.017003074485671326 0.0046892905920523217 -0.043394596262515829 -0.010886094210427555 0.22315663145039633 -0.038611700041279395 0.035131641068903756 0.048515592838433319 0.033341730106175617 -0.063085162714161175 0.075625875947463089 -0.037355354538851415 0.020443101375919644 -0.088730796664173189 -0.00050929767098661027 -0.039951804036295634 0.026396712694084924 0.038807365591094149 0.06013228332407642 0.23085951483170331 -0.00083722600191184693 -0.032638499934748127 -0.074631424144690303 -0.02747590867096469 0.026497651800586299 -0.036529860773874212 0.024147407941119046 -0.025686843349244093 -0.10265722332857408 0.027693143290085789
leaf_weight=6.1841056207194951 371.20084390183911 318.43966236757115 128.18421313446015 23.150905750924721 6.0329275107942504 53.601626669056714 153.84819360869005 6.4727598270401359 13.117036585463213 33.092952360864729 21.368428954621777 164.46517315972596 23.408525069244206 28.391831485321745 5182.0583279229468 32.812559784855694 119.41952699795365 83.223198920721188 40.962859025690705 3.3266657877247772 177.4468182339333 107.52946615917608 17.201531725819223 74.611720591667108 71.471296795643866 14.44022220559418 71.766437557525933 134.79851030162536 9.9773552943952399 6.7399425006005904
leaf_count=70 6835 3701 3642 802 126 956 1189 148 473 613 193 7937 241 295 70842 380 1388 1162 481 73 2920 2220 301 2772 898 221 976 1841 191 93
internal_value=-0.000476828 0.000202137 -0.0302148 0.0170764 -0.000715704 0.0112041 0.040063 0.132765 -0.00143751 -0.0136674 -0.00029552 -0.0130828 0.00601816 -0.0393952 0.00058915 0.0199157 0.0120958 0.0129666 0.00745404 0.0733008 -0.0108389 -0.0107729 -0.00504179 -0.00199627 0.00436181 0.0349383 -0.00138548 -0.0110046 0.0101191 -0.0501036
internal_weight=7498.75 7341.23 157.519 29.335 6970.03 397.402 166.354 12.5057 6572.62 550.875 6021.75 389.866 225.401 51.8004 5631.88 173.601 152.232 449.824 366.6 16.4437 231.048 517.782 410.253 393.051 350.157 55.4031 294.754 223.282 88.4837 16.7173
internal_count=113980 109466 4514 872 102631 5339 1463 274 97292 9607 87685 10434 2497 536 77251 1961 1768 6409 5247 546 3876 8994 6774 6473 4701 702 3999 3101 1260 284
cat_boundaries=0 20 39 56 76 95 116 135 151 169
cat_threshold=67108864 4 4 16777216 12 528384 131072 105381888 0 0 16384 2048 0 1 67141632 2 1024 8 8388608 608438296 3211264 2392065 16777216 0 4194304 1073741888 0 134222080 136314880 1073743904 32 0 0 553910272 16779264 2147551232 2 64 33554432 184549376 8192 1310736 16 0 2048 134219776 16 0 2164260864 1574879 4096 0 1024 0 0 16384 33554432 0 269750288 2129936 524320 32776 2048 2 1048576 33619968 1024 9437312 0 0 524288 33555072 8389120 1048576 4 8192 939524096 536944640 0 0 0 2048 0 32 4194304 608174080 66396 4100 0 8 0 96 0 16777216 512 537001984 65536 1082146818 134217728 8192 8193 262152 0 1 134217728 2147745792 264 0 557056 301989888 16777232 0 540672 1089 1 16 1610612736 0 1073743872 134217728 0 256 0 0 0 675282944 262144 6 0 32768 0 0 0 90112 1 0 0 269488144 2097152 524288 0 2048 0 1048576 33554432 1024 0 0 0 0 33554944 537001984 0 8388610 0 8192 8192 0 0 0 0 0 264 0 32768 33554432 16777216 0 540672
is_linear=0
shrinkage=0.1


Tree=65
num_leaves=31
num_cat=1
split_feature=21 21 14 19 16 9 9 20 19 14 11 10 16 14 16 0 9 17 11 15 6 17 14 21 11 19 20 11 14 20
split_gain=4.71546 10.9169 11.8587 18.2836 16.1613 13.7851 8.91369 7.14968 14.5089 6.53348 10.5826 7.87122 10.0239 5.97443 6.47987 24.1027 9.1611 7.30584 7.22365 7.15517 6.26632 5.93507 31.7234 10.9077 8.12881 9.28547 11.1362 7.82217 7.447 18.9032
threshold=3955.5000000000005 3983.5000000000005 3.5000000000000004 0.066077120602130904 7.5000000000000009 25.550000190734867 56.649999618530281 0.11979524791240694 0.11984771117568017 3.5000000000000004 21.500000000000004 0.14571869373321536 15.500000000000002 1.5000000000000002 14.500000000000002 0 33.149999618530281 1.0000000180025095e-35 52.500000000000007 3.5000000000000004 3.5000000000000004 3.5000000000000004 1.0000000180025095e-35 3996.5000000000005 19.500000000000004 0.028421084396541122 0.026919381693005565 60.500000000000007 1.0000000180025095e-35 0.021400672383606437
decision_type=2 2 2 2 2 8 10 2 2 2 2 2 2 2 2 9 8 2 2 2 2 2 2 2 2 2 2 2 2 2
left_child=9 2 5 -4 -5 -2 7 8 -7 13 -11 -12 -13 14 18 -16 20 -18 19 -1 -17 28 23 -23 -24 26 27 -26 -3 -30
right_child=1 21 3 4 -6 6 -8 -9 -10 10 11 12 -14 -15 15 16 17 -19 -20 -21 -22 22 24 -25 25 -27 -28 -29 29 -31
leaf_value=-0.0022244373838327986 0.13376129185930355 0.00025503798378273459 -0.061803776581396963 0.14804338125145933 0.038611207528873259 0.0065526357302391758 0.076198799557847696 -0.008746570608489183 0.07396343668771807 -0.059160841952562618 -0.033874937469692529 0.073810058984578972 -0.0059074099505727427 0.01813447778459509 0.14224750145928758 0.084864696140624099 -0.065315366024915542 -0.0036830607687981655 0.091252382252794195 0.059497061162425882 -0.024670743195712969 -0.06753944277967848 -0.036816251528565533 0.020367345078734861 -0.10188150815078985 -0.009566079941756872 0.32495209950326931 0.26792969478312539 0.091989220878954114 0.0085064510784270322
leaf_weight=2164.1628077051137 8.8342726463451964 2970.9629719153745 11.578255433589218 20.317759267985821 40.190673810429871 228.24075884814374 18.307310194242746 208.9928470775485 37.121060254052281 51.540176100679673 62.793627815437503 20.447308521717787 69.009281814098358 147.72390168276615 8.1119843630585819 9.3605856930371392 71.709157315548509 26.282574232202023 8.3947422585915756 18.946650741389021 11.815112793352453 14.852024731691925 268.396333478624 284.55077965790406 1.9252479451242828 85.784751517348923 1.8619168982841072 0.81370024278294284 28.473331922199577 572.00843749032356
leaf_count=26611 111 44976 960 173 264 4466 272 1567 205 1536 3014 117 393 2040 89 96 1975 319 66 232 161 164 6086 3683 232 1583 215 154 2130 9976
internal_value=0.000582568 0.00245546 0.0154015 0.0533266 0.0753568 0.00995 0.00772985 0.00508735 0.0159826 -0.00278631 -0.0199948 -0.00673614 0.0123138 -0.0013645 -0.00260673 -0.0245421 -0.0358958 -0.0487848 -0.00133275 -0.00168877 0.0237487 0.000699845 -0.00802605 0.0160067 -0.0280813 -0.00214329 0.136257 0.00798383 0.00230795 0.012465
internal_weight=7473.51 4803.21 573.583 72.0867 60.5084 501.496 492.662 474.355 265.362 2670.3 203.79 152.25 89.4566 2466.51 2318.78 127.279 119.167 97.9917 2191.5 2183.11 21.1757 4229.63 658.185 299.403 358.782 90.3856 4.60087 2.73895 3571.44 600.482
internal_count=113866 77217 8018 1397 437 6621 6510 6238 4671 36649 5060 3524 510 31589 29549 2640 2551 2294 26909 26843 257 69199 12117 3847 8270 2184 601 386 57082 12106
cat_boundaries=0 1
cat_threshold=4
is_linear=0
shrinkage=0.1


Tree=66
num_leaves=31
num_cat=3
split_feature=2 11 16 7 16 11 16 1 10 1 6 16 17 16 12 12 10 9 8 19 16 16 11 8 20 20 8 10 10 12
split_gain=6.2702 10.5747 9.59781 12.4429 7.12236 14.1579 7.78271 6.39377 5.47207 5.38138 5.03998 4.617 4.44246 6.06595 7.31648 4.99229 6.00879 4.47829 4.40308 4.08899 8.35479 9.99591 12.351 6.04243 5.05826 4.75521 4.59229 4.37737 4.00771 3.92363
threshold=0 5.5000000000000009 9.5000000000000018 2.5000000000000004 101.50000000000001 606.50000000000011 126.50000000000001 1 0.069160431623458876 2 11.500000000000002 19.500000000000004 4.5000000000000009 9.5000000000000018 7.5000000000000009 72.500000000000014 0.086562801152467742 55.149999618530281 26.500000000000004 0.014511374756693842 2.5000000000000004 5.5000000000000009 162.50000000000003 14.500000000000002 0.0077201472595334062 0.021400672383606437 28.500000000000004 0.0091969831846654432 0.020131668075919155 61.000000000000007
decision_type=9 2 2 2 2 2 2 9 2 9 2 2 2 2 2 2 2 10 2 2 2 2 2 2 2 2 2 2 2 2
left_child=1 10 3 -3 9 18 -7 11 -8 -2 -1 -4 15 -14 17 19 -17 -15 -6 20 23 24 -23 25 -22 27 -25 -11 -21 -30
right_child=4 2 7 -5 5 6 8 -9 -10 12 -12 -13 13 14 -16 16 -18 -19 -20 28 21 22 -24 26 -26 -27 -28 -29 29 -31
leaf_value=-0.0011382671629971146 -0.047968801844522277 0.11871886973314677 -0.059452566315859094 0.011237109905742714 -0.11514927894180474 -0.10939001455263955 -0.073383801004141755 0.047991913666628583 0.063507780211880152 0.064944778222745567 0.055916945284340769 0.010815694045642884 -0.0099360251488609299 0.0018812550450552441 0.10171526014874899 -0.075370903502264899 -0.00072896482622835128 0.078118118887211263 -0.015171465477183758 -0.042211648988558233 0.27609212030219576 -0.044623208593445048 0.27473973912404076 0.060514582782778416 0.089333986706931823 0.070347245958924956 -0.059241253029307106 -0.081597718130434316 0.00028501292535077199 0.057091851823808673
leaf_weight=272.05733827967197 14.271192052518016 26.155690943822265 14.991916845552621 18.311626518610865 19.185724630253393 4.2009132716339108 3.5255445287330103 18.531617501517758 17.004064583219588 2.407066656509417 16.416652998421341 24.849708694964647 887.77420835220255 126.09451527020428 8.5938949675764871 19.170050996355712 24.657004617154598 8.2066552494652552 5.7178558923769733 22.152145605883561 3.2946643710602057 5.9978245277889073 1.5173206897452471 19.005305893253539 2.5905654458329082 3.4597818984184405 3.8509306921623638 13.308216554345561 5859.40861868707 12.183973899576811
leaf_count=2462 2026 211 116 140 788 126 450 138 172 286 158 245 15614 1777 122 518 168 104 244 3129 88 506 86 1145 154 138 198 685 81817 182
internal_value=-0.000535826 0.0116268 0.0394561 0.0744579 -0.00122202 -0.0389719 0.014623 0.0127926 0.0399994 -0.000957529 0.00210867 -0.0124904 -0.000792584 -0.00685818 0.0122638 0.000249247 -0.0333775 0.00653981 -0.0921944 0.000496972 0.0275301 0.096287 0.0198567 0.00560907 0.193885 -0.0357865 0.0403375 -0.0591522 0.000242721 0.000402891
internal_weight=7478.89 391.315 102.841 44.4673 7087.58 49.6341 24.7305 58.3732 20.5296 7037.94 288.474 39.8416 7023.67 1030.67 142.895 5993 43.8271 134.301 24.9036 5949.18 55.4317 13.4004 7.51515 42.0313 5.88523 19.1751 22.8562 15.7153 5893.74 5871.59
internal_count=113993 3470 850 351 110523 1780 748 499 622 108743 2620 361 106717 17617 2003 89100 686 1881 1032 88414 3286 834 592 2452 242 1109 1343 971 85128 81999
cat_boundaries=0 9 10 11
cat_threshold=0 65540 268435456 0 0 8396800 0 0 65536 71303168 1892368
is_linear=0
shrinkage=0.1


Tree=67
num_leaves=31
num_cat=10
split_feature=3 3 12 3 14 11 3 16 16 7 9 17 20 20 3 16 17 9 3 7 20 20 13 21 16 3 3 3 3 9
split_gain=15.1706 10.4581 9.04965 6.22803 5.2763 12.5541 13.8169 14.6957 8.95975 7.17832 6.74357 8.68448 6.58997 11.2603 5.83801 14.0664 6.49692 5.86041 8.4006 5.74951 5.70119 16.0016 18.3901 5.69134 5.3259 45.8702 18.572 14.8448 13.5157 13.4372
threshold=0 1 142.50000000000003 2 6.5000000000000009 31.500000000000004 3 6.5000000000000009 5.5000000000000009 3.5000000000000004 32.850000381469734 11.500000000000002 0.068414777517318739 0.11979524791240694 4 2.5000000000000004 13.500000000000002 47.850000381469734 5 3.5000000000000004 0.014127987902611496 0.025485066697001461 -1.0000000180025095e-35 3934.5000000000005 1.5000000000000002 6 7 8 9 26.150000572204593
decision_type=9 9 2 9 2 2 9 2 2 2 8 2 2 2 9 2 2 8 9 2 2 2 2 2 2 9 9 9 9 8
left_child=-1 -2 3 -3 14 10 7 -7 -8 -10 11 19 23 -14 15 17 -17 18 -5 -6 -19 22 -22 -9 26 29 -16 -28 -27 -26
right_child=1 2 -4 4 5 6 8 12 9 -11 -12 -13 13 -15 24 16 -18 20 -20 -21 21 -23 -24 -25 25 28 27 -29 -30 -31
leaf_value=-0.024981151852258392 0.01546695302271241 -0.015257746265473389 0.078984920863288788 0.041004724991441276 -0.088638789618773681 0.14493629101433048 -0.070974204126688561 0.0075877310470246866 -0.015977473745746897 0.029980212839034449 -0.055770711834146794 0.150117624032718 -0.045821443618874497 0.059247054856557638 -0.031241828883829877 -0.031848917168982402 -0.10298380410904794 -0.072986531361083615 -0.037972885141833473 0.079297348189781403 0.038051747965217354 0.00056222304654056322 0.32924227829961095 0.15424691440754223 0.14467033608953334 -0.026359106658352283 0.027325064510196558 0.00013637373864272185 0.0035607173743165926 0.042667068738403924
leaf_weight=230.45007092016749 431.40856083948165 267.48358400701545 14.323136151069773 9.3199335085228068 5.8960523747373355 11.464568232651798 24.188269326812588 4.7305951267480832 168.79245224455371 42.554949712590314 75.540314944577403 3.7738219595048568 22.575505675747991 18.607305334880948 170.19600557954982 84.509696689783596 15.139408034505321 10.053830686956642 67.331502855755389 3.1160830138251185 7.111107661854474 511.42579022049904 3.1206329669803381 6.004786888603121 13.726270417449994 173.68770979042165 202.08378482516855 3793.751840779325 840.14760543731973 218.39359169802628
leaf_count=4924 8385 5165 234 104 254 171 2571 93 3209 842 2983 151 503 145 3612 1677 260 518 824 105 320 5032 72 211 148 3637 3202 48491 12691 3154
internal_value=-0.000271049 0.000551439 -0.000417718 -0.000586208 4.02588e-05 -0.0112797 -0.00149232 0.0366807 -0.0127795 -0.00672386 -0.0444029 0.022759 0.0198408 0.00165083 0.000756601 -0.00772017 -0.0426562 -0.00212458 -0.0279746 -0.0305723 0.00160195 0.00303948 0.126863 0.0896209 0.00187636 0.00761608 0.000164253 0.00157618 -0.00177246 0.0466876
internal_weight=7450.91 7220.46 6789.05 6774.73 6507.24 387.245 298.918 63.3828 235.536 211.347 88.3263 12.786 51.9182 41.1828 6120 708.012 99.6491 608.363 76.6514 9.01214 531.711 521.658 10.2317 10.7354 5411.99 1245.96 4166.03 3995.84 1013.84 232.12
internal_count=113688 108764 100379 100145 94980 11238 7745 1123 6622 4051 3493 510 952 648 83742 8807 1937 6870 928 359 5942 5424 392 304 74935 19630 55305 51693 16328 3302
cat_boundaries=0 20 39 60 76 97 117 137 158 179 199
cat_threshold=134234112 0 0 16809984 0 4096 2147483648 19398656 0 8192 403742720 0 0 556007432 32768 33554432 0 536870912 204472320 554237952 8912896 2097152 18087936 0 4210696 1073872896 8 134221824 16777216 0 16528 0 0 622720 0 139264 512 16777296 33816576 83886080 0 67108864 16 1073741824 541065248 1073758208 163840 209715712 1074266112 8388864 9453569 0 131072 0 2048 4194304 1048576 0 514 16 570490880 8192 268451856 0 0 2048 0 0 536870912 2231369728 131136 4096 0 0 16777216 96 536871424 106496 4112 0 268959776 0 0 8388608 36 8 1024 0 0 1024 16777280 268435552 75497472 8 16777216 236980256 8 0 0 0 0 0 0 0 0 0 0 1024 0 0 1024 0 0 0 0 0 69206016 268435456 8388608 0 134217728 0 0 2052 288 543162368 67110944 2151940096 4194310 1073741824 1077936128 33554432 8389128 0 0 268435457 4 268435456 0 0 33554432 128 1024 2052 256 2 67108896 4194304 4096 1073741824 1077936128 41943040 25167360 2 8388608 1 4 1024 0 0 1342177280 0 16777216 2048 12288 2214592512 131073 402653184 4642 128 0 0 0 4194304 0 532480 8455168 1073750016 64 3153920 0 1342242816 2097152 0 2048 4096 37756944 0 268435456 135778 128 0 0 0 2147483648 0 8192 1082197120 1074003976
is_linear=0
shrinkage=0.1


Tree=68
num_leaves=31
num_cat=12
split_feature=3 3 11 19 20 17 3 3 3 14 14 3 3 3 21 3 17 16 3 8 3 6 1 16 19 19 21 6 11 16
split_gain=19.3964 9.37741 9.08809 7.60014 9.62212 6.76401 26.6503 13.3785 12.3941 12.0011 8.6424 33.3403 18.578 13.5289 11.8282 11.2764 13.6486 12.0094 41.1197 14.0502 12.5692 10.6665 9.6791 8.9171 8.30071 18.8423 8.61882 8.14937 8.05173 10.7292
threshold=0 1 606.50000000000011 0.071858197450637831 0.073976460844278349 7.5000000000000009 2 3 4 1.0000000180025095e-35 1.0000000180025095e-35 5 6 7 4137.5000000000009 8 1.5000000000000002 2.5000000000000004 9 8.5000000000000018 10 10.500000000000002 11 1.5000000000000002 0.036165993660688407 0.033115306869149215 4023.5000000000005 9.5000000000000018 23.500000000000004 17.500000000000004
decision_type=9 9 2 2 2 2 9 9 9 2 2 9 9 9 2 9 2 2 9 2 9 2 9 2 2 2 2 2 2 2
left_child=3 2 -2 -1 -5 8 9 -8 -3 -7 12 23 14 24 -10 16 21 20 19 -19 -17 -14 -20 -12 25 26 -13 -21 -9 -30
right_child=1 5 -4 4 -6 6 7 28 10 -11 11 13 15 -15 -16 17 -18 18 22 27 -22 -23 -24 -25 -26 -27 -28 -29 29 -31
leaf_value=-0.051583260707834838 0.023002145228098306 -0.020384626438986069 -0.1030855951431726 0.069086671895610435 -0.024224926844375719 0.046616643195921313 -0.038559876234149408 -0.013455023715387138 -0.043993480806571665 -0.0021071611470835118 -0.061755136369139776 -0.032675373114601648 0.029558188587834225 0.012113224184796054 0.012586055137847288 0.016489014114984372 0.16958235390624604 0.1222106093122502 0.037752179892281836 0.0056584774797820382 -0.0004303696750322315 -0.045222711042302903 -0.042776862297140776 -0.013835400561448739 0.035476533435637524 0.30559046153712366 0.094701917923911416 0.09953868099233365 0.066510923276746764 -0.014715463449624742
leaf_weight=99.605485246283934 236.70343196112663 255.78264223027509 5.8579286416061214 12.577506822533904 91.050002843141556 107.98989702668041 209.5375126163708 417.96335342305247 154.16894310479984 95.044423137791455 48.997083302005194 6.9595685487147447 161.85469997313339 657.1740286872955 48.595584952970967 490.24861412635073 6.3753361948765805 18.845930487848818 11.00782448472455 49.119934073649347 3593.1914419473615 21.621971670538187 234.68011274444871 187.18575540813617 141.60594471846707 3.6451061926782122 22.439885756000876 11.390680606476961 31.324335907120258 33.819197176839225
leaf_count=5898 4554 6721 65 162 839 1059 5531 5783 3331 1767 1166 394 2661 10609 1109 5519 70 208 117 643 42646 365 5810 2505 2323 140 885 139 462 416
internal_value=-0.000638058 0.000235214 0.0191669 -0.0303645 -0.0128995 -0.000445209 -0.00856272 -0.0177946 0.000741136 0.0226905 0.00169367 0.00983262 -0.000113319 0.0191452 -0.029003 0.00122099 0.0244555 0.000167314 -0.0183317 0.0415742 0.00164026 0.0207456 -0.0378334 -0.0228107 0.0435162 0.0911376 0.0645486 0.0233307 -0.00818882 0.0243423
internal_weight=7466.36 7263.13 242.561 203.233 103.628 7020.57 895.679 692.644 6124.89 203.034 5869.11 1068.01 4801.1 831.825 202.765 4598.34 189.852 4408.48 325.044 79.3565 4083.44 183.477 245.688 236.183 174.651 33.0446 29.3995 60.5106 483.107 65.1435
internal_count=113897 106998 4619 6899 1001 102379 15018 12192 87361 2826 80640 18022 62618 14351 4440 58178 3096 55082 6917 990 48165 3026 5927 3671 3742 1419 1279 782 6661 878
cat_boundaries=0 21 41 59 79 100 118 139 160 180 200 220 221
cat_threshold=4194304 8388608 0 0 0 524289 0 19398656 2083 0 6291456 4194560 0 32768 41943040 72 4210688 0 222561296 4194304 128 285212672 524296 8388610 0 0 131072 4 134226048 1048576 0 1074794496 0 0 8650752 4 285213218 8388608 0 8388609 68686848 1048576 0 1073743872 0 0 1073741824 8 272 538968064 2550138880 2147493680 6 0 1611202560 16777216 2147483664 0 16400 1117847552 335872 282640 134217730 0 2048 134219776 0 0 1614807040 622592 22528 0 1024 0 33687552 0 64 0 2048 0 0 132 8192 2147516480 1073747008 0 288 4096 0 2 1048578 0 524296 285214720 2147483648 576 25088 270532608 65536 1024 545275904 8192 3222296576 134217728 0 2048 128 0 150994944 2550136832 134251080 128 1073741824 66688 0 16 0 65536 167772160 2359296 0 16 4194432 0 262152 8421376 2097152 536870944 32 2048 0 4194304 67108864 33554432 2048 25165840 41472 2113568 24 34668544 2359296 262144 16 0 0 2056 0 606076928 541065248 33 4096 0 0 0 33556480 0 16777232 512 2048 16 537395200 4097 16863232 150994947 268435456 8192 0 2147483648 33554432 134217728 134217728 640 1073741824 18874496 0 67239952 2 65600 0 8193 1082130432 1081344 2151940096 0 4 2304 134219904 16 541065232 67117064 65544 5 0 1025 0 0 0 0 0 260 131072 8192 1074792448 2097152 34620160 0 12288 4198401 131328 1375731712 49216 8 0 0 0 0 0 0 34668672 134217738 69208072
is_linear=0
shrinkage=0.1


Tree=69
num_leaves=31
num_cat=1
split_feature=7 9 21 10 20 6 8 9 8 6 20 11 11 9 19 10 9 8 21 21 9 21 2 19 19 7 8 8 9 20
split_gain=5.72534 7.41821 8.29313 6.31221 5.64788 11.8622 8.69896 13.1107 9.41947 8.81831 6.96495 6.79444 11.0368 5.86296 9.62878 8.07196 6.04566 5.78011 5.48736 9.97116 13.8844 10.2552 9.49188 8.24283 7.7878 12.3732 8.69263 11.103 8.56265 8.39229
threshold=1.5000000000000002 23.050000190734867 3975.5000000000005 0.021708110347390178 0.021400672383606437 3.5000000000000004 19.500000000000004 53.750000000000007 22.500000000000004 4.5000000000000009 0.0090190139599144476 1.5000000000000002 3.5000000000000004 42.95000076293946 0.037715183570981033 0.38408261537551885 42.350000381469734 5.5000000000000009 3925.5000000000005 4004.5000000000005 24.050000190734867 4030.5000000000005 0 0.47249215841293341 0.32288415729999548 3.5000000000000004 7.5000000000000009 14.500000000000002 60.750000000000007 0.17755378782749179
decision_type=2 8 2 2 2 2 2 8 2 2 2 2 2 10 2 2 10 2 2 2 8 2 9 2 2 2 2 2 10 2
left_child=3 2 -2 -1 5 -5 11 8 -8 -9 -11 -7 -13 15 -15 16 -6 -14 22 -20 -21 -22 -3 24 26 -26 29 -28 -29 -23
right_child=1 18 -4 4 13 6 7 9 -10 10 -12 12 17 14 -16 -17 -18 -19 19 20 21 23 -24 -25 25 -27 27 28 -30 -31
leaf_value=-0.036491468760230676 0.015957104422549079 0.01843650868004305 -0.059425303588154635 -0.050097018414887631 -0.0071415998931946383 -0.025564890608646765 0.10340515966872679 0.24524800949635248 0.39556366555498718 -0.12017096806307473 0.060097400976093389 0.22691617465460429 -0.10415938847703228 0.07618936234328072 0.0045838285890204573 0.012789139065562578 -0.089894020358753823 0.056032095543901622 0.012679681797976723 0.10963512550669766 -0.017390730701953155 -0.019828000115904399 -0.0069005332783931648 -0.021518385901824644 -0.0012968318432471705 0.058139735862307529 0.020429913439714342 -0.00093834049548116539 0.063198056839223041 0.012863865863379407
leaf_weight=59.450129593256861 22.71492182475049 160.68718429049477 40.821718589635566 16.819847708567977 2249.1875062738545 19.046820094808936 2.2084543090313673 2.1500762836076381 2.2057195825036615 2.5976852271705857 12.252423411002381 3.2593128029257086 2.866816156776621 20.72030172299128 200.46384967421181 215.51666717231274 8.8631988822016847 10.510840433184056 958.18229288537987 11.612544499104843 295.3527996634366 281.80701011768542 1118.3755395798944 132.89060197770596 73.823749110102654 66.642082296311855 391.01237671438139 948.58678910310846 21.283141802996397 108.85570671781898
leaf_count=5661 353 1179 591 846 31800 881 94 53 133 71 720 117 253 566 2143 939 128 525 13346 156 4703 6186 15781 559 350 294 6876 17652 336 714
internal_value=-0.000705552 0.00145888 -0.0324754 -0.00425103 -0.00355875 0.0237117 0.045454 0.0958395 0.249394 0.0559685 0.0285636 0.015217 0.0619061 -0.00430678 0.0112918 -0.00570159 -0.00746642 0.0217032 0.00193076 0.00409154 0.0005626 1.6707e-05 -0.00362728 0.00255576 0.00424668 0.026902 0.00242982 0.00620429 0.00046909 -0.0107186
internal_weight=7460.77 4632.65 63.5366 2828.12 2768.67 73.918 57.0981 21.4144 4.41417 17.0002 14.8501 35.6838 16.637 2694.75 221.184 2473.57 2258.05 13.3777 4569.11 3290.05 2331.87 2320.25 1279.06 2024.9 1892.01 140.466 1751.55 1360.88 969.87 390.663
internal_count=114006 69076 944 44930 39269 3693 2847 1071 227 844 791 1776 895 35576 2709 32867 31928 778 68132 51172 37826 37670 16960 32967 32408 644 31764 24864 17988 6900
cat_boundaries=0 9
cat_threshold=0 65536 268435456 256 0 0 0 0 65536
is_linear=0
shrinkage=0.1


Tree=70
num_leaves=31
num_cat=4
split_feature=3 3 9 17 9 8 8 21 20 19 17 14 19 21 9 8 9 14 3 11 0 11 20 17 21 21 21 9 13 13
split_gain=18.0473 11.2397 9.07977 6.87412 9.77892 11.5644 7.84056 10.92 7.66434 12.8158 11.4471 14.0479 12.6358 8.21278 6.59399 5.81424 5.19676 7.33057 5.1094 8.85883 7.06656 6.7617 9.97238 5.98562 6.79934 32.047 8.39637 5.87711 5.71621 5.80583
threshold=0 1 26.150000572204593 3.5000000000000004 33.149999618530281 8.5000000000000018 9.5000000000000018 4096.5000000000009 0.061642017215490348 0.025832869112491611 36.500000000000007 1.0000000180025095e-35 0.034504707902669914 3904.5000000000005 31.250000000000004 5.5000000000000009 32.350000381469734 9.5000000000000018 2 -1.0000000180025095e-35 3 2.5000000000000004 0.14334582537412646 175.50000000000003 3962.5000000000005 3983.5000000000005 3889.5000000000005 36.95000076293946 0.046529086306691177 -1.0000000180025095e-35
decision_type=9 9 8 2 10 2 2 2 2 2 2 2 2 2 10 2 10 2 9 2 9 2 2 2 2 2 2 8 2 2
left_child=-1 2 -2 4 5 14 7 -7 9 -5 12 -12 -11 -10 -4 -6 17 -8 19 -3 21 22 28 24 26 -26 27 -23 29 -21
right_child=1 18 3 8 15 6 16 -9 13 10 11 -13 -14 -15 -16 -17 -18 -19 -20 20 -22 23 -24 -25 25 -27 -28 -29 -30 -31
leaf_value=-0.03262105964138081 -0.066664345043332393 -0.033158605025790593 -0.020756150186187473 -0.0064943187831481321 0.044779948276505131 0.0094282897138889543 0.027255988213515131 0.17978393007756807 0.06350960434821297 0.35489567257700771 0.17769899327714836 -0.050653622801973525 0.11878288266754405 -0.030231021369258156 0.097146021188290646 -0.043875371122708215 0.1295220114042592 -0.075541628347260678 -0.00020311642643999021 -0.00096855155447208218 -0.06983402725281572 0.064305945381944285 0.073508326134039653 0.074009063198485464 0.12245617075829814 -0.023661983496592993 -0.067859329621657458 -0.031877053306725196 -0.034833853312162752 0.033618331448168316
leaf_weight=164.87967553630006 12.997464205371214 127.77420025132596 74.730367961339653 10.303165901452305 8.9978916558902693 7.0305522426497165 195.71470533427782 8.0955211964901537 18.802553778514266 3.6956338358577359 5.2174653559923154 5.5701015854720026 5.8612435457762331 18.583468218334019 5.065069615840911 41.589969327906147 4.7412549713626495 7.1919084950350216 6182.348114773049 188.42727411631495 15.784856558544559 9.6250770445913059 21.341000478714705 7.2344639899674794 17.20959675591439 117.43431559600867 47.939216247526929 18.686423086794097 35.628809375688434 65.371197511442006
leaf_count=5890 412 1587 1926 624 228 154 3983 64 126 172 94 205 169 278 96 1031 47 913 89044 1899 674 99 139 109 148 1993 609 212 365 677
internal_value=-0.000875627 -0.000112625 0.0153038 0.0181966 0.0125894 0.0193935 0.031094 0.100603 0.0473032 0.084374 0.130393 0.0597904 0.210087 0.016914 -0.0132722 -0.0281065 0.0260306 0.0236124 -0.00110998 -0.00932227 -0.00390178 -0.00193405 0.00753881 -0.01543 -0.0184981 -0.0049858 -0.0423582 0.000822336 0.00267452 0.00794004
internal_weight=7453.87 7288.99 434.188 421.191 353.157 302.569 222.774 15.1261 68.0336 30.6476 20.3444 10.7876 9.55688 37.386 79.7954 50.5879 207.648 202.907 6854.8 672.456 544.682 528.897 310.768 218.129 210.895 134.644 76.2507 28.3115 289.427 253.798
internal_count=113967 108077 10522 10110 8442 7183 5161 218 1668 1264 640 299 341 404 2022 1259 4943 4896 97555 8511 6924 6250 3080 3170 3061 2141 920 311 2941 2576
cat_boundaries=0 20 39 60 61
cat_threshold=2097152 1 0 18907152 294912 2049 139272 524288 218120192 0 1342177280 512 0 32768 0 1088 0 536887296 33554432 66632 268451840 0 25165824 0 1064960 786432 4 16777216 10485760 268436480 2147483712 4194307 0 12845056 285214720 16 0 16850960 262144 65536 1049604 65600 8704 128 128 0 131072 131140 37756937 65540 9437184 0 0 8388608 2 8404992 0 0 790528 1024 2
is_linear=0
shrinkage=0.1


Tree=71
num_leaves=31
num_cat=1
split_feature=2 11 6 9 11 17 7 9 6 16 20 21 11 21 9 19 14 17 17 14 9 7 9 21 12 13 14 16 11 19
split_gain=7.39354 9.72107 13.8583 10.231 7.31935 6.32181 5.9132 7.35675 14.3924 7.38938 6.18828 6.12958 10.097 8.52948 6.87037 6.60224 6.41228 23.6819 10.1979 6.25565 6.60727 5.75094 5.73114 5.53415 5.48039 5.16349 6.92599 4.4678 4.7907 4.82704
threshold=0 5.5000000000000009 10.500000000000002 24.050000190734867 198.50000000000003 1.0000000180025095e-35 3.5000000000000004 28.349999427795414 3.5000000000000004 5.5000000000000009 0.079063329845666899 4030.5000000000005 2.5000000000000004 4037.5000000000005 33.549999237060554 0.32288415729999548 1.0000000180025095e-35 1.5000000000000002 20.500000000000004 13.500000000000002 40.750000000000007 4.5000000000000009 51.45000076293946 4123.5000000000009 5.5000000000000009 0.025751547887921337 26.500000000000004 36.500000000000007 90.500000000000014 0.47249215841293341
decision_type=9 2 2 10 2 2 2 8 2 2 2 2 2 2 8 2 2 2 2 2 10 2 8 2 2 2 2 2 2 2
left_child=1 5 3 4 -3 24 -2 8 -8 10 -10 -9 13 15 -15 -13 -16 -18 -19 20 27 -20 -22 -24 -1 26 -21 28 29 -14
right_child=6 2 -4 -5 -6 -7 7 11 9 -11 -12 12 19 14 16 -17 17 18 21 25 22 -23 23 -25 -26 -27 -28 -29 -30 -31
leaf_value=0.0071331456684014527 -0.002445288733158787 0.095492340068031978 -0.051015157328116428 -0.0046205032003862516 0.01556628725796199 -0.031396798067628254 0.1006366188527979 -0.0029440485853283586 -0.024208559224540377 -0.041270082348649026 0.054945051418022445 0.033362434507957887 -0.00031908829455155641 -0.052950821798889672 0.011466646398662229 0.13470402595618633 0.14602615784484077 -0.093552202202662416 -0.0063098744871307403 0.11841167221882437 -0.11240782906319564 0.13714429124276731 -0.089910505631287885 0.056348557228008203 0.074823924523277116 -0.051814876505594243 0.0035279771033824843 -0.056383114275606189 0.081167313071593472 -0.060901583176394193
leaf_weight=293.66236617648974 5175.5678562225075 47.605765767395496 14.126546195242552 20.84082268201746 15.089318423997609 42.198768325150013 22.828471431974322 913.28137604659423 14.224398215534164 20.527381486259401 32.317733252421021 18.549052669666708 101.96163258049637 15.667632651049642 563.94116112752818 9.8382597118616122 16.045591835863888 9.2830183487385529 7.6882092200685275 9.6984285544604116 12.896240338915957 4.39040223415941 4.8934900220483559 5.4888584127184004 12.468415216077117 5.5913818022236219 11.434864035225472 18.392166303354315 6.3323848978616288 15.099503442645071
leaf_count=2492 83106 329 118 164 127 348 284 12909 377 280 252 246 2014 207 7564 42 187 143 198 232 475 84 69 151 104 136 506 848 70 64
internal_value=8.79834e-05 0.0124271 0.0405878 0.0560786 0.0762559 0.00488838 -0.000713093 0.00415438 0.0320537 0.00871008 0.0307538 0.00272158 0.00890213 0.0148887 0.0124229 0.0684846 0.0141262 0.0542204 -0.0147386 -0.0112438 -0.0185108 0.0458337 -0.0678875 -0.0125874 0.00989013 0.0336405 0.0562501 -0.010404 -0.00355072 -0.00813351
internal_weight=7461.93 445.992 97.6625 83.5359 62.6951 348.33 7015.94 1840.37 89.898 67.0695 46.5421 1750.47 837.192 645.403 617.016 28.3873 601.348 37.4072 21.3616 191.789 165.064 12.0786 23.2786 10.3823 306.131 26.7247 21.1333 141.786 123.394 117.061
internal_count=114126 3682 738 620 456 2944 110444 27338 1193 909 629 26145 13236 8671 8383 288 8176 612 425 4565 3691 282 695 220 2596 874 738 2996 2148 2078
cat_boundaries=0 9
cat_threshold=0 65536 268435456 256 1048576 8388608 4194304 0 65536
is_linear=0
shrinkage=0.1


end of trees

feature_importances:
OrgaoDestinatario=536
dias_desde_primeiro_pedido_do_orgao=176
n_pedidos_previos=172
n_pedidos_previos_neste_orgao=170
reg_day=148
orgao_rate_movel_365d=139
orgao_rate=123
idade=121
n_orgaos_distintos_previos=119
orgao_rate_movel_90d=114
reg_month=87
dias_desde_ultimo_pedido=81
reg_dow=61
prev_reenc_rate_solicitante=21
Esfera=20
prev_reenc_solicitante=19
UF=15
OrigemSolicitacao=15
Municipio=12
prev_reenc_rate_neste_orgao=10
prev_reenc_neste_orgao=1

parameters:
[boosting: gbdt]
[objective: binary]
[metric: average_precision]
[tree_learner: serial]
[device_type: cpu]
[data_sample_strategy: bagging]
[data: ]
[valid: ]
[num_iterations: 600]
[learning_rate: 0.1]
[num_leaves: 31]
[num_threads: 6]
[seed: 42]
[deterministic: 0]
[force_col_wise: 0]
[force_row_wise: 0]
[histogram_pool_size: -1]
[max_depth: -1]
[min_data_in_leaf: 100]
[min_sum_hessian_in_leaf: 0.001]
[bagging_fraction: 0.8]
[pos_bagging_fraction: 1]
[neg_bagging_fraction: 1]
[bagging_freq: 1]
[bagging_seed: 400]
[bagging_by_query: 0]
[feature_fraction: 0.8]
[feature_fraction_bynode: 1]
[feature_fraction_seed: 30056]
[extra_trees: 0]
[extra_seed: 12879]
[early_stopping_round: 0]
[early_stopping_min_delta: 0]
[first_metric_only: 0]
[max_delta_step: 0]
[lambda_l1: 0]
[lambda_l2: 0]
[linear_lambda: 0]
[min_gain_to_split: 0]
[drop_rate: 0.1]
[max_drop: 50]
[skip_drop: 0.5]
[xgboost_dart_mode: 0]
[uniform_drop: 0]
[drop_seed: 17869]
[top_rate: 0.2]
[other_rate: 0.1]
[min_data_per_group: 100]
[max_cat_threshold: 32]
[cat_l2: 10]
[cat_smooth: 10]
[max_cat_to_onehot: 4]
[top_k: 20]
[monotone_constraints: ]
[monotone_constraints_method: basic]
[monotone_penalty: 0]
[feature_contri: ]
[forcedsplits_filename: ]
[refit_decay_rate: 0.9]
[cegb_tradeoff: 1]
[cegb_penalty_split: 0]
[cegb_penalty_feature_lazy: ]
[cegb_penalty_feature_coupled: ]
[path_smooth: 0]
[interaction_constraints: ]
[verbosity: -1]
[saved_feature_importance_type: 0]
[use_quantized_grad: 0]
[num_grad_quant_bins: 4]
[quant_train_renew_leaf: 0]
[stochastic_rounding: 1]
[linear_tree: 0]
[max_bin: 63]
[max_bin_by_feature: ]
[min_data_in_bin: 3]
[bin_construct_sample_cnt: 200000]
[data_random_seed: 175]
[is_enable_sparse: 1]
[enable_bundle: 1]
[use_missing: 1]
[zero_as_missing: 0]
[feature_pre_filter: 1]
[pre_partition: 0]
[two_round: 0]
[header: 0]
[label_column: ]
[weight_column: ]
[group_column: ]
[ignore_column: ]
[categorical_feature: 0,1,2,3,4,5]
[forcedbins_filename: ]
[precise_float_parser: 0]
[parser_config_file: ]
[objective_seed: 16083]
[num_class: 1]
[is_unbalance: 0]
[scale_pos_weight: 1]
[sigmoid: 1]
[boost_from_average: 1]
[reg_sqrt: 0]
[alpha: 0.9]
[fair_c: 1]
[poisson_max_delta_step: 0.7]
[tweedie_variance_power: 1.5]
[lambdarank_truncation_level: 30]
[lambdarank_norm: 1]
[label_gain: ]
[lambdarank_position_bias_regularization: 0]
[eval_at: ]
[multi_error_top_k: 1]
[auc_mu_weights: ]
[num_machines: 1]
[local_listen_port: 12400]
[time_out: 120]
[machine_list_filename: ]
[machines: ]
[gpu_platform_id: -1]
[gpu_device_id: -1]
[gpu_device_id_list: ]
[gpu_use_dp: 0]
[num_gpu: 1]

end of parameters

pandas_categorical:[]
