tree
version=v4
num_class=1
num_tree_per_iteration=1
label_index=0
max_feature_idx=21
objective=binary sigmoid:1
feature_names=Esfera UF Municipio OrgaoDestinatario FormaResposta OrigemSolicitacao reg_month reg_dow reg_day idade orgao_rate n_pedidos_previos prev_reenc_solicitante prev_reenc_rate_solicitante n_pedidos_previos_neste_orgao prev_reenc_neste_orgao n_orgaos_distintos_previos dias_desde_ultimo_pedido prev_reenc_rate_neste_orgao orgao_rate_movel_90d orgao_rate_movel_365d dias_desde_primeiro_pedido_do_orgao
feature_infos=-1:1:3:0:4 -1:26:25:11:23:3:17:22:18:14:4:19:20:6:12:21:7:15:0:13:10:1:16:5:2:24:9:8 -1:233:192:63:342:40:118:133:176:49:215:268:365:66:267:59:322:81:3:278:318:361:89:219:96:10:22:60:216:161:28:55:37:345:221:113:299:270:296:329:71:348:239:76:182:367:350:277:312:186:281:67:91:15:298:332:234:86:223:32:123:131:314:20:170:357:130:141:240:56:58:178:334:102:137:307:174:11:122:162:171:225:244:371:5:110:153:336:175:236:274:143:154:158:279:24:127:129:169:205:207:330:341:39:61:125:135:195:340:354:27:68:121:208:276:337:349:30:43:237:294:16:26:36:104:163:168:202:226:252:284:292:23:105:128:134:167:173:209:248:259:269:291:328:353:99:116:230:261:263:305:7:18:21:38:50:52:77:111:180:198:211:217:235:242:254:255:355:13:25:48:85:126:155:183:231:271:313:369:370:12:19:51:69:74:92:98:108:148:152:188:214:229:238:325:327:343:358:366:368:35:62:79:120:144:159:164:184:243:258:262:310:321:338:359:362:1:31:34:65:72:73:78:82:87:112:132:146:147:149:150:166:189:197:213 -1:337:29:400:330:385:22:417:50:439:418:74:382:158:242:386:277:372:329:90:82:278:389:67:402:577:399:381:238:26:208:392:24:429:27:102:53:14:28:281:379:374:55:738:348:401:391:23:377:92:60:18:563:20:138:376:266:332:387:375:292:114:205:723:438:714:19:384:380:690:411:715:152:95:689:86:730:668:706:700:686:722:335:404:674:398:680:713:49:697:724:742:234:708:403:216:210:705:21:100:693:735:716:698:305:687:728:751:707:696:390:747:703:353:725:316:294:297:737:306:307:396:54:732:393:733:736:25:731:704:712:734:720:103:576:684:750:291:304:310:552:445:209:710:685:711:740:745:299:718:701:298:233:503:691:167:748:726:721:66:315:378:57:355:397:739:249:570:746:293:729:314:510:156:345:699:695:331:717:744:248:300:727:285:308:229:741:415:428:289:692:70:694:270:93:553:743:295:702:189:214:284:309:104:313:395:71:654:302:288:51:301:324:105:688:388:311:286:12:94:96:168:1:676:496:571:159:572:579:172:187:6:75:76:48:287:290:321:199:174:569:554:303:207:296:244:319:202:320:642:509:555:405:312:423:500:513:171:16:511:52:280:709:203:317:33:318:269:681:56:180:272:608:582:664:512:575:195:97:196:170:657:179:204:198:383:653:190:591:647:188:181:201:183:47:407:193:211:186:518:547:328:516:583:598:219:231:192:425:682:757:200:240:177:197:609:334:573:491:539:271:652:663:182:98:173:279:658:69:155:184:191:358:72:128:533:628:217:246:227:643:243:326:502:73:194:406:517:529:176:185:530:543:625:245:212:426:605:624:178:592:594:247:431:590:361:504:556:660:206:480:719:755:215:410:416:489:109:749:157:476:580:414:499:515:557:574:77:108:524:565:589:35:135:436:525:333:363:493:2:88:615:175:420:424:603:558:65:166:341:352:419:437:475:568:656:113:422:514:588:610:626:37:62:366:435:600:637:61:230:468:165:268:412:537:562:584:644:10:84:665:30:36:87:596:648:667 -1:3:4:0:2:1 -1:3:1:5:8:4:7:0 [1:12] [0:6] [1:31] [10:103.90000152587891] [0.0041099078953266144:0.52233356237411499] [-1:1922] [-1:175] [-1:1] [-1:1129] [-1:76] [-1:305] [-1:1058] [-1:1] [0.002801467664539814:0.79593801498413086] [0.0021206934470683336:0.70645409822463989] [0:4613]
tree_sizes=3607 4425 3764 3941 4152 4722 4310 4446 4135 4856 4089 4428 4473 5030 4889 4812 4786 4561 4940 4841 4840 4547 4631 3569 5132 4438 5075 4745 4307 4857 4824 4978 5519 4850 5231 5165 3540 5103 4697 5026 4451 5105 5182 4601 5614 4508 5075 4376 5015 3507 4504 4307

Tree=0
num_leaves=31
num_cat=3
split_feature=10 10 10 10 21 19 21 21 10 19 18 18 18 3 6 20 13 20 3 18 15 20 20 3 10 18 14 20 21 20
split_gain=19542.4 6237.39 4187.72 804.68 640.024 469.278 409.798 378.095 266.144 226.765 203.823 318.846 185.59 180.145 168.74 167.157 151.254 146.143 332.152 131.743 149.774 125.03 212.888 121.332 120.82 109.576 109.205 108.389 100.463 160.531
threshold=0.14109200239181521 0.39748507738113409 0.063527129590511336 0.21044302731752398 4170.5000000000009 0.11859711632132532 4111.5000000000009 3209.5000000000005 0.028250085189938549 0.36001497507095342 -1.0000000180025095e-35 0.25309917330741888 0.40370370447635656 0 3.5000000000000004 0.19393020123243335 0.19831324368715289 0.12123842537403108 1 -1.0000000180025095e-35 4.5000000000000009 0.16335530579090121 0.28009891510009771 2 0.19137971848249438 0.76630434393882763 1.0000000180025095e-35 0.22554164379835132 4463.5000000000009 0.11259426921606065
decision_type=2 2 2 2 2 2 2 2 2 2 2 2 2 9 2 2 2 2 9 2 2 2 2 9 2 2 2 2 2 2
left_child=2 3 8 6 14 10 19 -5 -1 12 13 -12 28 -4 21 -11 -6 18 -7 24 -21 -3 -23 -8 -2 -18 -25 -16 29 -9
right_child=1 4 5 7 16 17 23 9 -10 15 11 -13 -14 -15 27 -17 25 -19 -20 20 -22 22 -24 26 -26 -27 -28 -29 -30 -31
leaf_value=-2.526623400430656 -2.2665790555411367 -1.9123511560294904 -2.3855054937842861 -2.0474650457425834 -2.1296249165288152 -2.2531680216980829 -2.4333487150034316 -2.3547147228400442 -2.4961063683753442 -1.5818154547224075 -2.4906048884916774 -2.2762593931592243 -1.8871772143652605 -2.432708022676612 -2.1527319414501411 -2.0922890312663318 -2.0272095289489052 -2.3946230969079947 -2.4077571487859282 -2.4107832995039513 -2.0740003018029229 -1.4362559433001498 -1.7546801863688035 -2.3141914789402152 -2.170615582470059 -1.5282976380294022 -2.4184304889448049 -1.832601176236099 -2.3237409943691665 -2.1889860794110891
leaf_weight=6967.1846188008785 1049.6474761068821 22.51670278608799 973.68128867447376 170.61016438901424 89.992985889315605 276.77088113129139 169.57661081850529 72.6440509557724 4845.2253132909536 7.4563507586717597 895.64799410104752 75.227934882044792 14.691225752234457 4589.4946298450232 11.147613510489462 45.919308632612228 10.187885195016863 867.07762040197849 298.47550611197948 100.25469633936882 15.208002537488936 31.228082880377769 64.080321371555328 529.91768065094948 149.93909297883511 7.7516517788171759 124.02642846107483 206.34158782660961 129.19419631361961 299.06610815227032
leaf_count=94374 14218 305 13189 2311 1219 3749 2297 984 65631 101 12132 1019 199 62167 151 622 138 11745 4043 1358 206 423 868 7178 2031 105 1680 2795 1750 4051
internal_value=-2.43863 -2.21417 -2.4763 -2.26795 -1.86497 -2.42032 -2.29904 -2.17804 -2.51411 -2.21719 -2.43172 -2.474 -2.2375 -2.42434 -1.7968 -2.02098 -2.07677 -2.3687 -2.32962 -2.2644 -2.36642 -1.70042 -1.65035 -2.35436 -2.25458 -1.81163 -2.33554 -1.84901 -2.24778 -2.22137
internal_weight=23110.2 3321.4 19788.8 2878.15 443.247 7976.38 2138.57 739.581 11812.4 568.971 6534.05 970.876 515.596 5563.18 335.314 53.3757 107.933 1442.32 575.246 1315.05 115.463 117.825 95.3084 823.521 1199.59 17.9395 653.944 217.489 500.904 371.71
internal_count=313039 44990 268049 38986 6004 108044 28968 10018 160005 7707 88507 13151 6984 75356 4542 723 1462 19537 7792 17813 1564 1596 1291 11155 16249 243 8858 2946 6785 5035
cat_boundaries=0 24 37 50
cat_threshold=0 268435456 262144 512 0 0 0 1048576 16777216 0 0 142606400 133274 136 0 536870912 134479936 218103808 0 537919488 193011712 0 0 2097152 0 0 0 0 0 0 0 0 0 0 131072 0 262146 0 0 1024 0 0 0 0 0 16777216 0 0 0 16
is_linear=0
shrinkage=1


Tree=1
num_leaves=31
num_cat=14
split_feature=3 20 3 19 3 3 21 1 3 20 3 2 21 13 14 3 20 3 3 3 21 20 5 15 14 20 7 3 20 19
split_gain=11698 3477.9 2096.69 721.837 410.355 287.52 244.649 215.136 205.651 169.845 169.555 171.337 133.902 133.45 151.894 161.909 131.066 124.675 109.412 105.802 100.913 99.007 110.315 83.2737 79.0517 76.602 107.777 73.4916 127.891 198.382
threshold=0 0.058218296617269523 1 0.10548605397343637 2 3 4206.5000000000009 4 5 0.12997944653034213 6 7 4005.5000000000005 0.24068965017795566 4.5000000000000009 8 0.20791070163249972 9 10 11 1892.5000000000002 0.019378798082470897 12 2.5000000000000004 33.500000000000007 0.13791266828775409 2.5000000000000004 13 0.11259426921606065 0.11157525703310968
decision_type=9 2 9 2 9 9 2 9 9 2 9 9 2 2 2 9 2 9 9 9 2 2 9 2 2 2 2 9 2 2
left_child=2 4 12 5 -2 20 27 19 9 17 -7 -12 -1 14 15 -13 -8 -9 -11 -5 -3 -6 -23 -15 -19 -16 -27 28 -4 -30
right_child=1 3 6 7 21 10 16 8 -10 18 11 13 -14 23 25 -17 -18 24 -20 -21 -22 22 -24 -25 -26 26 -28 -29 29 -31
leaf_value=0.34466724456232978 0.057350226020807207 0.18548002178880202 0.091589031458533587 -0.0085323022425678793 -0.089536855762992931 -0.063184853219110423 0.055841226357771015 0.15448752679324101 0.003847806561475381 0.012845859470452511 0.1376012750477002 0.024754441057915046 0.25684839704582563 0.060497614184473504 -0.066363282146527411 -0.013518010904109347 0.1285692100933705 0.07910991899502455 0.096072922176030806 0.21819883965853984 0.057131384654534469 0.17682169490275096 -0.068339160185298203 0.32124933513065312 -0.094613218310148017 -0.10850043483347305 0.4359497584500569 0.12523253548170474 0.46173757038579777 0.18726260931671801
leaf_weight=515.27618835866451 238.52457288652658 85.917652331292629 132.36439339071512 32.700997337698936 3016.0734643340111 498.77774202823639 605.35864643007517 298.94429935514927 660.41214723885059 564.80775743722916 75.351476259529591 1528.6021195426583 261.86028459668159 167.6303176432848 497.05728385597467 3916.6439309120178 419.50798735022545 520.21177698671818 215.29012573510408 120.23573324084282 213.43381252884865 9.9378592595458013 6919.4758484140038 13.213063582777975 27.58248171210289 7.1994003355503065 7.3455570563673973 1103.9360448867083 27.720871075987816 525.87775118649006
leaf_count=4308 3218 1035 1597 433 43955 7154 7649 3542 8813 7396 958 20334 2443 2240 6955 53469 4909 6721 2647 1421 2772 143 99329 159 362 100 101 13059 294 5703
internal_value=-0.000337533 -0.0307115 0.165329 0.0129598 -0.0712711 -0.00334398 0.124131 0.0598041 0.0513136 0.070441 -0.00767278 -0.00312194 0.311073 -0.0050706 -0.00764807 -0.00275344 0.0856109 0.101888 0.0372109 0.172171 0.0909315 -0.0743388 -0.067831 0.0795491 0.0691012 -0.0597441 0.16646 0.14688 0.177308 0.201007
internal_weight=23227.3 19635.4 3591.9 9451.36 10184 7011.17 2814.77 2440.19 2287.25 1626.84 6711.82 6213.04 777.136 6137.69 5956.85 5445.25 1024.87 846.739 780.098 152.937 299.351 9945.49 6929.41 180.843 547.794 511.602 14.545 1789.9 685.963 553.599
internal_count=313219 273257 39962 126612 146645 95277 33211 31335 29481 20668 91470 84316 6751 83358 80959 73803 12558 10625 10043 1854 3807 143427 99472 2399 7083 7156 201 20653 7594 5997
cat_boundaries=0 21 41 65 86 87 109 133 138 162 175 196 217 218 239
cat_threshold=0 0 1032 64 0 0 0 16384 1024 0 1024 608174080 2147508740 0 0 8454144 2 34078720 557846720 131074 268828688 0 0 8 0 0 0 0 0 1024 0 0 0 2147500032 0 0 0 0 524288 536871104 131074 268435460 1074790402 262144 0 0 9453824 0 1048576 1073774592 0 131072 1073741832 4980800 8196 0 0 33693697 150994944 32776 0 0 0 0 532480 1024 268435464 25165824 0 0 0 0 1048576 16781312 0 0 2550136896 1073877016 32768 0 1573376 4192 2097152 272 537919489 9437184 44173312 4096 1342177280 262144 0 0 0 8192 0 0 0 131072 2558525952 6754514 4 0 1048576 32 67387392 262144 0 8192 256 794034176 8388608 2218786944 16 1073741824 256 65536 262144 1075838976 262144 268440064 0 256 8388610 268435456 0 0 0 2 0 0 0 0 4 0 2147483648 0 4194304 32 16384 262144 262144 512 0 8192 0 0 0 0 64 59770880 270534882 1048577 0 2048 136577024 263168 278528 0 81920 256 0 2097152 0 0 0 0 0 0 0 0 0 0 131072 0 262144 0 268435456 262144 0 0 0 0 0 0 0 131072 512 393346 0 0 0 0 67108864 0 0 8192 0 0 4194304 0 134217728 32 0 0 0 0 0 64 0 1024 0 536870912 2147483649 134217728 8 1048576 25165832 384 0 0 0 0 0 0 0 16384 0 0 0 541065216 4 0 0 8454144 0 0 4198400 0 268566528
is_linear=0
shrinkage=0.1


Tree=2
num_leaves=31
num_cat=6
split_feature=10 10 10 10 10 21 19 10 10 5 21 11 3 19 17 21 3 19 19 11 13 8 3 21 3 17 21 11 3 21
split_gain=9807.91 2245.5 1616.52 445.939 396.518 150.959 138.439 134.386 127.516 125.043 108.02 79.9799 78.2849 77.144 72.5304 69.647 68.4642 70.1697 132.452 88.4072 67.3592 65.8195 62.4 63.6041 56.5436 54.508 49.324 72.0621 67.3571 49.1116
threshold=0.094801086932420744 0.19137971848249438 0.046979362145066268 0.14109200239181521 0.39748507738113409 4130.5000000000009 0.11859711632132532 0.021580796688795093 0.075304355472326293 0 4254.5000000000009 23.500000000000004 1 0.1721809655427933 1.5000000000000002 4005.5000000000005 2 0.016595537774264816 0.011464086826890709 3.5000000000000004 0.51666668057441723 21.500000000000004 3 3635.5000000000005 4 1.0000000180025095e-35 1139.5000000000002 1.0000000180025095e-35 5 231.50000000000003
decision_type=2 2 2 2 2 2 2 2 2 9 2 2 9 2 2 2 9 2 2 2 2 2 9 2 9 2 2 2 9 2
left_child=2 3 7 6 10 26 20 -1 16 -9 14 24 -7 25 -3 -6 -4 18 -18 -20 29 -22 -10 -24 -11 -8 -5 -28 -29 -2
right_child=1 4 8 5 15 12 13 9 22 11 -12 -13 -14 -15 -16 -17 17 -19 19 -21 21 -23 23 -25 -26 -27 27 28 -30 -31
leaf_value=-0.091089189178711588 0.10742463632484117 0.16894787486892851 0.073697942957886967 0.14792435830971484 0.24495352695411277 0.072831215435685659 0.089556023309248889 0.20976142469560113 -0.050414237266309447 0.027153070922563478 0.093044026850989267 -0.090948148722345745 0.0029079042995728294 0.024823824494605323 0.10154144025758856 0.18593413997536748 -0.092134784846510082 -0.026379537054631377 0.098598780932834362 0.60791970121626537 0.040952898726193954 0.40470817201466086 0.042139015638236729 0.0033107246716756094 -0.062365878091465682 0.021530816120560941 0.11426346529905691 -0.026507159614754184 0.081699621642655221 0.016165073472236127
leaf_weight=3632.2996521294117 60.394574053585529 780.4943682551384 63.42400261759758 253.42209014296532 556.88680346310139 605.36432484537363 688.50935430824757 7.5304022654891014 164.62026719003916 71.300521939992905 391.71203840523958 1118.3732166141272 228.74366855621338 408.12000046670437 200.6741316318512 311.94950009137392 12.954726427793503 2868.252135194838 6.7854181304574013 6.8470154404640198 11.249823309481146 8.9173369333147985 534.25312432646751 2005.7232859358191 4317.397232607007 142.10533729195595 893.14664773643017 72.623650789260864 260.30269110202789 2499.0785852894187
leaf_count=56721 768 7282 871 2713 3603 7063 7971 98 2229 1053 4146 17084 2837 5186 1884 2412 198 40773 102 103 135 101 7126 26991 65746 1724 9546 794 2842 32888
internal_value=-0.00125029 0.0852494 -0.0501587 0.053939 0.170896 0.0885834 0.0329476 -0.0761541 -0.00816975 -0.0663169 0.137438 -0.0669537 0.0545636 0.0604253 0.155162 0.223763 -0.022518 -0.0247949 0.136829 0.35441 0.0197529 0.201795 0.00752421 0.0114328 -0.0609918 0.077918 0.107763 0.0994619 0.0597535 0.0183185
internal_weight=23183.5 8373.69 14809.8 6131.98 2241.72 2313.6 3818.38 9146.9 5662.86 5514.6 1372.88 5507.07 834.108 1238.73 981.168 868.836 2958.26 2894.84 26.5872 13.6324 2579.64 20.1672 2704.6 2539.98 4388.7 830.615 1479.5 1226.07 332.926 2559.47
internal_count=312990 93895 219095 74568 19327 25795 48773 140702 78393 83981 13312 83883 9900 14881 9166 6015 42047 41176 403 205 33892 236 36346 34117 66799 9695 15895 13182 3636 33656
cat_boundaries=0 1 14 33 55 77 80
cat_threshold=385 0 0 0 64 0 0 8192 0 0 0 1024 0 64 4 1048578 0 0 0 256 0 192 32768 0 33562944 18433 2048 1024 0 1073741824 2183266304 16777728 65536 524292 537952258 2 0 0 277872640 0 128 32768 0 33562944 16385 1050624 1024 0 1073741824 131080 1073746432 65544 0 0 1024 0 0 1073741952 17 2281701376 2148074496 4231178 1536 0 0 0 0 0 0 0 0 0 0 0 0 0 16777216 0 0 1024
is_linear=0
shrinkage=0.1


Tree=3
num_leaves=31
num_cat=6
split_feature=10 10 10 10 19 10 3 18 18 11 18 5 14 3 14 17 18 3 18 18 3 19 17 14 18 3 6 17 13 6
split_gain=7836.84 2119.12 589.5 547.276 226.188 133.426 115.705 120.579 130.986 111.454 109.114 105.38 92.5375 77.8307 77.0635 123.296 95.0166 69.778 69.3875 96.5151 70.2939 72.8227 63.3199 59.3036 57.6661 52.9771 51.4481 49.7774 49.5526 48.9149
threshold=0.075304355472326293 0.16004186868667605 0.046979362145066268 0.24829139560461047 0.11859711632132532 0.022192042320966724 0 0.36237373948097235 -1.0000000180025095e-35 -1.0000000180025095e-35 0.506756752729416 1 12.500000000000002 2 1.0000000180025095e-35 1.0000000180025095e-35 0.33568075299263006 3 0.2137710973620415 -1.0000000180025095e-35 4 0.018454174511134628 1.0000000180025095e-35 29.500000000000004 0.98484849929809581 5 9.5000000000000018 6.5000000000000009 0.18736233562231067 8.5000000000000018
decision_type=2 2 2 2 2 2 9 2 2 2 2 9 2 9 2 2 2 9 2 2 9 2 2 2 2 9 2 2 2 2
left_child=2 4 5 14 6 -1 -2 8 -8 13 11 12 -7 26 -3 25 -17 -11 19 20 -4 -22 -9 24 27 -16 -6 29 -27 -19
right_child=1 3 18 -5 9 10 7 22 -10 17 -12 -13 -14 -15 15 16 -18 23 -20 -21 21 -23 -24 -25 -26 28 -28 -29 -30 -31
leaf_value=-0.087467439613245199 0.068366754989336503 0.096423451801306501 -0.057973686686307084 0.16500387253249046 0.13127594218147834 -0.058274340856302037 0.014041310875294736 0.3050207041277177 -0.037896497874390991 -0.012378718671761935 0.28884853921247744 0.18270023697330462 -0.098906800160071112 0.0012028669345179126 0.0024726548249746332 -0.010468680014196652 0.18594894142114934 0.073773494304664247 0.10770806873300787 -0.063569045273361727 0.22462645369341883 -0.0090459226522307742 0.069771194819541221 -0.083002087629746757 0.28207130941372344 0.11190019698075811 0.057036590666771574 0.0019849616614778312 0.26212628011412198 0.032538787845895777
leaf_weight=3670.2556296847761 352.84642264246941 2214.3957055732608 310.36203602328897 1394.4203604608774 319.41540072113276 4212.231194537133 4378.2438128963113 19.855593837797642 546.15023389458656 230.16502916812897 8.8368041329085809 8.7481057792901975 646.52332701534033 92.043014749884605 53.963852211833 254.73013505339622 27.264605395495892 688.94789839535952 41.411111138761044 479.82174204662442 13.424467384815214 2042.6235376298428 26.999615110456944 34.018746346235275 10.683560505509375 183.44712405651808 131.89172703027725 194.66450662910938 24.942560121417046 493.9370668977499
leaf_count=61925 4155 21500 4621 9241 3404 67638 57195 206 7693 2946 141 96 10644 1078 577 2630 257 7284 532 7210 166 29304 294 434 121 1773 1554 2280 233 5780
internal_value=-0.00102568 0.0566122 -0.0598673 0.113945 0.0249479 -0.0730654 0.01381 0.00978053 0.00828104 0.0519538 -0.0622255 -0.0628629 -0.0635502 0.0912431 0.0881368 0.0544269 0.00852192 0.0390347 -0.0208045 -0.0226743 -0.0143823 -0.00748382 0.169462 0.0471108 0.0506386 0.103768 0.107205 0.0488437 0.123934 0.0565551
internal_weight=23107.3 11673 11434.2 4153.16 7519.86 8546.6 5324.1 4971.25 4924.39 2195.77 4876.34 4867.5 4858.75 543.35 2758.74 544.348 281.995 1652.42 2887.64 2846.23 2366.41 2056.05 46.8552 1422.25 1388.23 262.354 451.307 1377.55 208.39 1182.88
internal_count=312912 130635 182277 36211 94424 140444 69543 65388 64888 24881 78519 78378 78282 6036 26970 5470 2887 18845 41833 41301 34091 29470 500 15899 15465 2583 4958 15344 2006 13064
cat_boundaries=0 21 22 44 66 90 111
cat_threshold=0 268435464 8388608 0 0 0 0 1048576 16777216 0 0 268436032 67244104 32776 0 0 134484032 203423744 0 536870912 16851200 58 0 262144 263168 0 0 0 8192 0 0 0 131072 8388608 266242 0 0 0 0 0 0 0 0 256 524288 269746176 0 512 0 8448 0 0 0 0 33554432 1125122120 1050656 128 0 1073741824 134217728 2281703936 0 0 73736 256 33554432 0 1077944320 262161 2147483648 555815936 138465432 1536 0 0 2048 0 0 0 0 1 0 0 0 0 0 16777216 0 524288 0 0 0 64 0 0 8192 0 0 0 0 67108864 4608 0 0 0 2 33554432 0 262144 128
is_linear=0
shrinkage=0.1


Tree=4
num_leaves=31
num_cat=9
split_feature=10 10 10 3 10 19 5 21 1 18 18 11 3 20 21 21 18 18 3 3 18 18 18 3 20 8 8 21 3 3
split_gain=6404.23 1440.94 544.371 490.523 136.385 124.359 122.634 119.73 92.8719 83.2807 101.951 78.7548 75.0243 85.8468 77.8506 92.5394 67.5084 118.21 64.9442 61.0505 60.3318 57.5969 85.7711 65.0397 60.4807 56.0695 53.8223 51.4533 66.267 65.5083
threshold=0.075304355472326293 0.14109200239181521 0.046979362145066268 0 0.021580796688795093 0.11859711632132532 1 4374.5000000000009 2 0.58506491780281078 -1.0000000180025095e-35 15.500000000000002 3 0.12997944653034213 3986.5000000000005 3968.5000000000005 -1.0000000180025095e-35 0.58506491780281078 4 5 0.16807910054922107 0.14389234036207202 -1.0000000180025095e-35 6 0.06174742057919503 11.500000000000002 26.500000000000004 4111.5000000000009 7 8
decision_type=2 2 2 9 2 2 9 2 9 2 2 2 9 2 2 2 2 2 9 9 2 2 2 9 2 2 2 2 9 9
left_child=2 5 4 -3 -1 9 11 8 -5 10 19 -6 -7 14 15 -14 -10 -18 -4 -2 -13 22 23 -20 -23 -17 -11 28 -21 -29
right_child=1 3 18 7 6 12 -8 -9 16 26 -12 20 13 -15 -16 25 17 -19 21 27 -22 24 -24 -25 -26 -27 -28 29 -30 -31
leaf_value=-0.087045954941543324 0.044434404824038862 0.14305065356920968 0.066325619007898573 0.15411336272671533 -0.054245554986110438 -0.025980133934645322 0.19159992453738181 0.033410284844738167 0.07840879814721817 0.081629015916039535 -0.031132258842269445 -0.087092300726283545 0.084977555795307358 0.022843375358289231 0.030316031425692759 0.45726230323097311 0.0046412330158228784 0.19731238812541851 -0.00014767050808389622 -0.014141588239455076 0.10609605338039592 0.21710969199221741 -0.064573429980450209 -0.033882578547519103 -0.0040910389210312374 0.14526028410941483 0.34286737506840009 -0.028772610268958998 0.025752456778645433 0.014744325882371302
leaf_weight=3104.6190384477377 561.67200290411711 1220.4904433339834 76.173202082514763 160.57779983431101 3769.038474984467 149.11489486694336 10.426283292472361 727.63339581340551 2963.8056442067027 27.68430719524622 567.19118959829211 1117.9806385375559 484.20867585390806 716.39281094819307 303.85515084117651 10.715396076440813 259.35244344174862 36.300405040383339 1182.5071137994528 518.29636923223734 16.40250376239419 20.205392420291901 445.08625166118145 1105.2854514829814 31.837294831871986 12.454604573547838 11.0282626748085 657.56337565928698 2045.8520170897245 709.73738875985146
leaf_count=56667 6705 6877 1035 1283 63672 1885 99 7436 26764 271 8102 19762 4716 8490 3566 114 2568 281 16877 6883 266 262 7073 16544 375 136 87 8770 26312 9231
internal_value=-0.00155533 0.0483646 -0.0572767 0.0870644 -0.0706384 0.0177043 -0.0602719 0.0700761 0.0780819 0.00993559 0.00881779 -0.0610737 0.0413292 0.0477569 0.0703465 0.0943196 0.0736375 0.0282975 -0.0198293 0.0138609 -0.0842989 -0.0223438 -0.0244085 -0.0165945 0.0817894 0.289551 0.156049 0.00935615 0.0177339 -0.00628647
internal_weight=23023.5 12143.9 10879.6 5368.16 8018.47 6775.77 4913.85 4147.67 3420.04 5099.02 5060.31 4903.42 1676.74 1527.63 811.234 507.379 3259.46 295.653 2861.09 4493.12 1134.38 2784.92 2732.88 2287.79 52.0427 23.17 38.7126 3931.45 2564.15 1367.3
internal_count=313109 130477 182632 45209 140466 85268 83799 38332 30896 66361 66003 83700 18907 17022 8532 4966 29613 2849 42166 57901 20028 41131 40494 33421 637 250 358 51196 33195 18001
cat_boundaries=0 21 22 23 44 64 88 110 132 145
cat_threshold=0 0 8 0 0 0 0 0 1024 0 0 0 2147500032 0 0 0 0 524288 553652416 131074 262144 58 12584960 540672 268435456 0 512 0 8448 0 0 16777216 0 33554432 51380296 1050656 136 0 1610612736 134479936 2348812800 0 1048576 16842752 4 540016640 0 0 0 256 0 192 8388608 0 33562880 16385 268437504 1024 0 0 2149711880 16781824 65536 4 0 268435456 8650752 512 0 0 8388608 1048576 16777216 0 0 134217792 67240088 8 0 0 262144 201326592 8192 536870912 25174016 0 0 2097152 277348352 32786 268435584 0 0 311427072 33818624 0 33587200 0 64 2048 1114368 0 0 1073741824 0 8 8 0 0 1024 528388 540049410 2 0 0 276824064 0 524288 32768 0 8448 1073758209 262144 1536 0 1073741824 2147614728 16781832 65544 0 0 1024 524288 2359296 0 0 0 0 0 64 8388608 0 33702144 2048 268437504
is_linear=0
shrinkage=0.1


Tree=5
num_leaves=31
num_cat=13
split_feature=20 3 19 3 3 3 18 3 18 3 3 14 16 21 18 13 3 18 18 21 16 3 21 20 3 3 1 11 3 20
split_gain=4244.56 1449.62 358.7 339.807 269.627 148.033 127.782 122.809 115.512 144.221 108.182 100.975 82.3955 73.3716 72.8469 84.3568 69.8121 68.11 81.9037 66.5392 66.1087 87.5396 58.5136 155.064 62.4476 56.5418 53.6197 70.8152 53.5164 52.8788
threshold=0.06174742057919503 0 0.10548605397343637 1 2 3 0.15535445511341098 4 -1.0000000180025095e-35 5 6 33.500000000000007 50.500000000000007 4254.5000000000009 -1.0000000180025095e-35 0.24068965017795566 7 0.98484849929809581 -1.0000000180025095e-35 3571.5000000000005 14.500000000000002 8 3934.5000000000005 0.1803759187459946 9 10 11 21.500000000000004 12 0.12997944653034213
decision_type=2 9 2 9 9 9 2 9 2 9 9 2 2 2 2 2 9 2 2 2 2 9 2 2 9 9 9 2 9 2
left_child=3 4 5 12 -2 -3 8 19 9 -5 -4 17 -1 22 25 -16 -11 18 26 -7 -18 -22 24 -24 -6 -9 27 -12 -10 -17
right_child=1 2 10 6 13 7 -8 14 28 16 11 -13 -14 -15 15 29 20 -19 -20 -21 21 -23 23 -25 -26 -27 -28 -29 -30 -31
leaf_value=0.044377810526428141 0.11821400388884812 -0.067536584364089505 -0.039289459082272965 -0.091722072727799364 -0.013039754389943453 0.097608639885493509 0.081752441904174522 0.019894492780291539 0.028655809443379102 0.013088813656848048 0.088602450928532639 -0.087419582043241309 0.3403304539320085 0.040998607586254281 -0.045700642529243433 0.025091824805834204 -0.047821629455103411 0.19914655531334846 -0.008329637103599824 0.020349997475994336 0.041502268175258705 -0.094941391181137008 0.22744028400618613 0.080506306404082795 0.067306927096595762 -0.0042369575762610896 0.043281374421446833 0.3230690700671186 -0.088038445028530712 0.24227467336302891
leaf_weight=252.30378529429436 1380.9077290073037 317.69746905937791 171.15878930315375 993.543955758214 112.77035062760115 186.72912571579218 61.877738013863564 1269.5136639289558 41.455118421465158 174.48577637597919 153.60714776813984 60.022749025374651 9.7715063057839853 971.53415429592133 630.13867429643869 88.471358880400658 4657.1543793715537 27.859774295240641 293.16842345148325 276.61399133503437 50.496225032955408 521.81596726179123 79.595156773924828 735.60700387507677 823.75954660028219 4017.9307975880802 2852.7403665594757 14.060560449957846 1671.5697951316833 12.837338365614412
leaf_count=3298 7436 5421 2330 19696 991 1748 880 15896 718 2424 1336 798 127 9189 9778 1035 82545 237 3471 3235 870 9911 550 6113 6560 55056 29924 118 31555 108
internal_value=-0.0013868 0.0314671 0.0115042 -0.0577764 0.0816926 -0.00196394 -0.0613311 0.00135191 -0.0624983 -0.0563229 0.0371708 0.0410132 0.0533758 0.0628086 -0.00250105 -0.0320839 -0.0495532 0.043443 0.0421339 0.0503978 -0.0516643 -0.0838364 0.0752632 0.0948527 0.0582116 0.00158661 0.047032 0.102171 -0.0855611 0.0526122
internal_weight=22911.2 14476.7 10372.6 8434.47 4104.17 6799.93 8172.4 6482.23 8110.52 6397.5 3572.62 3401.46 262.075 2723.27 6018.89 731.447 5403.95 3341.44 3313.58 463.343 5229.47 572.312 1751.73 815.202 936.53 5287.44 3020.41 167.668 1713.02 101.309
internal_count=313354 161330 130491 152024 30839 92277 148599 86856 147719 115446 38214 35884 3425 23403 81873 10921 95750 35086 34849 4983 93326 10781 14214 6663 7551 70952 31378 1454 32273 1143
cat_boundaries=0 21 45 66 90 111 135 157 181 203 216 240 241 264
cat_threshold=0 0 8 0 0 0 0 16384 5120 0 1024 2755657728 2147500036 1 0 8388608 0 34078720 557846736 393218 269877264 268435460 1091567618 2147483648 0 0 9437440 1048576 1048576 32768 0 131072 8 4997128 8196 0 1073741824 8194 151003136 1081344 1 0 0 0 524288 0 0 8 0 0 0 0 0 1024 0 0 0 2147500032 0 0 0 0 524288 553652416 131074 268435456 172228608 1048578 2214592640 16 1073741824 256 0 262144 1109393408 262144 512 0 32768 8388610 268435456 0 0 134217728 2 0 0 16777220 0 4 1024 268435464 25166848 64 0 8192 2048 0 16777216 0 0 402653248 8792 32768 0 526848 266336 2097152 262144 536870912 16842880 0 0 0 0 1024 0 0 0 0 134217752 0 0 134217728 549453824 0 0 0 0 0 0 0 304914436 33692801 36151 276840448 16777216 0 512 2281701376 1064960 33556480 128 0 393728 33554432 17825792 2081 12288 0 16777216 2097216 512 8 0 134217728 16778240 8388608 536903696 285474818 131072 0 16384 0 192 1107296256 0 16384 4194305 4128 128 0 0 33554449 67110912 134283264 0 41943052 0 0 8192 560201728 262144 1077936256 145 3221225472 2097152 16810144 263168 4194304 0 268443904 0 33024 4096 0 0 0 0 8 0 0 256 0 0 0 0 0 0 0 0 0 0 0 0 4 0 32 262144 512 0 0 262144 1049088 0 0 8192 1098907648 68294690 1049664 0 0 136314880 2147483648 65792 1048580 41959424 256 0 2097152 111149056 0 0 4194816 0 2147483648 134217728 32896 0 0 67108868 2048 33554432 256 4096 0 2147483648 0 512 0 0 0 1098907904 4198400
is_linear=0
shrinkage=0.1


Tree=6
num_leaves=31
num_cat=11
split_feature=10 3 10 10 10 18 18 14 21 5 21 3 1 3 18 3 19 20 14 18 3 18 3 3 3 21 14 12 3 21
split_gain=4423.9 882.385 490.171 214.408 138.985 96.2436 103.462 91.2937 90.9812 84.3694 70.5821 69.97 82.692 69.5861 63.9262 60.1636 52.7502 80.8709 48.8398 46.0948 70.92 54.1093 45.8751 43.9866 43.8465 43.5538 53.4651 44.281 72.1132 43.5033
threshold=0.075304355472326293 0 0.046979362145066268 0.11123976856470109 0.020170049741864208 0.286049634218216 -1.0000000180025095e-35 17.500000000000004 4332.5000000000009 1 4227.5000000000009 2 3 4 0.506756752729416 5 0.12586309760808947 0.12997944653034213 1.0000000180025095e-35 -1.0000000180025095e-35 6 0.077935222536325469 7 8 9 4150.5000000000009 1.0000000180025095e-35 -1.0000000180025095e-35 10 3934.5000000000005
decision_type=2 9 2 2 2 2 2 2 2 9 2 9 9 9 2 9 2 2 2 2 9 2 9 9 9 2 2 2 9 2
left_child=2 10 4 5 -1 6 16 9 11 14 13 -5 -13 -2 24 -4 23 22 -14 20 -17 -21 -18 -3 -6 27 -27 28 -25 -15
right_child=1 3 15 8 7 -7 -8 -9 -10 -11 -12 12 18 29 -16 19 17 -19 -20 21 -22 -23 -24 25 -26 26 -28 -29 -30 -31
leaf_value=-0.084919216827275906 0.12299871766031328 0.024834193796058328 0.050527485616710423 -0.0025677531226150963 0.015373639438279157 0.11420657250910393 -0.028475265407525055 -0.094090518669488185 0.0092709622590058695 0.1511059451759566 0.060243242632771789 0.11963869260587588 0.054818522178662343 0.068090513798624713 0.18899071164994644 0.001684681408818051 0.069874764043625873 0.0061118413633070821 0.019792775885811617 -0.063274793456401357 -0.034939889636298613 0.031280997685579764 -0.010622069299660083 0.066032472779223139 -0.053595612596165181 -0.022372033446777986 0.061283471106279734 0.0031001963952298176 -0.010380852601975269 0.10924220327503686
leaf_weight=2452.4209869913757 792.19350771605968 1380.1313057690859 121.03431273624301 250.77438605204225 96.25157230719924 91.275164760649204 606.06389943510294 543.06132875755429 697.31791271269321 11.945733547210692 650.31929790228605 177.05195499956608 2331.8159376606345 831.06366519629955 11.029598135501145 1304.7152462527156 516.89691621810198 541.32989744096994 480.06676515564322 381.43787436187267 881.63517702743411 71.93254093080759 86.16536058485508 309.57973058521748 4024.638848695904 840.83379163220525 84.033128514885902 1618.6784310862422 203.43961450457573 371.82441111654043
leaf_count=51675 3791 16686 1637 2714 1654 844 8928 11339 7229 103 4851 1422 20140 5406 133 18884 4661 6169 4666 6675 13914 918 1021 3864 75774 11302 1125 20665 2646 2315
internal_value=-0.00154522 0.0371353 -0.0517937 0.0237192 -0.0656306 0.0122701 0.0107663 -0.0555378 0.0420374 -0.0504854 0.0885187 0.0490901 0.0532546 0.0981791 -0.0513098 -0.0160113 0.0150276 0.03417 0.0486656 -0.0191809 -0.0132361 -0.0482724 0.0593559 0.0100901 -0.0520775 0.0033405 -0.0147711 0.0112141 0.0368153 0.0801446
internal_weight=22761 12860.9 9900.1 10215.5 7139.35 6278.43 6187.15 4686.93 3937.03 4143.87 2645.4 3239.71 2988.93 1995.08 4131.92 2760.76 5581.09 1144.39 2811.88 2639.72 2186.35 453.37 603.062 4436.7 4120.89 3056.56 924.867 2131.7 513.019 1202.89
internal_count=313151 130445 182706 114082 140678 77911 77067 89003 36171 77664 16363 28942 26228 11512 77561 42028 68139 11851 24806 40391 32798 7593 5682 56288 77428 39602 12427 27175 6510 7721
cat_boundaries=0 21 22 46 47 67 89 108 130 151 173 195
cat_threshold=0 0 1048584 0 0 0 0 16384 5120 0 0 2147483648 2149597188 32768 0 8456192 0 34357248 557846736 131074 269877264 58 0 1073741824 16777216 0 0 8192 0 0 0 0 0 134217792 8 1572872 0 524288 134479936 201335808 8192 537919617 8474880 0 0 2097152 8521736 0 0 8 0 0 0 0 0 0 0 0 0 2147483648 0 0 0 0 524288 553652352 2 524292 540016642 0 0 0 8388608 0 64 32768 0 33562944 18433 2048 1024 0 0 2149580808 16781832 65536 4 0 1024 277872640 32784 2415919234 131200 0 268435808 33818628 128 41943040 0 0 0 270074112 256 0 1073741824 131072 0 8 16384 285474816 262144 0 0 0 0 0 0 0 131072 134217728 262178 0 0 0 0 0 0 0 0 256 0 268435488 17039360 0 0 8192 0 1048576 0 0 0 167772160 67109002 2097164 0 524288 134479936 201337856 1056768 1048704 28928 33554432 0 1073750144 17 2281701376 2684945408 138461210 1536 0 0 0 0 0 0 0 16777217 0 0 0 0 0 16777216 524288 2359298 0 0 0 256 8388608 0 0 0 131072 8 2080 0 0 0 2147483648 0 0 0 0 256
is_linear=0
shrinkage=0.1


Tree=7
num_leaves=31
num_cat=15
split_feature=10 10 3 10 14 18 18 3 3 5 3 3 3 18 18 16 21 3 3 11 3 1 1 14 3 16 3 17 3 18
split_gain=3701 851.433 227.43 224.496 114.972 94.9134 150.783 92.7493 86.0559 83.8181 63.0851 61.987 59.1989 55.1603 104.078 75.2595 48.5107 73.9808 53.5457 49.3769 79.4104 43.993 42.7083 70.9873 51.4954 39.7809 47.6318 38.1414 36.7992 40.8515
threshold=0.063527129590511336 0.14109200239181521 0 0.022192042320966724 8.5000000000000018 -1.0000000180025095e-35 0.2137710973620415 1 2 3 4 5 6 0.58506491780281078 -1.0000000180025095e-35 5.5000000000000009 4005.5000000000005 7 8 -1.0000000180025095e-35 9 10 11 1.5000000000000002 12 14.500000000000002 13 1.0000000180025095e-35 14 0.58506491780281078
decision_type=2 2 9 2 2 2 2 9 9 9 9 9 9 2 2 2 2 9 9 2 9 9 9 2 9 2 9 2 9 2
left_child=3 5 -3 -1 7 8 25 -5 -2 11 -6 -9 -10 14 22 -16 18 -18 -14 20 -20 -21 23 24 -4 -7 -27 -8 -13 -30
right_child=1 2 13 4 10 6 27 9 12 -11 -12 28 16 -15 15 -17 17 -19 19 21 -22 -23 -24 -25 -26 26 -28 -29 29 -31
leaf_value=-0.079614962079984808 -0.046323333337092994 0.091388175554957929 0.0099089555806287227 0.035922317819493559 0.10885848067100407 -0.051085076573950339 0.12400642054437494 -0.015202820076568655 0.045267098844407633 0.1495677556825292 -0.087184785946931381 -0.068463985563950822 -0.01028956266966463 0.13678130209534772 -0.053108640611209172 0.036039900037979959 0.018567662038038245 -0.0145055623523179 0.069657821247716953 0.077241966560140388 0.0086798876797466572 0.012952637018294886 0.045756300338319664 0.29043710104566678 0.1052278601501774 0.051314129428846625 -0.032849600882911036 0.025178373967542453 -0.042916686485847615 0.16685250990048806
leaf_weight=2741.4580485709012 237.03431501239538 1454.9393802285194 95.312140189111233 156.9241460300982 10.581030290573834 598.23976146057248 71.08596408367157 741.02705638483167 544.86442293226719 13.851199209690092 636.19306563958526 739.03091744333506 568.71134681999683 65.638951689004898 177.90578985214233 202.46479817479849 1249.934850692749 1450.2292009480298 487.66845075786114 102.50768454000354 395.3696897290647 2481.5170119032264 3961.9580721259117 16.554938606917858 190.24574714154005 89.952877458184958 196.29564647004008 86.656606830656528 2857.5928967222571 9.3140365555882436
leaf_count=61788 3444 6999 654 2390 154 9434 625 12179 5998 113 13697 14643 7367 416 1758 1832 15202 19865 5081 1155 4903 29574 32315 105 1253 1289 3160 843 54824 96
internal_value=-0.00129654 0.0283351 0.0566697 -0.0564863 -0.044209 0.0079283 -0.0203524 -0.0385635 0.011849 -0.0412317 -0.0836425 -0.0421816 0.0137875 0.0456543 0.0444647 -0.00565639 0.0111778 0.000819431 0.0181359 0.0227626 0.0432428 0.015852 0.0489357 0.0862609 0.0774448 -0.0364152 -0.00575631 0.0697148 -0.0476684 -0.0420884
internal_weight=22631.1 14725.1 6165.02 7905.97 5164.51 8560.07 1042.23 4517.74 7517.84 4360.82 646.774 4346.96 7280.8 4710.08 4644.44 380.371 6735.94 2700.16 4035.77 3467.06 883.038 2584.02 4264.07 302.113 285.558 884.488 286.249 157.743 3605.94 2866.91
internal_count=313156 153272 45332 159884 98096 107940 15351 84245 92589 81855 13851 81742 89145 38333 37917 3590 83147 35067 48080 40713 9984 30729 34327 2012 1907 13883 4449 1468 69563 54920
cat_boundaries=0 21 43 67 68 78 102 126 144 166 177 178 179 200 221 245
cat_threshold=0 0 8 0 0 0 0 0 1024 0 0 0 2147500032 0 0 0 0 540672 553652416 131074 1310720 8388608 0 268435458 129 0 2415923264 33818644 0 32768 0 8192 1 0 1040 0 1073750016 2147483664 4608 65544 0 0 1024 1048576 0 268435458 393345 0 2182627360 2068 0 0 0 0 1 524288 16 0 1073750016 2147483664 4608 134283272 0 4 0 0 524288 58 1048576 0 4194304 0 0 0 0 0 0 262144 0 16 2147483776 0 2281701504 588071936 130 1024 37814272 0 2097152 16384 557312 4352 1048576 0 0 536870912 134217728 0 4 0 0 8192 0 1073741824 8650752 0 0 0 0 0 16777216 0 0 8388608 4194392 1048576 0 0 270336 201326592 24576 1048704 25174016 256 0 2097152 8404992 269484032 0 512 0 0 0 8 0 0 16384 1225785344 268566690 4 0 0 0 2147483648 8404996 554696722 0 512 0 285217088 0 0 32768 0 24640 1073758208 269484192 1280 0 0 131136 0 1048576 0 8 1024 0 270794752 0 0 0 0 0 0 0 0 131072 111151104 109053952 1073741824 8 0 0 0 0 0 0 0 0 0 0 0 0 0 65536 0 2097152 32768 1 16777344 16384 0 0 0 0 0 0 0 0 0 131072 25165824 393354 4 0 0 64 512 0 0 4096 16777280 8519680 0 0 285212672 0 65536 33554432 2684354560 287463554 4096 0 0 0 0 0 0 0 2 0 0 1073741824 2690646046 4096
is_linear=0
shrinkage=0.1


Tree=8
num_leaves=31
num_cat=8
split_feature=10 10 3 10 10 18 18 18 18 3 5 19 3 15 18 18 18 18 16 11 16 3 19 20 7 11 3 3 11 3
split_gain=3069.98 679.898 191.349 151.988 111.417 80.0129 69.0899 53.4175 85.0604 57.1492 48.7837 48.419 48.2903 47.3197 92.7077 53.02 44.3336 51.5401 43.7198 43.6804 42.2934 82.6122 48.4835 55.1706 42.3862 36.5066 33.2898 31.4458 37.4188 31.4149
threshold=0.052798304706811912 0.14109200239181521 0 0.021580796688795093 0.094801086932420744 -1.0000000180025095e-35 0.15535445511341098 -1.0000000180025095e-35 0.19078490138053897 1 2 0.018454174511134628 3 2.5000000000000004 -1.0000000180025095e-35 0.32843138277530676 0.84693878889083873 -1.0000000180025095e-35 14.500000000000002 506.50000000000006 1.5000000000000002 4 0.11157525703310968 0.12997944653034213 1.0000000180025095e-35 29.500000000000004 5 6 -1.0000000180025095e-35 7
decision_type=2 2 9 2 2 2 2 2 2 9 9 2 9 2 2 2 2 2 2 2 2 9 2 2 2 2 9 9 2 9
left_child=3 4 -3 -1 7 10 -7 9 -9 -2 12 -11 -5 14 29 -16 17 20 -19 -15 22 24 27 -24 -22 -14 -13 -6 -29 -4
right_child=1 2 13 5 16 6 -8 8 -10 11 -12 26 25 19 15 -17 -18 18 -20 -21 21 -23 23 -25 -26 -27 -28 28 -30 -31
leaf_value=-0.079009276787178215 -0.038142165730970332 0.078969175030380978 0.0077483923044186515 0.0083084159917020794 -0.0042415450578995794 -0.079829418658098381 0.05417570913956235 -0.044061412615984334 0.058448904815111696 0.18617667684670919 0.10991752410201804 -0.032873617614886441 -0.040890496144142877 0.17885557088888576 -0.030250046852151321 0.067083203092915364 0.12439246034205836 -0.039579375040448339 0.028599801101608032 0.01836552596961805 -0.012758185099546069 0.028066966073394352 0.050804966539089606 0.0095869607202219258 0.19119651720425868 -0.079342867799784389 0.0048011477738382283 -0.009470579900981782 0.036207478139443097 0.043106665793882525
leaf_weight=2327.7054811120033 353.71113900095224 1531.2461976855993 288.25260083377361 190.61937675625086 1166.669963747263 857.93675450980663 40.280782509595156 592.74393074586987 93.747680686414242 14.411046043038366 12.976785719394682 239.55582102760673 2922.8877441063523 45.011282734572887 293.94971608370543 69.125928178429604 38.603276535868645 277.91452724486589 142.16635573655367 27.210565038025379 12.210532255470751 455.04652917385101 681.96188379079103 619.94588907063007 61.566215679049492 269.68267631530762 3912.3881949596107 264.81315296888351 555.6230633854866 4060.0946100652218
leaf_count=56752 5635 7169 2300 3271 15053 19479 557 10537 921 161 91 3662 59128 311 2884 470 262 4019 1848 226 141 4990 5849 6720 714 6068 52579 2968 6247 31589
internal_value=-0.0012769 0.0226809 0.0481031 -0.0584317 0.00575195 -0.047278 -0.0738199 -0.00407164 -0.0300625 -0.000124239 -0.0402581 0.00318727 -0.0410378 0.0379783 0.0368263 -0.0117188 0.0177119 0.0167402 -0.0165058 0.118389 0.0203983 0.0466468 0.0161779 0.0311777 0.138648 -0.0440008 0.0025598 0.00635038 0.0212055 0.0408797
internal_weight=22420.1 15798 6314.89 6622.09 9483.08 4294.38 898.218 5206.56 686.492 4520.07 3396.17 4166.36 3383.19 4783.64 4711.42 363.076 4276.52 4237.92 420.081 72.2218 3817.84 528.823 3289.01 1301.91 73.7767 3192.57 4151.94 1987.11 820.436 4348.35
internal_count=312601 167255 44949 145346 122306 88594 20036 73495 11458 62037 68558 56402 68467 37780 37243 3354 48811 48549 5867 537 42682 5845 36837 12569 855 65196 56241 24268 9215 33889
cat_boundaries=0 20 44 45 69 90 111 135 156
cat_threshold=0 0 8 0 0 0 0 0 5120 0 0 0 2147500032 0 0 0 2 802816 557846720 131074 0 536870914 2151677954 262145 2281701504 2703823872 4229136 1536 1073741824 0 2097152 0 0 8192 0 16777217 0 0 0 0 0 16777216 0 532480 58 0 0 2151678080 1 2147483648 2183726080 37748870 1536 1073741824 0 0 0 32768 4096 0 16785409 0 0 65536 0 0 0 0 8192 0 1342177280 0 0 0 0 0 0 0 0 131072 0 64 0 0 0 0 134217728 0 0 16640 1572864 0 128 131072 0 43008064 4238 0 0 0 64 1 32768 16 0 1073750016 0 536875008 134217728 0 12 4096 0 0 512 0 0 1048576 0 0 0 131072 0 393216 128 0 524288 1 134228992 1122304 1048576 42025216 256 0 2097152 0 0 8388608 0 0 0 0 0 16777216 0 0 268435456 4206672 32768 0 2048 8192 0 32768 0 16785408
is_linear=0
shrinkage=0.1


Tree=9
num_leaves=31
num_cat=14
split_feature=20 3 3 19 3 3 11 3 3 3 11 19 13 18 3 18 3 13 3 2 3 12 13 3 21 3 14 18 14 17
split_gain=2060.14 612.456 261.293 216.08 123.597 119.212 85.6758 139.069 83.5586 67.5431 70.5143 60.9453 60.7128 88.8224 57.0403 56.6306 54.1745 50.6084 48.6925 44.8915 48.0884 44.6955 44.5614 39.6927 39.3286 41.9771 38.8843 37.2834 37.5358 99.5528
threshold=0.058218296617269523 0 1 0.11859711632132532 2 3 16.500000000000004 4 5 6 -1.0000000180025095e-35 0.022611746564507488 0.24068965017795566 -1.0000000180025095e-35 7 0.58506491780281078 8 0.033000033348798759 9 10 11 2.5000000000000004 0.51666668057441723 12 4186.5000000000009 13 31.500000000000004 -1.0000000180025095e-35 1.0000000180025095e-35 1.0000000180025095e-35
decision_type=2 9 9 2 9 9 2 9 9 9 2 2 2 2 9 2 9 2 9 9 9 2 2 9 2 9 2 2 2 2
left_child=2 24 -1 4 -3 -4 18 11 -6 -5 16 -8 13 19 26 -15 -11 -9 -7 23 -21 27 -16 -10 25 -2 -12 28 -20 -30
right_child=1 3 5 9 8 6 7 17 12 10 14 -13 -14 15 22 -17 -18 -19 21 20 -22 -23 -24 -25 -26 -27 -28 -29 29 -31
leaf_value=0.058399663283129379 0.086403285054316228 0.043803164200166424 -0.081366585577753753 -0.027035070446041726 -0.048512467836701906 0.02944846304645737 0.24805748134241751 -0.089671061793636819 -0.02474448745338749 -0.014495875205584666 0.054063460495260798 0.021657938181635184 0.047103586208222241 -0.042613774287340089 0.014583377796540887 0.14266192913952827 0.059725758290380529 -0.039941462688559463 -0.040873949058529035 0.011240432638155558 -0.0080939684983939424 0.17635428534856079 0.14411535568123562 0.063601967654059177 0.04173611682742627 0.054371820334713529 -0.072341129988257397 -0.068202325635787833 0.037626875866313587 -0.059567237313850975
leaf_weight=217.33737354725599 787.54172612726688 558.92271479591727 1140.9712110497057 226.3793511018157 398.86748258396983 100.5005871206522 14.433292660862206 862.00569513812661 66.34744281694293 112.62076950073242 628.17755081504583 67.482570458203554 243.08759285509586 664.00987883657217 2916.5572324804962 16.917667128145695 889.03322801366448 268.34658307209611 3070.357121668756 1905.5436337068677 3908.2779965959489 9.5315763279795629 26.802665181457996 187.35007947683334 862.64636468887329 1302.5539562627673 25.316756784915924 431.03353690356016 219.33347887173295 202.84552548825741
leaf_count=2705 3423 5401 30326 2681 7408 1451 188 21773 798 928 5500 1194 2712 11645 25472 121 7359 6171 64419 22816 53962 177 207 1822 5967 7744 380 9723 4581 4262
internal_value=-0.00114959 0.0185329 -0.0480208 0.00901005 -0.00111543 -0.0516527 -0.0450474 -0.0684447 -0.00456564 0.0257111 0.028305 0.0548526 -0.00199276 -0.00376422 0.0218318 -0.0380106 0.0518322 -0.0771824 -0.0381273 7.90761e-05 -0.00174849 -0.0398276 0.0157095 0.0404352 0.0594988 0.0671147 0.0484254 -0.0404543 -0.0370297 -0.00907225
internal_weight=22331.1 15727 6604.18 12774.2 7949.32 6386.84 5245.87 1212.27 7390.4 4824.89 4598.51 81.9159 6991.53 6748.45 3596.85 680.928 1001.65 1130.35 4033.6 6067.52 5813.82 3933.1 2943.36 253.698 2952.74 2090.1 653.494 3923.57 3492.54 422.179
internal_count=313316 166346 146970 149212 106685 144265 113939 29326 101284 42527 39846 1382 93876 91164 31559 11766 8287 27944 84613 79398 76778 83162 25679 2620 17134 11167 5880 82985 73262 8843
cat_boundaries=0 21 45 66 90 112 136 157 178 197 221 230 254 278 298
cat_threshold=1073742848 0 1048584 64 0 0 0 16384 1024 0 0 2147483648 2151694340 32768 0 2048 0 802816 553914560 393218 303431696 268435456 1628438530 0 0 0 1589504 1048576 1048576 0 0 33685504 0 786440 8832 0 1073741824 33554433 150994944 32776 1048577 8 0 0 8192 0 268435456 25165824 0 0 0 0 0 16777216 0 1024 805306432 68299408 524288 0 8912896 134221920 69206016 272 536936448 16850944 138412032 0 0 0 1024 0 0 0 0 65552 0 0 134217728 549453824 0 0 0 0 0 0 0 980213764 133505 49434 42991616 0 3225420288 262785 0 604241920 50332848 1024 4194304 262176 268435456 0 256 0 0 0 131072 2560 0 0 4 256 777256960 1048578 1145044992 0 1073741824 0 65538 262176 2097152 262144 512 4194304 33025 8392706 0 0 0 134217728 2 0 0 16777216 0 8192 16384 268435456 268435456 0 134217728 1052672 262144 0 20971520 262144 33554432 51380736 2208 8320 0 1073741824 64 2281701376 32768 65536 16850944 4096 0 262144 0 0 0 8192 1048576 0 0 0 71303168 1076240450 1 0 65536 2 33554432 4210688 0 4096 4096 16777216 262144 0 0 0 8192 0 0 0 0 1207959552 3154504 4 0 8454144 0 100663296 4194320 528388 0 262144 131840 0 8388608 2 0 1115717632 0 16384 8 4194400 4 0 0 18 536881160 0 0 0 1024 0 524288 0 2147483648 0 4194304 32 0 1 0 4096 524288 262144 268697600 512 134217728 2147491840 8650752 1573896 0 131072 33562624 193986560 4202 8 0 512 0 33554432 0 0 0 256 0 2097152 0 16 0 0 0 96 0 0 0 0 64 0 0 2097408 0 0 33554432 0 135299080 1048704 134221836 0 0 524288 0 0 8 0 0 0 0 0 0 0 0 0 0 0 0 0 0 524288 553652352 131074
is_linear=0
shrinkage=0.1


Tree=10
num_leaves=31
num_cat=10
split_feature=10 10 10 3 14 2 10 3 5 9 3 17 3 19 14 14 15 14 21 21 3 13 18 6 9 21 3 21 3 3
split_gain=2137.18 417.486 137.123 132.002 103.583 74.5014 64.0468 48.1192 44.9156 43.1444 41.511 39.874 48.2829 49.6779 62.2185 44.0072 63.8114 41.5455 39.5227 37.5981 35.875 34.5148 49.6992 33.7626 33.4205 34.0045 41.7764 33.0457 45.2871 31.8559
threshold=0.052798304706811912 0.14109200239181521 0.021580796688795093 0 17.500000000000004 1 0.094801086932420744 2 3 73.250000000000014 4 3.5000000000000004 5 0.018454174511134628 2.5000000000000004 22.500000000000004 1.5000000000000002 1.0000000180025095e-35 4186.5000000000009 4130.5000000000009 6 0.11219721287488939 -1.0000000180025095e-35 4.5000000000000009 48.95000076293946 4130.5000000000009 7 3894.5000000000005 8 9
decision_type=2 2 2 9 2 9 2 9 9 10 9 2 9 2 2 2 2 2 2 2 9 2 2 2 10 2 9 2 9 9
left_child=2 6 -1 24 7 -5 10 -4 9 20 -2 12 15 14 -14 16 19 -13 23 -12 -9 22 -8 27 25 -3 -27 28 -7 -21
right_child=1 3 4 5 -6 18 21 8 -10 -11 11 17 13 -15 -16 -17 -18 -19 -20 29 -22 -23 -24 -25 -26 26 -28 -29 -30 -31
leaf_value=-0.073540403324860407 0.016941574576193594 0.0265588475500972 -0.060255206392735988 0.099595800843866128 -0.090711479704209702 -0.026126688934699584 0.013750277550618268 0.052411612777737537 0.11528460680222577 0.20523792085623899 0.015873797061748296 -0.0024342788750389747 -0.0055620834533732823 -0.022631698669833597 0.30844987079051372 -0.066746217631033389 0.22799445176778632 -0.049896375019053078 0.028071624000551056 -0.029296401038105754 -0.033318150044950416 0.047538239303062675 -0.028866966311887121 0.042633297628435131 0.074615729369584369 0.015905048320977885 -0.03060398754772144 0.088576360668757181 0.060898315335311259 0.0097498280112026624
leaf_weight=2036.3928755819798 828.55597443133593 1889.4381645545363 688.757468637079 279.00231513381004 387.49473848193884 67.130238272249699 3813.8473918996751 42.533141061663628 11.940024152398108 7.6878423504531375 1496.476773865521 336.53051405400038 16.369296692311767 1167.0064504481852 10.268065016716717 82.260012414306402 13.07223244011402 408.05929521843791 969.12463527172804 426.72730954736471 2819.1347105540335 271.00193028524518 294.79037824273109 1488.178133584559 111.31810650974512 708.69452440738678 254.30962317436934 400.90402357280254 461.62462294101715 396.0739183947444
leaf_count=56727 10805 14151 15920 1415 10910 503 41538 721 79 147 19697 4762 238 18117 83 1395 133 6817 6713 6289 60918 2906 4372 8317 918 6082 2596 1984 2445 5370
internal_value=-0.00144319 0.0174418 -0.052455 0.0367255 -0.0416053 0.0494158 0.0040702 -0.0362753 -0.030229 -0.0312328 -0.00345455 -0.00735893 -0.00302805 -0.0193871 0.115482 0.00511803 0.00767457 -0.028445 0.0450012 0.00643277 -0.0319772 0.0129725 0.0106925 0.0519731 0.0207916 0.018764 0.00347033 0.0669241 0.0505073 -0.0107382
internal_weight=22184.7 16190.8 5993.94 6629.72 3957.55 3665.96 9561.04 3570.05 2881.3 2869.36 5181.4 4352.84 3608.25 1193.64 26.6374 2414.61 2332.35 744.59 3386.96 2319.28 2861.67 4379.64 4108.64 2417.84 2963.76 2852.44 963.004 929.659 528.755 822.801
internal_count=313068 167646 145422 45124 88695 21377 122522 77785 61865 61786 73706 62901 51322 18438 321 32884 31489 11579 19962 31356 61639 48816 45910 13249 23747 22829 8678 4932 2948 11659
cat_boundaries=0 21 26 49 50 71 93 112 125 142 155
cat_threshold=0 0 8389632 0 0 0 8192 0 16777216 0 1024 339739136 6304336 0 0 0 12320 35651584 49152 65537 16916608 0 2147483648 0 4194304 32 0 9043968 0 0 0 0 65536 33816576 2147483648 1881305634 4112 0 0 0 0 0 0 0 2 0 0 1073741824 2959343646 58 268439552 16810016 0 512 0 8192 9437184 524360 0 0 0 33556480 268435456 708 0 524288 35651584 2164271616 0 1048580 142606336 540672 538181632 268435456 262144 0 320 0 128 0 0 33562944 1091584000 67176736 0 0 0 2147614721 1073741824 65536 0 4 256 0 0 2147483778 1 0 2148008960 32916 0 1073741824 0 0 0 0 0 0 16785409 16 536870912 65536 0 0 0 0 0 0 8192 0 0 0 1024 0 64 0 0 0 0 0 0 0 0 0 0 0 0 4 0 0 1051136 2 524288 262144 268435456 0 0 0 0 0 0 0 33554688 0 65536
is_linear=0
shrinkage=0.1


Tree=11
num_leaves=31
num_cat=13
split_feature=10 3 10 10 14 14 18 3 3 5 21 9 3 3 20 1 21 3 3 14 3 6 21 14 3 17 14 3 3 21
split_gain=1834.82 388.428 140.098 123.608 98.3811 63.2482 65.6912 61.9811 57.9922 57.5391 55.4533 54.2749 52.296 54.3796 50.0397 47.2575 53.5502 45.258 41.5424 42.3321 38.5726 31.5036 29.819 45.719 29.5198 29.374 68.3566 55.0959 34.6906 35.355
threshold=0.052798304706811912 0 0.021580796688795093 0.10105306655168535 16.500000000000004 5.5000000000000009 0.16807910054922107 1 2 3 4005.5000000000005 73.250000000000014 4 5 0.14277890324592593 6 3950.5000000000005 7 8 12.500000000000002 9 4.5000000000000009 3986.5000000000005 2.5000000000000004 10 4.5000000000000009 1.0000000180025095e-35 11 12 4294.5000000000009
decision_type=2 9 2 2 2 2 2 9 9 9 2 10 9 9 2 9 2 9 9 2 9 2 2 2 9 2 2 9 9 2
left_child=2 21 -1 5 9 7 8 -3 -7 11 12 17 -5 14 -14 -15 -17 -4 19 -12 -19 -2 23 -18 -9 26 -26 -27 -28 -30
right_child=1 3 4 10 -6 6 -8 24 -10 -11 18 -13 13 15 -16 16 22 20 -20 -21 -22 -23 -24 -25 25 27 28 -29 29 -31
leaf_value=-0.071993080064764195 0.062951428007112245 -0.037954583336486852 -0.062414954090440358 -0.0055590219692497646 -0.088169815622467701 0.128444242361859 0.063925773399749627 0.046866676055630933 -0.061023858627433383 0.11878960759109483 0.023684158002520227 0.19568462817998378 0.028417447253709007 0.085682943604887318 -0.004504851350438854 0.028135181262995513 0.081784429255855315 0.038949163950428856 -0.0027944059883373558 -0.080187282277232694 -0.031885658905583564 0.041346422757576606 0.029212066832282307 0.23162513222868247 0.00085683306622857914 -0.03213198295765874 -6.590103720391133e-05 0.03015099396647087 0.044548037432489897 0.12705532629337432
leaf_weight=1900.7284238226712 1055.8436410948634 378.24827753007412 527.5458198338747 539.71609468013048 364.28830929100513 8.6319729387760162 53.373239785432816 142.67540180683136 360.45317425206304 15.640120930969713 1271.4275538697839 10.207303889095781 1149.1248789131641 192.51560559123755 771.71956393122673 1810.8085175007582 110.50210998207331 72.812849245965481 1886.6251551359892 40.484626773744822 2816.8182078041136 1870.7290939986706 70.522606857120991 24.962782170623541 3469.0364173464477 540.11941055208445 143.70527449250221 183.90386903658509 233.90836119279265 66.758493781089783
leaf_count=56688 5372 6333 12829 5436 11130 68 526 1567 6648 100 10801 172 10795 1388 7552 14490 798 1269 21160 434 63131 10349 531 188 46424 8131 2206 2557 3189 921
internal_value=-0.000998016 0.0160197 -0.0498202 0.00880592 -0.0387508 -0.00257084 -0.0397705 0.000475731 -0.054766 -0.033522 0.0168863 -0.0344631 0.023834 0.0276216 0.0151119 0.0383808 0.0334651 -0.0352514 0.00674258 0.0203238 -0.0299726 0.0489737 0.0819442 0.109396 0.0035886 0.00215913 0.00558706 -0.0163393 0.042514 0.0608439
internal_weight=22083.8 16375.8 5708.04 13449.2 3807.31 5580.81 422.458 5158.36 369.085 3443.02 7868.41 3427.38 4669.87 4130.16 1920.84 2209.31 2016.8 3417.18 3198.54 1311.91 2889.63 2926.57 205.987 135.465 4780.11 4637.43 3913.41 724.023 444.372 300.667
internal_count=313183 167864 145319 152143 88631 78570 7242 71328 6716 77501 73573 77401 41178 35742 18347 17395 16007 77229 32395 11235 64400 15721 1517 986 64995 63428 52740 10688 6316 4110
cat_boundaries=0 21 45 46 47 71 92 93 116 140 164 186 207 228
cat_threshold=1073742848 0 1048584 0 0 0 0 16384 16782336 0 0 2147483648 2147500036 0 0 0 8192 34357248 557846976 131074 269877264 1048576 1048576 2151678082 131073 2281701376 2150171648 4493328 1536 0 0 0 0 0 8192 0 16777217 0 536870912 65536 0 0 16777216 0 8192 1048576 58 0 268435456 17039360 0 0 8192 9445376 0 0 0 16384 8388608 67109056 512 0 524288 64 151004160 1122304 1114112 142626944 256 0 2097152 0 1073741832 0 64 0 0 0 0 0 0 131072 469762624 135176 524296 0 0 2 67108864 0 1 33562624 10487816 66 655360 0 0 285212672 0 65536 33816576 2147483648 1881307139 36864 0 0 0 0 0 0 0 0 0 0 1073741824 2690646042 0 0 0 64 0 0 8192 0 0 0 1024 134217728 200 0 0 0 0 0 0 0 0 0 0 2097152 0 0 2147483778 1 0 2166883328 148 1024 0 0 0 0 0 256 0 16785409 16 536870912 65536 0 0 16777216 0 8192 0 0 262144 0 0 8192 8388608 524288 0 0 0 0 67108992 64 0 0 0 16778240 1056768 1048576 8392704 256 277348352 2359296 268435456 262272 0 16640 128 128 4194304 0 33554688 1108344832 854304 0 0 0 35782672 0 0 4 12 276828160 2129922 0 262272 0 256 0 0 1107296256 0 256 0 1671168 1664 0 1073741824 1 0 8 0 12
is_linear=0
shrinkage=0.1


Tree=12
num_leaves=31
num_cat=12
split_feature=10 3 10 10 14 18 18 13 14 18 18 3 1 7 3 9 3 3 3 21 17 14 16 3 3 3 3 21 11 3
split_gain=1573.98 287.632 128.516 83.4008 82.387 49.7605 63.1456 52.1544 49.2696 48.6293 50.7416 89.0239 48.0302 46.4003 44.4195 43.4849 41.1991 36.6007 35.8294 65.909 38.6048 44.105 36.2326 35.1241 30.7443 28.9428 28.1167 28.4824 31.2974 71.0033
threshold=0.046979362145066268 0 0.020170049741864208 0.075304355472326293 19.500000000000004 0.76630434393882763 -1.0000000180025095e-35 0.045643940567970283 6.5000000000000009 0.2137710973620415 -1.0000000180025095e-35 1 2 5.5000000000000009 3 64.049999237060561 4 5 6 3950.5000000000005 1.5000000000000002 1.0000000180025095e-35 113.50000000000001 7 8 9 10 4093.5000000000005 1.0000000180025095e-35 11
decision_type=2 9 2 2 2 2 2 2 2 2 2 9 9 2 9 10 9 9 9 2 2 2 2 9 9 9 9 2 2 9
left_child=2 18 -1 15 9 6 12 -8 -7 10 11 -4 23 14 -14 17 -9 -3 19 -2 22 -22 -20 -5 -13 -19 -16 -28 -29 -30
right_child=1 3 4 5 -6 8 7 16 -10 -11 -12 24 13 -15 26 -17 -18 25 20 -21 21 -23 -24 -25 -26 -27 27 28 29 -31
leaf_value=-0.072821716366526332 0.079218295050607346 0.087719454284777995 0.0012768047809085265 0.00079344441342549049 -0.087254525790855311 0.046175119729277951 -0.040115092659645558 0.035067213107782373 0.22144953871158118 0.095797589403994771 -0.066914110546329397 -0.018725270389157677 0.017669587032251723 0.041951895367143215 -0.044875110444997507 0.12128425284071374 -0.021975651373039091 -0.046073311910459269 0.037620829742135709 0.030912629227217926 0.037724949234153787 -0.026242203570307671 0.17428995813714251 0.056158960914204858 -0.047540877910162059 -0.0083149109542114807 0.0095681793953466942 -0.015004534606279188 0.085568204428831965 -0.0063398370851619939
leaf_weight=1611.970690086484 578.78409354388714 27.801242910325527 685.60649488121271 168.13162064552307 320.27622800506651 81.365152552723885 430.76010910049081 251.03930175304413 19.974917732179165 28.56189039349556 438.08904949948192 540.8207409735769 3678.2638517580926 457.07462262362242 108.54006302729249 25.35833078995347 237.17169722542167 214.7845542691648 1643.2858410701156 551.68394806981087 215.00042472779751 216.15822533518076 19.629766933619976 411.69915039092302 1585.266527576372 2309.7967857979238 3450.0923434086144 1182.6616342328489 100.69426534324884 349.51396092399955
leaf_count=51659 2496 323 15050 1659 10766 518 6582 3113 94 386 11669 12830 31442 4600 1474 413 3039 3922 9736 2469 1327 1452 115 3062 38274 37459 36995 14989 1143 4113
internal_value=-0.00136348 0.0135847 -0.0493565 0.00715341 -0.0388455 0.0109756 0.0103227 -0.0147533 0.0807231 -0.0341162 -0.035258 -0.0303257 0.0126488 0.0108692 0.00927973 -0.00902108 0.00762408 -0.0103157 0.0403723 0.0551566 0.0321669 0.00565549 0.0392341 0.0403904 -0.0403329 -0.0116964 0.003295 0.00440971 -0.00646263 0.0159763
internal_weight=21939.9 16729.3 5210.59 13504.7 3598.62 10927 10825.6 918.971 101.34 3278.34 3249.78 2811.69 9906.67 9326.84 8869.77 2577.74 488.211 2552.38 3224.54 1130.47 2094.07 431.159 1662.92 579.831 2126.09 2524.58 5191.5 5082.96 1632.87 450.208
internal_count=313169 172535 140634 154940 88975 112823 112211 12734 612 78209 77823 66154 99477 94756 90156 42117 6152 41704 17595 4965 12630 2779 9851 4721 51104 41381 58714 57240 20245 5256
cat_boundaries=0 24 46 47 69 90 110 131 152 176 198 220 241
cat_threshold=1073742848 0 1048584 0 0 0 0 16384 16782336 0 0 2684354560 2147500036 0 0 65536 0 34357248 553652672 393218 34865152 0 0 2097152 570425344 0 1140859010 17 2281701376 852992 138465306 1536 0 262144 2048 0 0 4096 0 16777217 0 0 0 0 0 16777216 42076168 4096 1091567616 17040384 576 0 0 8396800 0 0 0 1024 482344968 2364000 33280 0 8388608 4098 0 1048576 0 0 256 16384 2359296 1024 0 0 0 0 1048576 0 0 1024 1099956224 139338 4 0 0 64 0 0 0 268439552 0 1048576 0 0 0 8388608 0 64 0 0 33562880 18433 2048 0 0 0 8 16777216 65536 4 1073741824 0 8 0 0 0 0 0 4096 0 0 2147483648 0 0 0 0 0 802816 553652352 131074 1048576 0 32 0 0 0 0 0 0 0 0 64 64 0 2098240 0 536870912 170000393 0 32776 1048577 142688536 2162688 0 288 256 0 2751498240 16777504 4456480 2162688 33587200 33280 0 1 0 403701760 0 4 0 0 0 0 4112 32768 4096 0 0 1073741952 17 2147483776 671679488 138723354 512 0 0 2048 0 524288 4096 0 16785409 0 0 0 0 0 16777216 0 32770 2 0 0 268435712 0 64 8421376 0 8448 18433 269486080 0 0 1073741824 2147483648 2147496456 65536 0 0 1024 0 0 0 0 0 0 0 0 0 0 131072 0 0 4 0 0 0 0 0 0 268435456
is_linear=0
shrinkage=0.1


Tree=13
num_leaves=31
num_cat=15
split_feature=10 3 3 11 19 3 13 3 3 18 18 3 11 3 21 20 3 3 3 14 14 3 3 6 3 14 21 3 3 20
split_gain=1288.13 247.674 114.993 93.6088 80.4895 69.2254 68.4444 57.7748 56.5082 52.1767 66.6569 48.0294 41.5667 49.1467 41.1353 41.6385 52.2088 39.3874 51.1797 43.638 38.298 37.9692 37.22 36.8588 34.4966 67.5409 38.0335 49.952 43.3865 34.4753
threshold=0.046979362145066268 0 1 15.500000000000002 0.12586309760808947 2 0.033000033348798759 3 4 -1.0000000180025095e-35 0.2137710973620415 5 -1.0000000180025095e-35 6 4254.5000000000009 0.11259426921606065 7 8 9 2.5000000000000004 35.500000000000007 10 11 3.5000000000000004 12 17.500000000000004 4005.5000000000005 13 14 0.2474072948098183
decision_type=2 9 9 2 2 9 2 9 9 2 2 9 2 9 2 2 9 9 9 2 2 9 9 2 9 2 2 9 9 2
left_child=2 14 -1 17 5 -3 21 -7 -8 24 11 -11 22 20 15 16 -2 -4 19 -19 -14 -5 -6 29 25 -9 28 -28 -26 -17
right_child=1 4 3 6 12 7 8 9 -10 10 -12 -13 13 -15 -16 23 -18 18 -20 -21 -22 -23 -24 -25 26 -27 27 -29 -30 -31
leaf_value=-0.084371281260360614 -0.029144001447068902 0.054307951451171656 0.035220433964244666 0.048849956783975169 -0.020348983735244734 -0.044157698835715437 0.048658565530585618 -0.040910747094549657 -0.054785155127106626 0.010048631369165135 0.035825215802499706 -0.045971154493561171 0.042706150268723833 0.0070042178762924337 0.017742600558467814 0.11270042971985345 0.058432283428611911 -0.0049751337468428788 -0.041231364705121468 -0.073285445443520558 -0.10158939718652837 -0.085088473894201086 0.040825966257966965 0.042538265358507674 -0.015040970539374372 0.28971158641562139 0.0098758715065860904 -0.015155777469295764 0.015415118097838718 0.055676970098116778
leaf_weight=675.90705177001655 153.99892257899046 226.86049309745431 80.236906509846449 19.630255497992039 109.09798712283373 282.73525216057897 76.391905395314097 250.07445824146271 129.00050972774625 204.30159951746464 173.26009254902601 615.18235230445862 599.53118897974491 3204.0899460911751 712.26067958027124 158.03894790261984 106.81499442458153 800.31393607892096 2369.9969711881131 105.89080564305186 18.975954532623291 708.33513973839581 932.66823969781399 1471.8021224811673 531.41556062176824 6.3353077098727217 1532.9452632963657 1640.7508141547441 3586.3244827762246 322.12810672819614
leaf_count=23459 1030 1797 1502 487 831 4140 2139 4019 3797 3640 1416 11723 4740 26594 4436 743 598 18281 64080 2668 324 23849 7199 7075 6661 35 19342 22907 41989 1409
internal_value=-0.00108634 0.0121121 -0.0458447 -0.0394857 0.00652987 0.000958611 -0.0675904 -0.000474091 -0.0166095 0.001022 -0.0205288 -0.0324435 0.0169087 0.0120829 0.0385131 0.0453728 0.00784537 -0.0317879 -0.0334345 -0.0128158 0.0376701 -0.0819745 0.034616 0.0503871 0.00385786 -0.0315128 0.00513788 -0.00308173 0.0114855 0.0744453
internal_weight=21805.3 16839.6 4965.7 4289.8 13914.5 9050.19 933.358 8823.33 205.392 8540.59 992.744 819.484 4864.36 3822.6 2925.04 2212.78 260.814 3356.44 3276.2 906.205 618.507 727.965 1041.77 1951.97 7547.85 256.41 7291.44 3173.7 4117.74 480.167
internal_count=312910 172648 140262 116803 157357 117669 30272 115872 5936 111732 16779 15363 39688 31658 15291 10855 1628 86531 85029 20949 5064 24336 8030 9227 94953 4054 90899 42249 48650 2152
cat_boundaries=0 21 45 69 93 116 140 161 182 204 228 247 268 292 310 333
cat_threshold=1073741824 1073741824 1048584 0 0 0 0 16384 1024 0 0 67108864 2147500036 557056 0 1114112 8192 34095104 553652688 1441794 1310736 134217728 4194304 64 0 1024 0 0 0 0 65552 0 0 134217728 549453824 0 0 0 0 0 0 0 309075972 134416529 34186 0 0 25165824 64 0 0 0 0 16777216 0 1024 2147484224 67109392 0 0 8912896 0 0 262144 1 167837696 0 0 2097152 33554432 1048576 1073750016 144 2147483648 2148008960 138436634 512 0 0 2048 4194304 0 5376 0 1 0 536870912 0 0 4104 16777216 0 8192 23068672 8519680 603979904 16 3238002688 0 16908288 263168 0 4329760 2560 0 0 0 0 0 0 0 2 0 0 32768 541852928 540672 0 4194304 0 0 536875008 32896 1048576 4194304 0 131072 176160776 434368 516 0 1073741824 64 2147483648 0 0 268435456 1024 0 524288 4096 0 262144 128 0 0 8192 1048576 0 0 0 4194304 1076232258 8704 0 0 2 262144 4210688 0 268570624 0 0 8 0 0 0 0 0 0 0 0 0 2147500036 32768 0 65536 0 0 64 0 1048576 33554432 0 1073750400 17 2147483648 3221750784 138432522 1536 65536 0 0 0 0 4096 0 1 0 0 0 0 0 16777216 536936448 0 536870944 256 134217728 675350528 16810288 4194336 2097152 16777344 512 0 0 0 134217728 16777216 0 0 0 0 0 16 268435488 4096 67108864 33554432 1073741824 0 2147483648 134479872 4326416 0 0 262176 268435456 0 0 4096 0 0 0 0 1 4096 268435456 0 64 0 0 0 0 4194304 0 0 2182086656 2237088 4 0 8388608 0 67108864 4194304 1 268566528 1052676 16 4194306 393216 0 1296371776 36900 0 0 0 2097216 16384 4194304 512 0 1090519040 16 1073741824 32768 0 0 0 0 524288 8404992 268435456 128 512 0 0 1048576 524296 33587200 0 8192 1628438536 269027562 4 0 0 0 2147483648 8404992 536870914 128 512 128 579862528 1048704 0 0 0 8192 16777217 268697760 0 0 8704 0 4096 139460616 0 268435456 1024 32768
is_linear=0
shrinkage=0.1


Tree=14
num_leaves=31
num_cat=14
split_feature=19 19 3 3 3 18 3 3 3 16 21 18 21 3 3 3 3 21 13 14 3 7 3 17 14 17 19 3 3 21
split_gain=800.352 201.564 159.855 121.278 120.166 109.078 105.332 92.1865 83.1083 76.4685 72.9365 66.1576 59.8149 55.0872 46.2476 44.4571 42.054 41.0606 39.6319 63.1355 78.4762 61.6424 55.9172 37.859 35.938 63.888 51.0296 33.9474 33.6225 33.4323
threshold=0.057892983779311187 0.11859711632132532 0 1 2 -1.0000000180025095e-35 3 4 5 17.500000000000004 4005.5000000000005 0.15535445511341098 3871.5000000000005 6 7 8 9 1.0000000180025095e-35 0.082235131412744536 7.5000000000000009 10 2.5000000000000004 11 1.5000000000000002 1.0000000180025095e-35 1.0000000180025095e-35 0.030301285907626156 12 13 3913.5000000000005
decision_type=2 2 9 9 9 2 9 9 9 2 2 2 2 9 9 9 9 2 2 2 9 2 9 2 2 2 2 9 9 2
left_child=2 3 -1 12 -4 7 10 24 -5 16 14 13 -2 -7 -3 -11 -9 -10 19 27 21 -21 -20 -24 29 26 -26 -19 -8 -6
right_child=1 6 4 8 5 11 28 9 17 15 -12 -13 -14 -15 -16 -17 -18 18 22 20 -22 -23 23 -25 25 -27 -28 -29 -30 -31
leaf_value=-0.084762653066156823 0.063375753627775658 0.085247306160003519 0.045606107723618755 -0.057819356656959559 0.028126417043563747 0.02807129229882338 -0.019672891452673511 -0.056616883758397962 0.13229426477727146 0.036400124003215004 0.019164688032364971 0.034871448624886073 -0.007579911861865244 -0.074130931701104602 0.041859389836011611 -0.091005086749957234 -0.020580738952346776 -0.044019763627276685 -0.017406117218220839 -0.041988641695412214 -0.076034209808702596 0.24208176828914205 0.079467154347255348 0.01359548807332959 0.30704058795013617 -0.038819852580793325 0.082750888848766649 -0.0010221329282693442 0.016931737270281907 -0.021264325654337925
leaf_weight=529.85552279278636 428.7386137470603 408.25613872334361 210.13178851082921 262.71496300213039 260.13059993460774 56.298382677137852 256.45241666957736 371.10686484538019 22.838588366284966 29.904449304565787 853.47879609465599 67.085761789232492 164.34622920304537 826.82207229360938 835.16856859996915 254.00974855199456 2665.3541948553175 179.24921637773514 209.73527963086963 14.528231408447029 202.90060916356742 16.108693201094866 185.93061036244035 164.39775775186718 13.152059111744164 34.030290525406599 44.349713791161776 6227.0874741282314 5628.8785932771862 289.65000946074724
leaf_count=20153 3558 1993 2967 5560 3642 1328 2481 9887 257 721 5318 857 1910 27064 3944 8390 66108 2991 3019 223 4068 208 2259 1970 119 519 655 82511 43638 4705
internal_value=-0.000406959 0.0109823 -0.0327716 -0.000153387 -0.0271748 -0.0303747 0.0222524 -0.0231384 -0.00362419 -0.0297899 0.041478 -0.0608646 0.0429888 -0.0681372 0.0571273 -0.0795089 -0.0252392 -0.00157572 -0.00200255 -0.0041573 -0.0552294 0.080951 0.0235432 0.0472082 0.0115835 0.0697804 0.134051 -0.00229551 0.015306 0.00210508
internal_weight=21712.7 16060.8 5651.88 8078.58 5122.03 4911.89 7982.23 3961.69 7485.49 3320.38 2096.9 950.206 593.085 883.12 1243.42 283.914 3036.46 7222.78 7199.94 6639.87 233.538 30.6369 560.064 350.328 641.313 91.5321 57.5018 6406.34 5885.33 549.781
internal_count=313023 165908 147115 108534 126962 123995 57374 94746 103066 85106 11255 29249 5468 28392 5937 9111 75995 97506 97249 90001 4499 431 7248 4229 9640 1293 774 85502 46119 8347
cat_boundaries=0 24 45 66 88 109 132 156 178 201 225 244 268 292 313
cat_threshold=0 0 0 0 1024 128 0 0 0 1040 0 0 134217728 549453824 0 0 0 0 0 0 0 711778308 2433 33249 1024 294912 8388608 64 0 0 262144 1064960 16777216 0 1024 2684354560 67111424 2097152 0 8912896 4096 67633152 17039744 393216 17047568 276824064 17825792 0 512 0 34603008 144 524288 0 0 16384 9437192 2249032 8320 0 1048576 139266 134217728 0 1 132 1073741824 0 1310728 128 0 0 8192 0 5120 0 0 71303168 2151694338 0 0 65536 0 802816 557863104 131074 16 256 1052672 0 2416181248 1 128 0 150994948 0 1124073472 0 268566528 1090519040 1074102273 0 0 0 65 2560 32768 1114112 8392712 138416128 8388608 1073741832 0 1073741825 0 16778241 0 268435456 0 268438016 4194306 2147483649 8392706 0 1048576 131072 402653184 0 0 0 16 8921108 34078720 0 4194816 0 2147483648 134221824 32768 0 0 134742020 133120 0 32928 512 0 2147483648 0 67109376 0 0 0 1098912000 4395016 16 0 0 8 0 0 0 0 0 0 0 0 4194304 4194306 0 0 0 0 0 128 2 0 256 591675392 262144 1145044992 144 1073741824 0 131072 263168 2151677952 0 4096 0 0 512 0 0 0 0 8 0 0 0 16 64 458752 68 0 268435456 4096 32768 1024 2147483648 470427660 4096 0 0 0 0 0 0 0 0 0 0 9437184 37819400 532 524288 0 0 0 0 0 0 0 0 0 131072 1048576 393216 8192 0 0 0 0 32768 524292 0 268436480 512 0 0 8192 1024 4194304 0 0 1343226376 1544504 128 0 512 0 3584 0 0 20480 256 0 2097152 286326786 17825792 544 385 0 84017152 66048 46137344 0 2113 16 67108864 0 0 0 0 3 0 0 0 4 0 65536 4 1048576 268435456 276824064 0 0 1048576 0 1048576 16777216 0 33554432 1091567680 2080 8328 0 1082130432 134217800 201326592 0 65536 336000
is_linear=0
shrinkage=0.1


Tree=15
num_leaves=31
num_cat=14
split_feature=20 3 3 3 3 18 14 3 13 18 9 16 3 3 21 12 3 21 3 16 3 3 21 9 11 3 3 16 5 9
split_gain=701.885 167.777 141.012 107.028 88.0614 68.2028 64.2293 108.881 63.3532 62.1506 61.9879 59.3653 122.742 56.5105 49.0838 43.7257 40.8748 39.9612 40.9395 36.6324 36.3762 36.2005 34.3867 30.6941 30.3791 47.8834 31.3713 30.1814 29.7798 29.7715
threshold=0.04743954353034497 0 1 2 3 -1.0000000180025095e-35 2.5000000000000004 4 0.021220307797193531 0.11180555447936059 52.149999618530281 9.5000000000000018 5 6 875.50000000000011 1.5000000000000002 7 4111.5000000000009 8 24.500000000000004 9 10 4294.5000000000009 51.049999237060554 1.5000000000000002 11 12 8.5000000000000018 13 58.649999618530281
decision_type=2 9 9 9 9 2 2 9 2 2 10 2 9 9 2 2 9 2 9 2 9 9 2 10 2 9 9 2 9 10
left_child=2 22 -1 -4 -3 11 13 10 -9 21 14 15 -13 19 -8 -5 -15 18 -18 28 -10 -7 -2 -22 26 -26 -19 29 -6 -24
right_child=1 4 3 5 6 9 7 8 20 -11 -12 12 -14 16 -16 -17 17 24 -20 -21 23 -23 27 -25 25 -27 -28 -29 -30 -31
leaf_value=0.053455337347398858 0.037348143995581867 -0.056870471306121877 -0.083054797264196525 -0.022559046801812213 -0.069347710929423642 0.031430701156155913 0.16919307275582313 -0.054160883035602958 -0.032642031329703468 0.054524437825370933 0.20747392637994239 0.092049289529525125 -0.083914486941439229 -0.038306867939813416 0.013338115797285159 0.14866692844453069 0.021557417763542648 0.0079493321361663663 0.0035929668142197801 -0.045205600485149489 0.011734212221181661 -0.071696847627242918 -0.0034037444839205241 0.16022865773970218 0.063081399949367262 -0.0047006974821545118 -0.020666615578466916 0.055095807710035839 0.020355196023606078 0.13179486810589822
leaf_weight=163.18720540776849 2128.0981271341443 221.82961252704263 497.9121253695339 2633.4705255739391 28.358099453151226 35.0481739602983 22.756197869777679 527.5032692104578 248.62010567262769 44.495452238246799 22.010908573865891 38.388380598276854 321.09118355251849 221.34911369718611 180.36647382378578 14.999066874384878 1709.313149727881 531.03739043325186 4891.0950039625168 89.660291042178869 273.63357511721551 686.96227577142417 518.06397038698196 14.665912654250858 136.93852006644011 360.11761390417814 1348.931022003293 126.88259459286928 3554.8814699612558 16.81624411046505
leaf_count=2591 10564 4963 20313 69923 207 968 163 9033 3904 769 169 950 11286 3413 2228 374 17922 6408 59188 750 3392 24979 3418 150 1778 4964 19007 702 28730 103
internal_value=-0.000511089 0.00864843 -0.0359736 -0.0394222 0.00427947 -0.0334621 0.00527681 -0.0159966 -0.0292726 -0.0601796 0.0460276 -0.0267651 -0.0648972 0.0074122 0.0307988 -0.0215893 0.00320963 0.00427476 0.00828334 0.0178801 -0.005366 -0.0672485 0.0310459 0.0186416 -0.0068381 0.0151477 -0.0126511 0.0112482 0.0195086 0.000846801
internal_weight=21608.5 17172.9 4435.55 4272.37 14383.1 3774.46 14161.2 1289.56 1064.42 766.506 225.134 3007.95 359.48 12871.7 203.123 2648.47 9198.78 8977.43 6600.41 3672.9 536.92 722.01 2789.86 288.299 2377.02 497.056 1879.97 661.763 3583.24 534.88
internal_count=313309 181156 132153 129562 166369 109249 161406 19039 16479 26716 2560 82533 12236 142367 2391 70297 112680 109267 77110 29687 7446 25947 14787 3542 32157 6742 25415 4223 28937 3521
cat_boundaries=0 21 45 69 93 114 133 155 179 199 220 243 257 275 276
cat_threshold=1073741824 8 1048584 64 0 0 0 0 16782336 0 16384 0 2151677956 0 0 8390656 0 802816 554701248 393218 269877264 41947136 1611661312 2147491840 131072 0 35127296 16777216 0 1107296256 262144 33685504 0 295168 8704 0 1073741824 139264 671089152 0 0 0 1024 0 524288 0 0 64 0 1024 0 0 16777216 0 4390928 0 0 134217728 549453824 0 0 0 0 0 0 0 40689668 33572993 33161 173342720 8388608 8192 256 0 33554432 151060498 262176 1073741824 262144 268435968 0 1 8388608 0 0 131072 671090688 0 0 8 16777216 8192 4 17408 0 0 262144 0 0 393216 1048576 0 0 131072 406848000 2097152 8196 0 65536 2 67108864 32768 0 25182208 761528320 2 4194304 16 1073741824 2359552 33952 263296 6291456 0 268435456 0 0 4096 0 2147483648 0 256 32768 0 32768 17039360 0 0 0 8396800 16384 0 0 1024 3963617352 67129984 513 0 512 4096 2105344 0 128 33624192 256 64 1114128 0 4096 16777217 16779264 4325888 1048576 8388608 16576 0 0 134217728 8192 268435456 65536 16 0 32768 0 0 67108864 786452 524288 524288 285474816 2415920256 0 0 0 0 1600 0 0 256 2048 1074473232 1152 0 1048576 2147745792 1073741824 16384 536870912 545783808 0 268697600 528 0 0 0 16384 37748736 0 0 571473920 1075407648 4096 0 1048576 64 1024 0 0 128 0 0 4194816 0 2147483648 0 32896 32 0 201327108 2048 0 0 0 0 2147483648 0 0 0 0 0 1098911744 2152403992 16384 268697600 128 512 0 0 0 0 4194304 0 131072 16777216 0 4 276824064 270532608 1073741824 528 0 0 1048576 524296 33554432 0 33554432 34603008 133194 4096 0 0 0 2147483648 400
is_linear=0
shrinkage=0.1


Tree=16
num_leaves=31
num_cat=14
split_feature=10 3 10 18 18 3 3 3 18 13 3 3 20 20 5 3 7 1 13 3 6 3 3 17 19 3 12 3 19 6
split_gain=785.076 113.986 108.987 64.3458 110.804 58.1862 56.7896 55.7039 63.7212 57.1903 53.2382 47.5282 77.6418 163.165 59.1341 42.8761 36.5062 36.2435 63.1054 48.117 33.1899 70.441 37.0841 33.1537 31.7111 31.2998 30.2545 64.7753 30.2535 29.9026
threshold=0.046979362145066268 0 0.020170049741864208 -1.0000000180025095e-35 0.068796485662460341 1 2 3 -1.0000000180025095e-35 0.033000033348798759 4 5 0.024255153723061088 0.017845840193331245 6 7 4.5000000000000009 8 0.10532344505190851 9 8.5000000000000018 10 11 1.0000000180025095e-35 0.043390229344367988 12 -1.0000000180025095e-35 13 0.036332651972770698 4.5000000000000009
decision_type=2 9 2 2 2 9 9 9 2 2 9 9 2 2 9 9 2 9 2 9 2 9 9 2 2 9 2 9 2 2
left_child=2 -2 -1 5 6 -3 -5 -4 11 -10 -6 12 13 -9 -14 26 17 18 19 -17 22 -22 -19 -12 -13 -18 27 -7 -16 -24
right_child=1 3 7 4 10 15 -8 8 9 -11 23 24 14 -15 28 16 25 20 -20 -21 21 -23 29 -25 -26 -27 -28 -29 -30 -31
leaf_value=-0.062702404108902557 0.033807811283436351 -0.045437714595765677 -0.069004684354651749 -0.052078155815293958 -0.029718403797126921 -0.025471967276366476 -0.0067671623270808183 -0.072565628450494316 -0.072761344200588232 0.0037106187471461932 0.080546977684772425 -0.01632527984616803 -0.0068312251681903642 0.54276550332362195 0.047202006991760817 -0.024782971667536083 -0.027670749083056174 0.012675855791145763 0.14850888257105321 0.038407318687303127 0.019394890800809035 -0.015830858591598669 0.0074501192713600315 0.018402255532596615 -0.046532373603754562 0.028808709241201314 0.026863530777306743 0.041644801721637356 0.29109351858052651 -0.015155483593967588
leaf_weight=1274.6062875799835 1678.9413825944066 186.96149788424373 296.73073038086295 552.48135445825756 113.72298818081617 355.39232368767262 567.77784552238882 9.3089393340051192 411.89708487503231 128.24388662911952 169.18659156560898 970.11424906924367 792.39555259235203 8.0236621238291246 8.3606014363467711 165.38969056680799 102.60394146293402 4200.3757504560053 41.018927864730358 395.58286714181304 780.78029594197869 2009.3316850662231 1264.7083916515112 174.27569777145982 541.52637752331793 1027.4259047545493 2005.2542764544487 227.11798861250281 12.985876485705374 1089.0517130121589
leaf_count=51713 7536 3564 9078 9750 1100 2759 8719 214 15790 3729 1408 26782 18737 171 175 2016 1199 42039 361 3538 7757 24143 15377 1546 14268 10750 14091 1503 179 13552
internal_value=-0.000600778 0.00913585 -0.0379966 0.00642494 -0.0127074 0.00860849 -0.0296386 -0.0280927 -0.0235606 -0.0546049 0.0287798 -0.0165035 0.00282122 0.212285 -0.00160567 0.00937439 0.00665237 0.00472329 0.0283049 0.02002 0.00317039 -0.00596057 0.00706229 0.0476275 -0.0269682 0.0236906 0.0209548 0.000974181 0.133181 -0.00299644
internal_weight=21561.6 17107.4 4454.19 15428.4 1577.44 13851 1120.26 3179.59 2882.86 540.141 457.185 2342.72 831.075 17.3326 813.742 13664 11076.3 9946.24 601.991 560.973 9344.25 2790.11 6554.14 343.462 1511.64 1130.03 2587.76 582.51 21.3465 2353.76
internal_count=313544 172708 140836 165172 22523 142649 18469 89123 80045 19519 4054 60526 19476 385 19091 139085 120732 108783 5915 5554 102868 31900 70968 2954 41050 11949 18353 4262 354 28929
cat_boundaries=0 24 46 68 92 113 135 136 158 159 183 204 225 246 265
cat_threshold=1073742848 0 1048584 0 0 8192 0 1048576 5120 0 0 2147483648 2151677952 524289 0 0 2 2899968 553914816 393218 1310736 0 0 2097152 33554432 2 1073750018 262145 2147483648 688395264 138465418 0 0 0 2048 0 0 0 0 16777217 16 536871424 0 0 0 16777216 9437184 2359296 2416182400 262224 0 0 270336 17408 33554432 0 132096 537919488 639744 0 0 65536 0 67108864 0 0 131072 256 0 655360 2048 2 0 0 256 0 2147483648 4026563334 36864 0 0 0 0 0 0 0 0 0 0 1073742336 2959344650 64 0 2097152 262144 64 0 0 262144 0 0 0 0 713031680 186792 0 0 8388608 0 100664320 0 0 4224 570425344 0 1140859266 17 2281701376 2689139712 21020682 1536 2097152 262144 0 0 0 4096 0 16777217 0 0 0 0 0 16777216 8 8388608 16777216 262144 704 0 0 0 16384 0 0 0 545259584 67129860 0 0 8456704 266304 117440512 4210688 0 42074240 256 115476480 0 1073741824 20971520 0 134217728 32 0 128 0 0 0 16384 1073741824 2097240 0 1074266112 131072 13312 134217736 129 150994952 0 0 8192 268959744 1081344 2147483648 16 0 2149580800 1058816 524296 16777216 0 33580032 33556480 270658 1089536 0 0 0 1073741824 0 536870912 268500992 0 270532608 268436608 0 0 268435712 33816576 64 0 0 132096 475005440 1116392 4 0 0 2097152 2147483648 0 0 90368 528384 271581184 268435456 16 0 1048576 262144 0 0 0 0 1049088 2097232 8832 0 1572864 2105376 134217736 32768 0 12288 8388608 16777216 262144 512 0 0 0 0 0 0 0 8388608 16900 0 0 65536 262208 33554432 4194304
is_linear=0
shrinkage=0.1


Tree=17
num_leaves=31
num_cat=13
split_feature=10 3 3 14 10 3 13 3 5 16 21 17 14 3 18 3 3 18 18 3 3 21 3 11 14 1 21 13 3 10
split_gain=659.067 112.296 102.586 78.7617 61.9568 51.5396 40.6216 65.3072 55.5698 47.6056 41.7716 37.6692 95.4359 95.8766 37.1958 38.3555 37.1161 36.4905 34.9595 28.8073 28.551 26.3192 25.1858 41.5866 39.6457 38.4478 33.6937 32.9139 32.6999 28.8769
threshold=0.046979362145066268 0 1 23.500000000000004 0.094801086932420744 2 0.08338522166013719 3 4 17.500000000000004 3800.5000000000005 1.0000000180025095e-35 1.0000000180025095e-35 5 0.84693878889083873 6 7 0.33568075299263006 -1.0000000180025095e-35 8 9 4005.5000000000005 10 -1.0000000180025095e-35 1.0000000180025095e-35 11 3778.5000000000005 0.021220307797193531 12 0.16004186868667605
decision_type=2 9 9 2 2 9 2 9 9 2 2 2 2 9 2 9 9 2 2 9 9 2 9 2 2 9 2 2 9 2
left_child=1 -1 21 5 16 -3 7 8 -7 18 -10 14 13 -13 15 -6 -4 -14 -9 -8 -18 -2 23 28 26 -24 -25 29 -17 -26
right_child=2 3 4 -5 11 6 19 9 10 -11 -12 12 17 -15 -16 22 20 -19 -20 -21 -22 -23 25 24 27 -27 -28 -29 -30 -31
leaf_value=-0.081741097582184591 0.039656268094550057 -0.0608425233505984 -0.050862612484719974 -0.084544437121158042 -0.020099412369798567 -0.0060568598039138898 -0.040848514253858138 -0.024239555715958552 0.31624545346102018 -0.080351778944159374 0.043621112289739437 -0.019354108436029749 -0.033575549296001386 0.051620307722283966 0.098817390428315721 -0.024344052545368301 0.042849532175298209 0.031116859068000859 -0.065911809423770909 0.056019379260753399 -0.0031143562251411995 0.01322979925648683 0.061465350986523906 0.0088155754912591661 0.093201149782768278 0.015728065634150409 -0.020418747128724515 -0.014063812684570163 0.034227309214264999 -0.025708804145355882
leaf_weight=472.07297369278967 1168.695886477828 380.86938532441854 149.65246273949742 247.85354514420033 346.76879316940904 868.95899511128664 36.163859836757183 1741.6801822762936 11.551941471174361 199.22894787043333 10.945224205031989 325.04362996667624 781.86652586609125 440.75140301138163 49.797104105353355 107.76966954767704 128.84668895229697 98.135142654180527 227.62244037725031 100.25021782144904 5102.5480611268431 556.24582454562187 183.51208176463842 684.4139653518796 102.80859031900764 5277.4337074533105 929.87735115736723 74.284867461770773 612.60181620717049 25.485338948667049
leaf_count=21539 5268 14736 2902 11463 2943 21723 1007 50928 120 7649 197 2881 8523 3236 239 867 1513 600 8923 2509 74379 2463 1173 5729 1057 41109 11168 757 5702 200
internal_value=-0.000881304 -0.0359008 0.00789515 -0.0299515 0.00529234 -0.0262527 -0.0218724 -0.024321 -0.00132346 -0.0336139 0.127109 0.00993595 -0.0038975 0.0219164 0.012648 0.0121338 -0.00336238 -0.0263612 -0.0290563 0.0314515 -0.0019027 0.030955 0.0135395 0.00524941 -0.00279132 0.0173746 -0.00802422 0.0389081 0.0256021 0.0695799
internal_weight=21443.7 4297.2 17146.5 3825.12 15421.6 3577.27 3196.4 3059.99 891.456 2168.53 22.4972 10040.5 1645.8 765.795 8394.75 8344.96 5381.05 880.002 1969.3 136.414 5231.39 1724.94 7998.19 2537.24 1816.87 5460.95 1614.29 202.579 720.371 128.294
internal_count=313503 140794 172709 119255 164978 107792 93056 89540 22040 67500 317 86184 15240 6117 70944 70705 78794 9123 59851 3516 75892 7731 67762 25480 18911 42282 16897 2014 6569 1257
cat_boundaries=0 24 45 69 85 86 107 129 151 175 197 221 222 246
cat_threshold=0 4194304 4 0 1024 0 0 0 0 135266384 0 0 134217728 549453824 0 0 0 0 0 0 0 41476100 8522113 1929 1024 1073741824 1048584 0 0 0 0 1048576 5120 0 0 0 2151677952 1 0 8456192 4128 802816 553939328 393218 1310736 2097152 589824 64 0 16777216 128 0 16777216 0 10551328 0 0 0 0 0 0 0 0 0 0 0 3892641792 119559170 51254 570425344 0 1140859266 17 2281701376 3758687232 138465338 1024 2097152 0 270532608 0 0 0 0 1 8 0 0 1024 0 0 0 8192 0 0 0 0 3091202624 2498706 0 0 1048576 0 201326592 32848 0 139392 0 268435496 8388608 512 0 8192 9437184 524352 0 0 0 2048 67117056 648 0 0 270400 2147494912 1146880 128 411041792 256 0 16777216 1073750018 1 2147483648 3121153024 138428442 512 0 0 2107392 0 0 4096 0 16777217 0 536871424 0 0 0 16777216 234881024 33554432 67108864 0 0 0 65536 32 0 8 0 0 1 0 0 2147483648 4 268435712 1 0 0 335675408 537928204 64 4096 32 0 512 0 8192 9437184 524352 0 0 0 0 335544320 704 0 524288 2149580800 2147493888 65536 1048576 142606336 256 4096 0 16777216 64 0 0 0 0 16777216 0 147456 67108928 4304 0 0 1573376 134217731 251658240 4194320 1 50413952 0 0 2097152 8521736 4096 0 0 64 0 0 0 0 0 0 0 0 192 0 0 1572864 2 201326592 4194304 0 16777216 0 0 2097152
is_linear=0
shrinkage=0.1


Tree=18
num_leaves=31
num_cat=15
split_feature=19 3 19 3 3 3 14 3 3 3 13 14 3 9 16 3 21 6 18 3 3 3 21 3 3 14 3 17 6 14
split_gain=395.22 129.265 99.3415 97.1754 79.68 62.2781 60.1618 58.2534 53.3991 36.3419 35.8654 35.6117 89.0678 57.7869 52.4221 44.3627 34.9056 43.9905 34.5629 47.6051 47.258 33.8502 33.6879 42.4566 30.961 29.9862 130.555 74.6453 77.2208 69.6907
threshold=0.060140782967209823 0 0.12586309760808947 1 2 3 20.500000000000004 4 5 6 0.33523809909820562 2.5000000000000004 7 52.149999618530281 5.5000000000000009 8 231.50000000000003 3.5000000000000004 -1.0000000180025095e-35 9 10 11 4005.5000000000005 12 13 1.0000000180025095e-35 14 1.0000000180025095e-35 4.5000000000000009 1.5000000000000002
decision_type=2 9 2 9 9 9 2 9 9 9 2 2 9 10 2 9 2 2 2 9 9 9 2 9 9 2 9 2 2 2
left_child=1 -1 3 16 -3 -5 8 22 -6 -10 18 24 13 -13 -14 -16 17 -2 20 -20 -11 -8 23 -4 -7 -22 27 28 -27 -30
right_child=2 4 7 5 6 11 21 -9 9 10 -12 12 14 -15 15 -17 -18 -19 19 -21 25 -23 -24 -25 -26 26 -28 -29 29 -31
leaf_value=-0.07875585227805923 0.23980536082327153 0.035585680494963932 0.064692740387845296 -0.051508264097435447 -0.056178365922296351 -0.035843833407416092 0.043102056205833822 0.0083498950442463978 -0.052753932351778554 0.0095651486545234917 0.065351440154436516 0.035010769527748072 -0.066545316732242829 0.25197033965739896 -0.044503250564246248 0.026400397554302596 0.04044341411207511 0.039885081585309526 0.055038846586183132 -0.04934053398178033 -0.023110278502196682 -0.075902468553087896 0.015891921524521634 0.024858084243421664 0.0018014467571580185 0.018151575229198327 -0.016997902112181471 0.016599335779186545 0.20329461798253751 0.56972633831239616
leaf_weight=403.29013346321881 21.241159223020077 235.63654229976237 414.50963737815619 248.83233179524541 372.79201765917242 215.74000696279109 23.529545703902841 5057.4269582182169 256.36496053636074 786.85363694094121 55.718884052708745 98.668723942711949 310.4706384819001 14.020913347601889 166.62954391911626 167.69561039656401 278.35939585417509 22.842597112059593 41.842605747282505 446.49465331807733 2110.5463863890618 265.80475247465074 1369.6634849384427 865.72776446864009 6779.2173301614821 8.1713253650814313 307.89211621880531 17.417295221239328 10.702012227848174 10.07776336930692
leaf_count=19724 139 3357 1907 4523 13296 3723 340 38444 9784 13608 927 1204 5795 86 3187 2377 2099 165 963 15179 53230 12554 7969 4488 85327 225 7821 511 294 262
internal_value=-0.00133494 -0.024861 0.00652097 -0.00105395 -0.0202699 -0.00324984 -0.0231312 0.0147017 -0.0202916 -0.0168098 -0.0142499 -0.00163652 -0.0222346 0.0569512 -0.0363926 -0.00947986 0.0519266 0.136214 -0.0154739 -0.0402802 -0.0117485 -0.0673583 0.026692 0.0384551 0.000591716 -0.0185163 0.0083305 0.148215 0.278592 0.381006
internal_weight=21384.2 5353.13 16031 8323.72 4949.84 8001.28 4714.21 7707.33 4424.87 4052.08 3795.72 7752.44 757.485 112.69 644.796 334.325 322.443 44.0838 3740 488.337 3251.66 289.334 2649.9 1280.24 6994.96 2464.81 354.261 46.3684 28.9511 20.7798
internal_count=313508 152075 161433 108625 132351 106222 128994 52808 116100 102804 93020 101699 12649 1290 11359 5564 2403 304 92093 16142 75951 12894 14364 6395 89050 62343 9113 1292 781 556
cat_boundaries=0 24 45 66 89 111 135 159 180 202 225 247 260 282 306 330
cat_threshold=0 0 536870912 0 1024 0 262144 0 0 134217736 0 0 134217728 549453824 0 0 0 0 0 0 0 711811076 134236545 34178 0 32768 9437184 0 0 4096 266240 16384 16781312 0 1024 2147484168 68157952 0 0 8388608 134217728 2150121472 4352 131073 151257104 276828160 553648130 2147483648 512 0 1048576 128 524288 32768 0 18496 9437192 135360 8192 0 1048576 131138 134217728 0 0 327692 134217728 9437184 8 128 129 33554432 73792 262176 0 4608 268451856 4194304 1 8392704 0 1048576 0 134217728 2 0 4 0 532500 0 0 8 0 0 0 8192 0 1024 0 0 12582912 2152087558 512 0 1114624 0 802816 541085824 393218 1052672 256 18350080 65536 4096 0 0 128 0 16777216 0 1149765892 2 2 0 0 0 0 0 0 0 0 0 9470464 110167040 2652 66 131072 64 0 16777216 0 2048 0 8192 269551120 1 0 524288 0 0 0 0 0 0 0 0 2147483648 1612845130 16417 1572864 262144 67108864 262144 0 0 0 0 0 0 131072 268435456 264196 8192 0 65536 0 67108864 32768 0 276824064 276824064 270532608 4456448 512 0 0 33554432 1024 0 0 0 1250951168 630888 0 0 0 0 16777728 0 0 0 256 0 0 0 262144 2147483648 671092736 16809984 0 4194304 32 0 1073741824 264 512 0 3221225472 16 0 2 0 0 1090523392 4194320 0 1048576 268697856 385 0 2048 16777232 32 52428800 0 131584 1090519040 1073840137 0 0 0 134217729 536871424 0 1048576 8392960 1024 1048576 0 4194304 262144 0 0 0 0 0 0 131072 2 33056 0 0 8 0 0 0 0 0 0 0 0 4194304 4194306 0 0 512 0 0 536875136 131074 0 256 537989120 0 2147483680 135168 16777216 1074824192 138412082 64 0 16793728 2097152 0 0 8192 134217728 65536 0 0 4227136 0 0 0 8388608 4 234881024 8388608 67108864 0 0 0 0 33554432 0 262144 268435456 0 0 4096 0 0 0 0 2 0 0 131072 786452 4096
is_linear=0
shrinkage=0.1


Tree=19
num_leaves=31
num_cat=15
split_feature=10 3 14 3 3 3 5 3 16 3 13 13 14 15 14 3 20 16 3 3 13 3 16 3 3 10 3 21 3 11
split_gain=471.115 106.016 68.6154 63.6577 52.8548 55.5845 50.1255 49.9615 41.374 46.5483 39.9619 30.8464 30.24 50.2596 32.2445 115.696 60.419 58.8841 48.1379 39.1052 29.5497 82.1315 62.7268 44.4045 32.9423 27.1191 26.9441 24.8278 38.0892 45.2501
threshold=0.046979362145066268 0 17.500000000000004 1 2 3 4 5 10.500000000000002 6 0.33523809909820562 0.13464515656232837 56.500000000000007 2.5000000000000004 2.5000000000000004 7 0.04743954353034497 5.5000000000000009 8 9 0.082235131412744536 10 23.500000000000004 11 12 0.1765442565083504 13 4005.5000000000005 14 1.5000000000000002
decision_type=2 9 2 9 9 9 9 9 2 9 2 2 2 2 2 9 2 2 9 9 2 9 2 9 9 2 9 2 9 2
left_child=1 -1 4 25 10 6 -6 -5 -7 11 -3 -10 13 14 18 16 -16 -17 -9 -19 22 -22 24 -24 -20 -2 -23 -26 -29 -30
right_child=3 2 -4 7 5 8 -8 12 9 -11 -12 -13 -14 -15 15 17 -18 19 20 -21 21 26 23 -25 27 -27 -28 28 29 -31
leaf_value=-0.080348467270193458 0.076568082368713597 0.0030108437544688793 -0.076839208686276736 -0.051588711586429116 -0.012742290601227654 -0.031596378198943134 0.10849433218106747 -0.033061228336041047 0.010192871055046567 -0.082149731615790658 0.20841118992999363 0.2707125718074489 -0.044448253401097454 0.080512240026888116 0.24800883659100031 -0.052249056140070083 0.04725766474502547 -0.033708953381873297 0.018700740683699837 0.022280936695489965 -0.019623088302493708 0.015491054561298871 0.05838048125874204 -0.063650965310076024 0.0082352911692632532 0.019014323496689425 0.072103770644449963 0.005986664507224515 -0.018954199495263072 0.033764439663943852
leaf_weight=400.6148116029799 84.782199066132307 516.34627721086144 250.3059054967016 152.46105048805475 974.28299248963594 1545.5183494575322 25.435201428830624 306.3009773530066 24.630551222711805 285.55993654020131 9.6490572132170183 5.5732803978025904 126.7123269289732 86.73211894184351 16.777754800394177 446.61057628504932 140.84758148342371 209.81240141764283 1813.0806237310171 278.55248917080462 241.0315172970295 148.60349997133017 28.986669663339853 189.78315379098058 6028.0901396945119 2383.9102697372437 272.47260303795338 2557.3902392610908 1525.8747422471642 182.26163192465901
leaf_count=20762 640 13583 13271 3292 26350 52620 376 4561 830 12784 142 125 1928 725 157 7207 1487 3304 14128 3950 2332 1503 308 2121 60867 11704 2617 26609 20419 2497
internal_value=-0.0011327 -0.0318755 -0.0262436 0.00607572 -0.022582 -0.0278825 -0.00861379 0.00357737 -0.0381306 -0.0713203 0.00665231 0.0437723 0.00418836 0.00461707 0.00415951 -0.0123542 0.0645318 -0.0257313 0.00551675 -0.00200757 0.00644707 0.0270323 0.00534649 -0.0477229 0.00630547 0.0209062 0.0529472 0.00410006 -0.00173429 -0.0132514
internal_weight=21259 4037.92 3637.3 17221.1 3387 2861 999.718 14752.4 1861.28 315.764 525.995 30.2038 14599.9 14473.2 14386.5 1092.6 157.625 934.975 13293.9 488.365 12987.6 662.108 12325.5 218.77 12106.7 2468.69 421.076 10293.6 4265.53 1708.14
internal_count=313199 140843 120081 172356 106810 93085 26726 160012 66359 13739 13725 955 156720 154792 154067 16105 1644 14461 137962 7254 133401 6452 126949 2429 124520 12344 4120 110392 49525 22916
cat_boundaries=0 24 45 67 90 91 115 138 159 183 205 226 247 269 289 310
cat_threshold=0 0 68 0 1024 0 0 0 0 156305424 0 0 134217728 549453824 0 0 0 0 0 0 0 40443908 67713 17841 1073741824 0 9437192 0 0 0 0 1572864 5120 0 0 0 2153775108 557057 0 1050624 2 802816 553652368 131074 1310736 33554432 0 1140859010 17 2281701376 2819162112 138412090 1536 0 0 2560 0 0 2 0 1 0 0 0 0 0 16777216 539033600 33554432 256 256 822083584 1078199296 16830464 4456480 2162688 33554432 268435456 2 0 0 1048576 16777216 0 268435456 0 0 0 16 32768 8 33554432 0 1073750146 1 2281701376 671155200 171982878 1536 0 0 2048 0 0 4352 0 16785409 8 0 134217728 0 0 16777216 0 8192 88080384 0 512 0 1073741824 0 0 65536 0 1073745952 0 0 0 0 0 0 0 0 2 0 0 0 16 1064960 1048576 0 0 0 0 294912 0 0 0 131072 402653696 16384 8192 0 65536 0 201326592 32768 262144 285212676 1048576 0 0 262160 0 3288616960 299040 0 0 0 2113536 512 0 16 0 65536 2181038080 134217736 32768 0 150994948 0 0 524288 277348352 270532608 4457472 512 0 0 8192 16384 33554432 0 0 612368448 1638560 640 0 8388608 0 16777216 0 0 147456 1024 540672 262144 2420114432 0 0 0 8192 0 4194304 0 0 4127195136 284746 640 0 512 4096 33555456 0 0 155776 0 1048576 262144 0 0 16777216 8320 0 0 0 0 8 1048578 8196 0 8388608 0 512 64 0 131072 4096 0 0 64 0 1048576 8396800 16384 1124073472 0 33554688 2751463488 31456 1048584 0 512 0 33562624 0 0 33685632 256 268435456 2097152 0 0 0 0 0 0 50331648 0 131072 138412096 656304 8192 0 8388608 8192 67108864 0 1 276840448 270532608 268697600 512 0 0 1048576 8 0 0 9216 1242562568 268632074 0 0 0 0 2147483648 0 0 268435456
is_linear=0
shrinkage=0.1


Tree=20
num_leaves=31
num_cat=16
split_feature=10 3 10 11 3 3 3 3 2 7 3 3 21 21 3 3 3 20 3 16 3 5 21 20 21 19 17 3 3 6
split_gain=374.785 97.2108 62.0388 56.1428 69.8781 43.7612 37.1932 33.7454 30.7443 28.1444 29.493 27.6956 26.739 35.9781 87.0978 51.4079 38.2085 36.9732 25.5763 25.3645 24.4856 37.8695 33.1429 29.7074 76.9476 22.75 20.1847 65.9203 21.5825 19.824
threshold=0.046979362145066268 0 0.14109200239181521 16.500000000000004 1 2 3 4 5 5.5000000000000009 6 7 4039.5000000000005 3871.5000000000005 8 9 10 0.22554164379835132 11 15.500000000000002 12 13 3800.5000000000005 0.024255153723061088 4545.5000000000009 0.10548605397343637 10.500000000000002 14 15 9.5000000000000018
decision_type=2 9 2 2 9 9 9 9 9 2 9 9 2 2 9 9 9 2 9 2 9 9 2 2 2 2 2 9 9 2
left_child=1 8 6 5 -5 -3 -2 -8 -1 26 -11 -7 13 14 -4 -15 19 -18 -14 -16 21 23 -23 24 -13 -17 28 -28 -9 -30
right_child=2 3 12 4 -6 11 7 9 -10 10 -12 20 18 15 16 25 17 -19 -20 -21 -22 22 -24 -25 -26 -27 27 -29 29 -31
leaf_value=0.071668373571931052 0.057175350770778788 -0.055164706649193575 -0.027413023297903807 0.036350598060236515 -0.062215457842059535 0.051473761185974187 -0.032975390816828341 0.011287310770796442 -0.079820479139312006 0.042377575944049194 -0.01115824658172841 0.022947832208045013 -0.013727968791949581 -0.0035387696196004822 0.0095137461956374438 0.1189300773241653 0.053457483083900019 0.019382469747532487 0.0096468964168678738 -0.044856776449339116 -0.023818424847119352 0.24403670284618331 0.009551273570534223 -0.01228971467728064 0.39982544809365544 0.041854724569790634 -0.035878350765037675 0.014131040212305608 0.0015246090147723974 -0.011836283715588264
leaf_weight=9.1313313003629428 103.6276734136045 269.06631550565362 470.04191386699677 79.158829413354397 553.11014662310481 55.431211333721876 297.44382031261921 1661.6425446961075 396.96155513823032 300.69121907837689 153.38127010501921 99.239163178950548 571.16197997331619 299.35860671103001 1071.4612895548344 40.206968776881695 452.66726637631655 1073.801201350987 2422.0930486917496 93.271392732858658 1385.5165603160858 13.590874921530487 10.831977628171442 1043.1200674884021 5.7302598413079968 805.66934584826231 577.35287692584097 472.93927437439561 4937.3643648922443 1432.7561225369573
leaf_count=549 972 10410 2973 2767 26925 1011 5481 19259 21600 3484 2024 2957 4919 1838 6477 186 2530 5798 15544 629 46638 107 196 27388 128 4206 9041 6201 61653 19077
internal_value=-0.000914949 -0.0288207 0.00543277 -0.0232325 -0.0502843 -0.0173794 0.000290875 -0.000366352 -0.0747736 0.000684242 0.0249812 -0.0132276 0.0124325 0.0174783 0.0119768 0.0326642 0.0188883 0.0292953 0.00517296 0.00511585 -0.0148246 -0.00408545 0.0993564 -0.00712486 0.0435215 0.0449865 -0.000529773 -0.0135665 0.00117501 -0.00147818
internal_weight=21157.8 3920.89 17236.9 3514.8 632.269 2882.53 9937.2 9833.57 406.093 9536.13 454.072 2613.46 7299.73 4306.48 3161.24 1145.23 2691.2 1526.47 2993.26 1164.73 2558.03 1172.51 24.4229 1148.09 104.969 845.876 9082.06 1050.29 8031.76 6370.12
internal_count=312968 140676 172292 118527 29692 88835 127192 126220 22149 120739 5508 78425 45100 24637 18407 6230 15434 8328 20463 7106 77414 30776 303 30473 3085 4392 115231 15242 99989 80730
cat_boundaries=0 24 47 70 94 118 130 152 176 197 218 239 257 280 281 302 323
cat_threshold=0 0 4 0 1024 0 0 0 0 135856128 0 0 134217728 549453824 0 0 0 0 0 0 0 443031556 8587397 956 136314880 33554432 1140851328 16 2147483648 738459648 16909360 66048 0 33952000 268468224 0 0 0 0 4194304 0 0 3 0 0 0 16 134217792 720896 2112 2 285212672 128 1024 8454176 2147483648 1077946232 0 0 0 0 0 0 0 0 0 0 0 8552960 1040 0 1073741824 8388608 0 0 0 8388608 0 16777216 0 0 0 4194368 520 0 0 270336 8192 1073152 0 16851200 0 0 2097152 34603008 16777216 1073741826 1 2281701376 2820686848 4210698 1664 0 0 10240 0 1048576 4096 0 16777217 0 0 8 0 16384 16777216 0 8192 16777248 2147485696 0 67108864 32 4203648 536870912 0 0 0 8392704 2 268451840 270794752 2151940096 144 0 256 0 0 0 0 33685504 1073741824 723106 8192 0 0 64 0 0 0 0 256 0 0 1073750146 17 0 2147550208 4194314 1536 0 0 0 0 0 0 0 1 0 0 0 0 0 16777216 0 4096 0 0 8 0 0 0 8192 0 1024 0 0 4194304 4194372 0 0 0 8224 2097152 262144 0 285220992 0 0 1024 0 0 0 0 16384 0 0 0 0 64 0 0 0 0 524288 0 0 268435456 0 0 9437184 64 0 0 0 0 0 0 1024 2415919104 1075868160 1 0 1048576 0 262144 4211024 327681 1179648 0 0 1024 0 0 0 0 0 16777216 0 0 541065216 16 0 0 0 0 524288 570425344 0 67108864 256 2281701376 671612928 134270976 33554432 2097152 128 33280 0 1 4098 0 16777216 0 0 0 0 0 1073741824 421568544 9 276824064 3407872 2436890624 262160 0 256 262144 1048576 0 0 33554432 1107296320 1016098 0 0 0 0 2281701376 0 4 8388612 524292 1048576 16777216 262160 0 33554432 0 1048576 0 0 0 41943040 393522 2621504 0 524288 2147483648 1090523648 0 537919488 176164868
is_linear=0
shrinkage=0.1


Tree=21
num_leaves=31
num_cat=13
split_feature=10 3 14 1 3 3 3 3 17 3 14 13 7 11 2 3 13 5 3 10 3 20 20 11 21 9 3 14 11 7
split_gain=315.203 94.6088 69.0496 56.3147 49.6846 46.935 51.5401 40.7491 40.0458 81.9741 69.9099 42.3392 41.4477 36.5082 27.8155 26.7143 24.2371 23.4285 23.3645 22.865 22.6667 21.8733 29.7955 36.398 39.4728 28.1981 21.834 21.7902 22.0121 21.4834
threshold=0.046979362145066268 0 18.500000000000004 1 2 3 4 5 3.5000000000000004 6 1.0000000180025095e-35 0.67179489135742199 5.5000000000000009 8.5000000000000018 7 8 0.19831324368715289 9 10 0.033750250935554511 11 0.024255153723061088 0.022880000062286857 -1.0000000180025095e-35 4254.5000000000009 47.95000076293946 12 1.5000000000000002 52.500000000000007 1.0000000180025095e-35
decision_type=2 9 2 9 9 9 9 9 2 9 2 2 2 2 9 9 2 9 9 2 9 2 2 2 2 10 9 2 2 2
left_child=1 14 5 26 -5 -3 17 -6 11 -10 18 12 15 -13 -1 -9 -12 21 -11 -8 27 22 25 24 -24 -7 -2 -14 -29 -25
right_child=3 2 -4 4 7 6 19 8 9 10 16 13 20 -15 -16 -17 -18 -19 -20 -21 -22 -23 23 29 -26 -27 -28 28 -30 -31
leaf_value=0.068231435713088456 0.0075878586254365847 0.010321848055509899 -0.076730182214468909 0.0155844337165017 -0.047802157453546108 -0.014987776363466369 -0.032266214917056245 0.010594024946328967 -0.034131904004443263 0.051217334769962854 -0.027738894703533863 0.022366531703978974 0.046437430420599231 0.23487435160412717 -0.083117229742012702 -0.00049778070197456319 0.029763053615162252 0.094348795940008279 0.005875094403485011 -0.078270841812696293 0.013803841490059527 -0.015314799284320153 0.029685867400267525 0.18501304634673632 0.42104571723742912 0.15930387488087153 0.056447919904999588 0.2406385593841423 0.044200050635951088 0.0018552623326726929
leaf_weight=8.3380067525431496 153.04207363724709 486.29354320652783 215.79497039411217 2966.3862540535629 156.69652205146849 122.52606935240328 1420.4095082674176 2929.3796614930034 860.10469686985016 301.91135637462139 431.50989872775972 18.010111548006535 187.02765047177672 14.66865301504731 323.5103044975549 8314.5241734515876 88.302093252539635 12.145137861371039 197.8194243144244 116.92933654226363 395.84364906512201 1046.6363021060824 4.4857467059046012 8.2912818379700166 6.0572322234511375 10.043406987562774 283.19349359720945 12.321699723601343 10.621796090155838 28.134827248752117
leaf_count=483 885 12283 13036 15792 3086 3609 57735 25227 12005 2957 6154 135 1804 92 19547 95587 865 59 2319 3419 4013 28897 123 235 123 239 1467 144 129 796
internal_value=-0.000940218 -0.026983 -0.0218838 0.00478753 0.00385551 -0.0183225 -0.0232942 0.00134643 0.00194034 -0.0116211 0.00762937 0.00408723 0.00377375 0.117756 -0.0774297 0.00240095 -0.0179709 -0.00793576 0.034411 -0.0355342 0.0292529 -0.00970392 0.0224647 0.0909051 0.254533 -0.00178352 0.0398608 0.0550965 0.149696 0.0435455
internal_weight=21131 3809.6 3477.75 17321.4 16885.1 3261.95 2775.66 13918.7 13762 1879.65 1019.54 11882.4 11849.7 32.6788 331.848 11243.9 519.812 1238.32 499.731 1537.34 605.815 1226.17 179.539 46.9691 10.543 132.569 436.236 209.971 22.9435 36.4261
internal_count=313245 140584 120554 172661 170309 107518 95235 154517 151431 24300 12295 127131 126904 227 20030 120814 7019 34081 5276 61154 6090 34022 5125 1277 246 3848 2352 2077 273 1031
cat_boundaries=0 24 25 49 72 96 120 141 153 174 175 197 219 240
cat_threshold=0 65536 0 0 1024 128 0 0 0 134283274 0 0 134217728 549453824 0 0 0 0 0 0 0 712515588 33556609 33683 41943040 1073742848 1048576 9437192 64 0 12288 1048576 1572864 1024 0 0 0 2147504132 1081353 0 8388608 0 19677184 262144 536870912 268435472 0 0 2097152 33554432 8388608 1140859010 17 2281701376 739050496 49178 1536 2097152 0 270534656 0 0 0 0 1 0 0 0 0 0 16777216 32768 606339072 0 536870912 256 1073741824 3225421824 155193376 4194304 65536 262144 512 0 1 4098 1048576 16777216 0 0 1 0 0 0 4 4096 0 32768 1090527234 17 2281701376 671154176 138461210 0 0 0 2099456 1 0 0 0 553648129 64 0 134217736 0 0 16777216 0 524288 270008320 2359296 268436480 262656 0 0 270336 128 33554432 0 33554432 977272832 459042 2097152 0 0 0 134217728 65536 0 8320 16777216 2147485696 128 67108864 32 4203648 0 0 0 0 8392704 2 0 2097152 268436480 0 0 3145728 270336 16512 0 0 0 943718976 6553602 2621568 0 1048576 2 0 1122304 0 1052808 58 8404992 268435464 2147745792 128 0 0 0 16384 0 0 132096 84934664 1606224 8196 0 65536 12288 33555456 256 0 16640 256 269484032 268697600 263168 262144 0 0 0 0 0 0 0 1614807040 196610 0 0 0 0 0 0 0 0 256 0 0 0 0 128 0 0 0 4096 0 0 0 1073741824 0 0 0 0 0 4194384 65537 159383552
is_linear=0
shrinkage=0.1


Tree=22
num_leaves=31
num_cat=14
split_feature=10 3 14 3 3 3 16 3 17 3 14 3 12 5 2 14 3 16 3 15 3 16 3 3 14 16 17 20 21 10
split_gain=271.617 88.9722 63.9688 64.7879 52.8595 39.6082 39.3632 44.7623 37.6693 73.8271 50.9602 32.8699 32.1125 30.6068 29.2538 26.3809 47.9899 50.6196 26.1065 25.4724 24.9107 23.0626 24.8379 22.4364 24.3876 31.7894 43.7224 25.576 74.6238 24.3
threshold=0.046979362145066268 0 16.500000000000004 1 2 3 15.500000000000002 4 10.500000000000002 5 1.0000000180025095e-35 6 1.5000000000000002 7 8 40.500000000000007 9 83.500000000000014 10 2.5000000000000004 11 2.5000000000000004 12 13 1.5000000000000002 1.0000000180025095e-35 1.0000000180025095e-35 0.024255153723061088 4545.5000000000009 0.025852590799331669
decision_type=2 9 2 9 9 9 2 9 2 9 2 9 2 9 9 2 9 2 9 2 9 2 9 9 2 2 2 2 2 2
left_child=1 14 3 13 -2 -6 -5 12 15 -10 11 -11 -8 -3 -1 19 17 -17 -12 20 -7 23 -23 24 25 27 -27 28 -15 -28
right_child=4 2 -4 6 5 8 7 -9 9 10 18 -13 -14 21 -16 16 -18 -19 -20 -21 -22 22 -24 -25 -26 26 29 -29 -30 -31
leaf_value=0.066252476754594683 0.021345712468822515 0.093190396131301936 -0.072846207989311046 -0.021538408929251678 -0.035943536107501693 -0.021278259898829033 -0.03943574146943598 -0.080638930118365482 -0.033512694311543065 0.069021174220191689 -0.036662421055651401 0.01271630185837189 0.13607308054486109 0.011368689853788638 -0.076593134023322615 0.11589277347811251 -0.069345995417330011 -0.086376781798183297 0.012920726400621191 0.064837867182489933 0.0062593825307070555 -0.015709958259051721 0.067743235396761095 0.052383452641439177 -0.047767709836825767 0.12998760384244212 0.18611313498474835 -0.01766207151630925 0.39095007861899356 -0.0088783862511791177
leaf_weight=10.336327465251086 1736.4771576449275 26.701177395880222 211.66582255903631 1768.4729513339698 247.10624805651605 327.83306415192783 23.636944454163313 208.62907836027443 753.54362761229277 137.46159013733268 260.34897937066853 402.72138903290033 18.65092402510345 41.457059502601624 359.94351043924689 36.339613150805235 108.83983769640326 18.759547092020512 171.45122345350683 72.919284716248512 13051.521509362385 56.978333074599504 85.000764591619372 53.415430888533592 139.33173261396587 39.632861539721489 6.8854835517704478 572.96334038674831 5.9186816662549964 89.008813336491585
leaf_count=587 7744 290 13570 62636 4458 5322 922 10934 10080 1158 3366 3958 495 1065 22164 233 2197 151 2258 528 131049 1689 2364 1124 4408 967 198 14883 51 2406
internal_value=-0.000417555 -0.02494 -0.0195795 -0.0160475 0.00484584 0.00299227 -0.0266653 -0.0638628 0.0036424 -0.0102747 0.00800329 0.0285575 0.0307098 0.00335183 -0.0709683 0.00540874 -0.0344638 0.0398025 -0.0175247 0.00589465 0.0055734 0.000325553 0.0379171 -0.00529734 -0.00922124 -0.00223782 0.0416374 -0.0118234 0.05879 0.00512256
internal_weight=21044 3718.63 3348.35 3136.68 17325.3 15588.8 2019.39 250.917 15341.7 1725.53 971.983 540.183 42.2879 1117.29 370.28 13616.2 163.939 55.0992 431.8 13452.3 13379.4 1090.59 141.979 948.613 895.198 755.866 135.527 620.339 47.3757 95.8943
internal_count=313255 140753 118002 104432 172502 164758 74987 12351 160300 20820 10740 5116 1417 29445 22751 139480 2581 384 5624 136899 136371 29155 4053 25102 23978 19570 3571 15999 1116 2604
cat_boundaries=0 24 47 68 90 113 134 155 156 168 179 201 223 246 265
cat_threshold=66 0 0 0 1024 0 0 0 0 2282225680 0 0 134217728 549453824 0 0 0 0 0 0 0 49045508 251661441 34976 536870912 0 1073750146 17 2281701376 2215117824 134238234 1536 2097152 0 270565888 0 0 2 0 16777217 0 0 1 0 0 16777216 524288 1024 8 1048584 0 0 0 0 0 5120 0 16384 2147483648 2151677952 8 0 0 8193 2899968 553652352 537264130 303300880 0 0 3221233666 0 2281701504 2282292224 4210698 1024 1073741824 0 2304 512 524288 1152 0 1073741825 0 0 8 1048576 0 16777216 88080384 8388608 536871424 0 1073741824 671088640 16778272 262144 2147483648 1073877284 6144 0 0 0 0 0 0 0 2 0 0 0 16 270024704 2359296 1024 0 0 0 262144 1064960 0 0 33554432 856686592 477986 0 0 65536 0 2048 80 0 8388736 0 268435456 262144 64 0 0 0 0 0 0 1024 0 72 8196 0 0 0 33554432 0 0 16384 386 32 2214594560 128 67108864 32 4202624 536870912 0 0 0 8388608 2 1048576 0 4195328 0 0 0 0 0 0 0 132096 8388608 1048576 262144 720 0 0 8192 0 37748736 0 1024 1216348160 32844 8192 0 0 0 2147483648 4194304 0 16384 256 1048576 536903712 4194432 17 0 348127232 134219828 8 0 0 2105344 0 67108864 12288 0 553656320 10 536871936 0 0 0 1024 536870912 0 8192 17 0 2214593536 134217730 1024 0 0 0 0 0 0 0 0 0 0 0 0 0 16777216 524288 536870912 0 1073741824 0 2147483648 67108864 16384 512 2097152 0 268468736 0 0 2 0 16777216 0 0 1
is_linear=0
shrinkage=0.1


Tree=23
num_leaves=31
num_cat=2
split_feature=10 14 13 14 19 16 19 16 13 1 6 19 17 14 14 17 16 17 21 1 11 11 7 21 9 11 16 19 13 13
split_gain=216.836 53.5235 46.17 46.5294 56.7462 46.2276 47.2775 44.0226 47.0669 39.6104 32.0811 35.2655 30.8225 62.552 52.5412 59.3059 39.2558 58.3463 34.5373 29.6817 27.8341 26.087 24.3577 24.3573 23.7914 23.1732 22.6228 25.0391 22.1973 22.074
threshold=0.046979362145066268 22.500000000000004 0.24963767826557162 6.5000000000000009 0.36001497507095342 1.5000000000000002 0.018454174511134628 17.500000000000004 0.082235131412744536 0 4.5000000000000009 0.092654295265674605 10.500000000000002 1.0000000180025095e-35 1.0000000180025095e-35 1.0000000180025095e-35 3.5000000000000004 1.0000000180025095e-35 4150.5000000000009 1 37.500000000000007 -1.0000000180025095e-35 4.5000000000000009 3655.5000000000005 42.549999237060554 6.5000000000000009 1.5000000000000002 0.076872032135725035 -1.0000000180025095e-35 -1.0000000180025095e-35
decision_type=2 2 2 2 2 2 2 2 2 9 2 2 2 2 2 2 2 2 2 9 2 2 2 2 10 2 2 2 2 2
left_child=1 7 3 4 12 -5 -7 9 -9 -1 11 -8 14 -14 16 20 18 19 22 -18 26 -20 -2 -12 -11 -23 27 -16 -21 -28
right_child=2 -3 -4 5 -6 6 10 8 -10 24 23 -13 13 -15 15 -17 17 -19 21 28 -22 25 -24 -25 -26 -27 29 -29 -30 -31
leaf_value=-0.074347086292007855 0.0051855385455125344 -0.075616817926835986 0.028949760635679528 -0.08899056556506249 0.02945744969863769 0.1774708335700669 -0.04381820915546987 -0.072225166456523257 0.032249022653034635 -0.016729935785312577 0.033418021189971718 0.038318411744412119 0.0069356178920525844 -0.034891155743798176 0.07247147761507361 -0.010648545924691701 0.032018399290064344 0.035149037688625671 -0.021135526530659698 -0.062928391993567326 0.0076821313561279405 -0.00073240008239136101 0.022967896951218036 -0.037404352052729073 0.015688587963823379 0.14830020687400627 0.080559892191715915 0.0094341006213305382 -0.021240970067880255 0.036952082102826099
leaf_weight=104.56034115888178 7113.8223389498889 181.73366894386709 718.82430317252874 86.489575056359172 848.00535031408072 12.965001557022331 74.187979329377413 267.10934109147638 51.423622560687363 2785.2971941912547 54.470398269593716 176.95650171674788 837.08238418214023 624.13639058731496 82.286304539069533 410.79095439054072 55.419929264113307 148.88790971040726 775.156390119344 268.31523879989982 298.77561042457819 2449.1865789704025 863.8329740203917 447.61298908106983 246.40441871527582 10.477979648858307 222.6010667309165 269.00945464894176 243.77801955491304 242.57170909456909
leaf_count=7413 67267 12881 5649 1622 3702 76 1540 15016 1692 95732 625 1496 8441 9120 1131 4740 433 1390 8669 3024 3146 26327 7873 6245 8271 105 2094 2466 2489 2604
internal_value=-0.000519971 -0.0227209 0.00413715 0.00306379 0.00429448 -0.0196888 -0.0118659 -0.0199384 -0.055359 -0.0163409 -0.0151249 0.0140553 0.00286392 -0.01093 0.00436196 0.0218333 0.00212689 -0.0205678 0.00357693 -0.0351852 0.0337978 -0.00513884 0.00711104 -0.0297209 -0.0140488 -9.75328e-05 0.0433544 0.0241998 -0.0422582 0.0578199
internal_weight=20972.2 3636.53 17335.6 16616.8 15764.1 852.682 766.193 3454.79 318.533 3136.26 753.228 251.144 14916.1 1461.22 13454.9 1526.04 11928.9 716.401 11212.5 567.513 1115.24 3234.82 7977.66 502.083 3031.7 2459.66 816.469 351.296 512.093 465.173
internal_count=313279 141005 172274 166625 155021 11604 9982 128124 16708 111416 9906 3036 151319 17561 133758 16181 117577 7336 110241 5946 11441 35101 75140 6870 104003 26432 8295 3597 5513 4698
cat_boundaries=0 1 2
cat_threshold=35447952 111151104
is_linear=0
shrinkage=0.1


Tree=24
num_leaves=31
num_cat=16
split_feature=10 3 14 19 3 3 3 3 2 20 3 3 14 12 18 3 3 20 3 17 3 14 3 17 3 18 3 3 20 14
split_gain=184.757 73.6461 52.0953 40.2809 48.5342 42.4918 40.3423 38.4451 34.1776 31.5075 30.8312 30.4978 26.8021 23.7276 44.1789 32.0313 30.164 24.0212 22.8019 22.7165 43.685 28.0098 68.4845 38.1362 32.2572 30.0076 32.9524 32.3776 28.7294 28.7204
threshold=0.046979362145066268 0 16.500000000000004 0.12586309760808947 1 2 3 4 5 0.0092939869500696676 6 7 74.500000000000014 1.0000000180025095e-35 -1.0000000180025095e-35 8 9 0.031402627006173141 10 10.500000000000002 11 1.0000000180025095e-35 12 1.0000000180025095e-35 13 -1.0000000180025095e-35 14 15 0.11259426921606065 1.5000000000000002
decision_type=2 9 2 2 9 9 9 9 9 2 9 9 2 2 2 9 9 2 9 2 9 2 9 2 9 2 9 9 2 2
left_child=1 8 7 4 -2 -5 -6 -3 -1 -8 -7 -9 18 14 16 -15 -13 -17 -11 21 -21 24 -23 25 -20 26 -24 -27 -28 -30
right_child=3 2 -4 5 6 10 9 11 -10 12 -12 13 -14 15 -16 17 -18 -19 19 20 -22 22 23 -25 -26 27 28 -29 29 -31
leaf_value=0.070680359963775877 0.037181445202796426 -0.049114619770266522 -0.068136461590646819 0.047040662625484564 -0.034869519011909524 -0.022499447412396196 0.16397186445461315 -0.04257361063178073 -0.076899710063683346 -0.040842224960877679 0.0090469572600304412 -0.032371173919251199 -0.085530616158569842 -0.049818633382332202 -0.050732578751326418 0.085809761755916217 0.00029053932567761864 0.001571381585533045 -0.022667189155141418 -0.031980020438657351 0.009350134847810292 -0.019374380121763637 0.010654908432970209 -0.0039799790017057335 0.0016636706052510022 -0.031547842466440934 0.063679667792791855 0.040496139310237073 0.071728111151062798 0.21648250844370304
leaf_weight=11.550755286589263 319.75255940854549 269.24104347359389 186.0539676239714 276.11464033648372 346.04649499058723 314.93607837334275 11.626778103411196 252.28656282182783 277.74328604806215 127.22717362642288 7241.0513081438839 325.09578250534832 37.135848371312022 35.085932996124029 232.22630909644067 84.084895748645067 1818.0427366048098 56.662941969931126 591.56257557123899 566.53997721150517 456.67954125069082 391.92602810449898 123.54195034131408 236.8703942373395 5775.6761672459543 89.515827102586627 247.03028867021203 163.34774130024016 27.568186096847057 27.259578187018633
leaf_count=646 2253 11688 13654 1838 5151 2707 178 11727 19270 2060 47866 13238 882 1225 10591 2598 54416 1485 7358 9233 5891 6455 1359 3387 68831 1477 2777 2230 255 173
internal_value=-0.000400799 -0.0211952 -0.0167028 0.00384641 -0.000516866 0.00916077 -0.00186263 -0.0136429 -0.0688425 -0.000537631 0.00770409 -0.0100253 -0.000754074 -0.00665296 -0.00930289 0.0287671 -0.00481365 0.0484541 -0.000397322 0.000240987 -0.0137549 0.00210738 0.0154415 0.0302334 -0.000629829 0.0426276 0.0588442 0.0153458 0.0757057 0.143698
internal_weight=20919.5 3548.07 3258.78 17371.4 9539.31 7832.1 9219.55 3072.73 289.294 8873.51 7555.99 2803.49 8861.88 2551.2 2375.36 175.834 2143.14 140.748 8824.75 8697.52 1023.22 7674.3 1307.06 915.134 6367.24 678.264 425.4 252.864 301.858 54.8278
internal_count=312899 140538 120622 172361 119950 52411 117697 106968 19916 112546 50573 95280 112368 83553 78245 5308 67654 4083 111486 109426 15124 94302 18113 11658 76189 8271 4564 3707 3205 428
cat_boundaries=0 24 45 67 89 113 125 146 170 194 218 239 260 282 303 324 348
cat_threshold=0 131072 64 0 1024 2048 0 16777216 0 139468802 2 0 134217728 549453824 0 0 0 0 0 0 0 1114120196 1107298433 395 1073742848 0 8388608 576 0 1048576 0 0 0 0 64 2147485696 8768 0 0 8388608 262176 2621440 18092032 536871040 134554008 1073741824 0 262144 128 0 0 8192 0 0 0 0 0 4194304 32768 0 1114624 0 278528 553668736 262146 0 256 1052672 0 1073750152 16 2147483648 2148007968 4210704 525312 1073741824 0 2048 4194304 3221241856 1052672 0 16777728 0 0 73728 2 4096 16777472 67108864 589824 6148 2 0 131072 589824 0 0 1611170568 1 0 8388608 0 0 0 0 0 0 0 0 672203264 146931968 34304 16777248 2214594560 128 67108864 32 4203648 536870912 0 0 0 8388608 2 1048576 268435456 0 0 0 1048832 0 0 20971520 0 33554432 3255829000 2592 132 0 8388608 4104 512 294912 65536 17113216 2097152 0 0 8192 268435456 128 512 8388608 2415927296 2225276004 0 0 0 0 0 0 0 0 0 0 0 2147749888 2165326344 18480 65536 37748736 67108864 256 0 0 134217728 33554464 536936448 264321 0 0 1 0 0 2147483648 0 268435712 0 0 0 335544336 69214210 64 66 4194304 512 4096 16777217 32768 64 2162688 0 268439696 2064 0 0 4096 0 0 0 0 2 0 0 8552448 806159440 4100 0 2 4194306 0 0 136642624 134219786 512 0 0 2097408 0 4194304 0 0 1 0 0 4210752 0 16384 310394880 3407872 1024 262144 0 16384 262144 1064960 0 0 33554432 2046820352 1016102 32768 0 0 0 67108864 16 0 4 0 0 268698624 1 0 0 33562624 16384 8388608 0 0 813695040 67735944 1664 0 1074790400 2281705473 1024 0 262144 0 1024 33570816 537952272 0 0 0 553652224 32772 64 4194304 0 16384 67109376 2097156 8192 0 537468928 0 167775232 32776 1 16777216 268435456 270532608 0 262144 0 0 0 0 33555456 0 0 218103816 2228226 0 0 0 0 512 32776 0 1048576 277364736 262144 2147483648 0 0 0 262144 128 0 0 0 1048584 1050656 4 0 0 0 201327104 0 0 0 0 0 2097152
is_linear=0
shrinkage=0.1


Tree=25
num_leaves=31
num_cat=12
split_feature=10 3 14 3 3 3 20 9 3 21 20 7 16 10 3 14 19 3 1 16 3 13 19 20 14 19 3 2 3 11
split_gain=179.769 75.6735 46.2144 43.5843 39.6597 32.0197 72.2822 29.793 29.8624 26.6367 26.6343 25.7268 25.5071 30.8118 32.0658 93.6432 30.2208 25.8213 24.8721 48.8994 26.7898 24.6602 94.1228 24.1212 23.2029 26.803 27.4935 23.1168 22.6928 22.0955
threshold=0.046979362145066268 0 23.500000000000004 1 2 3 0.0073642774950712928 73.250000000000014 4 3950.5000000000005 0.029882817529141906 5.5000000000000009 15.500000000000002 0.015650665387511257 5 1.5000000000000002 0.022611746564507488 6 7 55.500000000000007 8 0.027888889424502853 0.011464086826890709 0.024255153723061088 7.5000000000000009 0.15990081429481509 9 10 11 1.0000000180025095e-35
decision_type=2 9 2 9 9 9 2 10 9 2 2 2 2 2 9 2 2 9 9 2 9 2 2 2 2 2 9 9 9 2
left_child=1 27 3 -3 9 6 -6 8 23 24 12 18 13 -10 15 -15 -17 -14 19 20 -7 -4 -23 -5 25 26 -2 -1 -16 -22
right_child=4 2 21 7 5 11 -8 -9 10 -11 -12 -13 17 14 28 16 -18 -19 -20 -21 29 22 -24 -25 -26 -27 -28 -29 -30 -31
leaf_value=0.052316598117515795 -0.023718981544523246 -0.059235572333518144 -0.091078324523770959 0.13465179882519421 0.27165883691489939 -0.015275610825577782 -0.051374030554867271 0.15526875545870439 0.084379059474530144 0.0033495445556408539 -0.03349008489548063 0.0203271900661504 0.032378131271124287 0.019931252752939138 -0.049245687343665329 0.58927698023759711 0.19922045097418289 -0.074116129636540157 0.0011650310935418596 0.20694107858807881 0.017944724676734133 0.80447713446664837 -0.029615730087244468 0.00203663686873134 -0.032175776142584975 0.048059801613682007 0.034326069573214137 -0.074998745425990568 -0.0064807060414645585 0.077349581589217148
leaf_weight=11.519661613740025 128.42458898574114 188.41779471561313 118.06742371618748 13.935497867874799 7.1972321122884741 145.55370075628161 184.40539830736816 10.788270042277871 37.588165165856481 625.4636983089149 717.28972536418587 797.01524340361357 26.9245421346277 75.373500043526292 137.00481669604778 3.7023170152679077 4.2855929583311081 91.495250861160457 14458.640988571569 14.390634614974259 183.34370591118932 1.4349694903939987 23.655662216246128 868.950295063667 56.023759994655848 530.97711489349604 193.21548131853342 286.83511862903833 865.12984258122742 95.08351831510663
leaf_count=651 869 10076 9826 149 73 968 3559 192 2143 2799 24634 7571 1121 2577 6166 70 146 5810 150920 89 1284 101 1716 22753 238 2333 1156 20342 32179 648
internal_value=-0.000341092 -0.0210827 -0.0163686 -0.013806 0.00380539 0.0023142 -0.0372934 -0.0105605 -0.0112272 0.0191071 -0.0180569 0.00282119 -0.00928574 -0.00463136 -0.00771358 0.0486042 0.380008 -0.0534276 0.00188648 0.0250831 0.0195022 -0.0719454 0.0180872 0.00408359 0.0301641 0.0342603 0.0114796 -0.0685458 -0.012756 0.0369061
internal_weight=20902.1 3482.4 3184.04 3040.89 17419.7 15885.6 191.603 2852.47 2841.68 1534.1 1958.79 15694 1241.5 1123.08 1085.5 83.3614 7.98791 118.42 14897 438.372 423.981 143.158 25.0906 882.886 908.641 852.617 321.64 298.355 1002.13 278.427
internal_count=313159 140652 119659 108016 172507 165112 3632 97940 97748 7395 74846 161480 50212 43281 41138 2793 216 6931 153909 2989 2900 11643 1817 22902 4596 4358 2025 20993 38345 1932
cat_boundaries=0 24 48 69 93 115 139 163 164 185 206 218 242
cat_threshold=2097152 0 4 0 1024 0 0 16777216 8192 134348801 0 0 134217728 549453824 0 0 0 0 0 0 0 678174724 167856385 33944 0 589824 6208 2 0 131072 524288 0 0 550609204 1 0 0 0 0 0 0 0 0 0 0 101712384 268566672 16706 1073741824 1073741832 17825800 0 0 0 9445376 0 4096 0 16384 64 2153775104 524288 0 524800 4098 540672 16781696 393218 409600 0 0 3225427970 0 134217856 136904704 138432570 0 0 0 2048 0 0 384 0 16785409 2097176 0 0 0 128 16777216 0 8192 570425344 0 1140859010 1 2281701376 2215447552 21024824 1536 2097152 0 2048 0 0 0 0 16777217 0 0 0 0 0 16777216 67108864 0 0 256 0 0 0 37748768 805371904 266240 0 2 0 0 0 0 0 256 1 0 0 1073741824 537145348 4096 4456448 0 0 0 1073741824 128 0 262144 2147483648 36196352 512 0 0 0 0 0 0 256 2 0 0 0 1056 4 44042240 1024 48 0 0 0 0 0 0 0 0 0 0 0 0 0 0 2147483648 0 672243792 4 9441280 0 8 8 0 0 0 8192 0 0 0 0 0 2153775104 0 0 0 0 0 0 2 131072 0 2214594560 0 67108864 32 4203648 536870912 0 4194304 0 8388608 2 134217794 4325376 0 8192 268435456 134217856 131584 0 2147483648 1411910146 4096 0 0 0 0 2147483648 0 0 0 0 0 212992 1082131520 544
is_linear=0
shrinkage=0.1


Tree=26
num_leaves=31
num_cat=16
split_feature=10 3 13 18 3 3 18 3 18 3 13 3 13 3 7 3 3 1 11 3 3 19 3 19 3 17 3 10 11 3
split_gain=130.895 70.1217 34.7036 61.135 71.6749 52.5779 36.4989 34.7707 32.1274 54.5339 50.2779 33.8353 32.1832 31.5717 28.9095 52.1952 28.483 33.2868 40.7403 30.1798 28.2614 27.1281 27.956 26.4234 25.132 24.3051 73.0833 32.4474 26.9206 22.8324
threshold=0.046979362145066268 0 0.20047847181558612 -1.0000000180025095e-35 1 2 0.25309917330741888 3 -1.0000000180025095e-35 4 0.033000033348798759 5 0.036494005471467979 6 3.5000000000000004 7 8 9 56.500000000000007 10 11 0.36001497507095342 12 0.022611746564507488 13 1.0000000180025095e-35 14 0.016636061482131485 2.5000000000000004 15
decision_type=2 9 2 2 9 9 2 9 2 9 2 9 2 9 2 9 9 9 2 9 9 2 9 2 9 2 9 2 2 9
left_child=1 -1 3 7 -5 -4 24 -2 9 -3 11 -10 -12 -9 16 -16 -15 18 19 -18 -11 22 -17 -22 -6 28 27 -27 29 -25
right_child=2 8 5 4 6 -7 -8 13 10 20 12 -13 -14 14 15 21 17 -19 -20 -21 23 -23 -24 25 -26 26 -28 -29 -30 -31
leaf_value=-0.066285309757603716 -0.042510901935491632 0.0080067267135450742 -0.021921449855105725 -0.045106451912344997 0.024095821925046446 0.034954109447201169 0.047885480960261032 0.018909121825891353 0.074410572916430037 -0.0030614864817670854 0.30745769274061824 -0.062307326208233149 0.0066578316412145124 -0.015292280217260519 -0.036220582474409596 0.037230244774638231 -0.011885772231814922 0.00033899078285016333 0.12856805922255987 0.038931443471341365 0.0001895922417675419 0.076846496135116515 0.0088177069983959196 0.012084396375609483 -0.019416074745714822 0.46388439174483553 -0.056007684358447989 0.11786725555793838 -0.074215541750356148 -0.042110390699326178
leaf_weight=274.13134712260216 151.72847034968436 1039.8751419438049 206.67893425002694 570.24976549111307 169.2541292887181 689.99228006787598 137.72563813254237 1308.3721257969737 12.775186592712997 564.83133028075099 3.6578829735517493 346.37037680484354 128.86996289528906 1077.6610787585378 215.15564695000648 389.07857096940279 191.48189992457628 8600.7017970513552 36.570829756557941 284.06070547364652 211.53573520667851 66.627358429133892 2841.094394562766 95.296566897071898 512.91643738560379 3.0051385331898954 56.524693411774933 27.603188280947506 224.14529244694859 425.02935860026628
leaf_count=20682 2636 30004 1952 8858 3130 5216 812 6796 714 17883 184 21236 4829 13110 2516 3213 1732 84137 250 2346 9244 312 28064 3708 7455 178 2249 1072 12141 16384
internal_value=-0.000674426 -0.0185827 0.002829 0.00179104 -0.0182798 0.0219899 0.000917403 0.0036312 -0.0141612 -0.00984721 -0.0376818 -0.0571071 0.0149602 0.00412317 0.00269858 0.0105248 4.06369e-06 0.00182775 0.0263454 0.0190381 -0.0213106 0.013644 0.0123826 -0.0310691 -0.00855169 -0.039394 0.0105776 0.114448 -0.0452427 -0.0327618
internal_weight=20863 3413.65 17449.4 16552.7 1390.15 896.671 819.896 15162.5 3139.52 2647.85 491.673 359.146 132.528 15010.8 13702.4 3511.96 10190.5 9112.82 512.113 475.543 1607.97 3296.8 3230.17 1043.14 682.171 831.604 87.133 30.6083 744.471 520.326
internal_count=313043 140508 172535 165367 20255 7168 11397 145112 119826 92863 26963 21950 5013 142476 135680 34105 101575 88465 4328 4078 62859 31589 31277 44976 10585 35732 3499 1250 32233 20092
cat_boundaries=0 24 46 67 91 114 138 160 181 202 203 224 247 268 289 313 337
cat_threshold=0 196608 64 0 1024 0 1024 0 8192 402718978 0 0 134217728 549453824 0 0 0 0 0 0 0 577265668 101845121 384 9437184 2097152 2416182280 80 0 0 270336 16384 33554432 0 0 546308608 1918992 0 0 0 0 201850880 0 0 393216 256 544768 262144 268435456 0 0 0 0 0 4195328 0 0 301989888 307696 0 0 9503232 64 234881024 4194304 0 409728 0 536870912 1073750016 1 2281701376 528384 138444816 1049088 1082130432 0 0 0 0 2101264 0 524289 262144 536883200 0 1048576 1048576 16777216 0 524288 591396864 0 1677721730 273 3238002688 1074267136 16408 1536 0 0 270535168 2 1 0 0 16777217 0 0 0 0 0 0 32768 0 33554432 0 16 2147483648 0 4227072 0 0 67633684 2048 0 0 4096 0 2147483648 0 0 0 0 0 1074008064 285216776 2064 1073742848 0 277872648 0 0 0 0 0 16782336 0 8192 512 16 1081344 0 2048 0 168312832 553652608 131074 33947776 256 34078720 1048576 128 262272 0 269484032 128 0 0 0 0 8 2148534368 8320 0 1082195968 2105344 67109376 1064960 0 8456 4096 262144 20971520 528 0 2147500032 9699328 525312 37748736 0 33554432 335544320 1074266248 512 0 1048576 2147483664 262144 32832 262145 4 111151112 0 1073741872 0 0 0 96 0 0 0 0 0 0 0 0 0 1073815552 134217738 83886592 139788296 65536 159469568 136577024 8388608 8192 0 402653184 2147485696 151191554 32 2179072 33816704 32768 0 0 4096 1048576 0 0 268435456 3 0 0 268435472 2629632 0 268435456 2168455168 512 0 16384 1056768 17408 33554432 0 0 805306368 1073881224 512 0 0 0 0 64 262144 16793604 302514176 0 4194304 0 0 4096 32768 0 0 0 0 1107296256 2147655784 33408 0 9502720 2 33554944 64 262144 4096 65600 34078720 4096 0 0 128 256 0 2147483648 670744 0 0 0 2 0 0 0 256 0 0 0 4096 1488982088 22548 0 4194304 32 0 0 4194304 1 0 536870912 16777793 16 0 8388608 0 0 0 0 0 0 0 0 17858560 2416181798 5226
is_linear=0
shrinkage=0.1


Tree=27
num_leaves=31
num_cat=15
split_feature=3 10 14 3 3 2 7 3 3 3 17 14 3 12 3 3 9 3 3 20 14 5 14 18 3 17 3 21 20 19
split_gain=113.789 66.0873 44.461 37.7811 30.7389 27.1557 27.0339 28.7199 27.7712 24.7057 30.44 22.3091 83.4023 31.4242 73.3207 29.0486 27.9338 27.1057 25.5241 20.5896 26.5062 20.1982 19.786 19.7416 29.0953 25.7292 21.6773 21.7307 19.144 18.1115
threshold=0 0.046979362145066268 21.500000000000004 1 2 3 5.5000000000000009 4 5 6 -1.0000000180025095e-35 4.5000000000000009 7 1.5000000000000002 8 9 34.750000000000007 10 11 0.094622343778610243 15.500000000000002 12 1.0000000180025095e-35 -1.0000000180025095e-35 13 1.0000000180025095e-35 14 4227.5000000000009 0.28009891510009771 0.044940995052456863
decision_type=9 2 2 9 9 9 2 9 9 9 2 2 9 2 9 9 10 9 9 2 2 9 2 2 9 2 9 2 2 2
left_child=5 2 3 -2 -3 22 8 -8 -6 10 -5 13 -13 18 -15 -14 -17 -16 -10 -18 -21 -11 -1 26 25 -25 27 -20 -28 -23
right_child=1 4 -4 9 6 -7 7 -9 11 21 -12 12 15 14 17 16 19 -19 23 20 -22 29 -24 24 -26 -27 28 -29 -30 -31
leaf_value=0.18381427876677314 -0.053988708737395967 0.039503480213570336 -0.068779873073507275 -0.0077336641499153765 -0.028176392723930372 -0.075868233097885859 0.034890046202281116 -0.0013176794635674941 -0.027240933462306202 0.077524718654061409 0.041957376444245846 -0.042897099536196664 0.097381989065471394 -0.032359844280032177 0.0047952191655005203 -0.0043638717408971215 -0.0084475624173353473 0.051863117873653657 0.019212830809901375 0.037334597814391579 0.15322104054242569 -0.0073400686367528197 -0.078460722811041814 0.15469867376989468 -0.027161532352999021 0.010936442206468996 0.0008578573518972061 -0.010134638830012317 0.017970330110519874 -0.027502497180657177
leaf_weight=8.7519191699102503 175.62581498082727 217.96583174914122 135.62120898719877 299.05929180420935 297.28224829398096 229.4999338183552 503.60390022955835 389.55184100009501 280.43549660220742 15.464342896826565 209.73646269831806 473.02875068970025 27.522051174193621 183.94820881634951 183.71495746448636 500.95331008918583 45.292615815997124 442.30635182000697 1410.8826443329453 62.322456568479538 28.884535476565361 1679.3074532104656 4.2844966799020758 16.543099071830511 406.95184068381786 50.304000457748771 10963.218547210097 307.25618817657232 695.19863782823086 606.39980400633067
leaf_count=518 10214 1157 12114 8047 5320 19049 4120 3986 3460 91 5895 8307 222 2182 1411 4716 592 3558 8375 412 163 63587 258 230 5863 973 112159 2184 3496 20943
internal_value=-0.000194619 0.00062274 -0.012781 -0.0102372 0.00301547 -0.0669126 0.00253059 0.0194739 0.00160805 -0.00728464 0.0125043 0.0021749 -0.0113205 0.00320427 0.0223598 0.0116119 0.00646193 0.0383429 0.00210629 0.046666 0.0740349 -0.0116952 0.0552414 0.0027182 -0.0173401 0.0404614 0.0034307 0.0138838 0.00187667 -0.0126339
internal_weight=20850.9 20608.4 3121.21 2985.59 17487.2 242.536 17269.2 893.156 16376 2809.97 508.796 16078.8 1138 14940.8 809.97 664.975 637.453 626.021 14130.8 136.5 91.207 2301.17 13.0364 13850.4 473.799 66.8471 13376.6 1718.14 11658.4 2285.71
internal_count=313602 293777 120891 108777 172886 19825 171729 8106 163623 98563 13942 158303 14412 143891 7151 6105 5883 4969 136740 1167 575 84621 776 133280 7066 1203 126214 10559 115655 84530
cat_boundaries=0 24 48 69 81 103 125 141 162 183 204 225 246 247 269 290
cat_threshold=0 0 4416 0 1024 128 512 16777216 0 2148532232 16 0 134217728 549453824 0 0 0 0 0 0 0 40644612 33687553 2472 0 65536 2052 6 0 131072 524288 8388608 536870912 671652884 1 0 0 0 0 0 0 0 0 0 0 672235520 339739016 1026 0 0 1048576 0 0 0 0 0 4096 0 16384 0 4194304 1048577 0 0 32 16384 553652608 131074 42991888 16777216 2214594560 128 67108864 0 4202624 536870912 0 4194304 0 8392704 2 277889024 262144 2147746824 64 0 0 0 16384 0 0 1024 1883242496 755782 8192 0 0 0 2621440 0 0 16777216 256 1048576 0 1073750018 0 2281701504 135872576 138690730 1024 0 0 2099200 0 524288 0 0 16777217 0 134217728 0 4 65536 1280 33554432 33554432 1140859010 17 134217728 2282292224 155238456 1536 65536 0 270534656 0 1 2 0 1 8912896 268435456 272891904 576 0 0 33554432 16384 33554432 0 0 1619001344 230274 0 0 9437184 0 527360 0 0 4096 0 2359296 268436480 262160 0 0 8192 0 0 0 0 2387607552 1073977912 512 0 1048576 0 67108864 0 0 128 0 0 0 0 0 0 0 0 0 0 0 0 0 8192 0 65536 0 0 32768 0 268435456 8912896 32768 0 0 0 0 0 1048576 16778240 0 131072 805306880 3432576 8320 0 8454144 4098 33555456 0 0 147460 0 0 128 128 0 352322816 36880 1049216 0 0 0 0 0 4096 0 589824 131088 67113472 135561224 1 16801792 128 524288 0 0 0 0 0 0 0 4194304 0 0 1309671432 2147745920 0 0 1048576 0 2147483648 0 0 0 16777216 525312 0 8 64 0 8192 8192 0 33554432 0 0 536870976 270537232 34496 0 8396800 4098 51119104 4194304 536870912 262272
is_linear=0
shrinkage=0.1


Tree=28
num_leaves=31
num_cat=8
split_feature=10 3 14 3 3 6 13 6 16 3 14 17 16 3 20 3 20 17 3 9 13 18 21 20 18 18 3 12 16 16
split_gain=111.72 63.2193 34.7662 71.0528 55.51 44.9448 89.6575 93.0737 34.644 48.8194 33.8394 92.6981 50.3477 30.1774 30.1828 29.598 47.0833 27.3412 29.1176 27.2759 26.9887 26.9308 26.6731 82.8487 26.3146 43.2495 44.8787 35.0849 25.7869 24.5342
threshold=0.046979362145066268 0 4.5000000000000009 1 2 5.5000000000000009 -1.0000000180025095e-35 8.5000000000000018 11.500000000000002 3 1.0000000180025095e-35 1.0000000180025095e-35 1.5000000000000002 4 0.02058188617229462 5 0.0073642774950712928 6.5000000000000009 6 34.250000000000007 -1.0000000180025095e-35 0.46770833432674414 3845.5000000000005 0.01343591930344701 0.84693878889083873 -1.0000000180025095e-35 7 4.5000000000000009 5.5000000000000009 2.5000000000000004
decision_type=2 9 2 9 9 2 2 2 2 9 2 2 2 9 2 9 2 2 9 8 2 2 2 2 2 2 9 2 2 2
left_child=1 -1 4 5 29 -4 7 -7 10 -10 17 12 19 14 -13 16 -2 -6 -19 -12 -14 -5 -8 -24 25 -17 28 -28 -27 -3
right_child=15 2 3 21 8 6 22 -9 9 -11 11 13 20 -15 -16 24 -18 18 -20 -21 -22 -23 23 -25 -26 26 27 -29 -30 -31
leaf_value=-0.064995657012408142 0.18760884344211418 0.0038931269686254774 -0.04805433787790013 -0.069599347452223764 -0.025434590995235075 0.63672335497988142 -0.085557782817211547 0.00032122770421685247 0.038337723724557064 -0.078335607632443557 0.22317983965819185 0.3856449117925404 0.28444019427577477 -0.050119958531142941 0.046969463044164689 0.0048628804488080393 -0.056544507360328358 -0.034824317355570567 0.07241255426074153 0.011852879233077597 0.10834678017764386 0.17373019250862676 0.68959160335154379 0.041931217905091939 0.036795623751543077 -0.013285505482083342 -0.042611128154628912 -0.0061135827785352564 0.030834491784672638 0.053033425742190526
leaf_weight=241.92703701276332 8.3755911961197835 941.93694450426847 31.192602630704641 282.8093850268051 1119.9909404870123 5.7042829440906626 12.001368676312266 3.8485128507018089 41.64823098666966 174.14808615390211 7.0313484100624919 3.2779938122257617 16.961599124595523 111.06528393365443 13.341087632812558 15506.331634599715 138.64390690997243 37.056944102980196 52.16354289278388 46.488144936971366 17.876517968252301 4.6227492094039908 2.1471578720957067 24.649168213829398 237.11646551266313 238.01183176971972 531.90620204992592 521.73696939274669 298.75501322932541 113.88450568541884
leaf_count=19285 69 27186 1967 18061 43278 123 759 157 1638 12059 218 162 557 4607 519 146161 2807 1203 1846 1475 627 44 143 1305 1185 4091 9421 5648 3363 3222
internal_value=0.000133106 -0.0167254 -0.0126604 -0.041579 -0.00877226 0.0404472 0.105908 0.380337 -0.020208 -0.0576714 -0.0146775 0.0217767 0.10052 -0.0327137 0.0710305 0.00332118 -0.03992 -0.0211905 0.0320856 0.0396168 0.194081 -0.0634775 0.0383379 0.0938275 0.00370882 0.00325211 -0.0124527 -0.0243078 0.0110648 0.00910731
internal_weight=20786.7 3305.77 3063.85 366.975 2696.87 79.5431 48.3505 9.5528 1641.05 215.796 1425.25 216.042 88.3576 127.684 16.6191 17480.9 147.019 1209.21 89.2205 53.5195 34.8381 287.432 38.7977 26.7963 17333.9 17096.7 1590.41 1053.64 536.767 1055.82
internal_count=313186 140441 121156 22559 98597 4454 2487 280 68189 13697 54492 8165 2877 5288 681 172745 2876 46327 3049 1693 1184 18105 2207 1448 169869 168684 22523 15069 7454 30408
cat_boundaries=0 24 47 69 92 116 138 162 183
cat_threshold=0 65536 4160 0 1024 0 64 0 2147491840 203423744 2 0 134217728 549453824 0 0 0 256 0 0 0 2721644548 2308 49665 67108864 131072 67108864 0 0 0 0 262144 0 262672 268435456 2 1 4096 0 0 0 0 2 0 0 16781312 554173448 574619648 0 1610612864 273 3221225472 738722816 4227130 1536 2097152 0 4608 0 1 4096 0 16777216 0 0 0 0 0 16777216 84148224 8388608 512 0 0 262272 16778240 262144 0 1107824676 268470272 0 0 2 0 0 0 0 0 0 0 0 1040 69206016 33554432 0 0 0 0 16908288 33554432 0 268566536 2048 0 0 0 0 2147483648 0 0 0 0 0 67371008 2550403152 16 0 48 1077936130 1 2147483776 2315322400 4210826 128 0 0 2048 0 0 768 0 16777217 2097152 512 0 0 0 1024 69206016 33554432 67108864 0 0 2176 65536 262176 0 273023168 2048 2 0 0 0 2147483648 0 0 2 0 0 268599296 537134610 4096 302530560 268435456 0 262144 0 0 32768 1048576 4194304 0 0 1103101952 2147885086 41092 0 1074790400 0 2181038080 64 262144 1048576
is_linear=0
shrinkage=0.1


Tree=29
num_leaves=31
num_cat=14
split_feature=10 3 13 3 18 3 3 14 3 3 2 3 16 3 12 3 3 16 20 3 16 3 10 9 14 16 21 19 3 16
split_gain=94.0596 55.383 35.9343 59.442 41.9046 49.7113 35.155 32.7731 58.2378 33.5538 30.0727 28.952 28.038 67.3009 35.7771 26.6881 23.242 25.1425 22.989 22.2699 24.757 28.7305 28.6435 28.9985 22.198 22.0965 42.223 58.2819 22.0644 24.2202
threshold=0.046979362145066268 0 0.12129446864128114 1 -1.0000000180025095e-35 2 3 5.5000000000000009 4 5 6 7 18.500000000000004 8 3.5000000000000004 9 10 1.5000000000000002 0.0073642774950712928 11 5.5000000000000009 12 0.017570400610566143 34.750000000000007 87.500000000000014 3.5000000000000004 4418.5000000000009 0.026470924727618698 13 137.50000000000003
decision_type=2 9 2 9 2 9 9 2 9 9 9 9 2 9 2 9 9 2 2 9 2 9 2 10 2 2 2 2 9 2
left_child=1 10 4 -4 6 -6 18 9 25 -3 -1 -8 -13 -14 -15 -5 17 -11 -2 -18 22 -22 23 -21 -17 26 -9 -28 -7 -30
right_child=2 7 3 15 5 28 11 8 -10 16 -12 12 13 14 -16 24 19 -19 -20 20 21 -23 -24 -25 -26 -27 27 -29 29 -31
leaf_value=0.052033196497616702 0.15133923073295119 -0.041786983616397905 -0.023996992578861138 0.0088691417717955048 0.026240120543272447 -0.047877231013552846 0.033835865073629401 -0.052112331167186603 -0.064935104955607267 0.0021258501225555272 -0.074235403672888667 0.0032201523777341031 -0.076334479075106099 -0.015682825184274232 0.06774036354160308 0.04425382509594538 -0.00022012010629204263 0.054562803965492929 -0.042835714095931732 0.012100512971097502 0.017756428039868228 -0.074175135376790699 -0.022887667836063046 0.15938027978876185 -0.080604422957655131 0.10107663960886962 0.62624570701007976 -0.036853938718488737 -0.019696167859569763 0.080735574660275811
leaf_weight=16.780438822694123 6.2718646377325049 267.22670775651932 267.37139579094946 458.59212508611381 199.51864201389253 347.29825299419463 290.97299851477146 33.7226781854406 241.23318622168154 431.66392433643341 207.58350363466889 14163.202717451379 140.77737403661013 175.30406604707241 72.738696869462729 645.27078740857542 1028.8907547900453 116.01471845060587 219.00507560558617 105.37418728135526 45.326565060764551 139.45797192584723 564.47939052246511 15.311235434375702 14.560297809541224 32.458748091943562 2.3295864276587954 3.0752407256513834 483.52494606748223 25.267242146655917
leaf_count=1189 56 13010 3144 4149 2477 6188 1881 2177 16917 11757 18033 133627 1296 1904 607 4454 33263 2966 4257 6497 1599 9711 20411 909 137 1661 114 198 8274 304
internal_value=-0.000397844 -0.0160191 0.00250248 0.017955 0.00117438 -0.0180865 0.0025237 -0.0122896 -0.0429796 -0.00879718 -0.0629744 0.00312798 0.00249115 -0.0239993 0.00844078 0.0279488 -0.00500254 0.0129963 -0.0358389 -0.0102348 -0.021942 -0.0546781 -0.0134336 0.0307857 0.0408791 0.0351654 -0.0105248 0.248955 -0.028392 -0.0144251
internal_weight=20760.6 3250.93 17509.7 1385.79 16123.9 1055.61 15068.3 3026.56 312.819 2713.75 224.364 14843 14552 388.82 248.043 1118.42 2446.52 547.679 225.277 1898.84 869.949 184.785 685.165 120.685 659.831 71.5863 39.1275 5.40483 856.09 508.792
internal_count=313167 140412 172755 11884 160871 17243 143628 121190 21067 100123 19222 139315 137434 3807 2511 8740 87113 14723 4313 72390 39127 11310 27817 7406 4591 4150 2489 312 14766 8578
cat_boundaries=0 24 46 70 94 118 142 154 176 192 213 235 258 275 297
cat_threshold=2 0 64 0 1024 0 512 50331648 2684354560 680526848 0 0 134217728 549453824 0 0 0 0 0 0 0 6848516 16908416 34768 529408 262144 2432696320 0 0 0 8192 0 4198400 0 0 838861312 72048 1 0 65536 0 235406848 0 0 131200 256 34078720 1048576 4194304 0 0 4096 32768 0 4194304 0 1024 406847496 2147491880 8705 0 1114112 2 2560 17072192 0 1056784 0 0 2097152 0 32784 1077936130 262161 134217856 268447744 4227202 128 0 0 0 0 0 4112 0 1074266112 2228240 2147483648 8 0 65540 16777216 0 524288 67108864 131072 67108864 0 0 0 131072 262176 0 67371056 268435456 2 0 0 0 0 0 0 2 0 0 4096 537396228 4 67108864 65536 2052 2 0 131072 524288 8454144 0 70027528 1 0 8388608 0 0 0 0 0 2 0 0 135344128 302012417 2048 16777248 2214594592 128 67108864 32 4203648 536870912 0 2048 0 41947136 2 1073742848 32 0 0 0 0 0 0 4096 0 16384 2147484160 16 1081352 0 1048576 8192 33554432 17051776 131202 128 256 0 270794752 1024 64 0 0 262144 16384 1124073472 0 132096 868220928 2152037096 0 0 8388608 16384 0 4457472 0 0 0 262144 0 1024 0 0 1087373312 1892490 8192 0 8391168 66 0 4194304 0 16384 33554432 0 1073750146 273 2147483648 2819163136 4247592 1024 2097152 0 2103808 2 0 4098 0 16777216 0 0 0 0 0 16777216 543424512 0 256 0 1476395008 71567360 151060498 262656 16384 4096 0 0 1 0 1048576 2147483649 0 268435456 1 0 0 268435456 557074 150994944 8519680 67109376 8192 0 128 1024 0 65536 1073889312 268468224 0 0 0 134217728 4194304 4 1048576 2359296 2416182280 262208 0 0 8192 16384 0 0 0 50332160 737280 0 0 8388608 0 524288 0 0 262144 256
is_linear=0
shrinkage=0.1


Tree=30
num_leaves=31
num_cat=14
split_feature=3 3 14 3 18 3 20 3 1 3 14 20 6 20 14 13 21 3 13 3 3 18 3 3 3 11 3 8 11 21
split_gain=84.9027 44.6578 38.1372 111.875 46.1704 39.2781 28.2369 29.0113 27.365 25.1263 32.4409 29.9297 32.3081 25.9969 25.25 50.5228 24.5117 24.3838 23.1009 68.1018 37.4828 27.8176 75.1197 25.8921 22.4406 21.4798 21.2419 20.3543 18.6484 18.2513
threshold=0 1 8.5000000000000018 2 0.050423728302121169 3 0.0063167624175548562 4 5 6 102.50000000000001 0.037443149834871299 7.5000000000000009 0.13791266828775409 64.500000000000014 0.012220009695738556 4418.5000000000009 7 0.082235131412744536 8 9 -1.0000000180025095e-35 10 11 12 60.500000000000007 13 4.5000000000000009 228.50000000000003 4227.5000000000009
decision_type=9 9 2 9 2 9 2 9 9 9 2 2 2 2 2 2 2 9 2 9 9 2 9 9 9 2 9 2 2 2
left_child=-1 -2 5 9 -5 -3 -7 -8 17 14 11 12 -11 25 -4 -16 -17 -9 21 -20 -21 23 -23 -10 27 -13 29 -6 -22 -25
right_child=1 2 3 4 24 6 7 8 18 10 -12 13 -14 -15 15 16 -18 -19 19 20 28 22 -24 26 -26 -27 -28 -29 -30 -31
leaf_value=-0.056932975028445826 -0.055815702367946668 -0.032815208655821215 -0.0052417182594296664 -0.059612805636138647 -0.077499797585209682 0.17108763209935546 -0.031370858681346932 -0.004422445156245956 -0.029199950124112931 0.39651036375805987 -0.099546460018775693 -0.054840585262722008 0.11121205587962608 0.13170133914645044 -0.086887708290617538 0.40894052865656416 0.10604968234268558 0.032663651022763487 -0.032727051098360493 0.0011061970248443869 0.035923260682515494 0.053001602759764482 -0.032577936542528572 0.01617567453236551 -0.035844858574747201 0.069530384468717246 0.00048769748554160415 0.04334055669356969 0.10541087450611122 -0.010363837144110731
leaf_weight=255.92385362507775 132.6655457355082 321.52811447530985 168.76267708744854 461.64818483544514 16.134030628949404 9.8602135730907303 249.8623440861702 267.75689048878849 263.15123314782977 5.8593175476416972 10.319400765933095 22.277096412144601 12.305322187021373 34.714038368314505 7.0917999539524343 5.3392558628693205 5.3478626795113087 528.83267660811543 244.44473579525948 416.08981203846633 619.95408803969622 114.33728232048452 607.65749547630548 1581.5898769367486 106.39786409772933 36.868590220808983 13755.856027747504 102.45490607712418 41.187107057310641 309.89604026451707
leaf_count=21022 7731 11646 2552 19849 174 290 7800 1937 7217 149 513 394 166 224 769 180 67 3352 3011 4144 5865 2552 16057 14444 1134 527 174111 1229 476 3729
internal_value=-0.000792423 -6.23393e-05 0.000328795 -0.0187584 -0.0409143 0.00131188 0.00190534 0.00181854 0.00227632 0.0308198 0.0648176 0.0857444 0.20324 0.0630055 0.00635886 0.120052 0.257373 0.0202977 0.0014659 0.0141914 0.0249107 0.000455567 -0.0187424 0.00132674 -0.00436557 0.0226863 0.0018576 0.0248083 0.0396524 0.0117653
internal_weight=20716.1 20460.2 20327.5 995.52 686.635 19332 19010.5 19000.6 18750.8 308.885 122.344 112.024 18.1646 93.8597 186.542 17.7789 10.6871 796.59 17954.2 1321.68 1077.23 16632.5 721.995 15910.5 224.987 59.1457 15647.3 118.589 661.141 1891.49
internal_count=313311 292289 284558 27927 22386 256631 244985 244695 236895 5541 1973 1460 315 1145 3568 1016 247 5289 231606 13496 10485 218110 18609 199501 2537 921 192284 1403 6341 18173
cat_boundaries=0 24 48 71 95 119 120 143 164 186 210 233 257 271 293
cat_threshold=134217728 2 4160 0 1024 128 0 0 0 5242880 0 0 0 549453824 0 0 0 0 0 0 0 4727300 1343379520 3064 66 65536 0 139266 1 131072 524352 8388608 0 210010624 17 0 0 0 0 0 0 1073742080 0 0 0 707788800 33554817 8192 277877760 393216 67109896 262144 0 0 65536 262176 0 32 131072 1048576 2147508224 8192 0 65536 64 201327104 32770 0 268435456 0 524292 1048576 524288 2048 0 2415919104 0 164352 2097152 0 805896456 2 0 2048 2097152 268435456 0 32 134217728 32770 0 0 331776 134283264 1027 2097152 1048576 4194304 266240 0 1074036736 2080 50397184 2147516416 3223330821 0 0 142606336 0 0 536936448 12 0 0 0 0 0 48 49152 44173312 276828160 262144 8 0 0 0 65536 262144 0 0 0 0 2147483648 0 0 0 0 0 0 0 0 0 524292 0 56 0 0 134217856 32 0 0 0 0 0 64 1073741824 525312 0 512 8193 1024 671170880 1048577 167903240 34082816 33816576 2432697344 0 0 0 327680 0 6291456 0 32768 3523215360 283177 1048704 0 1048576 0 67371008 0 0 16384 256 536887296 0 67371008 0 0 0 8192 0 1024 0 268435456 550502920 1122450 40960 0 8388608 4162 302008832 0 0 4 0 0 2097152 524288 268435456 0 64 0 1052672 128 0 6291456 0 0 1509949448 2147749896 8322 0 1074790400 18 2560 0 0 0 1073741824 4194312 16777216 1073774592 640 16 0 352321600 4194448 1049216 0 0 64 0 0 0 134217728 524288 0 2097152 0 0 73728 1098907648 5014528 524288 4194304 268435456 262144 0 0 0 0 0 0 0 1536 1619001344 327942 6 4198404 33554432 268435466 512 1073741824 8192 0 0 16777216 0 16384 2961179136 268451856 1081472 0 8388608 2097152 34359808 0 0 0 256
is_linear=0
shrinkage=0.1


Tree=31
num_leaves=31
num_cat=16
split_feature=3 3 14 3 19 3 3 3 3 9 3 3 3 21 14 5 14 20 9 1 12 3 3 13 14 3 16 14 17 3
split_gain=78.2164 40.1957 37.6692 64.846 30.005 43.3182 39.6283 37.4537 21.9433 21.5368 81.6343 27.4864 25.8761 24.7062 21.6936 21.4436 20.2025 19.9341 19.6928 18.491 17.8896 42.5449 25.5008 27.1183 17.1635 108.515 41.5565 33.6753 185.081 52.1633
threshold=0 1 40.500000000000007 2 0.12586309760808947 3 4 5 6 47.95000076293946 7 8 9 3757.5000000000005 27.500000000000004 10 239.50000000000003 0.1026592254638672 68.049999237060561 11 -1.0000000180025095e-35 12 13 0.67179489135742199 3.5000000000000004 14 5.5000000000000009 1.0000000180025095e-35 1.0000000180025095e-35 15
decision_type=9 9 2 9 2 9 9 9 9 10 9 9 9 2 2 9 2 2 10 9 2 9 9 2 2 9 2 2 2 9
left_child=-1 -2 4 16 5 -3 -7 15 -9 11 13 -8 -12 -11 -14 17 -4 -6 -15 -13 21 -10 -22 -24 27 -26 -27 -21 29 -29
right_child=1 2 3 -5 7 6 9 8 20 10 12 19 14 18 -16 -17 -18 -19 -20 24 22 -23 23 -25 25 26 -28 28 -30 -31
leaf_value=-0.060493812877537134 -0.044733812558644434 0.03113293313621129 0.037815164799896134 -0.079878673109557777 0.11549953113699303 -0.044228767277544191 -0.028702824133599071 -0.025541935458477456 -0.017423714402419469 0.14709171335450208 -0.044239920492402961 -0.071649604707592171 0.0040073571445546985 0.039612855876017122 0.17669329208522722 -0.053041230486988493 -0.076003642795005211 0.028148126673585922 0.15242955166197097 -0.0038178998829614189 0.013180972433329547 0.022440188435471319 -0.0033793907075565449 0.074931290306379586 0.08084661633001039 -0.052626977360358367 -0.002829654087769003 -0.030563183361661181 -0.022332531816990957 0.058245335618135774
leaf_weight=207.73035628162324 191.02914221957326 363.34293990954757 99.991557088214904 142.38671641517431 27.239193096756935 223.91642797226086 415.20208989502862 243.89839969947934 336.22446285188198 40.006101803854108 117.02854402642697 28.836387891322374 456.82953817537054 103.39056324306875 7.3924628957174709 23.949317172169685 18.476300932932645 638.67731512710452 18.195442216470838 8175.1595286964439 1402.9336225353181 1218.6308032367378 3882.5340192075819 44.729620724916458 90.673202105797827 385.8705850164406 296.23597748251632 71.404853204265237 732.47701750416309 628.4397368459031
leaf_count=19128 10360 2818 1944 9452 188 4875 10975 1916 1850 578 2071 579 7771 1831 150 158 424 4294 256 137186 8768 7666 26579 221 1478 14447 6618 1022 16767 10483
internal_value=-0.000874613 -0.000238531 0.000203437 -0.0375516 0.000696629 -0.00241205 -0.00346921 0.0055291 0.00334895 -0.00264266 0.0138264 -0.00377533 -0.00419933 0.0743256 0.00661479 0.0276095 0.0185021 0.0312519 0.056496 -0.0027508 0.00440795 0.0138522 0.00166127 -0.00248115 -0.00249062 -0.0168306 -0.0305523 -0.00133977 0.0128044 0.0495798
internal_weight=20632.8 20425.1 20234.1 260.855 19973.2 12154.4 11791.1 7818.82 7128.95 11567.1 742.843 10824.3 581.251 161.592 464.222 689.866 118.468 665.917 121.586 10409.1 6885.05 1554.86 5330.2 3927.26 10380.3 772.78 682.107 9607.48 1432.32 699.845
internal_count=312853 293725 283365 11820 271545 219905 217087 51640 47000 212212 12657 199555 9992 2665 7921 4640 2368 4482 2087 188580 45084 9516 35568 26800 188001 22543 21065 165458 28272 11505
cat_boundaries=0 24 48 70 94 117 139 160 174 198 221 222 223 244 268 291 314
cat_threshold=0 4718592 64 0 1024 0 0 16777216 0 235094017 0 0 134217728 549453824 0 0 0 0 0 0 0 38338564 33556544 543522 134217730 65536 4206592 258 1 131200 540672 41943040 2147483648 2 1 0 0 1088 0 0 0 0 0 0 0 404758528 1075838977 32976 294649856 0 67109900 262144 0 0 33619968 262144 1024 0 132096 2 256 0 0 0 0 0 0 0 0 16384 0 0 0 64 0 12544 2048 128 0 0 9216 2147483648 2560 32904 0 8388608 134217762 0 17039632 131073 50659472 1024 0 2097152 1073741888 0 2056 8192 0 1107296256 1 2097152 1610612736 2156429312 258 4194304 3225436160 1 0 1114624 0 0 0 2 4096 536871424 384 1073741824 0 1310720 0 0 0 8192 0 0 0 0 138412032 2152071168 33280 0 1114624 0 279552 16793792 262146 1052672 256 0 0 0 0 0 1048576 0 0 16777216 0 33554432 3255828488 2560 132 0 8388608 32 201327104 0 1 17047680 343932928 2228224 263168 262160 2147483648 0 262144 0 35651584 262144 268440064 117440512 720896 8194 33554432 131072 256 262144 2147483648 65536 4456452 4194304 0 537133056 2136064 83902464 1 0 0 8192 8 2097160 0 1048576 134217728 2164260864 2147483648 5 538705920 269516802 2483027968 1 0 16384 0 0 33792 0 33554432 546308104 1314856 0 0 0 0 0 1 128 268443648 256 524292 8 1839377 4096 268435456 0 64 0 0 0 0 0 0 0 268435456 2121958 0 0 0 0 34078720 541065216 0 131072 269504512 1048576 0 192 0 0 0 1048576 4198400 0 0 0 1075863806 8193 0 0 2 34078720 4456704 65536 268435456 0 0 2097152 1064960 1048576 67108864 0 0 0 163840 0 4195328 256 268435456 805306880 2359300 8192 0 0 0 201326592 32770 0 268435456 0 537395212 2097152 2097152 128 0 0 8388608 1245184 16896 16777216 0 0 8388672 4420 512 0 0 12289 67633152 16387 262144 16384 67108864 17305600
is_linear=0
shrinkage=0.1


Tree=32
num_leaves=31
num_cat=20
split_feature=3 3 3 2 14 3 3 13 16 3 16 3 13 3 3 11 16 3 3 14 3 3 3 3 5 3 3 21 3 14
split_gain=72.5575 40.2018 26.8277 26.4248 26.1425 96.8872 47.8039 37.9028 30.6265 29.8396 27.7817 109.255 33.2162 32.7208 23.2055 22.4048 22.3303 113.58 69.5954 65.2532 56.1171 40.9243 35.1268 24.6764 28.9581 43.7033 23.4809 22.0494 29.0142 21.4853
threshold=0 1 2 3 5.5000000000000009 4 5 0.059719324111938484 1.5000000000000002 6 29.500000000000004 7 -1.0000000180025095e-35 8 9 258.50000000000006 1.5000000000000002 10 11 1.5000000000000002 12 13 14 15 16 17 18 4396.5000000000009 19 64.500000000000014
decision_type=9 9 9 9 2 9 9 2 2 9 2 9 2 9 9 2 2 9 9 2 9 9 9 9 9 9 9 2 9 2
left_child=3 -2 -3 -1 9 7 29 -6 -8 -4 13 15 -13 -11 -14 -12 19 -18 -19 21 -21 -15 -23 -24 25 -25 -20 -26 -29 -7
right_child=1 2 4 -5 5 6 8 -9 -10 10 11 12 14 16 -16 -17 17 18 26 20 -22 22 23 24 27 -27 -28 28 -30 -31
leaf_value=0.06275027106281951 -0.046758275017501093 -0.036796309305020591 -0.029568738531025391 -0.061862319082288536 -0.06884550865638947 0.122726664632355 -0.062680887223358225 -0.010082157692835795 0.0078472870712814145 0.022807462053784981 0.04833575957768884 -0.088584787675623347 -0.060512919805369283 -0.02779559311309009 -0.0054074502576655047 0.15318158229894538 -0.041133364796424605 0.058356652065673545 0.02327621059769661 0.037088103146901495 -0.055611881693532511 0.022214892497047181 0.010775490127096589 -0.06583884471816577 0.00085806402342035329 0.092033766698854283 0.002663269445475356 -0.02988180017110157 4.5977842388443381e-05 -0.083218497900826416
leaf_weight=12.60714190173894 167.07590570300817 175.13998064119369 277.69569959258661 230.58928072266281 313.20149132004008 53.715537616051733 67.588069578632712 168.98576289694756 691.54326729662716 833.26587162073702 73.246935730800033 110.75330009590834 111.73108306340873 432.63186998572201 227.37055030558258 28.239460751414299 365.82425657007843 354.73578841984272 934.03814085572958 76.066370438784361 328.3632788178511 888.25931474287063 2414.7715533562005 17.308144034817815 8551.9509843108244 64.966544643975794 1357.3340301336721 565.78928347397596 750.45453660516068 5.5931499879807225
leaf_count=905 10559 9130 7437 18094 17393 838 1817 3593 9461 7848 788 3174 1226 6910 4065 256 4891 5788 7924 1080 7470 8617 26651 307 106521 774 20956 7854 10391 543
internal_value=2.37158e-05 0.000683456 0.00109796 -0.0531793 0.00144688 -0.0122626 0.00883242 -0.0472711 0.00154754 0.00239789 0.00289249 -0.0192163 -0.0401451 0.00357372 -0.0255082 0.0705576 0.00262175 0.0104388 0.0176574 0.000952668 -0.0386346 0.00212248 0.00311772 0.00172902 -0.000474979 0.0552862 0.0111304 -0.000995378 -0.0130452 0.0883998
internal_weight=20650.8 20407.6 20240.6 243.196 20065.4 1300.63 818.44 482.187 759.131 18764.8 18487.1 551.341 449.855 17935.8 339.102 101.486 17102.5 3011.93 2646.11 14090.6 404.43 13686.1 13253.5 12365.2 9950.47 82.2747 2291.37 9868.19 1316.24 59.3087
internal_count=313261 294262 283703 18999 274573 33645 12659 20986 11278 240928 233491 9509 8465 223982 5291 1044 216134 39559 34668 176575 8550 168025 161115 152498 125847 1081 28880 124766 18245 1381
cat_boundaries=0 24 48 72 84 106 127 151 174 197 219 243 267 288 312 336 359 360 374 397 420
cat_threshold=0 0 4096 0 1024 2359296 512 16777216 2684362752 2348810244 0 0 0 549453824 0 0 0 0 0 0 131072 1109922308 2147680769 262 134217728 4259840 512 2 0 131072 138936320 8454144 65536 6325280 1 1 134217728 0 0 0 0 0 0 0 0 139468800 10748034 16528 64 0 1073743936 8192 268435456 128 33554432 2097152 268435456 545259536 2097154 2 0 0 0 8192 0 134217728 65536 0 256 2684698624 33554752 5121 16777248 2214594592 0 0 0 4203648 536870912 0 4194304 0 41947136 2 558104576 8388608 272891904 576 1073741824 0 0 0 35651584 0 4608 1644167168 364992 2 0 8388608 0 34078720 0 0 4096 256 68173824 0 67108864 0 0 0 0 0 0 262144 268435456 0 0 0 0 65536 0 0 32770 0 268435456 1052672 1048576 0 4096 0 32768 288 8 0 1075142978 0 0 0 16 0 589824 0 67108864 134250496 0 128 8388608 134238208 520 4194304 1073741826 4456448 0 1073741824 16777472 0 262272 2097152 0 0 16777224 14 8196 0 0 34 16779272 16777280 1048576 268697616 0 16 1073741824 32768 1048704 512 0 0 1048576 0 50335744 0 256 2155872256 1413484800 1048576 0 0 0 3257663488 4096 2 20480 16777216 67117056 8912896 0 2415920136 0 0 0 262144 1064960 0 0 256 2861563904 1074125489 0 0 1073741824 0 0 0 0 0 16777216 524288 2621440 1024 0 0 8397056 196608 0 32768 33689601 33570816 739246080 8192 128 0 0 2 2048 16777232 0 0 32768 17301508 64 4194304 285343744 0 0 3221225472 0 0 262656 4194304 0 268568064 0 131072 8194 0 1074790400 0 16384 0 0 262144 0 0 2097152 67911680 41943040 2415919104 0 0 0 262144 0 0 0 268566528 1347420160 2149580833 4 0 8388608 0 0 0 0 8388624 16384 1669464072 0 0 0 687865856 32784 1024 0 0 268435456 0 2149580800 0 0 5242880 32 16777216 1064968 1 268435472 131072 24 2097152 524288 2097152 0 64 0 41943040 128 524288 1073741824 33685505 33558528 603979776 542720 0 0 0 2097162 4096 0 537264132 0 33024 16777216 64 268502016 0 545530880 256 1073741824 2147491840 8388608 16448 2129920 16777216 0 4194368 66192 0 0 1 33554432 8192 553648256 0 0 0 1048580 387 67108864 0 0 128 0 0 0 0 16384 512 0 8 131072 8192 16777216 262152 268435464 128 0 671088640 32768 17408 1024 0 32768 50331656 2097670 4 0 536870912 2147745792 0 262147 1 268435456 0 8 12845056 268697600 335544328 16 2164260864 0 393216 1311264 4194304 2560 34816 152043520 32804 8194 0 0 0 0 0 0 0 0 268959744
is_linear=0
shrinkage=0.1


Tree=33
num_leaves=31
num_cat=13
split_feature=3 3 18 13 3 3 2 3 3 20 9 14 14 14 8 11 3 14 3 14 3 20 14 8 7 3 3 14 3 9
split_gain=65.153 35.07 30.3824 65.7514 77.6069 57.2301 29.1136 28.8977 26.1054 22.9209 19.64 19.3297 18.1264 17.8957 29.357 17.7373 17.1799 17.0902 16.8612 15.7726 15.7038 16.5069 34.0188 27.7115 58.4892 27.4014 24.1956 16.7373 83.5313 43.3778
threshold=0 1 -1.0000000180025095e-35 0.017657452262938026 2 3 4 5 6 0.07011475041508676 26.750000000000004 239.50000000000003 156.50000000000003 1.0000000180025095e-35 20.500000000000004 506.50000000000006 7 102.50000000000001 8 52.500000000000007 9 0.024255153723061088 8.5000000000000018 15.500000000000002 1.5000000000000002 10 11 3.5000000000000004 12 36.649999618530281
decision_type=9 9 2 2 9 9 9 9 9 2 10 2 2 2 2 2 9 2 9 2 9 2 2 2 2 9 9 2 9 8
left_child=6 -2 7 4 9 11 -1 13 15 10 -4 12 17 -3 -15 -9 -6 -5 -7 20 -10 22 26 24 -24 -23 -22 -27 29 -29
right_child=1 2 3 5 16 18 -8 8 19 -11 -12 -13 -14 14 -16 -17 -18 -19 -20 -21 21 25 23 -25 -26 27 -28 28 -30 -31
leaf_value=0.067829356691634868 -0.046134995525484709 0.016528500450185238 0.067982626078343641 0.042806461314784168 0.006997722051800959 -0.033066593136399917 -0.062290056590696599 -0.047865998404202151 -0.023933852709587245 0.0198131375531439 0.25667689406012645 -0.074087246456338463 0.14588535345365822 0.10482526067423137 -0.01529295973014416 0.21443783890897183 -0.051907348147769906 -0.056331359088134428 -0.0026037613078442124 -0.095892857278217114 -0.017756222924443538 -0.037167329395688002 0.59146233081555522 0.059046608053459862 0.01725801359877056 0.0024663744157084333 0.027622106315379036 -0.066393299039479312 -0.054600535110224183 0.082209612980558899
leaf_weight=12.521232299506662 150.87495549116284 514.77817691490054 17.704957890324298 308.20644345600158 59.041660853661597 223.92584674619138 213.23085848195478 138.00598960509524 224.16370881628245 90.697685707360506 8.0121939769014698 14.88429353199899 16.10560448281467 60.705651790834963 30.604394971393049 2.6270458912476888 602.10294260969386 18.428431973792613 842.1413157125935 16.544147262815386 161.74933411879465 170.64481236413121 3.5701839849352863 12.59100650064647 3.5259184148162603 15980.861676857807 381.91214991314337 24.954696275293827 222.89935040613636 92.289190233685076
leaf_count=961 8444 6426 461 4120 3139 2484 16983 5465 7055 1944 243 177 249 790 391 29 25437 251 11970 1463 7181 6789 108 281 132 177621 16744 158 4785 713
internal_value=-0.000233111 0.000371027 0.000740241 -0.0103506 -0.0337367 0.00242191 -0.052502 0.00209378 0.0013397 0.0400046 0.12677 0.0364556 0.0423198 0.0233797 0.0645652 -0.0401138 -0.0466211 0.0372132 -0.00925026 0.00169975 0.00179417 0.00214511 0.0189789 0.148114 0.306151 0.00157137 0.0143027 0.00199795 -0.019951 0.0466053
internal_weight=20620.3 20394.6 20243.7 2201.25 777.559 1423.69 225.752 18042.4 17436.3 116.415 25.7172 357.625 342.74 606.088 91.31 140.633 661.145 326.635 1066.07 17295.7 17279.2 17055 563.349 19.6871 7.0961 16491.6 543.661 16321 340.143 117.244
internal_count=312994 295050 286606 50475 31224 19251 17944 236131 228524 2648 704 4797 4620 7607 1181 5494 28576 4371 14454 223030 221567 214512 24446 521 240 190066 23925 183277 5656 871
cat_boundaries=0 24 48 72 94 106 128 152 176 199 223 247 271 294
cat_threshold=0 33554432 4096 4 1024 0 0 0 0 538513664 2 0 0 549453824 0 0 0 536871424 8192 65536 0 107479044 537006344 4480 0 65536 68 8194 0 16908288 540672 8388608 2147491840 201621504 17 0 1207959552 0 0 16777216 0 0 0 0 128 135290880 33816705 40960 8912896 0 4194304 16 2147483648 1052672 163968 0 4194304 512 2048 1249902600 2147487746 2097792 0 1074790400 16 0 0 0 0 1074003968 4194304 524288 272629760 270794752 0 262144 1073741824 0 0 1310720 33554432 32 268567552 20971520 2147491936 8196 0 0 0 2147485696 16810050 262144 268435456 16777216 16778272 2214594560 128 67108864 0 9344 536870912 0 2048 0 8388608 2 1218446336 1048578 285212800 1 0 536870912 0 1536 16781312 2048 0 2147483648 270532608 1 0 8454144 4096 16384 553652224 1179650 0 256 0 0 2560 0 0 201330688 33096 65536 0 8388644 0 0 0 0 0 0 4 2147483648 32768 0 0 1098973696 21037056 526352 0 268435456 0 0 0 0 65536 32 1024 0 0 4194306 32832 36866 0 0 2 1024 64 2 0 1280 2433221648 2068 75497472 0 268435456 576 0 0 0 17536 0 0 0 1744830472 1595393 4096 0 1114112 0 134759424 0 0 262144 256 524288 0 0 4194304 4096 134217728 32896 138417696 2097216 0 2466258952 64 16384 4096 16 0 0 1 0 0 0 8192 537137152 1088 1024 5308418 8912896 32 0 0 4980736 0 38010880 0 2098257 0 0 8388608 4096 0 0 16 0 0 0 0 0 402661940 68 51642368 4358144 1073741824 256 2147483648 0 393216 17039360 1342193664 1073742464 4096 0 0 0 0 0 0 0 0 0 0 268599296 8404992 555 67108864 2097152 67108872 0 0 0 262144 16384 1024 0 268566528 440401920 513 8196 0 0 0 201326592 0 0 8388608 0 524288
is_linear=0
shrinkage=0.1


Tree=34
num_leaves=31
num_cat=15
split_feature=3 3 14 3 20 9 3 3 3 17 3 14 3 16 3 3 3 14 3 3 13 14 3 21 20 11 19 3 6 9
split_gain=57.6806 28.5134 26.0349 40.7619 25.9315 24.769 85.4807 28.8524 25.0075 24.3058 83.8937 74.3263 90.3823 83.2027 68.2029 61.5754 59.337 52.4863 49.9294 45.6215 38.7619 29.6683 25.8659 31.702 25.0514 43.7147 28.4789 22.4818 21.681 20.8138
threshold=0 1 46.500000000000007 2 0.0073642774950712928 50.149999618530281 3 4 5 1.5000000000000002 6 1.0000000180025095e-35 7 7.5000000000000009 8 9 10 1.0000000180025095e-35 11 12 -1.0000000180025095e-35 4.5000000000000009 13 4111.5000000000009 0.025462764315307144 31.500000000000004 0.019859080202877525 14 11.500000000000002 41.45000076293946
decision_type=9 9 2 9 2 10 9 9 9 2 9 2 9 2 9 9 9 2 9 9 2 2 9 2 2 2 2 9 2 8
left_child=-1 4 5 -4 -2 7 -7 -3 -9 11 -11 13 28 14 -10 -14 -15 18 -12 29 -18 24 23 -16 25 26 -17 -22 -13 -19
right_child=1 2 3 -5 -6 6 -8 8 9 10 17 12 15 16 22 21 20 19 -20 -21 27 -23 -24 -25 -26 -27 -28 -29 -30 -31
leaf_value=-0.050301094584329423 0.11081954243149877 -0.02711863242826278 0.017870175704656124 -0.06928681256735203 -0.047043628191439382 0.056541867447901642 -0.0041563866591377225 0.024450775589438686 -0.031801368104170329 -0.037017424930122084 -0.019499325183066324 0.071491900672244854 -0.030088486643443626 0.047517089116380223 0.022686785294831504 0.048561379924166641 -0.082278965771456838 -0.019173850655816584 0.029811457381936468 -0.021913979449469871 0.032212909708076512 0.00048341611565899754 0.00023789763542077062 -0.014023986300384645 0.025242040350792985 -0.047043104257111723 0.23420642916454551 -0.03911619521913761 0.20824526005488408 0.072216995778779311
leaf_weight=221.13184126326814 11.007194497622548 378.28868631925434 89.514931742101908 120.97553611081094 190.38324988028035 333.78359871637076 716.11434217169881 413.32300395518541 620.75653307326138 751.92634057113901 270.44690180197358 226.35603257175535 298.36652650171891 63.505167175084352 1094.3324827668257 13.783170194365082 227.37890358129516 35.376448594033718 791.7569037261419 910.31168270390481 49.659251415170729 577.82000676263124 10515.270968489349 299.64385539293289 1029.2652240525931 14.519585767760871 20.63380719628185 201.0303118834272 12.218999006785451 84.30822734022513
leaf_count=18163 136 16035 1947 8836 7511 3800 10050 4085 13405 17920 2328 4397 3500 889 9142 495 7564 613 8733 14181 516 9765 126249 3978 11182 1119 772 3777 227 1478
internal_value=-0.000626653 -6.24548e-05 0.000320474 -0.0346644 -0.0365982 0.000689753 0.0156398 -0.00014071 0.000424693 -0.000136885 -0.00862446 0.00144445 0.0184808 -0.00141367 0.000244988 0.0110979 -0.039789 0.00174841 0.0173536 -0.0143277 -0.0513072 0.0186546 0.00194044 0.0146902 0.0285657 0.0984714 0.15986 -0.0252619 0.0753381 0.041718
internal_weight=20583.2 20362.1 20160.7 210.49 201.39 19950.2 1049.9 18900.3 18522 18108.7 2844.13 15264.5 2192.96 13071.6 12530 1954.39 541.574 2092.2 1062.2 1030 478.068 1656.02 11909.2 1393.98 1078.2 48.9366 34.417 250.69 238.575 119.685
internal_count=312793 294630 286983 10783 7647 276200 13850 262350 246315 242230 45253 196977 31457 165520 152774 26833 12746 27333 11061 16272 11857 23333 139369 13120 13568 2386 1267 4293 4624 2091
cat_boundaries=0 24 48 60 79 103 124 148 172 196 219 241 262 285 309 332
cat_threshold=134217728 0 4 2 1152 0 134218240 0 8192 3221259264 0 0 134217728 549453840 0 16777216 2147483648 0 1 0 131072 2689081348 192 1160 0 65536 20971520 8196 0 131456 524288 10485760 536870912 134217728 1 16448 0 1024 0 2147483648 0 33562632 0 0 0 134365184 1115701505 256 277872640 262144 67108872 0 0 0 65536 262144 0 0 132096 2 76038144 2228224 263168 262144 2147483648 0 327680 512 2098176 0 7680 146800640 598149 6 0 0 0 0 2 67108864 655360 2048 0 2147483648 2097152 4587525 4456448 0 545259520 6144 0 0 128 0 0 2097152 2684354560 0 0 134217728 337707008 69209088 1 1073741824 1048584 0 1 0 268460032 0 64 1073745920 0 33570816 33554432 4194320 524297 0 524288 0 1073758720 16798088 393216 1310720 567804928 10747904 335545344 16 1073741824 0 65536 1048704 0 0 268435968 939524608 262147 0 0 0 0 2048 66 0 0 0 0 4 554696704 276824064 2147483648 0 0 0 16777216 0 2097152 262144 268435456 285212672 262208 32768 0 65536 0 134217728 32770 0 268435456 0 16 4096 17842176 1619001344 0 0 268435456 4096 16810000 0 272629760 262144 268435456 0 2147483648 2105346 0 65536 0 134217728 1048576 0 16859408 0 65552 2048 268435460 4194304 1152 64 1090519040 0 33562624 16896 0 0 0 75497480 67121152 0 0 1082130432 134221859 525568 65536 0 0 1280 524288 16384 0 67108864 528 0 134217728 16777232 0 0 37765120 8192 134218240 2097158 2097158 0 1114112 32 134219008 4194304 537919488 0 1024 301993984 0 1048576 262272 0 0 0 0 0 0 0 3233808384 149892 36864 0 1048576 2 201588736 32784 1048576 8336 302006272 33554432 1048576 0 0 134221824 32896 0 0 512 0 72351752 2147528704 8192 0 1073741824 34 67110144 0 1 16777232 1024 524300 1024 4194304 1073742848 384 1073741824 41943040 0 1048576 0 0 272 603979776 268456193 0 0 1049088 33554433 2359296 0 2 0 50331904 0 2 4718592 1074003968 262144 128 1073741824 0 8192 16384 50331648 0 268567808 12582912 2147778560 0 0 0 4096 67110912 0 1 268435584 256 524304
is_linear=0
shrinkage=0.1


Tree=35
num_leaves=31
num_cat=17
split_feature=3 3 13 3 16 3 12 3 3 3 14 3 16 3 11 3 3 3 10 3 16 13 3 19 2 13 19 11 4 3
split_gain=56.6436 30.5043 22.8481 52.0977 49.0051 132.181 47.3736 51.7509 47.756 32.2917 32.5447 120.138 48.8112 26.8358 26.6159 45.668 25.9381 23.2357 24.2403 22.0737 21.0629 19.5873 19.1962 19.1911 18.7642 18.0987 43.3712 17.61 17.2849 16.9047
threshold=0 1 0.12129446864128114 2 17.500000000000004 3 4.5000000000000009 4 5 6 3.5000000000000004 7 1.5000000000000002 8 19.500000000000004 9 10 11 0.014033071696758272 12 7.5000000000000009 -1.0000000180025095e-35 13 0.089650012552738204 14 -1.0000000180025095e-35 0.043390229344367988 78.500000000000014 15 16
decision_type=9 9 2 9 2 9 2 9 9 9 2 9 2 9 2 9 9 9 2 9 2 2 9 2 9 2 2 2 9 9
left_child=24 -2 4 23 9 -6 7 21 -8 -3 13 12 -12 -11 17 -16 -5 -15 -19 -20 -17 -7 -13 -4 -1 26 -14 -22 -21 -30
right_child=1 2 3 16 5 6 8 -9 -10 10 11 22 25 14 15 20 -18 18 19 28 27 -23 -24 -25 -26 -27 -28 -29 29 -31
leaf_value=0.045291994262415938 -0.042830599829253226 -0.036563434135223748 0.085488512902400504 -0.042862661508140595 0.065418756146917431 -0.030945585444758991 0.033024456131164261 -0.068629659057508161 -0.037740770890195834 0.027178715105057656 -0.045299132547490351 0.025621736228803371 0.24066443777784097 -0.022181237898302501 -0.024973735710369274 0.11979729765151788 0.0063732865526998405 0.085014429529471608 -0.045764971769802987 0.0014725314689213139 0.030035888908597236 0.10170931327515374 -0.046495331966149467 0.032456555638830979 -0.058280567763613858 0.052262600428345275 0.054839571550501447 0.15695024290886822 0.076790129858292019 0.010519341897902943
leaf_weight=14.641597678884862 152.87001454457641 217.38161831395701 87.70622593536973 109.81816529575735 139.9999849870801 18.65392408426851 145.50474910624325 420.32962125912309 239.75933153554797 412.13976653572172 40.298108791001141 37.302357588429004 20.256970774382353 406.84314593672752 88.963845900259912 49.651864263229072 990.87799659511074 34.879879008978605 87.983997151255608 15355.101212707814 110.47303141700104 27.599454142153263 532.01053656870499 307.41016762144864 204.76486386684701 92.292737522162497 33.056279162876308 12.133776652626691 50.335472026839852 138.67538514081389
leaf_count=1407 9631 5313 1258 1555 1709 463 1692 13331 4211 4794 1221 1177 189 7199 990 646 10326 3068 4750 190490 1455 517 23528 1732 15600 2649 492 160 384 1444
internal_value=-0.000283095 0.00027366 0.000620769 0.0125139 -0.000329643 -0.0219604 -0.0366587 -0.058518 -0.0111369 0.000881117 0.00136629 -0.018939 0.0494421 0.00228278 0.001637 0.0333019 0.00111926 0.00112342 0.00174165 0.00155696 0.0612904 0.0396397 -0.0414094 0.0431366 -0.0496959 0.0790584 0.125446 0.042596 0.00185306 0.0311397
internal_weight=20579.7 20360.3 20207.4 1495.81 18711.6 991.847 851.847 466.583 385.264 17719.8 17502.4 755.217 185.904 16747.2 16335 261.223 1100.7 16073.8 15667 15632.1 172.259 46.2534 569.313 395.116 219.406 145.606 53.3132 122.607 15544.1 189.011
internal_count=313381 296374 286743 14871 271872 21923 20214 14311 5903 249949 244636 29256 4551 215380 210586 3251 11881 207335 200136 197068 2261 980 24705 2990 17007 3330 681 1615 192318 1828
cat_boundaries=0 24 48 70 93 117 141 164 187 211 232 255 278 302 326 338 339 352
cat_threshold=2 0 1073741824 0 536870912 0 64 0 0 1074331729 0 2147483648 67108864 549453888 0 0 131072 0 0 1048576 0 78155780 33685856 1026 65600 196610 68 8194 1024 131072 524288 8388608 0 1028 4097 512 8388608 2097152 0 0 0 0 0 536870912 0 138420736 3145857 400 25165824 279183360 8 80 1073741824 0 0 1049216 33554432 0 1536 84934656 2150760448 2 0 524288 262144 0 10 1 268435472 16777216 536870912 1048576 67108864 512 0 553652224 48 0 4096 32 268452352 0 6 8192 0 65536 4128 16779776 294976 0 269877264 0 16 33816576 0 0 0 0 203423872 1152 1310720 2151677952 2099200 0 402653192 163848 4096 0 2560 0 16648 256 1 0 0 0 4 277364736 2097152 4194304 0 0 0 0 0 1024 0 1024 554696704 1419616 4 0 0 0 234881024 16777216 0 4096 0 524288 2097152 0 1081344 128 4096 268435456 16777344 1073 640 0 4325664 0 0 0 4096 0 65536 134217760 2684356608 1081344 0 1048576 0 4196368 101711872 0 335544328 16 0 4096 294912 33832960 4195328 262144 131072 173015040 2149582848 0 0 0 0 201327104 0 0 25165840 0 524292 1073741824 0 17825794 0 0 16384 1056768 524352 1627455488 0 32768 2048 1346381824 1048576 0 1619001344 0 33841408 4096 0 0 0 67108864 4096 286785536 8388608 268436480 576 0 0 0 16384 37748736 0 268435456 202375168 3473998 8192 0 0 0 524288 0 0 268566528 537411584 0 83886080 0 0 0 262144 0 4194304 0 0 268435456 2368 1056768 0 1114112 0 469763072 16777216 0 131200 256 524296 34603008 268435456 4608 16 129 67109888 163840 2163712 2147483648 201588736 0 0 2147483648 32768 0 4194304 0 218103808 73 0 16 0 1024 134217728 537395200 2048 0 0 270565376 512 20971520 0 536907776 0 0 0 0 134217728 0 4 0 134217728 128 0 537214976 1082195968 19049 1073762304 262144 0 0 0 0 131072 1024 0 512 268435456 268435458 608 0 0 8388608 2 0 2 0 4 16908288 536876032 524292 16778272 2348812320 128 67108864 0 9344 0 0 4196352 0 8388608 2 10 0 262144 1024 64 0 0 0 0 0 0 0 541065216 65536
is_linear=0
shrinkage=0.1


Tree=36
num_leaves=31
num_cat=4
split_feature=1 21 2 16 12 16 7 13 18 16 9 9 21 12 11 9 16 6 13 2 13 17 4 6 9 8 10 18 8 11
split_gain=27.1611 29.3383 24.0833 30.3015 61.7436 25.8907 21.8763 26.0721 50.8809 23.473 20.7315 19.8994 19.4553 15.831 15.5707 15.1866 14.5909 13.5673 13.1985 12.1596 12.45 11.5461 11.3513 11.2672 13.6248 12.0708 16.7675 15.4496 15.9326 49.3435
threshold=0 1.0000000180025095e-35 1 29.500000000000004 3.5000000000000004 7.5000000000000009 4.5000000000000009 0.023575729690492157 -1.0000000180025095e-35 1.5000000000000002 61.750000000000007 43.250000000000007 3592.5000000000005 40.500000000000007 33.500000000000007 28.250000000000004 6.5000000000000009 8.5000000000000018 0.38106141984462744 2 0.11012608557939531 484.50000000000006 3 7.5000000000000009 31.750000000000004 6.5000000000000009 0.025852590799331669 -1.0000000180025095e-35 15.500000000000002 -1.0000000180025095e-35
decision_type=9 2 9 2 2 2 2 2 2 2 10 10 2 2 2 10 2 2 2 9 2 2 9 2 8 2 2 2 2 2
left_child=-1 -2 5 6 19 -3 7 8 11 21 13 15 16 -9 -13 17 -11 22 -12 -5 -21 -10 -4 24 -8 -25 27 28 29 -27
right_child=1 2 3 4 -6 -7 23 10 9 12 18 14 -14 -15 -16 -17 -18 -19 -20 20 -22 -23 -24 25 -26 26 -28 -29 -30 -31
leaf_value=-0.047866358128611258 0.10662082924124108 0.014362366612573649 0.00082801498282409475 0.035163109266649999 -0.0020406365698482027 0.094126179160080661 0.044909395971489179 0.0086471749261152527 -0.054658865889278097 0.088737601394694929 0.10557546345548248 0.010375371397574946 -0.020964467373565068 0.12661634352708193 0.11785882846482315 -0.011577209370464548 -0.035373872206287064 -0.0060262639818766638 -0.02221522151307051 -0.066283392306546673 0.032354293147274289 0.03892328025538884 0.033183845726262033 -0.0058636083914749976 0.0012086080801324546 0.66704632410042464 0.022562316662550735 -0.10562574851799181 0.078206836122064624 0.084310813848001223
leaf_weight=109.92872333759442 25.709137277677655 472.31532894168049 8461.9657852780074 11.773207215592263 728.80622708890587 44.530851054936647 76.355202612001449 1377.3810457852669 282.59805020876229 30.266792731359601 36.468307261355221 1123.3579336190596 321.6433200808242 11.470287017524241 13.641662296839057 1505.8091173185967 13.787314360961316 3664.1645449167117 10.383330801501868 266.92033400572836 13.440674173645673 13.829254539217798 99.863589822780341 146.86715139681473 1086.8701891875826 2.0799752091988921 572.51238617254421 3.0799518767744294 16.02512118825689 4.8210793831385734
leaf_count=8130 216 2755 117699 126 10030 251 974 16797 13813 632 383 15156 13951 101 166 21902 291 52668 74 12165 253 455 995 1940 13706 118 6169 224 969 276
internal_value=-0.000415816 -0.00013712 -0.000271643 -0.0008299 -0.0176104 0.0208317 7.72971e-05 -0.00106453 -0.00225639 -0.02938 0.0118285 -0.00104855 -0.0124283 0.00962146 0.011665 -0.00210123 0.0498953 -0.000934125 0.0772543 -0.0564532 -0.0594347 -0.050293 0.00124513 0.0102276 0.00407717 0.0198258 0.0261296 0.104662 0.132913 0.259947
internal_weight=20548.7 20438.7 20413 19896.2 1020.94 516.846 18875.2 16966.6 15530.9 662.125 1435.7 14868.8 365.697 1388.85 1137 13731.8 44.0541 12226 46.8516 292.134 280.361 296.427 8561.83 1908.61 1163.23 745.386 598.519 26.0061 22.9262 6.90105
internal_count=313385 305255 305039 302033 22574 3006 279459 255083 237728 29142 17355 208586 14874 16898 15322 193264 923 171362 457 12544 12418 14268 118694 24376 14680 9696 7756 1587 1363 394
cat_boundaries=0 1 10 18 19
cat_threshold=1865073 0 0 0 4194304 32 0 0 0 4096 0 256 0 0 0 0 0 512 9
is_linear=0
shrinkage=0.1


Tree=37
num_leaves=31
num_cat=15
split_feature=3 3 14 3 13 18 3 3 2 16 18 3 18 7 3 16 13 3 16 3 3 3 17 14 14 3 3 16 3 19
split_gain=54.0219 26.5611 24.8992 54.6088 51.1328 25.2229 21.5698 20.5303 19.3224 17.2369 24.4303 16.93 18.7389 16.5066 45.4745 15.9623 17.6243 52.4488 37.5177 65.3032 27.862 24.6957 22.3849 63.1568 60.2961 58.2078 56.8655 39.7384 68.8772 40.2347
threshold=0 1 8.5000000000000018 2 0.045643940567970283 0.2137710973620415 3 4 5 1.5000000000000002 -1.0000000180025095e-35 6 0.40370370447635656 5.5000000000000009 7 180.50000000000003 0.012220009695738556 8 28.500000000000004 9 10 11 4.5000000000000009 1.0000000180025095e-35 1.0000000180025095e-35 12 13 1.5000000000000002 14 0.039485098794102676
decision_type=9 9 2 9 2 2 9 9 9 2 2 9 2 2 9 2 2 9 2 9 9 9 2 2 2 9 9 2 9 2
left_child=8 -2 6 9 5 -5 -3 -8 -1 -4 -11 12 -6 15 -15 16 18 -18 21 -20 -19 -9 24 26 -23 -26 -24 -27 -29 -30
right_child=1 2 3 4 11 -7 7 13 -10 10 -12 -13 -14 14 -16 -17 17 20 19 -21 -22 22 23 -25 25 27 -28 28 29 -31
leaf_value=0.050058955168892021 -0.034711350866504606 -0.023299585963963768 -0.066137008709348188 -0.06640801819371904 0.01189764373229815 0.22556085208238527 0.024916296677613262 -0.027167452391757732 -0.06365543016573405 0.10014244126153125 0.017420916429073601 -0.020933249126390791 0.14937803943407887 0.048449901024648363 0.00032401516255791335 -0.075508771613612205 -0.035890310890278158 0.040726882146040706 0.069817183911508013 -0.07777411439108449 0.0091475273382633625 0.00051783862023131071 -0.034974277027908791 -0.031164147472404976 0.082762538811023578 -0.0039524113590688097 0.021305547525957643 -0.017576612858502975 0.15644313090164214 0.048794243505197843
leaf_weight=11.860463969875125 200.16144471243024 326.69672523578629 18.721661514602602 270.65641552675515 118.91235312633216 2.9915496073663226 381.12651882972568 302.65520444372669 162.97522496199235 44.460144999437034 181.23829247476533 274.88579355273396 10.816103493794797 269.88103072997183 668.70511642983183 27.176438877824694 199.80953477229923 380.35260395891964 31.726090636104345 125.30836483789608 1055.602586351335 12572.015277005732 228.73462247848511 755.43307678075507 138.88241872936487 526.43300228239968 719.79961729981005 172.21321943681687 38.953494125977159 319.47760705137625
leaf_count=841 7399 11092 767 16838 2306 42 4739 4786 16828 651 3875 3651 64 2807 7975 484 2490 3262 647 5637 11979 156870 2674 18513 2258 8027 8799 2105 1341 3243
internal_value=0.000168256 0.000656344 0.00102447 -0.0150221 -0.0293959 -0.0632162 0.00179449 0.00223907 -0.0536504 0.0250432 0.0337162 -0.00724918 0.0216882 0.00175953 0.0146818 0.00107119 0.00118966 0.0110745 0.000174741 -0.0484625 0.017736 0.00065892 0.00122002 -0.00959127 0.00255894 0.0240152 0.00758983 0.0153684 0.0348256 0.0588514
internal_weight=20538.7 20363.8 20163.7 922.682 678.262 273.648 19241 18914.3 174.836 244.42 225.698 404.614 129.728 18533.2 938.586 17594.6 17567.4 1635.76 15931.6 157.034 1435.96 15774.6 15471.9 1703.97 13768 1195.96 948.534 1057.08 530.644 358.431
internal_count=312990 295321 287922 28194 22901 16880 259728 248636 17669 5293 4526 6021 2370 243897 10782 233115 232631 17731 214900 6284 15241 208616 203830 29986 173844 16974 11473 14716 6689 4584
cat_boundaries=0 24 48 71 95 119 131 145 166 187 211 234 257 280 299 317
cat_threshold=0 4194304 2112 0 1024 67108896 4128 0 0 2147524618 0 0 0 549453824 0 16777216 2147483648 0 0 0 0 575414276 2117632 1096 0 589824 768 2 0 4325376 541696 27263104 8192 1073742944 17 0 1048576 0 0 0 1 67108864 0 0 1048576 0 8585217 33152 269501440 393216 71304192 262144 0 0 0 262176 1024 262672 131072 135266304 16416 8192 0 65536 64 134218240 32770 0 268435456 0 524288 9437184 0 4096 12288 0 1073807360 33089 0 0 671351041 0 0 0 128 0 1 0 134217728 26 0 0 136380928 50333824 16384 1073741824 1048576 128 273 2147483648 2147483904 1048576 1573376 1073741824 0 2048 512 67108864 32768 0 524288 32 2181046272 536875008 0 65680 1280 0 2621440 16777248 67110944 128 67108864 32 4203648 536870912 0 0 0 41947136 2 541065216 0 0 0 0 0 65536 0 35651584 0 1536 1073741824 393222 2 557842432 8650752 2151941120 64 1073741824 0 0 278528 2097152 0 512 1883242496 694400 0 0 0 0 524288 0 0 16777216 537400320 262144 336593920 262144 0 0 73728 0 0 0 301989888 2415919104 1074022912 1049089 0 1114112 2097152 1536 16842752 0 262144 570425344 8650752 335544328 0 0 3149824 144 0 0 2099216 0 134217728 6 8198 0 1114112 2 16796160 0 0 262144 268435456 4194304 4 289406976 1344307200 0 0 1073741824 0 0 279552 33554432 0 17920 0 2149580804 6 0 0 131074 524288 294976 1048576 402657280 0 16 0 1073774592 4194304 0 268435456 134217728 16 65536 0 526340 16384 0 0 4112 0 65536 33816576 2048 1081345 262149 268697856 8388608 272662528 101187584 8388608 268435456 0 0 0 262144 262144 6291456 0 268435456 301989888 2147876928 0 0 8388608 0 262144 0 0 16777216 131072 524304 336331776 262144 269485056 0 0 0 8192 263168 0 0 33554944 978321408 802984 0 0 1048576 2 262144 16777280 537153536 2097152 2147746816 576 0 0 0 16384 50331648 0 4096 609222720 2691329 0 0 0 4098 524288
is_linear=0
shrinkage=0.1


Tree=38
num_leaves=31
num_cat=14
split_feature=3 3 3 9 3 3 3 2 6 5 14 12 16 1 11 13 3 10 9 9 3 7 7 14 17 3 14 3 3 14
split_gain=48.3603 26.0483 20.3546 19.9909 53.7795 19.3016 16.6449 15.8649 13.9606 13.7927 13.7754 13.5377 14.0102 13.0186 13.1345 18.1285 16.3727 12.8694 12.451 18.009 16.246 14.1731 13.3122 12.358 12.3606 64.9412 37.6413 37.5519 29.0435 21.9058
threshold=0 1 2 50.149999618530281 3 4 5 6 9.5000000000000018 7 6.5000000000000009 3.5000000000000004 16.500000000000004 8 8.5000000000000018 0.065846025943756117 9 0.19137971848249438 53.149999618530281 52.149999618530281 10 2.5000000000000004 4.5000000000000009 239.50000000000003 10.500000000000002 11 1.0000000180025095e-35 12 13 1.0000000180025095e-35
decision_type=9 9 9 10 9 9 9 9 2 9 2 2 2 9 2 2 9 2 10 10 9 2 2 2 2 9 2 9 9 2
left_child=7 -2 10 5 -5 -4 -6 -1 18 13 11 12 -3 14 16 -16 -7 -13 19 -8 -20 -21 -22 24 29 -26 27 -27 -28 -15
right_child=1 2 3 4 6 9 8 -9 -10 -11 -12 17 -14 23 15 -17 -18 -19 20 21 22 -23 -24 -25 25 26 28 -29 -30 -31
leaf_value=0.042397744815410532 -0.037202402051105497 0.017759049355404115 -0.028250377118694943 0.042485607619839751 -0.032653307875657525 -0.013736529395850641 0.012646428126779586 -0.052769292615735035 -0.024991157610730706 -0.042248771410667144 -0.054700140566226664 0.14974005114825284 -0.057863870490798289 -0.0018976160525434539 0.10526778738967955 0.0022847410982986967 0.024336528938431978 0.035937337358884172 -0.013107974229248854 0.03194363027343991 0.049278617310641537 0.15759524543208164 -0.061678786217928605 -0.064786249614669222 0.043523340000242161 0.030122323370037948 0.0218217750558614 -0.014023242595895463 -0.037054778956850026 0.0079382967331553707
leaf_weight=14.438062265980987 178.82370625529438 684.79532484896481 252.12915909150615 378.00504936091602 147.94571134168655 185.70607022289187 67.818188321311027 216.44991333177313 125.4818096854724 70.381740508601069 26.616680682636797 14.263569540344177 25.407381271012127 12718.15544876596 35.607691979035735 32.875270953401923 262.91825691983104 32.759550720453262 208.67369208391756 16.566988493315876 93.335232028272003 19.594182532746345 12.22959054680541 30.509822361171246 203.68249564850703 263.13383114151657 91.369653712958097 644.36700943857431 724.35570774972439 2754.7084724530578
leaf_count=1386 8190 6129 12268 3714 2866 1378 896 18280 1986 909 396 172 457 164507 246 235 1629 198 2739 226 1606 168 188 2672 2859 3447 1460 7573 18093 46466
internal_value=-0.000762693 -0.000233701 0.000113131 -0.000530793 0.0127563 -0.00130901 -0.00404736 -0.0453052 0.00418573 -0.000915819 0.0158071 0.0184942 0.0150537 -0.000730293 0.0147541 0.0558307 0.00881263 0.0704572 0.01304 0.0430356 0.00311469 0.100029 0.0332725 -0.00119787 -0.00108706 -0.00863978 -0.0149711 -0.00104564 -0.0306467 -0.000146481
internal_weight=20533.1 20302.2 20123.4 19339.6 1069.65 18269.9 691.645 230.888 543.7 18017.8 783.843 757.226 710.203 17947.4 517.107 68.483 448.624 47.0231 418.218 103.979 314.239 36.1612 105.565 17430.3 17399.8 1926.91 1723.23 907.501 815.725 15472.9
internal_count=313339 293673 285483 278131 14389 263742 10675 19666 7809 251474 7352 6956 6586 250565 3488 481 3007 370 5823 1290 4533 394 1794 247077 244405 33432 30573 11020 19553 210973
cat_boundaries=0 24 48 71 91 115 139 151 152 153 174 194 217 235 258
cat_threshold=0 524288 4096 0 1025 262144 16843776 0 0 2214634500 0 0 0 549453824 0 0 0 0 134217728 0 134217728 2148040708 1073759497 41 0 1114112 4 2 536870912 128 540672 0 268443648 1090519296 1 0 1210058752 1 0 8192 0 0 0 0 0 37748736 68157952 33168 1073741828 1082130440 0 1 0 2147483648 1048576 1024 0 0 16384 2684354624 339738624 0 0 1082130432 48 2147753984 538185984 0 327696 0 536870912 75497472 2228224 1032 0 2147483648 0 262144 0 39846912 0 7168 406847488 598726 8194 0 0 0 0 2 2 64 131072 0 8192 2147483648 196608 0 10485760 16384 679477248 6656 2 0 1048576 268435456 16777216 0 0 0 0 0 268443648 46235648 2052 676593664 0 2214592512 64 0 0 8192 278528 0 0 33554432 34603016 33 0 0 2048 0 34078720 0 4 1056768 16777472 0 2097152 16777248 2348810272 128 67108864 0 1152 0 0 4196352 0 33558528 2 139 42074112 0 0 0 0 134217856 0 0 65536 0 0 0 0 0 0 0 512 131073 134218752 4227264 128 25296896 268435456 262144 262144 16 1073741824 0 0 0 0 0 268567040 0 163848 4096 0 0 0 0 0 262144 201326592 268468224 262272 64 0 134217728 131072 8 0 0 64 0 2147487760 8706 0 0 134217728 570950144 8 0 16384 1280 8192 583008256 0 2155872256 16 1090519040 0 0 32 2098176 0 268600320 58720264 1147465 4 0 0 262144 268435456 268960768 33554432 268435456 0 0 537923584 32896 1048576 0 131584 0 138412032 8320 36868 0 1048576 0 67111168 16384 0 268435456 17039360 790544
is_linear=0
shrinkage=0.1


Tree=39
num_leaves=31
num_cat=15
split_feature=3 3 2 3 18 16 3 3 3 12 3 3 14 16 3 20 17 3 18 3 14 14 13 13 6 3 3 13 6 3
split_gain=49.4036 22.5091 22.1934 17.5496 15.6038 35.906 50.5578 34.2854 21.4519 17.8098 38.4791 24.022 18.5003 17.4309 16.5898 19.3198 29.0329 23.6921 16.0769 18.5992 19.2349 14.656 14.5873 13.9484 17.9273 19.1089 13.5987 13.5348 13.2538 20.4341
threshold=0 1 2 3 -1.0000000180025095e-35 1.5000000000000002 4 5 6 3.5000000000000004 7 8 16.500000000000004 119.50000000000001 9 0.01147213624790311 103.50000000000001 10 0.506756752729416 11 31.500000000000004 1.0000000180025095e-35 0.19831324368715289 0.077121332287788405 8.5000000000000018 12 13 0.14246682822704318 4.5000000000000009 14
decision_type=9 9 9 9 2 2 9 9 9 2 9 9 2 2 9 2 2 9 2 9 2 2 2 2 2 9 9 2 2 9
left_child=2 -2 -1 21 8 6 -6 28 -5 10 12 -11 -9 14 23 16 26 -17 19 20 -13 -3 -20 24 -10 -26 -16 -25 29 -7
right_child=1 3 -4 4 5 7 -8 9 13 11 -12 18 -14 -15 15 17 -18 -19 22 -21 -22 -23 -24 27 25 -27 -28 -29 -30 -31
leaf_value=0.043479229776684399 -0.037101900313237318 0.012083428121589196 -0.069209218352361157 -0.038092270563684812 0.038094795721015623 -0.02744343097819121 -0.054471750166002531 0.043105519597347208 0.017096313329367164 0.031487199988722674 -0.036496281835464606 0.02056341783426692 -0.059792529820469335 -0.066697490414265856 -0.02122945686590701 -0.031443085366696509 0.48692496192511375 0.00087589210275473058 -0.018217150202618503 -0.041236249217300285 -0.053737812140496125 0.060099542025154842 0.037327037677583386 0.13452744376211043 0.022675238878240675 -0.024049689985921715 0.071324337048826764 0.031664122024891876 0.010197814389603918 0.063445784598540597
leaf_weight=16.315567272715271 150.10670854011551 339.08621223922819 135.76852159388363 128.7138520241715 68.487997994758189 28.771383120678365 285.9648743905127 107.38113044062629 933.34381308313459 175.30674607120454 451.49055338511243 141.84529094025493 20.868617019616067 37.517485262360424 22.575996553525329 220.13085498847067 1.5258961841464032 15788.029022566509 82.248051844537258 205.75845183385536 46.186257980298251 78.235100171528757 111.21987457200885 16.307755844667554 122.86704570706934 252.34047478111461 38.492449924815446 59.330509385094047 273.22157550277188 114.72315387474373
leaf_count=1530 9060 4252 15455 4720 2313 879 12691 3071 11921 2474 12408 2219 1284 732 2172 8505 95 195274 373 3387 1918 1046 513 167 1124 3904 2022 543 4972 1448
internal_value=-0.000193588 0.000245404 -0.0551834 0.000541858 0.00010766 -0.0080116 -0.0370479 -0.00216062 0.00108154 -0.00993561 -0.0232203 3.38072e-05 0.0244552 0.00139077 0.00153792 0.000628793 0.0560772 0.000412374 -0.00972613 -0.0214891 0.00219599 0.0205916 0.0137138 0.0120018 0.00967507 -0.00878558 0.0453118 0.0538417 0.0225804 0.047731
internal_weight=20454.2 20302.1 152.084 20152 19734.6 2113.47 354.453 1759.02 17621.2 1342.3 579.74 762.565 128.25 17492.5 17454.9 16070.8 62.5943 16008.2 587.258 393.79 188.032 417.321 193.468 1384.19 1308.55 375.208 61.0684 75.6383 416.716 143.495
internal_count=312472 295487 16985 286427 281129 49950 15004 34946 231179 27647 16763 10884 4355 226459 225727 208068 4289 203779 8410 7524 4137 5298 886 17659 16949 5028 4194 710 7299 2327
cat_boundaries=0 24 48 60 81 104 127 151 175 194 218 242 265 289 312 328
cat_threshold=0 0 2084 0 536870912 8388608 134217984 16777216 536879104 134750208 0 0 134217728 549453824 0 0 0 0 0 0 0 1109917700 33555264 49696 2097152 4259840 0 2 0 131072 524312 8388608 0 65856 17 0 0 0 0 0 1 268435456 0 4 8 138420224 268443785 396 16778240 2348812288 0 67108864 0 4195456 671088640 0 4196352 0 8392704 2 1140850688 1048576 546308096 0 268435456 4096 0 64 0 33554432 0 2147483648 4194320 1048576 0 1073807360 4160 2147756032 16789632 131 1048592 540672 33554432 268435456 80 0 536870912 65536 0 2097152 0 268439552 1615855624 33160 6 0 0 0 0 0 0 0 17039360 263168 268435456 268435456 4194304 0 1073741824 1048576 32768 1327104 4194304 16 268438528 322961408 172098 32768 0 1048576 0 0 294976 0 268435456 16777216 4194320 4096 0 512 8192 134217728 218202112 168064 65536 0 75501572 0 0 0 512 0 2147483648 0 536870912 134479872 0 0 8454144 4325376 526336 46661632 35782656 2147483648 0 2147483648 134217728 17891328 1024 0 0 0 1283457034 2147811328 4608 0 0 0 33554432 1 0 0 0 200704 524288 16793600 262144 263168 0 0 0 0 0 35651584 0 512 135266304 20492 8192 0 0 0 0 2 138413056 0 128 192 0 524288 0 280192 16777216 0 0 512 1140850817 4096 0 0 262144 1292386304 536887296 1310720 0 1024 0 4096 524288 131072 4194368 4097 1024 1073743872 547 2097152 0 289408008 0 0 0 0 0 1048576 0 0 32768 0 0 538181632 553649172 17 537399296 8388608 67108864 262720 0 0 0 0 0 32 0 536870920 329888 516 0 8388608 2 33554944 536870912 262144 4096 131072 537395200 134218752 0 0 0 0 524288 0 16384 16777216 0 0 0 1140850688 0 0 0 0 1073741824 16384 1048576 0 0 0 4096 64 0 0 0 1024 0 0 0 0 1310736 0 0 0 2 0 0 0 0 0 0 0 2147651584 1082214402 0 0 0 0 0 0 0 278528 4194304 0 0 50331648 8192 0 0 1048576
is_linear=0
shrinkage=0.1


Tree=40
num_leaves=31
num_cat=10
split_feature=3 3 3 8 3 18 14 3 13 16 3 19 3 19 13 16 14 11 12 16 8 3 3 20 13 10 3 20 9 12
split_gain=44.4569 24.1235 18.8923 16.2149 15.5628 14.3087 18.4174 46.5103 34.6736 33.4061 22.6342 20.5571 20.3407 18.3536 17.3316 16.7116 16.7097 34.1962 21.9538 16.602 16.3745 21.3182 17.7422 19.5222 26.6514 37.9849 16.3732 16.0377 15.9919 15.9646
threshold=0 1 2 30.500000000000004 3 0.84693878889083873 5.5000000000000009 4 0.10532344505190851 1.5000000000000002 5 0.027370605617761615 6 0.0079912832006812113 -1.0000000180025095e-35 113.50000000000001 49.500000000000007 182.50000000000003 1.5000000000000002 23.500000000000004 24.500000000000004 7 8 0.067942123860120787 0.071565758436918273 0.075304355472326293 9 0.083068117499351515 51.049999237060554 35.500000000000007
decision_type=9 9 9 2 9 2 2 9 2 2 9 2 9 2 2 2 2 2 2 2 2 9 9 2 2 2 9 2 10 2
left_child=-1 -2 3 -3 -4 6 10 8 -8 12 -6 13 -9 -11 -15 -12 -16 18 -18 -10 22 -22 23 24 25 -13 -7 -25 -29 -21
right_child=1 2 4 -5 5 26 7 9 19 11 15 20 -14 14 16 -17 17 -19 -20 29 21 -23 -24 27 -26 -27 -28 28 -30 -31
leaf_value=-0.052196449548380111 -0.033401318457466807 0.020058195547611946 -0.029631602656308473 0.17890565298546834 -0.021450074877661082 0.050036399015292846 -0.064436951891839664 0.056374859266848855 -0.038692866107010102 -0.10331932452045317 0.0013573566082029616 0.090236410356332841 -0.075505833303021186 0.16754686636468286 -0.0024736932828100335 -0.051137159438701833 0.13503523974000456 -0.058829247688791067 0.51283748559453801 0.11900786331285394 0.032485111319986319 -0.047024699961567676 -0.0084449221042345989 -0.054175553960997783 0.019463777402868237 0.43870866367930894 -0.0013290864439898362 0.019561876138233934 0.11475951767365022 0.004723690270829614
leaf_weight=154.89360546320677 204.73849763395265 368.34986454481259 167.25304119056091 6.5403124447911969 443.45814651530236 112.35818768292665 242.16044649854302 9.0026195948012155 47.514928449876606 5.8488399572670451 17634.792864691 9.5850005829706806 66.871278716251254 16.667181895114481 24.262750485446304 60.853429177310318 3.5414141779765469 4.65224948246032 2.7189819943159819 18.076992315240204 40.705456248484552 110.61727659078315 257.45726922480389 26.707900976762176 17.410394050180912 4.6434337683022013 133.87943669268861 202.96375671587884 19.326328884810209 37.746799082495272
leaf_count=10050 14799 5752 7285 107 10002 511 16833 186 727 354 228908 268 2436 148 1060 1168 215 426 51 288 621 1780 4946 462 340 45 760 1697 142 607
internal_value=-0.000482213 -6.18929e-05 0.000294214 0.0222363 -0.000133955 0.00013337 -0.000172052 -0.0123408 -0.0425119 0.000831861 0.000611834 0.00726252 -0.0623793 0.0646048 0.0835498 0.00117617 0.0437495 0.14652 0.29912 0.00475252 0.00246403 -0.0265976 0.0106367 0.0274646 0.102434 0.20396 0.024087 0.0190416 0.0278385 0.0417315
internal_weight=20455.6 20300.7 20096 374.89 19721.1 19553.8 19307.6 1168.48 345.499 822.982 18139.1 747.108 75.8739 57.6914 51.8426 17695.6 35.1754 10.9126 6.2604 103.339 689.417 151.323 538.094 280.637 31.6388 14.2284 246.238 248.998 222.29 55.8238
internal_count=312974 302924 288125 5859 282266 274981 273710 33632 18455 15177 240078 12555 2622 2254 1900 230076 1752 692 266 1622 10301 2401 7900 2954 653 313 1271 2301 1839 895
cat_boundaries=0 24 48 72 96 118 142 161 179 197 219
cat_threshold=4 0 66 0 16777216 0 512 0 16384 2161115136 2 0 0 541066496 0 4194304 0 33554432 0 0 0 539074564 142884864 1568 262144 65568 512 8194 671088640 131072 524288 0 0 1073816140 1 0 67108864 8388608 0 16777216 0 2048 0 0 16777216 13238272 131072 2440 1107297280 33554432 1048576 129 0 537395200 98304 0 4096 0 32768 0 4194304 0 0 0 8208 2147745800 553660672 537329666 134217856 0 0 2097152 65536 524304 8192 4096 0 2048 1088 44040192 0 671088640 2064 8 0 0 0 0 2147483654 0 65536 0 0 134219264 35654273 40960 700973056 268697600 268698624 64 1073741824 0 0 0 35651584 0 512 1119879168 449 2 0 8388608 0 524288 0 0 4096 256 1048578 0 1073747968 4 0 1073774592 135528706 1048576 1082130432 67408256 0 0 0 0 134217728 65536 0 134217728 32770 0 268435456 0 541065248 1 0 0 0 0 0 0 262144 16384 0 0 268439552 536870912 8192 4 0 0 0 0 2 268435456 0 0 262144 0 0 0 16384 1024 0 0 134217728 196616 8196 0 0 0 67108864 16384 0 8 0 0 0 0 1048576 4194304 0 268566528 286261248 2149892134 8192 0 65536 0 201327104 0 0 1032 0 0 0 0 0 0 0 132096 4194304 2 0 0 0 0 524288 0 0 268435456 16777216
is_linear=0
shrinkage=0.1


Tree=41
num_leaves=31
num_cat=17
split_feature=3 3 9 3 1 6 3 3 3 3 3 3 20 3 5 3 20 3 20 17 3 1 6 8 12 20 14 3 14 8
split_gain=37.986 19.4341 18.5204 18.2176 17.0079 15.9572 68.124 56.5621 51.8893 36.5782 31.2571 18.3429 13.7598 15.8398 18.6697 24.4604 17.0373 30.9246 17.2225 17.4115 16.1401 14.9538 13.2962 12.8402 31.207 19.2208 14.7564 12.6567 12.5903 12.1298
threshold=0 1 61.750000000000007 2 3 4.5000000000000009 4 5 6 7 8 9 0.0073642774950712928 10 11 12 0.024255153723061088 13 0.021672830916941169 162.50000000000003 14 15 2.5000000000000004 15.500000000000002 -1.0000000180025095e-35 0.021672830916941169 1.0000000180025095e-35 16 5.5000000000000009 18.500000000000004
decision_type=9 9 10 9 9 2 9 9 9 9 9 9 2 9 9 9 2 9 2 2 9 9 2 2 2 2 2 9 2 2
left_child=-1 2 -2 -3 -5 6 -6 -7 -8 22 -9 -12 29 28 15 -15 17 23 19 -19 -18 -22 -10 24 25 -16 -26 -11 -14 -13
right_child=1 3 -4 4 5 7 8 10 9 27 11 12 13 14 16 -17 20 18 -20 -21 21 -23 -24 -25 26 -27 -28 -29 -30 -31
leaf_value=-0.04533072813362523 0.016296732767670366 -0.02381855886043531 0.14648010538006287 -0.052340633995184752 0.024834236865762055 -0.025365445096371647 -0.037025189977632066 0.026591167196258321 -0.027788983641214456 -0.032044885680720489 -0.015427887300316532 0.16119271737001639 -0.009671831644158857 0.11614753912510045 0.097788097047556935 -0.0044872668646522571 -0.017150145077308183 0.0058195660349969307 -0.074406050402313365 0.24422033838032206 0.025081539263427183 0.00068504389677695302 -0.0039695899551496381 0.033671137081620776 0.016320629763162963 0.3423547076616586 0.1424704326648806 0.007015019109191771 -0.063823735659655823 -0.056880851940129096
leaf_weight=172.76610167790204 557.82475166860968 307.72508754953742 11.14633695501834 51.134296573698521 1305.9590116934851 917.49806951638311 353.9189512161538 424.97714122477919 464.7658430384472 75.249728633556515 779.46286432351917 9.5629621879197639 879.44869436696172 24.856307592242956 5.4911144860088807 39.717307203449309 485.37920507742092 92.175593371968716 28.877862309105694 3.1688434844836584 248.84642585087568 8620.9532132288441 472.70259936992079 41.495455511845648 24.764953289180994 7.7474140143021941 14.822825184091924 3974.1268924116157 45.138297363650054 3.4783663065172723
leaf_count=11667 8146 11881 136 4781 18839 22833 8375 10729 6585 2423 13731 373 14538 210 257 665 16180 5836 1371 166 1756 88992 6685 1989 1070 112 437 50086 1964 183
internal_value=5.47092e-05 0.000463626 0.0185215 -6.69582e-05 0.000321955 0.000488132 0.0044581 -0.00158957 -0.000569837 0.00208634 0.00028347 -0.00072363 0.000373648 0.00024726 0.00145088 0.0512967 0.00106151 0.0286631 -0.00624613 0.013743 0.000417846 0.00139697 -0.0156119 0.0680828 0.108002 0.240913 0.0635548 0.00621202 -0.0121838 0.103028
internal_weight=20445.2 20272.4 568.971 19703.4 19395.7 19344.6 6646.72 12697.9 5340.76 4986.85 11780.4 11355.4 10575.9 10562.9 9638.3 64.5736 9573.72 218.544 124.222 95.3444 9355.18 8869.8 937.468 94.3218 52.8263 13.2385 39.5878 4049.38 924.587 13.0413
internal_count=312996 301329 8282 293047 281166 276385 92993 183392 74154 65779 160559 149830 136099 135543 119041 875 118166 11238 7373 6002 106928 90748 13270 3865 1876 369 1507 52509 16502 556
cat_boundaries=0 23 45 69 70 92 116 140 164 188 212 236 237 253 277 301 302 326
cat_threshold=2 4259840 536870912 512 268435456 134217856 32 32 2147483648 202440722 2 0 0 541065216 0 0 0 0 0 1 0 1077412356 183296 1082134528 2 1048578 17 0 268443648 17039488 0 0 0 53248 64 268439552 0 0 0 2 33816576 1318913 393218 134217744 256 136380480 0 4 8194 134217728 131136 524296 25165824 0 524288 8193 0 134250496 0 0 0 8192 1288 0 0 16384 4202496 66048 33152 1398065 4194304 268697600 268435456 128 0 0 131072 1024 12587008 4096 2048 1547698688 1056771 1026 0 0 134221824 2097152 4096 536870912 0 16809984 4194304 262152 0 262272 0 0 131072 4195328 4263936 1358959872 2048 268435968 1048577 1026 0 0 4096 0 16384 0 0 134251536 0 8 50593792 1073741824 25165824 0 1024 0 10240 33816576 35651584 262144 0 33554432 2154299392 512 0 2560 17 201326592 0 0 16777344 262144 1048576 4 0 1081344 262144 0 1090519040 16384 135303170 0 0 4194433 131072 8388608 67108992 0 0 1074266112 131072 16384 8 65536 12 0 269221890 4608 16777220 16809984 25165824 0 0 2147500032 1091584 262144 32768 512 0 0 2214592512 8389120 0 526848 131073 201342976 0 0 132 262144 0 4 268435456 0 0 4 0 1140851712 65536 65544 0 32 268435456 0 8390658 1 0 2164260864 2097216 512 138416128 536870912 0 2466250752 2222981124 1 0 0 1346371584 4352 1073742848 32 8388672 128 536870912 2097160 33554688 1078984704 1073741840 1048576 0 8388608 0 0 536870912 4 0 537001984 16777488 1026 418 536870912 0 0 0 0 0 0 0 0 0 0 536870912 2097156 0 0 65536 537133056 8388608 0 0 0 536870912 4195328 33554432 24576 4587649 0 0 524288 4096 0 0 16 0 2 0 0 4096 537669642 512 536870912 0 256 0 0 4194304 4194304 33554432 8192 570818561 512 2147483648 0 4104 0 1114112 33554432 4096 2 0 4096 4096 543957024 28672 14682112 1049604 0 4160 0 0 2147483648 37749776 1049088 8192 2717917184 0 16386 0 4096 0 5242880 32 0 0 0 0 4096 704643073 64
is_linear=0
shrinkage=0.1


Tree=42
num_leaves=31
num_cat=14
split_feature=3 7 3 3 3 19 19 9 3 21 14 21 14 3 16 3 21 3 3 19 19 16 3 3 16 3 3 3 10 21
split_gain=39.0878 18.4834 65.7661 38.3043 24.8967 24.285 33.8944 20.6787 20.3933 18.8451 17.9707 16.8417 15.4196 69.8445 41.6307 30.1303 22.8489 22.6956 19.8683 18.4272 57.4915 17.9607 80.1372 29.0118 25.9114 107.416 59.028 27.4084 27.9289 28.5983
threshold=0 4.5000000000000009 1 2 3 0.076872032135725035 0.072743926197290434 26.750000000000004 4 4039.5000000000005 -1.0000000180025095e-35 3635.5000000000005 3.5000000000000004 5 1.5000000000000002 6 3738.5000000000005 7 8 0.022611746564507488 0.019859080202877525 17.500000000000004 9 10 1.5000000000000002 11 12 13 0.017155393958091739 4170.5000000000009
decision_type=9 2 9 9 9 2 2 8 9 2 2 2 2 9 2 9 2 9 9 2 2 2 9 9 2 9 9 9 2 2
left_child=-1 4 5 9 -2 6 7 -3 -6 -4 -7 -9 18 16 17 -16 -14 19 -10 20 -15 24 -23 -24 27 -26 -27 -20 29 -29
right_child=1 2 3 -5 8 10 -8 11 12 -11 -12 -13 13 14 15 -17 -18 -19 21 -21 -22 22 23 -25 25 26 -28 28 -30 -31
leaf_value=-0.056635652458717295 0.021730267827651514 0.29064169453495831 -0.06881551725500791 0.0060240310233819249 -0.024708885831920921 0.080816544619876085 0.34507533117377098 0.16214957045662862 -0.020510421657824119 0.00069243011612088793 0.011078789497366523 0.052167839751683466 0.10861737139250452 -0.032166905447867697 0.0031210612369141459 -0.030831215260731262 0.026627163202468412 -0.075182761651614138 -0.020143356337638141 -0.019814578521122186 0.53076960739371259 0.061566984862981101 0.03171109247170821 -0.039562560120499649 0.056923164535444694 -0.045019710745158731 0.0073745267128517925 0.025178466953114875 -6.3543520963213593e-05 0.15829725345831266
leaf_weight=112.9198695870582 456.12409308552742 4.2673995429649949 113.00987835042179 1561.1254515815526 366.56424814462662 49.341200646013021 4.7983056046068659 16.039978911168873 461.49350253632292 59.564699335955083 147.15372595703229 105.51546814362518 42.825736206956208 5.6352266473695618 588.12681664573029 462.14903068915009 164.72743668919429 164.26175503153354 679.36909900838509 29.030866345390677 2.6755665391683578 102.62569982651621 59.59064364945516 481.89930985309184 403.85658595617861 236.3899104851298 1679.4427408259362 72.035895308014005 11795.981712203939 20.797881704289466
leaf_count=9382 4647 98 1174 19794 11181 395 56 260 9084 920 1211 2986 423 363 7812 16994 2670 10098 17624 1398 188 1064 972 12437 5562 3065 23172 8653 137868 1811
internal_value=-0.000414432 -7.43725e-05 0.00890339 0.000991524 -0.00108677 0.0492985 0.0842241 0.0742764 -0.00168207 -0.0423695 0.0285904 0.0666806 -0.00118457 -0.0110249 -0.0199132 -0.0120827 0.0415431 -0.0616948 -0.000287355 0.0140174 0.149064 0.000326517 -0.0160219 -0.0312862 0.00103404 0.0107447 0.000709531 -0.000758245 0.000366124 0.0550015
internal_weight=20449.3 20336.4 2060.82 1733.7 18275.6 327.116 130.621 125.823 17819.5 172.575 196.495 121.555 17452.9 1459.43 1251.88 1050.28 207.553 201.603 15993.5 37.3417 8.31079 15532 644.116 541.49 14887.9 2319.69 1915.83 12568.2 11888.8 92.8338
internal_count=313362 303980 26894 21888 277086 5006 3400 3344 272439 2094 1606 3246 261258 39946 36853 24806 3093 12047 221312 1949 551 212228 14473 13409 197755 31799 26237 165956 148332 10464
cat_boundaries=0 24 47 71 92 115 138 162 180 203 226 248 272 295 319
cat_threshold=65536 0 2080 4 536870912 1073741952 524832 50331648 268435456 16388 0 0 0 541065216 0 0 33554432 0 16384 0 0 273170436 9 17288 676331520 8650752 25165824 192 1073741824 16384 0 278528 35651584 0 0 805306368 1073909768 2 0 512 0 0 0 65536 0 67371264 268960768 18878464 271581192 262144 0 0 0 2048 0 1024 131072 33280 0 2147483713 128 0 1572864 2097186 201326592 4096 0 268439680 16777216 262144 2097152 1073741824 269516800 1048704 0 0 2281701376 1212416 32 8388608 0 0 72 2147491840 32768 0 1583104 8256 512 1118208 262144 41943296 8388608 545325056 1090519040 514 0 16640 2 0 0 263184 33554433 0 1073741824 0 0 0 16 2147483648 134217728 0 0 67506960 419431424 68157440 262144 2214592512 262144 0 0 262144 1048576 4194304 256 268435456 135266304 2246724 4096 0 65536 2 134217728 32834 0 268435472 0 536870912 302006272 2228224 1032 0 1073741824 0 65536 263168 33555456 32 132608 826278402 262146 8192 0 0 0 67108864 1 0 262144 16777216 0 4 0 0 0 64 0 0 0 16384 0 512 0 1073741824 385 2 0 8388608 0 524288 1048576 0 2147483648 8192 128 84018176 0 8454144 0 134217984 268435456 67108865 270532608 256 0 16842752 4 134221824 32770 0 268435456 1098907648 36864 16384 1073741826 262144 16 0 2097152 33554448 262272 0 1073872928 0 0 6 128 0 8388608 262176 16778240 64 1048576 1507328 0 16 20971520 33554432 541065728 0 0 268435456 0 1049088 2147487744 4096 19456 285212672 67108864 8706 0 0 3 33554432 558104832 0 8192 2097152 155193344 16908296 0 0 1073741824 0 16779264 262144 4195328 0 165376 512 1049344 8322 0 1610612736 0 786432 0 1 0 0 0 2101248 268435456 6291456 1024 272 0 0 262144 524416 32768 131072 16384 671088640 0 0 0 0 2 67110912 16 131074 135176 33792 2621446 138428416 131088 0 262144 2415919104 0 16795648 262272 2151677952 0 33280 16777728 0 8320 0 512 2147614720 262144 8192 0 1327104 2097152 16 2097152
is_linear=0
shrinkage=0.1


Tree=43
num_leaves=31
num_cat=14
split_feature=3 3 3 1 14 3 3 13 13 16 16 6 21 6 3 3 19 11 3 14 14 2 11 21 3 5 10 3 10 3
split_gain=39.7796 20.6527 18.7297 16.2175 16.3173 44.1794 25.6986 19.9312 18.7265 17.1048 15.4964 31.6897 30.2415 15.1446 23.757 23.5799 22.0482 15.1347 15.0585 13.5323 27.6326 13.4915 19.5387 13.0875 12.7043 12.4419 12.4002 16.7199 13.1339 21.7487
threshold=0 1 2 3 5.5000000000000009 4 5 0.021220307797193531 0.27289500832557684 180.50000000000003 1.5000000000000002 11.500000000000002 3871.5000000000005 7.5000000000000009 6 7 0.029230061918497089 60.500000000000007 8 239.50000000000003 156.50000000000003 9 -1.0000000180025095e-35 1.0000000180025095e-35 10 11 0.014033071696758272 12 0.025060087442398075 13
decision_type=9 9 9 9 2 9 9 2 2 2 2 2 2 2 9 9 2 2 9 2 2 9 2 2 9 9 2 9 2 9
left_child=21 -2 25 -4 9 7 -7 -6 10 18 11 -8 -13 14 -12 -15 17 -16 -5 20 -18 22 -1 -20 -9 -3 -25 -28 -29 -30
right_child=1 2 3 4 5 6 8 24 -10 -11 13 12 -14 15 16 -17 19 -19 23 -21 -22 -23 -24 26 -26 -27 27 28 29 -31
leaf_value=0.32865361426467121 -0.037326671697225255 0.024257688454515203 -0.067550046020098356 -0.018859844956326057 -0.072474495953048598 0.059546598855566991 -0.067523483137783141 0.0097431955214812085 0.03808282836662151 -0.085997529713995366 -0.03934340271449964 0.59749174731336252 -0.039072540373921355 0.017035446116526444 0.29422155643059789 -0.045004761482380855 0.012628348227246506 0.032122553214698778 0.072200152912393914 -0.088764504291468926 0.14812775158925781 -0.054425752592625713 0.010940175172161962 0.071876627139967064 -0.043335046373781848 -0.05077115394176266 -0.03584965124365222 0.016966907424253105 -0.03688828624986789 0.0012886681425208395
leaf_weight=2.3243498415686181 135.5940636920277 425.38169640535489 25.466506165452302 365.25635408237576 138.55954122240655 58.24457844439894 69.240874705137685 77.487712113186717 92.032464794814587 22.643511687871069 76.987704099621624 1.4284764439798885 1.5627921640407292 91.411204795818776 4.8648313968442363 163.51926479954273 275.46345358621329 4.0267624678090215 26.057631030678749 11.899450290948151 15.92016541585326 166.17973178857937 11.574314115568994 24.845656740944833 96.744924504309893 14.97007681801915 111.13523668190464 528.12967023719102 140.53944145981222 17201.170382869896
leaf_count=207 8568 7515 605 15091 11230 1061 3454 2366 640 506 3717 116 101 2844 114 2502 3265 142 208 174 135 15129 1178 2642 1911 481 6813 26249 6060 187548
internal_value=-0.000227683 0.000200779 0.000472847 1.01253e-05 0.000132314 -0.0112706 0.000596565 -0.0427997 -0.00432669 0.000862499 -0.00983581 -0.0537565 0.264918 -0.00491031 0.0075005 -0.0238559 0.0196828 0.175524 0.000969408 0.0157629 0.0200316 -0.045761 0.0372628 0.00138077 -0.0216572 0.0206363 0.00127904 0.00118149 0.00143106 0.000958749
internal_weight=20380.7 20200.6 20065 19624.6 19599.2 1179.39 866.602 312.792 808.357 18419.8 716.325 72.2321 2.99127 644.093 389.162 254.93 312.175 8.89159 18397.1 303.283 291.384 180.078 13.8987 18031.9 174.233 440.352 18005.8 17981 17869.8 17341.7
internal_count=312572 296058 287490 279494 278889 33772 18265 15507 17204 245117 16564 3671 217 12893 7547 5346 3830 256 244611 3574 3400 16514 1385 229520 4277 7996 229312 226670 219857 193608
cat_boundaries=0 24 48 69 70 92 115 137 155 179 191 204 205 229 253
cat_threshold=65540 4194304 0 2 536871936 128 0 0 2147549184 4464640 0 0 8388608 549453824 0 4194304 0 134217728 8 0 0 134283284 272648192 16401 0 65568 64 8192 128 285349888 525312 27262976 0 0 1 16384 134217728 0 0 0 0 2048 256 0 0 38297600 1056912 33152 134217728 8421376 130 0 16777216 142606592 163840 1024 16384 33554432 256 0 16 557568 0 1074331648 262144 2097152 16781440 393216 393232 1839409 21233664 0 268697600 80 1073741824 0 0 0 35651584 0 4608 29360128 721000 2 0 8388608 2 525312 0 0 4096 256 34603008 1048576 0 0 0 0 0 0 0 0 268435456 135266304 16384 0 0 0 0 512 32770 0 285212672 0 524292 805830656 2490368 1024 512 0 0 33816576 262144 0 0 0 1107296264 67371008 8192 0 1048576 0 33554432 0 0 0 131072 814235648 270794752 67109888 0 0 0 0 262144 1024 0 0 33554432 270336 8196 0 0 0 67108864 1048576 0 1140854784 0 0 98304 2 33554432 0 738230528 2 0 0 0 134217728 1 8 0 2 1048576 264 537133568 59245569 4 16777248 201328672 131072 67108864 32 4203648 671088640 0 4194304 0 8388608 2 16777216 0 262144 0 1073741824 0 0 0 35651584 0 512 0 196608 8 0 0 0 131072 134217728 0 512 0 0 8979474 0 0 0 80 0 0 2097152 0 0 0 16777216 36864 3221389634 1642 17039426 0 0 0 0 0 65536 32 805314560 1361074177 4112 0 0 0 0 0 0 0 0 0 0 1140850688 536870948 4096
is_linear=0
shrinkage=0.1


Tree=44
num_leaves=31
num_cat=19
split_feature=3 3 17 3 3 3 11 14 3 3 14 3 3 11 1 3 3 14 16 3 3 3 3 3 3 11 12 3 7 16
split_gain=33.1795 18.6155 16.0394 63.2435 27.9737 23.9618 22.9072 22.2388 20.3103 16.7809 16.5838 27.139 22.8991 17.6735 16.2847 15.5227 14.8261 15.856 44.1872 85.8671 43.3256 29.7033 27.2705 24.8585 24.2132 27.8946 22.8424 19.8656 23.581 19.6158
threshold=0 1 10.500000000000002 2 3 4 -1.0000000180025095e-35 1.0000000180025095e-35 5 6 1.0000000180025095e-35 7 8 17.500000000000004 9 10 11 1.0000000180025095e-35 3.5000000000000004 12 13 14 15 16 17 -1.0000000180025095e-35 6.5000000000000009 18 4.5000000000000009 17.500000000000004
decision_type=9 9 2 9 9 9 2 2 9 9 2 9 9 2 9 9 9 2 2 9 9 9 9 9 9 2 2 9 2 2
left_child=-1 -2 5 7 -5 6 -3 -4 -7 -8 11 -6 -12 15 -10 -14 -16 18 22 -20 29 -22 -18 -21 25 27 -25 28 -24 -19
right_child=1 2 3 4 10 8 9 -9 14 -11 12 -13 13 -15 16 -17 17 20 19 23 21 -23 24 26 -26 -27 -28 -29 -30 -31
leaf_value=-0.03668784436430058 -0.040813876327790384 -0.054022306375831108 0.07756803055439071 -0.02871985670859073 0.036137960140218951 0.018553744333967146 0.012058770279164931 0.010130150332616281 0.026768282521950272 -0.031510364788604583 -0.03918308726637687 -0.0061518536168715362 -0.045627759230086835 0.041771527367656179 0.0076889552710817065 0.004513503482662066 -0.025279924408944221 0.064241981337504625 0.046797356516079275 0.01343020726015387 -0.023486175836948807 0.007263057897174208 0.0070004367799825599 -0.056934669935697541 -0.00091678715434509233 0.032650705013178703 0.0087789362700872037 -0.034266068565057643 0.15501058415003155 0.0055069441238950884
leaf_weight=242.84499128116295 102.42679929779842 146.99542802292854 108.41022360138595 731.60051267337985 198.70696713635698 671.13486564951017 198.91780480695888 89.079377977643162 230.47109343390912 144.65527900401503 250.15011062589474 550.42029280075803 81.122071019839495 79.177036931738257 2462.8433239250444 191.93704787432216 420.96132354671136 180.96005342621356 127.67100298730657 74.221114870160818 371.60937524866313 1769.3699525604025 92.496753649786115 478.78912157611921 9652.1815988309681 465.39574235212058 59.467009344138205 129.98659014422446 12.181772977113722 82.913493546191603
leaf_count=9989 5843 5170 924 16251 1810 13408 6944 1512 1815 6232 5553 6994 1431 1364 37061 4779 8293 2617 1689 1090 8159 25220 1070 12962 116067 4779 662 1519 126 1824
internal_value=-0.000688062 -0.000236013 -8.51905e-06 -0.00790355 -0.0130602 0.00100454 -0.0205666 0.0448772 0.0016278 -0.00685139 -0.0044346 0.00546585 -0.0168204 0.000168656 0.000933208 -0.0118885 0.000553615 -0.000713606 -0.0022567 -0.025892 0.00667108 0.00184154 -0.000632895 -0.0411365 0.000393387 0.0182161 -0.0487685 -0.00963487 0.0221124 0.0441146
internal_weight=20399.1 20156.3 20053.8 2280.6 2083.11 17773.2 490.569 197.49 17282.7 343.573 1351.51 749.127 602.386 352.236 16611.5 273.059 16381 13918.2 11513.4 740.148 2404.85 2140.98 10773.2 612.477 10352.2 700.061 538.256 234.665 104.679 263.874
internal_count=313157 303168 297325 40618 38182 256707 18346 2436 238361 13176 21931 8804 13127 7574 224953 6210 223138 186077 148257 16403 37820 33379 131854 14714 123561 7494 13624 2715 1196 4441
cat_boundaries=0 24 48 71 92 116 139 162 184 208 209 232 256 280 304 328 352 374 398 421
cat_threshold=0 537034752 16777216 1 0 6144 6144 0 0 546046984 2048 0 524288 4198400 0 2164262912 0 0 16384 1 0 344580 131328 1 0 33619976 4 2 536870912 137363456 524304 25165824 276824064 1073750016 1 16384 0 536870912 0 0 0 536870912 0 0 8 38273024 268435456 384 0 16777216 262144 0 0 268435456 32768 8 0 16 64 67108864 2148536336 8707 0 1610612736 8224 525824 264 0 268451840 1024 1056776 592462848 10747904 67109888 0 0 0 8192 262144 2097152 0 33554944 33554432 409894 0 0 65536 0 0 262226 0 128 64 0 8192 8192 1024 131072 4 1032 32768 134218240 268435456 0 0 8194 0 4194304 32 0 536870912 0 16640 536871936 13670488 528 263168 1048576 0 262144 0 0 73728 262656 1073745920 0 33554688 514 272632064 0 0 66048 8 3221487616 16789568 0 8454148 0 524288 0 0 0 0 0 0 0 0 0 512 0 0 0 8194 0 0 0 0 0 0 0 1024 16 0 268435456 2160066560 592 1090519040 0 4194304 16416 33559552 0 268436480 8388616 67109384 8388608 0 0 266241 301989888 541065216 0 262144 256 142606336 0 2151677952 80 1090519040 0 0 16384 33559552 0 1024 294649856 66121 0 0 0 0 2147483648 541065217 2 1048576 256 0 4 10485760 268697600 1048576 536871048 262272 0 536871168 327680 1568 4210688 0 0 536870922 8192 0 0 9437184 0 0 0 1048576 8388608 0 67634692 541065216 12582914 1048578 128 0 33570816 8388608 0 0 131104 0 541065224 294924 1605632 0 0 136314880 4096 0 262144 268435584 2147483648 2097152 64 134238208 0 67108864 512 3221225472 536870912 33554432 16384 2149580800 16384 165376 1048640 2 5 0 1048576 0 134218496 8 128 17039376 0 0 2097152 101728256 1074003968 268435456 0 0 16777216 262144 1048576 2097152 0 0 50331648 2149580864 0 0 524288 0 134217728 0 0 16908304 1073872896 4 4096 4096 0 4195328 256 1073741824 8388992 33554432 16384 536870912 0 576 67108928 135266432 8389761 0 8388608 12289 67633152 262144 0 0 256 67108864 32768 1141899264 32 4096 512 0 268435456 16811008 65536 2149580800 0 32768 0 2149711872 0 0 532480 64 134218240 0 128 17039376 2097152 65536 2103296 8388612 16777216 256 0 0 268435584 16809984 160 4260864 4227072 0 0 69337088 2098176 0 545259520 143360 16794624 262146 0 0 2097152 268435456 0 4194304 64 0 2155872256 1048576 524288 536870912 0 0 2222981121 25232 128 0 0 19 0 0 0 0 83886336 2231378434 16384 268435456 0 0 64 0 0 1048576 0 536870912 0 0 67108864 16 0 0 0 1 0 0 0 0 16777472 16777218
is_linear=0
shrinkage=0.1


Tree=45
num_leaves=31
num_cat=14
split_feature=3 3 5 5 3 3 14 1 13 3 12 2 21 7 3 3 15 20 3 15 18 20 17 14 3 12 3 12 15 10
split_gain=33.5414 17.3937 39.216 22.3106 65.1316 17.6349 14.2669 14.3106 13.8166 36.0368 18.4606 12.0965 11.8646 11.5312 31.2114 19.931 14.4281 13.5453 12.7354 16.6029 12.7273 14.2099 14.8801 12.2501 44.6705 18.4473 17.9314 13.2938 13.2039 18.6916
threshold=0 1 2 3 4 5 94.500000000000014 6 0.67179489135742199 7 6.5000000000000009 8 1.0000000180025095e-35 5.5000000000000009 9 10 37.500000000000007 0.094622343778610243 11 1.0000000180025095e-35 -1.0000000180025095e-35 0.017845840193331245 3.5000000000000004 14.500000000000002 12 7.5000000000000009 13 12.500000000000002 2.5000000000000004 0.084893345832824721
decision_type=9 9 9 9 9 9 2 9 2 9 2 9 2 2 9 9 2 2 9 2 2 2 2 2 9 2 9 2 2 2
left_child=-1 2 -2 4 -3 -5 7 -7 11 -10 -11 -9 -13 16 -15 17 18 -16 19 20 21 22 -14 -20 25 26 -25 -26 29 -27
right_child=1 3 -4 5 -6 6 -8 8 9 10 -12 12 13 14 15 -17 -18 -19 23 -21 -22 -23 -24 24 27 28 -28 -29 -30 -31
leaf_value=-0.040472669860249617 -0.07891371157103548 -0.059284866644620696 0.025238271747450483 -0.02440773967342744 0.087155754615290223 -0.049100521041561845 -0.039464299838872438 0.01814694652751573 -0.044907889380150653 0.045748607518707025 0.1678642261912604 0.075797558124462192 0.069353173809581156 -0.043675776474862191 0.062953080613945209 0.0052438948081789376 0.14224958477621272 0.01814742299831645 -0.0014858885366021103 0.083495815572114343 -0.044289228383864898 0.010443218970643762 0.36302809488248022 0.023950231950178268 -0.06659797230528014 0.0089199056885713498 -0.062718475502692356 -0.020540313208386094 0.027090315051993486 0.17686128652860811
leaf_weight=197.67082989797927 29.67605990357697 38.253382516326383 486.53865758655593 302.27513468125835 84.121855116449296 49.809410485671833 93.283586333505809 336.97511704359204 42.527878310531378 101.0155069003813 14.10851834528148 20.253803798928857 16.316546574700627 89.100020689889789 127.46207601996139 599.52632042625919 6.992934674024581 143.35916093550622 16670.191818963038 32.008975889533758 40.850872973445803 465.26062265830114 1.9293423136696208 58.08075634855777 138.77160022337921 10.612165475264193 27.105737858451903 114.27233566250652 46.393678503576666 17.648678639903665
leaf_count=11410 306 1145 5861 10445 1097 5278 6845 2056 288 879 95 167 878 1123 1860 7714 30 975 229022 274 1476 10343 76 3171 7447 322 765 1371 360 261
internal_value=-0.000489131 -7.78863e-05 0.0178649 -0.000557161 0.0403593 -0.000833556 -0.000451175 -0.000261573 -0.000108612 0.0293731 0.0558616 -0.000353768 -0.000697843 -0.000781488 0.00989502 0.0157006 -0.00136198 0.0378381 -0.00141891 0.013338 0.00930963 0.0138381 0.100407 -0.00190621 -0.0189227 0.0222336 -0.00817812 -0.0440576 0.0599139 0.113798
internal_weight=20402.4 20204.7 516.215 19688.5 122.375 19566.1 19263.9 19170.6 19120.8 157.652 115.124 18963.1 18626.1 18605.9 959.448 870.348 17646.4 270.821 17639.4 556.366 524.357 483.507 18.2459 17083.1 412.885 159.841 85.1865 253.044 74.6545 28.2608
internal_count=313340 301930 6167 295763 2242 293521 283076 276231 270953 1262 974 269691 267635 267468 11672 10549 255796 2835 255766 13047 12773 11297 954 242719 13697 4879 3936 8818 943 583
cat_boundaries=0 24 48 49 50 71 95 96 117 123 147 170 193 211 229
cat_threshold=0 0 1086324736 0 0 268435584 512 0 8192 155500608 0 1 0 4194304 0 0 16 0 65536 131072 4 34865156 1218 3112 1073741824 8 2 657 0 0 1212432 64 0 33554944 16384 4194304 1413480448 1048576 0 0 0 264192 16384 131 50335744 0 8192 4096 258 386 201850880 8519680 64 0 1090519040 0 0 0 33570816 0 268435456 276824072 131584 8396800 0 0 8192 0 262209 0 268435712 134479872 1114112 4 8194 0 131072 4718592 10485760 0 1073807616 4097 0 2097152 536870912 0 8391168 0 134217728 0 0 8 4751360 0 914 1918389 536870912 262144 262144 0 0 0 0 16384 0 0 0 1275068416 14 4 0 0 0 0 536870912 0 268435456 0 2147483648 0 4194304 0 4194304 76025856 16777216 16777216 0 0 0 0 0 33555456 0 0 160432128 2147753985 130 0 589824 2 67108864 1048576 1048576 269484032 0 524288 4 805322752 8650752 2147745800 262208 0 256 0 262144 2097152 0 268435968 1342177280 1742850 0 0 0 0 36175872 0 0 0 256 4 65536 131074 0 262144 285212672 1049600 8 524320 570507264 1 16 8 1 0 0 8192 8192 1140850944 3 536870912 268435712 0 2148794368 806359040 8650752 67372032 0 0 0 65536 262144 1024 16 131072 9437186 278884 4 0 65536 0 512 806359040 0 0 0 0 0 65536 262144 0 0 131072 2 256 0 0 65536 0 512
is_linear=0
shrinkage=0.1


Tree=46
num_leaves=31
num_cat=16
split_feature=3 3 3 7 3 3 21 2 3 12 11 2 16 3 6 3 3 3 20 20 3 11 3 6 3 20 6 19 3 16
split_gain=28.3132 17.1292 16.2028 15.8485 36.9603 26.9761 19.8128 15.7833 15.0364 20.3939 18.4761 16.4346 17.8763 18.8955 16.7422 74.8455 35.2249 32.7474 24.8061 27.4186 24.1713 29.2166 38.4221 63.9184 15.208 14.9323 14.5903 22.1634 14.472 19.4598
threshold=0 1 2 4.5000000000000009 3 4 4170.5000000000009 5 6 19.500000000000004 506.50000000000006 7 101.50000000000001 8 8.5000000000000018 9 10 11 0.07011475041508676 0.035355035215616233 12 -1.0000000180025095e-35 13 7.5000000000000009 14 0.022880000062286857 9.5000000000000018 0.041355261579155929 15 2.5000000000000004
decision_type=9 9 9 2 9 9 2 9 9 2 2 9 2 9 2 9 9 9 2 2 9 2 9 2 9 2 2 2 9 2
left_child=7 -2 -3 8 6 -6 -5 -1 9 -4 -11 12 13 -10 16 18 -13 -17 19 25 21 22 23 -18 -19 -16 27 -21 -23 -30
right_child=1 2 3 4 5 -7 -8 -9 11 10 -12 14 -14 -15 15 17 20 24 -20 26 -22 28 -24 -25 -26 -27 -28 -29 29 -31
leaf_value=0.052605702387191346 0.017066164737366402 -0.028979435550327511 -0.021177967899120312 -0.067976209144318081 0.042659751130584074 0.0074814377312589419 0.027764454949495532 -0.038485481389280506 -0.013945446193885366 0.16825665378457505 -0.029950629822643966 -0.02025585703298606 0.11910454542792492 0.021177828910024725 0.082700882603516032 -0.021446966121104121 0.0099622672477596725 0.013423172215283453 0.014623061080065131 0.072372364961973398 0.0012951384369332712 0.0056977272141136119 -0.04181748932166119 0.29537968136934195 -0.0066465422475256433 0.014273077919123557 0.089684299615501339 0.3250119376779998 0.056794373763677658 0.01495517795799238
leaf_weight=13.454843531362711 597.92100463761017 180.77961796242744 512.22498787590303 94.073531250469387 245.29155025957152 1605.3025903853122 28.062712548766285 247.33359738229774 203.41066968999803 11.02741915965453 8.2001514947041851 701.73679396416992 15.888333044946192 561.95129243656993 51.04460143414326 1579.2883380339481 43.163646314293146 443.65454489272088 315.43475189711899 6.1235937557648858 9692.1062174476683 210.26439540227875 138.98775182850659 9.5894853277131897 2260.6164893209934 84.986897556809708 26.299322893843055 8.0205552447587234 266.1701616817154 190.89166673086584
leaf_count=1343 8204 7930 11453 1029 3174 19769 445 15608 1725 134 146 17014 104 5024 2294 20496 663 8834 2900 176 129768 3182 2872 128 34959 3751 354 109 5495 3823
internal_value=0.000103323 0.000535889 2.03969e-05 0.000306695 0.00879991 0.0123485 -0.0424987 -0.0320167 -0.00065932 -0.0170616 0.0837254 -0.000130519 0.0139386 0.0119376 -0.000824537 -0.00578624 0.00128036 -0.0100354 0.0307937 0.0614424 0.0027293 0.0187086 -0.0154779 0.0519902 -0.00331664 0.03995 0.133732 0.215634 0.0288117 0.0384784
internal_weight=20353.3 20092.5 19494.6 19313.8 1972.73 1850.59 122.136 260.788 17341.1 531.453 19.2276 16809.6 781.25 765.362 16028.4 4775.47 11252.9 4283.56 491.91 176.475 10551.2 859.067 191.741 52.7531 2704.27 136.031 40.4435 14.1441 667.326 457.062
internal_count=312906 295955 287751 279821 24417 22943 1474 16951 255404 11733 280 243671 6853 6749 236818 73873 162945 64289 9584 6684 145931 16163 3663 791 43793 6045 639 285 12500 9318
cat_boundaries=0 24 47 71 95 118 129 153 161 185 209 233 256 279 301 325 347
cat_threshold=33554432 131072 0 0 0 4194304 640 0 65536 542113794 0 1 0 549453824 0 4194304 8194 1024 4194320 0 0 2150105092 2147958788 18 1073741824 41975808 2172649600 512 0 2097152 4194304 0 4096 0 268443712 2147484160 4194368 32768 0 524288 0 262144 192 327680 268452104 0 4194312 64 65536 268435780 259 0 131072 525312 10485792 0 34078785 1 0 0 0 268435456 0 0 536870912 134217728 0 4 1145053184 0 392 2101248 269484040 262144 16 0 0 131072 0 0 131072 32768 0 2147500032 640 0 537919488 96 69206016 0 0 1052800 16908288 0 4 739246080 262144 0 64 0 0 8192 33554432 2097152 0 0 536870912 1073905672 0 0 0 0 0 0 0 0 262400 268436480 16778272 2281703456 0 67108864 0 4203648 0 0 2048 0 33558528 135331840 536870912 0 8384 0 0 4 33554944 32768 65568 0 16777216 1207959552 8 0 2048 131080 0 262144 0 262144 262656 1746960512 8704 0 2147483648 0 4194304 32 0 1 512 0 1090519072 0 0 128 96 0 0 0 0 0 16384 0 2621456 0 16850944 33816576 18883072 536903680 1179648 142802944 0 0 524288 287309824 1048576 262144 0 1090519040 1048576 108544 8 16777216 8192 4608 0 279040 512 0 0 32 33554432 2 0 0 131328 268439552 68 285212672 5242880 0 0 1 2147483648 40960 262144 50331648 142614528 4608 0 67379712 0 0 0 0 2048 0 0 0 196880 269488129 32832 67125248 268697600 1024 262144 1024 0 262144 1049600 12583936 0 131072 343932928 1087648 3 0 8388608 4096 134742016 0 0 0 268435456 67108880 0 0 0 0 0 1342185472 50724864 1049600 0 0 2048 142606336 2149091361 1027 0 8388608 4096 2281701376 1048576 0 0 276856832 8208 0 0 0 0 0 0 131072 1024 0 0 2048 8388608 33 0 0 0 0 0 0 0 0 8388608 524288 4194304 0 131088 0 2684944384 16 262144 304103424 131200 33554432 33556488 67108874 0 0 0 0 1073743872 65537 0 0 16777232 1572864 32768 0 0 0 0 0 0 0 1024 0 0 2048 8388608 33 0 0 0 0 0 0 0 0 8388608
is_linear=0
shrinkage=0.1


Tree=47
num_leaves=31
num_cat=10
split_feature=3 3 10 3 11 21 11 19 21 9 7 3 14 3 18 3 3 14 9 9 3 10 21 14 9 16 3 16 16 2
split_gain=32.9825 18.9005 18.7428 26.208 17.4722 20.9168 25.2805 19.2296 15.6973 14.9862 15.1268 14.1091 13.9319 41.0531 17.9921 19.4541 17.622 18.688 15.9753 15.1408 13.5183 13.4971 16.7425 13.3965 13.3286 12.8558 12.1844 15.9858 12.1774 11.4173
threshold=0 1 0.014033071696758272 2 2.5000000000000004 4150.5000000000009 -1.0000000180025095e-35 0.019859080202877525 4418.5000000000009 28.94999980926514 3.5000000000000004 3 9.5000000000000018 4 0.062718532979488387 5 6 40.500000000000007 38.750000000000007 50.149999618530281 7 0.087866876274347319 4396.5000000000009 111.50000000000001 30.050000190734867 180.50000000000003 8 101.50000000000001 1.5000000000000002 9
decision_type=9 9 2 9 2 2 2 2 2 8 2 9 2 9 2 9 9 2 8 8 9 2 2 2 8 2 9 2 2 9
left_child=29 -2 4 -4 5 9 -7 -8 -9 -3 -11 -6 20 23 15 18 17 19 -15 -16 -5 -21 -23 24 -14 26 27 -22 -26 -1
right_child=1 2 3 12 11 6 7 8 -10 10 -12 -13 13 14 16 -17 -18 -19 -20 21 25 22 -24 -25 28 -27 -28 -29 -30 -31
leaf_value=0.032821838691122922 -0.038447589507541194 0.38372855672103767 -0.054884266021347543 0.017018397083635815 0.057580254742863504 0.049463257539617514 0.59614523185342017 0.38692420363384045 0.049343993803416183 -0.013144053453367915 0.15603757516944267 -0.057329292547247626 -0.058910542332685459 -0.036244876747421155 -0.034506767803587676 -0.049905619932485365 -0.023485840349662588 -0.066310989132931347 0.14720130243071564 0.18573864348257849 -0.018554562994913881 0.002519593501238454 0.14768471533405414 -0.069935194470765349 -0.047746997550456395 -0.072807004643214712 0.00094147752952488555 0.15923556147074966 0.043662378011029485 -0.044106956010076921
leaf_weight=16.906564593780786 116.74512982880697 1.2373868050053713 76.276743337977678 496.03604564256966 8.964120240416376 6.6348533085547388 1.8638935605995337 2.8652658080682158 2.652676222845912 21.59148972504773 6.9977745562791815 15.500285935122522 15.786050918512045 8.5252218032255751 12.777140205726026 280.21276302798651 196.79725254327059 14.296561019495128 10.711834500078114 10.89203981310129 418.21577753406018 20.902332132682204 12.816731758415697 14.423191428650169 15.812389392871408 23.922857146244496 18162.570904972497 5.1192115368321529 186.05248739942908 212.36803843313828
leaf_count=1725 7479 147 7225 5604 958 612 169 219 215 2471 772 2515 405 84 172 18038 1452 343 147 157 9655 171 94 1072 668 461 232721 112 3272 14125
internal_value=-0.000390727 4.73507e-05 0.000290544 0.00011193 0.0525833 0.0903627 0.19112 0.318442 0.224637 0.0430131 0.0282664 -0.0151222 0.000350064 -0.0125783 -0.026807 -0.0441324 -0.00848158 0.0315806 0.0433628 0.0614704 0.000891589 0.0889593 0.0576974 0.0224305 0.0295819 0.000452349 0.000546888 -0.0160261 0.0365021 -0.0372996
internal_weight=20396.5 20167.2 20050.5 19982.1 68.3077 43.8433 14.0167 7.38184 5.51794 29.8267 28.5893 24.4644 19905.9 800.006 567.932 299.45 268.482 71.6848 19.2371 57.3882 19105.9 44.6111 33.7191 232.074 217.651 18609.8 18585.9 423.335 201.865 229.275
internal_count=313260 297410 289931 281853 8078 4605 1215 603 434 3390 3243 3473 274628 26075 20658 18269 2389 937 231 594 248553 422 265 5417 4345 242949 242488 9767 3940 15850
cat_boundaries=0 24 48 72 96 119 143 156 177 201 213
cat_threshold=0 131072 32 4 16777216 5242880 8405504 8 0 136478720 0 0 16 12582912 0 536870912 134217728 2097152 1 0 4 673193988 16777472 3072 0 65536 8196 2 536870912 538968064 138936384 10485760 536903680 1077936192 65 0 0 536870912 0 0 0 0 0 0 8192 5767168 536873024 385 134217728 16 64 8192 0 131200 0 16777216 0 8978448 0 0 0 0 0 0 0 0 0 0 0 344064 1082262528 634 134217728 0 0 0 0 128 0 0 0 524304 0 0 0 0 0 0 0 0 0 0 0 0 197632 33344 9442304 0 71304192 262144 0 0 0 262144 1024 262656 131072 277872642 59424 8192 0 65536 0 201327104 32770 0 268435456 0 524288 0 8388608 8 0 0 0 0 33570816 0 0 0 0 131072 0 0 0 0 0 0 0 0 0 0 4 0 268697600 262144 0 0 0 0 0 33554432 0 0 1614807040 65542 1074003972 0 1074790528 256 0 8400896 1048576 1048576 69632 0 0 16777224 1073746432 524424 0 0 262144 17039360 537133312 262144 81920 1048576 33554432 4096 4096 1 294912 0 0 0 268435840 2 67 0 8192 134217728 16842752 0 0 134332418 129 262144 512 32784 2637824 16778272 2281701376 131072 67108864 0 4195456 671088640 0 2048 0 41947136 2
is_linear=0
shrinkage=0.1


Tree=48
num_leaves=31
num_cat=17
split_feature=3 3 3 3 5 19 21 3 4 21 3 9 3 3 9 20 9 3 3 3 21 3 20 3 21 3 21 3 8 11
split_gain=35.1533 16.5991 15.495 10.9924 10.696 16.098 12.0336 9.62399 9.32216 12.7175 9.48073 9.29315 45.6162 14.0297 15.2539 17.5356 12.1553 71.0662 37.3802 27.197 18.4761 17.3862 14.4622 12.9976 13.4788 25.4925 11.4341 16.5036 13.8626 12.4524
threshold=0 1 2 3 4 0.074756901711225524 1.0000000180025095e-35 5 6 3717.5000000000005 7 50.149999618530281 8 9 68.049999237060561 0.1026592254638672 32.549999237060554 10 11 12 3209.5000000000005 13 0.094622343778610243 14 3871.5000000000005 15 4130.5000000000009 16 16.500000000000004 10.500000000000002
decision_type=9 9 9 9 9 2 2 9 9 2 9 10 9 9 10 2 10 9 9 9 2 9 2 9 2 9 2 9 2 2
left_child=-1 -2 -3 -4 6 7 -5 -6 11 -10 -11 16 26 14 -14 -16 19 20 -19 -8 22 -21 -18 -20 25 -25 27 28 -13 -30
right_child=1 2 3 4 5 -7 8 -9 9 10 -12 12 13 -15 15 -17 17 18 23 21 -22 -23 -24 24 -26 -27 -28 -29 29 -31
leaf_value=-0.037268812214371394 0.021301390126169661 -0.026210430794981594 -0.02474169516617894 0.062715770290763237 -0.038376847092754317 -0.076536599116956525 -0.019442818296671195 0.069783736211341416 0.060520077087178908 -0.018926281288091994 0.035681029874934815 -0.014345034848790031 0.036108697220789375 0.013889145424272937 0.17161081661574198 0.035045124243413321 0.22344067172387444 -0.038319681680420284 0.013383467908431477 0.026375731024963728 0.038956604617622667 0.0011964468985024887 0.064572083729603255 0.010352495231649781 -0.0015068464250668544 -0.038360382202526681 -0.043134089311740814 -0.039837966046344916 0.024773535370643817 0.13578268786883138
leaf_weight=240.26661459845491 364.39510958641768 212.22493579075672 163.12627564114518 31.249933749437332 8.1214806931093317 43.918556966353208 626.32312677241862 9.2233501786831784 62.330444820458069 67.606571132317185 44.138832680881023 106.37227779207751 196.28073572972789 415.8274609525688 19.450941108167171 18.200120713561773 10.117393298074605 445.03255152981728 286.71264819218777 269.42252963827923 182.45374615374021 15008.848707942525 13.213671037927268 157.56242573307827 729.57296794722788 325.30166095728055 118.60536676389165 88.014881894225255 83.124487491790205 11.503433293662964
leaf_count=10905 5998 11119 6547 242 271 380 10205 235 635 608 444 1349 2046 6190 227 108 147 7413 4351 6675 3688 210546 82 2246 11027 5015 2192 1079 1008 162
internal_value=-2.12045e-05 0.000441938 4.65652e-05 0.00034498 0.000568808 -0.0381029 0.000711104 0.0372464 0.000611004 0.0230077 0.00414268 0.000394765 0.00950683 0.0257331 0.0453539 0.105596 -0.000138672 -0.00719591 -0.0131475 0.000815319 0.0473696 0.00165743 0.133465 -0.00547058 -0.0100021 -0.023045 -0.0165828 -0.00626048 0.00993051 0.0382684
internal_weight=20358.5 20118.3 19753.9 19541.7 19378.5 61.2634 19317.3 17.3448 19286 174.076 111.745 19111.9 1057.38 649.759 233.932 37.6511 18054.6 2149.97 1944.18 15904.6 205.785 15278.3 23.3311 1499.15 1212.44 482.864 407.62 289.015 201 94.6279
internal_count=313140 302235 296237 285118 278571 886 277685 506 277443 1687 1052 275756 14361 8571 2381 335 261395 33969 30052 227426 3917 217221 229 22639 18288 7261 5790 3598 2519 1170
cat_boundaries=0 24 48 72 95 96 115 116 130 152 172 196 219 243 267 290 311 322
cat_threshold=0 0 4 128 0 1078009856 514 16777216 0 549724162 33558530 0 8388608 4198400 0 1073741824 2 0 0 65536 0 409604 0 1538 0 0 1048576 529 2164260864 2625536 128 72 293601280 0 0 2048 524288 513 0 66048 8192 2147500032 32896 1048576 65792 268435456 536870912 2097152 50331648 65536 256 2 0 131072 17301504 8388608 8192 524288 1 0 67108880 536871936 0 0 33558528 0 0 0 0 39354368 1073742082 397 65536 4718592 12352 8192 0 128 33823808 2097152 0 2048 0 64 0 0 134217728 0 2147483648 134217984 0 0 8192 134226448 33554561 170 402653184 0 67108992 0 0 0 0 0 0 0 0 4194304 8 0 0 0 0 0 1 11 0 2097152 0 64 0 0 0 0 0 0 132096 0 65536 4 675545088 1310720 2214592512 64 0 0 8192 17408 32768 0 131072 303038472 20512 8388608 0 545259520 0 524288 0 262144 1310720 16777472 75513856 2097152 1024 0 0 0 65536 0 4195328 0 2048 134217728 74373 8194 0 0 0 0 0 2 207618048 268435458 67108864 0 0 805323776 40976 0 33559552 16 0 33554944 257 2097152 0 536870912 0 2048 4259840 1 268697600 4096 0 16384 1064960 10747904 4195328 262144 0 256 0 262144 4194304 131072 512 3222274048 2147748512 0 0 8388608 0 0 536871232 0 16384 0 2147484676 0 131072 8388608 0 0 268436480 163844 5242880 1024 2147483648 2304 33554944 257 8256 268435456 0 0 1073743872 65544 131072 0 2692808704 67174400 16384 1207959552 16809984 16777344 0 268435456 256 0 128 536887296 0 16384 8 268435456 0 0 2147483648 8 8192 278784 262144 1064980 16777216 266244 528448 805306368 33554440 545259520 0 0 0 1048576 512 1075838976 0 268436736 0 7340096 565248 0 1048576 0 525312 16777225 131074 0 67108864 67108880 8650752 0 2415919106 64 1073741824 0 0 1024 0 512 163840 12582920 1073762304 9437184 0 2048 16 35660288 0 262144 4120 541327360 262144 0 0 0 0 0 1024 0 0 131072
is_linear=0
shrinkage=0.1


Tree=49
num_leaves=31
num_cat=1
split_feature=1 19 20 21 21 11 10 19 6 10 8 20 9 16 9 11 10 12 8 17 7 6 16 21 21 8 8 16 12 17
split_gain=20.795 13.0292 19.771 14.7477 26.3542 18.3456 17.9846 17.0256 14.8125 11.8867 11.131 11.0995 10.5914 13.2688 10.435 9.70488 9.8588 12.0758 9.65479 9.49745 9.42443 9.07354 8.9224 8.82821 8.76215 10.9005 9.15503 8.69893 8.60265 8.5895
threshold=0 0.12586309760808947 0.12997944653034213 3986.5000000000005 3950.5000000000005 -1.0000000180025095e-35 0.10951748117804529 0.19859913736581805 6.5000000000000009 0.094801086932420744 5.5000000000000009 0.22554164379835132 53.149999618530281 4.5000000000000009 73.250000000000014 -1.0000000180025095e-35 0.11123976856470109 3.5000000000000004 10.500000000000002 3.5000000000000004 3.5000000000000004 7.5000000000000009 29.500000000000004 4206.5000000000009 3845.5000000000005 27.500000000000004 26.500000000000004 180.50000000000003 52.500000000000007 6.5000000000000009
decision_type=9 2 2 2 2 2 2 2 2 2 2 2 8 2 10 2 2 2 2 2 2 2 2 2 2 2 2 2 2 2
left_child=-1 11 3 4 5 -3 -6 10 -5 -10 -7 27 13 -12 15 20 17 -17 22 21 23 -11 29 24 26 -26 -4 -2 -24 -18
right_child=1 2 14 8 6 7 -8 -9 9 19 12 -13 -14 -15 -16 16 18 -19 -20 -21 -22 -23 28 -25 25 -27 -28 -29 -30 -31
leaf_value=-0.055344674798292727 -0.0017270208108666084 0.042745291035051383 -0.0075162201096065102 -0.028644904993902622 0.17229566057276388 -0.031738804158160515 0.044218380458353773 0.11450240647177741 -0.022475277262530211 0.093359933613960056 0.058170314108361237 -0.040122916420488416 0.0023601017426234361 -0.050614164334945991 0.063911373880291208 -0.018126946281037597 0.012614970928156955 0.074720936685469794 -0.0027404417294247686 -0.017575656148768021 0.020782598244365253 0.027703934826528977 -0.032111802813879924 -0.016989561608128992 0.024245440115150708 -0.029636046165110664 0.031120154775779042 -0.073755266565598207 0.030736558385765889 -0.008376774726700181
leaf_weight=58.193957005860284 12274.80255213799 219.1080871745944 411.26403559744358 126.99622297193855 18.805616896599531 71.659459125250578 26.292015850543976 14.513403138145803 60.376590363681316 28.005454802885652 74.395068885758519 76.145309671759605 307.50637166481465 13.20208305865526 26.392363663762808 439.19934232905507 1172.0833293478936 14.469300329685209 3387.0056544300169 32.186426638625562 419.26753903180361 84.736835023388267 100.19922988861799 181.79243164509535 346.71585751324892 42.105999052524567 72.077651932835579 16.790121456375346 27.828020635992289 233.81113740243018
leaf_count=7313 252443 1413 2502 1191 121 535 172 128 820 238 542 410 2311 126 158 4793 7032 146 20606 378 2414 806 606 1177 1971 259 451 607 154 1548
internal_value=-0.000215865 -3.07283e-05 0.00312722 0.01572 0.0235299 0.0187588 0.0976263 0.00783864 -0.0018006 0.0148046 0.00452207 -0.0020612 0.0110987 0.041775 0.00115285 0.000910966 -0.00106001 -0.0151657 0.000240418 0.0303351 0.00810144 0.044013 0.00682236 0.00305683 0.00723527 0.0184105 -0.00175462 -0.00182541 -0.0184511 0.00912388
internal_weight=20377.9 20319.7 7952 1077.78 745.482 700.384 45.0976 481.276 332.302 205.305 466.763 12367.7 395.104 87.5972 6874.21 6847.82 5374.6 453.669 4920.93 144.929 1473.22 112.742 1533.92 1053.96 872.164 388.822 483.342 12291.6 128.027 1405.89
internal_count=313371 306058 52598 8781 5348 5055 293 3642 3433 2242 3514 253460 2979 668 43817 43659 34885 4939 29946 1422 8774 1044 9340 6360 5183 2230 2953 253050 760 8580
cat_boundaries=0 1
cat_threshold=1896721
is_linear=0
shrinkage=0.1


Tree=50
num_leaves=31
num_cat=10
split_feature=3 3 3 13 3 14 3 3 3 3 13 7 19 12 8 10 13 10 3 10 8 8 10 6 16 6 13 14 3 15
split_gain=33.7183 16.0811 15.442 14.0418 35.3902 17.7895 37.4706 15.4535 15.4288 15.1556 14.3554 16.1058 14.122 14.7778 13.8296 14.6786 13.5235 13.4573 17.9707 13.0114 12.7758 21.1856 20.0602 44.1808 14.5922 13.5348 18.2228 13.5255 21.345 22.3277
threshold=0 1 2 0.20047847181558612 3 8.5000000000000018 4 5 6 7 0.24068965017795566 1.5000000000000002 0.36001497507095342 9.5000000000000018 5.5000000000000009 0.24829139560461047 0.33523809909820562 0.014033071696758272 8 0.12081372737884523 3.5000000000000004 5.5000000000000009 0.063527129590511336 9.5000000000000018 19.500000000000004 4.5000000000000009 -1.0000000180025095e-35 156.50000000000003 9 2.5000000000000004
decision_type=9 9 9 2 9 2 9 9 9 9 2 2 2 2 2 2 2 2 9 2 2 2 2 2 2 2 2 2 9 2
left_child=-1 -2 -3 5 16 9 -7 -8 10 -4 11 -6 17 14 15 -14 -5 -11 -19 -13 -9 22 23 24 -22 26 -23 28 29 -28
right_child=1 2 3 4 8 6 7 20 -10 12 -12 19 13 -15 -16 -17 -18 18 -20 -21 21 25 -24 -25 -26 -27 27 -29 -30 -31
leaf_value=-0.039070797827497249 0.018599290568192053 -0.030283931170596454 -0.024671678285293094 -0.033261412851989518 -0.0050333670550542298 -0.055502720526498739 0.023558741081290149 -0.070482296308033279 0.038960067989610145 0.038363127794639088 -0.00037817705818388717 0.043673487436759494 0.10064949738023564 -0.061222300227983022 0.0097222155303333252 0.024541839296940791 0.0098171438851278429 -0.022261592297442071 -6.7227634365648568e-06 0.19849485269643366 -0.06632803421179044 -0.083442162129814409 0.034361014868250717 0.72023363865420187 0.34041333768778065 -0.033432847465779132 0.091857631914073978 0.10899789092706987 -0.049046417985196676 -0.035304139911869696
leaf_weight=211.25782066141255 453.13024855498224 159.74674399127252 235.51278366264887 188.76453122869134 18.440457437187433 170.65909980074503 151.54484881227836 35.894201322458684 350.24055488477461 89.566511761862785 270.74662654474378 10.722641988657417 35.05016864836216 26.110011048614979 705.72345409542322 91.484464824199677 118.69627472385764 361.11817269772291 16278.505460070679 10.993813082575796 2.5424611880444021 18.082113859709352 21.642526450101286 1.4575102671515194 1.350579089252278 173.372017147718 40.407564729452133 16.287291360087693 31.32166610006243 20.975805576890707
leaf_count=9815 7127 7030 6673 1935 230 11809 4754 1100 2992 11859 2224 171 168 118 3066 377 1040 7867 222260 55 284 819 275 90 63 6097 747 346 1158 126
internal_value=-0.000246442 0.000181174 -0.000253081 8.63736e-06 0.0117457 -0.000605592 -0.0164134 -0.00233369 0.0245704 2.43019e-06 0.00765122 0.0636925 0.000346669 0.0128566 0.0151806 0.0456237 -0.0161069 -0.000295001 -0.000503087 0.122051 -0.0134751 -0.00763742 0.0772245 0.250603 0.0747793 -0.0152617 0.00952985 0.0249542 0.0101886 0.0416233
internal_weight=20301.3 20090.1 19637 19477.2 968.605 18508.6 685.538 514.879 661.144 17823.1 310.904 40.1569 17587.6 858.368 832.258 126.535 307.461 16729.2 16639.6 21.7165 363.334 327.44 26.9931 5.35055 3.89304 300.446 127.074 108.992 92.705 61.3834
internal_count=312675 302860 295733 288703 8647 280056 27668 15859 5672 252388 2680 456 245715 3729 3611 545 2975 241986 230127 226 11105 10005 712 437 347 9293 3196 2377 2031 873
cat_boundaries=0 24 48 72 93 115 138 159 182 206 219
cat_threshold=0 524288 2052 0 1 0 1 32 0 2952790048 64 2048 64 4195328 0 4194304 2105344 1073741824 65536 4 0 2147655684 10493970 512 34082816 0 128 0 0 150994944 1048576 524800 0 0 33554432 64 2097168 512 0 0 33554432 33555968 4097 1048576 479248 16400 268435456 524352 0 65544 0 2 0 131072 524288 25166848 8388608 1052928 2097152 16384 1 537919488 0 2147483649 0 134217728 0 0 16777216 542638080 131072 41344 16384 2359296 2483290112 262144 0 0 0 0 6296576 0 131072 705691648 570280 8192 0 66048 64 67108864 0 0 128 222314496 0 268436480 64 1073741824 0 262144 0 2097152 0 512 1627389952 12 8388614 0 8388608 0 524288 0 0 0 256 9437184 393216 262144 262144 0 0 0 278528 1024 262672 0 34603010 8352 0 0 65536 0 67108864 32770 0 0 0 524292 621806592 0 0 16 0 0 0 278528 0 0 268435968 1413480448 4655110 4 0 8388608 0 524288 4194304 0 1048576 1049664 32768 8388672 8960 268436480 32768 1032 7340160 16777216 262144 1 0 0 4096 0 536870912 131072 16789504 536903680 0 0 0 32897 0 0 0 4096 0 128 0 0 1024 591888 0 0 1049088 0 134217728 0 0 524288 4194304 2 0 134545408 1073759552 19515 0 0 71303176 0 0 0 65536 0 0 0 131072 0 2147581954
is_linear=0
shrinkage=0.1


Tree=51
num_leaves=31
num_cat=10
split_feature=3 14 3 14 19 15 16 3 19 3 15 14 8 1 3 10 16 11 3 7 19 20 20 3 3 19 10 8 8 3
split_gain=31.8701 17.4137 26.9365 19.089 17.6611 16.7263 16.1956 14.7912 14.7901 14.0783 12.6983 12.4278 10.9626 10.6325 9.76481 16.5068 27.9841 24.8745 15.5934 15.1957 14.7448 11.0979 10.292 24.9575 16.3675 13.919 20.5558 20.9854 26.6218 13.942
threshold=0 37.500000000000007 1 239.50000000000003 0.011464086826890709 15.500000000000002 72.500000000000014 2 0.023909996263682846 3 37.500000000000007 6.5000000000000009 21.500000000000004 4 5 0.014033071696758272 1.5000000000000002 -1.0000000180025095e-35 6 2.5000000000000004 0.022611746564507488 0.017845840193331245 0.017845840193331245 7 8 0.022611746564507488 0.018973040394485 25.500000000000004 3.5000000000000004 9
decision_type=9 2 9 2 2 2 2 9 2 9 2 2 2 9 9 2 2 2 9 2 2 2 2 9 9 2 2 2 2 9
left_child=-1 4 3 6 -2 7 8 11 12 -9 -4 -6 -3 -11 -15 16 17 -16 -17 -19 -21 -22 24 -24 -20 29 27 28 -27 -26
right_child=1 2 10 -5 5 -7 -8 9 -10 13 -12 -13 -14 14 15 18 -18 19 22 20 21 -23 23 -25 25 26 -28 -29 -30 -31
leaf_value=-0.03525251209792276 -0.053813299556015395 0.034004604393911973 -0.061412232775606292 -0.087643191097982229 0.0187437891297355 0.11596369796105216 0.13466001847949535 -0.027834815059583462 -0.01591912545713629 -0.053491822217960866 0.080846884161795043 -0.04229552608579551 0.21662501876926821 -0.017099076152528862 0.022180637363678979 -0.05044503302018976 -0.042376216059338737 0.13880369028025666 -0.04316042629491991 0.655879177265422 0.076618117923905937 0.42095179828597423 -0.059475993018494377 0.00098231718643254748 0.065344598732917633 0.42269522839000973 0.028665474543825328 0.34273217494320179 0.0590598905368152 -0.011095603400880852
leaf_weight=243.61707612522878 59.189316509757191 8.4193334709852916 136.36575704044662 13.218594407197086 635.09442236181349 12.623774722218512 15.178372021764515 166.17062628571875 37.098618108779192 26.319050861522555 6.5772545039653769 35.205096580088139 5.3924445244483641 294.41554961097427 9.7168087726458925 49.132711219601333 13.682454313617198 6.6570208091288787 23.883131354115903 1.320168355014175 1.6856559207662942 2.1047351565212011 58.537269682856277 18354.830644556088 24.937008637469262 2.2873899624683025 36.528956336900592 4.498244256945326 16.800727440742776 71.372499069431797
leaf_count=16654 3425 368 10421 337 8533 55 96 7450 990 1485 28 515 152 10682 914 4764 2080 604 1285 125 159 159 3797 229655 881 174 1982 334 1293 4115
internal_value=-2.47827e-05 0.000418871 -0.0274174 0.0195869 0.000729857 0.000892514 0.043998 0.000819278 0.0169682 0.000304329 -0.0512791 0.0153095 0.105304 0.00056496 0.000668089 0.000957148 0.0694048 0.140593 0.000828545 0.23837 0.368064 0.26782 0.00099063 0.000758349 0.0247665 0.0356197 0.0756534 0.148425 0.102635 0.0143295
internal_weight=20372.9 20129.2 222.25 79.3074 19907 19847.8 66.0888 19835.2 50.9104 19164.9 142.943 670.3 13.8118 18998.7 18972.4 18678 35.1668 21.4844 18642.8 11.7676 5.11056 3.79039 18593.7 18413.4 180.308 156.425 60.1153 23.5864 19.0881 96.3095
internal_count=313512 296858 12392 1943 284466 281041 1606 280986 1510 271938 10449 9048 520 264488 263003 252321 4041 1961 248280 1047 443 318 243516 233452 10064 8779 3783 1801 1467 4996
cat_boundaries=0 24 37 61 85 86 110 134 157 181 204
cat_threshold=64 16 0 512 2147483648 1073741952 16896 0 16777216 69206144 0 0 8388608 12582912 0 553648128 0 2415919360 0 1048576 0 337641476 2281702456 32 9437184 0 4195328 0 0 0 65536 262144 0 0 132096 2 33024 1241777152 8 0 0 0 0 1048584 1056 0 268437520 2048 2147483648 4194368 0 0 2048 8195 540672 12288 262144 8388624 0 536870914 524288 0 65536 0 2 0 655360 524352 8388744 2155872256 1073742080 1 0 1 536870912 0 0 0 1032 0 0 1310720 1078460416 67239940 912 1855761 16384 524288 64 8192 134218752 32800 1024 2097152 0 25461760 0 10 0 0 134217728 0 0 134217728 16400 0 0 134520832 302268545 8 0 0 16777216 0 0 0 0 16777216 0 589824 0 0 0 0 0 0 0 0 0 0 0 536952832 1082130752 19523 2 0 4198404 0 0 0 0 37748736 73728 2684354560 0 0 0 0 0 0 0 0 0 0 0 2148536320 24117760 1048576 4194304 2048 0 1073741824 0 65536 0 536887296 131136 2 0 0 4098 0 0 0 0 0 0 0 8389120 4096 32768 2 0 4194304 0 16777216 0 0 33554432 0 4194304 4096 0 0 0 0 0 0 0 2 0 0 0 18940416
is_linear=0
shrinkage=0.1


end of trees

feature_importances:
OrgaoDestinatario=578
n_pedidos_previos_neste_orgao=123
dias_desde_primeiro_pedido_do_orgao=90
prev_reenc_rate_neste_orgao=87
orgao_rate=86
n_orgaos_distintos_previos=76
orgao_rate_movel_365d=70
prev_reenc_rate_solicitante=63
orgao_rate_movel_90d=61
n_pedidos_previos=52
dias_desde_ultimo_pedido=40
idade=39
reg_month=32
UF=26
prev_reenc_solicitante=26
OrigemSolicitacao=25
reg_dow=25
Municipio=23
reg_day=23
prev_reenc_neste_orgao=12
FormaResposta=3

parameters:
[boosting: gbdt]
[objective: binary]
[metric: average_precision]
[tree_learner: serial]
[device_type: cpu]
[data_sample_strategy: bagging]
[data: ]
[valid: ]
[num_iterations: 600]
[learning_rate: 0.1]
[num_leaves: 31]
[num_threads: 6]
[seed: 42]
[deterministic: 0]
[force_col_wise: 0]
[force_row_wise: 0]
[histogram_pool_size: -1]
[max_depth: -1]
[min_data_in_leaf: 100]
[min_sum_hessian_in_leaf: 0.001]
[bagging_fraction: 0.8]
[pos_bagging_fraction: 1]
[neg_bagging_fraction: 1]
[bagging_freq: 1]
[bagging_seed: 400]
[bagging_by_query: 0]
[feature_fraction: 0.8]
[feature_fraction_bynode: 1]
[feature_fraction_seed: 30056]
[extra_trees: 0]
[extra_seed: 12879]
[early_stopping_round: 0]
[early_stopping_min_delta: 0]
[first_metric_only: 0]
[max_delta_step: 0]
[lambda_l1: 0]
[lambda_l2: 0]
[linear_lambda: 0]
[min_gain_to_split: 0]
[drop_rate: 0.1]
[max_drop: 50]
[skip_drop: 0.5]
[xgboost_dart_mode: 0]
[uniform_drop: 0]
[drop_seed: 17869]
[top_rate: 0.2]
[other_rate: 0.1]
[min_data_per_group: 100]
[max_cat_threshold: 32]
[cat_l2: 10]
[cat_smooth: 10]
[max_cat_to_onehot: 4]
[top_k: 20]
[monotone_constraints: ]
[monotone_constraints_method: basic]
[monotone_penalty: 0]
[feature_contri: ]
[forcedsplits_filename: ]
[refit_decay_rate: 0.9]
[cegb_tradeoff: 1]
[cegb_penalty_split: 0]
[cegb_penalty_feature_lazy: ]
[cegb_penalty_feature_coupled: ]
[path_smooth: 0]
[interaction_constraints: ]
[verbosity: -1]
[saved_feature_importance_type: 0]
[use_quantized_grad: 0]
[num_grad_quant_bins: 4]
[quant_train_renew_leaf: 0]
[stochastic_rounding: 1]
[linear_tree: 0]
[max_bin: 63]
[max_bin_by_feature: ]
[min_data_in_bin: 3]
[bin_construct_sample_cnt: 200000]
[data_random_seed: 175]
[is_enable_sparse: 1]
[enable_bundle: 1]
[use_missing: 1]
[zero_as_missing: 0]
[feature_pre_filter: 1]
[pre_partition: 0]
[two_round: 0]
[header: 0]
[label_column: ]
[weight_column: ]
[group_column: ]
[ignore_column: ]
[categorical_feature: 0,1,2,3,4,5]
[forcedbins_filename: ]
[precise_float_parser: 0]
[parser_config_file: ]
[objective_seed: 16083]
[num_class: 1]
[is_unbalance: 0]
[scale_pos_weight: 1]
[sigmoid: 1]
[boost_from_average: 1]
[reg_sqrt: 0]
[alpha: 0.9]
[fair_c: 1]
[poisson_max_delta_step: 0.7]
[tweedie_variance_power: 1.5]
[lambdarank_truncation_level: 30]
[lambdarank_norm: 1]
[label_gain: ]
[lambdarank_position_bias_regularization: 0]
[eval_at: ]
[multi_error_top_k: 1]
[auc_mu_weights: ]
[num_machines: 1]
[local_listen_port: 12400]
[time_out: 120]
[machine_list_filename: ]
[machines: ]
[gpu_platform_id: -1]
[gpu_device_id: -1]
[gpu_device_id_list: ]
[gpu_use_dp: 0]
[num_gpu: 1]

end of parameters

pandas_categorical:[]
