tree
version=v4
num_class=1
num_tree_per_iteration=1
label_index=0
max_feature_idx=21
objective=binary sigmoid:1
feature_names=Esfera UF Municipio OrgaoDestinatario FormaResposta OrigemSolicitacao reg_month reg_dow reg_day idade orgao_rate n_pedidos_previos prev_reenc_solicitante prev_reenc_rate_solicitante n_pedidos_previos_neste_orgao prev_reenc_neste_orgao n_orgaos_distintos_previos dias_desde_ultimo_pedido prev_reenc_rate_neste_orgao orgao_rate_movel_90d orgao_rate_movel_365d dias_desde_primeiro_pedido_do_orgao
feature_infos=-1:1:3:0:4 -1:3:25:11:23:26:17:18:22:4:6:19:14:20:12:21:7:13:0:15:10:1:5:2:16:24:8:9 -1:181:62:217:311:39:114:48:128:200:248:167:65:333:289:88:292:257:21:58:247:329:3:80:250:59:36:93:172:27:314:10:317:15:206:201:176:204:256:299:85:319:70:54:145:153:161:119:152:300:106:273:66:162:218:224:270:31:334:57:75:272:109:223:304:302:130:214:284:228:310:11:16:19:35:55:117:125:266:286:166:208:234:102:150:129:132:159:165:202:338:278:42:99:118:121:306:5:76:122:249:305:323:26:138:221:295:13:37:38:194:210:285:324:22:23:25:47:67:158:258:29:50:184:209:226:235:280:89:101:123:124:126:136:154:164:197:219:220:236:242:253:262:267:326:337:18:28:60:133:146:195:268:51:72:84:95:96:178:193:231:254:291:49:73:140:142:173:190:213:215:225:255:298:309:322:335:336:2:20:30:33:64:68:71:77:90:107:171:174:188:271:281:303:312:318:330:1:7:12:52:56:63:104:108:116:141:144:157:185:189:191:192:205:216:222:227:232:239:240:243:244:251:252:282:283:290:297:327 -1:325:33:393:332:378:26:379:410:433:411:53:375:157:272:77:238:324:85:273:365:92:392:395:382:70:565:234:32:422:206:374:30:102:385:276:372:56:58:22:137:719:93:24:342:18:28:384:367:63:27:377:369:394:31:23:397:370:114:704:373:681:380:151:695:203:431:656:287:327:671:434:687:670:711:696:330:368:386:389:661:391:694:674:650:667:689:300:96:678:404:636:732:560:705:716:101:686:668:214:703:371:679:207:688:231:723:390:52:728:709:706:440:567:714:208:230:684:697:25:103:677:715:309:289:666:396:713:302:665:301:383:718:624:262:721:491:685:676:691:731:717:726:294:707:29:701:311:540:672:349:712:720:699:710:299:388:692:693:288:673:51:702:669:244:57:286:292:724:725:305:245:708:729:293:138:280:226:680:94:727:60:722:339:347:279:682:376:690:284:698:683:564:69:635:187:295:167:675:310:542:381:200:281:558:594:197:303:185:408:166:212:319:498:290:326:306:169:170:296:78:421:37:266:700:205:283:79:104:559:657:500:105:178:308:73:158:499:54:196:298:543:297:304:193:736:172:95:541:316:551:629:179:285:314:312:639:202:400:307:355:20:291:215:315:527:625:199:282:480:634:177:268:321:55:398:521:190:240:593:175:550:584:638:352:108:168:236:503:313:399:213:663:201:646:191:557:645:484:74:97:182:184:275:417:577:662:186:274:502:517:569:416:429:580:64:501:590:188:228:80:192:176:194:198:497:563:630:504:98:165:189:243:323:488:611:419:531:39:128:570:619:204:640:11:16:174:180:75:76:164:265:418:171:195:409:601:50:154:217:464:561:415:430:505:181:445:578:607:155:576:651:428:466:568:642:173:471:518:14:183:631:41:72:88:241:513:730:738:6:135:267:461:525:40:99:209:641:87:156:210:225:86:239:328:357:90:401:512:618:229:264:407:456:562:571:586:595:617:627:413:424:507:588:19:113:129:528:585:608:735:59:253:259:412:530:546:626:7:15:89:152:227:242:351:516:523:544:547:609:614:644:647:61:109:131:221:322:467:506:575:579:582:127:343:470:478:598:84:134:249:345:346:405:535:44:494:587 -1:3:1:4:0:2 -1:3:1:5:4:7:6:0 [1:12] [0:6] [1:31] [10:103.90000152587891] [0.0052127367816865444:0.53653842210769653] [-1:1925] [-1:186] [-1:1] [-1:1134] [-1:78] [-1:305] [-1:1076] [-1:1] [0.0029041445814073086:0.63034588098526001] [0.0023633518721908331:0.65271258354187012] [0:4613]
tree_sizes=3389 3967 3738 3841 3688 4270 3719 3884 4007 4334 4160 3898 4074 3846 4598 4191 4386 4265 4532 4352 4153 4182 4296 3502 4223 4607 4735 4494 4506 4521 4168 4846 4562 5025 4343 4262 3464 4168 5081 4379 4452 4386 3998 4304 3930 4184 4698 4534 4874 3472 4018 4068 4273 4938 4233 3481 4230 4341 4179 4082

Tree=0
num_leaves=31
num_cat=0
split_feature=10 10 10 10 10 10 14 21 19 16 14 14 19 10 19 10 6 10 21 8 11 14 16 21 9 20 14 16 14 16
split_gain=5704.63 1430.55 1169.55 211.002 186.233 157.975 149.402 130.49 128.303 71.3863 58.7869 49.6457 80.2113 47.8492 47.5828 43.7546 40.6013 37.3824 48.0525 33.6537 31.876 48.8237 68.3018 30.625 30.9716 31.3995 29.3224 30.5101 32.1983 28.7068
threshold=0.11015141755342485 0.2087201923131943 0.064756568521261229 0.15160673856735232 0.40578794479370123 0.038303164765238769 12.500000000000002 4454.5000000000009 0.017118172720074657 4.5000000000000009 16.500000000000004 1.0000000180025095e-35 0.083486475050449385 0.34328401088714605 0.11327800527215005 0.023826113902032379 9.5000000000000018 0.08258861675858499 1272.5000000000002 10.500000000000002 -1.0000000180025095e-35 1.0000000180025095e-35 6.5000000000000009 1664.5000000000002 36.149999618530281 0.22207807004451754 14.500000000000002 6.5000000000000009 2.5000000000000004 26.500000000000004
decision_type=2 2 2 2 2 2 2 2 2 2 2 2 2 2 2 2 2 2 2 2 2 2 2 2 8 2 2 2 2 2
left_child=2 3 5 6 10 15 11 14 -4 19 13 23 -13 -3 -5 -1 20 -10 -19 -9 -16 -22 -23 24 -2 -26 27 28 -20 -29
right_child=1 4 8 7 -6 -7 -8 9 17 -11 -12 12 -14 -15 16 -17 -18 18 26 -21 21 22 -24 -25 25 -27 -28 29 -30 -31
leaf_value=-2.6952799735067079 -2.2195801135900846 -2.1818509444846188 -2.1374053176551526 -2.1701393329519183 -1.7015434411898984 -2.6394791800266533 -2.6584832003002679 -2.3852620668464248 -2.5847928291970286 -2.2220709513979009 -1.9227129136380952 -2.2500814158256759 -2.5398546104923576 -2.021309424087903 -2.4500588609500706 -2.670340011162502 -2.173921973599851 -2.4760403600647898 -2.5567948153901976 -2.5119902879917171 -2.2852608464641544 -2.5201281338025074 -2.2360865611523302 -2.4522504893596349 -2.3678489570118799 -2.5270537667037862 -2.6393137163415865 -2.4605495213647077 -2.640998735200013 -2.5662816997878743
leaf_weight=1255.5630223453045 10.036783576011656 93.547969996929169 7.0128808319568625 20.459597289562225 11.130535632371901 1320.5447621643543 38.538675397634506 29.145275384187698 618.7419721186161 12.352964401245115 12.610317826271055 10.487152069807051 107.18770152330399 23.161808252334595 25.220635652542114 1599.7088899612427 14.797821938991545 75.082861751317978 560.96612820029259 74.568154901266098 86.149059027433395 24.512913733720779 12.93200960755348 426.94933211803436 48.832812398672104 16.599295914173126 43.814420610666275 60.671069949865341 49.411857604980469 44.52214252948761
leaf_count=19515 156 1454 109 318 173 20525 599 453 9617 192 196 163 1666 360 392 24864 230 1167 8719 1159 1339 381 201 6636 759 258 681 943 768 692
internal_value=-2.6005 -2.39211 -2.64114 -2.43577 -2.09405 -2.66808 -2.46744 -2.36628 -2.56411 -2.44931 -2.12783 -2.45556 -2.51403 -2.14999 -2.31392 -2.68131 -2.3319 -2.56617 -2.55236 -2.47638 -2.3476 -2.3267 -2.42203 -2.44187 -2.38315 -2.40824 -2.5599 -2.55504 -2.56361 -2.5053
internal_weight=6735.26 1099.22 5636.04 958.77 140.451 4175.82 658.632 300.138 1460.22 116.066 129.32 620.093 117.675 116.71 184.072 2855.27 163.612 1453.21 834.468 103.713 148.815 123.594 37.4449 502.418 75.4689 65.4321 759.386 715.571 610.378 105.193
internal_count=104685 17085 87600 14902 2183 64904 10237 4665 22696 1804 2010 9638 1829 1814 2861 44379 2543 22587 12970 1612 2313 1921 582 7809 1173 1017 11803 11122 9487 1635
is_linear=0
shrinkage=1


Tree=1
num_leaves=31
num_cat=6
split_feature=20 20 20 3 3 14 3 21 21 14 14 9 20 21 3 21 1 3 14 21 19 14 19 6 19 7 19 21 20 11
split_gain=3324.03 700.729 626.142 190.498 111.962 91.9896 100.098 79.1282 66.8114 66.1989 56.8266 56.4784 52.5268 51.5429 47.4042 85.5366 39.8928 39.8328 38.4027 36.6941 32.2971 30.4432 29.5343 28.0192 24.9654 24.2706 35.8611 24.1336 23.2451 21.9645
threshold=0.10984231904149057 0.047933906316757209 0.28205515444278723 0 1 38.500000000000007 2 1272.5000000000002 4256.5000000000009 3.5000000000000004 6.5000000000000009 54.149999618530281 0.019696546718478206 3943.5000000000005 3 1429.5000000000002 4 5 16.500000000000004 910.50000000000011 0.10704705864191057 22.500000000000004 0.043770212680101402 8.5000000000000018 0.1536744758486748 3.5000000000000004 0.060076640918850906 910.50000000000011 0.141564816236496 243.50000000000003
decision_type=2 2 2 9 9 2 9 2 2 2 2 10 2 2 9 2 9 9 2 2 2 2 2 2 2 2 2 2 2 2
left_child=1 4 5 10 9 6 7 19 24 22 13 18 -6 20 -8 27 -5 -18 -10 28 -3 -14 -1 -24 -4 -15 -27 -16 -2 -9
right_child=2 3 8 16 12 -7 14 29 11 -11 -12 -13 21 25 15 -17 17 -19 -20 -21 -22 -23 23 -25 -26 26 -28 -29 -30 -31
leaf_value=-0.042200819898941137 0.33435637095827631 0.12698852509554967 0.17971026776780019 0.064509995852150101 -0.090986645841584571 -0.098867051536767128 -0.026977873239079131 0.10877634092716318 0.19908409758457096 0.29564346105974981 -0.032264227084118073 0.46676257425732298 -0.059086547751063423 0.041522607673196231 0.10907138911671453 0.043572361258745022 0.0072304311759842383 -0.028967270143488606 0.34564636754976558 0.36983146207624013 0.34929740694837402 -0.099343574208546948 0.025363327358441698 0.23620310653077248 0.3475183206262682 0.27966327382223755 0.077421769105360208 0.19831785255334819 0.16396187237882778 0.22834473118566767
leaf_weight=36.270087480545044 9.2108191251754743 38.958861369639635 10.026664830744265 51.97090195864439 1100.787234518677 24.227431602776051 55.41953494399786 678.29413958266377 185.7127879448235 9.880696799606083 69.214015685021877 9.1761670187115651 1694.4649315774441 361.49857886135578 97.742076020687819 323.83305282518268 437.60566684603691 986.61138500645757 19.782299973070621 12.878686364740132 7.8522128388285628 211.26966117694974 19.537819612771276 9.3048601076006872 76.568109076470137 9.5469964295625669 107.40364669635892 43.912672977894545 61.21158429607749 15.719464480876921
leaf_count=523 106 514 129 784 18484 391 848 9275 2182 134 1084 106 27906 5361 1323 4865 6711 15751 181 144 103 3492 297 142 764 141 1592 583 719 218
internal_value=-0.000928209 -0.0402478 0.123836 0.00474131 -0.0704788 0.0941967 0.0977996 0.120982 0.253942 0.0480498 0.052033 0.224032 -0.0733511 0.0641316 0.059737 0.0704113 -0.0145574 -0.0178723 0.213193 0.214631 0.164279 -0.0635494 0.0178575 0.0933818 0.328088 0.0543332 0.0939313 0.136738 0.186248 0.111485
internal_weight=6775.89 5152.18 1623.72 2070.66 3081.52 1322.45 1298.22 777.315 301.266 74.9935 594.474 214.671 3006.52 525.26 520.907 465.488 1476.19 1424.22 205.495 83.3011 46.8111 1905.73 65.1128 28.8427 86.5948 478.449 116.951 141.655 70.4224 694.014
internal_count=104853 83019 21834 32041 50978 18472 18081 10462 3362 1096 8795 2469 49882 7711 7619 6771 23246 22462 2363 969 617 31398 962 439 893 7094 1733 1906 825 9493
cat_boundaries=0 21 45 66 90 91 112
cat_threshold=327680 0 2097152 514 0 0 0 65536 0 0 256 1166147584 134382592 24576 0 68157440 2147516928 524352 0 1476397056 2097184 25165888 8388864 1048577 256 0 131200 262145 24 1314816 0 524288 0 36866 0 0 0 32 8519688 0 65536 8388608 0 0 1 0 128 2097152 64 0 0 2048 1024 0 0 32 156237832 49252 0 0 2099216 0 192 262144 2148007937 1029 262144 32 88080384 512 0 128 2097152 536870944 0 0 0 1610612736 131072 0 1073741824 262144 1611169793 8437760 2148007937 1073741824 64 0 0 4 111151104 0 25165856 0 2147745792 128 274729120 0 32768 33554432 0 536875010 268771336 2097152 8 0 16777216 73744 163840 0 0 2048
is_linear=0
shrinkage=0.1


Tree=2
num_leaves=31
num_cat=3
split_feature=10 10 10 10 10 10 21 19 19 21 6 11 16 11 21 3 11 11 17 3 3 21 11 8 11 17 16 16 7 9
split_gain=3125.15 679.562 240.225 109.722 94.0195 77.1757 48.7905 41.9487 39.3827 33.6042 41.3884 33.4321 40.836 79.5061 28.2622 25.0249 65.1639 38.7334 24.6248 26.1303 25.7192 34.9 23.0704 23.0125 21.7404 21.0159 20.7542 23.5281 25.2339 20.6905
threshold=0.077786073088645949 0.15160673856735232 0.04906145483255387 0.11015141755342485 0.2087201923131943 0.023826113902032379 248.50000000000003 0.015702390111982826 0.076750010251998915 1664.5000000000002 9.5000000000000018 17.500000000000004 57.500000000000007 469.50000000000006 4471.5000000000009 0 1.0000000180025095e-35 9.5000000000000018 5.5000000000000009 1 2 2083.5000000000005 -1.0000000180025095e-35 10.500000000000002 17.500000000000004 133.50000000000003 50.500000000000007 1.5000000000000002 2.5000000000000004 43.850000381469734
decision_type=2 2 2 2 2 2 2 2 2 2 2 2 2 2 2 9 2 2 2 9 9 2 2 2 2 2 2 2 2 10
left_child=2 3 5 6 8 -1 -2 -8 -3 10 -6 29 -13 -14 -10 16 -4 25 20 -20 -9 -22 -23 -16 -7 -18 27 -11 -29 -5
right_child=1 4 15 11 9 24 7 18 14 26 -12 12 13 -15 23 -17 17 -19 19 -21 21 22 -24 -25 -26 -27 -28 28 -30 -31
leaf_value=-0.092368353111454429 0.18282548495621487 0.32079403524890654 -0.019605520306901835 0.08546061100356378 0.31875526700674683 -0.052846380871915524 0.25832501480676923 -0.013382551319448342 0.15366071423935967 0.1728096406877207 0.15443219281947929 -0.0060371735417000215 0.35094662887928457 -0.014522047091565815 0.16579215676974698 -0.025855754524206104 0.17162687714292896 -0.0089505439671373477 -0.029311042070656081 0.033251270010513756 0.11812600718937936 -0.00025117637932300945 0.045613202803147568 0.073035849995581367 -0.077797664289743315 0.022196201803065474 0.10098867883701593 0.30148338992257501 0.17838466775042497 0.15796699565382136
leaf_weight=1076.2854107543826 21.600078262388706 11.752535872161387 228.54282553121448 655.501031357795 54.784701779484749 1445.7480381205678 8.0696676075458509 91.858129430562258 273.62846722453833 91.6630919277668 21.282317221164703 78.965621083974838 10.42157442122698 13.880879223346708 36.55334709584713 832.1710544899106 39.754104215651751 28.383385226130486 125.74712138995528 121.41162421181798 57.690415240824223 133.61753817275167 612.03728454187512 99.702308103442192 460.41409536078572 12.331040386110542 21.34972982853651 40.023464888334274 28.517668873071671 41.870622344315052
leaf_count=19548 291 115 3503 8203 427 24939 79 1293 2898 812 172 1113 133 206 426 13570 608 435 1847 1752 773 1947 8981 1271 8078 189 161 347 244 530
internal_value=-0.00156735 0.0831206 -0.0560306 0.053416 0.169387 -0.0709606 0.0339235 0.0311277 0.140306 0.216983 0.27278 0.0819505 0.0288483 0.142201 0.135131 -0.0170114 0.00740358 0.0850336 0.0295228 0.00158082 0.0372374 0.042661 0.0373945 0.0979196 -0.0588731 0.13625 0.193606 0.205948 0.250266 0.0898139
internal_weight=6775.56 2651.93 4123.63 1972.67 679.258 2982.45 1172.03 1150.43 421.637 257.621 76.067 800.64 103.268 24.3025 409.884 1141.18 309.011 80.4685 1142.36 247.159 895.203 803.345 745.655 136.256 1906.16 52.0851 181.554 160.204 68.5411 697.372
internal_count=104891 34021 70870 27148 6873 52565 16963 16672 4710 2163 599 10185 1452 339 4595 18305 4735 1232 16593 3599 12994 11701 10928 1697 33017 797 1564 1403 591 8733
cat_boundaries=0 20 38 59
cat_threshold=0 32 1048577 0 0 278544 2097153 24 33816576 0 67637248 536870944 2147483648 4 1073741824 0 536870912 16384 4194305 64 16777216 16777216 8192 0 0 0 0 0 0 0 0 1409679360 1 0 0 1048576 2147483648 524288 17039360 0 33554432 0 0 2099200 0 536870914 0 0 2 65536 0 0 4194304 67108864 8389216 0 524292 268435464 8388672
is_linear=0
shrinkage=0.1


Tree=3
num_leaves=31
num_cat=5
split_feature=10 10 10 10 14 1 10 19 3 20 16 14 17 10 14 3 17 7 20 20 17 3 10 16 14 11 20 14 3 6
split_gain=2502.11 463.554 188.317 105.758 66.5479 50.3531 48.8188 36.5565 34.8862 40.8064 33.3747 56.5773 31.8738 51.8764 29.8794 27.9759 33.8471 31.3467 59.2758 26.2213 24.493 23.9977 23.5918 23.504 23.4696 22.5868 22.7097 20.4893 20.381 19.8843
threshold=0.077127590775489821 0.15160673856735232 0.040091510862112052 0.10648618638515474 1.0000000180025095e-35 0 0.028411639854311947 0.017118172720074657 1 0.075848478823900237 6.5000000000000009 2.5000000000000004 3.5000000000000004 0.12494447454810144 15.500000000000002 2 1.5000000000000002 2.5000000000000004 0.141564816236496 0.22207807004451754 39.500000000000007 3 0.1063349023461342 15.500000000000002 24.500000000000004 -1.0000000180025095e-35 0.28205515444278723 1.0000000180025095e-35 4 7.5000000000000009
decision_type=2 2 2 2 2 9 2 2 9 2 2 2 2 2 2 9 2 2 2 2 2 9 2 2 2 2 2 2 9 2
left_child=2 3 6 7 12 19 -1 -2 -9 29 11 -11 -5 -14 21 -6 17 18 -17 -3 25 -4 -12 -24 -8 -7 -27 -22 -23 -10
right_child=1 5 14 4 15 20 24 8 9 10 22 -13 13 -15 -16 16 -18 -19 -20 -21 27 28 23 -25 -26 26 -28 -29 -30 -31
leaf_value=-0.086316655566821637 0.19801510244048315 0.35976801589843244 0.0045823440265901601 0.075938824287892351 -0.018900602883999088 0.08371827735804814 -0.05255448003559713 0.0031573865008387584 0.071071627350976316 0.030041161845046929 0.057255174073810214 -0.072327213145759531 0.06471377775097141 0.2371337255266952 -0.08364592628435874 0.39447771464463344 0.00030755724107480755 0.031993603229954017 0.08634427741744824 0.21505338061623874 0.10915394185659509 -0.0046757724474762712 0.29442119409586437 0.081642269329833428 -0.09746515890802844 0.11346075640527493 0.15658063233596417 0.011191587710930779 -0.038784791255603968 0.17551587959171178
leaf_weight=1300.967514809221 12.091925807297228 15.051139354705809 278.24156726524234 667.86646977066994 102.0755389817059 105.10007418692112 988.68249471858144 535.54741850495338 67.333826251327991 552.60875429213047 76.00024601444602 59.835598483681679 36.614309005439281 33.338989458978176 82.473323494195938 9.0941125601530093 54.614605911076069 26.165800310671329 19.914051592350006 74.474122889339924 52.600959502160549 257.98735503852367 9.4088900685310382 11.581609904766081 131.88235527276993 246.5786492601037 242.02314675599337 35.937271542847157 640.41243604198098 24.994343522936106
leaf_count=25276 104 119 4558 7832 1403 1010 18091 7828 930 7765 1059 933 447 382 1408 105 700 342 256 487 479 4337 120 165 2543 2479 1956 352 10925 349
internal_value=-0.00122264 0.0654252 -0.0568285 0.0429146 0.0684804 0.132484 -0.0731391 0.0249219 0.0233568 0.0363564 0.0286713 0.0200398 0.0826655 0.146887 -0.0254599 0.0190808 0.0514308 0.111357 0.182945 0.215331 0.116745 -0.0213815 0.0831743 0.177019 -0.0578401 0.125773 0.13482 0.0693915 -0.0291492 0.0993459
internal_weight=6751.5 3070.85 3680.65 2299.09 949.684 771.765 2421.53 1349.4 1337.31 801.763 709.435 612.444 737.82 69.9533 1259.11 211.864 109.789 55.174 29.0082 89.5253 682.24 1176.64 96.9907 20.9905 1120.56 593.702 488.602 88.5382 898.4 92.3282
internal_count=104740 37602 67138 30720 11467 6882 45910 19253 19149 11321 10042 8698 8661 829 21228 2806 1403 703 361 606 6276 19820 1344 285 20634 5445 4435 831 15262 1279
cat_boundaries=0 1 24 45 64 88
cat_threshold=46139392 16809984 16777216 33554432 131072 16777216 0 0 536870912 0 0 8392966 1073946624 2097152 1 4194304 1048576 8389136 524288 66 67108864 64 0 2147483648 0 0 2097152 576 0 0 0 0 0 0 0 4718593 32 0 0 256 32768 8320 0 136314880 2097152 679477248 289 1048577 0 192 16384 8396800 24 1054720 0 67633152 0 2064 64 0 16777216 1611137024 147456 4194304 0 0 16777216 129 0 8388640 32 0 262144 0 64 32 512 14 8388608 8388608 0 0 0 64 0 0 0 1
is_linear=0
shrinkage=0.1


Tree=4
num_leaves=31
num_cat=4
split_feature=10 10 10 10 10 0 19 3 21 20 3 20 8 11 11 21 3 17 20 16 9 20 11 21 9 17 19 20 19 19
split_gain=2034.99 309.617 153.312 126.793 42.0583 35.5211 34.8182 23.9771 32.585 21.9465 20.3968 19.8528 15.144 13.8044 14.7203 13.8669 13.1754 12.9384 21.5155 15.9951 14.0881 12.7892 12.6574 13.495 12.6478 12.3743 12.3072 11.8539 19.398 59.1687
threshold=0.065834581851959242 0.12024935707449914 0.028411639854311947 0.2087201923131943 0.044620942324399955 0 0.015702390111982826 1 2083.5000000000005 0.095389395952224745 2 0.22207807004451754 8.5000000000000018 1.0000000180025095e-35 49.500000000000007 3943.5000000000005 3 1.5000000000000002 0.28205515444278723 5.5000000000000009 57.750000000000007 0.1640133932232857 21.500000000000004 4249.5000000000009 28.44999980926514 166.50000000000003 0.04741115681827069 0.024849578738212589 0.020444549620151523 0.019472314044833187
decision_type=2 2 2 2 2 9 2 9 2 2 9 2 2 2 2 2 9 2 2 2 8 2 2 2 10 2 2 2 2 2
left_child=2 6 -1 5 22 10 -2 -8 9 -9 -3 -12 13 15 -15 -5 -11 18 -7 20 -20 25 23 -4 -18 26 -10 28 29 -25
right_child=1 3 4 12 -6 17 7 8 21 16 11 -13 -14 14 -16 -17 24 -19 19 -21 -22 -23 -24 27 -26 -27 -28 -29 -30 -31
leaf_value=-0.083631348664701843 0.19439986170332313 0.014343317557336137 -0.081885193307224782 0.11981849504824989 -0.023420450075188767 0.064935996172803809 -0.017813419051079818 0.1086590271324091 0.11605922425780094 -0.023703554727355341 0.19406524842258763 0.096546879628294766 0.15362580282051974 0.18698658068518187 0.076170330346525372 -0.0015004084013025998 0.042190436182444543 0.044017530648764305 0.01418421508662319 0.20689362471180617 0.11521491847026658 0.074539321362855432 -0.070766036328853685 -0.032144032747986689 0.13867388511698922 -0.020031816757851758 0.021105544268713739 -0.048901032421073347 -0.041865851096876634 0.18094130639321418
leaf_weight=1195.9602103680372 12.026377245783804 27.092380791902542 95.368502467870712 18.970516100525856 957.51616321131587 835.52665498480201 125.98259971663356 73.217041656374931 13.807556539773939 25.810696817934513 72.152150295674801 29.37531416863203 247.89279929548502 28.290786527097225 20.800035864114761 18.717280119657516 78.520599823445082 232.47626504302025 16.897893883287907 15.369198963046072 75.337839752435684 44.095276907086372 261.77813098207116 51.58738599717617 16.429285451769829 73.641645260155201 1197.229558121413 686.91787084564567 157.96636672317982 17.435485079884529
leaf_count=25101 84 268 1787 116 16415 9047 1716 934 195 312 629 281 1623 188 131 140 922 2476 144 118 651 580 5285 995 191 1050 16869 12934 3048 335
internal_value=-0.000748153 0.0552956 -0.0547483 0.0861314 -0.0392483 0.0720416 0.0248657 0.023629 0.0269974 0.0654611 0.125309 0.150979 0.14104 0.105087 0.140033 0.0595666 0.0392702 0.0645983 0.0703563 0.112444 0.0967058 0.0215856 -0.0511718 -0.0460896 0.0532743 0.019768 0.0221882 -0.0423542 -0.0225421 0.0216823
internal_weight=6724.19 3299.66 3424.53 1638.9 2228.57 1304.23 1660.76 1648.73 1522.75 193.978 128.62 101.527 334.671 86.7786 49.0908 37.6878 120.761 1175.61 943.132 107.605 92.2357 1328.77 1271.05 1009.28 94.9499 1284.68 1211.04 913.907 226.989 69.0229
internal_count=104565 38665 65900 15812 40799 13614 22853 22769 21053 2359 1178 910 2198 575 319 256 1425 12436 9960 913 795 18694 24384 19099 1113 18114 17064 17312 4378 1330
cat_boundaries=0 1 22 42 65
cat_threshold=9 16777344 0 0 2 16777216 264192 0 536936472 0 0 67108864 327681 268435456 1 0 8388608 8389120 524288 4194308 67108864 80 0 0 0 0 0 0 0 0 256 0 0 8 0 0 0 33554432 0 0 256 142606336 0 0 0 0 0 0 0 32 0 0 2 0 0 0 0 16777216 524288 0 524288 1342177280 0 0 2147483648
is_linear=0
shrinkage=0.1


Tree=5
num_leaves=31
num_cat=9
split_feature=20 3 3 21 3 20 1 14 14 14 20 14 16 3 14 20 11 16 3 20 3 14 21 11 6 19 3 17 14 3
split_gain=1347.52 301.305 132.622 76.9758 72.0104 65.6688 55.052 53.2362 46.4548 37.5253 30.0792 36.6843 30.8974 27.5685 26.5994 25.0981 48.6917 23.7528 22.1586 22.1448 20.9741 35.4314 18.9906 18.3503 27.7657 17.6434 16.9625 16.9303 44.4142 34.0178
threshold=0.060575431212782867 0 1 3458.5000000000005 2 0.019696546718478206 3 8.5000000000000018 14.500000000000002 16.500000000000004 0.19350311160087588 1.5000000000000002 1.5000000000000002 4 1.5000000000000002 0.141564816236496 -1.0000000180025095e-35 40.500000000000007 5 0.02756530232727528 6 1.0000000180025095e-35 4587.5000000000009 9.5000000000000018 7.5000000000000009 0.056341832503676421 7 1.5000000000000002 1.0000000180025095e-35 8
decision_type=2 9 9 2 9 2 9 2 2 2 2 2 2 9 2 2 2 2 9 2 9 2 2 2 2 2 9 2 2 9
left_child=2 3 7 -2 -3 20 26 19 13 18 11 15 14 25 22 16 -5 -13 -7 -1 21 -4 -12 -21 -25 -8 -6 28 29 -15
right_child=1 4 5 10 6 9 8 -9 -10 -11 12 17 -14 27 -16 -17 -18 -19 -20 23 -22 -23 -24 24 -26 -27 -28 -29 -30 -31
leaf_value=-0.046683398640607485 0.13297835261205032 -0.045013824930977171 -0.037866756562520254 -0.014394599604764075 0.013183143795696826 0.0049086545962567611 0.1289770750225836 0.25511728103156806 -0.054579267003038279 -0.088891518518257925 0.064674991656056682 -0.06011087479551655 0.10694195253329486 0.025795981029278617 -0.051892904092337988 0.041004456022187379 0.15727471192578985 0.083542429841611282 -0.046069806068277527 0.028970400330913377 -0.084861127864402891 0.24331347868323766 0.17881693540092777 0.0089047638733062897 0.2554001265473177 0.032793565587889616 0.097564582915053821 -0.010742194557694654 0.066674902654039733 -0.013124375941427771
leaf_weight=30.55696465075016 191.37934415787458 173.34946438670158 25.200434781610969 23.682390794157982 48.037854745984077 96.250448498874903 19.624426614493132 11.165078997611998 89.623131655156612 203.19668255001307 559.49623945355415 49.373140938580036 230.07342538610101 474.2661803625524 19.237089268863201 267.25628225505352 54.64813082665205 15.009273029863833 1575.1493669450283 71.601945620030165 787.74684307724237 5.4507695846259585 14.966274842619894 8.5274634249508399 9.8461318202316743 676.64675426483154 114.97657787427306 295.85366893932223 150.14011899381876 411.54623593389988
leaf_count=384 1163 3063 526 256 526 1523 234 104 1483 4419 5214 691 1739 6873 187 2744 588 198 31352 1123 17888 115 139 129 137 8152 1107 4409 2161 6137
internal_value=-0.00120305 0.0370547 -0.0537429 0.0734543 0.0155541 -0.0584145 0.0203341 0.0429568 0.0158017 -0.0483136 0.0648162 0.0426828 0.0758314 0.0189898 0.0637753 0.055594 0.105372 -0.0266214 -0.0433804 0.026868 -0.0822652 0.0091507 0.0676487 0.0518472 0.140998 0.0350018 0.0748979 0.0102787 0.0163812 0.00785673
internal_weight=6703.88 3879.19 2824.69 1425.12 2454.06 2692.99 2280.71 131.698 2117.7 1874.6 1233.74 409.969 823.773 2028.08 593.7 345.587 78.3305 64.3824 1671.4 120.533 818.398 30.6512 574.463 89.9755 18.3736 696.271 163.014 1331.81 1035.95 885.812
internal_count=104764 47064 57700 12919 34145 55823 31082 1877 29449 37294 11756 4477 7279 27966 5540 3588 844 889 32875 1773 18529 641 5353 1389 266 8386 1633 19580 15171 13010
cat_boundaries=0 21 45 69 70 94 117 140 163 183
cat_threshold=0 128 2097216 64 0 0 2048 1024 64 0 32 134217728 16826560 256 0 2048 0 234881152 281600 787457 1029 150994944 8651008 2147483649 131073 0 2490496 262145 33882130 6144 0 536870912 262144 32768 64 0 262144 8388640 8388608 0 65536 0 0 0 1 134217728 2097184 2248146944 4224 0 393344 1024 65536 1048576 0 0 0 4114 96 0 393216 536870912 8404992 0 196608 0 0 0 1 113248256 0 2147483648 0 512 0 0 0 32768 524296 0 0 2448523272 167773189 0 0 1 329728 8256 33554448 4194304 2097152 0 0 4 2048 134217760 1048576 2147484034 0 67125248 0 8 34603008 0 67633152 0 2 32 8388608 16777216 2147491904 131144 0 0 8390784 0 67108864 2147483648 0 0 0 67108864 0 0 0 8388608 524288 16 0 0 0 0 0 268435456 0 0 0 0 71796736 512 0 512 0 0 0 16 0 0 0 0 0 0 0 16389 4194304 16777232 0 16777216 131586 67108872 64 0 2147483648 16777216 16777217 8192 262144 0 0 0 0 0 0 0 1141374976 10784 8200 0 135266304 557570 524288 4 134219776
is_linear=0
shrinkage=0.1


Tree=6
num_leaves=31
num_cat=4
split_feature=10 10 10 14 10 14 3 21 19 7 20 20 20 19 14 21 1 14 13 9 7 14 8 19 3 14 20 9 3 20
split_gain=1363.35 167.896 150.618 56.7489 49.9604 48.5312 37.0181 21.3671 19.5465 18.1778 17.4816 15.7647 16.8079 20.8598 20.5997 15.5751 15.514 16.9026 15.4683 15.5049 14.3967 13.9241 13.5645 13.4237 19.1696 21.0539 23.3963 14.8107 13.364 12.8602
threshold=0.065834581851959242 0.12494447454810144 0.028411639854311947 16.500000000000004 0.1997601464390755 34.500000000000007 0 1664.5000000000002 0.12793135643005374 3.5000000000000004 0.060575431212782867 0.075848478823900237 0.141564816236496 0.10704705864191057 1.0000000180025095e-35 1664.5000000000002 1 1.5000000000000002 -1.0000000180025095e-35 48.350000381469734 2.5000000000000004 5.5000000000000009 14.500000000000002 0.015702390111982826 2 8.5000000000000018 0.065161265432834639 49.549999237060554 3 0.22207807004451754
decision_type=2 2 2 2 2 2 9 2 2 2 2 2 2 2 2 2 9 2 2 10 2 2 2 2 9 2 2 8 9 2
left_child=2 16 -1 6 5 7 9 8 29 21 -11 -9 13 -13 -15 -8 17 -2 19 -14 -16 -4 -12 -18 -25 26 -26 -27 -28 -3
right_child=1 4 3 -5 -6 -7 15 11 -10 10 22 12 18 14 20 -17 23 -19 -20 -21 -22 -23 -24 24 25 27 28 -29 -30 -31
leaf_value=-0.081110399908378317 0.076105937640468024 0.13046694603621442 -0.0065381553752290921 -0.08627841051802676 0.089426352218165903 -0.094010689013818413 -0.067013307700610397 -0.016471823547719519 0.051513010692020959 0.094964440316411963 0.056728561217459089 0.034490025934833211 0.033669688169882535 0.17639843848712203 -0.032392629198515953 -0.03316194231945626 0.11291850007224545 -0.061147209870274555 0.065296626210182104 0.11830706760105479 0.13508630519457945 -0.083396154979632792 -0.041194248186738835 -0.039953265128965965 0.087433783388735462 -0.074772863543098589 0.032338185756862002 0.0070036918351654188 0.011828536866068697 0.026825960166817382
leaf_weight=1041.5052658766508 89.458235837519169 85.756393499672413 269.89463286846876 192.98655526340008 506.85464059561491 22.347818579524755 150.87822580337524 35.608958102762699 88.962544627487659 33.742907017469406 26.329622454941273 38.293242827057838 536.56927880644798 35.4752182289958 10.364777062088253 1370.7978697381914 14.466073274612425 9.972636476159094 297.86355108767748 22.554159849882126 10.167788431048391 25.827330477535725 30.570759642869234 50.688912775367498 51.028691563755274 39.503124475479126 479.69719501957297 50.407882198691368 1039.7752625271678 13.915232188999651
leaf_count=25144 1005 649 4677 4357 3228 366 2815 385 712 589 455 424 5126 334 135 27225 88 114 2815 196 121 446 526 710 637 613 5912 752 14094 120
internal_value=-0.002109 0.0405427 -0.0500159 -0.0346019 0.0631086 0.0519728 -0.0293752 0.0547481 0.0855857 -0.00121059 0.0379364 0.0488538 0.0512991 0.0913701 0.13026 -0.03628 0.0194638 0.0566431 0.0468898 0.0370838 0.0505434 -0.0132507 0.00411776 0.0168953 0.0161822 0.018028 0.0208308 -0.0289255 0.0185941 0.115998
internal_weight=6672.26 3529.73 3142.53 2101.03 1704.73 1197.88 1908.04 1175.53 188.634 386.365 90.6433 986.897 951.288 94.301 56.0078 1521.68 1825 99.4309 856.987 559.123 20.5326 295.722 56.9004 1725.57 1711.1 1660.41 1570.5 89.911 1519.47 99.6716
internal_count=104770 38536 66234 41090 14611 11383 36733 11017 1481 6693 1570 9536 9151 1014 590 30040 23925 1119 8137 5322 256 5123 981 22806 22718 22008 20643 1365 20006 769
cat_boundaries=0 24 25 45 69
cat_threshold=679477248 0 1024 256 0 135312 8388640 0 34603008 1048576 64 32 530 40 0 131072 0 147456 0 196608 2048 0 67108864 1 44173312 16777216 0 0 2147614720 0 0 0 0 0 0 524290 0 0 8192 0 25165824 64 0 0 64 0 2281701376 0 0 0 0 0 0 0 0 0 1348501504 134218785 0 0 0 2147581953 524288 16 0 0 0 0 4
is_linear=0
shrinkage=0.1


Tree=7
num_leaves=31
num_cat=7
split_feature=10 10 10 14 3 10 14 1 21 3 11 21 3 19 3 19 7 6 21 11 3 11 3 21 17 16 17 14 19 19
split_gain=1144.43 134.028 121.865 54.0742 45.8873 38.5575 28.8713 28.2027 20.604 25.6545 19.1807 18.654 17.6351 15.7999 14.909 14.7164 13.9562 13.4345 13.2653 13.2169 23.9075 22.5461 20.0751 19.165 15.724 18.0276 14.7978 29.1941 12.7762 44.4016
threshold=0.065834581851959242 0.028411639854311947 0.15160673856735232 14.500000000000002 0 0.091539215296506896 56.500000000000007 1 4284.5000000000009 2 141.50000000000003 1664.5000000000002 3 0.12082491815090181 4 0.10704705864191057 3.5000000000000004 5.5000000000000009 4593.5000000000009 1.0000000180025095e-35 5 11.500000000000002 6 248.50000000000003 154.50000000000003 1.5000000000000002 7.5000000000000009 1.0000000180025095e-35 0.020444549620151523 0.019472314044833187
decision_type=2 2 2 2 9 2 2 9 2 9 2 2 9 2 9 2 2 2 2 2 9 2 9 2 2 2 2 2 2 2
left_child=1 -1 5 4 -3 15 11 -4 14 10 -10 12 -7 -14 -6 19 -17 -15 -9 22 21 24 -2 -22 25 -21 -25 -28 29 -11
right_child=2 3 7 -5 8 6 -8 18 9 28 -12 -13 13 17 -16 16 -18 -19 -20 20 23 -23 -24 26 -26 -27 27 -29 -30 -31
leaf_value=-0.077521448244133068 -0.012150075182181065 0.00030748227047219903 0.12047451769148604 -0.083017910682870955 0.0018481984448319125 0.023190795072033088 -0.09970787352095499 0.057385779873511782 -0.0035415427062871971 -0.040553391346468598 0.14035365211841017 0.032594820558272272 0.11644920589167498 0.1125873673877531 -0.064038586780866491 -0.0011302291356248702 -0.075720454406356483 -0.0037625098128417989 0.13990982391477266 0.11205734874303031 0.16521513379256425 -0.026154723674641653 0.02381576883722639 0.032649662922533539 0.019302074398199792 0.26347955365780423 0.040328580557567079 -0.047795428527681219 -0.04225614442184935 0.11223777063860015
leaf_weight=963.89126459136605 295.27938705682755 470.88041168823838 97.486182898283005 190.11570516228676 47.244528643786907 102.60900653898716 15.496925141662357 880.07671523839235 195.97206004336476 82.033767573535442 9.7230299152433854 1234.8967742547393 90.100879527628422 16.345038920640945 309.46331248059869 105.70412233844399 32.889209762215614 25.262273482978344 19.919472269713879 22.561928238719702 8.7052202485501748 11.044179812073706 308.22963375225663 203.87337855249643 9.4515146985650045 12.067903459072111 67.765320684760809 84.431649189442396 701.50749859586358 24.760383289307356
leaf_count=25068 4309 8260 501 4598 935 946 286 6238 3648 1761 174 13319 822 158 6297 1432 435 239 152 284 106 168 4081 2723 143 154 931 1229 14823 480
internal_value=-0.00102129 -0.046812 0.0366194 -0.0322426 -0.0270009 0.0253931 0.036071 0.0664074 -0.0361209 -0.0291126 0.00310911 0.0375031 0.0633708 0.0863561 -0.0570556 0.0117499 -0.018831 0.0419444 0.0585616 0.0158912 0.0295153 0.0860101 0.00641203 0.018123 0.133624 0.164825 0.0150359 -0.00855843 -0.0368943 -0.00512853
internal_weight=6639.79 2995.59 3644.2 2031.7 1841.58 2646.71 1484.71 997.482 1370.7 1014 205.695 1469.21 234.317 131.708 356.708 1162 138.593 41.6073 899.996 1023.41 419.901 55.1255 603.509 364.776 44.0813 34.6298 356.07 152.197 808.302 106.794
internal_count=104700 66044 38656 40976 36378 31765 15770 6891 28118 20886 3822 15484 2165 1219 7232 15995 1867 397 6390 14128 5738 749 8390 4989 581 438 4883 2160 17064 2241
cat_boundaries=0 24 25 39 60 83 94 113
cat_threshold=142606336 32 1 0 0 144 44040224 128 1183744 0 64 32 2576 42 262144 131072 1610612736 1064960 0 131072 0 0 67108864 1 41945088 0 1 536872960 262272 0 0 0 0 33554432 0 16 0 258 64 128 134217728 4194304 0 0 0 0 0 0 0 0 524289 0 20481 0 168820736 2146 1 131856 2099202 48 3221225472 39845888 2147484672 33 0 67244032 1056770 64 0 524288 0 0 65536 0 0 0 0 0 0 0 2048 67108864 4101 0 0 0 0 0 0 0 0 0 0 4096 0 256 8192 0 192 2097152 1 2 2048 0 536875008 537133056 0 0 0 16777216 532480 0 2151677954
is_linear=0
shrinkage=0.1


Tree=8
num_leaves=31
num_cat=9
split_feature=10 10 3 10 3 6 11 1 20 19 11 10 19 3 11 3 20 3 17 20 6 3 19 7 6 20 10 11 0 3
split_gain=871.904 120.073 112.649 47.5287 43.8998 21.7019 26.7677 17.5267 15.6253 15.1288 14.4813 14.4591 13.3945 45.9816 80.0756 12.6164 15.4864 12.4413 24.0329 14.8255 12.6821 12.4007 15.0172 12.2158 11.8022 11.6114 11.5954 13.8158 12.0167 11.4777
threshold=0.064756568521261229 0.028411639854311947 0 0.091539215296506896 1 11.500000000000002 1.0000000180025095e-35 2 0.020794635638594631 0.017118172720074657 3.5000000000000004 0.018481097184121612 0.020444549620151523 3 -1.0000000180025095e-35 4 0.17741058766841891 5 2.5000000000000004 0.067098323255777373 4.5000000000000009 6 0.056341832503676421 1.5000000000000002 4.5000000000000009 0.082059286534786238 0.038303164765238769 14.500000000000002 7 8
decision_type=2 2 9 2 9 2 2 9 2 2 2 2 2 9 2 9 2 9 2 2 2 9 2 2 2 2 2 2 9 9
left_child=1 10 5 17 -3 25 -7 15 -9 -10 11 -1 13 14 -6 -5 24 -4 19 23 -21 -11 -23 -19 -17 -2 27 -14 -28 -20
right_child=2 4 3 7 12 6 -8 8 9 21 -12 -13 26 -15 -16 16 -18 18 29 20 -22 22 -24 -25 -26 -27 28 -29 -30 -31
leaf_value=-0.082321951745732383 0.0024665949931236839 -0.0011300238259157563 -0.0047025789282403351 0.020269288905813573 0.48678113156790537 0.23831920934692974 0.071461591093204366 -0.075718496329503004 0.12712659295090808 0.0083383880622573681 -0.088115116565134655 -0.047504088751711998 -0.042085849118135149 -0.03507214571840165 0.04105863253170311 0.090135133837487794 0.066858328875322517 0.013006905539885422 -0.029753748856377851 0.042543313260091996 0.0097769238716280613 0.14449145504501645 0.031614060568238143 0.13172589083635602 0.20449238854624918 0.073293088200052689 -0.025047121944431712 -0.074732328488012076 -0.068938283020945887 0.023455394651634917
leaf_weight=209.99387176707387 24.475754424929619 429.14617803692818 508.76802065968513 71.035287983715534 5.0611381269991425 17.647803455591202 21.120544299483299 14.173263914883135 15.796149119734762 280.69139263778925 406.96472701057792 276.07487317174673 520.44127346202731 124.95595194026828 19.79528970271349 18.321932271122932 75.616231866180897 13.829135306179522 132.68163706362247 187.34784562885761 319.68286392092705 11.876474194228647 1551.7185517661273 23.220092989504337 17.785225883126259 426.32778065651655 564.90917262807488 172.62708523124456 72.81363121047616 49.699124611914158
leaf_count=6029 233 7832 7135 561 98 109 124 194 95 2783 11448 7468 11661 2767 415 124 448 178 1954 2511 4262 111 15043 308 139 2528 11274 4439 1415 700
internal_value=-0.0016611 -0.0439304 0.0296656 0.0227625 -0.0297766 0.0741082 0.147417 0.0321425 0.0287281 0.0296784 -0.0741983 -0.0625463 -0.0378167 -0.0097239 0.093998 0.0621839 0.0849793 0.00732648 0.0156009 0.0263463 0.0218841 0.0288437 0.0322651 0.0874124 0.146464 0.0694477 -0.0412633 -0.0502173 -0.0315323 -0.0155995
internal_weight=6584.6 2802.78 3781.82 3292.24 1909.75 489.572 38.7683 2057.01 1874.26 1860.08 893.033 486.069 1480.6 149.812 24.8564 182.759 111.723 1235.23 726.461 544.08 507.031 1844.29 1563.6 37.0492 36.1072 450.804 1330.79 693.068 637.723 182.381
internal_count=104386 64846 39540 36546 39901 2994 233 19498 18226 18032 24945 13497 32069 3280 513 1272 711 17048 9913 7259 6773 17937 15154 486 263 2761 28789 16100 12689 2654
cat_boundaries=0 21 45 46 68 89 112 136 137 150
cat_threshold=0 0 64 0 0 0 0 1024 64 0 0 0 50364544 256 0 0 0 201326656 263168 1 2098177 536870912 544 1024 1 0 12603648 12288 0 397312 0 0 32 8720 64 8650752 393216 536870912 8388608 0 65536 0 0 67108864 1 111151104 0 2 0 0 0 0 0 0 0 0 16 0 0 0 0 0 0 0 0 0 0 163840 65536 134217728 0 0 0 0 0 0 0 0 0 1 8388608 4097 0 2097168 0 16777216 131584 77594626 160 262144 256 34611200 0 16777280 0 1 33554442 0 0 612896768 327680 2147483648 4 1073741824 25165824 512 524288 4194307 72 64 0 2147483648 16777216 0 0 0 0 0 262144 32768 8 0 0 4751360 32 8192 0 34605057 2147844130 8 0 1480591360 0 0 0 4 2 0 0 0 0 0 0 0 0 0 0 0 1149239296 2048
is_linear=0
shrinkage=0.1


Tree=9
num_leaves=31
num_cat=10
split_feature=20 3 3 3 21 20 3 14 14 19 14 3 16 14 16 3 3 6 1 11 16 21 21 3 11 16 16 3 19 17
split_gain=628.819 139.035 71.6767 62.9241 54.2743 34.7413 26.8188 29.9665 26.3053 30.869 25.4792 23.0406 22.6298 31.3256 18.9929 20.5409 18.7726 17.1159 17.1136 15.34 15.144 14.4742 19.3194 13.882 15.4271 22.7341 20.7317 13.4515 15.9596 16.536
threshold=0.041945777833461768 0 1 2 4249.5000000000009 0.017886281944811348 3 5.5000000000000009 3.5000000000000004 0.035026095807552345 24.500000000000004 4 5.5000000000000009 1.5000000000000002 11.500000000000002 5 6 8.5000000000000018 7 313.50000000000006 85.500000000000014 4471.5000000000009 4350.5000000000009 8 169.50000000000003 70.500000000000014 17.500000000000004 9 0.022339220158755783 1.5000000000000002
decision_type=2 9 9 9 2 2 9 2 2 2 2 9 2 2 2 9 9 2 9 2 2 2 2 9 2 2 2 9 2 2
left_child=2 4 8 -3 -2 16 12 11 9 -1 27 -8 13 -5 21 19 -4 -11 -13 -16 -9 22 -14 -20 26 -26 -25 -7 29 -29
right_child=1 3 5 6 -6 10 7 20 -10 17 -12 18 14 -15 15 -17 -18 -19 23 -21 -22 -23 -24 24 25 -27 -28 28 -30 -31
leaf_value=-0.069109752310967484 0.09025319374768577 -0.042240623457272572 0.00086346259299055798 0.02628318450595309 0.035443965007122359 -0.062351508074564146 -0.054182036429648466 -0.045218365584552417 0.15902233328933077 0.019476444965799825 -0.091630684535592366 0.043788263559951704 0.093894173316762808 -0.045453767272284756 0.050613671790154961 -0.021925085499566069 -0.080193330538000318 0.14749560555917815 0.020637736494602935 0.16651574938508415 0.055567637985203006 0.030033838978620653 0.25922290590582203 0.0024162625871111793 0.18131112493621224 -0.0088357519431275372 -0.066062259395012257 0.01082149738738148 -0.040914630774611847 -0.060634319757539294
leaf_weight=27.343944098800421 208.25741823390126 238.99258931726217 39.745937809348106 541.11754582077265 1363.8980191461742 249.50151729211211 48.492817275226116 155.64038107171655 15.315744899213312 29.126200165599585 109.30882523953915 127.92344180867076 18.88482935726643 68.5869508869946 48.60182711109519 37.721772983670235 522.09769240766764 16.281549852341413 526.35404325276613 14.926510516554115 16.488093663007021 13.141527704894541 11.29562623798847 1233.8193602561951 11.664269387722017 13.641414836049078 45.853522498160601 131.29588205367327 644.00765784457326 42.989909701049328
leaf_count=372 1076 4861 983 5901 11479 6651 885 2743 128 496 3327 1140 168 976 496 415 15832 246 6388 166 271 137 119 19003 164 190 682 3054 15285 1006
internal_value=-0.000967783 0.0182252 -0.0508177 0.00607773 0.0424344 -0.0550956 0.0101435 0.00445873 0.035838 0.0148313 -0.0456472 0.00791218 0.0262991 0.0182133 0.0622185 0.0385097 -0.0758712 0.0653794 0.00967621 0.0672586 -0.0355641 0.11763 0.155772 0.00706853 0.00148016 0.0788096 -3.7475e-05 -0.04094 -0.0332433 -0.00680403
internal_weight=6572.32 4745.3 1827.01 3173.15 1572.16 1738.95 2934.15 2179.88 88.0674 72.7517 1177.1 2007.75 754.277 609.704 144.572 101.25 561.844 45.4078 1959.26 63.5283 172.128 43.322 30.1805 1831.33 1304.98 25.3057 1279.67 1067.79 818.293 174.286
internal_count=104640 57260 47380 44705 12555 46138 39844 31466 1242 1114 29323 28452 8378 6877 1501 1077 16815 742 27567 662 3014 424 287 26427 20039 354 19685 25996 19345 4060
cat_boundaries=0 21 43 66 87 110 131 154 155 179 202
cat_threshold=16384 262144 2097216 64 0 0 0 1024 64 0 32 402653192 16826496 256 0 0 262146 201326656 281600 2148271105 5 553648192 8650784 1 128 0 409984 266274 262288 4096 0 0 32 4096 0 262144 0 32 1179656 0 0 0 67108864 4196352 77594656 805306368 4224 0 2147483776 1049122 4 1118208 0 1024 1 4096 0 0 262144 536903680 1048576 0 0 0 335544352 1 0 2818572288 0 512 0 0 10240 0 524552 0 0 2215673856 167772225 4096 0 167772160 65536 524416 33686016 1073743872 2098304 17825792 0 16842753 131328 134217728 344331520 1048 128 0 0 67108864 0 0 536870918 262144 0 32 131072 0 0 0 0 67108864 0 0 0 0 0 0 0 0 0 0 0 2214592512 134217792 0 0 0 0 0 0 1073741824 1024 0 5242880 32768 0 67108864 33554432 65792 0 67108864 76021760 0 0 0 0 0 0 268435456 0 0 0 0 541493376 33280 111149056 1082392576 128 4194304 2 0 0 0 98338 0 0 536870912 1122369536 8224 8192 0 2048 1 8196 0 473956352 8388608 0 0 4 1409286144 0 0 0 0 0 81920 2097152 1024 2147614736 1024 33554432 0 0 0 0 0 2097152 0 0 0 2688778368 33588993
is_linear=0
shrinkage=0.1


Tree=10
num_leaves=31
num_cat=9
split_feature=10 10 2 3 14 3 3 10 19 3 9 14 8 3 20 9 3 20 3 16 19 21 12 19 8 19 20 16 3 9
split_gain=630.834 125.309 73.072 61.3611 35.8845 38.2587 31.4317 20.6915 16.0272 16.0031 26.8204 28.163 17.4299 14.1795 16.343 13.9476 13.3967 17.5964 14.663 27.9845 16.4632 14.1629 34.8454 16.0897 14.6023 17.805 13.0472 12.6348 25.6968 22.271
threshold=0.077127590775489821 0.029572384431958202 0 1 14.500000000000002 2 3 0.021944295614957813 0.086190961301326766 4 50.549999237060554 13.500000000000002 13.500000000000002 5 0.078939802944660201 54.149999618530281 6 0.060575431212782867 7 13.500000000000002 0.045391317456960685 4561.5000000000009 -1.0000000180025095e-35 0.035026095807552345 1.5000000000000002 0.025263844989240173 0.069100964814424529 1.0000000180025095e-35 8 34.049999237060554
decision_type=2 2 9 9 2 9 9 2 2 9 10 2 2 9 2 10 9 2 9 2 2 2 2 2 2 2 2 2 9 10
left_child=1 7 6 -4 5 -3 -2 -1 -8 27 11 12 13 -11 -15 -12 -7 18 19 -18 21 24 -23 -24 25 -20 -14 -5 29 -29
right_child=2 4 3 9 -6 16 8 -9 -10 10 15 -13 26 14 -16 -17 17 -19 20 -21 -22 22 23 -25 -26 -27 -28 28 -30 -31
leaf_value=-0.080641752217254212 0.017638186348633518 0.0040701287205169995 0.042068225561092874 -0.0092122444086193255 -0.071150935441857049 -0.0054925008919329658 0.16193291881631092 -0.05113412991473474 0.0892629016682982 -0.012623185953710881 0.15304180470014919 -0.062629619772254203 0.1146359779868182 0.14330993787615448 0.014256409327557769 0.051612668048386427 -0.012128239903043694 -0.071999606372949693 -0.067835547852704334 0.15297769023689453 -0.058413492531667992 0.18850023190208656 -0.065344217352410569 0.064478098126043923 -0.032972015677821064 0.1660944211406119 0.025537688291842661 0.097946927260207067 -0.0026798166715523131 -0.024144894584839052
leaf_weight=491.27040076628327 86.451253816485405 557.60226941853762 1047.1458228975534 469.60612532123923 134.32220542989671 225.87780986353755 37.903462424874306 460.30768192745745 152.27886101603508 250.83429508656263 19.170394226908684 44.273024782538414 16.737903639674187 10.04781364649534 419.53979421034455 46.302897915244102 62.431032426655293 108.17692655697465 5.4254067912697783 12.28600127249956 193.29017549753189 10.474630106240509 25.166229572147131 15.381373330950735 428.38708308339119 8.12817110493779 909.26515026390553 62.090496741235256 207.78346988558769 19.674806278198957
leaf_count=16210 694 10104 7669 6359 3815 4527 290 12926 840 2748 203 703 185 99 4321 514 1088 2055 128 199 4375 192 563 371 10223 196 9479 716 2540 254
internal_value=-0.00046735 -0.0370546 0.025906 0.0217943 -0.0214447 -0.0174047 0.0747711 -0.066368 0.0985635 0.013083 0.0184331 0.0160508 0.0182192 0.00606759 0.0168819 0.0813108 -0.0281204 -0.0338716 -0.0288966 0.0132477 -0.0331945 -0.0239795 0.0259057 -0.0160973 -0.0297388 0.0724538 0.0271482 0.000905905 0.0173474 0.0610964
internal_weight=6537.63 2738.53 3799.11 3522.47 1786.95 1652.63 276.634 951.578 190.182 2475.33 1716.17 1650.7 1606.42 680.422 429.588 65.4733 1095.02 869.147 760.97 74.717 686.253 492.963 51.0222 40.5476 441.941 13.5536 926.003 759.155 289.549 81.7653
internal_count=104586 66972 37614 35790 37836 34021 1824 29136 1130 28121 18252 17535 16832 7168 4420 717 23917 19390 17335 1287 16048 11673 1126 934 10547 324 9664 9869 3510 970
cat_boundaries=0 8 32 50 70 91 111 134 158 169
cat_threshold=0 1073741952 0 262144 0 0 33554432 16777216 0 262144 2097216 64 0 0 2048 1024 64 0 0 134217736 33587328 256 0 0 2048 192 0 1 2098177 0 0 4 134217728 33 537919488 1 128 278544 8396800 8 1447936 0 67108880 0 2816 12 0 8650752 537395200 147456 65664 0 0 0 0 0 0 0 0 0 0 1 0 16385 0 67109136 2147483712 50331649 131142 69206016 16777216 8388608 8192 2147484162 0 0 262144 65568 0 0 536875266 1074077696 268436484 0 0 1048576 40992 0 2181038080 134217738 96 0 16777216 0 0 0 2097152 0 0 524288 0 0 32505856 134217793 0 0 1 514 8192 16 268435456 8388608 2097664 0 262144 67108928 12718848 33554432 144 0 0 4718592 32 73744 34 262144 0 1073741824 0 4194305 131136 2048 0 67108864 2112 256 1 128 0 128 0 0 0 0 0 0 4098 64 0 0 0 8388608 0 65536 0 0 0 1 16777216 0 0 0 0 0 0 0 0 0 4096
is_linear=0
shrinkage=0.1


Tree=11
num_leaves=31
num_cat=5
split_feature=10 10 10 14 3 3 14 20 3 6 17 21 21 16 3 17 14 21 16 16 21 9 14 10 14 21 11 11 20 3
split_gain=560.114 92.6457 71.189 36.3714 30.2739 28.1892 30.3854 15.4362 29.2014 19.932 21.3782 19.6625 14.7041 13.223 12.475 17.5632 13.754 12.935 18.3808 23.6601 15.8523 16.5257 13.655 14.5479 13.6807 12.3589 11.4495 11.3135 12.7206 10.9693
threshold=0.05538435839116574 0.10648618638515474 0.023826113902032379 22.500000000000004 0 1 34.500000000000007 0.141564816236496 2 5.5000000000000009 1.0000000180025095e-35 4378.5000000000009 1272.5000000000002 6.5000000000000009 3 1.0000000180025095e-35 16.500000000000004 4270.5000000000009 23.500000000000004 1.5000000000000002 4320.5000000000009 19.250000000000004 1.0000000180025095e-35 0.065834581851959242 15.500000000000002 4576.5000000000009 2.5000000000000004 313.50000000000006 0.047933906316757209 4
decision_type=2 2 2 2 9 9 2 2 9 2 2 2 2 2 9 2 2 2 2 2 2 10 2 2 2 2 2 2 2 9
left_child=2 14 26 4 -4 12 7 9 -9 29 25 -10 -3 -12 15 17 27 -2 19 20 21 -19 -21 24 -24 -11 -1 28 -16 -7
right_child=1 5 3 -5 -6 6 -8 8 11 10 13 -13 -14 -15 16 -17 -18 18 -20 22 -22 -23 23 -25 -26 -27 -28 -29 -30 -31
leaf_value=-0.060520209950979911 -0.037344470337866885 0.1001647957615731 0.0012263418030440717 -0.087325186408374722 -0.035542839510817277 -0.020316981756631602 -0.092914157571149791 -0.037816550524480255 0.037755081749358932 0.097612864448249237 -0.015947525004614504 0.014744094459193464 0.049686467649229356 0.10694750833798781 0.060310850545078433 -0.04194188215453247 -0.048143076175489602 0.031564786309965107 -0.07969615438786011 -0.017060989329282128 -0.0085362156565381205 0.21727593684099444 0.095866115324873699 0.16025548178521035 -0.08702047509674378 0.013677465107957198 -0.089277041075138397 0.074088203655173587 0.0066974564110070653 0.035186612438546171
leaf_weight=284.34689705446362 70.022853367030621 70.009047210216522 286.62166195735335 112.99235333502293 1137.0014799069613 44.277154646813869 20.79443383961916 65.716496806591749 814.50763172656298 132.96911132708192 39.202093038707972 682.48208801448345 328.40034893900156 11.272694431245325 45.621422491967678 130.4546063952148 42.631784535944462 21.595347784459594 20.796233370900154 11.933841194957493 176.33506588637829 6.1579671390354624 13.826376218348743 21.938938368111849 5.8085052296519271 20.208432052284479 269.8490355014801 26.599078118801117 1477.267231632024 118.47489954158664
leaf_count=9865 1044 315 5919 3754 28121 363 356 560 6380 1134 375 5764 1694 112 711 2174 755 348 325 164 2792 99 238 191 149 186 9599 339 19827 1049
internal_value=-0.00115236 0.0190231 -0.0437969 -0.0327154 -0.0283811 0.0326202 0.0271815 0.0286169 0.0242855 0.0470905 0.0679408 0.0270834 0.0571228 0.011499 0.00360526 -0.0104265 0.00784189 0.00107431 0.0107376 0.0180385 0.00252046 0.0727708 0.0772273 0.104293 0.0417635 0.0865394 -0.0745225 0.00943284 0.00830356 0.0210003
internal_weight=6510.12 4419.3 2090.81 1536.62 1423.62 2348.31 1949.91 1929.11 1562.71 366.404 203.652 1496.99 398.409 50.4748 2070.99 478.87 1592.12 348.415 278.392 257.596 204.088 27.7533 53.5077 41.5738 19.6349 153.178 554.196 1549.49 1522.89 162.752
internal_count=104702 47444 57258 37794 34040 18288 16279 15923 12704 3219 1807 12144 2009 487 29156 7524 21632 5350 4306 3981 3239 447 742 578 387 1320 19464 20877 20538 1412
cat_boundaries=0 22 43 63 87 108
cat_threshold=0 2097152 2147483648 128 0 0 8392704 0 1179648 1572864 134217744 0 4098 0 0 0 0 8421376 0 65536 0 67108864 0 0 64 0 0 0 0 0 64 0 0 0 16777344 256 0 0 0 67109056 263168 525312 1025 0 0 0 0 0 0 0 0 0 0 0 286261256 131072 4096 0 16 1 0 0 138414080 16777280 33 16777217 0 0 8650768 2097184 327704 4096 0 524288 1074003968 268435968 0 4194304 17825792 16 16385 1 67108872 0 0 67108864 1 65536 142868480 0 0 0 0 2048 0 0 0 0 268435456 32832 20480 0 0 0 0 0 1073743872 2097152
is_linear=0
shrinkage=0.1


Tree=12
num_leaves=31
num_cat=9
split_feature=10 10 10 14 0 3 3 14 14 3 11 14 21 3 14 16 9 16 14 11 3 3 9 10 21 9 11 3 0 6
split_gain=468.5 73.6929 70.349 28.7656 21.2721 22.5266 18.059 27.6241 19.6144 16.5998 20.8719 15.8521 15.5157 13.5574 29.0782 16.4727 15.4282 12.7287 19.5017 12.3812 19.6921 11.2446 11.0817 10.9387 23.5058 21.4168 22.9848 12.5722 19.1766 10.5359
threshold=0.053426939994096763 0.12494447454810144 0.023826113902032379 17.500000000000004 0 1 2 24.500000000000004 46.500000000000007 3 118.50000000000001 4.5000000000000009 4249.5000000000009 4 2.5000000000000004 32.500000000000007 57.750000000000007 40.500000000000007 70.500000000000014 2.5000000000000004 5 6 35.350000381469734 0.077786073088645949 248.50000000000003 44.549999237060554 27.500000000000004 7 8 6.5000000000000009
decision_type=2 2 2 2 9 9 9 2 2 9 2 2 2 9 2 2 10 2 2 2 9 9 8 2 2 10 2 9 9 2
left_child=2 6 19 9 5 22 7 -2 23 10 11 -4 -11 14 -6 -16 -15 -5 -19 20 -1 -14 -3 -8 -25 27 -27 29 -29 -26
right_child=1 4 3 17 13 -7 8 -9 -10 12 -12 -13 21 16 15 -17 -18 18 -20 -21 -22 -23 -24 24 25 26 -28 28 -30 -31
leaf_value=-0.0032825499377179958 -0.031937033518876091 0.10077371523322694 -0.0011286043578258396 -0.091889757095598351 0.023218225183518695 0.085160350957533673 -0.0012120037036599904 0.16391490907005335 -0.090193733223757497 -0.065930483133570347 0.14050780788945913 -0.094404483162383604 -0.048748592109659816 0.033883707201632161 -0.070260061286411116 0.023065041037072347 0.11050876592449549 0.14681666949630098 -0.08273870757784943 -0.089833485384794062 -0.072385471723002193 -0.02104982121295218 0.014649574043767571 0.085319353581651075 0.010729742284601025 0.036736763078607002 0.17739205707665806 0.064644793763890415 0.010698471273083848 -0.016563444729823618
leaf_weight=63.493978094309568 188.85620097443461 17.003421284258366 226.95981127023697 99.165508115664124 861.93216245621443 143.42660886794329 767.28927563503385 7.4871772713959208 20.303070191293955 120.60228903405368 9.7567509524524194 19.810341998934746 204.24471033364534 762.89535199850798 55.375271931290627 28.723882500082254 27.214236482977867 5.9950585905462495 9.6705851964652521 248.06525727361441 204.27586792036891 733.63802347891033 123.12261115759611 44.1588499173522 267.72935450449586 100.572763543576 13.135304130613802 64.322747744619846 737.73651177808642 299.83208878710866
leaf_count=2237 2789 97 5030 3570 7069 716 12740 59 470 3247 205 497 5607 4878 697 319 154 193 311 9600 7598 17898 746 387 3282 1157 150 556 8652 3710
internal_value=-0.00103611 0.016588 -0.0420794 -0.0306583 0.0308089 0.0564909 0.00515152 -0.0232828 0.00763066 -0.026467 -0.00283436 -0.00861665 -0.0318666 0.0261385 0.0175563 -0.0383851 0.0360665 -0.0786568 0.00510945 -0.0737373 -0.0588255 -0.0278261 0.0234283 0.00852941 0.0134227 0.0112824 0.052985 0.00782014 0.0157676 -0.00362487
internal_weight=6476.8 4531.12 1945.68 1429.84 2019.69 283.553 2511.42 196.343 2315.08 1315.01 256.527 246.77 1058.49 1736.14 946.031 84.0992 790.11 114.831 15.6656 515.835 267.77 937.883 140.126 2294.78 1527.49 1483.33 113.708 1369.62 802.059 567.561
internal_count=104621 48628 55993 36558 14676 1559 33952 2848 31104 32484 5732 5527 26752 13117 8085 1016 5032 4074 504 19435 9835 23505 843 30634 17894 17507 1307 16200 9208 6992
cat_boundaries=0 1 22 43 57 78 101 124 144 145
cat_threshold=9 16384 536871040 0 0 0 0 0 0 0 0 0 8 147456 0 0 2097424 2048 50331652 33702144 2281965568 32 16777216 544 33554432 2147483904 128 0 8224 327730 33560576 0 0 262176 0 96 8650752 1048576 537395200 0 2 196608 8390720 0 0 2684361728 0 603979776 1145044992 41943046 128 131072 1048576 88 0 8448 2 0 0 2097152 64 0 0 2048 0 0 0 32 0 68 0 0 2048 0 0 0 0 2098176 268435456 0 0 0 0 0 16384 1048576 2147483648 4096 0 0 0 0 0 0 0 0 0 0 2684354560 1242579200 25731074 1107296256 336592896 32768 160 8388608 0 1146880 0 8388608 2147614852 0 0 0 0 0 0 268435456 3145728 0 0 33554432 65568 33561124 262144 16777216 8192 0 0 2097152 0 536870912 0 0 2 1077125120 268436480 4097 4194304 0 2147516960 0 532 1423966216 9
is_linear=0
shrinkage=0.1


Tree=13
num_leaves=31
num_cat=5
split_feature=10 10 3 19 14 14 10 3 11 17 8 14 19 11 21 17 14 3 20 6 20 3 11 3 8 11 21 11 14 10
split_gain=354.209 64.1357 56.0834 26.1283 24.9138 24.7212 20.2283 17.4188 20.0664 20.0937 37.6953 19.5429 15.0313 13.8433 12.101 10.054 34.0689 23.2894 10.7846 17.0987 38.3945 23.6001 24.7185 15.4211 13.1565 14.5334 10.7602 14.2757 20.4397 10.3159
threshold=0.053426939994096763 0.028411639854311947 0 0.18864748626947406 24.500000000000004 56.500000000000007 0.10648618638515474 1 8.5000000000000018 3.5000000000000004 7.5000000000000009 5.5000000000000009 0.04741115681827069 4.5000000000000009 1272.5000000000002 9.5000000000000018 1.0000000180025095e-35 2 0.141564816236496 8.5000000000000018 0.089527815580368056 3 -1.0000000180025095e-35 4 20.500000000000004 1.5000000000000002 4378.5000000000009 4.5000000000000009 8.5000000000000018 0.13496449589729312
decision_type=2 2 9 2 2 2 2 9 2 2 2 2 2 2 2 2 2 9 2 2 2 9 2 9 2 2 2 2 2 2
left_child=1 13 3 -2 7 6 -4 8 -3 10 -10 -12 -9 -1 -5 18 17 -17 19 21 -21 -8 -23 -20 25 -24 -25 -28 -29 -22
right_child=2 4 5 14 -6 -7 15 12 9 -11 11 -13 -14 -15 -16 16 -18 -19 23 20 29 22 24 26 -26 -27 27 28 -30 -31
leaf_value=-0.052300362378653265 0.095474629993571009 -0.012851052876932568 0.0023200884613950854 0.07955912650709919 -0.07929327939039249 -0.086546321837998097 -0.03342928365377678 -0.020997080623816375 0.29879848368531697 -0.029882715949875044 0.10375133210866483 -0.072644294710852153 -0.050672669924339435 -0.081848514881226395 0.0279909250788366 -0.0096139639937250568 -0.038450450956254385 0.064684334945480038 -0.017281353129786507 0.22527734134160987 0.029196268532916909 -0.030308745226329894 0.077469483934373709 0.02818170459664214 0.10817073304123621 -0.017123085575444209 0.0032847155331947268 0.088375229138297776 -0.043436286390380864 0.10692639865248479
leaf_weight=385.21151696890593 82.885590843856335 238.72093294560909 2125.3593200910836 51.701478153467178 80.887915533035994 27.246063228696585 56.80889755114913 609.1413431558758 7.4242692757397881 18.627557776868343 19.114119682461027 9.354690879583357 237.13114822655916 269.46859050355852 379.66101729124784 81.794112116098404 130.91383534669876 78.82523487508297 124.36341098695993 13.509071156382559 79.807338006794453 36.26308012008667 38.054096713662148 622.84019568935037 42.853244189172983 28.337837744504213 489.14547269791365 45.647497050464153 15.848940808326004 21.720510140061378
leaf_count=14182 525 5352 29936 215 3138 642 438 15507 164 430 407 233 5740 10911 2018 596 1197 590 997 85 722 326 298 4745 353 273 4039 344 138 143
internal_value=-0.00260891 -0.0392116 0.0123975 0.0432121 -0.0256659 0.00836675 0.00902886 -0.0218591 -0.000338168 0.054388 0.0981223 0.0457887 -0.0289701 -0.0644625 0.0341717 0.0165069 -0.000585182 0.0302771 0.0195919 0.0361163 0.066899 0.0186134 0.0385779 0.0155512 0.0649756 0.0370949 0.019016 0.00899385 0.0544046 0.0458256
internal_weight=6448.67 1875.08 4573.59 514.248 1220.4 4059.34 4032.09 1139.51 293.242 54.5206 35.8931 28.4688 846.272 654.68 431.362 1906.73 291.533 160.619 1615.2 317.354 115.037 202.317 145.508 1297.85 109.245 66.3919 1173.48 550.642 61.4964 101.528
internal_count=104684 56064 48620 2758 30971 45862 45220 27833 6586 1234 804 640 21247 25093 2233 15284 2383 1186 12901 2638 950 1688 1250 10263 924 571 9266 4521 482 865
cat_boundaries=0 24 45 63 84 104
cat_threshold=16384 671088640 4194368 0 0 0 262144 33792 72 0 0 0 16777344 256 0 33554688 2048 201334784 265216 525313 5 0 0 4 0 2097152 6144 262176 0 541131008 8392962 16384 1048576 1048576 138412048 0 2 2 0 0 0 32768 0 0 131072 0 0 0 0 0 0 2048 0 0 0 0 424673289 68 0 0 0 0 33554496 65536 8650752 0 512 0 0 0 0 0 0 0 0 32832 24576 0 0 32768 64 33554432 0 2097312 0 0 0 0 0 0 0 0 0 0 0 2434269185 131072 4096 0 2064 0 128 256 2285895680
is_linear=0
shrinkage=0.1


Tree=14
num_leaves=31
num_cat=10
split_feature=19 3 3 3 3 14 11 3 3 3 16 14 17 9 8 3 9 21 19 3 3 17 9 19 17 8 7 19 16 17
split_gain=221.585 67.1184 60.3065 46.0242 41.4111 31.4735 28.0326 59.1937 23.9663 22.7298 17.719 19.6608 19.13 13.5832 16.6983 13.5545 12.5591 12.0192 11.9341 24.8585 12.1973 12.5902 11.46 10.7179 10.6386 10.6198 12.0953 10.5317 10.3453 10.4041
threshold=0.053094936534762389 0 1 2 3 46.500000000000007 17.500000000000004 4 5 6 38.500000000000007 1.5000000000000002 1.0000000180025095e-35 34.95000076293946 14.500000000000002 7 32.850000381469734 1272.5000000000002 0.036911355331540115 8 9 6.5000000000000009 29.849999427795414 0.1536744758486748 239.50000000000003 19.500000000000004 3.5000000000000004 0.1536744758486748 79.500000000000014 6.5000000000000009
decision_type=2 9 9 9 9 2 2 9 9 9 2 2 2 8 2 9 10 2 2 9 9 2 8 2 2 2 2 2 2 2
left_child=1 13 17 -3 -4 9 8 28 22 10 11 24 16 14 -1 -11 23 -2 19 -10 21 -20 -5 -13 -6 -15 -27 -26 29 -8
right_child=2 3 4 6 5 -7 7 -9 18 15 -12 12 -14 25 -16 -17 -18 -19 20 -21 -22 -23 -24 -25 27 26 -28 -29 -30 -31
leaf_value=0.23920679209027895 0.071377672767459474 -0.076634426929504479 -0.051007451369280005 0.18070690132204692 0.018689101640373733 -0.083419351103259709 0.083861339918874067 -0.07322343201245865 0.019165871595920769 -0.031726002444683953 0.076780199588826148 -0.057574049338602662 -0.05644997637681335 0.0091792077400004637 0.029112370888883132 0.0043804273811910979 0.10320099912333075 0.034957083632367054 -0.00019665678138983011 -0.027900415984654505 -0.044047480754493849 0.17933916526026777 0.018237162827258756 0.044090266927668029 0.137219297792713 0.12770753112326752 -0.014708898546251827 0.032712355838762919 -0.087042729327359833 -0.033355716637053431
leaf_weight=7.9191703870892507 128.49296251684427 239.40815008431673 114.2806039955467 4.54284742847085 1199.7755040377378 37.585110053420067 38.731607737019658 264.8349524512887 137.55028090626001 98.624396909028292 50.779700290411711 20.252604633569717 68.949992794543505 52.741881407797337 7.2432434838265181 2488.772392520681 14.281275868415831 307.34666988998652 27.04555863887072 512.93989918194711 383.07641904987395 4.5653240177780381 97.944861369207501 21.250806547701359 14.954202644526957 19.894580798223618 8.5161985643208009 27.150439731776714 5.2377545181661835 9.41240914352238
leaf_count=110 637 10539 1950 101 9948 955 831 9505 3536 1855 411 255 715 907 136 32584 122 1520 650 15034 8886 119 2251 170 141 341 140 200 128 220
internal_value=-0.00200429 -0.0315164 0.00970163 -0.0359681 0.00591343 0.00764452 -0.0289474 -0.0554532 -0.0219718 0.00851824 0.0186454 0.0166217 -0.0212247 0.0470746 0.138842 0.0028873 0.0223139 0.0446696 -0.0262867 -0.0180822 -0.0397905 0.0195483 0.0231773 -0.00551932 0.020423 0.0357296 0.0850179 0.0698298 0.0390999 0.0609448
internal_weight=6414.1 1821.61 4592.5 1725.29 4156.66 4042.38 1485.88 318.217 1167.67 4004.79 1417.39 1366.61 124.735 96.3151 15.1624 2587.4 55.7847 435.84 1065.18 650.49 414.687 31.6109 102.488 41.5034 1241.88 81.1527 28.4108 42.1046 53.3818 48.144
internal_count=104897 53434 51463 51800 49306 47356 41261 10684 30577 46401 11962 11551 1262 1634 246 34439 547 2157 28225 18570 9655 769 2352 425 10289 1388 481 341 1179 1051
cat_boundaries=0 21 42 65 87 109 132 156 179 202 225
cat_threshold=134217728 262176 4097 768 67108864 262144 1048609 294912 262144 0 524288 1073807360 9504 0 0 2359552 1073741856 8388608 0 2099200 2097184 16384 262144 64 0 0 0 262144 0 64 0 0 16777216 50364544 0 0 1048576 0 67109056 265216 2148270081 8388612 67108864 524288 0 0 512 0 0 0 0 34 128 0 1048576 17203200 0 0 0 0 0 0 2483093504 25698389 134283648 2147483648 268435488 272629760 512 0 262656 1048608 64 8454144 0 1040 33619968 335552512 0 0 2359552 2147483680 147456 524290 1073743872 0 131072 2701131776 11534337 805306368 262304 8388608 0 0 128 537001984 1 4195392 0 0 0 0 0 0 2097152 0 0 0 229376 8388608 4194304 2147483648 0 0 1946157056 4194304 65536 1052672 524288 536871952 2181169152 0 96 262144 0 536871424 98304 0 67108872 0 71303168 33554436 262144 2686451712 538968064 64 0 0 2048 0 264 0 32 2282487816 8519680 4096 0 0 1 134225920 16400 67108866 1089 0 0 4 134217728 38797313 4096 4096 67108864 2428506112 0 266248 1024 8388608 128 0 1024 0 0 655360 0 65536 1 0 33556480 4194336 33554432 4194304 352321537 805306368 262147 0 0 256 16512 8585216 131072 4194304 0 4096 0 0 524288 0 0 0 268500992 131072 268288 4204577 2147483648 33554432 0 0 0 18876928 33619968 64 3221226496 2147501440 134217794 8192 16 0 0 0 268435456 16384 0 1082130432 1 268435456 10
is_linear=0
shrinkage=0.1


Tree=15
num_leaves=31
num_cat=7
split_feature=20 3 3 3 14 20 3 3 20 3 14 3 16 8 6 16 14 8 19 19 8 8 20 21 11 14 21 20 20 21
split_gain=233.378 50.4249 45.497 32.3304 33.9139 31.1581 28.3033 19.0268 18.9628 44.428 21.3044 18.0753 24.13 19.4486 17.2516 16.3603 19.437 15.7316 23.2786 40.5464 48.3209 56.239 23.0255 14.4517 12.4705 12.2836 11.8263 10.7988 14.3941 14.9893
threshold=0.041945777833461768 0 1 2 46.500000000000007 0.020794635638594631 3 4 0.024849578738212589 5 3.5000000000000004 6 2.5000000000000004 11.500000000000002 7.5000000000000009 5.5000000000000009 1.5000000000000002 5.5000000000000009 0.021426487714052204 0.019472314044833187 15.500000000000002 11.500000000000002 0.021615550853312019 4320.5000000000009 3.5000000000000004 1.5000000000000002 4587.5000000000009 0.2524703741073609 0.082059286534786238 1272.5000000000002
decision_type=2 9 9 9 2 2 9 9 2 9 2 9 2 2 2 2 2 2 2 2 2 2 2 2 2 2 2 2 2 2
left_child=2 -2 -1 23 7 6 25 15 9 17 11 12 -10 -14 -15 16 -5 -7 19 22 21 -21 -19 27 -8 -4 -25 28 -3 -30
right_child=1 3 5 4 -6 8 24 -9 10 -11 -12 -13 13 14 -16 -17 -18 18 -20 20 -22 -23 -24 26 -26 -27 -28 -29 29 -31
leaf_value=0.029970934268802509 -0.044072257420815969 0.01279792897547543 -0.0022091314306628327 0.016154959260318343 -0.08589791559648971 -0.043665425679970594 -0.054886198326242024 0.0029882264180022206 -0.010891459832193206 -0.058825124804052845 -0.077831568054363698 -0.03857706464562069 -0.0177396802241402 0.091714356426210536 0.36460852605589705 0.04307385327567604 -0.033190151102243486 0.11864921380114601 -0.0053942411083728187 0.10681716348919645 0.018896968403863013 0.53048723190550351 -0.024354819569839963 0.01193313548094674 -0.088481325591436968 0.14672910276125278 0.082810471023943261 0.03369948665285414 0.058895854340084444 0.14646437422382735
leaf_weight=92.548278519883752 162.65942129120231 30.137049524113536 42.245509218424559 1319.446700334549 38.370283996686339 24.233657920733094 247.84389507584274 2473.1380167715251 79.067444151267409 84.991687560454011 114.52181093022227 410.98159486986697 5.7377663347870103 5.0787185970693809 4.2593786884099245 210.34840502217412 84.965557508170605 18.420820001512766 52.780483510345221 6.1267762668430823 8.9099105875939113 6.4123598989099264 28.961154002696276 315.06620865315199 199.37672036699951 6.3728479277342549 25.442596286535263 220.19525650888681 49.2347197458148 32.417832620441914
leaf_count=2144 3280 398 1251 11042 1083 682 9938 34970 2066 2919 4272 11698 145 126 103 1754 897 168 1591 144 246 110 899 2141 9012 176 161 1055 256 283
internal_value=-0.00113455 0.00914888 -0.0365932 0.0110217 0.00765916 -0.0410864 -0.0613154 0.00855605 -0.0297758 -0.00531119 -0.0388896 -0.0300607 0.0101384 0.127158 0.216189 0.0169601 0.0131696 0.0279885 0.0445686 0.0828807 0.196955 0.323477 0.0312413 0.0312392 -0.0683353 0.0143599 0.017229 0.0465501 0.0718624 0.0936625
internal_weight=6400.29 4961.42 1438.87 4798.76 4126.27 1346.32 495.839 4087.9 850.484 230.837 619.647 505.125 94.1433 15.0759 9.3381 1614.76 1404.41 145.845 121.612 68.831 21.449 12.5391 47.382 672.494 447.221 48.6184 340.509 331.985 111.79 81.6526
internal_count=105010 57320 47690 54040 49746 45546 20377 48663 25169 6759 18410 14138 2440 374 229 13693 11939 3840 3158 1567 500 254 1067 4294 18950 1427 2302 1992 937 539
cat_boundaries=0 23 46 70 93 114 137 161
cat_threshold=4194304 83886112 268435456 4256 0 67241088 546 4 69632 0 0 0 268439554 0 0 131072 1073750048 1114112 256 0 0 335544352 1 0 75759648 268435457 131456 67108864 69468544 4099 16 33558528 0 0 0 4096 0 262144 0 8388640 131080 4 0 0 67108864 67108865 0 2684616704 64 0 0 0 0 1024 524352 0 0 2181038080 16827520 256 0 134219776 262146 67108992 33819648 787456 2097153 0 0 4 2147483712 37748736 0 0 8388608 0 65536 262144 8388608 524289 16 0 65536 0 0 0 0 2097152 0 0 33554432 2152171648 512 134234112 0 6291456 576 0 0 8192 32800 8 0 32 421625856 134348864 0 0 0 2048 64 672256 2097153 1220 322961408 2 32 0 1610612736 1610678272 16640 20480 8388608 131120 0 0 67108864 0 0 524288 0 2097152 0 0 131072 262144 32768 0 0 0 3 545259520 134758400 4456736 128 65536 1048576 134217856 32 0 0 0 0 0 1048576 0 0 0 32768 0 1
is_linear=0
shrinkage=0.1


Tree=16
num_leaves=31
num_cat=9
split_feature=10 10 3 19 8 3 7 6 3 19 3 3 3 16 3 20 3 9 12 8 8 20 20 8 16 17 13 17 3 9
split_gain=208.276 59.5521 36.0128 16.6403 19.1932 14.8472 20.5856 13.6646 12.8498 17.2132 12.6499 12.5492 11.641 14.9751 23.9315 27.9541 15.7173 14.3268 13.8983 28.1048 13.3808 30.6696 14.8765 12.1551 15.3715 25.4915 11.1241 10.3223 61.9653 13.2584
threshold=0.05538435839116574 0.021944295614957813 0 0.13854105025529864 11.500000000000002 1 5.5000000000000009 5.5000000000000009 2 0.045391317456960685 3 4 5 1.0000000180025095e-35 6 0.024849578738212589 7 34.95000076293946 -1.0000000180025095e-35 4.5000000000000009 13.500000000000002 0.023780041374266151 0.014009689912199976 6.5000000000000009 1.5000000000000002 1.0000000180025095e-35 0.16370623558759692 1.5000000000000002 8 49.549999237060554
decision_type=2 2 9 2 2 9 2 2 9 2 9 9 9 2 9 2 9 8 2 2 2 2 2 2 2 2 2 2 9 10
left_child=1 -1 3 4 -2 6 7 10 -3 12 -4 -11 23 14 15 20 17 -15 19 -17 21 -14 -22 24 -10 -26 -25 -7 -29 -30
right_child=2 8 5 -5 -6 27 -8 -9 9 11 -12 -13 13 16 -16 18 -18 -19 -20 -21 22 -23 -24 26 25 -27 -28 28 29 -31
leaf_value=-0.068842065796989413 0.16357995577158702 -0.0024649741207899627 0.022216792841156782 0.024250399784935286 0.038388007500503106 0.010176032622698609 0.094392545575267911 -0.037108066097550546 0.011566418596629586 0.0082320050979790664 -0.035877218294926225 -0.054141831900231821 0.045090546356704675 0.11956402254189791 -0.033589894574839727 0.30641996470989685 -0.050057937644187936 -0.012559991921156619 -0.024660472581587455 0.014970286119820146 0.22639731818892239 0.29796454611751444 -0.0053364615461302398 -0.014146985302795354 0.30513528562581754 -0.004861901470467821 0.13052804993685993 -0.033760659764147834 0.021766836950011963 0.098214533520096639
leaf_weight=330.35615734569728 18.624333567917347 292.60272203199565 102.63476751372218 873.36533004045486 35.75756298750639 2671.2847281321883 16.643904559314251 192.33598025143147 21.527524914592505 41.096364626660943 46.299241956323385 260.70037913322449 11.461165964603424 9.3975056093186122 181.4079743809998 3.8990723267197636 272.23030461929739 64.786207612603903 85.859713410958648 21.850549302995205 3.3400188647210625 8.2476813606917858 16.239800848066807 129.74911048263311 5.6073422320187074 5.0341414287686348 5.5416564419865599 331.10589564777911 303.44001019746065 24.519447479397058
leaf_count=16282 113 6598 1173 5130 216 29726 183 2249 540 1151 596 7253 393 274 5340 111 9587 2049 2453 610 123 123 496 3570 148 145 167 4593 3304 290
internal_value=-0.00139415 -0.0305486 0.00979098 0.0272981 0.0812629 0.00529886 -0.0138175 -0.0194998 -0.0217671 -0.0264352 0.00323984 -0.0471695 -0.0193525 -0.0249724 -0.0101745 0.0189458 -0.0398886 0.00368111 -0.00533538 0.0591023 0.0927447 0.150912 0.0341938 0.00463937 0.0601672 0.158486 -0.00822094 0.00738851 -0.0037976 0.0266692
internal_weight=6386.95 1770.94 4616.01 927.747 54.3819 3688.26 357.914 341.27 1440.58 1147.98 148.934 301.797 846.18 678.72 332.306 150.898 346.414 74.1837 111.609 25.7496 39.2887 19.7088 19.5798 167.46 32.169 10.6415 135.291 3330.35 659.065 327.959
internal_count=104986 57413 47573 5459 329 42114 4201 4018 41131 34533 1769 8404 26129 21559 9649 4309 11910 2323 3174 721 1135 516 619 4570 833 293 3737 37913 8187 3594
cat_boundaries=0 21 45 67 88 110 133 156 179 200
cat_threshold=16384 537133184 4194368 0 0 0 0 33792 72 0 0 134217728 2155872384 256 0 134217728 1 67109060 281600 2148270083 5 16842752 256 1 1 0 4144 32 0 0 0 0 8388609 268435504 16384 8650752 33687808 1073750048 16384 2 335544320 8388608 0 2214592512 1 536870912 2097152 2147487744 262272 0 4325632 12582918 128 131072 0 134217736 0 65538 2 0 262144 0 32768 0 65536 1073874944 425984 0 0 0 1 0 0 0 0 0 0 0 8388608 16 0 0 2048 1073741824 0 0 335544320 8388608 1073741824 0 1342177280 0 0 134283392 16400 64 0 1048577 0 0 0 0 0 0 0 2097152 0 0 0 603979808 0 67108864 536870912 32 0 268960256 34636800 20480 0 524288 4195408 0 8448 0 0 524288 0 8388608 0 0 0 2048 33558528 303038464 4194306 544 0 536870912 128 0 0 403701760 1245696 128 33554432 4096 0 0 0 0 1048576 0 0 33554432 67109122 8921125 2147483648 269484032 268435456 0 0 33555456 0 0 612434944 1056 0 0 0 0 0 0 0 2162688 0 0 0 0 4325896 134217728 0 2105344 0 0 262144 2048 0 0 0 524288 1433731080 36353 8192 0 1048576 2684354560 50331656 0 134218752 2097184
is_linear=0
shrinkage=0.1


Tree=17
num_leaves=31
num_cat=10
split_feature=10 10 10 1 14 3 11 21 3 9 3 3 21 9 16 11 3 14 3 3 11 3 17 14 17 14 16 3 9 14
split_gain=190.252 44.6499 39.946 30.3834 23.5017 35.6036 24.5201 22.6751 16.7747 16.6528 15.4564 13.7478 14.7963 13.1203 13.9343 21.8743 12.6923 12.4398 12.9737 17.74 27.3644 17.7371 19.7091 15.3465 23.0697 12.0879 16.2735 21.2782 17.1973 12.4785
threshold=0.038303164765238769 0.080525159835815444 0.021944295614957813 0 22.500000000000004 1 118.50000000000001 4378.5000000000009 2 50.549999237060554 3 4 1664.5000000000002 29.150000572204593 28.500000000000004 35.500000000000007 5 11.500000000000002 6 7 1.0000000180025095e-35 8 1.0000000180025095e-35 1.0000000180025095e-35 34.500000000000007 15.500000000000002 6.5000000000000009 9 34.45000076293946 1.5000000000000002
decision_type=2 2 2 9 2 9 2 2 9 10 9 9 2 10 2 2 9 2 9 9 2 9 2 2 2 2 2 9 10 2
left_child=2 17 -1 10 5 6 -4 -8 13 11 -3 25 -13 14 15 -5 -11 18 -2 20 -20 22 -22 24 -24 26 29 -28 -29 -10
right_child=1 3 4 8 -6 -7 7 -9 9 16 -12 12 -14 -15 -16 -17 -18 -19 19 -21 21 -23 23 -25 -26 -27 27 28 -30 -31
leaf_value=-0.067932424800789315 0.0087490236385754996 0.0039354599619072879 -0.0070639694793692741 0.0020046300949870385 -0.085700230972205027 -0.046757475175931637 -0.049453260734466653 0.26002476774722777 0.0059759662490858831 -0.017833365988417251 0.063023054966842948 0.052548821880413855 0.016348867529690263 -0.035816354417223979 -0.059681738051166271 0.10367650740404129 0.058986348425018091 -0.049680415449439866 -0.015441154168215971 -0.027556802392260923 0.12255305071491503 -0.0043996244858255087 0.23708947880807152 -0.010469720487969493 0.018348756417757798 -0.056896979569381084 -0.023745885676551476 0.046640831712314416 0.15476920530178631 -0.03345106341808525
leaf_weight=308.23669525422156 447.06852440349758 71.790929399430752 471.35903418250382 343.11009005084634 61.196112882345915 317.17015686072409 3.6924497596919519 6.5979072041809559 1260.7970343232155 26.473451070487499 175.73192834109068 124.87516092509031 1178.546082817018 113.91052580624819 32.886785216629505 22.551662743091583 114.02191318571568 65.86817423067987 367.35784962400794 399.84516771137714 36.614749051630497 82.316617712378502 7.5232194736599949 36.51145051792264 13.425991017371414 30.322587560862303 39.761535830795765 86.286004550755024 17.73160021007061 85.732301414012909
leaf_count=16228 8479 551 13465 3505 3163 11300 115 205 12695 317 919 777 8278 1184 346 210 920 1874 6336 8060 531 1432 121 545 215 582 407 827 165 1155
internal_value=-0.000591399 0.00762838 -0.0370452 0.0134337 -0.0259749 -0.0213995 -0.00365433 0.148976 0.0108996 0.0137915 0.0467037 0.0121664 0.0196661 -0.00577407 0.00266754 0.0082751 0.0474404 -0.00721649 -0.00520521 -0.0117845 0.000101893 0.032478 0.0589477 0.0286763 0.0969023 0.00557189 0.0068803 0.0388591 0.0593659 0.00346568
internal_weight=6349.31 5181.06 1168.25 3724.53 860.016 798.82 481.649 10.2904 3477.01 2964.55 247.523 2824.05 1303.42 512.459 398.549 365.662 140.495 1456.53 1390.66 943.595 543.75 176.392 94.0754 57.4607 20.9492 1520.63 1490.31 143.779 104.018 1346.53
internal_count=104907 60431 44476 32838 28248 25085 13785 320 31368 26123 1470 24886 9055 5245 4061 3715 1237 27593 25719 17240 9180 2844 1412 881 336 15831 15249 1399 992 13850
cat_boundaries=0 1 24 45 66 86 107 130 154 171 191
cat_threshold=48365568 2415919104 268435458 32 0 536870912 1024 0 16384 8454144 1 16 0 67108864 0 0 0 0 2162688 0 0 0 428032 2058 17104896 0 0 2 0 2099200 0 33816576 0 0 4 3512926208 2097156 12289 0 0 8429568 8256 0 1478492160 8388608 0 0 0 0 0 0 0 0 0 0 0 0 0 0 0 168820737 2147483682 150994952 2147614722 0 48 0 0 8192 2147483648 0 0 262144 98338 8 0 536870944 77111296 134366272 16384 4194304 2097168 2624 0 16 71305216 0 2147483648 0 64 0 0 2048 1024 0 0 0 8396800 0 0 0 0 0 0 0 0 2097152 0 0 805306369 288 128 134484000 10485793 536871040 1050624 0 0 537133056 4866 0 1073741824 8388608 537395200 8519680 0 131072 0 0 2147483648 536870912 18874369 0 1 64 1077952784 2 8 0 0 71307328 0 268437504 12 8388608 393216 1073741824 32768 0 64 2048 67108864 0 1 536870912 2097152 0 1 0 4194304 0 0 0 0 4160 0 0 0 0 262144 1073741824 0 0 8192 0 0 0 262144 0 0 0 0 565248 16384 0 0 2097168 64 0 0 67108864
is_linear=0
shrinkage=0.1


Tree=18
num_leaves=31
num_cat=9
split_feature=19 3 3 3 11 3 3 3 14 21 11 19 3 9 9 8 16 7 21 3 3 13 13 8 11 14 19 7 21 17
split_gain=124.098 68.142 48.3197 33.7104 24.4018 48.2563 24.8719 26.2619 23.5369 19.4681 17.9085 16.7554 14.4798 12.6576 11.6995 15.3618 10.6199 10.5951 10.5567 36.8997 18.9989 17.2731 14.5287 12.2845 11.9529 18.1412 12.2757 13.3775 13.819 11.6672
threshold=0.053094936534762389 0 1 2 17.500000000000004 3 4 5 46.500000000000007 3943.5000000000005 -1.0000000180025095e-35 0.18864748626947406 6 43.250000000000007 33.549999237060554 4.5000000000000009 7.5000000000000009 5.5000000000000009 4363.5000000000009 7 8 0.24386480450630191 0.28656972944736486 15.500000000000002 169.50000000000003 5.5000000000000009 0.076750010251998915 1.5000000000000002 4541.5000000000009 7.5000000000000009
decision_type=2 9 9 9 2 9 9 9 2 2 2 2 9 8 8 2 2 2 2 9 9 2 2 2 2 2 2 2 2 2
left_child=1 10 11 -4 6 -6 14 -8 12 -9 -1 -2 -5 -12 -3 -16 17 -11 19 23 21 24 29 -14 25 26 27 -20 -29 -21
right_child=2 4 3 8 5 -7 7 9 -10 16 13 -13 18 -15 15 -17 -18 -19 20 22 -22 -23 -24 -25 -26 -27 -28 28 -30 -31
leaf_value=0.18028093718455107 0.076814997435502075 0.18700842824837355 -0.044549667665969711 -0.027056209356677255 0.026388455343188139 -0.071192782491463324 0.005850938779201776 -0.067433746826233432 -0.083744726008998419 -0.028415568566880756 0.1246452679842614 0.028911036710165029 -0.029839746924270546 0.024199541342403069 0.14923924087934248 0.0063030707794918765 -0.088952261262225607 0.033572262290192924 -0.0017615274875191916 0.021890694975983845 -0.011796149784327669 -0.058825913295320754 0.08652046569083878 0.0035794816625814873 0.058367275988359418 -0.04545441137083623 0.0077044035434180834 0.050120777211054658 0.18172767644152363 -0.0020434117676205294
leaf_weight=11.768379207700489 99.030026119202375 4.7551584541797638 131.34900017082691 121.04814025945961 61.020641170442104 267.35810690559447 201.70203495584428 150.88617533445358 29.587995180860162 753.0149184986949 16.254712833091617 277.93988525867462 227.17914319969714 54.976885430514812 8.6288508605211955 58.456421587616205 27.882723245769739 28.621436407789588 48.678109098225832 1258.3057333435863 678.80924621969461 37.036845767870545 31.611674042418599 213.23303356394172 50.017200518399477 59.363352157175541 1112.7705884166062 74.737067507579923 8.9319756627082807 243.00670741312206
leaf_count=199 854 96 2508 1885 1661 12120 5084 5784 894 23738 228 1297 2776 919 196 1377 1185 860 732 12449 9396 363 318 2489 492 799 10527 1080 122 2554
internal_value=-0.00170725 -0.0253452 0.00656302 0.00351065 -0.030006 -0.0544243 -0.0237509 -0.0271757 0.00511808 -0.0341007 0.0589043 0.0404231 0.00576169 0.0471208 0.0311029 0.0246883 -0.028309 -0.0261457 0.00679421 0.0120446 0.00182268 0.00848988 0.0193034 -0.013356 0.0103932 0.00855377 0.0111287 0.0399202 0.0641703 0.0180167
internal_weight=6347.96 1645.33 4702.64 4325.67 1562.33 328.379 1233.95 1162.11 4194.32 960.405 83 376.97 4164.73 71.2316 71.8404 67.0853 809.519 781.636 4043.68 1973.34 2070.34 1391.54 1532.92 440.412 1354.5 1304.48 1245.12 132.347 83.669 1501.31
internal_count=104982 53447 51535 49384 52101 13781 38320 36651 46876 31567 1346 2151 45982 1147 1669 1573 25783 24598 44097 20586 23511 14115 15321 5265 13752 13260 12461 1934 1202 15003
cat_boundaries=0 21 42 64 87 110 133 156 177 195
cat_threshold=2281701376 8650784 0 898 0 2359296 33 32768 0 0 525314 0 1058 0 0 2359552 2147483680 0 0 1075841024 2097184 1082195968 671350784 64 0 0 134219776 0 0 320 0 536870912 0 8552464 0 0 134217728 262144 201334792 281600 786433 8388609 2281701376 0 2415921152 259 0 4456448 4194338 0 8454144 0 1044 33554432 256 0 0 2359296 3221225504 65536 2147483648 270532608 0 131072 16777216 3145729 268435456 262144 8388608 0 0 16512 603979776 1 138412096 1073807360 0 64 0 0 0 10502144 0 0 0 16973828 131072 8388608 16777216 2147483648 0 0 805306368 5242880 65536 10227712 524288 536870912 1107296256 4096 0 262144 0 524288 65536 524288 67108872 2049 67110912 33559044 4194304 33554432 268435457 0 1073741824 3305179136 65536 192 65536 0 0 2147549184 74496 32 0 0 536871424 0 0 65536 131072 4224 40960 16777216 100663840 0 512 16777344 270532608 1048832 66 0 0 147324928 2684420096 2 11 8388608 524288 0 0 131073 1073741824 0 67108864 2147483648 570425408 8388608 2097152 262144 0 1073742336 32769 33554432 0 0 4098 268435456 134245445 8256 0 256 524304 0 0 131136 32 0 27262976 538968064 393280 0 0 262144 65536 34603008 0 4384 474349568 201327617 64 0 0 0 524288
is_linear=0
shrinkage=0.1


Tree=19
num_leaves=31
num_cat=9
split_feature=10 3 3 14 3 3 20 16 3 9 16 14 16 14 20 14 21 8 14 8 6 8 11 3 3 3 11 3 14 16
split_gain=135.105 35.28 27.7856 23.9069 32.9175 18.6402 18.025 17.7304 18.8287 16.6638 15.6022 14.5634 13.2644 13.2934 13.2595 22.4225 13.9646 21.7472 12.939 11.4337 11.0484 27.0251 10.6732 47.7199 22.8282 13.3133 17.9909 15.4448 14.8842 14.1994
threshold=0.044620942324399955 0 1 24.500000000000004 2 3 0.024849578738212589 13.500000000000002 4 24.550000190734867 60.500000000000007 46.500000000000007 13.500000000000002 1.5000000000000002 0.02267442457377911 10.500000000000002 4561.5000000000009 17.500000000000004 3.5000000000000004 9.5000000000000018 5.5000000000000009 11.500000000000002 -1.0000000180025095e-35 5 6 7 1.0000000180025095e-35 8 5.5000000000000009 1.5000000000000002
decision_type=2 9 9 2 9 9 2 2 9 8 2 2 2 2 2 2 2 2 2 2 2 2 2 9 9 9 2 9 2 2
left_child=1 -1 10 4 6 -4 14 -6 19 -8 -2 22 13 -11 18 16 20 -18 -3 -9 21 -16 23 -7 -24 26 27 -26 29 -27
right_child=2 3 5 -5 7 11 9 8 -10 12 -12 -13 -14 -15 15 -17 17 -19 -20 -21 -22 -23 24 -25 25 28 -28 -29 -30 -31
leaf_value=-0.072997824624048122 0.028748245504307404 0.024874953156219903 -0.025937077928704394 -0.080624230479784412 -0.025852871037538749 0.039637956526745205 0.15484800945783117 0.2241978766502748 -0.079041729746935768 -0.0092077252685850881 -0.031187826302593508 -0.065447760755291226 0.085980898295323294 -0.062808256877884869 -0.028300252394157815 0.28315530591327626 0.21071655265464706 -0.032850272037500322 -0.061677124651324661 0.01273648669393756 -0.022737335074766787 0.23508561646300929 -0.018748320557547656 -0.023265755620182644 0.068276555509047779 0.0046780283062697516 0.010409037124186999 0.016294189991616862 -0.023473212038472639 0.022569515402617233
leaf_weight=152.30301408562809 719.63559733144939 81.259739863686264 186.41251498274505 66.163083208724856 514.57003540918231 156.17512953653932 5.8001245018094778 3.6461121886968604 102.02245460543782 210.70371212996542 46.221519496291876 28.609614880755544 12.114761531352995 59.289809299632907 9.2064393255859596 4.3762015290558329 10.670139258727433 5.5843092612922183 21.934434650465846 8.5598144177347404 25.75639708340168 6.7532987520098677 279.15944239683449 432.31328348256648 123.26994309946895 1748.2110504880548 411.09687678702176 139.32930556684732 148.07750200293958 594.41068649105728
leaf_count=8266 4849 3212 2562 3945 17749 1647 174 97 4887 6331 268 933 385 1999 238 120 158 156 1017 251 709 156 3920 5410 1088 19283 4893 1678 2107 6479
internal_value=-5.37361e-05 -0.0287715 0.00739771 -0.0220782 -0.018703 0.00419008 0.00213565 -0.033236 -0.0694046 -0.0129354 0.024807 0.00563345 -0.016385 -0.0209782 0.0284762 0.0648871 0.04841 0.127038 0.00647788 0.0417219 0.0177731 0.0831504 0.00615178 -0.00629394 0.0082787 0.0106885 0.0231266 0.0439164 0.00724513 0.00921777
internal_weight=6313.64 1300.71 5012.92 1148.41 1082.25 4247.07 453.449 628.798 114.228 287.908 765.857 4060.65 282.108 269.994 165.541 62.3468 57.9706 16.2544 103.194 12.2059 41.7161 15.9597 4032.04 588.488 3443.55 3164.4 673.696 262.599 2490.7 2342.62
internal_count=104967 49850 55117 41584 37639 50000 14655 22984 5235 8889 5117 47438 8715 8330 5766 1537 1417 314 4229 348 1103 394 46505 7057 39448 35528 7659 2766 27869 25762
cat_boundaries=0 23 47 70 93 115 136 157 177 194
cat_threshold=33554432 0 1073741824 0 8389120 0 0 64 0 278531 0 0 1048576 17203200 0 0 0 0 0 0 335609856 24141893 134744384 134217728 2684354688 64 64 0 0 262144 1056 72 0 0 2415984640 180356 256 0 0 0 201326592 396288 525313 33 0 0 4 67108864 4194306 0 32 536870912 151520768 81920 20480 0 524288 138412048 33554432 67174400 0 0 0 0 1081344 0 0 1073741824 8388608 8 8388608 16777504 2147488768 256 0 4194304 0 24 33816576 0 64 537395200 0 4100 8388608 0 10242 8388608 2147483906 201392128 0 0 67108864 1346371584 2097152 0 0 1073741824 0 4194304 0 603979776 0 1024 0 0 0 0 0 0 2097152 0 0 0 131072 262144 1 0 513 0 262272 2097184 128 0 0 524320 1073872896 134219808 0 0 1 32768 50331776 0 268435456 2097280 16842816 1 20971520 3 16777216 458784 32 128 0 0 537395200 131072 2080 34 0 33685504 1 16793600 0 268566528 2097280 0 8388608 538968064 128 0 2097152 2048 0 1048576 0 0 89128960 16777553 64 0 16 262656 524288 16384 2097152 0 0 538968064 0 0 0 2048 0 0 0 0 20971520 321 0 0 0 512
is_linear=0
shrinkage=0.1


Tree=20
num_leaves=31
num_cat=7
split_feature=10 3 10 10 19 3 17 3 16 21 11 8 11 11 20 19 19 3 11 21 17 16 3 16 3 0 20 19 7 8
split_gain=126.645 32.4808 31.4711 16.619 16.2601 15.2106 14.4974 28.7727 17.4447 23.8859 30.8791 25.8531 16.3593 15.8166 14.0603 18.3919 13.3028 21.7787 13.1929 17.6668 12.6391 12.4436 12.2893 12.6924 11.4075 14.9638 19.1723 11.9019 11.3412 11.1561
threshold=0.041654093191027648 0 0.023826113902032379 0.077127590775489821 0.036911355331540115 1 1.5000000000000002 2 1.5000000000000002 4409.5000000000009 13.500000000000002 13.500000000000002 17.500000000000004 469.50000000000006 0.024849578738212589 0.024326905608177189 0.071913935244083418 3 78.500000000000014 4500.5000000000009 639.50000000000011 6.5000000000000009 4 95.500000000000014 5 6 0.095389395952224745 0.061486529186367996 4.5000000000000009 7.5000000000000009
decision_type=2 9 2 2 2 9 2 9 2 2 2 2 2 2 2 2 2 9 2 2 2 2 9 2 9 9 2 2 2 2
left_child=2 -2 20 16 6 -6 7 8 12 -10 11 -11 14 18 29 -16 22 28 21 -20 -1 -12 23 -3 -5 -26 27 -27 -18 -4
right_child=1 3 4 24 5 -7 -8 -9 9 10 13 -13 -14 -15 15 -17 17 -19 19 -21 -22 -23 -24 -25 25 26 -28 -29 -30 -31
leaf_value=-0.059844138291332727 0.046160669276945822 0.0086489186683800096 -0.02794157166596814 -0.0076924784267938572 0.0096455987912224348 -0.053657221999674404 -0.040702557674212131 -0.047798904196238286 -0.0059100331486749997 0.48943981814201165 0.15956105862802228 0.14045763506582443 -0.1016735124415489 -0.084273586133960743 -0.050805116785914664 0.016213873319765298 0.0026960026544847844 -0.049456476062633294 0.039971761346215759 0.38197576199864525 0.18810746170768378 -0.065689359814226495 -0.014313635340442409 0.15361533777275749 0.0059398715761322862 -0.0012640083195309031 0.016662622509141651 0.099177576034047643 0.13057855382423106 0.06044718624632342
leaf_weight=326.50038347300142 171.95766687765718 375.26119225658476 18.356060761958361 520.02090165577829 49.610759024508297 200.22771858703345 135.54908839333802 98.802368423901498 27.722785315476358 3.5317617636173981 4.5410413946956414 5.3210267312824726 14.680799464695154 5.7408669376745811 66.09566236846149 107.62176506593823 78.288550600409508 154.79733729548752 2.7900001350790253 3.2933026049286127 2.0688323974609366 5.3324955403804779 384.63396316580474 6.1383917164057484 3117.203260390088 15.224199861288069 254.16123404353857 52.413976579904556 7.6088273879140607 64.302025681361556
leaf_count=19350 1103 7223 498 5756 1657 6867 4685 3477 1090 94 163 157 931 370 1923 3215 1592 2968 100 115 115 198 8367 119 28592 129 1640 387 155 1584
internal_value=-0.0020426 0.00465296 -0.0321627 0.00311637 -0.0216131 -0.0428487 -0.0122009 -0.00317717 0.0113176 0.0612989 0.122287 0.279682 0.000989826 0.058069 0.00686862 -0.00928538 -0.00834959 -0.0288568 0.10928 0.225122 -0.0582829 0.0379079 -0.00190604 0.0107015 0.00603989 0.00811517 0.0283727 0.0765699 0.0125615 0.0408185
internal_weight=6279.8 5137.71 1142.09 4965.75 813.52 249.838 563.681 428.132 329.33 58.2733 30.5505 8.85279 271.056 21.6977 256.376 173.717 1006.73 240.695 15.9568 6.0833 328.569 9.87354 766.034 381.4 3959.02 3439 321.799 67.6382 85.8974 82.6581
internal_count=104620 58031 46589 56928 27124 8524 18600 13915 10438 2287 1197 251 8151 946 7220 5138 20424 4715 576 215 19465 361 15709 7342 36504 30748 2156 516 1747 2082
cat_boundaries=0 24 47 70 90 114 137 138
cat_threshold=65536 536870912 4194304 0 0 0 0 0 72 0 2 131072 0 256 0 35651584 67587 67108864 396288 262145 5 0 0 4 3221225472 4194304 0 0 1073741824 2147483648 65552 0 1073741824 1281 0 33554432 0 0 0 0 268435456 3211264 0 0 0 536903680 4104 5242880 104857602 268435488 0 545259520 33554432 1048832 16448 8454144 196612 4195344 0 67108864 0 0 0 0 2162688 0 0 1073741824 2 33554433 142606336 33 2684354560 262401 128 1207963680 10485762 0 1048576 0 0 536870912 2147483650 32 0 8519680 1074266112 8388608 1 196608 142606336 0 1 288 0 67502096 12591137 16 264192 0 524352 0 11024 76 1073741824 16777216 0 0 0 0 131072 67108864 0 1 17088512 2147483648 0 131074 16777216 0 0 360448 0 0 545259520 25436168 16384 16385 0 2048 2147492384 0 0 268435456 224 0 2147483648 2
is_linear=0
shrinkage=0.1


Tree=21
num_leaves=31
num_cat=7
split_feature=10 10 3 21 3 14 3 3 14 11 20 6 11 20 9 9 8 19 11 9 3 14 7 3 14 11 11 21 3 9
split_gain=102.36 42.6988 21.4305 23.001 23.7694 21.4848 26.5707 20.3708 19.9519 23.9508 15.2308 25.1886 15.1871 14.965 12.9737 12.0016 11.7105 13.0722 13.7919 13.2074 11.4519 11.9407 11.3776 21.3203 19.6453 10.735 27.5091 21.6258 11.0741 14.006
threshold=0.064756568521261229 0.020287527702748779 0 4270.5000000000009 1 46.500000000000007 2 3 1.5000000000000002 59.500000000000007 0.032248957082629211 7.5000000000000009 11.500000000000002 0.028880470432341102 34.049999237060554 68.149997711181655 17.500000000000004 0.049471814185380943 5.5000000000000009 49.549999237060554 4 46.500000000000007 4.5000000000000009 5 1.0000000180025095e-35 313.50000000000006 552.50000000000011 4479.5000000000009 6 36.649999618530281
decision_type=2 2 9 2 9 2 9 9 2 2 2 2 2 2 10 8 2 2 2 8 9 2 2 9 2 2 2 2 9 10
left_child=1 -1 10 4 16 6 8 -2 -5 -10 11 -3 14 -11 -13 -15 17 18 -4 -19 -9 25 -8 24 -24 28 27 -27 29 -22
right_child=7 2 3 5 -6 -7 22 20 9 13 -12 12 -14 15 -16 -17 -18 19 -20 -21 21 -23 23 -25 -26 26 -28 -29 -30 -31
leaf_value=-0.064210091510633643 0.026274021165559894 -0.035203909750106774 0.19378412868798395 0.01137220409117755 -0.061023487334190454 -0.086700644094072951 -0.035121113902251769 -0.011762934523572056 -0.046774224566867424 0.19906963133856551 -0.00094347572686514938 0.052019120115981421 0.2751490647557242 -0.072547302514808773 0.25014432481217641 0.071045324512573935 -0.040416654000844543 0.15461301416793757 -0.043252393898710766 -0.035895494332277414 0.0020279257684198758 -0.071996260313447386 0.058280323122460322 -0.046642785599099824 0.29475668073241645 0.18274766768203976 -0.0088415798118051878 0.034703011467306116 0.0096166628080123929 -0.033378283350049331
leaf_weight=195.42933284398168 506.51994420588017 17.401475520804524 9.407064473256467 491.41909292712808 209.72259948402643 39.776940351352096 428.16282416693866 358.30867353826761 135.44844513852149 5.5919344751164344 316.82770318817347 20.463081745430834 5.0110103636980048 9.2192036285996419 3.9417681563645592 15.790099335834386 23.23657700419426 4.6155449766665697 3.3213472114875904 17.20077485404909 663.85707414522767 19.097960598766804 13.526159643195571 18.916450798511505 4.745567104779183 18.431114763021469 48.398931439965963 21.235280718654394 2514.0080390945077 134.33443203940988
leaf_count=13082 2586 501 297 12008 6584 2442 14562 3228 4100 160 7674 551 164 223 97 329 591 101 136 363 7870 520 384 780 122 153 457 193 22959 1672
internal_value=-0.00107686 -0.019823 -0.014987 -0.0204157 -0.0469971 -0.0144751 -0.0119164 0.00762708 0.00122731 -0.0287223 0.00673832 0.0601627 0.116579 0.0511799 0.0840195 0.0181126 0.0123387 0.0513965 0.131932 0.00440922 0.00504395 0.00683427 -0.029871 0.0225435 0.0773599 0.00729713 0.0417559 0.103492 0.00638094 -0.00388225
internal_weight=6273.37 1989.17 1793.75 1430.1 267.504 1162.6 1122.82 4284.19 657.469 166.05 363.645 46.8173 29.4159 30.6012 24.4048 25.0093 57.7813 34.5447 12.7284 21.8163 3777.67 3419.36 465.351 37.1882 18.2717 3400.26 88.0653 39.6664 3312.2 798.192
internal_count=104889 65251 52169 43182 8072 35110 32668 39638 16820 4812 8987 1313 812 712 648 552 1488 897 433 464 37052 33824 15848 1286 506 33304 803 346 32501 9542
cat_boundaries=0 21 44 67 87 108 131 155
cat_threshold=671088640 2097184 822083584 0 0 67654192 5275682 0 33755136 0 134217728 0 8192 2 8388608 131072 536870912 8519680 0 0 1073741824 3498049536 37749249 0 0 67108864 1610613120 33562624 64 1048576 524288 64 0 16 8 0 0 1073741824 32768 0 196608 2048 4194304 167941 4196352 2 0 33 1610612736 0 8470528 128 1048576 0 144 32 67179280 96 0 0 0 2097152 0 0 0 196608 524290 0 537133056 64 512 0 0 2048 32 524360 0 0 8 131200 8448 0 136314880 2 201334980 282112 9175041 32768 128 0 2147483904 0 0 262144 0 2048 0 8388610 4292608 2181039200 0 0 67110912 8429569 16777225 261 402653192 32 3489660928 303038465 0 262272 8388608 0 0 16384 0 128 4194304 0 2 0 0 0 0 0 0 0 131072 8421408 41 17104896 8388608 8192 0 192 0 0 16 0 0 4096 8519680 16793601 16388 4194304 0 2147484272 0 4325440 1073741824 1092 0 0 4
is_linear=0
shrinkage=0.1


Tree=22
num_leaves=31
num_cat=8
split_feature=10 10 3 3 14 3 7 19 21 9 8 9 20 14 3 8 9 14 3 16 9 3 16 14 17 19 21 16 3 3
split_gain=94.2402 25.6232 19.695 16.4945 16.2356 26.5163 16.8685 13.5578 11.8501 23.3238 10.3107 15.123 11.7037 16.0648 15.691 21.1509 10.24 9.13111 53.4757 23.8574 21.2211 18.8383 12.5423 38.6824 17.9703 15.5991 12.3632 11.9522 57.449 40.3702
threshold=0.038303164765238769 0.018481097184121612 0 1 30.500000000000004 2 4.5000000000000009 0.022339220158755783 4356.5000000000009 57.750000000000007 16.500000000000004 24.550000190734867 0.024849578738212589 13.500000000000002 3 9.5000000000000018 29.849999427795414 5.5000000000000009 4 1.5000000000000002 30.349999427795414 5 57.500000000000007 26.500000000000004 1.0000000180025095e-35 0.30071142315864569 4320.5000000000009 1.0000000180025095e-35 6 7
decision_type=2 2 9 9 2 9 2 2 2 10 2 8 2 2 9 2 10 2 9 2 8 9 2 2 2 2 2 2 9 9
left_child=1 -1 8 -4 5 6 10 -8 -2 -10 11 -3 13 14 -13 -16 -9 21 19 -19 -21 -5 23 24 26 -24 -22 29 -29 -23
right_child=2 4 3 17 -6 -7 7 16 9 -11 -12 12 -14 -15 15 -17 -18 18 -20 20 22 27 25 -25 -26 -27 -28 28 -30 -31
leaf_value=-0.065002598767121431 0.033741366638883885 0.18141971454416944 -0.021615497625219596 -0.023094525592539612 -0.083808516700825342 -0.037949629585036254 0.18952226400575434 -0.0058593984937099497 -0.00030855875325400595 0.16821645592875845 -0.023654631556462666 -0.021561971886041791 -0.014464834182816548 0.22101974951159353 0.0014493203286876277 0.14107369307388767 0.17453131043239095 -0.092842356612254068 -0.044858604504854876 -0.069164007009730535 0.008796330887821481 -0.021553688646253323 0.060250313844016704 0.18126232609802434 -0.021727637031437548 -0.081029166704003772 0.13965211559225052 0.038203520827784804 -0.0022425859027659328 0.0097609152727061652
leaf_weight=159.15695144515485 363.76360175013542 4.9041096949949861 249.23861221969128 206.49375228025019 39.60331561230123 360.73585802316666 7.4882005546242025 15.383107827976348 240.81974451057613 8.5023671425878984 191.6951430561021 42.52991948928684 137.1982286721468 4.2788989441469303 21.897586815990508 21.503658358938992 3.9560933532193294 13.191781952977179 191.96328732464463 13.826178507879375 11.720443015918137 516.59369897469878 22.245830127969384 26.968849310651422 27.801890950649977 12.047770097851751 18.80368978716433 588.05209892615676 855.72959303110838 1880.4188168421388
leaf_count=11475 2848 144 4526 2893 2845 15463 227 525 3367 88 6470 1349 4551 129 741 473 132 301 3186 242 112 6387 316 195 342 53 190 5243 10533 19580
internal_value=-0.000206737 -0.0281743 0.00517732 0.00291527 -0.021288 -0.0182371 -0.00158714 0.0752778 0.0218747 0.00543847 -0.00648789 0.00767743 0.00393064 0.0319079 0.0224911 0.057402 0.0310419 0.0043553 -0.0114106 0.0331819 0.0481301 0.00568494 0.061691 0.0822258 0.0364332 0.0106171 0.089407 0.00727341 0.0144802 0.00296293
internal_weight=6258.51 1010.33 5248.18 4635.1 851.174 811.571 450.835 26.8274 613.086 249.322 424.008 232.312 227.408 90.2101 85.9312 43.4012 19.3392 4385.86 338.57 146.606 133.415 4047.29 119.588 85.2949 58.326 34.2936 30.5241 3840.79 1443.78 2397.01
internal_count=104926 44524 60402 54099 33049 30204 14741 884 6303 3455 13857 7387 7243 2692 2563 1214 657 49573 4937 1751 1450 44636 1208 839 644 369 302 41743 15776 25967
cat_boundaries=0 21 43 66 89 110 131 155 179
cat_threshold=262144 0 541073408 512 0 0 0 128 72 0 4194304 8388616 50462852 16640 0 0 262144 100663361 263168 67895299 4 536870912 2097280 65536 0 0 541262208 4352 16 512 524288 201326592 131072 2097154 32 0 2048 1073742336 32768 4194304 268435456 0 67108864 3528458240 2 32 0 545259520 1024 1024 16384 2415919104 256 16 0 67108864 0 0 0 0 2097152 0 0 0 12699776 4194336 301989888 0 0 0 536870912 0 0 16384 0 256 16 0 0 0 0 0 0 0 0 0 0 8486912 4194336 16859136 2684354560 268435520 0 0 0 0 0 0 0 32 72384512 19760 64 0 0 2147483648 0 0 0 1056 16826368 541065216 0 0 1073741824 2483032608 8193 0 262144 0 8 1048608 1024 72 4194304 131072 524288 524296 33554500 4194304 131072 0 2147745792 2097216 32 0 0 4194304 0 1704192 0 536875104 134225921 134234112 0 0 262144 0 142614528 272 3221225472 8388609 0 0 5 0 8650784 65 32 0 524288 6291456 0 131328 0 545263680 1 134234112 1 0 262160 0 142614528 16640 3221225472 1041 0 0 1
is_linear=0
shrinkage=0.1


Tree=23
num_leaves=31
num_cat=1
split_feature=10 10 9 7 14 16 16 11 16 11 20 17 20 9 19 19 7 1 9 14 19 8 9 11 16 21 8 19 20 17
split_gain=73.7671 33.4824 29.4653 13.7844 13.1893 16.0958 14.2972 11.9685 17.3866 42.2237 21.7713 13.5967 10.9895 10.538 9.18661 41.3127 32.7964 9.12727 11.4024 9.06401 8.10214 7.92805 7.89019 10.3858 7.76934 7.26485 8.06111 7.96366 7.75461 7.58762
threshold=0.064756568521261229 0.021944295614957813 72.450000762939467 5.5000000000000009 4.5000000000000009 36.500000000000007 79.500000000000014 92.500000000000014 9.5000000000000018 9.5000000000000018 0.025784438475966457 4.5000000000000009 0.014009689912199976 35.850000381469734 0.020444549620151523 0.019472314044833187 1.5000000000000002 0 36.149999618530281 70.500000000000014 0.022339220158755783 1.5000000000000002 51.649999618530281 12.500000000000002 2.5000000000000004 4270.5000000000009 1.5000000000000002 0.056341832503676421 0.075848478823900237 4.5000000000000009
decision_type=2 2 10 2 2 2 2 2 2 2 2 2 2 10 2 2 2 9 8 2 2 2 8 2 2 2 2 2 2 2
left_child=1 12 3 4 6 14 7 8 9 25 -11 22 -1 -9 15 -6 -17 18 -2 -7 -5 -19 -12 -24 -16 26 -3 -28 -29 -27
right_child=17 2 -4 20 5 19 -8 13 -10 10 11 -13 -14 -15 24 16 -18 21 -20 -21 -22 -23 23 -25 -26 29 27 28 -30 -31
leaf_value=-0.07312732784181443 0.086638445851363183 0.085373612266586102 0.25346193666352129 0.13666191995550284 -0.088977145236621022 0.050818829729169172 -0.090891736396878087 0.078494786952937143 -0.049250366843399104 0.26962038478061379 0.027783711029486371 -0.0013276622188703809 -0.028609179692194828 -0.070256894483358506 -0.084147329453951938 0.3834078977942898 -0.041055369141904996 -0.019505349013301754 0.018997506363721814 -0.08516968401982597 0.0204252560839066 0.0069133600256302483 0.047459590850941751 0.23674717692037578 -0.037759928567564306 -0.0026200103108668226 -0.013508186301256681 -0.068258084301818539 -0.0074153601910198624 -0.025012583695353797
leaf_weight=120.42147154733539 28.056410878896713 6.3096444196999064 4.1890704557299605 6.6277257101610294 14.403057378716769 26.827106915414333 21.821650288999081 26.025939107872549 107.93093376606703 5.8907000897452226 6.0130570493638515 17.375660991296172 102.77491635549814 5.8291764846071592 68.667505859397352 4.2434759736061087 3.1877498999238014 116.942312290892 223.05813691392541 5.9970143623650065 62.985907956957817 3963.5257422160357 4.5808562114834803 7.89338543638587 76.144158442504704 784.52059210278094 137.93350185640156 71.557664318010211 29.618640245869756 187.48254095390439
leaf_count=9226 175 163 108 188 661 703 670 614 3813 197 142 434 6944 183 2989 103 139 1121 1434 348 1655 37153 107 187 3127 20651 4070 1829 631 5104
internal_value=0.000110294 -0.0162208 -0.011424 -0.0120807 -0.0139528 -0.0380321 -0.0105722 -0.00931929 -0.0107312 -0.00742951 0.0914505 0.062185 -0.0526281 0.0512747 -0.0506392 0.00982698 0.201327 0.00733879 0.0255379 0.0259735 0.0314918 0.00614117 0.121879 0.167236 -0.0597561 -0.0108208 -0.0261942 -0.0291383 -0.0504468 -0.00693915
internal_weight=6248.84 1917.25 1694.06 1689.87 1620.25 199.47 1420.78 1398.96 1367.11 1259.18 41.7537 35.863 223.196 31.8551 166.646 21.8343 7.43123 4331.58 251.115 32.8241 69.6136 4080.47 18.4873 12.4742 144.812 1217.42 245.419 239.11 101.176 972.003
internal_count=104869 64986 48816 48708 46865 8070 38795 38125 37328 33515 1067 870 16170 797 7019 903 242 39883 1609 1051 1843 38274 436 294 6116 32448 6693 6530 2460 25755
cat_boundaries=0 1
cat_threshold=77725696
is_linear=0
shrinkage=0.1


Tree=24
num_leaves=31
num_cat=9
split_feature=10 10 3 3 14 3 0 14 3 6 9 19 3 20 9 3 9 3 21 3 12 17 12 19 11 14 11 21 19 19
split_gain=61.8153 27.8379 25.9071 17.4934 17.3519 12.8136 14.2192 12.5867 14.033 11.8452 11.8205 24.9231 11.549 12.1757 10.8779 16.0581 12.3688 9.56236 10.557 16.5338 8.66835 20.8199 12.5039 9.19041 8.52268 8.34054 10.8925 9.22664 13.9434 8.16061
threshold=0.028411639854311947 0.080525159835815444 0 1 2.5000000000000004 2 3 70.500000000000014 4 1.5000000000000002 28.44999980926514 0.024326905608177189 5 0.17741058766841891 50.549999237060554 6 52.750000000000007 7 4270.5000000000009 8 3.5000000000000004 1.5000000000000002 6.5000000000000009 0.019472314044833187 9.5000000000000018 6.5000000000000009 14.500000000000002 4541.5000000000009 0.13854105025529864 0.13854105025529864
decision_type=2 2 9 9 2 9 9 2 9 2 8 2 9 2 10 9 10 9 2 9 2 2 2 2 2 2 2 2 2 2
left_child=2 7 4 25 10 -5 12 8 -2 -8 11 -1 -7 24 -11 -16 -17 -10 19 -19 23 22 -22 -12 -14 26 27 28 -3 -15
right_child=1 3 -4 5 -6 6 9 -9 17 14 20 -13 13 29 15 16 -18 18 -20 -21 21 -23 -24 -25 -26 -27 -28 -29 -30 -31
leaf_value=0.41741814008962524 -0.038750051920174076 0.074242660241730277 -0.059886744744419268 -0.012028329015768179 -0.068765078529166329 0.002202139448734704 -0.015663973436252879 -0.071775057050603511 0.011654311471764807 0.005227455038259836 0.038867825562799031 -0.058828045324458504 0.050249198273385198 -0.023648536792804931 -0.015782915740025504 0.15170617658075555 0.047319717870694188 0.01675670044290507 -0.0037577213087988063 -0.03787169876929275 0.21333373815054393 0.3457264968449103 -0.066835897253256435 -0.021672596551128714 0.11538609394194373 0.090407308282172527 -0.016496699404683467 -0.032556641832572321 0.021518115311780345 0.044698168545016355
leaf_weight=2.1166245425119996 118.69527178630233 78.509767226874828 227.4575314624235 395.18890368193388 36.405399898067117 124.47281978279352 260.97043914906681 30.269355925731361 298.2443198338151 2454.1305412817746 35.475790620781481 2.2852406147867441 89.090120039880276 33.451916351914406 43.493428891524673 13.634066015481947 67.790023695677519 70.64986938983202 1246.1775674596429 214.63131125643849 2.2188062397763115 2.4558026185259223 5.6474270345643163 85.529589211568236 25.934907153248787 21.446781054139137 50.304058156907558 18.748215489089489 138.89760985225439 36.565646335482597
leaf_count=117 3212 672 15523 3463 2590 813 2267 2228 5796 21921 1995 106 605 207 443 114 556 1645 29029 5096 120 125 297 4273 158 124 323 180 785 191
internal_value=-0.000752103 0.00185524 -0.0388014 0.00680682 -0.00705077 0.00475645 0.00689393 -0.00778589 -0.00679179 0.00462205 0.00898282 0.170174 0.026943 0.0426192 0.00669268 0.0354786 0.057711 -0.00448233 -0.00768008 -0.0250831 0.00357998 0.0915451 0.0121908 -0.00392364 0.0649357 0.0293052 0.0257536 0.0347534 0.0405579 0.0120445
internal_weight=6230.89 5831.3 399.592 3852.63 172.135 3544.72 3149.53 1978.67 1948.4 2840.02 135.729 4.40187 309.515 185.043 2579.05 124.918 81.4241 1829.7 1531.46 285.281 131.327 10.322 7.86623 121.005 115.025 307.906 286.46 236.156 217.407 70.0176
internal_count=104974 79828 25146 32822 9623 30738 27275 47006 44778 25301 7033 223 1974 1161 23034 1113 670 41566 35770 6741 6810 542 417 6268 763 2084 1960 1637 1457 398
cat_boundaries=0 23 47 68 69 92 113 125 149 172
cat_threshold=71303168 0 0 0 536870912 0 81920 0 0 2134016 0 33554432 0 0 0 0 0 0 0 0 2852126720 142610562 54665762 0 2684616704 0 512 0 0 262144 32768 320 0 536871168 16809984 33554560 256 0 0 2048 67641472 262144 262145 1 0 0 4 0 8388736 0 2147483650 0 0 0 65536 8 0 8388608 3491758081 16941124 0 0 0 2147484225 33554432 1026 1543503872 8388640 9 1048576 272629760 65536 266372 1073741824 134316032 644 4096 1024 8388613 8 262144 0 8 0 4194304 0 1048576 0 0 4194304 133152 1 16512 134217728 0 0 0 0 0 32 0 0 4 0 0 28672 0 35651585 40960 134217729 34210560 2153777154 132 17039360 0 2097216 64 0 0 2048 1024 0 0 0 12582912 2147483712 1 0 131329 128 393216 2097152 536871040 1312768 0 4718594 536870912 10240 68 0 25427968 1073741824 0 0 8 64 67371008 0 1 1619001344 2097408 805306369 0 64 1086341136 34 0 0 0 67108928 0 16 2 1073741824 131072 0 10600448 4 0 0 0 6148
is_linear=0
shrinkage=0.1


Tree=25
num_leaves=31
num_cat=12
split_feature=10 3 3 14 20 11 3 16 3 14 3 3 3 9 3 14 3 21 3 9 7 16 20 3 14 9 9 7 8 3
split_gain=56.5856 39.6122 22.4831 16.026 21.244 14.5891 14.4851 14.1466 62.4016 33.2599 31.6145 25.351 22.9384 15.1101 13.4084 12.691 12.193 10.8668 13.2038 10.5161 10.7941 10.424 11.1889 10.1894 10.0803 15.0172 20.9312 11.5344 10.2819 15.9414
threshold=0.041654093191027648 0 1 2.5000000000000004 0.01667208876460791 23.500000000000004 2 1.5000000000000002 3 2.5000000000000004 4 5 6 43.850000381469734 7 40.500000000000007 8 4507.5000000000009 9 34.95000076293946 2.5000000000000004 23.500000000000004 0.034800512716174133 10 5.5000000000000009 35.350000381469734 31.94999980926514 2.5000000000000004 22.500000000000004 11
decision_type=2 9 9 2 2 2 9 2 9 2 9 9 9 10 9 2 9 2 9 8 2 2 2 9 2 8 10 2 2 9
left_child=1 3 -2 17 -5 14 -4 9 -9 10 -8 19 13 -12 -3 23 -11 -1 -19 -10 -21 -6 -23 -13 25 26 -25 -28 29 -27
right_child=2 5 6 4 21 -7 7 8 11 16 12 15 -14 -15 -16 -17 -18 18 -20 20 -22 22 -24 24 -26 28 27 -29 -30 -31
leaf_value=-0.00046271007748915379 0.02951981569839502 -0.00099859500209143609 -0.022593325415807629 0.22118991879058916 -0.059080226771250514 -0.071264101101996047 -0.025776604535313774 -0.035043986657544442 0.01106353622444734 0.019856947571956603 0.031651666276919732 -0.011486209220901392 0.0026016587640374784 0.13390933180067929 -0.040790845417562324 -0.074527563937187166 -0.078056390552802279 -0.043562698951197118 0.048788191154453729 0.067684797768107527 0.030343639055943939 0.15473952552747916 -0.060165112426476042 0.032417595719464731 -0.0080331044124056384 -0.029079628259233676 0.065388175129723725 0.20505311952997962 -0.010247973280258234 0.035981270877798927
leaf_weight=248.80282862391323 311.42586296610534 122.0363837769255 215.07426001969725 3.0748931365087619 74.642836324870586 113.90899274218827 367.67722532339394 226.37290454655886 82.404618691653013 16.973719991743565 165.79983806610107 140.89033767022192 2685.8691463898867 15.829921204596756 350.24086583033204 17.216052183881402 61.769011976197362 12.429426039569078 90.612379075959325 175.37672080285847 138.58542308583856 5.0236020227894169 4.6793130272999406 64.200846016407013 115.39965072646737 39.242142528295517 10.76945196837187 13.113210288807748 105.18622939102352 227.53269559890032
leaf_count=8710 2377 5999 2919 162 3607 7969 4649 2658 823 276 1495 1476 29659 140 16739 655 1041 522 2644 1706 1416 191 217 702 1647 412 133 138 1200 2592
internal_value=-0.000338602 -0.0218065 0.00389759 0.00129662 -0.0369931 -0.0384846 0.0021993 0.0033869 0.0119972 -0.00012683 0.00143612 0.0215412 0.00499786 0.0384471 -0.0313934 0.0101781 -0.0643414 0.0108471 0.0381555 0.0418027 0.0512021 -0.0464054 0.0510999 0.012356 0.0180789 0.0250219 0.0621494 0.142074 0.0162298 0.0266696
internal_weight=6222.16 1025.45 5196.71 439.265 87.4206 586.186 4885.28 4670.21 1356.29 3313.92 3235.18 1129.92 2867.5 181.63 472.277 733.551 78.7427 351.845 103.042 396.367 313.962 84.3458 9.70292 716.335 575.444 460.045 88.0835 23.8827 371.961 266.775
internal_count=104874 46760 58114 16053 4177 30707 55737 52818 15558 37260 35943 12900 31294 1635 22738 8955 1317 11876 3166 3945 3122 4015 408 8300 6824 5177 973 271 4204 3004
cat_boundaries=0 23 44 65 87 107 127 148 171 192 214 238 262
cat_threshold=1073741824 67108866 268435456 0 1610612736 0 1081600 16384 2155937792 2105345 128 0 0 0 0 0 0 1048576 0 0 33554432 46320128 4200452 8404992 1 4194304 0 0 0 0 0 524616 0 524288 0 131200 256 0 256 264194 67117188 265728 786433 1024 16779264 256 0 256 128 16912 33816576 0 1052672 1048576 64 2701197312 65552 8192 8388608 16908289 536903680 0 4 1073743936 131072 0 16777216 8192 65 0 2048 0 0 0 524288 0 275259392 33591333 32 0 11534336 66048 17317888 0 67108864 10485760 67108864 536870912 2155872416 0 32 0 4718592 10241 536870912 131072 0 0 8 151011330 64 0 262160 2148007984 64 16464 272629760 262144 2157969408 64 0 0 0 8192 0 131072 0 4128 67239936 134217728 64 0 16 2147483648 64 16400 272629760 0 150994944 0 64 0 6144 0 0 0 0 0 0 33591393 0 0 35651584 66048 16793608 0 75498506 10485760 100663296 0 1073741824 0 0 0 0 1048576 285212672 1024 16 33554432 0 0 0 0 268435456 0 0 0 536870912 3625521440 59425314 0 0 0 0 0 0 0 0 131072 0 4096 10493952 134217984 0 0 0 0 0 0 0 32 1073741824 67108864 0 0 0 0 32768 0 2155872256 0 0 0 0 0 0 0 0 0 0 0 33554432 131072 0 134217728 2147549184 2 0 2359296 0 65664 33554432 0 0 9437184 8389696 16388 0 33554432 1073750081 1 524288 2158101504 33 0 0 1 134217728 128 0 512 0 0 0 1024 0 0 0 32768 2 0 0 0 0 8388608 256 134217728 0 0 0 4
is_linear=0
shrinkage=0.1


Tree=26
num_leaves=31
num_cat=12
split_feature=3 3 3 3 17 3 3 3 11 3 20 20 11 21 13 19 19 3 11 3 9 9 9 10 3 21 21 10 3 11
split_gain=55.9117 25.5983 20.9457 16.5291 13.3102 58.2383 27.338 21.5502 21.8389 18.752 13.4587 11.6299 16.0416 13.3863 11.5935 19.8111 11.3308 10.5024 10.2634 10.1463 9.99772 9.65993 11.9538 17.3576 14.567 13.8129 20.6492 9.7701 9.56182 12.8728
threshold=0 1 2 3 1.0000000180025095e-35 4 5 6 -1.0000000180025095e-35 7 0.014009689912199976 0.075848478823900237 72.500000000000014 4256.5000000000009 -1.0000000180025095e-35 0.022339220158755783 0.1536744758486748 8 469.50000000000006 9 32.850000381469734 29.150000572204593 25.349999427795414 0.08258861675858499 10 4277.5000000000009 4454.5000000000009 0.049944153055548675 11 243.50000000000003
decision_type=9 9 9 9 2 9 9 9 2 9 2 2 2 2 2 2 2 9 2 9 8 8 10 2 9 2 2 2 9 2
left_child=-1 -2 18 16 6 11 -5 8 17 -7 14 12 13 -6 15 -11 -4 -8 -3 -9 -13 22 24 25 -21 -24 27 -27 29 -23
right_child=1 2 3 4 5 9 7 19 -10 10 -12 20 -14 -15 -16 -17 -18 -19 -20 21 -22 28 23 -25 -26 26 -28 -29 -30 -31
leaf_value=-0.065962317482900698 -0.052559743203011267 0.025228149772278271 -0.055729323736938709 -0.042122267205195206 0.19919908326894181 -0.031863775620631564 0.023464764619091385 -0.037889681832465064 0.023127026572157275 0.44177551491481576 -0.0071878509307303651 -0.032619377843428568 0.21894698747542238 0.040102491123194361 -0.018435320570929583 0.040823483871218251 0.10860705629425803 -0.020484386150702857 0.12016628114075022 0.049522018389060368 0.030794585070403658 -0.016993659758086886 -0.0096321691392978834 0.021113584741534991 -0.026990196262594902 0.17149014885318709 0.043515318711673218 0.37453129537609703 0.0023914600357715977 0.12167662590886102
leaf_weight=117.97628720663488 78.530011509545147 256.80046194419265 77.539798961952329 116.6818599132821 5.7759833429008713 514.58522816095501 65.374636110849679 57.58461385127157 973.30186107568443 2.2019587922841311 545.77721040323377 29.193406324833632 6.4115739921107879 62.671269992366433 3.5754223801195604 2.7984838122501969 4.4355802685022345 196.56374888494611 11.91532110981643 29.94850080832839 167.55610471591353 387.60497189871967 5.1473809108138111 39.771379001438618 56.0837311912328 4.7264095423743147 6.6571983611211172 4.7532862238585949 2374.8177805347368 6.8119687940925351
leaf_count=7379 4240 2326 3388 2951 76 9758 970 1903 12563 106 9130 206 151 1127 192 160 19 2179 95 254 1365 7086 117 319 890 179 160 67 35260 105
internal_value=-0.000548024 0.000824887 0.00160767 0.000308963 0.000989826 -0.00771472 0.0036896 0.00504763 0.0160988 -0.0181819 -0.00514193 0.0329365 0.067696 0.053528 0.119067 0.217384 -0.0417449 -0.00940177 0.0283817 0.000418846 0.0213853 0.00130217 0.0262791 0.0601191 0.00226331 0.133004 0.178503 0.273299 -1.97792e-05 -0.0142377
internal_weight=6213.57 6095.6 6017.07 5748.35 5666.38 1340.55 4325.83 4209.15 1235.24 1068.94 554.353 271.608 74.8588 68.4473 8.57586 5.00044 81.9754 261.938 268.716 2973.91 196.75 2916.32 147.088 61.0557 86.0322 21.2843 16.1369 9.4797 2769.23 394.417
internal_count=104721 97342 93102 90681 87274 22271 65003 62052 15712 19346 9588 2925 1354 1203 458 266 3407 3149 2421 46340 1571 44437 1986 842 1144 523 406 246 42451 7191
cat_boundaries=0 23 46 70 93 117 141 161 182 202 224 240 263
cat_threshold=2147483648 268959744 1073774624 0 512 67108864 1048576 0 536870912 1570 0 0 1052672 17203200 0 8388864 0 0 0 65536 167837696 2165317648 256 33554432 0 0 0 1024 64 0 3145792 41943040 0 1024 32 0 0 0 0 268435488 0 512 0 67110912 35651589 406159960 0 536871040 4194304 512 0 0 262144 2 72 0 0 536870912 10486032 0 0 134217729 98304 67117120 265232 524289 1089 0 0 4 32768 4194304 16384 135168 0 268468224 128 36 134217728 357044228 0 0 90112 0 0 4194304 0 0 0 64 268435456 67176 128 262144 17825792 64 64 0 2097152 4194304 0 131072 0 536875010 589824 150994944 64 0 33818624 1073741824 136315008 131136 276824064 8388608 0 1 1 128 1048576 65536 0 0 2097152 17410 0 2214855936 0 536870912 0 64 4 0 34340864 1073741824 136347776 0 4194304 8388608 268959744 21102592 1 67108864 0 268443648 0 0 4608 2048 17408 0 0 524560 1276248072 2691 8192 0 0 536879168 50331656 0 134218754 1157627904 67108867 268435456 0 0 0 2048 1024 65536 0 16 1276379136 67112451 8192 0 1048576 536870912 33554440 0 67108864 2097152 67108864 0 268443648 0 0 0 0 1024 0 0 524304 1073741824 2048 0 0 0 0 16777216 0 134218752 536872960 0 33554432 0 67108865 8388608 98816 4096 1073742336 169877504 66 0 0 0 0 0 2 65536 33554497 0 2147483664 32768 262144 0 0 0 0 0 0 0 0 0 32 32768 134218752 0 0 2099200 8650752 1 256 4 1610612736 1090519040 4325376 136 0 8405256 4096 0 268435456 64 262144 0 1 0 147712 268435456 0 131072 2148008960
is_linear=0
shrinkage=0.1


Tree=27
num_leaves=31
num_cat=10
split_feature=3 3 3 14 3 3 3 6 17 3 8 8 17 20 21 9 6 10 9 20 17 3 14 3 21 9 20 17 3 9
split_gain=41.8006 22.9128 21.8934 19.0809 79.0929 29.5965 24.1286 20.2213 19.4255 32.9431 17.2482 16.1666 14.0461 15.0093 14.8729 13.1316 13.0442 12.9637 24.9513 12.5057 12.0639 15.0228 12.0602 11.0007 12.9452 10.497 10.1047 9.66296 8.71479 13.5214
threshold=0 1 2 2.5000000000000004 3 4 5 5.5000000000000009 1.0000000180025095e-35 6 15.500000000000002 4.5000000000000009 1.5000000000000002 0.030286483466625217 4569.5000000000009 32.250000000000007 2.5000000000000004 0.065834581851959242 68.149997711181655 0.047933906316757209 7.5000000000000009 7 4.5000000000000009 8 1664.5000000000002 41.649999618530281 0.12215916439890863 16.500000000000004 9 36.649999618530281
decision_type=9 9 9 2 9 9 9 2 2 9 2 2 2 2 2 8 2 2 10 2 2 9 2 9 2 8 2 2 9 10
left_child=-1 26 16 5 7 -4 -7 27 9 10 11 -6 13 -9 -15 -13 -3 18 23 -19 21 -18 -11 -8 -25 -14 -2 28 29 -5
right_child=1 2 3 4 8 6 17 12 -10 22 -12 15 25 14 -16 -17 20 19 -20 -21 -22 -23 -24 24 -26 -27 -28 -29 -30 -31
leaf_value=-0.056807628757026087 -0.079429536500792902 0.079896221287627231 0.019440632111910914 -0.051290708306031253 -0.023620990568168104 -0.034497596420268402 0.008773465123466653 0.15766961672477708 -0.057311432017283594 -0.00017441755427778966 -0.011774559896989755 -0.019205635828495934 0.081740982049509317 0.080721011445498883 -0.027847207825772765 0.12955114853172284 -0.016511402411521006 0.076647019276731843 0.25026091304554787 0.0028111254244881571 0.066828218113504742 0.036911601942393894 -0.061454410025992903 -0.060662616345552915 -0.013386400315647601 -0.026669939481521462 -0.018095721261518379 -0.077176786105477624 0.045552652539918435 0.076317854859541359
leaf_weight=121.26180122047663 51.630172215402126 42.485679311677814 802.57364943344146 34.155283827334642 14.330039038322864 199.58212131354958 200.98351883329451 19.354165500961244 243.48135690577328 42.154790841974318 59.183320729993284 7.3477003676816821 13.277898385189472 64.82915170211345 15.667432314716278 30.84796673618257 105.14891903288662 23.112827818840742 3.653438081033527 3048.2302207835019 44.300549859181046 88.716064296662807 134.85419188346714 64.1992451781407 592.11103363800794 27.284034497104585 55.991178154945374 14.476611405611036 29.941699887625873 10.970605842769144
leaf_count=7403 3126 428 14747 441 234 4840 6092 252 6867 834 1082 150 162 618 257 478 1360 249 88 27515 448 460 4615 1990 18677 470 400 251 373 80
internal_value=-0.000975941 0.000229676 0.00108798 -0.000277478 -0.0150041 0.00199658 -0.00143533 0.0333128 -0.0358338 -0.0189625 0.0231694 0.0669536 0.0584422 0.0786008 0.0595899 0.100935 0.0278597 0.000325985 -0.0105179 0.00336676 0.0197469 0.0089882 -0.0443548 -0.0116292 -0.0177406 0.00881824 -0.0434799 -0.00237205 0.0120539 -0.016591
internal_weight=6206.14 6084.87 5977.25 5696.6 762.156 4934.45 4131.87 229.957 532.199 288.718 111.709 52.5257 140.413 99.8507 80.4966 38.1957 280.651 3932.29 860.947 3071.34 238.166 193.865 177.009 857.294 656.31 40.5619 107.621 89.5442 75.0676 45.1259
internal_count=104987 97584 94058 91362 17164 74198 59451 2904 14260 7393 1944 862 1759 1127 875 628 2696 54611 26847 27764 2268 1820 5449 26759 20667 632 3526 1145 894 521
cat_boundaries=0 23 46 70 93 114 137 159 179 202 220
cat_threshold=0 67108896 0 0 512 0 0 1048704 134217728 852258 536870912 0 1048576 17203200 0 1572864 0 0 0 67108864 67174400 16787524 128 64 524288 0 0 1024 131584 1024 2097152 0 2155872256 0 0 16777216 0 0 2048 1073741840 16384 2 0 131072 572789761 175178064 0 2684354688 4194304 0 0 2097152 262144 0 655360 0 0 16777216 33603584 4352 0 33554688 34818 201334913 393232 525312 68 0 0 4 553910272 8388608 64 32 0 0 8192 16384 64 0 4198400 1343496 134218128 64 0 16 2147483648 2097152 0 0 1073742848 65536 1 478150656 136577027 536870912 262336 536870912 0 0 1024 1114112 0 144 1342177280 65 0 0 0 537198592 65536 2048 1073741832 2097153 553650176 8388608 0 32 64 49216 40960 20480 0 90177536 0 32768 0 64 0 16 2147483648 0 0 131072 0 8585224 263169 0 2097152 805306368 0 0 0 16384 0 65536 0 32 210305024 518 0 0 0 32 0 0 2149580800 32 32768 0 2147483776 4194304 0 0 2097152 0 0 655360 0 0 0 33554432 4096 0 0 34816 134226048 131072 524288 2151677952 4194304 285278208 256 8388608 67637280 11534336 0 2147745792 0 0 33554432 8450 8 0 131072 0 163840 0 65536 134217728 67109376 36868 0 0 64 0 0 0 0 16384 0 0 0 262144 134217728 0 0 0 0 2097152
is_linear=0
shrinkage=0.1


Tree=28
num_leaves=31
num_cat=10
split_feature=10 3 3 11 3 18 13 20 14 14 3 20 11 8 17 16 16 3 14 3 3 3 20 3 17 9 17 8 7 3
split_gain=37.2299 21.6552 17.1077 16.5265 20.2224 24.1399 20.2027 30.6733 15.8107 15.2227 20.6382 12.8327 11.9197 11.7641 10.3667 10.0308 9.71494 58.0017 38.988 36.759 35.2595 33.013 24.7071 23.5823 21.1677 19.4384 19.2832 19.278 18.8405 17.4706
threshold=0.023826113902032379 0 1 2.5000000000000004 2 -1.0000000180025095e-35 0.069050658494234099 0.026446701958775524 26.500000000000004 40.500000000000007 3 0.0082155228592455404 243.50000000000003 27.500000000000004 -1.0000000180025095e-35 180.50000000000003 1.5000000000000002 4 1.5000000000000002 5 6 7 0.032248957082629211 8 1.0000000180025095e-35 52.750000000000007 1.0000000180025095e-35 5.5000000000000009 5.5000000000000009 9
decision_type=2 9 9 2 9 2 2 2 2 2 9 2 2 2 2 2 2 9 2 9 9 9 2 9 2 10 2 2 2 9
left_child=3 12 8 4 5 11 7 14 -3 15 -11 -1 13 -2 -7 16 18 22 21 -19 24 25 27 -23 -20 28 -24 -18 -4 -21
right_child=1 2 9 -5 -6 6 -8 -9 -10 10 -12 -13 -14 -15 -16 -17 17 19 20 29 -22 23 26 -25 -26 -27 -28 -29 -30 -31
leaf_value=0.22719655560032717 0.027447931091940322 -0.031516310205236139 0.01747287010565694 -0.069466282278462049 -0.047509971344294764 0.54295029638517889 -0.035282518767153548 -0.05047369498944268 0.12161946224560614 0.027323427029771658 -0.074714209001032691 -0.0080938540813366034 0.097353097306233413 -0.035377136024360253 0.2205496602726098 -0.098928226097575678 -0.058419369309812591 -0.047643289296514901 0.13311043929207753 -0.039867813874475196 -0.065084797679066095 -0.034681409058964122 0.058500473332012387 -0.00047015645283560512 -0.020830546996262564 0.12481462725065678 0.013036697966836881 0.16955648733285333 0.11637114322420093 0.0076003885922914021
leaf_weight=2.4328715559095135 279.96441837027669 238.38503027241677 398.82825690880418 104.11291971150786 75.700741874985397 2.792015471495688 3.000409378670156 1.9399577751755712 6.938367184251546 27.350493267178535 48.408006878569722 49.087752951309085 21.72694153059274 33.356483910232782 1.5516166286542992 10.023129436187444 4.4245588555932072 154.29439592454582 16.681627111509442 75.011548626236618 149.77292910870165 206.54465673491359 175.09695152472705 2916.4561074525118 19.228300852701068 19.330592976883054 199.68824742455035 22.94330292288214 20.240140194073319 886.19535968266428
leaf_count=159 2426 5311 5461 9735 6207 174 170 101 161 523 3188 2965 158 271 100 141 157 2099 242 1501 3757 3975 2108 37439 289 235 2618 653 240 12177
internal_value=-0.000896672 0.000667753 -0.000831133 -0.0394575 -0.0165697 0.0255603 0.178194 0.280129 -0.0261205 0.000374959 -0.0441319 0.00301687 0.0249808 0.0207595 0.427784 0.0010149 0.00120517 0.00795499 -0.00152866 -0.00391409 -0.0462015 0.000800477 0.0399809 -0.00283625 0.039642 0.0261749 0.034277 0.1327 0.0222495 0.00352367
internal_weight=6171.51 5930.89 5595.84 240.618 136.505 60.8046 9.284 6.28359 245.323 5350.52 75.7585 51.5206 335.048 313.321 4.34363 5274.76 5264.74 1517.65 3747.08 1115.5 185.683 3561.4 402.153 3123 35.9099 438.399 374.785 27.3679 419.068 961.207
internal_count=104741 85130 82275 19611 9876 3669 545 375 5472 76803 3711 3124 2855 2697 274 73092 72951 21313 51638 15777 4288 47350 5536 41414 531 5936 4726 810 5701 13678
cat_boundaries=0 24 47 70 81 105 128 149 172 196 219
cat_threshold=16384 201326720 0 0 0 0 2048 32768 72 0 0 32768 131072 4096 0 0 2147747842 75497600 33819648 2156658689 1153 0 1 4 184614912 2097152 2147483680 128 0 33280 2163840 16 268436480 83951616 1024 0 268439584 0 0 0 0 33554432 256 0 1073741824 2 33554436 268435456 0 1073741824 0 0 0 16384 1048576 2164260864 12288 128 0 0 0 0 0 0 0 0 0 3087007744 3268428688 281583744 0 0 268443712 262144 0 0 0 16384 0 0 134221856 2147483648 2148532225 0 0 536870912 0 8192 1024 196608 0 4128 67239936 218107138 64 0 16 0 136314944 16 272629760 0 0 0 1 1077936128 16777216 8192 256 0 0 262144 0 1052672 0 524288 287834112 41088 8192 0 8388609 33344 16777216 512 69206018 2097152 2048 4128 1077936128 0 536870912 64 0 0 0 0 1048576 0 4096 1356931072 134234368 0 0 0 0 0 0 0 32 1082130432 16777216 0 321 0 0 262144 128 1048576 0 16 822673408 33472 8192 0 2097153 64 0 512 67239936 2097152 67108896 4128 262144 2417229824 0 32 1082130432 38274048 8192 16384 8519680 0 2 0 16793600 64 0 262416 16 0 131072 4194304 0 131072 0 1 0 4194304 0 513 0 2115584 0 0 33554432 917764 16 536870912 41943041 2 0 18874368 536870912 32768 524292 132096 8388608 335544352 2048
is_linear=0
shrinkage=0.1


Tree=29
num_leaves=31
num_cat=10
split_feature=3 3 3 3 14 6 7 3 3 20 6 21 7 3 11 14 11 3 9 19 9 9 3 3 9 14 9 21 10 6
split_gain=38.1256 19.5746 16.1655 14.6609 11.5507 10.1271 10.2521 15.0973 9.95691 9.92319 10.564 12.4897 9.28497 22.9211 16.7063 8.90486 11.8876 8.40859 15.982 14.6607 9.59062 8.82064 42.6102 11.3423 11.5816 9.55356 9.32833 10.7502 10.4722 8.53553
threshold=0 1 2 3 87.500000000000014 11.500000000000002 1.5000000000000002 4 5 0.075848478823900237 9.5000000000000018 4327.5000000000009 5.5000000000000009 6 19.500000000000004 1.5000000000000002 243.50000000000003 7 29.150000572204593 0.020444549620151523 64.950000762939467 51.649999618530281 8 9 36.149999618530281 4.5000000000000009 72.450000762939467 4327.5000000000009 0.030987782403826717 4.5000000000000009
decision_type=9 9 9 9 2 2 2 9 9 2 2 2 2 9 2 2 2 9 10 2 10 10 9 9 8 2 8 2 2 2
left_child=-1 5 -3 -4 8 6 7 -2 -5 10 11 -8 17 14 -14 -11 -17 18 19 -10 -20 23 -23 24 25 -19 27 -24 -29 -25
right_child=1 2 3 4 -6 -7 9 -9 12 15 -12 -13 13 -15 -16 16 -18 21 20 -21 -22 22 26 29 -26 -27 -28 28 -30 -31
leaf_value=-0.051833610108631162 -0.023007997692789054 -0.0365433570298681 -0.043606831907361782 -0.025182788210031976 -0.060439397589688061 0.074418188169512359 -0.055137641612322479 0.044835313917329679 0.050959182889321109 0.052986334939017055 0.097798094236945618 0.044501506507882947 0.043204247681223849 -0.0071637307510357172 0.16440551039280082 -0.051763894805081007 0.081397786883321901 0.072054319022267346 -0.062077980946930733 -0.011912379587026328 0.066381865565913953 -0.035524476374615616 0.0091326715097088101 0.0046570706466097086 0.0089411761053312735 -0.042362365540996628 0.14855364548504871 0.17966265539483925 0.059480091687230743 -0.0051178316337162806
leaf_weight=135.81604025699198 106.91959302686155 119.63546673860401 68.903287833556533 140.64622768759727 31.631838427856565 32.985358025878668 35.844095345586538 35.739062217064202 42.498003652319312 138.62637623399496 8.8011797973886114 19.383274839259684 87.835770011879504 141.9400468673557 13.064255084842442 19.966669542714957 10.092760987579821 51.378024663776159 78.392136584036052 291.41282965522259 6.277191591449081 78.568546151742339 41.962076285853982 1397.469452093821 442.07315590046346 8.5058816093951446 10.441617832519112 8.0751561224460584 70.974858911707997 2476.1997403213754
leaf_count=7166 889 4087 3063 2970 2691 310 402 533 888 902 162 400 1077 1974 177 213 118 675 1970 7371 126 1115 574 19635 6515 150 130 390 690 37106
internal_value=-0.00130969 -8.28202e-05 -0.00163668 -0.00081069 -0.000187251 0.020785 0.0166258 -0.00448175 0.000166148 0.0295652 -0.00395191 -0.0201671 0.000891913 0.0199895 0.0535862 0.0422874 -0.0070535 -3.30534e-05 -0.0134292 -0.0039105 -0.0525543 0.00121639 0.0212378 0.000258174 0.0142479 0.0558026 0.0537756 0.0500415 0.071757 -0.00158733
internal_weight=6152.06 6016.24 5607.89 5488.25 5419.35 408.358 375.373 142.659 5387.71 232.714 64.0285 55.2274 5247.07 242.84 100.9 168.686 30.0594 5004.23 418.58 333.911 84.6693 4585.65 210.022 4375.63 501.957 59.8839 131.454 121.012 79.05 3873.67
internal_count=104469 97303 93374 89287 86224 3929 3619 1422 83533 2197 964 802 80563 3228 1254 1233 331 77335 10355 8259 2096 66980 2899 64081 7340 825 1784 1654 1080 56741
cat_boundaries=0 23 44 67 90 111 134 154 177 197 221
cat_threshold=276824064 37748736 32 0 512 33554432 0 65540 2048 573958 0 0 0 16941056 0 0 32768 0 2147483648 2147483648 65536 138412160 18465 0 201588736 2097152 512 0 2097152 0 0 4360 0 541065216 8 33792 4352 0 0 2147483648 67641348 265216 9176065 2098176 0 524288 0 0 0 0 1280 2097152 1073741824 131072 64 0 20500 262144 0 0 268435488 16777216 0 0 604110848 18882593 151068996 0 128 81920 1 1024 2112 128 0 0 56627200 0 0 268435456 0 0 0 0 8388608 64 0 272631808 67109892 2188640784 0 0 2097152 512 0 0 0 0 0 0 0 8 33792 0 0 0 2147483648 8196 1024 8389632 2098176 134217728 0 2147484160 4100 0 1082179584 33555008 0 1024 478150728 0 4194304 1048576 8 8388608 4194304 536870912 1 3 1073741824 0 10 1024 16777216 2166358019 0 64 536870912 0 16384 16384 64 0 48 1149894656 67117824 0 0 0 0 0 0 268435456 20971520 18874370 0 262280 0 512 16416 0 33554944 0 8 17301504 8388608 536870912 0 8388608 8192 64 16384 0 33554496 813727808 8912896 0 2147483649 268435456 0 0 0 2048 16384 1114112 0 4096 1149501440 2434 0 0 2048 0 0 0 134217728 16512 8388640 805306368 320 8388608 134217728 8192 536871042 1572864 0 4352 1 2181038082 16384 0 2064 0 134217728 524288 2048 5 65536 0 4
is_linear=0
shrinkage=0.1


Tree=30
num_leaves=31
num_cat=7
split_feature=3 14 3 3 3 3 3 14 21 3 9 11 6 21 14 8 11 11 6 11 6 8 11 6 9 9 20 8 8 11
split_gain=31.2131 17.3687 68.6855 28.9133 22.1167 16.1004 15.6879 14.192 22.2484 13.3363 13.1427 10.1676 11.5437 18.1849 16.3234 10.2292 10.7552 10.1022 12.8106 9.83256 9.26316 11.79 9.91876 9.25758 8.65441 14.3171 10.9365 9.27833 10.5719 10.0981
threshold=0 2.5000000000000004 1 2 3 4 5 5.5000000000000009 4479.5000000000009 6 54.149999618530281 59.500000000000007 4.5000000000000009 4471.5000000000009 4.5000000000000009 19.500000000000004 187.50000000000003 92.500000000000014 3.5000000000000004 118.50000000000001 11.500000000000002 13.500000000000002 -1.0000000180025095e-35 6.5000000000000009 39.649999618530281 54.149999618530281 0.092218820005655303 20.500000000000004 18.500000000000004 552.50000000000011
decision_type=9 2 9 9 9 9 9 2 2 9 10 2 2 2 2 2 2 2 2 2 2 2 2 2 8 8 2 2 2 2
left_child=7 3 9 10 -5 17 -6 -1 -9 -3 20 12 -11 14 -14 16 -13 18 -4 -7 22 -22 -2 -19 -21 26 -26 28 -27 -30
right_child=1 2 5 4 6 19 -8 8 -10 11 -12 15 13 -15 -16 -17 -18 23 -20 24 21 -23 -24 -25 25 27 -28 -29 29 -31
leaf_value=-0.053030075372092901 -0.011943591510550107 0.012270231146894043 0.084753173597355735 -0.038280894484799231 -0.048208155990501281 -0.053040791142211711 0.0030252207358129717 -0.074019029990621057 0.12804729405745136 0.00040014717096339037 0.12248279624452321 0.0026246103465321392 0.052800669672638828 -0.0050980394962771118 0.22337607562759898 -0.031465096996390156 0.1498353000597421 -0.010691836938943161 -0.046274342138731543 -0.062103227462857472 0.022101332387078274 0.14580200251044834 0.030579931780792602 0.090899248433805535 0.021018626454188338 -0.012602168202864873 0.23989217124703852 -0.057103869535343237 0.20058817051629491 0.0022994576120989227
leaf_weight=155.46346389595419 69.274917173199356 166.94105513580143 9.1682256958447379 127.68408907577395 50.580823249649256 285.23216227767989 4687.9515315531753 10.288177118171008 11.584309375379233 8.5284542357549054 14.880406836047767 9.6583565548062342 8.1483977679163235 7.6431522853672496 18.010347886942327 14.840749355964361 10.208601389080284 15.673213937319813 40.090918947476894 37.34552889270708 16.793806342408065 14.236649808473883 263.47963292710483 20.972639202605933 5.5130182020366174 47.877860848791897 3.8964478969573975 36.622402270324528 5.0215227291919273 5.2569867670536041
leaf_count=7673 742 1415 154 3515 2244 9134 67961 991 107 258 178 131 106 228 223 221 197 160 592 877 221 159 3725 245 226 1770 33 1066 98 148
internal_value=4.2513e-05 0.00129503 -0.0128664 0.00334049 0.00123481 -0.033314 0.00237797 -0.0401547 0.0330012 0.0302264 0.0295866 0.0632569 0.104364 0.130595 0.170242 0.0313473 0.0782686 0.00688887 -0.0218872 -0.0413789 0.0266 0.0788547 0.0217271 0.0474493 -0.0208005 -0.00599584 0.111654 -0.0176759 0.00715281 0.0991726
internal_weight=6178.87 6001.53 756.65 5244.88 4866.22 512.671 4738.53 177.336 21.8725 243.979 378.665 77.0381 42.3304 33.8019 26.1587 34.7077 19.867 85.905 49.2591 426.766 363.785 31.0305 332.755 36.6459 141.534 104.188 9.40947 94.7788 58.1564 10.2785
internal_count=104798 96027 17282 78745 73720 14503 70205 8771 1098 2779 5025 1364 815 557 329 549 328 1151 746 13352 4847 380 4467 405 4218 3341 259 3082 2016 246
cat_boundaries=0 23 47 68 91 113 136 156
cat_threshold=20971520 8388608 2147483648 0 512 0 65536 0 268435456 1048706 4194304 536870912 0 16941056 0 17301504 0 0 0 0 3556835328 1141547008 134250624 536887296 536870912 64 32 0 0 8192 16384 64 0 536875008 9740288 151013520 68 0 67108880 0 0 0 268500992 1056 65536 1 1 75497472 201326592 6291456 0 536870912 0 0 16 0 0 0 2097152 131136 0 0 2099200 32832 67133572 264192 67895297 2097152 2048 537395200 2048 32 0 268435456 0 2097152 41943104 2097152 0 0 50331664 262144 0 16 8390656 2097152 256 0 0 562104320 66880 0 2415919104 0 0 0 0 0 128 8388608 1 134217728 2282291208 1026 262176 0 2097152 8388640 3145728 16400 2149580800 0 8388608 0 0 0 4224 1024 576 4736 4096 0 2403336192 524288 0 0 0 262144 0 0 0 2 0 32 2098177 2155085840 536870912 0 64 0 0 0 0 0 64 0 536875008 8658944 134217728 0 0 0 0 0 0 268435456
is_linear=0
shrinkage=0.1


Tree=31
num_leaves=31
num_cat=14
split_feature=3 14 3 3 3 3 16 17 14 3 14 3 3 3 16 3 3 3 17 3 1 6 20 8 14 16 7 16 9 20
split_gain=26.1245 15.8058 17.2374 14.4724 14.1113 13.0609 13.2433 11.0188 55.9853 44.2212 28.526 46.2702 29.5563 24.7186 24.3358 44.2788 28.0488 21.2441 20.6469 17.8523 17.5307 16.484 23.5339 14.5324 14.0305 19.6486 23.6442 18.8349 14.6429 13.9865
threshold=0 40.500000000000007 1 2 3 4 74.500000000000014 5.5000000000000009 1.0000000180025095e-35 5 1.0000000180025095e-35 6 7 8 3.5000000000000004 9 10 11 1.0000000180025095e-35 12 13 9.5000000000000018 0.089527815580368056 7.5000000000000009 3.5000000000000004 8.5000000000000018 4.5000000000000009 24.500000000000004 35.350000381469734 0.024849578738212589
decision_type=9 2 9 9 9 9 2 2 2 9 2 9 9 9 2 9 9 9 2 9 9 2 2 2 2 2 2 2 10 2
left_child=-1 2 -2 -4 -5 6 -3 10 9 -9 12 18 -6 -10 16 -16 -14 -13 21 -18 -17 -12 23 -23 27 -26 -27 28 -19 -21
right_child=1 5 3 4 7 -7 -8 8 13 -11 11 17 14 -15 15 20 19 24 -20 29 -22 22 -24 -25 25 26 -28 -29 -30 -31
leaf_value=-0.033566543001995443 0.023706318452037925 0.082935333120231158 -0.035380945668992338 -0.049644551780457881 -0.024639163371934163 -0.066676906577500819 -0.056508800115531679 -0.025867554603192445 0.021842763726981046 0.03765689460119763 0.047244405867720156 -0.041223047751490188 0.032086047186635686 -0.038379422252561898 0.050589685912763416 0.042043858782433607 -0.036607618642528851 0.058209931655385599 -0.00047880900631042486 0.041227018598250294 -0.054587073898967456 0.28169099700177236 0.04873376019087184 0.1269382164693231 -0.060975234742428344 -0.0021616933980740604 0.16195207450344107 -0.024501505981976236 -0.019555837672715761 0.0027451407429061568
leaf_weight=209.71075712190941 338.6232127090916 15.738383993506433 98.55436916090548 43.452446048613638 408.79814611840993 49.748116383794695 12.006629900075493 156.16765507403761 76.638914318755269 324.35003748815507 213.87639499176294 90.359576450660825 357.47164712846279 450.45517584588379 53.699249435216188 16.227661747485399 101.7621137201786 133.16732594370842 67.715586489997804 98.389915108680725 191.90401135291904 8.0777966901659948 36.934388346970081 24.391798129305243 53.879323484841734 87.484469020739198 9.7579755289480072 53.132873396854848 29.594039204996079 2357.9581156261265
leaf_count=9059 5881 137 4998 2563 6591 3849 139 1882 1180 4148 2192 1124 3615 8458 581 148 2179 2172 791 4457 4935 94 287 304 1792 1209 162 1116 534 28235
internal_value=0.000299531 0.00154482 0.00213844 0.000776981 0.00149501 -0.0433204 0.0166058 0.00199732 -0.00743078 0.0172569 0.00416359 0.0211333 0.000338427 -0.0299369 0.00361814 -0.0255742 0.00625214 -0.000342622 0.047767 0.00250686 -0.0454709 0.0609859 0.103332 0.165438 0.0105486 -0.0125336 0.0143066 0.0271943 0.0440702 0.00426917
internal_weight=6170.03 5960.32 5882.82 5544.2 5445.65 77.4931 27.745 5402.19 1007.61 480.518 4394.58 808.372 3586.21 527.094 3177.41 261.831 2915.58 457.376 350.996 2558.11 208.132 283.28 69.404 32.4696 367.016 151.122 97.2424 215.894 162.761 2456.35
internal_count=104812 95753 91628 85747 80749 4125 276 78186 15668 6030 62518 11777 50741 9638 44150 5664 38486 8109 3668 34871 5083 2877 685 398 6985 3163 1371 3822 2706 32692
cat_boundaries=0 23 47 70 93 104 125 147 170 193 213 236 259 282 283
cat_threshold=16777216 0 32768 0 536871424 0 0 2097152 2952790016 131107 671088640 131072 0 16941056 0 16 524288 0 0 2147483648 67305472 16785412 268437506 0 2097152 1 130 0 264192 262144 98304 524288 0 0 2147483648 83902720 256 0 256 262145 67108864 2147746818 9306113 5 0 0 1 33554432 524288 0 0 75498496 1073741888 33554432 20480 0 1048576 136 0 0 0 0 0 0 1 0 0 2147483648 538972299 137691472 536870912 0 2147500032 4100 0 1081344 704 64 1536 524288008 0 0 1048576 262144 0 4194304 0 1048576 0 0 272629760 1024 33555456 134217728 2097152 268443712 0 0 0 0 0 64 0 4128 134234112 67371009 805306368 262144 0 0 2048 128 65536 0 524288 1304690696 43011 0 0 0 0 50331648 0 136314880 2097152 262144 562036736 0 32 0 0 0 0 65600 0 4722704 1284775944 134219920 64 0 0 2147483680 0 16384 4194304 1073742880 32768 262144 2952790016 0 0 0 67126272 0 0 8390720 0 4160 327688 16 68 0 264192 2147483648 2129920 0 4194304 1024 198656 4194856 3229630464 2148794369 536870912 64 0 0 16384 128 0 0 5120 16809984 8273 32 0 2048 0 8320 16384 0 8389632 0 32769 209715200 67108864 270532608 0 0 0 0 0 67239936 1024 32 1275068417 176163328 20480 0 134217728 32800 64 33570816 270532608 134217728 1 0 262400 0 512 2048 0 0 0 0 292028416 39141 32 0 0 536936448 16392 516 2 2097152 0 524292 142606336 134217728 0 0 0 0 8388608 1152 131072 0 32 1 33554465 32 0 1048576 545292354 24704 4 67108864 8388608 0 4 2147483648 1048576 0 2147484160 1073741952 38273024 74756 0 131328 1024 8389632 0 276824064 4096 0 524288 16 8388672 33701953 0 0 0 131072 44173312
is_linear=0
shrinkage=0.1


Tree=32
num_leaves=31
num_cat=10
split_feature=3 3 3 14 9 7 11 3 3 3 20 3 7 11 21 6 14 21 11 3 8 11 3 9 20 8 9 16 16 3
split_gain=25.0039 17.1529 13.7806 12.3459 7.91539 7.77317 7.5158 67.2268 22.077 20.1822 16.6359 12.1287 18.8706 19.59 11.8723 10.5262 17.9013 10.1318 10.4566 10.0285 8.65886 8.4573 8.0996 7.72937 9.33358 7.28969 8.67338 6.81007 7.11484 51.369
threshold=0 1 2 75.500000000000014 29.150000572204593 5.5000000000000009 -1.0000000180025095e-35 3 4 5 0.071457866579294219 6 4.5000000000000009 15.500000000000002 4363.5000000000009 8.5000000000000018 1.0000000180025095e-35 4424.5000000000009 12.500000000000002 7 17.500000000000004 118.50000000000001 8 41.049999237060554 0.041945777833461768 25.500000000000004 45.850000381469734 180.50000000000003 1.5000000000000002 9
decision_type=9 9 9 2 10 2 2 9 9 9 2 9 2 2 2 2 2 2 2 9 2 2 9 8 2 2 8 2 2 9
left_child=-1 -2 4 6 5 -3 7 10 -8 -9 -4 12 13 17 -12 -14 -17 18 -10 -19 -16 -15 23 -13 -25 26 -23 28 -24 -30
right_child=1 2 3 -5 -6 -7 8 9 11 -11 14 22 15 21 20 16 -18 19 -20 -21 -22 25 27 24 -26 -27 -28 -29 29 -31
leaf_value=-0.038532013670898979 -0.048736139481944073 0.025936611040399377 0.10067480468664843 -0.061535586624087327 -0.0097557882992937595 0.11053177255366774 -0.022535535151826033 0.01798509637759306 0.028355342216597218 -0.030811806370239933 0.061774927412553582 -0.065924918943832553 0.03759962059330843 -0.045071602169513593 -0.029460461731231097 0.046130858335112809 0.22677664047833193 -0.01054461257320248 0.14262873169323076 0.034634938695345167 0.039458263194510956 -0.043553215590175179 -0.0012253946195555378 -0.063742099538582883 0.0046106906807495051 -0.066971231218385066 0.054603481732960424 -0.095225219029422881 0.032073011381327503 -0.0091112649034289211
leaf_weight=164.79140688059852 61.82635991089046 226.04296083794907 43.104904107749462 33.167687165085226 63.459836857859045 11.410218138247727 352.41061857622117 95.810529857873917 270.34306580200791 568.12353020533919 61.341087192296982 32.410628645215183 44.577066514641047 78.67197837587446 39.719316363334656 13.162330375984313 9.4056372325867397 157.94368857517838 8.2520189564675075 59.601695939898491 33.694977298378944 12.889750145375727 2322.8159586642869 25.717862913385034 89.497853427194059 10.794852980412541 29.848151751793921 7.2144606690853825 510.57888078037649 718.60056642675772
leaf_count=6864 3852 2945 932 2915 912 148 7866 1598 3897 10112 527 727 599 1980 325 178 133 2889 134 774 265 191 31727 1345 1281 169 430 120 6632 12393
internal_value=-0.00125071 -0.000160911 0.00042667 -0.000703974 0.0209219 0.0300016 -0.000344715 -0.00905411 0.00119723 -0.0236077 0.0441196 0.00314111 0.0151643 0.00999769 0.029303 0.0657718 0.121418 0.0191123 0.0317401 0.00294076 0.00217118 -0.0242079 0.000850552 -0.0213374 -0.0106467 0.00645359 0.0249994 0.00182805 0.00203032 0.00818274
internal_weight=6157.23 5992.44 5930.61 5629.7 300.913 237.453 5596.53 841.794 4754.74 663.934 177.86 4402.33 695.49 628.345 134.755 67.145 22.568 496.14 278.595 217.545 73.4143 132.205 3706.84 147.626 115.216 53.5328 42.7379 3559.21 3552 1229.18
internal_count=104860 97996 94144 90139 4005 3093 87224 13759 73465 11710 2049 65599 11374 10464 1117 910 311 7694 4031 3663 590 2770 54225 3353 2626 790 621 50872 50752 19025
cat_boundaries=0 23 46 69 91 114 137 158 171 195 217
cat_threshold=8388608 524288 1073741824 0 512 128 4 2097156 2147483648 34947 536870912 0 16384 17211424 1073741824 0 16 0 0 1207959560 2162688 0 134221824 0 0 16384 0 1073742912 64 128 64 0 12582920 1088 33 65536 16384 0 0 8388608 0 0 0 67108864 52437633 3473744 541081600 134217728 0 0 0 0 16384 32768 0 0 0 4194304 33595393 0 0 17826064 294912 134742017 33835008 268697601 68 0 1 0 163 2147483712 769 8388608 393216 32 128 0 0 134742050 570433536 133152 0 0 0 3 2097280 0 1024 32 32 64 3 2147491840 259 0 1074003968 32 128 0 262148 134742016 536870912 1179680 2 0 0 2 16777216 0 2147484672 33554432 135299120 2147483648 335544320 33554432 268443648 2 0 0 3153920 1049600 1073872896 0 0 524288 134218752 0 0 262144 0 83886144 0 2147549184 1107296385 4489216 524288 0 2147745792 2097153 0 0 0 4259841 0 35133440 0 272 8519688 67113792 64 0 8388608 73728 0 525312 0 2147614720 0 2147483648 0 0 0 0 4194304 0 524288 0 16 8519680 67109632 269484032 33554464 16779776 4096 0 65536 8256 1048576 268435456 2617245696 2 34078720 2048 0 0 37748736 0 33816640 0 8388608 0 1032 67108866 1 2231369728 2097280 268435520 0 545259520 0 0 17408 196864 0 4198432 67108864 134217730 0 0 2048 0 2097152 131089 4194304 1024 131072
is_linear=0
shrinkage=0.1


Tree=33
num_leaves=31
num_cat=15
split_feature=3 3 5 3 3 3 6 6 14 3 3 17 19 11 3 11 3 3 3 17 3 14 11 3 19 20 8 19 3 20
split_gain=26.2267 17.0956 11.9664 28.804 11.5422 10.0507 13.5583 11.5211 9.12589 40.3287 15.6645 12.0577 12.753 10.0739 10.0482 9.73673 37.7734 31.5606 25.1056 24.147 16.5587 13.9343 11.4086 11.6292 10.5197 10.4946 10.3027 10.4439 9.7068 9.11562
threshold=0 1 2 3 4 5 1.5000000000000002 2.5000000000000004 2.5000000000000004 6 7 4.5000000000000009 0.020444549620151523 78.500000000000014 8 1.0000000180025095e-35 9 10 11 1.5000000000000002 12 1.0000000180025095e-35 274.50000000000006 13 0.053094936534762389 0.030286483466625217 3.5000000000000004 0.031545666977763183 14 0.15259588509798053
decision_type=9 9 9 9 9 9 2 2 2 9 9 2 2 2 9 2 9 9 9 2 9 2 2 9 2 2 2 2 9 2
left_child=29 -2 4 -4 -3 6 -6 -8 10 11 13 12 -10 -7 -12 17 19 -16 -18 24 -19 25 23 -20 26 -21 -17 -28 -22 -1
right_child=1 2 3 -5 5 8 7 -9 9 -11 14 -13 -14 -15 15 16 18 20 22 21 28 -23 -24 -25 -26 -27 27 -29 -30 -31
leaf_value=-0.065502203615906238 0.035949952335353363 -0.023068035085460892 -0.047566084372151228 0.097123952280292955 -0.040122847957704905 -0.037367936488088685 0.071768181370071349 0.014183699681401096 0.12772443938312816 -0.03010300660222974 0.017902149233525833 -0.017878809124189647 0.026587600159480654 0.072234615094118562 -0.025164447685544173 0.26249681900080779 -0.052050372893673938 0.042614976347199046 -0.031610578747163602 0.1585262593803117 -0.034593388173729631 -0.010044613455382207 0.088520797450124519 0.0047332233165551752 0.053548733122649808 0.033504262779842038 0.020498415996194772 0.14072348613022068 0.001520035346539399 -0.0051126963478426973
leaf_weight=87.306714674457908 122.56545757688582 213.88329782430083 16.513856294564903 29.249344948679209 42.326474983245134 150.66203142283484 37.995112353935838 406.09681139700115 13.475090713240204 428.5013144556433 336.36070256773382 59.168089018203318 166.80477885715663 8.8802941250614804 521.77080822829157 4.3435295885428777 83.036889640148729 86.248775702901185 88.19240908510983 7.2260040594264856 67.342722928151488 100.94692261470482 15.137074511498211 843.07873957278207 84.836621070280671 94.794436622411013 11.172865469008686 20.451908269897103 1965.5121450219303 35.022346407175064
leaf_count=5759 1268 5459 443 510 557 3973 408 4407 152 13334 6366 919 1622 210 9793 96 1925 1597 2211 233 1559 1673 306 12580 860 1257 325 442 24224 321
internal_value=-0.00053196 0.000435159 -0.000361658 0.0457451 -0.000799173 8.39717e-05 0.013675 0.0191104 -0.00122171 -0.0121297 0.000398284 0.0204379 0.0341471 -0.0294231 0.0015613 0.000143893 0.00704169 -0.00339008 -0.00247129 0.0362454 0.00208019 0.016296 0.00237748 0.00100282 0.0727631 0.0423594 0.118083 0.0982486 0.000160218 -0.0445695
internal_weight=6148.9 6026.57 5904.01 45.7632 5858.25 5644.36 486.418 444.092 5157.94 667.949 4489.99 239.448 180.28 159.542 4330.45 3994.09 1353.22 2640.87 1029.45 323.772 2119.1 202.967 946.408 931.271 120.805 102.02 35.9683 31.6248 2032.85 122.329
internal_count=104789 98709 97441 953 96488 91029 5372 4815 85657 16027 69630 2693 1774 4183 65447 59081 21908 37173 17022 4886 27380 3163 15097 14791 1723 1490 863 767 25783 6080
cat_boundaries=0 23 44 45 66 89 113 137 160 183 204 226 249 272 296 319
cat_threshold=0 0 1073742336 0 128 2684354560 0 3178496 0 710 0 32768 0 16941058 0 2097152 0 0 64 0 536936480 557124 25165824 0 128 0 32 0 512 0 65568 524296 0 0 524288 276824080 4352 0 0 34818 8388608 265216 524288 128 88 2147483648 2 0 128 536870912 0 0 0 1024 0 536870912 0 1024 0 0 0 0 0 0 4194304 1024 268435456 17301504 2147483648 0 8388608 0 0 0 1052672 131072 134217728 0 2147502080 262144 0 134217744 0 32768 16388 0 67108864 8192 134296368 0 0 8192 641 0 0 0 262144 0 1048576 537395456 0 5318 8257 0 83886080 0 16777220 524800 4195331 1024 67108864 0 4 553926656 2693791744 268435520 0 0 0 8192 16512 131136 0 4194304 2282749960 150994944 4 0 0 2147483648 3145728 16 65536 1073741824 65536 1 1 16777216 545259520 0 0 0 33024 0 4104 8388608 2097152 67108864 0 83886080 0 0 2048 0 64 1 262144 1073741824 2182153 1311808 201392320 134479872 541065216 64 536870912 0 16640 16 2181038080 0 16 2162688 32 0 0 256 64 606216 0 142737416 8388608 0 4 8388608 2097186 268435456 0 512 525312 4194304 0 459008 0 5218 33554441 134217984 0 0 262144 1073741824 0 256 3489660928 131073 8388608 270532864 268435457 0 512 0 4194304 16384 196672 0 5186 9 134217728 0 0 262144 1074266112 2097152 33554704 1342177280 131088 131072 1073741824 4194304 0 256 0 4096 262144 128 0 8912896 128 822083584 33587200 16416 0 0 65536 33554433 0 67174400 438304768 8388610 524289 1073741824 67108864 0 131328 0 0 262144 0 268435456 0 0 822083584 33587200 32 0 0 536879104 33554432 0 67174400 0 262176 2147516417 33816576 1 0 0 0 278528 1048576 0 1006632960 327681 0 1048576 1 8 0 0 512 0 2 0 0 1213202736 2147502082 1 0 1048576 0 0 1073741824 172491776 2106400 33554432 262400 4096 8388608 0 256 0 0 0 262144 8192 0 2149582848 1 553652224 4325384
is_linear=0
shrinkage=0.1


Tree=34
num_leaves=31
num_cat=9
split_feature=3 3 3 14 3 17 3 14 3 3 9 9 9 13 13 9 9 21 9 3 7 20 11 19 10 19 18 6 21 3
split_gain=28.0176 18.5481 13.4479 9.00117 9.12773 9.21358 27.6722 23.6426 13.2854 10.4553 16.0237 10.7816 9.67899 9.62278 8.70831 7.99346 7.82994 9.29716 11.0299 8.69108 18.1209 7.79514 8.83064 7.3 7.26059 7.06399 7.90605 8.19991 6.66446 12.1938
threshold=0 1 2 75.500000000000014 3 106.50000000000001 4 1.0000000180025095e-35 5 6 29.150000572204593 26.150000572204593 45.850000381469734 0.0030995779670774941 0.083445642143487944 49.549999237060554 34.049999237060554 4462.5000000000009 31.250000000000004 7 1.5000000000000002 0.060575431212782867 92.500000000000014 0.10704705864191057 0.14462164044380191 0.13854105025529864 -1.0000000180025095e-35 9.5000000000000018 4600.5000000000009 8
decision_type=9 9 9 2 9 2 9 2 9 9 10 10 10 2 2 10 8 2 10 9 2 2 2 2 2 2 2 2 2 9
left_child=-1 15 -3 4 -4 8 -7 -8 -6 10 11 13 14 -10 -9 16 17 18 23 20 -18 22 -12 -2 -5 26 27 -22 -11 -30
right_child=1 2 3 24 5 6 7 12 9 28 21 -13 -14 -15 -16 -17 19 -19 -20 -21 25 -23 -24 -25 -26 -27 -28 -29 29 -31
leaf_value=-0.052182437388083258 0.099746399829028679 -0.037867808898336131 -0.022477979140947093 -0.069843377226397066 -0.025591173199814216 -0.041515483038555456 0.038799549475291711 -0.055194475432915092 0.029249322074175906 0.0011477654813661883 0.0045284276110191908 0.12632093418753917 0.065491666182104877 -0.01578761613244568 0.054081550632369496 0.088839240294589006 -0.017885526808844102 -0.026746967132357819 0.17067154369157811 0.002887870663941181 0.046236348603210797 -0.031853921811545303 0.16017179416191787 -0.001492059044455399 0.073445436843659853 0.034914966284077545 0.21550483015409727 0.18115350976437181 -0.024273113856573228 0.06252161081101619
leaf_weight=91.075414835941046 13.963860440999271 84.732309851795435 158.66267556091771 28.679318108130246 155.55510794557631 176.80753772519529 126.79764225054532 63.769758737646043 350.138457945548 4289.8312563006766 21.664238581433896 10.388259461149572 9.3419892061501724 54.877649220637977 8.2342917057685536 17.666977887041867 26.073924206197262 10.43957615830004 9.8905763803049904 223.46304145921022 14.315722486935561 84.505108121782541 4.382731143385171 14.53765546530485 4.0336518101394168 16.02978003770113 6.4293280681595197 6.5732193961739531 22.026129885576665 34.812232580967247
leaf_count=5991 226 3080 4545 2987 4092 2591 1818 1486 4737 64586 560 151 177 764 167 220 389 160 124 3307 280 961 61 95 71 91 99 123 239 589
internal_value=3.32363e-05 0.000904235 -0.000504774 0.000126543 0.000433843 0.00114481 -0.0137636 0.0112637 0.00228846 0.0032244 0.0164108 0.0257272 -0.030273 0.023147 -0.0426978 0.0226194 0.0198578 0.0569296 0.0796829 0.0136769 0.0419475 -0.0171116 0.0307174 0.0481081 -0.0521752 0.0876141 0.118537 0.0886914 0.00159481 0.0356161
internal_weight=6139.7 6048.62 5689.24 5604.51 5571.8 5413.13 384.951 208.144 5028.18 4872.63 525.956 415.404 81.346 405.016 72.0041 359.384 341.717 48.8317 38.3921 292.885 69.422 110.552 26.047 28.5015 32.713 43.348 27.3183 20.8889 4346.67 56.8384
internal_count=104767 98776 93662 90582 87524 82979 6239 3648 76740 72648 7234 5652 1830 5501 1653 5114 4894 605 445 4289 982 1582 621 321 3058 593 502 403 65414 828
cat_boundaries=0 23 47 70 93 114 137 158 182 203
cat_threshold=0 4194304 0 0 512 2181038080 0 1048576 0 8774 64 8 0 16957442 0 256 0 64 17 0 67174400 1073750080 134236160 8667136 128 0 512 0 0 0 0 33685576 0 0 33685504 33554433 12288 0 69470208 296962 9437184 33556480 327681 0 0 32768 4 33556480 524288 5242880 256 1024 536936448 4096 2097160 268435456 2097152 0 16777248 16384 262144 262144 1048576 0 0 64 0 0 18874369 86049092 0 2097152 16384 4096 0 32832 640 2 256 88080385 0 262144 0 0 0 37748736 0 8 4194304 1082130432 4194304 67256328 34877456 83886080 67108865 0 262144 0 0 0 16384 65536 0 4194336 1559273473 201328706 0 0 0 0 33554432 0 134217728 2098176 0 1048832 0 0 536870912 1073759232 0 0 3222013440 301989928 0 2147483648 32 536870912 0 524288 0 8192 540672 272629760 0 1028 131592 4194368 1 0 0 0 268416 0 65536 65536 0 4194304 1346371585 35970 256 0 0 2147483664 100663296 2147483648 134217730 68 16384 0 0 0 0 0 0 0 33554432 0 0 0 0 12288 0 2048 296962 0 2048 327681 0 0 32768 4 0 2 0 64 0 0 0 0 0 0 32 135266304 512 64 0 0 0 0 0 0 1024
is_linear=0
shrinkage=0.1


Tree=35
num_leaves=31
num_cat=8
split_feature=3 3 3 3 5 21 7 13 3 3 21 21 3 14 21 14 7 8 16 10 8 13 11 21 19 21 21 21 8 14
split_gain=28.7782 16.2781 12.6991 10.5547 12.0589 18.0892 10.2893 9.2961 28.9111 14.9219 11.5717 11.4705 11.0112 10.5782 9.1193 8.86616 8.7157 10.304 10.4471 13.8635 9.99337 8.41107 8.37387 7.95036 7.48387 7.33242 10.6966 6.8712 7.6119 6.75049
threshold=0 1 2 3 4 4462.5000000000009 5.5000000000000009 0.0030995779670774941 5 6 4569.5000000000009 4370.5000000000009 7 1.0000000180025095e-35 1272.5000000000002 1.5000000000000002 2.5000000000000004 17.500000000000004 11.500000000000002 0.12024935707449914 27.500000000000004 0.32945737242698675 414.50000000000006 4313.5000000000009 0.12082491815090181 4486.5000000000009 4335.5000000000009 1099.5000000000002 10.500000000000002 9.5000000000000018
decision_type=9 9 9 9 9 2 2 2 9 9 2 2 9 2 2 2 2 2 2 2 2 2 2 2 2 2 2 2 2 2
left_child=29 16 -3 6 7 14 15 9 11 10 22 21 -11 -12 -6 -4 20 -18 19 -19 23 -9 -5 27 -13 26 -17 -2 -29 -1
right_child=1 2 3 4 5 -7 -8 8 -10 12 13 24 -14 -15 -16 25 17 18 -20 -21 -22 -23 -24 -25 -26 -27 -28 28 -30 -31
leaf_value=-0.0308320208516525 0.016478599798600561 -0.034009308010911295 -0.058174795354929809 -0.031239107909743147 0.11464681985546615 0.18839829492592111 0.12302415903854674 0.032578986743179349 -0.021935490575171183 0.016680102218589048 -0.0012001308022340223 0.029783411089819557 0.0016253630705317127 0.14239797031115717 -0.021532081193640772 -0.027966748609506112 0.018852404551814198 0.1761271483987189 -0.011109865763696292 0.054895682367467662 -0.072131695023705727 0.11003379496220456 0.089865560273693565 -0.014724857434439995 -0.020437161679350606 -0.053447712882404214 0.17249779689659228 0.14891362091693314 0.039702516059632577 -0.096642105099599473
leaf_weight=221.55418257601559 52.68933929875493 100.16411924595013 70.170023410581052 229.42563551804051 7.2900400739163222 9.3478443212807161 3.950209596194326 89.371637831907719 547.91795141948387 546.78449126426131 15.750322453211995 49.804881633725017 3871.0009968620725 7.6079479772597542 15.109584359917788 5.2476846589706856 54.34024741128087 16.16749380575493 9.600515956990419 22.644686698913574 13.290542447008191 16.628857987001538 5.8553026188164941 44.825526076368988 73.409550735726953 7.8971200543455771 5.4016477819532156 9.7853198992088455 18.349993771873415 16.76608834695071
leaf_count=8700 369 3661 3321 4701 66 178 158 923 9096 7492 304 917 58695 140 281 275 736 391 131 121 182 185 157 860 591 309 174 133 181 1542
internal_value=-0.000683777 0.000715108 -0.000387329 0.000276205 0.000869224 0.0544119 -0.0314925 0.00045851 -0.00966856 0.00214242 -0.020758 0.0197498 0.00352213 0.0455708 0.0227878 -0.0419223 0.0256012 0.0487423 0.0822918 0.105396 0.0103298 0.0447297 -0.0282252 0.0190521 -0.000137351 0.0195686 0.0737146 0.0377849 0.0776856 -0.0340338
internal_weight=6158.15 5919.83 5678.14 5577.97 5485.31 31.7475 92.6667 5453.56 777.133 4676.42 258.639 229.215 4417.79 23.3583 22.3996 88.7165 241.694 102.753 48.4127 38.8122 138.941 106 235.281 125.65 123.214 18.5465 10.6493 80.8247 28.1353 238.32
internal_count=104970 94728 91624 87963 83726 525 4237 83201 11712 71489 5302 2616 66187 444 347 4079 3104 1379 643 512 1725 1108 4858 1543 1508 758 449 683 314 10242
cat_boundaries=0 23 45 68 91 92 113 136 159
cat_threshold=4194304 16777216 512 256 536871424 256 0 0 68157696 6177 536870912 0 1081346 163841 0 0 524288 0 0 0 276889600 1207976480 524416 134283264 8388608 0 1 0 512 278528 2 64 0 0 537395201 0 16640 0 0 32768 67649600 2181317632 2148007937 0 8519680 0 524288 2048 0 1024 0 4224 2097152 2048 16386 524418 50331648 0 16777216 1073741824 0 512 0 4325380 0 67110912 12288 134230273 33554432 4194304 16384 4228 0 33856 512 0 0 369098760 8388608 0 131328 262144 0 4194304 0 0 0 0 1073741840 18875401 3473488 184 537133056 2281963520 538976256 262720 0 0 4194304 16384 0 0 48 268566536 117441601 0 0 2048 0 8388736 272 2097152 1024 0 2147483648 1114113 262144 0 4456464 4259840 0 2147549184 134217792 67108880 268435456 2147500032 8 0 17301520 0 8421376 0 0 4195328 603979776 512 16384 1048576 268435456 131072 8388608 0 2105344 1024 0 0 138416128 98304 8388608 8192 0 36962304 32 8201 524800 138414080 2097280 32768 2
is_linear=0
shrinkage=0.1


Tree=36
num_leaves=31
num_cat=4
split_feature=1 10 1 11 11 5 6 6 9 16 21 21 21 21 10 8 9 21 11 1 11 21 7 16 11 16 17 9 11 8
split_gain=13.0855 9.29438 7.25989 6.42439 7.3581 6.27267 5.85065 10.1181 9.20663 15.8953 13.062 8.58442 12.443 7.67692 6.97364 6.80725 8.60047 7.53652 7.37748 6.40618 7.51813 6.28209 6.68806 6.20118 14.9245 10.8796 13.551 9.55478 8.53963 7.58775
threshold=0 0.053426939994096763 1 31.500000000000004 13.500000000000002 2 1.5000000000000002 4.5000000000000009 35.850000381469734 3.5000000000000004 4356.5000000000009 910.50000000000011 4284.5000000000009 248.50000000000003 0.14462164044380191 22.500000000000004 34.95000076293946 4313.5000000000009 2.5000000000000004 3 -1.0000000180025095e-35 4270.5000000000009 1.5000000000000002 1.5000000000000002 3.5000000000000004 24.500000000000004 9.5000000000000018 21.550000190734867 169.50000000000003 6.5000000000000009
decision_type=9 2 9 2 2 9 2 2 8 2 2 2 2 2 2 2 10 2 2 9 2 2 2 2 2 2 2 10 2 2
left_child=-1 -2 3 4 -3 6 19 8 10 13 11 -8 -13 -10 -11 16 17 18 -14 -4 -21 -22 -23 24 -9 26 27 29 -27 -25
right_child=1 2 5 -5 -6 -7 7 23 9 14 -12 12 15 -15 -16 -17 -18 -19 -20 20 21 22 -24 25 -26 28 -28 -29 -30 -31
leaf_value=-0.048907294787150876 -0.0076514252867672357 0.017701559254832192 0.04184236395432555 0.067312083112373924 -0.053574971660355235 -0.045864333577278538 0.10371607413896096 -0.0027768853138325795 0.05928643753268819 -0.035481524556020098 -0.049906825677993316 -0.028773378517161365 0.09958941074653839 0.010177532653315374 0.0048292294214520824 0.099064101567697849 0.11609122671375918 -0.0014726976664768715 0.00036696261435270215 -0.045018005320084702 -0.013495483872095433 0.062274244932422999 -0.005272524252408331 0.069847264035744885 -0.067412469747522977 -0.036607373268721544 -0.0056976383349642079 0.0041266892987044173 0.0022394505967146651 0.027129521010028315
leaf_weight=45.269163504242897 1266.4312554248609 236.43161501735449 13.54000686481595 24.166176825761795 15.428611652925609 18.399273250252008 18.827386800199747 1939.4612439908087 33.065893035382032 114.38295138720423 17.848882291465998 27.28638278413564 19.423386275768284 853.15834887512028 68.68670167028904 20.219386694021523 11.428147377446292 48.360323455184698 12.200528639368711 61.696037635207176 273.22361720260233 24.602560563012958 36.266841460950673 52.451074610464275 36.394005463458598 88.970680875703692 244.80388881079853 149.93469734303653 155.47775090206414 200.64315293822438
leaf_count=3317 53195 1695 129 191 117 183 131 19741 306 1430 180 301 180 8447 357 194 97 501 167 734 2844 248 374 505 640 875 2739 1548 1483 2063
internal_value=-0.000469186 -2.82826e-05 0.00197594 0.0174295 0.0133353 0.000995962 0.00128739 0.00242492 0.00995332 0.00646841 0.0311749 0.0403493 0.0317613 0.0120098 -0.0203572 0.0465579 0.0349442 0.0233499 0.0613093 -0.0101113 -0.0126268 -0.00702318 0.0220289 -0.000842715 -0.00396743 0.00607661 0.0128596 0.0241314 -0.0118994 0.0359823
internal_weight=6128.48 6083.21 4816.78 276.026 251.86 4540.75 4522.35 4113.02 1244.89 1069.29 175.594 157.746 138.918 886.224 183.07 111.632 91.4124 79.9842 31.6239 409.329 395.789 334.093 60.8694 2868.14 1975.86 892.281 647.833 403.029 244.448 253.094
internal_count=104912 101595 48400 2003 1812 46397 46214 41885 12291 10540 1751 1571 1440 8753 1787 1139 945 848 347 4329 4200 3466 622 29594 20381 9213 6855 4116 2358 2568
cat_boundaries=0 1 2 3 4
cat_threshold=1893489 46268416 42 8
is_linear=0
shrinkage=0.1


Tree=37
num_leaves=31
num_cat=7
split_feature=10 3 3 9 11 3 11 20 3 17 17 19 9 16 7 19 20 10 14 3 16 3 3 9 11 6 9 19 19 7
split_gain=20.468 17.589 12.7887 17.0566 12.2863 18.7957 15.7719 15.8299 11.1624 28.9514 18.2871 10.9474 10.6746 9.63759 8.05977 8.17761 10.2016 10.0186 7.72425 35.2806 35.1397 19.0997 14.5386 13.428 13.7501 18.7001 15.5648 11.9022 16.3319 13.9473
threshold=0.028411639854311947 0 1 34.45000076293946 2.5000000000000004 2 -1.0000000180025095e-35 0.02267442457377911 3 1.0000000180025095e-35 16.500000000000004 0.036911355331540115 40.549999237060554 28.500000000000004 1.0000000180025095e-35 0.024326905608177189 0.010992318857461216 0.021054598502814773 3.5000000000000004 4 7.5000000000000009 5 6 34.45000076293946 469.50000000000006 8.5000000000000018 37.549999237060554 0.022339220158755783 0.019472314044833187 1.5000000000000002
decision_type=2 9 9 8 2 9 2 2 9 2 2 2 10 2 2 2 2 2 2 9 2 9 9 8 2 2 8 2 2 2
left_child=4 -2 3 -3 5 6 -1 11 9 -6 -11 12 14 -5 -8 16 -16 -17 22 -20 27 23 -4 -22 25 26 -25 28 -21 -30
right_child=1 2 18 13 8 -7 7 -9 -10 10 -12 -13 -14 -15 15 17 -18 -19 19 20 21 -23 -24 24 -26 -27 -28 -29 29 -31
leaf_value=-0.027136807849820806 -0.02234724809996776 0.091594800381018082 -0.023072623161664748 0.020177856633905068 -0.036183605598371089 -0.027807438162971893 -0.015711609408054435 0.0125145200516192 -0.060182704679060062 0.49989630988927075 0.088109305439039623 -0.055919659444341907 0.41714774813362476 -0.061413192911722307 0.34385449225354808 0.11944449435723235 0.052882507128109373 0.42981780123406149 0.042915676331695768 -0.090431634159627017 -0.029890998890070897 -0.040687116287086558 0.0033144330203418297 0.10741917600879487 -0.014071210357794212 0.11496356995306223 -0.0040182996390479547 -0.064987149730752689 0.18391131950857331 -0.039845962692989678
leaf_weight=18.762668001465499 306.58944236021489 32.887917252257466 209.03670161124319 201.60399497952312 13.797001652419569 143.9647549954243 2.3260152311995652 14.820255179889498 102.18623874895275 1.8278836412355293 2.6303418157622218 2.1812614127993575 1.7343741552904237 15.59718971326947 1.5709774056449513 1.8104410413652656 5.1714727152138948 2.4439167845994234 92.4363446328789 8.2553101978264767 43.816137554123998 68.46000954369083 4518.8653356796131 16.613038152456284 42.909455000888556 33.214570537675172 51.044411613605917 164.17787760589272 6.9070480074733478 4.6686508990824223
leaf_count=1208 4449 370 3723 2839 1171 9890 156 747 10697 126 171 134 116 190 114 134 326 130 1085 430 599 1596 57029 112 869 417 733 4982 140 192
internal_value=-0.000767122 0.000577761 0.00189037 0.0235397 -0.0255851 -0.0100609 0.0381713 0.0883002 -0.0506917 0.0228731 0.256943 0.153455 0.183786 0.0143188 0.153407 0.189178 0.120678 0.297739 0.000818412 -0.0105981 -0.022307 0.00114078 0.00210598 0.0176339 0.0333431 0.0535125 0.0233448 -0.056148 0.0170297 0.0936667
internal_weight=6132.31 5817.08 5510.49 250.089 315.228 194.786 50.8214 32.0587 120.441 18.2552 4.45823 17.2385 15.0572 217.201 13.3228 10.9968 6.74245 4.25436 5260.4 532.503 440.067 256.058 4727.9 187.598 143.781 100.872 67.6574 184.009 19.831 11.5757
internal_count=104875 79755 75306 3399 25120 12955 3065 1857 12165 1468 297 1110 976 3029 860 704 440 264 71907 11155 10070 4326 60752 2730 2131 1262 845 5744 762 332
cat_boundaries=0 21 42 65 88 112 129 151
cat_threshold=2176 33554432 99328 33 75497472 0 1048836 65536 536872960 65536 8388680 1073807360 8389632 96 0 0 0 0 0 1207959552 8389632 679477248 1 4194304 128 0 2048 262144 32770 8 0 0 32768 33554434 256 0 167772176 2561 134217856 33557520 2099200 16 301989888 0 1073741824 0 0 0 16384 0 0 147456 128 0 0 0 0 0 0 0 0 0 3087007744 3394257746 298336288 0 1048576 0 0 0 33554432 98304 0 1073741824 2097152 0 0 0 0 0 0 0 0 0 0 33554432 25235460 37881344 17055744 2692743168 0 0 0 0 8192 0 131136 1 138412064 2416967688 16795792 4 0 0 0 3145728 0 0 1073741857 32768 0 1 0 2097154 270540864 262208 0 0 0 16384 0 0 536870912 203554816 134218496 0 0 0 2147483648 16777216 545259520 4096 0 0 8421632 8704 20480 167773184 34078720 536870916 524296 16793600 16388 0 0 0 44040192 4194304 8388608 160 32768
is_linear=0
shrinkage=0.1


Tree=38
num_leaves=31
num_cat=15
split_feature=3 3 14 3 3 9 14 3 16 16 3 16 3 16 3 3 10 3 11 3 5 16 17 3 16 3 9 3 6 14
split_gain=21.1894 17.128 11.801 10.4427 13.5646 7.28422 7.19619 41.1318 27.2242 17.106 14.1429 13.6469 65.2278 17.9268 55.0053 29.7084 24.2101 22.8321 16.8599 16.0457 15.4897 14.9672 13.9203 13.2884 12.3645 12.346 11.0304 14.286 12.3364 10.803
threshold=0 1 20.500000000000004 2 3 29.150000572204593 4.5000000000000009 4 8.5000000000000018 1.5000000000000002 5 17.500000000000004 6 1.5000000000000002 7 8 0.032998530194163329 9 55.500000000000007 10 11 3.5000000000000004 13.500000000000002 12 74.500000000000014 13 29.150000572204593 14 2.5000000000000004 1.0000000180025095e-35
decision_type=9 9 2 9 9 8 2 9 2 2 9 2 9 2 9 9 2 9 2 9 9 2 2 9 2 9 8 9 2 2
left_child=5 2 -2 -3 -5 -1 10 9 -9 -8 -6 13 18 15 16 -12 21 -16 -13 -17 23 -15 29 -21 -20 -14 28 -28 -19 -18
right_child=1 3 -4 4 6 -7 7 8 -10 -11 11 12 25 14 17 19 22 26 24 20 -22 -23 -24 -25 -26 -27 27 -29 -30 -31
leaf_value=0.034236534219332954 0.026278434431757893 -0.029562835113017161 -0.10264932648987996 -0.050426341801660793 -0.023809141690271412 -0.037389199633672481 -0.078907166599605727 -0.065100931901201517 -0.0074379343064369082 0.048110833755868922 0.040603021728028356 -0.0089856477898661077 0.0047090247167483786 0.11310621438570929 -0.044280580593211771 -0.028772067822772675 0.040786253866250455 0.15693193355032517 0.12663720855156582 -0.007865719200857298 0.064894437595730312 0.3814523460227992 0.023508634501727254 0.0050800120082955223 0.0018742919599899191 -0.060907122272535252 0.051677289420592611 -0.0021183792620528183 0.028976759122330303 0.097171948540627356
leaf_weight=15.281657502055166 309.32856102753431 114.76281089708209 7.2662494820542625 43.461451719515026 204.4114298527129 200.33563014212996 11.622643585782496 136.00586231611669 205.72464203927666 120.82345151063055 167.13397471420467 19.688241234049201 41.338189294561744 5.1024391422979516 87.471861947327852 191.51543843559921 60.636375160887837 9.4504027846269292 38.337501499336213 1369.5065185087733 26.715715453028679 3.5071660531684756 100.91174737177789 1854.7860056972131 10.019376999698578 156.44372501829639 45.612356977537274 437.88682222133502 37.172700854483992 77.289343159645796
leaf_count=444 4635 3635 739 2884 3960 8008 437 5998 3579 1785 2965 241 580 271 1092 5230 676 106 378 16219 408 166 1297 26294 108 4251 817 6251 454 914
internal_value=-0.000805626 0.000346411 0.0226054 -0.000955304 -0.000301369 -0.0308806 0.000192775 -0.0115747 -0.0295234 0.0343695 0.00132157 0.00245026 -0.019558 0.00376317 0.0166928 0.000664642 0.0554317 0.00026961 0.0601809 -0.00138827 0.000308178 0.222418 0.051733 -0.000425959 0.100787 -0.0476262 0.00830426 0.0039816 0.054913 0.0723831
internal_weight=6109.55 5893.93 316.595 5577.34 5462.58 215.617 5419.11 474.177 341.731 132.446 4944.94 4740.53 265.827 4474.7 865.041 3609.66 247.447 617.594 68.0451 3442.52 3251.01 8.60961 238.837 3224.29 48.3569 197.782 530.122 483.499 46.6231 137.926
internal_count=104822 96370 5374 90996 87361 8452 84477 11799 9577 2222 72678 68718 5558 63160 12044 51116 3324 8720 727 48151 42921 437 2887 42513 486 4831 7628 7068 560 1590
cat_boundaries=0 23 47 70 93 115 138 160 183 206 229 252 253 275 299 322
cat_threshold=4194304 67108864 1073775104 0 0 33554432 65536 1048576 1024 4096 524288 1073741824 0 180224 0 2490368 8912896 35659776 0 1082130432 268500992 17302016 1152 268435456 262176 4194304 32 0 2099200 262144 0 0 0 536870914 20971520 67108864 289 0 0 2051 134217860 264208 3 2097153 0 1 1 262144 34078720 0 0 0 134217728 8197 2097152 268435456 130 71303168 0 65536 16777216 0 1048576 536871424 0 1 2112 67110912 8192 218235138 0 256 34619648 4 1024 2147516416 32904 0 134217728 22020096 0 0 0 0 0 4194304 64 0 1024 0 138412032 2097165 40960080 553664512 546308097 268435456 0 0 0 16384 16512 64 1 134217728 68190216 16794832 262212 0 16 2147483648 0 0 0 1073742848 32768 16777216 545259520 0 2147487744 0 5242944 64 135168 0 102760448 0 1048576 0 262208 0 16777232 0 16777216 0 0 33555456 8487936 262176 67108864 18874369 270532608 640 536870912 0 0 16384 537001984 1 64 201981952 134250560 4 0 2048 2147483648 0 16384 262144 4 131072 2214592512 2149580800 0 0 536870912 0 0 1024 8585216 0 5152 458752 134219542 4096 0 256 0 64 33685504 272629760 0 0 512 1082130432 4194304 0 256 0 512 0 32768 2182090752 524288 16 524288 41975841 0 0 0 0 65544 512 67634176 8388608 280576 4100 1073758208 20971520 8192 576 0 0 0 128 524296 0 0 524288 41979936 8196 0 41943040 2147483648 8 512 2215247880 8388608 133120 4096 2214658048 3145856 0 0 1610612736 525312 1024 16 8388864 0 1024 262144 16777216 0 0 0 2147483664 32832 33685504 272957440 0 131072 520 56 0 2147483649 268435520 2 8389120 0 6293504 16384 458752 1024 4200 67239944 2147500034 0 0 256 0 8388608 16448 0 20 4096 1073741824 2 64 2 0 262144 0 1168 1114112 0 16 8388608 16777218 0 0 0 0 8388608 0 134283264 0 537133056 8 4 134250496 135266433 536870912 0 8388608 0 0 16384 0 0 0 2717909001 268451840 0 0 0 32 8404992 0 0 0 0 32776
is_linear=0
shrinkage=0.1


Tree=39
num_leaves=31
num_cat=10
split_feature=3 3 14 16 20 20 20 16 3 3 14 20 21 20 20 21 16 3 3 19 8 21 14 3 16 3 2 8 19 3
split_gain=23.4874 15.7993 11.6676 14.1667 20.9834 29.195 10.8607 10.6828 9.22276 10.3155 8.97612 8.17048 7.91132 11.5894 9.71182 10.0198 6.82613 9.98714 6.853 6.64207 6.62768 6.45208 5.87593 12.6808 20.2281 5.9606 5.70405 6.86359 5.60932 5.70836
threshold=0 1 6.5000000000000009 2.5000000000000004 0.028880470432341102 0.012400574516505005 0.02267442457377911 40.500000000000007 2 3 121.50000000000001 0.28205515444278723 4507.5000000000009 0.17741058766841891 0.141564816236496 4335.5000000000009 118.50000000000001 4 5 0.053094936534762389 13.500000000000002 4587.5000000000009 32.500000000000007 6 50.500000000000007 7 8 28.500000000000004 0.017118172720074657 9
decision_type=9 9 2 2 2 2 2 2 9 9 2 2 2 2 2 2 2 9 9 2 2 2 2 9 2 9 9 2 2 9
left_child=11 2 3 21 5 -5 20 -4 -3 19 16 -1 13 14 15 -6 18 -18 -11 -10 -7 -2 25 24 -24 -20 27 -27 29 -28
right_child=1 8 7 4 12 6 -8 -9 9 10 -12 -13 -14 -15 -16 -17 17 -19 22 -21 -22 -23 23 -25 -26 26 28 -29 -30 -31
leaf_value=-0.049649674927602347 0.017154221997566204 -0.014927107737398252 -0.072518261447375609 -0.10300225147357288 0.016611341476729612 0.5348146392929124 0.16603160979685916 0.064329147057613861 -0.074704338038156404 0.011957977694796382 -0.079872110277064312 0.051223936305917088 -0.043707291008106247 -0.0068376421318842168 0.19296082783410817 0.12632975391427489 0.038933070656588936 -0.051707932030612649 -0.018230667251858224 -0.011058275579553719 0.28265624111574911 -0.064782963788050402 0.13345313152429308 -0.035165370927383345 -0.012047913220873334 0.019576806839205887 -0.019378207156898752 -0.038623126953392595 -0.0013366313180531804 0.060681542251547704
leaf_weight=130.09966142475605 241.46619340917096 464.47584356972948 23.141091608908031 2.5714715830981723 19.452354907989502 1.881384682841597 4.0626955376937985 7.5706692272797218 32.571815881412476 484.91520713688806 13.962678117211906 8.5577500164508802 9.348450589925049 20.249158922582865 6.9926054179668418 14.54838158097118 10.178885076195 40.611511562485248 178.76863450091332 33.018600611481816 2.3372985357418656 10.008652985095976 21.831355373375118 16.682388372253627 16.991327367722988 236.28592037688941 11.953409081324933 22.163832457736135 3989.3368028663099 17.6849714727141
leaf_count=3955 6125 9988 2041 105 327 100 107 182 2885 12102 1604 47 168 136 53 269 53 743 3568 666 132 298 219 802 81 1752 725 172 53836 1164
internal_value=-0.00124176 -0.00025916 0.0196516 0.0256326 0.0618805 0.191333 0.282728 -0.0387844 -0.0015868 -0.000351526 0.000195728 -0.0405028 0.041978 0.0550576 0.0856315 0.0635581 0.000417608 -0.0360578 0.000788379 -0.0370204 0.39511 0.0138931 -0.000437658 0.0318972 0.0554814 -0.000841394 -7.18464e-05 0.0140424 -0.0010121 0.0423285
internal_weight=6093.72 5955.06 363.63 332.919 81.4438 10.8529 8.28138 30.7118 5591.43 5126.96 5061.37 138.657 70.591 61.2425 40.9933 34.0007 5047.4 50.7904 4996.61 65.5904 4.21868 251.475 4511.7 55.5051 38.8227 4456.19 4277.42 258.45 4018.98 29.6384
internal_count=104405 100403 10043 7820 1397 444 339 2223 90360 80372 76821 4002 953 785 649 596 75217 796 74421 3551 232 6423 62319 1102 300 61217 57649 1924 55725 1889
cat_boundaries=0 22 43 66 89 110 133 154 178 188 211
cat_threshold=1048576 1049088 35360 0 0 33554432 32770 65552 2147484672 4 0 268435456 16 294944 0 526336 32 65536 0 2293760 65536 33816832 67108864 2097152 0 262272 536870912 0 0 0 8 1048576 541065216 2181038080 33024 16384 0 69206016 2048 144203844 33571840 8388609 1082130432 16384 0 0 64 0 536870912 35652864 0 589824 2113538 0 12582912 2147485696 16908300 0 0 2147484224 0 0 64 2214592512 0 134217768 2048 524288 16793600 0 1073742848 557440 128 2101248 8389120 20971520 128 262144 0 0 0 0 0 0 0 0 0 18886657 2425168 0 0 0 0 0 0 0 0 64 0 0 134217728 0 64 0 0 0 0 0 0 1024 268435456 134217730 1 131072 0 0 8650752 16384 1052928 0 256 1114120 369098754 8448 0 16777216 1074266113 69206016 131072 1024 64 32768 32768 16777216 1 8256 0 0 0 0 0 64 0 0 67108864 0 0 0 0 0 0 0 0 1024 1090519040 0 0 0 0 4194304 520 32 167772160 134217745 134217728 524289 0 0 0 4194304 0 16809985 256 4194312 301990912 6 8389632 4 0 1073741824 0 262144 1 0 33554432 0 0 8388608 2147483648 0 0 32 0 0 16384 64 0 0 0 0 1048576 0 0 0 0 0 0 0 134217728 12583104 17305604
is_linear=0
shrinkage=0.1


Tree=40
num_leaves=31
num_cat=11
split_feature=3 3 3 8 9 8 3 3 3 14 3 16 3 3 8 9 8 3 9 16 9 3 8 20 14 16 9 19 8 11
split_gain=27.0869 12.928 10.9279 12.8998 10.9013 10.1688 11.2391 9.21316 8.30319 8.22605 27.5807 15.4909 18.0993 12.5944 19.294 12.9257 14.9825 12.5653 12.3095 12.3996 14.4031 12.0501 11.959 10.6585 22.7802 8.88315 8.06374 7.96906 7.89698 8.5987
threshold=0 1 2 13.500000000000002 44.549999237060554 18.500000000000004 3 4 5 3.5000000000000004 6 5.5000000000000009 7 8 15.500000000000002 21.550000190734867 13.500000000000002 9 33.549999237060554 52.500000000000007 54.149999618530281 10 6.5000000000000009 0.065161265432834639 14.500000000000002 110.50000000000001 51.649999618530281 0.1536744758486748 24.500000000000004 1.0000000180025095e-35
decision_type=9 9 9 2 10 2 9 9 9 2 9 2 9 9 2 10 2 9 8 2 8 9 2 2 2 2 10 2 2 2
left_child=-1 26 3 4 7 8 -7 -3 -5 17 -11 13 18 14 15 16 22 27 -13 20 -20 -19 -12 24 -22 -23 -2 -4 29 -8
right_child=1 2 9 5 -6 6 28 -9 -10 10 11 12 -14 -15 -16 -17 -18 21 19 -21 23 25 -24 -25 -26 -27 -28 -29 -30 -31
leaf_value=-0.041252184099876188 -0.032295079953618307 -0.028227322504994108 -0.028996626157442057 3.5692286798964938e-05 0.087702300738406361 -0.013459509417878865 0.052852350025770801 0.019069528185798573 0.086345568964634134 0.021954459375787935 0.13825102321979918 -0.044733236207330225 -0.030363601390171271 -0.064590950283931081 -0.069226778351802673 -0.051020873343879392 0.29307279178700274 -0.049847347467786976 0.16027420973613107 -0.020735787722197765 0.26231750562280121 0.0037625099128786726 -0.044463063757522847 -0.0088346110609191387 -0.027736872982637967 -0.064390512555338328 0.058802791523663855 0.042862240387914786 0.071357563661755136 -0.028397476275130975
leaf_weight=145.78586064791307 160.90243824664503 93.873936204239726 185.05237319646403 24.352497271262109 12.258149412460623 62.770673097576946 28.356814611703157 60.567770939785987 40.15148235950619 166.84315446997061 8.5181322265416437 16.390079465694726 126.40513876732439 117.21752740070224 21.133523725438863 7.4511362430639556 3.4463000800460568 32.842665619682521 15.026168781798331 16.500983056612313 5.4143998241052049 4596.7309504975565 6.1819444503635159 17.588257181458175 5.4163475837558508 19.204706515651196 10.341227391269056 16.837020337581635 49.022564756684005 24.091314302757382
leaf_count=6951 4846 1227 4847 342 151 933 348 982 537 1651 195 511 2922 5874 784 334 80 2426 199 260 116 65423 269 314 652 378 195 142 617 350
internal_value=-8.88207e-05 0.000987268 0.00180896 0.0176436 -0.00306732 0.0335082 0.0202949 -0.0102718 0.0671522 0.000615426 -0.0111691 -0.0261265 -0.00835603 -0.0496953 0.00122719 0.059874 0.105409 0.0019129 0.0283501 0.0530613 0.0810903 0.00298856 0.0614128 0.0392228 0.117264 0.00347144 -0.0253154 -0.0219181 0.0386893 0.0155314
internal_weight=6096.68 5950.89 5779.65 395.445 166.7 228.745 164.241 154.442 64.504 5384.2 533.533 366.69 202.741 163.949 46.731 25.5975 18.1464 4850.67 76.3362 59.9462 43.4452 4648.78 14.7001 28.419 10.8307 4615.94 171.244 201.889 101.471 52.4481
internal_count=104856 97905 92864 5487 2360 3127 2248 2209 879 87377 14161 12510 4974 7536 1662 878 544 73216 2052 1541 1281 68227 464 1082 768 65801 5041 4989 1315 698
cat_boundaries=0 23 46 70 86 106 125 148 161 184 207 230
cat_threshold=16777216 269484064 33280 0 0 0 0 32832 2164260864 101888 0 33554432 1052672 163840 0 1048576 0 0 256 1207959560 65536 603980112 32 1073741824 512 2164260864 0 0 553714176 1024 3145856 0 131074 1024 0 1024 16777217 0 0 1073741824 2097160 0 2147483648 2216689664 524288 151130112 276824064 0 0 160 0 0 294912 2 256 0 4718594 2165571584 114 320 0 134217728 8388608 92274688 262672 524289 0 0 0 4 268435456 0 0 128 0 0 262144 2 0 0 4194306 2147745792 112 0 0 134217728 8388608 0 0 160 0 0 0 0 256 0 0 18087936 80 64 0 0 0 75497472 528 524288 268435456 0 0 32 0 0 32768 0 0 0 524288 2148532224 0 256 0 0 0 75497472 262144 16384 545259521 268435520 0 0 0 24576 0 64 1 671088640 402685960 16779393 262144 0 16 0 1048576 0 2097152 1073742880 98304 1 537198592 18874370 536879104 0 536870912 0 0 1024 131072 0 16 69337088 768 0 2147483648 0 2 0 0 67584 16384 131072 0 32 8388608 67125248 0 0 0 8192 0 0 0 1 0 32772 98304 545783809 0 4096 1073742848 0 33563265 4096 131072 2097152 0 32768 16384 262144 0 16777216 0 0 2 4194304 33554432 8513536 1088 0 0 256 4 0 1081408 64 0 512 390070280 0 0 0 0 0 0 0 0 0 131072 4 2098187 2154898192
is_linear=0
shrinkage=0.1


Tree=41
num_leaves=31
num_cat=10
split_feature=3 3 14 8 3 3 7 3 3 20 9 9 17 8 3 3 15 14 8 12 12 1 17 20 6 14 3 19 19 8
split_gain=21.224 14.4308 8.95105 9.04682 6.88837 8.53065 7.38069 24.1546 8.82276 14.2927 17.1487 7.84861 11.3845 7.70071 8.22198 7.07986 7.10646 7.07216 6.93834 6.76606 9.34954 6.62042 7.38042 6.51749 6.49551 6.39065 12.3569 6.23396 15.927 6.72614
threshold=0 1 12.500000000000002 15.500000000000002 2 3 5.5000000000000009 4 5 0.01667208876460791 28.44999980926514 40.549999237060554 2.5000000000000004 3.5000000000000004 6 7 7.5000000000000009 28.500000000000004 1.5000000000000002 6.5000000000000009 2.5000000000000004 8 11.500000000000002 0.032248957082629211 2.5000000000000004 40.500000000000007 9 0.022339220158755783 0.043770212680101402 10.500000000000002
decision_type=9 9 2 2 9 9 2 9 9 2 10 10 2 2 9 9 2 2 2 2 2 9 2 2 2 2 9 2 2 2
left_child=24 2 3 -2 -3 -6 8 11 9 10 -7 12 27 -9 -15 17 21 23 -11 20 -20 22 -17 -10 -1 -23 -27 -8 29 -29
right_child=1 4 -4 -5 5 6 7 13 15 18 -12 -13 -14 14 -16 16 -18 -19 19 -21 -22 25 -24 -25 -26 26 -28 28 -30 -31
leaf_value=-0.086322547549921802 0.0071988799809280862 -0.020646301167219216 -0.089603886067033234 0.04599952958506634 -0.040907023322409079 0.054516006846005993 0.21175157399846967 -0.058492483130604268 -0.058153429283789415 -0.08638354195385424 0.36036378151469434 -0.0128681283335743 -0.0090875146806270977 -0.026542171209918104 0.017322137406649077 0.03341911491094305 -0.061849709185488426 0.084136868401402068 0.017047311680070242 -0.056784449796060593 0.12934766961963898 -0.00054334599300961928 -0.036026083380896454 -0.013871603860218271 -0.029569114844765421 0.023030454385400152 -0.062951899286380855 0.085324432145972851 0.13510112953571143 -0.10476373530754579
leaf_weight=23.824652100913227 114.08046472072601 157.558459084481 6.6927969888783982 126.97846386488527 40.674223384819925 6.3300277665257436 5.8231308273971072 20.938334282953292 40.366279070731252 6.6869823634624472 2.5806287080049515 7.9723935229703775 8.852198198437689 50.047948067076504 141.51514418330044 105.73444983828813 18.849284258205444 6.4939964525401583 197.20435064379126 11.742241531144826 7.7031670617870978 4554.3545030700043 17.893582850228995 188.20824380218983 131.33642360055819 23.888554503209889 33.507548915687948 3.145248932298272 28.11359077366069 4.5605819365009665
leaf_count=752 2066 3946 541 2101 2560 271 120 265 1698 112 99 128 164 404 2100 1388 288 126 2988 181 106 70701 208 3130 3888 210 3499 70 342 175
internal_value=-0.000606874 0.000376906 0.0235207 0.0276372 -0.000670171 -6.51272e-05 0.000311116 0.0164034 -0.000523388 0.0181171 0.143093 0.067752 0.0938983 -0.000871778 0.0053808 -0.00142454 -0.000568804 -0.0180023 0.013942 0.0170386 0.0212691 -0.000326075 0.0216191 -0.0216918 -0.0359655 -0.000959161 -0.034121 0.115791 0.10019 -0.0271764
internal_weight=6093.66 5938.5 247.752 241.059 5690.75 5533.19 5492.51 270.969 5221.54 232.247 8.91066 58.4671 50.4948 212.501 191.563 4989.3 4754.23 235.069 223.337 216.65 204.908 4735.38 123.628 228.575 155.161 4611.75 57.3961 41.6426 35.8194 7.70583
internal_count=104627 99987 4708 4167 95279 91333 88773 3768 85005 3757 370 999 871 2769 2504 81248 76294 4954 3387 3275 3094 76006 1596 4828 4640 74410 3709 707 587 245
cat_boundaries=0 23 44 67 90 112 135 156 179 180 191
cat_threshold=541065216 0 4194816 2147483904 512 1073741824 1048580 0 0 8226 524544 0 1026 16810248 262144 786433 0 128 0 0 65600 402915328 8388608 268451840 536870912 1 0 536870912 2099200 2097184 2 524288 0 536870914 0 35653632 96 0 0 64 67117060 33688640 393217 4 33554432 524417 16777216 0 83886144 0 17408 35655680 0 16512 0 2147483648 16781344 0 1073741824 0 0 8 0 0 67108864 33628160 134348800 0 0 16384 4096 134218752 64 640 524288 0 113246208 0 0 0 0 0 0 536870912 16777216 256 4194304 4194304 2097665 3473744 83886080 18874370 268435456 262145 0 0 0 16384 0 0 16 9175040 67150721 0 0 0 0 0 0 1073741824 2097152 32768 2155872448 135266304 0 131072 0 262144 2049 262160 1314816 0 134217728 570425344 268435456 0 0 0 32 34603009 2147483648 526344 132096 67239936 2 8650752 0 536870976 0 0 0 2048 0 1048576 0 0 1211244544 68 0 0 0 0 0 0 524288 1024 16777216 35651584 0 262176 0 512 320 131072 33556992 285212684 8 17301504 147456 0 4194304 16777216 524288 16384 16 0 2097152 545260552 524288 77598848 134217728 0 268443712 0 0 0 0 0 64 0 32
is_linear=0
shrinkage=0.1


Tree=42
num_leaves=31
num_cat=5
split_feature=3 3 9 14 10 20 8 8 16 10 14 17 7 8 8 8 3 19 20 21 7 7 21 3 14 16 17 8 3 9
split_gain=23.3342 13.7629 15.329 9.76323 9.59387 13.3135 10.6147 20.4266 9.31705 18.1018 10.3508 10.0146 12.9352 9.10882 7.91915 16.4672 7.20481 8.26543 15.8545 20.1846 15.9689 20.4807 17.2893 9.5286 8.81125 8.08629 9.02952 8.80742 7.19054 6.97677
threshold=0 1 28.44999980926514 5.5000000000000009 0.020287527702748779 0.0054376556072384128 14.500000000000002 10.500000000000002 1.5000000000000002 0.032146440818905837 1.5000000000000002 28.500000000000004 2.5000000000000004 7.5000000000000009 8.5000000000000018 21.500000000000004 2 0.020444549620151523 0.027142156846821312 4344.5000000000009 4.5000000000000009 2.5000000000000004 4363.5000000000009 3 46.500000000000007 5.5000000000000009 1.5000000000000002 14.500000000000002 4 50.549999237060554
decision_type=9 9 8 2 2 2 2 2 2 2 2 2 2 2 2 2 9 2 2 2 2 2 2 9 2 2 2 2 9 10
left_child=-1 2 14 8 5 6 7 -3 10 11 -4 12 -10 -11 -2 -16 -6 18 19 -18 21 22 -21 -19 -25 26 27 -24 -23 -7
right_child=1 4 3 -5 16 29 -8 -9 9 13 -12 -13 -14 -15 15 -17 17 23 -20 20 -22 28 25 24 -26 -27 -28 -29 -30 -31
leaf_value=-0.037894798937101043 0.0056471140688538687 0.06931181376021199 0.012874745302821145 -0.043655769150633128 -0.017792072182356202 -0.064390383141830584 -0.013853679784660667 0.68962689954545642 0.30800558049018639 0.08984569318186969 -0.095624974708789945 0.038382862295818471 0.054704900079393062 0.010382144304827484 0.23282076225311996 0.021967797857952959 -0.028173841401060176 -0.012670799589131535 -0.043928626824708036 0.23348812545512893 0.20878640603967169 0.038215092379719137 0.14581504328564715 0.0018669132853652668 -0.060302096064043742 -0.056070184814236791 -0.029626151630250036 0.04596605558941079 -0.053836276415746093 0.14695683540487778
leaf_weight=149.49130972707644 6.0085301431827274 1.7650847979821258 209.73204228281975 26.296750351553783 207.64868598664179 49.449437494855374 3.457412478979677 0.75917165167629708 5.5816765888594073 18.552308498881757 9.1773485238663834 4.9406012264080337 3.1559306262061 64.847502561286092 8.5433027846738678 6.5387825858779243 30.307156817987561 513.30595068680122 26.981207453645766 6.9068660526536396 7.2772835390642276 6.4385962723754346 18.564724610187113 4642.2925756149925 22.910142345353961 5.0076960041187695 6.5354774468578389 16.854210523888469 13.786200175993146 1.6128740073181678
leaf_count=5209 93 303 4148 2062 4865 7252 608 122 212 253 481 206 129 841 151 122 1104 11330 1029 150 143 237 313 60288 1623 275 209 344 531 226
internal_value=-0.000147678 0.00086375 0.0194519 0.0148889 -0.000378948 -0.0411797 0.0999702 0.255872 0.019761 0.0455465 0.00832611 0.152174 0.216516 0.0280588 0.10273 0.141406 4.1636e-05 0.0007701 0.0248662 0.0414868 0.0674324 0.053549 0.0857638 0.000126392 0.00155827 0.0640375 0.0783736 0.0983016 -0.0322554 -0.0577147
internal_weight=6094.73 5945.24 363.375 342.284 5581.86 57.044 5.98167 2.52426 315.987 97.078 218.909 13.6782 8.73761 83.3998 21.0906 15.0821 5524.82 5317.17 138.659 111.678 81.3711 74.0938 53.869 5178.51 4665.2 46.9621 41.9544 35.4189 20.2248 51.0623
internal_count=104859 99650 8698 8332 90952 8511 1033 425 6270 1641 4629 547 341 1094 366 273 82441 77576 4335 3306 2202 2059 1291 73241 61911 1141 866 657 768 7478
cat_boundaries=0 23 45 68 91 114
cat_threshold=268451840 67108896 0 0 0 4096 262144 1048576 1610612736 16384 0 2147483648 4114 32768 0 2097152 8193 32768 2 0 134414368 135332352 4232 603979776 134217728 0 128 536870912 512 10240 0 2147483656 0 1024 1073807360 2105344 16640 0 17039360 0 68157568 4 1350565888 1073741893 32768 8388608 2147484160 1064960 8 1082130432 18432 33416 135176 1118208 1048704 256 0 0 0 0 0 32 0 4194320 134217728 0 0 2049 20971520 4194307 268435520 0 0 1073741888 16384 33554432 8389632 134217728 0 0 67108864 0 8388608 33554688 64 131076 0 0 4194320 147842 40964 4194304 0 0 0 0 0 16384 0 0 0 16 0 0 0 0 0 0 0 0 0 0 131200 32800
is_linear=0
shrinkage=0.1


Tree=43
num_leaves=31
num_cat=10
split_feature=3 3 10 3 0 20 11 8 20 20 7 14 13 11 19 3 14 0 16 3 11 3 20 11 3 13 11 3 8 21
split_gain=20.2112 12.5417 10.0538 13.3569 9.95621 21.3964 11.6417 9.20789 9.775 15.4752 13.0936 11.382 11.3339 17.784 9.12824 8.75838 8.93484 8.46799 10.1175 29.3358 11.8919 8.45132 8.85085 11.1436 8.3325 13.7512 8.16925 22.6354 11.3436 7.97076
threshold=0 1 0.077127590775489821 2 3 0.073393918573856368 31.500000000000004 11.500000000000002 0.024849578738212589 0.02267442457377911 1.0000000180025095e-35 10.500000000000002 -1.0000000180025095e-35 12.500000000000002 0.018422698602080349 4 6.5000000000000009 5 17.500000000000004 6 169.50000000000003 7 0.020794635638594631 -1.0000000180025095e-35 8 0.083445642143487944 -1.0000000180025095e-35 9 9.5000000000000018 4600.5000000000009
decision_type=9 9 2 9 9 2 2 2 2 2 2 2 2 2 2 9 2 9 2 9 2 9 2 2 9 2 2 9 2 2
left_child=-1 7 15 29 5 -5 -7 -2 9 11 -11 12 13 -9 -10 16 -3 18 21 20 -20 22 23 -17 25 -19 27 28 -6 -4
right_child=1 2 3 4 26 6 -8 8 14 10 -12 -13 -14 -15 -16 17 -18 24 19 -21 -22 -23 -24 -25 -26 -27 -28 -29 -30 -31
leaf_value=-0.040904550861172125 -0.002418579837387809 0.020079160371177435 -0.0070049484014971606 0.085853785844361596 -0.024254028566942063 0.005730211518605908 0.06343775218565377 0.068755840098416648 -0.073166889508962676 0.29461131549432168 0.07223783678907561 -0.1013522431510888 -0.016027138656631287 0.32904569151504393 0.025667631241642543 -0.033104282844578482 -0.08057845685151889 -0.019482010620156073 -0.0099138178608766721 -0.062632066744350262 0.10051720016292919 -0.0079680372033803706 0.0088521380506417762 0.13229551675045878 -0.059739771354545682 0.15806310433346996 0.0057810213148631086 -0.029314395770374375 0.042469643159417494 0.069097556715911695
leaf_weight=112.01921908790246 124.49991759588011 154.67183236824349 1395.0424698931165 44.94618334248662 35.28774705901742 300.61496669054031 39.558644115924835 21.572627518326044 9.963315165601669 5.005853745620696 5.6211903211660683 4.8982870844192794 12.66766601148993 2.9885543738491824 150.52843482210301 5.808208390139046 9.3516477204393578 38.31010108999908 19.815879728645086 88.455994345713407 19.199738683644682 1013.9842411186546 95.10988849028945 13.63780576083809 60.841009062249213 4.9229734358377746 1947.2412215918303 222.66117038950324 91.667947635054588 13.899761513806878
leaf_count=5785 4120 4776 13234 301 339 1901 242 1127 377 68 172 785 673 138 3397 347 883 1223 796 5517 360 31777 2769 761 2072 131 17567 1986 825 133
internal_value=-0.000617149 0.000209342 -0.000930366 0.00165075 0.00578194 0.0204771 0.012441 0.0186389 0.031807 0.0691505 0.176987 0.0419477 0.060802 0.100427 0.019532 -0.00786455 0.0135162 -0.0104655 -0.00800808 -0.0347768 0.0353653 -0.00505545 0.019701 0.0828933 -0.0368203 0.000597047 0.00323989 -0.0108207 0.0221768 -0.00621009
internal_weight=6064.79 5952.78 5615.03 4090.92 2681.98 385.12 340.174 337.746 213.246 52.7542 10.627 42.1271 37.2288 24.5612 160.492 1524.11 164.023 1360.09 1256.01 127.472 39.0156 1128.54 114.556 19.446 104.074 43.2331 2296.86 349.617 126.956 1408.94
internal_count=104582 98797 87940 36528 23161 2444 2143 10857 6737 2963 240 2723 1938 1265 3774 51412 5659 45753 42327 6673 1156 35654 3877 1108 3426 1354 20717 3150 1164 13367
cat_boundaries=0 22 44 65 66 89 90 113 136 159 180
cat_threshold=0 0 32 131072 1073741824 128 0 64 8912896 32 8 50331648 34603008 163840 0 0 268435488 540672 0 0 65568 34734116 201326592 0 33554432 128 0 2048 4243456 65664 2147553280 0 1280 2147483648 69206020 0 0 0 1074003969 142606336 2048 4194304 2155872272 67141632 16777344 2147745792 4194304 0 0 0 0 262144 0 0 36 77602824 1088 16384 0 273 2147557440 0 2147614720 2415919106 1152 9 1073741888 0 0 32 536871040 138543120 8388609 0 1312768 1048576 524288 0 4096 34 0 262144 524288 229376 0 0 1207959552 2 2086 2 0 69206018 0 0 0 262144 32 16384 603979776 1 80 0 2050 64 0 0 0 2097152 0 0 33554432 562298880 1025 545261568 268435456 1114112 262144 8388608 67108864 1048578 0 33554432 541056 4194304 536870912 65552 0 0 0 0 0 0 0 0 2147555456 54697992 0 32 16777217 0 67109376 0 0 4096 0 0 67108864 0 0 12 1074003968 25690112 536870912 0 4194305 196672 2048 0 67108864 262144 0 64 0 0 0 0 1024 64 0 536875008 0 134250528 0 0 0 0 0 0 0 2097152
is_linear=0
shrinkage=0.1


Tree=44
num_leaves=31
num_cat=4
split_feature=3 3 8 9 14 16 8 20 20 3 8 21 14 20 3 16 21 16 8 9 7 8 21 21 16 19 19 17 11 11
split_gain=19.8035 13.1887 11.7172 11.4066 8.65893 11.8596 11.0939 7.77349 7.26002 7.13731 6.65906 6.65451 6.53767 7.48698 6.18747 18.4432 15.2932 9.14552 16.584 8.41495 6.86828 6.36233 6.21872 7.10315 6.17042 5.9376 5.71867 6.11706 5.40939 5.4078
threshold=0 1 26.500000000000004 57.750000000000007 24.500000000000004 5.5000000000000009 2.5000000000000004 0.023780041374266151 0.141564816236496 2 14.500000000000002 4327.5000000000009 1.0000000180025095e-35 0.019696546718478206 3 4.5000000000000009 4471.5000000000009 1.5000000000000002 11.500000000000002 34.45000076293946 2.5000000000000004 15.500000000000002 910.50000000000011 4263.5000000000009 2.5000000000000004 0.1536744758486748 0.042001251131296165 7.5000000000000009 3.5000000000000004 1544.5000000000002
decision_type=9 9 2 10 2 2 2 2 2 9 2 2 2 2 9 2 2 2 2 8 2 2 2 2 2 2 2 2 2 2
left_child=3 2 7 4 5 8 -7 12 10 24 -1 -10 13 -2 15 16 20 18 -18 -17 26 -22 -23 -24 -3 -26 -11 -28 -4 -16
right_child=1 9 28 -5 -6 6 -8 -9 11 14 -12 -13 -14 -15 29 19 17 -19 -20 -21 21 22 23 -25 25 -27 27 -29 -30 -31
leaf_value=-0.063560741499972206 0.0042085830805601004 -0.0094166605449422375 -0.0082670052833549879 0.065279615927591669 0.063435271512244568 0.069038936519887961 -0.10267252513934473 0.027979502891757754 0.033937269978680289 -0.019060981450635044 -0.018877149227014788 -0.042419324531985131 0.24433509324011268 0.21148450013942155 -0.00078879411531287036 0.060237675623899825 0.23176542092893493 0.24586037070225097 -0.018415831501769727 -0.063859707889125095 -0.041448845445413475 -0.019756253181550221 0.013106133286474114 0.17731623820702058 -0.079595090296894835 -0.0070117849083180736 0.043564461210336768 0.13520890131934632 -0.10259400992841593 0.063061578134265009
leaf_weight=60.281759341713041 5.6057475153356773 117.42468488495797 23.332925692200664 12.166993601247666 8.7767744364682567 4.1765055749565354 37.964867592789233 195.06051332922652 31.22776984795928 11.895583286881445 74.655779054854065 17.988231923431158 2.8635791279375544 2.5287505816668272 5250.8000955446623 6.6238721935078502 4.360191982239483 4.7218425543978801 6.753653384745121 31.21057094540447 23.829039730131626 10.806826742365958 5.7759336875751597 4.8429012410342693 29.66800924949348 18.174517445266247 49.50073922984302 8.5398593014106137 8.2219137293286604 13.298186454223467
leaf_count=1715 296 1687 475 189 163 84 1178 4038 320 451 2109 149 129 82 87479 128 100 87 171 733 414 124 136 109 913 102 585 104 225 279
internal_value=-0.0008467 0.000351046 0.0229363 -0.0280001 -0.0340192 -0.037799 -0.0856547 0.0325915 -0.0268477 -0.000646761 -0.038839 0.00602927 0.114389 0.0686439 -5.98428e-06 0.0182858 0.0371277 0.12927 0.0797355 -0.0421333 0.0244606 -0.00589471 0.0336476 0.087997 -0.0205093 -0.052022 0.044103 0.0570487 -0.0328448 -0.000626305
internal_weight=6083.08 5835.84 237.613 247.239 235.072 226.295 42.1414 206.059 184.154 5598.23 134.938 49.216 10.9981 8.1345 5432.96 168.861 131.027 15.8357 11.1138 37.8344 115.191 45.2547 21.4257 10.6188 165.267 47.8425 69.9362 58.0406 31.5548 5264.1
internal_count=104754 98847 5245 5907 5718 5555 1262 4545 4293 93602 3824 469 507 378 90900 3142 2281 358 271 861 1923 783 369 245 2702 1015 1140 689 700 87758
cat_boundaries=0 23 47 70 94
cat_threshold=2684354560 1048704 2147492352 256 512 67108992 5 0 64 271872 64 0 65536 32768 0 1048576 2147483712 0 0 0 134283264 784 8389636 268451840 75497504 0 0 0 0 4235264 0 65536 0 0 268435456 0 8480 0 17039616 1610614784 540672 264704 2147483649 8388624 8519680 1 1 0 0 16777216 0 67108864 536870912 2048 262144 262152 2147500162 524288 65536 16384 16777216 262144 2048 0 33554432 0 76021760 67108864 0 205652000 0 0 0 131584 0 2048 65792 2 0 0 134217986 33554432 2415919108 0 0 0 65536 76611716 2 393216 1073872928 296960 4096 4
is_linear=0
shrinkage=0.1


Tree=45
num_leaves=31
num_cat=8
split_feature=3 3 17 10 20 3 5 3 21 3 17 21 17 12 3 8 3 6 8 13 10 7 20 20 20 13 6 21 19 13
split_gain=17.2105 14.6963 14.7572 7.94392 7.89652 6.65632 8.6514 19.3137 22.2318 8.20054 8.37092 10.7816 7.70364 9.50451 9.12098 7.84286 7.87077 6.6999 7.56975 7.77265 7.38835 8.11852 7.99674 7.05746 6.56088 6.48139 6.23857 5.98253 8.29324 13.8754
threshold=0 1 62.500000000000007 0.018481097184121612 0.0054376556072384128 2 3 4 4394.5000000000009 5 716.50000000000011 4500.5000000000009 4.5000000000000009 -1.0000000180025095e-35 6 1.5000000000000002 7 6.5000000000000009 6.5000000000000009 0.039292883127927787 0.045899109914898879 1.5000000000000002 0.13273769617080691 0.13273769617080691 0.15259588509798053 0.0097268014214932936 6.5000000000000009 4471.5000000000009 0.017118172720074657 -1.0000000180025095e-35
decision_type=9 9 2 2 2 9 9 9 2 9 2 2 2 2 9 2 9 2 2 2 2 2 2 2 2 2 2 2 2 2
left_child=-1 2 27 4 -3 17 7 -7 -9 12 -11 -12 13 -8 25 -15 -17 18 24 20 -20 22 -22 -21 -5 -14 -16 28 29 -2
right_child=1 3 -4 5 -6 6 9 8 -10 10 11 -13 14 15 26 16 -18 -19 19 23 21 -23 -24 -25 -26 -27 -28 -29 -30 -31
leaf_value=-0.037455062931599413 0.28104485145727631 0.14043763581223312 -0.03457545185397231 -0.072930032463022737 -0.060951389648998211 -0.039571467534545234 -0.01344167795719272 0.049424601559862349 0.24441007099316703 -0.0017574774961228294 0.0019477533126906134 0.12965847452883866 -0.063414063170964138 -0.075808073372145193 0.11130917768520771 -0.0068120730607428241 0.049279415284607719 -0.030483748248031656 -0.051095337670661878 0.15431904694467419 0.12560509428796962 -0.0096493737279991446 0.019515787488381616 0.022786277360118384 0.016744338517500418 0.035918171788924931 -0.007629344232939754 0.0048432447053686082 0.032508576916695876 -0.051625234803662462
leaf_weight=115.02353512402624 3.3924149593804032 2.0704837292432776 44.157360967248678 23.690866969060153 32.643596208887175 14.611341225914655 50.111196560785174 16.163802782073621 9.1619775192812067 4909.8882890127134 16.334648835472766 11.104043781757353 34.88894817745313 6.0520158847793928 9.4986705849878508 34.944752395618707 131.8926953508053 151.16436519520357 22.600877468474209 6.4999773828312781 10.251758685335515 58.844154586084187 23.148249134421349 10.953341398388146 12.444490466266869 8.0924649294465762 8.2318815286271256 88.202785032102838 229.87339624227025 1.9887947265524406
leaf_count=6897 237 263 1220 568 5073 429 758 213 138 71411 226 165 803 110 144 759 2144 2903 1120 192 175 723 246 104 118 152 163 2778 4794 155
internal_value=-0.000735047 3.34563e-05 0.0191307 -0.00124856 -0.0489398 -0.000954137 -8.85325e-05 0.0413372 0.0860043 -0.000483826 -0.00144673 0.0536304 0.015752 0.0249051 -0.0152737 0.0360197 0.0400763 -0.0147391 -0.00148381 0.00959556 0.000146465 0.0127013 0.0520787 0.0717718 -0.0420475 -0.0362728 0.0358624 0.0270539 0.0353813 0.158096
internal_weight=6097.93 5982.9 367.615 5615.29 34.7141 5580.57 5260.98 39.9371 25.3258 5221.04 4937.33 27.4387 283.713 223.001 60.712 172.889 166.837 319.598 168.434 132.298 114.845 92.2442 33.4 17.4533 36.1354 42.9814 17.7306 323.457 235.255 5.38121
internal_count=105181 98284 9184 89100 5336 83764 77615 780 351 76835 71802 391 5033 3771 1262 3013 2903 6149 3246 2560 2264 1144 421 296 686 955 307 7964 5186 392
cat_boundaries=0 23 47 70 71 84 107 127 150
cat_threshold=0 1048576 32768 0 8388608 262144 4 0 0 1179716 1024 33554432 0 163840 4194304 1048576 268435456 2113536 33554432 1032 65536 1098907648 4210688 71303296 0 0 672 0 2097152 57344 81952 131072 0 524288 270532609 1040 0 0 134217728 262208 33554432 3072 71434240 36 0 0 4 0 0 553725952 0 64 1081856 640 34078720 268439552 2113536 16 32768 16777216 65 8388608 524288 0 134217728 0 8388608 1073741824 262144 16777216 163 2147483648 201326594 0 0 536870912 0 0 1024 1024 0 536870912 0 2147483712 2147483648 201326592 4194304 131074 536870912 0 2337 0 2148008000 1 0 327688 276824064 0 0 16777216 0 16777217 131088 2361345 0 32 6144 0 67108864 0 2 536870912 0 2304 0 64 1 0 262152 0 0 0 0 0 16777216 0 2099200 2147483648 0 0 2 0 0 33 0 2148007936 0 0 0 276824064 0 0 0 0 16777216 131072 2048 0 32 2048
is_linear=0
shrinkage=0.1


Tree=46
num_leaves=31
num_cat=12
split_feature=3 3 6 3 3 8 17 16 11 12 17 3 3 14 8 20 7 17 17 14 14 3 3 14 3 3 16 3 8 3
split_gain=18.3889 13.1931 7.61085 6.51989 8.36377 6.21124 6.2805 5.96039 6.46916 5.95249 13.8874 8.07409 5.9629 13.904 8.1765 10.9434 9.13091 7.9686 6.03669 62.7209 31.3733 29.8174 29.4509 26.5194 24.0804 23.2084 18.4211 17.8901 16.4517 14.0975
threshold=0 1 8.5000000000000018 2 3 2.5000000000000004 239.50000000000003 85.500000000000014 -1.0000000180025095e-35 51.500000000000007 31.500000000000004 4 5 16.500000000000004 3.5000000000000004 0.082059286534786238 5.5000000000000009 1.5000000000000002 1.0000000180025095e-35 1.0000000180025095e-35 1.0000000180025095e-35 6 7 5.5000000000000009 8 9 1.5000000000000002 10 27.500000000000004 11
decision_type=9 9 2 9 9 2 2 2 2 2 2 9 9 2 2 2 2 2 2 2 2 9 9 2 9 9 2 9 2 9
left_child=2 5 -1 7 -5 -2 -7 8 -3 12 11 -11 13 14 15 17 -16 -6 20 22 24 -22 -20 29 -14 -25 -21 28 -28 -23
right_child=1 3 -4 4 9 6 -8 -9 -10 10 -12 -13 18 -15 16 -17 -18 -19 19 26 21 23 -24 25 -26 -27 27 -29 -30 -31
leaf_value=-0.056323471581400636 -0.037820162256721704 -0.047801597928337464 -0.0051210023991481411 -0.041961765201019977 0.077757958326517065 0.02347688253429743 0.10932228624624048 -0.11443964507688123 -0.0071371842489735687 0.0039476254051666786 0.073546009197344789 -0.05686209455504259 -0.032728349273910183 -0.088179316669027563 0.0071194815615885382 0.016574130419794556 0.076288267166969903 0.23450457216915394 -0.021390297885445803 -0.051325435510031853 -0.017388774055391187 0.00029454661825977906 0.03394783693887559 0.048599670067325976 6.0697434441215741e-05 -0.024548661771480098 0.0055374316458505213 -0.02878236582768889 0.12783870100704975 0.060524545472914942
leaf_weight=87.395017248112708 15.941877414938061 46.548678720369935 43.469816870754585 37.479732846375555 10.722857288084922 231.71229285048321 8.8477885369211418 5.9847760808188459 245.20098060928285 39.506931816227734 13.007544925669206 53.669319867622107 232.83479146286845 13.231620442820711 324.56556078558788 23.414173025637865 20.277411658782512 4.6496422630734733 124.4984405040741 219.81063663656823 145.23367425031029 55.758365172892809 360.57495127315633 58.229925931897014 2893.4302419254091 109.20437161880545 107.80119552626275 270.56961965118535 12.248596023768185 255.3699360198807
leaf_count=3172 265 1055 1434 2033 343 3755 133 258 6175 363 204 1112 3483 1155 6553 234 257 170 1784 4982 1834 583 4381 1079 43983 3062 1343 5573 145 3963
internal_value=-0.000815304 3.27938e-05 -0.0365244 -0.000985117 -0.000175876 0.0217793 0.0266343 -0.0151431 -0.0136252 0.000194694 -0.0232454 -0.0367576 0.000669837 0.0122969 0.0160829 0.0596138 0.0111867 0.125168 -0.000307185 -0.00683822 0.0015999 0.0220763 0.0200037 0.033712 -0.00248583 0.00232715 -0.0281679 -0.0151367 0.0166304 0.0516853
internal_weight=6071.19 5940.33 130.865 5683.82 5386.09 256.502 240.56 297.734 291.75 5348.61 106.184 93.1763 5242.43 396.861 383.63 38.7867 344.843 15.3725 4845.56 1095.5 3750.06 623.796 485.073 478.563 3126.27 167.434 610.43 390.619 120.05 311.128
internal_count=104866 100260 4606 96107 88619 4153 3888 7488 7230 86586 1679 1475 84907 8712 7557 747 6810 513 76195 18208 57987 10521 6165 8687 47466 4141 12043 7061 1488 4546
cat_boundaries=0 23 47 70 93 107 130 154 175 198 219 240 253
cat_threshold=0 0 0 0 0 0 16400 0 134218752 1093 134217728 1 0 32769 0 524560 32 16384 2181038080 2097152 304152576 32964 268436484 16384 0 536870912 513 0 0 270336 128 256 0 524288 16777216 2147500288 0 0 2097152 32834 75497536 18432 2156462080 8388608 75497472 32768 1 33554432 128 1048576 0 1140850688 2097408 5242944 2097152 268435456 131074 536870928 269025280 16777284 16908288 0 0 0 33554432 0 134217728 67108928 12288 520 32768 4194304 16640 8 0 1056864 648 524288 0 405798912 0 0 0 0 0 4194304 0 0 131072 10 4194304 33554432 151191808 0 2149580800 2105408 64 0 0 0 0 0 0 32 201621504 2048 64 2483027968 67371008 0 64 0 67108864 2097152 32834 2048 0 0 545390592 4096 256 0 100663296 536938496 0 786432 4325376 2147483780 262656 1 1220870272 2164260865 64 262144 536870912 0 8388608 1024 0 0 32 4227072 33554464 32 0 1048576 1 2171008 0 67110912 0 0 0 4 159383552 16777217 272637952 262178 0 0 2048 16384 65536 0 4194304 72384512 3091 24576 0 134217728 0 16777216 0 2048 1024 16777216 813695008 65 0 0 4194304 0 16384 8912896 0 0 262152 16 68 0 2048 0 40960 256 1073741824 1073742848 2684487680 37748736 16777216 545259520 268435456 0 0 0 0 16384 0 0 0 68157448 640 0 0 0 0 0 0 0 1024 1090781184 28311553 8256 262176 536870912 0 2048 1024 0 0 4198400 6324224 1024 0 0 0 0 2097152 0 0 1024 16777216 0 270532608 0 0 0 0 0 131072 0 0 68157440 41088
is_linear=0
shrinkage=0.1


Tree=47
num_leaves=31
num_cat=9
split_feature=3 3 3 15 3 3 8 11 14 11 16 11 16 8 21 10 11 3 3 21 14 17 8 3 3 21 21 17 13 9
split_gain=15.136 13.0423 7.29535 7.20923 11.0178 6.56553 8.72955 29.363 8.55456 10.4546 7.87904 5.67276 9.02759 5.58127 5.76178 5.52586 11.441 33.7505 12.6351 11.928 9.59543 13.697 9.14123 27.6761 13.2665 13.1116 10.7469 12.5163 8.86251 8.57761
threshold=0 1 2 1.5000000000000002 3 4 1.5000000000000002 1.5000000000000002 5.5000000000000009 72.500000000000014 57.500000000000007 313.50000000000006 34.500000000000007 10.500000000000002 4493.5000000000009 0.077127590775489821 15.500000000000002 5 6 4528.5000000000009 1.0000000180025095e-35 2.5000000000000004 8.5000000000000018 7 8 4356.5000000000009 4350.5000000000009 20.500000000000004 0.0030995779670774941 29.150000572204593
decision_type=9 9 9 2 9 9 2 2 2 2 2 2 2 2 2 2 2 9 9 2 2 2 2 9 9 2 2 2 2 8
left_child=-1 11 13 5 -5 6 7 -4 9 -8 -11 12 -2 -3 -15 16 18 -18 19 29 -21 -22 23 28 25 26 27 -24 -20 -7
right_child=1 2 3 4 -6 15 8 -9 -10 10 -12 -13 -14 14 -16 -17 17 -19 22 20 21 -23 24 -25 -26 -27 -28 -29 -30 -31
leaf_value=-0.022644607005002301 0.021199992617685598 -0.041367846934124784 -0.061368045199911847 0.025793100112051826 -0.042582072945983422 0.1149790685194248 0.013639443197994976 0.33153518769534179 -0.052850734452584681 0.1739214526405195 0.021123435174202451 0.089320238465988674 -0.049471162305126805 0.0010214987310905759 -0.044571694641607013 0.0017386347365125718 0.03751394668691703 -0.049998637139179763 0.053650701446630839 0.039887600058275713 0.27181033150178585 0.051152415917269649 0.028275712479383593 -0.025031727881272316 -0.017838379606415423 -0.014250118450550953 0.21101789623969652 0.2239279579946965 -0.031931418516035127 0.0034038419609941453
leaf_weight=290.61768146092072 314.46754440339282 72.521213347325101 4.0592459300532928 27.282898830715567 76.149943873984739 7.2473326167091727 183.32132522249594 3.579237847821787 17.598857142264023 7.4250469421967846 6.1865244684740901 11.254863297101108 19.177690398413688 136.14749468304217 34.803035584045574 3581.6959663699381 54.123285841196775 151.19108977541327 109.91274329693988 29.815980562008917 4.9992274967953545 6.4330105558037758 30.959127089008689 113.1648120302707 587.742676372407 38.109599496237934 4.6393039897084227 3.6558012547902754 13.597030010074375 139.81713077845052
leaf_count=7642 4681 2017 107 358 1349 185 4487 109 1572 93 140 197 242 3745 695 31926 2221 9721 2694 898 102 199 1309 4167 17574 1489 54 150 351 4347
internal_value=-0.000767306 0.000369043 -0.000839857 -3.26522e-05 -0.0261697 0.000497442 0.0169267 0.122738 0.0139483 0.0199177 0.104474 0.0189441 0.0171379 -0.0174071 -0.00826061 -0.000285094 -0.00588274 -0.0275374 -0.00180418 0.0211101 0.0697532 0.147644 -0.00674847 0.0100547 -0.0128293 0.0243801 0.0680947 0.0489392 0.0409163 0.00890227
internal_weight=6081.7 5791.08 5446.18 5202.71 103.433 5099.27 222.17 7.63848 214.532 196.933 13.6116 344.9 333.645 243.472 170.951 4877.1 1295.41 205.314 1090.09 188.313 41.2482 11.4322 901.781 236.675 665.107 77.3638 39.2542 34.6149 123.51 147.064
internal_count=104821 97179 92059 85602 1707 83895 6508 216 6292 4720 233 5120 4923 6457 4440 77387 45461 11942 33519 5731 1199 301 27788 7212 20576 3002 1513 1459 3045 4532
cat_boundaries=0 23 47 70 89 111 134 157 180 204
cat_threshold=134217728 0 536873472 131072 8388608 512 114688 16 16777472 9248 4194304 2105344 0 294976 0 2097152 1073741888 0 4 0 134283264 16810112 2048 4194304 134217729 268435456 262272 0 0 262144 32768 2181038080 1048576 0 2164293632 18882560 0 0 256 1 0 2147631104 2162691 1156 67108864 0 4 33554432 0 1048576 0 0 65536 0 33554432 1074003968 147458 524288 571473960 2147483649 16908288 1073741824 2049 268435968 142606344 34078720 134217728 67108864 0 32768 262144 0 2105408 64 536870912 0 0 17408 131136 0 16 262144 201327044 0 0 0 0 0 256 67387392 67108864 0 0 0 2097152 1 536936578 1052672 0 134217920 0 16 256 0 16777216 2147745792 1064960 1088 1141112832 1 395776 2684354560 2097152 5120 33 0 4456576 12582944 0 604110848 1 1032 0 67108866 4 0 0 0 2097152 0 0 33554432 2147549188 132097 8388672 268435456 2147483648 256 0 16384 0 16384 8454144 528384 16 0 2 32 0 0 536870912 196608 0 0 1073872896 20480 55063084 3489660928 4194562 0 0 0 134222864 0 64 1024 2147483840 0 0 6912 4 262144 131072 0 2129920 1 0 33554432 41943040 131073 0 33554432 1073741824 0 512 8519936 37749760 1048576 0 2097157 67108864 0 67108864 8 8388608 786432 524288 0 0 64 0 1346895904 268451968 1
is_linear=0
shrinkage=0.1


Tree=48
num_leaves=31
num_cat=13
split_feature=3 3 3 19 20 11 3 3 3 3 6 21 3 11 20 9 13 3 19 8 17 3 3 9 3 3 9 11 9 21
split_gain=22.9114 14.0252 8.52026 10.5816 9.72332 7.85685 56.0052 18.2166 17.7366 12.8715 11.5969 14.8406 10.795 9.35945 10.9055 10.4944 9.13633 7.91046 18.1882 10.4645 7.58955 19.2211 12.7894 10.5037 21.796 18.4473 12.033 11.0936 10.6952 9.99873
threshold=0 1 2 0.12793135643005374 0.1640133932232857 -1.0000000180025095e-35 3 4 5 6 1.5000000000000002 4394.5000000000009 7 1.0000000180025095e-35 0.22207807004451754 42.149999618530281 0.10050505027174951 8 0.063234798610210433 11.500000000000002 26.500000000000004 9 10 29.150000572204593 11 12 42.750000000000007 1.5000000000000002 21.550000190734867 4387.5000000000009
decision_type=9 9 9 2 2 2 9 9 9 9 2 2 9 2 2 10 2 9 2 2 2 9 9 10 9 9 10 2 8 2
left_child=-1 -2 3 -3 -5 6 10 -8 -7 13 -4 17 -9 14 16 -15 -10 -12 -19 -20 22 -22 29 25 26 28 -25 -28 -24 -11
right_child=1 2 5 4 -6 8 7 12 9 20 11 -13 -14 15 -16 -17 -18 18 19 -21 21 -23 23 24 -26 -27 27 -29 -30 -31
leaf_value=-0.034494642958021092 0.022837845193724213 -0.031712506288397203 -0.046759354885807604 0.10151348088781312 -0.025175018677755196 -0.018383885230212033 -0.043801303377003747 0.027447463438193473 0.052930263648722553 -0.032695469429146945 -0.017950015979582606 0.018959077704426827 -0.016314834560023996 0.015433782032842305 -0.041208652229631909 -0.042755052576179557 -0.027805542383288091 0.20886122270939833 0.010404417912984248 0.098271721772265813 -0.032206025422770873 0.0063590685474497104 0.067530058072242993 0.0016671318795674574 -0.018198921901135295 0.014620820430019325 0.022604493655913452 0.094307601348509906 -0.0092424095946296355 0.0031785030294614693
leaf_weight=176.2142551203724 273.39558577281423 154.05719633633271 15.415129709988831 12.349382769316437 11.891870666295288 368.97727917414159 254.51941995508969 60.551156631670892 148.80789808556437 161.91690511605702 11.86050685867667 109.81034613680094 288.51366900885478 293.99681938067079 15.980324812233446 34.646495680790395 15.474022654816507 11.228127371519802 19.751271406188607 43.1961017716676 203.12247915985063 325.1455262338277 18.790949072688818 153.85344590060413 431.13054616982117 1660.7289710019249 64.275382498279214 32.481354449875653 528.58252200996503 149.36414895486087
leaf_count=8407 6149 4265 186 93 113 8248 3708 1282 1946 2178 169 1197 6435 5023 88 587 190 203 153 315 3181 5050 166 2198 7409 26694 775 431 5945 1957
internal_value=4.003e-05 0.00113287 3.44774e-05 -0.020878 0.0393647 0.000759321 -0.00829085 -0.0236643 0.00236159 0.00420111 0.035091 0.0433252 -0.00817053 0.0189704 0.0376543 0.00929935 0.0453256 0.0744244 0.080731 0.0707012 0.00214039 -0.00895874 0.00397871 0.00605397 -0.00477521 0.00942484 0.0183133 0.0466753 -0.00648833 -0.0149999
internal_weight=6050.03 5873.81 5600.42 178.298 24.2413 5422.12 814.846 603.584 4607.28 4238.3 211.261 195.846 349.065 508.906 180.262 328.643 164.282 86.036 74.1755 62.9474 3729.39 528.268 3201.12 2889.84 681.741 2208.1 250.61 96.7567 547.373 311.281
internal_count=104741 96334 90185 4471 206 85714 13648 11425 72066 63818 2223 2037 7717 7834 2224 5610 2136 840 671 468 55984 8231 47753 43618 10813 32805 3404 1206 6111 4135
cat_boundaries=0 24 47 70 92 115 137 161 184 202 222 245 266 289
cat_threshold=83886080 262400 32768 0 0 268435456 2 0 553648128 1081344 0 536870912 32768 163840 0 256 2147491840 8388736 131072 2048 0 138543232 268452864 1 0 0 4194304 262144 536870912 0 262177 0 0 0 536870912 2181038080 35660800 32 0 33556496 1 2179077 16 3 2147483812 8388608 32768 83968 544 3072 0 0 0 4194304 16384 0 8322 67108876 0 0 16777224 0 1048576 268435456 0 64 469762048 1075904512 65536 67108872 272629760 131 2147483712 769 8388608 393216 0 1152 0 0 524450 0 134348834 0 0 1 32768 83886080 262144 590848 0 32 0 83886080 2097152 64 0 0 2048 0 33619968 0 0 336953344 83889109 64 0 0 262144 0 256 0 1024 0 4096 64 130 2147483648 768 0 0 32768 132 0 2147747844 524418 1 135462944 2 0 0 1073774592 0 0 590848 0 1048624 134217728 8388608 807403520 131072 0 0 2048 0 2147748096 0 256 269811712 67109120 4160 0 0 262144 8192 2304 4194304 8520704 0 4096 4 1082392576 35651584 0 2 0 1073744512 3178496 1048578 268959808 1 4194320 2097153 0 8192 0 262144 0 33554432 0 2147483648 1 294912 1 0 2 0 0 0 0 0 1024 0 0 0 0 0 0 0 0 0 67108864 536870912 85983232 0 161 8388608 0 81920 0 65536 0 16 1289748488 16783366 0 0 0 0 34603072 16384 2097152 2415919104 1 16777280 64 83886592 2097152 0 536870914 1073742848 8388640 1024 0 0 0 0 786432 2 67239936 33816577 2155872256 33554432 524288 131078 1082130432 68157440 0 160 0 262144 8413184 65600 8585280 0 32 69369864 16897 0 0 67108864 0 524288 2 2228224 134217728 1073741824 34603008 0 160 1073741824 266240 1056784 65536 8523840 0 32 8 268451840 16384 0 0 524288 1048576 4 131080 536870912 16793600 534528
is_linear=0
shrinkage=0.1


Tree=49
num_leaves=31
num_cat=2
split_feature=1 5 6 10 20 11 8 6 19 9 19 21 20 21 8 17 20 21 17 13 6 19 17 16 11 19 8 16 16 21
split_gain=6.23096 5.11827 5.79534 4.84955 9.26541 14.2194 12.4498 10.2067 6.8096 7.73656 11.4668 11.5072 7.24863 7.02277 13.9592 6.35284 14.1724 12.8323 5.81255 5.55015 5.01717 4.5977 7.51255 6.59707 8.96858 6.85589 4.75941 4.62395 7.13511 5.88341
threshold=0 1 4.5000000000000009 0.041654093191027648 0.0054376556072384128 2.5000000000000004 12.500000000000002 9.5000000000000018 0.036911355331540115 56.250000000000007 0.031545666977763183 4528.5000000000009 0.0091935466043651121 4521.5000000000009 29.500000000000004 387.50000000000006 0.02267442457377911 4454.5000000000009 53.500000000000007 0.25211864709854132 7.5000000000000009 0.042001251131296165 34.500000000000007 20.500000000000004 25.500000000000004 0.030239455401897434 20.500000000000004 2.5000000000000004 1.5000000000000002 623.50000000000011
decision_type=9 9 2 2 2 2 2 2 2 10 2 2 2 2 2 2 2 2 2 2 2 2 2 2 2 2 2 2 2 2
left_child=-1 3 -3 4 5 6 -2 -8 9 12 11 -11 -6 -10 -15 18 17 -17 19 -14 -21 22 23 24 27 -26 -25 28 29 -5
right_child=1 2 -4 21 8 -7 7 -9 13 10 -12 -13 15 14 -16 16 -18 -19 -20 20 -22 -23 -24 26 25 -27 -28 -29 -30 -31
leaf_value=-0.035088072232747208 0.47792783537170086 -0.11641033447026231 -0.011756851715401737 0.10212631690415036 -0.053480654849455904 -0.10064418527145845 -0.10103559788463892 0.34604433511308474 -0.031682284362621528 -0.011394418364200729 0.28980577727139595 0.21561706290048011 -0.00078607921105687626 -0.0015415983100069265 0.23329818571715799 0.061011041753874277 -0.0016287354411804991 0.40389882471578747 -0.036712140593290664 0.12066296458289311 -0.022651563610667832 0.0019088997036522479 -0.035374873288565964 0.0054792334000478837 0.039708272553917789 0.1842496741556307 -0.094064809441867667 -0.019491906616997696 0.1143394486772861 0.017936555714139591
leaf_weight=37.819417149294168 1.3813296710140996 9.3447194341570157 12.19912091642618 9.0024265442043525 27.138015010859817 1.8110669688321648 1.1899721967056396 0.89448560820892442 166.21651583886705 10.881378012243657 2.0311774397268882 2.8094464116729787 510.36813046969473 48.022655491251498 2.6719699213281265 2.4436151939444235 9.7926804043818247 1.9724160800687967 45.076383437030017 7.1237842452246678 3.7174659355077893 4970.8082711137831 23.990712116472423 14.447656743228437 6.7109609181061369 6.4216308500617743 7.1951187998056403 20.848241031169891 9.5730922855436784 106.47640587948263
leaf_count=3184 170 117 193 147 3470 367 161 128 8380 587 88 131 24941 1942 109 123 345 99 2233 376 191 53560 525 275 68 137 156 364 125 2326
internal_value=0.000874783 0.00115602 -0.0390328 0.00136431 -0.00565482 0.12644 0.245104 0.090816 -0.00648437 -0.00117399 0.0680845 0.0351898 -0.00296599 -0.0217452 0.0108361 -0.000604442 0.0654383 0.214162 -0.00226153 0.000717909 0.0715204 0.00251369 0.0172025 0.0241839 0.0312331 0.110387 -0.0276141 0.0241084 0.0313773 0.0244998
internal_weight=6080.38 6042.56 21.5438 6021.02 845.542 5.27685 3.46579 2.08446 840.266 623.354 15.722 13.6908 607.632 216.911 50.6946 580.494 14.2087 4.41603 566.286 521.209 10.8413 5175.47 204.666 180.676 159.033 13.1326 21.6428 145.9 125.052 115.479
internal_count=105018 101834 310 101524 43841 826 459 289 43015 32584 806 718 31778 10431 2051 28308 567 222 27741 25508 567 57683 4123 3598 3167 205 431 2962 2598 2473
cat_boundaries=0 1 2
cat_threshold=1893488 139
is_linear=0
shrinkage=0.1


Tree=50
num_leaves=31
num_cat=6
split_feature=3 3 8 7 21 14 8 3 8 3 19 21 9 11 21 21 8 3 8 6 8 21 3 9 9 11 9 10 11 9
split_gain=15.582 14.36 8.69852 12.3534 12.1082 8.98217 10.437 18.3686 16.7006 11.9016 9.67687 7.20965 7.06716 6.85263 6.84594 6.76635 6.57966 6.25684 12.2646 17.3431 13.5092 23.7075 11.7062 9.99417 7.34917 9.97114 7.08663 6.34284 10.397 11.8004
threshold=0 1 3.5000000000000004 5.5000000000000009 4284.5000000000009 28.500000000000004 17.500000000000004 2 12.500000000000002 3 0.073591690510511412 4313.5000000000009 34.95000076293946 67.500000000000014 4356.5000000000009 4507.5000000000009 4.5000000000000009 4 14.500000000000002 9.5000000000000018 16.500000000000004 4350.5000000000009 5 57.750000000000007 34.049999237060554 5.5000000000000009 52.750000000000007 0.021944295614957813 3.5000000000000004 40.549999237060554
decision_type=9 9 2 2 2 2 2 9 2 9 2 2 8 2 2 2 2 9 2 2 2 2 9 10 8 2 8 2 2 10
left_child=11 2 4 5 -2 6 7 -4 16 14 15 -1 13 -13 -8 -7 -9 18 22 20 21 -20 -3 -24 -22 26 -26 28 29 -19
right_child=1 17 3 -5 -6 10 9 8 -10 -11 -12 12 -14 -15 -16 -17 -18 27 19 -21 24 -23 23 -25 25 -27 -28 -29 -30 -31
leaf_value=-0.056236616085381087 0.051999209660537796 0.043772765258346988 -0.009208680875379514 0.099116589722953286 -0.076930243126637932 -0.10132923105704757 0.052560218611365707 0.12271138398141512 0.12542893077464712 -0.028844171358629253 0.32725784404084246 0.010039876043243984 -0.023511240304186679 0.16301219491550312 -0.0068052460103194259 0.14160477893890919 0.021652045480996661 -0.01725544228061723 0.0067919675789482464 -0.022014069011867227 0.093890145520470911 0.18771710740772973 -0.022763885890200879 0.11184944204532805 -0.033148306790432597 -0.025739802527211409 0.046445339219386261 -0.00080318572190954819 -0.07888971152195022 0.15693077587544524
leaf_weight=62.637466265354306 11.513867021538319 28.491919101215899 60.242027608212084 21.353616130072623 19.828035463578999 1.7078644258435804 45.701514185406268 7.4518070649355641 32.873987716622651 69.813522497192025 1.8656766293570397 11.891718222759662 119.16518419841304 3.8851486865896723 33.785591035149992 3.4881449765525758 47.562500270549208 45.328167796134949 13.516789638902994 56.664481977932155 15.94444841518998 15.602599208243189 164.18452991638333 5.7070326860994092 12.684873036574571 33.095801480580121 94.6814023880288 4989.1718470600899 27.596103846095502 4.2543271866161367
leaf_count=2322 160 597 1118 309 406 303 561 93 463 1080 34 388 4652 39 699 41 722 5635 184 1013 235 223 3066 63 216 766 1527 72156 5134 418
internal_value=8.62634e-05 0.00103751 0.0201859 0.0255909 -0.0295663 0.0204347 0.0177882 0.0365945 0.0619849 -0.000870677 0.1319 -0.0268404 -0.0151843 0.0477102 0.0242735 0.0617554 0.0353408 -0.000238831 0.0110552 0.0264067 0.0411956 0.103734 -0.00712888 -0.0172279 0.0295523 0.0222491 0.0370417 -0.00124081 -0.0296918 -0.00230974
internal_weight=6061.69 5864.11 357.188 325.846 31.3419 304.493 297.431 148.13 87.8883 149.301 7.06169 197.58 134.942 15.7769 79.4871 5.19601 55.0143 5506.92 440.574 242.19 185.526 29.1194 198.383 169.892 156.407 140.462 107.366 5066.35 77.1786 49.5825
internal_count=104623 97222 5989 5423 566 5114 4736 2396 1278 2340 378 7401 5079 427 1260 344 815 91233 7890 4164 3151 407 3726 3129 2744 2509 1743 83343 11187 6053
cat_boundaries=0 23 46 68 89 111 132
cat_threshold=67108864 0 0 512 64 2415919104 16 0 4096 65536 536870912 0 8389634 33024 0 0 262176 1048576 256 1024 65536 4360320 4773888 553648128 67108865 0 1 0 2048 0 32800 524288 0 1040 2147745792 33579024 8192 0 67108864 65602 134225920 132160 0 2098304 8388608 32 16777216 1 0 1 0 0 0 32 0 0 1024 0 33562624 8192 0 0 2 0 131072 0 2097152 8388608 0 1 0 1 0 2048 0 32 524288 0 1040 2147483648 33562624 8192 0 67108864 2 0 132096 0 2097152 268746752 0 2147491840 32 0 2097152 4456450 0 2048 4096 0 268435456 2233466880 64 0 256 0 128 264208 268435466 1082130512 262144 268451840 0 0 0 0 2097152 262146 0 0 4096 0 0 2147483648 0 0 256 0 0 262144 0 1082130496
is_linear=0
shrinkage=0.1


Tree=51
num_leaves=31
num_cat=6
split_feature=3 3 3 8 19 3 3 14 20 11 7 7 1 20 20 8 16 11 17 16 14 11 20 14 20 8 8 10 8 10
split_gain=22.8635 15.6506 8.54469 9.91392 12.6288 6.01113 5.96151 10.5894 5.45114 12.6255 8.34795 5.72623 4.86493 5.71446 5.35421 4.6086 4.59095 5.19223 14.8826 13.1789 6.05614 7.75137 20.5152 7.49138 4.67448 4.54908 11.1965 9.08419 12.9067 4.51
threshold=0 1 2 28.500000000000004 0.12082491815090181 3 4 8.5000000000000018 0.13273769617080691 1.5000000000000002 1.5000000000000002 1.5000000000000002 5 0.22207807004451754 0.3844612985849381 9.5000000000000018 110.50000000000001 100.50000000000001 1.5000000000000002 16.500000000000004 10.500000000000002 11.500000000000002 0.060575431212782867 1.5000000000000002 0.02756530232727528 27.500000000000004 25.500000000000004 0.05538435839116574 26.500000000000004 0.11015141755342485
decision_type=9 9 9 2 2 9 9 2 2 2 2 2 9 2 2 2 2 2 2 2 2 2 2 2 2 2 2 2 2 2
left_child=-1 16 3 4 -3 15 7 -7 9 10 -6 -10 13 -8 -15 -4 17 19 -19 20 21 23 24 25 -23 26 -2 28 -28 -5
right_child=1 2 5 29 8 6 12 -9 11 -11 -12 -13 -14 14 -16 -17 -18 18 -20 -21 -22 22 -24 -25 -26 -27 27 -29 -30 -31
leaf_value=-0.036894481635904114 0.027226972077747987 -0.031922576220483292 0.008886662571840365 0.10326835642214267 -0.00027252492734360686 -0.035258674278944767 0.043087606433302554 0.050592532044030282 0.016661309981344963 -0.028959127524175083 0.087765356875330047 -0.032125228187998366 0.0014849811580337979 -0.038569224160333142 0.029586294969427114 -0.033743103353476279 -0.085931346853116569 0.016503349835797456 0.21714385302776618 -0.0836606981689757 -0.062349351842216162 0.16506564504561283 0.023917656787254958 -0.03330434018249339 0.35462586116843192 -0.013413724397132077 0.076059433406069812 0.062277233627942234 0.391166664441635 0.017674363042886564
leaf_weight=154.25150148198009 180.76514761336148 250.24055607337505 35.475013801828027 8.4670663252472895 16.963379256427288 94.816304596606642 64.326362472260371 16.933353812433779 40.661471545696259 28.452084699645638 29.503160580992699 58.920548304915428 4815.7617507549003 22.095501780509949 24.096745029091835 88.93701554578729 3.7747541540302327 12.047399006551133 5.3336623257491729 11.378023164812474 7.497689814772456 2.6105471816845265 12.752829791978 20.78023201553151 2.5930545264855027 22.180164980236441 2.7956916419789222 10.934482447803019 2.4294269038364291 22.552167316898704
leaf_count=6224 3831 3715 911 185 110 3829 490 243 376 316 183 556 77208 148 116 2274 73 453 191 371 798 139 164 925 64 469 124 134 110 207
internal_value=-9.20422e-05 0.000928312 -0.000274247 -0.013247 -0.0175234 0.000894434 0.00144852 -0.0204222 0.00312562 0.0235026 0.0556257 -0.0122046 0.00198501 0.0218422 -0.00301507 -0.0199815 0.022882 0.0250567 0.0780732 0.0217267 0.0262458 0.028822 0.092195 0.0240783 0.259527 0.0295205 0.0343563 0.114107 0.222569 0.0410383
internal_weight=6070.33 5916.08 5618.2 455.76 424.741 5162.44 5038.03 111.75 174.501 74.9186 46.4665 99.582 4926.28 110.519 46.1922 124.412 297.873 294.098 17.3811 276.717 265.339 257.842 17.9564 239.885 5.2036 219.105 196.925 16.1596 5.22512 31.0192
internal_count=104937 98713 90867 5648 5256 85219 82034 4072 1541 609 293 932 77962 754 264 3185 7846 7773 644 7129 6758 5960 367 5593 203 4668 4199 368 234 392
cat_boundaries=0 23 46 70 93 116 117
cat_threshold=1073741824 536870912 536871424 2147745792 8388736 262144 16 262144 8388608 0 0 0 0 180224 0 34603025 9175040 16384 0 67108864 8388608 134250624 8388736 201326592 16777217 0 0 0 0 0 32832 0 1 541065216 301989888 8388624 288 0 262400 2050 0 33572160 8454152 0 75497472 32776 1312768 33554944 2101248 2 0 2281701632 0 0 256 0 67108864 7340032 268476416 0 0 8388608 0 1048584 0 134217728 1075906560 32 131072 5 276824064 8388608 16777216 513 0 0 0 65536 2147483656 33685506 8388610 0 16384 16785408 0 0 536871488 33554436 4198400 0 2214592512 536870912 8192 16793600 4718592 16384 4100 134217728 32768 131592 2621440 2048 2367684616 0 0 0 64 0 4325376 0 2359296 0 0 4194304 2147491840 138412288 75497472
is_linear=0
shrinkage=0.1


Tree=52
num_leaves=31
num_cat=7
split_feature=3 3 20 3 19 16 21 9 8 8 9 3 16 19 11 19 21 16 16 8 21 3 8 11 9 3 21 21 16 3
split_gain=18.6761 12.3321 9.95616 9.08118 8.17198 8.085 5.76903 6.7284 5.52667 7.71388 5.23016 4.97522 7.54926 9.19771 8.61451 7.78041 7.59867 6.82264 5.74731 11.653 7.66537 6.66751 6.37601 7.06322 5.67193 16.0905 9.40541 6.99362 8.25297 6.36881
threshold=0 1 0.02756530232727528 2 0.025263844989240173 14.500000000000002 4299.5000000000009 33.549999237060554 3.5000000000000004 11.500000000000002 22.44999980926514 3 2.5000000000000004 0.030239455401897434 -1.0000000180025095e-35 0.30071142315864569 4344.5000000000009 135.50000000000003 95.500000000000014 22.500000000000004 4514.5000000000009 4 25.500000000000004 141.50000000000003 29.150000572204593 5 2083.5000000000005 4528.5000000000009 1.5000000000000002 6
decision_type=9 9 2 9 2 2 2 8 2 2 8 9 2 2 2 2 2 2 2 2 2 9 2 2 8 9 2 2 2 9
left_child=-1 2 4 10 -2 6 7 -4 -8 -10 -3 12 13 16 -15 -14 -5 18 21 20 -20 22 23 -13 25 26 -23 -28 -29 -26
right_child=1 3 5 11 -6 -7 8 -9 9 -11 -12 17 15 14 -16 -17 -18 -19 19 -21 -22 24 -24 -25 29 -27 27 28 -30 -31
leaf_value=-0.03836988171248254 0.035671844485741226 -0.11032859811771817 0.10508672575780503 0.19981098295013688 0.25272241341526736 -0.036321299915647171 0.08254568124080594 0.029763866106876469 -0.056119974767218264 0.015518748343599354 -0.01482932043626015 -0.022586197034734051 0.00025544179474205761 -0.017280392760092089 0.030126205110648244 -0.085749479520453892 0.029298144926018094 -0.042268036464120515 0.10331365232160457 -0.041363961512908394 -0.0082886549057295447 0.13744648607859625 -0.08270126471680761 0.091839024026141733 -0.010861157881876814 -0.010162288922603901 0.02157625711765989 0.12679089780787717 0.00031314019959658855 0.00057574747150861561
leaf_weight=118.56909835292026 3.605835916940122 5.8284770790487528 13.032109124585984 5.2348822169005853 3.342635222710669 24.10029720235616 7.9006875203922382 131.77585335215554 21.286470449529588 51.143973988480866 356.64316115481779 90.358282361645252 103.34765068907291 50.711866796016693 157.00735762435943 11.710418179631231 5.2191573651507497 38.94190231943503 21.157936835195873 13.414965004427357 8.6789457360282523 9.2196615040302259 16.698444975074381 5.7371220241766414 544.56298799486831 139.64726895582862 101.86312549607828 14.861837376840414 7.9024928945582351 3987.6326010471676
leaf_count=3770 160 240 113 150 77 379 199 1282 495 1188 11306 2325 1442 638 1649 49 155 693 339 283 144 105 472 88 14099 2145 1415 182 135 59362
internal_value=-0.000662403 0.000152894 0.0211916 -0.000828776 0.140086 0.0187272 0.02462 0.0365426 0.00312783 -0.00553504 -0.0159256 0.000225024 0.011872 0.0231587 0.0185525 -0.008498 0.114683 -0.000573244 -0.00024716 0.0360463 0.0708508 -0.000566315 -0.0235756 -0.0157547 2.27438e-05 0.014008 0.0372052 0.0327748 0.0828849 -0.00082114
internal_weight=6071.14 5952.57 256.188 5696.38 6.94847 249.239 225.139 144.808 80.3311 72.4304 362.472 5333.91 333.231 218.173 207.719 115.058 10.454 5000.68 4961.74 43.2518 29.8369 4918.48 112.794 96.0954 4805.69 273.494 133.847 124.627 22.7643 4532.2
internal_count=105079 101309 3893 97416 237 3656 3277 1395 1882 1683 11546 85870 4083 2592 2287 1491 305 81787 81094 766 483 80328 2885 2413 77443 3982 1837 1732 317 73461
cat_boundaries=0 23 43 65 88 112 132 155
cat_threshold=2147483648 8388608 1073774592 0 0 2560 0 32 16777216 0 148 0 0 32 0 0 1082131024 135299072 16384 0 536870912 67190784 131072 1744896000 2147483680 1 2 0 4096 16416 0 33554432 0 1024 16777216 36864 0 0 1048592 2048 67133440 33556736 2282227713 16779264 33816576 0 0 536870912 0 4231168 2 1052672 8192 134217728 2147483688 67110176 163840 0 67108864 0 25165824 0 327680 65664 134742016 16512 134217728 2147483648 256 0 2097152 256 0 0 0 64 272891904 2147483776 16448 0 264192 536870913 589953 0 131074 4 2048 526344 0 524288 0 0 1073741952 4202496 512 538968144 0 3 0 1 33554432 16777216 0 134217728 268435456 0 80 1073741824 71304192 12288 150994945 4 75497472 3 807411712 64 0 0 0 1024 196608 0 4128 1074298880 10752 8192 0 2097152 0 0 0 268435456 75497472 2 805306368 0 0 150994944 0 4224 0 3145728 0 565248 10240 8200 1073741824 2097153 557056 2097152 1536 270532608 0 131072 1536
is_linear=0
shrinkage=0.1


Tree=53
num_leaves=31
num_cat=13
split_feature=3 3 3 8 3 3 3 3 21 14 16 16 8 3 7 7 16 19 3 16 8 16 20 21 16 3 3 7 3 3
split_gain=20.9919 11.5822 9.80315 5.90678 50.0536 16.0841 15.7282 12.8759 11.3262 8.74065 10.9727 9.77677 8.51967 13.0682 8.25679 8.14251 9.44949 13.8131 9.00736 8.33214 7.69122 7.47364 7.38681 6.97567 12.67 24.1015 8.2538 7.99404 27.8399 18.3511
threshold=0 1 2 5.5000000000000009 3 4 5 6 1664.5000000000002 46.500000000000007 24.500000000000004 10.500000000000002 30.500000000000004 7 5.5000000000000009 5.5000000000000009 11.500000000000002 0.060076640918850906 8 4.5000000000000009 3.5000000000000004 12.500000000000002 0.19350311160087588 4569.5000000000009 7.5000000000000009 9 10 1.0000000180025095e-35 11 12
decision_type=9 9 9 2 9 9 9 9 2 2 2 2 2 9 2 2 2 2 9 2 2 2 2 2 2 9 9 2 9 9
left_child=-1 -2 -3 4 8 -6 22 -8 -4 10 14 -11 15 -14 -7 18 19 -18 -9 -17 -10 -15 -5 26 -25 -26 -20 28 -28 -29
right_child=1 2 3 6 5 9 7 12 20 11 -12 -13 13 21 -16 16 17 -19 23 -21 -22 -23 -24 24 25 -27 27 29 -30 -31
leaf_value=-0.028929231248458011 0.020345697125654948 -0.024435448161825617 0.10268494296040923 -0.049586596763233251 -0.038260945592112572 -0.0012961411796891947 0.017151706222356712 0.017522382889761191 0.049392963047420642 -0.10073614421291109 -0.064747388891194566 0.19356141821099782 -0.024634557480758684 0.081625757833104814 -0.065382710497331048 0.018783734654381976 0.18179170587584367 0.020413465903854511 -0.019245573756941563 -0.063903218959509553 0.0039528263160871621 -0.041200902676760812 -0.0059581546095626671 -0.026523534808962936 0.095757007929213628 -0.028788625216820792 -0.03415807963392211 0.020991479555667027 0.02191568340673937 -0.0055622041097400142
leaf_weight=240.39849471929483 273.78426542831585 154.23002746235579 25.624463841319084 86.782533639576286 261.47192162484862 404.0062032698188 550.74872195045464 237.82405607448891 91.495555169414729 1.5393975446932007 32.526677540736273 4.2322460899595171 25.409699974581599 45.240185580216348 21.156522365752608 153.07534266449511 8.5016868936363625 14.101612241938708 214.87192271789536 13.240708535537122 62.82678024796769 5.5630628461949518 70.199829272925854 239.72262446861714 17.219663754571229 30.890606380067766 100.82813333766535 290.88233188935556 450.94638952193782 1924.0542913111858
leaf_count=7298 4439 3522 192 1879 4199 7194 8748 4162 1151 299 870 79 274 770 296 2018 221 136 4087 201 804 168 459 3883 180 831 1359 6345 8052 30593
internal_value=-0.000579737 0.000641329 -0.000367499 0.000365841 -0.00700287 -0.0186896 0.00185497 0.00300753 0.0389521 -0.00707304 -0.00876782 0.115067 0.000902655 0.0340002 -0.00448515 0.000222641 0.0204458 0.081112 -0.000866688 0.0122009 0.0308936 0.0569634 -0.0282755 -0.00225106 -0.0171245 0.0297086 -0.000822768 0.000675129 0.0114472 -0.00200531
internal_weight=6053.4 5813 5539.21 5384.98 904.88 724.933 4480.1 4323.12 179.947 463.461 457.689 5.77164 3772.37 76.2129 425.163 3696.16 188.919 22.6033 3507.24 166.316 154.322 50.8032 156.982 3269.42 287.833 48.1103 2981.58 2766.71 551.775 2214.94
internal_count=104709 97411 92972 89450 15084 12937 74366 72028 2147 8738 8360 378 63280 1212 7490 62068 2576 357 59492 2219 1955 938 2338 55330 4894 1011 50436 46349 9411 36938
cat_boundaries=0 23 45 68 91 115 138 162 183 206 219 242 264 287
cat_threshold=272646144 1048576 0 0 8388608 138412032 2048 0 571473920 267264 130 0 256 45060 0 1048576 268468224 2097152 0 0 134217728 25166016 8404992 1073741824 262272 0 0 0 0 16640 32800 0 1048576 536870912 570957824 25165824 16640 0 256 536871424 134234112 131600 4194306 8388640 294912 2048 0 0 2147745792 67108928 1879113728 4096 69632 4096 10240 8 268500992 268439552 0 1073741824 0 0 0 0 1342242824 536936512 0 268436481 2281701376 2281701408 0 130 0 0 262144 0 0 0 4195328 3355475968 33589760 0 0 2064 2147483648 109051904 262400 2621440 1075838976 2048 4096 17039360 16777217 807411712 1 0 0 4194304 0 131136 0 16 76808192 201326818 131136 0 1 0 65728 0 134217728 1024 0 0 4 0 8388640 32768 2 0 266240 294912 536870912 1032 8388608 0 32768 33587200 0 0 2064 2147483649 33587200 262144 2097152 1073741824 201328896 2048 262144 1 2097152 0 0 0 4194304 1024 524288 0 16 262144 2149580898 131136 0 8388608 524288 16842752 0 201588736 132240 4194304 2147483682 5 0 2097152 8256 0 0 0 0 16384 0 0 0 1300234240 2049 0 0 0 0 0 0 0 2097152 128 268435456 33554433 0 128 67108864 8388608 278592 256 0 0 1 2177 2 0 35913729 32 524353 33556480 524288 0 65536 16818176 16777216 2097152 0 0 536870912 0 0 0 65536 0 32 205651968 134217728 167772160 2684354560 16781312 576 0 16 2097152 2 134285312 260 0 0 132096 0 0 0 16 1048576 16384 1024 2183135232 805306368 528904 2155937792 83886080 268435456 256 0 0 0 128 64 0 138412032 2157051912 134225940 0 0 0 67584 67117184 0 0 1 131072 2223046656 83886080 268435456 256 16777728 768 65537 16 2147483712 2097152 0 1048584 134291472 8 0 131072 0 8192 0 1 0 131584 33685504
is_linear=0
shrinkage=0.1


Tree=54
num_leaves=31
num_cat=7
split_feature=3 3 10 3 6 3 9 8 16 21 12 14 10 3 21 16 10 21 11 9 5 7 6 3 6 9 6 9 11 8
split_gain=18.0541 10.8308 7.43986 7.24748 7.16334 6.70934 7.66699 8.95133 6.39477 5.76923 5.37122 5.27319 6.80885 5.47251 11.5197 8.83203 7.78313 7.66911 6.61662 8.11588 5.36654 4.83406 6.17242 4.83034 8.75021 10.0884 8.40979 6.46247 7.91747 5.80798
threshold=0 1 0.090605564415454878 2 2.5000000000000004 3 27.650000572204593 11.500000000000002 180.50000000000003 4576.5000000000009 2.5000000000000004 70.500000000000014 0.14462164044380191 4 4471.5000000000009 1.5000000000000002 0.030987782403826717 4600.5000000000009 13.500000000000002 57.750000000000007 5 3.5000000000000004 4.5000000000000009 6 2.5000000000000004 34.95000076293946 1.5000000000000002 27.650000572204593 1.0000000180025095e-35 6.5000000000000009
decision_type=9 9 2 9 2 9 10 2 2 2 2 2 2 9 2 2 2 2 2 8 9 2 2 9 2 10 2 10 2 2
left_child=2 9 -1 10 -4 6 -5 -8 11 -2 -3 13 -13 14 -7 17 -17 -16 19 -18 -15 22 -6 24 25 27 -27 28 -22 -26
right_child=1 3 4 5 21 8 7 -9 -10 -11 -12 12 -14 20 15 16 18 -19 -20 -21 23 -23 -24 -25 29 26 -28 -29 -30 -31
leaf_value=-0.061361050214660963 0.023648286883852249 -0.013639523633002899 0.026735505113711901 -0.059166333819046624 -0.086499892322339345 0.024603230159074896 0.16239355324955382 -0.036548529463640018 -0.091374626373858459 -0.039965756029740757 -0.071714328783457557 -0.070386874168251859 0.068299222317179345 -0.042772240511968672 -0.032596957261927732 0.10035456168289861 0.13482468900219499 0.11570189823271887 -0.052422127386662964 -0.010697077401606855 0.063675311420065481 0.009496718283192887 -0.025132213884898183 -0.00013250727101758511 -0.019968852821749903 -0.10781570351894516 0.04176366817833297 0.14141795570296917 -0.012689044253656235 0.0099047045120151112
leaf_weight=55.588996948441491 276.33026508754119 190.94549810281023 28.384868878871202 38.942627678159624 21.934126429259777 276.96981323114596 3.7062629053834808 5.8027377740945667 7.4315586299635461 15.031993740238248 17.374794766074046 19.624617610126737 4.3191580381244412 18.228392211021855 93.726513386936858 10.996577454963697 6.1175111215561628 3.6218945821747175 12.744975387351586 10.260335842147475 51.026475283782929 24.701169282197952 64.84170189499855 4326.0868765586056 80.7300831428729 7.8987419586628658 7.1713072964921594 7.4396197248715898 18.49931163713336 335.72625132021494
leaf_count=2614 4092 4797 190 1970 152 7268 175 326 210 279 452 3107 67 366 3042 444 111 110 324 195 689 193 508 64790 1467 161 130 112 400 5995
internal_value=0.000204182 0.00122562 -0.0289337 0.000223558 -0.018114 0.000951007 -0.0327502 0.0409919 0.00132029 0.0196905 -0.0176366 0.00145298 -0.0453696 0.00166582 0.0125547 -0.0108074 0.0286762 -0.0270794 0.00161101 0.0436587 0.000708563 -0.0295338 -0.040644 0.000960454 0.0100822 0.038185 -0.0366361 0.0528352 0.0433564 0.00411371
internal_weight=6042.21 5846.75 195.451 5555.39 139.862 5347.07 48.4516 9.509 5298.62 291.362 208.32 5291.19 23.9438 5267.24 414.438 137.468 40.1194 97.3484 29.1228 16.3778 4852.81 111.477 86.7758 4834.58 508.492 92.0355 15.07 76.9654 69.5258 416.456
internal_count=104736 101079 3657 96708 1043 91459 2471 501 88988 4371 5249 88778 3174 85604 11494 4226 1074 3152 630 306 74110 853 660 73744 8954 1492 291 1201 1089 7462
cat_boundaries=0 23 46 69 92 116 117 140
cat_threshold=4194304 268435456 1073742336 2147614720 0 655488 0 130 1140850688 263168 8388608 2097152 1048576 32768 0 2048 0 0 393218 2420113408 1 1073741824 100667392 2147483648 0 0 66 0 512 40961 32800 0 1048576 525312 2147549184 16777216 8256 0 100663312 0 167780352 17920 67175424 2147483648 8388608 4 67584 603979776 285212672 256 0 142625024 0 64 268439552 128 4194304 131072 2 0 1073741824 524289 2147483648 8388608 0 655360 67712 134217728 32768 536870912 0 8404992 0 1024 1048592 640 131072 2147484160 234881282 2 0 0 16777217 0 262144 1073741824 524288 0 0 71303168 0 133376 67108864 2147483648 1 262144 0 4096 0 81920 131072 1 80 536903680 337641472 0 0 0 537397312 2162688 524352 8 1082130432 262176 32 1 112 16448 1048577 2181046272 512 0 4194304 6307842 1024 0 0 536870912 33554432 2147633280 131072 0 0 8192 16385 0 0 134348868 67108992 8
is_linear=0
shrinkage=0.1


Tree=55
num_leaves=31
num_cat=2
split_feature=16 1 1 7 16 16 21 11 20 11 10 17 7 20 7 11 20 21 6 10 21 9 20 21 14 11 21 17 21 10
split_gain=6.11195 5.79335 5.38317 7.58264 7.59707 7.37279 7.98997 6.42822 4.6313 5.57728 7.58252 7.46541 6.75634 5.15651 4.62751 9.06422 4.54307 4.34694 8.89812 7.35123 7.03445 7.66315 7.19893 6.89941 8.23142 6.74882 15.4246 6.41489 5.67182 5.45065
threshold=180.50000000000003 0 1 5.5000000000000009 46.500000000000007 16.500000000000004 910.50000000000011 31.500000000000004 0.22207807004451754 -1.0000000180025095e-35 0.091539215296506896 1.0000000180025095e-35 1.5000000000000002 0.047933906316757209 1.0000000180025095e-35 1.5000000000000002 0.3844612985849381 4270.5000000000009 11.500000000000002 0.053426939994096763 4356.5000000000009 35.850000381469734 0.041945777833461768 248.50000000000003 1.5000000000000002 9.5000000000000018 4299.5000000000009 716.50000000000011 4500.5000000000009 0.065834581851959242
decision_type=2 9 9 2 2 2 2 2 2 2 2 2 2 2 2 2 2 2 2 2 2 8 2 2 2 2 2 2 2 2
left_child=1 -1 3 4 5 7 -7 8 9 10 13 12 14 -3 15 -11 -10 18 23 -20 21 22 25 24 29 -19 -27 -22 -29 -4
right_child=-2 2 17 -5 -6 6 -8 -9 16 11 -12 -13 -14 -15 -16 -17 -18 20 19 -21 27 -23 -24 -25 -26 26 -28 28 -30 -31
leaf_value=-0.050667463053120199 -0.084265039319755292 0.098403062664647933 -0.047902496112139932 -0.054657765123287821 0.094551380545355043 -0.11525762721453026 0.020197926137156683 0.099431879079448504 -0.021071190033200984 0.048595515853007601 0.11419747756607411 0.054467146389904957 0.022280128570650877 -0.042714743804313469 -0.058987284488920627 -0.090670880791672084 0.021397033990901544 -0.072967472912683976 -0.06380163853713626 0.040180194909839338 -0.0033597975582398431 0.0028283114766474758 0.033821270678386368 -0.011671658444765302 0.1018638725043753 0.27987212184372717 -0.03769041132816367 -0.007189611515699597 0.086963105675971736 0.015595475457165768
leaf_weight=13.778693725122137 8.9126207134686393 3.9239762639626878 15.937374231405554 16.590791503200307 11.48084922833368 9.2343264557421225 8.2406963321845961 8.8470419796649349 62.056809287518263 15.053989255335184 14.333031192421911 36.897761257132515 69.263141100527719 7.613089844584465 22.896812242688611 6.7775039225816718 42.400442354381084 13.083918873919176 7.6777178402990094 59.405814349651337 3166.9888877298217 1080.3768448976334 145.20287655200809 1065.2370536858216 9.7829778399318439 2.0543792326934618 5.9868477606214583 11.236019049305471 14.85994982626289 89.07008421048522
leaf_count=2011 249 190 478 191 199 128 120 113 342 248 89 505 998 153 358 83 197 539 442 544 56945 18745 1567 17759 84 68 348 192 229 655
internal_value=-0.00151528 -0.0013931 -0.00119426 0.0109291 0.0146825 0.0117009 -0.0513809 0.0155013 0.0128609 0.0227261 0.0656254 0.015371 0.00271604 0.00528211 -0.0275796 0.00536079 -0.00383283 -0.00192764 -0.00714757 0.0282795 -0.000465732 0.00590453 0.025886 -0.00916157 0.0141317 -0.028657 0.0434407 -0.00295293 0.0464242 0.00595815
internal_weight=6045.2 6036.29 6022.51 335.61 319.019 307.539 17.475 290.064 281.217 176.759 25.8701 150.889 113.991 11.5371 44.7283 21.8315 104.457 5686.9 1247.11 67.0835 4439.79 1246.7 166.328 1180.03 114.79 21.1251 8.04123 3193.08 26.096 105.007
internal_count=104769 104520 102509 3914 3723 3524 248 3276 3163 2624 432 2192 1687 343 689 331 539 98595 19962 986 78633 21267 2522 18976 1217 955 416 57366 421 1133
cat_boundaries=0 1 2
cat_threshold=1335312 12720192
is_linear=0
shrinkage=0.1


Tree=56
num_leaves=31
num_cat=7
split_feature=3 3 3 20 9 17 19 11 16 21 21 3 6 11 11 13 14 17 16 7 11 3 14 16 3 14 3 9 16 14
split_gain=19.3256 11.7316 8.37659 7.34138 6.3934 6.24661 6.0593 8.21245 10.5955 9.61573 6.39791 9.7189 9.53639 8.4929 10.6295 6.97603 6.09135 11.5839 8.35228 5.75556 10.7231 5.43967 8.18453 5.75617 43.599 12.2277 11.2535 11.8991 13.9013 14.7099
threshold=0 1 2 0.034800512716174133 22.44999980926514 62.500000000000007 0.17022598534822467 414.50000000000006 14.500000000000002 4424.5000000000009 4394.5000000000009 3 8.5000000000000018 -1.0000000180025095e-35 5.5000000000000009 0.090294476598501219 1.0000000180025095e-35 13.500000000000002 1.5000000000000002 3.5000000000000004 17.500000000000004 4 20.500000000000004 20.500000000000004 5 17.500000000000004 6 52.750000000000007 2.5000000000000004 1.0000000180025095e-35
decision_type=9 9 9 2 8 2 2 2 2 2 2 9 2 2 2 2 2 2 2 2 2 9 2 2 9 2 9 10 2 2
left_child=3 6 4 -1 -3 -6 7 8 10 -10 11 13 15 -2 -15 16 18 -18 -13 20 -12 22 -4 25 -25 26 27 28 -23 -30
right_child=1 2 21 -5 5 -7 -8 -9 9 -11 19 12 -14 14 -16 -17 17 -19 -20 -21 -22 23 -24 24 -26 -27 -28 -29 29 -31
leaf_value=-0.081031786699652442 -0.059962130779791283 0.12780468260946076 0.012341181153659682 -0.025301761800022013 -0.015056060332016724 -0.066129310521523266 -0.019967293587300969 0.1107510236493239 -0.080331718044625272 0.03349621970425256 -0.018195822250307313 0.066648844410577321 6.1295680406452089e-05 0.047823589678928913 -0.066990495240151202 0.1541951202164335 0.18154765975055923 0.0054432596864132359 -0.020905624230368812 0.04757786516018099 0.11962399426899116 0.0017963043905540018 -0.089994435354408098 0.033020927197798436 -0.034278552721498982 -0.050645160322738129 -0.0015735043766319898 0.078200299752541877 0.00050865430309291544 0.066969038702716893
leaf_weight=27.928674696013331 16.774783639237285 2.9528256473131478 441.16839222609997 153.83740716613829 239.92668468714692 26.602573007112369 38.050996780395508 10.148212516680358 19.038002414628867 12.162594521418212 72.935048866085708 53.237628244794905 23.746477704495192 37.055594587698579 10.306195855140684 9.1108422707766277 10.225721433758737 5.8847807804122558 13.6991816512309 24.930792532395571 6.1190557964146128 456.81593062356114 7.9561436013318589 135.57132114144042 279.85162829561159 47.20928341941908 3702.6905558761209 26.855828733183444 58.649423959199339 77.060289976652712
leaf_count=2196 400 70 7538 2058 8395 1093 292 150 362 211 1312 768 349 524 155 131 163 111 173 494 164 5684 731 1803 7380 3252 56955 262 727 905
internal_value=-0.000860684 0.000161589 -0.00100051 -0.0320988 -0.0178694 -0.0201537 0.0173146 0.0222067 0.0193561 -0.0359594 0.0254326 0.0368387 0.0520761 0.00102328 0.0228394 0.0711296 0.0620168 0.117221 0.0487301 0.00568377 -0.0075281 -9.95304e-05 0.010299 -0.00109505 -0.012346 -2.78436e-05 0.000525041 0.0128876 0.0101448 0.038247
internal_weight=6048.5 5866.74 5503.31 181.766 269.482 266.529 363.426 325.375 315.227 31.2006 284.026 180.041 115.905 64.1366 47.3618 92.1582 83.0473 16.1105 66.9368 103.985 79.0541 5233.83 449.125 4784.7 415.423 4369.28 4322.07 619.381 592.526 135.71
internal_count=104808 100554 94795 4254 9558 9488 5759 5467 5317 573 4744 2774 1695 1079 679 1346 1215 274 941 1970 1476 85237 8269 76968 9183 67785 64533 7578 7316 1632
cat_boundaries=0 23 47 70 88 112 135 158
cat_threshold=0 1 0 0 0 16777216 8650752 2 1124073472 2119328 4194304 2097152 0 270336 0 0 32768 67108868 131072 3288334336 268435460 16 20480 2147483712 2298478592 0 0 0 262144 0 294912 0 1048577 0 50855936 132352 320 0 262145 1074004032 8405192 524288 268435456 0 8388608 0 1 1140850688 69206528 2049 0 0 2684354816 8192 1064960 0 0 0 131080 32768 32768 0 1048576 32 1 33554448 1088 536938496 1207961600 1024 0 0 0 0 0 0 0 32768 0 1048576 0 524288 256 64 0 0 0 8388672 4194304 262176 0 131137 536870912 4194832 1048834 0 0 0 256 12582912 268435458 0 0 33554432 0 32768 256 134479872 0 4326048 524296 4 17039360 8388610 270540800 128 0 0 0 16 196608 0 536870992 2348810240 83888129 5 0 69206016 2155872256 2097152 16384 0 1024 0 1 65536 0 64 512 0 0 0 65536 1048640 0 0 538247168 33559092 4096 0 256 268500992 8192 0 0 8388608 102400 37881860
is_linear=0
shrinkage=0.1


Tree=57
num_leaves=31
num_cat=9
split_feature=3 3 3 2 3 6 10 11 9 8 3 19 6 6 20 3 14 9 17 11 8 17 8 20 9 18 11 3 3 9
split_gain=14.9912 11.7951 6.95653 6.69394 8.06761 10.0724 7.72698 6.883 6.54653 6.4852 6.26433 6.30221 11.3676 5.99237 7.74697 5.85479 5.68454 5.63969 5.60077 5.3695 5.13899 5.80695 5.39051 5.72076 5.25642 4.98165 4.83792 38.7263 11.1273 14.0278
threshold=0 1 2 3 4 10.500000000000002 0.098979718983173384 1544.5000000000002 35.350000381469734 26.500000000000004 5 0.040189232677221305 7.5000000000000009 2.5000000000000004 0.10157281160354616 6 9.5000000000000018 38.649999618530281 123.50000000000001 35.500000000000007 29.500000000000004 387.50000000000006 2.5000000000000004 0.082059286534786238 51.649999618530281 0.061553031206130988 -1.0000000180025095e-35 7 8 23.849999427795414
decision_type=9 9 9 9 9 2 2 2 8 2 9 2 2 2 2 9 2 8 2 2 2 2 2 2 10 2 2 9 9 10
left_child=19 13 18 4 8 6 9 10 -4 -6 11 12 17 14 -2 -8 -9 -5 -3 -1 21 22 23 -13 25 -24 27 -12 29 -28
right_child=1 2 3 7 5 -7 15 16 -10 -11 26 20 -14 -15 -16 -17 -18 -19 -20 -21 -22 -23 24 -25 -26 -27 28 -29 -30 -31
leaf_value=0.027479212849366476 -0.039951299665151263 -0.037920512006164815 0.05595542737361902 0.12484910059987926 0.0074972916900436296 0.097008879092623082 -0.0055449244234995849 0.1443111517118956 -0.012484454996257466 -0.089803851381961397 0.026683407092719352 0.12341412747565506 0.10178860268350326 -0.033014510875607354 0.050588506422268989 0.057741093723717773 0.018570528986398445 -0.02142168336699099 0.066978464266105375 -0.014723939738859316 0.06760151782059759 -0.07167881237669356 -0.0019303486213055341 0.01744424052454998 0.068978851862956755 0.076130729266177283 0.031268567533514549 -0.02426515850641988 -0.0024324037757725504 -0.013329407745127779
leaf_weight=249.14692048309371 16.916469673393294 77.826523617841303 15.963116984814404 3.0498613426461816 42.511680018389598 20.790553802624345 25.3000228703022 5.768852037144824 112.29343002662063 8.1656955524813366 200.77463230164722 7.7237342745065716 20.209046688396484 175.53680973453447 21.412792088463902 46.802879091352224 9.5428406007122231 19.423574064858261 5.4460205035284153 34.296933462377638 13.302670366130767 9.7846359023824316 281.60384049732238 14.964526763185857 11.601990950293837 8.4197421688586456 221.88953425199725 509.18583109485917 3740.8673899539281 103.39013198413886
leaf_count=4600 832 1912 98 99 559 170 121 68 835 119 2642 168 594 5978 265 261 275 752 117 812 193 142 4041 168 147 128 5308 10380 60496 2407
internal_value=-0.000439417 -0.00156112 -0.000649933 -0.000186419 0.0148236 0.0305162 0.0217424 -0.0010009 -0.00367939 -0.00818094 -0.00120125 0.0108268 0.0473669 -0.0240673 0.0106291 0.0427739 0.0659447 -0.00157133 -0.0277301 0.0216102 0.00664906 0.00422214 0.00651209 0.0535194 0.00297621 0.000335861 -0.00220169 -0.009823 -0.000876403 0.0165833
internal_weight=6033.91 5750.47 5536.6 5453.33 271.827 143.571 122.78 5181.5 128.257 50.6774 5166.19 390.084 42.6825 213.866 38.3293 72.1029 15.3117 22.4734 83.2725 283.444 347.401 334.098 324.314 22.6883 301.626 290.024 4776.11 709.96 4066.15 325.28
internal_count=104687 99275 92200 90171 2163 1230 1060 88008 933 678 87665 6432 1445 7075 1097 382 343 851 2029 5412 4987 4794 4652 336 4316 4169 81233 13022 68211 7715
cat_boundaries=0 22 45 68 75 96 119 140 164 188
cat_threshold=1749024768 0 0 0 0 4224 4472832 32896 1048576 1048576 4194304 2097153 32 256 0 134219776 1074004000 67108868 1536 3072 0 67174400 100663296 0 1073744384 262145 0 100663296 0 0 16778240 32800 0 536870920 18432 32768 1073741824 8388608 32768 8192 0 196608 41943072 268435492 16384 0 570425888 0 0 64 2048 33554432 16 528384 514 64 2147483648 4096 0 8650752 16 66048 0 33554432 8388672 65536 0 285212672 0 1073741824 0 262144 1 0 33554432 0 384 0 0 0 16 0 0 256 0 8388608 0 8519680 0 0 2097152 0 41959424 409858 2148007937 208 64 2214854657 2147483648 2 0 131872 2097440 0 133120 0 0 8192 2131008 2 0 16777216 8192 128 1 0 2097152 294912 528392 65536 0 0 0 0 0 0 0 0 0 0 0 0 16384 0 0 0 16777216 2048 262144 1 0 2 64 768 8388608 262144 8192 1024 1073807360 8388609 671613106 33554432 134217728 139296 0 33554433 0 2097152 0 402653184 0 4194304 1 1 16777216 18874368 0 131200 0 524288 67585 64 33816576 2113792 0 131072 67109121 0 0 0 0 0 64 4194304 134217732 536893442 37756928 4
is_linear=0
shrinkage=0.1


Tree=58
num_leaves=31
num_cat=8
split_feature=3 3 3 5 10 20 19 3 21 3 16 16 14 16 21 21 12 9 17 8 10 8 17 18 8 2 19 19 16 3
split_gain=17.2663 13.5146 6.69912 6.30656 11.0053 23.9394 11.8797 8.01096 7.36758 6.30032 8.42706 8.45875 19.5826 8.39185 7.27375 7.1109 5.72703 5.24634 5.92011 6.27389 6.21693 4.66588 4.2944 13.4495 4.15405 3.99052 7.34078 9.17905 4.33005 30.9688
threshold=0 1 2 3 0.086290977895259871 0.067098323255777373 0.049471814185380943 4 4394.5000000000009 5 34.500000000000007 7.5000000000000009 1.5000000000000002 2.5000000000000004 4344.5000000000009 4387.5000000000009 169.50000000000003 41.649999618530281 24.500000000000004 26.500000000000004 0.038303164765238769 14.500000000000002 98.500000000000014 -1.0000000180025095e-35 6.5000000000000009 6 0.096735890954732909 0.056341832503676421 1.5000000000000002 7
decision_type=9 9 9 9 2 2 2 9 2 9 2 2 2 2 2 2 2 8 2 2 2 2 2 2 2 9 2 2 2 9
left_child=22 -2 -3 4 5 6 8 -5 -4 10 11 13 14 15 -13 17 25 -9 19 20 21 -19 -1 -24 -17 26 27 -11 -27 -30
right_child=1 2 3 7 -6 -7 -8 9 -10 16 -12 12 -14 -15 -16 24 -18 18 -20 -21 -22 -23 23 -25 -26 28 -28 -29 29 -31
leaf_value=-0.038163808812046528 0.028361844401345867 -0.015313648640598452 0.0066782757719347392 -0.027782086098113359 -0.0032345685500998647 0.30032846486867154 -0.086039201696480924 -0.013802715743553563 0.20043842664592337 -0.041482925762825112 -0.044738632182709348 -0.046096169718022453 0.20161605612146272 -0.041548479320186266 0.083293149402816832 0.058474370038077442 -0.079802324307441247 0.072044830479921454 0.13746391559175722 -0.046990602652591112 0.04509657000447985 0.25929868318508875 -0.053325234213343668 0.15215112947719028 -0.023376484319382124 -0.0019116167632419829 0.00049924792600427703 0.063389691349916816 0.022991156581183766 -0.0068625892139028274
leaf_weight=148.00101522146724 164.02003619493917 259.69819812406786 3.6393016288056987 88.27659349818714 20.361691504716873 4.6151336990296832 4.9816213482990861 12.703152650967239 4.2590887383557856 10.117275309283285 18.183110617566854 8.784248988144105 8.7092457562684995 20.70921924803406 8.596652119420467 7.7228569486178449 8.8953269969206286 2.8629490956664077 7.9228337723761788 6.5344225624576202 45.382890215143561 2.4862803258001804 8.9253237892407906 4.9535086113028219 31.454255227465183 3513.527329929173 103.03138284571469 47.668169725686312 552.14686193224043 903.11505397129804
leaf_count=5235 2815 5070 184 4107 155 58 127 194 121 156 400 206 114 335 155 134 157 128 132 144 717 106 292 110 577 54620 648 438 9462 17813
internal_value=-4.48325e-06 0.000908696 7.13689e-05 0.000831647 0.0369763 0.104911 0.0348893 0.000510897 0.111161 0.00103156 0.0188162 0.0270166 0.0792271 0.0171299 0.0179002 0.0275099 0.000366146 0.0449885 0.0564449 0.0452359 0.057115 0.159079 -0.0312459 0.0200116 -0.00724149 0.000505881 0.0155337 0.0450282 -1.17387e-05 0.00457517
internal_weight=6032.29 5870.41 5706.39 5446.69 37.8568 17.4951 12.88 5408.83 7.89839 5320.55 182.052 163.869 26.0901 137.779 17.3809 117.07 5138.5 77.8925 65.1894 57.2665 50.7321 5.34923 161.88 13.8788 39.1771 5129.61 160.817 57.7854 4968.79 1455.26
internal_count=104910 99273 96458 91388 645 490 432 90743 305 86636 3342 2942 475 2467 361 2132 83294 1421 1227 1095 951 234 5637 402 711 83137 1242 594 81895 27275
cat_boundaries=0 23 47 70 71 94 116 121 143
cat_threshold=4259840 0 1073775104 2 536870912 8388608 32 0 2048 327700 0 131072 0 32772 262144 33554432 0 8192 2147500032 2048 268437504 8390660 8421377 2147500032 0 0 1 8388608 134219776 4202496 65536 33554432 0 524416 0 32768 257 0 8388608 327745 0 33816896 67698688 4 67108864 2048 4 142606336 2281701504 65536 256 67108864 4096 4 4098 256 0 76 8 21760 0 0 0 536870912 2097160 131073 4194304 65536 0 132 131 268435456 0 0 2147483652 513 256 163840 2228288 1073745920 5267594 2 16777216 2147483648 16777216 0 16 268435456 0 0 0 2147483680 33562624 50331648 0 536870944 1025 131712 0 6553728 2 0 262144 0 134217984 98304 35651602 2 0 16777216 8388608 65664 0 0 64 4522016 0 1073741824 0 262144 1 621051904 11534339 268435520 262144 1073741824 0 0 16384 8585216 0 4199456 67371008 201328640 64 0 0 0 0 16 0 0 135168
is_linear=0
shrinkage=0.1


Tree=59
num_leaves=31
num_cat=6
split_feature=3 3 16 19 10 3 9 13 19 8 17 19 8 6 19 21 3 17 19 9 3 9 9 7 3 9 8 8 19 21
split_gain=17.4189 12.706 7.44865 14.9273 7.03286 6.57839 6.49538 6.23108 8.86402 6.60294 11.1788 6.74515 6.14079 5.74859 23.8435 9.96692 7.52814 6.80454 5.02659 4.86697 4.83412 16.9559 6.97832 6.63932 7.31596 7.51991 6.24582 17.3742 9.35838 6.2654
threshold=0 1 15.500000000000002 0.023405871354043487 0.018481097184121612 2 59.350000381469734 -1.0000000180025095e-35 0.027825399301946167 10.500000000000002 1.0000000180025095e-35 0.11327800527215005 28.500000000000004 2.5000000000000004 0.089180793613195433 4471.5000000000009 3 106.50000000000001 0.022339220158755783 24.550000190734867 4 50.549999237060554 46.549999237060554 3.5000000000000004 5 35.350000381469734 5.5000000000000009 15.500000000000002 0.058052787557244308 4335.5000000000009
decision_type=9 9 2 2 2 9 10 2 2 2 2 2 2 2 2 2 9 2 2 8 9 10 10 2 9 10 2 2 2 2
left_child=13 2 6 -4 -3 19 7 12 -9 10 11 -10 -2 14 -1 -15 18 -18 -17 -6 21 22 23 -7 -25 26 -26 28 -28 -29
right_child=1 4 3 -5 5 20 -8 8 9 -11 -12 -13 -14 15 -16 16 17 -19 -20 -21 -22 -23 -24 24 25 -27 27 29 -30 -31
leaf_value=-0.061078057126560475 0.011932948800887185 -0.051762469871383256 0.14570326483204463 -0.042511772835044565 -0.09567972201050072 -5.1603487612416787e-05 -0.078205194029277281 -0.0047980904706741989 0.21346700862672252 0.043548034863426628 0.013320523144998679 0.083548272361041814 0.079463438165084596 -0.047790906557235252 0.093482732964140877 0.12357749403204479 -0.068931592802380967 0.090542363245786295 0.014167162816596258 -0.01346128294909067 -0.00044479547521709701 0.080450134544048993 -0.088243739425395262 -0.024388154299229418 -0.0080538118778794663 -0.044502491451300252 0.20530560210231427 0.066443639027213883 0.082672696656497235 -0.0056306063359112118
leaf_weight=22.166765839094296 192.58966297982261 26.571338661946356 4.7666204576380542 36.331808114424348 7.4042743127793074 375.89536611223593 6.0294136924203476 24.969093767227605 8.9145345585420781 51.708614991046488 8.4567196504212898 7.2431749142706385 14.477830944815649 145.3013248918578 18.155868059024215 4.6592952739447346 23.99514998076484 3.0113705168478182 42.514382569119334 260.71746674925089 4565.4915421274491 31.81699638441205 7.8660628367215386 20.525402906350791 17.390386857558042 10.034667395055292 8.6934750843793172 19.633845151402056 21.896069454029202 31.271100584417582
leaf_count=1319 4549 5405 163 773 117 6065 201 1476 185 681 136 56 337 5706 166 108 831 87 1010 4844 68197 366 117 360 215 156 131 240 278 488
internal_value=-0.000384384 0.000778037 0.0188237 -0.0206825 -0.000441354 -0.00018864 0.0245869 0.0265968 0.0469214 0.0638414 0.106473 0.155227 0.0166546 -0.0252183 0.00851525 -0.0325647 -0.00274029 -0.0373277 0.0206055 -0.0151661 0.000625602 0.00943846 0.00521989 0.00667474 0.0262074 0.0347871 0.0463512 0.0579609 0.117525 0.0221682
internal_weight=6020.5 5760.7 355.487 41.0984 5405.21 5378.64 314.389 308.36 101.292 76.323 24.6144 16.1577 207.067 259.804 40.3226 219.482 74.1802 27.0065 47.1737 268.122 5110.51 545.023 513.206 505.34 129.445 108.92 98.8849 81.4945 30.5895 50.9049
internal_count=104763 95536 8557 936 86979 81574 7621 7420 2534 1058 377 241 4886 9227 1485 7742 2036 918 1118 4961 76613 8416 8050 7933 1868 1508 1352 1137 409 728
cat_boundaries=0 23 47 70 93 116 137
cat_threshold=0 2147483649 4194304 128 512 50333696 16384 4 805372928 4224 134217728 8 0 131072 0 0 0 67108864 262148 4194304 5 5275712 32778 67108864 0 536870912 262144 0 128 2097152 114688 4360 0 128 287309824 33558564 16384 0 134217744 1073742336 16392 0 0 2147483712 67239936 1 4 687882304 117441024 16809984 2 0 2147745792 1056 8 0 0 71304192 262144 16777216 72 8388608 256 0 16777216 0 1140850688 0 2 4 0 1 0 0 0 0 0 0 65536 0 134217728 0 0 0 0 0 0 0 0 0 0 32768 10 4194304 0 33562624 512 0 67109376 0 2 524352 8388608 256 0 33281 4096 0 16779264 64 8454144 2147614720 2156725248 1073741824 0 2147483680 4194304 0 0 0 0 0 0 0 0 0 0 0 1 4096 0 0 0 8454144 0 2148007936 1073741824
is_linear=0
shrinkage=0.1


end of trees

feature_importances:
OrgaoDestinatario=441
n_pedidos_previos_neste_orgao=152
dias_desde_primeiro_pedido_do_orgao=135
n_pedidos_previos=130
orgao_rate_movel_365d=122
idade=121
n_orgaos_distintos_previos=118
reg_day=115
orgao_rate=105
orgao_rate_movel_90d=105
dias_desde_ultimo_pedido=77
reg_month=55
reg_dow=50
prev_reenc_rate_solicitante=20
UF=18
prev_reenc_solicitante=10
Esfera=8
OrigemSolicitacao=8
Municipio=4
prev_reenc_rate_neste_orgao=4
prev_reenc_neste_orgao=2

parameters:
[boosting: gbdt]
[objective: binary]
[metric: average_precision]
[tree_learner: serial]
[device_type: cpu]
[data_sample_strategy: bagging]
[data: ]
[valid: ]
[num_iterations: 600]
[learning_rate: 0.1]
[num_leaves: 31]
[num_threads: 6]
[seed: 42]
[deterministic: 0]
[force_col_wise: 0]
[force_row_wise: 0]
[histogram_pool_size: -1]
[max_depth: -1]
[min_data_in_leaf: 100]
[min_sum_hessian_in_leaf: 0.001]
[bagging_fraction: 0.8]
[pos_bagging_fraction: 1]
[neg_bagging_fraction: 1]
[bagging_freq: 1]
[bagging_seed: 400]
[bagging_by_query: 0]
[feature_fraction: 0.8]
[feature_fraction_bynode: 1]
[feature_fraction_seed: 30056]
[extra_trees: 0]
[extra_seed: 12879]
[early_stopping_round: 0]
[early_stopping_min_delta: 0]
[first_metric_only: 0]
[max_delta_step: 0]
[lambda_l1: 0]
[lambda_l2: 0]
[linear_lambda: 0]
[min_gain_to_split: 0]
[drop_rate: 0.1]
[max_drop: 50]
[skip_drop: 0.5]
[xgboost_dart_mode: 0]
[uniform_drop: 0]
[drop_seed: 17869]
[top_rate: 0.2]
[other_rate: 0.1]
[min_data_per_group: 100]
[max_cat_threshold: 32]
[cat_l2: 10]
[cat_smooth: 10]
[max_cat_to_onehot: 4]
[top_k: 20]
[monotone_constraints: ]
[monotone_constraints_method: basic]
[monotone_penalty: 0]
[feature_contri: ]
[forcedsplits_filename: ]
[refit_decay_rate: 0.9]
[cegb_tradeoff: 1]
[cegb_penalty_split: 0]
[cegb_penalty_feature_lazy: ]
[cegb_penalty_feature_coupled: ]
[path_smooth: 0]
[interaction_constraints: ]
[verbosity: -1]
[saved_feature_importance_type: 0]
[use_quantized_grad: 0]
[num_grad_quant_bins: 4]
[quant_train_renew_leaf: 0]
[stochastic_rounding: 1]
[linear_tree: 0]
[max_bin: 63]
[max_bin_by_feature: ]
[min_data_in_bin: 3]
[bin_construct_sample_cnt: 200000]
[data_random_seed: 175]
[is_enable_sparse: 1]
[enable_bundle: 1]
[use_missing: 1]
[zero_as_missing: 0]
[feature_pre_filter: 1]
[pre_partition: 0]
[two_round: 0]
[header: 0]
[label_column: ]
[weight_column: ]
[group_column: ]
[ignore_column: ]
[categorical_feature: 0,1,2,3,4,5]
[forcedbins_filename: ]
[precise_float_parser: 0]
[parser_config_file: ]
[objective_seed: 16083]
[num_class: 1]
[is_unbalance: 0]
[scale_pos_weight: 1]
[sigmoid: 1]
[boost_from_average: 1]
[reg_sqrt: 0]
[alpha: 0.9]
[fair_c: 1]
[poisson_max_delta_step: 0.7]
[tweedie_variance_power: 1.5]
[lambdarank_truncation_level: 30]
[lambdarank_norm: 1]
[label_gain: ]
[lambdarank_position_bias_regularization: 0]
[eval_at: ]
[multi_error_top_k: 1]
[auc_mu_weights: ]
[num_machines: 1]
[local_listen_port: 12400]
[time_out: 120]
[machine_list_filename: ]
[machines: ]
[gpu_platform_id: -1]
[gpu_device_id: -1]
[gpu_device_id_list: ]
[gpu_use_dp: 0]
[num_gpu: 1]

end of parameters

pandas_categorical:[]
