tree
version=v4
num_class=1
num_tree_per_iteration=1
label_index=0
max_feature_idx=30
objective=binary sigmoid:1
feature_names=Esfera UF Municipio OrgaoDestinatario FormaResposta OrigemSolicitacao TipoDemandante Genero Escolaridade Profissao TipoPessoaJuridica Pais UF_sol Municipio_sol reg_month reg_dow reg_day idade orgao_rate uf_match n_pedidos_previos prev_reenc_solicitante prev_reenc_rate_solicitante n_pedidos_previos_neste_orgao prev_reenc_neste_orgao n_orgaos_distintos_previos dias_desde_ultimo_pedido prev_reenc_rate_neste_orgao orgao_rate_movel_90d orgao_rate_movel_365d dias_desde_primeiro_pedido_do_orgao
feature_infos=-1:1:3:0:4 -1:3:25:11:23:26:17:18:22:4:6:19:14:20:12:21:7:13:0:15:10:1:5:2:16:24:8:9 -1:181:62:217:311:39:114:48:128:200:248:167:65:333:289:88:292:257:21:58:247:329:3:80:250:59:36:93:172:27:314:10:317:15:206:201:176:204:256:299:85:319:70:54:145:153:161:119:152:300:106:273:66:162:218:224:270:31:334:57:75:272:109:223:304:302:130:214:284:228:310:11:16:19:35:55:117:125:266:286:166:208:234:102:150:129:132:159:165:202:338:278:42:99:118:121:306:5:76:122:249:305:323:26:138:221:295:13:37:38:194:210:285:324:22:23:25:47:67:158:258:29:50:184:209:226:235:280:89:101:123:124:126:136:154:164:197:219:220:236:242:253:262:267:326:337:18:28:60:133:146:195:268:51:72:84:95:96:178:193:231:254:291:49:73:140:142:173:190:213:215:225:255:298:309:322:335:336:2:20:30:33:64:68:71:77:90:107:171:174:188:271:281:303:312:318:330:1:7:12:52:56:63:104:108:116:141:144:157:185:189:191:192:205:216:222:227:232:239:240:243:244:251:252:282:283:290:297:327 -1:325:33:393:332:378:26:379:410:433:411:53:375:157:272:77:238:324:85:273:365:92:392:395:382:70:565:234:32:422:206:374:30:102:385:276:372:56:58:22:137:719:93:24:342:18:28:384:367:63:27:377:369:394:31:23:397:370:114:704:373:681:380:151:695:203:431:656:287:327:671:434:687:670:711:696:330:368:386:389:661:391:694:674:650:667:689:300:96:678:404:636:732:560:705:716:101:686:668:214:703:371:679:207:688:231:723:390:52:728:709:706:440:567:714:208:230:684:697:25:103:677:715:309:289:666:396:713:302:665:301:383:718:624:262:721:491:685:676:691:731:717:726:294:707:29:701:311:540:672:349:712:720:699:710:299:388:692:693:288:673:51:702:669:244:57:286:292:724:725:305:245:708:729:293:138:280:226:680:94:727:60:722:339:347:279:682:376:690:284:698:683:564:69:635:187:295:167:675:310:542:381:200:281:558:594:197:303:185:408:166:212:319:498:290:326:306:169:170:296:78:421:37:266:700:205:283:79:104:559:657:500:105:178:308:73:158:499:54:196:298:543:297:304:193:736:172:95:541:316:551:629:179:285:314:312:639:202:400:307:355:20:291:215:315:527:625:199:282:480:634:177:268:321:55:398:521:190:240:593:175:550:584:638:352:108:168:236:503:313:399:213:663:201:646:191:557:645:484:74:97:182:184:275:417:577:662:186:274:502:517:569:416:429:580:64:501:590:188:228:80:192:176:194:198:497:563:630:504:98:165:189:243:323:488:611:419:531:39:128:570:619:204:640:11:16:174:180:75:76:164:265:418:171:195:409:601:50:154:217:464:561:415:430:505:181:445:578:607:155:576:651:428:466:568:642:173:471:518:14:183:631:41:72:88:241:513:730:738:6:135:267:461:525:40:99:209:641:87:156:210:225:86:239:328:357:90:401:512:618:229:264:407:456:562:571:586:595:617:627:413:424:507:588:19:113:129:528:585:608:735:59:253:259:412:530:546:626:7:15:89:152:227:242:351:516:523:544:547:609:614:644:647:61:109:131:221:322:467:506:575:579:582:127:343:470:478:598:84:134:249:345:346:405:535:44:494:587 -1:3:1:4:0:2 -1:3:1:5:4:7:6:0 -1:0:1 -1:1:0:2 -1:2:4:3:1:0:5 -1:13:2:7:0:3:10:8:9:1:12:14:5:11:4:6 -1:5:6:3:0:1:8:4:11:9:2:10:12 -1:7:13:52:20:44:1:45:19:3:11:33:43:32:37:10:14:23:4:18:29:50:53:0:2:25:27:46 -1:25:6:18:12:23:20:8:13:16:4:5:19:14:15:26:10:7:3:9:11:24:17:1:21:22:0:2 -1:241:1545:1325:838:186:1240:1288:1004:821:477:76:574:568:913:605:1353:1101:1532:188:475:1023:1032:1688:1637:306:901:301:828:1070:1212:1593:1132:1663:1693:975:1248:83:1046:361:1013:635:1479:208:1418:1638:816:1511:1628:404:1409:389:878:1433:609:923:298:1474:1491:1257:1088:774:1403:1690:807:1172:1309:829:1125:63:319:1304:1521:170:1319:1080:1183:271:884:937:1045:1681:576:1451:1256:204:1383:722:826:572:464:334:1459:1492:493:1670:1247:873:895:1118:560:1150:1694:441:1203:1697:99:366:391:985:863:1456:503:763:1061:1695:778:959:1133:494:515:74:379:1500:58:1232:1520:1562:897:943:1182:1659:1703:94:375:1060:1314:511:1042:1185:158:458:860:195:447:800:827:1510:381:578:619:757:1478:1666:178:864:146:935:1098:69:1477:1512:1527:1599:1649:185:390:1153:236:687:690:723:862:1441:1623:148:169:1305:925:966:1262:1466:1566:1655:1675:263:393:869:1233:1334:1417:1585:1626:29:56:521:843:1002:1255:1710:167:357:613:645:713:747:820:944:1324:1396:1605:1610:234:407:677:772:866:1084:1134:1142:1144:1194:1295:1312:1381:1595:91:248:429:501:634:681:712:813:889:927:972:1038:1529:1617:1661:1683:72:104:108:278:282:353:461:536:679:1011:1341:100:153:163:175:290:291:308:422:555:740:1109:1127:1152:1181:1548:1629:23:81:127:217:273:274:340:386:388:406:417:457:532:628:781:984:1048:1059:1123:1339:1444:1507:40:53:65:66:95:102:112:143:202:276:281:384:419:451:473:543:660:672:727:737:738:739:790:855:874:905:930:1010:1143:1323:1359:1385:1395:1412:1422:1454:1461:1462:1555:50:101:262:284:355:478:480:558:567:585:707:709:734:735:759:963:1012:1017:1025:1128:1137:1154:1251:1368:1472:1509:1565:1608:1691:106:190:193:213:224:235:253:309:385:399:400:413:522:556:562:590:654:710:787:861:906:946:973:1026:1104:1167:1187:1196:1235:1283:1289:1296:1327:1335:1367:1427:1469:1580:1658:1667:1:5:39:41:85:89:157:192:201:211:272:296:305:310:408:437:460:474:549:551:583:602:627:630:632:640:674:764:765:766:792:850:871:954:986:1003:1005:1031:1036:1086:1115:1145:1186:1252:1258:1321:1332:1399:1420:1487:1528:1557:1559:1589:1645:84:114:134:156:164:187:265:275:339:360:367:373:374:409:577:584:598:611:631:643:656:693:704:719:724:760:777:785:786:814:837:845:929:940:981:1008:1014:1047:1089:1108:1130:1218:1236:1269:1278:1303:1402:1411:1423:1432:1438:1450:1489:1537:1547:1576:1600:1622:1665:13:26:35:61:98:110:122:149:152:165:176:179:209:214:254:261:268:280:307:320:330:335:392:403:479:483:514:519:534:537:579:586:594:610:612:618:626:637:680:711:732:741:750:775:794:808:900:918:960:965:995:1029:1067:1078:1126:1139:1146:1147:1158:1162:1165:1179:1211:1213:1217:1220:1224:1246:1277:1291:1307:1389:1414:1446:1475:1484:1536:1551:1564:1584:1606:1612:1616:1618:1619:1635:1674:9:10:51:52:57:70:71:79:107:124:141:171:184:189:219:223:249:316:318:325:341:343:347:349:351:359:364:365:383:405:416:421:433:435:453:467:470:472:492:507:509:523:545:548:565:566:571:581:596:614:623:646:668:694:701:702:728:773:779:793:805:812:824:831:840:883:898:903:911:916:920:934:968:980:983:1019:1022:1027:1028:1058:1072:1081:1107:1135:1159:1178:1190:1193:1207:1210:1222:1223:1226:1231:1241:1243:1250:1260:1265:1270:1284:1333:1350:1351:1356:1364:1375:1394:1398:1416:1421:1425:1426:1437:1442:1453:1460:1483:1497:1518:1524:1526:1531:1541:1542:1543:1552:1560:1567:1569:1586:1587:1591:1602:1613:1625:1631:1647:1685:1696:1708 [1:12] [0:6] [1:31] [10:103.90000152587891] [0.0052127367816865444:0.53653842210769653] [0:1] [-1:1925] [-1:186] [-1:1] [-1:1134] [-1:78] [-1:305] [-1:1076] [-1:1] [0.0029041445814073086:0.63034588098526001] [0.0023633518721908331:0.65271258354187012] [0:4613]
tree_sizes=3867 3930 3833 4115 4016 3885 3459 4530 4787 4111 4069 4026 4294 4831 4823 4905 4221 4622 4215 5217 4860 5249 4855 3976 5455 5540 5267 5572 5086 5554 5697 5637 5555 4468 3462 4688 4933 4944 4292 4611 5961 4539 5368 3491 4671 5464 4679

Tree=0
num_leaves=31
num_cat=4
split_feature=18 18 18 18 18 18 28 28 20 25 13 26 16 25 20 20 18 25 25 28 18 18 0 18 13 17 17 3 25 14
split_gain=5704.63 1430.55 1169.55 211.002 186.233 157.975 128.303 84.4643 78.8503 73.9051 53.1377 51.7073 51.6268 46.8917 60.1822 83.0952 45.2757 44.2538 51.1382 49.0042 43.7546 38.5922 37.87 37.61 34.3371 31.7265 30.0565 28.8748 29.2618 25.2184
threshold=0.11015141755342485 0.2087201923131943 0.064756568521261229 0.15160673856735232 0.40578794479370123 0.038303164765238769 0.017118172720074657 0.11327800527215005 21.500000000000004 5.5000000000000009 0 14.500000000000002 10.500000000000002 40.500000000000007 469.50000000000006 187.50000000000003 0.34328401088714605 1.5000000000000002 57.500000000000007 0.18864748626947406 0.023826113902032379 0.08258861675858499 1 0.26430234313011175 2 32.250000000000007 35.850000381469734 3 19.500000000000004 7.5000000000000009
decision_type=2 2 2 2 2 2 2 2 2 2 9 2 2 2 2 2 2 2 2 2 2 2 9 2 9 8 10 9 2 2
left_child=2 3 5 8 16 20 -4 -5 -2 11 -8 12 -9 27 15 -15 17 19 23 -3 -1 -12 -23 -19 -7 -14 -25 -10 -29 -27
right_child=1 4 6 7 -6 24 10 9 13 -11 21 -13 25 14 -16 -17 -18 18 -20 -21 -22 22 -24 26 -26 29 -28 28 -30 -31
leaf_value=-2.6952799735067079 -2.4538486191391193 -2.0180713349377419 -2.1374053176551526 -2.1701393329519183 -1.7015434411898984 -2.5506284663994219 -2.6530133539978746 -2.2996575513853532 -2.6531956504456624 -2.2485644080810383 -2.5812885815365685 -2.4948688729525816 -2.1948710025365465 -2.533797444211932 -2.60370288695262 -2.0780318133390039 -2.0087475908018506 -2.1896900598962885 -2.3192136259027385 -2.2588634084991881 -2.670340011162502 -2.4748804048100732 -2.5560693964935917 -2.0345917770350614 -2.6420522584665185 -2.3751941501936615 -1.7926458575587589 -2.3599727900306426 -2.6113115988965947 -2.4632743354720099
leaf_weight=1255.5630223453045 570.61688163876534 10.294137001037596 7.0128808319568625 20.459597289562225 11.130535632371901 36.286832928657532 60.735408306121826 58.805257618427277 38.989043891429901 36.801539778709412 594.48641180992126 46.967000067234039 6.4338356256484985 8.6213397383689934 14.411791801452635 7.4632493257522574 25.606665790081024 11.387889057397841 7.7206027507781974 47.224353492259979 1599.7088899612427 62.022175431251526 735.96645721793175 20.202243864536289 1284.2579292356968 60.735408306121826 6.8842041194438925 9.2003849446773547 9.3290616571903211 69.935793250799179
leaf_count=19515 8869 160 109 318 173 564 944 914 606 572 9240 730 100 134 224 116 398 177 120 734 24864 964 11439 314 19961 944 107 143 145 1087
internal_value=-2.6005 -2.39211 -2.64114 -2.43577 -2.09405 -2.66808 -2.56411 -2.36628 -2.46744 -2.38062 -2.56617 -2.40063 -2.37804 -2.55554 -2.4553 -2.32232 -2.12783 -2.15723 -2.08434 -2.21577 -2.68131 -2.56227 -2.54763 -2.03721 -2.63948 -2.41166 -1.9731 -2.60869 -2.52642 -2.42234
internal_weight=6735.26 1099.22 5636.04 958.77 140.451 4175.82 1460.22 300.138 658.632 279.679 1453.21 242.877 195.91 88.0149 30.4964 16.0846 129.32 103.713 46.1949 57.5185 2855.27 1392.48 797.989 38.4743 1320.54 137.105 27.0864 57.5185 18.5294 130.671
internal_count=104685 17085 87600 14902 2183 64904 22696 4665 10237 4347 22587 3775 3045 1368 474 250 2010 1612 718 894 44379 21643 12403 598 20525 2131 421 894 288 2031
cat_boundaries=0 53 54 107 128
cat_threshold=0 2147483648 0 0 0 268435456 65536 0 0 2147491840 0 0 32 0 134283264 0 0 1073741824 0 134217728 0 0 0 134217728 64 536870912 0 16384 0 32768 32768 0 0 16384 1073741824 0 0 524288 0 0 16777472 0 0 0 33555456 0 524288 268501120 0 0 0 2147483648 2147483648 9 0 0 524288 0 0 0 0 0 0 2147492864 0 134217728 0 0 0 0 0 0 1 134217728 0 0 0 0 0 67108864 64 0 0 512 32768 0 6291456 0 8192 8192 2147483648 2 0 0 0 0 512 134217728 0 0 0 0 0 33554432 0 32 131072 0 0 2097152 64 0 0 0 0 0 0 0 2147483649 32 0 0 0 0 8320 0 0 2097152
is_linear=0
shrinkage=1


Tree=1
num_leaves=31
num_cat=7
split_feature=29 29 29 3 3 23 3 30 23 23 30 23 17 30 30 3 29 1 3 6 23 30 29 28 28 20 29 30 23 23
split_gain=3317.15 701.604 629.464 193.565 116.469 93.597 99.4635 79.8035 65.1919 64.536 61.1881 61.5189 62.8902 56.8789 53.234 93.9323 52.4772 40.9428 40.5996 39.5675 30.2035 28.7206 28.8135 27.4839 26.9751 25.857 64.4613 34.4575 26.5423 23.842
threshold=0.10984231904149057 0.047933906316757209 0.28205515444278723 0 1 38.500000000000007 2 1664.5000000000002 3.5000000000000004 6.5000000000000009 4256.5000000000009 16.500000000000004 54.149999618530281 3943.5000000000005 2083.5000000000005 3 0.019696546718478206 4 5 6 22.500000000000004 623.50000000000011 0.17741058766841891 0.1536744758486748 0.043770212680101402 7.5000000000000009 0.089527815580368056 4370.5000000000009 1.5000000000000002 1.5000000000000002
decision_type=2 2 2 9 9 2 9 2 2 2 2 2 10 2 2 9 2 9 9 9 2 2 2 2 2 2 2 2 2 2
left_child=1 4 5 9 8 6 7 21 24 13 23 12 -12 19 15 -8 -6 -5 -19 -3 -18 22 -2 -4 -1 -15 27 28 -27 -29
right_child=2 3 10 17 16 -7 14 -9 -10 -11 11 -13 -14 25 -16 -17 20 18 -20 -21 -22 -23 -24 -25 -26 26 -28 29 -30 -31
leaf_value=-0.040626117882496648 0.25255653606189082 0.11510745251857575 0.17142239424285652 0.065703800927010197 -0.091148371428535269 -0.099150456392113132 -0.01143246726894378 0.11250771039063341 0.29132275347622483 -0.035462172117701085 0.19675213577687078 0.40448952519939269 0.4644957780508599 0.045575427467594076 0.039546282903284484 0.14115624302826432 -0.059244506477990705 0.0058486668152477406 -0.029929274693730863 0.32418485694363675 -0.09934625349596185 0.30657483449855527 0.10842422273409934 0.34530609383728272 0.083270099050899493 0.2414260264207603 0.020090873165147793 0.19852140584526501 -0.0084168956604147947 0.43396104940853597
leaf_weight=36.938027992844582 26.728714480996132 33.045796521008015 10.308006614446638 51.568839438259602 1099.5731812305748 24.628393217921257 60.352667629718781 655.17647957056761 9.9865475744009 71.937672682106495 186.99758066982031 17.597803674638271 9.2047711536288244 405.4514295309782 354.86546459794044 148.1558433175087 1689.6797485947609 475.70935681462288 947.45048316940665 12.466197550296782 211.30230353027582 25.143270611763 28.830419637262821 76.922819256782532 33.519875004887581 8.0182555168867129 37.545002326369286 9.1420910209417361 9.0528950765728933 8.1226756051182729
leaf_count=536 319 450 129 784 18468 391 908 8853 135 1084 2182 182 105 6025 5282 2076 27834 7299 15155 167 3492 292 351 764 513 120 563 137 135 122
internal_value=-0.000920978 -0.040222 0.123652 0.00481116 -0.0704709 0.0939731 0.0976339 0.122402 0.0464358 0.0524594 0.254176 0.225378 0.209313 0.0655598 0.0620084 0.103211 -0.0735149 -0.0146624 -0.0180127 0.172376 -0.063702 0.217896 0.177764 0.324758 0.0183167 0.0553752 0.110652 0.209677 0.108933 0.30929
internal_weight=6775.42 5150.51 1624.91 2069.51 3081 1323.88 1299.25 735.879 80.4445 594.782 301.031 213.8 196.202 522.844 563.374 208.509 3000.56 1474.73 1423.16 45.512 1900.98 80.7024 55.5591 87.2308 70.4579 477.332 71.8809 34.3359 17.0712 17.2648
internal_count=104853 83019 21834 32041 50978 18472 18081 9815 1184 8803 3362 2469 2287 7719 8266 2984 49794 23238 22454 617 31326 962 670 893 1049 7102 1077 514 255 259
cat_boundaries=0 24 48 69 90 91 112 113
cat_threshold=327680 0 2097152 514 0 0 0 65536 0 0 256 1166147584 134382592 24576 0 68157440 2147516928 524352 0 1476397056 2097184 0 0 4 25165888 8651040 1048577 256 0 131200 262145 262168 1314816 0 524288 0 36866 0 262144 0 32 8519688 0 65536 8388608 0 0 1 0 128 2097152 64 0 0 2048 1024 0 0 32 152043528 49252 0 0 2099216 0 192 262144 2148007936 1029 0 32 88080384 0 0 0 2097152 536870944 0 0 4 0 131072 4 1073741824 262144 1611169792 8437760 2148007939 1342308352 64 111151104 0 25165856 8192 2147745792 128 283117728 0 0 33554432 0 536875010 268771328 2097152 8 0 16777216 73744 163840 0 0 2048 1
is_linear=0
shrinkage=0.1


Tree=2
num_leaves=31
num_cat=4
split_feature=18 18 18 18 0 23 18 18 30 28 28 26 18 20 13 17 30 23 23 17 14 13 30 16 23 25 12 26 23 30
split_gain=3124.72 672.863 239.636 109.23 105.459 85.0707 77.2015 57.4825 52.1958 45.6978 42.0118 38.9965 54.0497 33.6667 32.5979 31.7698 31.2494 29.5345 27.6753 27.4967 26.2431 25.5671 25.0496 25.7884 23.1115 27.1701 22.5981 22.9703 23.6522 22.5148
threshold=0.077786073088645949 0.15160673856735232 0.04906145483255387 0.11015141755342485 0 1.0000000180025095e-35 0.023826113902032379 0.1997601464390755 248.50000000000003 0.083486475050449385 0.015702390111982826 3.5000000000000004 0.12494447454810144 92.500000000000014 1 56.250000000000007 4587.5000000000009 20.500000000000004 15.500000000000002 44.549999237060554 9.5000000000000018 2 4471.5000000000009 6.5000000000000009 34.500000000000007 57.500000000000007 3 11.500000000000002 1.0000000180025095e-35 4270.5000000000009
decision_type=2 2 2 2 9 2 2 2 2 2 2 2 2 2 9 10 2 2 2 10 2 9 2 2 2 2 9 2 2 2
left_child=2 3 6 8 20 11 -1 13 -2 -7 -10 19 -13 15 -8 22 -9 -16 29 -5 -3 -12 -6 -24 25 -11 -23 -28 -29 -4
right_child=1 4 18 5 7 9 14 16 10 24 21 12 -14 -15 17 -17 -18 -19 -20 -21 -22 26 23 -25 -26 -27 27 28 -30 -31
leaf_value=-0.092365389535322112 0.18989404952526123 0.33605314582516449 -0.03478414064855704 0.087148584875197221 0.12554919685739946 0.18940635107880796 0.0426997179599235 0.17127156792180995 0.25865054918241637 0.0064239618908068386 -0.032090615565205309 0.069264463639419488 0.27049957927477664 0.25006622341223739 -0.056224484628336846 0.27324548670591015 0.32791926180014375 -0.096538777837703552 -0.081579557907128328 0.19285716752296009 0.21596490883254776 0.071740823620151981 0.17867954474457062 0.043244884718256695 -0.096123540497316501 0.14798549727929142 0.034332534665598449 0.034044435709969532 -0.041368591727128923 -0.0036022319510843519
leaf_weight=1076.1327940672636 21.103957671672106 72.275132477283478 336.47187935188413 536.66958267986774 164.46034865826368 15.031307160854338 27.953068688511848 267.98866886645555 8.0632013231515867 134.83233111724257 58.627518635243177 24.052806757390499 29.987125493586063 17.618967019021511 1673.9514711201191 11.129347197711466 13.37017949670553 203.85425525903702 62.866145059466362 25.789533831179142 24.321267001330853 131.10040605440736 16.572357654571533 92.716624930500984 19.106124062091112 15.073948629200457 784.89252324029803 77.392581455409527 89.898468345403671 742.65116953477263
leaf_count=19548 291 606 5327 6721 1784 190 483 2530 79 1758 909 305 375 173 28900 112 135 3634 1027 324 209 1897 187 1137 330 182 11363 1121 1303 11951
internal_value=-0.00157716 0.0831027 -0.0560349 0.0535119 0.168843 0.0819801 -0.0709529 0.143719 0.0340512 0.0223173 0.0311912 0.0997912 0.180931 0.11592 -0.0588618 0.107623 0.178715 -0.06028 -0.0170822 0.0919955 0.277128 0.0295851 0.10089 0.0637819 0.00745706 0.0206588 0.0329153 0.0268797 -0.00648084 -0.0133248
internal_weight=6775.96 2652.07 4123.88 1971.62 680.453 800.543 2981.89 583.856 1171.08 184.044 1149.97 616.499 54.0399 302.498 1905.76 284.879 281.359 1877.81 1141.99 562.459 96.5964 1141.91 273.749 109.289 169.012 149.906 1083.28 952.184 167.291 1079.12
internal_count=104891 34021 70870 27148 6873 10185 52565 6058 16963 2460 16672 7725 680 3393 33017 3220 2665 32534 18305 7045 815 16593 3108 1324 2270 1940 15684 13787 2424 17278
cat_boundaries=0 1 54 107 108
cat_threshold=9 0 0 0 0 0 1024 65536 4096 0 270336 0 16384 0 0 0 0 0 0 1 0 0 0 0 0 64 335544320 0 0 0 2147483648 0 0 4456448 0 0 0 0 0 0 1 0 0 0 134217856 0 0 524416 0 67108864 0 0 0 131072 0 0 0 0 0 0 65536 0 0 8192 0 0 32 0 65536 0 0 1073741824 536870912 134217728 0 0 0 0 0 807403520 0 16384 32 0 32768 0 4194304 0 0 0 0 524288 0 0 256 0 512 0 33555458 0 524416 268501120 0 0 0 2147483648 131072 110727184
is_linear=0
shrinkage=0.1


Tree=3
num_leaves=31
num_cat=6
split_feature=29 29 29 29 23 28 29 12 13 13 1 30 30 13 23 13 19 30 25 26 25 23 28 29 21 29 23 23 23 28
split_gain=2066.09 488.714 134.741 124.899 65.7315 49.5017 42.8096 41.1623 35.7835 31.1779 29.5697 28.2862 27.4027 24.3611 23.4862 22.4088 22.4067 21.8862 24.2402 32.1968 22.6896 24.3008 35.7788 22.2199 20.9639 20.7158 20.4915 20.0087 19.161 18.3464
threshold=0.067098323255777373 0.1640133932232857 0.041945777833461768 0.28205515444278723 8.5000000000000018 0.092646535485982909 0.019696546718478206 0 1 2 3 4256.5000000000009 1272.5000000000002 4 4.5000000000000009 5 1.0000000180025095e-35 4270.5000000000009 1.0000000180025095e-35 2.5000000000000004 10.500000000000002 1.0000000180025095e-35 0.086190961301326766 0.08700169995427133 -1.0000000180025095e-35 0.092218820005655303 52.500000000000007 16.500000000000004 1.0000000180025095e-35 0.060076640918850906
decision_type=2 2 2 2 2 2 2 9 9 9 9 2 2 9 2 9 2 2 2 2 2 2 2 2 2 2 2 2 2 2
left_child=2 4 6 9 5 10 -1 -7 29 -3 -2 24 -9 -8 -10 -12 -11 -17 25 20 21 -20 23 -23 -5 -19 -15 -13 -21 -4
right_child=1 3 8 11 -6 7 13 12 14 16 15 27 -14 26 -16 17 -18 18 19 28 -22 22 -24 -25 -26 -27 -28 -29 -30 -31
leaf_value=-0.085061305415688862 0.090998749809723639 -0.026610585918171836 0.06699753016790061 0.096735336735591454 -0.038134777639047664 0.11217422915461071 0.017930325217737318 0.08586703726747659 -0.018269865728403827 0.082691408345427611 -0.041069060968064959 0.12075365635329423 0.030495458492612971 -0.05717662045261699 -0.06922251060776545 -0.0081137758478856525 0.23903013781669841 0.00027996614232308364 0.045849275408613291 0.058910105505652281 0.022825477518632314 0.16667844517119407 0.31440995573617619 0.01219988722280625 0.20332342801792486 0.046669331666257585 -0.10059258894241896 0.21244002216597713 -0.011911112485471704 0.29313640390511153
leaf_weight=962.26888164505363 40.798479825258255 27.833838690072298 8.0241888128221017 22.187802769243717 158.23897452652454 85.603918354958296 42.733214739710093 105.54030066728592 686.98415210470557 847.76052038371563 64.69596878439188 256.15782544016838 583.54477902874351 1409.8370268680155 104.18392297998071 277.08010512217879 9.2675863057374936 390.19449776411057 31.212830953299999 66.523373123258352 38.167932000011206 27.340861275792122 11.355900533497332 14.119815953075884 109.60608665645123 127.79168840497732 117.79461554810405 26.239919230341911 89.733834560960531 6.4885705672204486
leaf_count=18801 541 314 126 155 2476 1117 754 1257 11480 9650 988 2245 7829 25689 1797 4145 86 5966 462 983 560 419 163 203 770 1814 2314 177 1359 100
internal_value=-0.00119413 0.0535413 -0.0571212 0.101804 0.0238547 0.0288755 -0.0684526 0.0485126 -0.0215015 0.0805899 0.0159727 0.147126 0.0384186 -0.0582753 -0.0246677 0.0123753 0.0834088 0.0159454 0.0245158 0.0483101 0.086762 0.115803 0.157144 0.114069 0.185379 0.0117246 -0.0601308 0.129273 0.0182396 0.0995252
internal_weight=6749.31 3411 3338.31 1299.05 2111.94 1953.7 2532.63 774.689 805.681 884.862 1179.02 414.192 689.085 1570.36 791.168 1138.22 857.028 1073.52 796.441 278.455 122.197 84.0294 52.8166 41.4607 131.794 517.986 1527.63 282.398 156.257 14.5128
internal_count=104740 43679 61061 13397 30282 27806 47558 10203 13503 10050 17603 3347 9086 28757 13277 17062 9736 16074 11929 4149 1807 1247 785 622 925 7780 28003 2422 2342 226
cat_boundaries=0 1 53 103 104 157 205
cat_threshold=9646144 0 0 524288 0 0 268435456 0 0 0 2147484672 0 0 0 0 0 0 0 0 0 0 0 0 0 0 0 0 64 0 0 0 0 0 4194304 0 0 0 0 0 0 1 0 0 512 0 0 0 0 0 0 0 0 32 0 0 4096 0 0 268435456 0 0 0 0 0 0 32 0 536936448 0 0 65536 536870912 0 0 0 0 0 0 2097152 64 0 131072 0 32768 0 0 0 0 0 0 0 0 0 0 0 0 0 1024 0 268435456 0 0 33554432 115343360 0 0 0 0 0 1024 0 4096 0 262144 0 16384 0 0 0 0 0 0 1 0 0 0 0 0 64 872480768 64 0 134217728 0 32768 0 4456448 0 8192 0 2147483648 0 0 1 0 0 0 134217728 1024 0 4 0 0 0 0 0 16908288 0 0 0 0 0 0 4096 0 0 2147483648 0 0 0 0 536870912 0 0 1073741824 0 134217728 0 0 262144 0 64 807403520 64 0 32 0 0 2147487744 0 16777216 0 0 0 0 0 1 16777216 8192 512 0 1024 0 0 268435584
is_linear=0
shrinkage=0.1


Tree=4
num_leaves=31
num_cat=8
split_feature=18 18 18 18 28 23 23 0 13 29 18 13 23 25 26 23 7 20 29 3 29 18 12 7 26 14 14 3 18 18
split_gain=2107.69 315.99 154.359 126.474 55.4918 52.1319 51.8801 39.7392 39.5106 36.0321 33.4533 28.888 23.2555 50.8615 21.4229 23.3642 20.8979 24.2828 19.8433 18.7372 32.8098 21.2458 21.5428 27.0492 17.6978 15.5866 15.1756 23.3584 15.1474 14.6056
threshold=0.065834581851959242 0.12024935707449914 0.028411639854311947 0.2087201923131943 0.015702390111982826 16.500000000000004 34.500000000000007 0 1 0.22207807004451754 0.044620942324399955 2 1.0000000180025095e-35 5.5000000000000009 7.5000000000000009 6.5000000000000009 3 92.500000000000014 0.28205515444278723 4 0.065161265432834639 0.091539215296506896 5 6 1.0000000180025095e-35 7.5000000000000009 8.5000000000000018 7 0.15160673856735232 0.13496449589729312
decision_type=2 2 2 2 2 2 2 9 9 2 2 9 2 2 2 2 9 2 2 9 2 2 9 9 2 2 2 9 2 2
left_child=2 4 -1 6 -2 8 7 9 -4 29 -10 -6 24 14 15 -14 18 -18 -15 -13 25 -22 23 -23 -9 -21 -24 -28 -11 -3
right_child=1 3 5 -5 11 -7 -8 12 10 28 -12 19 13 16 -16 -17 17 -19 -20 20 21 22 26 -25 -26 -27 27 -29 -30 -31
leaf_value=-0.083960947152965051 0.25974738409936776 0.12954215806781424 0.0551830261333923 0.14320678612386192 -0.032749114204289526 -0.086738619313768237 -0.086335051994691436 0.071520271173418581 -0.048437102307083951 0.024693584382228687 -0.022319435158364709 -0.012781824452489855 0.065814502749002565 0.0052769379683429421 -0.027956721254950918 -0.099346353424850486 0.079469249991366245 0.22585948025208169 0.15589145206521648 0.068771641741897524 0.019559801070863886 0.083287692446835787 0.051681711798373137 0.3026121172518409 0.11543644158813722 0.18968887137360513 -0.031289279140152254 0.045457778175213792 0.16154840379327762 0.21423471247980627
leaf_weight=1210.0701926760375 10.094220541417597 33.549486309289932 40.956655669957399 331.96342051774263 77.64553177729249 212.64777213707566 19.869125492870808 798.5668044090271 1102.9799135029316 27.525929905474186 883.06188148632646 106.85123794525862 69.20211636275053 28.264508113265038 80.397520918399096 9.7750590816140157 23.372934762388468 21.993604816496372 12.667991459369658 28.270701255649328 957.88707856088877 11.91308481991291 286.692427393049 10.65020688995719 103.67724434286356 17.113725487142801 64.108731236308813 77.192430879920721 11.452488131821154 51.804254285991192
leaf_count=25101 84 358 674 2198 1182 4293 360 8388 20953 271 14879 1509 749 335 900 129 244 206 92 415 13619 149 3692 128 1033 247 822 1006 91 458
internal_value=-0.000645641 0.0568452 -0.0551831 0.0881511 0.0260014 -0.0396346 0.0740065 0.0765106 -0.034693 0.133804 -0.0366398 0.0245613 0.0685424 0.0418629 0.0083811 0.0453724 0.103696 0.150439 0.0518899 0.0274465 0.0304702 0.0279831 0.0458912 0.129443 0.0765667 0.114368 0.0375839 0.0116401 0.0649037 0.180945
internal_weight=6722.22 3272.5 3449.72 1624.08 1648.42 2239.65 1292.12 1272.25 2027 124.332 1986.04 1638.33 1147.92 245.674 159.375 78.9772 86.299 45.3665 40.9325 1560.68 1453.83 1408.44 450.557 22.5633 902.244 45.3844 427.994 141.301 38.9784 85.3537
internal_count=104565 38665 65900 15812 22853 40799 13614 13254 36506 1178 35832 22769 12076 2655 1778 878 877 450 427 21587 20078 19416 5797 277 9421 662 5520 1828 362 816
cat_boundaries=0 1 55 108 109 130 131 132 152
cat_threshold=9 0 0 0 0 0 1024 8 4096 0 2147491840 0 134217728 0 0 0 8192 8 0 5 0 0 0 0 0 0 335544320 64 0 0 2147483648 0 0 4194304 0 0 1073750016 1073741824 2 65536 0 0 4 0 128 0 0 0 0 0 0 0 32 131076 2 0 0 0 0 0 268435456 4096 0 0 2147483648 0 0 32 0 671154176 2147483648 0 1073741824 536870912 134217728 0 0 0 134217728 64 536936448 0 16384 0 32768 0 2147483648 0 0 1073741824 0 0 524288 0 1 256 0 0 0 33555458 0 524288 268435584 0 0 0 2147483744 2147483648 2 16777344 0 0 0 16777280 264192 0 536936472 0 0 67108864 537133057 268435456 1 1077936128 8388608 8389120 524296 4194308 67108928 80 9441280 2 0 0 0 0 0 0 0 0 0 0 0 2419097600 1 0 0 0 0 0 0 1346371584
is_linear=0
shrinkage=0.1


Tree=5
num_leaves=31
num_cat=5
split_feature=18 18 18 13 18 23 13 9 28 18 23 29 20 14 17 0 23 20 29 17 20 23 17 28 29 23 18 0 18 20
split_gain=1680.23 259.157 161.398 55.7588 59.6885 49.8922 43.5144 36.2514 36.2447 33.6562 31.4408 26.3433 30.7342 27.7699 26.0726 30.0897 19.8581 32.5846 35.1001 24.1049 22.0667 18.5704 17.0573 16.6217 22.0006 20.5319 16.1874 15.6159 14.8488 14.73
threshold=0.065834581851959242 0.15160673856735232 0.028411639854311947 0 0.10648618638515474 16.500000000000004 1 2 0.020444549620151523 0.04906145483255387 1.0000000180025095e-35 0.141564816236496 -1.0000000180025095e-35 9.5000000000000018 57.750000000000007 3 5.5000000000000009 1.0000000180025095e-35 0.089527815580368056 49.549999237060554 243.50000000000003 34.500000000000007 35.850000381469734 0.022339220158755783 0.027142156846821312 7.5000000000000009 0.077786073088645949 4 0.049944153055548675 212.50000000000003
decision_type=2 2 2 9 2 2 9 9 2 2 2 2 2 2 10 9 2 2 2 10 2 2 10 2 2 2 2 9 2 2
left_child=2 3 -1 -2 8 6 28 22 -5 23 11 12 13 -6 15 -9 17 26 20 -18 -19 29 -3 24 25 -8 -10 -11 -4 -12
right_child=1 7 5 4 10 -7 9 14 16 27 21 -13 -14 -15 -16 -17 19 18 -20 -21 -22 -23 -24 -25 -26 -27 -28 -29 -30 -31
leaf_value=-0.082650533588808375 -0.046561150200654031 0.10763237341483954 0.033135284087191588 0.17452725593080562 -0.013854837657152473 -0.0841554543405547 -0.0023682435523955186 0.14896759204899038 -0.012033603417401135 -0.010174576544152542 0.014970488812308447 0.052436759705318539 0.12119155406584142 0.16930608354250787 0.21736450518990474 0.084543015953456258 -0.03366742944994322 0.067159714956902303 0.018799380361516113 0.15547205774688089 0.23930406807608362 -0.091704347740169473 -0.023720737659802742 -0.04900256991232349 -0.065225417235310168 0.17134427093356241 0.019621227928924904 -0.050825975566587016 0.15807080171172982 0.094897078900116144
leaf_weight=1126.3957730345428 81.332681085914373 12.833640299737452 28.608550198376179 15.286072812974451 36.880841374397278 195.8961988016963 117.34669269248843 131.27330345660448 221.58097656816244 633.00754517316818 161.72198368981481 626.71080080419779 130.16583804786205 10.673212617635725 18.637705311179161 686.03000374138355 102.21297741681337 212.85858396440744 256.92513258382678 7.2137076035141936 7.7164310701191416 14.333329893648623 43.046313293278217 1011.5510937683284 61.928740467876196 7.2228371538221827 596.25393111631274 105.37539384141564 14.252258624881504 26.892068929970264
leaf_count=25198 1152 107 497 116 406 4278 2385 761 3339 10790 1928 6514 1429 115 124 5519 1516 2871 3471 107 96 285 353 19748 1235 145 8036 1758 201 284
internal_value=-0.00111052 0.0482253 -0.0519256 0.0317659 0.0344402 -0.0360151 -0.0312505 0.0945268 0.0213747 -0.0334225 0.0531998 0.0620734 0.096056 0.0272545 0.0992277 0.0977478 0.0197081 0.0231638 0.0439207 -0.0211988 0.0731819 0.0180274 0.0054679 -0.043945 -0.016513 0.00770402 0.0110448 -0.0168021 0.0605518 0.0263662
internal_weight=6702.16 3400.58 3301.59 2508.76 2427.43 2175.19 1979.29 891.821 1420.05 1936.43 1007.38 804.431 177.72 47.5541 835.941 817.303 1404.76 1295.34 477.5 109.427 220.575 202.947 55.88 1198.05 186.498 124.57 817.835 738.383 42.8608 188.614
internal_count=104764 38529 66235 31665 30513 41037 36759 6864 19552 36061 10961 8464 1950 521 6404 6280 19436 17813 6438 1623 2967 2497 460 23513 3765 2530 11375 12548 698 2212
cat_boundaries=0 53 107 108 109 110
cat_threshold=0 0 4096 0 262144 0 0 0 0 8192 0 16384 160 0 134283264 8388608 0 1073741824 1 0 0 0 0 0 0 539033600 0 0 0 2147516416 32768 4096 0 16777232 1073741824 4096 0 524288 131072 0 536870912 0 0 0 2 0 268435456 268435584 0 0 0 64 2147483648 0 0 524288 0 0 0 8 4096 0 2147484672 0 134217728 0 0 0 0 8 0 5 0 0 0 262144 0 0 0 64 2147483648 0 2147483648 0 0 6291456 0 0 1073750016 0 2 65536 0 0 4 0 0 0 0 524416 0 67108864 0 0 32 1073872900 2 8706 9 2
is_linear=0
shrinkage=0.1


Tree=6
num_leaves=31
num_cat=5
split_feature=29 29 29 29 23 23 28 1 29 17 14 23 15 28 28 16 16 15 30 6 30 20 14 12 9 28 25 23 9 30
split_gain=1094.09 218.221 83.2329 58.4193 42.7143 34.513 24.5629 26.3315 24.2445 21.3888 20.1992 20.1191 19.5863 18.2325 27.2823 49.6491 172.666 23.4013 18.0567 17.7698 17.7234 16.3831 16.3217 15.8543 15.8181 16.911 14.3493 32.8588 13.4329 19.4007
threshold=0.060575431212782867 0.15259588509798053 0.019696546718478206 0.28205515444278723 46.500000000000007 56.500000000000007 0.11327800527215005 0 0.041945777833461768 44.549999237060554 1.5000000000000002 5.5000000000000009 4.5000000000000009 0.020444549620151523 0.019472314044833187 15.500000000000002 11.500000000000002 5.5000000000000009 4370.5000000000009 1 4462.5000000000009 6.5000000000000009 5.5000000000000009 2 3 0.058052787557244308 4.5000000000000009 14.500000000000002 4 4486.5000000000009
decision_type=2 2 2 2 2 2 2 9 2 10 2 2 2 2 2 2 2 2 2 9 2 2 2 9 9 2 2 2 9 2
left_child=2 4 -1 18 6 8 7 10 13 22 -2 19 -13 14 17 16 21 26 -3 24 -11 -16 -8 -10 -9 -26 -4 -28 29 -20
right_child=1 3 5 -5 -6 -7 9 11 23 20 -12 12 -14 -15 15 -17 -18 -19 28 -21 -22 -23 -24 -25 25 -27 27 -29 -30 -31
leaf_value=-0.079016554521923951 -0.064736578509082807 0.05742643201849984 -0.054569254550553795 0.086482000066025855 -0.09488391814780843 -0.096591659618880846 -0.00021237703169572718 -0.014810277756151936 0.020146094711615513 0.19046765780373012 0.078638617178313358 -0.041704718966873174 0.095300620448794365 -0.049993053003147797 -0.087182771140318999 -0.060113034908068824 0.59329735133387307 0.17000575931388268 0.036960929877115876 -0.012877345444701847 0.022696738147120865 0.13874566276307318 0.046620710100853918 -0.026223887553209632 -0.0059750404039854163 0.023908646239654417 -0.032049968598354024 0.24499022428303363 0.02634190191984331 0.1730553233023166
leaf_weight=770.41774594038725 11.095157373696564 649.8706516250968 142.17205663397908 513.73871464282274 37.495916310697794 102.43839932605624 115.37360923364758 167.75467886403203 81.854674533009529 15.838549952954056 85.916981365531683 131.04879240691662 11.337340384721754 1051.3779980838299 11.118726253509523 19.943911757320166 6.4407849647104731 5.3649600781500331 21.377223949879408 316.85222597792745 10.451914597302673 4.5121230445802203 209.61439199373126 471.53430315107107 238.72628247365355 915.82687728106976 20.169882945716385 5.4347770549356929 504.14272178336978 20.538026288151741
leaf_count=18615 157 6305 3007 3332 769 2542 1398 2385 1430 178 1033 2133 182 22120 239 425 134 97 221 4591 120 100 2450 8483 3854 12787 416 56 5015 196
internal_value=-0.00202409 0.0313027 -0.0512449 0.0582784 0.0109619 -0.040115 0.0127418 0.00820321 -0.0369361 0.0370129 0.0564247 0.00523128 -0.0307958 -0.0445654 -0.0180428 0.0542439 0.157577 -0.0355843 0.0461629 0.00839269 0.123769 -0.0219645 0.0299946 -0.0194749 0.0134894 0.0175774 -0.0421584 0.0267538 0.0327581 0.0836813
internal_weight=6669.78 3977 2692.78 1709.67 2267.33 1922.36 2229.84 1878.56 1819.92 351.278 97.0121 1781.55 142.386 1266.54 215.157 42.0155 22.0716 173.142 1195.93 1639.16 26.2905 15.6308 324.988 553.389 1322.31 1154.55 167.777 25.6047 546.058 41.9153
internal_count=104770 47106 57664 15069 32037 39049 31268 27122 36507 4146 1190 25932 2315 26594 4474 898 473 3576 11737 23617 298 339 3848 9913 19026 16641 3479 472 5432 417
cat_boundaries=0 1 2 3 4 5
cat_threshold=115345408 1 28707960 9770 4233
is_linear=0
shrinkage=0.1


Tree=7
num_leaves=31
num_cat=11
split_feature=18 18 18 23 13 18 3 13 12 2 3 0 29 18 3 28 30 23 29 30 29 13 13 20 30 29 29 13 28 29
split_gain=1202.19 135.126 129.668 50.3605 48.1607 46.3046 38.6663 39.1439 33.8849 28.3747 25.0412 24.4491 23.6005 31.1699 19.0829 30.5508 23.9725 18.0019 16.901 16.4207 16.0004 15.9465 15.8144 18.8766 15.179 18.0487 15.1158 14.6352 14.481 19.9697
threshold=0.065834581851959242 0.028411639854311947 0.15160673856735232 14.500000000000002 0 0.091539215296506896 1 2 3 4 5 6 0.078939802944660201 0.080525159835815444 7 0.17022598534822467 419.50000000000006 56.500000000000007 0.22207807004451754 3943.5000000000005 0.037702562287449844 8 9 -1.0000000180025095e-35 4249.5000000000009 0.065161265432834639 0.13273769617080691 10 0.017118172720074657 0.047933906316757209
decision_type=2 2 2 2 9 2 9 9 9 9 9 9 2 2 9 2 2 2 2 2 2 9 9 2 2 2 2 9 2 2
left_child=1 21 4 6 -2 12 20 10 -7 18 -8 17 13 -6 -13 16 -16 28 -4 -9 -3 -1 -11 -24 25 -15 -18 -14 -10 -30
right_child=2 3 9 -5 5 8 7 19 11 22 -12 14 27 24 15 -17 26 -19 -20 -21 -22 -23 23 -25 -26 -27 -28 -29 29 -31
leaf_value=0.019422852410995717 -0.057910903609356718 0.12055468171561563 0.21853252956236152 -0.08245111724444186 0.018133219198734844 0.098149332702624853 0.13912223300853396 -0.064464530784865262 0.1259025615642638 -0.014143299484418198 -0.0068560601365129856 0.024403926103679405 -0.051591889765331425 0.072026292171526285 0.083908063765911686 -0.043902345780462121 0.26091794752837955 -0.096201432554411256 0.11522114760392135 -0.034282405368006412 -0.0038906223271248674 -0.07936788728075006 0.030702696486112759 0.070889822764057392 0.064099250139805136 0.25440856399847339 0.13596762611107591 0.0075752987653457619 -0.07790930363502209 0.031299898308926176
leaf_weight=19.430475272238255 58.268906485289335 10.599198527634142 19.970724284648895 186.0414839014411 228.85157706215978 91.663850717246532 11.789352089166639 212.63811906427145 15.852847032248972 30.170900873839855 31.70857372507453 81.317925807088614 34.235989794135094 11.008277200162413 52.257856734097004 11.556679494678972 16.290159992873669 11.236627269536255 76.46290622651577 1183.6903297938406 409.41283296048641 959.55160386115313 139.52712138742208 720.18185914307833 58.894758626818657 10.70018472522497 23.866392724215984 791.88931643217802 16.998893395066261 1115.548867456615
leaf_count=487 825 204 112 4598 3315 911 192 4131 104 210 553 782 543 140 524 115 164 248 389 24303 6995 24581 1029 5151 782 131 211 10710 272 11988
internal_value=-0.000943543 -0.0474653 0.0379648 -0.0328447 0.0263704 0.0283944 -0.0278825 -0.0355504 0.0404338 0.0688865 0.0513184 0.0355064 0.0134137 0.0369683 0.0696478 0.099788 0.128555 0.0295024 0.12378 -0.0386022 -0.000732742 -0.0780194 0.0608629 0.0636275 0.0904457 0.161923 0.186656 0.00459051 0.0309893 0.0296607
internal_weight=6641.61 3024.86 3616.75 2045.88 2630.44 2572.17 1859.84 1439.83 1436.59 986.314 43.4979 1344.93 1135.58 309.455 185.289 103.971 92.4144 1159.64 96.4336 1396.33 420.012 978.982 889.88 859.709 80.6032 21.7085 40.1566 826.125 1148.4 1132.55
internal_count=104700 66044 38656 40976 31765 30940 36378 29179 15319 6891 745 14408 15621 4368 1796 1014 899 12612 501 28434 7199 25068 6390 6180 1053 271 375 11253 12364 12260
cat_boundaries=0 48 72 125 126 131 154 155 176 229 281 324
cat_threshold=0 0 4096 0 262144 268435456 0 0 0 0 16384 0 160 33554432 65536 2147483648 0 0 1 0 0 0 524288 134217728 0 0 0 2147483648 0 640 32768 4096 0 16 1073741824 0 2147483648 0 196608 0 536870912 0 0 128 1024 0 128 268435584 142606336 32 1 128 0 67109008 10485792 128 1052672 0 64 32 2576 42 262144 0 1610612736 1064960 0 131072 0 0 67108864 1 0 0 524288 0 0 0 8 0 0 270336 0 0 0 0 0 0 8 0 5 0 0 0 0 0 64 335544320 64 0 0 0 32768 0 4194304 0 8192 0 0 2 65536 0 0 0 0 128 0 0 524416 268435456 0 0 0 2147483680 131072 76617728 0 1073741824 0 262144 1 0 2097152 268435456 32 0 0 0 0 65536 1 16 0 0 64 0 0 0 0 0 0 0 0 1 2 0 0 4194304 0 0 0 0 0 0 0 0 8 0 4097 0 170917889 2147485795 0 784 1075841026 48 0 0 0 0 0 0 65536 0 0 8192 16384 16384 0 0 0 0 0 0 0 0 0 0 0 0 64 65536 0 2147483648 0 0 0 0 0 0 8192 0 1048576 0 2147483648 0 0 0 0 134217728 1024 0 128 0 67108864 33554432 0 131072 131072 0 0 0 0 0 0 65536 0 0 8192 0 0 32 0 65536 0 0 1073741824 0 0 0 0 0 0 0 270532608 64 0 131072 0 0 0 0 0 8192 0 0 0 0 0 0 0 0 0 0 0 0 0 0 0 0 2147483648 0 0 524288 0 0 0 0 0 0 8192 0 0 0 0 536870912 0 0 1073741824 536870912 134217728 0 0 0 0 0 807469056 64 0 0 0 0 0 0 0 0 0 0 524288 0 1 256 0 512
is_linear=0
shrinkage=0.1


Tree=8
num_leaves=31
num_cat=15
split_feature=18 3 18 3 13 3 13 3 13 1 14 20 3 3 14 9 17 25 25 20 20 28 3 21 18 18 20 3 7 13
split_gain=913.178 123.823 121.84 55.2801 52.5158 37.532 31.6335 50.4262 26.2824 20.3541 18.0562 28.2037 16.5584 16.3321 20.9065 18.0818 27.8252 22.1127 19.1639 14.6897 14.3995 14.1029 45.4078 74.3733 13.799 13.7053 16.8586 13.49 12.6104 12.5128
threshold=0.064756568521261229 0 0.028411639854311947 1 2 3 4 5 6 7 11.500000000000002 1.0000000180025095e-35 8 9 6.5000000000000009 10 43.250000000000007 5.5000000000000009 2.5000000000000004 6.5000000000000009 3.5000000000000004 0.020444549620151523 11 -1.0000000180025095e-35 0.018481097184121612 0.038303164765238769 7.5000000000000009 12 13 14
decision_type=2 9 2 9 9 9 9 9 9 9 2 2 9 9 2 9 10 2 2 2 2 2 9 2 2 2 2 9 9 9
left_child=2 10 20 29 -5 -4 7 -6 -7 12 -2 -12 -8 14 -11 27 -17 18 -18 -14 24 22 23 -10 -1 26 -23 -15 -9 -3
right_child=1 3 5 4 6 8 9 28 21 13 11 -13 19 15 -16 16 17 -19 -20 -21 -22 25 -24 -25 -26 -27 -28 -29 -30 -31
leaf_value=-0.082508721740513616 0.073259232826310333 -0.040011704502590999 0.00031348302480008216 -0.049943108950461113 -0.009398204473618884 0.036243031936717525 0.012600133206166104 0.10925897671228464 0.47683703632813912 0.03021732364789962 0.23611759426338985 0.067191697854668705 0.072593984172119527 -0.053717919975898476 -0.024120725809533429 0.029695756739840734 0.08848826661128395 0.21720811186721012 -0.042355861043348264 0.15567663027336628 -0.088494504000719107 -0.041933402616869453 -0.034293534341681968 0.04229183142759347 -0.048706854871065602 -0.032641104431716243 -0.076143227262923205 0.012122543262787484 0.19041371240758309 0.0015570355285601156
leaf_weight=211.49048408865929 445.76102301850915 74.053574789315462 341.18009031563997 73.420954588800669 44.721828624606133 43.019675899296999 62.258281223475933 44.391778416931629 5.1357377134263542 143.824024412781 18.020658157765865 21.888479948043823 88.958992812782526 31.880637343972921 139.46878945827484 1778.3754149191082 70.184821035712957 11.208490483462809 13.317834053188561 27.972721770405769 414.44054425135255 467.12196886539459 120.90197768434882 16.897564888000488 281.55142782628536 718.35654563084245 208.28311977535486 112.82192683592439 33.669030997902155 523.59232905879617
leaf_count=6029 2773 1033 6181 944 504 787 550 413 89 1688 111 126 702 387 1700 18773 701 132 216 221 11448 10565 2756 352 7468 13978 5193 1159 295 7112
internal_value=-0.00163364 0.0306574 -0.0445584 0.0234107 0.0295614 -0.0302927 0.0319864 0.0809365 -0.0366727 0.0292479 0.0774342 0.143469 0.0619644 0.0264431 0.00334781 0.0296532 0.0323359 0.0853228 0.0676199 0.0851843 -0.0747552 -0.0389351 -0.0092738 0.0987578 -0.0632062 -0.0422564 -0.0524831 -0.004918 0.12788 -0.0041674
internal_weight=6588.17 3759.79 2828.38 3274.12 2676.48 1920.9 2603.05 122.783 1579.72 2480.27 485.67 39.9091 179.19 2301.08 283.293 2017.79 1873.09 94.7111 83.5027 116.932 907.482 1536.7 142.935 22.0333 493.042 1393.76 675.405 144.703 78.0608 597.646
internal_count=104386 39540 64846 36530 28385 39901 27441 1212 33720 26229 3010 237 1473 24756 3388 21368 19822 1049 917 923 24945 32933 3197 441 13497 29736 15758 1546 708 8145
cat_boundaries=0 21 42 90 114 164 185 239 240 263 287 288 310 328 329 378
cat_threshold=0 0 64 0 0 0 0 1024 64 0 0 0 16810112 256 0 256 0 201326656 263168 524289 2098177 262144 16777216 33562624 0 16777216 0 1 33554442 0 0 545787904 537722880 2147483680 0 0 25165824 512 524288 4194307 71303176 64 0 0 4096 0 0 1024 0 0 0 2147491840 0 0 224 0 65536 2155872256 0 65536 536870913 0 0 0 0 134217728 0 2097152 0 2147483648 32 2147484160 32768 4096 0 16777232 1073741824 0 2147483648 524288 0 0 536870912 0 0 0 0 0 524416 128 536870912 512 0 1 0 8409344 8192 0 33820672 0 0 32 8720 64 8388608 131072 536870912 0 0 65536 0 0 67108864 1 0 0 0 0 0 67108864 0 0 0 0 0 0 0 0 0 0 0 16777216 0 0 0 0 0 0 0 0 64 0 0 0 0 1048576 4194304 0 8192 0 0 0 16777216 1 256 0 512 0 33554944 0 4 0 0 33554432 16777216 0 0 64 0 0 0 0 0 0 32 1414537216 68 0 0 0 0 0 16384 0 4 0 0 0 0 0 1024 4104 0 0 1024 0 134217728 0 0 0 0 8 0 5 134217728 0 0 0 0 0 268435456 0 0 0 512 32768 2147483648 4456448 0 8192 1073750016 3221225472 2 65536 0 0 4 0 134217728 1024 0 524416 268435456 0 33554432 0 32 4 2 77727744 0 256 0 0 0 0 0 0 256 0 0 0 131072 20481 0 1048577 524354 33554440 772 10747904 0 0 2147483648 64 8388608 0 2147483648 128 2097152 0 294912 2048 0 4 1082130440 0 8196 0 33556480 2147786752 0 2147483648 268435456 144 0 0 4 10792 0 2 0 0 0 0 0 0 0 0 16 0 2 0 0 0 0 0 0 0 0 32768 16777216 0 0 0 0 0 2048 0 0 0 0 22061056 2049 0 0 0 0 128 2 0 0 0 0 0 67108864 0 131072 0 1024 0 0 0 0 0 0 0 1073741824 0 134217728 0 0 0 0 0 0 64 0 0 32768 0 0 0 0 0 0 0 0 0 0 256 8192 512 128 1024 0 4 268435584 512
is_linear=0
shrinkage=0.1


Tree=9
num_leaves=31
num_cat=9
split_feature=18 18 18 23 0 13 18 13 13 29 14 23 28 9 23 30 28 29 13 9 23 12 29 17 18 29 29 30 14 0
split_gain=795.758 132.97 74.1022 40.4308 36.8372 33.391 31.09 21.7825 21.0659 20.1635 23.4743 35.655 21.5113 18.4347 22.8252 17.878 14.6323 14.4291 14.056 13.5081 13.4072 21.0533 12.9491 12.26 11.9412 18.8362 13.4875 11.8387 12.1277 11.8095
threshold=0.065834581851959242 0.023826113902032379 0.12494447454810144 16.500000000000004 0 1 0.044620942324399955 2 3 0.065161265432834639 7.5000000000000009 1.0000000180025095e-35 0.035026095807552345 4 38.500000000000007 4284.5000000000009 0.022339220158755783 0.027142156846821312 5 6 22.500000000000004 7 0.037702562287449844 54.149999618530281 0.090059403330087676 0.10157281160354616 0.078939802944660201 248.50000000000003 2.5000000000000004 8
decision_type=2 2 2 2 9 9 2 9 9 2 2 2 2 9 2 2 2 2 9 9 2 9 2 8 2 2 2 2 2 9
left_child=1 -1 7 5 8 15 16 24 -4 10 22 12 -12 20 -15 -3 17 -7 -11 -6 21 -10 -9 -23 26 -26 -2 28 -20 -8
right_child=2 3 4 -5 19 6 29 9 13 18 11 -13 -14 14 -16 -17 -18 -19 27 -21 -22 23 -24 -25 25 -27 -28 -29 -30 -31
leaf_value=-0.081342547689594383 0.10844791774347698 -0.029846115565774985 -0.04226608931597562 -0.076256905449731849 -0.017500858503697338 0.0010928236672911457 -0.0084392567724206509 -0.049654630068881801 0.0044505026636945224 -0.042052584836410722 -0.087629079380183605 0.20983391622367625 0.089500560175069077 0.034525131420927606 -0.082429787984736824 0.082357939463849533 -0.044786704871850658 -0.05572664621313448 0.13229575782923772 0.085253409453324505 0.12878050075426048 0.065898148240588289 0.049751662477263314 0.13323138624844386 0.17343021164958505 0.041654434793742243 -0.043801822863167 0.010190480381519304 0.02492095430693908 -0.045388106203000204
leaf_weight=643.77289996854961 10.07906859368086 20.673584505915642 27.546168439090252 170.33560260012746 16.971658192574978 151.53072361275554 724.60603470355272 22.535008952021599 68.394226521253586 41.130947455763817 9.5121800042688829 19.416824657469988 24.55504173412919 1320.3516301997006 16.900597337633371 45.352247051894665 875.12087377905846 63.390061166137457 15.847219552844761 245.35151153802872 30.169028259813786 125.90792058035731 31.313114404678345 34.437943369150162 22.0626928396523 21.338553756475449 13.76525419577956 1639.949285492301 31.285304613411427 91.277433767914772
leaf_count=19486 132 353 272 4848 105 3445 13199 360 489 634 83 167 307 10724 307 779 20730 1512 156 1460 168 1001 400 231 211 221 184 20667 331 1678
internal_value=-0.000920409 -0.0414903 0.0289121 -0.0295143 0.0429591 -0.0254768 -0.0278492 0.0149888 0.0365577 0.0126332 0.0547587 0.101684 0.0400428 0.0381727 0.0328017 0.0410136 -0.039045 -0.0156659 0.0100901 0.0782069 0.0636624 0.057857 0.00815092 0.0756421 0.0673863 0.108642 0.0205546 0.0115422 0.0610232 -0.0132327
internal_weight=6574.88 2786.06 3788.82 2142.29 1886.03 1971.95 1905.93 1902.79 1623.71 1835.54 107.332 53.484 34.0672 1596.16 1337.25 66.0258 1090.04 214.921 1728.21 262.323 258.909 228.74 53.8481 160.346 67.2456 43.4012 23.8443 1687.08 47.1325 815.883
internal_count=104640 66030 38610 46544 14757 41696 40564 23853 13192 23105 1317 557 390 12920 11031 1132 25687 4957 21788 1565 1889 1721 760 1232 748 432 316 21154 487 14877
cat_boundaries=0 1 55 108 158 159 212 213 214 215
cat_threshold=2 0 0 0 0 0 0 8 4096 0 2147492864 0 134217728 0 0 0 8192 8 65536 5 0 0 0 0 0 0 335544320 64 2147483648 0 2147483648 32768 2147483648 4194304 0 8192 1073741824 0 0 65536 0 0 4 0 0 1024 0 524416 0 67108864 0 268435456 32 131076 2 0 0 0 0 0 67108864 0 0 0 0 0 0 0 0 536870912 0 0 0 0 0 0 0 0 0 0 0 64 0 0 0 0 0 4194560 0 8192 0 0 0 16777216 0 0 0 0 0 0 524288 0 0 0 33554432 0 0 2048 0 0 4096 0 0 268435456 65536 0 0 2147483648 16384 0 32 0 0 0 0 65536 0 0 0 0 0 0 0 0 64 0 0 0 0 0 0 0 8192 0 0 0 0 0 0 0 0 0 0 524288 4 0 0 33554432 21644 0 0 0 0 0 0 0 0 0 0 0 0 32 0 65536 2147483648 0 0 0 0 0 0 262144 0 64 65536 0 0 0 0 0 2147487744 0 0 1073741824 0 0 0 0 0 256 0 0 0 33555456 0 524288 268501120 0 0 0 2147483712 16777216 29184 69233760 18
is_linear=0
shrinkage=0.1


Tree=10
num_leaves=31
num_cat=9
split_feature=18 18 3 30 23 3 1 30 20 29 18 29 3 3 17 17 26 3 3 15 28 17 26 23 26 6 28 17 30 3
split_gain=651.418 126.296 82.1693 57.9834 32.1632 33.6074 31.7181 20.1128 19.7976 19.5451 18.6085 18.0004 17.965 17.3347 24.7889 17.1474 16.6967 24.143 24.0845 25.1188 20.8089 17.2751 16.6763 16.3937 25.303 16.3509 15.5466 14.6036 14.3987 22.2923
threshold=0.077127590775489821 0.029572384431958202 0 1664.5000000000002 14.500000000000002 1 2 248.50000000000003 15.500000000000002 0.17741058766841891 0.020287527702748779 0.075848478823900237 3 4 50.549999237060554 35.350000381469734 5.5000000000000009 5 6 5.5000000000000009 0.076750010251998915 29.150000572204593 1.5000000000000002 1.5000000000000002 166.50000000000003 7 0.073591690510511412 57.750000000000007 4256.5000000000009 8
decision_type=2 2 9 2 2 9 9 2 2 2 2 2 9 9 10 8 2 9 9 2 2 8 2 2 2 9 2 10 2 9
left_child=1 8 3 -2 5 22 12 9 10 -8 -1 -5 -4 14 -9 -14 18 23 21 -20 -21 -15 25 24 -18 -3 -17 -12 -7 -30
right_child=2 4 6 11 -6 28 7 13 -10 -11 27 -13 15 16 -16 26 17 -19 19 20 -22 -23 -24 -25 -26 -27 -28 -29 29 -31
leaf_value=-0.077893760103081883 0.11421017274314396 0.029978306205237268 0.0093644441908694847 -0.023838391282974339 -0.069775832663611703 -0.046615257661759377 0.09099764228323827 0.019093971727587394 -0.088942275562138517 -0.027268385629538729 -0.04617712249489133 0.044373500349376011 0.19649370574911851 0.082600708819688229 0.10686211703783302 0.13691779089067335 0.14833936600921041 -0.032757626397829628 0.01934741334023558 0.23253116283492364 0.04929770698422526 -0.010570339136338239 -0.025953369494546488 -0.041214352024245005 -0.012462392980406266 -0.018046799964628307 0.047826398452424167 0.12003947995541518 -0.050831475397435322 -0.012178929416242421
leaf_weight=268.42258943803608 123.69563908874989 246.17605097591877 62.708053968846798 40.32656304910779 129.52662723138928 287.44645025208592 60.382982395589352 1045.8797969929874 282.93913672678173 18.181537851691246 402.94221875444055 951.36337858438492 13.664921317249535 20.786479413509369 33.201310649514198 28.777464002370834 22.432459559291601 209.97450505569577 566.55496087670326 10.042054470628502 16.190334443002939 466.77978215366602 129.25332207977772 16.170407872647047 17.357491604983807 99.566284295171499 61.329915940761566 5.3560770880430928 187.15126465633512 713.57005834951997
leaf_count=8883 621 4383 502 418 3815 5842 502 10341 8968 140 11138 6966 99 276 310 244 286 2665 6855 107 187 6230 2336 224 218 1796 423 147 4372 15292
internal_value=-0.000432219 -0.0374516 0.0264816 0.049211 -0.0217787 -0.0180407 0.016741 0.0137766 -0.0667293 0.0636283 -0.057442 0.0415997 0.0580194 0.0122186 0.0215943 0.0840135 0.00450979 -0.0179029 0.0100685 0.0233824 0.119442 -0.00646556 0.00459495 0.0370654 0.0781931 0.0161481 0.0762794 -0.0439967 -0.0269021 -0.0209097
internal_weight=6538.15 2752.35 3785.8 1115.39 1792.69 1663.16 2670.41 2503.93 959.66 78.5645 676.721 991.69 166.48 2425.37 1079.08 103.772 1346.29 265.935 1080.35 592.787 26.2324 487.566 474.996 55.9604 39.79 345.742 90.1074 408.298 1188.17 900.721
internal_count=104586 66972 37614 8005 37836 34021 29609 28341 29136 642 20168 7384 1268 27699 10651 766 17048 3393 13655 7149 294 6506 8515 728 504 6179 667 11285 25506 19664
cat_boundaries=0 24 44 45 64 85 106 127 128 151
cat_threshold=16384 537133184 2097216 64 0 0 2048 1024 64 0 0 134217728 25198720 256 0 0 2048 201326784 281600 786433 2098177 0 0 4 8388608 33 537919488 1 192 409616 8396800 24 268288 0 67108880 0 2816 12 0 262144 537395200 147456 0 64 79822848 128 0 0 0 16777216 0 0 0 0 0 8388608 0 0 1 0 135266321 96 50331648 131074 262144 2147483648 0 0 0 2097152 0 32770 524288 0 32 2417000448 134217825 16384 0 2048 327680 532480 64 2147486720 180 0 0 0 0 0 0 0 0 0 0 4096 73729 4 0 0 0 0 0 0 0 8388608 0 0 8192 512 0 2048 0 536936448 0 0 536875010 73737 4 0 0 0 33280 0 2181038080 1480589320 8388672 1 0 306184192 33792 36 1082130432 0 5242880 64 176161792 1665 1024 536870912 0 0 0 0 0 3145728 0 0 1073741824 67108864 4109
is_linear=0
shrinkage=0.1


Tree=11
num_leaves=31
num_cat=10
split_feature=18 18 18 3 23 3 12 28 23 3 28 3 3 20 28 17 12 3 17 3 23 15 23 1 25 20 18 20 28 20
split_gain=576.452 101.676 66.8962 32.88 32.8124 30.1263 19.9875 19.1497 17.68 32.5935 18.7248 17.9581 16.1143 16.0772 15.6765 15.1322 14.365 23.5332 19.2032 16.0751 16.2173 13.5161 14.639 13.0638 11.744 15.8103 17.0486 11.2215 9.75304 15.7612
threshold=0.053426939994096763 0.10648618638515474 0.023826113902032379 0 22.500000000000004 1 2 0.022339220158755783 1.0000000180025095e-35 3 0.083486475050449385 4 5 8.5000000000000018 0.054624225944280631 34.45000076293946 6 7 50.549999237060554 8 56.500000000000007 1.5000000000000002 3.5000000000000004 9 18.500000000000004 7.5000000000000009 0.14462164044380191 2.5000000000000004 0.040189232677221305 92.500000000000014
decision_type=2 2 2 9 2 9 9 2 2 9 2 9 9 2 2 10 9 9 8 9 2 2 2 9 2 2 2 2 2 2
left_child=2 16 27 -3 5 28 -5 12 11 -10 -11 -8 13 -7 -13 21 17 18 -2 -18 -21 -15 -23 -16 25 -25 -27 -1 -4 -30
right_child=1 3 4 6 -6 7 8 -9 9 10 -12 14 -14 15 23 -17 19 -19 -20 20 -22 22 -24 24 -26 26 -28 -29 29 -31
leaf_value=-0.060890195675751595 0.07170614856155004 0.055772744483766561 0.021259676089619418 0.068447336652342122 -0.086718500223394154 -0.0035314713784897994 -0.0071483072145354437 -0.045398033636241716 -0.029799860540231111 0.1211734257151646 0.02088664202294931 0.14340436795671982 -0.041265206262904558 0.23354771326136792 0.071001894175070149 -0.06457571890646728 -0.021298242412186356 0.00051576113156776742 0.2419067129373243 0.0056777631237753734 -0.1047739162628491 0.19414300177491428 -0.050774135659734654 0.027393879403221508 -0.043629876286063053 0.019497349363286891 0.14863374890975023 -0.089298002795703935 -0.020785639645187304 0.097751519867766576
leaf_weight=286.63161647692323 15.374697167426346 520.25949081405997 107.40641020610929 103.56573295220733 109.54016522876918 94.447048686444759 128.88863536715508 828.28696943074465 153.74285539984703 20.852732077240944 173.7161528095603 12.666082836687563 85.943447913974524 7.6721453834325137 77.591373257339001 4.9152556452900162 261.44073935225606 59.984045211225748 11.653769407421352 1767.1518219858408 13.394085071980951 4.3504153005778772 5.5588244963437319 1081.3673389218748 22.265360575169325 18.609467454254627 22.686185635626316 270.06882557272911 228.94893358275294 11.795003548264502
leaf_count=9865 201 3308 2276 767 3740 2170 970 20803 1613 160 1366 108 2241 172 506 109 4035 839 113 24765 328 104 133 8985 180 175 150 9599 4680 241
internal_value=-0.00113525 0.0190043 -0.0450974 0.0334096 -0.0340394 -0.0298559 0.0265493 -0.0382823 0.0236326 0.00366232 0.0300884 0.0289052 -0.011119 0.0134172 0.0324624 0.0905364 0.00319708 0.0407956 0.105907 0.00138837 0.00481983 0.133901 0.0567509 0.0315785 0.0280417 0.0297129 0.0904397 -0.0746715 -0.00369243 -0.014978
internal_weight=6510.78 4465.21 2045.57 2336.21 1488.86 1379.32 1815.95 1031.17 1712.39 348.312 194.569 1364.07 202.887 116.944 1235.19 22.4966 2129 87.0125 27.0285 2041.99 1780.55 17.5814 9.90924 1222.52 1144.93 1122.66 41.2957 556.7 348.15 240.744
internal_count=104702 48569 56133 18288 36669 32929 14980 25732 14213 3139 1526 11074 4929 2688 10104 518 30281 1153 314 29128 25093 409 237 9996 9490 9310 325 19464 7197 4921
cat_boundaries=0 21 43 44 65 85 108 109 126 150 151
cat_threshold=0 0 2097216 0 0 0 0 0 64 0 0 0 16810112 256 0 0 0 67109056 263168 525312 1025 0 2097152 2147489792 8320 67108872 1073807872 578818048 0 1179648 1572864 134217752 0 12546 0 532480 0 0 32768 8 0 0 67108864 13176960 0 8388608 0 64 0 0 2048 1024 0 0 32 6815753 33554464 0 0 1 32768 8192 0 0 2097152 65536 8388736 4194304 0 0 0 0 0 0 0 0 1048584 64 20480 0 16 262144 50339840 0 3359639552 0 2 0 0 536870912 0 65536 16576 8388608 0 0 0 67108864 0 0 0 0 0 0 0 0 163840 4 75661458 0 2147483648 8192 0 0 0 0 0 0 0 0 0 134219264 64 0 0 3221225472 8388672 33 16777216 0 0 8781968 2097184 8 0 0 524288 393216 1024 72 4194304 18087936 3221225472 16385 1 67108872 2048 0 0 1 44173312
is_linear=0
shrinkage=0.1


Tree=12
num_leaves=31
num_cat=13
split_feature=18 18 18 23 3 3 9 3 30 18 30 12 20 20 3 3 23 30 29 3 12 23 26 3 26 3 28 3 15 3
split_gain=484.483 76.7331 69.0473 26.5882 23.4918 16.2153 15.5864 35.8081 26.8698 15.3267 18.8182 15.6655 16.6506 19.1227 15.7186 15.3183 22.2735 20.756 14.4183 23.9966 21.6151 14.2669 32.5298 23.3904 15.6055 20.5256 13.7231 21.3332 18.1899 13.5575
threshold=0.053426939994096763 0.12494447454810144 0.023826113902032379 17.500000000000004 0 1 2 3 4521.5000000000009 0.077127590775489821 248.50000000000003 4 552.50000000000011 313.50000000000006 5 6 17.500000000000004 1272.5000000000002 0.050751650705933578 7 8 1.0000000180025095e-35 1.0000000180025095e-35 9 1.0000000180025095e-35 10 0.04741115681827069 11 1.0000000180025095e-35 12
decision_type=2 2 2 2 9 9 9 9 2 2 2 9 2 2 9 9 2 2 2 9 9 2 2 9 2 9 2 9 2 9
left_child=2 9 -1 5 -3 -4 7 8 -7 18 -11 14 13 15 -12 16 29 -17 -2 -20 -21 24 23 -23 -6 -26 27 28 -8 -13
right_child=1 4 3 -5 21 6 26 -9 -10 10 11 12 -14 -15 -16 17 -18 -19 19 20 -22 22 -24 -25 25 -27 -28 -29 -30 -31
leaf_value=-0.073877419906888897 0.031938725059397904 0.068078069721884002 -0.055954974678906977 -0.078035075871339218 0.028721571440932889 0.060147862514731698 0.078692877279252463 -0.034710624107298908 0.26716144034101447 0.071423847343820221 -0.016881657095002923 -0.051581614980972516 -0.091921845042328712 0.10579839456259521 0.065744389115738336 0.059073448966636036 0.12306194026849315 0.0082451130578135978 0.00028444213119192872 0.056926035247739162 -0.056375227922603223 -0.0064840307432659384 -0.013767215928365488 0.063177224396178941 0.011557754172698921 0.084083966611447042 -0.043928655941660677 -0.027514883498470095 -0.0032080966551041052 -0.0049561123172866582
leaf_weight=518.01072672381997 77.956864014267921 161.56789037585258 171.96536774374545 112.28912707231939 1216.6382007300854 25.406575813889503 33.72263066098094 49.056405702605844 8.3243238646537048 48.289724364876747 31.583936367183924 63.570992913097143 17.301158964633942 19.243366856127977 80.149039562791586 86.870024740695953 12.556021608412264 1068.7476348988712 381.55378508381546 12.798574164509771 150.75143587589264 77.040271617472172 229.84876657649875 135.00092197954655 77.816426105797291 112.8023219704628 304.39492392912507 597.44758050143719 138.45324755460024 458.22269507497549
leaf_count=19435 1408 739 4762 4074 9184 568 746 1129 183 408 384 756 238 225 871 875 117 13629 6730 186 2705 845 1882 789 528 709 6856 15141 3099 5420
internal_value=-0.00102812 0.0169736 -0.0425648 -0.031309 0.0315293 -0.0273603 -0.022432 0.0183452 0.0857995 0.00531137 0.00980249 0.00818373 0.00565439 0.00667517 0.0429201 0.00554647 -0.0083959 0.0119625 -0.00828707 -0.0140399 -0.0447396 0.0278173 0.0122927 0.0405411 0.0328898 0.059494 -0.0257154 -0.018846 0.0121287 -0.0117201
internal_weight=6479.38 4520.31 1959.07 1441.06 2010.71 1328.77 1156.81 82.7873 33.7309 2509.6 1886.53 1838.24 1726.51 1709.21 111.733 1689.97 534.35 1155.62 623.061 545.104 163.55 1849.15 441.89 212.041 1407.26 190.619 1074.02 769.623 172.176 521.794
internal_count=104621 48628 55993 36558 14676 32484 27722 1880 751 33952 22923 22515 21260 21022 1255 20797 6293 14504 11029 9621 2891 13937 3516 1634 10421 1237 25842 18986 3845 6176
cat_boundaries=0 20 43 44 66 67 80 101 121 122 143 164 186 206
cat_threshold=0 0 0 0 0 0 0 0 64 0 0 0 16810112 0 0 0 0 67108928 263168 524288 1107296256 68157440 32768 128 0 134217728 1115136 0 0 2147614852 0 33554432 0 0 0 524288 0 1114112 0 0 33554432 327712 33561120 300 2151677952 270532608 268435456 0 536870912 0 0 192 196608 0 0 0 67108866 0 0 0 0 0 0 0 1073741824 131072 81297554 17039360 16777216 0 512 0 0 0 0 0 0 0 1144324096 33 17039360 8388608 33562624 0 0 0 0 537198594 0 0 2 6168577 1024 1 0 1048576 2147516928 0 530 1356857344 64 134217728 257 16777216 0 64 8392752 2097152 0 266240 0 0 536870912 2147486224 12 1073741824 16908288 0 0 1 64 8527936 0 0 2097152 64 0 0 0 1024 0 0 32 0 4 0 0 2048 0 128 0 134217728 2097152 0 0 0 0 0 0 2048 0 0 0 0 150994952 0 0 0 2048 0 0 147456 2281701376 2097152 0 33554432 2952790016 0 0 805831168 37748736 4224 538050560 524289 4195408 0 73984 0 0 0 0 0 0 0 131072 335546368 16777216 8388608 33554432 0 0 0 0 65536 0 0 0 0 0 0 0 1048576 2147483648 0 16 1342177280
is_linear=0
shrinkage=0.1


Tree=13
num_leaves=31
num_cat=15
split_feature=29 3 3 3 30 29 3 26 3 3 20 3 3 3 3 3 16 3 20 3 3 20 16 30 14 16 12 30 30 25
split_gain=293.621 73.8325 46.1824 43.1928 34.7039 28.3922 24.3979 19.0751 66.7382 30.1475 25.2742 81.7288 53.47 25.0887 24.9808 19.6071 18.4677 16.6063 18.9338 25.881 20.7122 21.245 35.3296 32.9402 16.5495 18.2095 15.1773 15.6978 18.2262 40.3953
threshold=0.041945777833461768 0 1 2 1664.5000000000002 0.01555438293144107 3 1.5000000000000002 4 5 1.0000000180025095e-35 6 7 8 9 10 6.5000000000000009 11 4.5000000000000009 12 13 -1.0000000180025095e-35 16.500000000000004 4514.5000000000009 7.5000000000000009 13.500000000000002 14 4320.5000000000009 4270.5000000000009 5.5000000000000009
decision_type=2 9 9 9 2 2 9 2 9 9 2 9 9 9 9 9 2 9 2 9 9 2 2 2 2 2 9 2 2 2
left_child=2 4 24 -3 -2 6 -4 9 -9 -5 12 -12 -11 -14 -10 -13 -6 -7 20 -20 21 22 23 -19 -1 -26 -17 28 -28 -30
right_child=1 3 5 7 16 17 -8 8 14 10 11 15 13 -15 -16 26 -18 18 19 -21 -22 -23 -24 -25 25 -27 27 -29 29 -31
leaf_value=-0.0084160995101851353 0.087678834221142546 -0.044546651036245728 0.015368840989429958 -0.025924226989477647 -0.0059259206894067213 -0.0043798975873020132 -0.07710558088119851 -0.038834242769906435 0.071735462501262615 -0.023409510477271779 -0.025945234392959229 0.072213528191146445 0.044864532959793667 0.010094357944617917 0.0075942771286926607 -0.023600523527371416 0.037600441922635071 0.060304278110684756 0.019278876252417997 -0.069753004191323187 -0.043480003336566431 -0.019464403588093714 -0.04761873700395116 0.32397105477179422 -0.0028854586126368536 0.14359506743426345 0.04864936113878026 0.014393582134072392 0.29519446517013259 0.0060255337403603984
leaf_weight=34.766384813934565 120.91453303396702 165.17396730743349 34.675497664138675 211.92284450493753 121.03911511600018 151.57768833823502 315.24653435684741 364.45968620106578 62.371789861470461 448.31681425124407 198.13026553206146 222.49866022355855 234.61689791828394 1536.4399428740144 428.86263192631304 41.967866329476237 500.77013350278139 13.979409556835892 38.032414451241493 299.21886123903096 426.52273491583765 151.89896408468485 15.901960568502544 7.1676524784415951 13.640591891482471 22.461423434317112 121.98142214678228 125.94188993424177 9.8355382233858126 9.4940804205834848
leaf_count=669 580 3592 1033 3563 805 4090 12509 5220 756 6517 2556 2486 2193 17043 4834 520 3477 387 1002 10099 12582 3950 435 138 192 243 1271 1697 116 129
internal_value=-0.00255997 0.00931345 -0.040901 0.00409177 0.0381462 -0.0445773 -0.0697061 0.00619746 -0.00703217 0.0097982 0.0124109 0.028596 0.00714434 0.0149265 0.0170069 0.0484951 0.0291278 -0.0370184 -0.0417272 -0.0612094 -0.0317298 -0.00275813 0.0649922 0.149672 0.035779 0.0882497 0.0297011 0.0386206 0.0629457 0.153164
internal_weight=6449.83 4924.74 1525.09 4182.01 742.724 1454.22 349.922 4016.84 855.694 3161.15 2949.22 729.85 2219.37 1771.06 491.234 531.719 621.809 1104.3 952.722 337.251 615.471 188.948 37.049 21.1471 70.8684 36.102 309.221 267.253 141.311 19.3296
internal_count=104684 57355 47329 52493 4862 46225 13542 48901 10810 38091 34528 8775 25753 19236 5590 6219 4282 32683 28593 11101 17492 4910 960 525 1104 435 3733 3213 1516 245
cat_boundaries=0 24 48 71 94 115 139 160 181 202 223 243 266 289 312 313
cat_threshold=1073758208 671350784 2097216 64 0 0 0 33792 72 0 0 0 16810112 256 0 33554688 2048 201326592 265216 525313 1029 0 0 4 16777216 8388640 67585 131328 0 69616000 266275 262144 4096 1048576 134217728 32 4096 0 262144 0 32 131080 0 0 0 67108864 0 1 4196352 67108896 2415920128 4224 128 75497600 1049122 68 196608 0 0 0 12288 536870912 0 0 32 65536 0 0 0 335544352 1 0 38010880 512 0 0 33554432 256 0 335544320 10553344 0 0 0 0 0 0 0 0 0 0 0 442368 41486 134283264 1 8192 262177 0 0 2048 0 0 0 524288 1425408000 3587 0 0 0 536879104 50855936 0 136314880 2097152 262144 16777216 536936449 0 0 2048 12588032 128 34607104 0 536871938 536870913 268435712 4 0 393216 0 163840 257 268435464 8388608 0 0 1 134217728 0 8192 256 0 0 0 0 0 0 524288 287907840 33556069 8224 0 25165824 1610613314 16777344 0 209715200 2097152 16777216 10485760 0 0 0 4326672 2097152 0 262144 0 4096 8 134234128 72 0 2064 16 8388608 33570896 3225681920 48 134217728 0 0 1 0 0 2048 0 0 0 0 292552704 37 8224 0 2097152 536870912 50331776 512 67176450 2097152 262144 128 0 0 0 0 0 0 524288 0 536875008 0 0 0 0 0 1073741826 8320 131088 12582912 8388608 0 2097152 0 0 0 0 0 0 0 0 4096 201588744 134236160 64 0 0 0 8388608 0 3221225472 64 0 0 33 0 16843776 4194316 16512 33619968 524288 8 0 0 0 8388608 0 2147483648 1114112 0 0 134348802 0 530432 2684354560 0 268439552 2 1082130432 0 256 0 8388608 1 4195392 0 0 0 0 0 0 2097152 0 0 0 0 4194304 268435456 262146 256 8 0 536870912 65552 0 872415232 2147484288 16 0 0 0 0 0 0 32768 0 0 2415919104 4463120 1 36725048
is_linear=0
shrinkage=0.1


Tree=14
num_leaves=31
num_cat=15
split_feature=18 18 3 13 13 3 13 18 12 3 3 20 26 3 20 3 0 29 22 30 3 28 3 16 28 17 8 3 17 30
split_gain=313.119 62.2631 59.9504 38.9644 36.4837 30.509 28.5106 20.7386 17.0226 18.5756 16.1395 16.6221 15.9047 24.7402 15.4417 15.2543 26.6253 21.6659 14.7537 12.9836 12.5743 14.4552 25.6886 22.7313 27.673 11.5649 11.3548 14.8826 20.5825 18.5026
threshold=0.04906145483255387 0.023826113902032379 0 1 2 3 4 0.086290977895259871 5 6 7 25.500000000000004 9.5000000000000018 8 2.5000000000000004 9 10 0.17741058766841891 -1.0000000180025095e-35 1664.5000000000002 11 0.020444549620151523 12 14.500000000000002 0.019472314044833187 62.649999618530281 13 14 49.549999237060554 4320.5000000000009
decision_type=2 2 9 9 9 9 9 2 9 9 9 2 2 9 2 9 9 2 2 2 9 2 9 2 2 10 9 9 10 2
left_child=1 14 19 -4 10 -6 18 26 9 -8 -5 -12 15 -14 -1 -9 17 -17 -3 -2 -10 22 23 24 -22 -23 27 28 29 -7
right_child=2 6 3 4 5 7 8 12 20 -11 11 -13 13 -15 -16 16 -18 -19 -20 -21 21 25 -24 -25 -26 -27 -28 -29 -30 -31
leaf_value=-0.053321392323270711 0.064598936317081634 0.11499315947893862 -0.059270722301896672 0.095212098163632478 -0.034885455607325686 0.16695770994649833 0.029100535690539865 -0.0034428131605789333 -0.04337932473011652 -0.069867524720887822 0.050905144015094564 -0.029350458989946079 -0.027017880667434359 0.022291675779334816 -0.09005392442576643 0.10380610102437818 0.016719214364407736 0.020687724420587156 -0.01260533857495626 0.031852289163900337 0.057676607765212377 -0.023074896021218764 -0.034151630695297967 0.010703850418840108 0.30278518090449619 0.11836535590113173 -0.0050867696412711383 -0.0077174400368595492 0.23083948033301305 0.012055837580198688
leaf_weight=239.60680749826133 174.28974725306034 22.684399377554655 77.681301569566131 55.521585859358311 164.30388481542468 10.183921907097099 20.338614629581571 318.93201273307204 257.24261736683547 166.76022871769965 89.608923096209764 36.245391488075256 216.87735014408827 175.16752868890762 219.08825024403632 73.011083103716373 1630.3673108592629 54.973214969038963 15.089457739144562 396.56811156868935 9.8437237739562988 630.64580901153386 35.035643501207232 16.41329656355083 8.6570631489157677 5.8343933112919322 1197.0751260276884 59.596179023385048 7.373035915195941 31.757898364216089
leaf_count=9890 904 511 1083 410 2643 157 565 3117 7621 4821 1024 416 2300 1640 9708 537 14993 327 343 2186 241 17199 1008 386 115 147 19061 921 110 513
internal_value=-0.00198195 -0.0395705 0.0109999 0.00678929 0.00817499 0.00608531 -0.0274927 0.00795584 -0.0302339 -0.0581786 0.0508747 0.0257462 0.013367 -0.00510669 -0.0708661 0.0168535 0.0204382 0.0631685 0.0506206 0.0411297 -0.0242665 -0.0167984 0.0261134 0.0749134 0.17237 -0.0217784 -0.00221448 0.0273148 0.0638144 0.0496677
internal_weight=6416.77 1647.24 4769.53 4198.68 4120.99 3939.62 1188.55 3775.31 1150.77 187.099 181.376 125.854 2469.33 392.045 458.695 2077.28 1758.35 127.984 37.7739 570.858 963.673 706.43 69.9497 34.9141 18.5008 636.48 1305.99 108.911 49.3149 41.9418
internal_count=104897 52555 52342 49252 48169 46319 32957 43676 32103 5386 1850 1440 22914 3940 19598 18974 15857 864 854 3090 26717 19096 1750 742 356 17346 20762 1701 780 670
cat_boundaries=0 24 77 130 151 205 206 228 245 266 287 288 311 334 335 348
cat_threshold=16384 537133056 64 0 0 0 264192 32768 64 0 0 2164260864 25198784 4096 0 0 1 67109056 265216 2148270083 1028 0 0 4 0 2147483648 1073745920 0 262144 268435456 0 0 0 0 0 16384 160 0 66560 8388608 0 65536 0 134217728 0 0 0 0 0 536870912 0 0 536870912 33408 32768 4096 0 16 0 0 0 268435458 65536 0 536870912 0 0 0 0 0 268435584 0 0 0 0 8388608 2147614720 0 0 524288 0 0 100663296 65536 0 0 1024 0 0 0 0 0 0 0 16777216 4 0 0 0 262144 0 1024 1 1073741888 0 0 0 0 2149580800 4194304 0 8192 4096 1048576 0 0 0 33554688 0 512 0 33554944 67633152 0 0 0 0 0 0 1140852736 0 8388608 4198400 2147483648 0 12587392 8192 0 34607104 0 0 1 268436480 74 0 131072 2147524608 147456 4098 1073741824 2048 0 0 0 0 0 1024 65544 4096 0 270336 0 0 0 0 0 0 0 0 5 0 0 0 0 0 64 335544320 0 0 134217728 2147483648 32768 0 4456448 0 8192 1073741824 0 0 16842752 0 0 0 0 134217856 0 0 524416 0 67108864 0 0 0 131076 2 10073936 0 67108864 0 0 0 134217728 4260112 64 8388608 1025 64 0 67108864 0 0 0 268435456 2097152 0 0 0 537001984 0 8388608 2097152 0 0 0 0 0 0 0 32 134250504 134218752 64 0 0 2147483648 17039360 0 0 0 0 0 0 1024 0 0 0 483917832 0 0 0 0 0 33554432 0 134217728 2097152 65536 128 0 2 0 2099200 0 32 0 0 256 32768 167788576 24576 0 33556481 98 8192 33685824 417333248 8388608 9 0 335544320 268468256 0 536870912 2315255808 16 64 746587136 8422405 0 0 67108864 0 0 0 268435456 2097152 0 0 33685504 805502978 8 4194304 2 0 0 0 0 0 16384 0 0 16 0 0 0 0 0 0 0 0 0 0 32768 4 10 8388608 0 8192 262144 0 0 0 0 131072 0 0 1074012160 512
is_linear=0
shrinkage=0.1


Tree=15
num_leaves=31
num_cat=13
split_feature=18 18 18 13 13 20 13 3 13 3 15 12 3 3 0 29 28 3 28 25 3 26 20 25 3 26 29 14 30 30
split_gain=280.441 59.321 44.0949 38.9415 26.1916 25.8643 25.8139 23.9297 18.4309 19.0747 17.8607 17.6751 27.0458 18.8134 22.1035 16.3923 16.0521 20.3804 15.9563 14.4188 27.3588 23.4743 14.8447 13.7922 13.7001 13.9598 13.0271 11.7774 11.4698 11.1357
threshold=0.038303164765238769 0.080525159835815444 0.021944295614957813 0 1 15.500000000000002 2 3 4 5 3.5000000000000004 6 7 8 9 0.073393918573856368 0.036911355331540115 10 0.028839117847383026 4.5000000000000009 11 1.5000000000000002 25.500000000000004 50.500000000000007 12 1.5000000000000002 0.045066498219966895 3.5000000000000004 1664.5000000000002 4521.5000000000009
decision_type=2 2 2 9 9 2 9 9 9 9 2 9 9 9 9 2 2 9 2 2 9 2 2 2 9 2 2 2 2 2
left_child=2 4 -1 -3 -2 6 10 28 -6 26 29 12 -9 -13 15 27 24 -18 -12 22 21 23 -16 -21 -8 -26 -10 -15 -5 -4
right_child=1 3 5 7 8 -7 16 11 9 -11 18 13 -14 14 19 -17 17 -19 -20 20 -22 -23 -24 -25 25 -27 -28 -29 -30 -31
leaf_value=-0.073604463287956376 0.06890456464516824 -0.045982225788791992 -0.0051423602285084139 0.056783646933999281 -0.045764691308047757 -0.062455399898446007 -0.047623441536863403 -0.023485786917327705 0.065978051329202023 -0.016554779113571731 0.073272786232905215 -0.010329505824417195 0.060172992254595561 0.052345627930505338 0.0078341960962443075 0.032889758236387144 0.014287218587683712 -0.067446201313359128 0.35324017842506561 0.10702430299603459 -0.014502345936497721 0.010809198712114611 -0.098150513000835909 0.02109664871017319 0.0026659190485304953 -0.042745934379013771 0.0038218530894317719 0.16670492230671133 0.027126516711427563 0.16489562046383033
leaf_weight=348.87283857725561 33.56851564720273 90.069744497537613 19.185189055278901 160.60928075760603 121.71102877147496 211.52087141014636 106.67259684018791 48.258728977292776 36.074560157954693 757.02720687165856 4.5047639459371549 363.28763057664037 159.42590605095029 19.275702886283398 1642.7139833047986 209.87898998335004 40.386783976107836 143.01349216140807 3.7141664065420628 79.307761177420616 86.142178270965815 66.884840082377195 13.322682064026592 24.43478124961257 290.55357569083571 88.25327387265861 516.46688854694366 16.902063518762589 693.44482931122184 4.8188820462673894
leaf_count=16206 468 914 531 822 2381 7839 3284 598 735 15386 121 3912 1243 143 15779 1504 1255 4313 98 706 977 677 156 233 8216 2545 8688 126 5035 119
internal_value=-0.00111745 0.00925384 -0.0433657 0.0160381 -0.00776164 -0.0318062 -0.0225595 0.0176758 -0.00997148 -0.00632326 0.0553732 0.0129913 0.0405477 0.010571 0.0141195 0.0419029 -0.0267419 -0.0523461 0.199791 0.0103462 0.0324495 0.0538474 0.00698156 0.0867855 -0.0176202 -0.00771045 0.00773986 0.105774 0.0323252 0.0289932
internal_weight=6400.3 5138.81 1261.5 3673.96 1464.85 912.624 701.103 3583.89 1431.28 1309.57 32.223 2729.84 207.685 2522.15 2158.86 246.057 668.88 183.4 8.21893 1912.81 256.77 170.627 1656.04 103.743 485.479 378.807 552.541 36.1778 854.054 24.0041
internal_count=105010 60483 44527 32825 27658 28321 20482 31911 27190 24809 869 26054 1841 24213 20301 1773 19613 5568 219 18528 2593 1616 15935 939 14045 10761 9423 269 5857 650
cat_boundaries=0 53 107 160 184 237 261 262 281 302 303 326 347 370
cat_threshold=0 0 4096 8 262144 0 65536 0 0 2147745792 16384 0 160 0 0 0 0 65536 536870913 0 0 0 262144 0 0 2097152 0 2147483648 536870912 2147484160 0 0 2097152 0 0 0 2147483648 524288 65536 0 553648128 0 0 128 0 524288 268435456 0 0 0 0 2147483680 2147614720 0 0 524288 0 0 0 0 0 0 2147483648 0 0 0 0 0 1 8 0 1 0 0 0 0 0 0 67108864 64 0 0 0 0 2147483648 6291456 0 8192 12288 0 0 0 0 0 4 0 0 0 524288 0 0 0 0 0 0 133120 2 0 0 0 0 0 0 65536 4096 0 270336 0 0 1048576 0 0 0 0 0 536870916 0 0 0 0 0 64 805371904 0 2147483648 0 2147483648 0 0 0 0 0 1073745920 1048576 0 65536 1 0 0 0 0 0 0 524292 268435456 512 0 0 32 16908288 0 2693005312 2097216 64 0 0 0 1024 64 0 0 2147483648 16827584 256 0 134219776 262144 67108992 265216 787456 2097153 0 0 4 0 0 4096 0 0 67108864 4096 0 0 263168 0 0 32 0 671089664 0 0 1073741824 0 134217728 0 0 0 0 64 538968064 0 0 32 32768 0 4096 0 16384 0 0 0 268435456 0 0 256 0 512 0 0 0 0 268435456 512 0 0 0 16777216 671088640 0 536870912 131329 192 134496256 6291459 536870936 33556480 0 4096 0 8720 10 0 0 0 147456 0 0 64 67108864 2147483648 1 10031504 17039360 0 0 512 0 0 0 0 0 0 536870912 1411981312 4 0 0 0 0 0 16640 0 0 8192 2147483648 0 0 0 262144 256 0 0 1074790408 8388640 16384 0 1048593 2147524673 33562629 258 1283459072 8388608 9 1375731712 0 0 0 0 0 32768 64 268435456 2147501312 128 33554432 0 0 0 0 268435456 2097152 0 0 33554432 294944 10 17039360 0 0 512 0 0 0 0 0 0 32 202014720 134217728 0 0 0 0 64 0 0 1024 1111490560 1048576 16384 0 0 33555456 16384 16388 16777216 8388609 0 33554432 0 0 0 0 268435456 2097152 0 0 0 196608 131594
is_linear=0
shrinkage=0.1


Tree=16
num_leaves=31
num_cat=10
split_feature=18 18 3 23 3 30 28 25 23 26 23 3 23 3 3 29 23 17 3 3 6 30 12 20 25 26 16 15 29 3
split_gain=208.343 50.8756 38.7409 26.1138 25.8383 25.3213 20.723 20.9742 20.5218 18.0579 50.4216 55.3801 27.4056 49.631 49.1841 31.3341 27.7011 25.4581 24.5001 20.2334 24.7231 26.1512 18.9172 18.2531 16.2699 19.0804 25.5773 34.0165 38.5599 24.2931
threshold=0.04906145483255387 0.021944295614957813 0 24.500000000000004 1 4256.5000000000009 0.045391317456960685 17.500000000000004 56.500000000000007 1.5000000000000002 1.0000000180025095e-35 2 1.0000000180025095e-35 3 4 0.071457866579294219 3.5000000000000004 27.650000572204593 5 6 7 3458.5000000000005 8 129.50000000000003 1.5000000000000002 26.500000000000004 8.5000000000000018 1.5000000000000002 0.028880470432341102 9
decision_type=2 2 9 2 9 2 2 2 2 2 2 9 2 9 9 2 2 8 9 9 9 2 9 2 2 2 2 2 2 9
left_child=1 -1 5 4 24 -2 7 -6 9 12 11 -11 14 15 -4 -14 22 -17 23 20 -16 -22 -15 -12 -3 26 27 28 -26 -28
right_child=2 3 8 -5 6 -7 -8 -9 -10 10 18 -13 13 16 19 17 -18 -19 -20 -21 21 -23 -24 -25 25 -27 29 -29 -30 -31
leaf_value=-0.068435776068054163 0.05740853168883403 -0.01236424039275718 -0.025741802751818657 -0.081828857488412343 -0.01514006557576298 0.018301819114262801 -0.06142663308555181 -0.074050551432306363 -0.079762097185368558 -0.044493033645315233 0.0059938894696720726 0.041564034996767987 0.15115784423088849 -0.033781624451691743 0.039761013123892429 -0.078632283818082085 -0.032012397538844377 0.063503132902955492 -0.041512723543803032 0.0043755389818481852 0.092357653624160874 -0.018597736610750117 0.043658936488582469 0.16540727478597639 0.53638529797438961 -0.038361850281468192 -0.036810215786191952 0.051538182912732822 0.11002960110338811 0.071658988015979919
leaf_weight=326.68252758309245 214.11876377463341 269.7106555160135 441.01194350421429 73.304548610001802 509.68668401613832 730.23998607695103 174.69851639308035 68.567102581262589 28.774010414257646 94.051020920276642 65.877211634069681 268.03785057738423 38.998582173138857 34.022424031049013 421.35353015363216 13.813066132366655 128.03160060942173 143.66364911571145 359.96894981898367 1526.3097376339138 24.457700572907925 161.55912144482136 141.16089185699821 8.0616561993956548 3.8972345683723706 28.812796520069242 32.183690177276731 14.100703069940208 4.6548762433230877 33.350923979654908
leaf_count=16282 1046 7080 5999 3410 15145 4587 5170 2480 810 1108 846 3039 417 401 4830 164 1816 1473 5059 16853 163 2017 1624 79 103 774 896 369 112 834
internal_value=-0.00136504 -0.0334086 0.00882093 -0.0239749 -0.0202536 0.026884 -0.0308345 -0.0221254 0.00436598 0.00500271 -0.00842123 0.0191302 0.00847834 0.0299098 0.00431896 0.0674748 0.00323668 0.0510357 -0.0314124 0.0106032 0.0259288 -0.0040092 0.029183 0.0205902 0.00111651 0.032288 0.0553708 0.146972 0.304322 0.023708
internal_weight=6383.16 1539.65 4843.51 1212.97 1139.66 944.359 752.952 578.254 3899.15 3870.38 795.997 362.089 3074.38 499.69 2574.69 196.475 303.215 157.477 433.908 2133.68 607.37 186.017 175.183 73.9389 386.711 117 88.1874 22.6528 8.55211 65.5346
internal_count=104986 52655 52331 36373 32963 5633 22795 17625 46698 45888 10131 4147 35757 5895 29862 2054 3841 1637 5984 23863 7010 2180 2025 925 10168 3088 2314 584 215 1730
cat_boundaries=0 21 43 64 85 109 130 151 152 153 175
cat_threshold=16384 537133184 64 0 0 0 0 33792 72 0 0 2281701376 2155872384 256 0 0 1 67117248 33836032 2148270083 5 268435456 2097152 805306368 128 536870912 0 12582918 16384 0 0 134217752 0 65792 0 0 0 0 2129920 0 0 1073872896 428032 159383552 1 0 262144 0 0 2048 0 0 0 524288 1363443720 34835 24576 0 2304 0 50331648 131088 134284288 2097152 553910272 8388608 0 0 0 0 0 0 0 0 4096 78905352 150997072 64 0 16 2147483648 0 0 1073807360 1024 553912320 0 1025 0 0 71303184 0 0 0 0 536875008 8388609 285229072 68 262144 17170448 0 8388608 256 4194304 8389632 0 0 1 262144 25165825 0 64 0 0 8192 0 0 0 536875008 268468232 16777232 96 0 2064 0 0 0 0 8389632 134217728 1 2097152 322 0 0 264192 0 0 0 0 1413480448 33281 32 0 137363712 327744 33554440 516 142738432 2097152 1 109322280 268435456 0 536870912 0 0 0 0 16384 0 0 0 0 65792 0 0 0 0 32768 0 0 1073741824 395264
is_linear=0
shrinkage=0.1


Tree=17
num_leaves=31
num_cat=10
split_feature=18 13 3 13 18 13 18 23 3 30 6 17 14 3 23 30 3 25 23 14 29 3 30 3 29 17 26 23 14 29
split_gain=192.169 46.3918 45.1086 42.2565 37.9791 24.375 23.2583 20.7901 34.8571 17.1713 19.7406 16.2868 15.3666 15.0413 19.6688 17.6668 19.3631 18.9202 21.9451 14.8236 22.3238 14.2728 16.4572 13.8229 13.5447 17.3112 16.0687 34.4716 32.8658 18.0074
threshold=0.038303164765238769 0 1 2 0.021944295614957813 3 0.080525159835815444 22.500000000000004 4 1272.5000000000002 5 29.150000572204593 8.5000000000000018 6 46.500000000000007 4378.5000000000009 7 8.5000000000000018 1.5000000000000002 8.5000000000000018 0.10984231904149057 8 1272.5000000000002 9 0.024849578738212589 50.549999237060554 1.5000000000000002 1.0000000180025095e-35 3.5000000000000004 0.023780041374266151
decision_type=2 9 9 9 2 9 2 2 9 2 9 8 2 9 2 2 9 2 2 2 2 9 2 9 2 8 2 2 2 2
left_child=4 -2 9 -4 -1 11 -5 8 24 -3 -11 -6 -12 -8 15 16 -15 18 -17 21 -21 -18 -23 -19 25 -7 27 29 -29 -27
right_child=1 2 3 6 5 7 13 -9 -10 10 12 -13 -14 14 -16 17 19 23 -20 20 -22 22 -24 -25 -26 26 -28 28 -30 -31
leaf_value=-0.067526891631191063 -0.056763357566534417 0.065650129499693566 0.075995643989272152 -0.0071212329321495953 0.24612616056711425 -0.05523186852346601 -0.011377045034424448 -0.086952312785969085 -0.053338184201804521 0.034892124919133079 -0.029441105863577149 0.036930697845980208 0.042286601383768885 -0.0016717800868507248 -0.099074698243980866 0.0041103413159156226 -0.023194708765477488 0.060494929163906842 -0.043810325380907456 0.17177108155622595 0.041657619490682786 0.065365248129746659 0.021973196069427738 -0.011741818733964819 -0.020492831639187546 -0.0052123207735404638 -0.039374769605165755 -0.079525751739868436 0.24026618371195019 0.10212850230744197
leaf_weight=304.8689029738307 99.661173982545733 126.31720357388258 72.561784077435732 1349.0138241034001 4.2569139674305916 28.738182786852121 323.65503291413188 59.772002693265676 278.0547819621861 478.58383739180863 98.333928741514683 29.596214547753334 42.897402476519346 313.61216792091727 16.033500449731946 1051.0408424027264 56.322098907083273 82.375774409621954 105.12114294990897 16.605930145829916 64.033689104020596 99.155596937984228 737.54529459029436 39.159889459609985 335.17622370459139 63.937165835872293 26.219869984313846 4.1095774155110147 14.742523003369568 20.684809125959873
leaf_count=16228 1526 627 751 25473 97 869 3474 3119 9933 3569 870 743 328 2713 372 10015 376 717 1190 122 420 666 6809 413 9854 1984 741 122 381 405
internal_value=-0.00058004 0.00769965 0.00906026 0.00510514 -0.0371758 -0.0264822 0.00372044 -0.029777 -0.0257342 0.0316221 0.0251974 0.0488163 -0.00765463 0.00876846 0.011295 0.0120289 0.0202972 0.00369867 -0.000246726 0.0271121 0.0684516 0.0236827 0.0267952 0.041231 -0.00892323 0.01499 0.0305501 0.0482687 0.170555 0.0210258
internal_weight=6342.19 5172.03 5072.37 4326.24 1170.16 865.288 4253.67 831.435 771.663 746.132 619.815 33.8531 141.231 2904.66 2581.01 2564.97 1287.27 1277.7 1156.16 973.663 80.6396 893.023 836.701 121.536 493.608 158.432 129.694 103.474 18.8521 84.622
internal_count=104907 60431 58905 53511 44476 28248 52760 27408 24289 5394 4767 840 1198 27287 23813 23441 11106 12335 11205 8393 542 7851 7475 1130 14356 4502 3633 2892 503 2389
cat_boundaries=0 52 76 129 183 206 207 228 248 269 282
cat_threshold=0 2147483648 1073745920 0 262144 268435456 0 0 0 0 16384 0 160 0 65536 2155872256 0 0 0 0 0 0 0 134217728 64 65536 0 2147483648 536870912 32768 0 4096 0 16 1073741824 32 2147483648 268959744 0 0 553648128 0 0 0 2 0 132 8388608 0 0 0 2155872256 16384 2290089984 2097216 512 0 0 2048 0 524352 0 0 8 16777600 256 0 2048 0 100663424 33819648 8913921 1029 0 0 4 0 0 524288 0 0 33554432 65536 0 0 0 0 0 8388608 0 0 0 8 0 5 0 0 0 0 2097152 0 67108864 1073741824 16384 0 0 0 2150629376 6291456 0 8192 8192 1073741824 0 0 0 33554432 4 0 134217728 0 0 0 0 0 0 0 0 2048 0 0 0 0 0 0 65536 4096 0 270336 0 16384 0 0 0 0 0 0 4 0 0 0 0 0 0 872480768 0 2147483648 32 2147483648 0 0 4456448 0 8192 1073741824 1048576 0 65536 0 0 0 0 134217728 1024 0 524420 0 67108864 0 0 32 16908288 2 3222274048 268435458 0 0 536870912 1024 1024 540672 65536 165505 16 0 67108864 0 0 0 0 2162688 0 0 0 297216 41947178 1 16842752 0 0 2 16777216 2097152 0 33816576 0 0 4 1344471040 2228224 4097 0 2097152 2155913728 8200 2 1208221696 8388656 32768 128 33554432 2147483648 0 2048 0 65568 0 0 536870912 21495808 134250501 24576 4194304 1048592 32 16777216 655616 2485125120 0 262144 0 0 0 0 0 0 0 0 0 0 8405056 0 0 0 0 0 512 0 2097280 0 0 0 0 0 0 0 0 0 0 32 210763776 134217729
is_linear=0
shrinkage=0.1


Tree=18
num_leaves=31
num_cat=9
split_feature=18 18 13 13 13 23 1 25 9 30 9 15 17 17 18 13 17 25 29 9 30 14 14 16 14 29 16 9 17 30
split_gain=178.339 45.8975 39.3398 24.4516 23.8076 20.1715 19.0542 13.9697 13.6277 12.7438 12.5298 12.4509 19.6152 12.6237 12.2502 13.131 11.757 11.0833 14.5702 17.2312 11.7291 10.7903 12.4027 10.5203 10.3428 9.74311 9.55722 13.0147 20.1421 17.5867
threshold=0.053426939994096763 0.021944295614957813 0 1 2 20.500000000000004 3 118.50000000000001 4 3458.5000000000005 5 5.5000000000000009 34.049999237060554 24.550000190734867 0.12494447454810144 6 23.849999427795414 30.500000000000004 0.10984231904149057 7 4293.5000000000009 7.5000000000000009 9.5000000000000018 8.5000000000000018 2.5000000000000004 0.082059286534786238 12.500000000000002 8 31.250000000000004 4447.5000000000009
decision_type=2 2 9 9 9 2 9 2 9 2 9 2 10 8 2 9 8 2 2 9 2 2 2 2 2 2 2 9 8 2
left_child=1 -1 -2 23 17 9 21 8 24 -5 -11 13 -13 16 15 -10 -12 18 19 -4 -19 -6 -23 -3 -8 -17 -27 28 -28 -30
right_child=2 3 4 5 6 -7 7 -9 14 10 11 12 -14 -15 -16 25 -18 20 -20 -21 -22 22 -24 -25 -26 26 27 -29 29 -31
leaf_value=-0.066644534996128699 -0.058068312060906846 0.20301546931885484 -0.034952303906331299 -0.057646080093796563 0.017876277507472612 -0.07456336046315036 0.031091487528761726 -0.075824802787743895 -0.030632607762357152 -0.049107014470453555 0.018216745040865075 0.01419146973421926 0.23102115698433656 -0.018422707236287198 0.013966157064605828 0.013233293549017476 0.21083006203676613 -0.042661864219406292 0.080372006504625379 0.059754018689726865 0.040124344463923343 0.10311778399861733 0.031742635031577864 0.050237647654087218 -0.030335102201333404 -0.011132400903669586 0.20432192509069136 0.0027182889877694948 -0.016546441003072829 0.13780551982826589
leaf_weight=286.97274342738092 78.541269749403 5.8317678105086115 28.917067740112543 90.644069919362664 137.8932064473629 76.268984120339155 33.046164937317371 20.744387205690145 102.05609768070281 114.72605551220477 11.417616218328474 33.8288015704602 4.7590292170643798 967.41624582000077 1754.3608829136938 799.14550391957164 4.3865307029336682 27.011922936886549 98.206327313557267 29.972121085971594 46.703758224844933 41.191054742783308 59.530969191342592 19.844642138108611 160.74294912442565 530.25430777482688 8.5520220324397069 733.39218617975712 23.167120942845941 10.833748083561657
leaf_count=16301 1054 132 367 2578 987 3947 356 224 1438 3462 310 967 112 27797 12379 12298 83 238 713 351 332 254 399 425 1677 6433 99 8859 281 129
internal_value=-0.00170184 -0.0303766 0.00810733 -0.0225459 0.00933102 -0.0244754 0.00763852 0.00601905 0.0064421 -0.0215619 -0.018684 -0.0146443 0.040933 -0.0169744 0.00770922 0.00277135 0.0716777 0.0400433 0.056789 0.0174608 0.00978867 0.0346005 0.0609321 0.0611297 -0.0188857 0.00451466 -0.000784923 0.00628619 0.0543639 0.032635
internal_weight=6340.36 1616.1 4724.26 1329.12 4645.72 1303.45 4414.91 4176.3 4155.55 1227.18 1136.53 1021.81 38.5878 983.22 3961.76 2207.4 15.8041 230.811 157.096 58.8892 73.7157 238.615 100.722 25.6764 193.789 2105.34 1306.2 775.945 42.5529 34.0009
internal_count=104982 56114 48868 39813 47814 39256 45813 44173 43949 35309 32731 29269 1079 28190 41916 29537 393 2001 1431 718 570 1640 653 557 2033 28099 15801 9368 509 410
cat_boundaries=0 52 105 158 159 160 161 209 210 211
cat_threshold=0 0 1073745920 0 262144 268435456 4096 0 0 0 0 16384 160 0 134217728 0 0 65536 0 0 0 0 0 134217728 0 65536 0 0 0 128 0 5120 0 16 1073741825 0 2147483648 268435456 0 0 0 0 0 0 1026 0 268435584 0 0 0 0 2155872256 0 0 32 0 0 0 69640 0 0 262144 0 0 0 0 0 0 8 0 1 0 0 0 0 0 0 67108864 0 2147483648 0 2147483648 32768 524288 4194304 0 0 1073741824 0 2 0 1 0 0 0 134217728 0 0 128 0 0 0 0 0 16908288 0 0 2621440 0 0 0 65536 0 0 1024 0 8388608 8388608 33554432 0 0 0 16777216 4 0 0 262144 0 0 1024 268435456 64 0 0 0 32768 2148532224 0 16384 8192 8192 1073741824 0 16777216 0 33554688 4 16777216 134217728 512 0 32 0 0 0 0 0 83888128 111149056 10528 12801 0 67108864 0 0 0 67108864 0 0 0 8192 0 0 0 0 65536 0 0 0 536870912 2 0 0 0 0 64 538968064 0 16384 32 2147483648 0 0 0 16777216 0 4096 0 0 0 1 536870912 8192 0 0 33554432 0 0 268501120 17543 1027
is_linear=0
shrinkage=0.1


Tree=19
num_leaves=31
num_cat=15
split_feature=18 13 13 3 18 13 3 20 3 3 17 18 13 18 17 13 8 3 3 1 17 13 28 20 18 28 20 3 27 26
split_gain=135.457 44.8803 38.4632 31.4819 29.0364 27.6211 28.5184 18.3525 26.2819 17.9219 16.8539 16.1681 15.8947 13.8795 13.6374 13.6012 13.593 26.9125 14.0879 14.1118 12.7742 13.0992 12.5166 12.8367 23.0711 12.0644 11.3358 17.7006 12.1561 11.321
threshold=0.044620942324399955 0 1 2 0.023826113902032379 3 4 2.5000000000000004 5 6 47.45000076293946 0.026733554899692539 7 0.030987782403826717 47.45000076293946 8 9 10 11 12 35.850000381469734 13 0.020444549620151523 -1.0000000180025095e-35 0.016710781492292884 0.12793135643005374 17.500000000000004 14 -1.0000000180025095e-35 1.5000000000000002
decision_type=2 9 9 9 2 9 9 2 9 9 8 2 9 2 8 9 9 9 9 9 10 9 2 2 2 2 2 9 2 2
left_child=1 10 -2 -4 7 9 -7 8 22 14 13 -12 -8 -1 -5 -11 17 -14 -18 -20 25 -22 23 -3 -25 -19 -6 28 -28 -21
right_child=2 4 3 5 26 6 12 -9 -10 15 11 -13 16 -15 -16 -17 18 20 19 29 21 -23 -24 24 -26 -27 27 -29 -30 -31
leaf_value=-0.016168041962283258 -0.052010668622354442 -0.0429951228155473 0.026677070503593484 0.068998365596128791 -0.017894296397643498 -0.028134221102547464 -0.033193192379124693 -0.083217177125803177 -0.068100386211372516 -0.013934679940611608 0.37730779542141957 0.10490970816573522 -0.022540591898308329 0.1341870953990911 0.17813721713866623 0.055877703515910288 -0.016634634810299666 0.10863642256407105 0.032712425523290463 0.0081875408751393743 -0.037538855689954749 0.040211941285970276 -0.025682217541103742 0.022576616891846871 0.21902571829142989 0.039871662399762753 0.088505783842928398 -0.056494676587546304 -0.085098959954214945 -0.0078753766469310243
leaf_weight=13.703434290364386 96.88990705087781 10.176769433543084 806.16917667537928 27.800927292555571 764.34709569439292 256.50769353844225 92.440916588529944 151.52876959275454 94.201413504779339 58.653872596099973 3.5390757229179126 5.6697526182979345 73.002660509198904 11.123032310977576 19.465611036866903 40.564418124035001 266.72873939946294 50.262714900076389 190.0665989536792 2338.0636976547539 21.746006898581982 75.144359514117241 45.815511858090758 17.684715354815129 9.0310214627534133 51.815671123564243 17.117396052926782 150.25340085383505 5.2767608631402245 540.13211555965245
leaf_count=508 1442 554 5765 225 22660 3580 1196 9361 5322 631 152 104 945 183 142 424 3757 654 1615 26517 256 801 2344 1012 460 389 526 6503 161 6778
internal_value=-1.88363e-05 -0.0287862 0.00744946 0.00871135 -0.0318385 0.00512459 0.00348465 -0.0576756 -0.0357983 0.0463593 0.0726949 0.209596 0.00574696 0.0511958 0.0940474 0.0171103 0.00683395 0.0279728 0.00503159 0.00696299 0.0466981 0.0230375 0.00823113 0.052578 0.0889845 0.073731 -0.0231218 -0.0462649 0.0329054 0.00515521
internal_weight=6304.92 1299.47 5005.46 4908.57 1265.43 4102.4 3955.91 328.438 176.909 146.485 34.0353 9.20883 3699.4 24.8265 47.2665 99.2183 3606.96 271.971 3334.99 3068.26 198.969 96.8904 82.708 36.8925 26.7157 102.078 936.995 172.648 22.3942 2878.2
internal_count=104967 49850 55117 53675 48903 47910 46488 19053 9692 1422 947 256 42908 691 367 1055 41712 3045 38667 34910 2100 1057 4370 2026 1472 1043 29850 7190 687 33295
cat_boundaries=0 53 106 130 184 207 230 251 304 357 358 379 401 402 451 473
cat_threshold=0 0 32 0 0 0 65536 0 0 270336 0 134234112 0 0 0 16384 8 0 1 0 0 0 0 0 64 336592896 0 2147483648 0 0 32768 0 0 268435456 1024 0 0 2 65536 0 0 4096 0 134217728 0 0 524416 0 67108864 0 0 134348800 16908292 0 2147483648 1073745920 8 262144 0 0 0 0 0 16384 0 160 0 0 2155872256 0 65536 536870912 134217760 0 0 0 134217728 0 0 0 2147483648 32 128 0 4096 0 16777232 1073741824 0 2147483648 268435456 0 0 536870912 0 0 128 0 0 268435588 0 0 0 0 8388608 2147483648 134217728 2692743296 536870976 64 0 0 262144 1024 72 0 0 2420113408 32900 256 0 0 0 67108864 265216 2148008969 33 0 0 4 0 0 524288 0 0 33554944 8 0 0 0 0 0 9437184 0 536870912 0 8 16777216 1 0 0 0 0 2097152 0 268435457 64 0 0 0 0 2149580800 0 16384 8192 4096 1073741824 0 0 1 33554432 0 0 0 1536 524288 0 0 0 134217728 0 2147483648 1677723648 2 8388608 16777504 5120 256 0 4194304 0 8 256 0 0 537526272 1024 4164 8388608 262144 2147483650 8396800 772 201392128 0 0 67108864 335544320 0 0 0 0 0 16384 1048576 2164260864 6160 0 0 0 0 0 0 0 0 0 0 2818572288 3397387216 297836674 0 16777216 2097152 0 0 0 0 0 0 0 32 201326592 1024 64 0 0 2147483648 0 0 0 1024 0 0 0 0 0 1024 0 0 0 2147492864 0 134217728 0 0 66560 0 16777216 1073741824 0 0 0 0 0 0 80 539033600 0 0 0 2147516928 32768 0 2097152 0 0 0 0 0 196608 256 16777216 0 0 0 2 0 524288 268435648 0 0 0 64 16777216 0 0 0 0 0 0 0 0 0 0 0 0 0 0 536870912 0 0 16777216 0 0 0 0 0 0 0 0 64 0 0 0 0 2147483648 0 0 0 4096 0 0 0 1 0 0 0 0 0 0 0 0 0 0 0 2147483648 536870912 10 16777216 1 8192 1 0 0 0 0 0 0 4096 87031808 10496 0 0 2048 0 0 0 276826112 2098176 81920 262144 0 262144 0 268439840 2 0 393216 0 0 303104 301989888 9 262144 1048576 535040 33554564 2147483714 0 0 67108864 111282176 0 0 0 0 0 67108864 0 0 0 0 0 0 0 0 0 0 0 0 0 0 0 0 0 0 0 0 0 0 0 0 0 0 256 0 0 0 0 0 16777216 0 0 0 512 0 0 0 0 0 512 2147483648 2097152 0 32 1082130432 0 4194304 0 0 1 4195328 0 0 0 0 0 0 3178496 0 0 0 196608
is_linear=0
shrinkage=0.1


Tree=20
num_leaves=31
num_cat=13
split_feature=18 3 13 3 13 3 20 3 3 13 30 28 23 3 28 3 12 25 29 28 15 3 22 15 3 25 25 29 20 30
split_gain=125.743 40.2479 38.0078 33.7568 34.6634 30.595 26.5243 45.4723 26.4099 19.9593 16.0549 15.7707 13.7413 31.2947 18.0578 17.4066 14.5441 14.3972 12.9089 12.7062 12.1997 18.0096 12.9576 11.056 13.5673 10.1206 18.9473 15.3934 9.88935 9.53297
threshold=0.041654093191027648 0 1 2 3 4 1.5000000000000002 5 6 7 4363.5000000000009 0.020444549620151523 8.5000000000000018 8 0.04741115681827069 9 10 6.5000000000000009 0.028880470432341102 0.019472314044833187 4.5000000000000009 11 0.049382729455828674 2.5000000000000004 12 8.5000000000000018 50.500000000000007 0.141564816236496 25.500000000000004 4493.5000000000009
decision_type=2 9 9 9 9 9 2 9 9 9 2 2 2 9 2 9 9 2 2 2 2 9 2 2 9 2 2 2 2 2
left_child=1 9 5 -4 -5 28 7 11 -6 10 -1 19 15 14 -14 -10 20 -15 -12 -3 21 -17 -23 -19 29 -16 27 -27 -2 -25
right_child=2 6 3 4 8 -7 -8 -9 12 -11 18 -13 13 17 25 16 -18 23 -20 -21 -22 22 -24 24 -26 26 -28 -29 -30 -31
leaf_value=0.0014703210071181536 0.0067777377937880481 0.028363754931829771 0.042262122684585242 -0.063919269158622699 -0.029779634685606571 0.076578433566894977 -0.067569232867002338 -0.05847502094063154 -0.010551465242764995 -0.011651137510789757 0.32828596567793394 -0.0038289191918615541 0.14424024791180906 -0.088031762902744878 -0.052713223517008315 0.063688521917365862 0.0066330178499789663 -0.057107200846113371 0.092583520365368849 0.16297275962586599 0.11925358319794813 -0.025098660824960879 0.10204790469780343 0.010365820612583206 -0.042773942096704175 0.1804177965160636 -0.021707905447557206 0.033085179508233413 -0.095205907145108612 0.12985246877946333
leaf_weight=5.6412528920918694 31.848312638700008 20.393852321431041 199.79079703986645 70.222914956510067 232.48559178598225 119.13301513157785 331.30234178993851 215.34022702369839 578.40042194351554 402.4211142770946 4.8454596456140262 145.38461136631668 11.861797349527476 56.36107175052166 18.557471664622426 62.551575530320406 3488.6906828787178 50.231726517900825 4.4645309764891863 10.687227640300991 17.197244547307491 62.343306386843324 9.1977241039276105 14.286748182028534 20.112168308347464 11.337581779807808 32.472509952262044 18.934901092201471 13.555373672395943 12.536020712926982
leaf_count=159 292 672 1305 1182 3478 1030 16348 10026 7438 14311 139 4689 101 1059 326 536 37928 852 80 165 179 748 111 195 406 176 246 101 181 161
internal_value=-0.00205007 -0.0320847 0.00462436 0.00299717 0.00126678 0.0505 -0.0461038 -0.0291299 0.00237495 -0.00653492 0.0806506 0.00945754 0.00411196 -0.0188189 0.0261697 0.00546271 0.00801437 -0.0448991 0.215257 0.0746491 0.0374817 0.0297897 -0.00767865 -0.024501 0.0103955 0.0121624 0.03135 0.0882639 -0.0193975 0.048229
internal_weight=6272.59 1140.48 5132.11 4967.57 4767.78 164.537 723.108 391.806 4697.56 417.372 14.9512 176.466 4465.07 246.692 93.1643 4218.38 3639.98 153.528 9.30999 31.0811 151.29 134.093 71.541 97.1667 46.9349 81.3025 62.745 30.2725 45.4037 26.8228
internal_count=104620 46589 58031 56528 55223 1503 31900 15552 54041 14689 378 5526 50563 3623 950 46940 39502 2673 219 837 1574 1395 859 1614 762 849 523 277 473 356
cat_boundaries=0 23 76 100 153 172 195 216 265 278 301 302 323 336
cat_threshold=3489660928 5242880 268435456 0 1610612736 2147484672 1024 16384 2147549184 2162688 4195328 33554432 67108864 0 0 0 0 2162688 0 0 2281701376 2181042432 21102593 0 0 2097152 0 0 0 8 0 0 1048576 0 134217728 1048576 0 0 0 8 16777216 4 0 0 0 0 2097152 0 1 64 0 0 0 32768 3145728 4194304 0 0 1073745920 1073741824 0 0 0 33554688 4 16777728 134217728 512 524288 0 0 0 0 0 0 1140852736 65536 537133056 0 0 0 2048 0 0 524352 0 0 131072 64 4352 0 2097152 329730 67109056 395264 524289 1 0 0 4 0 2147483648 1073745920 0 262144 0 0 0 0 1024 16384 0 160 0 65536 2155872256 0 268435456 0 32 0 0 0 134217728 64 65536 0 2147483648 536870912 128 0 4096 0 16 0 0 2147483648 268435456 0 0 536870912 0 0 128 0 0 192 8388608 0 0 131072 8388608 2147483652 0 16777216 0 0 0 0 0 1024 1179712 0 32 1150590976 68 0 0 0 0 0 16640 37748736 2 1073741856 0 0 0 16384 0 268435456 396085 16 0 0 0 0 0 0 0 0 0 536870912 415236626 8943620 16384 8389120 4096 129 150994944 29884544 8192 262144 33554432 0 0 16777216 268503040 65 262144 0 2147484192 2147532800 0 402653184 64 0 0 0 0 0 0 65536 0 0 262144 0 0 0 0 0 0 0 1073741824 1 0 0 0 0 0 64 67108864 0 2147483648 0 0 0 2147483648 0 0 8192 0 0 0 0 0 256 0 0 134217728 1024 2048 524288 0 67108864 17039360 2147483648 8256 0 0 0 0 1024 0 0 0 336625664 16778624 17072128 2147483648 8192 131072 0 136593664 4194306 128 4096 0 8 67117064 0 16386 0 25165841 0 131072 16 198656 0 0 2147483648 68323978 0 16777216 0 64 0 0 0 1024 0 0 4128 403734528 167772292 0 0 2048 1073741824 0 0 0 1024 0 1 2097152 64 0 0 0 0 0 0 4096 142606336 513
is_linear=0
shrinkage=0.1


Tree=21
num_leaves=31
num_cat=16
split_feature=18 13 18 13 3 13 3 23 3 3 3 25 15 3 15 30 25 3 23 26 3 3 12 3 28 18 13 3 15 30
split_gain=106.73 46.1928 39.5238 23.5586 20.4502 21.7024 21.7193 20.0186 45.6819 36.5473 29.7224 21.2694 16.1401 15.475 13.4263 23.3332 13.3953 47.6625 31.5539 30.3835 28.2495 21.8364 19.603 16.2699 15.4999 16.6083 13.2434 13.3372 12.4306 12.0545
threshold=0.064756568521261229 0 0.020287527702748779 1 2 3 4 3.5000000000000004 5 6 7 2.5000000000000004 3.5000000000000004 8 5.5000000000000009 4378.5000000000009 1.5000000000000002 9 2.5000000000000004 9.5000000000000018 10 11 12 13 0.069111082702875151 0.086290977895259871 14 15 4.5000000000000009 1664.5000000000002
decision_type=2 9 2 9 9 9 9 2 9 9 9 2 2 9 2 2 2 9 2 2 9 9 9 9 2 2 9 9 2 2
left_child=1 -1 -3 -2 29 6 -6 8 14 -10 11 -9 -13 -7 -4 -16 18 -18 20 22 -15 -22 -19 -21 -23 -26 27 -11 -27 -5
right_child=3 2 7 4 5 13 -8 10 9 26 -12 12 -14 16 15 -17 17 19 -20 23 21 24 -24 -25 25 28 -28 -29 -30 -31
leaf_value=0.081047832624878025 -0.033152976563686674 -0.065920585101307771 0.011209507054045892 0.056472418689691342 -0.034798162004933998 -0.014801403684378683 0.056271203180931373 -0.06349911071888395 -0.0013872282027726948 0.08071132875811185 -0.05668765274108211 0.052202117341013987 0.23894300831307891 -0.01175077455909496 -0.010283367461344348 0.24951861426473548 -0.024207232183782006 -0.006955603944990449 -0.074742508537662219 -0.026533000403049369 0.0053638480496492899 0.0739412327604375 0.058307920463100849 0.031712613155993961 -0.011702741921989982 0.031863294159664372 -0.042482008931246207 -0.025720410807653624 0.11775885933068771 0.019769184270709551
leaf_weight=35.061376811005175 126.29779140837491 188.19764944445342 416.34964872896671 107.44185175746679 27.618426166474819 367.13922604173422 140.5375296883285 12.194844683632253 434.08320861496031 11.254573309794067 214.47540681716055 19.158877991139892 6.1026179539039722 700.46309142559767 7.3950448818504793 6.4914348609745502 190.85809933952987 58.882132861763239 51.187812129035592 98.830638434737921 1102.9011981151998 77.897323939949274 318.58554125577211 75.755645848810673 90.862684022635221 177.81484357640147 621.7507220171392 21.185207820497453 18.611551754176617 535.33792817033827
leaf_count=797 1339 12916 11146 521 254 3620 1150 335 9617 265 8245 452 165 8379 180 161 2022 569 673 1100 9271 844 2847 743 1164 1388 20240 732 136 3618
internal_value=-0.00102457 -0.0201259 -0.0222372 0.00790021 0.00921022 0.00615129 0.0402 -0.0177193 -0.0133881 -0.0241658 -0.0438255 0.0354842 0.0973146 0.00431659 0.0141078 0.111165 0.00672756 0.0183733 0.00286023 0.0329363 0.00469201 0.012532 0.0494877 -0.000962663 0.0334605 0.023649 -0.039032 0.021522 0.040002 0.0255074
internal_weight=6260.72 1993.7 1958.64 4267.02 4140.73 3497.95 168.156 1770.44 1518.51 1088.27 251.932 37.4563 25.2615 3329.79 430.236 13.8865 2962.65 742.912 2219.74 552.054 2168.55 1468.09 377.468 174.586 365.186 287.289 654.191 32.4398 196.426 642.78
internal_count=104889 65251 64454 39638 38299 34160 1404 51538 42341 30854 9197 952 617 32756 11487 341 29136 7281 21855 5259 21182 12803 3416 1843 3532 2688 21237 997 1524 4139
cat_boundaries=0 54 107 127 180 201 219 242 265 286 307 328 351 352 373 425 447
cat_threshold=0 0 32 0 0 512 0 0 0 8192 0 0 0 0 0 0 16777224 65536 1 0 0 0 262144 0 1024 68157440 0 2147483648 0 0 0 524288 4194304 268435456 1024 1073750016 1073741824 0 0 128 0 134217732 0 134217728 1024 0 0 0 0 33554432 0 134348800 2052 2 0 0 0 0 262144 268436480 4096 0 0 8192 0 0 32 0 536936448 8388608 0 65536 1 0 0 0 262144 134217728 0 0 0 2147483648 131072 512 4096 0 0 16 0 0 2147483648 0 0 0 16777216 0 512 0 1024 0 128 268501120 0 0 0 2147483680 2147483648 0 553910272 2097216 512 0 0 2048 0 72 0 0 2147483648 32896 8448 0 134217728 0 201334980 281600 8914945 0 0 4096 0 0 33554432 65536 0 0 1024 0 0 1048576 33554432 134217728 0 8 16777216 0 0 0 262144 0 2097152 0 65537 64 16384 0 0 0 2147487744 4194560 0 8192 0 1073741824 0 16777216 1 33554432 0 0 0 0 524288 524288 0 0 33554432 0 0 603981824 16777216 2147483648 0 64 0 0 0 0 0 0 0 273686528 16481 0 0 256 0 0 2 0 4 2562719744 34 536870912 1 536870912 545312 9437216 0 34668544 0 134217872 0 67117056 2 0 131072 536870912 8519680 0 6291968 285212673 0 1140850688 1694499088 33636352 64 135168 0 0 32 70400 0 8388608 262144 0 32768 0 65536 2048 0 524290 536870912 2097153 0 32 0 0 8192 128 131072 1 138412032 0 18 64 0 0 0 2097152 0 0 0 98304 1 0 8388736 0 2147483904 0 0 262144 0 2048 0 0 8454144 2181170212 0 4194304 2099200 2147492400 33554441 131333 134479872 32 0 134217728 8192 64 0 0 0 0 0 0 524288 560504832 16449 0 0 59768832 32833 16777216 0 2216689664 10485760 17039360 2147483648 4194304 0 0 0 0 0 256 0 4096 68583424 151011328 16385 0 272 524288 0 33554512 1346371584 1109 81920 0 8192 0 0 2359296 1 1024 0 0 536870946 675282953 2048 0 0 8388609 34818 0 2147483650 1032 0 0 2147483648 100991136 17039360 0 0 0 0 0 0 0 0 0 0 1276379136 16779264 0 0 0 0 0 0 0 1024 0 0 0 0 0 1024 0 131072 0 0 0 0 0 0 536870912 0 0 0 0 0 0 0 0 0 0 536870912 0 0 0 0 0 0 0 0 0 0 0 0 0 0 0 0 0 128 0 0 524416 0 67108864 0 0 96 1073741824 67108865 0 262144 0 0 4194304 16512 0 0 4194304 0 2 64 0 0 0 16384 0 0 0 131072
is_linear=0
shrinkage=0.1


Tree=22
num_leaves=31
num_cat=10
split_feature=18 13 13 18 18 23 28 13 17 28 13 16 13 13 23 30 9 14 13 23 6 30 9 20 26 23 18 16 26 20
split_gain=91.4534 32.2698 24.715 24.6591 19.8836 17.0283 17.303 16.9283 19.5495 16.8547 12.9968 12.8118 11.8012 10.9905 10.2178 9.85173 9.5247 11.7295 11.0459 10.2486 10.247 9.72789 11.618 10.4182 9.43309 12.825 26.0983 33.8776 20.8803 20.1425
threshold=0.038303164765238769 0 1 0.018481097184121612 0.077127590775489821 30.500000000000004 0.036911355331540115 2 50.549999237060554 0.071913935244083418 3 24.500000000000004 4 5 5.5000000000000009 1664.5000000000002 6 1.5000000000000002 7 4.5000000000000009 8 4363.5000000000009 9 552.50000000000011 16.500000000000004 1.0000000180025095e-35 0.032146440818905837 8.5000000000000018 6.5000000000000009 1.5000000000000002
decision_type=2 9 9 2 2 2 2 9 10 2 9 2 9 9 2 2 9 2 9 2 9 2 9 2 2 2 2 2 2 2
left_child=3 -2 14 -1 9 6 7 -5 24 12 11 -8 -4 -6 -3 -14 -15 19 -19 20 -18 23 -23 -20 25 28 -27 -28 29 -9
right_child=1 2 4 5 13 -7 10 8 -10 -11 -12 -13 15 16 -16 -17 17 18 21 -21 -22 22 -24 -25 -26 26 27 -29 -30 -31
leaf_value=-0.064317877843780166 -0.056767485038446835 0.066334609653677407 -0.030139952641522201 -0.054567712302544015 -0.014789530981632071 -0.084272665130732172 0.0072494988916319923 -0.00055875998789018126 0.10287232699628268 -0.031433649604668504 -0.048813352422092837 0.21427534763175216 -0.026820171431650504 0.025534212160992137 -0.019057008770685557 0.0088838014446102204 0.0030685974910716445 -0.04401774222479353 0.017349063250404952 -0.084686201067775801 -0.044821831014404373 0.035758404326596341 0.0028838501093274849 -0.047565243227080591 -0.038308427792581284 0.0059208311835229482 0.34849503038545038 0.04974953509121989 0.24810004255881213 -0.064208590587551101
leaf_weight=156.31421236973256 73.14212355017662 99.263727582991123 106.00226846151054 62.500681104138494 191.29392157495022 40.62651682458818 14.414665458723904 289.72890040837228 16.909648786298931 227.51659825630486 192.34669787250459 3.7713079024106255 88.552508531138301 325.9538943246007 16.316207990050316 607.21548699960113 222.26579040661454 28.768405463546515 1418.44135921821 17.868392627686262 55.918854154646397 105.58977938443422 1629.6615502126515 25.162151938304305 78.563323602080345 69.452844400890172 5.4793460015207556 12.354537894949315 3.1264732498675576 60.018042573705316
leaf_count=11475 1272 912 2317 2476 1871 2845 506 9717 527 4505 7775 128 1844 2777 143 13069 2037 255 11601 191 517 908 15959 224 2862 2615 127 373 111 2987
internal_value=-0.000194851 0.00510718 0.00608138 -0.027817 0.00498048 -0.0210989 -0.0179251 -0.00924677 -0.00288584 -0.00741153 -0.0425807 0.0323777 -0.000594827 0.008165 0.0499577 0.00427816 0.00932587 0.0077496 0.00952953 -0.0112735 -0.00655802 0.0101208 0.00510695 0.0162176 -0.00638904 -0.000691814 0.0336291 0.141537 -0.00918144 -0.0114813
internal_weight=6244.54 5238.93 5165.79 1005.61 5050.21 849.293 808.666 598.134 535.633 1029.29 210.533 18.186 801.77 4020.92 115.58 695.768 3829.63 3503.68 3207.62 296.053 278.185 3178.85 1735.25 1443.6 518.723 440.16 87.2867 17.8339 352.873 349.747
internal_count=104926 60402 59130 44524 58075 33049 30204 21795 19319 21735 8409 634 17230 36340 1055 14913 34469 31692 28947 2745 2554 28692 16867 11825 18792 15930 3115 500 12815 12704
cat_boundaries=0 53 106 159 213 266 319 320 372 373 374
cat_threshold=0 0 1073745920 8 262144 0 0 0 0 2147483648 16384 16384 160 0 0 8388608 0 268435456 0 0 0 512 0 134217728 0 0 0 0 536870912 2147483648 33554432 4096 0 16 1 4096 0 268959744 0 0 536870912 0 0 0 2 0 0 268501120 0 0 0 0 4 0 0 524288 0 0 0 0 0 0 9216 0 0 9437184 0 0 0 8 0 1 0 0 0 0 2097152 0 1 64 16384 0 0 0 3145728 4194560 0 1024 0 0 0 0 0 33554432 4 16777216 0 512 0 0 0 0 33554432 0 134217728 1140852736 0 67108864 0 0 0 335544320 0 131072 0 262144 0 512 1048576 0 671088640 0 0 1090519040 0 134217730 0 0 262144 0 0 67108864 64 16384 134217728 0 0 2149580800 256 16384 8192 1073741824 0 268435456 16777216 0 0 0 512 0 0 0 0 268435584 0 0 0 2147483648 16777216 0 0 0 0 0 0 65536 0 0 262144 0 0 1048576 0 536870912 0 0 1073741824 0 0 0 0 0 0 0 67108864 64 0 134217728 0 0 2147483648 4194304 0 8192 1073741824 0 0 0 0 256 8192 512 0 0 0 128 0 0 0 0 32 16777216 2 0 67108864 0 0 0 67108864 65544 131072 0 0 0 0 0 0 671089664 8192 0 16777216 536870912 0 0 0 0 0 64 807403520 0 0 0 0 0 2147483648 0 16793600 0 0 0 0 0 1 0 0 0 0 33555456 524288 524420 0 512 0 0 0 2164260864 0 0 0 0 0 268435456 4096 0 0 0 0 134217728 0 0 65536 0 0 1073807360 0 134217728 0 0 262144 0 0 0 0 2147483648 0 33280 4160 1024 0 0 8192 0 2147483648 0 65536 0 0 8192 512 128 1024 0 268435460 0 0 0 0 2147483680 2684354560 21764 0 0 0 0 0 0 65536 0 0 262144 0 0 0 0 134217728 0 0 0 0 0 0 0 0 0 0 0 0 0 131072 0 0 2147483648 0 0 0 0 0 0 0 0 16777216 0 0 0 0 0 0 0 0 0 0 64 1 9
is_linear=0
shrinkage=0.1


Tree=23
num_leaves=31
num_cat=10
split_feature=18 13 18 13 12 13 8 30 7 23 30 17 30 30 9 12 12 17 18 30 26 23 29 30 18 30 30 15 29 7
split_gain=76.2334 31.9556 35.3739 22.7181 16.2982 13.8908 12.3688 39.0804 12.3614 11.8265 11.7298 12.0433 9.77371 10.2637 8.69747 12.6732 11.4201 11.469 8.16537 23.4482 7.91918 11.611 20.5432 9.58667 8.77551 12.4578 20.753 41.6535 15.3502 12.6432
threshold=0.064756568521261229 0 0.018481097184121612 1 2 3 4 4378.5000000000009 5 70.500000000000014 4270.5000000000009 64.950000762939467 910.50000000000011 4569.5000000000009 6 7 8 45.850000381469734 0.013638292439281942 4370.5000000000009 11.500000000000002 1.0000000180025095e-35 0.02267442457377911 4454.5000000000009 0.029572384431958202 4378.5000000000009 4350.5000000000009 1.0000000180025095e-35 0.041945777833461768 9
decision_type=2 9 2 9 9 9 9 2 9 2 2 10 2 2 9 9 9 10 2 2 2 2 2 2 2 2 2 2 2 9
left_child=1 6 -3 -2 -4 -5 7 -1 -6 10 -10 20 -8 18 15 -7 17 -16 19 -14 24 22 23 -22 25 26 28 -28 29 -12
right_child=3 2 4 5 8 14 12 -9 9 -11 11 -13 13 -15 16 -17 -18 -19 -20 -21 21 -23 -24 -25 -26 -27 27 -29 -30 -31
leaf_value=0.038012020036535428 -0.048020148189837158 -0.06769378630374849 -0.044754208679330769 0.047085767116101226 0.17385965502753811 -0.030391065805903301 0.15570107105899209 0.42268779826889907 -0.028732115643487679 -0.078888326256735128 0.12912870772636884 0.11892658899242332 -0.061648149101128563 0.13964736441395501 0.03540785896035234 0.01542780324375685 0.0079285279718427637 0.14542246368577819 -0.0090671811750681376 0.41653384232901908 0.064675282940033649 -0.044245808093126268 -0.012790563381016321 0.28529696963736811 0.001397744929881259 -0.037313360082240447 0.3723517228876832 0.021180217562070627 0.2308732854789072 -0.041178641132826183
leaf_weight=5.5177902411669493 62.798053665086627 139.75923727452755 162.21615252830088 81.938640981912613 3.5727159082889557 132.21312841773033 4.9698590887710443 5.0655447291210294 304.21249109786004 26.266237397678196 4.7449214551597843 7.5781272901222101 2.502870036289095 5.7006016513332716 53.69529914483428 98.432507041841745 3877.5350289996713 11.506634015589951 63.361005261540413 1.7372588440775869 4.7758829994127137 125.50157215353101 66.268471862189472 3.3518804060295224 752.67761893477291 154.64801527466625 4.3995495894923833 14.541433225385843 2.3970795217901459 53.600562142208219
leaf_count=126 837 10972 5490 624 93 1217 119 92 8934 1712 230 187 174 148 484 907 35713 101 1783 125 197 3920 1706 153 18526 7012 156 672 90 2369
internal_value=0.000174657 -0.0164073 -0.0192377 0.0075452 -0.0153461 0.00845818 0.0396095 0.114213 -0.0118548 -0.0123676 -0.0112018 -0.00673714 0.0177261 0.0107896 0.00758904 -0.0110084 0.00870207 0.0475328 -7.65655e-05 0.134272 -0.00753947 -0.02569 0.00561254 0.155659 -0.00386348 -0.0207626 0.0113587 0.102749 -0.0171391 -0.0273285
internal_weight=6237.49 1919.37 1830.51 4318.12 1690.75 4255.32 88.8549 10.5833 1528.54 1524.96 1498.7 1194.49 78.2716 73.3017 4173.38 230.646 3942.74 65.2019 67.6011 4.24013 1186.91 199.898 74.3962 8.12776 987.009 234.332 79.6835 18.941 60.7426 58.3455
internal_count=104869 64986 62419 39883 51447 39046 2567 218 45957 45864 44152 35218 2349 2230 38422 2124 36298 585 2082 299 35031 5976 2056 350 29055 10529 3517 828 2689 2599
cat_boundaries=0 54 107 108 153 154 155 156 157 158 159
cat_threshold=0 0 0 0 0 512 8 0 0 2147491840 0 134217728 8388608 0 0 0 16777224 0 1 0 0 0 262144 0 64 68157440 0 0 0 0 32768 524288 4194304 268435456 1024 0 0 0 0 128 0 4 0 134217728 0 0 0 0 512 0 0 131104 1073743876 2 0 0 4096 8 262144 0 4096 0 0 2147483648 16384 0 32 0 65536 0 0 65536 1 0 0 0 0 0 0 536870912 0 0 0 512 64 1024 0 16 0 0 2147483648 524288 0 0 16777216 0 0 128 1024 0 268435588 268435520 0 0 268435456 32 2147483648 34174208 0 0 0 0 0 33554432 0 0 0 270336 0 0 0 0 0 0 0 0 4 0 0 0 0 0 0 1 0 0 0 0 32768 2148532224 4194560 16384 0 0 1073741824 0 0 0 33554432 0 0 0 33554944 2 4 14880 46539240 4719496 1
is_linear=0
shrinkage=0.1


Tree=24
num_leaves=31
num_cat=18
split_feature=18 13 3 3 3 13 3 17 3 13 14 5 3 12 29 13 17 5 13 3 9 20 3 3 15 17 30 18 16 14
split_gain=62.2457 40.973 33.4361 27.8039 24.7269 26.6295 35.2046 21.1682 19.437 17.9408 15.39 14.1181 13.8223 20.3434 13.7087 13.5826 20.0864 11.9367 11.3424 22.2148 15.5287 26.446 21.0636 18.1471 14.9909 14.7659 11.3031 13.1613 24.1651 11.0306
threshold=0.028411639854311947 0 1 2 3 4 5 45.850000381469734 6 7 8.5000000000000018 8 9 10 0.19350311160087588 11 34.95000076293946 12 13 14 15 169.50000000000003 16 17 3.5000000000000004 34.049999237060554 2083.5000000000005 0.05538435839116574 16.500000000000004 1.5000000000000002
decision_type=2 9 9 9 9 9 9 8 9 9 2 9 9 9 2 9 8 9 9 9 9 2 9 9 2 10 2 2 2 2
left_child=3 10 11 15 -4 6 7 -6 -7 -10 14 -3 13 -11 -2 16 -1 18 19 24 21 22 26 -22 -14 -26 -20 28 -28 -15
right_child=1 2 4 -5 5 8 -8 -9 9 12 -12 -13 17 29 -16 -17 -18 -19 20 -21 23 -23 -24 -25 25 -27 27 -29 -30 -31
leaf_value=0.34043545105198808 0.01721377795638096 0.030355203619213001 -0.042154986210865691 -0.061952899280295348 -0.011413000218800748 -0.032288030586845991 -0.052225077970768786 0.09169786931818974 -0.049075432035517959 0.055625582118980367 0.14835626792577153 -0.046114566297686767 -0.0013837333685782398 -0.024551121433279144 0.13471027870300076 -0.016912048205306892 0.047028541797775179 0.063796507519857368 0.1584416988674332 -0.044178217055550847 -0.029356325263701057 0.14861881468119392 -0.0098138849915858691 0.0011561520218976195 0.19079563520996207 0.00093026804480613823 0.19453042070658766 0.024108314001580519 -0.013347015400478014 0.012288095907453596
leaf_weight=2.9366339864209294 35.662884294986725 442.46319816634059 134.76057476550341 217.09325607586652 56.299172365106642 154.41998522449285 198.00665633473545 30.804072975181043 56.080152612179518 94.396110670641065 23.410448724403977 18.184545531868935 40.899437668733299 89.651300372555852 13.761778078973292 168.44514439068735 11.355836657807229 19.512465910986066 8.1847712025046331 137.10155677981675 199.11342300102115 15.80363709386438 159.36407520342618 2865.2323467219248 9.723318946547808 7.0775860995054236 13.264418250881137 118.14306794852018 9.6679639630019647 870.33071386627853
leaf_count=153 440 3387 2657 15116 809 3153 3763 429 880 697 220 210 631 881 81 9307 570 326 58 2305 4680 228 2364 42078 130 103 280 1369 215 7454
internal_value=-0.000732053 0.00188943 0.000878378 -0.0388994 -0.00139241 -0.000246827 -0.0294163 0.0224722 0.00151839 0.00269193 0.0717188 0.0264208 0.00341906 0.0134358 0.0499294 -0.00770005 0.0631382 0.000458777 -6.26651e-05 -0.0229174 0.00131469 0.0217773 0.0159878 -0.000915511 0.0266639 0.110813 0.0414186 0.0375652 0.106892 0.00875652
internal_weight=6221.15 5821.32 5748.48 399.831 5287.84 5153.08 285.11 87.1032 4867.97 4713.55 72.8351 460.648 4657.47 1054.38 49.4247 182.738 14.2925 3603.09 3583.58 194.802 3388.77 324.428 308.624 3064.35 57.7003 16.8009 149.26 141.075 22.9324 959.982
internal_count=104974 79828 79087 25146 75490 72833 5001 1238 67832 64679 741 3597 63799 9032 521 10030 723 54767 54441 3169 51272 4514 4286 46758 864 233 1922 1864 495 8335
cat_boundaries=0 53 77 100 123 176 196 217 267 268 292 293 346 347 400 423 424 444 467
cat_threshold=0 0 2621440 0 0 1107296256 0 0 262144 1024 0 134217728 0 0 512 16384 8 0 4 0 0 0 0 0 1024 129 1073741824 0 0 0 0 3145728 4194304 0 1024 1073741824 0 0 0 1 33554432 536870912 0 134217728 512 67108864 0 0 0 0 0 134217728 1140852736 2147483648 2684616704 4194304 512 0 0 262144 33792 320 0 536871168 16809984 33562752 256 0 0 264192 67641536 262144 8912897 1 0 0 4 71303168 67108864 0 0 536870912 0 81920 0 0 2101248 0 33554432 0 0 0 0 0 0 0 0 2852126720 1082134658 54665762 1048576 272629888 65536 4256 1073741824 65536 132 4096 1024 8388613 8 1 0 0 0 0 2147484160 33554432 1284 201326592 0 131104 1 0 2147483648 4096 8 0 268435456 0 0 0 8192 0 0 192 0 134217728 0 0 1073741824 0 2 0 0 0 0 0 270532608 2048 16384 131104 0 0 4096 0 16777232 0 0 1048576 268435456 0 0 0 4202496 0 0 0 2048 0 268435520 0 33554432 0 8388672 2164260864 545259520 16777216 536879104 64 0 0 0 32 1179648 0 1074 2225414152 16778528 0 0 2048 1073750016 0 16 65536 0 0 536875264 4 0 134250496 521 0 4608 33554432 16 262144 268566560 536870952 1073741824 71303168 524288 0 0 1075904512 4327424 0 67108864 1207959552 0 262144 0 0 1024 0 2147483648 16384 0 32 0 1024 8388608 0 0 0 134217760 0 512 0 134217728 0 536870912 0 2147483648 536870912 2147483776 0 0 2097152 16384 1 32 2147483648 0 196608 16384 16777216 0 0 0 0 0 524288 8388864 0 131072 8 262144 0 2097216 257 0 2048 0 33554562 262144 0 4194304 671612928 142606336 4160 0 135266305 2 0 2148008000 2056 2097216 67108864 0 1 109838848 0 0 0 0 0 0 65536 0 0 0 0 0 1048576 0 0 0 0 1073741824 0 0 0 0 0 0 0 2097152 0 2147483648 0 0 0 0 4194304 0 0 0 0 0 0 0 0 8192 0 0 0 0 128 0 512 0 0 0 16908288 120 0 0 0 0 0 262144 524288 0 0 0 0 16384 0 0 73728 0 16777216 0 536870912 0 0 0 0 2097152 0 67174400 64 0 0 32768 32832 262144 0 0 0 4096 0 524290 0 256 536870912 8388608 8388608 0 2 0 64 65664 67109376 2 0 2147483680 4 134217728 25165824 8192 0 0 0 0 16384 8585216 0 32 8396800 83886080 0 0 0 1610612736 1048576 0 2415919104 1073741824 0 2048 17798 1216413696 0 268435456 262144 0 0 10240 0 1245184 0 4128 10559496 67109378 0 0 2097152 0 0 2 2147483648 0 8388608 1024 0 0 20975616 16 65600 8519680 1024 0 8 83886080 0 0 2097168 268435456 2228224 16386 2147483648 0 0 8
is_linear=0
shrinkage=0.1


Tree=25
num_leaves=31
num_cat=16
split_feature=18 3 3 13 3 13 13 13 3 3 16 17 13 17 20 20 3 29 16 29 18 29 3 25 3 26 3 25 3 3
split_gain=53.8959 40.0121 25.9795 27.2585 20.0086 19.9267 19.8001 18.1443 20.4962 16.2414 16.2336 14.5463 14.4202 14.4146 14.2643 13.9155 21.0957 13.098 13.1042 33.2663 13.0805 15.689 13.0436 14.1286 44.956 23.8747 25.9759 24.8743 20.78 15.9757
threshold=0.041654093191027648 0 1 2 3 4 5 6 7 8 1.5000000000000002 35.850000381469734 9 37.149999618530281 25.500000000000004 15.500000000000002 10 0.024849578738212589 12.500000000000002 0.02267442457377911 0.025506203062832359 0.027142156846821312 11 1.5000000000000002 12 1.0000000180025095e-35 13 118.50000000000001 14 15
decision_type=2 9 9 9 9 9 9 9 9 9 2 8 9 8 2 2 9 2 2 2 2 2 9 2 9 2 9 2 9 9
left_child=1 5 11 9 -5 -1 -3 8 -6 -4 20 -2 13 -12 -10 16 17 18 -8 -20 -7 -22 -9 28 -25 27 -27 -26 -24 -30
right_child=2 6 3 4 7 10 15 22 14 -11 12 -13 -14 -15 -16 -17 -18 -19 19 -21 21 -23 23 24 25 26 -28 -29 29 -31
leaf_value=-0.043853340126228858 0.082095156285124468 0.028932937367608082 0.021975286114090498 -0.02757177667522295 0.082643256393556019 -0.066611980918725944 -0.024109470242367231 -0.016932478210833227 0.028993249806084982 -0.06089071828555527 0.24869913108797359 0.022439800462624181 0.00065825025140313549 0.057901809216304383 -0.05593427991727408 -0.074449156618643972 -0.049851537619650221 -0.044606254959093324 0.024876912624031737 0.26621943070866483 0.32295735729173186 0.064919134717653246 -0.015642681209666116 -0.023253034198892551 0.047376983015273676 -0.017242375998293057 0.030601839113726406 -0.046855200334195289 0.049936122808947742 0.0036686748758046127
leaf_weight=73.173239364288747 47.309713799506426 36.332212630659342 29.065845102071762 194.53342326544225 54.065668903291225 2.8134038234129539 30.559943417087197 291.90834511443973 83.914708722382784 99.626387165859342 5.3390494370833039 300.50406002067029 356.96320058126003 15.326087512075903 25.874727139249444 123.71245955117047 282.83887140639126 39.396558130159974 38.524467710405588 6.7054118281230322 4.2147847395390254 5.3436739463359118 589.90426434017718 245.56609049811959 416.86545922420919 207.70885630510747 229.47342210821807 30.030552916228771 67.412157583981752 2281.1157308835536
leaf_count=3209 403 1638 316 2398 355 152 1533 3384 903 1508 129 2753 12560 497 326 8516 14450 1472 2129 180 122 173 8030 2899 4506 2741 2438 326 502 24326
internal_value=-0.000432436 -0.0214335 0.00369609 0.00176518 0.0030434 0.000697525 -0.0391129 0.00441782 0.0361236 -0.04194 0.00994368 0.0297002 0.00650581 0.0722392 0.0082284 -0.0443064 -0.0360507 0.00199194 0.0264771 0.0606564 0.122916 0.178701 0.00314633 0.00462509 0.0141412 0.0245138 0.00817624 0.0410448 0.000982466 0.00520283
internal_weight=6216.12 1021.24 5194.88 4847.07 4718.37 463.173 558.07 4523.84 163.855 128.692 390 347.814 377.628 20.6651 109.789 521.738 398.025 115.186 75.7898 45.2299 12.3719 9.55846 4359.98 4068.08 1129.64 884.078 437.182 446.896 2938.43 2348.53
internal_count=104874 46760 58114 54958 53134 16842 29918 50736 1584 1824 13633 3156 13186 626 1229 28280 19764 5314 3842 2309 447 295 49152 45768 12910 10011 5179 4832 32858 24828
cat_boundaries=0 23 47 100 121 175 229 282 299 319 372 395 416 438 458 478 499
cat_threshold=1073741824 67108866 268435456 0 1610612736 0 1048576 16384 2155937792 2105345 4194432 0 0 0 0 0 0 1048576 0 0 33554432 46320128 4233217 8404992 1 4194304 512 0 0 0 0 524616 0 524288 0 139392 256 0 0 264194 75505796 33819648 851969 1024 0 0 4 0 2147483648 1074270208 0 262144 268435456 4096 0 0 0 16384 0 128 33554432 0 0 0 0 536870912 134217728 0 0 0 0 64 268500992 0 0 537001984 2147484160 0 0 0 16400 0 0 2147483648 268435456 65536 1 0 0 0 0 0 0 268435456 268500992 0 0 0 0 2147483648 16779264 0 0 256 134217728 512 262145 0 4096 1048576 2 805371904 33619984 536879136 8388608 25165825 536871424 17301504 4 134217728 131072 0 0 524288 0 0 335544320 65536 131072 0 8192 0 0 1048576 0 134217728 0 0 1090519040 0 134217730 0 0 262144 0 0 805306368 0 0 131072 0 0 4096 0 32 0 0 0 0 65536 1 0 8192 512 0 1024 2048 0 268435456 512 0 268435456 2147483648 0 2 0 0 524320 0 0 1024 4096 0 0 0 0 0 0 0 0 16384 0 0 536870912 0 0 0 0 0 0 268435456 0 2147500032 0 0 0 0 0 0 0 1073741824 0 0 2147483648 0 0 8192 0 0 0 2048 524416 268435456 67109376 0 0 0 131072 2 0 0 1024 0 0 67108864 0 0 0 0 0 0 0 0 0 0 0 0 4 0 0 0 262144 2097152 0 1 1073741888 0 0 0 32768 1048576 256 0 0 12288 0 0 0 0 33554688 4 16777728 134217728 512 67633152 36 0 0 0 0 64 1073741824 0 8388608 2097216 0 0 0 2048 0 0 0 0 138412040 516 64 0 0 2147483648 0 16777216 0 64 0 0 0 32 0 0 32 1083473920 16779269 0 0 0 512 0 0 134217728 0 0 0 0 0 0 0 0 0 262144 0 0 0 0 0 0 8 0 0 0 0 0 0 0 0 69271552 64 0 0 0 0 0 4194304 0 8192 4096 2148532224 0 16777216 0 256 0 0 134217728 2 0 524288 0 0 33554432 0 134217824 16777216 335544320 268435456 1073741824 0 0 0 0 1048640 285212672 66560 0 0 67108864 0 0 0 268435456 0 0 0 536870912 1209798912 59252780 0 8388864 1024 1 0 4718608 10240 0 1050624 0 64 524296 16420 64 0 1441792 2147516529 0 256 2147485696 16 0 16777216 2147491840 64 0 2048 0 0 33554432 524288 0 2178949120 37953 0 0 33554432 65536 16384 512 77595648 10485760 67108864 0 128 538968064 32 0 0 0 0 0 0 0 1276379136 16777986 16384 0 134217728 1073741824 0 16384 268435456 537133056 2149580960 0 0 128 128 4100 0 393216 0 0 1141243904 150994946 1 0 2320 524288 64 147536 1346371584 65536 134217728 0 0 0 2048 0 0 0 0 0 16777216 36864 0 0 0 65536 16392 512 75498506 10485760
is_linear=0
shrinkage=0.1


Tree=26
num_leaves=31
num_cat=15
split_feature=3 13 13 23 3 18 13 3 23 23 3 3 20 3 3 3 9 17 13 26 17 26 26 30 28 16 16 3 5 30
split_gain=53.7386 38.7391 37.6252 28.4434 27.7618 25.9466 17.9667 22.0426 23.029 22.2809 18.5927 26.4516 19.82 33.2029 28.2301 17.8873 16.2495 14.3996 13.342 12.7979 10.9865 10.9486 47.4908 9.94457 9.6363 13.7748 14.0006 8.98997 16.0549 12.3867
threshold=0 1 2 49.500000000000007 3 0.077127590775489821 4 5 5.5000000000000009 1.0000000180025095e-35 6 7 4.5000000000000009 8 9 10 11 45.850000381469734 12 1.5000000000000002 44.549999237060554 1.5000000000000002 14.500000000000002 4249.5000000000009 0.021426487714052204 16.500000000000004 11.500000000000002 13 14 1272.5000000000002
decision_type=9 9 9 2 9 2 9 9 2 2 9 9 2 9 9 9 9 10 9 2 8 2 2 2 2 2 2 9 9 2
left_child=-1 15 17 4 -4 6 7 8 9 -6 18 16 14 21 20 -2 -12 -3 -8 -11 -13 -14 -23 -16 25 26 -22 -7 -29 -30
right_child=1 2 3 -5 5 27 10 -9 -10 19 11 12 13 -15 23 -17 -18 -19 -20 -21 24 22 -24 -25 -26 -27 -28 28 29 -31
leaf_value=-0.064590030004051474 0.03654269375826099 0.058818554588420571 0.025010937094059056 -0.063673795879588865 0.072065211058214992 -0.01205511952696357 0.078444460470586827 -0.011180498129687758 -0.053251557531834609 0.36170970520596207 -0.043611999490499181 -0.061120950082333453 0.012310362680665269 -0.070404329600453674 -0.060451404801619257 -0.080406510689267657 0.008046416890725978 0.18348126208838192 0.003174039283639938 0.15293309961467541 0.018361074333154207 0.4523782648678058 -0.059089352842455679 -0.025527957951376041 0.0098308530966480009 -0.024018381234663402 0.20785219346170997 0.092045141421871618 0.02133186244891034 0.0028437312586322163
leaf_weight=118.19949792511761 13.611078691668807 64.763047924265265 458.07749132066965 67.420575994998217 18.981490228325132 307.13842711411417 16.66606330126524 59.571691248565912 7.7811347981914869 5.3322995174676162 61.468472110107541 18.730711734853685 28.273440681397915 185.49327132292092 119.69970578886569 76.516695560887456 401.51691241189837 10.812692050822077 228.91718272864819 6.5338840838521719 6.5264995582401815 3.0502478247508398 4.4843046320602298 255.74072052724659 148.57704316359013 8.7677431479096395 9.6856428822502476 11.408585168421268 410.94804657250643 3066.5861652810127
leaf_count=7187 257 768 8124 3373 365 2703 367 1790 219 100 1415 601 1080 8096 3513 1956 9265 135 6672 128 247 91 156 9265 4527 324 151 87 2848 28911
internal_value=-0.000517843 0.000831946 0.00185955 0.000905901 0.00165173 -0.000378483 -0.0110783 0.0286846 0.0798197 0.139262 -0.0137851 -0.0187261 -0.0298199 -0.0555832 -0.0203025 -0.0608592 0.000410908 0.0676967 0.0111515 0.246751 0.0110646 0.0319365 0.14797 -0.0357112 0.0194926 0.0769591 0.131569 0.00411852 0.00556093 0.0050141
internal_weight=6201.28 6083.08 5992.95 5917.38 5849.96 5391.88 1595.8 98.2005 38.6288 30.8477 1497.6 1252.01 789.029 221.301 567.728 90.1278 462.985 75.5757 245.583 11.8662 192.288 35.808 7.53455 375.44 173.557 24.9799 16.2121 3796.08 3488.94 3477.53
internal_count=104721 97534 95321 94418 91045 82921 48372 2602 812 593 45770 38731 28051 9423 18628 2213 10680 903 7039 228 5850 1327 247 12778 5249 722 398 34549 31846 31759
cat_boundaries=0 23 75 128 152 206 229 252 275 299 322 345 346 395 418 419
cat_threshold=2147483648 268435456 1073774624 0 512 67108864 1048576 0 0 1570 0 0 1052672 17203200 0 256 32 0 512 65536 167837696 2165317648 256 0 2147483648 1074266112 0 262144 0 0 0 0 0 0 512 224 0 134217728 8388608 16777216 0 0 0 0 0 0 134217728 0 134217728 0 0 32 2147484160 0 5120 0 16777216 0 0 2147483648 268435456 524288 0 0 4194304 0 0 0 0 268435588 0 0 0 0 2155872256 0 16777216 4 0 0 33554432 0 0 33816576 0 0 0 8421377 0 0 16384 2147483648 0 5 1048576 0 0 0 2048 0 0 1073741824 0 0 65536 32768 1048576 2097152 0 1024 1073750016 1073741824 0 0 0 33554432 0 0 0 33554944 67108864 524288 0 524288 0 0 134217760 67108864 67108864 545259648 4194304 576 0 0 0 16384 1048648 0 16 536870912 10486160 0 0 1 98304 2097216 265216 8913921 1 0 0 4 0 0 0 0 0 512 65536 131072 0 2147484672 16384 134217728 0 0 0 8192 8 65536 0 0 0 0 0 0 64 67108864 0 2147483648 0 0 0 2147483648 4456448 0 0 0 0 2 0 128 0 134217732 0 128 1024 0 0 33554432 67108864 33554432 0 0 1073874944 2 1082130432 68157441 536870912 262144 536870912 134217728 4194304 16 0 0 4194304 0 67109378 0 0 0 1073741824 8388608 0 0 1073741824 131072 1 402653248 0 805306369 128 8388608 4719104 2097153 0 2048 0 134742016 0 2214592512 66 0 131072 537395200 0 0 131072 131072 75759744 4102 2048 35651616 16777216 0 67108928 0 12320 8 3221422080 8405249 67108864 33554432 2560 0 8650752 0 0 131072 4194304 0 0 4212736 67117056 0 0 0 33 1073741824 134481024 260 16 0 2097152 1096 0 0 12 0 17039360 0 1048576 0 0 0 229380 37881345 1 541065216 2 1114112 262400 0 0 4259840 0 268439552 2149195904 128 0 8192 0 0 0 0 81920 0 0 2684354560 1208488192 8913056 75759616 16777216 8192 64 536870912 0 32 1024 65536 0 0 1342275584 2048 64 0 0 0 0 0 0 1024 131072 32 9509 0 0 0 0 0 0 0 0 0 262144 0 0 0 0 536870912 0 0 1073741824 0 0 0 0 0 0 0 270532608 64 0 131072 0 0 0 0 0 8192 0 0 0 0 1 0 0 0 0 0 0 0 0 512 16777344 0 0 2 0 0 0 32 256 0 536870912 2129921 268452928 16384 0 16 2147483651 134742017 33554438 2220886016 20 0 2147483648 130
is_linear=0
shrinkage=0.1


Tree=27
num_leaves=31
num_cat=16
split_feature=13 3 13 3 3 3 13 13 26 3 3 13 3 25 3 20 17 30 29 20 3 17 6 25 20 29 14 16 13 17
split_gain=46.1814 44.3699 28.4762 25.7034 24.692 20.3409 18.9402 16.9963 13.4698 53.1408 29.7825 22.1575 21.4493 19.9848 19.1389 17.4473 26.618 17.2926 13.7883 13.7458 14.6144 20.1267 13.5094 13.1134 15.4205 17.5376 12.5768 12.4246 11.7233 11.9055
threshold=0 1 2 3 4 5 6 7 1.0000000180025095e-35 8 9 10 11 1.5000000000000002 12 17.500000000000004 43.850000381469734 4587.5000000000009 0.28205515444278723 2.5000000000000004 13 29.150000572204593 14 3.5000000000000004 2.5000000000000004 0.092218820005655303 7.5000000000000009 22.500000000000004 15 50.549999237060554
decision_type=9 9 9 9 9 9 9 9 2 9 9 9 9 2 9 2 10 2 2 2 9 8 9 2 2 2 2 2 9 10
left_child=23 -2 3 26 28 -6 -7 -8 10 -10 -9 18 13 19 -13 -15 17 27 -11 20 22 -22 -12 24 25 -1 -3 -17 -4 -30
right_child=1 2 4 -5 5 6 7 8 9 11 12 14 -14 15 -16 16 -18 -19 -20 -21 21 -23 -24 -25 -26 -27 -28 -29 29 -31
leaf_value=0.016442954392826344 -0.054841719688583812 0.17825141960490312 -0.039697531220728832 -0.062880270723427278 -0.043715993938887324 0.041181211623573452 -0.044073391140604892 -0.043781347994415493 0.034630202948242039 0.02597584369611948 0.014041570262250329 0.0089049966616411985 0.00045566883697002866 0.08355991804635006 -0.029515946196524354 0.016715230998987005 0.1926059885523729 0.15437526236869281 0.17866455765193157 -0.064878953737141143 0.21421063580354838 0.033133053439142489 -0.025128265802629137 0.0079238769505442924 0.24277304437446842 0.17221516015366289 -0.01673074399852886 -0.067761595136974759 0.030844706933244776 0.12485548559368381
leaf_weight=14.190376468002798 143.38193918857723 8.4980998728424293 16.649115555919707 110.85330527275801 98.358706695027649 99.654334627091885 79.262737142853439 123.80685092229396 215.86963884532452 50.757927599363029 323.97365677729249 155.85666822455823 3173.5134773664176 78.353588135913014 772.30775428190827 66.026479125954211 8.3463492216542345 7.311610377393662 6.694199211895465 23.391872810199857 6.3902676524594426 155.63728205394 120.91311463154852 10.933655471540986 9.4753356128931028 14.729875691235064 5.4167446345090857 23.645273032598197 251.65548395179212 14.232643283903597
leaf_count=254 7048 152 210 2964 3278 1247 1732 3374 2608 970 3835 1912 48729 931 14823 1053 168 82 34 845 104 2741 1432 144 110 101 110 393 3397 206
internal_value=-0.000886102 -0.00173021 -0.000371269 -0.0458203 0.000670581 -0.000810096 3.64278e-05 -0.000798822 -7.16111e-05 -0.00938604 0.00265026 -0.0191832 0.00419118 0.0185726 -0.0230382 0.0478264 0.0212447 0.00649738 0.0372782 0.0103422 0.0132413 0.0379335 0.00332118 0.0869223 0.132057 0.095782 0.0595518 -0.00556021 0.0289924 0.0345766
internal_weight=6190.09 6140.76 5997.38 124.768 5872.61 5590.07 5491.71 5392.06 5312.8 1201.49 4111.31 985.617 3987.5 813.989 928.164 183.683 105.33 96.9834 57.4521 630.306 606.914 162.028 444.887 49.3292 38.3956 28.9203 13.9148 89.6718 282.537 265.888
internal_count=104987 104378 97330 3226 94104 90291 87013 85766 84034 20347 63687 17739 60313 11584 16735 2627 1696 1528 1004 8957 8112 2845 5267 609 465 355 262 1446 3813 3603
cat_boundaries=0 53 76 128 150 174 197 250 303 326 349 399 420 443 461 462 511
cat_threshold=0 0 2097152 0 33554432 1073741824 8 0 33554432 8192 0 0 8388608 0 0 16384 1048576 262144 4 0 0 0 0 2048 1024 0 1073741824 0 0 0 0 1048576 0 0 1024 1073741824 0 0 0 0 33554432 134217732 16777216 134217728 512 0 0 0 0 0 0 0 2048 0 67108896 0 0 512 0 0 0 134222848 9240866 0 0 1048576 17203200 0 788496 16 16384 2 67108864 65536 264260 128 0 2214592512 1073741824 8 0 268435456 65536 0 0 0 0 512 224 0 671088640 8388608 0 0 0 34 0 0 0 134217728 0 673185792 0 0 536870912 0 0 4096 0 16777232 0 0 0 268435456 655360 0 16777216 0 0 0 0 2048 0 384 0 0 0 2147483648 4194304 16777216 8192 0 0 0 2048 1024 131072 0 0 1090519040 257 64 0 0 0 0 0 524288 0 8519680 0 2684616832 4194304 262144 0 2097152 262144 0 524352 0 16 0 2146304 4352 0 33554688 264194 69279872 262144 525312 4 67108864 0 4 2240 524288 0 0 1024 512 1024 1048736 0 2147483648 536870912 1 0 1 0 1048576 1073741824 25165824 0 0 1140981760 16785409 184631552 0 0 4 64 0 0 0 0 4194304 263168 0 134217760 0 0 512 2097152 8 0 1 0 32 0 0 0 0 1048577 0 0 2147483648 65536 32768 2147483648 4194304 0 0 0 1073741824 0 0 0 0 536870913 0 0 16400 0 0 0 67108864 0 0 64 1157758976 0 0 4096 256 262144 0 512 4096 0 0 16384 0 0 0 0 0 16777216 0 0 134217728 0 0 524288 0 64 65536 2048 0 0 128 0 0 0 16384 2097153 0 536870912 0 65536 16640 0 4194304 0 524288 1024 524288 0 276889600 0 131072 276824064 8388608 2147483648 262144 270532608 64 0 0 0 4194304 0 2182217728 0 5120 2147581952 50331968 68 0 0 0 134217728 33685824 2160066560 8388673 0 1 16384 269484032 32768 0 0 268436480 4227072 0 41943040 0 1024 32768 268435456 68 0 0 0 0 1 4325376 2155872272 2416508928 4325889 0 0 1024 0 0 1024 4096 0 0 0 0 16384 0 0 0 0 0 1073741824 536870912 0 0 0 0 0 0 67108864 0 33554432 0 0 33554432 2097152 256 0 0 4128 2147483648 524288 16777216 0 256 0 0 0 33554432 0 524416 0 0 33554432 201326592 134217729 0 160 545259520 0 0 16384 65536 0 524544 1275330568 2050 8192 0 2097152 536870913 33554508 512 65546 2097152 2684370944 9437184 0 66 0 134219776 8224 65536 256 2097152 34 302120960 134226944 0 0 0 32 4 17408 268435464 0 0 33284 134217728 134217728 0 160 536870912 0 0 16384 65536 0 0 201588744 0 0 0 0 0 4 1 0 0 0 0 0 67108864 0 0 0 0 0 0 0 0 0 0 0 0 0 0 0 0 0 0 0 0 64 0 131072 0 32768 0 0 0 8192 0 0 0 0 1 0 0 512 0 0 0 268435456 0 512
is_linear=0
shrinkage=0.1


Tree=28
num_leaves=31
num_cat=12
split_feature=13 18 3 13 3 3 23 20 3 20 28 29 28 23 3 13 14 14 13 3 3 3 20 16 29 18 17 20 14 14
split_gain=45.2324 36.2323 22.5788 21.9826 23.676 19.9825 22.8463 17.8216 20.0669 19.3973 25.2761 17.2247 16.0853 14.0551 21.2967 15.7528 12.2503 11.6148 11.382 25.9032 13.3786 11.2535 9.27794 9.1297 8.72485 9.72628 11.8997 9.14545 7.89993 7.87741
threshold=0 0.023826113902032379 1 2 3 4 26.500000000000004 2.5000000000000004 5 -1.0000000180025095e-35 0.020444549620151523 0.010992318857461216 0.073591690510511412 40.500000000000007 6 7 11.500000000000002 2.5000000000000004 8 9 10 11 1.5000000000000002 9.5000000000000018 0.032248957082629211 0.049944153055548675 34.049999237060554 5.5000000000000009 1.5000000000000002 9.5000000000000018
decision_type=9 2 9 9 9 9 2 2 9 2 2 2 2 2 9 9 2 2 9 9 9 9 2 2 2 2 8 2 2 2
left_child=12 7 16 4 17 6 -5 8 9 -2 11 -11 -1 15 -15 -7 24 -4 19 -17 28 -22 -21 -13 27 26 -26 -3 -20 -27
right_child=1 2 3 5 -6 13 -8 -9 -10 10 -12 23 -14 14 -16 18 -18 -19 20 22 21 -23 -24 -25 25 29 -28 -29 -30 -31
leaf_value=0.038578643865514899 -0.041949656485705998 0.050049447644784466 0.14057656555851866 -0.033790193960619441 -0.064265268833002834 -0.060201912104018346 0.15353388317809891 -0.071146675638813245 -0.045932025885921629 0.46615123905576317 0.01555372380676793 0.28700815046758926 0.17390995733327996 0.032718012629438235 -0.071630894397040332 0.060750167782703729 0.097074798516363928 0.0039070903148779547 0.049889987680209261 0.026919853153595102 0.017300679854496386 0.00037703153739179675 -0.040098325718266936 0.08281529526900068 0.13715807347736783 0.03211175031730306 -0.051398444802085788 0.22106902964104971 -0.037376762154038637 -0.011727648068154959
leaf_weight=14.164663451723753 21.765851601958275 14.281271679326894 8.0091501921415311 242.56550257187337 99.65486079826951 31.15331185143441 6.6903008045628658 103.22380482498556 76.842867817729712 1.9369197981432069 22.994718287140131 3.0821482446044666 23.115702835842967 24.998562338761985 50.203737933188677 92.207919236272573 22.410889433696866 27.809270529076457 11.278251678682862 33.327333181165159 422.43567056395113 4320.2722401721403 54.334762311540544 7.5617609592154622 3.7291570287197828 201.94810332171619 32.658675754442811 4.0034556016325942 129.31355778221041 51.425145279616117
leaf_count=310 1418 423 101 4957 2280 517 118 9662 6359 129 1370 159 151 409 2573 916 258 376 237 547 6866 57317 997 400 108 1481 1105 139 2716 342
internal_value=-0.000856172 -0.00160467 -6.20969e-05 -0.00159149 -0.0399554 -0.000560532 -0.0276528 -0.0399084 -0.0158778 0.0275954 0.0779013 0.191858 0.0965835 0.000796625 -0.0421179 0.00143169 0.0249372 0.0269445 0.00192602 0.0259524 0.000989809 0.00191766 -0.0131225 0.141943 0.0204986 0.016271 -0.0320745 0.0874943 -0.0283591 0.023214
internal_weight=6159.4 6122.12 5884.71 5554.25 135.473 5418.78 249.256 237.408 134.184 57.3414 35.5755 12.5808 37.2804 5169.53 75.2023 5094.32 330.457 35.8184 5063.17 179.87 4883.3 4742.71 87.6621 10.6439 308.046 289.761 36.3878 18.2847 140.592 253.373
internal_count=104741 104280 84783 80927 2757 78170 5075 19497 9835 3476 2058 688 461 73095 2982 70113 3856 477 69596 2460 67136 64183 1544 559 3598 3036 1213 562 2953 1823
cat_boundaries=0 53 77 130 149 172 195 206 260 314 336 359 382
cat_threshold=0 16777216 2097152 0 33587200 1107296256 0 0 262144 0 0 0 0 0 512 1 8 0 4194308 0 32 0 0 2048 64 0 1073741824 0 0 0 0 1048576 0 0 0 1073741824 1073741824 0 2147483648 0 33554432 1 16777216 0 512 0 0 0 0 0 0 134348800 2048 2147483648 134217856 0 0 0 0 2048 32896 65544 0 0 32768 131072 4352 0 0 264194 75497604 33817600 2148270081 1153 0 0 4 0 2214592512 528384 8 262144 0 0 0 0 0 0 0 160 33554432 0 8388608 0 16777216 0 2 0 0 0 134217728 0 136314880 0 0 536870912 128 0 4096 256 16777224 0 8192 1048578 268435456 0 0 0 4194304 0 0 0 0 4 276824064 0 0 0 0 2164260864 0 2164260864 268443648 0 0 0 0 1024 256 0 4112 2215387136 100680772 64 0 0 0 33554432 2050 184549376 2097152 2147483680 0 0 37376 2163840 16 268440576 84475904 0 262144 268439584 0 0 0 0 33554432 524288 67108864 0 2 33554436 268435456 0 1073741824 0 0 0 16384 1048576 2164260864 12288 128 0 0 0 0 0 0 0 0 0 3087007744 3260040080 281583744 0 0 268443712 0 0 0 0 16384 64 0 134217728 0 0 1207959552 0 1073741824 512 0 1024 131072 0 0 0 64 0 0 2147483648 512 0 0 0 0 512 524288 0 0 536870912 0 2147483680 0 0 0 0 0 16 0 32 2684354560 0 0 16384 0 0 8388608 0 0 0 0 65664 1073741824 0 8388608 8388608 131072 16384 536870912 0 1024 0 0 0 8 0 0 1024 0 34 0 0 536870912 0 0 0 536870912 0 0 262272 1073741824 0 0 128 0 512 32 0 64 2149580800 0 0 1024 0 0 0 16777216 0 256 0 0 32 16 67633152 160 0 0 0 0 2147483680 1610612800 2 0 0 270532608 0 0 0 0 1024 131136 0 4128 2358378496 201329025 64 0 0 0 0 0 0 0 131072 65536 0 0 0 134217792 0 784 262144 612499456 436207616 1026 2147483648 0 8 8388608 5243136 536870912 32776 131072 0 0 268566528 2048 64 603979808 4194304 262464 0 0 262176 2 0 0 536870928 310378496 2149580818 4 0 134217728 3221225472 2097152 18432 142737408 0 67108864 1
is_linear=0
shrinkage=0.1


Tree=29
num_leaves=31
num_cat=16
split_feature=3 13 23 3 3 3 25 3 28 3 16 16 3 30 17 13 3 13 3 3 17 3 17 28 17 13 3 17 17 29
split_gain=41.2484 25.9356 27.4397 91.2149 47.0844 30.9653 29.4444 27.6092 27.0375 21.6016 19.3698 62.1301 18.9849 29.7293 28.692 17.7991 16.7293 15.9952 25.3098 21.4827 14.7454 13.6692 22.4068 13.281 16.9514 12.576 12.2813 21.4841 11.1801 11.2866
threshold=0 1 2.5000000000000004 2 3 4 6.5000000000000009 5 0.30071142315864569 6 7.5000000000000009 5.5000000000000009 7 4521.5000000000009 34.049999237060554 8 9 10 11 12 52.750000000000007 13 51.649999618530281 0.053094936534762389 41.049999237060554 14 15 29.150000572204593 51.649999618530281 0.026446701958775524
decision_type=9 9 2 9 9 9 2 9 2 9 2 2 9 2 8 9 9 9 9 9 10 9 8 2 10 9 9 8 8 2
left_child=-1 12 4 8 20 -6 9 -8 28 10 11 -5 -2 14 -14 21 -17 18 23 -19 -3 22 -7 24 -18 -21 27 -27 -4 -30
right_child=1 2 3 6 5 15 7 -9 -10 -11 -12 -13 13 -15 -16 16 17 19 -20 25 -22 -23 -24 -25 -26 26 -28 -29 29 -31
leaf_value=-0.056329661988309104 -0.022925014526720383 0.028215811417499265 0.033279510955933456 -0.040722660579700191 -0.042271183047899126 -0.030437747201693982 0.026757916954477459 -0.037279293429940949 -0.0087586431103882905 -0.06756126560541513 -0.027855891316099252 0.43282779172104435 0.18467101934064323 0.20482598442162156 0.023833003731103752 -0.040647992209590374 0.25035699809418532 -0.043561199733575945 0.0015720399205136648 -0.048637003671247216 0.11680823183196748 -0.055113175349476365 0.16808217352584018 0.053592778639969856 0.015282502165670129 0.13477965846350745 0.00025559772271154196 0.014593105834316637 0.18925940001924757 0.083434271172207031
leaf_weight=123.36216524802148 32.722131306305528 451.75174136273563 35.916205033659935 8.1866913102567178 170.08852024376392 18.009248228743672 101.5302906865254 165.06587706040591 53.222893580794334 272.48034800030291 31.899579312652349 4.1878412514924994 12.967434739693998 13.789258463308213 76.662590921856463 84.031666118651628 8.0981554575264436 98.739917865023017 197.76299655437469 39.420292512048036 19.602539724670351 90.258727953769267 8.3085477892309445 93.822688516229391 4.9381139632314435 15.510295277461408 3477.6181173552759 362.09753134287894 12.212613127194343 57.66845493670553
leaf_count=6825 328 6105 362 215 3907 273 1876 3792 232 8696 878 81 136 162 906 3062 174 2697 3325 617 229 1746 103 840 105 193 50672 5193 133 606
internal_value=-0.00132238 -0.000101143 -0.00113307 -0.0191065 0.0014606 -0.00160914 -0.0371384 -0.0132861 0.0464559 -0.0583862 0.0108825 0.119538 0.0415132 0.0621253 0.0471026 1.85956e-05 0.00108402 0.0019924 0.0237038 0.000281145 0.0312374 -0.0369517 0.0233593 0.0610233 0.161311 0.00150138 0.00213856 0.0190259 0.0786235 0.101929
internal_weight=6141.93 6018.57 5882.43 742.371 5140.06 4668.7 583.351 266.596 159.02 316.754 44.2741 12.3745 136.141 103.419 89.63 4498.62 4382.04 4298.01 304.622 3993.39 471.354 116.577 26.3178 106.859 13.0363 3894.65 3855.23 377.608 105.797 69.8811
internal_count=104469 97644 96112 16871 79241 72907 15538 5668 1333 9870 1174 296 1532 1204 1042 69000 66878 63816 4444 59372 6334 2122 376 1119 279 56675 56058 5386 1101 739
cat_boundaries=0 23 76 100 121 144 164 185 206 255 278 331 351 374 396 450 473
cat_threshold=268435456 4194304 0 0 512 33554432 0 65540 2048 573958 0 0 0 16941056 0 0 32768 16777216 2147483648 2147483648 536936448 134217888 18469 0 16777216 2097156 0 0 0 0 0 0 0 0 0 8388608 0 0 1 0 262144 4194305 524288 0 128 0 2097152 1088 0 0 0 0 0 32768 1048576 4194304 0 1024 4194304 0 0 16777216 0 33587200 134217729 16777216 134217728 512 67108864 4 0 0 0 0 134217728 67108928 553910272 2692743168 64 32 0 0 8192 32 64 0 536875008 1081352 16777360 68 0 2097168 2147483648 2097152 0 65536 1056 98304 0 1 67108864 201588736 538968064 576 536870912 2097152 262144 16 264 0 541065216 131072 65 16640 0 2048 0 532608 263168 8912897 2097153 16777216 537919488 0 0 0 2048 9216 2097152 1107296256 10616832 0 0 16793620 262144 0 16 0 8388608 256 0 67108864 21145600 1280 67125248 18874370 538968064 64 536870912 0 16384 128 131072 0 48 2348810240 1026 0 0 0 0 0 0 1073741824 0 1048577 0 0 0 0 0 16384 1048576 0 138412032 1082400768 16384 262176 0 0 0 1048576 0 0 1 2147483648 16777216 0 64 0 0 0 17408 0 0 536875056 268435456 704 0 0 2097152 0 0 0 0 4 0 2147483648 0 0 262144 268435456 0 0 0 0 0 0 32 0 536870912 0 8 16777216 0 32 0 512 0 0 0 203423744 0 0 32 0 0 0 262144 16 0 32 2147483648 268959746 0 0 553648128 4194304 512 128 0 0 268435456 65664 67108864 134217728 524288 65536 4096 1024 0 288 4128 0 218103808 0 0 268435456 64 0 16777216 8388608 1 64 0 133120 2097153 2337349712 536870912 0 4096 0 0 512 65536 0 0 262144 0 134217728 1 0 0 8192 0 0 536870912 0 0 0 0 0 0 805306368 0 2147484160 0 0 0 2149584896 0 0 0 1073741824 0 0 0 0 256 536879108 0 32 16 0 128 268435456 524800 134217728 268435456 0 16910336 2147483648 1 268443648 0 0 0 0 0 0 0 1072 2292981760 201326976 0 0 0 0 0 0 268437504 2181054464 268435456 17440 32 0 0 16 0 603980800 33554464 0 2147483648 0 0 0 69468160 537395264 1081344 1 268435456 1207959552 66562 512 0 2164260864 268435456 0 0 0 32 1024 1179648 0 0 0 201330560 64 0 0 0 33554432 2048 0 0 8388608 0 0 1074267136 264 0 0 0 0 131072 1024 0 8405504 128 0 65536 0 0 0 0 134217728 0 0 0 0 0 0 2048 0 0 2147483648 0 0 0 8 0 0 537919488 0 131072 256 0 9437184 0 0 0 0 0 8388864 1073741824 131072 0 8388608 0 16384 128 0 0 258 8388608 0 4194304 536872064 1114112 1048576 256 1342177280 40994 4096 0 0 1073741826 67125252 526352 67240960 8388608 0 32768
is_linear=0
shrinkage=0.1


Tree=30
num_leaves=31
num_cat=19
split_feature=13 3 23 3 3 9 13 20 13 23 3 3 3 3 14 20 3 14 29 28 3 23 30 20 3 3 3 3 3 13
split_gain=34.037 32.0877 25.8365 64.1639 35.1564 25.1861 27.2363 22.9696 22.4087 19.928 19.7716 18.8012 18.716 15.8232 15.5608 19.7602 14.2056 14.0873 12.5665 12.5228 12.2891 12.1305 20.5434 11.2296 52.4826 35.2642 30.6539 25.9732 16.669 14.6021
threshold=0 1 2.5000000000000004 2 3 4 5 -1.0000000180025095e-35 6 3.5000000000000004 7 8 9 10 5.5000000000000009 109.50000000000001 11 8.5000000000000018 0.071457866579294219 0.04741115681827069 12 6.5000000000000009 4479.5000000000009 1.0000000180025095e-35 13 14 15 16 17 18
decision_type=9 9 2 9 9 9 9 2 9 2 9 9 9 9 2 2 9 2 2 2 9 2 2 2 9 9 9 9 9 9
left_child=9 21 4 14 7 13 20 10 19 -1 -3 -8 -13 -6 -4 -16 -14 -12 -17 -5 -7 -2 -23 25 -25 -18 -26 -27 -28 -29
right_child=1 2 3 8 5 6 11 -9 -10 -11 17 12 16 -15 15 18 23 -19 -20 -21 -22 22 -24 24 26 27 28 29 -30 -31
leaf_value=0.088916424049222759 -0.051069285425294278 -0.037473746238534777 -0.0035095730567210586 0.13606233549915631 0.013698078717019755 0.0052966760721621948 -0.027713816331853408 0.041934815010937501 -0.040254658267302706 -0.045980467561945466 0.013025895525505711 -0.051325854643889959 -0.043602489007030648 -0.046248568601404361 0.091329759749523995 0.11363821601023293 0.038769347167472615 0.14023324898602513 -0.0082979732635466066 0.0088306295798737371 -0.055873177803910878 -0.073680886703496901 0.12061530612926813 -0.037550750399175201 0.062947539607795797 -0.024011132770467455 -0.023656850847795077 0.041279537384099084 0.019180306431138654 0.0018250518449724783
leaf_weight=69.33091105055064 170.74757575802505 75.298999639227986 76.108993645757437 9.7026269873604161 57.910732412710786 50.895778957754374 173.85640487261117 355.82839914690703 509.83122673770413 13.005391573533414 28.901750936172903 48.346275103278458 47.700289102271199 172.08548151748255 66.405026147142053 10.165343915112315 237.82470691390336 12.458298303186892 50.137844560667872 38.164095178246498 108.97463073255494 10.386506501585247 11.430748669430612 163.44561775773764 148.70391131751239 393.7981287855655 93.96003342140466 88.649516496807337 896.59220151556656 1975.8352524032816
leaf_count=867 7635 1203 954 315 927 472 3078 5314 13833 252 328 2234 2208 3847 763 257 3079 141 336 455 1811 997 107 2210 2070 7004 2187 1084 12986 25844
internal_value=2.7648e-05 -0.000885468 0.000459258 -0.0167409 0.00300952 0.000341295 0.00204667 0.0287026 -0.0339414 0.0602868 -0.00919718 0.00360138 0.00499521 -0.0312128 0.0307154 0.0536973 0.00579298 0.0413461 0.0122569 0.0286378 -0.0372339 -0.0400194 0.028117 0.0064895 0.0141294 0.00282215 0.021683 -0.000809952 0.0149211 0.00371006
internal_weight=6166.48 6084.15 5891.58 760.515 5131.07 4658.58 4428.58 472.487 557.698 82.3363 116.659 4268.71 4094.86 229.996 202.817 126.708 4046.51 41.36 60.3032 47.8667 159.87 192.565 21.8173 3998.81 1302.7 2696.11 1139.26 2458.28 990.552 2064.48
internal_count=104798 103679 94940 16913 78027 71041 66267 6986 14603 1119 1672 63984 60906 4774 2310 1356 58672 469 593 770 2283 8739 1104 56464 19453 37011 17243 33932 15173 26928
cat_boundaries=0 53 76 99 120 121 173 225 245 268 291 314 338 357 380 403 424 445 468 520
cat_threshold=0 16777216 0 65600 33554432 1073741824 65536 0 262144 1310720 0 0 8388608 0 0 16385 0 262144 0 524288 0 262144 0 2048 0 1048576 1073741824 0 0 0 0 1048576 4194304 0 1024 4194304 0 0 2147483648 0 0 1 0 0 32768 67633152 524288 0 0 0 0 134217728 16779264 289406976 0 2147483648 0 512 0 65536 0 310378496 1048704 4718592 536870912 33554432 17203200 0 16777216 536870912 0 0 0 335609856 1678409728 32896 536887296 545259520 64 32 0 0 8192 16384 64 0 536870912 1089536 151013520 64 0 67108880 0 2097152 0 65536 1073742880 0 1 75497472 201326592 6291456 0 536870912 0 264192 32784 0 0 0 2097152 67117120 0 0 2048 262208 67133580 265216 67633153 2097152 8704 0 0 1073741824 0 262144 67108864 4096 0 0 9216 0 16384 1048608 0 0 0 0 1090519040 0 32 0 0 0 0 0 807403520 0 0 0 2147484160 0 0 0 0 8192 0 2147483648 268435456 0 256 0 5242880 512 524288 512 0 64 268500992 0 33554434 0 2147483648 32 0 524288 0 0 0 0 0 0 8192 0 0 0 0 0 0 0 0 1 0 0 0 0 0 0 69206016 0 16384 0 0 0 1024 262144 0 8192 8224 1073741824 0 16777216 0 0 0 0 0 33554944 0 128 0 0 0 0 2147483648 0 67108864 2097152 0 0 0 2048 0 0 0 0 0 67117120 0 0 0 0 8320 1024 1 2176 545784064 34816 4128 1073741824 268435456 4096 0 536870976 64 0 32768 144 0 1073741824 524304 2048 2097152 256 0 536870912 25239552 1024 0 0 16846848 0 1024 576 640 2101256 2214592512 2248146944 0 8 268435456 0 262144 0 8388608 0 0 65536 1073741856 2099200 137445696 0 2164260866 0 1 0 0 0 17408 655360 0 4112 337018880 1953 64 0 0 0 8388608 0 134283264 0 8388610 2 0 0 16384 0 1 202407936 1 0 512 425721858 0 0 0 0 0 4194304 512 131072 4099 0 8388608 33555465 285483026 1 0 2164260864 8192 64 0 0 0 0 1048576 0 48 14163976 134217860 0 0 256 1073741824 33554432 2 33570816 16777216 0 256 0 0 0 1024 0 9043968 128 286261248 38949 8226 0 10485760 0 16777217 512 10 2181038080 0 524289 134283264 16777216 0 0 8388608 0 0 0 0 0 128 323485696 38949 8224 0 2097153 65536 16777280 0 2048 0 32 528389 0 2097152 0 0 0 0 4194304 0 196608 0 5120 0 134217728 0 0 0 0 0 16384 0 1024 0 271581184 1 129 0 525312 4194304 16416 196608 0 545264704 0 16793600 0 0 0 16 0 33570880 3493855232 1089 1073741824 4194304 0 0 0 0 1048608 4 134217736 328192 67108868 524288 512 16384 0 1048576 268509184 0 0 134217728 134217728 354 2155876396 0 0 524288 0 0 33816576 0 0 0 2147483648 0 0 0 33554432 134217728 0 0 0 0 0 0 0 0 0 0 0 0 16384 131104 0 0 2147483648 0 0 0 4096 1048576 0 0 1 16777216 8192 0 0 0 0 4 128 512 0 0 64
is_linear=0
shrinkage=0.1


Tree=31
num_leaves=31
num_cat=19
split_feature=13 13 3 9 3 3 13 23 3 3 12 3 17 3 3 3 13 23 25 3 13 3 3 17 16 28 25 17 25 20
split_gain=42.9302 31.3831 28.9842 22.0332 23.3489 20.6607 17.3872 15.5087 14.6458 14.6264 13.8573 13.4709 14.4028 68.683 17.9897 13.5163 16.7828 14.1923 51.3266 21.3086 17.7596 16.0997 14.9302 13.4912 13.2559 13.9052 13.1557 12.848 11.7672 18.8988
threshold=0 1 2 3 4 5 6 40.500000000000007 7 8 9 10 43.250000000000007 11 12 13 14 1.5000000000000002 4.5000000000000009 15 16 17 18 34.049999237060554 23.500000000000004 0.065959937870502486 8.5000000000000018 40.549999237060554 19.500000000000004 67.500000000000014
decision_type=9 9 9 9 9 9 9 2 9 9 9 9 10 9 9 9 9 2 2 9 9 9 9 8 2 2 2 8 2 2
left_child=-1 9 -3 4 26 10 -7 11 -9 27 -5 -8 14 -14 -13 16 23 20 22 -20 -17 -22 24 -16 25 -19 -4 -2 -23 -30
right_child=1 2 3 5 -6 6 7 8 -10 -11 -12 12 13 -15 15 17 -18 18 19 -21 21 28 -24 -25 -26 -27 -28 -29 29 -31
leaf_value=0.090131437567818926 -0.060171631034915331 -0.034974023991469476 0.020906772502036864 -0.019878361246437631 -0.039049809752827208 -0.056081513572960665 -0.025468496535379137 0.016185178978709077 -0.071171684170225624 -0.07061511868291534 0.034653193201335843 -0.029283897252653845 -0.048903428752432254 0.052573151930761147 0.21965160483212989 0.055914613310242639 0.012225903729746272 0.091730072019711048 -0.03754297613234623 0.025196411241661526 -0.030633074735409251 0.0053391811735441132 -0.0610372203029435 0.062233133288222102 0.12075930592594797 -0.057124518330601275 0.17338627038751092 0.091267906621685838 -0.071740246087550849 0.010132510114193256
leaf_weight=42.694406945258379 9.6176929241046292 212.0011168224737 38.032171010971069 51.432233469560742 221.9932346669957 41.759884457569569 152.95473222853616 30.092416966333985 44.182752191554755 85.575215621385723 299.93225869443268 162.97762955958024 85.477026109583676 223.98896644078195 8.9659613259136659 53.60256310319528 758.48934338893741 8.4738480532541853 59.859913567081094 245.96052254876122 130.248353168834 2826.5984889566898 182.2808116460219 13.860571932047607 8.6428763717412931 24.190722715109587 6.6473472910001865 13.418066267389806 52.173803397919983 61.342714573256671
leaf_count=511 161 8441 680 669 4376 644 4275 785 2704 3040 4087 3590 1238 2988 101 736 10907 161 805 3260 2459 39613 4621 155 125 319 146 203 1800 1212
internal_value=0.000257115 -0.000516957 0.000488166 0.0018437 -0.025704 0.00321676 0.00159923 0.00217647 -0.0431823 -0.051455 0.0263417 0.00284658 0.00377337 0.0246631 0.0023755 0.00359693 0.015452 0.00102631 -0.0141112 0.0125124 0.00359491 0.00249129 -0.0505266 0.0862709 0.00855882 -0.0185086 0.0356201 0.0195523 0.00405758 -0.0274974
internal_weight=6157.47 6114.77 6006.16 5794.16 266.673 5527.49 5176.12 5134.36 74.2752 108.611 351.364 5060.09 4907.13 309.466 4597.67 4434.69 781.316 3653.37 529.409 305.82 3123.97 3070.36 223.588 22.8265 41.3074 32.6646 44.6795 23.0358 2940.12 113.517
internal_count=104812 104301 100897 92456 5202 87254 82498 81854 3489 3404 4756 78365 74090 4226 69864 66274 11163 55111 9291 4065 45820 45084 5226 256 605 480 826 364 42625 3012
cat_boundaries=0 52 105 128 129 152 176 230 241 263 264 287 308 331 353 398 419 471 494 516
cat_threshold=0 16777216 2097156 0 33554432 1073741824 0 0 262144 0 0 0 8388608 0 0 1 2147483648 262144 16384 134217728 0 0 0 2048 0 1048576 0 0 0 0 0 1048576 0 0 1024 1077944320 0 0 2147483648 0 0 134217732 16777216 0 33280 524288 0 0 524288 0 536870912 134217728 0 2147483648 1073741824 0 0 268435456 4096 0 0 0 0 512 160 0 134217728 2147483648 0 0 0 0 0 0 0 134217728 64 538968064 0 0 0 32896 0 5120 0 0 1 4096 0 268959744 0 0 536870912 0 0 128 2 0 4 276824064 0 0 0 8388608 16777216 25165824 0 32768 0 536871424 0 0 0 536871936 35 536870920 131072 0 17203200 0 262160 2148007936 1 0 0 604176384 16785412 2048 10784 67108864 2214592514 6291456 1 0 0 16384 17408 8388608 0 0 32768 100673108 64 0 2048 268435456 8388608 0 1073807360 0 131072 34 0 2359296 1 130 0 2048 262144 0 0 0 0 2148007936 16826752 256 0 256 0 67108872 2147746818 525313 37 0 32769 1 0 0 1056 0 1074003968 0 0 0 0 1024 0 32768 0 0 1024 8388608 0 65536 1 32 0 0 0 0 0 134217729 0 1049088 0 2147484160 33558528 0 0 16 0 256 1073741824 0 0 0 0 4194304 0 0 0 0 524352 256 0 0 8388608 0 67108864 16384 134217728 2 268443712 0 0 0 0 16384 64 0 134217728 2155872256 16777216 8192 0 0 0 18432 1024 65536 0 0 3355607040 33556484 0 0 0 0 0 0 0 0 8519680 107090240 536871040 524288 2147483648 4096 67109888 64 34603136 2117632 268566528 131136 134217728 0 33554432 0 0 0 0 0 512 268435456 0 2097152 134217986 2281701376 3 536870912 0 0 0 18432 1024 0 0 4096 1346445312 7 64 0 2048 0 0 16384 134217728 2098176 1073741824 1048576 4210688 32 1207959552 0 1 0 67108928 0 194 262152 0 0 0 0 8256 2097152 4100 2216691712 0 129 3211344 0 8388737 536870912 321 0 0 8390656 98304 524288 0 4112 1342185473 67110912 0 0 41943040 2081 0 542720 262144 1088 32768 0 0 0 0 0 67108864 0 0 0 0 0 0 0 0 536870912 0 0 16777216 536870912 0 0 0 0 0 0 268435456 64 0 0 0 0 0 4194304 0 0 0 0 0 0 1 256 0 0 0 33554432 2281766912 2164260864 268443648 0 0 0 0 1040 1048576 0 0 10518528 8225 0 0 2048 536870912 16512 0 0 8388608 0 0 4096 0 0 0 0 0 0 262144 0 134217728 0 0 0 0 8 0 536870912 0 0 0 1073741824 0 0 0 0 0 0 0 0 2147483648 4194304 16384 0 0 1048576 0 16777216 0 33554432 0 512 0 0 0 0 128 0 33554432 0 2147483648 0 2952790016 1024 4 0 1073774592 528 0 0 68157440 8388864 1048576 268435472 4 262144 20971520 1073741824 32768 1 138412032 0 8587264 33817600 4194304 2164260864 0 0 0 0 8192 0 1048576 0 0 14778368 134217734 0 0 2048 0 0 0 65544 0 65536
is_linear=0
shrinkage=0.1


Tree=32
num_leaves=31
num_cat=17
split_feature=3 13 13 9 3 3 13 3 3 25 3 23 3 3 3 3 23 28 29 26 30 26 3 26 25 25 13 3 15 18
split_gain=27.0267 29.0223 26.1655 17.3122 29.988 14.4339 12.6813 21.9443 18.6924 13.0144 69.3442 51.1759 41.4383 28.8854 24.6115 23.3654 19.8997 21.6234 19.3385 18.3368 18.2242 17.3055 16.6199 17.3882 31.6292 16.2735 14.0112 18.9022 13.8533 15.8894
threshold=0 1 2 3 4 5 6 7 8 1.5000000000000002 9 2.5000000000000004 10 11 12 13 2.5000000000000004 0.096735890954732909 0.020794635638594631 1.5000000000000002 4521.5000000000009 71.500000000000014 14 1.0000000180025095e-35 17.500000000000004 10.500000000000002 15 16 2.5000000000000004 0.098979718983173384
decision_type=9 9 9 9 9 9 9 9 9 2 9 2 9 9 9 9 2 2 2 2 2 2 9 2 2 2 9 9 2 2
left_child=-1 -2 -3 4 -4 -5 7 -7 -8 11 16 12 18 -12 -13 -14 17 21 20 -18 -10 25 23 24 -15 28 -17 -28 29 -11
right_child=1 2 3 5 -6 6 8 -9 9 10 13 14 15 22 -16 26 19 -19 -20 -21 -22 -23 -24 -25 -26 -27 27 -29 -30 -31
leaf_value=-0.040439652566103844 -0.055999694746394747 0.049559602164300644 0.049529965011594158 -0.02172452971965904 -0.046175512370050319 0.064675189251499607 -0.043238888104655794 -0.049049901358607317 0.10276952227423693 0.19641505598359876 -0.043984933901193173 0.051870921383054297 -0.018488499764653301 0.11125637782152586 -0.074552054032521714 0.046457996440831761 0.040210167470232566 0.033124965219968654 0.034101034597917433 -0.022473879625371014 0.42165698023466303 0.016037040159914192 -0.004498722632983585 -0.0012421945217787242 -0.0059634858372294257 0.04449047592307559 0.055145571796315601 0.00063663596516232482 0.079991404866501192 0.054733830620312111
leaf_weight=161.71147201955318 81.783954674378037 97.469311978667974 33.027565573342144 260.59867321420461 164.77920433646068 12.537192160263656 77.328493309672922 92.089826719835401 8.2476068409159762 36.0574483089149 144.19601005455479 13.443346152082084 598.91989893652499 53.226252033375204 111.1050843289122 62.928525470197201 137.51777980523184 147.40877681598067 284.15909029915929 70.638195192441344 2.2896719574928275 26.582037422806025 642.93600363982841 88.457066286355257 40.560123134404421 30.885113713331521 55.256129347719252 2566.6680219303817 32.359568552114069 10.141999460756777
leaf_count=7216 2543 1113 574 4492 3949 79 3052 1714 358 681 2055 229 8954 727 4557 759 2081 1039 3303 1613 111 546 12149 1531 603 547 1155 36507 532 91
internal_value=-0.00132465 -0.000199616 0.000667047 -0.000237805 -0.0285812 0.000811298 0.00194836 -0.0309691 0.00266318 0.00343279 0.0114318 0.00028616 0.00247935 -0.00423707 -0.0627274 -0.000798755 0.0415702 0.0596579 0.0377529 0.0189382 0.172061 0.088411 0.00315216 0.0289737 0.0605619 0.105989 0.00320133 0.00199055 0.130167 0.165312
internal_weight=6145.31 5983.6 5901.81 5804.34 197.807 5606.54 5345.94 104.627 5241.31 5163.98 1460.97 3703.02 3578.47 969.375 124.548 3283.77 491.591 283.435 294.696 208.156 10.5373 136.026 825.179 182.243 93.7864 109.444 2684.85 2621.92 78.559 46.1994
internal_count=104860 97644 95101 93988 4523 89465 84973 1793 83180 80128 24195 55933 51147 17065 4786 47375 7130 3436 3772 3694 469 2397 15010 2861 1330 1851 38421 37662 1304 772
cat_boundaries=0 23 76 128 129 151 174 224 245 268 291 314 337 358 382 406 460 482
cat_threshold=8388608 1572864 1073741824 0 512 0 4 68 0 34947 536871936 0 0 17211424 1073741824 0 16 0 0 1207959560 2162688 8192 134222080 0 2147483648 4096 0 262144 0 0 0 0 1024 0 512 224 0 134283264 8388608 0 0 0 34 0 0 0 0 1024 0 0 0 536870912 512 0 5120 0 16777232 1073741824 0 0 268435458 0 0 0 0 0 0 0 0 0 65984 0 0 8388608 2155872256 536870912 0 0 2097152 0 0 1107296256 8 0 33816576 0 0 0 0 0 512 1 1048576 262144 4 134217728 0 0 0 0 64 268435456 1073741824 16384 2147483648 0 32768 1048576 4194560 0 1024 4194304 0 0 0 0 32768 134217728 0 0 33280 0 0 0 4096 0 0 134217728 8192 67108864 83886080 4194304 0 536870912 0 16384 17408 9961472 0 16 338067456 100664545 64 0 0 0 128 0 0 0 131072 0 67108864 40960 4224 64 128 128 262152 8388608 0 0 65568 16388 0 4194304 0 2415919104 33619972 4 2097152 545259520 50331650 2050 0 67108864 1207959552 0 1611661312 512 69632 4096 32768 0 16384 32768 0 0 1024 0 0 0 0 0 0 0 0 0 0 0 64 1048576 32 0 0 0 0 0 0 0 536870914 134217728 0 16385 0 0 512 1048576 0 2097152 1048576 285212704 2147483648 33554432 0 2155872256 0 0 0 0 2048 0 0 0 0 262144 128 64 0 0 1073741824 0 0 0 1024 0 8388608 20512 0 1073742848 4227136 8 2621440 0 33555464 128 0 0 64 0 4194304 1082130432 16777216 256 0 67108864 2228225 271646784 2231369728 2149580929 0 32 545259520 0 0 17408 196608 0 4198432 201457664 150995202 0 0 272 0 2097152 131072 268435456 4 0 512 1077936128 16777216 0 256 0 2048 262144 32768 1048576 0 272 20971520 37089 0 0 9437184 0 67108992 263168 524288 3221225472 67125248 524293 4194304 16777216 0 320 0 0 0 0 1048576 0 0 822616064 4256 0 0 41943040 514 67109000 262656 2214592512 1073741824 75497472 4 0 0 0 0 0 0 0 0 1048576 0 4096 8396800 134217984 0 0 0 0 0 0 0 32 16777216 2097152 0 32 128 168296448 1024 16384 131136 0 8392768 1048577 150994944 0 0 2064 524288 64 131152 272891904 1024 0 512 1 536903680 134217728 805306368 0 0 0 65536 0 320 0 8388608 1073741832 2560 0 0 264192 524288 142606400 16465 4456448 0 4096 33554432 5 0 0 0 64 0 0 0 0 0 0 0 134217728 0 0 536870912 0 8 16777216 0 0 0 0 0 0 0 0 0 0 131074 0 0 2147483648 0 16384 0 1073745920 1048576 0 16777216 0 0 0 0 0 0 0 268959748 0 0 0 0 96 1140850688 2 134234176 134217728 2147483648 0 0 512 0 0 4096 0 0 33554432 0 0 0 0 536903680 540672 2048 67241987 0 12845088
is_linear=0
shrinkage=0.1


Tree=33
num_leaves=31
num_cat=11
split_feature=18 13 12 13 13 1 23 17 30 13 12 17 18 29 7 26 28 13 9 26 16 28 17 1 26 23 21 18 23 28
split_gain=24.3104 36.2413 16.8186 14.3717 11.8097 11.0698 10.8282 10.3794 9.44792 21.0044 9.412 9.12838 10.9427 13.309 8.97235 8.40316 8.16822 8.16803 8.71937 10.2882 9.24705 8.61845 12.1389 7.93881 7.49405 28.4717 9.38731 8.96746 8.90026 16.786
threshold=0.077786073088645949 0 1 2 3 4 16.500000000000004 64.950000762939467 2083.5000000000005 5 6 24.550000190734867 0.064756568521261229 0.02267442457377911 7 71.500000000000014 0.033145241439342506 8 9 1.0000000180025095e-35 26.500000000000004 0.022339220158755783 34.45000076293946 10 8.5000000000000018 1.0000000180025095e-35 50.500000000000007 0.1997601464390755 1.0000000180025095e-35 0.058052787557244308
decision_type=2 9 9 9 9 9 2 8 2 9 9 10 2 2 9 2 2 9 9 2 2 2 10 9 2 2 2 2 2 2
left_child=1 11 3 7 -2 -4 14 16 10 -10 23 -1 13 -13 -7 -8 -3 -16 19 21 -21 22 -19 -6 26 27 28 -26 -11 -30
right_child=4 2 5 -5 8 6 15 -9 9 24 -12 12 -14 -15 17 -17 -18 18 -20 20 -22 -23 -24 -25 25 -27 -28 -29 29 -31
leaf_value=0.20004544233872093 -0.039950646142205615 -0.016769898991623487 -0.040142019970377821 -0.048123092779919469 0.031315240220122685 0.13693379769839839 -0.052678337700589731 -0.058879868244459357 0.052240155190594433 0.00094348760669918765 0.017686185100241735 0.18115470942010034 0.17952650278542825 0.00041331217330011394 -0.042353813198009078 0.16037551785092363 0.1034129736209897 0.25584255531591249 -0.0055171417467652006 -0.032426541147871808 0.10444780281011977 0.036352639536711702 -0.0043822881990513872 -0.034524842745907301 0.0053490610699900585 -0.034120470361608091 -0.038051823692323766 0.057012280386975589 0.092218979750927771 0.011464579306802286
leaf_weight=7.0473655289970329 50.164113622158766 8.7336380076594669 91.138537404127419 182.9359004558064 17.587250795215368 4.4720963323488832 62.280812052544206 10.181866076309232 71.823338653892279 1966.4436567593366 739.91985297203064 5.2378023592755261 7.4605778940021983 18.337152269668877 46.50213095638901 1.9079563850536931 16.043413846753538 4.4291513985954216 1596.7389312889427 36.586162159685045 5.7055479087866834 59.367659458424896 3.0113744321279228 59.885623576119542 207.34417697042227 250.16962187550962 54.261111380532384 40.094227731227875 27.191916821524501 482.20180387794971
leaf_count=137 557 362 3843 7779 115 93 4447 309 599 17143 4976 198 90 309 1543 146 359 179 48319 969 156 1416 127 434 1975 2847 471 191 228 4472
internal_value=-0.000552161 -0.00906699 -0.0109175 -0.0367342 0.00410142 -0.00779983 -0.00597075 0.0203103 0.00475545 0.00224549 0.0143313 0.0770668 0.0739734 0.0405698 -0.00452956 -0.0463455 0.0610498 -0.00489059 -0.00359993 0.0225668 -0.0139609 0.0490679 0.150523 -0.0177071 0.000884051 -0.0103313 0.00309333 0.0137204 0.00399508 0.0157753
internal_weight=6135.2 2168.12 2130.04 217.895 3967.09 1912.14 1821 34.9589 3916.92 3099.53 817.393 38.0829 31.0355 23.575 1756.81 64.1888 24.7771 1752.34 1705.84 109.1 42.2917 66.8082 7.44053 77.4729 3027.71 497.608 2530.1 247.438 2475.84 509.394
internal_count=104789 70781 70047 8809 34008 61238 57395 1030 33451 27926 5525 734 597 507 52802 4593 721 52709 51166 2847 1125 1722 306 549 27327 5013 22314 2166 21843 4700
cat_boundaries=0 54 55 107 160 161 214 215 216 269 270 271
cat_threshold=0 0 32 16 0 0 8 2048 67108864 1056768 0 0 8388608 0 512 1 0 0 0 67108864 0 0 0 0 0 335544320 536870912 2147484673 0 0 32768 0 2097152 0 1024 0 0 0 0 0 0 134217728 0 4194304 0 524288 0 0 4096 33554432 0 134348800 2052 2 12178690 0 0 0 0 33554432 0 4096 0 0 1024 16384 0 0 0 0 2113536 0 268435456 0 0 0 0 262144 2048 64 1048576 0 0 2281701376 0 0 1024 4194304 0 0 1073741856 3221225472 0 0 0 0 4 0 134217728 0 0 268435456 33554432 0 0 0 2147483680 0 0 4096 8 0 0 4096 0 0 2147483648 16384 0 0 0 0 0 0 65536 1 0 0 0 262144 0 1024 0 0 2147483648 0 512 0 0 2097152 0 1024 0 0 0 0 0 0 0 0 0 0 524288 524416 0 0 33554432 0 2147483680 537001984 104226840 0 0 525312 0 0 33554432 65536 0 0 263168 0 0 0 0 134217728 0 0 1073741824 4 134217728 0 262144 0 2097152 0 2097152 0 16384 0 0 32768 0 0 0 0 1073745920 0 0 0 1 33554432 0 16777216 134217728 0 0 4 0 0 0 0 0 67108864 70273600 4 0 67108864 0 0 0 33816576 0 0 128 2147745792 0 0 32 0 0 8192 0 1073741824 4 134217728 0 0 0 0 0 0 2415919104 0 131074 0 0 0 256 0 1073741824 0 2 268435456 0 256 553648128 0 0 0 33554432 0 68 0 0 0 0 0 2164260864 542 8390664
is_linear=0
shrinkage=0.1


Tree=34
num_leaves=31
num_cat=5
split_feature=8 1 12 23 12 17 29 20 23 23 28 30 29 25 26 30 28 8 30 17 26 21 23 17 15 30 24 29 28 16
split_gain=15.195 13.0503 12.3558 18.82 11.7065 17.3635 11.6445 14.3122 10.9807 9.56009 8.89812 9.80663 8.34336 9.42661 15.1385 8.81011 10.6825 8.0159 9.97366 8.67533 7.58811 19.8974 13.527 12.9603 8.99216 10.7619 7.98144 6.69029 6.61118 6.75333
threshold=0 1 2 9.5000000000000018 3 47.45000076293946 0.20554336905479434 1.0000000180025095e-35 6.5000000000000009 94.500000000000014 0.11327800527215005 4306.5000000000009 0.019696546718478206 5.5000000000000009 1.5000000000000002 4582.5000000000009 0.030239455401897434 4 4587.5000000000009 40.549999237060554 98.500000000000014 21.500000000000004 1.0000000180025095e-35 52.750000000000007 5.5000000000000009 4554.5000000000009 1.5000000000000002 0.12215916439890863 0.083486475050449385 14.500000000000002
decision_type=9 9 9 2 9 8 2 2 2 2 2 2 2 2 2 2 2 9 2 8 2 2 2 10 2 2 2 2 2 2
left_child=4 -2 3 17 -1 8 7 10 -6 12 11 -7 13 15 -15 -4 -17 19 -19 -3 24 22 -22 -24 26 27 -14 -26 29 -27
right_child=1 2 9 -5 5 6 -8 -9 -10 -11 -12 -13 20 14 -16 16 -18 18 -20 -21 21 -23 23 -25 25 28 -28 -29 -30 -31
leaf_value=-0.011851284918120418 -0.061873203253567405 -0.044099755886396717 -0.011709743863995739 -0.075644736372188798 0.028141536919905827 0.13790263205010397 -0.006756540973777217 0.21308139929380046 -0.067170646353924265 -0.067362482014725458 0.16631803327373895 -0.020037781875928386 0.0026414916487561791 -0.075392302077565684 0.10281962584552391 0.0005028785977745651 0.25803349959654254 -0.0026280147111152792 0.083339707770753613 -0.006603948619223793 -0.0012296141714948083 0.10493959829713956 -0.050290613093525782 0.10748529269467061 0.032786510690546652 0.21149755750054369 -0.028883467541369969 -0.0059185695395063288 0.037055632090291772 0.064001615151228264
leaf_weight=73.243278383277357 25.134032628964633 111.45922705251724 125.46082949684933 45.726613174658269 153.23744801525027 6.0672503020614448 9.6662871539592725 10.79738405998796 13.122500478755681 20.425372957251966 7.4566080309450617 11.166785130277274 4335.7423908603378 45.13470312114805 5.3294550520367912 3.9179231147281817 2.735153921879828 346.14258433133364 14.042839621193705 138.23145129485056 194.91067321505398 13.803845875896512 119.27159875724465 5.4439729200676075 94.379570585675538 6.0387554476037639 81.826142517849803 84.771629029884934 15.005051493644713 6.3881016802042723
leaf_count=1058 2398 2320 8389 1987 2096 121 52 167 485 1820 49 192 61585 4080 384 312 105 5336 185 2631 2566 214 2382 82 1681 87 1121 629 133 120
internal_value=9.84058e-06 -0.00110617 -0.000737828 -0.0135614 0.0221635 0.0339455 0.0905453 0.117049 0.0206233 0.000914364 0.0750527 0.0355652 0.00118745 -0.0198064 -0.0565716 -0.00576308 0.106377 -0.00912897 0.000704129 -0.0224428 0.00196062 -0.0126089 -0.0176855 -0.0434035 0.00301117 0.0234032 0.00205756 0.0144719 0.0817316 0.135676
internal_weight=6126.08 5841.32 5816.19 655.603 284.758 211.514 45.1543 35.488 166.36 5160.59 24.6906 17.234 5140.16 182.578 50.4642 132.114 6.65308 609.876 360.185 249.691 4957.58 333.43 319.626 124.716 4624.15 206.583 4417.57 179.151 27.4319 12.4269
internal_count=104767 100547 98149 12459 4220 3162 581 529 2581 85690 362 313 83870 13270 4464 8806 417 10472 5521 4951 70600 5244 5030 2464 65356 2650 62706 2310 340 207
cat_boundaries=0 1 2 3 4 5
cat_threshold=2 1859601 40482061 67570208 25
is_linear=0
shrinkage=0.1


Tree=35
num_leaves=31
num_cat=8
split_feature=13 18 13 18 15 9 13 14 28 29 23 25 25 13 13 2 13 16 23 14 18 18 28 28 23 16 29 20 28 20
split_gain=30.2217 20.956 17.5006 14.0935 13.94 10.9627 10.7555 12.4284 11.6818 10.5492 12.5104 12.8976 10.809 10.2867 10.2722 10.2548 11.2358 10.3168 10.0586 9.70492 10.7516 9.50217 9.92264 15.5774 22.1575 12.8354 10.6769 10.5432 9.45115 10.3896
threshold=0 0.077127590775489821 1 0.020287527702748779 4.5000000000000009 2 3 8.5000000000000018 0.038379773497581489 0.024849578738212589 4.5000000000000009 1.5000000000000002 12.500000000000002 4 5 6 7 1.5000000000000002 5.5000000000000009 10.500000000000002 0.056562542915344245 0.040091510862112052 0.020444549620151523 0.019472314044833187 6.5000000000000009 11.500000000000002 0.021615550853312019 -1.0000000180025095e-35 0.069111082702875151 9.5000000000000018
decision_type=9 2 9 2 2 9 9 2 2 2 2 2 2 9 9 9 9 2 2 2 2 2 2 2 2 2 2 2 2 2
left_child=-1 2 -2 -4 5 6 7 8 -5 12 13 -12 21 28 -3 -16 18 -18 -17 -13 -21 22 23 26 25 -25 -7 -27 29 -11
right_child=1 14 3 4 -6 9 -8 -9 -10 10 11 19 -14 -15 15 16 17 -19 -20 20 -22 -23 -24 24 -26 27 -28 -29 -30 -31
leaf_value=0.072282960454842601 0.036771644668154656 -0.017981272896761269 -0.046477269963131521 0.23937924123744536 0.020076185417941903 0.062022919248043734 -0.048136924772310921 -0.067162563789736604 0.01655895652713325 -0.003920663156800285 -0.10241748854358895 -0.04059961469133886 -0.041467710381977635 -0.012023050236749867 0.020037970308947994 0.045674905768943237 -0.029354100932707933 0.0020920653411873442 -0.047547053870115659 -0.0062558461972485038 0.18273096544254941 0.12606172236506727 -0.0039654551285565852 -0.070129249664390658 0.28333944198216349 0.17964717841755706 -0.031465762295689648 0.022078202533030694 0.1731702815748532 0.15736987041993078
leaf_weight=46.28387375222519 67.556865312159061 220.4136451035738 111.75600521499291 4.533410916104911 142.88635694608092 21.143913677893579 128.11597856320441 5.3444341449066988 4.8917524442076683 20.774356737732894 29.158838620875031 71.695003009401262 36.077178318053484 1018.7862895745784 342.95036480948329 99.286965802311897 107.59805835410953 3435.4228294976056 13.101872308179734 10.303440361749379 4.2528256718069306 7.8032101057469836 124.23639381770045 5.8325672764331165 5.3871572986245146 8.5959658632054978 28.930610742885619 8.3924825666472262 5.3500116225332013 4.9442380471155039
leaf_count=538 1969 2114 12508 111 4184 842 4394 188 109 534 1770 3202 2448 26257 2255 829 971 31109 282 500 63 209 5768 193 130 104 975 191 106 117
internal_value=-0.000661714 -0.00133199 -0.0101252 -0.0120132 -0.00981491 -0.0125624 -0.0382065 0.0325908 0.123733 -0.00962786 -0.0136712 -0.0449224 0.00910298 -0.0102358 0.00257656 0.00374544 0.00216638 0.00113388 0.0319634 -0.0254851 0.0489594 0.0177775 0.0136052 0.0414903 0.100924 0.0578633 0.00800973 0.101806 0.0395214 0.0270864
internal_weight=6141.81 6095.52 1876.75 1809.19 1697.44 1554.55 142.886 14.7696 9.42516 1411.66 1165.27 115.41 246.399 1049.85 4218.77 3998.36 3655.41 3543.02 112.389 86.2513 14.5563 210.322 202.519 78.2827 28.2082 22.821 50.0745 16.9884 31.0686 25.7186
internal_count=104970 104432 66872 64903 52395 48211 4802 408 220 43409 32549 5535 10860 27014 37560 35446 33191 32080 1111 3765 563 8412 8203 2435 618 488 1817 295 757 651
cat_boundaries=0 53 107 108 161 210 263 271 324
cat_threshold=0 0 2097152 0 33587200 1073741824 0 0 33554432 262144 0 0 8421376 0 0 0 0 262144 4194308 524288 0 0 1073741824 2097152 1024 0 1073741824 0 0 0 0 1048576 0 0 1024 4202496 0 0 2147483648 0 0 134217728 0 0 0 0 0 33554432 0 0 536870912 0 1073743872 0 16777216 32 16 0 0 8 0 67108864 2105344 0 134217728 0 0 512 0 8 1073741824 1 0 0 0 262144 0 64 68157440 0 2147483648 0 0 0 2148007936 4194304 0 0 1073741824 0 0 16777216 0 0 0 0 0 1024 0 0 268435456 0 0 0 134348832 4 2 28676 0 0 0 0 0 0 69632 0 0 1024 0 0 0 0 536870912 0 0 0 536870912 0 0 0 0 0 0 805306368 0 0 32 0 0 0 0 0 0 0 0 0 0 0 0 0 512 0 0 0 0 0 0 0 0 64 16908288 0 0 0 0 0 0 0 0 0 2147483648 0 16384 0 0 0 0 16777216 16777216 536870912 0 0 0 0 0 0 0 0 0 0 512 0 0 2097408 0 0 0 0 2 0 0 256 8192 0 0 2 0 0 0 67108864 0 0 0 8 0 268435456 8 0 0 2147483648 16384 0 0 0 65536 0 8 1073807360 536870913 0 0 0 262144 0 64 67108864 0 2147483648 0 0 0 2147483648 0 0 1073741824 0 1073741824 524288 0 1 0 4 0 128 1024 0 268435588 268435456 512 0 0 2147483680 67108864 0 1073741824 0 262144 1 2097152 0 16777216 0 0 529408 0 0 33555456 0 0 0 0 0 8388608 0 33554432 134217728 2113536 0 0 0 134217728 0 0 0 0 0 0 64 16384 2147483648 0 0 2101248 256 16384 0 4096 1048576 0 0 0 33554688 0 0 134217728 512 67108864 32 64 0 0 0 64 553779200
is_linear=0
shrinkage=0.1


Tree=36
num_leaves=31
num_cat=12
split_feature=13 13 13 1 29 29 9 13 13 30 23 16 10 17 27 18 17 30 11 18 29 16 17 30 30 23 16 13 12 13
split_gain=34.548 18.5557 15.3514 13.5156 12.2892 11.0938 9.89476 21.3026 13.9775 11.5812 14.6274 10.4065 10.2668 9.74109 9.22376 11.252 10.8142 12.315 8.51542 7.26675 7.11288 6.7981 8.83608 6.68821 21.2515 16.8079 34.9211 13.5723 13.0983 11.926
threshold=0 1 2 3 0.092218820005655303 0.021615550853312019 4 5 6 4424.5000000000009 1.0000000180025095e-35 2.5000000000000004 7 40.049999237060554 0.0027138290461152796 0.090059403330087676 32.250000000000007 4493.5000000000009 8 0.077786073088645949 0.089527815580368056 15.500000000000002 28.44999980926514 4356.5000000000009 4350.5000000000009 3.5000000000000004 15.500000000000002 9 10 11
decision_type=9 9 9 9 2 2 9 9 9 2 2 2 9 10 2 2 8 2 9 2 2 2 8 2 2 2 2 9 9 9
left_child=4 -2 -3 -4 5 -1 7 9 14 10 -5 20 -10 -7 15 19 -17 -18 -14 21 -9 -8 -23 24 29 -26 -27 -25 -29 -20
right_child=1 2 3 6 -6 13 8 11 12 -11 -12 -13 18 -15 -16 16 17 -19 23 -21 -22 22 -24 27 25 26 -28 28 -30 -31
leaf_value=0.17483431764949639 -0.040550986115929916 -0.051110705924218652 -0.050841026967427684 0.050188315884288841 0.14818506444495722 0.078180808481496389 0.051839077004930394 -0.016453399298452239 -0.048883439166913338 -0.018365561470886946 0.23150360815564874 -0.036842253602610772 0.073390940773449417 -0.07322188562928135 -0.076328844688267075 -0.0039443665761059975 0.10024432823736713 0.0034514975100168287 -0.017507579633023507 -0.060340134486555112 0.13124343327194982 0.11858319711365016 -0.034245073393436638 -0.032714994771271343 0.032906187397901465 0.35263921891133354 0.026993746867476288 0.033886875007098728 -0.0024313015379171833 0.004936020156973097
leaf_weight=4.9538766555488136 107.59756277222186 49.188406616915017 41.686731611378491 13.16970174433664 22.587073799222708 8.7668361971154827 33.45607419218868 6.7171415728516859 31.836437197867781 10.501480942126362 6.719585425220429 205.10379716893658 6.1347720474004745 8.2471438003703934 7.8495767735876134 21.627029971219599 54.164544302970171 17.35675048828125 256.09251801110804 13.435936147347091 6.3365319222211838 4.3972909217700362 27.086932356469337 132.80937281902879 88.575578934978694 5.316432772204279 8.6524443053640407 93.161737547721714 2658.4071834450588 2158.3058414892294
leaf_count=212 3099 892 2936 301 136 117 1017 269 669 306 206 4538 82 145 135 223 377 121 3472 168 55 101 883 2306 1253 71 222 1246 46291 33063
internal_value=-0.000503038 -0.00121277 -0.000435598 7.18835e-05 0.0787225 0.0431373 0.000519511 -0.0186103 0.0013973 0.0501032 0.111446 -0.029959 0.000466547 0.00479176 0.0281063 0.0345242 0.0580181 0.0767547 0.000846792 0.00660221 0.0552418 0.0204524 -0.0129001 0.000628925 0.00439708 0.0489839 0.150932 -0.00265703 -0.0010834 0.00250338
internal_weight=6110.24 6065.69 5958.09 5908.9 44.5549 21.9679 5867.21 248.548 5618.67 30.3908 19.8893 218.157 5439.29 17.014 179.374 171.525 93.1483 71.5213 5407.46 78.3762 13.0537 64.9403 31.4842 5401.32 2516.94 102.544 13.9689 2884.38 2751.57 2414.4
internal_count=104912 104302 101203 100311 610 474 97375 5675 91700 813 507 4862 88675 262 3025 2890 721 498 88006 2169 324 2001 984 87924 38081 1546 293 49843 47537 36535
cat_boundaries=0 52 105 157 158 159 212 265 266 268 321 322 375
cat_threshold=0 16777216 0 2147549184 33587200 0 65536 0 0 1048576 0 32 0 0 512 1 0 262144 4210692 1572864 32 0 0 2097152 0 1 0 0 0 0 0 1048576 0 0 0 1073741824 0 0 2147483648 0 32768 134217728 16777216 0 4608 0 128 0 4096 0 0 134348800 0 2147483648 4100 0 0 0 0 0 0 0 0 512 64 0 134217728 2147483648 0 268500992 536870912 0 0 0 0 134217728 0 0 0 0 131072 0 0 4096 0 16392 0 0 2147483650 268959746 0 256 16777216 4194304 0 0 0 524288 0 256 0 0 131072 0 67108864 0 67108864 1073741824 8 1075052544 0 4096 0 0 0 0 32768 672 0 65536 8388608 0 0 0 32 0 0 0 0 4194304 0 2048 0 536870912 128 0 0 4194304 16 1 256 0 0 0 0 0 0 0 524288 0 0 4 8388640 0 2147614722 8388608 545259520 1892464 8704 0 0 1024 0 0 0 0 0 0 1024 0 0 1048576 2147483648 0 0 0 0 0 0 0 0 0 0 0 270532608 0 2147483648 2147483648 0 0 0 256 0 1024 4096 0 0 16777216 1 0 0 0 0 16 0 524288 268435456 536870912 33554432 0 0 131076 0 0 0 64 0 1073741824 0 0 0 262144 0 134217730 0 0 536870912 8192 8 0 0 134217728 0 0 0 0 1024 65664 64 33554432 32 0 0 2149580800 256 0 0 4202496 1074790400 0 0 0 256 0 0 0 1024 0 268435456 128 0 134217728 0 32 1627390016 854 8194 10242 0 0 524288 0 0 268435456 8 0 0 2147483648 0 0 0 33554432 0 0 0 1073741824 0 2 0 0 0 0 64 268435456 268435456 2147483648 0 2147516416 0 1024 262144 0 1073742848 4096 0 0 16777216 16384 0 1056768 0 0 2 67108864 0 285212672 67108864 33554432 0 64 4 69116058 0 0 0 0 0 67108864 0 131072 0 9216 16384 0 0 0 0 0 0 0 1 0 0 0 1074003968 0 0 2097152 2147483648 16896 0 512 32768 0 2097152 16777216 0 0 0 0 524288 1 536870912 0 0 134217728 0 2048 524288 0 512 0 0 2147483648 131072
is_linear=0
shrinkage=0.1


Tree=37
num_leaves=31
num_cat=10
split_feature=13 3 13 3 17 18 13 20 13 3 3 23 17 29 17 20 3 20 29 14 16 17 14 30 15 18 30 29 25 3
split_gain=40.6545 21.7916 25.4168 16.5899 17.0328 11.2217 20.6751 12.7347 10.6226 26.8527 13.1706 10.6128 10.3402 12.9285 9.65707 9.56853 16.2475 10.7786 14.1394 11.2914 9.52538 9.41137 9.26773 9.21811 9.03555 8.92835 8.91475 8.72543 8.65318 46.803
threshold=0 1 2 3 33.549999237060554 0.028411639854311947 4 3.5000000000000004 5 6 7 2.5000000000000004 43.850000381469734 0.089527815580368056 26.849999427795414 4.5000000000000009 8 -1.0000000180025095e-35 0.023780041374266151 2.5000000000000004 25.500000000000004 25.349999427795414 6.5000000000000009 4535.5000000000009 1.0000000180025095e-35 0.08258861675858499 4378.5000000000009 0.02795304544270039 1.5000000000000002 9
decision_type=9 9 9 9 8 2 9 2 9 9 9 2 8 2 10 2 9 2 2 2 2 10 2 2 2 2 2 2 2 9
left_child=12 -2 -3 4 21 6 7 23 9 -7 25 -6 13 26 -9 16 17 27 19 -19 -16 -4 -23 -5 -21 -10 -1 -8 -12 -30
right_child=1 2 3 5 11 8 15 14 10 -11 28 -13 -14 -15 20 -17 -18 18 -20 24 -22 22 -24 -25 -26 -27 -28 -29 29 -31
leaf_value=-0.10731586956303014 -0.031344602150944458 -0.049176160473630361 0.013788273118052414 0.15815960553202493 0.025426469631098299 0.032344979912000915 -0.065843707831328299 0.12252990315711006 -0.074239275753077913 -0.034244245696654046 4.629199155258118e-05 -0.04634448163027604 0.18927304619803195 0.1424028789207463 -0.076068838220597443 -0.064991961021732408 -0.048404591587648538 0.26318400688036681 -0.013449443379942947 -0.047580520222912238 0.1687644080062797 0.21665635168425565 0.070914547232858602 -0.05927546350510441 0.097908313055890372 -0.015151876530030703 0.089787828850224821 0.129519196164252 -0.051647992178431905 0.015314471959756857
leaf_weight=4.7849232382141071 225.03765025781468 94.452591507695615 7.8977370439097312 13.000426106154917 191.63874104619026 73.714223035611212 19.45649314951152 4.8531044423580196 29.99269915279001 228.08168999990448 3465.9462516056374 23.084947369992733 13.355354852974413 12.897969987243412 11.491604536771773 66.305024385452271 76.785637139808387 3.287490755319598 25.786074298433959 5.4669178198091712 1.8440631818957616 8.9169405484572071 8.5438289046287519 2.2937832092866293 19.476074889767915 173.54100891575217 4.4091070257127285 2.590525538660585 104.79363702517003 1191.8457259028219
leaf_count=124 7430 2840 107 574 3540 818 1249 309 1009 3390 45825 710 169 80 906 7085 5883 213 1144 286 136 136 128 116 1075 1474 87 134 1460 16438
internal_value=-0.000786522 -0.00148715 -0.000288107 0.000597301 0.0257896 -0.000542933 -0.0211316 0.0448885 0.000443423 -0.017464 0.00156369 0.0177104 0.0934466 0.0778152 0.00174336 -0.0318149 -0.0195044 0.0141708 0.0400832 0.0889806 -0.0422132 0.104371 0.145343 0.125549 0.0660206 -0.0227416 -0.0127924 -0.0428886 0.00264788 0.00962239
internal_weight=6115.57 6080.12 5855.09 5760.63 240.082 5520.55 252.637 33.483 5267.92 301.796 4966.12 214.724 35.4474 22.092 18.1888 219.154 152.849 76.0636 54.0166 28.2305 13.3357 25.3585 17.4608 15.2942 24.943 203.534 9.19403 22.047 4762.59 1296.64
internal_count=104875 104415 96985 94145 4621 89524 19110 2041 70414 4208 66206 4250 460 291 1351 17069 9984 4101 2718 1574 1042 371 264 690 1361 2483 211 1383 63723 17898
cat_boundaries=0 51 74 128 150 203 256 276 297 320 343
cat_threshold=0 0 2097184 65536 33587200 0 0 0 33816576 1048576 0 0 32769 0 512 16384 1048576 0 0 0 0 128 0 2048 0 1 1073741824 0 0 0 0 1048576 16384 0 0 1077936128 1048576 0 0 0 0 134217728 0 0 32784 67108864 524288 0 528384 0 536870912 20973696 0 33792 0 0 0 1114112 65536 536873984 67632 8388616 1107296256 0 425984 0 0 0 0 0 3288334336 1082195968 524288 2048 0 2231369728 1073741824 8 262144 268435456 4096 0 0 0 0 512 224 0 134217728 0 0 65536 0 32 0 0 0 0 0 270532608 0 16384 0 32896 4096 4096 0 16400 0 0 0 268435456 0 0 33554432 4194304 0 128 0 0 0 0 0 2 131072 2147483648 0 16384 679477248 0 4194304 128 0 2048 262144 32898 589832 0 4194304 262144 33554432 256 0 0 2563 132 33557504 2164736 0 4325376 0 0 0 0 0 0 65536 131072 0 262144 16384 16384 0 0 0 0 0 1073741824 0 0 0 0 0 0 64 67174400 0 2147483648 32 0 0 0 256 0 8192 4096 0 0 0 0 0 8192 0 0 1024 0 128 0 67109376 33554432 0 131072 16777216 0 0 0 0 0 0 65536 0 0 262144 16384 0 0 33554432 0 2155872256 0 0 1 0 0 0 524288 0 0 0 0 2147483648 537002016 512 0 0 6291712 0 0 0 2147483648 2 16842752 0 256 8192 0 0 1024 0 128 8388864 67108864 0 268435456 0 2147483648 262144 128 805306368 262144 0 0 2048 1056 131136 0 2 2431295496 150996389 0 0 2048 0 2097152 0 262144 0 33554432 67174400 4096 67108864 8421632 900 0 67108864 33554432 70 17367041 8389664 32 0 2048 0 0 256 8388608 4327456 268435456 0 1073741824 0 536870912 0 16384 0 2164260864 180288 0 0 1048576 0 0 0 0 0 0 0 671088640 3364901714 25731106 0 16777216 0 256 0 2097152 0 0 1052672 0 524544 6291456 4164 8192 0 9437184 536870976 84410376 262656 656386 0 2048 4100
is_linear=0
shrinkage=0.1


Tree=38
num_leaves=31
num_cat=7
split_feature=13 9 13 13 18 17 26 13 28 23 29 26 26 30 16 6 23 16 1 18 15 16 28 28 28 18 17 17 26 23
split_gain=25.2155 19.2759 19.7728 14.6173 12.4866 10.883 12.6399 9.79281 7.56218 9.12585 11.2307 13.184 11.7711 7.39592 8.03423 7.38299 8.83823 7.64704 15.826 9.2435 7.39225 8.15836 7.73088 10.1705 7.53077 11.3673 7.37422 7.31235 7.25385 62.9791
threshold=0 1 2 3 0.020287527702748779 56.250000000000007 9.5000000000000018 4 0.019472314044833187 1.5000000000000002 0.01667208876460791 -1.0000000180025095e-35 3.5000000000000004 4447.5000000000009 17.500000000000004 5 87.500000000000014 11.500000000000002 6 0.1063349023461342 3.5000000000000004 6.5000000000000009 0.045391317456960685 0.022339220158755783 0.027825399301946167 0.030987782403826717 29.849999427795414 40.549999237060554 1.5000000000000002 1.0000000180025095e-35
decision_type=9 9 9 9 2 8 2 9 2 2 2 2 2 2 2 9 2 2 9 2 2 2 2 2 2 2 8 10 2 2
left_child=13 3 26 5 8 6 -2 -6 9 10 27 -12 -13 14 -1 16 28 18 -17 -19 21 22 23 -20 -25 -26 -3 -4 -9 -30
right_child=1 2 4 -5 7 -7 -8 15 -10 -11 11 12 -14 -15 -16 17 -18 19 20 -21 -22 -23 -24 24 25 -27 -28 -29 29 -31
leaf_value=0.0092008324939643147 -0.027202325200966063 -0.006187931400950991 -0.029396985296699641 -0.036351032883853621 0.030862502547181161 0.16997088807258587 0.11505984498167683 0.0050460474084625794 -0.069649638286479007 -0.072401286833286616 0.020317764340117089 0.49237952557481934 0.11909907121124892 0.1083127590280403 0.082566960024354735 0.052349944489929912 -0.070969047643758137 -0.011388012156241219 -0.059219033145848435 0.011362907249212404 -5.3136523407375771e-05 -0.050809512311104171 -0.027324657077097136 0.15326715468363469 -0.10249534533943701 0.092662463612603829 -0.055774744181195546 0.17962883457701412 0.021799163968907478 -0.028172104616576793
leaf_weight=35.974700556136668 21.895597235765312 44.729619645979255 27.934056374244395 236.11293567810208 99.120208278298378 5.1899621840566388 8.7377994977869076 3272.2626610696316 38.292973845731467 17.533103647176176 6.550488377455622 1.3469468518160268 2.2659810921177268 21.053594511002302 25.511269433889538 21.549734627828002 16.32181322388351 373.80876000784338 8.833921954501422 341.93996404111385 99.605081185698509 124.04523822385818 118.93638751003891 6.9993596626445678 4.5721621536649755 8.595656148158012 91.013685125857592 1.7802843605168153 476.67392551712692 535.57937788823619
leaf_count=461 624 542 3455 5635 1448 104 161 46577 4545 2466 435 114 165 302 351 219 1489 8648 301 2382 1575 2079 1399 254 217 225 2227 193 6056 10173
internal_value=-0.000826569 -0.00161992 -0.000365363 -0.02715 0.000579228 0.0281931 0.0133762 0.0012024 -0.0352308 -0.0122735 0.014163 0.104903 0.258263 0.050981 0.0396413 0.000600787 0.00247774 -0.00667358 -0.0178786 -0.000519046 -0.022748 -0.0318957 -0.0160364 0.0302576 0.0694515 0.0248993 -0.0367293 -0.0168736 0.00275753 -0.00464044
internal_weight=6094.77 6012.23 5740.29 271.936 5604.55 35.8234 30.6334 5508.84 95.7038 57.4109 39.8778 10.1634 3.61293 82.5396 61.486 5409.72 4300.84 1108.89 393.138 715.749 371.588 271.983 147.937 29.0011 20.1672 13.1678 135.743 29.7143 4284.52 1012.25
internal_count=104822 103708 97184 6524 94415 889 785 83042 11373 6828 4362 714 279 1114 812 81594 64295 17299 6269 11030 6050 4475 2396 997 696 442 2769 3648 62806 16229
cat_boundaries=0 53 54 106 159 212 213 214
cat_threshold=0 0 0 65536 32768 1107296256 65536 0 33816576 1048576 0 2 8388609 0 0 1 1048576 16777216 4 0 0 0 0 2048 0 1 0 0 0 0 0 1048576 0 0 0 4194304 0 0 2147483648 1 0 134217728 16777216 0 32768 0 128 0 4096 0 536870912 134217728 67108864 8736 0 67108864 0 256 0 0 4608 0 0 1024 0 134217728 0 0 0 8388608 0 65536 536870912 32 0 0 0 0 0 270532608 0 16384 131072 128 0 4096 0 0 9216 32 0 268435456 0 16384 0 0 0 524288 0 524288 68 268435456 2147483648 33554432 131072 8388608 0 0 1024 0 0 0 4096 1024 0 9216 0 0 0 2147483648 0 0 0 65536 0 0 0 0 0 0 0 270532608 0 2147483648 2147483648 0 0 0 256 0 1024 4096 0 0 16777216 0 0 0 0 134217856 16 0 0 268435456 536870912 33554432 0 0 4 0 0 4 64 0 268435456 0 0 0 2147745792 0 0 0 0 0 0 8 1073741824 0 0 0 0 0 0 0 68157568 0 0 0 0 0 2149580800 2097152 16384 0 1073750016 0 0 0 0 33024 0 0 32 0 0 0 0 0 134217728 0 32 16777216 1 4196360
is_linear=0
shrinkage=0.1


Tree=39
num_leaves=31
num_cat=13
split_feature=3 3 25 23 3 20 3 25 3 3 16 16 23 3 20 30 25 3 23 8 9 17 25 28 3 23 26 3 3 20
split_gain=22.4867 16.6923 12.202 10.9975 11.0594 10.2014 38.1608 17.5348 48.3634 14.8395 13.9178 15.9313 13.7058 30.7149 20.8601 20.6412 14.0424 19.0469 13.6405 11.8249 11.5067 11.1714 10.7895 12.8537 10.5569 12.7256 39.9261 25.0488 15.8553 18.5561
threshold=0 1 118.50000000000001 94.500000000000014 2 169.50000000000003 3 30.500000000000004 4 5 6.5000000000000009 24.500000000000004 11.500000000000002 6 52.500000000000007 4500.5000000000009 17.500000000000004 7 17.500000000000004 8 9 39.149999618530281 15.500000000000002 0.026078659109771255 10 1.5000000000000002 1.0000000180025095e-35 11 12 8.5000000000000018
decision_type=9 9 2 2 9 2 9 2 9 9 2 2 2 9 2 2 2 9 2 9 9 10 2 2 9 2 2 9 9 2
left_child=-1 -2 3 4 -3 7 -7 9 -9 19 -8 -12 14 21 16 -16 17 20 -10 -6 -11 22 23 -14 -19 -26 27 -27 29 -28
right_child=1 2 -4 -5 5 6 10 8 18 12 11 -13 13 -15 15 -17 -18 24 -20 -21 -22 -23 -24 -25 25 26 28 -29 -30 -31
leaf_value=-0.033994332141042825 0.022630539890444369 -0.020667286413428923 -0.048660583001663704 -0.072967017607669493 0.059827118132885097 -0.052244434101250681 -0.020342881320525898 0.045871466774854625 -0.089728217393396509 0.094052831188939715 0.089803767219995626 0.0014549101652633338 0.092203371597942826 -0.070254145027150564 0.022593282014885925 0.14824190227960007 -0.044926760878653903 -0.024027844931775857 0.072856955509084539 -0.02588837656981028 0.02084796475949266 -0.084326414437532082 0.15953218634361588 -0.041738488753615285 0.0038927772678667965 0.063209338067399284 -0.038889300434514364 -0.014591014678652212 -0.054481605152416103 0.11001969569606605
leaf_weight=193.05253516044468 295.15984360408038 252.89471758203581 54.075868278741837 21.109947005752474 8.4665632536634803 42.190988885238767 21.539380543865263 45.586952591314912 87.826783719938248 19.728620273061097 81.394733254797757 27.241113463882357 15.61223876476288 65.6170160965994 43.734189681243151 18.649595421738923 63.060615085531026 150.10249859793112 5.4823223594576111 273.48477493226528 169.41257261764258 6.2885931176133445 8.3970547234639508 13.241184975951908 3733.575024290476 67.955128856003284 19.524602891877294 85.557784688193351 175.21543131908402 14.645800242200492
leaf_count=7119 7363 4868 891 2206 118 755 272 617 3442 300 1045 346 331 2400 598 198 1672 2816 42 4328 3221 184 62 456 51998 666 404 1763 3708 216
internal_value=-0.0012766 -0.000145655 -0.00138618 -0.000927031 -0.000651352 0.000348947 0.0242758 -0.000460433 -0.0355032 0.000522411 0.0493027 0.0676497 0.00188476 -0.0331293 0.00272684 0.0601559 0.00193048 0.00259663 -0.0724149 -0.0213534 0.0328232 0.0316804 0.0597693 0.0307358 0.0011703 0.00214987 -0.0157223 0.0230157 -0.0441234 0.0192896
internal_weight=6079.82 5886.77 5591.61 5537.54 5516.43 5263.53 172.366 5091.17 138.896 4952.27 130.175 108.636 4670.32 109.156 4561.16 62.3838 4498.78 4435.72 93.3091 281.951 189.141 43.5391 37.2505 28.8534 4246.58 4096.47 362.899 153.513 209.386 34.1704
internal_count=104405 97286 89923 89032 86826 81958 2418 79540 4101 75439 1663 1391 70993 3433 67560 796 66764 65092 3484 4446 3521 1033 849 787 61571 58755 6757 2429 4328 620
cat_boundaries=0 23 46 69 90 113 136 149 172 173 174 196 217 238
cat_threshold=1048576 1049088 35328 0 0 33554432 33792 65536 2148008960 4 0 268435456 2064 425984 0 524288 544 65536 0 2228224 65536 33816832 32 67108864 0 1 262272 0 0 8388608 0 72 0 541065216 2147483648 256 320 0 69206016 2048 77078532 33555456 8389633 1082130432 0 32768 18432 0 32 0 1073741824 541589504 35651584 4144 0 18890754 0 8650753 0 16777252 0 2048 2147483648 0 0 65536 2214592512 4097 134217984 2298478592 0 805306368 0 0 0 0 1024 1048576 0 4096 1097932808 134234624 8192 0 0 65600 0 0 335544320 2097152 8388608 2147483649 270532608 0 536870912 0 0 0 65536 0 4128 208150528 134250560 1 0 16 0 0 0 134217728 1025 537001984 1033 262144 8912896 0 96 67108864 33920 166 0 604045312 1 0 524288 2147483648 1 0 0 0 0 272 3221225536 33555456 131072 1032 16777216 2147483649 64 0 0 0 16384 16384 0 0 134217728 1076887552 83887232 2424307840 134479872 0 0 0 0 262144 32768 1052672 0 0 570490888 33603616 12288 0 0 1610678272 16384 0 524288 0 4227232 4608 2 4265 587202560 0 16793600 0 1024 135528704 8968 524288 512 2147483648 8 4194304 0 0 0 5242880 0 16809984 2147487808 4456456 0 16842756 0 2149580801 805306432 0 0 0 0 16384 0 0 4128 137371648 150995012 0 0 0 0 0 0 268435456 2097152 1073741824 16777216 536870912 0 536870912 0 2048 1024 131072 0 0 0 150994947 0 0 0 0 0 16384 0 1
is_linear=0
shrinkage=0.1


Tree=40
num_leaves=31
num_cat=19
split_feature=13 3 13 3 3 13 3 23 25 3 3 20 15 3 25 25 13 3 14 3 3 3 23 23 3 30 25 3 3 3
split_gain=27.1605 26.0351 22.6534 16.7388 15.3333 12.3286 14.8598 12.2764 37.9628 30.1219 28.0805 15.7207 18.1769 15.7136 13.8148 13.7326 11.7367 26.0447 16.8796 13.0129 11.7875 11.1034 11.962 9.98832 9.54215 9.34152 9.12223 39.2886 21.7004 16.1331
threshold=0 1 2 3 4 5 6 3.5000000000000004 7.5000000000000009 7 8 35.500000000000007 4.5000000000000009 9 1.5000000000000002 110.50000000000001 10 11 7.5000000000000009 12 13 14 22.500000000000004 1.0000000180025095e-35 15 4293.5000000000009 1.5000000000000002 16 17 18
decision_type=9 9 9 9 9 9 9 2 2 9 9 2 2 9 2 2 9 9 2 9 9 9 2 2 9 2 2 9 9 9
left_child=23 -2 -3 -4 -5 6 -6 13 10 11 14 -10 21 -7 -9 16 17 25 -19 -18 -21 22 -13 -1 -22 -15 29 -28 -29 -26
right_child=1 2 3 4 5 7 -8 8 9 -11 -12 12 -14 15 -16 -17 19 18 -20 20 24 -23 -24 -25 26 -27 27 28 -30 -31
leaf_value=0.059376335852010666 -0.040200618895091078 -0.052953723191130432 0.02571372804604968 -0.03514544964115885 0.03285637217661358 -0.01962841681445723 -0.052858475804404864 -0.036905801507253463 0.12366899861726388 -0.029393151128763374 -0.054368302219478283 -0.042807350492595861 0.13852035547552391 -0.083173719984244485 0.13406168266313764 -0.083052540129707392 0.021176376429563912 0.075221327023731299 0.0075221934740192986 -0.023550852887910655 -0.03541637305832538 0.041952868601014388 0.029457889490587946 0.16956131221248916 0.030181833045141271 -0.003053866730694296 0.043899760753892847 -0.042245746350266684 0.0076351541916285688 -0.00069967903315273472
leaf_weight=25.034121493808925 152.45448883995414 68.582027969416231 253.78244327707216 111.89551709406078 21.616753131151199 279.28734819125384 76.614038740284741 7.0370130129158524 17.852622942999005 117.58503358252347 204.1722202221863 48.922196440398693 13.138349761255084 19.909704537130892 14.392986524850128 17.872278319206089 371.64382512355223 103.3682294068858 57.214738636277616 165.20061965286732 53.731186724733561 74.584307868033648 43.073146387003362 12.254328588489441 170.0948439091444 54.083233857527375 260.92145796027035 103.28178105177358 371.33110535843298 2786.3748110053129
leaf_count=398 6277 1939 4295 3677 209 4888 1375 211 204 2564 8143 470 154 222 265 348 6283 1368 822 4040 2556 942 539 169 2495 833 3118 1832 6359 37861
internal_value=-0.000118959 -0.000708634 0.000380415 0.00109877 -6.78174e-05 0.000714948 -0.032703 0.00138776 -0.0128959 0.0095216 -0.0442121 0.0325235 0.025279 0.00299503 0.0531289 0.00442181 0.0047777 0.0261054 0.0481049 0.00354026 0.00181462 0.0163475 -0.00809239 0.0753735 0.00299306 -0.0216819 0.0036462 0.0136217 -0.00386732 0.00117675
internal_weight=6077.31 6040.02 5887.56 5818.98 5565.2 5453.3 98.2308 5355.07 540.758 315.156 225.602 197.571 179.718 4814.32 21.43 4535.03 4517.16 234.576 160.583 4282.58 3910.94 166.58 91.9953 37.2885 3745.74 73.9929 3692 735.534 474.613 2956.47
internal_count=104856 104289 98012 96073 91778 88101 1584 86517 13492 4873 8619 2309 2105 73025 476 68137 67789 3245 2190 64544 58261 1951 1009 567 54221 1055 51665 11309 8191 40356
cat_boundaries=0 53 76 129 153 176 230 253 274 295 318 371 394 418 441 454 477 499 522 545
cat_threshold=0 0 2097152 2147549184 33554432 1073741824 0 0 33554432 1048576 0 0 8421376 0 0 8193 1048584 0 0 0 0 262144 0 2048 0 0 268435456 0 0 0 0 1048576 0 0 0 4194304 1073741824 0 0 0 0 134217729 0 0 32768 0 0 0 0 0 536870912 134348832 1073741824 16777216 1048608 2147484160 0 0 0 0 64 25165824 98816 0 33554432 1052672 163841 0 0 0 0 256 3355443208 65536 603979856 32 0 2147483648 36 0 262144 268435456 0 1 0 1024 0 0 0 0 0 2155872256 0 65536 0 134217760 0 0 262144 134217728 0 0 0 0 0 512 4096 4096 0 16777216 0 0 0 268435456 0 16384 536870912 0 0 1048576 0 0 268435456 65664 0 0 0 8388608 2164260868 268435456 0 0 32 128 134217728 294912 262144 0 0 4194306 0 8388722 320 0 134217728 262208 67108864 262144 590849 8388673 0 32768 4 0 268435968 32768 0 1073741824 553714176 1024 1081472 2147483648 134146 0 0 0 16777216 0 1310720 1342177280 0 2 0 3223322624 557312 4096 0 67108864 0 256 0 0 589824 1024 0 262144 0 0 192 0 536870912 0 16777728 0 0 0 0 512 0 0 0 134217857 264256 0 536870912 0 0 0 0 16 0 0 0 2 0 0 0 0 0 524416 0 2621440 0 8388864 0 0 8388608 536870912 2048 16384 0 8388608 0 0 0 0 0 16384 0 0 4096 1140850688 134217728 0 0 0 2147483648 0 0 0 1024 0 1 262144 536870914 805314624 0 536870912 0 0 16384 64 0 0 2620686336 150998912 0 0 0 0 2097152 0 0 1024 0 2147483649 0 0 0 0 24576 0 131136 0 134217760 8 16795648 262144 0 16 0 1048576 0 0 32 65536 545259521 16777216 4096 0 4718592 33562752 4096 0 16777216 0 32768 16796672 262144 0 16777232 2147483648 2097152 0 0 100664320 8456192 134218752 0 0 4096 0 0 33554432 0 0 4194304 2147483648 0 16384 1048577 0 0 0 2147483648 17039360 0 0 32 0 1073741824 0 0 268500992 1073741824 33554432 0 0 0 0 4194304 16384 0 4096 0 0 16777216 0 0 8192 512 0 33555456 67108864 524416 268435456 524288 33554432 268435456 0 64 1074003968 69206018 538968064 262656 0 0 2048 16384 65536 0 4096 3575119872 134217729 0 0 0 0 16777216 18432 0 0 0 1 79691776 262144 2097152 385 0 262144 256 65536 65536 0 524288 2168455168 40960 0 0 0 536870912 25772032 16896 8388608 0 0 4 1 33554432 524288 4096 0 0 1081344 512 2097152 604110912 67112992 1024 0 33554688 0 1073741824 2048 0 34603008 0 2097152 0 2113537 2147615040 0 0 536870976 0 0 0 0 16384 64 0 0 1310720 134218240 32768 128 16384 0 150994944 4160 0 524288 512 274726920 0 0 0 40 0 6291456 0 0 4097 4194304 268435456 33562626 325068816 2281701376 2149580802 64 262656 545259520 128 0 17424 0 0 4128 67174401 201327104 0 0 256 0 0 16 0 4 131072 1073741824 20971520 8192 0 0 2099200 16384 0 34603008 524288 67108880 269484032 131201 8192 0 8388608 66048 128 4 67241986 0 2415919616 524289 1073741888 150994944 0 0 0 67127296 1048576 0 34609152 256 0 537919488 65664 2 0 8388608 66048 128 4 67108866 128 2147746336 1
is_linear=0
shrinkage=0.1


Tree=41
num_leaves=31
num_cat=8
split_feature=13 13 13 29 23 15 29 23 26 30 13 13 25 2 28 28 20 14 17 12 12 29 18 20 17 28 21 15 20 20
split_gain=31.3277 17.0491 14.0209 11.0177 8.12196 8.75923 12.4074 14.2228 14.3794 11.8331 10.3182 8.68786 8.57086 7.98422 7.31543 12.1031 7.29672 8.18797 7.23464 14.2312 10.1569 9.40255 9.35162 9.45957 8.768 9.92361 7.02025 6.9141 6.75485 6.57935
threshold=0 1 2 0.095389395952224745 46.500000000000007 5.5000000000000009 0.095389395952224745 1.0000000180025095e-35 1.5000000000000002 4500.5000000000009 3 4 6.5000000000000009 5 0.036911355331540115 0.027825399301946167 1.0000000180025095e-35 4.5000000000000009 50.549999237060554 6 7 0.02267442457377911 0.077786073088645949 3.5000000000000004 62.649999618530281 0.025263844989240173 8.5000000000000018 3.5000000000000004 7.5000000000000009 1.5000000000000002
decision_type=9 9 9 2 2 2 2 2 2 2 9 9 2 9 2 2 2 2 10 9 9 2 2 2 10 2 2 2 2 2
left_child=3 -2 -3 14 5 10 7 28 9 -9 29 -12 -6 27 15 -1 17 -8 20 22 26 24 -20 -24 25 -21 -15 -13 -7 -4
right_child=1 2 4 -5 12 6 16 8 -10 -11 11 13 -14 18 -16 -17 -18 -19 19 21 -22 -23 23 -25 -26 -27 -28 -29 -30 -31
leaf_value=-0.0085642917355968247 -0.043102413216261216 -0.070122591161000294 0.067196201101993536 0.12320391260764695 -0.091387328316970065 0.028219344722737155 0.05165216244308838 0.077973840547690673 0.016774725431924101 0.22562715632913402 -0.025342760149206268 0.014165818339617034 -0.010697725448878577 -0.019446372835805571 -0.00090673224090972331 0.23261272074529629 -0.031582544116408109 -0.010339947603643977 -0.068837762192870341 0.33520339602599214 -0.0011753313748014372 0.02868215801650827 0.036161462054359592 -0.059612212144074021 -0.019121216122921583 0.060971878225270726 -0.09447814588974246 0.075818996455698284 -0.055234617023221605 0.010055166056858989
leaf_weight=4.1625672336667794 86.491034364327788 18.970838402397931 37.550177595112473 28.829152349382639 19.538402982056141 88.541745515074581 35.649618614464998 12.282680709380658 15.208356268703936 9.7251433380879444 137.84868017304689 91.150550771038979 40.349790531676263 198.54533932590857 18.485446782317013 4.1605271087028086 55.720051012933254 52.954290546476841 26.918231716845185 2.9595212819986036 4800.6219525355846 145.74698429042473 31.766696752980351 15.270251385867594 2.3424322959035635 2.3813750995323062 13.305550570134072 22.724495059344918 10.891988214105366 43.486869314219803
leaf_count=178 2196 533 478 169 2217 1839 282 264 376 99 2978 546 1782 3808 256 75 448 413 748 173 80944 1903 231 135 100 65 233 129 308 721
internal_value=-0.000656586 -0.00140252 -0.000723057 0.0680591 -0.000382414 -8.2017e-06 0.0172191 0.0388151 0.0915489 0.143221 -0.000876812 -0.00142625 -0.0370225 -0.000764345 0.0341451 0.111995 -0.00322847 0.0146025 -0.00135507 0.0160882 -0.00214907 0.0322632 -0.0192311 0.00506914 0.142184 0.21293 -0.0230699 0.0243323 0.0190778 0.0325197
internal_weight=6074.58 6018.94 5932.45 55.6377 5913.48 5853.59 280.974 136.65 37.2162 22.0078 5572.62 5491.58 59.8882 5353.73 26.8085 8.32309 144.324 88.6039 5239.86 227.385 5012.47 153.43 73.9552 47.0369 7.68333 5.3409 211.851 113.875 99.4337 81.037
internal_count=104627 103949 101753 678 101220 97221 4029 2886 739 363 93192 91993 3999 89015 509 253 1143 695 88340 3355 84985 2241 1114 366 338 238 4041 675 2147 1199
cat_boundaries=0 49 103 157 210 263 271 272 273
cat_threshold=0 0 524288 65536 33587200 1107296768 0 0 4194304 1048576 0 32 0 0 0 24577 1048576 0 4194304 0 32 0 0 2048 0 268435456 1073741824 0 0 0 0 1048576 0 0 1024 4202496 0 0 0 0 32768 134217733 16777216 0 33280 0 0 33554432 4096 0 2147483648 1073741824 8 1048576 0 0 0 0 2147483648 0 16384 32 0 134217728 0 0 0 0 32 0 0 786432 134217728 0 0 0 0 0 0 0 4096 256 0 1 0 2 268435458 65536 257 33554432 0 0 0 2 0 0 256 0 33554432 8388608 0 0 2 0 67108864 167772160 256 0 0 0 0 0 0 0 512 192 0 0 2147483648 0 0 0 0 0 512 0 0 0 0 2147485696 0 536870912 128 0 0 0 16777232 0 256 536870912 0 0 16384 0 0 0 524288 0 0 0 32 2147483648 131074 0 0 0 16512 0 16777216 2098212 64 0 0 0 0 262144 0 0 134217728 8388608 0 512 0 2147483648 262144 1 134742016 0 128 1073741824 0 64 68157440 0 16384 0 0 0 0 4210688 16384 0 0 0 0 0 0 0 0 0 0 33554432 67108864 0 268435456 524288 0 0 131072 536870912 0 262144 4096 0 1610874880 335545344 0 0 0 0 0 0 0 0 73728 8388608 8 0 0 0 0 0 0 0 0 65536 0 33554432 134348800 0 32768 2097152 2097152 0 0 32 0 134217728 0 0 0 0 8388608 0 524288 0 64 0 0 0 1024 142606368 83886080 0 0 0 262144 0 0 0 16777216 70884436 4485121
is_linear=0
shrinkage=0.1


Tree=42
num_leaves=31
num_cat=15
split_feature=13 3 13 3 3 13 6 3 20 3 3 3 29 26 28 13 3 3 17 29 16 29 17 28 13 28 20 20 14 28
split_gain=27.202 24.9848 18.4165 18.0861 16.8978 15.8192 11.5912 14.928 12.1533 14.111 10.6362 10.7937 9.18959 9.1656 9.1485 8.83439 28.5245 11.3864 9.53369 8.69101 8.1142 12.0046 10.8197 7.98514 7.95726 7.88286 7.8125 11.0826 16.1877 7.80255
threshold=0 1 2 3 4 5 6 7 1.5000000000000002 8 9 10 0.075848478823900237 77.500000000000014 0.16339097172021869 11 12 13 50.549999237060554 0.089527815580368056 28.500000000000004 0.024849578738212589 39.649999618530281 0.12793135643005374 14 0.12082491815090181 72.500000000000014 154.50000000000003 10.500000000000002 0.020444549620151523
decision_type=9 9 9 9 9 9 9 9 2 9 9 9 2 2 2 9 9 9 10 2 2 2 10 2 9 2 2 2 2 2
left_child=-1 24 3 -3 6 -6 8 25 12 13 -7 -12 20 -10 23 16 19 -17 -18 -13 21 -4 -23 -14 -2 -8 -11 28 -28 -19
right_child=1 2 4 -5 5 10 7 -9 9 26 11 15 14 -15 -16 17 18 29 -20 -21 -22 22 -24 -25 -26 -27 27 -29 -30 -31
leaf_value=0.060324933530670061 0.021927869564437832 0.02926500699864349 0.06923689293294677 -0.05077575139940587 -0.053209932268502048 -0.021271524389754933 -0.046036883850616217 0.0480412711696169 -0.045144147437267246 0.023839689697418804 -0.043265104430705109 0.13692705464586921 0.063391796384048057 0.06821136403144204 0.0032381654135698553 -0.028380630878017423 -0.027327427199508453 0.027154964727918354 0.06887322992137207 0.056639406161021005 0.14087426021535318 -0.027393680251762836 0.11286211967252797 0.13582413192020848 -0.04267294391172053 0.032401835509626949 0.11446593425163397 0.023726668309148245 0.49429264979783305 0.0010547250473757145
leaf_weight=63.427251780871302 19.110100334510207 31.952996160835028 28.960688045248389 119.00288128852844 46.015410676598549 210.57643880089745 67.324761242140085 26.351015889551491 53.392910691443831 76.66929150512442 44.098790963646024 22.534434664063156 45.416436294093728 8.2329428750090283 15.804097991436718 119.26849055709317 72.293128127697855 117.49079403607175 12.013509355951099 33.564590565860271 5.7006296357139936 46.65015690587461 6.235321380198001 22.891630075871944 172.9681607009843 15.823449932038782 4.7093747444450837 7.427588268648833 1.4730211859568951 4556.5637790004257
leaf_count=1005 479 311 1247 2820 1086 4258 1625 515 783 3159 2701 535 415 97 79 2735 1572 6002 196 227 182 1101 123 152 5533 132 387 461 51 64890
internal_value=-0.000173525 -0.000910798 0.00028927 -0.0330678 0.00123443 -0.000352189 0.0199869 -0.00767461 0.0299658 0.00936356 0.000218057 0.00116795 0.0481972 -0.0258119 0.0718022 0.00165182 0.0255208 0.000900972 -0.0121749 0.0754421 0.0255181 0.0174835 -0.0108572 0.0876656 -0.0354787 -0.0277699 0.0326206 0.106054 0.204964 0.00170715
internal_weight=6073.94 6010.52 5818.44 150.956 5667.48 5234.42 433.063 109.499 323.564 151.905 5188.4 4977.83 171.659 61.6259 84.1122 4933.73 140.406 4793.32 84.3066 56.099 87.5468 81.8462 52.8855 68.3081 192.078 83.1482 90.2793 13.61 6.1824 4674.05
internal_count=104859 103854 97842 3131 94711 84202 10509 2272 8237 4938 83116 78858 3299 880 646 76157 2530 73627 1768 762 2653 2471 1224 567 6012 1757 4058 899 438 70892
cat_boundaries=0 53 76 130 149 173 226 227 247 267 290 313 360 381 404 457
cat_threshold=0 0 4 65536 33587200 0 0 0 262144 1024 0 0 8421376 0 0 24577 1048576 262144 4194304 524288 0 4 0 2048 0 0 0 33554432 0 0 0 3145728 0 0 0 0 0 0 2147483648 1 33587200 134217728 0 0 16 0 0 0 0 33554432 536870912 0 16779264 268451840 32 0 0 0 4096 16384 0 1074794496 16384 0 2147483648 4098 294912 0 2097152 8193 8421376 131090 0 1208025120 135332352 4104 0 2147483648 0 0 0 268435968 0 0 0 262144 16384 0 128 33554432 0 0 0 1090519040 0 32 0 0 0 134217728 0 0 0 0 671088640 640 33554432 0 2097152 16 0 12320 0 268435458 131072 0 256 0 0 0 0 526336 0 268435456 67108864 0 32 0 536870912 2 8388608 2148532224 2097216 0 0 0 2048 1024 196864 0 0 269484032 167775264 0 0 0 0 33554432 263168 738197504 0 2097152 128 536870912 640 1 0 2147483648 0 1024 524288 2222989312 16640 0 134217728 0 68157568 264192 75628544 5 32768 0 4 0 0 1207959552 256 262144 262144 0 0 0 2147491844 0 134217728 0 0 0 2147483648 0 0 0 0 0 512 0 0 0 134217728 8390656 0 0 0 0 4096 262144 0 0 256 32768 0 0 256 0 4194304 0 0 512 0 0 8388616 0 134217728 67109888 8388608 3221225476 1 671088640 0 2097152 128 536870912 0 0 0 2147483648 0 0 524288 67117056 0 0 0 0 0 0 67108864 0 0 2097152 0 0 512 0 0 2147483648 0 0 0 8396800 256 0 0 0 1048704 262144 67239936 8388608 2147484161 1048576 262144 1073741824 2048 262272 1052680 536870912 128 4194560 0 48 0 1073741824 33554432 1073741824 33554432 4194304 0 131072 268443648 18433 0 0 16640 4096 8389120 32832 33280 35782656 0 205520906 0 0 33554432 553648128 8388608 256 0 0 0 0 71303168 2097152 134217984 0 0 4128 64 0 1107296256 0 0 4194304 1048576 0 32 0 0 536871424 0 2147483648 0 536870912 135266304 0 128 0 0 0 67174528 1073741888 16384 131072 0 0 0 4194304 0 0 4194304 0 0 0 0 0 1 0 134217728 0 0 268435488 0 75497472 268435456 64 0 0 0 32 0 0 50 142868480 150997188 131136 0 0 2147484160 0 0 3221487616 1024 0 76021760 5120 2147483656 0 4194304 65608 0 512 286262273 2 131080 0 64 0 1 2147484224 0 0 0 0 0 16 0 0 0 0 0 67108864 0 131072 0 262144 0 0 0 0 0 0 0 0 0 0 0 0 0 0 0 0 0 0 0 0 0 0 256 0 8192 0 0 0 0 0 256 0 512 134217728 0 0 0 268435456 0 0 0 0 131072
is_linear=0
shrinkage=0.1


Tree=43
num_leaves=31
num_cat=8
split_feature=9 23 28 8 12 23 23 30 23 20 18 12 15 28 17 15 28 9 6 2 29 12 23 29 26 23 26 29 20 26
split_gain=11.8961 8.37105 8.99397 7.69231 7.50011 12.6849 11.8003 7.28144 15.7219 10.0156 9.41236 8.78744 9.71661 8.17133 7.78003 7.24841 7.52476 6.8948 6.44465 12.2209 7.42041 7.37972 10.6177 8.52905 13.4477 13.0689 29.2494 26.5767 15.1065 16.5912
threshold=0 70.500000000000014 0.30071142315864569 1 2 5.5000000000000009 14.500000000000002 4306.5000000000009 1.0000000180025095e-35 1.5000000000000002 0.040091510862112052 3 5.5000000000000009 0.076750010251998915 19.250000000000004 3.5000000000000004 0.089180793613195433 4 5 6 0.28205515444278723 7 1.0000000180025095e-35 0.023780041374266151 514.50000000000011 1.0000000180025095e-35 1.5000000000000002 0.02267442457377911 1.5000000000000002 143.50000000000003
decision_type=9 2 2 9 9 2 2 2 2 2 2 9 2 2 10 2 2 9 9 9 2 9 2 2 2 2 2 2 2 2
left_child=7 3 -3 4 6 -6 -2 8 9 15 -10 14 -13 -12 -9 -1 -17 -5 20 -20 21 22 -19 24 25 28 27 -27 -23 -30
right_child=1 2 -4 17 5 -7 -8 11 10 -11 13 12 -14 -15 -16 16 -18 18 19 -21 -22 23 -24 -25 -26 26 -28 -29 29 -31
leaf_value=-0.013846037207457125 -0.023343704913897187 -0.06549911399710763 0.21463247647045486 -0.015263285267698545 0.025322598873279825 -0.050961838457365405 0.099183263048514422 0.06053435297627513 -0.048117407225999664 -0.062340532053851705 0.18034079913313816 -0.012138456789939158 0.11982345009895817 0.051855247249845839 -0.053414365430886013 -0.0047874339449222141 0.14285381087709489 -0.00093195083525582562 0.026079431965616958 -0.0094157459777830885 0.015204856962759118 0.024544318661129848 -0.058455719696516417 0.00060220692757396543 0.23233592829162486 0.062265733912772625 -0.02789896453375186 0.24965368572157984 -0.061193549544334862 0.19725851212964376
leaf_weight=39.266993906348944 87.226045336574316 27.196057723835114 1.1965379267930973 282.87293400685303 332.59707582881674 23.326692358590662 8.6385449795052391 6.2925369325093916 5.4520914200693396 32.614753481000662 7.832745565101507 99.720221982803196 5.9105058554559937 13.447942722588776 125.40234890161082 6.7806632816791517 7.0321264937520027 85.522892310516909 97.82450227625668 1018.0183979449794 409.43864979594946 83.770191077142954 51.355506067164242 3057.61309710145 2.9811847992241374 37.76887567457743 28.905502173816785 9.4654373028315586 43.835079536307603 2.6329992217943063
leaf_count=626 1243 3126 5 5005 4648 710 75 197 379 914 127 2390 94 158 3028 175 58 1567 808 18873 2013 4651 1332 44114 169 1949 1994 161 3874 119
internal_value=-0.000646475 0.000468397 -0.0536936 0.000740738 0.0131101 0.0197676 -0.0111405 -0.0182816 0.00215926 -0.0187271 0.0691125 -0.0287352 -0.00434342 0.0991467 -0.0445843 0.00807109 0.0703771 -0.000355933 0.00052874 -0.00615459 0.0024858 0.000955864 -0.0209815 0.00193329 0.0214656 0.0184196 0.0513313 0.099817 -0.000821267 -0.046549
internal_weight=6041.94 5692.19 28.3926 5663.79 451.788 355.924 95.8646 349.753 112.427 85.6945 26.7328 237.326 105.631 21.2807 131.695 53.0798 13.8128 5212.01 4929.13 1115.84 3813.29 3403.85 136.878 3266.97 209.359 206.378 76.1398 47.2343 130.238 46.4681
internal_count=104582 96436 3131 93305 6676 5358 1318 8146 2437 1773 664 5709 2484 285 3225 859 233 86629 81624 19681 61943 59930 2899 57031 12917 12748 4104 2110 8644 3993
cat_boundaries=0 1 2 3 4 5 6 14 15
cat_threshold=8802 11 89285140 35372120 16513 1 0 1073741952 0 262144 0 2097152 0 16777216 11330433
is_linear=0
shrinkage=0.1


Tree=44
num_leaves=31
num_cat=10
split_feature=13 9 17 13 9 13 17 13 30 16 13 17 13 18 25 7 17 5 18 18 30 18 28 23 30 28 16 16 18 18
split_gain=18.7366 17.9439 11.9125 11.0912 9.54821 23.7645 14.931 14.4322 10.6974 10.4269 9.47943 12.6045 9.33619 8.99387 8.75002 8.41387 9.41176 7.9577 9.41873 9.56588 24.1907 8.59249 8.70297 10.626 7.71022 7.08098 10.7936 27.7761 8.74647 8.62687
threshold=0 1 25.349999427795414 2 3 4 29.150000572204593 5 4387.5000000000009 28.500000000000004 6 54.149999618530281 7 0.056562542915344245 173.50000000000003 8 29.150000572204593 9 0.032146440818905837 0.086290977895259871 4431.5000000000009 0.020287527702748779 0.021426487714052204 2.5000000000000004 4320.5000000000009 0.020444549620151523 11.500000000000002 15.500000000000002 0.021944295614957813 0.032146440818905837
decision_type=9 9 10 9 9 9 10 9 2 2 9 10 9 2 2 9 10 9 2 2 2 2 2 2 2 2 2 2 2 2
left_child=1 2 -1 -2 5 6 8 9 -5 15 -8 -12 -9 -4 17 16 -6 21 -19 20 -20 22 23 -14 -18 26 28 29 -23 -28
right_child=3 -3 13 4 7 -7 10 12 -10 -11 11 -13 14 -15 -16 -17 24 18 19 -21 -22 25 -24 -25 -26 -27 27 -29 -30 -31
leaf_value=-0.021625522673528897 -0.031596164744201419 -0.0040417742278123199 0.045370390754130033 0.032827664416992502 0.11791329103228423 -0.031339523173290314 -0.015623065667507416 -0.040123669993656984 0.19130854694493832 0.1314651748947899 0.031636354112156283 0.20233953080511916 0.0091459001604741897 0.15642226720175967 -0.11865452605192638 0.0049139195636478941 0.071565959474609739 -0.032419681719242498 0.034196084599071433 0.034260978205137682 0.33413279415558617 0.14280909858766044 -0.083958017153256861 -0.10076807677464601 -0.023371498784158937 -0.00067092226683356079 0.15124388303657144 0.0071979050934799938 -0.026247563681755678 0.011797369652892525
leaf_weight=6.4447375028394154 110.43047967553139 47.772342857904732 10.065256831236182 8.5981315579265374 16.93417710904032 273.38998991250992 57.25320704234764 49.469047951512039 8.4399296822957677 9.9645456289872509 23.054096649866555 5.3246087883599094 46.1944948323071 26.476185202598572 6.236860705073922 79.23598605627194 18.146792825777084 11.273736109025775 7.1282425355166179 21.594170223921537 4.3178034704178572 3.2652234220877281 23.623062354512513 10.864149197470395 16.18326795543544 5007.6395811042748 22.878799500409517 71.148452462628484 48.769673805683851 5.5037094834260634
leaf_count=145 2565 751 358 187 203 6634 1054 875 162 151 594 169 5042 210 148 1391 254 452 174 170 101 211 3199 1754 309 73003 473 2318 1576 121
internal_value=-0.000833467 0.0419345 0.0841495 -0.00155166 -0.000932244 -0.0161332 0.0235459 0.000138324 0.111332 0.0306821 0.00882878 0.0470763 -0.000720971 0.125833 -0.000277527 0.0253378 0.0569058 -0.000138333 0.0379428 0.0734352 0.147342 -0.000531784 -0.0329147 -0.0117821 0.0268122 -2.63976e-05 0.0212683 0.0405635 -0.0156391 0.124204
internal_weight=6057.62 90.7585 42.9862 5966.86 5856.43 376.06 102.67 5480.37 17.0381 140.465 85.6319 28.3787 5339.91 36.5414 5290.44 130.5 51.2642 5284.2 44.314 33.0402 11.446 5239.89 80.6817 57.0586 34.3301 5159.21 151.566 99.531 52.0349 28.3825
internal_count=104754 1464 713 103290 100725 8800 2166 91925 349 2308 1817 763 89617 568 88742 2157 766 88594 897 445 275 87697 9995 6796 563 77702 4699 2912 1787 594
cat_boundaries=0 53 54 107 108 162 215 267 318 319 320
cat_threshold=0 0 1024 65536 32768 0 0 0 33816576 1049600 0 0 1 0 536870912 0 2148532224 0 4210688 1048576 32 0 0 2099200 0 0 0 0 32 0 0 1048576 0 0 0 1077936128 1048576 0 2147483648 1 0 134217728 0 0 36864 0 32 0 0 33554432 536870912 0 67108864 24583 0 2147483648 134742016 8 262144 0 0 0 0 2147483648 0 0 0 0 0 2147491840 0 0 0 134217762 0 0 262144 134217728 0 268500992 2112 0 134217728 0 0 0 0 0 1073741824 0 2 268959744 0 0 0 0 0 0 0 0 0 65664 1140850688 0 8388608 8388608 16777216 8195 0 0 0 0 0 0 4096 131072 0 0 16384 0 0 33554432 0 0 0 268451840 0 0 0 262144 0 8 4194304 2097153 0 2147483648 2147483648 0 0 0 2097408 0 0 0 0 0 16777216 0 33554432 0 0 134217728 33554448 0 268435460 268435456 536870912 0 0 2281701408 131076 2 0 16777216 2097184 64 0 1409287680 65536 0 0 270336 0 142606336 1048576 0 512 16384 0 1073741824 0 0 0 0 0 0 1024 603979776 0 0 0 512 0 2147483648 0 0 0 12288 0 0 0 0 16777216 0 16777728 160 0 0 0 0 0 134217728 0 0 536870912 0 0 0 0 0 0 0 131072 0 0 0 0 0 0 0 0 0 0 0 0 0 0 0 0 0 0 0 2147483648 0 0 0 0 0 0 0 0 0 0 16777216 0 0 0 0 0 0 0 0 0 0 0 0 134217728 0 0 1073741824 0 0 0 4096 1 0 0 0 16384 128 0 0 0 0 268435456 0 0 0 262144 524288 0 0 2097152 0 0 0 2147483776 0 262144 256 0 0 0 0 0 0 0 33554432 0 0 524288 33554432 536870912 268435456 268435488 2147483648 2147483648 32 1 120
is_linear=0
shrinkage=0.1


Tree=45
num_leaves=31
num_cat=17
split_feature=13 3 3 29 3 13 3 23 30 29 14 23 3 3 13 3 3 15 13 13 30 13 14 15 3 5 29 5 26 14
split_gain=21.2241 18.0595 15.9621 16.1943 14.6458 18.7571 12.9578 12.7941 15.6553 10.1649 15.0567 9.4784 31.5652 11.1586 9.72781 10.9254 9.93847 10.0162 9.2952 9.25208 9.09134 8.88617 8.67254 11.3921 8.50025 13.657 22.4156 9.77626 8.64217 9.94168
threshold=0 1 2 0.041945777833461768 3 4 5 28.500000000000004 4486.5000000000009 0.071457866579294219 5.5000000000000009 8.5000000000000018 6 7 8 9 10 2.5000000000000004 11 12 4249.5000000000009 13 8.5000000000000018 1.0000000180025095e-35 14 15 0.078939802944660201 16 9.5000000000000018 11.500000000000002
decision_type=9 9 9 2 9 9 9 2 2 2 2 2 9 9 9 9 9 2 9 9 2 9 2 2 9 9 2 9 2 2
left_child=2 18 -1 -4 7 6 -6 19 -9 -5 -11 13 20 21 16 -16 17 -15 -2 -3 -13 -7 -20 -24 27 26 -26 28 29 -17
right_child=1 4 3 9 5 11 -8 8 -10 10 -12 12 -14 14 15 24 -18 -19 22 -21 -22 -23 23 -25 25 -27 -28 -29 -30 -31
leaf_value=-0.02352416612807598 -0.042940800946737953 0.039387307712231506 -0.0048314925432100262 0.21502456105378376 0.03546948463687364 0.036829204958395319 -0.070183092447468939 -0.078548381396299674 0.17114295581712261 0.16240501556770792 0.022727637386870156 0.12195272658323492 -0.047028938101849327 0.036468134004534226 -0.034827593056349908 0.021093711049186073 0.002612749076748376 0.14144336946793054 0.034916614371306436 -0.031261465099680343 0.014356114075609369 -0.037469011369603365 0.064605544704600892 -0.016669238662866997 -0.010848725376617992 -0.00097455815586645943 0.15258823895203774 -0.047540163181626925 -0.01219380987574937 0.084486264498982888
leaf_weight=20.870199044700712 14.260085470043121 13.117625733837484 13.239487052662296 9.1952286045998317 11.399273290298877 12.373528670053927 56.7844572016038 3.9034490550402534 7.0394636373966932 16.055491201579574 14.860834512859581 8.4831955544650537 153.742903042119 19.421923284418881 77.396525362273678 260.98956244951114 62.368549818173051 17.08494770154357 239.33992135711014 292.974871694576 105.69563573459163 114.5476922087837 21.813986262306571 82.359139891341329 16.601002638228238 4278.7146272396203 16.969773123040795 14.710997452959417 69.444582739379257 27.329622415825725
leaf_count=381 462 351 698 152 202 206 1833 616 70 144 149 108 5293 162 2359 3997 987 141 5627 8132 2220 3163 604 2255 444 62498 135 278 1164 350
internal_value=-0.000791346 -0.0014875 0.0490646 0.0766914 -0.0028826 -0.00161736 -0.0502421 -0.023431 0.0820755 0.122719 0.095265 -0.000892342 -0.0192173 9.01708e-05 0.000881219 0.00020505 0.0304377 0.0671908 0.0199896 -0.0279683 0.0205504 -0.0280649 0.0237428 0.000349805 0.000856773 -0.000409578 0.055296 0.0151452 0.0189454 0.0271027
internal_weight=6073.09 5998.87 74.2212 53.351 5641.09 5324.06 68.1837 317.035 10.9429 40.1116 30.9163 5255.88 267.922 4987.95 4861.03 4762.16 98.8754 36.5069 357.773 306.092 114.179 126.921 343.513 104.173 4684.76 4312.29 33.5708 372.475 357.764 288.319
internal_count=105181 103657 1524 1143 94709 85540 2035 9169 686 445 293 83505 7621 75884 72515 71225 1290 303 8948 8483 2328 3369 8486 2859 68866 63077 579 5789 5511 4347
cat_boundaries=0 53 77 90 113 166 187 210 233 286 309 325 379 432 481 504 505 506
cat_threshold=0 0 0 65536 0 1342177280 0 0 0 1024 0 0 1048576 0 512 1 1048576 0 4194304 1048576 0 4 1073741824 2048 0 68157440 1073741824 0 0 0 0 1048576 16384 0 0 4194304 0 0 2147483648 0 32768 134217729 512 0 32768 0 32 268435584 4096 0 536870976 0 1073741824 67108864 0 0 642 0 2097152 49185 81920 2147614784 1 524288 270532608 16 0 0 201326592 262144 0 265216 71303169 0 4325376 0 4 0 18874370 270532608 0 536870912 0 0 17408 0 0 4096 201326592 67108928 16777216 1048576 40960 0 0 0 65540 0 0 1179716 0 50364416 0 425984 4194304 1835008 268435456 2113536 0 1032 1073807360 25165824 4194304 0 0 524292 8 0 0 4096 0 0 0 0 0 64 0 65536 0 0 0 0 2 0 0 0 0 0 0 0 512 2 0 0 4096 0 16793600 1 0 0 268435458 0 256 536870912 5242880 0 134217728 1024 2048 4 8388608 1073741824 0 0 2155872256 553648128 2147483648 0 2097152 64 536870912 0 0 1024 0 0 0 3288858624 1 64 0 0 0 8192 0 0 1024 134299648 603979777 268435520 0 0 0 0 0 65536 0 134217728 67117056 3968 64 0 0 0 0 0 0 1024 98304 1 33570816 537395200 2164330496 4096 142606912 786944 0 0 0 2097154 0 0 16777216 16777216 8388608 0 0 134217728 33554688 0 2147484672 1074003968 17664 0 16777216 4096 2147483648 33554432 33555456 0 0 4194304 0 0 8388640 32768 0 0 0 0 0 0 0 0 0 0 0 0 1 64 33554432 0 0 0 0 4194304 0 1024 0 0 0 0 0 256 536870912 0 0 33554448 0 524416 0 67108864 33554432 0 0 64 0 8388608 268435456 0 0 4227072 512 34078720 872415232 201327624 0 0 33554432 1 1073741824 0 2147483648 8192 0 0 67108880 16384 2281766912 0 8388608 268435456 64 0 0 2048 1024 0 0 4096 209715200 201328768 0 0 2048 0 0 0 0 0 67108864 0 0 0 262144 0 0 0 0 134217728 0 0 0 536870912 0 0 0 0 0 0 0 0 0 131072 0 0 0 256 0 8192 0 0 0 0 0 256 0 0 0 0 0 268959744 0 0 33554432 268435456 2147483648 2048 2 0 0 4096 0 0 0 0 1 0 0 0 0 8388608 0 134217728 0 0 0 536870912 134217728 0 0 0 0 0 2097152 0 0 0 0 0 0 0 0 8192 4096 0 0 16777216 0 50331648 0 0 0 0 0 0 0 0 0 0 2281701376 83886080 0 0 2097152 0 0 0 0 0 0 0 0 0 0 0 0 0 0 1090519040 536870912 0 0 0 0 0 0 0 64 0 131072 0 0 2147483648 0 0 0 0 0 0 16777216 1 0 0 0 0 0 0 0 0 512 4194432 67108864 0 32 536870912 134217728 262400 1024 1572864 4096 256 65545 8389664 0 0 16777216 0 51380224 0 2228226 10485792 2147484160 4 178 8
is_linear=0
shrinkage=0.1


Tree=46
num_leaves=31
num_cat=8
split_feature=13 14 13 13 1 9 13 18 25 29 29 18 13 17 23 16 28 17 14 25 23 25 13 23 26 23 29 26 23 14
split_gain=18.1176 11.3256 10.8554 14.0174 10.0261 7.38233 13.9294 7.86715 7.00614 6.61908 12.1534 7.53958 6.59573 8.31919 10.7913 6.75444 6.50273 9.90156 7.0174 6.07195 38.4287 14.2878 13.4237 12.6443 46.4965 33.9253 35.3257 19.4909 18.5363 21.5548
threshold=0 2.5000000000000004 1 2 3 4 5 0.064756568521261229 1.5000000000000002 0.02795304544270039 0.10157281160354616 0.029572384431958202 6 40.049999237060554 1.5000000000000002 28.500000000000004 0.038379773497581489 29.849999427795414 2.5000000000000004 1.5000000000000002 1.5000000000000002 20.500000000000004 7 1.0000000180025095e-35 1.0000000180025095e-35 15.500000000000002 0.089527815580368056 1.0000000180025095e-35 3.5000000000000004 7.5000000000000009
decision_type=9 2 9 9 9 9 9 2 2 2 2 2 9 8 2 2 2 8 2 2 2 2 9 2 2 2 2 2 2 2
left_child=1 -1 -2 -4 -5 6 8 -8 -6 11 -11 -3 13 14 16 -15 17 -7 -18 20 -14 22 -21 27 25 26 28 -24 -25 -30
right_child=2 9 3 4 5 12 7 -9 -10 10 -12 -13 19 15 -16 -17 18 -19 -20 21 -22 -23 23 24 -26 -27 -28 -29 29 -31
leaf_value=-0.024511340402507811 -0.0311006457405495 0.25308029838686658 -0.064570226024535535 -0.061000464561843465 0.026124157942117716 -0.031120732085643855 -0.064254250989771194 -0.015985800006138928 0.16408355125244584 -0.0021703337939127688 0.1059319231361044 0.066981288028962416 -0.00013446411387033099 0.030713333278643923 -0.064435549571997999 0.13318547745096415 0.062541762321030481 0.17733752801635438 -0.015681878930430927 -0.039429965029037339 -0.048148445678820068 -0.0096380037470371292 -0.020173671933866006 0.13646544403837801 -0.0046187747261114921 -0.037222725662770503 0.030196498944418435 0.020204644422172627 -0.014758441064239375 0.13095936493748681
leaf_weight=14.00336507335305 110.6046685653273 4.1866359161213023 24.256658856756985 17.186180095886812 8.2629988286644203 3.834290970582515 51.054343879921362 99.721972353756428 6.6384590473026028 17.876331875100732 24.866386260837317 4.5353206023573875 3734.803115780931 104.40075240470469 22.140120833180845 6.854812489822506 15.238204704597591 5.6159558049403113 46.355996919795871 40.92781690065749 174.48149872291833 460.08470147149637 218.77031380031258 74.09832112537697 282.51110359234735 36.288325617089868 127.44119511544704 263.57583503331989 21.973590900888667 18.867529802490026
leaf_count=190 2412 159 470 2144 171 125 2977 1042 145 226 153 50 56268 1698 669 109 149 165 535 1111 6436 9736 4030 1316 6032 1294 971 3274 512 297
internal_value=-0.000788244 0.0479069 -0.00139953 -0.000787472 -0.000412697 -0.00012965 -0.0203183 -0.0303191 0.0524116 0.0769204 0.0607202 0.156311 0.000496289 0.0176996 -0.00347635 0.037027 0.0155208 0.0927588 0.00367039 -0.000179804 -0.00227745 0.00512826 0.0113929 0.0136334 0.0239693 0.0529516 0.0664522 0.00189087 0.106651 0.0525594
internal_weight=6041.46 65.468 5975.99 5865.38 5841.13 5823.94 165.678 150.776 14.9015 51.4647 42.7427 8.72196 5658.26 204.44 93.1846 111.256 71.0444 9.45025 61.5942 5453.82 3909.28 1544.54 1084.45 1043.53 561.18 278.669 242.381 482.346 114.939 40.8411
internal_count=104866 778 104088 101676 101206 99062 4335 4019 316 588 379 209 94727 3450 1643 1807 974 290 684 91277 62704 28573 18837 17726 10422 4390 3096 7304 2125 809
cat_boundaries=0 53 105 159 160 161 209 263 316
cat_threshold=536870912 0 2097152 65536 33554432 0 0 0 33816576 8192 0 0 32768 0 0 1 2148532224 262144 4210688 524288 0 0 0 2097152 64 1048576 0 33554432 0 0 0 1048576 0 0 0 0 0 0 2147483648 0 33554432 134217728 0 134217728 20480 0 0 0 67637248 33554432 0 131072 4 0 2147483648 1073741824 0 0 268435456 65536 0 0 0 0 0 128 0 0 2147483648 16777216 0 0 0 0 0 0 134217728 0 2097152 0 2147483648 134217728 0 0 2147483648 0 24 8192 0 0 268435456 0 1 0 4194304 0 524416 33554432 0 32 32 0 2 8519680 2147483648 0 67371008 0 256 537919488 0 0 0 0 0 0 32768 64 64 0 8388608 0 0 0 67108896 0 512 0 8 0 0 2155872256 0 536870912 0 0 0 0 0 0 1073741864 0 134217728 0 16384 0 8388612 16777216 0 0 16384 0 8 2147483648 2147614720 0 0 0 128 1851408 8192 0 0 1024 0 0 0 4096 0 0 1024 0 0 1048576 2147483648 0 0 0 0 0 0 0 0 0 0 0 1 0 0 2147483648 0 0 0 256 0 1024 0 0 0 16777216 0 0 0 512 0 0 0 524288 268435456 0 0 524288 2147483648 0 512 8 0 0 2147745792 0 0 0 0 512 16384 8 1073741824 0 1048576 32 0 0 0 1024 67108864 0 0 0 0 0 0 0 16777216 0 4198400 1048576 0 0 0 0 8193 0 0 2 0 0 0 0 0 0 134217824 553648128 2 0 0 4096 0 0 0 4096 0 0 1024 0 0 0 0 134217728 0 0 16777216 0 134217728 0 0 0 0 0 268435456 64 512 32 2147483648 0 4096 0 0 0 0 1073741824 0 0 0 0 0 0 0 0 0 4 268435456 0 0 0 0 131072
is_linear=0
shrinkage=0.1


end of trees

feature_importances:
OrgaoDestinatario=260
Municipio_sol=161
orgao_rate=120
n_pedidos_previos_neste_orgao=117
orgao_rate_movel_365d=93
dias_desde_primeiro_pedido_do_orgao=85
idade=80
orgao_rate_movel_90d=78
n_pedidos_previos=72
n_orgaos_distintos_previos=54
dias_desde_ultimo_pedido=49
reg_month=42
reg_day=41
UF_sol=31
Profissao=29
reg_dow=27
UF=14
Esfera=10
TipoDemandante=10
Genero=7
Escolaridade=7
OrigemSolicitacao=6
prev_reenc_solicitante=5
Municipio=4
prev_reenc_rate_solicitante=2
prev_reenc_rate_neste_orgao=2
TipoPessoaJuridica=1
Pais=1
uf_match=1
prev_reenc_neste_orgao=1

parameters:
[boosting: gbdt]
[objective: binary]
[metric: average_precision]
[tree_learner: serial]
[device_type: cpu]
[data_sample_strategy: bagging]
[data: ]
[valid: ]
[num_iterations: 600]
[learning_rate: 0.1]
[num_leaves: 31]
[num_threads: 6]
[seed: 42]
[deterministic: 0]
[force_col_wise: 0]
[force_row_wise: 0]
[histogram_pool_size: -1]
[max_depth: -1]
[min_data_in_leaf: 100]
[min_sum_hessian_in_leaf: 0.001]
[bagging_fraction: 0.8]
[pos_bagging_fraction: 1]
[neg_bagging_fraction: 1]
[bagging_freq: 1]
[bagging_seed: 400]
[bagging_by_query: 0]
[feature_fraction: 0.8]
[feature_fraction_bynode: 1]
[feature_fraction_seed: 30056]
[extra_trees: 0]
[extra_seed: 12879]
[early_stopping_round: 0]
[early_stopping_min_delta: 0]
[first_metric_only: 0]
[max_delta_step: 0]
[lambda_l1: 0]
[lambda_l2: 0]
[linear_lambda: 0]
[min_gain_to_split: 0]
[drop_rate: 0.1]
[max_drop: 50]
[skip_drop: 0.5]
[xgboost_dart_mode: 0]
[uniform_drop: 0]
[drop_seed: 17869]
[top_rate: 0.2]
[other_rate: 0.1]
[min_data_per_group: 100]
[max_cat_threshold: 32]
[cat_l2: 10]
[cat_smooth: 10]
[max_cat_to_onehot: 4]
[top_k: 20]
[monotone_constraints: ]
[monotone_constraints_method: basic]
[monotone_penalty: 0]
[feature_contri: ]
[forcedsplits_filename: ]
[refit_decay_rate: 0.9]
[cegb_tradeoff: 1]
[cegb_penalty_split: 0]
[cegb_penalty_feature_lazy: ]
[cegb_penalty_feature_coupled: ]
[path_smooth: 0]
[interaction_constraints: ]
[verbosity: -1]
[saved_feature_importance_type: 0]
[use_quantized_grad: 0]
[num_grad_quant_bins: 4]
[quant_train_renew_leaf: 0]
[stochastic_rounding: 1]
[linear_tree: 0]
[max_bin: 63]
[max_bin_by_feature: ]
[min_data_in_bin: 3]
[bin_construct_sample_cnt: 200000]
[data_random_seed: 175]
[is_enable_sparse: 1]
[enable_bundle: 1]
[use_missing: 1]
[zero_as_missing: 0]
[feature_pre_filter: 1]
[pre_partition: 0]
[two_round: 0]
[header: 0]
[label_column: ]
[weight_column: ]
[group_column: ]
[ignore_column: ]
[categorical_feature: 0,1,2,3,4,5,6,7,8,9,10,11,12,13]
[forcedbins_filename: ]
[precise_float_parser: 0]
[parser_config_file: ]
[objective_seed: 16083]
[num_class: 1]
[is_unbalance: 0]
[scale_pos_weight: 1]
[sigmoid: 1]
[boost_from_average: 1]
[reg_sqrt: 0]
[alpha: 0.9]
[fair_c: 1]
[poisson_max_delta_step: 0.7]
[tweedie_variance_power: 1.5]
[lambdarank_truncation_level: 30]
[lambdarank_norm: 1]
[label_gain: ]
[lambdarank_position_bias_regularization: 0]
[eval_at: ]
[multi_error_top_k: 1]
[auc_mu_weights: ]
[num_machines: 1]
[local_listen_port: 12400]
[time_out: 120]
[machine_list_filename: ]
[machines: ]
[gpu_platform_id: -1]
[gpu_device_id: -1]
[gpu_device_id_list: ]
[gpu_use_dp: 0]
[num_gpu: 1]

end of parameters

pandas_categorical:[]
