tree
version=v4
num_class=1
num_tree_per_iteration=1
label_index=0
max_feature_idx=30
objective=binary sigmoid:1
feature_names=Esfera UF Municipio OrgaoDestinatario FormaResposta OrigemSolicitacao TipoDemandante Genero Escolaridade Profissao TipoPessoaJuridica Pais UF_sol Municipio_sol reg_month reg_dow reg_day idade orgao_rate uf_match n_pedidos_previos prev_reenc_solicitante prev_reenc_rate_solicitante n_pedidos_previos_neste_orgao prev_reenc_neste_orgao n_orgaos_distintos_previos dias_desde_ultimo_pedido prev_reenc_rate_neste_orgao orgao_rate_movel_90d orgao_rate_movel_365d dias_desde_primeiro_pedido_do_orgao
feature_infos=-1:1:3:0:4 -1:26:25:11:23:3:17:22:18:14:4:19:20:6:12:21:7:15:0:13:10:1:16:5:2:24:9:8 -1:233:192:63:342:40:118:133:176:49:215:268:365:66:267:59:322:81:3:278:318:361:89:219:96:10:22:60:216:161:28:55:37:345:221:113:299:270:296:329:71:348:239:76:182:367:350:277:312:186:281:67:91:15:298:332:234:86:223:32:123:131:314:20:170:357:130:141:240:56:58:178:334:102:137:307:174:11:122:162:171:225:244:371:5:110:153:336:175:236:274:143:154:158:279:24:127:129:169:205:207:330:341:39:61:125:135:195:340:354:27:68:121:208:276:337:349:30:43:237:294:16:26:36:104:163:168:202:226:252:284:292:23:105:128:134:167:173:209:248:259:269:291:328:353:99:116:230:261:263:305:7:18:21:38:50:52:77:111:180:198:211:217:235:242:254:255:355:13:25:48:85:126:155:183:231:271:313:369:370:12:19:51:69:74:92:98:108:148:152:188:214:229:238:325:327:343:358:366:368:35:62:79:120:144:159:164:184:243:258:262:310:321:338:359:362:1:31:34:65:72:73:78:82:87:112:132:146:147:149:150:166:189:197:213 -1:337:29:400:330:385:22:417:50:439:418:74:382:158:242:386:277:372:329:90:82:278:389:67:402:577:399:381:238:26:208:392:24:429:27:102:53:14:28:281:379:374:55:738:348:401:391:23:377:92:60:18:563:20:138:376:266:332:387:375:292:114:205:723:438:714:19:384:380:690:411:715:152:95:689:86:730:668:706:700:686:722:335:404:674:398:680:713:49:697:724:742:234:708:403:216:210:705:21:100:693:735:716:698:305:687:728:751:707:696:390:747:703:353:725:316:294:297:737:306:307:396:54:732:393:733:736:25:731:704:712:734:720:103:576:684:750:291:304:310:552:445:209:710:685:711:740:745:299:718:701:298:233:503:691:167:748:726:721:66:315:378:57:355:397:739:249:570:746:293:729:314:510:156:345:699:695:331:717:744:248:300:727:285:308:229:741:415:428:289:692:70:694:270:93:553:743:295:702:189:214:284:309:104:313:395:71:654:302:288:51:301:324:105:688:388:311:286:12:94:96:168:1:676:496:571:159:572:579:172:187:6:75:76:48:287:290:321:199:174:569:554:303:207:296:244:319:202:320:642:509:555:405:312:423:500:513:171:16:511:52:280:709:203:317:33:318:269:681:56:180:272:608:582:664:512:575:195:97:196:170:657:179:204:198:383:653:190:591:647:188:181:201:183:47:407:193:211:186:518:547:328:516:583:598:219:231:192:425:682:757:200:240:177:197:609:334:573:491:539:271:652:663:182:98:173:279:658:69:155:184:191:358:72:128:533:628:217:246:227:643:243:326:502:73:194:406:517:529:176:185:530:543:625:245:212:426:605:624:178:592:594:247:431:590:361:504:556:660:206:480:719:755:215:410:416:489:109:749:157:476:580:414:499:515:557:574:77:108:524:565:589:35:135:436:525:333:363:493:2:88:615:175:420:424:603:558:65:166:341:352:419:437:475:568:656:113:422:514:588:610:626:37:62:366:435:600:637:61:230:468:165:268:412:537:562:584:644:10:84:665:30:36:87:596:648:667 -1:3:4:0:2:1 -1:3:1:5:8:4:7:0 -1:0:1 -1:1:0:2 -1:2:4:3:1:0:5 -1:7:13:2:0:3:10:1:8:9:12:14:5:11:4:6 -1:5:3:0:6:1:8:11:4:2:12:9:10 -1:11:23:65:31:3:1:57:66:75:63:30:50:21:36:52:76:19:46:9:62:71:0:5:15:22:70:12:39:69:72 -1:25:6:18:12:23:20:13:4:16:8:5:15:14:10:7:19:9:3:26:24:11:17:1:21:22:0:2 -1:400:2626:2240:2081:806:317:1423:2170:1396:1688:958:971:1026:2287:1532:321:797:1742:2604:504:1866:1724:147:1404:134:1512:514:2878:2398:2571:2714:2797:2776:2498:1814:2869:1077:2094:1768:2836:1461:1703:1484:351:2796:2501:2506:499:1490:2377:2884:1912:2328:2211:665:1642:2434:1986:2468:1901:1401:1384:2113:1508:1765:1799:2370:2201:2531:2504:1314:532:973:2267:848:1406:1575:1504:1548:2505:2880:1035:2032:1831:312:874:1945:106:293:2092:588:738:304:594:2584:1659:346:964:1458:2219:551:1973:2019:2120:1218:2886:1842:939:2481:2842:1233:2544:636:448:2858:132:2115:1319:617:2061:2871:2889:169:120:2566:1364:2572:2658:639:866:1154:1862:2780:2358:2586:832:1751:1938:779:1463:279:2851:1988:2112:1299:1377:1573:772:2723:2769:1076:1276:2277:612:975:1114:1341:2834:181:314:582:1245:1727:335:1460:1476:1656:1772:2447:2599:50:435:622:641:1469:1761:2703:2887:1235:1795:1893:2142:1093:2128:247:1173:1914:1965:2215:2811:2832:394:1051:1402:2226:2597:196:1353:1614:2323:2532:2912:270:627:835:1726:466:1041:1148:1584:1985:1254:2716:99:391:451:1837:1922:2136:2203:43:97:156:240:752:1217:1496:161:433:487:2900:341:957:1431:2793:471:486:1091:1159:2182:2406:174:252:318:916:1141:1587:2257:2735:2758:2774:932:1518:1550:2062:2173:2643:219:638:794:844:884:944:1301:1794:1944:2002:2237:2485:288:305:1066:1259:1286:2474:2477:2667:168:301:698:926:1890:1905:1929:2235:2742:164:170:177:576:894:1168:1916:1924:1984:2821:8:143:154:290:416:516:610:689:692:775:1261:1394:1466:1605:1637:2006:2269:2367:2491:2494:2556:262:524:628:671:885:982:1080:1110:1145:1228:1263:1302:1684:1991:2151:2165:2244:2256:2397:2403:2433:2785:212:477:519:558:667:905:1142:1158:1619:1641:1658:1940:2296:2381:2540:2823:2857:342:393:417:450:559:653:796:899:936:977:996:1566:1700:1927:1928:2027:2135:2522:2702:402:437:454:470:515:611:624:766:790:990:1065:1184:1208:1214:1539:1590:1629:1843:2282:2307:2317:2355:2455:2482:2486:2629:1:67:87:128:133:214:227:281:457:629:634:717:735:907:925:991:1084:1273:1323:1448:1477:1627:1697:1764:1840:1907:1915:2090:2195:2246:2363:2611:2664:2767:65:115:265:327:333:362:449:495:539:758:768:931:1089:1262:1311:1343:1369:1538:1879:1880:2039:2283:2385:2418:2598:2625:2681:2736:2756:2772:2807:2881:187:759:814:880:974:979:1053:1071:1129:1143:1202:1212:1265:1266:1295:1362:1541:1660:1686:1737:1891:1899:1909:1930:1967:1974:2105:2230:2336:2407:2565:2580:2623:2639:2707:93:114:151:308:467:644:673:718:788:807:871:908:922:924:962:987:1025:1058:1239:1334:1374:1397:1422:1435:1549:1571:1609:1692:1702:1712:1749:2055:2107:2160:2200:2209:2333:2361:2373:2441:2453:2467:2648:2859:48:66:155:195:210:232:278:357:363:367:410:518:560:579:620:695:774:869:952:998:1002:1016:1037:1116:1121:1144:1216:1303:1315:1336:1418:1442:1459:1471:1473:1494:1509:1521:1578:1610:1671:1816:1870:1934:1947:1992:2033:2046:2258:2330:2526:2562:2661:2710:2725:2729:2809:2863:2867:2874:56:58:84:103:111:136:167:189:231:253:302:343:360:411:423:531:552:626:674:713:767:805:809:812:914:942:1024:1043:1102:1111:1115:1221:1257:1260:1293:1307:1344:1427:1440:1489:1499:1557:1558:1599:1651:1652:1695:1790:1855:1948:2013:2036:2069:2085:2123:2239:2295:2300:2306:2316:2354:2379:2390:2431:2472:2603:2614:2628:2646:2673:2687:2739:2799:2829:2847:2870:60:62:127:137:146:149:185:186:194:199:267:285:320:359:378:381:415:500:521:570:585:586:595:651:662:683:732:741:755:782:816:827:830:836:854:855:887:895:923:1064:1072:1078:1122:1125:1131:1166:1242:1248:1251:1305:1312:1373:1379:1449:1465:1483:1530:1547:1565:1608:1616:1679:1728:1731:1784:1808:1823:1833:1852:1875:1884:1902:1957:1968:1976:2012:2021:2030:2042:2045:2048:2056:2083:2121:2122:2138:2139:2148:2199:2206:2224:2227:2252:2271:2301:2345:2383:2405:2439:2460:2511:2514:2516:2525:2536:2541:2581:2605:2613:2627:2655:2728:2733:2748:2753:2759:2770:2831:2840:2885:2890:2903:2906:2917:17:23:31:37:47:89:91:98:116:183:184:224:234:259:260:263:271:324:332:347:370:386:406:412:413:431:439:443:482:489:491:493:497:507:510:513:527:535:549:553:557:564:574:580:600:614:640:654:700:706:720:726:730:737:744:773:781:791:803:811:837:847:891:897:906:927:978:984:988:1001:1012:1021:1036:1038:1049:1062:1068:1079:1081:1086:1104:1119:1128:1136:1137:1146:1151:1178:1183:1188:1194:1209:1211:1226:1244:1258:1328:1333:1342:1345:1348:1355:1356:1361:1382:1399:1400:1443:1446:1456:1467:1481:1487:1520:1527:1535:1562:1592:1598:1612:1615:1638:1646:1665:1677:1719:1732:1735:1747:1759:1775:1785:1789:1854:1864:1882:1886:1894:1932:1935:1971:1981:1996:2003:2031:2065:2066:2070:2109:2133:2150:2161:2162:2176:2183:2189:2196:2212:2251:2294:2303:2312:2331:2362:2366:2374:2382:2384:2396:2399:2401:2402:2411:2417:2457:2487:2489:2497:2513:2528:2537:2539:2548:2606:2620:2622:2637:2685:2690:2705:2737:2761:2775:2791:2801:2810:2816:2826:2845:2872:2888:2916 [1:12] [0:6] [1:31] [10:103.90000152587891] [0.0041099078953266144:0.52233356237411499] [0:1] [-1:1922] [-1:175] [-1:1] [-1:1129] [-1:76] [-1:305] [-1:1058] [-1:1] [0.002801467664539814:0.79593801498413086] [0.0021206934470683336:0.70645409822463989] [0:4613]
tree_sizes=4091 4421 4266 4050 4858 4842 3539 5346 5791 4914 4334 4396 4515 4985 5924 6122 4949 5959 5111 6022 5447 5741 5446 5752 6390 7005 6326 6217 6353 6183 6428 6089 6784 5587 3538 6191 5947 6600 5957 4806 6633 5764 6462 3593 6571 6487 6180 4679 6944 7185 4872 6359 7333 7547 7086 7678

Tree=0
num_leaves=31
num_cat=7
split_feature=18 18 18 18 28 18 28 27 27 27 27 3 1 14 27 28 18 20 3 28 20 16 26 13 3 5 27 22 3 20
split_gain=19542.4 6237.39 4187.72 804.68 469.278 266.144 226.74 205.669 203.823 318.846 194.364 180.145 178.936 173.885 162.361 140.611 132.186 124.781 122.393 168.298 119.6 107.132 101.056 100.374 95.9206 100.953 91.8171 114.793 86.721 84.222
threshold=0.14109200239181521 0.39748507738113409 0.063527129590511336 0.21044302731752398 0.11859711632132532 0.028250085189938549 0.36001497507095342 -1.0000000180025095e-35 -1.0000000180025095e-35 0.25309917330741888 0.40370370447635656 0 1 3.5000000000000004 0.58506491780281078 0.36001497507095342 0.19137971848249438 73.500000000000014 2 0.15990081429481509 1.0000000180025095e-35 4.5000000000000009 1.0000000180025095e-35 3 4 5 -1.0000000180025095e-35 0.014981483574956657 6 1.0000000180025095e-35
decision_type=2 2 2 2 2 2 2 2 2 2 2 9 9 2 2 2 2 2 9 2 2 2 2 9 9 9 2 2 9 2
left_child=2 3 5 7 8 -1 10 16 11 -10 12 -4 -5 -3 -9 -15 -2 -17 19 20 -6 -8 -11 -13 -7 -26 27 -14 -25 -18
right_child=1 13 4 6 18 24 21 14 9 22 -12 23 26 15 -16 17 29 -19 -20 -21 -22 -23 -24 28 25 -27 -28 -29 -30 -31
leaf_value=-2.526623400430656 -2.2979083083772438 -1.774696070319878 -2.3855054937842861 -2.0266584917268746 -2.279957834664339 -2.4298775778902519 -1.7459263798148248 -2.4184800109259958 -2.4906048884916774 -2.1378451337649498 -1.8855528682139933 -2.3360056147556922 -2.2317562267318292 -2.000029480580864 -2.0782984239608706 -1.8221595119941578 -2.16618773605799 -2.0431867133288231 -2.4127693241938282 -2.3953745592420419 -2.3801287782822156 -2.066737133451058 -2.3733111276259944 -2.4825837740558239 -2.2728157352164944 -2.4999618099903214 -2.3507796818610314 -2.0448034924572078 -2.4309456903223303 -2.3005193402429707
leaf_weight=6967.1846188008785 1725.6653364747763 144.03307257592678 973.68128867447376 62.751466780900955 378.72355833649635 214.46236588060856 12.476468101143835 192.31478936970234 895.64799410104752 31.006607115268707 19.489867329597473 94.939277976751328 487.83728528022766 107.41574607789516 15.134177282452582 161.45583276450634 133.77136212587357 30.342179819941521 468.12594218552113 421.54220625758171 173.93230086565018 62.825292035937309 44.221327766776085 342.91830964386463 11.073788255453108 4619.689159154892 58.986378774046898 35.214646652340889 4151.6370422244072 71.684322640299797
leaf_count=94374 23375 1951 13189 850 5130 2905 169 2605 12132 420 264 1286 6608 1455 205 2187 1812 411 6341 5710 2356 851 599 4645 150 62576 799 477 56236 971
internal_value=-2.43863 -2.21417 -2.4763 -2.26795 -2.42032 -2.51411 -2.17804 -2.29904 -2.43172 -2.474 -2.19668 -2.42434 -2.20608 -1.86497 -2.39366 -1.90843 -2.28888 -1.85713 -2.3687 -2.34871 -2.31148 -2.01358 -2.27626 -2.43271 -2.49611 -2.49906 -2.23599 -2.21917 -2.43497 -2.21306
internal_weight=23110.2 3321.4 19788.8 2878.15 7976.38 11812.4 739.581 2138.57 6534.05 970.876 664.28 5563.18 644.79 443.247 207.449 299.214 1931.12 191.798 1442.32 974.198 552.656 75.3018 75.2279 4589.49 4845.23 4630.76 582.038 523.052 4494.56 205.456
internal_count=313039 44990 268049 38986 108044 160005 10018 28968 88507 13151 8998 75356 8734 6004 2810 4053 26158 2598 19537 13196 7486 1020 1019 62167 65631 62726 7884 7085 60881 2783
cat_boundaries=0 24 25 47 137 159 160 184
cat_threshold=0 268435456 262144 512 0 0 0 1048576 16777216 0 0 142606400 133274 136 0 536870912 134479936 218103808 0 537919488 193011712 0 0 2097152 41943040 0 0 262144 0 0 0 0 0 0 0 131072 142606336 393306 512 0 0 0 1024 0 0 0 256 0 0 0 2 524288 0 0 0 0 0 32768 0 0 0 0 524416 0 0 0 0 0 0 0 0 0 0 65536 0 0 2048 8192 0 0 0 0 0 0 0 0 0 0 0 0 0 32768 0 16781312 268435472 0 0 0 16777216 0 0 16384 288 0 0 1024 16777216 0 0 0 0 0 0 0 0 0 2048 0 32768 0 0 0 0 0 134217728 512 65536 4096 0 0 0 0 0 0 0 0 1024 9437184 0 268435458 129 0 2450018368 2052 0 32768 0 8192 16384 0 1280 0 1073750016 2147483664 4608 134283272 0 0 1024 417 1048576 1048578 268435458 393345 0 2416463872 262164 0 0 0 0 0 524288 9232 0 1073750016 16 512 134283272 0 4 0 0 524288
is_linear=0
shrinkage=1


Tree=1
num_leaves=31
num_cat=14
split_feature=28 3 29 3 3 30 3 1 3 1 3 3 27 27 3 14 30 29 3 3 30 30 3 30 20 16 27 27 30 3
split_gain=11428.3 2812.59 2759.54 956.962 400.346 310.377 301.835 271.751 225.838 184.544 243.75 182.48 197.101 212.62 166.918 157.589 218.245 154.034 202.875 140.956 115.384 114.203 131.452 128.698 116.717 114.101 108.866 105.405 82.2029 81.6344
threshold=0.11859711632132532 0 0.050172289833426482 1 2 4005.5000000000005 3 4 5 6 7 8 0.66287881135940563 -1.0000000180025095e-35 9 4.5000000000000009 3950.5000000000005 0.12123842537403108 10 11 1139.5000000000002 4073.5000000000005 12 4463.5000000000009 1.0000000180025095e-35 26.500000000000004 0.2137710973620415 0.506756752729416 3986.5000000000005 13
decision_type=2 9 2 9 9 2 9 9 9 9 9 9 2 2 9 2 2 2 9 9 2 2 9 2 2 2 2 2 2 9
left_child=2 5 6 15 21 -2 -1 -5 -9 -6 17 -10 13 14 -13 16 -4 -11 -19 -16 -17 24 -23 -24 -3 -14 -15 -8 -18 -26
right_child=1 4 3 7 9 -7 27 8 11 10 -12 12 25 26 19 20 28 18 -20 -21 -22 22 23 -25 29 -27 -28 -29 -30 -31
leaf_value=0.07418029929350127 0.37103468652272115 0.2029056473324935 0.182522197701531 0.16808945558620589 0.21389520163863468 0.23631114611397119 -0.076660411420727645 -0.061910393789957566 0.068336435329330453 0.14748002478567185 0.015625676499918421 0.029415518852652735 0.12551279711511029 -0.057423199096601554 0.010521972489078674 0.22559221703254548 0.71636311655211193 0.031208031296558299 0.10313468239928524 -0.023976113845235562 0.04677631999295695 0.044783082799779619 0.19530375312713572 0.081825384540805624 -0.0067231091441093214 0.5348988314003803 0.081605128571894323 0.215602309594604 0.34094960375096633 0.14519866447379462
leaf_weight=130.40778527408838 451.80550663173199 502.2373181656003 176.9107912927866 81.250868253409863 96.41253586858511 275.13858450204134 9342.3717950209975 642.67821791768074 355.40597052127123 392.69851928949356 566.86911934614182 1587.8270714059472 26.729756996035576 910.00038573145866 2206.64006382972 48.741553246974945 10.397667266428472 636.33560800552368 1154.1750425100327 2538.2075799033046 138.97706585377455 207.44479428231716 266.74599123001099 159.820755623281 52.038060806691647 9.1346965879201871 60.039147719740868 12.356330320239065 13.285042792558668 167.31519295275211
leaf_count=1763 3944 5796 1979 984 1153 2427 135012 9223 4598 4772 7505 20744 323 12859 29596 557 119 8103 14016 35072 1684 2480 2952 1816 639 104 742 178 157 1922
internal_value=-0.000284305 0.13486 -0.0367021 0.00360877 0.10258 0.315701 -0.0741276 -0.00355783 -0.00543012 0.0804932 0.0750583 -0.000638086 -0.00406696 -0.00522099 0.00145724 0.155066 0.220686 0.0903484 0.0783227 -0.00794404 0.0932063 0.148028 0.118155 0.149287 0.176327 0.229784 -0.0488182 -0.0761929 0.505771 0.115471
internal_weight=23220.4 4929.04 18291.4 8806.23 4202.09 726.944 9485.14 8417.91 8336.66 2846.49 2750.08 7693.98 7338.58 7302.71 6332.67 388.312 200.594 2183.21 1790.51 4744.85 187.719 1355.6 634.012 426.567 721.591 35.8645 970.04 9354.73 23.6827 219.353
internal_count=313219 57525 255694 118741 51154 6371 136953 114245 113261 35549 34396 104038 99440 99013 85412 4496 2255 26891 22119 64668 2241 15605 7248 4768 8357 427 13601 135190 276 2561
cat_boundaries=0 20 41 62 86 87 111 112 134 155 179 199 221 233 236
cat_threshold=0 0 8 0 0 0 0 0 1024 0 0 0 2147500032 0 0 65536 0 524288 192 2 1024 268435456 0 64 0 0 0 16384 16778240 0 1024 872415232 8708 32768 0 9502720 4130 2621440 20971536 393216 393232 0 0 1024 0 0 0 8192 16384 0 0 0 608174080 4 0 0 8388608 0 33554432 541069312 131072 268566528 8912900 1611661312 0 512 0 35127552 0 0 1073741824 0 33685504 0 4980800 8196 0 0 139266 671089152 32776 0 0 0 0 524288 41943040 726925312 8454144 2218786816 0 1073741824 0 16842760 262176 1075838976 262144 268440064 0 32769 8392706 0 0 0 0 2 0 0 16777216 0 4 10618880 0 1073741824 262144 64 0 0 0 0 0 0 132096 2558525440 6697554 0 0 1048576 2 278528 262144 327680 0 256 0 8 25165824 0 0 0 0 1048576 0 0 0 2281701952 2232472 2097161 0 524800 134479936 100679680 262400 536870912 1056768 0 294944 263168 0 0 8192 270336 0 0 0 0 9437184 2147502178 1048704 0 2048 2097153 17040384 1064960 0 82304 0 0 2097152 0 0 262144 0 0 0 0 0 0 0 131072 276824064 393234 0 0 0 0 0 262144 65536 16384 2097152 269484040 512 0 2149580800 0 136 0 0 33693696 1128269824 335544320 524356 0 0 33554432 10240 65536 0 268439560 256 0 0 1024 0 0 0 0 0 0 0 0 541065216 0 0 1024
is_linear=0
shrinkage=0.1


Tree=2
num_leaves=31
num_cat=4
split_feature=18 18 18 18 18 30 30 18 28 18 22 30 23 30 5 13 30 14 14 28 28 20 24 22 23 30 13 13 18 15
split_gain=9762.21 2333 1613.14 465.949 420.163 242.908 176.281 139.121 133.196 121.876 105.676 105.317 99.3087 90.5976 90.512 77.1453 75.1893 80.0436 67.8209 66.3424 130.736 88.256 62.035 61.9072 61.5524 64.0851 60.2433 58.9754 58.5872 58.3828
threshold=0.094801086932420744 0.19137971848249438 0.046979362145066268 0.14109200239181521 0.24829139560461047 4130.5000000000009 4206.5000000000009 0.021580796688795093 0.11859711632132532 0.075304355472326293 0.12129446864128114 3778.5000000000005 16.500000000000004 4254.5000000000009 0 1 3934.5000000000005 6.5000000000000009 3.5000000000000004 0.016595537774264816 0.011464086826890709 3.5000000000000004 6.5000000000000009 0.51666668057441723 1.5000000000000002 1139.5000000000002 2 3 0.16004186868667605 2.5000000000000004
decision_type=2 2 2 2 2 2 2 2 2 2 2 2 2 2 9 9 2 2 2 2 2 2 2 2 2 2 9 9 2 2
left_child=2 3 7 8 13 22 18 -1 23 19 -8 -10 14 16 -9 -16 -3 29 -6 20 -4 -22 24 27 -5 -26 -21 -2 -7 -18
right_child=1 4 9 5 6 28 10 12 11 -11 -12 -13 -14 -15 15 -17 17 -19 -20 26 21 -23 -24 -25 25 -27 -28 -29 -30 -31
leaf_value=-0.091210815102870976 -0.03320105503710407 0.11976602496897493 -0.092356764491130963 0.11785595143686255 0.26785108692256687 0.00037905613669471518 0.0959512685884929 0.17921616354816194 0.094634778681651155 0.0071547982842844055 0.26133136005898172 0.035263545567104454 -0.1012038633571363 0.083749419020718238 0.039941373751080665 -0.063077017627398133 0.18828804741795016 0.14063117270021661 0.21210267810084785 0.07609517971712132 0.095559414668417275 0.60151500096967281 0.3182734772328582 0.19063773983303431 0.18659216947900467 0.0020071844831452234 -0.025587206030221951 0.021963862446628266 0.061416415140857689 0.33385874652207381
leaf_weight=3650.2574092149734 203.36024308204651 406.52133736014366 13.073498927056789 1313.893704995513 324.55313541740179 205.93809639662504 175.60199443250895 6.9592182785272598 493.32496692985296 2712.3018262907863 49.537254735827446 757.61771040409803 699.55881038308144 348.40957165509462 71.18414057046175 4703.5567488148808 62.409957520663738 149.27130111306906 666.07680394500494 50.589034490287304 6.8824696317315102 6.9080578461289406 14.696397624909876 20.833641037344933 23.837261326611042 89.165974363684654 2871.4741070568562 2370.0506959334016 665.25889352709055 49.326045356690884
leaf_count=56721 2681 4050 198 14379 2310 2434 1459 90 5614 36346 385 9267 10789 3612 1089 72013 581 1431 5070 708 102 103 175 236 266 1075 40936 30975 7466 429
internal_value=-0.00121413 0.0849539 -0.0500842 0.0532083 0.17255 0.0886766 0.212214 -0.0760855 0.0318749 -0.00814431 0.13234 0.0586773 -0.0660128 0.125084 -0.0608644 -0.0614609 0.146658 0.188543 0.230367 -0.0222158 0.134215 0.349007 0.11387 0.0189508 0.111765 0.0409441 -0.023654 0.0175609 0.0469881 0.25255
internal_weight=23182.4 8389.68 14792.7 6157.98 2231.71 2312.79 1215.77 9131.52 3845.19 5661.23 225.139 1250.94 5481.26 1015.94 4781.7 4774.74 667.529 261.007 990.63 2948.93 26.864 13.7905 1441.59 2594.24 1426.9 113.003 2922.06 2573.41 871.197 111.736
internal_count=312990 93895 219095 74568 19327 25795 9224 140702 48773 78393 1844 14881 83981 10103 73192 73102 6491 2441 7380 42047 403 205 15895 33892 15720 1341 41644 33656 9900 1010
cat_boundaries=0 1 91 179 266
cat_threshold=129 0 0 0 0 524288 0 134217728 0 0 0 0 0 0 0 0 524416 16 0 0 0 0 0 0 4 67108864 0 0 1024 0 0 8192 0 0 0 0 0 0 0 0 0 0 128 1048576 256 0 0 0 272 0 0 32 0 16777216 0 0 258 0 8192 1024 0 262144 8192 0 8 0 0 1073741824 0 0 0 16 0 0 0 0 0 0 0 0 8 0 0 0 4 32768 0 16777216 0 67174400 1024 0 0 0 0 524288 0 0 0 0 0 32770 0 0 0 0 0 1048576 0 0 16 0 0 0 0 0 0 65536 1024 0 0 8192 0 0 0 0 0 0 16777216 131072 0 0 0 0 268435456 32768 0 0 0 0 0 0 134217728 0 0 0 32 4194304 0 1024 67108864 0 0 0 0 0 0 0 0 0 0 0 0 0 0 0 0 0 0 256 0 0 4096 0 0 0 0 0 4096 0 0 0 0 0 0 0 8388608 0 536936448 0 0 0 0 0 0 4 0 0 0 0 0 0 0 536872960 0 0 0 0 0 10240 0 0 2097152 0 0 0 0 0 0 524288 0 0 1342177536 0 0 0 0 0 65536 0 1024 0 0 0 0 4194304 0 0 0 0 0 0 0 0 16384 0 67108864 0 0 134217728 32768 0 0 1073741824 0 0 0 256 0 16779264 4128 4 0 268435456 0 268435456
is_linear=0
shrinkage=0.1


Tree=3
num_leaves=31
num_cat=5
split_feature=28 29 29 2 29 29 23 29 7 29 13 23 27 27 27 13 27 28 30 30 14 29 5 26 29 27 27 30 30 29
split_gain=6619.58 1896.95 863.888 233.397 141.497 133.231 120.144 167.536 250.419 115.645 108.743 102.681 95.0949 118.128 78.0631 73.919 71.0896 70.8521 62.8776 62.2681 62.1785 84.2031 59.1102 58.046 57.8337 57.7436 66.9785 52.3197 73.392 62.48
threshold=0.10548605397343637 0.050172289833426482 0.22554164379835132 0 0.39598432183265692 0.16335530579090121 5.5000000000000009 0.12997944653034213 1 0.019378798082470897 2 29.500000000000004 -1.0000000180025095e-35 0.36237373948097235 0.16807910054922107 3 0.98484849929809581 0.36001497507095342 4170.5000000000009 1.0000000180025095e-35 3.5000000000000004 0.28009891510009771 4 10.500000000000002 0.10728393122553827 0.36237373948097235 -1.0000000180025095e-35 3950.5000000000005 3871.5000000000005 0.28009891510009771
decision_type=2 2 2 9 2 2 2 2 9 2 9 2 2 2 2 9 2 2 2 2 2 2 9 2 2 2 2 2 2 2
left_child=1 9 5 -3 20 11 10 14 -9 -1 -5 15 22 -14 -8 -2 23 25 -6 -12 27 -22 -11 -17 -21 26 -7 28 -4 -30
right_child=2 3 4 6 18 17 7 8 -10 12 19 -13 13 -15 -16 16 -18 -19 -20 24 21 -23 -24 -25 -26 -27 -28 -29 29 -31
leaf_value=-0.085894241874347813 -0.068361517075010175 0.10856211516074968 0.11377867753263711 0.10038299692895025 0.1824079125685433 0.078749859716371273 -0.068175797393748669 0.64979534933338767 0.0035529832073403532 0.14088055060672774 0.19834077012000886 -0.079030741342531491 -0.088062416446799657 0.15338974534683616 0.069922678765782481 0.051758526988596357 0.23681298332724934 0.23417827973161379 0.11233274558340167 -0.0051816035219624948 0.085224504624545297 0.13988437388388766 -0.054059168180725176 0.0032681338496325565 0.020685809534517222 0.24725852074477261 0.0043242322838477681 0.095119211769602641 0.2698853794994715 0.1293445230310272
leaf_weight=2623.5108428969979 49.491445153951645 181.36548691242933 105.85242309421301 97.098273422569036 593.08426205813885 1577.4194040298462 536.54955608025193 8.3631029427051544 21.186714135110378 7.1230263337492943 15.615910287946461 68.479356735944748 1285.4972995519638 20.586962800472975 44.313058450818062 2132.2817538566887 19.714431427419186 28.417656041681767 163.30365513265133 6178.2349540144205 811.98449089378119 431.65658209472895 4419.1124765202403 279.1891133710742 1004.9054605141282 19.239876069128513 130.95642255246639 113.9789625108242 96.028906874358654 47.17126277834177
leaf_count=43958 592 2034 931 1242 3598 16348 7963 87 281 84 209 862 21147 280 532 24972 204 213 1111 84197 7648 3603 71235 3400 12586 165 1500 1048 601 281
internal_value=-0.00100845 -0.0350891 0.0830323 -0.000565598 0.131615 0.0563659 -0.00320219 -0.0458241 0.186451 -0.0685046 0.000359415 0.0417652 -0.0605458 -0.0842566 -0.0576405 0.0450997 0.0474953 0.0775611 0.167279 -0.0011276 0.114825 0.104196 -0.0535493 0.0461445 -0.00156281 0.0749849 0.0730447 0.151236 0.176918 0.22359
internal_weight=23111.7 16443.5 6668.25 8087.63 2363.06 4305.19 7906.27 610.412 29.5498 8355.83 7295.85 2549.16 5732.32 1306.08 580.863 2480.68 2431.19 1756.03 756.388 7198.76 1606.67 1243.64 4426.24 2411.47 7183.14 1727.62 1708.38 363.032 249.053 143.2
internal_count=312912 245835 67077 109131 18821 48256 107097 8863 368 136704 98234 30030 92746 21427 8495 29168 28576 18226 4709 96992 14112 11251 71319 28372 96783 18013 17848 2861 1813 882
cat_boundaries=0 9 10 101 191 192
cat_threshold=0 2147483648 0 4194304 32 0 0 0 4096 1 0 0 0 0 524288 0 0 0 0 0 2147516416 0 0 0 8 128 0 0 0 0 0 0 0 0 0 0 4096 0 0 0 0 0 0 0 0 0 0 1090519040 0 0 0 128 0 262144 0 0 16781312 16 0 0 0 0 0 0 0 32 0 0 1024 0 0 0 2 0 0 0 1073741824 0 134217728 128 0 0 0 0 0 0 0 134348800 512 65536 0 0 0 0 67108864 0 262144 0 65536 1024 576 0 0 0 0 80 0 0 0 0 0 67108864 0 0 0 0 0 0 128 0 2415919104 0 0 0 0 0 0 0 4 0 0 0 0 0 0 0 0 64 0 0 0 0 0 0 1073742080 0 0 0 16384 0 128 0 1056 16777216 0 0 0 0 128 1024 268435456 0 0 0 8 0 0 0 0 0 0 134217728 0 17301504 0 1073742336 0 0 0 1024 0 0 4096 0 0 0 0 0 4096 0 1024 129
is_linear=0
shrinkage=0.1


Tree=4
num_leaves=31
num_cat=11
split_feature=18 18 18 3 28 18 5 2 20 3 23 27 27 13 23 26 13 13 14 25 3 27 27 3 3 28 23 29 29 3
split_gain=6573.67 1539.5 546.908 386.791 175.938 142.308 133.816 118.762 103.922 92.4157 91.4233 88.2252 110.761 87.3102 82.5635 116.263 75.7137 75.5081 74.7169 75.936 70.3385 58.3572 91.5551 61.572 55.3909 53.3443 72.3348 53.3061 51.7632 48.7218
threshold=0.075304355472326293 0.16004186868667605 0.046979362145066268 0 0.12586309760808947 0.021580796688795093 1 2 -1.0000000180025095e-35 3 14.500000000000002 0.36237373948097235 -1.0000000180025095e-35 4 1.0000000180025095e-35 1.0000000180025095e-35 5 6 4.5000000000000009 72.500000000000014 7 0.14389234036207202 -1.0000000180025095e-35 8 9 0.018454174511134628 1.0000000180025095e-35 0.06174742057919503 0.12997944653034213 10
decision_type=2 2 2 9 2 2 9 9 2 9 2 2 2 9 2 2 9 9 2 2 9 2 2 9 9 2 2 2 2 9
left_child=2 4 5 -3 9 -1 10 -5 24 -2 16 12 17 -10 -9 18 -7 -11 19 -16 -4 22 23 -22 -6 26 -25 -23 -26 -19
right_child=1 3 20 7 8 6 -8 14 13 11 -12 -13 -14 -15 15 -17 -18 29 -20 -21 21 27 -24 25 28 -27 -28 -29 -30 -31
leaf_value=-0.087517745791934887 0.058718471043946778 0.14379307876411829 0.096300340546689234 0.1499122533552929 -0.024206752474892818 0.051242706457835109 0.20938762372567288 0.079630008004803521 0.16080105465380609 -0.063606759232943219 -0.096879639175992682 0.13016099958637756 -0.033775095903954083 0.029077688568993301 0.11669941312397153 -0.0046025546967231653 -0.057553381455159695 -0.029628134875948311 0.049305985727468041 0.35704994314941385 0.00080699811502648363 0.20644691217177133 -0.065270283607725577 -0.0061134325471178756 0.14788671421852054 -0.035344933995141783 0.33342380933334487 0.00039739894820204963 0.07563920639644045 0.017740222481502015
leaf_weight=3160.6126096360385 405.19388739019632 1253.7369080781937 41.653369035571814 215.73675340414047 44.402874082326889 60.398717820644379 9.3511636145412904 2359.5750822350383 43.577320620417595 114.9641327559948 628.39910154789686 60.051483109593391 559.61944088339806 1429.6156136915088 73.1507518440485 308.61273997277021 4219.7177302278578 220.9631743952632 194.06764903664589 16.024434737861156 1123.1969393901527 20.843439765274525 453.55676033720374 19.662372261285785 141.46590527147055 1170.8398553915322 9.2149700261652452 31.575936615467072 331.67841666936874 4313.0450130328536
leaf_count=56667 4734 7312 573 1681 512 941 99 21554 464 1505 11328 565 8163 15370 695 2965 71431 2978 1832 138 15846 262 7114 303 1408 17581 107 380 3440 55161
internal_value=-0.00151403 0.0493335 -0.0576393 0.096328 0.0222273 -0.0709619 -0.0603217 0.0768421 0.0478053 0.0132529 -0.0611376 0.0096266 0.0082554 0.034263 0.0710128 0.037858 -0.0560329 0.0133148 0.0841217 0.159889 -0.0201462 -0.022123 -0.0241747 -0.0161506 0.0863533 -0.0317686 0.102235 0.0823286 0.0952279 0.0153716
internal_weight=23034.5 12085.5 10949 4420.9 7664.58 8078.48 4917.87 3167.17 1990.74 5673.84 4908.52 5268.64 5208.59 1473.19 2951.43 591.856 4280.12 4648.97 283.243 89.1752 2870.54 2828.89 2776.47 2322.91 517.547 1199.72 28.8773 52.4194 473.144 4534.01
internal_count=313109 130477 182632 36177 94300 140466 83799 28865 21194 73106 83700 68372 67807 15834 27184 5630 72372 59644 2665 833 42166 41593 40951 33837 5360 17991 410 642 4848 58139
cat_boundaries=0 21 22 27 51 142 232 323 342 364 385 407
cat_threshold=0 0 8 0 0 0 0 0 1024 0 0 0 2147500032 0 0 0 0 524288 536875136 131074 268435456 58 0 2147483904 0 4194304 32 0 1342177288 8388608 512 0 0 8388608 1048576 16777216 0 0 268436032 67244104 32768 0 524288 266272 203423744 1048576 536936448 16851072 0 0 2097152 0 0 0 0 524288 0 0 0 0 0 0 0 0 0 0 16777216 1048576 0 0 0 0 0 0 0 0 0 0 0 0 0 0 0 131072 0 0 0 0 0 0 0 0 128 0 268435456 32768 0 0 0 0 0 0 0 0 0 0 0 0 128 0 0 0 0 0 0 0 0 0 67108864 134217728 0 0 32768 0 0 0 0 4 0 32 0 2048 0 0 0 67108864 0 0 0 0 0 64 0 0 0 2 524288 0 134217728 0 0 0 67108864 0 0 0 0 0 16 0 0 0 0 0 0 0 67108864 0 0 1073741824 0 0 8192 0 0 0 0 0 0 0 524290 268435456 0 128 0 262144 0 262144 0 272 0 0 0 1024 16777216 0 0 258 0 8320 1024 0 0 8192 0 0 0 0 1073807360 0 0 0 131088 0 0 0 0 0 0 0 0 0 0 0 0 0 0 0 0 0 67371008 1024 0 0 0 2 64 0 0 0 0 65536 0 0 0 0 0 0 0 0 64 0 0 0 0 0 2048 0 0 0 0 0 2048 0 131076 0 0 0 2097216 0 0 0 524288 0 0 335544576 0 0 0 256 0 0 0 0 0 0 0 0 8 8192 0 32 0 0 0 8 0 0 0 0 0 8 134217728 0 0 0 1073741824 0 4 0 0 0 16779264 4128 0 0 0 0 268435456 8192 1048576 0 512 4 1048576 0 0 0 256 0 192 0 0 33554688 16385 2048 1024 0 0 2149711880 16781824 65536 277348352 539000850 268435584 0 0 310378496 33818624 0 41975808 0 8256 2048 269549568 16 0 1073741824 0 8 8 4 0 1024 20480 268435456 0 0 0 0 0 0 0 0 0 168820736 2280 4 0 0 64 67108864 0 0 16384 524292 538968066 2 0 0 276824064 0 64 8421376 0 33554688 18433 1048576 1536 0 1073741824 2147614728 4616 65544 0 0 1024
is_linear=0
shrinkage=0.1


Tree=5
num_leaves=31
num_cat=7
split_feature=18 18 18 18 18 13 23 5 0 13 13 28 29 18 13 13 28 29 14 23 29 29 24 28 28 28 23 22 23 22
split_gain=5377.6 1145.12 515.373 324.339 135.709 111.494 100.607 87.9714 86.0934 77.9996 70.8701 70.7904 73.0437 74.2072 65.2429 60.5777 59.9066 69.8472 66.7695 72.313 60.1271 63.6527 53.9271 50.1766 49.2675 65.9055 57.1196 49.2457 47.6291 43.6244
threshold=0.075304355472326293 0.14109200239181521 0.046979362145066268 0.24829139560461047 0.022192042320966724 0 15.500000000000002 1 2 3 4 0.11157525703310968 0.12997944653034213 0.094801086932420744 5 6 0.26736912131309515 0.19393020123243335 4.5000000000000009 1.0000000180025095e-35 0.13791266828775409 0.1026592254638672 2.5000000000000004 0.18617713451385501 0.016595537774264816 0.011464086826890709 2.5000000000000004 0.24068965017795566 3.5000000000000004 0.1669246703386307
decision_type=2 2 2 2 2 9 2 9 9 9 9 2 2 2 9 9 2 2 2 2 2 2 2 2 2 2 2 2 2 2
left_child=2 5 4 8 -1 -2 7 14 -3 -7 -10 27 13 -13 -6 -4 18 -18 20 23 21 -12 -22 -20 25 -17 -26 -11 -15 -21
right_child=1 3 15 -5 6 9 -8 -9 10 11 16 12 -14 28 -16 24 17 -19 19 29 22 -23 -24 -25 26 -27 -28 -29 -30 -31
leaf_value=-0.083652574181662859 0.093775840579709724 0.11158124448761136 0.081502827146067588 0.11414835441651405 0.04834237157116994 -0.06057040702416442 -0.098873123817252717 0.15936319646273497 -0.040790742549136484 0.0064334311093630393 0.084554872658601121 0.0083398508363295796 0.0090338066398932878 0.073934633105713091 -0.053707251488306997 -0.088415376351383995 0.24398967506114133 0.082313589527361439 0.035867534973999762 -0.010796662547463103 0.055486915283688945 0.19149405161159408 0.23551693256482961 0.069096207624898168 -0.015151579984269487 0.2180199685466854 -0.054757683970827212 0.063791834517690701 -0.0088217416330934519 0.086334793205085636
leaf_weight=3204.9036248661578 167.91733104735613 322.25096746534109 50.781917233020067 1615.1362200751901 59.071987755596638 130.2953486032784 498.59888838976622 10.963511042296885 70.526964388787746 4521.1454036459327 194.8154780715704 325.01063780486584 842.06481416523457 679.60785908252001 3818.5449736490846 11.022616945207121 28.547027111053467 417.80873338878155 936.0381516367197 315.01781267672777 689.52220619469881 77.923108823597431 17.050049506127834 883.24796169251204 2298.3844736739993 19.320614546537399 432.6840348020196 154.80891757830977 77.473592296242714 54.193816319108009
leaf_count=61890 1954 2699 684 9180 903 1758 9790 99 656 58757 1824 4018 9475 6840 67872 193 187 3294 8877 3232 6327 597 147 7673 34070 209 6874 1866 893 516
internal_value=-0.00133366 0.0428172 -0.0544644 0.0763169 -0.0680099 0.0155153 -0.0565828 -0.0511602 0.0610676 0.0134035 0.0561945 0.0149533 0.0311205 0.0483079 -0.0520323 -0.0178954 0.0581944 0.0926537 0.0535227 0.0438109 0.0752258 0.115108 0.0598312 0.0519998 -0.0199462 0.106703 -0.0214264 0.00833242 0.065466 0.00346054
internal_weight=22924.7 12520.4 10404.3 5622.08 7592.08 6898.32 4387.18 3888.58 4006.94 6730.41 3684.69 6600.11 1924.16 1082.09 3877.62 2812.19 3614.16 446.356 3167.81 2188.5 979.311 272.739 706.572 1819.29 2761.41 30.3432 2731.07 4675.95 757.081 369.212
internal_count=313354 130770 182584 45209 140554 85561 78664 68874 36029 83607 33330 81849 21226 11751 68775 42030 32674 3481 29193 20298 8895 2421 6474 16550 41346 402 40944 60623 7733 3748
cat_boundaries=0 92 93 94 183 274 363 451
cat_threshold=0 0 0 0 524288 2097152 0 0 0 0 2147516416 0 0 0 0 128 0 0 0 0 33554432 0 0 0 16 0 4096 0 0 0 0 0 131072 2097152 0 0 0 0 0 0 0 128 0 0 32768 0 16781312 16 0 524288 16384 0 0 0 16384 256 0 0 1024 0 0 0 2 0 0 0 0 0 134217728 0 0 32768 0 0 536870912 0 0 134348800 544 0 0 0 0 0 67108864 0 0 0 0 0 1 1 58 9 0 0 0 0 64 0 0 0 0 0 0 0 0 0 0 0 0 0 0 0 0 0 0 0 536870912 0 1 1024 0 0 0 0 0 0 0 0 0 0 0 268435456 0 0 0 1342177280 0 262144 0 16384 0 65696 0 67108864 16777216 0 0 0 0 0 0 32 0 0 0 8 0 0 0 0 33554432 8 134217728 0 524288 0 1073741824 0 0 0 1024 0 16777216 4096 0 0 0 0 268435456 4096 1048576 256 0 0 0 0 0 0 0 0 0 0 0 128 0 0 0 4 0 0 268435456 0 0 0 0 0 0 0 1028 0 2048 8208 0 0 0 0 0 0 0 0 0 0 0 0 1073741824 32768 0 0 1 0 0 0 134217728 0 0 16384 288 4 0 64 0 33554436 0 0 8 8192 0 0 0 0 0 0 0 0 0 4 0 0 131072 1536 0 4096 0 0 0 67108864 0 0 0 0 0 80 0 0 0 16777218 524288 0 134217728 0 0 0 0 0 0 0 0 0 0 0 0 0 0 0 0 0 67108864 0 0 1024 0 0 0 0 0 0 0 0 0 0 524288 0 0 128 0 262144 0 262144 0 272 0 0 0 1024 16777216 0 0 258 0 0 1024 8192 262144 8192 16 0 0 0 65536 0 0 536870912 0 0 0 0 0 0 0 0 0 8 0 0 0 4 0 0 16777216 4096 67436544 0 0 0 0 524288 512 0 8388608 0 0 32768 0 0 0 0 0 0 0 0 16 0 0 0 0 0 0 65536 1024 0 2048 8192 0 0 0 0 0 0 16777216 131072 0 0 0 0 301990144 32768 0 16777216 256 0 128 0 134218752 0 0 0 32 4194304 0 0 67108864 0 0 0 0 8192 0 0 0 0 0 0 0 0 0 0 0 0 0 0 0 0 0 0 0 0 0 0 4096
is_linear=0
shrinkage=0.1


Tree=6
num_leaves=31
num_cat=3
split_feature=29 29 29 29 28 23 30 2 29 27 27 23 22 14 30 27 27 6 22 27 21 28 25 29 30 0 17 22 30 27
split_gain=3666.8 1064.45 205.309 161.152 143.229 109.074 86.6894 81.7609 79.2739 77.64 84.7395 76.1238 68.9661 57.744 52.4086 51.613 47.4787 47.2036 46.642 44.0594 48.4318 43.3956 41.6613 41.0577 43.9168 40.0214 39.303 41.3039 37.1967 36.0837
threshold=0.06174742057919503 0.16335530579090121 0.042027899995446212 0.28009891510009771 0.09828739240765573 3.5000000000000004 4206.5000000000009 0 0.01666293200105429 -1.0000000180025095e-35 0.16807910054922107 40.500000000000007 0.24068965017795566 2.5000000000000004 4186.5000000000009 0.15535445511341098 0.98484849929809581 1 0.21326331049203875 -1.0000000180025095e-35 4.5000000000000009 0.055516049265861518 8.5000000000000018 0.22554164379835132 3871.5000000000005 2 54.350000381469734 0.19831324368715289 3871.5000000000005 0.67083334922790538
decision_type=2 2 2 2 2 2 2 9 2 2 2 2 2 2 2 2 2 9 2 2 2 2 2 2 2 9 10 2 2 2
left_child=2 4 8 6 5 7 13 -2 -1 22 -11 16 -7 23 -5 -4 19 29 21 -6 -21 -9 -10 -3 -25 -23 27 -16 -18 -15
right_child=1 3 15 14 11 12 -8 18 9 10 -12 -13 -14 17 26 -17 28 -19 -20 20 -22 25 -24 24 -26 -27 -28 -29 -30 -31
leaf_value=-0.083382450610030301 0.053026952068077872 0.066185240267404702 -0.028658726924067741 0.10240735202094745 0.029676369142127637 -0.053817127905581054 0.026991153795284509 -0.031231092014566648 -0.046278974594438638 -0.086527875462515044 0.088160823739826061 -0.090792481644938777 0.067181886208488015 0.047348605650995697 0.045225575995475435 0.10445775144563532 0.27843626598384724 0.083773431453946015 0.0582969745033452 -0.034901660934539745 0.046093870313041012 -0.083656414910955337 -0.07796125975145414 0.033815619497539619 0.17045958432918573 0.0031189699087838009 0.20379481915194764 0.13765885060992761 0.048546333967205264 0.17564671001884213
leaf_weight=1651.823191318661 309.87400679290295 136.68421971797943 1801.388898409903 1179.8127388507128 3060.8130320012569 503.76942382007837 927.47417733073235 423.09565240889788 3011.0430724062026 1013.9455893039703 28.550663437694311 55.778233963996172 51.964546363800764 1622.9973768740892 389.23423527926207 29.605664424598217 13.218633934855463 514.97693734616041 138.37066582962871 226.29564820602536 109.57222073152661 43.757147036492825 481.40848280861974 29.546690106391907 115.32667393237352 4790.7833912819624 18.940456539392471 55.198826782405376 15.053468234837053 22.221683748066425
leaf_count=34532 3535 1167 29392 6386 33517 8003 8332 5938 57229 20746 450 774 596 14005 2582 342 96 4266 1684 2872 1324 708 9403 237 563 63770 128 308 124 142
internal_value=-0.00148627 0.0280938 -0.0559212 0.0655398 0.00882788 -0.000212275 0.0530178 0.0039067 -0.0646266 -0.0577949 -0.0817437 0.0250905 -0.042503 0.0629037 0.0912151 -0.0265063 0.0269778 0.0573518 0.000985796 0.0259036 -0.008478 -0.000520647 -0.0506461 0.105499 0.142591 0.00216698 0.0627181 0.0567058 0.156031 0.0490815
internal_weight=22772.5 14754.8 8017.77 5012.41 9742.35 6261.61 3369.23 5705.88 6186.77 4534.95 1042.5 3480.73 555.734 2441.75 1643.19 1830.99 3424.95 2160.2 5396.01 3396.68 335.868 5257.64 3492.45 281.558 144.873 4834.54 463.374 444.433 28.2721 1645.22
internal_count=313151 161057 152094 38116 122941 84234 28712 75635 122360 87828 21196 38707 8599 20380 9404 29734 37933 18413 72100 37713 4196 70416 66632 1967 800 64478 3018 2890 220 14147
cat_boundaries=0 11 12 13
cat_threshold=0 2147483904 0 4194304 32 0 1 0 4096 0 4194304 1 24
is_linear=0
shrinkage=0.1


Tree=7
num_leaves=31
num_cat=16
split_feature=18 18 18 3 13 27 22 23 3 3 30 30 3 13 3 13 6 3 29 3 17 25 3 20 3 30 3 13 22 2
split_gain=3872.26 925.135 226.775 208.132 159.906 158.665 142.457 109.369 107.04 87.3018 80.5151 73.3574 92.0337 78.7544 74.4342 64.3046 59.8608 87.0231 78.6003 57.7453 58.8049 56.9061 56.5006 60.356 56.5005 56.1622 54.6657 52.619 52.0935 49.8726
threshold=0.063527129590511336 0.16004186868667605 0.022192042320966724 0 1 -1.0000000180025095e-35 0.10532344505190851 8.5000000000000018 2 3 4227.5000000000009 4005.5000000000005 4 5 6 7 8 9 0.12997944653034213 10 32.149999618530281 11.500000000000002 11 3.5000000000000004 12 4170.5000000000009 13 14 0.67179489135742199 15
decision_type=2 2 2 9 9 2 2 2 9 9 2 2 9 9 9 9 9 9 2 9 10 2 9 2 9 2 9 9 2 9
left_child=2 4 -1 25 22 8 -7 9 27 -4 -5 12 -10 -14 -13 -11 29 18 -18 20 -8 -19 -2 -24 -9 -3 -17 -6 -22 -15
right_child=1 3 7 10 5 6 19 24 11 15 -12 14 13 16 -16 26 17 21 -20 -21 28 -23 23 -25 -26 -27 -28 -29 -30 -31
leaf_value=-0.080184085238591524 -0.011076570419557718 0.10683122858975297 0.025346008502573208 0.06115868698040644 -0.015726307313885707 -0.051852406300921666 0.01916881640196906 0.095706849734104024 -0.049107463998451922 0.05431083472762608 0.029725761176159299 0.010142704820597516 -0.035576548113214236 0.073446305359569405 -0.024480384467147315 -0.068109462127346324 0.11335126557219287 0.0087496660169254104 0.033246996732531418 -0.013235667922675207 0.10327440922337841 0.26020838468509677 0.10248426508158846 0.25430396222917961 -0.086971930423171098 0.056398918481663021 -0.038180149117752075 0.038732431902516899 0.34498051216789571 0.011524204113101174
leaf_weight=2792.4620292969048 34.284746281802654 1146.2739835530519 196.78228975087404 2467.0997560024261 195.06123096495867 733.05909755080938 96.972316086292267 11.694752357900141 195.80479341372848 61.667033273726702 1216.8399120792747 1329.5312320068479 231.86968329921365 129.44340165704489 1149.5064863301814 791.42444780096412 258.06339295953512 471.79884039238095 233.17201906442642 192.10344003513455 59.928761668503284 9.1746481209993345 67.925448250025511 42.613510649651289 630.53789693489671 273.49984814226627 3520.006184976548 1883.3488124758005 10.475419998168944 2231.1803767792881
leaf_count=61788 412 5514 2895 18829 2144 11079 1222 154 2808 1029 10420 17172 2979 1424 15223 15523 2669 6060 2580 2632 706 111 716 430 13697 1460 64798 19357 61 27264
internal_value=-0.00125136 0.0292932 -0.0571887 0.0636672 0.0109333 0.00925258 -0.0265657 -0.0448685 0.0139683 -0.0394381 0.0506386 0.00737314 0.0161886 0.0198573 -0.00596953 -0.0423145 0.0238088 0.0447635 0.0738258 0.0249994 0.0657458 0.0132704 0.111789 0.147654 -0.0835094 0.0964369 -0.043819 0.0335706 0.139238 0.0152796
internal_weight=22663.6 14659 8004.57 5103.71 9555.32 9410.49 1092.54 5212.11 8317.95 4569.88 3683.94 6239.54 3760.51 3564.7 2479.04 4373.1 3332.83 972.209 491.235 359.48 167.376 480.973 144.824 110.539 642.233 1419.77 4311.43 2078.41 70.4042 2360.62
internal_count=313156 153272 159884 36223 117049 115491 15700 98096 99791 84245 29249 78290 45895 43087 32395 81350 40108 11420 5249 4621 1989 6171 1558 1146 13851 6974 80321 21501 767 28688
cat_boundaries=0 21 113 137 159 183 273 291 382 383 396 410 428 438 462 551 560
cat_threshold=0 0 8 0 0 0 0 0 1024 0 0 0 2149597184 0 0 0 0 540672 536875136 131074 1310720 0 0 0 0 524288 0 0 8 0 4 2147483648 0 0 0 0 128 0 0 0 2147483664 2147483648 0 0 0 0 0 69632 0 0 0 8192 0 131072 0 0 0 4 0 0 0 0 128 0 0 32768 0 16781312 0 0 0 0 16777216 0 0 0 256 0 0 0 0 0 0 2 0 0 4096 0 0 134217728 0 0 0 0 0 536870912 0 0 131072 32 0 0 0 0 0 67108864 0 0 0 0 0 64 1 0 1073741832 263168 0 0 0 8192 0 16777216 0 0 276824576 4329546 1081345 0 0 274432 203423744 24576 65536 8320 256 0 2097152 8388608 16 268435458 129 0 2415923264 33818644 0 32768 0 8192 16385 524288 1296 0 1073750016 2147483664 4608 65544 0 0 1024 9437184 1048576 0 262785 0 2182627360 2068 0 0 0 0 1 524288 16 0 1073750016 2147483664 6656 135331848 0 4 0 0 524288 0 0 0 0 16 512 0 8388608 0 0 2 0 65536 524288 0 0 1048576 128 0 0 0 0 0 0 0 64 0 4 0 0 2048 0 2052 0 0 0 2097152 0 0 268435456 0 0 0 1048832 0 0 0 16640 0 0 0 1024 16777216 0 0 0 0 0 0 0 33554432 0 0 8 0 16386 0 0 0 8 0 0 0 0 0 0 0 0 1024 0 16777216 0 0 0 0 0 268435456 4096 1048576 2097152 8404992 268435456 0 512 0 0 1048576 8 32768 0 24576 1259339784 269027488 4 0 0 0 2147483648 0 0 0 0 524288 512 0 0 0 0 0 0 0 0 0 0 16 0 0 0 0 1048576 0 4 16 0 4096 1073742848 0 0 8192 0 4 0 0 0 0 0 0 0 0 0 0 33554432 8388608 262144 0 16 0 0 0 134217728 0 0 0 0 0 8192 0 0 262144 8192 16 0 0 0 1073741824 0 64 0 0 0 0 0 0 0 0 0 0 0 0 0 0 0 32768 0 16777216 0 65536 2097152 512 1 0 270794752 0 0 0 256 0 0 0 0 131072 0 16 0 268697600 1024 262144 0 0 0 0 0 0 131072 26214400 131210 4 268435456 0 0 512 0 0 0 0 0 0 0 1125122056 65704 0 0 0 0 83886080 1048576 0 4194304 0 0 0 0 0 0 262144 16777216 8519680 0 0 285212672 0 65536 33554432 2684354560 287464066 4096 0 0 0 0 0 0 0 2 0 0 1073741824 2691170334 4096 0 0 0 0 80 0 0 0 0 16842752 67108866 0 0 0 0 16777216 0 0 0 268435456 0 0 0 0 0 0 0 0 0 0 0 0 4 2097152 0 0 0 0 0 0 0 4 0 1048576 0 0 0 17 0 0 0 0 0 268435456 0 32 0 0 1024 0 0 0 0 8 0 0 0 0 0 0 134217729 32768 0 0 1073742336 0 4 0 256 8 16779264 4096 4 0 0 0 0 0 1048576 0 2147483648 0 4194304 32 0 0 512 4096
is_linear=0
shrinkage=0.1


Tree=8
num_leaves=31
num_cat=14
split_feature=18 18 18 3 13 27 27 27 3 3 27 13 13 3 13 13 3 5 20 13 28 22 14 3 3 29 29 27 27 20
split_gain=3195.19 633.493 227.337 223.796 106.125 99.6979 125.292 95.0665 102.578 88.8703 83.4077 78.9367 67.828 62.0876 58.1174 57.9901 53.5501 66.3036 52.8921 44.3036 42.3437 42.288 41.2237 46.2478 39.5394 39.1791 35.4976 34.1707 93.4608 33.5555
threshold=0.063527129590511336 0.14109200239181521 0.021580796688795093 0 1 -1.0000000180025095e-35 0.2137710973620415 -1.0000000180025095e-35 2 3 0.15535445511341098 4 5 6 7 8 9 10 -1.0000000180025095e-35 11 0.018454174511134628 0.055592346936464317 8.5000000000000018 12 13 0.28009891510009771 0.07011475041508676 -1.0000000180025095e-35 0.068796485662460341 29.500000000000004
decision_type=2 2 2 9 9 2 2 2 9 9 2 9 9 9 9 9 9 9 2 9 2 2 2 9 9 2 2 2 2 2
left_child=2 4 -1 25 -2 9 21 8 -4 -6 24 -5 -11 18 -10 -13 20 29 -14 -15 -16 -7 -21 26 -9 -3 -24 -17 -29 -18
right_child=1 3 7 11 5 6 -8 10 14 12 -12 15 13 19 16 27 17 -19 -20 22 -22 -23 23 -25 -26 -27 -28 28 -30 -31
leaf_value=-0.079631428554403777 0.087845051630688176 0.11661145563519104 0.020453173127091644 -0.010397358964205941 -0.037774356584715986 -0.05520309040661902 0.062377339628453023 0.029822115270892038 0.06912174780266836 -0.053013784805339609 0.057987542255525874 0.099564834172525055 -0.00015789094324197362 -0.027058481297183926 0.20183688434270441 0.04254171441301504 -0.044157478669173772 0.13805100894059771 0.04544435501648858 0.017930652586350449 -0.015379965445397352 -0.0096733680461706731 0.13315610676847281 -0.0061880952502388273 -0.079695123040187138 0.076152812206193896 0.023244598296984477 -0.031777676001036495 0.080092561518522176 -0.079655636326773915
leaf_weight=2375.5438577085733 153.70288982987404 298.92517904192209 300.5345462821424 304.83105632290244 353.79809794574976 527.36536580324173 146.7654507085681 34.486390892416239 40.936295032501221 143.27026164159179 48.588931705802679 170.26232383400202 340.53546515107155 301.0299373716116 9.1272398047149164 3970.60082115978 3030.4687834195793 10.702798418700693 1004.86126152426 3594.6766278780997 535.65611597150564 332.6922072134912 41.361005194485188 1541.2203811891377 929.25826507434249 1200.9361343979836 101.47537229582667 206.22434543073177 117.07547567039728 291.94079994782805
leaf_count=56752 1661 1534 4621 2473 5317 8516 1373 638 686 1925 712 1289 3782 3922 96 31151 60308 92 11282 44005 9009 5074 573 18940 20901 5614 1280 2028 860 6187
internal_value=-0.001275 0.0257199 -0.053977 0.0498858 0.00806906 0.00650242 -0.0230186 -0.0423282 -0.0357254 0.0105157 -0.0698486 0.039007 0.0129679 0.0144074 -0.0399839 0.0423962 -0.0413104 -0.046129 0.0336518 0.00971526 -0.0115291 -0.037591 0.0118596 -0.00102899 -0.0762937 0.0836585 0.0514683 0.0399033 0.00873352 -0.0471348
internal_weight=22458.9 14851.6 7607.24 6268.86 8582.75 8429.05 1006.82 5231.7 4219.37 7422.23 1012.33 4768.99 7068.43 6925.16 3918.83 4464.16 3877.9 3333.11 1345.4 5579.76 544.783 860.058 5278.73 1684.06 963.745 1499.86 142.836 4293.9 323.3 3322.41
internal_count=312601 152599 160002 44949 107650 105989 14963 103250 80999 91026 22251 37801 85709 83784 76378 35328 75692 66587 15064 68720 9105 13590 64798 20793 21539 7148 1853 34039 2888 66495
cat_boundaries=0 20 112 134 158 249 338 362 451 528 552 553 644 665 688
cat_threshold=0 0 8 0 0 0 0 0 5120 0 0 2147483648 2147500032 0 0 0 2 802816 557846656 131074 0 0 0 0 524288 0 0 0 0 4 0 0 0 0 0 128 16 0 0 0 33554432 0 0 0 0 0 69632 0 0 1073743872 8192 0 131072 0 0 0 0 0 0 0 0 128 0 0 32768 536870912 0 16 0 0 0 16777216 0 0 16384 256 0 0 0 16777216 0 0 18 0 0 0 0 0 134217728 2048 0 0 0 0 536870912 0 0 134217728 0 0 4096 0 0 0 0 0 0 0 0 1073741824 64 1 8388608 16 268435586 129 0 2450014208 33556484 0 33587200 0 8192 16385 524544 1024 0 1073750016 2147483648 4608 65544 0 0 1024 524288 537919488 268435586 262273 0 2458406912 264208 0 0 0 0 1 524288 8208 0 1073750016 2147483664 4608 65544 0 0 0 0 524288 256 262144 0 0 0 0 0 0 0 16908288 0 0 65664 0 0 0 0 0 0 268435968 0 0 0 4 2048 0 0 1024 0 2048 8192 0 131072 0 0 0 0 0 0 0 0 0 0 1074790400 0 0 0 1 0 0 0 1024 0 0 16384 32 0 0 1024 268435456 0 0 4 0 8192 0 0 0 0 0 0 0 0 0 4 0 0 0 1536 0 64 0 0 0 0 0 0 0 0 0 81 0 0 0 0 80 131072 0 8388608 0 0 0 0 0 0 0 524288 0 0 0 0 0 0 0 0 536870912 0 0 0 0 0 2048 0 4 0 0 0 192 0 0 0 524352 0 0 0 0 262144 16 0 0 32 0 1024 16777216 0 0 0 0 262272 0 32 0 0 4194304 0 0 0 0 0 33554432 536870912 134217728 0 16777216 0 1073741824 0 0 0 0 0 16777216 4128 0 0 0 0 268435456 4096 1048576 8388608 1073741824 25427968 512 0 0 0 0 16777216 0 0 142606400 4325458 1572864 0 0 134217728 201326592 24576 536871040 16867584 256 0 2097152 0 0 0 0 0 512 0 0 0 0 67108864 0 1024 0 0 128 16 0 0 0 0 0 0 0 67108880 0 69632 0 0 0 0 0 0 0 0 0 0 0 0 0 0 536871040 0 302252032 8388608 262144 0 256 0 0 0 1024 0 0 0 258 0 0 0 8192 262144 8192 16 0 0 0 1073741824 0 0 0 131072 0 0 0 0 0 0 0 0 0 0 0 0 0 268468224 0 0 0 65536 0 0 0 0 524288 0 0 0 0 536870912 0 0 0 0 0 16777216 0 0 0 0 0 0 0 0 0 64 0 0 0 1073741824 0 0 0 0 0 0 0 0 0 0 0 0 0 268435456 32768 0 0 0 0 0 0 0 0 0 0 0 0 0 0 0 0 0 0 0 0 2 0 67108864 134217728 128 0 0 0 0 0 0 4 1048576 0 2147483904 0 128 4160 17039490 1024 1077936128 0 0 0 32768 4368 0 16777217 16 0 134217728 0 4 0 0 8192 58 0 0 0 1024 0 512 0 0 0 16842752 0 0 65536 0 0 0 4 0 0 512 0 0 0 0 2048 64 0 0 0 0 0 0 0 0 0 0 2097156 0 528384 268435456 0 0 0 1073741824 0 0 0 16640 0 0 0 134217728 0 0 0 0 0 8192 0 0 0 0 0 0 0 16386 0 0 0 8 0 0 0 0 0 64 8388608 0 1024 0 2048 0 0 0 0 8 0 8192 32 0 16 268439556 16809986 0 0 0 8192 0 524424 0 0 33579264 16779264 262144 512 0 524288 131136 8192 0 0 142606336 0 0 4194816 0 0 134221824 4227232 65536 4194304 0 2048 0 0 0 0 2147483648 0 0 0 0 0 1090520064 268435456
is_linear=0
shrinkage=0.1


Tree=9
num_leaves=31
num_cat=5
split_feature=18 18 18 30 23 18 13 27 27 13 28 30 13 29 27 13 13 27 23 25 27 24 27 30 25 25 23 26 23 30
split_gain=2657.59 506.138 213.01 142.768 104.641 98.2663 79.5749 90.7045 101.898 73.5858 63.3216 62.7344 57.9615 49.9582 48.2946 46.6135 43.4475 42.9969 39.9645 38.6919 36.5766 54.6977 35.9501 35.5549 32.6582 44.2794 33.2979 41.6746 36.3227 48.8517
threshold=0.063527129590511336 0.14109200239181521 0.021580796688795093 4186.5000000000009 14.500000000000002 0.39748507738113409 0 -1.0000000180025095e-35 0.077935222536325469 1 0.1721809655427933 4005.5000000000005 2 0.0063167624175548562 0.58506491780281078 3 4 -1.0000000180025095e-35 4.5000000000000009 17.500000000000004 -1.0000000180025095e-35 4.5000000000000009 0.76630434393882763 1892.5000000000002 1.5000000000000002 28.500000000000004 1.0000000180025095e-35 1.0000000180025095e-35 4.5000000000000009 4418.5000000000009
decision_type=2 2 2 2 2 2 9 2 2 9 2 2 9 2 2 9 9 2 2 2 2 2 2 2 2 2 2 2 2 2
left_child=2 6 -1 5 9 12 -2 11 -9 -4 -5 15 18 -11 17 -8 -14 19 -3 -15 23 -22 -12 -18 -13 26 -26 28 -28 -30
right_child=1 3 4 10 -6 -7 7 8 -10 13 22 24 16 14 -16 -17 20 -19 -20 -21 21 -23 -24 -25 25 -27 27 -29 29 -31
leaf_value=-0.076822548410288238 0.07125073508655734 0.082447774621023318 0.058465398456202924 0.0004726025468235074 -0.083382795576093696 0.080094774816625636 -0.049512572324225353 -0.039682634716670086 0.038362316530550618 0.22996529715107222 0.033604785298262406 -0.0065796117173568328 -0.029790027687179657 -0.031120259080863584 0.14228691964015899 0.018169652375594446 0.064538525739213995 -0.063598731860192159 0.22144342477864876 -0.07000538706263075 -0.013990990876545603 0.12346539675452894 0.12922935567847102 0.03974287419103964 0.011239618575541789 -0.067339664244642314 0.14381641460530714 -0.0011963920965104968 -0.081840986567255483 0.20813075745645057
leaf_weight=2210.1991310976446 178.17051584646106 239.69227179139853 75.926978833973408 853.24665309488773 492.28682750090957 1057.6064237207174 95.415593959391117 779.58457825705409 213.00085776299238 7.0216687247157088 966.53170923143625 2506.1455805599689 80.487116508185863 3618.2724574767053 14.977236118167637 4418.1929075010121 788.09821674227715 555.98093995824456 22.639600999653339 275.3637224175036 203.65371476858854 33.746415473520756 40.982300743460655 2172.2654057964683 269.89266714826226 49.6470663882792 73.722620245069265 54.368009265512228 18.663462013006214 8.4360006749629957
leaf_count=56810 1789 1700 1201 7701 12598 4629 1275 12778 2280 94 6828 31835 615 71378 168 52078 5298 12244 147 5671 1734 231 209 16041 3365 636 927 690 266 100
internal_value=-0.00116122 0.0227006 -0.0509391 0.0438895 -0.039588 0.0533472 0.00690673 0.00546556 -0.0229348 -0.0348471 0.0205182 0.00923425 0.0453575 -0.0364807 -0.0369814 0.0166694 0.0413035 -0.0375849 0.0909753 -0.0338703 0.0431802 0.00554843 0.0374945 0.0463439 -0.00202402 0.0220254 0.0324627 0.0693719 0.107426 0.00842655
internal_weight=22374.2 15124.2 7250.03 6458.95 5039.83 4598.19 8665.24 8487.07 992.585 4547.54 1860.76 7494.48 3540.58 4471.62 4464.59 4513.61 3278.25 4449.62 262.332 3893.64 3197.76 237.4 1007.51 2960.36 2980.88 474.73 425.083 155.19 100.822 27.0995
internal_count=313316 153152 160164 45133 103354 30395 108019 106230 15058 90756 14738 91172 25766 89555 89461 53353 23919 89293 1847 77049 23304 1965 7037 21339 37819 5984 5348 1983 1293 366
cat_boundaries=0 91 180 270 359 450
cat_threshold=0 0 0 0 524288 2097152 0 0 0 0 32768 0 0 0 0 128 0 0 0 0 0 0 0 0 0 0 65536 0 0 0 8192 0 131072 0 0 0 0 0 0 0 0 128 0 0 32768 0 4096 16 0 524288 16384 16777216 0 0 16384 288 0 0 1088 0 0 0 2 0 0 4096 0 0 134217728 0 0 0 0 0 536871424 0 0 134217728 0 0 4096 128 0 0 67108864 0 0 0 0 0 64 0 0 0 16777216 524288 0 134217728 0 0 0 0 0 0 0 0 0 16 0 0 0 0 1048576 0 0 16 0 0 1024 0 0 8192 0 0 0 0 0 0 0 524290 0 0 0 0 268697600 8388608 262144 0 272 0 0 0 1024 16777216 0 0 258 0 8192 0 67108864 0 8192 16 0 0 16384 65536 0 0 0 0 0 0 0 0 0 0 131072 0 0 0 0 0 4 32768 0 0 4096 67174400 0 0 0 0 524288 0 0 0 0 536870912 2097154 0 0 0 0 16777216 1048576 0 0 16 0 0 0 0 536870912 64 0 0 0 1073741824 2048 0 0 0 0 0 0 0 0 0 0 0 0 256 32768 0 0 268435712 0 128 0 0 0 0 0 256 4194304 0 0 0 0 0 16 0 0 2 0 0 33554432 128 1 0 0 0 1073741824 0 4 0 0 8 2048 0 0 0 0 0 0 8192 0 1024 0 0 0 0 0 0 0 8388608 0 16777216 2 0 0 524288 4 0 0 0 0 1073741824 0 0 0 0 536870912 0 0 0 0 0 0 0 2052 0 0 0 64 0 0 268435456 0 0 0 67108864 0 262144 0 16384 0 0 0 1024 0 0 0 0 0 0 0 0 33554432 2097152 0 65536 0 16386 0 0 0 0 0 0 524288 0 1073741824 0 0 0 1024 0 16777216 4128 0 0 0 0 268435456 0 1048576 0 0 0 0 0 0 0 0 0 16842752 2147483648 0 0 0 0 524288 0 0 0 268435456 0 0 0 0 2048 0 0 1028 0 2048 8192 0 0 0 0 0 0 0 0 0 0 0 0 1048576 0 0 0 1 0 0 0 1024 0 268435456 0 0 0 0 1024 0 0 0 0 0 0 0 0 0 0 0 0 32768 0 0 0 0 0 0 32 65536 0 0 0 0 0 0 0 0 1048576 0 17
is_linear=0
shrinkage=0.1


Tree=10
num_leaves=31
num_cat=11
split_feature=18 18 30 18 3 23 3 3 3 1 5 3 27 29 28 29 27 27 27 3 3 22 27 3 29 14 26 23 3 27
split_gain=2207.46 444.334 139.24 135.964 119.848 98.4097 73.6149 87.1517 61.603 75.3734 52.3429 47.641 47.1441 46.2413 45.3175 104.026 43.8818 43.8632 83.156 52.9943 43.53 47.1122 38.4227 50.3305 103.577 86.9428 35.7297 77.2597 42.3684 35.7809
threshold=0.052798304706811912 0.11123976856470109 4206.5000000000009 0.021580796688795093 0 17.500000000000004 1 2 3 4 5 6 0.84693878889083873 0.22554164379835132 0.11157525703310968 0.12997944653034213 0.2137710973620415 -1.0000000180025095e-35 0.14389234036207202 7 8 0.14330357313156131 -1.0000000180025095e-35 9 0.024255153723061088 10.500000000000002 9.5000000000000018 1.0000000180025095e-35 10 0.98484849929809581
decision_type=2 2 2 2 9 2 9 9 9 9 9 9 2 2 2 2 2 2 2 9 9 2 2 9 2 2 2 2 9 2
left_child=3 6 4 -1 -3 10 -2 12 -6 13 11 -5 14 -10 -8 -16 22 19 -19 -9 -4 -22 23 24 25 -13 29 28 -28 -11
right_child=1 2 20 5 8 -7 7 17 9 26 -12 16 -14 -15 15 -17 -18 18 -20 -21 21 -23 -24 -25 -26 -27 27 -29 -30 -31
leaf_value=-0.073878064160352794 0.067103588885580781 0.075531660563538175 -0.01639511184509005 0.050709209599628248 -0.0046281537535406174 -0.090471049825129379 0.0034024110374843899 -0.052790253865061691 0.12670925549562184 0.038937952163904048 0.12027254920624662 0.040138637379614955 0.11826751453696714 0.04288011897142939 0.049586401882859961 -0.0057223552632318167 0.077037714130318846 -0.048894466688398586 0.05603899560060658 -0.0014841902256996626 0.015451691265844872 0.078658567517074188 -0.067693672849559391 -0.044409788713008935 -0.019524576962532503 0.58207504975788371 -0.023649036384940796 -0.037282596418292312 0.074660603536938194 0.15278880437095252
leaf_weight=2056.5434431061149 164.37228679284453 1011.5920107364655 394.19420854002237 53.379406943917274 335.45522603392601 382.39160561934114 2677.9376356936991 202.70772907882929 168.66180412471294 3313.2230603396893 12.157049700617788 6.8070648610591871 41.388722270727158 107.8975196108222 786.72505772486329 598.95182354003191 32.037313163280487 507.76583331823349 88.715422302484512 3798.7134491428733 1413.8011114373803 128.65572499483824 453.49513835832477 2213.2885095775127 835.13358397781849 5.2384424842894077 58.856239907443523 193.4045782610774 154.75606378167868 27.836364336311817
leaf_count=56727 1773 4904 3847 953 3182 10910 33756 3269 1199 23742 96 135 266 597 7404 6404 420 9483 906 51868 11037 768 11080 47928 17060 113 478 1604 1021 138
internal_value=-0.00145869 0.0178156 0.0360718 -0.0529876 0.0443597 -0.0422307 0.00276902 0.00147513 0.0368697 0.0403314 -0.0371229 -0.0378835 0.012051 0.0907235 0.0109988 0.0256795 -0.0393559 -0.00797264 -0.0332876 -0.00421894 0.0130838 0.0205903 -0.0405291 -0.0365039 -0.0151465 0.27582 0.0363816 0.00850525 0.0499616 0.0398865
internal_weight=22226.1 16175.6 7308.33 6050.47 5371.68 3993.93 8867.28 8702.91 4360.09 4024.64 3611.54 3599.38 4105 276.559 4063.61 1385.68 3546 4597.9 596.481 4001.42 1936.65 1542.46 3513.96 3060.47 847.179 12.0455 3748.08 407.017 213.612 3341.06
internal_count=313068 167646 52517 145422 36865 88695 115129 113356 31961 28779 77785 77689 47830 1796 47564 13808 76736 65526 10389 55137 15652 11805 76316 65236 17308 248 26983 3103 1499 23880
cat_boundaries=0 20 44 65 89 90 91 110 134 152 176 197
cat_threshold=1073741824 0 8 0 0 0 0 0 0 0 0 4194304 2147483664 32768 0 0 0 524288 536875136 393218 0 1342177312 0 0 0 8192 8388608 1048576 0 0 0 134217792 8 524808 0 524288 262208 134225920 1056768 537919488 41963776 0 0 2097152 4096 17858560 17039360 512 0 0 1048576 524352 0 0 147456 33554432 268697730 2097156 0 0 169869312 2164264448 0 128 73728 0 268435456 16777216 0 0 8192 0 0 0 0 0 134217792 8192 1572872 0 524288 134488128 201327616 40960 537919616 58749312 0 0 2097152 8521736 58 0 0 2147483778 1 2147483776 2181563392 32916 1024 1073741824 0 0 0 0 256 0 16785409 16 0 65536 0 0 4194306 131073 2281701504 2201489408 4227216 1536 0 0 0 0 32768 0 0 553656321 0 4096 134283264 0 8 16777216 0 524288 0 0 1024 0 0 0 0 0 16777216 0 0 541065216 131096 0 0 0 0 524288 570425344 0 71317504 16 134217728 1629814784 54542346 512 0 33554432 0 0 32768 4096 1048576 0 0 536870912 0 0 0 0 0 8192 0 0 1024 0 0 0 8192 0 0 0 0 805306368 131072 0 0 0 0 0 0 0 268435456
is_linear=0
shrinkage=0.1


Tree=11
num_leaves=31
num_cat=15
split_feature=18 3 18 18 23 5 17 23 28 27 3 1 3 3 27 27 3 23 6 25 3 17 3 3 24 3 8 3 28 3
split_gain=1894.68 412.28 146.258 139.058 93.1469 71.7224 57.1482 56.7822 83.2925 68.2489 66.7327 54.4501 49.1889 43.7906 43.3091 69.0545 43.8251 69.9924 47.8423 43.0587 60.999 44.4219 36.1613 35.2999 36.9385 33.8705 33.6095 33.0505 32.2938 28.8482
threshold=0.052798304706811912 0 0.10105306655168535 0.021580796688795093 16.500000000000004 1 73.250000000000014 5.5000000000000009 0.018454174511134628 0.16807910054922107 2 3 4 5 -1.0000000180025095e-35 0.506756752729416 6 13.500000000000002 7 4.5000000000000009 8 33.45000076293946 9 10 2.5000000000000004 11 12 13 0.051360005512833602 14
decision_type=2 9 2 2 2 9 10 2 2 2 9 9 9 9 2 2 9 2 9 2 9 10 9 9 2 9 9 9 2 9
left_child=3 23 7 -1 5 6 12 10 -9 -10 -3 13 -5 -4 16 19 17 18 29 -16 21 -21 -14 24 -2 -12 -27 28 -20 -13
right_child=1 2 11 4 -6 -7 -8 8 9 -11 25 14 22 -15 15 -17 -18 -19 27 20 -22 -23 -24 -25 -26 26 -28 -29 -30 -31
leaf_value=-0.072333630963777304 0.036552921240997238 -0.041392884274705409 0.0067998681572611257 0.039848564313291979 -0.087873119418310677 0.14227066741500757 0.2042427831537082 0.23839888277322144 -0.062261369766600586 0.057229382930256416 0.049679486121787506 0.024624256399472896 -0.059772020634472511 0.087127451325944016 -0.048890017365041588 0.082616452914093738 0.024442436191441857 0.2800739518515909 0.18934246062000412 0.030240254459820193 -0.031390543360636111 0.17800407131847418 -0.032578205871960163 0.061985550864661523 0.15867127902767791 0.040855891443293255 -0.00066485436343083338 -0.019720948553008363 0.035540932788982259 -0.0078937673535888139
leaf_weight=1919.1832013614476 1406.0218975618482 360.91298005357385 116.76550294086337 77.857368037104607 358.91406238637865 13.632153071463106 9.9166911169886571 10.563101552426813 351.82524264231324 55.315192699432373 138.27455212175846 324.84940112382174 643.4843343757093 195.36744280904531 269.55673524737358 75.117866985499859 4367.2607106603682 9.4010502770543081 13.996024481952189 122.48894565179944 197.19884264841676 24.397538591176271 2736.3163118213415 1463.1678415164351 25.213679574429989 193.76029089465737 4508.5483780093491 113.63560882210732 555.49650721997023 1464.6043298058212
leaf_count=56688 8859 5951 917 1392 11130 100 172 92 6624 526 1555 3075 15284 1339 3604 457 36775 105 160 1299 2372 271 60553 6645 138 2585 61237 1148 5564 16566
internal_value=-0.00102474 0.0163368 0.00894863 -0.0503536 -0.0393687 -0.0343678 -0.0353706 -0.00336125 -0.0388343 -0.046027 -0.000512607 0.0177716 -0.0361601 0.0582217 0.0159981 -0.00788343 0.018423 0.00770187 0.00669742 -0.0189618 0.00448399 0.0512916 -0.0379167 0.050513 0.0384357 0.00261553 0.00112909 0.0292108 0.0386423 -0.0018971
internal_weight=22123 16363.7 13469.3 5759.3 3840.12 3481.21 3467.57 5619.2 417.704 407.14 5201.5 7850.14 3457.66 312.133 7538 688.76 6849.24 2481.98 2472.58 613.642 344.085 146.886 3379.8 2894.4 1431.24 4840.58 4702.31 683.128 569.493 1789.45
internal_count=313183 167864 152222 145319 88631 77501 77401 78570 7242 7150 71328 73652 77229 2256 71396 8003 63393 26618 26513 7546 3942 1570 75837 15642 8997 65377 63822 6872 5724 19641
cat_boundaries=0 21 22 46 47 71 92 114 115 132 155 176 198 199 219 239
cat_threshold=1073742848 0 1048584 0 0 0 0 16384 16782336 0 0 2147483648 2147500036 32768 0 0 8192 34357248 557846912 131074 269877264 58 1048576 1048576 2151678082 262145 2281701376 2183726144 4227088 1536 0 0 0 0 1048576 256 0 16777217 0 536870912 65544 0 8 16777216 0 8192 8390664 0 0 2147483778 1 128 2166883328 150 1024 1073741824 0 0 0 0 256 0 16785409 16 536870912 65536 0 0 16777216 0 8192 0 0 0 0 0 0 0 0 0 0 0 576 0 524288 0 0 0 0 32768 1 28800 0 268435456 16777216 0 0 8192 9437184 1572864 0 0 147456 209715200 67240000 520 0 524288 64 151004160 1122304 1114112 176160768 256 1 0 268435456 0 0 0 0 0 1048576 0 0 1024 268435456 139338 0 0 8388608 2 64 655360 0 0 285212672 0 65536 33816576 2147483648 1881307139 36864 0 0 0 0 0 0 0 2 0 0 1073741824 2959081498 1024 0 1048576 0 0 0 0 16384 4096 0 0 0 16388 32768 0 0 8192 0 4194560 0 268828672 0 0 262144 0 0 8192 9437184 524288 0 0 0 0 67108992 0 0 0 0 16778240 8192 1048576 8392704 256 3 0 268435456 0 0 0 0 0 0 0 0 131072 67108864 0 0 0 0 0 134218752 0 1048576 0 0 0 0 0 0 0 1048576 0 0 0 209715200 131136 8 0 524288 0 0 0 65536
is_linear=0
shrinkage=0.1


Tree=12
num_leaves=31
num_cat=13
split_feature=18 3 18 28 3 23 3 30 3 3 3 3 3 5 30 29 29 3 14 29 29 3 30 3 30 28 30 14 9 23
split_gain=1619.51 311.202 130.396 99.7775 87.5611 79.6415 70.7433 59.1238 73.8512 67.6352 56.1622 51.9042 68.5228 84.7799 85.1919 49.5784 46.6912 77.4018 69.2527 60.7863 72.6253 56.2062 46.0418 45.9114 42.5274 58.2055 40.5872 39.3581 38.3471 47.1405
threshold=0.046979362145066268 0 0.020170049741864208 0.11157525703310968 1 19.500000000000004 2 4111.5000000000009 3 4 5 6 7 8 3800.5000000000005 0.0073642774950712928 0.12997944653034213 9 4.5000000000000009 0.097990967333316817 0.1026592254638672 10 4227.5000000000009 11 3934.5000000000005 0.11157525703310968 3950.5000000000005 1.5000000000000002 12 7.5000000000000009
decision_type=2 9 2 2 9 2 9 2 9 9 9 9 9 9 2 2 2 9 2 2 2 9 2 9 2 2 2 2 9 2
left_child=2 22 -1 4 -3 11 -5 9 -9 -6 -11 -4 13 14 -13 -12 17 18 19 -8 -21 -18 23 24 -2 -26 -25 -22 29 -17
right_child=1 3 5 6 7 -7 16 8 -10 10 15 12 -14 -15 -16 28 21 -19 -20 20 27 -23 -24 26 25 -27 -28 -29 -30 -31
leaf_value=-0.073269301720130006 0.023020246270965904 0.046677386512706226 0.038319096986688395 -0.037524849708594654 -0.030905211603943113 -0.087075253480719386 0.034810739344128858 0.0071656604934300571 -0.025788281064956821 0.056631994629236772 0.25330153881519862 0.43946857235760278 -0.047782355706113014 -0.021055242714699371 0.019311015983246235 0.033914851749233213 -0.0081934093021416906 0.0067783040064740216 0.044502230424904685 0.35563109990499508 -0.025990301099357311 0.02099708273464998 0.021639466909528688 0.081042228064191479 0.17789809880957569 0.049738222325065931 0.03816631961361714 0.17401096229038893 0.0035241707359863414 0.19373767084993077
leaf_weight=1633.3760710973293 868.78754449635744 376.48729629069567 89.527059925720096 214.04295936599374 474.48209957405925 317.3883659131825 43.415194824337959 1087.881054610014 1799.8868931531906 219.89292549714446 8.0795746967196447 9.6972045041620749 2045.667908353731 1146.6057750284672 9.6066235378384572 112.66316471248865 846.84562849998474 549.38377583026886 667.89060688018799 18.465954646468163 12.967842638492582 2951.2676451168954 830.69141758978367 651.21712571382523 38.215666428208351 487.42002819478512 334.0261614471674 40.785774569958448 4062.5554919913411 22.070420179516077
leaf_count=51659 4976 3448 1773 2341 6635 10766 404 14288 26508 2577 71 117 50006 26102 211 1494 8339 5888 5766 165 103 22866 5404 2861 196 2772 1433 315 53506 179
internal_value=-0.00137492 0.0138414 -0.0498164 0.00716607 0.000217471 -0.0392299 0.0177927 -0.00208589 -0.0134383 0.00460066 0.00845837 -0.0346297 -0.0366684 -0.0169277 0.151759 0.00581106 0.0201342 0.0362761 0.0561559 0.128322 0.184537 0.0145223 0.0417786 0.0489843 0.0363435 0.0590559 0.0658378 0.125761 0.0053485 0.055943
internal_weight=21971.3 16719.4 5251.87 13509.1 8164 3618.49 5345.07 7787.51 2887.77 4899.74 4425.26 3301.1 3211.58 1165.91 19.3038 4205.37 5131.02 1332.91 783.525 115.635 72.2196 3798.11 3210.36 2379.67 1394.42 525.636 985.243 53.7536 4197.29 134.734
internal_count=313169 172535 140634 154893 108706 88975 46187 105258 40796 64462 57827 78209 76436 26430 328 55250 43846 12641 6753 987 583 31205 17642 12238 7944 2968 4294 418 55179 1673
cat_boundaries=0 24 45 66 84 106 119 141 164 165 187 208 232 233
cat_threshold=1073742848 0 1048584 0 0 0 0 16384 16782336 0 0 2684354560 2149597188 32768 0 0 0 34357248 553914816 393218 1310720 0 0 2097152 0 269484040 25165824 64 0 0 1048576 1048576 0 0 33555456 268435520 12864 1572872 0 8454144 33554498 67108864 16 536870912 151068800 268451840 0 276824064 0 134217728 1060864 33818624 512 0 0 33554432 1048640 67635744 8192 0 1073741824 262208 2348810240 8 1048576 142671872 1064960 0 262144 131584 0 2097152 0 524360 1107329024 0 8192 1259339784 2218 4100 0 0 0 2684354560 34603008 0 1073741952 17 128 2819163136 138473498 0 0 0 2048 1077936640 0 4096 0 16785409 0 0 16384 0 0 16777216 0 262144 1024 0 0 0 262144 0 0 0 0 0 2064 33554432 0 1073750146 17 2281701376 525312 138465304 1536 0 0 2099200 0 0 0 0 16777217 0 0 0 0 0 16777216 538968064 0 67109632 256 0 2886008832 16777250 4194336 2162688 294912 512 0 0 4096 403701760 0 4 0 0 0 0 4096 32768 130 528384 0 4194304 262144 0 0 8192 0 0 0 131072 272630272 4591618 516 0 0 2 8 0 0 4096 256 0 268435456 0 128 0 256 0 1048576 0 0 131328 268435976 262298 0 0 8388608 10 1024 0 1 16802176 1024 0 1048576 0 0 0 0 16384 1024 0 0 536870912 2113540 32768 0 0 0 33554432 262464 0 262144 0 0 2097152 1536
is_linear=0
shrinkage=0.1


Tree=13
num_leaves=31
num_cat=15
split_feature=29 3 3 3 28 3 3 20 21 22 3 3 30 30 3 20 22 22 3 20 3 29 3 5 3 30 3 26 3 20
split_gain=984.266 318.494 142.978 128.965 104.514 89.2598 84.9556 85.0189 70.6351 56.97 55.9874 55.6821 50.8295 47.2662 46.7317 44.3136 83.5358 40.7922 50.7847 42.0954 164.635 60.2384 40.8056 44.0848 37.9284 36.025 72.3003 45.9186 40.4613 33.4565
threshold=0.042027899995446212 0 1 2 0.10548605397343637 3 4 16.500000000000004 2.5000000000000004 0.033000033348798759 5 6 231.50000000000003 4254.5000000000009 7 9.5000000000000018 -1.0000000180025095e-35 0.24068965017795566 8 3.5000000000000004 9 0.13791266828775409 10 11 12 4111.5000000000009 13 11.500000000000002 14 -1.0000000180025095e-35
decision_type=2 9 9 9 2 9 9 2 2 2 9 9 2 2 9 2 2 2 9 2 9 2 9 9 9 2 9 2 9 2
left_child=3 13 -3 15 5 12 -5 8 -8 -9 -11 -6 -4 -2 -7 24 -17 19 -19 22 21 -21 -16 -24 -1 26 27 -25 -27 -13
right_child=1 2 4 6 11 14 7 9 -10 10 -12 29 -14 -15 17 16 -18 18 -20 20 -22 -23 23 25 -26 28 -28 -29 -30 -31
leaf_value=-0.035161146594762049 0.047093360342300834 -0.059174729043439039 0.18062723894411459 -0.086671057110367031 -0.030624135429825151 -0.048231582270771518 -0.034019292975429959 -0.082852496950322541 0.32101576446389291 0.05648037507926338 -0.054817986632517184 0.031325276359578234 0.035601632968032156 0.017432833176886282 -0.032553163520139733 0.331904344469868 0.011860095473815876 -0.026852954100517981 0.063824404900407 0.042417688296278656 -0.034285193855607098 0.2456086818784296 0.08976656621564047 0.033618306233660557 0.07561236960824104 -0.024886935027323687 -0.0034456380525230965 -0.040700241372543494 0.0048632899379649772 0.012867921373161806
leaf_weight=56.229976825416088 2178.8569107502699 346.64916749857366 25.955181270837784 491.94132633879781 251.28374933823943 230.35858642496169 2786.7257808949798 673.20847796835005 5.6150335520505896 57.778684556484222 131.49039741419256 1244.6148140579462 350.82357350736856 713.11263467371464 371.13713784888387 14.62093101069331 18.443037368357182 88.444921638816595 177.42104041203856 237.43687055259943 1264.9304884411395 15.54557519033551 45.752099081873894 1017.6410122066736 50.08789586648345 968.25026391819119 2418.6032081507146 90.533072050660849 857.81737278774381 4655.5055878795683
leaf_count=1009 10632 7554 211 17036 3120 3706 74392 22349 124 1632 3975 10008 3251 4436 6457 176 342 1151 1918 3654 21456 139 584 12515 874 13102 34024 1262 11685 40136
internal_value=-0.00111646 0.00937529 0.00337462 -0.0440775 0.00492988 -0.00248596 -0.0472023 -0.0416678 -0.0333054 -0.0692251 -0.0207538 0.014776 0.0444133 0.0396425 -0.004807 0.0487754 0.153384 -0.00342067 0.0350496 -0.00482883 -0.0196464 0.0528159 -0.000930578 0.00130127 0.0208306 0.000379157 0.00628295 0.0273004 -0.0110211 0.0167331
internal_weight=21836.8 17550.7 14658.7 4286.14 14312.1 8160.65 4146.76 3654.82 2792.34 862.478 189.269 6151.4 376.779 2891.97 7783.87 139.382 33.064 7553.51 265.866 7287.65 1517.91 252.982 5769.73 5398.6 106.318 5352.84 3526.78 1108.17 1826.07 5900.12
internal_count=312910 191001 175933 121909 168379 115115 119508 102472 74516 27956 5607 53264 3462 15068 111653 2401 518 107947 3069 104878 25249 3793 79629 73172 1883 72588 47801 13777 24787 50144
cat_boundaries=0 21 44 62 86 110 133 157 181 199 223 246 247 265 286 304
cat_threshold=1073741824 1073741824 1048584 0 0 0 0 16384 1024 0 0 0 2147500036 557056 0 1114112 8192 34357248 557863376 131074 1310736 173277184 41943040 67108864 0 1358954496 1048576 65536 262144 270532608 262272 268438016 0 0 8388608 0 0 0 671088896 2 0 8 16777216 565264 34603008 1048578 262400 512 0 34619648 16777344 1024 1073741824 262144 0 1073741824 557376 8836 0 1073741824 0 671090688 1024 285245472 25165824 64 0 8192 8388608 524288 16777216 0 1024 2952790080 1073875472 0 0 8388608 2097248 0 262144 1048576 134283264 0 0 2097152 0 0 0 0 1024 0 0 0 0 16 0 0 134217728 549453824 0 0 0 0 0 0 0 304881668 134219905 32778 23068672 42074112 4194432 0 1090519040 0 0 262272 0 4329760 2560 0 0 0 0 0 0 0 2 0 0 32768 5112848 540672 16777218 8388608 0 134217728 16384 33556480 0 0 0 33554496 1091567616 526369 1056904 0 1073741824 72 2147483648 8 0 151060480 1024 0 2097152 16777216 1048576 4202752 128 536870912 67373312 16801832 32 1610629120 0 16 4194304 0 256 0 0 0 268435456 1 0 4096 4 2147483652 8196 537411584 262144 268435456 262144 0 0 0 1048576 4194304 0 0 33554432 303529 0 0 0 0 67108864 2113536 10 0 512 0 687869952 4358144 1024 4194304 1073742336 163840 16777216 0 8324 0 0 0 16777728 32776 1 16793604 0 536870912 524288 2101248 65538 0 266240 1 956305408 4358144 1024 4194304 64 32768 2 134217728 4202496 268435456 1077936128 16 512 32768 0 0 0 8 418 1048576 1048576 0 0 0 256 16777216 0 0 262144 0 0 0 0 0 0 0 134217728 524288 2359296 1024 0 0 2147483648 0 1049088 41975808 0 33571072 243269632 4792618 1048576 0 512 0 0 0 536870912 41943168 16384 262144 268436608 16 0 0 262144 512 8388608 0 131328 16777216 557344 4 0 0 0 1073741824
is_linear=0
shrinkage=0.1


Tree=14
num_leaves=31
num_cat=19
split_feature=18 3 18 13 18 20 13 13 13 3 3 5 3 13 22 3 26 3 14 3 3 1 3 30 3 17 14 26 3 3
split_gain=1154.1 204.7 121.002 114.258 92.6425 64.6586 62.5779 61.7293 53.8756 61.6107 48.9885 48.9949 47.1082 46.596 44.5063 43.6614 43.2877 68.6514 38.999 85.9862 38.6593 40.0867 36.0906 35.5496 46.0066 34.1424 44.576 33.8754 55.8573 34.3413
threshold=0.046979362145066268 0 0.020170049741864208 1 0.10105306655168535 23.500000000000004 2 3 4 5 6 7 8 9 0.033000033348798759 10 1.5000000000000002 11 9.5000000000000018 12 13 14 15 4005.5000000000005 16 43.95000076293946 10.500000000000002 10.500000000000002 17 18
decision_type=2 9 2 9 2 2 9 9 9 9 9 9 9 9 2 9 2 9 2 9 9 9 9 2 9 10 2 2 9 9
left_child=2 23 -1 22 8 6 -4 -6 12 -10 -8 -12 -5 -11 -7 25 18 -18 20 -20 -9 -22 -3 24 -2 26 -16 29 -29 -15
right_child=1 3 5 4 7 14 10 16 9 13 11 -13 -14 27 15 -17 17 -19 19 -21 21 -23 -24 -25 -26 -27 -28 28 -30 -31
leaf_value=-0.067847534821134203 0.06864875837799031 -0.0054684724059802263 0.088894290858727229 0.014431326695193984 -0.062235650257317969 -0.080855825251339553 0.013023498256703762 -0.042264926847318612 -0.049622599368995407 0.063124837914927776 -0.034423535128526223 0.10450646051088369 -0.049862580587418361 -0.029183392224846134 0.0024352832811268543 -0.047623030313011641 -0.035223579158271047 0.013954166284042302 -0.019017275948681932 0.025825070136512047 0.065067373157250738 0.019997674314051715 0.10032146904374513 0.02273615901676854 0.031725176287029193 0.37204586324620753 0.31383418388773104 -0.040792667183765202 0.023634989274782608 0.0062737463463567473
leaf_weight=1445.6816391013563 667.30946295708418 46.901195835322142 36.97359225153923 155.48896395042539 98.621184527873993 415.79701521061361 253.02962940558791 88.204343814402819 230.64187153056264 112.4053719304502 2500.7047438211739 16.801380462944508 413.98776043206453 283.7033945992589 28.158054728060961 104.19595450349152 431.04076996445656 787.37462236359715 847.37007469311357 843.5481527261436 199.82481618225574 5400.7416137158871 168.93912772461772 788.83902396261692 816.33579380810261 3.732598189264535 5.4938009958714238 426.20956275612116 189.04521466046572 3942.5867605619133
leaf_count=51640 2821 458 734 2407 998 14407 5762 762 4057 1465 63599 103 6796 4616 818 3068 4606 7017 8559 6782 1372 47208 1437 3966 4211 71 147 6659 2713 53764
internal_value=-0.000425609 0.0118501 -0.0436513 0.0075006 0.00639268 -0.0332557 -0.0270792 0.0129099 -0.0034464 -0.000207506 -0.0288437 -0.0330865 -0.0323618 0.00218845 -0.0643667 -0.0159411 0.0138282 -0.00361809 0.0167273 0.00339348 0.0206907 0.0217188 0.0781095 0.0397143 0.0490091 0.0671404 0.0532724 0.000646504 -0.0212753 0.00383936
internal_weight=21749.7 16939.1 4810.57 14666.6 14450.8 3364.89 2807.51 8696.73 5754.07 5184.59 2770.54 2517.51 569.477 4953.95 557.377 141.58 8598.1 1218.42 7379.69 1690.92 5688.77 5600.57 215.84 2272.48 1483.65 37.3845 33.6519 4841.54 615.255 4226.29
internal_count=313023 172674 140349 161676 159781 88709 70198 77304 82477 73274 69464 63702 9203 69217 18511 4104 76306 11623 64683 15341 49342 48580 1895 10998 7032 1036 965 67752 9372 58380
cat_boundaries=0 21 110 200 291 382 404 428 429 451 543 566 588 609 631 632 652 673 694 713
cat_threshold=1073742848 1073741824 1048584 0 0 0 0 16384 5120 0 0 0 2151694848 557056 0 0 4096 34357248 553914752 393218 269746192 0 0 0 0 524288 0 0 65544 0 0 32768 0 0 0 9 128 1048592 0 0 0 0 0 0 0 0 0 4096 0 0 1073741824 0 0 0 0 0 0 4 16777216 536870914 0 0 128 0 33554432 32768 0 0 0 0 0 0 16777216 0 64 0 0 0 0 0 83886080 0 32768 2 0 0 0 0 0 134217792 128 0 0 0 0 0 0 0 134217728 0 0 0 0 0 0 32768 0 0 0 65536 0 0 0 0 0 0 134217728 0 0 0 0 0 0 0 0 0 16 0 0 0 0 0 0 4 16 0 4096 1024 0 0 8192 0 0 0 0 0 0 0 536870912 0 0 0 0 33554688 8388608 262144 0 256 0 0 16384 0 0 0 0 256 0 128 64 16777216 33554432 8192 0 0 0 0 1073741824 0 0 0 131072 0 0 0 0 0 0 0 0 8 0 0 0 0 0 0 0 0 67436544 1073742848 0 0 8388608 0 268435520 2 0 0 0 32 0 0 0 0 0 0 0 0 0 268435456 0 0 0 0 0 0 0 4 0 2048 8192 0 131072 0 0 0 192 0 0 0 0 0 0 1073741824 0 0 0 1 0 0 0 1024 0 268435456 0 0 8 0 0 268435456 0 0 0 8 0 0 8 0 0 0 134217728 0 524288 0 0 0 0 0 0 0 2112 0 0 0 0 0 0 0 0 0 512 0 0 0 1024 64 0 0 0 0 65536 0 0 65536 0 0 16777216 0 0 0 0 0 131072 0 0 536872976 64 0 0 0 0 2048 0 4 0 0 0 0 0 0 0 0 0 0 0 0 0 0 256 0 128 0 0 16777216 0 0 0 0 128 0 32 33554432 0 4 8 0 2 0 67108864 0 8 0 0 0 4194304 0 0 4 0 1024 0 2048 0 0 0 0 0 0 0 1048576 1073742848 16 0 536870930 1073741952 145 2147483648 956367872 4505610 1024 0 0 2048 0 0 4096 0 16785409 0 6152 0 0 0 16778240 33554432 0 1073750400 17 2281701376 2152268800 138465304 1536 2097152 0 2099200 0 0 4096 0 16777217 0 0 0 0 0 16777216 32768 4096 58 8933376 32770 2147745920 262272 0 536870912 262272 1664 33554432 0 0 16777224 384 8196 0 0 1 512 0 0 0 256 0 0 0 2 0 2097152 0 0 0 536870944 2 0 0 0 0 0 0 128 0 0 2147483648 0 0 0 0 0 65536 1024 0 2048 8192 0 131072 1024 0 0 2097152 0 131072 0 0 0 0 0 0 0 0 0 0 0 0 134218752 0 268435456 0 34 0 0 1024 0 0 0 0 0 8192 4096 8 0 0 0 0 0 0 0 4 0 0 0 0 65536 4096 0 0 2048 0 0 0 0 0 0 577 1 67108864 0 536871424 0 3238002688 0 16777216 263168 0 288 512 0 0 2 0 0 0 0 2 0 0 0 524304 0 0 1024 0 0 0 0 1048576 0 0 0 939524096 130 1048576 0 1050624 0 201326592 32832 1048576 8523904 256 0 268435464 1024 64 0 0 0 1048576 0 0 131072 2625634304 2101400 1 0 512 32 134218752 64 1 24960 0 0 16777216 0 0 8192 1048576 0 0 0 16384 0 67108864 0 0 524288 134479872 16786432 32768 1 58855424 256 8521736 8912896 262144 0 64 0 0 262144 0 4194304 0 0 1116733440 1073741864 4 0 1048576 0 67108864 0 1 0 0 1048584 0 0 0 0 0 4096 0 0 0 4194304 0 0 0 0 540672 553652608 131074 16 311427072 2359296 2420113408 262656 0 16640 0 640 33554432 0 33554432 1108344832 887072 0 0 0 2228224 0 0 0 4 0 17825792 8194 0 134217856 3303276544 134223892 520 33554432 0 2097152 0 1048576 8448 0 0 8 536870912 1048584
is_linear=0
shrinkage=0.1


Tree=15
num_leaves=31
num_cat=20
split_feature=18 3 3 20 13 13 3 27 22 13 3 3 3 3 3 27 3 5 3 30 3 3 13 25 28 3 1 22 13 22
split_gain=955.965 153.94 123.53 92.6712 91.9245 86.8313 75.9914 64.8279 94.5662 56.1046 53.9435 52.7396 48.7202 47.6115 47.4151 46.7566 62.7561 52.3978 45.0888 43.3891 89.7551 51.8328 49.1435 47.8947 38.019 37.4691 36.3498 35.4401 32.6585 31.3399
threshold=0.046979362145066268 0 1 23.500000000000004 2 3 4 -1.0000000180025095e-35 0.023575729690492157 5 6 7 8 9 10 -1.0000000180025095e-35 11 12 13 4111.5000000000009 14 15 16 1.5000000000000002 0.018454174511134628 17 18 0.027888889424502853 19 0.041812354698777206
decision_type=2 9 9 2 9 9 9 2 2 9 9 9 9 9 9 2 9 9 9 2 9 9 9 2 2 9 9 2 9 2
left_child=2 -2 -1 9 14 -6 -7 12 11 -4 -10 -9 28 -11 -3 16 17 -15 -5 21 23 -14 25 -21 -25 -23 -24 -20 -8 -17
right_child=1 4 3 18 5 6 7 8 10 13 -12 -13 19 15 -16 29 -18 -19 27 20 -22 22 26 24 -26 -27 -28 -29 -30 -31
leaf_value=-0.084480036169326006 0.035800762785773363 -0.01220125823908841 0.070213751016114198 0.065011991578851056 -0.065953837456238118 -0.048642185394976591 -0.017168976202373232 0.03656710407225696 -0.028054058065582244 0.038374675736094738 0.025614848479852143 -0.053283114939715409 -0.030946916511130341 0.11481467865320123 0.10738901394297612 -0.07362686524205847 -0.037974229855134586 -0.01077883370417884 -0.085258394367158347 0.0051894952729916802 -0.020397104498869115 -0.048172725493814787 0.051658901459394849 0.22024181825348235 0.039271155995281186 0.010695099492284272 0.014176377001695193 -0.032968789642535572 0.030877946495286288 0.015324992796217471
leaf_weight=567.27717713080347 2092.1561457626522 48.406586904078722 49.43624079413712 20.349184259772301 156.06335432827473 233.45995636284351 153.87967441603541 70.22392824664712 263.52414646744728 95.09352520480752 589.54029957950115 524.18406184762716 262.03582387045026 24.41519783437252 130.85257632285357 350.02342283353209 1796.40556948632 994.35662662237883 516.75683683902025 1982.3049181848764 1463.0900454185903 211.07969867065549 263.15703832730651 12.02887301519513 332.34239506721497 209.97262641787529 6549.5059236250818 173.01472200267017 1458.1661118268967 44.662370285019279
leaf_count=22154 10203 430 1112 537 2135 3828 1261 1174 4087 1900 6640 8691 4086 348 1062 11449 52468 24481 19720 19018 20630 2416 1902 79 3474 2326 67776 5442 11346 1134
internal_value=-0.000509812 0.0104597 -0.0407853 -0.0343945 0.00687619 0.00598225 0.00679701 0.00773252 -0.0123289 -0.0275316 0.00900714 -0.0429493 0.00998998 -0.029118 0.0761569 -0.0312305 -0.0268087 -0.00668217 -0.0672968 0.00764251 -0.00107101 0.0120582 0.0136399 0.0111217 0.0455925 -0.0192491 0.0156978 -0.0711117 0.026214 -0.0635611
internal_weight=21637.8 17006 4631.79 4064.51 14913.8 14734.6 14578.5 14345 1447.47 3354.39 853.064 594.408 12897.6 3304.96 179.259 3209.86 2815.18 1018.77 710.121 11285.5 3789.77 7495.75 7233.72 2326.68 344.371 421.052 6812.66 689.772 1612.05 394.686
internal_count=313309 172564 140745 118591 162361 160869 158734 154906 20592 92892 10727 9865 134314 91780 1492 89880 77297 24829 25699 121707 43201 78506 74420 22571 3553 4742 69678 25162 12607 12583
cat_boundaries=0 21 45 136 227 249 339 361 379 401 424 442 466 467 478 502 526 616 636 637 727
cat_threshold=1073741824 1073741832 1048584 64 0 0 0 0 16782336 0 16384 0 2151694336 0 0 2048 0 2899968 553652608 393218 269881360 0 0 64 0 1024 0 0 16777216 0 138477584 0 0 134217728 549453824 0 0 0 0 0 0 0 577560580 33638529 33161 0 0 0 0 524288 0 0 0 0 0 2129920 0 0 0 0 0 0 0 0 0 2147483648 0 0 0 0 0 69632 0 0 0 32768 0 0 0 0 0 0 0 536870914 0 64 128 0 33554432 32768 0 4096 0 0 0 0 0 0 128 0 0 0 0 0 0 0 32768 2 0 0 4096 16777216 0 134217728 2048 0 0 0 0 537001984 0 0 134217728 0 65536 0 0 0 0 0 0 0 0 65536 0 64 256 0 0 0 268435520 0 0 0 0 16777216 0 0 128 0 0 0 0 0 262144 268435456 0 0 0 0 2048 0 0 4 0 0 16 0 0 0 0 0 128 0 0 268435456 524288 0 0 1073741824 0 0 0 16384 0 65536 0 1024 16777216 0 0 0 0 0 0 32 33554432 0 0 65544 0 0 0 0 0 8 134217728 0 524288 0 0 0 0 0 1024 0 67108864 0 0 0 0 0 16777216 0 32 0 16 33554432 1048592 1073741824 16 2147483648 18941184 138465306 1048576 8388608 0 2048 0 1048576 0 0 1 0 2048 32768 0 8 16777216 0 0 0 0 0 0 134217728 0 0 32 0 0 0 0 0 0 0 0 0 0 0 0 0 0 67108880 0 4096 1024 0 0 8192 0 0 0 0 0 0 0 0 0 0 132 1048576 0 0 262144 0 256 0 0 0 0 0 0 0 2 0 0 0 16777216 262144 8192 0 0 0 0 1073807360 0 0 0 131072 0 0 0 544 0 0 0 67109888 0 0 0 0 4 0 0 0 0 327680 1075840000 8912896 32768 268697600 0 0 0 262144 1152 4194304 0 33554432 905970248 592672 8192 0 1048576 0 150995968 0 0 128 256 524288 268435456 4194304 0 0 4096 0 1024 4194304 0 0 1514143752 4224 0 0 1048576 0 512 1024 0 293863424 0 0 0 0 16384 0 0 0 2822767112 1140851200 1048577 0 8454656 266242 100663296 16384 536870912 33554560 256 33554432 0 1073750402 17 2147483648 2148074496 4247560 1536 0 0 2099200 0 0 4096 0 16777217 0 0 0 0 0 16777216 40960 0 262144 0 512 0 0 262144 16384 4194304 0 0 1246756864 1073938472 0 0 1048576 0 67108864 538968064 0 603979808 260 134217728 1681917952 150994978 33816576 2097152 129 512 2 1 0 0 0 0 0 0 0 0 16 134217732 4096 386 67108864 0 1073742464 0 2147483648 671350784 132128 512 0 4128 268437504 277872640 268435456 2147483776 131584 0 0 8192 524296 33554432 0 1024 1091567616 268567022 4 0 0 0 2147483648 0 0 0 0 0 2097152 9437184 2 4194306 262657 134217728 4261941280 160 0 0 0 64 0 0 4352 0 16777216 16 0 8 1 134217728 0 32768 524288 0 0 0 0 16 0 134217728 0 0 67239936 2147483650 0 65536 524288 0 0 4 0 64 1073741824 0 0 0 0 536870912 0 0 0 0 0 0 0 131076 2098176 0 0 0 0 4 0 0 0 0 67108864 0 0 0 0 0 0 0 134217728 0 0 0 0 0 0 1024 268435456 0 0 0 0 0 2 8 0 33554432 0 0 0 0 0 4 0 0 0 0 0 16777280 4096 0 0 0 0 268435456 0 1048576 1024 268439552 2359296 1024 0 0 1048576 8192 1024 33554432 0 131072 1418723392 2177264 40960 0 0 32 512 0 1048576 44042240 0 0 0 0 0 0 0 0 0 0 0 0 65536 0 0 16777216 0 0 0 0 0 0 0 0 0 0 0 0 0 1073741824 0 0 4 0 0 0 0 0 0 0 0 0 0 256 0 0 0 0 0 0 0 0 0 268435456 0 0 0 0 0 0 0 0 0 0 0 0 0 0 33554432 0 0 32768 0 0 0 0 0 0 0 0 0 0 4 0 0 0 0 0 0 2097152
is_linear=0
shrinkage=0.1


Tree=16
num_leaves=31
num_cat=17
split_feature=18 3 3 20 27 27 3 3 3 3 15 3 6 3 30 3 6 3 3 29 28 22 30 23 3 3 3 3 29 20
split_gain=792.381 122.528 112.132 95.522 73.5793 108.261 65.4687 59.7527 57.128 57.0041 50.0075 46.6888 57.0937 58.7283 52.5609 63.9989 53.6601 117.864 64.9197 50.3469 47.4204 46.3596 42.905 40.778 42.3236 38.8092 68.6248 37.6633 38.6874 38.5768
threshold=0.046979362145066268 0 1 16.500000000000004 -1.0000000180025095e-35 0.068796485662460341 2 3 4 5 5.5000000000000009 6 7 8 4111.5000000000009 9 10 11 12 0.074439801275730147 0.074756901711225524 0.033000033348798759 4005.5000000000005 1.0000000180025095e-35 13 14 15 16 0.12997944653034213 2.5000000000000004
decision_type=2 9 9 2 2 2 9 9 9 9 2 9 9 9 2 9 9 9 9 2 2 2 2 2 9 9 9 9 2 2
left_child=2 22 -1 25 6 9 -3 -5 -7 -6 11 12 -8 -14 16 23 18 19 -13 20 -18 -9 -2 -16 -25 -4 -27 28 -20 -30
right_child=1 4 3 7 5 8 10 21 -10 -11 -12 14 13 -15 15 -17 17 -19 27 -21 -22 -23 -24 24 -26 26 -28 -29 29 -31
leaf_value=-0.079568196562994228 0.046620354157944133 -0.044839293519506371 0.044784420146436098 0.039875938114407594 -0.052549700688190371 -0.032575370973981908 0.029702901831403818 -0.084481101725490879 0.04657193871330588 -0.0074385475329848726 0.036564548354037489 -0.025742972163330619 0.041613891560821945 -0.025905071372604151 -0.030744396079767242 0.0047574676686919374 0.091939407251078339 -0.0054585512076481763 0.010316400602655415 0.039182153366149164 0.32729060219662393 -0.024077706513991735 0.012659569227247473 0.097821081397580265 -0.021051071839154247 -0.0077891491764754397 -0.038452648374621395 0.014506137305916746 -0.030312877888655571 0.096553808959637277
leaf_weight=568.87536556273699 1098.6476689577103 215.02575309574604 72.5008200481534 50.606505941599607 568.10194556228817 116.70789903774858 1813.558248590678 564.81262916699052 345.42955555021763 568.34085614047945 655.34783363714814 597.59936550632119 173.77188302576542 422.54072661325336 1012.8608882427216 2300.9822308123112 82.427021041512489 779.93488778173923 685.75509964674711 1034.9877591282129 9.5534147843718511 163.94382211193442 562.46008355915546 43.64318136498332 65.190018456429243 1266.4793625827879 1773.2885494716465 3391.3911914750934 552.60267097875476 25.05465043336153
leaf_count=23547 5005 4127 1359 1476 9690 1107 12335 22860 2941 8774 6562 6588 1064 3203 13998 25076 908 9214 7627 8873 111 5228 2519 534 1035 31528 54838 34961 6227 229
internal_value=-0.000600116 0.00917975 -0.0381407 -0.0317987 0.00638848 -0.0139221 0.00873529 -0.0631883 0.026887 -0.0305172 0.00960523 0.00825272 0.0207905 -0.00596589 0.00537272 -0.00481517 0.0102508 0.0246191 0.00503432 0.0450831 0.116384 -0.0699329 0.0349109 -0.0242779 0.0336717 -0.0240404 -0.0257445 0.00902154 -0.00569912 -0.0248103
internal_weight=21582.4 17121.9 4460.51 3891.63 15460.8 1598.58 13862.2 779.363 462.137 1136.44 13647.2 12991.9 2409.87 596.313 10582 3422.68 7159.31 1906.9 5252.4 1126.97 91.9804 728.756 1661.11 1121.69 108.833 3112.27 3039.77 4654.8 1263.41 577.657
internal_count=313544 172708 140836 117289 165184 22512 142672 29564 4048 18464 138545 131983 16602 4267 115381 40643 74738 19106 55632 9892 1019 28088 7524 15567 1569 87725 86366 49044 14083 6456
cat_boundaries=0 24 48 70 93 114 136 157 158 179 192 193 215 239 252 275 299 323
cat_threshold=1073742848 0 1048584 0 0 8192 0 1048576 5120 0 0 0 2153775104 1 0 524288 4098 2899968 553914752 393218 1310736 0 0 2097152 134217728 131072 0 0 1024 0 0 0 0 134217792 0 0 134217728 549453824 0 0 0 0 0 0 0 980164612 84361 33674 33554432 0 1077944322 262145 2147483648 688460800 138465418 512 0 0 2048 0 0 0 0 16777217 16 1610612736 0 0 0 16777216 0 0 1140850816 16 0 671350784 16778288 67072 0 262176 268435456 0 0 0 0 4194304 0 0 0 0 0 0 16 0 2097152 262144 64 0 0 262144 0 0 0 0 713031680 186792 0 0 9437184 0 100664320 0 0 4224 9437184 2359296 2416182400 262224 0 0 270336 17408 33554432 0 132096 1611661312 1655296 0 0 0 0 67108864 0 0 131072 256 4096 17825792 262144 64 0 0 0 16384 0 0 0 2692745216 67133964 524288 0 8456192 64 117440512 5251072 65536 33693824 1 0 1048576 0 0 0 0 0 16384 0 0 0 536870912 0 0 0 8390656 0 67108864 0 0 139392 1048576 262144 2415920256 144 0 0 262144 1024 29392896 0 33685760 4194312 559360 1 0 2359296 2147484672 0 0 256 2048 0 16809984 0 33702912 4194376 266288 4 0 0 32 134220800 32832 1 268500992 256 1048576 1074003970 0 512 134217856 2184184064 2048 524288 1073741824 0 33579008 0 4144 256 0 0 0 134226944 32768 1 285278208 256 0 524288 1048576 0 268435456 16 0 0 0 0 0 0 131072 0 2048 33554432 0 1073750146 17 2147483648 2282292224 4243466 1536 0 0 2097152 0 0 0 0 16777217 0 0 0 0 0 16777216 32768 536870912 0 67109120 256 134217728 1615069184 150999056 4194304 539033600 33816704 512 0 1 4098 0 0 0 268435456 0 0 0 67108880 2629664 4096 268451840 2097168 2155872256 16 0 8388608 8388628 0 32768 0 131136 16456 1048576 4112 0 1073741824 32 2147485696 134217752 0 12 0 0 8192
is_linear=0
shrinkage=0.1


Tree=17
num_leaves=31
num_cat=16
split_feature=18 3 18 23 13 13 3 13 13 3 3 27 3 29 27 3 17 22 13 30 3 26 23 3 23 3 3 29 3 25
split_gain=664.36 115.363 114.838 73.2444 69.2357 66.7102 66.2542 76.5517 63.6378 58.7746 55.4789 44.9611 56.885 55.2065 52.7666 43.6822 43.3028 43.2255 41.0128 40.5205 40.4962 40.2984 102.811 73.0074 55.5818 85.0992 49.5576 40.2254 45.6804 39.0056
threshold=0.046979362145066268 0 0.094801086932420744 23.500000000000004 1 2 3 4 5 6 7 -1.0000000180025095e-35 8 0.024255153723061088 0.11180555447936059 9 26.050000190734867 -1.0000000180025095e-35 10 3986.5000000000005 11 1.0000000180025095e-35 1.0000000180025095e-35 12 1.0000000180025095e-35 13 14 0.0073642774950712928 15 1.5000000000000002
decision_type=2 9 2 2 9 9 9 9 9 9 9 2 9 2 2 9 8 2 9 2 9 2 2 9 2 9 9 2 9 2
left_child=1 -1 5 8 -4 20 19 -8 9 16 -10 12 13 -12 -13 17 -3 -14 -7 -6 -2 24 23 -23 26 -26 -9 -20 -29 -27
right_child=2 3 4 -5 6 18 7 21 10 -11 11 14 15 -15 -16 -17 -18 -19 27 -21 -22 22 -24 -25 25 29 -28 28 -30 -31
leaf_value=-0.08195935919995577 0.12802488951576385 0.41634397006009971 -0.065403228121482263 -0.083723024406982455 0.047153138918772486 -0.047275994313702809 0.07753089496810428 -0.026680137884664435 -0.065190031278125365 -0.041504979899007172 0.24431326414598448 -0.062386563805822526 -0.019019044557381751 0.00049029164683483354 0.072906576038749657 -0.042472824030408335 0.10232227513800728 0.056870201399731084 0.21057891087623523 0.011681155606942903 0.00018503884524934008 -0.0153951469056781 -0.027352669652425634 0.047744795175128633 -0.006115268140064245 0.017345875291475688 0.011860440440092067 -0.043689034802652967 -0.0019580472087645344 0.072107797329743581
leaf_weight=481.7482338603586 53.770315762609243 4.7906293030828238 100.86426686868072 238.09999713860452 917.94287543743849 217.73889479227364 162.48530298471451 341.54329464584589 369.48833785392344 38.140664825215936 9.3975309375673515 424.86535994336009 753.50178202427924 784.24562949314713 30.925876691937447 1031.940133260563 52.685571515932679 83.358146484941244 8.7314035370945913 496.06718341261148 50.620631758123636 300.30348077788949 879.82103958725929 452.52810920402408 335.46752709895372 180.0470306687057 7108.4274909161031 267.61108373850584 4817.4628518316895 468.56001737713814
leaf_count=21700 545 111 1049 11463 4197 3625 1239 2747 13942 1095 172 15099 21982 18447 548 32621 1176 2438 68 2192 622 2727 8940 3292 3273 1716 58971 4946 68988 3572
internal_value=-0.00088761 -0.0360208 0.0079227 -0.0299368 0.0134781 -0.00412366 0.0142054 0.0113739 -0.0264465 0.0510087 -0.0286341 -0.0241079 -0.0192169 0.00333537 -0.0532068 -0.0286589 0.109453 -0.0113245 -0.00573309 0.034465 0.071469 0.0102302 -0.00414008 0.0229881 0.0130241 0.0353604 0.0100737 -0.00386816 -0.00424398 0.0560424
internal_weight=21463.2 4303.19 17160 3821.44 11744.1 5415.94 11643.2 10229.2 3583.34 95.6169 3487.72 3118.23 2662.44 793.643 455.791 1868.8 57.4762 836.86 5311.54 1414.01 104.391 10066.7 1632.65 752.832 8434.05 984.075 7449.97 5093.81 5085.07 648.607
internal_count=313503 140794 172709 119094 93915 78794 92866 86477 107631 2382 105249 91307 75660 18619 15647 57041 1287 24420 77627 6389 1167 85238 14959 6019 70279 8561 61718 74002 73934 5288
cat_boundaries=0 24 115 207 228 319 409 432 456 479 503 594 613 634 656 680 702
cat_threshold=0 4194304 4 0 1024 0 0 0 0 134283280 0 0 134217728 549453824 0 0 0 0 0 0 0 41476100 42076545 34689 0 0 0 16777216 268435520 512 0 0 0 0 0 0 0 0 0 0 0 0 0 3489660928 0 0 0 0 2048 0 65536 1028 0 2048 8192 0 0 0 0 0 64 0 131072 268435456 524288 0 0 1073741824 0 0 0 0 4 0 0 32 0 0 0 32 0 128 0 0 0 0 0 8 0 0 0 0 0 0 134217728 0 0 0 0 0 0 1024 0 0 0 0 0 0 0 0 4194304 0 67108864 0 512 0 0 0 2 0 0 0 8388608 0 0 2147516416 0 0 0 8 524288 0 128 0 16384 2181038080 0 0 0 0 0 65536 2097152 0 2048 8192 0 0 0 0 0 2097152 0 131072 0 0 0 0 0 32768 0 16781312 0 0 0 0 16777216 0 268435456 0 32 0 0 0 16777216 0 0 2 0 8192 16384 0 0 0 0 0 0 0 0 0 0 0 0 0 0 4160 0 0 0 268435456 0 0 0 0 0 512 1 1024 1073741824 9437192 0 0 0 0 1048576 4096 0 0 0 2151677952 1 0 8388608 0 34357248 553939328 131074 1310736 0 0 0 0 524288 2097152 0 8 33554432 0 2097152 0 0 0 0 16777344 0 0 0 0 0 0 0 0 0 0 0 0 0 0 32768 0 131072 512 8 0 4 0 536870912 0 64 0 0 33554432 0 1048576 0 268435456 0 128 0 0 0 0 0 0 0 0 0 0 0 0 2 0 0 16384 0 0 134217728 128 0 0 0 0 536870912 0 4 131072 0 0 0 0 524288 0 0 0 0 0 65536 8 1 0 0 0 0 524288 0 134217728 0 0 0 67108864 0 0 0 0 0 4 0 0 0 0 0 0 4 67108880 0 0 0 0 0 0 0 0 0 0 0 0 0 0 0 0 0 0 256 0 262144 0 272 0 0 0 0 16777216 0 0 0 0 0 1088 16785408 0 8192 16 0 0 16384 65536 0 0 0 131072 0 0 0 516 0 0 0 1024 0 0 0 0 131076 0 0 0 4096 67371008 1073741824 553648128 8519680 67108864 0 1073741824 0 65536 262144 2097152 393216 268468736 0 0 2 0 0 0 256 2 0 0 135168 1628439064 0 720896 4160 0 0 0 0 0 0 11927648 0 0 0 0 0 0 0 0 0 0 0 1745096704 1630557200 18492 570425344 0 1140859266 17 2281701376 2684945408 4210746 1536 2113536 0 0 0 1 4096 0 1 0 0 0 0 0 16777216 32768 4521984 33554432 536870912 260 1610612736 1078200320 134254592 4456480 65536 128 268468736 2 0 2 0 4194304 0 0 1 0 0 16 524288 4096 0 0 0 1024 64 0 0 0 0 16842752 0 0 0 0 0 0 0 0 0 0 0 0 0 0 536870912 0 0 0 0 1073741824 2048 0 0 1048576 0 0 4 0 0 268435456 0 0 0 1048576 0 0 0 256 0 0 0 0 16777216 0 0 0 0 128 0 0 33554432 2097152 0 0 0 2 0 67108864 0 8 0 32768 16777216 4194304 0 0 0 131072 1024 8 16779264 0 0 0 67108864 0 0 0 0 1024 128 268435456 3407872 0 0 0 0 0 0 4194304 0 0 0 98336 8196 0 0 0 2048 65536 0 0 1024 0 0 0 8192 0 0 0 0 3099591232 2498578 32768 0 1050624 0 201326592 32832 1 139392 0 8 263168 64 0 0 0 16384 0 0 0 612368448 406024 512 0 1051136 4130 1024 64 1 24704 256 0 268435464 0 0 0 0 9437184 524352 0 0 0 2048 67117056 648 0 65536 262208 134226944 1146880 129 427884800 256 0 2097152 0 17825792 1077936130 0 2147483648 726205504 138461210 512 0 0 2099200 0 0 12288 0 16777217 0 536871424 0 0 0 16777216
is_linear=0
shrinkage=0.1


Tree=18
num_leaves=31
num_cat=9
split_feature=18 18 13 18 13 13 23 30 13 5 23 13 20 15 21 22 27 25 22 13 30 14 1 23 9 16 23 26 23 25
split_gain=564.495 95.792 89.217 78.4651 56.6295 54.9576 51.5037 50.4865 41.7494 37.8682 33.6789 33.4049 33.9864 32.8768 32.2342 28.9621 36.6474 32.4926 28.6677 28.5809 27.28 27.1011 27.5492 26.8127 26.4532 27.841 25.7629 102.319 50.9278 52.7409
threshold=0.046979362145066268 0.14109200239181521 0 0.020170049741864208 1 2 21.500000000000004 4206.5000000000009 3 4 60.500000000000007 5 4.5000000000000009 5.5000000000000009 11.500000000000002 0.27289500832557684 -1.0000000180025095e-35 14.500000000000002 0.18736233562231067 6 4353.5000000000009 4.5000000000000009 7 1.5000000000000002 8 20.500000000000004 1.0000000180025095e-35 1.5000000000000002 2.5000000000000004 1.5000000000000002
decision_type=2 2 9 2 9 9 2 2 9 9 2 9 2 2 2 2 2 2 2 9 2 2 9 2 9 2 2 2 2 2
left_child=3 2 14 11 -3 -4 8 21 -5 -10 13 20 -13 15 -2 16 19 -18 23 -7 -1 -6 -23 -9 25 -19 -21 28 -28 -30
right_child=1 4 5 6 7 10 -8 18 9 -11 -12 12 -14 -15 -16 -17 17 24 -20 26 -22 22 -24 -25 -26 -27 27 -29 29 -31
leaf_value=0.027868643618998101 0.12435535017987194 -0.013234144916172376 -0.045095210759805708 0.049536646598994538 0.034047447005247977 0.051560556544214368 -0.075286438090264321 0.0047794208276029778 0.092633604583724924 -0.025596942287449555 -0.070404397746622202 -0.045839296592493264 -0.081877127554177531 0.027427550192218222 -0.0059407555153105996 0.032840033528811777 -0.037389786982896023 0.023490525275084467 0.054417978737426279 -0.0019461275993256856 0.32357634542015939 0.044485818331006094 0.014767171392171425 -0.037145057018545438 -0.0088462974822461939 0.19060893724611894 0.06139105665309072 -0.033113188614913483 -0.072449819986180261 0.036684430518579829
leaf_weight=18.421882979571823 83.474969852715731 628.29548314586282 261.86036511324346 70.299439715221524 1600.7904081568122 99.1289893835783 198.22513766027987 1505.3720578253269 18.234641015529633 2745.0648025069386 66.531751099973917 687.78764207661152 422.40925675071776 448.3460009098053 24.577137071639299 256.12917309626937 496.5665036123246 26.976810019463301 104.90719148144126 7107.0348435044289 3.7557856459170571 348.78336960822344 2894.4532279670238 169.74891239777207 241.189537294209 15.811389625072477 385.81245108321309 281.61913921311498 67.917433384805918 127.2443989366293
leaf_count=820 809 3797 4174 1411 9041 1078 10378 11068 107 77312 1236 30492 19960 5499 226 2793 9429 353 601 86891 165 1692 17776 1332 3985 182 4695 3696 916 1594
internal_value=-0.00135332 0.00662698 0.000276369 -0.0343971 0.015375 -0.000755503 -0.026008 0.0180813 -0.0225607 -0.0244855 0.000496977 -0.0568581 -0.0590194 0.000991248 0.0866952 -0.000310459 -0.00126995 -0.0219605 0.00370686 0.000731583 0.0537229 0.0234008 0.0181459 0.000530991 0.00501939 0.0690967 3.46147e-05 0.0163546 0.0403335 -0.00129491
internal_weight=21406.8 17242.6 9990.22 4164.2 7252.35 9882.17 3031.82 6624.06 2833.6 2763.3 9620.31 1132.37 1110.2 9553.78 108.052 9105.43 8849.3 780.544 1780.03 8068.76 22.1777 4844.03 3243.24 1675.12 283.978 42.7882 7969.63 862.593 580.974 195.162
internal_count=313508 172863 127556 140645 45307 126521 89208 41510 78830 77419 122347 51437 50452 121111 1035 115612 112819 13949 13001 98870 985 28509 19468 12400 4520 535 97792 10901 7205 2510
cat_boundaries=0 92 183 270 360 361 450 541 542 543
cat_threshold=0 0 0 2 0 2097152 0 65536 0 4 0 0 0 0 8 128 16 0 0 0 2147483648 0 0 0 16384 0 69632 1024 0 0 0 0 131072 0 0 0 0 0 2 0 0 0 0 262144 8421376 0 0 0 32 0 0 134217728 0 0 0 0 0 0 0 67108864 0 2097152 18 0 0 4096 0 0 134217792 0 0 0 0 0 536870912 0 0 134217728 0 0 0 128 0 2048 0 0 0 0 0 0 1 1 256 0 0 0 0 0 0 0 0 0 2 0 65664 0 0 0 0 128 0 268435456 0 0 0 0 2048 0 0 1028 0 2048 10256 0 0 0 0 0 0 0 131072 0 0 0 0 1073741824 0 0 0 1 0 0 0 0 0 268435456 16384 32 4 0 0 0 0 0 4 0 0 0 0 0 0 8 0 0 0 0 516 0 0 0 1568 0 16777216 0 0 0 67108864 32768 0 0 0 0 1 0 0 0 1032 64 0 0 0 0 16777216 67108864 0 0 0 0 0 4 0 0 0 0 131072 0 0 536870912 0 0 0 0 0 2048 0 0 0 0 0 128 0 0 268435456 0 0 0 67109120 0 262144 16 16384 0 65568 0 0 16777216 0 0 0 8 128 0 32 33554432 0 0 0 0 16386 0 0 33554432 8 134217728 0 0 0 1073741824 0 0 0 0 0 16777216 4096 0 0 0 0 268435456 0 0 0 0 524288 0 0 0 0 0 0 0 0 0 0 524288 4 0 0 0 0 0 0 4 67108880 0 4096 0 0 0 0 0 4 0 0 0 0 0 537395200 268435456 0 0 0 1074004224 0 262144 0 256 0 0 32 1024 0 0 0 0 0 0 1088 8192 262144 8192 0 0 0 16384 1073807360 0 0 0 131088 0 0 0 0 0 0 0 0 8 0 0 0 0 0 0 0 0 327680 1024 385 0 0 0 0 524288 16 0 0 0 32 0 0 0 0 0 16777216 0 0 0 0 0 0 0 0 0 0 8 0 0 0 0 0 2048 2097152 0 0 0 0 0 0 0 4 0 0 0 0 0 1 0 0 0 0 0 0 0 0 0 0 1024 8192 128 2097152 0 0 0 0 0 0 0 0 134217728 0 0 0 1073742336 0 0 0 1024 0 67108864 0 0 0 0 0 0 134217728 67108864 0 0 0 0 0 0 0 0 0 32 32768 0 0 0 0 64 0 0 0 0 33554432 0 0 0 0 0 0 0 0 67584 8192 0 0 3145728 0 0 0 16777216 0 8192 2097152 536870912 0 0 0 0 16777216 16 0 524416 0 16777216 0 128 0 256 0 0 0 0 0 0 0 0 8192 0 8 0 0 2048 0 0 0 0 516 0 0 0 32 0 4096 0 0 0 0 0 0 0 262144 0 512 46139392 1669
is_linear=0
shrinkage=0.1


Tree=19
num_leaves=31
num_cat=17
split_feature=18 3 13 3 22 20 3 13 3 3 3 30 29 13 27 3 25 21 13 3 30 3 3 13 3 29 21 30 27 1
split_gain=466.841 115.727 79.9268 69.5684 60.5393 98.621 68.7012 56.709 55.2857 54.3007 50.4469 44.6163 75.9056 44.4748 38.859 78.9024 81.4513 43.1932 40.0885 31.901 35.2906 51.2589 39.4766 34.6576 29.6866 27.9976 26.1446 25.7879 27.5458 25.7616
threshold=0.052798304706811912 0 1 2 0.082235131412744536 5.5000000000000009 3 4 5 6 7 3738.5000000000005 0.035355035215616233 8 -1.0000000180025095e-35 9 7.5000000000000009 4.5000000000000009 10 11 4005.5000000000005 12 13 14 15 0.0073642774950712928 11.500000000000002 4170.5000000000009 0.506756752729416 16
decision_type=2 9 9 9 2 2 9 9 9 9 9 2 2 9 2 9 2 2 9 9 2 9 9 9 9 2 2 2 2 9
left_child=1 -1 9 27 5 13 11 -5 26 -2 25 12 -7 -3 18 16 -16 -17 -12 -20 22 -22 -21 -24 -15 -9 -6 -4 -29 -25
right_child=2 4 3 7 8 6 -8 10 -10 -11 14 -13 -14 24 15 17 -18 -19 19 20 21 -23 23 29 -26 -27 -28 28 -30 -31
leaf_value=-0.080054616938793149 -0.029383949807275336 0.061724405510920705 0.031262367398469201 -0.054468045553879157 0.061736505534131098 0.49296429919372697 -0.062479579954326438 0.13961860055877104 -0.022387662027790377 0.092649915994213766 0.050269894852668709 -0.0076153535733988033 0.054148419867723022 -0.046879208107643365 -0.017753790308099787 -0.048416405080329579 0.05709477827529448 -0.0017238434559421652 0.015653624554745348 -0.022488359879219964 -0.019150227492029621 0.0039045296574394131 -0.036152869925918527 0.05181943605985221 -0.015730060262701906 -0.057273622988221466 0.18987207563698227 -0.013605258740814606 0.062150567046269249 0.010212546633303695
leaf_weight=421.6017283257097 45.803698599338531 59.208404922857881 1328.1021645851433 157.69945345073938 67.541272768750787 5.3399931434541967 890.24038837105036 7.5304476320743552 98.838208995759487 165.36884845793247 195.01354589313269 47.816722301766276 15.056498611345885 354.16031965613365 308.94513315334916 523.48269281536341 274.62809289619327 318.74981770850718 2565.8322287946939 388.46435484662652 1425.3160683773458 2933.9181479141116 148.76277998462319 144.45281301811337 2283.8245815802366 176.38539312034845 20.835946509614587 268.80263062566519 58.431793689727783 5582.8458707407117
leaf_count=21275 405 1459 5990 2291 1726 124 37607 51 3001 1212 1847 1522 356 11872 4457 8444 3073 4050 18915 4570 18092 31199 1645 1033 66270 3104 482 1280 251 55596
internal_value=-0.00111048 -0.0306972 0.00630329 0.00551006 -0.0250088 -0.0279143 -0.0554675 0.00337492 0.030389 0.0660488 0.00401916 0.0394252 0.169035 -0.0181232 0.00467974 -0.0110111 0.0171754 -0.0303845 0.00635472 0.00566301 0.00323764 -0.00366854 0.00804854 0.0100884 -0.0200732 -0.0466741 0.0825997 0.0249163 -7.81098e-05 0.0113504
internal_weight=21283 4264.46 17018.5 16807.4 3842.86 3655.65 958.454 15152 187.215 211.173 14994.3 68.2132 20.3965 2697.19 14810.4 1425.81 583.573 842.233 13384.6 13189.6 10623.8 4359.23 6264.53 5876.06 2637.98 183.916 88.3772 1655.34 327.234 5727.3
internal_count=313199 145694 167505 165888 124419 119210 39609 158367 5209 1617 156076 2002 480 79601 152921 20024 7530 12494 132897 131050 112135 49291 62844 58274 78142 3155 2208 7521 1531 56629
cat_boundaries=0 24 115 136 159 248 272 291 315 405 426 516 538 556 580 669 693 694
cat_threshold=0 0 64 0 1024 0 0 0 0 156305432 0 0 134217728 549453824 0 0 0 0 0 0 0 40706052 2177 17841 0 0 0 0 0 0 16 0 33555008 0 2129920 0 0 0 0 0 16 0 0 0 0 0 0 0 0 0 4096 0 0 1073741824 524288 0 0 0 0 0 0 0 536870914 0 64 0 0 262144 32768 0 0 0 0 4194304 0 0 0 64 0 256 0 0 0 67108864 0 0 0 0 0 0 1 0 134217728 128 0 0 8192 0 537001984 0 0 0 0 0 0 0 524288 0 0 0 0 0 0 0 65 1073741824 1073741824 9437192 0 0 0 0 1572864 1024 0 0 0 2153775104 557057 0 1572864 2 135020544 553652608 131074 1310736 33554432 33554432 2214592514 1 2147483648 556007424 21004336 66560 2147483648 262144 268468224 0 0 0 0 2147483648 0 256 0 0 0 0 16 0 0 0 8 268435520 0 0 0 0 0 0 0 0 0 0 0 0 0 0 268435456 0 0 0 0 2048 0 0 4 0 2048 0 0 0 0 0 0 128 0 0 268435520 0 536870912 0 1073741824 0 536870912 0 16385 0 0 0 1024 16777216 2 0 0 0 262144 0 8192 0 0 0 65544 0 0 0 0 0 0 134217728 0 524288 4194304 1073741824 0 0 4194304 1024 0 83886080 0 0 0 0 4194304 0 0 32 88080384 8519680 1073741824 0 3221225472 536870912 20971520 263680 16384 0 268442112 0 32768 4098 0 0 0 0 3 0 0 16793600 269221904 4096 268435456 262144 8 0 0 0 262144 16384 33554432 0 0 1112539144 1073758242 0 0 1048576 0 67108864 536870912 0 1048576 4194434 131073 2281701504 50349056 4194324 1536 1073741824 0 0 0 0 272 0 16777216 8 536870912 134316032 1048576 0 16777216 0 8192 0 0 0 0 0 0 134217728 0 0 32 0 0 0 0 0 0 0 0 0 0 0 0 0 0 67108880 0 0 1024 0 0 0 0 4 0 0 0 0 0 0 0 0 0 1048576 33554432 0 262144 0 16 0 0 0 0 0 0 0 2 0 0 1024 16785408 0 0 16 0 8192 16386 65536 0 0 0 0 0 0 0 0 0 0 0 0 0 0 4096 0 0 0 0 0 4096 65536 1073742848 268976128 0 0 262144 0 4096 32768 0 4194304 0 131072 1396703240 78 8196 0 1073807360 4096 2147484160 64 262145 268439552 0 0 0 0 0 0 0 65536 16384 536870912 128 0 0 0 0 128 0 0 0 16 0 0 0 0 0 0 65536 0 0 65536 0 0 0 0 8 0 0 0 0 0 0 132 0 256 0 0 16777216 0 0 524288 536887296 0 0 0 0 0 4194304 0 64 0 0 0 128 0 0 4096 16777216 0 0 2048 536936448 0 0 0 0 0 8388608 0 32 8 0 0 0 2048 268435456 0 262144 0 0 8 1024 0 17039360 64 0 0 0 16384 33554432 0 0 2684354632 25188 0 0 2560 8256 102770688 16400 0 33558912 256 268959744 262144 1024 128 0 2097152 262144 0 29392896 0 33685760 4194304 34832 0 0 0 0 1073741824 9453572 16777224 2147483648 262144 0 2684432384 36994 0 0 0 0 512 8 1024 0 1073750017 33554432 0 1048640 1 402653188 0 0 524288 0 0 0 0 0 0 0 0 0 16777216 2147483650 0 0 524288 0 524288 1048580 128 64 0 0 0 0 4 0 0 0 0 0 0 16 0 133124 0 0 0 2097152 0 0 0 0 0 0 336592896 0 0 0 0 0 0 0 0 0 0 0 0 0 0 1024 0 0 0 0 0 0 16386 0 0 0 8 0 0 0 0 4 0 0 0 0 0 64 4096 0 4 0 0 268435456 8192 1048576 201326656 196608 4100 2 0 671219840 512 65536 2147483648 1074561056 0 0 0 4096 0 0 0 256 3 0 0 8389120 805372944 4 8390656
is_linear=0
shrinkage=0.1


Tree=20
num_leaves=31
num_cat=13
split_feature=18 3 13 3 20 3 13 3 22 3 15 23 3 13 3 23 3 13 23 30 29 27 27 3 23 25 28 28 23 15
split_gain=368.566 103.747 71.7083 73.1164 61.509 71.6793 54.9417 53.449 51.0819 43.647 43.2627 42.3672 41.753 39.9171 39.7478 39.1504 75.3727 43.2162 38.1809 36.7777 35.2344 34.7809 34.4793 41.2669 44.7039 44.6391 45.2575 41.0331 34.7201 31.0089
threshold=0.046979362145066268 0 1 2 15.500000000000002 3 4 5 0.033000033348798759 6 5.5000000000000009 27.500000000000004 7 8 9 9.5000000000000018 10 11 64.500000000000014 4093.5000000000005 0.2474072948098183 0.068796485662460341 -1.0000000180025095e-35 12 1.0000000180025095e-35 1.5000000000000002 0.038061365485191352 0.021338676102459434 2.5000000000000004 1.0000000180025095e-35
decision_type=2 9 9 9 2 9 9 9 2 9 2 2 9 9 9 2 9 9 2 2 2 2 2 9 2 2 2 2 2 2
left_child=1 -1 12 20 9 -6 -5 11 -7 -3 15 -8 -2 -11 18 17 19 -9 -10 -17 -4 -18 23 28 -25 27 -27 29 -15 -26
right_child=2 4 3 6 5 8 7 10 14 13 -12 -13 -14 22 -16 16 21 -19 -20 -21 -22 -23 -24 24 25 26 -28 -29 -30 -31
leaf_value=-0.075430553006877413 -0.024429174156028539 -0.053908175900670374 0.0458187241534238 -0.045711404882523454 0.038087847465950952 -0.080080538500996223 -0.043296420291645654 0.072084919579533641 0.043349628376147115 0.069863060552664571 0.027739690039885436 0.21016442775155558 0.087170644129509978 0.010197478118171004 -0.045383731224888306 0.11408098082610821 -0.062094099627752621 0.003232767215378244 0.36434328521609377 -0.01073299366288569 0.015084082826300249 2.8647998095500466e-05 -0.048154680745519214 -0.028498801661408443 0.36101011720725396 0.19944268563557219 0.0071485805745545392 -0.042468553843010431 -0.075643529866947418 0.055376366995340334
leaf_weight=416.0210628900677 42.526987876743078 272.09709075838327 492.21280151233077 225.20436575263739 78.008743441663682 434.90944658126682 313.10058706626296 81.855865422636271 41.458942096680403 48.404980096966028 723.97245214506984 6.7367876544594756 157.75536150112748 907.40984993800521 97.678600529208779 53.001516316086054 292.99532285518944 13160.092317339033 4.0692664049565783 42.569023791700602 1540.0983025208116 130.16042673587799 266.27879617922008 1146.8126627318561 4.0898740291595486 25.694431969895959 23.372887592762709 78.07268419675529 49.699140101671219 17.625334864482284
leaf_count=22218 409 10627 2753 3097 2518 22534 5595 739 1267 1160 7202 53 1187 24380 3719 471 5569 136324 170 466 6979 1448 9812 36266 128 804 678 2365 1467 563
internal_value=-0.000898072 -0.0286135 0.00538237 0.00466095 -0.022761 -0.0504214 0.0022466 0.0030065 -0.0619517 -0.0164497 0.00391041 -0.0368069 0.0634392 -0.0122223 -0.0112217 0.00265956 -0.0242902 0.00371526 0.0590662 0.0529463 0.0224175 -0.0419931 -0.0140697 -0.0101033 -0.0216397 0.0297506 0.107845 -0.00864956 0.00568072 0.11294
internal_weight=21174 3911.7 17262.3 17062 3495.68 656.125 15029.7 14804.5 578.116 2839.56 14484.6 319.837 200.282 2567.46 143.207 13760.7 518.726 13241.9 45.5282 95.5705 2032.31 423.156 2519.06 2252.78 1295.67 148.855 49.0673 99.7879 957.109 21.7152
internal_count=312968 140676 172292 170696 118458 30208 160964 157867 27690 88250 152219 5648 1596 77623 5156 145017 7954 137063 1437 937 9732 7017 76463 66651 40804 4538 1482 3056 25847 691
cat_boundaries=0 24 116 140 163 252 276 299 317 406 429 450 541 565
cat_threshold=0 0 0 0 1024 0 0 0 0 1638400 0 0 134217728 549453824 0 0 0 0 0 0 0 174645252 8587397 1980 0 0 0 0 0 2097152 0 0 0 0 2129920 0 0 0 8 16777344 0 0 0 16 0 0 0 0 0 0 4096 0 0 0 0 0 0 0 0 0 0 0 2 0 0 132 0 33816576 32768 0 16781312 0 0 0 0 0 0 64 0 0 0 0 0 0 0 32768 0 0 0 0 0 0 134217728 128 0 0 8192 0 537001984 0 8388608 134348800 0 0 0 0 0 0 268435456 0 262144 0 65536 0 0 1 1073741824 0 8388616 0 0 0 8388608 16384 16782336 0 0 512 4194304 0 0 10027520 266242 548864 536875136 131074 33882384 0 0 2097152 2097152 33554432 1140851328 16 2147483648 738459648 21103664 66048 0 33951744 268468224 0 0 4096 0 4194304 0 0 3 0 0 0 16 0 0 0 0 64 0 0 0 0 0 0 0 0 0 0 0 4 0 0 268435456 0 131072 0 0 536872960 0 0 4 0 0 0 0 0 0 0 0 0 0 0 268435456 0 0 0 1141899264 0 0 0 16385 4096 0 0 1024 16777216 0 0 0 8 262144 0 32 0 0 4 65544 0 0 0 0 0 8 134217728 0 0 0 512 0 0 16 0 8 2048 0 0 0 0 8 0 134217728 67108896 34603008 17825792 1077936130 1 2147483648 2703246336 138428426 1536 0 0 10240 0 0 4096 0 1 0 2147485696 32768 0 16384 16777216 0 8192 134217792 720896 2116 0 285212672 128 1024 8454144 2147483648 1208100729 0 0 0 0 0 0 0 0 0 0 0 276824576 1040 16384 0 0 16 0 0 262144 16384 1024 0 0 1108344832 1073807394 0 0 1048576 0 67108864 0 0 0 0 0 0 134217728 0 0 0 67108864 0 0 0 0 524288 16 0 0 0 0 0 0 4 16 0 4096 1024 0 0 0 0 0 0 0 0 0 0 0 0 0 128 1048576 0 0 262144 0 16 0 0 0 0 0 0 0 0 0 0 0 16777216 33816576 8192 16 0 0 16384 65536 67108864 0 0 16 0 0 0 1073741824 0 0 0 1024 8 0 0 0 4 0 0 0 4096 65536 155189248 0 536870912 0 1090519040 0 0 262144 0 4194560 2560 0 0 0 0 0 0 0 0 0 0 0 541852928 1024 262144 1024 262144 0 0 0 0 0 0 131072 5242880 16388 8192 0 0 0 201327104 0 0 268435456 0 0 0 0 2097152 0 0 268501000 0 4 0 0 0 131072 262144 64 16 0 0 0 0 0 0 0 16384 0 65536 0 0 0 8192 0 131072 0 8 0 0 0 537001984 33554432 0 0 0 0 0 0 0 16 0 0 0 0 0 128 0 0 4194304 0 0 524292 0 0 0 0 0 0 1 0 64 0 0 0 0 0 4 0 0 0 0 65536 0 0 0 0 0 0 268435456 0 0 0 1 574619648 0 1073750146 273 1207959552 2684421120 4210698 33555968 2097152 0 2130432 0 1 0 0 1 0 0 0 0 0 16777216 16777216 4096
is_linear=0
shrinkage=0.1


Tree=21
num_leaves=31
num_cat=16
split_feature=18 3 13 23 13 3 3 3 13 25 3 23 13 26 3 23 22 22 25 15 1 13 23 3 6 25 23 22 3 3
split_gain=312.272 101.405 69.3133 68.0142 61.5045 60.1717 51.9637 59.658 49.5261 46.8806 42.943 47.5007 37.7437 36.6598 88.444 68.6561 35.7983 34.2363 35.0518 34.6188 34.8405 40.018 36.054 35.4839 40.8941 34.6215 33.2636 32.4074 32.128 29.7727
threshold=0.046979362145066268 0 1 18.500000000000004 2 3 4 5 6 8.5000000000000018 7 3.5000000000000004 8 7.5000000000000009 9 1.0000000180025095e-35 -1.0000000180025095e-35 0.67179489135742199 4.5000000000000009 5.5000000000000009 10 11 40.500000000000007 12 13 55.500000000000007 3.5000000000000004 0.058101333677768714 14 15
decision_type=2 9 9 2 9 9 9 9 9 2 9 2 9 2 9 2 2 2 2 2 9 9 2 9 9 2 2 2 9 9
left_child=1 -1 -2 6 -4 -6 -3 12 -9 -10 11 -7 -8 17 -15 -16 -13 19 -19 20 25 -22 23 24 -23 -12 27 -14 -17 -26
right_child=2 3 4 -5 5 10 7 8 9 -11 13 16 26 14 15 28 -18 18 -20 -21 21 22 -24 -25 29 -27 -28 -29 -30 -31
leaf_value=-0.077289064844831057 0.11593549775101281 0.013652741724626778 -0.058149242509625255 -0.076317941225554492 0.022848339895061937 -0.056080548018937741 0.054968468956491094 0.036325730878226381 -0.033085090891166444 -0.080444337678775096 0.027828713444087012 0.24213104258539292 -0.0093042560346545556 -0.030328827252675047 0.04068946729297368 -0.038379445706896602 -0.036732346524262986 0.022972552268698054 0.21554905158991292 0.027119285798770539 0.058178468623420888 0.018723027015632367 -0.047976900566211116 -0.00023411574669898744 0.018771308794647966 0.18902102357815756 -0.054981016535649331 0.085717055628627858 0.016782715539026976 -0.020808379823134257
leaf_weight=353.85838481876999 45.94242699816823 448.07746737264097 145.85917107760906 212.14531407039613 1687.9738174751401 199.77678091078997 79.949197627604008 81.202494931407273 1083.2412559585646 258.99190485198051 391.16078104265034 9.8245963118970412 1092.0721411593258 961.76122116483748 451.3023523055017 241.11094436794519 8.6621364206075651 24.201432924717665 15.508024528622625 683.13498464040458 120.29397404752672 2378.1905316188931 140.1404685061425 8834.7639305330813 282.78936205431819 13.794616561383007 159.39734791964293 37.112089967355132 176.76175233907998 536.87804538011551
leaf_count=20743 337 11293 2008 13029 7573 3909 2132 3057 40646 12212 2945 61 30775 12294 4393 3112 221 174 104 6525 1113 19056 2223 97595 1962 80 5783 914 2205 4771
internal_value=-0.000917382 -0.0268569 0.00477299 -0.0214016 0.0044083 0.00497366 -0.0178719 -0.0228981 -0.0372256 -0.0419111 0.00300981 -0.0400543 -0.00783388 0.00365193 -0.00961926 0.0134901 0.111467 0.00546517 0.0981809 0.00519003 0.00401027 0.00304229 0.00245011 0.00303946 0.0120465 0.0325167 -0.0121237 -0.00618126 -0.0155625 -0.00717804
internal_weight=21155.9 3806.05 17349.8 3452.19 17303.9 17158 3240.04 2791.97 1423.44 1342.23 15470.1 218.264 1368.53 15251.8 1830.94 869.175 18.4867 13420.9 39.7095 13381.1 12698 12293.1 12172.8 12032.6 3197.86 404.955 1288.58 1129.18 417.873 819.667
internal_count=313245 140584 172661 119841 172324 170316 106812 95519 55915 52858 162743 4191 39604 158552 22004 9710 282 136548 278 136270 129745 126720 125607 123384 25789 3025 37472 31689 5317 6733
cat_boundaries=0 24 111 200 224 246 270 360 382 472 493 494 585 606 607 629 645
cat_threshold=0 0 0 0 1024 128 0 0 0 134283274 0 0 134217728 549453824 0 0 0 0 0 0 0 712548356 33556865 33683 0 0 0 0 0 0 0 65536 512 0 0 0 0 0 8 128 0 0 0 0 0 0 0 0 0 0 0 0 0 0 524288 0 0 268435456 0 0 4 0 2 0 64 0 0 262144 0 0 16777216 0 0 0 0 0 0 64 0 0 0 0 0 0 0 32768 128 0 0 0 0 0 134217728 128 0 0 8192 0 131072 0 0 0 0 0 0 0 0 0 0 0 262144 0 262144 0 0 268468288 0 0 0 0 0 0 0 128 0 0 0 0 0 0 268435456 0 0 0 0 2064 0 0 4 0 0 4194320 0 2048 0 0 0 128 0 0 268435520 0 0 0 1073741824 0 0 0 16385 0 0 0 0 4194304 0 0 0 0 0 0 0 33554432 0 4 8 2097152 0 65536 0 33554432 0 134217728 0 0 0 0 0 0 0 1536 268435456 16777216 0 0 0 0 0 0 0 67108896 1073742848 1048584 8388616 0 0 0 33554432 1048576 1024 0 0 0 1073758208 1081353 0 0 8192 19660800 553652352 537264130 266240 0 0 2097152 33554432 0 1140859010 17 2281701376 738788352 53274 1536 2097152 262144 270534656 0 0 0 0 1 0 0 0 0 0 16777216 740556800 8388608 536870912 256 1073741824 3225683968 155189281 4456448 268500992 0 512 0 0 4098 1048576 16777216 0 0 1 0 0 0 268468224 4096 0 0 0 0 0 0 0 0 0 0 2214592512 0 0 0 0 16777216 4 0 0 0 0 0 0 0 67108864 0 0 0 0 1073741824 0 0 2048 2097152 0 0 0 0 0 0 0 4 0 0 8421376 0 4096 0 0 0 0 1024 16777216 268435456 0 256 0 0 1024 8192 33554432 0 16 0 0 0 1073807360 0 0 0 0 0 0 0 512 64 4 131072 1024 0 16777216 4096 4 0 0 0 0 134217728 0 1024 1048576 32768 1073750144 17 2281701504 671154176 138461210 0 0 0 2099456 1 0 4096 0 553648129 0 0 134217736 0 0 16777216 0 0 0 0 524288 0 0 0 0 32 0 0 65536 0 0 0 0 0 0 0 0 0 0 4 16 0 4096 0 0 0 0 0 4 0 0 0 4 0 0 0 0 0 1048576 302252032 0 262144 0 16 0 0 0 0 0 0 0 16 0 0 0 16777216 262144 8192 0 8 0 16384 0 0 0 2048 0 0 0 0 1073741824 0 0 0 0 0 0 0 0 0 32768 0 0 4096 327680 1073741824 302514176 2359296 268436480 262144 0 0 270336 128 4194304 0 33554432 2051014656 459046 0 0 0 0 0 80 0 8396928 44042240 0 2048 0 0 0 528 0 8 0 4 32768 0 0 655360 1 0 0 0 0 16 0 0 0 0 0 0 4096 0 0 0 0 0 0 0 0 2097152 0 0 0 8704 0 0 0 0 0 536870912 4096 0 0 0 0 0 0 0 0 0 4194304 0 64 0 0 0 0 0 0 16384 0 0 64 2048 0 0 0 0 0 64 8388612 134217728 32 0 0 0 524288 0 0 0 0 0 1114112 0 65 4096 0 269484032 64 0 3145728 8192 16512 8388608 0 0 826278400 2149883910 128 0 9505280 2 16384 0 0 268435456 1 8404992 268435456 2151940096 704 0 256 0 16896 33554432 0 1024 26214912 2148041280 0 0 0 0 134217728 4194304 0 16384 256 0 0 0 64 0 1048576 0 16512 8388608 0 0 809500672 262144 0 0 2560
is_linear=0
shrinkage=0.1


Tree=22
num_leaves=31
num_cat=11
split_feature=18 20 13 13 18 22 13 18 30 30 13 13 13 12 10 5 22 27 30 23 26 23 28 15 9 18 13 27 22 20
split_gain=267.519 61.5377 59.4336 54.1624 53.3977 48.0675 41.3838 38.4916 33.7234 49.0573 47.3482 33.5667 33.103 33.033 33.8387 29.1191 28.1798 26.7323 28.6202 34.1208 75.9967 35.7897 44.2887 56.4633 25.5247 25.3917 25.0306 24.2046 23.9529 41.89
threshold=0.046979362145066268 16.500000000000004 0 1 0.094801086932420744 0.033000033348798759 2 0.012116214726120235 4005.5000000000005 3913.5000000000005 3 4 5 6 7 8 0.67179489135742199 -1.0000000180025095e-35 3871.5000000000005 1.0000000180025095e-35 1.0000000180025095e-35 2.5000000000000004 0.021338676102459434 1.5000000000000002 9 0.16004186868667605 10 0.15535445511341098 0.036494005471467979 98.500000000000014
decision_type=2 2 9 9 2 2 9 2 2 2 9 9 9 9 9 9 2 2 2 2 2 2 2 2 9 2 9 2 2 2
left_child=1 3 -2 -1 12 -3 -6 -5 9 10 -8 -10 -4 -12 -15 -9 -16 18 -17 -20 21 -21 23 -23 -11 -26 -14 28 29 -7
right_child=2 5 4 7 6 27 8 15 11 24 13 -13 26 14 16 17 -18 -19 19 20 -22 22 -24 -25 25 -27 -28 -29 -30 -31
leaf_value=0.087834393959264845 0.059918888717245634 -0.068768865636148729 -0.030048977848543542 -0.064892925750344305 -0.053899526155812172 -0.10286496189176171 -0.01589640987195828 0.080034557725323391 0.050574415810246937 0.069905958352225558 0.045603487103125534 0.0005651651381512776 0.044085609265536813 0.12361678593208564 0.0093851889137497504 -0.028363229803627724 0.096824085448404817 -0.047654868075327456 -0.012205846582160604 0.14653166465632894 -0.031583930511666997 0.42733938050080333 -0.045643113437882611 -0.030662901587246744 0.0097124897260604821 0.044129858891292936 -0.0028542884461271118 0.098548098890204189 -0.028147829175271328 0.44414796855841154
leaf_weight=37.648786932229996 183.55047238618135 484.22274447139353 441.79008301720023 182.47324527427554 97.715074822306633 2.6869683321565381 650.22336846590042 20.983908681198955 128.22055099904537 156.58310735970736 278.33238875865936 4662.819269169122 106.39860065095127 16.535239279270172 4965.4236852526665 1003.2711189296097 37.133343383669853 283.16762909758836 1334.6236323500052 56.706790205091238 91.555764434859157 5.2708112355321628 27.598600083962083 5.5010100845247507 461.21395933628082 400.49152816832066 4766.8800379801542 18.931296957656741 157.3936560228467 2.9227852523326874
leaf_count=939 1392 28348 7525 11807 1049 112 4993 292 1026 1046 2110 38943 1176 136 37124 30922 205 11419 44254 1727 2879 162 883 187 4526 2041 69210 302 6416 104
internal_value=-0.000415046 -0.0247694 0.00479869 -0.0187533 0.00417211 -0.0523035 0.00790866 -0.0203102 0.00846101 0.0129098 0.00943748 0.00201028 -0.00415402 0.0125534 0.0106335 -0.0175061 0.0100142 -0.0184544 -0.0152522 -0.00660539 0.0334438 0.096063 0.0214765 0.193444 0.0331913 0.0254136 -0.00174127 -0.00848047 -0.0209108 0.182139
internal_weight=21068.3 3714.96 17353.3 3048.8 17169.8 666.157 11854.7 3011.15 11757 6965.94 5947.65 4791.04 5315.07 5297.42 5019.09 2828.68 5002.56 2807.7 2524.53 1521.26 186.633 95.0772 38.3704 10.7718 1018.29 861.705 4873.28 181.935 163.003 5.60975
internal_count=313255 140753 172502 105471 171110 35282 93199 104532 92150 52181 44568 39969 77911 39575 37465 92725 37329 92433 81014 50092 5838 2959 1232 349 7613 6567 70386 6934 6632 216
cat_boundaries=0 91 181 270 360 450 541 542 543 544 545 636
cat_threshold=0 0 0 2 524288 2097152 0 0 0 0 0 0 0 0 8 128 16 0 0 524304 0 0 0 0 0 0 69632 0 0 65536 524288 0 0 0 0 0 0 0 536870914 0 0 0 0 0 0 0 0 0 0 4194304 0 134218752 0 64 0 0 0 0 0 0 0 0 144 0 0 0 1 0 134217728 2048 0 0 8192 0 0 64 0 0 0 0 0 128 0 0 268435456 0 0 0 65536 1073741824 2 0 0 0 16777216 0 16 0 0 0 0 67108864 0 0 0 0 0 16 0 0 16384 0 0 0 0 67108880 0 0 1024 0 0 0 0 0 0 0 0 0 0 0 268435456 0 4 0 1107296256 0 262144 0 256 0 0 0 0 0 0 0 256 0 0 0 16777216 33554432 8192 0 0 0 0 1073741824 0 0 0 134348816 0 0 0 8192 0 8388608 0 1024 8 0 0 0 131072 0 0 0 0 65536 1024 0 262144 0 1024 64 514 0 8388608 0 131072 0 0 0 0 0 0 4 0 0 268435456 8192 0 0 0 2048 0 0 4 0 2048 8192 0 0 1048576 0 0 64 0 4 268435456 0 0 0 1073741824 0 0 0 16384 0 65536 0 0 0 0 0 0 0 0 0 0 0 0 0 8 0 0 0 0 0 0 134348800 0 0 0 0 0 0 0 0 0 0 0 0 4 0 32768 32768 4096 67108864 0 0 0 0 0 0 0 0 0 67108864 0 0 65536 524288 0 524288 1048576 128 0 0 0 0 0 4 0 0 0 0 0 0 2048 0 2048 2097152 0 0 0 0 0 0 0 0 0 1048576 0 1048576 0 1 0 0 536870912 0 0 268435456 0 0 0 0 0 32 0 0 0 0 8192 16384 8 0 0 8 0 0 524288 0 1073741828 0 0 131072 288 0 16777216 0 4 0 0 0 268435456 134217728 0 2097152 0 0 0 0 16 0 0 0 0 67108864 2147483648 0 0 0 0 17301504 0 0 0 0 0 0 0 4 0 0 0 0 0 1073741824 0 0 0 0 0 0 2097152 0 0 0 0 0 0 0 0 0 0 256 0 0 0 0 0 268435456 0 0 0 0 0 0 262144 32768 0 0 0 16386 0 0 0 0 0 0 524288 0 536870916 0 0 0 1056 8 16777216 0 0 0 0 0 0 8192 0 2098176 0 0 0 1024 64 0 0 0 0 65536 0 0 65536 0 0 16777216 0 0 0 0 0 0 0 0 0 0 0 0 0 1073741824 32768 0 0 0 0 0 4 0 0 0 0 4 0 1048576 0 0 0 256 0 0 0 0 16777216 0 0 0 0 128 0 0 33554432 0 0 0 0 16384 0 67108864 33554432 8 0 32768 16777216 4194304 512 0 4 0 1024 8 0 0 0 0 67108864 0 0 8192 1048576 1024 145 33565328 3 384 26121 0 0 0 16777216 0 512 0 65536 64 32 2 0 0 0 0 0 0 128 0 0 2181038080 0 0 0 0 0 0 0 0 2048 8192 0 0 1024 0 268435456 0 16777216 0 0 0 0 0 0 32768 0 16781312 16 4096 0 0 16777216 0 0 0 34 4194304 0 1088 8192 0 0 0 0 0 4096 1073741824 0 64 0 0 0 0 0 4 0 0 0 0 0 4096 0 0 0 0 0 0 0 0 0 64
is_linear=0
shrinkage=0.1


Tree=23
num_leaves=31
num_cat=12
split_feature=18 13 18 13 23 13 13 18 13 9 15 13 13 30 26 13 23 9 23 29 27 5 2 30 26 23 22 27 23 26
split_gain=214.216 58.598 52.4961 51.3562 50.8447 43.5659 37.9792 37.2807 30.273 28.9875 25.8529 35.4986 28.759 25.2123 24.9771 32.0271 32.5332 40.6339 46.4827 34.3379 27.8737 24.7825 24.6202 24.5258 23.7893 23.6382 23.3183 29.1612 32.4589 97.5968
threshold=0.046979362145066268 0 0.16004186868667605 1 19.500000000000004 2 3 0.012116214726120235 4 5 1.5000000000000002 6 7 3571.5000000000005 4.5000000000000009 8 1.0000000180025095e-35 9 3.5000000000000004 0.029882817529141906 0.056079665198922164 10 11 4150.5000000000009 1.0000000180025095e-35 239.50000000000003 0.08338522166013719 -1.0000000180025095e-35 1.0000000180025095e-35 1.0000000180025095e-35
decision_type=2 9 2 9 2 9 9 2 9 9 2 9 9 2 2 9 2 9 2 2 2 9 9 2 2 2 2 2 2 2
left_child=1 13 3 -2 5 -3 -5 22 -4 -10 11 -8 -12 -1 15 -14 23 -18 24 -20 -21 -9 -7 -17 -19 -11 27 28 -23 -30
right_child=2 4 8 6 -6 7 10 21 9 25 12 -13 14 -15 -16 16 17 18 19 20 -22 26 -24 -25 -26 -27 -28 -29 29 -31
leaf_value=-0.0677630409316958 0.071513197838384931 -0.069140843381034253 0.033198947682064779 -0.040378751429752655 -0.074219608799432332 0.070157116239899564 0.060563019266874941 0.073624486241837137 -0.013850299127073638 0.011883725807725058 0.048340273897078741 -0.007190495747959662 -0.042491286448243605 0.099155215543882486 -0.013208629759623395 0.0076110811394297338 0.1432177089970311 0.05338402358689967 0.14023531537124395 -0.032725502647029329 0.031122668688920926 -0.019879299727232909 -0.067645637054744939 -0.0088312417434352856 -0.0048490786675726314 -0.10264683146098746 0.025073701522659697 -0.048326795294919872 0.058713527794916835 -0.045729963851282168
leaf_weight=10.728303648531435 89.641426395624876 174.71641294565052 576.66917912662029 224.94565347954631 193.78399191889912 8.1486848080530745 68.975696537643671 21.227117309346795 489.79920738190413 5087.0796183608472 133.85620578378439 4088.9160822387785 126.44856924377382 57.813896362669766 819.94933872669935 3621.4504264798015 18.716414988040924 356.75589719973505 15.130068337544797 231.23528582043946 97.081707695499063 2198.6387233277783 182.42285652086139 1210.3978951312602 87.323481116443872 18.08477371931076 126.76308740954846 298.66365742404014 201.83251525927335 160.70855792239308
leaf_count=387 803 7807 3153 3467 13641 577 737 287 2996 29707 1408 50227 1771 1440 11812 39268 134 4197 112 4177 1046 75378 12619 16007 1113 139 3608 13435 6610 5216
internal_value=-0.000497382 -0.0225705 0.00412442 4.09695e-05 -0.0243394 -0.0215459 -0.000600044 -0.0186714 0.0115288 0.00921946 0.000259008 -0.00593816 0.00409474 0.0637309 0.00311712 0.0054447 0.00658348 0.0251912 0.0203097 -0.00705809 -0.0138459 -0.0160123 -0.0616215 0.00349221 0.0419331 0.0114556 -0.0168395 -0.0187562 -0.0153079 0.0124154
internal_weight=20997.9 3635.45 17362.5 11190.8 3566.91 3373.12 11101.2 3198.41 6171.63 5594.96 10876.2 4157.89 6718.35 68.5422 6584.49 5764.54 5638.09 806.243 787.526 343.447 328.317 3007.83 190.572 4831.85 444.079 5105.16 2986.61 2859.84 2561.18 362.541
internal_count=313279 141005 172274 136279 139178 125537 135476 117730 35995 32842 132009 50964 81045 1827 79637 67825 66054 10779 10645 5335 5223 104534 13196 55275 5310 29846 104247 100639 87204 11826
cat_boundaries=0 89 181 272 360 450 451 542 631 722 723 724 736
cat_threshold=0 0 8388608 0 524288 1040 134217728 0 0 0 0 0 0 0 0 0 4 0 0 0 0 0 0 0 16 0 4096 0 0 0 8192 0 0 0 0 0 0 0 0 0 0 16777348 0 0 0 262144 0 256 8 0 0 0 0 0 16384 256 0 65536 64 0 0 8192 16 0 0 0 65536 0 0 0 134217744 0 0 0 8736 0 0 0 0 4096 0 0 32 131076 0 0 0 0 65536 0 0 0 2 0 2097152 16 0 0 4 32768 0 0 0 0 0 0 0 0 2147483648 0 0 0 0 0 0 69632 0 0 65536 0 0 0 0 0 0 0 0 524290 0 0 128 0 33816576 0 0 16777216 16 32 0 16384 16777216 0 0 0 0 0 0 8388608 17301504 0 2097152 0 0 0 0 1 0 0 2048 0 0 0 0 131072 0 0 131072 0 0 0 128 0 0 0 0 32768 0 0 0 0 1 0 0 0 0 0 0 0 0 0 536870944 2 0 0 0 0 0 1048576 0 4096 0 33554432 0 0 0 536870912 64 0 0 0 0 2048 0 0 2097152 0 0 0 0 0 0 0 0 0 34603008 0 2097152 262144 268435456 0 0 0 0 0 128 0 0 4194304 0 0 0 0 0 0 65536 0 0 0 0 0 8 0 0 0 0 4 0 0 16 548 0 2048 0 0 0 0 0 0 0 0 0 17 0 0 0 0 64 0 0 0 0 65536 0 0 0 0 0 0 1048580 0 64 0 0 0 0 0 536870912 0 0 0 0 0 0 0 0 2097152 0 0 128 0 0 0 0 0 0 1140850944 0 0 0 16384 0 65536 0 1024 16777216 0 0 0 0 262144 0 32 0 0 0 8 0 16384 0 67108864 0 8 134217728 0 0 0 1073741824 0 0 0 1024 0 16777216 32 0 0 0 0 268435456 8192 0 0 0 0 524288 0 0 0 0 553648128 2097152 0 0 0 0 17301504 0 0 0 0 0 0 0 0 0 0 0 0 0 1073741824 0 0 4 0 0 0 0 0 0 0 0 4 0 33554688 32768 0 4096 268435456 0 128 0 134218752 0 128 0 256 4194304 0 0 0 0 0 16 0 0 0 0 0 0 128 1 0 0 0 1073741824 0 4 0 0 8 2112 0 4 0 0 0 0 8192 0 1024 29188 0 0 0 1024 524288 0 0 8 0 16777216 0 0 0 0 0 64 0 0 0 0 0 0 0 0 0 0 1 1024 0 2048 0 0 0 1048576 8 0 2097152 0 131072 8192 0 0 0 268435456 0 0 0 0 0 0 0 0 0 128 0 0 0 0 0 8192 0 0 0 0 8192 0 16777216 0 134217728 0 0 0 0 0 0 0 8388608 0 32 8 0 0 0 0 335577088 0 64 0 67108864 2097152 80 0 0 0 0 0 0 0 0 0 0 0 0 0 0 0 17301632 0 128 262144 0 2181038080 0 0 4 0 0 0 0 0 0 8192 0 0 0 0 0 0 16777216 0 0 0 0 0 0 0 536870912 4096 0 0 524288 0 134217728 0 0 16384 32 0 0 0 67108864 0 0 18 0 0 4096 0 0 64 0 0 32768 0 0 536870916 0 0 0 768 4096 4096 0 0 2048 0 0 0 0 65536 0 0 0 8 268435472 0 0 0 0 16777216 0 0 0 0 0 0 0 0 0 268435456 0 0 0 0 0 0 0 1024 0 2048 2048 0 2048 0 0 0 2097152 0 131072 0 0 0 0 269484032 0 262144 32 1 0 0 0 0 0 0 0 0 0 128 0 0 33554432 8192 262144 65536 0 2 65536 128 167772160 0 0 0 0 0 0 0 0 0 0 8 0 0 0 0 0 0 0 0 1048576 2097152 512 512 384 16777216 2214592512 0 67108864 0 4195456 536870912 0 4194304 0 4096 2
is_linear=0
shrinkage=0.1


Tree=24
num_leaves=31
num_cat=22
split_feature=18 3 3 13 13 2 3 20 3 13 3 27 3 3 22 13 3 22 22 3 13 3 1 27 3 5 30 13 9 3
split_gain=183.374 80.0409 54.9116 48.9812 45.8507 42.1516 42.0353 40.8681 53.8895 31.9138 35.5056 30.694 61.8298 41.1126 37.7035 33.3922 30.4461 27.1809 49.2479 26.4209 26.2876 26.1586 30.5489 25.9167 36.1387 33.9014 48.2123 28.6009 35.4097 25.4938
threshold=0.046979362145066268 0 1 2 3 4 5 29.500000000000004 6 7 8 -1.0000000180025095e-35 9 10 0.18736233562231067 11 12 0.012220009695738556 0.036494005471467979 13 14 15 16 -1.0000000180025095e-35 17 18 3986.5000000000005 19 20 21
decision_type=2 9 9 9 9 9 9 2 9 9 9 2 9 9 2 9 9 2 2 9 9 9 9 2 9 9 2 9 9 9
left_child=1 5 -2 16 -5 -1 -6 9 17 -3 -11 13 -13 -8 -14 -15 -4 -9 -19 -12 -17 -22 -23 24 25 26 -21 -27 -29 -16
right_child=2 7 3 4 6 -7 11 8 -10 10 19 12 14 15 29 20 -18 18 -20 23 21 22 -24 -25 -26 27 -28 28 -30 -31
leaf_value=0.090850235747861441 0.049066657325564929 0.056111509758902584 -0.054810720627486598 -0.045922813482281971 -0.035699987570725275 -0.078721064213206821 0.017091948582445799 -0.020505531799858354 -0.060720911139043876 -0.045801104900022205 0.052427538170017787 -0.035093459869629126 -0.0067150336791177616 0.048345695859253079 -0.01535652615722353 -0.040391638028856272 0.081012770260367573 0.40660162889247814 0.055694904702830922 0.23179061116321989 -0.025374958373833426 0.042041079262324026 0.0029862484970507512 -0.040455241720684626 -0.021418692915755488 -0.055420453609870336 -0.00703806364645688 0.095847768226827515 0.0017457213264679518 0.047053183310129844
leaf_weight=9.3139927284792048 254.92543533444405 57.629480188712478 14.935149133205412 181.88464407064021 262.82133982889354 282.63826454244554 2482.5516789779067 34.299730284139514 344.86004295758903 299.4113254128024 57.178502213209867 577.16401563771069 855.20485729537904 150.34735295921564 85.662356857210398 131.96633137762547 113.58392638713121 4.7040767576545504 26.701989998109639 17.658415261656046 308.75136515311897 194.00645055621862 11521.574399769306 272.82022191397846 1009.7156928377226 73.177218918688595 16.213230349123478 31.696136803366244 1008.1910190377384 258.99885774962604
leaf_count=646 1396 1427 120 2537 4717 18992 15606 2074 20521 11894 1093 9374 10693 1321 632 1407 900 195 762 213 4450 1160 116257 12537 37235 2177 407 882 29483 1791
internal_value=-0.000345982 -0.0210711 0.00387926 0.00317668 0.00269275 -0.0704817 0.00324514 -0.0163713 -0.0459145 -0.0121636 -0.0137279 0.00388416 -0.00853116 0.00537858 0.0045009 0.00299938 0.0624114 0.0356184 0.108255 -0.00969811 0.00239927 0.00290207 0.00366829 -0.0113692 -0.00774246 0.00444552 0.0906951 0.00103666 0.0054996 0.0324615
internal_weight=20940.6 3546.21 17394.4 17139.5 17010.9 291.952 16829 3254.26 410.566 2843.69 2786.06 16566.2 1777.03 14789.2 1199.87 12306.6 128.519 65.7058 31.4061 2486.65 12156.3 12024.3 11715.6 2429.47 2156.65 1146.94 33.8716 1113.06 1039.89 344.661
internal_count=312899 140538 172361 170965 169945 19638 167408 120900 23552 97348 95921 162691 22490 140201 13116 124595 1020 3031 957 84027 123274 121867 117417 82934 70397 33162 620 32542 30365 2423
cat_boundaries=0 24 45 132 223 235 257 280 370 393 415 437 529 546 568 659 683 684 708 709 799 800 816
cat_threshold=0 196608 68 0 1024 2048 0 16777216 0 135274498 2 0 134217728 549453824 0 0 0 0 0 0 0 1114120196 33556609 395 1073742848 1073741824 9437184 0 0 0 0 0 0 0 0 0 8192 557056 0 0 270336 278528 553652352 537264258 16 0 0 0 0 2097152 0 0 0 33555008 0 32768 0 0 0 9 0 0 0 0 0 2147483648 0 0 0 0 0 0 0 0 0 32768 0 0 268435456 0 0 0 0 0 33554432 0 0 0 262144 0 0 16777216 0 0 0 0 16778240 0 64 0 0 0 0 0 67108864 0 0 16 0 0 0 0 0 134217792 0 65536 0 0 0 536870912 64 0 134217728 0 0 2080 0 0 0 268435456 0 262144 0 0 0 0 268435520 0 0 0 0 0 0 32768 128 1 0 0 0 0 0 268435456 0 131072 0 0 2048 0 0 0 0 0 4196352 0 0 16777216 0 0 0 0 0 64 0 0 0 0 0 262144 0 16385 0 0 0 0 16777216 0 0 0 0 128 0 268435456 0 0 0 65544 0 16384 0 0 0 0 134217728 0 0 0 0 262144 0 1073741824 1024 0 0 0 0 4 0 0 0 0 67108896 8388608 16 16777248 2214594560 128 67108864 32 4203648 536870912 0 0 0 8388608 2 1048576 0 1073750146 16 2147483648 2148073568 4212762 1536 1090519040 0 2099200 0 1073741824 4096 0 16777217 0 0 65536 0 16384 16777216 69206016 41943040 1073742464 16 2164260864 671088640 16909360 262656 2147483648 2625588 268437504 0 0 0 0 4194304 0 0 1 0 0 0 4194320 0 0 8388608 0 0 0 134217728 0 0 32 67108864 0 0 0 0 0 20 0 0 0 0 0 0 4 0 0 4096 0 0 0 0 0 0 0 0 0 0 0 0 0 0 16777344 0 256 0 262144 0 16 0 0 0 0 0 268435456 0 272 0 0 0 16777216 33554432 8192 16 0 0 0 1073807360 0 0 0 131072 0 0 0 544 0 0 0 1024 0 0 4096 0 0 0 0 0 4096 65536 1024 203423744 0 6144 2 285212672 131200 1024 0 2415919104 1076365628 0 0 0 0 0 4194304 0 0 0 0 0 4608 1078592024 8388608 2359296 2416181248 576 0 0 270336 16384 0 0 0 671089152 1690408 0 0 0 0 151519232 0 0 393216 256 0 0 285474824 576 0 0 8192 8 1024 0 0 805308416 271597632 0 0 1114112 4096 117972992 16640 4 1310976 256 0 0 0 2 0 16 0 65544 0 8192 0 0 0 0 0 0 0 0 1 0 0 0 0 0 0 0 65536 0 8 65536 0 0 0 0 0 0 0 0 0 512 64 132 0 268435456 32768 0 0 0 0 0 0 0 0 0 512 0 0 0 1088 16777216 0 0 128 0 0 0 1 0 0 0 536870912 0 0 0 512 0 0 0 0 0 4096 0 524288 0 0 32768 0 8192 0 2097152 0 1 0 0 0 0 0 0 0 0 1024 0 0 1074790400 262144 4 0 65536 2 33554432 0 1073741954 17 2147483648 2684945408 134254600 1024 0 0 2097152 0 0 0 0 1 0 0 0 0 0 16777216 0 0 0 0 0 0 134217728 0 0 16777216 0 0 0 0 0 0 0 0 0 0 0 0 0 0 0 0 0 0 0 0 16 0 131072 0 0 0 0 0 0 268435456 524288 536870912 0 67108864 0 0 0 0 0 0 0 134217728 0 1073741824 0 0 8 0 0 0 4 0 3 0 1 0 0 0 0 8 0 32768 0 0 0 0 0 0 512 0 16777216 4096 0 0 0 4194304 272662528 0 1048576 0 64 33554432 1048592 4194560 0 134217728 493096960 142643236 524288 0 0 16384 0 0 8192 0 1073741824 33554512 0 32840 1 0 0 0 524288 8390656 557842432 0 67117056 256 1207959552 262144 20971520 33554976 2113536 33816576 512 2 1 0 0 0 0 268435456 1 0 0 268435456 335577124 4160 386 0 0 0 0 524288 0 0 0 0 536870912 0 0 0 0 0 16777216 0 0 0 2147483648 33554432 0 0 0 536870912 64 0 0 0 1073741824 8192 0 0 2097152 0 0 0 0 0 0 0 0 0 2 0 536870912 266240 268435457 0 0 0 0 0 0 0 0 0 0 0 8192 0 2097152 4 0 0 0 2 0 0 0 1 0 16777216 0 1073741828 0 0 131088 0 0 2048 0 0 0 67108864 0 0 8192 0 10485760 17192 16384 0 0 262144 0 0 0 0 1024 0 0 1342177280 393344 8192 0 8388608
is_linear=0
shrinkage=0.1


Tree=25
num_leaves=31
num_cat=24
split_feature=18 3 13 3 20 3 13 13 3 3 13 3 26 3 13 3 3 13 21 2 3 29 5 3 14 3 13 3 1 13
split_gain=178.178 83.896 50.5971 49.0573 45.9739 43.6129 42.7104 38.4939 48.0859 36.1334 33.0944 25.9559 25.2381 76.0532 31.8154 34.9897 34.063 26.9239 24.2042 23.8604 23.6057 23.5565 20.7034 20.6877 29.5449 37.4832 28.9985 25.4474 34.9217 22.7297
threshold=0.046979362145066268 0 1 2 29.500000000000004 3 4 5 6 7 8 9 10.500000000000002 10 11 12 13 14 2.5000000000000004 15 16 0.0073642774950712928 17 18 9.5000000000000018 19 20 21 22 23
decision_type=2 9 9 9 2 9 9 9 9 9 9 9 2 9 9 9 9 9 2 9 9 2 9 9 2 9 9 9 9 9
left_child=1 19 -2 10 7 -6 -5 -3 -9 21 -4 -10 14 -14 16 -16 -11 -17 22 -1 -15 -8 -13 29 26 -26 -25 -28 -29 -19
right_child=2 4 3 6 5 -7 9 8 11 12 -12 18 13 20 15 17 -18 23 -20 -21 -22 -23 -24 24 25 -27 27 28 -30 -31
leaf_value=0.068103340978590762 0.087233251444885349 0.061131785693900646 -0.012828478934953036 -0.047791283783753219 0.020796660733585548 -0.063482204863054517 0.10746351739064208 -0.0608434069795609 0.013710219508068886 0.095016838052847441 0.027076338099490883 -0.015806296665165944 -0.030788443639684498 -0.009361090101692976 -0.035282537017680728 -0.038403395847122185 0.014725141255675934 0.058847508852134661 0.13183068481503732 -0.076208084091783659 0.023773947757382903 -0.037181222460189088 0.071743270010851415 -0.039840730877962791 -0.022033822579181787 0.0040747974645557938 -0.015370540072816574 0.049622280630995504 0.0067365045203135882 0.010453411298370262
leaf_weight=7.1799742979928851 62.416513737291098 61.643600575625896 245.68489291146398 161.83625172078609 75.483763003721833 313.90016636904329 11.696726024150847 189.0302456561476 395.53055887576193 68.713525202125311 1271.0310914926231 2113.417922610417 795.41318194940686 339.19767560809851 215.90145774371922 135.40548565238714 200.56345358118415 91.664512664079666 11.316162275150417 293.94626018963754 565.74759311228991 300.97338322736323 17.940207531675696 128.37744209170341 975.3761975672096 1242.5737420879304 493.83746958896518 185.89154233410954 6986.9996882975101 2961.9974622484297
leaf_count=447 450 1387 1110 2279 3613 19558 73 8199 10522 466 6182 75775 10577 3609 3005 1538 1728 695 260 20791 6138 5340 100 1541 10912 13830 5763 1413 72800 23058
internal_value=-0.000322627 -0.0209848 0.0037993 0.00344747 -0.0160028 -0.0482406 0.00179825 -0.0115592 -0.0133773 0.0023395 0.0205707 -0.00961741 0.00303214 -0.00845616 0.00446154 0.0037598 0.0378824 0.00442451 -0.0139673 -0.0706888 0.0113875 -0.0307856 -0.0148069 0.00489734 0.00269289 -0.00748782 0.00559307 0.00639747 0.00791546 0.0120934
internal_weight=20920.7 3479.39 17441.3 17378.9 3178.26 389.384 15862.2 2788.88 2727.24 15700.3 1516.72 2538.2 15387.7 1700.36 13687.3 13418 269.277 13202.1 2142.67 301.126 904.945 312.67 2131.36 13066.7 10013.1 2217.95 7795.11 7666.73 7172.89 3053.66
internal_count=313159 140652 172507 172057 119414 23171 164765 96243 94856 162486 7292 86657 157073 20324 136749 134555 2194 131550 76135 21238 9747 5413 75875 130012 106259 24742 81517 79976 74213 23753
cat_boundaries=0 24 111 132 156 245 335 358 382 471 495 516 606 628 647 738 750 772 773 794 818 906 928 929 1004
cat_threshold=0 0 4 0 1024 0 0 16777216 8192 134348817 0 0 134217728 549453824 0 0 0 0 0 0 0 678174724 167790849 34200 0 0 0 0 2097152 0 16 0 0 0 0 0 0 0 0 0 0 0 0 0 0 0 0 0 0 0 0 0 0 0 557056 0 0 0 0 0 0 0 536870912 0 0 0 0 262144 0 0 16777216 0 0 4194304 0 16777216 0 64 0 0 4194304 0 0 67108864 0 32768 0 0 0 0 1 0 134217728 0 0 0 8192 0 536870912 0 0 0 0 0 0 128 0 0 268435456 0 262144 1073741824 1073741832 17825800 0 0 0 1056768 64 4096 0 16384 0 3227516944 524288 0 524800 266242 540672 16781696 393218 262144 201326592 41943040 1073742464 16 2147483648 128 16909360 262656 2147483648 1076369440 268437504 2 0 0 0 4194304 0 0 3 0 0 0 4194304 4 256 0 0 1024 268435520 2 0 0 0 0 0 0 128 0 0 0 0 0 0 268435456 0 0 0 0 2048 0 0 2097152 0 0 4194304 0 0 0 0 0 0 0 0 0 524288 0 0 1073741824 0 0 0 1 0 0 0 67109888 17825792 268435456 0 0 0 262144 0 268435456 0 0 0 0 0 134217728 8 0 0 0 134217728 0 0 0 0 0 0 131072 1056 0 67108864 0 0 0 0 0 0 134225920 32 0 0 0 0 0 0 0 0 0 32 67108864 0 0 0 8388608 0 0 0 0 0 0 0 0 4 0 0 4096 0 0 0 0 0 0 0 0 0 0 0 0 0 0 0 1048576 33554688 0 262144 0 272 8 0 0 0 0 0 0 256 0 0 1024 0 0 2105344 0 0 0 0 1073741824 0 0 0 134348816 0 0 0 4 64 0 0 1024 0 0 0 0 131072 268435456 0 0 4096 65536 1073742848 136314946 589824 6208 2 268435456 128 524352 0 2147483648 3227853092 0 0 0 0 268435456 0 0 0 0 0 0 131584 1610743824 33554432 0 3225419776 262144 2281701504 134807552 138694714 128 0 0 2048 0 0 384 0 1 2097176 0 0 0 8388736 16777216 0 8192 0 0 0 0 0 0 0 0 0 0 2147483648 0 65536 0 0 0 0 0 0 0 0 0 0 0 2048 64 0 0 0 0 0 0 0 2097152 0 0 0 0 0 0 0 0 0 256 0 0 0 268435456 0 0 0 0 0 268435456 0 256 0 0 0 0 0 0 0 0 0 16384 0 0 0 0 0 0 0 0 0 0 4 0 0 0 0 0 0 0 67108864 0 0 0 1048576 33554432 0 1140858880 17 134217728 2148076544 21024792 1536 2097152 0 2097152 0 0 0 0 16777217 0 0 0 0 0 16777216 2367524 4096 269485056 2359296 268436480 144 0 0 0 1048576 4194304 0 33554432 847249920 1018150 0 0 0 0 262144 80 0 268443648 0 0 0 0 0 0 0 268435464 0 4 128 0 0 524288 0 16777280 0 0 0 0 8192 0 0 0 0 0 0 0 0 1073741824 0 0 0 0 0 0 2097152 16777216 0 0 64 0 0 256 32768 0 4096 256 0 128 16384 134217728 0 0 0 2 0 0 0 16777216 0 0 2 0 0 16384 0 0 0 2176 0 0 0 0 0 0 0 134217728 0 65536 0 0 524288 2048 0 32768 0 0 0 1073741824 0 1081344 8194 0 0 1105465408 32900 8 0 0 2097152 0 1048576 512 0 553656320 134217728 536873984 4227080 0 0 1024 16384 271581184 0 0 0 0 0 0 1024 0 0 0 344324 8192 0 0 0 2048 4227136 0 262144 8 8 0 16384 0 0 0 0 67108864 0 0 0 0 0 16 0 0 2147484160 2147483648 131072 0 0 0 0 0 0 0 0 0 0 0 0 0 0 128 0 131072 268435520 0 0 0 1048578 0 0 0 0 0 65536 0 0 0 2 0 0 0 0 0 0 33554432 0 0 65536 0 0 0 67108992 0 0 0 0 0 524288 0 0 0 16 0 0 16777216 0 0 4 524288 0 0 0 262144 8389120 16 0 2147485696 0 67108864 32 4203648 536870912 0 0 0 0 2 8404992 32 0 0 0 1065216 0 17920 1024 0 0 3310354432 16392 1048576 0 67584 0 2281701376 294912 1048576 135266324 256 58 268436480 0 0 16 0 16384 41943040 1064960 0 0 33554432 2688549384 412166 0 0 0 0 3288596480 536887296 4 269484048 16384 268435456 268436480 64 0 268443648 0 524288 4194304 0 131072 469762048 67670432 1025 0 8388608 0 134217728 64 0 24832 0 0 524288 0 0 8388608 0 16 512 0 0 0 83886080 2 0 0 0 0 524288 0 128 0 0 0 67108864 0 4 0 0 0 0 0 0 2048 0 131076 0 0 0 0 0 0 0 0 0 0 33554432 0 0 0 0 0 32 536870912 0 0 128 0 0 0 0 0 8224 0 0 20 0 0 0 16777216 536870912 0 0 0 0 16777216 0 1073741824 0 4 0 0 0 64 4128 0 0 0 0 268435456 8388608 524292 536870912 262144 131584 0 2684354560 2048 1536 16809984 0 320 16384 64 2134016 0 1073743872 131072 2105856 0 65537 50335744 256 10618880 0 0 0 0 524288 512 0 0 0 0 2 0 0 0 0 0 0 0 0 0 0 0 0 0 0 0 0 0 0 0 2048 0 131072 0 0 0 0 0 0 0 0 0 0 33554432 0 0 0 0 0 0 0 0 0 128 16384 256 0 0 1024 0 0 0 0 0 0 2 0 0 0 8 0 0 0 0 1073741824
is_linear=0
shrinkage=0.1


Tree=26
num_leaves=31
num_cat=18
split_feature=3 13 18 13 3 13 3 3 3 13 1 17 23 3 3 28 13 25 3 20 30 18 3 13 25 18 9 13 25 18
split_gain=130.634 93.0195 78.409 59.2966 49.6702 46.4126 40.1751 39.2474 39.1711 38.2852 36.779 33.9531 31.5891 90.2204 49.332 38.7462 37.2196 36.7276 54.4102 32.2764 31.5862 40.4204 31.3469 31.1392 30.3916 29.3514 28.6657 28.9196 27.414 45.0021
threshold=0 1 0.075304355472326293 2 3 4 5 6 7 8 9 73.250000000000014 4.5000000000000009 10 11 0.034630494192242629 12 10.500000000000002 13 125.50000000000001 4418.5000000000009 0.028250085189938549 14 15 77.500000000000014 0.012116214726120235 16 17 1.5000000000000002 0.026983897201716903
decision_type=9 9 2 9 9 9 9 9 9 9 9 10 2 9 9 2 9 2 9 2 2 2 9 9 2 2 9 9 2 2
left_child=-1 -2 3 -3 -5 6 -6 -7 -4 -10 22 12 14 15 28 20 -16 25 19 -19 21 -14 -11 -12 -21 -18 -25 -28 -9 -30
right_child=1 2 8 4 5 7 -8 11 9 10 23 -13 13 -15 16 -17 17 18 -20 24 -22 -23 -24 26 -26 -27 27 -29 29 -31
leaf_value=-0.064701733344336418 0.12046763239264034 0.075501306001350188 -0.030412247188479249 0.06870108738900936 0.037914746596864279 -0.052170947999142361 -0.06806513230187039 0.0021096532381169723 -0.050420163517010952 0.00074286070100913228 0.036432875521039798 0.14286609262366967 0.012984576645633548 -0.054697838616122901 0.057886244768666877 -0.0058056767368771401 0.18996155795689432 0.00032459270083851527 -0.069892042049459521 0.34351327900990336 0.23053611490273643 0.26619625480228815 0.041913852888657233 -0.016512127691096456 0.043542513278604866 -0.012213473722109722 -0.039805576043520773 0.0046316286425100725 0.12865262287649484 0.019534449186027123
leaf_weight=303.69709678459913 54.237263549119234 69.902800437062979 319.41668163612485 66.733675803989172 38.762750356458127 205.87992175482213 233.18542721215636 1174.104310718365 116.12892405129969 310.11192145198584 275.31955489888787 14.772705923765896 33.739748143590987 400.10053248796612 61.782338269986212 71.810902069322765 7.200900934636592 46.696300651878119 227.7740364484489 6.0038580959662777 14.781388616189359 7.7528684902936211 474.94192462787032 701.35925401560962 7.7210048763081431 2573.4848837759346 138.3449215721339 12635.355345098302 44.820359486155212 241.14105674717575
leaf_count=21169 487 1445 3841 932 1202 9610 9871 30349 1219 2044 2210 240 1833 18194 1291 1988 459 1500 9580 155 287 215 2889 6397 191 64783 1257 110376 1759 5270
internal_value=-0.000656663 0.000320043 -5.60644e-05 -0.0102105 -0.0114212 -0.0125341 -0.0521501 -0.0103407 0.00370707 0.00446861 0.00494149 -0.00849317 -0.008965 -0.0320702 -0.00618555 0.0397771 -0.0136407 -0.0153768 -0.0492887 0.034276 0.105013 0.060297 0.0258644 0.00372901 0.174763 -0.0116493 0.00303429 0.00411959 0.00881169 0.0366372
internal_weight=20877.1 20573.4 20519.1 5548.15 5478.25 5411.52 271.948 5139.57 14971 14651.6 14535.4 4933.69 4918.91 528.185 4390.73 128.085 2930.66 2868.88 288.195 60.4212 56.274 41.4926 785.054 13750.4 13.7249 2580.69 13475.1 12773.7 1460.07 285.961
internal_count=313043 291874 291387 161154 159709 158777 11073 147704 130233 126392 125173 138094 137854 22517 115337 4323 77959 76668 11426 1846 2335 2048 4933 120240 346 65242 118030 111633 37378 7029
cat_boundaries=0 24 114 203 225 316 340 364 386 477 478 501 521 612 635 656 748 749 840
cat_threshold=0 196608 256 0 1024 0 1024 0 8192 402653442 4096 0 134217728 549453824 0 0 0 0 0 0 0 577265668 101845121 384 0 0 0 0 2097152 16 0 0 0 0 2097152 0 0 0 0 128 0 0 0 0 0 0 0 0 0 0 0 0 0 0 524288 0 2 268435456 0 0 0 16777216 0 131072 0 0 0 0 0 0 0 0 32 0 0 0 0 64 0 0 0 0 0 0 0 0 16 0 0 0 0 2097152 134217728 0 0 0 8192 0 537002016 64 0 0 0 4096 0 0 0 0 0 0 262656 0 0 8 0 0 0 2 0 0 0 0 512 0 0 0 0 32768 0 0 16 128 0 0 0 0 0 0 0 0 65536 0 0 2048 8192 0 0 0 0 0 0 0 524288 0 0 16777216 0 262144 0 0 0 256 0 128 0 1024 0 16 0 34 0 0 64 8192 262144 8192 0 0 0 0 0 0 64 0 134217728 0 0 0 8192 0 8388608 4194304 0 0 0 0 0 4 0 0 0 4096 67108864 4 1081346 2 0 0 8388864 0 64 32768 0 33562688 18433 2048 1024 0 1073741824 2181169152 16777728 65536 0 0 1024 0 0 0 1024 64 0 0 0 0 536870912 0 0 0 0 0 0 0 0 0 0 0 0 0 0 536870912 0 0 0 0 0 0 0 0 0 0 0 0 0 0 0 0 0 0 1048576 0 2097152 266240 268435456 0 0 0 0 16777216 128 16384 0 4194432 0 0 16777216 0 0 4 65536 0 2 2 67108864 0 8 0 0 0 0 0 0 0 16 772 8 0 0 0 0 0 0 16777216 8192 0 0 16 8650752 33554432 67108864 262272 16777216 134218752 16 33554432 35651584 33687552 34816 0 1081344 4096 0 0 2097152 0 0 0 0 16 2129924 6 0 524288 6208 2 0 67239936 576 8388608 1342177280 2693090816 1 0 0 0 0 0 0 256 0 0 0 134348816 17664 16390 524288 539000864 0 0 0 276824064 0 64 32768 0 33554688 18497 1050624 1024 0 1073741824 2149580808 16791040 4259848 1048576 0 1024 256 0 0 0 268435456 0 0 8388608 0 0 67108864 0 0 0 0 0 0 0 0 268435456 0 0 0 0 2048 0 65536 0 0 2048 0 0 0 0 0 0 192 0 524288 268435456 0 0 0 0 0 0 0 16385 0 0 536870912 0 0 0 0 0 0 0 0 0 0 2097152 262144 8 0 0 0 0 0 8 134348800 0 0 0 1073741824 0 0 1024 0 0 67108864 0 0 0 0 0 0 0 1048608 0 512 46139400 370147328 2097152 2214592512 262144 0 0 294912 263168 0 48 268435456 2 1 12288 0 0 0 0 2 0 0 16777216 17301516 700973056 0 2952790144 256 1073741824 555761664 33554564 1152 35651584 0 512 0 268468480 0 0 0 0 8 9 4 0 0 0 8 0 2097152 0 8388608 0 0 0 0 0 0 9 0 4 16384 0 0 0 0 0 0 67108864 0 0 1073741824 0 1073741824 0 0 0 0 0 0 0 0 2 268435456 0 0 0 256 0 262144 0 16 0 0 0 16777216 0 0 0 256 0 8192 1024 67108864 0 0 0 0 8192 0 1073741824 0 0 0 0 0 0 0 1073741828 0 0 131072 0 0 67108864 0 0 0 268468224 0 0 0 0 1075838976 512 268697600 2097152 1077936128 129 0 135533696 16810016 262144 2151677952 1112150020 268437504 0 0 2 0 0 0 0 2 0 0 0 524304 0 0 0 0 0 0 0 128 0 0 64 0 1073741824 2097152 0 0 33558528 0 294992 65665 159871368 0 0 0 0 0 0 0 8 33554432 16777216 2147516416 0 0 0 262144 0 0 0 262144 16 0 0 0 4 16400 0 0 0 0 0 32768 0 0 512 8 0 0 0 0 0 0 0 0 33554432 0 0 0 268435456 0 0 16384 134218752 0 0 0 0 0 0 0 0 0 32768 4 0 0 2 0 0 0 2176 0 0 0 0 0 0 0 131080 512 0 32 0 524288 0 268435456 0 0 0 0 1024 0 1 24866 0 262144 0 2 16 0 0 0 0 0 0 0 1024 0 0 0 0 0 64 0 0 0 0 0 0 0 0 0 0 0 0 0 0 0 8388608 0 0 0 0 64 0 0 512 1409548288 0 0 4096 256 0 0 0 67108864 0 1073741952 0 258 0 8192 8388608 0 0 0 0 0 0 16384 0 536870912 0 0 0 0 17301504 0 0 0 0 134217728 0 0 2048 0 0 4 0 32768 4194304 4096 0 0 16
is_linear=0
shrinkage=0.1


Tree=27
num_leaves=31
num_cat=20
split_feature=3 13 18 13 3 3 13 3 3 13 13 5 3 3 2 13 15 3 15 3 20 18 3 28 29 29 30 29 3 6
split_gain=117.197 67.9628 69.5292 48.0034 45.0028 41.2062 36.294 35.353 35.3271 51.8784 39.8299 36.8539 33.207 32.8982 31.924 30.8184 29.164 28.9099 27.6317 26.3968 25.8408 36.9014 33.8671 27.3016 25.7157 23.841 64.852 23.7539 44.2269 32.659
threshold=0 1 0.063527129590511336 2 3 4 5 6 7 8 9 10 11 12 13 14 5.5000000000000009 15 4.5000000000000009 16 5.5000000000000009 0.012116214726120235 17 0.018454174511134628 0.0092939869500696676 0.024255153723061088 4545.5000000000009 0.02058188617229462 18 19
decision_type=9 9 2 9 9 9 9 9 9 9 9 9 9 9 9 9 2 9 2 9 2 2 9 2 2 2 2 2 9 9
left_child=14 17 3 13 -4 -5 -6 -7 9 -9 24 18 -8 -3 -1 -14 -17 -2 25 -18 21 -12 23 -22 -10 26 -11 28 29 -23
right_child=1 2 4 5 6 7 12 8 10 11 20 -13 15 -15 -16 16 19 -19 -20 -21 22 27 -24 -25 -26 -27 -28 -29 -30 -31
leaf_value=0.069046326800200203 -0.013644091080579955 0.040602064048088478 -0.040271265673510019 -0.057976188149903608 -0.048511073189284493 0.039158172301053271 0.044866017146384718 0.10774037245419191 0.20638727434898396 0.021277082745625554 0.26903514016592373 0.093573104113094302 0.041521101236564606 -0.070186800202302974 -0.075498553672793386 0.0021333661682176198 0.03964845770935476 0.093949080145473041 0.045627281618600045 0.003236493914749527 0.33984672946428485 0.15385694642023107 -0.051824976322059825 0.01558828519088981 0.029963938967759188 -0.010071428939735413 0.37262294775103744 -0.021912823844586024 -0.0098354414412468172 -0.00698362671037972
leaf_weight=11.195136896334587 35.976435825228691 27.594179932959378 225.86091325432062 153.28596691880375 121.98123982734978 152.328658352606 188.15625771135092 35.462981480173767 9.1096884226426464 80.444378519430757 4.5815224265679708 30.478612860664725 202.19425211660564 197.10924916248769 240.39672434143722 14832.747557923198 395.72004396282136 105.31366576813161 108.15068787802011 408.55110280774534 2.7119595669209948 36.057537679560483 393.81896051391959 61.043020107783377 88.79184375423938 1341.6604658737779 5.6206221068277946 1115.4482149016112 240.78365234285593 19.42573905736208
leaf_count=776 376 935 3415 8843 1392 2809 913 605 283 2716 251 405 1545 9768 18592 138215 3303 1011 2857 3609 148 1312 19437 2327 3194 38414 125 34079 11221 726
internal_value=-0.00015978 0.000683759 0.000190341 -0.0114488 0.00310741 -0.00873564 0.00373672 -0.0065601 -0.00861273 0.00242837 -0.0175492 -0.000624296 0.00416437 -0.0554314 -0.0666731 0.00365286 0.00313699 0.0674618 -0.00308681 0.0216852 -0.0208715 -0.0143081 -0.0416429 0.0253977 0.0420817 -0.00679854 0.0442223 -0.0152277 0.00994196 0.0826477
internal_weight=20872 20620.4 20479.1 4103.91 16375.2 3879.2 16149.4 3725.92 3573.59 1601.82 1971.77 1566.35 16027.4 224.703 251.592 15839.2 15637 141.29 1535.88 804.271 1873.87 1416.3 457.574 63.755 97.9015 1427.73 86.065 1411.72 296.267 55.4833
internal_count=313602 294234 292847 140455 152392 129752 148977 120909 118100 45122 72978 44517 147585 10703 19368 146672 145127 1387 44112 6912 69501 47589 21912 2475 3477 41255 2841 47338 13259 2038
cat_boundaries=0 24 115 206 228 252 341 362 385 474 564 565 586 610 622 714 728 750 773 796 797
cat_threshold=0 0 4416 0 1024 128 512 16777216 0 2148536348 16 0 134217728 549453824 0 0 0 0 0 0 0 40640516 33685504 2464 0 0 0 0 524288 0 0 0 33554432 0 0 0 134217728 0 0 128 0 0 0 0 0 1048576 0 0 0 0 4096 0 0 0 557056 0 0 268435456 0 0 4 16777216 2 131072 0 2048 0 0 0 0 16777216 0 32 8 0 0 0 64 0 0 0 0 0 0 0 0 16 16384 0 0 0 2097152 0 0 134217728 0 8192 0 131104 64 0 0 262144 8 0 0 0 0 0 0 262656 0 0 0 2 0 0 0 0 64 0 0 0 0 536870944 0 0 0 0 0 0 0 0 0 0 33554432 0 0 0 536870912 64 0 0 0 1073741824 0 0 0 2097152 0 0 0 0 0 0 0 0 0 0 0 2097152 266240 268435456 0 0 0 0 16777216 128 16384 32 4194432 0 0 0 0 0 0 65536 0 2 2 0 0 8 0 0 16777216 0 0 0 0 16 36 0 0 0 0 0 67108864 0 16777216 0 0 0 16 1048576 0 268435586 131201 0 35127360 262164 0 32768 0 0 1 524288 16 0 1073750016 2147483664 134222336 134283272 0 16396 1024 0 65536 2048 6 0 393216 524288 8388608 536870912 671616000 1 0 0 0 0 16777216 0 0 0 0 0 672337920 67111049 32778 0 0 0 8 268435456 512 0 8388608 0 0 0 0 128 1 0 0 524288 0 0 0 33562624 0 0 0 0 0 0 32 0 0 4194304 0 0 0 0 0 0 0 131072 64 0 0 0 1074790402 0 0 0 16384 0 0 0 32 0 2 0 0 0 128 0 0 0 0 0 65536 8192 0 16842760 0 0 0 0 0 0 0 0 0 0 2097152 1024 0 2048 0 0 0 0 8 4194304 0 67108896 0 0 268435586 129 0 2198339584 33589268 512 32768 0 8192 16385 0 1040 0 1073750016 2147483664 768 134283272 0 4 579862528 41943056 2214592512 256 268435456 136318976 20971520 0 35717120 262144 268435456 2 33025 258 0 0 0 268439552 0 0 0 268436480 16 0 0 0 0 0 0 0 0 0 0 0 0 0 0 0 524288 1048576 0 0 0 0 0 0 0 0 0 0 0 0 0 8192 0 0 0 0 0 0 0 524288 0 0 128 0 33554432 0 262144 0 256 0 0 0 134218752 0 0 0 0 0 8320 1024 0 0 8192 0 0 0 16384 0 0 64 0 131072 32768 0 0 1073741824 0 0 0 0 0 0 0 0 4 0 0 0 4096 262144 0 0 0 0 0 2097152 0 8388608 0 0 0 0 0 0 0 16777216 16 0 0 16384 0 0 0 0 67108880 0 0 1073741824 0 0 0 0 0 0 0 0 0 0 0 0 0 553648128 0 262144 0 0 0 0 0 0 32 1024 0 268435472 0 0 0 0 0 67117056 0 0 0 0 8192 0 65536 0 0 0 0 0 0 0 1610612740 0 0 131072 0 0 16777280 0 4 131072 32768 0 0 0 67174400 8 41 0 1073741824 1048576 0 0 0 0 0 0 0 0 0 4194304 1048577 0 0 0 16384 553652608 131074 34603280 8650752 0 536870912 129 16777216 1024 294912 33554432 0 33556480 268437504 0 557056 4096 0 0 0 0 2 0 0 16 307208 4 16777216 2214594560 128 67108864 0 4202624 536870912 0 4194304 0 8392704 2 0 0 0 0 0 0 0 8 0 67117056 2097152 0 0 0 262152 0 0 0 0 16 0 0 0 0 0 0 0 0 0 0 0 0 131072 0 4194304 0 0 0 0 0 2097152 4 0 33554432 32768 0 4096 0 0 0 0 0 0 65536 0 0 0 0 0 0 0 0 262148 0 0 4096 0 0 0 2176 0 32768 0 0 0 0 0 134217728 0 0 32 0 524288 0 0 65536 0 0 0 1024 64 1 0 0 0 0 1073741824 0 8192 0 6291456 0 0 1078984704 786446 4 268435456 262144 263176 64 0 0 0 0 0 0 1024 1614807040 196674 8192 0 0 0 2621440 0 0 0 256 67108864 0 1073742336 0 150994944 872416256 132256 66592 2147483648 1077952800 32768 0 0 4096 0 0 0 536870912 3 0 0 8388608 1024 2 0 4194304 0 0 0 0 37748736 8192 18874369 37376 0 0 0 0 0 0 0 3 0 0 3238002688 678699520 1
is_linear=0
shrinkage=0.1


Tree=28
num_leaves=31
num_cat=20
split_feature=18 13 3 13 13 20 3 3 3 3 26 23 3 3 3 22 3 23 3 13 3 23 29 20 3 15 3 13 3 3
split_gain=114.766 65.7277 63.4528 53.9733 44.7546 39.5548 39.4617 37.6634 35.8535 35.0839 30.7395 87.7994 89.4684 43.8697 37.7428 35.6587 57.6842 36.28 33.2697 33.9454 31.7196 29.9029 42.5287 46.547 28.4016 27.5956 37.0188 25.9479 26.2683 25.3117
threshold=0.028250085189938549 0 1 2 3 5.5000000000000009 4 5 6 7 10.500000000000002 1.0000000180025095e-35 8 9 10 0.24963767826557162 11 46.500000000000007 12 13 14 2.5000000000000004 0.01343591930344701 73.500000000000014 15 5.5000000000000009 16 17 18 19
decision_type=2 9 9 9 9 2 9 9 9 9 2 2 9 9 9 2 9 2 9 9 9 2 2 2 9 2 9 9 9 9
left_child=3 -2 -3 7 -4 8 -7 21 -5 -6 15 12 -12 -13 -14 17 -17 18 -11 -20 -19 -1 23 -23 -21 27 -27 28 -26 -29
right_child=1 2 4 5 9 6 -8 -9 -10 10 11 13 14 -15 -16 16 -18 20 19 24 -22 22 -24 -25 25 26 -28 29 -30 -31
leaf_value=0.12936059953037057 0.086569225473028366 -0.050549428630576099 -0.056105093856907096 0.02088945137249637 -0.044324236220565721 0.03777484544108492 -0.060801472549918793 -0.042628918700007346 -0.026239574042865872 -0.028336201635472485 -0.040504612863236471 0.020240465594784041 -0.0058718371403054586 -0.037607141338775532 0.040614105129812811 -0.026155004134009192 0.055353386584505948 0.027132492786832718 0.048580994135366727 0.027935088076446592 -0.06860526446853539 -0.0040423774098362212 -0.033423934278799368 0.56834630680053144 0.029400865145047646 0.041488006214539623 -0.0031091846776709875 -0.018100469204897694 -0.046589296752323768 0.0044096961894186581
leaf_weight=51.065283359028399 82.48760786280036 216.60004790406674 118.62382854614407 186.18136159423739 144.82278861291707 41.369007428176701 442.23530226107687 35.552446991205215 1012.664603382349 290.01567803509533 245.09445435926318 151.30295435059816 248.55060234665871 859.73700516950339 598.3398608583957 115.98591313697398 306.07344626821578 45.733274405822158 169.44447503238916 503.43501229770482 112.15462778508663 3.0447775088250628 31.765465248376131 2.663575179874897 54.264292187988758 427.65972253214568 329.30065532401204 509.55048336554319 185.97545747365803 13301.541017804295
leaf_count=1853 775 6545 2600 7113 4122 2093 30813 1999 48517 5118 2885 2143 2179 13950 6441 1055 2326 417 1617 5228 3637 152 1630 63 654 3922 3255 6973 2285 140826
internal_value=0.000179929 0.0024681 0.00205491 -0.0239067 0.00269031 -0.0285339 -0.0528451 0.0380619 -0.018965 0.00309526 0.00349119 -0.00788719 0.0117735 -0.029122 0.0270618 0.00495678 0.0336459 0.00419663 0.00467413 0.00530741 -0.0435009 0.0715009 0.0117361 0.26304 0.00479713 0.00399219 0.0225939 0.00299294 -0.028936 0.0035667
internal_weight=20823.2 19016.7 18934.2 1806.54 18717.6 1682.45 483.604 124.092 1198.85 18599 18454.2 2103.02 1091.98 1011.04 846.89 16351.1 422.059 15929.1 15771.2 15481.2 157.888 88.5391 37.4738 5.70835 15311.7 14808.3 756.96 14051.3 240.24 13811.1
internal_count=313186 218953 218178 94233 211633 88536 32906 5697 55630 209033 204911 27598 11505 16093 8620 177313 3381 173932 169878 164760 4054 3698 1845 215 163143 157915 7177 150738 2939 147799
cat_boundaries=0 92 116 205 295 318 342 366 389 410 432 455 476 499 590 602 623 645 733 755 777
cat_threshold=0 0 0 0 2097152 16 0 0 33554496 0 0 0 0 0 9 128 16 0 0 0 2147483648 0 0 0 0 0 65536 0 0 65536 524288 0 0 268435456 0 0 4 0 536870912 0 0 0 0 33816576 0 0 0 0 1073741824 0 0 0 0 64 0 0 0 65536 0 0 0 0 0 16384 0 0 1 0 0 0 0 0 8192 0 32 0 0 0 262144 4096 0 0 0 0 268435456 0 0 4096 65536 0 0 1 17039426 0 4194304 8192 285212672 4194336 80 8454304 268435456 16798368 4624 0 0 0 0 0 0 768 0 0 0 0 16 4096 0 0 0 0 524288 16 0 0 0 0 2147483648 0 0 0 0 0 0 0 0 512 0 0 0 0 67108880 0 0 0 0 0 0 0 0 2097152 0 0 0 0 0 0 0 0 0 0 8388608 0 0 0 0 0 16384 0 0 268435456 0 0 0 0 0 8192 128 2105344 0 0 0 0 0 0 0 536870912 134217729 32768 0 0 8196 64 8388608 131072 67109888 0 64 0 4 0 0 0 0 512 67108864 0 0 0 0 268435456 0 0 0 0 0 0 0 0 0 0 0 0 0 0 269484544 0 0 0 0 0 0 0 4 0 0 0 0 2048 1048576 0 0 128 0 0 64 0 0 0 67108866 0 8388608 0 16384 0 0 0 67108864 20971520 0 0 0 0 0 0 0 0 0 0 65536 0 16384 0 0 0 0 134217744 0 0 4194304 0 0 0 2097168 1024 0 16777216 0 0 0 0 0 0 134217728 67108896 8389120 17039360 131072 0 0 16777216 0 0 0 268435456 1073762328 0 0 0 0 0 0 0 256 2 0 0 8388608 1072 21233664 12713984 0 0 16778240 0 65536 262144 0 2420116500 512 0 0 2 0 0 0 0 3 0 0 67260416 218235392 32768 262146 8388608 0 0 285212672 0 0 33554464 536870912 16798433 4624 0 0 0 0 0 0 256 1 0 0 1074003968 85983330 4098 65536 8388656 256 4096 1 2181465088 641 39845888 536879104 1073741825 2097152 0 8388608 768 0 0 4 0 1 0 0 1024 8224 270009344 262144 335545344 128 0 0 262144 1048576 0 0 33554432 3092250688 4983072 4096 0 8388608 0 0 16777296 0 268435584 336068608 302022656 128 0 0 4096 32768 0 0 0 133120 4194304 6303888 8196 0 1082130432 0 67109888 64 2 16777216 16777216 100679680 2097152 1048576 262144 0 0 4202496 512 16777216 0 0 512 1073897606 0 0 512 0 201588736 537186304 1 1048576 0 524288 536887296 0 335806464 0 0 0 0 0 4195328 0 0 336592896 168872 0 0 9502720 66 201850880 0 0 128 8388608 16809984 8192 0 2147483648 402718720 168196 8 65536 0 34816 0 0 2097152 0 3762290689 131073 805307392 4194304 1048576 8192 0 32768 2 0 0 0 32768 2097152 0 65544 0 0 0 0 0 0 0 64 1048580 0 0 0 0 0 0 0 16384 0 1 0 0 0 8192 0 0 0 0 0 0 0 2 0 10485824 0 0 0 0 0 0 256 0 0 0 0 0 0 0 0 4194304 0 0 8192 0 0 262162 0 0 134217728 0 0 0 0 0 0 0 0 512 0 0 134217736 32 0 32 128 0 0 32768 0 0 0 0 1073741824 1 277872640 0 0 0 0 0 0 0 0 0 132096 2 1073742848 1074790400 2701131776 0 0 532480 0 0 16781312 0 16384 2415919104 257 1081344 0 66048 0 262152 16781440 131074 9703440 806354944 268697600 67372040 64 0 0 8192 16384 2098176 0 131072 1614807040 213186 0 0 8388608 0 2621440 0 0 0 256 0 0 0 0 0 0 0 0 0 0 67108864 0 0 0 0 0 0 0 0 2147483648 0 0 0 0 536870912 64 0 0 0 0 2048 0 0 0 0 0 0 1073741824 131072 0 524288 0 0 1343225856 0 0 4096 0 0 65536 0 32 0 128 0 0 0 8192 1024 32 33554448 0 0 8 0 0 0 0 0 0 0 0 0 0 0 0 0 0 512 0 0 0 0 0 0 0 0 512 540672 270532608 262144 0 0 0 8192 16384 33555456 0 268435456 159383552 102410 8192 0 8388608 0 0 0 0 0 256 1048576 268435456 34 0 536871040 1082130432 17408 524288 0 262144 0 83886088 524288 8192 403701760 16777216 262200 2149580800 262144 0 8 256
is_linear=0
shrinkage=0.1


Tree=29
num_leaves=31
num_cat=18
split_feature=3 13 18 23 3 3 2 3 13 13 3 13 21 28 13 30 30 3 3 13 3 9 18 16 30 3 26 3 23 23
split_gain=102.177 81.2702 57.9026 40.1236 35.867 35.2431 34.9042 30.0384 35.8515 34.0716 27.1923 26.0462 25.7902 21.778 21.7344 24.4313 59.5353 30.0928 21.3153 21.123 23.9672 21.5717 20.8463 32.1126 22.1642 20.4925 20.2259 69.721 62.7928 36.9898
threshold=0 1 0.046979362145066268 16.500000000000004 2 3 4 5 6 7 8 9 1.5000000000000002 0.055516049265861518 10 3950.5000000000005 3871.5000000000005 11 12 13 14 15 0.015650665387511257 19.500000000000004 3697.5000000000005 16 7.5000000000000009 17 1.0000000180025095e-35 1.0000000180025095e-35
decision_type=9 9 2 2 9 9 9 9 9 9 9 9 2 2 9 2 2 9 9 9 9 9 2 2 2 9 2 9 2 2
left_child=6 13 3 5 -4 -3 -1 14 -9 -10 -7 -12 19 -2 -6 16 17 -16 -14 21 -21 -13 23 -22 -25 -24 29 -28 -29 -11
right_child=1 2 4 -5 7 10 -8 8 9 26 11 12 18 -15 15 -17 -18 -19 -20 20 22 -23 25 24 -26 -27 27 28 -30 -31
leaf_value=0.068145937356098696 0.25040710864674104 -0.046935916019492735 -0.050112148592742448 -0.06228555369405863 0.057014889039020258 -0.04516755985883561 -0.075765820756113753 -0.045341522631537984 0.046212043323446632 0.00044296096163434317 -0.050624519321309826 -0.018761652557242204 -0.03965230814020182 0.092741162541915376 -0.041494186233207865 -0.00094417723255928578 0.084117731236135307 0.021309346445895553 0.065921238466122953 -0.032312424383334835 -0.00066335987313104411 0.082955906732209928 -0.025860843475327674 0.014354961883487082 0.32387831348858398 0.0017648254912581885 -0.033309267900382675 0.028307811600921037 -0.019203014115124747 0.014659410715650953
leaf_weight=13.079428313300012 10.291408535093067 228.46835010219365 119.97911462001503 155.19420324452221 113.74154790490866 162.05178174376488 217.65553205739707 152.58429188281298 161.35910276696086 11642.933692652732 104.34439708385617 33.098314939066768 19.934267787262797 58.903650159016252 83.618128873407841 651.05841324850917 140.36105363443494 418.34035263583064 81.103533960878849 286.67195551283658 16.80940457619727 47.107220157049596 314.21100054867566 3.443724977783857 7.0489155976101756 1560.9537356458604 689.74800975248218 618.32771129533648 505.67941704764962 2171.5607201699167
leaf_count=967 200 12954 2382 13719 629 9109 17413 2023 1600 111388 4294 939 731 485 420 3747 710 3436 2331 11987 1031 1316 12645 213 442 50332 9687 5664 6412 23961
internal_value=-0.000345572 0.000412827 2.20287e-05 -0.0127624 0.00223248 -0.0100801 -0.0651162 0.00262184 0.00138057 0.00186048 -0.00668327 -0.00399158 -0.00173474 0.101519 0.0165761 0.0126097 0.0265443 0.0104452 0.047692 -0.00394301 -0.0058554 0.0435537 -0.00172062 0.085022 0.222292 -0.00299276 0.0013733 -0.00855416 0.00687203 0.00267771
internal_weight=20789.7 20558.9 20489.7 3020.44 17469.3 2865.25 230.735 17349.3 15942.2 15789.6 2636.78 2474.73 2370.38 69.1951 1407.12 1293.38 642.32 501.958 101.038 2269.34 2189.14 80.2055 1902.47 27.302 10.4926 1875.16 15628.2 1813.76 1124.01 13814.5
internal_count=313167 294787 294102 122043 172059 108324 18380 169677 160735 158712 95370 86261 81967 685 8942 8313 4566 3856 3062 78905 76650 2255 64663 1686 655 62977 157112 21763 12076 135349
cat_boundaries=0 24 115 139 163 175 197 286 376 400 489 572 593 617 707 730 731 755 776
cat_threshold=2 0 64 0 1024 0 512 0 2684354560 680526848 0 0 134217728 549453840 0 0 0 0 0 0 4 6848516 16908416 34752 0 0 0 2 0 0 0 0 33554432 4 0 0 0 0 0 128 0 0 0 16 0 0 0 0 16384 0 0 0 0 0 524288 0 0 0 0 16777216 0 0 536870912 33685504 8388608 0 0 262144 0 0 0 0 32 4194312 0 0 0 64 0 0 0 0 0 0 0 32768 0 0 0 0 0 0 0 0 134217728 0 8192 0 537010208 64 0 0 262144 4096 0 0 0 0 268435456 0 262144 0 65536 0 2 0 32784 1073750018 1 134217856 134816768 138428458 0 0 0 2099200 0 0 0 0 1090519041 2097152 4096 0 0 65536 16778240 0 524288 67108864 65536 2052 2 0 0 524288 58785792 268435456 2623752 1 0 0 0 0 0 0 0 0 0 0 2283151360 100681993 2064 16777248 2214594560 128 67108864 32 4203648 536870912 0 2048 0 8392704 2 1073741824 1073741824 8 0 0 0 1048576 0 0 0 16384 2155872768 16 1090056 0 1048576 270400 2097152 553922688 131074 403701776 256 0 0 0 0 268435520 0 0 0 0 0 67108864 0 0 0 0 16777216 0 0 0 268435456 0 131072 0 65536 0 0 0 0 0 0 4194304 0 0 0 0 0 128 0 524288 64 0 128 0 0 0 0 16 16384 0 0 134217728 1024 16777216 1073741824 0 0 4194304 262144 0 0 0 0 0 0 0 0 65536 0 33554432 0 0 0 0 0 0 262144 32768 0 0 0 16777216 0 0 0 0 4194304 268468224 0 32 2 0 0 0 0 0 0 8 8 67117056 128 0 0 0 262152 0 20 0 0 0 2181038080 0 0 0 16 0 0 1048576 0 0 131072 0 0 0 8 0 0 0 0 32768 2097152 0 0 269484032 0 1048576 16777216 0 0 0 0 0 0 0 0 0 0 0 0 335544320 0 0 130 0 0 0 0 0 0 0 0 0 0 0 0 0 4 0 0 0 4128 128 524288 0 0 0 0 0 0 1024 0 524288 4096 8192 536870912 131072 0 2097152 73728 2218819652 2 0 8388608 0 0 0 0 0 0 0 0 578880000 807481344 4139 0 0 0 0 16 0 0 0 0 536870912 2 0 0 0 0 0 0 0 262144 0 0 0 0 0 536870912 64 0 0 0 0 16 0 0 2097152 0 0 0 0 131072 0 0 0 0 0 0 2097152 262144 268435457 0 0 0 0 0 128 16384 0 4194432 0 0 0 0 2097152 0 65536 0 16384 8 0 0 8 0 32768 0 0 4 0 0 131088 36 0 16777216 4096 0 0 0 0 0 0 262144 0 0 0 0 524288 0 0 0 0 536870912 0 0 0 0 0 16777216 0 0 0 0 0 0 0 0 0 0 65536 0 0 1073741824 0 0 4 0 0 0 0 0 0 0 0 0 0 0 32768 0 0 0 0 0 0 1024 0 0 16384 0 0 0 0 0 0 0 0 0 0 16384 0 0 0 0 0 0 0 0 0 0 0 0 0 0 0 0 4 0 0 8 0 0 0 0 0 0 0 0 512 0 0 0 0 0 0 0 0 268435456 35651584 33554432 0 256 0 128 16842752 0 0 268435456 268439552 0 1 0 0 2151677952 0 268435712 0 0 0 352337936 1050112 4 0 0 0 0 0 0 0 0 0 32 0 0 0 0 8388608 524288 0 0 0 0 0 0 0 0 67108864 0 65537 1024 0 0 0 0 0 0 0 0 0 0 0 268435456 0 553648132 0 1048576 32768 0 0 272 8 0 0 0 16777216 268435456 1 256 0 128 0 16777216 262144 8192 16 0 0 2 1073741824 0 0 0 0 0 0 0 0 0 0 0 1024 0 0 0 0 131072 0 0 0 4096 67108864 1073741824 16777216 131072 536871456 0 268435457 1073741824 131136 0 0 1107693616 32768 0 0 0 0 0 0 0 2 0 0 20496 1077936660 28931 134217792 12582912 0 4096 1207959552 134250624 1312 0 0 16851586 0 0 1 0 402653184 0 4 256 0 0 0 1073741824 142607456 16388 303038464 2359296 268436480 262160 0 0 8192 1064960 0 0 33554432 838860800 475426 0 0 0 0 278528 32848 0 128
is_linear=0
shrinkage=0.1


Tree=30
num_leaves=31
num_cat=20
split_feature=3 13 13 3 27 21 3 13 3 3 13 3 13 9 3 13 3 3 29 23 3 15 3 3 15 20 14 14 23 3
split_gain=93.1864 70.6975 50.2306 43.4833 42.2543 69.3771 83.2426 52.0625 51.2908 43.6258 33.6126 32.9502 34.9217 31.6569 44.0812 33.5463 30.8782 28.0821 29.4693 48.4096 42.1195 41.1478 30.8022 27.2739 27.2005 25.727 25.0846 29.7009 24.7532 84.6125
threshold=0 1 2 3 -1.0000000180025095e-35 1.0000000180025095e-35 4 5 6 7 8 9 10 11 12 13 14 15 0.024255153723061088 6.5000000000000009 16 1.5000000000000002 17 18 4.5000000000000009 506.50000000000006 1.5000000000000002 10.500000000000002 8.5000000000000018 19
decision_type=9 9 9 9 2 2 9 9 9 9 9 9 9 9 9 9 9 9 2 2 9 2 9 9 2 2 2 2 2 9
left_child=-1 -2 16 -4 9 6 -6 24 10 -5 -7 25 23 14 -14 -15 -3 -17 19 20 26 -21 -20 -13 -8 -11 -19 -28 -24 -30
right_child=1 2 3 4 5 8 7 -9 -10 11 -12 12 13 15 -16 17 -18 18 22 21 -22 -23 28 -25 -26 -27 27 -29 29 -31
leaf_value=-0.062265012658720892 0.097110588660782662 0.052698949419554532 -0.045749321994827404 0.018924852214544159 0.055232552169268104 0.070536576619636859 0.046752585173135117 -0.054051716691814536 -0.011466041472427024 -0.038978059900339292 0.0095589329868535702 -0.028006539599828434 0.035394162563118593 -0.041735143918073481 -0.035350720383495744 -0.037397091753300561 -0.074144325433961086 0.23866500513713063 -0.036810736371514323 0.35944926981008418 -0.0052636504496532659 0.06831488774906308 0.0027836628268884493 0.068898856163687086 0.30457933723052144 0.20796748978058172 0.032347885649021212 0.14756559152881574 0.088939700168932767 -0.085632737054598534
leaf_weight=233.57361015863717 64.624659676104784 17.771828738041222 195.32168612256646 1413.7674326635897 81.783014948479831 128.7561700604856 27.807351899333298 659.90260793082416 1055.5721116652712 259.9754207348451 291.85674051754177 35.306504886597395 101.22702837456018 166.31427674461156 463.220723265782 167.64797872304916 130.31169083341956 7.9040308976545921 193.17444782424718 7.7945768078789142 245.16697096079588 12.87121712695807 14392.495858870447 121.75925265904516 4.7978698564693323 4.2883746782317749 111.1974992537871 28.008844154886901 30.067409272305667 92.142941952683032
leaf_count=19146 836 287 11351 11727 1612 1767 927 23512 14767 7613 4345 373 1525 2194 7189 5441 4627 313 7137 205 11392 355 164692 1322 88 41 4011 864 458 3194
internal_value=-0.000776111 -4.55785e-05 -0.000399949 3.72979e-05 0.000504646 -0.0124079 -0.0366511 -0.0476123 0.000308172 0.00213251 0.0294297 0.000676568 0.00125856 0.000783708 -0.0222682 0.00163948 -0.0565509 0.00213829 0.00260106 0.0289495 0.0210908 0.178123 0.00186306 0.0467432 0.0648136 -0.0336956 0.061209 0.0555301 0.00240147 -0.0424121
internal_weight=20746.4 20512.8 20448.2 20300.1 20104.8 2250.48 774.291 692.508 1476.19 17854.3 420.613 16440.6 16176.3 16019.2 564.448 15454.8 148.084 15288.5 15120.8 412.943 392.277 20.6658 14707.9 157.066 32.6052 264.264 147.11 139.206 14514.7 122.21
internal_count=313311 294165 293329 288415 277064 47018 26139 24527 20879 230046 6112 218319 210665 208970 8714 200256 4914 198062 192621 17140 16580 560 175481 1695 1015 7654 5188 4875 168344 3652
cat_boundaries=0 24 115 206 230 254 345 368 389 478 501 592 593 617 708 731 755 778 802 818 836
cat_threshold=2 65538 4160 0 1024 128 0 0 0 72352256 0 0 0 549453824 0 0 0 0 0 0 0 4727300 1074939969 2536 0 0 0 0 0 16 16 0 0 0 0 0 0 0 0 524288 0 0 0 0 0 1048576 0 0 16 0 4096 0 0 0 524288 0 0 0 0 16777216 0 0 0 33685504 8388608 1 512 262144 0 0 0 0 32 8 0 0 0 80 0 0 0 0 0 0 0 0 128 16384 0 0 0 2097152 0 128 134217728 0 0 0 8192 0 0 0 262144 4096 0 0 0 0 0 0 1310720 0 0 0 2 0 0 0 1024 268435456 512 0 0 0 0 67108864 0 0 0 0 0 0 0 0 268435456 0 67108864 0 65536 67110912 0 0 4 0 0 16384 0 0 0 0 0 0 0 0 0 0 0 0 67108864 0 2097152 262144 16384 0 128 0 0 20971520 0 0 0 128 262144 0 0 0 0 0 65536 0 0 2 0 0 8 131072 0 0 4194304 0 0 0 16 4 8 0 0 0 0 0 4194304 16777216 0 0 8388608 1048576 134217792 0 0 2 1 131072 655424 8388608 0 947913728 17 0 134219776 0 268435456 0 0 256 0 0 0 171048960 301994368 528 524288 301989888 4194304 16 2147483648 1052672 32896 32 4194304 0 0 1509949440 2147635328 128 0 2148532224 16 512 0 0 0 17039616 524296 524288 0 0 0 0 16 0 0 0 8388608 65536 2 0 0 0 0 16777216 1048576 128 262144 0 0 0 0 0 0 0 0 0 0 1073807360 2064 0 131072 0 0 0 0 0 0 0 0 0 0 1048576 0 0 0 0 0 0 0 0 1048576 0 0 0 0 0 64 0 0 2138112 4 0 0 0 0 67108864 0 0 64 0 0 0 4 0 0 0 0 0 0 0 0 0 0 0 0 0 1310720 2097152 80 356532224 277872640 67108864 0 1073741824 0 0 262144 2097152 32 132608 17825792 2147483910 8192 0 0 64 0 32832 0 269484048 16777216 16 4457472 0 1048584 512 0 0 0 1024 5120 0 0 512 270532624 32776 0 2048 262146 51134464 16781440 393346 266240 0 0 0 0 524288 0 0 0 0 0 0 0 65536 0 0 16777216 0 0 0 0 0 0 0 0 0 0 0 0 0 0 0 0 0 0 0 0 0 0 0 0 0 0 0 33554432 32768 0 0 0 0 0 0 1024 0 0 0 256 0 0 1024 0 0 0 0 0 0 16386 0 0 0 0 0 32768 0 0 0 0 0 0 0 0 0 0 4 0 0 0 0 0 1048576 0 0 4196864 401408 2147483648 83886080 4227232 1114112 0 33029 64 0 0 0 0 1073741824 32 0 32768 0 0 1082458112 4260880 0 0 0 2 0 0 0 0 33554440 0 2147483648 0 0 524288 536870912 0 0 0 0 16384 0 0 0 0 0 0 65536 0 0 65536 0 0 0 0 0 0 0 0 524288 0 64 128 0 0 0 0 16777216 0 1073741824 4194304 536887296 0 0 0 0 32 0 0 8389632 0 0 0 16 0 0 0 16777216 0 0 0 536870912 0 8192 0 512 0 0 0 1024 0 0 0 524288 0 0 32768 512 4096 0 0 1 12288 16384 276824064 0 144 1073741824 0 65536 16384 2097152 0 268469248 419430400 1577224 3 0 545259520 0 0 2 0 0 0 67108866 4 0 0 0 0 16 2 0 0 0 65536 0 0 0 0 0 0 0 0 0 0 33554434 0 0 0 0 0 0 0 1073741824 0 2048 16 655360 1048576 0 0 192 262144 4096 0 0 0 0 33554432 0 1048576 0 0 0 0 0 1024 0 1073741824 16384 0 0 0 0 268435456 0 0 2 0 16384 0 0 0 0 0 0 0 8 0 0 262144 0 0 256 0 64 0 0 0 67633152 0 4194304 0 32 0 64 0 10485760 67371008 64 0 0 0 16384 0 0 32768 2974810112 136 0 0 0 0 0 2 0 0 0 512 0 0 8388608 4096 0 1342472192 66068 6291456 3489660928 2147491840 0 16384 0 2098176 0 536870912 24 1073741824 0 0 65536 4112 536870914 24578 536870912 8912896 1073741828 0 1342177280 0 0 33554464 536936448 19009760 512 0 524288 4102 0 0 0 0 1 0 0 67108864 2150113792 1048576 8912896 4 0 268435456 536870912 0 33816576 8192 2363416 32768 0 8388608 0 0 16777216 4 0 2 0 0 0 2105900 557060 805322752 262144 67108864 0 0 0 0 0 4194304 0 512 1074790400 2147893258 0 0 65536 0 0 67108864 0 0 0 0 0 0 0 131072 135266304 0 0 0 65536 0 201326592
is_linear=0
shrinkage=0.1


Tree=31
num_leaves=31
num_cat=18
split_feature=3 13 13 3 23 3 25 3 3 22 3 25 3 3 3 25 22 14 13 3 13 3 3 20 26 23 23 3 3 25
split_gain=86.2776 58.8121 54.6904 45.577 39.3667 154.503 65.0299 53.4647 50.7735 46.586 81.8499 71.7835 115.53 49.3544 44.054 35.3223 41.1167 75.2451 32.0166 34.6567 31.2938 31.1364 30.1958 31.1871 29.4957 105.028 68.0958 69.1709 62.8394 51.2826
threshold=0 1 2 3 4.5000000000000009 4 5.5000000000000009 5 6 0.082235131412744536 7 17.500000000000004 8 9 10 1.5000000000000002 -1.0000000180025095e-35 5.5000000000000009 11 12 13 14 15 68.500000000000014 4.5000000000000009 1.0000000180025095e-35 1.0000000180025095e-35 16 17 1.5000000000000002
decision_type=9 9 9 9 2 9 2 9 9 2 9 2 9 9 9 2 2 2 9 9 9 9 9 2 2 2 2 9 9 2
left_child=-1 -2 -3 -4 8 15 18 -8 -5 11 -11 14 -13 -14 -10 -6 17 -17 -7 -20 -16 -12 -22 24 25 -24 27 -26 29 -27
right_child=1 2 3 4 5 6 7 -9 9 10 21 12 13 -15 20 16 -18 -19 19 -21 22 -23 23 -25 26 28 -28 -29 -30 -31
leaf_value=-0.060681963651804463 0.073203919061535047 -0.052165496452238863 -0.050177236438311838 -0.035387621355331737 -0.054712944509657746 0.072013035247521451 0.015856702744895795 -0.036757297766229005 0.028776215254960782 -0.031507321957909278 -0.00056022364114780715 0.073443560783607476 0.019551043764880947 -0.069988866047952819 0.045198954599753545 -0.075699637331895442 0.051210518180892978 0.25894270087392196 0.034315265181113858 -0.070207546779484473 -0.032952645788887312 0.044716785774195321 0.00028804902992587327 0.105814917051156 0.055241782770493492 0.037950390642236348 -0.033809962818557728 -0.0084038919254039186 0.016726291996614042 0.1217572064450117
leaf_weight=227.83062984980643 98.861296229064465 192.79664634820074 169.22591133369133 351.23706558719277 25.686859324574471 12.393771718721835 364.89605397265404 392.47143878601491 595.86078213807195 224.57648389320821 201.03432888351381 75.46764375269413 74.58400856051594 365.40622766781598 150.73922621458769 9.1595074245706183 195.76974350400269 25.219731932505965 32.556973615661263 435.74905598023906 249.94965000636876 721.9513365663588 12753.525878142565 28.561682291328907 213.86917281709611 169.58629691880196 745.80972531531006 713.75288738217205 713.08770003914833 128.2192078018561
leaf_count=19585 1036 6345 8579 9498 899 369 3815 8281 6025 2708 1901 890 1218 9294 1910 357 2987 201 967 16696 6875 7067 154775 369 2745 2952 15613 8584 8395 1917
internal_value=-0.00079933 -0.000101849 -0.000494076 2.61992e-05 0.000476499 -0.0151375 -0.0297028 -0.0116841 0.00173916 0.00247675 0.0219783 0.00116011 -0.0355868 -0.0547135 0.00231066 0.0543838 0.068923 0.169785 -0.0587101 -0.0623755 0.00129784 0.0349548 0.000848302 0.00141549 0.00122326 0.00274735 -0.0113128 0.00677495 0.0337741 0.071628
internal_weight=20659.8 20432 20333.1 20140.3 19971.1 1493.9 1238.07 757.367 18477.2 18126 1147.56 16978.4 515.458 439.99 16463 255.836 230.149 34.3792 480.7 468.306 15867.1 922.986 15716.4 15466.4 15437.9 13764.4 1673.43 927.622 1010.89 297.806
internal_count=312853 293268 292232 285887 277308 34572 30128 12096 242736 233238 11676 221562 11402 10512 210160 4444 3545 558 18032 17663 204135 8968 202225 195350 194981 168039 26942 11329 13264 4869
cat_boundaries=0 24 113 203 227 250 273 296 318 341 365 388 477 501 591 612 635 656 680
cat_threshold=2 4718592 64 0 1024 0 0 50331648 0 201539585 0 0 134217728 549453824 0 0 0 0 0 0 0 34144260 33556544 575810 0 0 0 0 0 16 0 0 576 0 0 0 0 0 1 128 0 0 0 0 0 1048576 0 4 0 0 0 0 0 0 524288 0 0 0 0 0 4 16777216 0 0 0 0 512 256 0 0 0 0 32 8 0 0 0 64 8388608 0 0 0 0 67108864 16 0 0 0 0 0 0 2097152 134217728 128 0 0 0 0 139296 0 8388608 0 262144 0 0 0 0 0 32768 0 512 0 65536 0 0 0 1024 268435456 0 0 0 0 0 0 32768 0 0 0 0 0 0 0 268435456 0 67108864 0 0 536870912 0 0 0 0 0 0 0 0 0 0 0 0 0 131072 0 524288 0 0 1073741824 0 2097152 262160 16385 0 0 0 0 16777216 0 0 0 4194432 262144 0 0 0 0 0 65536 2097152 0 11 0 33554432 0 0 0 0 0 0 0 0 16 4 0 16777216 0 0 0 0 0 16908288 0 32 1082130432 33554496 65536 4202496 2 1 128 540672 8388608 2415919104 34078722 1 0 0 1088 0 0 0 0 0 0 0 141565952 1075839105 688 1052672 1048576 67108864 262144 0 0 294912 1310720 4194304 262144 268566528 134217728 2149597188 8192 0 65536 64 201326592 32832 262144 285212688 0 524292 566247424 8650752 1032 64 1073741824 0 73728 0 1024 0 512 272629760 403778 512 0 0 2 2560 2 0 1048576 0 536870912 1048576 0 4096 270336 0 33685504 1 2162688 0 3758391568 258 0 1 16 0 73728 8 201326592 134250496 0 0 268435456 138936324 604504064 35913728 67109888 0 0 0 65536 0 6291456 0 301989888 3221225480 1071114 1048705 0 1049088 0 1024 16777216 0 131200 256 541065216 2 262144 512 0 18878720 144 0 0 0 268451840 8 6 8196 0 0 34 16780800 1065024 1048576 135168 256 16 2359296 33554432 603979784 0 0 0 33554432 262144 6291456 2101284 512 1090519040 1048576 4098 0 8388608 4096 524296 262144 0 285212672 1024 0 4 0 50331648 0 0 2147483648 8396800 2048 524352 65536 0 512 2147483648 268437520 32776 0 0 0 34340864 16777600 537264258 41943040 1280 1048576 0 0 0 0 0 0 0 0 0 0 2 0 0 0 0 16777216 1048576 0 0 0 2 0 0 0 0 0 0 0 0 65536 0 0 131072 0 0 0 0 0 0 0 0 0 0 0 0 0 4096 268435456 0 0 0 0 0 0 0 0 0 0 0 0 0 40960 0 0 0 0 0 0 0 0 0 0 0 0 0 0 0 0 256 4096 0 0 0 0 0 0 0 0 1310720 335544320 268435456 0 16 0 0 131072 16384 1024 512 0 268435970 1 0 0 0 0 0 2 0 0 16777216 0 4 0 0 0 0 0 16384 0 8 0 0 0 0 0 0 8 0 0 0 262144 0 33554432 0 0 0 16384 0 69632 0 0 0 0 0 0 0 0 0 0 0 0 33685504 8388608 0 0 0 0 0 0 0 0 0 0 0 0 0 0 32 0 0 64 0 0 0 262144 16384 0 0 0 67108864 64 0 671088656 0 16777216 0 0 64 0 0 0 0 32 4096 524288 0 0 0 1310720 0 0 8 16793600 32768 2415919104 0 0 0 270336 0 4096 0 163840 809501248 263040 512 0 8388608 4096 302252544 4194306 0 17055748 0 0 2048 4096 134217856 150995008 1049776 640 0 4 268435456 0 0 4096 0 524288 131072 520 1048586 0 135274496 8388608 131344 687865856 8 2156134400 208 16777216 0 16777216 0 6291456 0 132096 25165832 64 8198 0 0 0 16384 0 0 268566528 1833451520 8650752 2483027968 0 0 0 16777216 262144 6292480 0 131072 1376780288 2228288 0 0 0 0 0 0 1 16777216 0 0 2097152
is_linear=0
shrinkage=0.1


Tree=32
num_leaves=31
num_cat=23
split_feature=3 13 3 13 2 3 27 27 25 3 3 3 1 13 8 3 13 13 3 13 3 25 3 3 3 13 15 28 3 22
split_gain=77.2345 55.5809 45.5967 44.4295 32.7482 28.6473 27.8849 56.8785 53.2588 50.0391 35.2591 27.1244 29.6923 35.9211 31.7578 81.5382 41.4882 35.6909 40.1538 33.1092 31.1643 34.9074 81.7068 30.9703 25.4921 22.81 25.4818 22.724 22.5008 22.3583
threshold=0 1 2 3 4 5 0.506756752729416 -1.0000000180025095e-35 1.5000000000000002 6 7 8 9 10 11 12 13 14 15 16 17 28.500000000000004 18 19 20 21 1.0000000180025095e-35 0.08647457137703897 22 0.077121332287788405
decision_type=9 9 9 9 9 9 2 2 2 9 9 9 9 9 9 9 9 9 9 9 9 2 9 9 9 9 2 2 9 2
left_child=4 -2 -3 -4 -1 -5 7 11 10 -10 -9 -7 23 -14 15 -15 -17 18 27 -19 -21 28 -23 -13 -8 26 -11 -16 -22 -24
right_child=1 2 3 5 -6 6 24 8 9 25 -12 12 13 14 17 16 -18 19 -20 20 21 22 29 -25 -26 -27 -28 -29 -30 -31
leaf_value=0.076130766503953007 0.086637097399903981 -0.050598627381125 -0.052335255220834258 -0.036631760410589256 -0.063919500176232588 -0.029480601617614361 0.086192343544881603 0.04140158847760262 0.026651143696575716 0.2592196170285298 -0.058934547741245673 -0.0071407973931872067 -0.042645021898484556 0.078245988968098437 0.14434909815282798 -0.040970112417247857 0.018558200642788032 -0.041888822262279274 -0.0049333131927397347 0.014129087265900198 -0.020331220712568876 0.074480321040867811 -0.086247808520896932 0.033783494919960098 0.015651635552630893 -0.019955292867417089 0.03071993808422507 0.053143434602334817 0.0016207128277131941 -0.012294269157034519
leaf_weight=11.485841466113923 65.090463194064796 163.52664702339098 145.68072629580274 187.23571709124371 233.44780723238364 245.57412531878799 54.750904135406017 34.93466225406155 329.72233511088416 5.882676714565604 330.8211949239485 266.42432272061706 165.27993927849457 187.41219922434539 42.023869543336332 145.07012592675164 469.44661693926901 165.74406267143786 109.53482448449358 1788.531916487962 474.78977767890319 46.516437306068838 147.9283376801759 601.05650224536657 327.11202624253929 1077.4957414339297 28.646277294959873 78.060627538710833 12685.788837547414 56.4932940332219
leaf_count=932 736 8663 5206 7662 19370 7175 274 904 5684 140 13097 2158 2123 2335 624 1638 5101 2178 1816 16648 8948 662 3897 4312 1674 23767 644 552 163639 702
internal_value=7.83251e-05 0.000760618 0.000443699 0.000881782 -0.0546233 0.0012943 0.00167002 0.00114634 -0.01575 -0.00710415 -0.0498304 0.00287415 0.00334499 0.00239354 0.00287323 0.0221585 0.00407423 0.001868 0.0401671 0.00126992 0.00176777 0.000109986 -0.0368365 0.0212765 0.0284327 -0.0171978 0.0540079 0.0785222 0.000814543 -0.0627411
internal_weight=20671.5 20426.6 20361.5 20198 244.934 20052.3 19865 19483.2 1807.5 1441.75 365.756 17675.7 17430.1 16562.6 16397.3 801.929 614.517 15595.4 229.619 15365.8 15200 13411.5 250.938 867.481 381.863 1112.02 34.529 120.084 13160.6 204.422
internal_count=313261 292959 292223 283560 20302 278354 270692 268744 44236 30235 14001 224508 217333 210863 208740 9074 6739 199666 2992 196674 194496 177848 5261 6470 1948 24551 784 1176 172587 4599
cat_boundaries=0 24 111 135 225 237 261 284 307 331 332 423 424 443 534 624 645 737 760 783 804 825 916 939
cat_threshold=0 0 4096 0 1024 2097152 4194816 16777216 2684362752 2348810240 0 0 134217728 549453824 0 0 0 0 0 0 0 36180484 2158100995 262 0 0 0 0 0 0 0 8 33554432 0 0 0 0 0 0 0 0 0 0 0 0 0 0 0 16 0 0 0 0 0 524288 0 0 512 0 0 4 0 536870912 33685504 0 2049 0 0 0 0 0 0 1073741856 0 0 0 0 64 8388608 0 0 0 0 0 0 0 2 16384 0 0 0 2097152 0 2048 134217728 0 8192 0 32 64 0 8 0 4096 0 0 0 0 32768 0 512 0 4259840 2560 2 0 262144 134742016 65536 0 6324260 1 3 0 0 0 0 0 0 0 0 131072 1750212608 327808 16528 256 0 0 1024 268435456 0 0 0 0 65537 0 0 0 0 0 0 64 0 0 0 0 0 0 0 536870912 0 0 0 0 0 0 0 0 0 0 0 0 0 131072 0 0 0 0 0 0 538968064 262144 16385 0 32 0 0 16777216 0 0 32 128 0 0 32 0 0 0 65536 0 0 2 0 0 0 131072 32 8 0 0 0 32768 16 1028 0 0 0 0 0 0 0 16777216 0 0 8388608 16777248 2214594592 0 0 32 4203648 536870912 0 4194304 0 41947136 2 2097216 0 68 8192 0 131072 0 10485760 268500992 1619002368 2097154 0 0 0 0 8192 0 134217728 134217728 1 128 2147827712 33587456 5121 101208064 262144 4194304 0 1073741824 4096 32768 1310720 4194304 0 0 293601280 2147622982 0 0 1074790400 16 2181038080 64 262144 0 16777216 24 524288 41943040 0 80 0 0 196736 0 33554432 512 4096 1077936128 392 4 0 2147483648 0 0 0 0 0 0 525312 4096 0 4194304 4096 268435456 201887744 4384 0 0 533248 16384 0 2147483648 16 0 524288 4 0 0 0 256 8388608 675287064 526848 44173320 0 0 8 0 0 256 0 0 0 0 0 0 128 3 0 0 0 0 262144 268435456 2147483648 0 0 0 0 0 0 0 0 0 0 0 131072 0 32 0 64 262144 4096 0 0 0 0 67108866 32768 0 0 131072 0 0 134217728 134217728 4194304 1073741824 0 256 0 0 16777216 0 0 2097152 0 0 0 0 0 0 0 0 0 32768 16777216 0 0 262272 0 0 0 0 0 0 0 0 524288 4194304 0 8388608 0 0 512 35 877133824 2359296 262144 64 0 0 0 16384 0 0 0 851443712 1565216 2 0 0 0 524288 2 0 0 0 0 16 0 0 0 0 0 2147483650 0 65536 524288 0 0 0 0 0 16 0 0 0 0 0 0 0 0 0 1073741824 2048 0 4 0 0 0 0 0 0 0 0 4 0 1048576 0 0 16777216 16 0 0 0 1024 0 268435456 16384 0 0 0 64 0 0 0 0 0 0 16384 0 67108864 64 8 1 0 524288 0 0 0 0 4325376 544 0 0 4096 0 0 0 0 0 0 0 1073741824 192 0 0 0 16777216 32832 0 0 0 512 0 0 0 0 0 262144 524352 0 0 0 0 0 0 0 0 0 0 65536 1024 0 0 0 0 4 268435456 4194312 0 0 0 524288 0 0 0 0 268697600 0 0 0 0 20480 0 0 0 0 0 0 0 0 0 0 17301504 0 0 16 0 0 16384 0 67108864 64 128 16 0 0 0 0 0 0 0 262144 0 0 4096 0 0 0 0 262208 0 0 1073741824 545275904 2097152 67109896 0 1073741824 0 8192 0 35651584 0 132608 1750073344 184716 8192 0 0 0 524288 0 0 268435456 0 262144 0 2 0 0 134217728 0 0 0 0 0 0 0 8388608 16777216 0 128 0 1048576 0 0 0 0 0 0 0 0 0 2048 0 16 0 0 0 0 2097152 268435456 0 0 0 0 0 0 0 1310720 0 0 0 0 16384 0 0 128 0 0 0 0 0 0 16777220 0 4194304 0 0 0 65536 0 167772160 0 0 0 0 0 1073742336 0 0 1073872896 0 0 4096 0 0 4 67108864 0 0 0 1048576 0 1 1 1073741824 1073741826 537133064 512 1073741824 0 1048576 278656 16777216 262144 0 2147483656 342360064 0 0 0 66 1126973440 0 0 0 256 8192 574636032 34603008 67108992 144 0 1048960 16908288 1024 1024 0 2048 0 6 33280 0 1114112 266272 512 0 0 0 268435456 16384 0 24 0 0 134217856 96 0 0 0 0 64 0 0 2098505 0 512 134348800 0 22397016 1048576 34611212 0 0 1024 0 0 0 0 0 0 0 132096 4194304 2147483648 2 0 0 0 0 0 0 268435456 0 0 0 0 0 0 0 0 0 16777216 2097154 0 0 0 0 16777216 4 0 0 0 8192 0 0 0 2048 0 0 0 0 0 10240 0 131072 2097152 0 0 0 0 0 0 0 0 0 1048576 0 0 0 0 0 128 0 0 1048576 0 16384 0 0 0 0 8192 0 8192 0 0 0 0 0 0 0 0 0 0 524288 0 0 0 0 0 256 0 2048 0 0 4 0 0 0 8192 67108864 0 16 67125248 42991616 32 4 0 1627391360 32788 4194304 0 4097 2048 134217728 0 4224 402653184 1073807360 32 256 0 0 0 1024 2048
is_linear=0
shrinkage=0.1


Tree=33
num_leaves=31
num_cat=13
split_feature=13 1 13 9 13 27 27 13 13 29 13 21 23 26 13 16 27 20 10 23 26 26 20 23 28 17 7 2 13 28
split_gain=50.8009 44.7585 41.882 35.1715 44.8233 30.6461 57.2903 38.1886 34.6619 30.6321 25.8558 24.9174 25.3546 31.5036 24.6869 23.3665 20.9819 38.1488 20.7612 20.811 180.974 52.0349 68.447 48.6931 43.7872 40.1485 41.1892 36.6399 35.0125 34.3513
threshold=0 1 2 3 4 -1.0000000180025095e-35 0.068796485662460341 5 6 0.01343591930344701 7 3.5000000000000004 12.500000000000002 2.5000000000000004 8 22.500000000000004 0.084523811936378493 383.50000000000006 9 1.0000000180025095e-35 1.0000000180025095e-35 1.0000000180025095e-35 3.5000000000000004 3.5000000000000004 0.11157525703310968 44.549999237060554 10 11 12 0.021338676102459434
decision_type=9 9 9 9 9 2 2 9 9 2 9 2 2 2 9 2 2 2 9 2 2 2 2 2 2 8 9 9 9 2
left_child=-1 -2 -3 4 -4 8 7 9 -5 15 -10 12 13 -9 -8 -7 17 -16 -12 21 23 22 28 24 -21 -25 -27 -24 -20 -28
right_child=1 2 3 5 -6 6 14 11 10 -11 18 -13 -14 -15 16 -17 -18 -19 19 20 -22 -23 27 25 -26 26 29 -29 -30 -31
leaf_value=0.10073864866892071 -0.067581790240599987 -0.044070442778159552 0.059863518057181687 0.040744435866239992 -0.033902156120039911 0.068756601112848786 -0.014895464018034578 0.0027630869311921283 -0.056560191916152559 0.012622097891854402 -0.043937153422949682 -0.0070660113499568956 -0.073723907793711643 -0.044381688072513165 -0.038777308679679774 0.3800419264074375 0.018484724352285171 0.20373495511288253 0.039003117947388151 0.0636514440256956 -0.027508171642186847 0.018901182942661861 0.036393921145447837 -0.064596838388944963 0.019933105733982333 0.11073310370297132 0.10767389707994246 -0.034590292008208158 0.00036730424787566888 -0.014226333916091086
leaf_weight=39.800752776674926 88.642482275608927 203.96831685630605 48.459208350628614 223.59628756344318 491.22045755712315 6.0462921443395299 250.48028494324535 204.77158888801932 65.200953580439091 149.7455864851363 86.987799430731684 360.28960878634825 164.42219846602529 460.47457780782133 10.677701943553986 4.0112481601536274 527.27085066959262 16.52563045360148 228.99578500725329 572.24339940724894 733.5678758053109 1498.9889308661222 74.01080656144768 72.210996815003455 382.05116306431592 41.736402700655162 26.587867492809892 768.59599076770246 12655.815533823799 177.08939420850947
leaf_count=365 7575 5923 1086 2996 9911 181 1785 5636 1059 4392 1400 7781 9965 14210 140 89 4084 123 2692 9268 11740 18361 624 1561 2445 343 780 18787 163523 4169
internal_value=-0.000138848 -0.00038253 -5.92451e-05 0.0004044 -0.0245468 0.00109785 -0.0101586 -0.0227509 0.00247597 0.0225571 0.00195919 -0.0287831 -0.0385608 -0.0298699 0.0109562 0.192907 0.0224975 0.108545 0.00221201 0.00247032 0.0120474 0.00121053 -0.000721227 0.0348608 0.0461488 0.00094604 0.0202315 -0.028334 0.00108452 0.00168643
internal_weight=20634.5 20594.7 20506 20302.1 539.68 19762.4 2154.72 1349.76 17607.7 159.803 17384.1 1189.96 829.668 665.246 804.954 10.0575 554.474 27.2033 17318.9 17231.9 2005.49 15226.4 13727.4 1271.92 954.295 317.625 245.414 842.607 12884.8 203.677
internal_count=312994 312629 305054 299131 10997 288134 48386 42254 239748 4662 236752 37592 29811 19846 6132 270 4347 263 235693 234293 30306 203987 185626 18566 11713 6853 5292 19411 166215 4949
cat_boundaries=0 89 90 181 182 271 360 447 534 623 624 625 636 727
cat_threshold=0 0 0 0 2097152 16400 0 0 512 0 0 32 0 0 0 0 0 0 0 0 0 0 0 0 0 0 4096 0 0 0 524288 0 2 0 0 0 0 0 0 131072 0 2049 0 0 0 0 0 0 32 0 0 0 0 80 0 0 0 0 0 0 0 32768 0 0 0 0 0 2097152 0 128 0 0 0 0 32 0 0 0 0 0 0 0 0 0 0 0 512 0 65536 1865105 256 0 0 0 268435456 0 0 8388608 0 16777217 0 0 0 0 0 0 0 0 0 0 0 0 0 0 0 0 0 1028 0 0 32784 0 0 0 32 0 4 0 0 0 0 0 0 1073741826 0 2097152 262144 268435456 0 0 0 0 16777216 128 0 4096 128 262144 0 0 0 0 0 65536 0 0 2 0 0 8 131072 0 0 0 0 0 0 134217744 4 0 0 0 0 0 0 0 0 0 32 8388608 1048577 8192 0 0 0 0 16 0 0 0 0 0 67108864 0 0 0 0 655424 0 0 0 0 33554432 0 0 0 0 0 0 0 0 0 0 0 0 0 0 0 0 16777216 536870912 0 0 128 1049088 268435456 8388608 0 0 0 4096 0 0 0 0 0 16384 0 0 0 0 0 4 0 0 0 0 16384 0 0 0 0 134217728 0 16777216 0 131072 0 0 0 0 0 2048 4128 0 0 67108864 0 0 0 67108864 0 0 0 0 0 0 0 0 8388608 65536 0 0 0 0 0 16777216 16 0 0 0 2147483648 0 0 0 0 0 0 0 0 65536 2048 0 131072 1048576 0 0 2097152 0 0 0 0 0 0 34603008 0 0 0 0 0 0 0 16777216 0 0 0 0 0 0 1024 67117056 512 2105344 6 0 0 0 0 67108864 0 0 64 0 0 0 1073741828 0 0 0 1024 4096 0 0 4 0 0 0 0 0 1048576 0 0 0 0 0 1024 0 0 0 0 2097152 0 0 0 0 0 0 0 0 0 0 0 0 0 16384 0 65537 0 1048584 65536 131072 0 4 0 0 0 0 0 0 0 0 4 0 256 32768 0 0 0 0 0 16384 0 0 65536 0 0 4194304 0 0 16777216 0 0 0 16384 8192 0 1073741824 0 33554432 0 0 0 8192 0 8708 0 8388612 4194304 0 0 32 0 0 0 268435456 0 262144 0 0 0 0 16 2 0 0 0 0 67108864 0 0 0 524360 0 0 0 0 0 8194 0 0 0 0 0 0 32 0 0 0 0 655360 0 0 0 64 0 0 64 0 0 0 0 0 0 32 0 4096 0 0 512 0 1073741824 0 0 0 0 64 0 0 0 0 0 0 0 65536 0 0 0 134217728 0 17301512 0 0 0 0 0 0 0 0 0 0 2048 0 4194304 4194304 0 0 0 8 0 0 0 0 0 0 0 0 65536 0 0 0 0 0 0 0 0 0 0 0 0 64 65536 0 0 0 2048 0 4 0 0 0 0 0 0 0 0 0 0 0 0 0 0 0 0 0 0 0 0 0 0 0 0 0 64 0 0 0 0 0 0 0 0 67108864 0 0 0 0 0 0 0 0 4 0 0 0 0 0 4 0 0 0 0 0 1048576 4382 1 0 2147483648 0 4194304 0 0 0 512 4096 0 4194304 0 2048 0 0 64 0 0 268435464 0 65536 0 0 0 131072 4 0 0 0 0 0 0 0 0 1073741824 0 0 0 0 0 1073743872 8192 0 0 0 0 0 0 0 537395200 2048 2097152 0 0 268435456 0 0 0 0 16384 0 0 0 0 0 0 0 0 0 0 0 262144 0 0 0 0 134234114 0 0 0 0 0 32768 0 0 0 64 0 131072 32 65536 0 0 0 0 0 32768 0 12288 0 2097152 144
is_linear=0
shrinkage=0.1


Tree=34
num_leaves=31
num_cat=1
split_feature=1 28 23 30 22 25 22 27 23 25 26 28 28 26 20 20 25 30 28 15 14 28 28 29 28 30 30 29 28 26
split_gain=43.1549 33.5142 42.0896 30.8225 26.5082 35.3036 47.004 32.3018 34.5892 105.688 48.3252 71.6824 46.8409 38.853 57.6356 31.6898 26.504 25.3737 28.063 23.7687 31.578 22.43 59.6322 21.6222 21.2158 21.1377 44.8889 22.0783 21.4837 19.7696
threshold=0 0.12586309760808947 87.500000000000014 1.0000000180025095e-35 0.10532344505190851 17.500000000000004 -1.0000000180025095e-35 -1.0000000180025095e-35 1.0000000180025095e-35 1.5000000000000002 1.0000000180025095e-35 0.044940995052456863 0.014709907583892347 1.5000000000000002 2.5000000000000004 4.5000000000000009 1.5000000000000002 4150.5000000000009 0.027370605617761615 4.5000000000000009 11.500000000000002 0.021338676102459434 0.019859080202877525 0.12997944653034213 0.065084978938102736 3986.5000000000005 3950.5000000000005 0.11259426921606065 0.19859913736581805 1.0000000180025095e-35
decision_type=9 2 2 2 2 2 2 2 2 2 2 2 2 2 2 2 2 2 2 2 2 2 2 2 2 2 2 2 2 2
left_child=-1 2 3 -2 5 7 -7 8 29 13 11 12 -11 14 -10 -13 -9 18 -14 -8 -21 22 -16 25 -17 26 28 -28 -3 -5
right_child=1 23 -4 4 -6 6 19 16 9 10 -12 15 17 -15 21 24 -18 -19 -20 20 -22 -23 -24 -25 -26 -27 27 -29 -30 -31
leaf_value=-0.074069213151141691 0.10264148064174697 0.018431435113134099 -0.074920482803071245 -0.0054707408281925362 0.013812725622269352 -0.0678544687735428 -0.014782559157922429 -0.050454820655759229 0.029153624779732254 -0.069959311993148338 0.0020773356119843153 0.091333125552368194 0.24439562918178856 -0.043908970184613878 -0.024468082578594758 -0.045182271481584907 -0.0083713977250049997 0.24527537356260362 0.072583132528036151 0.040033713486954538 0.356773518191418 -0.068624336152863827 0.45401156618268079 0.0027999681455884743 0.036619273112464948 -0.0023459868920003108 0.19298480914824642 0.047806423290636092 0.12053193607351208 0.010753034246283018
leaf_weight=69.520895196124911 27.563445245847106 647.96754249744117 81.877025560941547 8400.7363461349159 851.41758438479155 199.61923898477107 342.54236302385107 251.0374019453302 306.18786644935608 8.8205101448111218 174.19278539577499 94.167674748227 13.787334509193895 251.36904013948515 18.389157207682732 38.84314707107842 370.56252955226228 29.747408706694841 30.618628467433155 23.562398707494143 3.6328992545604697 108.97030923934653 3.0344871962442985 6852.4214001391083 172.54736772738397 338.94765743985772 23.345939408987761 19.000667385756969 21.285868091508746 824.84073300193995
leaf_count=6275 234 4841 6838 148244 12509 10026 10537 12946 4747 543 3351 977 404 5989 656 757 14081 554 875 886 63 3076 90 43806 2049 3455 167 137 180 13500
internal_value=-0.000544214 -0.000259046 -0.00345538 -0.002989 -0.00322158 -0.00446466 -0.0287505 -0.00321871 -0.00190456 0.0137015 0.0458434 0.0654653 0.147892 -0.0125898 0.00544277 0.0430824 -0.0253671 0.173806 0.125928 -0.0076385 0.0823456 -0.0502345 0.0433047 0.00484802 0.0215882 0.0182069 0.0279966 0.127844 0.0216788 -0.0040202
internal_weight=20600.6 20531 12628.1 12546.2 12518.6 11667.2 569.357 11097.9 10476.3 1250.68 562.725 388.532 82.9739 687.951 436.582 305.558 621.6 74.1534 44.406 369.738 27.1953 130.394 21.4236 7902.97 211.391 1050.55 711.6 42.3466 669.253 9225.58
internal_count=312793 306518 253932 247094 246860 234351 21512 212839 185812 24068 9510 6159 2376 14558 8569 3783 27027 1833 1279 11486 949 3822 746 52586 2806 8780 5325 304 5021 161744
cat_boundaries=0 1
cat_threshold=1860880
is_linear=0
shrinkage=0.1


Tree=35
num_leaves=31
num_cat=12
split_feature=13 13 22 25 22 27 13 13 13 25 23 26 23 29 13 28 22 9 22 25 30 13 13 13 29 29 18 13 6 18
split_gain=52.7824 39.5645 32.2818 51.6451 58.3336 43.6802 54.6932 38.432 27.4819 26.3981 65.7998 54.8578 43.6081 38.7136 30.1861 29.9146 28.7033 26.7901 26.3702 28.1625 24.2656 29.2471 26.304 23.3043 23.2447 23.181 25.6515 21.9452 21.3502 21.3053
threshold=0 1 0.12129446864128114 17.500000000000004 -1.0000000180025095e-35 -1.0000000180025095e-35 2 3 4 1.5000000000000002 1.0000000180025095e-35 1.0000000180025095e-35 3.5000000000000004 0.035355035215616233 5 0.014709907583892347 -1.0000000180025095e-35 6 -1.0000000180025095e-35 5.5000000000000009 4206.5000000000009 7 8 9 0.0092939869500696676 0.031402627006173141 0.022192042320966724 10 11 0.015650665387511257
decision_type=9 9 2 2 2 2 9 9 9 2 2 2 2 2 9 2 2 9 2 2 2 9 9 9 2 2 2 9 9 2
left_child=-1 -2 3 5 -5 8 24 -6 -3 12 18 13 14 15 -10 -12 25 -15 19 -11 21 -16 -22 -23 -7 26 -17 -4 29 -24
right_child=1 2 27 4 7 6 -8 -9 9 10 11 -13 -14 17 20 16 -18 -19 -20 -21 22 23 28 -25 -26 -27 -28 -29 -30 -31
leaf_value=0.072304825245603985 -0.046111515217590576 -0.031104222570379005 -0.015871485289353365 -0.065211725307259438 -0.044876401436546698 0.19802858511660609 -0.031941881665731496 0.0045697508718731987 0.039316622276823844 -0.0020636487827577102 -0.05633169283389608 -0.0041311526960348911 -0.056990804509015072 -0.0089485519335345872 -0.052959872674027797 0.31376341774456001 0.04863748596925372 0.051717711868819807 0.011522083720338966 -0.047872236978018831 0.071789482016675288 0.038624563993851592 0.13555383849735028 0.0023651511514713639 0.028424893057610364 0.40017817814397194 0.11904007903692831 0.018881839492705107 -0.021528464570412187 -0.0040845372181588678
leaf_weight=89.902616939973086 178.91471931897104 250.64849541569129 205.98185684578493 249.35104411793873 209.2437412487343 8.6652913563884777 747.70313873561099 554.48136021476239 188.99584610341117 402.23411179147661 8.5061826328746957 259.45622021146119 132.51118547189981 91.694518838077784 84.319148413371295 8.8433746546506864 21.293848838191479 406.95838531432673 664.86078477557749 201.40847959695384 32.092811170499772 170.45791270909831 10.970830413512884 10419.681137547828 119.79776870692149 4.7075250428169957 28.787349356338382 1276.4212110168301 869.38353355228901 2700.4180096704513
leaf_count=1267 6099 3379 2176 10153 3666 233 28951 11545 2304 6218 725 3920 4414 989 1232 369 542 4035 9053 5036 401 2430 879 134346 3826 86 722 13013 14864 36508
internal_value=-0.000206037 -0.00055888 -0.000135517 -0.00125314 -0.0232164 -5.52297e-06 -0.0217781 -0.00950516 0.00111938 0.00162045 0.0121086 0.0339949 0.000114806 0.0513253 0.000637531 0.119797 0.143341 0.0414198 -0.00221628 -0.0173479 9.82883e-05 0.00249593 -0.00698545 0.00298467 0.0369861 0.190972 0.164801 0.0140731 -0.00786998 -0.00351953
internal_weight=20598.7 20508.8 20329.9 18847.5 1013.08 17834.4 876.166 763.725 16958.2 16707.6 2098.75 830.247 14608.8 570.791 14476.3 72.1383 63.6321 498.653 1268.5 603.643 14287.3 10674.5 3612.87 10590.1 128.463 42.3382 37.6307 1482.4 3580.77 2711.39
internal_count=313381 312114 306015 290826 25364 265462 33010 15211 232452 229073 31695 11388 197378 7468 192964 2444 1719 5024 20307 11254 190660 138008 52652 136776 4059 1177 1091 15189 52251 37387
cat_boundaries=0 91 182 273 361 451 542 543 634 725 817 907 908
cat_threshold=0 0 0 0 0 2097168 0 0 0 4 67108864 0 0 0 0 0 0 0 262144 0 0 0 0 0 0 0 0 0 0 0 0 0 0 0 0 0 0 0 2 33685504 0 1 0 0 0 0 0 0 32 0 16384 0 0 80 0 0 0 0 0 67108864 262144 0 0 545259520 0 0 0 2228224 0 0 0 0 8192 0 1073872928 0 8388608 134217728 262144 0 32 0 0 0 0 0 512 0 0 0 2 0 0 0 8 268435456 0 0 0 0 0 0 0 0 0 0 0 0 0 0 268435456 0 0 0 0 2048 0 65536 4 0 0 0 0 0 0 0 0 0 0 0 0 0 0 0 2 0 2097152 262144 16384 0 0 0 0 16777216 1342177280 0 0 128 262272 0 0 4 0 1 65536 0 0 8 0 0 0 0 0 0 0 0 0 0 16 36 0 0 0 0 0 0 4194304 16777216 4096 67108896 8388608 528 0 0 0 0 16 0 0 0 0 0 0 0 0 0 0 16777216 1048592 0 0 0 0 0 0 0 0 0 0 0 0 0 2048 0 131072 0 0 0 2097152 0 0 0 0 4 0 1048576 0 0 0 1 0 0 0 0 1048576 0 0 0 0 0 64 8192 512 2138112 0 0 0 4096 0 67108864 0 0 64 32768 16777216 0 4 0 0 0 768 0 0 0 4 0 67108864 0 0 0 327680 2097152 64 0 0 0 0 64 0 0 0 0 0 2 0 65536 0 0 0 0 0 4096 0 0 0 0 0 0 64 0 0 0 0 2048 0 0 0 0 0 0 0 0 0 0 0 0 0 0 0 0 0 0 0 0 0 0 0 0 0 0 0 0 0 33554432 0 0 0 0 0 1073741824 67108864 0 0 1 0 0 0 0 0 0 0 0 0 0 0 0 0 0 0 0 8192 0 0 0 0 524288 0 134217728 8388608 0 0 0 0 0 0 64 0 0 0 64 0 0 0 0 0 0 65536 0 0 0 0 0 0 131072 16777216 32 0 64 262144 0 0 0 0 0 0 32768 1048576 0 1 0 0 0 0 4194304 130 0 0 0 0 1024 0 1024 0 0 0 1 0 0 0 0 0 0 32768 0 0 0 0 0 0 256 0 2048 64 0 33554436 67633152 0 4194304 8388608 262144 2097152 0 0 0 0 64 131072 0 0 0 8192 0 0 0 0 262153 0 0 0 0 0 0 0 0 0 16400 0 4096 0 0 0 131072 0 2048 270532608 0 0 0 16777216 536870912 0 8388608 0 0 0 0 262144 0 268435472 4096 0 0 0 0 65536 8388608 32 0 0 0 8192 0 0 0 16384 0 134238208 0 0 0 0 0 0 0 0 8192 64 0 0 0 0 0 4096 0 0 0 0 0 0 0 0 128 12676 256 0 0 0 134250512 0 0 65536 0 32 0 32768 0 0 4194304 0 1048604 0 0 0 0 0 0 0 603979776 0 0 2098176 0 0 0 0 0 1048576 0 0 0 0 131072 64 0 0 0 0 0 8388608 0 0 0 0 0 0 0 0 0 256 0 0 0 0 0 0 0 8 0 0 0 0 0 0 0 0 0 0 0 0 0 0 0 0 0 0 0 0 0 0 0 0 1048576 1024 1 0 0 0 0 0 0 0 0 0 67108864 0 0 0 0 4194304 524288 1048580 128 0 0 0 0 0 0 0 0 8 1024 0 65536 32768 0 0 1024 0 0 0 0 0 0 0 0 0 0 0 0 0 0 0 0 0 0 0 0 0 256 4194304 0 0 0 0 0 0 0 0 0 0 0 134217728 0 0 0 0 0 4 0 0 0 0 0 16777216 0 0 0 0 0 0 8192 1048576 0 1 0 0 8388608 2 0 1024 0 0 33554432 0 0 0 0 0 0 1048576 0 0 0 2147483648 0 0 0 1073741824 0 64 0 0 0 0 2048 0 0 0 0 512 0 0 524288 0 2097152 4 0 34603008 0 536870912 0 0 0 0 0 0 0 0 0 0 0 0 8388608 16777216 0 0 20 0 8192 0 0 0 33554432 134217728 0 0 16777216 0 512 0 0 8 0 4096 67108864 0 0 0 0 8 64 0 0 1073741824 0 1 0 0 0 0 0 0 0 0 0 0 0 0 0 0 0 0 1048580 0 0 0 8192 0 0 0 0 0 0 0 0 1073741824 10240 0 0 0 0 0 0 0 0 0 0 0 0 1048832 0 0 0 256 0 0 536870912 16777216 0 0 0 256 0 0 0 32 0 0 2 0 0 0 1073741824 67108864 33554432 0 0 0 0 33554432 0 0 4 0 0 0 2048 4096 4 0 67108864 0 0 0 1048576 1073741824 1
is_linear=0
shrinkage=0.1


Tree=36
num_leaves=31
num_cat=12
split_feature=13 9 13 13 1 22 27 13 15 13 27 23 13 23 28 29 24 23 17 13 13 13 30 16 14 30 16 29 29 2
split_gain=45.9328 33.6328 51.4359 34.9437 32.2037 29.0689 47.1915 35.8304 29.1227 36.2378 28.8125 27.6193 26.8266 26.3134 23.8545 20.2641 19.2609 18.9398 18.8532 37.6648 20.2213 19.5623 19.0172 17.8053 17.0297 19.5815 30.4596 52.8469 177.255 16.8837
threshold=0 1 2 3 4 0.082235131412744536 -1.0000000180025095e-35 5 4.5000000000000009 6 0.068796485662460341 87.500000000000014 7 156.50000000000003 0.022611746564507488 0.031402627006173141 13.500000000000002 8.5000000000000018 43.250000000000007 8 9 10 1.0000000180025095e-35 6.5000000000000009 10.500000000000002 4150.5000000000009 14.500000000000002 0.054280769079923637 0.042027899995446212 11
decision_type=9 9 9 9 9 2 2 9 2 9 2 2 9 2 2 2 2 2 10 9 9 9 2 2 2 2 2 2 2 9
left_child=-1 2 23 -3 -5 6 8 -8 9 -6 17 12 -7 -12 -10 -14 -17 -9 20 -20 -11 -22 -23 -2 -19 26 27 28 -26 -24
right_child=1 3 -4 4 5 11 7 10 14 18 13 -13 15 -15 -16 16 -18 24 19 -21 21 22 29 -25 25 -27 -28 -29 -30 -31
leaf_value=0.06592292486921178 0.16438350131936325 -0.040918647378459169 -0.025917812543634552 -0.065066788007611565 0.049512349094171057 -0.015447000292922772 0.028185351536166654 -0.02424505980987663 0.095462481323713863 -0.020767991629705211 0.00012818689993415979 -0.087743240774119657 0.069742493135777739 0.14412305672524955 0.011648006664503482 0.014880363868809102 0.07988732649219088 -0.067320350513948121 -0.052520037089932428 0.019922808967314305 0.045036106419972938 0.097845902810029042 0.025833078215336633 0.040372806033344755 -0.046765284899470932 -0.055226604727762342 -0.038783838693135231 0.0010854502149178892 1.5309513930277587 -0.0020194125573340625
leaf_weight=93.962159212678671 14.462498235516248 194.70263374783099 874.39533471269533 64.361599266063422 133.53322901809588 249.80785665521398 123.63857773086056 523.61192528577521 34.668655110988766 533.7784091043286 104.59786689886823 26.760594775434583 76.922926082741469 14.44294625520706 1654.7978908191435 1370.3638287326321 47.146143443882465 225.30554001033306 69.836519420146942 773.35682229558006 81.326666509732604 19.27546039223671 211.41723150014877 58.04888054355979 1.8369711898267254 20.429961447138339 7.7106145271100104 3.7308151181787252 1.1628964426927266 12967.738266333472
leaf_count=1423 262 5008 16665 6184 1793 2746 4025 16873 1641 7095 926 700 2332 72 19482 13050 212 12306 1027 9989 1171 149 976 1112 184 1332 450 88 81 184031
internal_value=-0.000379399 -0.000715382 -0.0190202 0.000181117 0.000615781 0.0008687 -0.000365961 -0.0211696 0.000929827 -0.000490956 -0.0279313 0.0130781 0.014625 0.0175988 0.0133679 0.0196238 0.0170425 -0.0352027 -0.000979634 0.0135362 -0.00186641 -0.0010902 -0.0014083 0.0572163 -0.0572553 0.00777593 0.096905 0.252349 0.564835 -0.00155454
internal_weight=20577.1 20483.2 946.907 19536.3 19341.6 19277.2 17506.2 1026.47 16479.7 14790.3 902.83 1771 1744.24 119.041 1689.47 1494.43 1417.51 783.789 14656.7 843.193 13813.5 13279.8 13198.4 72.5114 260.177 34.8713 14.4413 6.73068 2.99987 13179.2
internal_count=313385 311962 18039 293923 288915 282731 263691 36337 227354 206231 32312 19040 18340 998 21123 15594 13262 31314 204438 11016 193422 186327 185156 1374 14441 2135 803 353 265 185007
cat_boundaries=0 87 88 178 269 270 361 452 542 634 725 815 819
cat_threshold=0 0 0 0 2097152 2097152 0 0 512 0 0 0 0 0 0 0 0 0 0 16384 0 0 0 0 16 0 0 0 0 0 557056 0 2 268435456 0 0 0 0 536870912 33685504 8388608 1 0 0 0 262144 0 0 32 8 0 0 0 192 0 0 0 65536 64 0 0 8192 0 0 0 0 0 2097152 0 0 0 0 0 0 36 0 0 0 0 8 0 0 0 0 0 0 1310720 24832 0 0 0 16777216 64 16384 0 65536 0 0 67108864 32 1024 0 0 524288 0 0 0 0 33554432 0 0 0 536870912 0 0 0 0 0 0 0 0 0 0 0 0 0 0 0 0 0 512 0 8388608 0 0 1 4194304 128 0 0 0 0 16384 0 0 0 0 0 4 0 2 0 0 16384 0 0 33554432 0 134217728 0 17309696 0 131072 0 0 0 0 0 16777216 4096 0 4 0 32768 0 0 0 1073741824 0 0 0 8 268435520 0 0 0 0 0 32768 32768 1024 0 0 524352 0 0 0 268959744 33554432 131072 0 0 0 0 0 0 0 0 0 0 0 0 0 0 0 0 0 0 0 0 0 0 0 2097152 262144 268435456 0 0 0 0 4194304 1073741824 0 0 128 0 0 0 0 0 0 65544 0 0 2 0 33554432 8 134217728 0 16777216 0 0 0 0 1073741824 0 0 0 4096 0 4 0 0 16777216 0 0 8388608 1048592 1893648 256 0 0 0 16 0 0 0 8388608 16777216 0 0 0 0 0 16777216 0 128 262144 0 0 0 0 0 0 0 0 1073741824 0 1073741824 2048 0 131072 0 0 0 0 0 0 0 0 4 0 33554432 0 0 0 0 0 0 0 0 0 0 0 256 0 0 0 0 512 32768 4 0 0 0 0 0 0 0 64 0 0 0 0 0 0 0 1280 4096 0 0 4 0 0 0 268435456 8192 1376256 0 64 0 0 8388608 1024 0 16 0 268435456 0 4 0 0 0 0 1 128 0 128 0 512 0 0 0 0 16384 0 65536 1048576 8 65536 0 0 0 0 0 0 0 0 0 32768 0 0 0 0 32768 0 4096 0 0 0 0 0 16777216 268500992 0 0 0 0 0 0 0 0 2 0 0 0 0 0 64 2048 536870912 0 0 0 0 64 8388608 8 0 0 0 0 524288 0 0 0 0 0 1048576 0 128 0 0 0 0 0 0 0 0 0 4 0 0 0 0 0 0 4 0 0 0 2147491840 0 0 0 2048 64 69632 0 0 0 2048 0 0 2097152 0 2097152 0 0 0 0 0 0 0 256 32768 0 0 256 0 128 536870912 0 0 0 0 256 0 0 0 32 0 32768 0 0 0 2 1073741824 536870912 0 0 0 0 0 0 0 0 4 131072 0 0 0 0 4 0 67108864 0 131072 0 1048576 1073741832 0 0 0 0 0 512 0 0 0 65536 0 0 0 524288 0 0 4 0 1 2147483664 0 0 0 0 0 0 0 2097152 0 0 0 0 0 3145728 0 0 2097152 0 0 0 0 4 0 34603264 0 0 0 17 0 32 0 0 0 0 0 32 4194304 0 0 0 0 2097152 0 0 0 0 0 0 0 536870912 0 0 0 0 0 0 4 0 0 0 64 0 0 0 335544320 0 0 0 262144 0 512 1 0 0 0 0 0 0 0 0 0 0 0 0 65536 1 0 0 0 0 0 0 2 0 0 0 0 64 4096 0 0 0 2064 0 131076 0 0 0 128 0 0 0 64 0 0 2 0 1048576 0 256 0 0 0 0 0 0 0 0 4 0 1024 83886080 0 0 0 0 0 0 0 0 0 128 131072 0 0 4194304 0 0 0 4325376 1280 65536 16781312 0 0 0 32768 0 0 0 0 1075838976 64 0 0 0 0 0 0 0 8 0 65536 0 0 0 0 536870912 0 524288 0 0 16 0 0 2147483648 4 2048 0 0 0 0 0 0 0 0 0 0 0 4 0 0 2048 0 128 1048576 268435456 0 0 0 16 0 32 32 0 0 0 512 0 4194304 0 0 8192 0 0 0 0 0 4096 8 0 0 0 0 0 0 0 0 0 0 0 0 0 32 128 0 0 335544320 0 0 0 65536 8 0 0 0 4194304
is_linear=0
shrinkage=0.1


Tree=37
num_leaves=31
num_cat=21
split_feature=3 13 3 23 3 22 3 3 13 3 3 3 13 3 29 29 23 22 3 25 3 3 3 15 3 13 13 3 3 20
split_gain=65.0583 47.2354 34.9673 36.611 72.7193 46.2238 33.5851 32.8217 32.7172 40.163 29.1814 27.4213 24.7348 27.9146 22.0251 21.6246 21.4035 20.1594 73.9184 55.0972 60.6843 47.9254 26.5303 24.8574 51.9064 26.3349 24.3983 24.3418 23.9355 33.7752
threshold=0 1 2 7.5000000000000009 3 0.017657452262938026 4 5 6 7 8 9 10 11 0.13791266828775409 0.037443149834871299 1.5000000000000002 0.0049262279644608506 12 28.500000000000004 13 14 15 4.5000000000000009 16 17 18 19 20 -1.0000000180025095e-35
decision_type=9 9 9 2 9 2 9 9 9 9 9 9 9 9 2 2 2 2 9 2 9 9 9 2 9 9 9 9 9 2
left_child=-1 -2 -3 8 14 7 -7 -6 9 -4 16 -12 13 -13 15 -5 -10 19 -19 22 -21 -20 -14 25 -25 -24 -27 -26 29 -28
right_child=1 2 3 4 5 6 -8 -9 10 -11 11 12 17 -15 -16 -17 -18 18 21 20 -22 -23 23 24 27 26 28 -29 -30 -31
leaf_value=-0.058689893990895504 0.079231696329826046 -0.040969732643354656 0.04043024947648876 0.1148285920558299 0.046311659786087318 0.0052764040971851334 -0.044464430476245216 -0.068027099741283181 -0.040795541613656977 -0.055438583941662102 0.029372280530342545 -0.025232962556362135 -0.023750342187890305 0.077164889574764903 0.11512418720918977 0.002463009603161352 0.059187656216762988 -0.038636406501474124 0.057766922370007703 0.053102269708645011 -0.085482374776042536 0.011640627254656061 -0.035775509821273643 0.041307940996536674 -0.023586832832324687 0.041660610395313206 -0.015718133877810677 0.010114845587834133 -8.9472827427097853e-05 0.034770048551879276
leaf_weight=176.03150194790214 66.336558443494141 192.08425174932927 50.435410425998271 21.784324981272221 23.753292097710073 395.77085589664057 196.48819386586547 280.85945631237701 234.29036462632939 187.24228638689965 369.83044511638582 36.243446877226233 397.57903889287263 81.348052595276386 38.673376280814409 80.109741774387658 23.564109126571566 231.99881127197295 279.94977714493871 36.209089976269752 127.6369805354625 1092.135339492932 184.75330819515511 472.38545875716954 269.55411992967129 137.85925186425447 187.8063343828544 910.01156589249149 13335.011339068878 449.94414793467149
leaf_count=17738 572 8179 679 680 336 4931 4398 17772 7708 3825 3821 392 7086 1169 248 1496 666 2866 2765 684 5000 12027 2593 5080 3083 1705 2459 10635 176283 6114
internal_value=0.000179344 0.000715965 0.000420873 0.00083591 -0.0174589 -0.0278579 -0.0118873 -0.059824 0.00183027 -0.0342841 0.0023024 0.00277294 0.00221753 0.0461003 0.0474938 0.0264861 -0.0304766 0.00190735 0.012611 0.000868483 -0.0568322 0.0214018 0.00144689 0.00208866 0.013704 0.000747872 0.00125055 0.00227981 0.000822341 0.0195949
internal_weight=20567.7 20391.6 20325.3 20133.2 1037.44 896.872 592.259 304.613 19095.8 237.678 18858.1 18600.3 18230.4 117.591 140.567 101.894 257.854 18112.8 1604.08 16508.8 163.846 1372.09 16344.9 15947.3 1651.95 14295.4 14110.6 1179.57 13972.8 637.75
internal_count=312990 295252 294680 286501 29861 27437 9329 18108 256640 4504 252136 243762 239941 1561 2424 2176 8374 238380 17658 220722 5684 14792 215038 207952 18798 189154 186561 13718 184856 8573
cat_boundaries=0 24 115 138 162 185 203 294 317 341 365 453 467 490 514 537 560 583 674 764 788 812
cat_threshold=0 0 2112 0 1024 32 4096 0 8192 3221266434 0 0 0 549453824 0 0 2147483648 0 0 0 0 575414276 10616832 34248 0 0 0 0 2097152 1024 0 8 512 0 0 0 0 0 0 0 0 0 0 0 2147483648 1048576 0 0 0 0 0 0 0 0 524288 0 0 0 0 0 0 0 0 33554432 8388608 2176 0 262144 0 4 0 0 1073741856 8 0 0 0 80 0 0 0 0 64 0 0 0 0 8388608 0 134217728 0 2097152 0 0 0 0 0 0 8224 0 0 134217728 262144 0 0 0 524288 0 0 0 512 33554432 0 0 2 0 4784128 512 2 0 71434240 540704 16777344 0 105 17 64 0 0 0 16777216 1 67108864 8 0 0 2097152 16863617 269501440 0 67109888 262144 0 0 0 32 0 262672 268566528 135266304 24576 8192 0 65536 64 134217728 32770 0 268435456 0 0 4 76021760 277086208 8 0 0 0 65536 1310720 2098176 0 1536 1354760192 2427046 2 0 0 0 0 0 0 0 0 524288 8392704 2097152 4194312 0 0 0 294912 16384 1024 0 0 268435456 2147614720 0 0 0 0 512 0 0 0 0 268435456 0 0 0 0 0 0 32768 0 0 0 0 0 0 0 268435456 8194 0 0 0 2048 64 0 0 0 0 16400 0 0 0 0 0 0 0 0 0 0 0 0 1073741824 0 2097152 0 16384 16384 32 0 1024 0 268435456 0 0 0 0 0 0 33554432 0 5 65536 24576 0 0 0 0 8 0 0 0 0 4 262144 0 16 4 0 0 0 0 0 0 0 32768 0 32 0 1048576 268959744 0 2147484672 0 0 0 270336 0 33554432 0 268435456 17825800 164042 8198 0 66048 32 2097152 2 0 0 0 8192 1048576 33554432 4352 8192 0 0 4227073 10485792 0 671876352 0 0 0 0 0 65536 0 134217728 0 1 1048576 142672384 33818624 18432 1073741824 1048576 25165952 0 2147483648 2147483904 1048576 1573376 1073741824 0 2048 0 67108864 32768 0 524288 32 33562624 536875392 2 8208 1280 0 2621440 0 0 0 0 64 0 0 0 0 0 0 0 0 0 1 0 16 0 0 16384 0 0 0 0 0 0 1 1073741824 0 0 163840 0 0 268435456 8 0 0 0 0 0 0 0 1048576 0 0 0 4096 0 0 0 0 0 16777216 0 0 0 0 0 8388608 8192 0 8192 0 0 0 0 0 131072 134217728 0 134283264 0 0 0 536870912 0 8388612 0 0 0 0 0 0 0 0 0 285212672 4096 8388608 262144 8 64 0 0 0 0 0 0 131072 1111490560 2 4 67634176 262144 335545344 262144 0 1048576 335872 0 0 0 301989888 3490710016 1074022400 1049217 0 1048576 0 1024 0 0 128 0 8 536870912 262144 335544328 16 0 3145856 144 0 0 2099200 0 134217728 14 6 0 1048576 2 16796160 0 0 268697600 268435456 4194320 4 289423360 1342177280 4194304 0 1073741824 0 0 17408 33554432 0 1536 16777216 2149580800 6 0 0 2 2148007936 32768 0 268500992 0 16 8388672 1073774592 4194304 0 268435457 134218880 1040 65536 0 2230276 0 0 2148007936 4096 0 536870912 0 16779264 135299073 0 268501248 131072 268435456 603996160 8650752 2147484672 64 1073741824 0 8192 278528 33554432 0 512 1967128576 168072 2 0 0 0 524288 0 65536 17039360 0 1024 0 0 8388616 0 0 0 0 8388608 0 16785408 32768 0 0 0 0 0 0 0 0 2147483648 0 0 0 0 16 0 0 0 1048576 0 0 0 0 18875392 0 0 0 0 524288 64 524288 0 0 1048578 8421376 0 262144 0 0 0 0 0 0 0 0 0 128 0 0 67108864 0 2097152 0 0 0 0 0 0 0 128 0 32768 0 0 0 0 0 0 0 65536 4096 0 0 0 0 0 0 0 0 0 129 0 0 0 0 32768 0 0 268500992 0 0 0 0 0 0 0 0 0 0 0 16 33554432 0 0 0 16384 0 65536 1048576 536870912 0 4 0 0 0 0 0 4 16777216 537001984 270336 64 0 0 33554432 0 0 0 17 0 0 0 0 0 65536 0 0 0 0 0 4 0 0 0 0 0 0 0 603979776 64 0 0 0 0 0 0 0 0 8 0 0 0 0 0 0 268435456 0 1179648 0 1114112 1024 2625536 268435456 67371016 16 16777216 0 264192 0 4195328 0 32768 33554432 81 8836 0 1050624 66 8 4194306 0 128 16777216 0 4 0 0 262144 257 0 34086912 65536 0 65536 0 0 2147484160 272646224 1048577 0 9437184 2105344 1342177536 65536 0 8388736 1090519040 524292 4
is_linear=0
shrinkage=0.1


Tree=38
num_leaves=31
num_cat=17
split_feature=13 13 28 13 23 13 13 29 1 8 13 13 13 29 17 17 13 30 11 18 7 21 6 15 24 2 7 17 30 12
split_gain=45.3007 33.2504 28.4133 36.6161 29.6459 29.2064 26.4188 26.2417 23.9902 23.5839 43.1073 21.9143 21.6774 21.5072 27.4003 20.9327 19.3962 18.6048 18.4111 28.4651 18.1824 17.6206 14.3615 16.2485 14.3136 14.422 20.1797 15.072 14.5989 14.1324
threshold=0 1 0.12586309760808947 2 94.500000000000014 3 4 0.12123842537403108 5 6 7 8 9 0.074439801275730147 26.750000000000004 53.149999618530281 10 1.0000000180025095e-35 11 0.083119004964828505 12 1.5000000000000002 13 3.5000000000000004 2.5000000000000004 14 15 21.750000000000004 432.50000000000006 16
decision_type=9 9 2 9 2 9 9 2 9 9 9 9 9 2 8 10 9 2 9 2 9 2 9 2 2 9 9 10 2 9
left_child=-1 -2 3 15 6 7 -5 -4 -8 10 -10 -11 -7 14 29 -3 -13 -18 19 21 -20 -19 -14 -24 25 26 27 -22 -28 -12
right_child=1 2 5 4 -6 12 8 -9 9 11 13 16 22 -15 -16 -17 17 18 20 -21 24 -23 23 -25 -26 -27 28 -29 -30 -31
leaf_value=0.069814406855373212 -0.047932088584952549 0.049285113850974588 0.13230436532820453 -0.033257353545934218 -0.070876602749636503 -0.048508801230711968 -0.061220514134006969 0.027314497695226526 -0.064412918664452423 0.035070589501203252 0.060121213955754385 -0.03322623521993353 0.00091879560010952742 0.01402711463040898 0.090874233066345872 0.20641473619540257 0.080522505157430688 0.26014572316337675 0.11208005641503521 -0.011031371651294053 0.15956853167424537 0.0052778138859938817 0.0052840611151268495 0.025970593938279649 0.038529940647620511 -0.0052247153081322606 -0.013441535323157115 0.037794539633853097 0.018871699734844337 -0.037438276838218737
leaf_weight=80.694811588153243 139.96788141597062 66.795551505871117 26.658033724874258 285.91376722278073 66.102024627383798 71.20508823916316 60.40337354503572 222.56502874754369 46.327716895844787 135.19729358237237 13.185665126424283 213.68087486177683 5628.0606255279854 283.49597957963124 98.93095942074433 9.7109010503627342 26.313782809302211 10.101816474460067 13.501663253176957 13.891554778441785 13.812653573229907 3.708469178993254 1383.9263731539249 523.2616373039782 78.438358350656927 10398.353226239793 244.21157079003751 38.477127092890441 327.07678732927889 31.431662153452635
leaf_count=838 4461 1187 196 6123 6476 543 6464 1328 868 2549 441 4820 38069 3239 2479 197 204 243 242 180 125 207 8701 3162 871 211999 2387 419 3358 963
internal_value=-0.000705338 -0.00101687 -0.000670544 -0.00363668 -0.00408287 0.00404042 -0.00372828 0.0370578 -0.00299758 -0.00265349 0.0189947 -0.003559 0.00290608 0.0293099 0.061534 0.0612266 -0.00404825 -0.00346075 -0.0036622 0.0661579 -0.00389226 0.191706 0.00345558 0.0109597 -0.00403683 -0.00433975 0.0103353 0.0699619 0.0050586 -0.00352284
internal_weight=20555.4 20474.7 20334.7 12479.1 12402.6 7855.68 12336.5 249.223 12050.5 11990.1 473.372 11516.8 7606.45 427.044 143.548 76.5065 11381.6 11167.9 11141.6 27.7018 11113.9 13.8103 7535.25 1907.19 11100.4 11021.9 623.578 52.2898 571.288 44.6173
internal_count=313339 312501 308040 256041 254657 51999 248181 1524 242058 235594 7990 227604 50475 7122 3883 1384 225055 220235 220031 630 219401 450 49932 11863 219159 218288 6289 544 5745 1404
cat_boundaries=0 87 178 268 359 450 451 452 534 624 715 807 810 811 812 820 821 822
cat_threshold=0 0 0 2 0 0 0 0 512 0 2097280 32 134217728 0 0 0 16 0 0 16 0 0 0 0 0 2048 0 0 0 65536 0 0 2 512 0 16777216 4 16777216 0 33554432 0 1 0 262144 0 0 16777216 0 0 0 0 0 0 64 0 0 0 0 0 0 128 0 0 545259520 0 0 1 2097152 0 0 0 0 8192 0 0 0 0 131072 0 0 0 0 524288 0 32768 0 1048576 0 0 0 8 64 0 0 0 0 65536 0 0 128 1 0 0 0 0 0 0 0 0 0 0 536870928 0 4096 0 0 0 0 0 2048 0 0 0 0 0 0 0 0 0 0 1073741824 0 10485760 262144 16384 16384 0 0 0 0 2 0 0 128 0 0 0 33554944 0 4194304 65536 0 0 0 0 0 0 0 0 0 0 0 0 0 16 4 65536 0 0 0 2052 0 32768 0 8388608 32 8388608 16 0 32768 8388608 0 0 16 0 0 64 16777216 0 0 0 0 0 0 524288 16384 0 0 2147483648 0 0 0 64 0 0 0 4096 0 0 0 0 0 2 4194304 0 1073741824 0 0 2097152 0 0 0 0 0 0 0 32 0 16384 0 0 0 0 256 16777216 0 276824064 2097152 0 0 128 0 0 0 0 0 0 2048 0 0 0 0 0 8 8388608 0 512 4096 0 0 0 0 0 0 0 0 67108864 2097152 0 0 0 0 524288 2097152 0 0 0 603979776 0 0 0 0 0 524288 1048576 0 262144 524288 0 0 0 0 0 0 0 0 0 1073741824 32768 0 131076 2097152 0 0 0 0 0 0 64 0 0 301990144 0 0 0 0 0 0 0 0 0 0 0 0 4194304 0 0 32 262144 2129920 16 0 0 0 0 67108864 0 128 0 0 0 0 536870912 0 0 0 0 8 2048 0 0 0 268435456 0 0 0 0 0 64 0 0 0 0 0 512 0 0 0 67108864 2 0 0 0 0 0 1048580 0 64 0 0 0 0 0 2048 0 0 0 0 1073741824 0 0 131072 2097152 0 0 0 0 0 0 64 0 0 268435456 0 1048576 16 0 0 65568 0 1024 0 0 0 0 4194304 262144 0 268435488 0 2097152 4 0 0 0 0 67108864 0 0 0 0 0 0 0 0 4 0 32 0 0 32 0 0 0 0 0 4096 0 0 128 1863696 3 0 0 0 16777216 0 2097152 0 65536 0 0 0 0 0 524288 0 0 0 0 262144 0 0 131072 0 0 0 64 0 0 0 0 134219776 0 4 16777216 0 0 0 0 536870912 0 0 4 0 0 0 0 4096 17 4100 524288 0 0 0 268435472 16384 0 0 0 0 67117056 0 0 16 0 0 20480 0 0 64 128 0 2048 0 0 0 0 0 134217728 0 0 0 4096 2 0 0 0 0 16384 0 65536 0 0 0 0 0 0 1 0 0 0 0 16384 33554432 0 0 0 0 0 1 2097152 0 256 131072 0 0 0 0 0 0 0 0 0 0 536870916 0 0 0 0 0 16 0 524288 0 0 1048576 0 16384 0 0 65536 64 0 0 0 18 0 8192 0 1073741824 0 0 0 0 0 0 0 0 0 2097152 0 256 0 0 4096 0 0 0 0 262208 33554944 0 1074266112 0 0 0 0 0 0 0 0 0 0 0 0 0 0 0 0 0 128 0 268435968 2147483648 0 0 0 0 0 0 0 0 2048 8208 0 0 0 0 0 0 0 0 0 0 0 0 0 0 0 0 16 0 0 0 0 0 0 0 256 0 0 1024 0 0 0 0 0 0 0 0 0 33554432 2048 0 0 0 0 4 0 0 0 768 0 64 0 0 0 67108864 0 0 0 0 0 1 0 262144 0 0 0 256 0 0 0 536870912 2147483648 0 0 131072 0 0 0 0 0 1074266112 0 0 0 4 0 0 0 0 0 0 0 0 0 0 0 0 2097152 0 131076 0 0 128 0 33554432 0 0 0 268435456 0 0 0 134217728 0 0 0 0 8 128 0 16777216 17039360 0 0 0 0 0 0 0 0 8 0 0 16777216 4194304 1073741824 0 0 0 0 8 16781312 0 0 0 0 0 268435968 0 1048576 0 0 1 3229614088 2147483664 134 4 1 0 2147483904 0 4194304 32 0 0 512 2 34612264
is_linear=0
shrinkage=0.1


Tree=39
num_leaves=31
num_cat=16
split_feature=3 2 3 3 23 3 24 9 3 25 10 3 23 16 16 14 3 17 3 3 3 29 3 5 3 30 30 29 23 20
split_gain=60.8294 33.1755 30.3253 23.4828 22.2111 42.9168 23.2694 21.9478 59.8448 21.736 20.9895 21.8248 19.3077 18.904 27.734 20.3855 18.8092 18.4674 81.5279 24.5373 24.0814 18.3409 17.5183 21.0959 80.0329 20.2399 18.2749 16.9428 64.655 33.8814
threshold=0 1 2 3 37.500000000000007 4 15.500000000000002 5 6 83.500000000000014 7 8 1.0000000180025095e-35 16.500000000000004 5.5000000000000009 6.5000000000000009 9 47.95000076293946 10 11 12 0.0073642774950712928 13 14 15 4396.5000000000009 4093.5000000000005 0.033206762745976455 1.5000000000000002 29.500000000000004
decision_type=9 9 9 9 2 9 2 9 9 2 9 9 2 2 2 2 9 10 9 9 9 2 9 9 9 2 2 2 2 2
left_child=1 12 -2 -4 6 9 7 8 13 -6 16 21 -1 14 -5 -15 -9 20 -19 -20 -13 -12 27 -24 -25 26 -26 28 -22 -30
right_child=2 -3 3 4 5 -7 -8 10 -10 -11 11 17 -14 15 -16 -17 -18 18 19 -21 22 -23 23 24 25 -27 -28 -29 29 -31
leaf_value=0.20019646343361683 -0.043818655929926599 -0.068596497686122415 0.024538018782421192 0.12272169373490074 0.042508793360224513 -0.064581850156872053 0.13123715716813708 0.032540562099662128 -0.034688326948163026 -0.047041412672853666 0.089340151575862697 -0.022127596558602431 -0.055044880289894897 0.1708789318794556 -0.040046656044731836 0.031645052659183506 -0.069276228398382558 0.058715896603728668 -0.021907216679202892 0.01414794800205459 0.015308087621310848 -0.038785769257410195 0.00033382112793570678 -0.066575006380443183 0.1250455600614267 0.26268609690929984 -0.028017633908510694 0.010269429107592671 0.45287768935647127 0.1124135204540405
leaf_weight=9.2913266508840007 144.0139891016297 172.53796056285501 395.75896645244211 15.654094124212859 89.44661648850888 137.83143965061754 13.630954161286352 20.664789464324713 438.56730506382883 38.889369424432516 11.844774068333207 430.94128430634737 4.351740867830812 22.543681871611625 31.59922705963254 19.708689774386585 68.525050973985344 288.95833771489561 354.09749177191406 382.63532709283754 51.834392035380006 196.81890050088987 15826.86606575828 35.586210172157735 46.953866427764297 8.8011468118056637 9.3543815496377629 1198.0264250738546 5.6088186176493746 6.1038336968049407
leaf_count=965 8428 17490 4724 297 2414 9253 56 238 8152 698 172 11423 512 421 654 378 1652 3179 4139 5525 1749 8441 206092 664 486 138 163 13722 96 151
internal_value=-0.000149121 -0.0555656 0.000386543 0.000724106 0.000234773 -0.0284572 0.000626823 0.00053539 -0.0193811 0.0142613 0.00110023 0.00134091 0.0685423 0.0515707 0.0138753 0.105933 -0.0447835 0.00170838 0.0147532 -0.00324263 0.000949986 -0.0300716 0.00154053 0.000638304 0.044142 0.105462 0.0996175 0.0128367 0.0632562 0.275451
internal_weight=20477.4 186.181 20291.3 20147.3 19751.5 266.167 19485.3 19471.7 528.073 128.336 18943.6 18854.4 13.6431 89.5057 47.2533 42.2524 89.1898 18645.8 1025.69 736.733 17620.1 208.664 17189.1 15927.6 100.696 65.1094 56.3082 1261.57 63.547 11.7127
internal_count=312472 18967 293505 285077 280353 12365 267988 267932 9902 3112 258030 256140 1477 1750 951 799 1890 247527 12843 9664 234684 8613 223261 207543 1451 787 649 15718 1996 247
cat_boundaries=0 24 36 60 81 103 104 128 129 153 174 188 212 236 260 261 282
cat_threshold=0 0 2084 0 1024 0 134217984 16777216 536879104 134815744 0 0 134217728 549453824 0 0 1 0 0 0 0 103284740 33554760 49952 16778240 2348812288 128 67108864 0 4195456 536870912 0 4196352 0 8392704 2 0 4390912 0 2 536870912 8519680 655368 8388608 0 8388928 17 0 0 0 0 0 0 268435456 134217728 0 8 1212162048 9857 136 1140850688 1048576 9437184 0 0 536870912 0 64 0 33554432 0 2147483648 4194320 1048576 0 1074266112 4160 2164541440 553652352 131202 34611216 420741120 2097152 4195336 16 0 0 33619968 262144 35652608 0 132096 2 33024 4 0 0 0 0 0 0 0 147456 8224 155205632 0 0 128 2147483648 0 65536 262656 274726912 2048 268438528 289406976 8 8193 0 8388608 0 524544 64 0 0 131328 67110914 2 2838 33554500 0 4198400 8192 0 134250880 67200 6291456 0 2147483650 0 0 0 0 0 2147483648 0 536871168 0 0 0 1114624 872417280 8194 8388608 262144 268435464 64 0 0 0 16384 0 0 0 273678336 262148 6 0 0 0 524288 64 0 268435456 277348352 0 67372032 262144 2147483648 0 262144 0 35652608 262144 5632 1191182336 598661 2 688144384 32768 2147483648 1 0 0 0 17408 0 0 33685504 269484040 393568 0 0 8388608 2 524288 0 262144 278528 256 524288 2097152 3149824 0 0 262672 2164260864 65536 262164 65536 0 296960 4352 16384 532480 0 0 16777216 2097152 0 0 0 150994944 2415919104 134217728 2053 0 8 352321536 320 268435456 16384 8388608 1590272 1098907648 0 16384 0 67272704 524288 0 0 0 1207967744 49408 0 262144 16777216 524292 4096 312 134217728 8388608 0 128 1073741824 0 0 0 16384 512 0 4194312 0 8192 0 536870912 8192 0 0 0 268435456
is_linear=0
shrinkage=0.1


Tree=40
num_leaves=31
num_cat=21
split_feature=3 13 13 3 3 2 23 3 3 3 13 3 13 13 22 3 3 25 3 3 29 23 3 20 3 25 23 3 26 13
split_gain=61.8164 35.3678 34.4755 29.4365 22.4577 21.6848 20.4379 42.2072 22.2306 19.0706 18.908 28.4853 18.6646 18.0216 18.6133 52.9746 33.0214 27.682 120.082 33.5388 32.3429 27.9016 26.5581 24.5371 77.1948 27.3452 23.2959 132.842 55.2005 32.1751
threshold=0 1 2 3 4 5 40.500000000000007 6 7 8 9 10 11 12 0.082235131412744536 13 14 28.500000000000004 15 16 0.067942123860120787 11.500000000000002 17 56.500000000000007 18 6.5000000000000009 2.5000000000000004 19 1.0000000180025095e-35 20
decision_type=9 9 9 9 9 9 2 9 9 9 9 9 9 9 2 9 9 2 9 9 2 2 9 2 9 2 2 9 2 9
left_child=-1 9 -3 5 -5 -4 8 -8 -6 -2 11 -10 -12 -14 17 -16 -17 19 20 -15 21 -19 -20 26 25 -25 -21 28 -28 -29
right_child=1 2 3 4 6 -7 7 -9 10 -11 12 -13 13 14 15 16 -18 18 22 23 -22 -23 -24 24 -26 -27 27 29 -30 -31
leaf_value=-0.069420591777027293 0.035666653801739813 0.052890223290445251 0.072541604402610191 0.022297647748353182 -0.028870017737012418 -0.040552768487019143 0.015740493138670122 -0.067752982506466289 0.088782190653571361 -0.073483914030583741 0.053008217977964768 -0.0028914005460867181 -0.032822749399316599 -0.02842387117291531 -0.025772455079020581 0.052866197161049414 0.011744012110237588 0.12582203426561289 0.021058763963286972 0.001317723145272199 0.039756519706704969 0.42796126135512397 -0.066318869143881187 0.28593543988027953 -0.031274490649911606 0.1059178439865433 0.14077159199320141 0.056484210149032432 -0.016397706815284872 -0.041160554051130865
leaf_weight=119.16552538517863 16.712121784221381 113.866676278878 10.20076385932043 447.96935778297484 248.64089662674814 241.23753461195156 112.01981443073601 119.66829162277281 52.5510159782134 90.287361951544881 57.124153461307287 81.338585259858519 153.99636131851003 391.06185671733692 315.16399538144469 233.76651102025062 1094.3766706879251 19.735298173967752 40.063268311787397 15322.222866863478 85.088822509162128 3.616535820066928 283.867416520603 10.195858865045009 67.79214281309396 48.948923350311816 70.328735450282693 28.858834494370967 32.753621714189649 565.03067790623754
leaf_count=9505 234 1603 878 7497 9604 13528 1691 9652 558 3154 639 1175 2251 8627 3018 2298 11315 594 1080 192851 608 109 7751 184 1064 780 780 1029 733 18184
internal_value=-0.000459417 -2.16529e-05 0.000294931 -2.8569e-05 0.000409495 -0.0333654 -0.000106141 -0.0296293 0.000249941 -0.0548445 0.00064675 0.0367596 0.000370508 0.00018214 0.000472689 0.010635 0.0193229 -0.000511134 -0.0254896 0.000141938 0.0625943 0.172615 -0.0552051 0.000850884 0.0446443 0.117144 0.000504394 -0.0173758 0.0827999 -0.0355589
internal_weight=20477.7 20358.5 20251.5 20137.6 19886.2 251.438 19438.2 231.688 19206.5 106.999 18957.9 133.89 18824 18766.9 18612.9 1643.31 1328.14 16969.6 432.371 16537.2 108.441 23.3518 323.931 16146.1 126.937 59.1448 16019.2 696.972 103.082 593.89
internal_count=312974 303469 300081 298478 284072 14406 276575 11343 265232 3388 255628 1733 253895 253256 251005 16631 13613 234374 10142 224232 1311 703 8831 215605 2028 964 213577 20726 1513 19213
cat_boundaries=0 24 115 195 219 243 255 267 291 314 405 427 517 608 630 651 674 697 720 741 764 853
cat_threshold=0 32 66 0 0 0 512 0 16384 2156986372 2 0 0 4195584 0 4194304 0 0 0 0 0 547987460 143015936 1056 0 0 0 1032 268435520 0 0 0 0 65537 0 0 0 2 0 0 0 0 64 268435456 2 67108864 0 0 0 0 0 0 0 0 0 0 0 1024 0 0 0 0 0 64 524288 0 0 0 0 2097152 262144 0 0 0 0 0 0 1073741824 0 0 128 0 0 32 0 0 4194306 65536 0 0 0 0 0 0 0 0 0 0 0 0 0 2097168 36 0 0 0 0 0 16384 0 4194304 8388608 32 8388608 1048576 2 0 0 0 2097152 0 16 8 16448 0 128 0 134217728 0 0 0 0 0 262144 16384 33554432 0 0 0 0 2048 4096 1024 0 0 524288 0 0 268435456 0 16777216 0 0 0 33685504 0 1 0 0 0 0 0 0 0 0 0 16777216 0 268435520 0 0 0 0 8388608 16777216 0 0 0 16384 0 0 0 0 0 0 0 0 8192 0 8224 128 0 0 0 4096 1048580 0 512 8194 687865856 131072 525376 2097152 0 1073750024 1 0 67108864 545259520 0 16777216 0 33554432 0 0 16777216 4194304 1049089 2952 1107297280 0 1048576 128 0 671612928 33652736 64 16781312 0 32768 0 256 0 0 0 8192 2164523008 536883456 537264130 34603008 16777216 0 2097152 16777248 2214594560 0 67108864 0 4203520 536870912 0 2048 0 33558528 2 268435456 0 4195336 262160 0 0 0 262144 1024 0 132096 2 65538 589840 1077936128 0 0 0 0 41943040 0 675316288 6160 72 0 0 0 0 4 2048 4194304 0 0 134218240 39848064 40960 268435456 0 0 64 0 0 0 0 0 0 0 441450496 41090 0 0 0 0 524288 2 0 268435456 0 512 0 0 0 2 0 16 134217728 0 33554432 32 2 0 0 0 0 0 16 16512 0 0 2147483648 1048576 0 0 16384 0 0 1048576 0 0 0 0 0 0 0 0 0 0 0 0 0 2048 1049088 268435456 0 4 0 0 8 0 16384 524288 0 0 0 0 0 0 0 524288 0 32768 0 0 0 0 0 2097152 0 536871040 134217728 0 0 0 0 0 0 0 0 0 0 0 0 0 0 65536 0 33554432 262144 0 2 536870912 262144 0 64 0 0 0 16384 2097152 0 1536 1627389952 331912 6 0 0 0 0 0 0 0 131072 0 0 8388608 0 0 0 0 65536 0 8192 0 0 0 0 545259520 0 0 0 0 4096 0 0 0 0 64 0 0 1073741824 1048576 16 134217728 0 0 0 0 4194304 0 16777216 0 0 0 16777216 262144 0 0 0 0 0 0 0 0 0 0 0 8388608 0 16777216 0 16384 2097152 262144 0 0 0 0 0 1073741824 65536 524288 0 0 0 0 0 537001984 0 0 134217728 0 0 0 128 557056 0 0 0 576 0 0 8 256 0 0 0 0 256 0 0 8388608 0 0 67108864 0 0 0 0 0 0 0 0 0 131072 0 0 0 0 0 32 0 0 0 0 524288 0 8 0 64 262144 0 0 0 536870912 0 67108866 0 134217728 0 0 0 0 0 32 0 0 0 0 0 0 0 0 1024 0 16 8 0 0 8 0 0 0 0 0 0 134217728 0 262144 4 0 256 65536 16777216 4096 0 0 524288 4194304 0 0 0 1073741824 16 134758400 33554432 2214592512 0 0 0 0 262144 4195328 0 33554432 2952790016 18464 128 0 8456192 2 469763584 16777216 0 135296 256 289406976 1342210048 0 80 0 0 0 1664 33554432 0 1536 16777216 2151809024 6 0 0 0 0 0 0 268435472 0 1048578 67108872 0 1073741824 16777472 144 0 2097152 131376 16384 0 262182 8192 0 65536 32 8 1081408 0 393216 131072 16 262144 32768 128 0 1024 1409286272 56 640 0 2352 0 16777216 0 524288 0 536936448 2147483680 0 135299072 0 268500992 131072 65808 541081600 41943040 0 0 2147483648 2101376 8224 0 2151677952 2623488 8704 150994944 32768 4609 0 0 2 0 0 0 268435456 4096 16842752 272646144 0 262152 512 0 0 0 17408 2098176 0 0 34603008 491560 32772 0 0 0 67110400 0 0 4224 67125248 0 335544320 16 0 4096 262144 0 4195328 262144 268566528 440402432 2147483648 0 0 8388608 0 134217728 2 0 8388628 0 524292 0 0 0 0 524288 0 0 0 0 0 0 0 0 0 1 0 1048580 0 0 0 0 0 0 0 0 0 65536 0 0 1073741824 16 0 131072 0 0 0 0 0 0 0 0 0 0 1074790400 0 0 4096 268435456 0 0 0 0 0 0 0 256 0 0 0 8192 512 0 0 0 0 2 16777216 0 0 0 64 0 0 0 4 0 0 0 0 0 0 0 0 0 0 0 0 8192 1114112
is_linear=0
shrinkage=0.1


Tree=41
num_leaves=31
num_cat=10
split_feature=13 13 28 13 13 13 2 23 17 13 13 13 18 29 30 30 18 20 30 23 26 23 25 20 10 25 20 29 27 20
split_gain=36.2001 32.8525 21.6057 37.1708 30.845 24.6413 22.1602 21.488 17.7471 31.924 23.1061 20.1554 19.5369 17.6625 18.6192 41.7136 17.6283 16.7794 18.8937 16.135 122.47 45.4597 32.1085 30.5318 22.6317 25.3151 26.2122 23.6397 23.2662 25.3464
threshold=0 1 0.11859711632132532 2 3 4 5 94.500000000000014 47.95000076293946 6 7 8 0.10694885998964311 0.12997944653034213 3986.5000000000005 3968.5000000000005 0.21044302731752398 -1.0000000180025095e-35 3913.5000000000005 1.0000000180025095e-35 1.0000000180025095e-35 18.500000000000004 1.5000000000000002 125.50000000000001 9 1.5000000000000002 2.5000000000000004 0.037443149834871299 0.23173681646585467 1.5000000000000002
decision_type=9 9 2 9 9 9 9 2 10 9 9 9 2 2 2 2 2 2 2 2 2 2 2 2 9 2 2 2 2 2
left_child=-1 -2 3 -3 -5 -4 -6 8 10 -10 -8 12 -12 14 15 16 17 18 -7 -13 21 23 -22 24 -21 28 -27 -28 29 -26
right_child=1 2 5 4 6 13 7 -9 9 -11 11 19 -14 -15 -16 -17 -18 -19 -20 20 22 -23 -24 -25 25 26 27 -29 -30 -31
leaf_value=0.056846105357450286 -0.043486138510850016 0.066574135191045436 0.034570208334908592 -0.041744742655837608 -0.067504088010721358 0.033633160809923839 -0.024323568592277009 -0.066001343678054228 -0.029472051977258409 0.023597468417473122 0.020795186684459635 -0.0042099533071722406 0.13536091549105492 0.00098420750851543394 -0.0034816405737855835 0.12787747673501515 -0.041581034751499768 0.010919870896136951 0.13111900001091012 -0.039397871963994371 -0.044133644823027583 -0.03488881553880762 -0.0060166001007931789 -0.010256043029562586 0.044584020947844513 0.13255390551646648 0.095013242443049706 0.040035885314802067 0.23220297628786146 -0.012073770571996666
leaf_weight=101.64112138561904 164.26334629068151 67.139549177139997 245.88540300447494 192.89452457055449 42.074467598926276 241.8533422909677 467.79793914780021 52.3964115944691 132.64550467999652 573.34914002381265 51.22345830174163 8168.5925891068764 20.982040977105498 6811.2722012586892 430.08562464080751 35.622213995084167 47.785620041191578 545.87806446384639 21.661440726369619 29.479329996276647 372.45214171893895 105.60338562028483 543.45202410314232 135.47283008834347 169.64378332020715 42.334627005271614 96.864679807331413 406.16546542802826 5.1635674256831399 147.70510704256594
leaf_count=1121 4428 1249 1600 4798 4960 1606 10396 6254 2613 9714 1240 154890 173 43821 4529 265 268 4476 164 524 13538 5523 15144 3183 2534 512 3868 5462 33 4110
internal_value=5.81854e-05 -0.000252989 0.000119855 -0.00263319 -0.00308244 0.00400428 -0.00240198 -0.0021059 -0.00181583 0.0135433 -0.00282331 -0.00182097 0.0475072 0.00303408 0.0136114 0.0218456 0.0174391 0.0209236 0.0416467 -0.00221547 0.00570436 0.0276047 -0.0215169 0.0339944 0.0406749 0.0433492 0.0569825 0.0506225 0.0216396 0.0182135
internal_weight=20469.4 20367.7 20203.5 11823.4 11756.3 8380.04 11563.4 11521.3 11468.9 705.995 10762.9 10295.1 72.2055 8134.16 1322.89 892.801 857.178 809.393 263.515 10222.9 2054.34 1138.43 915.904 1032.83 897.357 867.877 545.365 503.03 322.512 317.349
internal_count=312996 311875 307447 250718 249469 56729 244671 239711 233457 12327 221130 210734 1413 55129 11308 6779 6514 6246 1770 209321 54431 25749 28682 20226 17043 16519 9842 9330 6677 6644
cat_boundaries=0 91 182 265 353 437 449 540 630 721 722
cat_threshold=0 0 0 0 0 0 0 0 520 0 67141760 32 0 0 0 0 16 0 0 524288 0 0 0 0 0 2048 0 0 0 0 557056 0 2 0 8 0 0 16777216 0 131072 0 0 0 0 0 0 0 0 32 4194304 32 0 0 64 0 256 0 0 0 0 0 0 0 8388608 0 0 0 2097152 0 0 0 0 0 0 536879136 0 0 0 262144 0 0 0 0 0 0 65536 1048576 0 0 1024 2 0 262144 0 8 0 0 0 0 0 1 0 0 0 0 0 0 0 128 0 0 2 0 0 0 536872960 0 0 0 0 2048 8192 0 0 16777216 0 0 0 0 131072 268435456 0 0 0 0 0 2097152 262160 0 0 0 0 0 4194304 0 0 32 4194432 0 0 0 0 0 0 65536 0 0 0 0 0 0 0 0 0 0 0 0 0 1075838976 36 65536 16777216 0 0 0 0 0 0 0 0 8388608 640 0 0 8388608 16777216 0 0 0 0 0 32 0 0 134217728 0 0 0 0 0 0 268451840 2147483648 0 0 0 0 0 0 1048576 0 0 134217728 0 0 1048576 16386 512 0 0 67633152 0 0 0 262145 0 0 0 0 0 0 0 16384 134218752 0 0 0 0 0 65536 8388608 0 0 8192 0 0 0 0 0 0 33554432 0 16 0 0 0 0 0 2097152 0 512 0 0 128 32 0 0 0 0 0 0 0 8 0 67174400 2 0 0 0 4 0 1048576 0 64 0 0 0 0 0 0 0 0 0 0 0 0 0 2048 0 0 0 4 0 4 0 64 0 0 256 0 1048576 0 0 0 65568 0 0 0 0 0 0 8 262144 0 32 512 0 20 0 0 0 0 67108864 0 128 0 0 16777216 0 0 0 4 0 0 0 2048 4128 524288 0 32768 0 268435456 512 0 0 0 0 524304 2097152 0 0 0 67174400 2097154 0 0 0 0 17301504 1048576 0 0 0 0 0 0 0 0 0 0 0 0 0 0 0 131072 2097152 0 0 4 0 536870912 0 64 128 0 1048576 32768 0 0 0 0 0 0 0 0 0 0 0 8 0 0 32 0 2129920 20 0 0 0 0 67108864 64 0 0 32768 0 0 0 0 4 0 0 8 2112 0 0 2048 272630792 268435504 33685508 33570817 0 67174406 25165824 1048578 12845056 1073741824 16384 533056 0 2048 0 1024 16 0 0 0 33554432 536870912 0 0 1024 524288 0 0 4 0 0 16 0 0 0 4 0 0 0 0 0 0 0 0 0 32768 0 0 0 0 536870912 0 557056 4 0 301989888 0 0 0 17 0 0 0 0 0 0 16384 0 0 0 0 0 16 0 0 0 0 16384 0 0 64 0 0 2048 0 0 1073741824 0 0 134217728 0 0 64 0 4 0 67108864 0 0 0 327680 0 16 0 0 0 0 524288 0 16 0 0 4 0 0 0 0 4194312 128 0 0 4096 2147483648 0 0 0 0 0 64 0 0 0 1073741824 0 0 131076 2097152 0 268435456 128 0 0 0 0 0 0 262144 0 0 0 256 0 524288 0 16777216 0 128 0 0 0 128 0 0 33554432 0 0 0 0 0 0 0 0 0 1 0 524288 0 0 0 0 131088 0 8 0 0 0 0 0 4194304 32768 8192 1048576 2097152 0 0 0 0 0 0 134217728 0 0 0 0 0 0 524288 536870913 64 0 0 0 528 0 0 0 0 0 0 0 0 1048576 272 131072 0 0 512 0 0 0 0 536870912 0 2097152 553648128 0 33554432 0 0 0 16 0 0 0 0 16777216 0 0 0 0 0 0 16777216 0 0 0 0 0 0 16777216 0 0 0 0 0 0 0 0 72 0 0 0 0 0 0 0 0 67108864 0 262144 33554432 0 0 16 546
is_linear=0
shrinkage=0.1


Tree=42
num_leaves=31
num_cat=22
split_feature=3 13 13 3 3 13 3 3 13 3 13 3 13 29 18 17 3 10 12 3 17 18 3 13 18 2 4 28 29 3
split_gain=44.9513 36.71 31.3542 23.7142 22.9542 19.1095 24.6303 17.8213 27.0638 25.586 21.8506 35.6107 20.9558 17.8706 41.2869 18.8661 17.6685 16.8943 16.7339 16.0393 24.2408 16.4324 28.3699 18.4366 15.5141 15.3715 14.9928 14.9225 15.4348 14.8729
threshold=0 1 2 3 4 5 6 7 8 9 10 11 12 0.11259426921606065 0.17773220688104632 54.350000381469734 13 14 15 16 58.649999618530281 0.014033071696758272 17 18 0.14109200239181521 19 20 0.11157525703310968 0.12123842537403108 21
decision_type=9 9 9 9 9 9 9 9 9 9 9 9 9 2 2 10 9 9 9 9 10 2 9 9 2 9 9 2 2 9
left_child=-1 16 -3 18 25 6 -6 12 9 -9 11 -10 -7 14 -14 27 -2 -12 -4 20 -19 -21 -23 -24 -13 -5 -25 28 -15 -28
right_child=1 2 3 4 5 7 -8 8 10 -11 17 24 13 15 -16 -17 -18 19 -20 21 -22 22 23 26 -26 -27 29 -29 -30 -31
leaf_value=-0.054454157667324747 -0.03219627101875501 -0.051405426777824462 0.066640283048803234 0.040195589705155674 -0.02237196508508358 -0.038652331452218941 0.066367312088185318 0.033016281045033506 -0.022994669987225401 -0.055160430921917296 -0.045512639655705706 0.047080990928591637 0.021810269558396683 0.073596816486906899 -0.048154191278007491 0.070069255670365607 0.082497923629414091 -0.026122107982579169 0.013497133575975866 0.055609375805358664 0.11760965689036953 -0.04847820957304351 -0.040161738766129627 -0.00054178524410333317 0.13083790434900947 -0.043198520166847013 0.00098321833038643252 0.009501020660672415 0.0039005384519795387 0.063257140622672098
leaf_weight=142.72255937778391 15.095936100464312 109.30679992213845 66.310192673001438 19.27630392415449 44.435788033530116 82.935266738757491 85.754807414952666 36.774524598382413 61.15129065932706 157.57702340278774 76.455493534915149 56.227842022664845 179.74976565176621 76.440799728035927 158.91127128154039 58.123329427093267 71.987096420954913 374.14656230527908 353.79195173969492 51.648986109066755 12.113778555300085 114.29539058636874 106.47374007012695 15934.394968281966 36.451589953154325 178.74680302804336 88.696195866912603 1603.7654626965523 54.378743993118405 66.020018801093102
leaf_count=9675 233 3138 711 1126 456 537 932 588 730 3882 1945 1132 3440 542 951 315 1016 11107 4220 5380 246 8129 1714 228020 201 12523 804 8456 501 712
internal_value=-0.000404421 1.77993e-06 -0.000292261 1.05958e-05 -0.000495922 -0.000143659 0.0366441 -0.00040947 -0.00149957 -0.0376767 -0.00106351 0.0352828 0.00801327 0.0100011 -0.0110194 0.0140279 0.0613472 -0.0014166 0.0232398 -0.00118826 -0.021069 -0.000706338 -0.000885107 -0.00051898 0.0722298 -0.0335386 -0.000231851 0.0121501 0.0446256 0.0297836
internal_weight=20474.2 20331.4 20244.4 20135 19714.9 19516.9 130.191 19386.7 17172.4 194.352 16978.1 153.831 2214.3 2131.37 338.661 1792.71 87.083 16824.2 420.102 16747.8 386.26 16361.5 16309.9 16195.6 92.6794 198.023 16089.1 1734.59 130.82 154.716
internal_count=313362 303687 302438 299300 294369 280720 1388 279332 264590 4470 260120 2063 14742 14205 4391 9814 1249 258057 4931 256112 11353 244759 239379 231250 1333 13649 229536 9499 1043 1516
cat_boundaries=0 24 115 205 228 252 340 361 384 475 494 586 600 689 707 708 709 733 757 848 860 861 875
cat_threshold=65536 0 1073743872 6 536870912 1073741952 524800 16777216 268435456 16389 33554432 0 0 541065216 0 0 131072 0 0 0 0 281559044 9 17280 2 0 0 0 0 0 16 0 512 0 0 0 0 131072 1 0 16 0 0 16384 0 0 0 0 0 0 0 0 0 65536 524288 0 0 512 0 0 0 0 0 33587200 0 1 0 0 0 0 0 0 1073741824 8 0 0 0 64 0 0 0 65536 0 0 262144 0 0 536887296 0 0 0 0 0 0 0 0 0 0 36 128 0 0 0 4096 2048 0 0 0 268435456 65536 512 0 0 0 2 0 262144 0 0 0 2 0 0 0 0 0 0 0 0 0 0 0 0 0 268435456 0 0 0 0 0 0 0 4 2048 0 32768 0 0 0 32 0 0 0 0 64 0 0 0 268435456 0 10485760 262144 16384 16384 0 0 0 5242880 2 0 0 132 8192 0 0 0 0 0 65536 2097152 0 0 0 0 0 0 0 0 0 8704 0 0 4194320 4 0 0 0 0 2048 0 8 0 0 32 8388608 1073741824 1074790400 26214528 128 0 2147483648 9437184 0 41943040 0 0 2056 8208 32768 0 2048 8256 2097152 1118336 393216 33554688 0 268435456 0 589824 36 8704 1152 132096 32 44040192 0 671089728 1 0 268435456 8388608 0 0 33554432 4096 16384 0 131080 134226432 1152 8 0 0 0 0 0 1024 0 0 0 0 0 0 0 0 8 131072 0 0 0 0 0 0 0 0 16 0 0 1073741824 4096 0 139264 0 0 0 0 16777728 0 0 0 262144 0 4 0 0 0 0 0 0 32 0 0 0 0 0 0 256 16777216 0 0 655360 128 0 2 67108864 0 0 1 0 134217728 128 134217728 0 0 0 0 0 0 134217728 0 65536 0 0 0 0 32768 32768 8683520 512 268451840 8388608 263176 0 0 0 0 0 4194304 0 1024 0 327682 8192 0 0 0 16777216 16777216 0 1048576 0 302022658 10 0 0 134217728 33587200 524800 1090519040 2048 16384 8388608 2151694340 0 0 536871424 262176 1090535936 16777224 2 0 0 536870912 0 0 0 0 64 0 0 0 0 0 0 0 0 0 0 16777216 0 0 0 16 0 0 0 0 0 0 0 0 0 0 16 0 0 0 0 33554432 128 0 0 0 0 128 0 262144 0 0 0 0 0 65536 0 1024 16777216 0 0 0 0 0 0 268435456 0 0 0 0 0 16384 0 536870912 0 8 0 0 0 134217728 0 262208 0 1073872896 0 0 16777216 0 0 256 16384 4194304 16777216 0 0 2097152 16 268451840 262144 2147746816 0 0 0 65536 0 2097152 0 33280 541065216 163880 0 0 0 0 0 4194306 0 0 0 0 0 512 0 268435456 33554432 0 2155872256 0 0 0 0 0 524288 128 0 512 0 0 0 0 0 2048 65536 0 0 0 0 16777280 0 0 0 0 0 0 2 512 0 16777216 0 0 0 0 2 0 8 128 0 150994944 0 0 0 0 4194304 0 0 67108864 16 0 536870916 0 8192 0 0 65536 0 0 0 0 0 0 0 0 4 8 0 8 0 0 0 0 0 0 0 0 0 0 128 1 809517056 262144 263168 64 1073741824 0 8192 0 2097152 0 131584 38797312 131232 4 0 0 0 0 0 0 0 0 0 536870912 2147483648 0 0 0 0 0 4 0 0 0 0 0 0 0 0 64 0 0 0 0 0 0 0 0 0 0 0 0 0 0 0 0 0 0 0 0 0 268435456 0 0 0 134217728 0 0 16384 0 4194304 0 0 0 0 0 0 0 0 0 0 0 0 0 0 0 0 0 0 0 4 0 32 0 0 0 0 0 67108864 0 0 0 1048576 4194304 262144 262144 0 0 0 0 0 1024 0 0 1699741696 0 2 0 0 0 524288 2838 111420688 0 2097152 4672 0 268435456 889225472 20 4194304 65536 2147483648 33282 0 0 1024 134217728 0 4 2147485696 16 0 0 16908288 33556544 2048 134217728 16 0 4096 1 0 0 0 2147483648 76124176 0 0 0 1048848 0 0 0 0 0 0 0 537231360 1082589440 1139 0 0 0 0 268435456 0 0 0 16384 32 32768 0 0 0 0 0 0 0 0 1073741824 0 131072 0 0 0 65536 0 0 0 0 0 16 524292 0 8388608 0 0 0 0 16384 64 0 0 0 16384 0 4096 131072 4 0 0 67109376 0 0 2097152 4096 0 0 16777216 2048 1024 0 0 34816 0 0 0 0 0 0 0 0 0 0 0 0 0 0 0 268435456 0 0 0 33554432 0 0 272629760 0 0 512 1048576 1056 2214594560 128 67108864 0 4195456 536870912 0 4194304 0 33558528 2 9 16384 0 0 0 0 0 0 0 0 0 132096 0 2 4
is_linear=0
shrinkage=0.1


Tree=43
num_leaves=31
num_cat=13
split_feature=23 21 2 9 11 28 17 12 12 9 27 2 12 23 23 30 5 2 17 8 12 17 23 18 23 12 23 26 28 15
split_gain=24.7901 28.3906 35.7975 20.7386 22.6243 26.1854 19.2489 19.1206 18.2841 18.2003 18.4902 16.8057 15.3683 15.1723 18.9035 14.3467 13.624 12.9642 11.8349 11.5174 22.5623 20.3986 19.226 10.973 10.9292 10.8917 14.4253 85.3851 21.477 27.6054
threshold=5.5000000000000009 8.5000000000000018 0 1 2 0.067410163581371321 43.250000000000007 3 4 5 0.2137710973620415 6 7 239.50000000000003 173.50000000000003 1139.5000000000002 8 9 52.149999618530281 10 11 28.94999980926514 1.0000000180025095e-35 0.083119004964828505 1.0000000180025095e-35 12 1.0000000180025095e-35 1.5000000000000002 0.062301723286509521 4.5000000000000009
decision_type=2 2 9 9 9 2 10 9 9 9 2 9 9 2 2 2 9 9 8 9 9 8 2 2 2 9 2 2 2 2
left_child=3 2 -2 8 5 -5 11 -3 -1 18 -11 -6 24 14 15 -9 17 -13 -4 20 21 22 -19 -23 -8 -21 -27 28 29 -28
right_child=1 7 9 4 6 -7 12 13 -10 10 -12 16 -14 -15 -16 -17 -18 19 -20 25 -22 23 -24 -25 -26 26 27 -29 -30 -31
leaf_value=-0.034824036036352778 0.065722707885725692 -0.037541159071289382 -0.026759259422291917 0.26230766613654743 -0.071246555320862784 0.045979495369192588 0.043786076874937685 -0.071826782156308513 -0.0030115756910217666 -0.04007511912117958 0.020460548738250858 0.017960155578609912 0.0066635205103126767 -0.077409453061054873 0.13249905482585889 0.016230396329156873 -0.040727329070716557 0.034261024559743447 0.14511869888810738 0.0087979865008225785 -0.024614860669013444 -0.027884020804797863 0.20992792796598392 0.016887518127143814 -0.0042862859609435044 -0.0013402481183171335 0.039990929547798974 -0.017242868659011701 0.017185791350232293 0.16094128456935652
leaf_weight=290.00351250404492 31.602293975651264 84.51666646823287 6.2493593106046319 7.8413158692419556 22.748905013082549 19.535851644352078 234.06358232907951 19.401719066780061 474.88599333027378 613.44500036747195 54.978797042742372 412.00395830720663 901.13453907379881 18.158314125612378 13.471015501767395 399.0424541993998 69.949136539828032 19.04877900751308 11.16052293777466 1524.5376716461033 483.52910270588472 81.725770434830338 9.2585159959271532 165.79885406419635 59.268290267093107 12372.998372422531 271.29184167343192 810.6737211716827 902.4698634352535 20.281034198589623
leaf_count=5863 274 1732 203 153 2616 200 3071 181 9290 29019 373 2819 11956 353 173 4440 877 278 118 20504 7451 2152 130 1326 1185 172485 7654 17077 8040 579
internal_value=-0.000231471 -0.0138642 -0.0268629 0.000659694 0.00133398 0.0790613 0.00117511 0.00358043 -0.0153668 -0.0316263 -0.0345787 0.000321655 0.0134504 0.0118727 0.0159012 0.0121475 0.000457915 0.000650388 0.0529872 0.000211841 -0.0117381 0.0109062 0.0917167 0.0021052 0.0329497 0.000789489 -6.52154e-05 0.00780389 0.0248089 0.0484039
internal_weight=20405.1 1252.03 717.436 19153 18388.2 27.3772 18360.8 534.59 764.89 685.834 668.424 17166.3 1194.47 450.074 431.915 418.444 17143.6 17073.6 17.4099 16661.6 759.361 275.832 28.3073 247.525 293.332 15902.3 14377.7 2004.72 1194.04 291.573
internal_count=312572 36866 29987 275706 260553 353 260200 6879 15153 29713 29392 243988 16212 5147 4794 4621 241372 240495 321 237676 11337 3886 408 3478 4256 226339 205835 33350 16273 8233
cat_boundaries=0 11 12 15 16 17 18 30 31 32 36 37 38 39
cat_threshold=0 256 0 4194304 32 0 0 512 0 0 4194304 8736 3229614083 2147745808 4 58790272 6139288 512 142607360 268435488 33554436 33554433 0 4 25165824 1048578 33816576 1073741824 0 532992 17496488 170 0 2147483648 0 4194304 24 3082450 39100184
is_linear=0
shrinkage=0.1


Tree=44
num_leaves=31
num_cat=17
split_feature=13 13 13 1 28 9 13 13 17 13 12 17 10 13 28 13 13 13 23 13 16 5 21 25 9 24 30 22 25 23
split_gain=47.3444 35.2206 21.1503 20.74 19.0043 16.964 36.4137 23.6242 21.4103 20.95 18.8348 21.5044 17.6965 17.1608 15.1281 28.4781 22.4906 22.3788 17.0897 12.7299 12.0348 10.9217 10.2364 22.4139 16.2791 37.9568 15.7538 13.8307 11.2342 42.025
threshold=0 1 2 3 0.08347386866807939 4 5 6 39.350000381469734 7 8 68.049999237060561 9 10 0.12586309760808947 11 12 13 102.50000000000001 14 28.500000000000004 15 22.500000000000004 36.500000000000007 16 1.0000000180025095e-35 1139.5000000000002 -1.0000000180025095e-35 1.5000000000000002 1.5000000000000002
decision_type=9 9 9 9 2 9 9 9 10 9 9 10 9 9 2 9 9 9 2 9 2 9 2 2 9 2 2 2 2 2
left_child=-1 -2 20 4 -4 6 -5 8 -7 -9 -8 -12 -11 -14 15 -15 -16 -17 22 -18 -3 -21 23 28 25 -24 -25 -28 29 -19
right_child=1 2 3 5 -6 7 10 9 -10 12 11 -13 13 14 16 17 19 18 -20 21 -22 -23 24 26 -26 -27 27 -29 -30 -31
leaf_value=0.077139709974235082 -0.053198548324253463 0.041422614080676656 -0.065520960401975775 0.037569836783045069 0.11480401503667859 0.010627185287102438 -0.044774769124504704 -0.041424657724094371 0.068455240986890695 -0.041836830842756793 -0.012183791564168951 0.17983270013370706 -0.050234249280866575 0.049444060831504238 0.033405052499949843 -0.043305546750474128 -0.035387911708365923 -0.0018798253936961936 -0.06511383989002488 0.00336728239460751 0.1791666747089129 -0.052724531667287682 0.25015093198603017 0.029060421539195969 0.0037003230048220982 0.026553706418093716 -0.088187668724265977 -0.02714641880895198 0.0045080104122748816 -0.036895001586726102
leaf_weight=67.905400262679905 118.28872041241266 74.58835212001577 80.537402489688247 100.17842681426555 6.3017160575836888 213.27762971329503 269.31209607142955 114.41545013338327 91.488650653744116 91.797480825800449 318.14029233762994 5.9413667032495132 57.841959560988471 96.075589783489704 235.96024406887591 123.66970240138471 77.095995282754302 8070.5589921334758 42.919662695843726 7088.1888595279306 6.93254550686106 24.945240691304207 10.778413823805748 31.386669812723994 148.41085685184225 25.680823251605034 56.758773222565651 107.27374642295763 2307.4773394276854 357.96723834564909
leaf_count=877 3700 1139 6488 1747 111 3523 6278 2307 1161 2492 5750 87 920 2085 1431 2392 560 142336 5109 46772 143 166 154 576 2745 249 3880 3707 49467 14805
internal_value=-0.00066914 -0.000966149 -0.0006347 -0.000852086 -0.0470205 -0.00062898 -0.0158825 -7.50061e-05 0.0270976 -0.000523257 -0.0253795 -0.00840424 -0.000254654 -3.02327e-05 0.000150804 -0.00214043 0.00366181 -0.00262118 -0.00213194 0.00263561 0.0473305 0.00309683 -0.00189068 -0.00228531 0.0214438 0.0727122 -0.0358481 -0.048268 -0.0016744 -0.00336695
internal_weight=20422.1 20354.2 20235.9 20154.4 86.8391 20067.5 693.572 19374 304.766 19069.2 593.394 324.082 18954.8 18863 18805.1 11379 7426.19 11282.9 11159.2 7190.23 81.5209 7113.13 11116.3 10931.4 184.87 36.4592 195.419 164.033 10736 8428.53
internal_count=313157 312280 308580 307298 6599 300699 13862 286837 4684 282153 12115 5837 279846 277354 276434 227505 48929 225420 223028 47498 1282 46938 217919 214771 3148 403 8163 7587 206608 157141
cat_boundaries=0 91 181 273 274 275 366 457 548 549 550 636 727 808 897 988 989 990
cat_threshold=0 0 0 0 2097152 0 8 0 512 16777216 128 0 0 524288 0 0 0 0 0 0 0 1048576 0 0 16384 2048 0 0 0 0 524288 0 2 268435456 0 0 0 0 0 131072 0 2048 512 0 0 0 4096 0 1073741856 8 0 0 0 64 0 0 0 0 8388608 0 128 0 0 16384 0 0 0 2097152 0 0 0 0 0 0 139296 0 0 8 0 0 32 0 0 0 0 0 1048576 0 0 0 2 0 262144 0 0 0 0 0 8388608 0 65568 0 0 0 0 0 0 0 0 0 0 0 0 0 65536 0 0 0 1024 0 0 8192 0 0 0 32 0 0 0 0 0 524288 536870912 0 0 0 2097152 262144 16384 0 0 0 32 0 0 0 32 128 0 0 0 512 0 4194304 65536 2097152 0 0 0 0 0 131072 0 0 4718592 0 0 2 2097168 4 0 0 0 0 4 0 0 285212672 0 0 8388608 2 0 0 0 0 1024 0 0 0 0 8388608 32 0 0 0 0 0 0 0 16384 2147483648 0 2147483648 0 16 0 0 0 8 0 131072 16777216 0 512 2 16777728 0 0 0 0 64 0 0 33554432 8388608 0 0 0 8 0 16384 524288 0 0 0 0 0 0 0 0 0 0 262144 0 0 0 0 196608 0 0 0 0 8192 0 536870912 128 0 0 263680 0 0 0 0 0 0 0 0 0 0 524288 0 1 1877489 12288 0 0 0 0 80 0 0 0 0 0 67108864 0 1024 0 0 524288 0 128 0 0 33554432 0 0 0 67108864 0 0 0 0 0 32768 0 0 0 0 0 4 0 536870912 0 0 0 0 268435456 0 1048576 0 1 0 0 0 0 16777216 0 16384 0 0 65536 64 0 0 0 0 0 16384 0 0 0 0 0 134219776 32768 16777216 0 0 0 0 0 0 8 2112 4096 4 0 67108864 0 16 0 0 1024 1 0 0 0 1024 0 147456 0 0 64 0 0 0 0 0 8388608 16777216 0 16384 0 0 0 0 0 4 0 0 0 0 0 0 0 0 0 2097152 67108864 0 0 0 0 33816576 0 128 262144 0 32768 536870912 0 268435456 0 0 0 0 0 65536 0 0 0 0 0 16777216 0 0 0 131072 0 0 1 0 0 2048 536870912 0 0 0 4 0 8388608 0 0 0 0 0 0 0 268435456 0 33280 4096 65536 2097152 64 0 0 0 16777216 268435456 2 0 0 0 0 0 0 0 0 8 0 8 0 0 0 33554432 0 0 0 0 65536 0 32 1073741824 0 0 0 524288 0 0 0 64 0 0 0 0 0 0 0 0 1048576 32 0 4 0 0 0 0 1073741826 0 0 0 0 64 0 33554432 0 1 0 16384 0 2 0 33554432 0 134217728 0 16777224 0 0 0 0 0 0 0 0 4096 0 0 67108864 0 4194304 0 32 2048 1048576 52294792 2134 0 0 0 0 32768 0 0 0 16384 0 67108864 0 0 0 2 524288 0 0 0 1073741824 0 131072 0 0 0 0 0 0 0 16640 0 0 0 0 8388608 0 0 262144 0 64 0 0 0 0 16384 134217728 16 0 0 0 0 335544320 4194304 0 0 0 0 0 0 131136 0 0 4096 8 0 0 0 0 0 0 262144 0 0 134217728 0 262144 32768 0 0 0 16777216 0 0 2048 524292 4194304 0 32768 8388608 0 0 0 0 0 0 0 0 0 0 0 1 0 0 0 0 268435472 0 0 0 0 0 0 0 1048576 0 2064 2281701376 1024 0 0 4194304 4194304 0 0 0 0 0 0 1 1048576 0 262144 2 0 0 0 0 0 1048576 128 8388608 0 0 0 268435456 0 262144 0 0 0 8192 0 16777216 0 0 0 0 0 0 0 0 0 2097152 0 256 4096 4096 0 0 0 0 0 262144 0 0 1073742848 16 0 0 0 0 524288 0 0 0 0 603979776 2147483650 0 0 0 0 0 1048576 0 0 524288 0 0 0 0 0 0 0 0 0 1073741824 0 0 131072 0 0 0 4 0 0 0 0 4 0 256 0 0 16777216 0 0 0 0 0 0 268435456 0 0 4194312 128 0 67108864 0 32768 4 0 0 16384 0 67108864 0 128 0 32768 524288 0 1073741824 0 4 0 0 0 2048 0 0 0 8 0 0 0 0 0 67108868 0 0 1024 0 4 0 1048576 0 64 2621440 0 0 0 0 2048 0 0 0 0 0 32768 0 131072 0 0 0 4 0 536870912 0 0 4 1048576 67108864 0 0 0 0 0 65568 0 16778240 0 0 0 0 4194312 128 0 32 1048576 0 0 0 0 16384 0 0 0 128 0 0 0 0 0 0 4 1073741824 0 0 2048 0 0 0 0 0 0 0 1048576 0 0 0 0 0 0 0 0 0 0 0 0 0 0 0 128 0 0 0 268435472 0 0 0 0 0 0 4096 0 0 2048 0 0 0 0 0 0 0 0 0 0 0 0 0 1048576 0 0 0 0 0 0 0 0 0 128 16384 256 0 0 1024 0 262144 0 0 0 0 0 16777224 0 0 0 0 0 0 0 512 0 0 0 256 0 0 0 0 0 0 0 64 134225920 0 0 16 42 1028
is_linear=0
shrinkage=0.1


Tree=45
num_leaves=31
num_cat=21
split_feature=3 13 13 3 13 3 5 13 13 5 3 3 29 22 3 3 23 3 3 13 3 13 3 3 22 22 28 28 22 23
split_gain=40.9384 31.2546 28.9774 24.835 18.3675 18.4035 39.7071 20.31 19.4728 19.0031 74.2818 18.961 17.1676 16.3983 35.7662 17.1073 18.5241 50.2631 24.5469 23.6573 30.2881 22.2231 39.9688 27.7038 21.2327 20.758 18.8689 58.3908 72.5175 25.1439
threshold=0 1 2 3 4 5 6 7 8 9 10 11 0.02058188617229462 0.67179489135742199 12 13 4.5000000000000009 14 15 16 17 18 19 20 0.021220307797193531 0.21326331049203875 0.021338676102459434 0.019859080202877525 -1.0000000180025095e-35 69.500000000000014
decision_type=9 9 9 9 9 9 9 9 9 9 9 9 2 2 9 9 2 9 9 9 9 9 9 9 2 2 2 2 2 2
left_child=-1 -2 -3 -4 -5 6 8 11 -6 10 -9 -7 -10 15 -15 -11 21 25 24 20 -20 22 -17 -23 -19 -18 27 29 -29 -21
right_child=1 2 3 4 5 7 -8 9 12 13 -12 -13 -14 14 -16 16 17 18 19 26 -22 23 -24 -25 -26 -27 -28 28 -30 -31
leaf_value=-0.043729512648432549 -0.048483025386348973 0.058434241940367483 -0.039516510501535387 -0.041774301325035186 -0.036430461405249547 -0.037436322973927051 -0.078347862953079495 -0.063634070604857956 0.14279452688465391 -0.027402087538410586 0.090784791287955385 0.070669308178630333 0.024712190927793878 -0.039107383519101674 0.060377138426924742 -0.034246000636424641 0.044254695997190327 -0.07516420065327542 0.088498213256036878 -0.057361720452581103 -0.033992972293089577 -0.036101550117403763 0.057595400752951713 0.00046617883882411963 -0.023342529298076526 -0.026317251109729125 -0.021246887163228881 0.65887865329715345 0.0084684199701198937 0.19766746734805551
leaf_weight=206.70175731531344 122.27270053396933 75.337933883070946 147.48551389272325 92.969441627385095 45.837942858226597 17.169727311469615 32.518300421535969 40.602081552613527 12.562549715396015 228.30365560436621 79.743660733569413 65.656229320447892 618.0794876255095 46.020853575319052 107.83190227532759 60.931112669408321 193.91093861684203 138.68189884303138 42.219874551985413 21.583402113523338 29.207891102414578 199.76629050029442 156.49192354641855 16778.307514889166 183.91973345796578 53.090744527988136 616.26338154822588 3.2477562101557842 3.6304366579279304 4.7094557017553589
leaf_count=12956 3319 1054 7210 1637 621 405 279 1171 530 7817 995 1120 8467 332 917 649 3063 9724 332 1377 1626 6267 2221 219750 4357 386 13987 94 384 293
internal_value=-0.000496225 -3.25859e-05 0.000286173 3.82994e-05 0.000351574 0.000570579 0.0162762 -2.15196e-05 0.0218998 -0.000249497 0.0378021 0.0466404 0.026642 -0.000512096 0.0320015 -0.000779669 -0.00043582 -0.0119914 -0.0215088 -0.0108661 0.0403864 0.000431132 0.0314835 1.49202e-05 -0.0442483 0.0279542 -0.0170301 0.0561775 0.31558 -0.0116821
internal_weight=20425.1 20218.4 20096.1 20020.7 19873.3 19780.3 708.998 19071.3 676.48 18988.5 120.346 82.826 630.642 18868.1 153.853 18714.3 18486 1290.47 1043.46 720.862 71.4278 17195.5 217.423 16978.1 322.602 247.002 649.434 33.1711 6.87819 26.2929
internal_count=313340 300384 297065 296011 288801 287164 9897 277267 9618 275742 2166 1525 8997 273576 1249 272327 264510 35623 32174 18093 1958 228887 2870 226017 14081 3449 16135 2148 478 1670
cat_boundaries=0 24 114 205 229 319 343 344 435 520 521 542 558 577 601 624 646 721 737 823 841 865
cat_threshold=0 4194304 1077936128 0 0 128 512 0 8192 1225097216 4096 0 0 4194304 0 0 16 0 0 0 12 38535172 1218 3128 0 0 0 1032 0 0 0 0 0 0 0 0 0 0 4 64 0 0 0 0 2 0 0 0 0 0 1 4 0 0 0 0 0 0 32 0 0 0 4 0 524288 0 0 0 0 2097152 262160 272 0 0 134217728 0 0 1073741824 0 0 128 0 0 0 0 0 0 65536 0 0 0 0 0 0 0 0 0 524288 0 0 0 1024 544 4096 0 0 0 4 0 0 16777216 0 32 8388608 0 0 0 0 0 16 0 0 0 0 0 0 0 0 8 0 0 16384 0 16384 0 0 0 0 0 0 0 1048576 0 0 524288 0 2 0 0 0 2097156 0 0 131072 0 2048 0 0 0 0 0 0 0 0 0 0 0 80 0 0 0 0 0 0 0 2097152 0 8404992 0 0 0 131072 0 0 0 0 0 0 32 0 0 0 263424 0 0 0 0 0 0 0 1311232 0 0 0 64 262144 0 8388612 8194 0 268566528 524352 10485760 2147483648 2151694596 1 1 0 536870912 0 512 2097152 134217728 0 0 0 1097728 131072 896 0 0 8 0 268435456 0 0 0 0 0 0 67109888 0 0 0 0 16 0 0 1073741824 0 0 0 0 0 65536 65536 32 0 0 0 0 0 0 0 268435456 128 262144 0 0 0 0 0 0 0 0 0 16384 0 0 0 134217728 0 2 0 32 0 128 0 0 0 0 0 8 16384 0 16777216 0 0 0 0 0 0 134217728 0 0 2 0 4 0 0 0 16777216 0 524288 4194304 4194304 8388608 0 2048 1073741824 0 0 657 0 256 131200 64 1073741824 33554432 0 4194304 1409286144 1048576 0 524288 0 1076103424 16514 2 318767104 0 270336 2097152 8 0 0 0 0 64 0 0 0 0 65536 2097152 32 0 0 0 0 0 0 0 0 0 0 0 0 0 2048 0 0 8 0 0 0 0 0 2 0 0 0 0 0 0 0 1049088 0 0 536870916 0 0 32 8 0 524288 0 0 0 0 0 65536 8404992 0 0 0 262144 536870912 0 0 0 2097152 0 0 0 0 0 0 131072 0 0 262144 0 0 0 0 0 0 0 32768 8388608 8192 0 1032 2 0 0 0 0 0 0 0 0 0 536870912 0 0 0 0 0 0 4 0 0 0 0 0 0 0 0 64 0 0 0 2048 2048 0 0 0 0 0 0 0 0 0 0 0 0 269484032 0 0 0 268435456 0 0 0 1024 0 0 0 256 4194304 0 0 0 0 0 0 0 0 0 0 67108864 0 0 0 32768 0 0 0 0 0 0 0 65536 0 4096 4 0 67108864 386 202899456 8519680 536870976 0 1073741824 0 0 0 33570816 512 268435456 276824072 131584 8396800 0 0 8192 0 262209 0 256 4210688 8388608 268697600 64 1073741824 16384 33554432 0 4194304 0 0 1090519040 16488 4 0 8388608 536887296 262144 262144 0 0 0 0 16384 4194304 0 0 1241513984 16398 4 0 8388608 0 0 536870912 1048640 589824 0 0 128 32832 12583168 0 0 536870976 0 0 2097152 0 134217728 2048 131072 4608 134283264 131076 0 136323584 50399233 2 67129344 1310720 67108864 262144 0 0 294912 0 1024 528 268435456 135266816 401408 8196 0 65536 0 67108864 32832 262144 9437200 131072 524292 155713536 0 268697600 64 1073741824 0 0 0 6291456 0 512 58720256 102536 8388608 0 0 0 524288 0 0 4096 256 256 0 0 0 524288 0 0 0 8388608 536870912 0 0 0 0 0 0 1048576 0 0 0 0 0 0 0 2048 0 0 0 0 0 16 0 0 0 0 0 0 0 0 0 0 0 0 0 0 0 4096 268435456 0 0 0 1024 1048576 0 0 0 0 0 0 0 0 40960 0 0 0 0 0 0 0 0 1 0 0 0 1073741828 0 2228224 1032 0 0 0 0 1310720 0 0 132096 1610612736 2147483904 0 0 8388608 0 0 0 0 0 0 0 0 33554944 0 0 0 0 131072 0 0 0 0 0 0 33554432 0 0 0 0 0 0 1073741824 0 0 131072 0 0 0 0 0 0 0 0 33554432 0 0 0 268435712 32768 0 0 0 1073741824 4259840 0 0 16777216 268435456 0 258 0 0 0 16777220 0 0 0 0 0 0 1073741824 0 0 0 134217744 0 8192 0 4194304 0 8388612 0 0 0 2048 128 524288 0 0 65536 805847040 268697600 1032 0 0 8912896 262144 0 35651584 0 131072 1125122048 8192 0 0 1048576 0 67108864 2 1048592 6656 0 0 16777248 134217764 65536 0 69737520 0 0 0 0 0 65536 0 0 17858560 1048576 1114128 131072 4194320 524288
is_linear=0
shrinkage=0.1


Tree=46
num_leaves=31
num_cat=14
split_feature=13 1 13 15 27 23 13 25 10 27 13 13 25 28 22 16 15 1 25 22 13 15 16 17 6 14 13 13 13 13
split_gain=26.5042 22.2721 22.4754 19.6728 18.4212 20.9916 26.8944 22.7399 22.6442 27.6592 21.0006 18.9174 18.333 16.5035 23.5066 25.7758 42.0631 14.3373 14.7748 31.288 14.7187 15.2083 14.148 15.6882 14.0974 15.0936 30.8718 27.5125 21.4213 19.0001
threshold=0 1 2 5.5000000000000009 0.84693878889083873 5.5000000000000009 3 5.5000000000000009 4 0.40370370447635656 5 6 1.5000000000000002 0.022611746564507488 -1.0000000180025095e-35 15.500000000000002 1.5000000000000002 7 36.500000000000007 -1.0000000180025095e-35 8 1.0000000180025095e-35 22.500000000000004 30.550000190734867 9 4.5000000000000009 10 11 12 13
decision_type=9 9 9 2 2 2 9 2 9 2 9 9 2 2 2 2 2 9 2 2 9 2 2 8 9 2 9 9 9 9
left_child=-1 -2 -3 4 5 6 22 8 12 10 -10 -8 -7 14 15 16 -12 -13 20 -20 21 -19 -4 -24 -22 26 -26 -28 -27 -30
right_child=1 2 3 -5 -6 7 11 -9 9 -11 13 17 -14 -15 -16 -17 -18 18 19 -21 24 -23 23 -25 25 28 27 -29 29 -31
leaf_value=0.056195330143320822 -0.059405512199979783 -0.032827703771734593 0.020046701871805593 0.013958979192380365 0.027699557982907016 -0.066242992295745734 -0.034908194823730226 -0.0035663221766715977 0.052773162098903162 0.14091775879089496 0.36351077340308513 0.01697352282751639 0.11484791327719356 -0.061796759368315635 -0.054268802782861517 -0.021253652133538622 -0.073595848423975138 0.079478965647337835 -0.07121060679830836 -0.0029427358590450609 -0.021467690022116907 0.013213975481502062 0.19259994874291464 0.05496384851040953 0.037634953949045535 -0.023563278154709686 -0.026952688566942631 0.0043842195078302813 0.020025901570045246 -0.0020803950198932867
leaf_weight=74.045318909920752 53.079502931796014 195.1024148829747 147.69337569875643 1022.1929063922726 232.40347168035805 7.8721226472407606 145.9573000872042 708.19164264341816 15.186344824498518 8.1238461099565011 6.0238196307327616 478.02269307128154 19.286902597174048 274.25403776671737 31.825055551715195 10.977732466300948 3.469567442080006 43.440195364877582 90.96521204081364 256.26160166691989 309.63805940654129 170.8666127808392 9.8928107125684601 50.845579650485888 254.83615742204711 437.26957561820745 287.05394925968722 4962.1011375579983 395.13714704895392 9666.1616060268134
leaf_count=859 6771 5338 2114 12922 1218 330 2543 13643 482 64 166 3941 377 13440 4080 411 283 687 4831 5427 4948 2751 113 789 3505 6393 3721 68456 5153 137150
internal_value=0.000154728 -7.73942e-05 0.000107444 0.000444202 -0.000281747 -0.000627807 0.000199637 -0.0141283 -0.0339678 -0.0402937 -0.0457806 -0.000235667 0.0455767 -0.0504354 -0.000498067 0.0830956 0.203761 7.59254e-05 -0.000412543 -0.0208273 1.61276e-05 0.025458 0.0350718 0.0773814 -0.000333526 7.51966e-05 0.00431677 0.00262255 -0.0021485 -0.00119319
internal_weight=20368.2 20294.1 20241.1 20046 19023.8 18791.4 17706.1 1085.21 377.019 349.86 341.737 17497.7 27.159 326.55 52.2962 20.4711 9.49339 17351.8 16873.7 347.227 16526.5 214.307 208.432 60.7384 16312.2 16002.6 5503.99 5249.16 10498.6 10061.3
internal_count=312906 312047 305276 299938 287016 285798 252522 33276 19633 18926 18862 249506 707 18380 4940 860 449 246963 243022 10258 232764 3438 3016 902 229326 224378 75682 72177 148696 142303
cat_boundaries=0 87 88 178 265 266 355 446 447 537 538 629 720 811 902
cat_threshold=0 0 0 0 2097152 0 16 256 0 0 0 0 134217728 0 0 0 0 0 0 0 2147483648 0 2147483648 0 0 0 0 0 0 65536 524288 0 2 0 0 0 2097152 0 2 33685504 0 0 0 0 0 0 0 0 0 8 0 134217728 0 64 0 0 16777216 0 268435456 8192 0 2105344 0 0 0 0 0 131072 16777216 0 0 0 8192 0 32 0 0 0 0 0 0 0 16 0 0 0 262144 1893649 0 0 0 16777216 0 0 0 0 33554944 0 0 32768 0 0 0 0 0 0 0 268435456 33554432 0 0 0 0 0 0 0 0 0 0 0 0 0 32 0 0 0 0 0 0 0 0 269484032 0 2097152 262144 16640 4096 0 0 16777216 0 0 0 0 136 0 0 0 0 0 1 65536 1 0 8 0 33554432 0 0 32 0 0 4 0 0 1040 4 0 64 0 0 0 0 0 0 0 32 8388608 0 0 0 0 64 131072 0 0 64 0 0 0 0 0 1 0 0 0 0 0 0 0 0 0 16384 0 65536 1074790400 0 0 8192 0 4 0 0 512 0 0 536870912 0 0 4 0 0 32768 0 4096 16 32 0 32 0 16777216 16 8389120 0 0 0 0 0 0 0 0 0 8192 0 0 2097152 0 0 134217728 0 0 0 8192 192 0 0 0 0 0 0 0 0 0 65536 1081344 33 256 0 0 0 0 0 0 0 8388608 0 2 0 0 0 0 0 1048576 0 0 0 0 0 0 0 0 0 0 0 0 0 2048 0 131076 0 0 0 0 0 0 0 0 0 0 0 0 0 0 268435456 0 0 0 0 1048576 0 0 0 0 0 0 0 0 32768 0 0 0 0 0 0 0 0 64 0 0 0 0 0 0 0 256 4096 0 0 0 0 0 0 0 0 1310720 0 0 0 0 268435456 0 0 0 0 67108864 2 67108864 0 0 0 0 0 0 0 0 0 0 0 0 2048 0 0 0 0 0 0 0 2048 0 0 0 0 0 0 0 524288 0 0 256 8388608 1048576 32 0 0 0 0 1024 0 0 0 256 0 262144 0 67108864 0 32768 0 0 0 0 0 0 0 2048 131072 0 16777216 524288 536870912 262144 2 0 0 0 0 0 0 0 0 4194304 0 4096 262144 0 1048576 10487808 0 0 0 524288 0 1024 0 8388608 0 0 8388608 0 0 0 0 131072 16 0 0 0 0 0 0 0 0 64 0 0 1048576 0 4 0 0 0 0 16777216 0 0 131072 0 2097152 0 0 0 0 0 0 0 0 0 0 0 0 65536 0 0 0 65536 16384 131072 33554432 0 0 0 0 2 0 0 0 536870920 0 0 0 0 1073741824 0 0 393216 0 0 0 0 0 0 268435456 0 16777728 0 16777216 1024 2 0 0 0 0 67108864 0 0 0 0 0 0 0 1024 0 8 0 0 0 64 528 0 0 0 0 0 0 0 2162688 0 0 2048 0 0 1048576 0 0 0 0 524288 0 0 0 0 1073741824 0 262144 0 268435456 0 0 0 0 0 0 16384 0 4194304 0 0 0 0 0 128 8 0 0 1073741824 0 0 0 1 0 524288 0 512 0 4 0 768 0 0 0 0 0 67141632 0 64 0 1048576 1073741824 16 0 0 0 0 524304 0 0 0 0 16842752 0 0 0 0 4 17301504 0 128 0 0 0 0 0 0 0 0 0 0 0 2048 16 0 131072 270532608 0 0 4 0 0 0 0 0 512 0 0 0 16777232 0 0 128 0 0 0 128 0 32 0 0 0 32 0 0 22 0 16384 0 0 0 0 0 0 32768 0 0 0 0 0 0 0 0 0 0 4 2052 16384 0 0 0 0 0 576 0 0 0 0 0 512 0 0 0 0 0 0 1024 0 0 0 1048640 0 64 1073742336 0 0 0 0 0 0 8 0 0 0 2048 0 0 1048576 0 0 0 1073741824 524288 0 0 0 0 0 0 0 0 268435456 0 0 0 0 0 268435456 0 0 4194304 0 1024 0 0 0 0 0 0 0 0 0 0 4194304 1 0 524288 0 512 0 0 0 512 0 0 4096 0 0 67141632 0 64 0 1048576 1073741824 128 0 0 0 0 16 0 0 0 0 4 0 0 0 0 4 16777344 0 128 262145 1572864 0 0 0 0 0 0 0 0 512 0 32784 0 0 270532608 0 0 0 0 0 0 4194304 0 512 0 0 536870912 0 0 0 128 0 0 0 0 0 0 0 0 64 0 0 0 18 131072 0 16384 0 0 0 0 0 16777216 0 0 0 0 0 0 0 0 32 0 4 0 0 0 0 512 67108864 2097152 512
is_linear=0
shrinkage=0.1


Tree=47
num_leaves=31
num_cat=16
split_feature=3 3 3 29 9 3 30 3 18 3 20 6 15 30 29 3 20 3 3 30 30 26 12 28 3 17 2 3 12 30
split_gain=39.2176 23.6229 17.2833 23.3377 15.7059 40.4552 19.4677 16.8813 16.5341 20.2843 17.3736 24.7623 31.0303 26.6774 15.8071 36.5733 38.8039 27.3015 17.1908 23.3506 25.7802 18.8619 16.4268 16.3522 15.94 15.4522 15.0492 14.7156 21.9213 14.7053
threshold=0 1 2 0.10728393122553827 3 4 4396.5000000000009 5 0.014033071696758272 6 2.5000000000000004 7 3.5000000000000004 3800.5000000000005 0.024255153723061088 8 -1.0000000180025095e-35 9 10 3845.5000000000005 3871.5000000000005 382.50000000000006 11 0.021338676102459434 12 50.149999618530281 13 14 15 4150.5000000000009
decision_type=9 9 9 2 9 9 2 9 2 9 2 9 2 2 2 9 2 9 9 2 2 2 9 2 9 8 9 9 9 2
left_child=26 -2 3 -3 5 6 25 -6 10 -10 11 12 29 -14 15 16 -11 -16 -17 24 -21 22 -22 -18 -20 -4 -1 -7 -29 -9
right_child=1 2 4 -5 7 27 -8 8 9 14 -12 -13 13 -15 17 18 23 -19 19 20 21 -23 -24 -25 -26 -27 -28 28 -30 -31
leaf_value=0.045410486929698901 -0.036434604576668056 0.059234876319712526 0.040907781279251355 0.0052232028289030848 -0.027576495330526998 -0.056989214783573341 -0.050031507586466052 0.034972931482272429 -0.033244446378929995 0.36173459768363231 -0.019779345436557481 0.0065106192954516549 0.14069344926156169 0.68086675109576023 -0.036368021494158312 -0.013036259830730673 -0.030196284987995699 0.0008542280058356673 -0.042521066872775126 0.17737466577048733 -0.034460303549555635 0.26169620756634454 0.038294863981536587 0.15513087742603934 0.020077438273261587 0.14566435651154722 -0.05066593497357931 0.014429041106694851 -0.039571350351429634 0.24772492058892936
leaf_weight=12.574745374731718 165.02801049943082 116.34428988723084 46.785638937726617 256.0793521720916 201.53324585338123 133.27802296308801 16.102902214974165 8.7998423697426933 164.66259062034078 6.7892863135784891 18.443318561650813 14.833685555960981 1.6537990216165774 2.0446016881614923 189.24730776203796 206.76166708464734 7.621328667271885 17901.609590730164 65.976179536664858 12.991201184689997 30.077724691946059 3.5534809017553917 219.15173987997696 12.685736172832547 79.592918050009757 20.143218145240098 191.37158999522217 129.82896804017946 160.786373692099 5.1502817631699136
leaf_count=1327 6810 2049 846 1550 8682 1972 329 842 7185 150 2323 1302 181 147 8214 11651 192 214643 3085 532 1541 150 11002 362 2820 354 15791 2535 4324 369
internal_value=-0.000307315 0.000143899 0.000463262 0.0215185 5.36723e-05 -0.0171467 0.0434518 0.000517623 0.000830763 0.000677883 0.0577347 0.101747 0.181794 0.43932 0.000993224 0.0163742 0.11305 0.000445218 0.0101431 0.0218271 0.0399907 0.0329301 0.0296684 0.0855768 -0.00983582 0.0724358 -0.0428965 -0.0297445 -0.0157698 0.113519
internal_weight=20401.5 20197.6 20032.5 372.424 19660.1 506.925 83.0318 19153.2 18951.6 18900.7 50.9255 32.4822 17.6485 3.6984 18736.1 645.201 27.0964 18090.9 618.105 411.343 265.774 252.783 249.229 20.3071 145.569 66.9289 203.946 423.893 290.615 13.9501
internal_count=313260 296142 289332 3599 285733 10360 1529 275373 266691 261527 5164 2841 1539 328 254342 31485 704 222857 30781 19130 13225 12693 12543 554 5905 1200 17118 8831 6859 1211
cat_boundaries=0 24 48 70 71 95 119 143 144 167 190 213 214 238 250 273 274
cat_threshold=0 131072 0 4 16777216 5242880 142623232 8 0 404914176 0 0 0 12582912 0 0 0 2097152 0 0 4 673193988 553650496 2049 0 33554432 36 2 536870912 2097280 4718656 8388608 0 1086324864 65 0 16 536870912 0 0 134217728 0 1 1048577 0 5767168 32768 1424 1073742852 0 1099956352 0 0 2155880448 1048576 0 4096 0 0 8 1342181888 524296 0 0 262144 17055744 537137408 393216 0 131072 8224 20987904 2097152 537133056 0 1073741824 671088640 65536 1048576 268435456 512 268469248 356515840 8456 1 0 8388608 0 256 0 4 0 262400 67108866 2 16777216 65584 12288 8192 1024 537296896 65544 6291520 536903680 16 0 64 0 0 134217728 0 16 0 134283264 128 8388608 66048 1 2 167772160 0 536870976 0 1 0 4 16777216 268435456 589824 2 2147500032 0 0 0 553648128 4 0 16384 0 4096 279552 1082262528 574056 1 536870912 8388608 0 0 0 0 0 33554432 0 262144 0 0 524288 0 0 0 0 0 0 0 0 0 524288 2 8388608 4194304 0 402653184 67108864 0 33882144 8192 553915400 0 0 8388608 4096 0 0 0 0 2 0 0 1073745920 2487230998 7340096 32768 2048 0 0 134217728 393472 0 3221225472 2215651942 4096 2 0 0 0 2147483648 0 0 0 0 0 276824064 102764576 17154546 0 0 0 0 0 0 0 262176 0 5128 512 0 0 2 0 0 0 0 0 0 0 2214592512 4259844 4 16778272 2281701376 0 67108864 0 4195456 536870912 0 2048 0 33558528 2 538443776 8650752 335545352 262208 0 0 8192 0 33554432 262144 0 571473920 2147795168 8196 0 0 0 0 0 0 268435456 0 524288 28443634
is_linear=0
shrinkage=0.1


Tree=48
num_leaves=31
num_cat=21
split_feature=3 13 13 3 23 3 3 3 13 13 3 3 16 3 13 18 28 20 13 3 7 13 13 17 22 3 13 23 29 3
split_gain=42.8136 41.1448 32.9105 22.8163 19.7122 43.9864 22.2021 21.1321 33.2782 21.0838 49.843 21.8234 21.7265 19.3126 18.5588 18.3213 19.1245 19.8532 16.9371 31.0523 15.4366 15.204 14.4896 14.1318 22.3366 19.6014 13.1588 15.9924 13.5813 23.0824
threshold=0 1 2 3 7.5000000000000009 4 5 6 7 8 9 10 28.500000000000004 11 12 0.15782202035188678 0.027370605617761615 29.500000000000004 13 14 15 16 17 29.550000190734867 0.017657452262938026 18 19 1.5000000000000002 0.025462764315307144 20
decision_type=9 9 9 9 2 9 9 9 9 9 9 9 2 9 9 2 2 2 9 9 9 9 9 10 2 9 9 2 2 9
left_child=14 -2 13 -4 7 15 22 8 -5 10 -9 -11 -12 -3 -1 16 17 -6 19 -13 -18 -10 -7 24 -8 -26 27 -20 29 -28
right_child=1 2 3 4 5 6 23 9 21 11 12 18 -14 -15 -16 -17 20 -19 26 -21 -22 -23 -24 -25 25 -27 28 -29 -30 -31
leaf_value=0.062682123330010303 0.072952575177284373 0.017778838947266753 -0.02851105551047424 0.071372725153288949 0.30670258698501723 0.019574972291746796 -0.05724779950305129 -0.043649760338098031 -0.046794631307818906 -0.026858010520461058 0.050150217451036233 0.026861953957646435 0.18013210959192097 -0.076810287184037873 -0.047320323387875618 0.11789514198539536 0.09418007810943077 0.022895891926924691 0.056224197828331574 -0.050523450125544989 -0.0074726178050258281 0.012781448517147676 -0.022414513858245267 -0.063204574853726644 0.032076527369842157 -0.027377718243784929 0.040744236480978011 -0.093368429106755926 0.00052779247273198064 -0.0007386922371780541
leaf_weight=9.5246154884807748 67.99371763668023 29.797621323727071 257.58795029786415 89.380201213993132 4.6348552820272726 159.27699107863009 135.91776470234618 60.26337722921744 35.889721405226737 278.19280918803997 155.68971200543456 71.034235968720168 14.017302916152401 80.654573097126558 235.65627340250649 24.777916051447392 18.102118005044758 5.2644560877233744 78.298487796448171 152.66971420566551 85.485591310542077 775.5371770625934 149.75718040857464 137.82383578643203 78.948241930920631 138.39224530477077 219.15886550024152 7.8642795705236486 16486.761191251688 331.79856846667826
leaf_count=265 751 327 9427 1701 104 1293 12115 618 881 8737 2450 771 192 2898 11902 165 163 311 1044 2299 1985 15744 2102 6367 2529 2690 7700 139 190757 24713
internal_value=-5.45561e-05 0.000461202 0.000179306 0.000493668 0.000887294 -0.0132564 -0.0221806 0.00159537 0.0164535 0.000836107 0.0302782 0.000435014 0.0574983 -0.0519347 -0.0407581 0.0372934 0.0229816 0.155774 0.000887918 -0.0258528 0.0102914 0.00960878 -0.000837801 -0.0353267 -0.0254502 -0.00556496 0.00125214 0.0381436 0.00104331 0.0164884
internal_weight=20376.2 20131 20063 19952.5 19694.9 938.381 800.116 18756.6 900.807 17855.7 229.97 17625.8 169.707 110.452 245.181 138.265 113.487 9.89931 17347.6 223.704 103.588 811.427 309.034 491.082 353.258 217.34 17123.9 86.1628 17037.7 550.957
internal_count=313140 300973 300222 296997 287570 29824 27096 257746 18326 239420 3260 236160 2642 3225 12167 2728 2563 415 227423 3070 2148 16625 3395 23701 17334 5219 224353 1183 223170 32413
cat_boundaries=0 24 114 205 229 252 275 299 390 481 504 528 551 636 727 748 749 839 922 936 1022 1046
cat_threshold=1048576 0 4 128 0 1078001664 512 16777216 0 550248450 4098 0 75497472 4198400 0 0 2 0 0 0 0 38027268 256 1027 0 0 0 0 2097152 16 16 0 33554944 4 0 0 134217728 0 0 0 0 0 0 0 33554432 0 0 0 16384 2048 0 0 1048576 0 0 0 131074 268435456 0 16777216 0 0 0 33685504 0 0 0 0 0 0 0 0 32 0 0 524288 0 64 0 0 0 65536 0 0 0 0 0 536887296 0 0 0 0 16777216 0 0 0 8192 0 536870912 64 0 0 0 0 0 0 0 0 268435456 65536 1049088 0 0 8 2 0 0 0 0 0 0 0 0 67108865 2097152 0 0 0 0 0 1048576 0 0 512 8192 67108864 0 65536 2048 0 0 0 1073741824 0 0 0 2048 0 0 0 128 0 0 64 0 0 0 0 0 2097152 262144 0 0 0 0 0 0 0 0 0 128 262144 0 2080 0 0 4194304 65536 0 0 0 128 0 0 131072 0 0 0 0 8 0 16 516 0 0 0 0 0 0 0 4194304 8192 0 0 64 50397184 4718592 2048 2 0 131200 17563650 10485760 8192 5120 1 0 0 536871936 0 0 33554432 134217728 0 65536 131072 2149089296 0 384 335548416 393216 67109888 262144 0 0 98304 0 0 816 268566528 402653186 24576 8704 0 65536 0 67108864 32770 0 269484032 0 12 8388608 0 4194312 0 0 0 0 0 1024 0 0 1048576 32806 0 0 0 0 512 0 0 8388608 0 536870912 146800640 0 1048576 513 3238002688 540672 128 64 562036736 0 32768 0 0 512 0 512 8192 2164801536 128 2 65792 256 4096 2097152 0 0 0 0 524288 0 0 0 0 16777216 0 0 0 0 0 0 0 0 0 0 0 0 0 0 0 0 0 0 0 0 0 0 4 0 0 0 0 0 0 0 0 0 0 1310976 0 0 4096 268435456 0 0 0 16778240 16777216 0 0 0 0 0 0 268435456 0 0 0 0 0 2 1073741824 0 134217728 0 1 0 0 0 1073741824 0 4 0 0 0 2048 0 4 0 67108864 0 0 0 67108864 0 16 0 0 0 0 64 0 0 268435456 0 0 0 0 0 0 0 0 0 0 0 524288 0 0 0 0 0 0 65536 0 536870920 0 8192 0 0 0 0 0 0 0 0 262144 0 0 34603008 268435456 32768 0 0 16 1073741824 0 0 0 0 144 16384 32 0 128 0 0 0 8192 0 67108864 0 0 0 2228224 0 0 134217728 0 0 0 0 0 0 4194304 263168 0 64 0 0 0 0 0 285212672 0 0 524288 2 16384 10485760 268698632 80 0 8388608 65536 278528 37749760 0 0 1644167168 1074135136 0 0 1074790400 0 67108864 0 0 268435456 0 524288 2 1179648 288 8192 0 268443648 3168 0 2147483648 1342210340 33554432 0 0 8192 0 0 0 0 32768 1 1048576 143360 33685505 520 0 0 262144 0 0 0 0 16384 37749760 0 1024 814743552 344192 0 0 0 0 0 130 0 268435456 0 2147483648 0 0 0 0 0 0 0 0 0 0 0 0 0 0 0 16777216 0 0 0 0 0 0 0 0 0 0 8 0 0 0 2048 0 0 0 0 0 0 0 0 32768 0 0 0 0 0 0 0 256 0 0 0 0 0 0 0 0 0 0 1024 0 0 0 0 0 0 2 0 0 0 0 0 0 0 0 1073741824 0 0 0 0 0 0 0 0 0 32768 0 0 0 0 268435456 256 0 0 0 0 0 0 0 0 0 0 134217728 0 0 0 2 0 0 0 64 64 0 0 0 0 16384 0 524288 0 0 0 0 0 524288 0 0 0 0 262400 0 0 0 131072 0 0 0 1024 4194304 1073741824 0 256 0 0 0 285212672 0 0 0 0 8192 0 0 0 0 0 0 0 0 0 0 262144 0 2097152 0 0 0 0 0 0 67633152 4194304 0 8388608 67108896 8388608 1 16384 2097152 67109888 64 0 0 8192 262144 33554432 0 0 150994952 360582 7 0 67584 0 1024 16777216 0 16 1 0 0 0 0 0 0 0 0 0 536870912 2 0 0 0 0 524288 0 0 0 0 0 0 0 0 536870912 64 65536 0 0 0 2048 0 0 0 0 0 0 0 0 0 0 0 0 2 32768 0 0 0 0 0 0 0 0 268435456 16384 32 0 0 1024 0 0 0 0 0 0 0 0 67108864 33554432 0 0 0 0 0 0 0 0 0 0 0 0 0 0 0 0 32768 0 0 0 2097152 0 0 0 0 0 0 0 0 0 0 0 0 65536 0 0 0 0 0 0 0 0 0 0 0 0 0 0 0 0 65536 0 0 0 0 0 0 0 0 0 0 0 0 0 0 0 0 0 0 0 0 0 1024 0 0 0 0 0 0 0 0 0 0 0 0 0 2 0 67108864 0 0 0 0 0 0 0 0 0 0 0 0 0 0 4 537411584 0 0 80 1073741824 0 0 278528 33554432 0 0 1115684864 459008 2 0 32768 0 0 0 0 1048576 8 16384 0 4194304 0 0 2097152 536870912 1048576 0 0 0 0 0 0 0 1073741824 0 0 0 0 0 0 2281701376 0 0 1536 0 0 0 0 0 0 0 128 262144 0 0 536870912 0 0 0 65536 0 0 0 0 0 0 4194304 0 16384 8192 33554432 0 0 8388608 0 0 16777216 0 64 0 0 0 16777216 0 4194304 0 0 0 0 0 0 128 524288 2048 32768 32768 537133056 8388610 4194304 0 268435456 0 4292608 37748768 268500992 2097152 512 0 524288 2 0 0 16 256 1 0 0 1090519040 673710164 4160
is_linear=0
shrinkage=0.1


Tree=49
num_leaves=31
num_cat=22
split_feature=3 13 13 3 3 3 13 13 3 25 23 13 3 13 13 3 3 13 1 21 30 13 3 29 28 2 28 13 17 3
split_gain=40.0465 29.7451 27.5729 23.723 21.46 20.815 18.7394 18.1208 16.1156 16.1709 15.7806 15.3623 22.7377 13.657 13.6089 17.71 15.2204 22.171 14.0092 13.5241 12.7675 12.7672 12.4411 11.6184 25.9294 11.4189 11.7712 11.3817 12.5062 53.1232
threshold=0 1 2 3 4 5 6 7 8 180.50000000000003 239.50000000000003 9 10 11 12 13 14 15 16 11.500000000000002 651.50000000000011 17 18 0.1803759187459946 0.13583787530660632 19 0.080082368105649962 20 50.149999618530281 21
decision_type=9 9 9 9 9 9 9 9 9 2 2 9 9 9 9 9 9 9 9 2 2 9 9 2 2 9 2 9 10 9
left_child=13 3 5 -2 25 -3 22 -8 19 10 11 12 -10 -1 15 -13 17 20 -18 21 -16 -9 -6 24 -23 -4 -27 -20 -29 -30
right_child=1 2 4 -5 6 -7 7 8 9 -11 -12 14 -14 -15 16 -17 18 -19 27 -21 -22 23 -24 -25 -26 26 -28 28 29 -31
leaf_value=0.056068613350711165 -0.021245629676937855 0.026024495760807981 0.048749941743252492 0.085833024844249151 0.03802103024089562 -0.060550597152057219 0.046681483852619332 -0.025834338427935689 0.035392190919551501 -0.086575472841415133 -0.073808619012664708 -0.053743874710186282 -0.046957937308497823 -0.058270114979998872 -0.060901469032347402 0.051758899752320391 -0.061568404407133751 -0.027127960669987947 -0.029701768443735083 0.066877254856989671 0.085248772942905643 0.018140214818787578 -0.05544036186106354 0.002562100521827692 0.10311949286609967 -0.058258270090049205 -0.0098416873004787877 0.00043252120569392533 -0.015340777705614626 0.033197552440004822
leaf_weight=5.8589111471083015 29.312610815977678 33.165320789441466 10.052189962007104 64.594970098230988 12.427766358479856 118.55133251519874 75.893796575488523 79.312912289053202 37.427264353027567 21.554422520566732 28.851323061389849 12.249711311887948 138.03797345049679 141.39554548775777 7.3768249098211518 89.172593710711226 26.045869132038206 353.61059368774295 111.22324987058528 44.906232869252563 31.507323747733608 387.80899291299284 84.823483035434037 418.12919423356652 39.56954013928771 120.12971665989608 86.280647235689685 16872.612181483069 389.20314643741585 515.06280840421095
leaf_count=101 409 386 756 1054 153 3099 998 976 599 533 2904 323 2117 8992 140 1595 1520 12495 1625 501 917 6277 1488 2427 242 11387 1015 236697 5303 6342
internal_value=-0.000175705 0.000214861 -6.03721e-05 0.0535812 0.000272141 -0.0411863 0.000622327 0.000849089 0.000647943 -9.33029e-06 9.09143e-05 0.000205645 -0.0284312 -0.0504447 0.000493788 0.0353365 0.000281565 -0.0189501 0.000713264 0.0131491 0.0457551 0.0106824 -0.0410655 0.0142449 0.0260082 -0.0303368 -0.036263 0.000838297 0.00104597 0.0125037
internal_weight=20386.1 20238.9 20145 93.9076 19993.3 151.717 19776.8 19679.6 19603.7 18633.9 18612.4 18583.5 175.465 147.254 18408.1 101.422 18306.6 392.495 17914.1 969.727 38.8841 924.821 97.2512 845.508 427.379 216.463 206.41 17888.1 17776.9 904.266
internal_count=313371 304278 302815 1463 299330 3485 286172 284531 283533 273110 272577 269673 2716 9093 266957 1918 265039 13552 251487 10423 1057 9922 1641 8946 6519 13158 12402 249967 248342 11645
cat_boundaries=0 24 114 206 220 244 267 358 449 473 562 581 670 757 780 803 886 887 978 996 1008 1099 1120
cat_threshold=0 0 1073744192 4 0 0 2 0 268435456 2753569160 0 0 8388608 4194305 0 4194304 2097152 2048 0 0 4096 524292 134217986 1129 0 0 0 0 2097152 0 0 0 33554944 0 32768 32 134217728 0 0 0 0 0 0 0 0 0 0 0 16384 2048 0 0 0 0 524288 0 2050 0 0 16777216 0 16777216 0 0 0 2048 0 0 0 0 16777216 0 0 0 0 0 0 268435456 0 0 0 0 0 0 128 0 4 8388608 0 0 0 2097152 0 0 134217728 0 8192 0 4194336 0 0 0 262144 4096 0 0 0 0 0 65536 512 0 67108864 8 0 0 0 0 268435456 0 0 0 8388608 1 0 0 128 0 0 0 0 0 0 0 0 67108864 0 0 0 0 0 4 0 0 16400 0 0 0 0 0 2097152 0 0 268435456 0 0 0 67108866 0 2097152 266240 1 0 0 0 0 0 0 0 4096 128 0 0 16777216 0 0 0 65536 8192 33554432 0 0 0 8 131072 32 0 524288 512 0 0 0 0 0 16777216 0 0 4 67108864 0 0 0 0 0 0 1 545259520 276824064 263176 0 1073741824 0 8192 0 0 0 0 1217396736 65538 8192 0 0 4 8194 128 131072 524288 10486784 0 16777216 1 2 0 545259664 0 0 0 1024 64 1 0 5251072 32896 50064 16384 270794752 335806464 0 0 0 0 0 2097152 0 268435456 20971520 4456580 8 0 512 0 1024 0 0 262144 256 4096 0 0 8 0 0 0 0 0 0 0 0 0 1024 0 0 128 72 0 0 0 33554432 0 0 0 0 0 65536 1048576 0 0 0 0 0 1048576 8388608 33554432 0 0 0 0 2097152 0 0 0 0 0 0 0 0 32 0 16777216 4194304 2 0 0 0 0 0 0 16778240 2097152 0 0 1 0 0 0 0 0 0 2048 0 0 1073741824 262152 0 0 0 0 0 64 0 0 0 32768 0 8388608 32 8388608 1048576 0 32768 0 0 8388608 0 0 0 8 1048608 8388608 0 0 0 541065216 131072 0 0 0 0 0 1048576 0 1073741828 0 0 0 0 0 0 4 0 0 0 0 512 0 0 524288 33816576 0 0 1 262144 8388608 0 0 0 0 0 0 0 0 16 8388608 0 0 0 0 0 0 0 0 67108864 0 0 0 0 524288 134217728 0 0 0 0 0 0 0 0 0 0 0 0 0 0 0 0 8388624 33554432 16777216 1073741824 2 1109393408 1107296264 9437184 0 0 136314880 8388608 64 0 0 33570816 536870912 4227072 0 0 536936448 134217728 2113536 12288 0 303038480 16777472 8192 524288 0 0 8388608 0 0 0 0 0 0 0 0 0 0 0 0 0 1048576 0 0 0 0 131072 0 0 0 0 0 0 0 0 8192 0 524288 0 0 0 64 0 2 0 0 0 0 0 0 0 0 147456 0 65536 524288 67108864 0 0 2097152 0 8 0 0 268435456 33554432 32768 0 0 0 0 0 0 33554432 0 16 0 0 138412032 0 0 4 16 0 8 32 4128 0 33554432 32768 4194304 64 0 1048576 540672 268435456 67108864 64 0 0 8192 16384 33555456 0 512 1107296256 82088 2 0 0 0 0 2 0 0 0 0 0 0 0 0 0 0 2147483648 0 0 0 0 0 0 0 0 0 0 0 0 0 0 0 0 0 0 0 0 0 0 0 0 0 0 0 0 0 0 0 0 0 0 262144 4096 268435456 0 0 0 0 0 0 0 0 0 0 0 67108864 0 0 0 0 0 0 0 0 1 0 0 0 0 0 0 0 0 0 0 0 0 4096 0 0 67108864 0 0 0 65536 0 0 0 0 0 16384 0 0 0 8192 128 0 0 131072 0 8192 4 16384 262144 0 0 0 0 0 0 0 4096 0 536870912 0 0 0 0 268435456 2 0 0 1073741824 0 0 0 536870913 1048576 0 0 1048576 2 0 1073741832 0 0 524288 16777216 0 0 0 0 65536 0 4 0 0 128 0 0 0 0 0 0 0 65536 0 0 0 0 0 8388608 0 1024 0 0 0 0 0 0 0 269484032 272646144 0 67108864 0 0 0 0 0 4194304 0 0 71303168 212992 0 0 0 0 0 0 0 0 0 64 0 524288 339738752 0 1024 1073776640 337 0 2147483648 262148 2 0 0 4096 134217728 0 0 4096 16400 0 128 2117632 34739201 0 0 0 0 0 0 0 0 0 536870912 2 0 0 0 0 17301504 0 0 0 0 0 0 0 0 0 0 0 1073741824 0 0 2048 0 4 2097152 0 0 0 0 536870912 0 0 0 0 256 0 262144 0 256 0 0 0 0 0 0 16384 0 0 0 1024 0 0 0 0 0 0 2 0 0 0 0 0 0 0 0 0 0 0 0 0 65536 2048 0 4 1863985 0 0 0 0 0 0 0 0 0 536870912 0 0 65536 0 0 16777216 4 0 0 0 0 0 0 0 0 0 0 0 0 1073741824 2048 0 4 2097152 0 0 0 0 0 0 0 0 0 1048576 0 0 0 0 0 0 0 0 0 0 16384 0 0 0 1024 0 0 8192 0 0 0 0 0 67108864 0 0 0 0 0 0 0 0 0 0 0 0 0 0 524288 0 0 0 0 0 0 0 16 0 268435456 0 0 0 0 0 0 2097152 0 0 8388608 221312 8194 0 0 0 524288 16777248 2214592512 0 67108864 0 4195456 536870912 0 2048 0 4096 2 0 0 0 8 0 0 0 0 0 0 0 0 0 0 0 0 0 0 0 512 0 0 0 0 128 0 0 0 67108864 0 131072 0 0 1024 0 0 65536 262144 536870912 64 2148007936 128 0 0 0 134217728 16 256 4 0 0 0 0 1073741824 16384 0 0 0 0 0 0 0 0 32800 0 0 2 0 0 0 0 1024 0 0 0 0 0 1073741824 0 0 0 0 0 0 524292 0 0 0 0 2048 1024 961806336 262144 2147483648 64 1073741824 0 8192 1064960 2129920 0 131072 34603016 1073758496 0 0 0 0 524288 536870914 262144 262144
is_linear=0
shrinkage=0.1


Tree=50
num_leaves=31
num_cat=18
split_feature=3 3 2 20 3 3 12 1 14 15 3 3 8 3 3 17 23 3 22 3 18 20 22 10 26 3 26 3 24 12
split_gain=42.829 20.1429 16.7866 32.7006 58.5244 37.5366 17.2323 16.0244 15.7459 15.744 30.3518 17.1327 15.7127 60.8843 23.5955 20.5083 18.3589 35.6609 26.8907 22.2568 15.9428 14.8125 20.6484 14.1718 13.8031 13.1118 16.3488 12.975 12.8477 12.7333
threshold=0 1 2 1.5000000000000002 3 4 5 6 9.5000000000000018 5.5000000000000009 7 8 9 10 11 28.94999980926514 8.5000000000000018 12 0.014981483574956657 13 0.014033071696758272 52.500000000000007 0.036494005471467979 14 162.50000000000003 15 2.5000000000000004 16 3.5000000000000004 17
decision_type=9 9 9 2 9 9 9 9 2 2 9 9 9 9 9 8 2 9 2 9 2 2 2 9 2 9 2 9 2 9
left_child=-1 23 3 5 21 -3 -6 -4 -8 11 -11 -9 13 15 28 -13 19 -18 -19 -14 24 -5 -23 -2 -21 26 -22 -12 -15 -16
right_child=1 2 7 4 6 -7 8 9 -10 10 27 12 16 14 29 -17 17 18 -20 20 25 22 -24 -25 -26 -27 -28 -29 -30 -31
leaf_value=-0.049551510837849491 0.065210210931752499 -0.033909328679008935 -0.057349284126347128 -0.038115416625853271 -0.021648696986704734 0.012233686131421331 0.080498779554504629 0.013558762164377437 0.026694392620799229 0.046174699532488463 -0.021811833385750476 0.13770954701865828 -0.032166096173846706 -0.041540820656614547 -0.033112798007525979 0.02533487624351486 0.022848233386541943 -0.068100027042042585 -0.016135449262436891 0.047546058045709057 0.016408654625848892 0.13839792605429177 -0.015551238725975282 -0.037505868494517557 0.38637294444286718 -0.00038581965782332123 -0.018132781597603374 0.0096436407257232629 0.057418322053565542 -0.002526572534497095
leaf_weight=164.79587783687748 6.5365531826391816 229.58904298394918 39.108699637465179 112.20718635059893 25.904893455095589 657.35535936104134 211.00179228978232 780.92079363763332 73.282084040809423 197.83574664639309 157.69873738731258 17.370321473106742 199.3698789908085 460.86998607986607 167.19841300905682 249.6387558975257 166.22454196144827 136.85157803841867 365.6802493063733 51.779980911873281 906.21074101375416 12.646167721599339 28.007180914282799 188.22668140986934 1.2309034962672729 13323.915175004164 161.437738426961 594.90090000419877 13.503780491650103 613.90539709245786
leaf_count=9612 183 2086 4966 1012 274 5548 1696 12795 603 2218 2246 195 7775 8244 4034 3100 4652 12475 6872 6582 11047 103 225 8062 163 175414 2176 7323 81 10913
internal_value=-0.000265087 0.000162502 0.000482449 0.0112074 0.0328305 4.49999e-05 0.05673 -0.00030134 0.0643651 -0.000150367 0.0123863 -0.000826839 -0.00150129 -0.0111563 -0.0203982 0.0314669 -0.000534683 -0.0167379 -0.0296957 0.000204918 0.000673518 -0.0181884 0.0323382 -0.0310423 0.0554136 0.000472353 0.0110819 0.00285291 -0.0379243 -0.00940948
internal_weight=20315.2 20150.4 19955.6 1349.99 463.049 886.944 310.189 18605.7 284.284 18566.5 950.435 17616.1 16835.2 1522.49 1255.48 267.009 15312.7 668.756 502.532 14643.9 14444.6 152.861 40.6533 194.763 53.0109 14391.6 1067.65 752.6 474.374 781.104
internal_count=312675 303063 294818 11547 3913 7634 2573 283271 2299 278305 11787 266518 253723 26567 23272 3295 227156 23999 19347 203157 195382 1340 328 8245 6745 188637 13223 9569 8325 14947
cat_boundaries=0 24 48 59 80 101 102 103 125 149 150 173 196 219 243 244 268 292 293
cat_threshold=0 524288 2052 0 1 0 1 32 0 2953838592 64 16384 0 4195328 0 2151677952 8192 0 65536 4 16777216 2684395524 10493970 33280 0 0 0 8194 0 133248 524288 25165824 0 5408 2097153 2048 65 0 0 0 2097152 1207959552 0 0 0 73007104 180352 384 0 2147483648 0 4194304 32 4194304 536870913 512 4096 0 4194304 1028 32 22020096 0 0 0 0 0 0 0 0 0 1073741824 3145729 0 512 134479883 85983232 16781456 536870914 8532104 1073741824 1073741832 0 0 402653184 64 0 65536 4096 0 0 512 2097152 0 0 538517504 131072 16785416 5562376 129 1065232 70385672 34873489 805306368 8650752 2147483648 192 0 256 0 262144 2097152 0 0 1346371584 4886530 0 0 0 0 524288 0 0 0 256 34078720 1048576 128 0 2147483648 134750208 1081344 524296 0 131072 32768 16777216 2147483920 512 0 8388608 32 33570816 1 0 268435456 16793616 67108864 2097220 24 134217728 268435456 805306368 16 0 8388608 16777216 0 268451840 262656 268435456 46137344 67121164 2 0 0 0 537397504 2 0 0 268435456 8 808730624 2359296 2147484672 448 16777216 0 0 1310720 33555456 0 33554944 672137224 475168 32768 0 0 0 0 0 0 0 0 524292 277872640 393216 67371008 0 0 0 0 262144 1024 16 131072 9437186 288896 8192 0 0 0 0 2 0 0 0 537395200 1048576 0 545263680 135168 0 8425472 1024 2097152 2424340480 134481924 16 0 8192 0 0 0 0 536870912 0 0 0 268698112 138478081 1 9 67371008 2097152 1073741824 0 0 288358400 4114 1064960 33619968 33554635 33562624 536870912 0 36864 0 0 0 2416181248 0 0 0 0 268439552 4096 67649536 2097152 0 0 1073741824 0 65536 1024 37748736 0 32768 152043520 2147836576 8388608 0 0 0 0 2 0 268435456 16777216 0 4 21665555
is_linear=0
shrinkage=0.1


Tree=51
num_leaves=31
num_cat=13
split_feature=13 13 11 23 13 13 13 24 22 25 13 24 1 25 21 25 23 13 23 22 25 22 28 13 25 13 22 13 13 21
split_gain=29.3714 25.4744 16.7727 16.3795 14.3682 15.2888 13.4359 13.4872 15.6385 14.0625 13.0544 12.8881 12.7056 11.9448 33.9985 16.2036 36.1117 35.0919 26.8137 32.8571 36.4347 28.5823 22.1358 21.6752 21.0155 24.4255 23.6511 20.7241 20.199 25.9265
threshold=0 1 2 37.500000000000007 3 4 5 2.5000000000000004 0.050075225532054908 72.500000000000014 6 17.500000000000004 7 29.500000000000004 3.5000000000000004 1.5000000000000002 1.5000000000000002 8 1.0000000180025095e-35 -1.0000000180025095e-35 2.5000000000000004 -1.0000000180025095e-35 0.043390229344367988 9 5.5000000000000009 10 0.67179489135742199 11 12 2.5000000000000004
decision_type=9 9 9 2 9 9 9 2 2 2 9 2 9 2 2 2 2 9 2 2 2 2 2 9 2 9 2 9 9 2
left_child=-1 -2 -3 4 -4 -6 -5 -8 9 -9 -7 12 -12 15 -15 16 27 -17 19 20 -19 22 -20 -21 25 -23 -26 -14 -18 -30
right_child=1 2 3 6 5 10 7 8 -10 -11 11 -13 13 14 -16 17 28 18 21 23 -22 24 -24 -25 26 -27 -28 -29 29 -31
leaf_value=-0.035654281319378624 0.053665067264183554 0.074998791604034484 -0.026833203147764335 0.021407526528811355 -0.046923435994356576 0.033670218300216069 -0.071491545141825291 -0.036027595085110858 -0.042123507670611376 0.10044126359337019 -0.050527549001876351 0.11984219684963343 0.034230687061528292 -0.043577383194239108 0.001264621126455894 -0.047145553618811259 0.034139965061043817 0.019102857028216111 0.08673136550729503 0.068103530913965371 -0.034429592589885968 0.061162878872366391 0.028314550616863634 0.0064412435167543582 0.018169929593040656 -0.0088009944810932585 0.15638612901679394 0.00019201717322613157 -0.037066325235302261 0.18802343087942885
leaf_weight=218.079602828715 79.503228400368243 19.93122675921768 182.05062244366854 44.018373580649495 57.31940147629939 110.20661841519177 77.22351951058954 13.013926047133284 70.20243864133954 17.987274967133999 38.568462361814454 9.0619272142648679 171.16073449840769 231.71137306559831 625.51526092947461 106.27004670025781 42.854164021788165 178.97970040002838 76.736873554764315 51.04396759532392 438.95340714184567 44.168562020175159 419.32338837813586 992.57607354596257 830.46792077645659 630.82770432531834 12.567712953314183 14157.295352830552 425.62085652095266 5.1794799091294399
leaf_count=6135 1374 227 3151 2104 1006 1959 8793 251 1050 103 5333 39 2356 10207 7950 1962 1207 2516 1962 662 10475 636 4361 12708 10610 13431 76 186411 14414 43
internal_value=3.00751e-05 0.000433552 0.000196194 8.4545e-05 0.000387162 0.000652586 -0.0269001 -0.0378937 -0.0160011 0.0431533 0.000815585 0.000612625 0.000557474 0.000684457 -0.0108563 0.00121717 -0.000275385 0.0070589 0.00873057 -0.000649282 -0.0189243 0.016512 0.0373512 0.0101715 0.00970213 -0.00344715 0.0202304 0.000622651 -0.0274417 -0.0335806
internal_weight=20378.4 20160.3 20080.8 20060.9 19838.5 19656.4 222.446 178.427 101.204 31.0012 19599.1 19488.9 19479.8 19441.3 857.227 18584 14802.1 3781.92 3675.65 1661.55 617.933 2014.09 496.06 1043.62 1518.03 674.996 843.036 14328.5 473.655 430.8
internal_count=313512 307377 306003 305776 293475 290324 12301 10197 1404 354 289318 287359 287320 281987 18157 263830 204431 59399 57437 26361 12991 31076 6323 13370 24753 14067 10686 188767 15664 14457
cat_boundaries=0 91 178 180 271 361 444 534 535 626 707 796 887 979
cat_threshold=0 0 0 16777216 0 0 0 0 0 0 0 0 0 0 0 64 4 0 0 1342177280 0 0 0 0 2048 0 65536 4 0 0 0 0 0 1049600 32 0 0 0 4 0 524288 0 0 1048576 0 2097152 262144 1 0 0 0 0 0 0 0 0 128 0 0 526336 16777216 0 0 65536 0 0 1073741824 0 134217728 0 0 32 16777216 0 0 0 4 0 4 0 4096 0 0 0 0 0 16777216 0 0 1073741824 16 0 0 0 0 0 16 1048584 0 0 0 0 0 0 0 0 1048576 16 128 0 0 0 0 0 0 0 0 0 134217728 0 0 0 0 0 0 2 0 0 0 0 131072 8388608 2048 262144 33554432 0 0 0 0 1073741824 4194304 0 0 0 192 0 0 0 0 268435456 0 16 0 2 603979776 0 0 1 65536 0 2048 134217728 0 0 0 0 0 0 262144 262144 4096 0 128 0 0 0 0 1048576 3221225473 2148532240 0 0 0 2 0 256 0 0 0 0 0 67108864 1024 0 0 0 135266304 0 262144 0 0 0 0 0 0 65536 0 32 0 0 2048 0 0 0 4194304 0 68 262144 4096 64 0 2147483648 0 335544320 0 0 0 0 0 0 524288 67108864 4194304 2 0 0 0 0 0 0 0 0 16 0 0 0 0 128 0 0 0 0 0 134217728 0 0 0 0 256 0 0 0 0 0 524288 0 0 0 32 10485760 1048576 0 0 8388616 262144 268435456 0 0 0 8388608 0 128 1024 0 0 0 0 0 0 0 2147483648 0 0 0 0 0 0 4096 0 0 16384 0 0 524288 65536 0 0 65536 0 131072 268435456 0 0 0 0 0 512 0 16384 0 0 0 0 0 1073741824 2097152 2 0 0 0 0 0 0 1 34824 0 0 0 0 0 0 0 2048 0 0 0 0 0 0 0 65536 0 0 0 0 0 4194304 0 8388608 262144 67108864 0 0 0 0 0 0 0 0 0 0 0 0 0 0 0 0 0 0 0 0 0 0 0 0 0 0 0 0 0 0 0 0 0 0 0 0 0 0 0 0 0 0 0 0 0 0 0 0 0 0 0 1024 0 0 0 0 0 0 0 8192 0 0 0 0 0 0 0 0 0 0 1 0 0 0 0 0 0 0 256 0 0 0 4 0 0 0 0 8388608 0 0 0 0 0 8388608 0 0 0 1 8192 0 0 0 2101248 0 0 2147483648 0 16384 2048 1 0 0 0 131072 0 0 0 0 512 0 0 0 0 0 16777216 1048576 0 0 0 0 0 0 0 0 524288 16777216 0 8404992 0 0 0 8388608 0 128 0 0 0 0 4096 0 0 524288 0 0 0 0 0 4194304 0 2097152 0 1024 0 0 0 0 4 0 65536 0 0 16842880 524288 1851665 0 0 0 8 64 0 0 0 0 16842752 0 0 0 0 0 0 0 0 0 0 33554432 0 0 0 0 0 0 0 0 1073743872 0 0 0 0 0 0 0 268435456 0 0 0 4 0 0 0 0 0 268435456 20480 0 16384 16777216 0 0 0 32 4194304 8320 0 0 262144 32768 0 0 0 0 0 0 0 0 0 0 0 0 8192 64 0 1073741824 32 0 0 4096 0 0 67108864 32776 2 134225920 0 0 128 0 0 0 0 0 0 0 0 0 0 67108864 0 0 0 0 0 0 0 0 0 0 0 0 0 536870912 0 0 0 0 0 0 0 4 2097152 0 0 0 0 0 0 0 0 0 256 0 0 0 0 0 0 0 0 0 0 0 0 0 0 0 0 0 0 4 0 0 2 0 67108864 0 0 0 32768 0 0 0 0 0 0 0 0 2048 0 0 0 0 0 512 0 0 0 536870912 2 0 0 0 0 16777216 0 0 0 0 8192 0 0 0 0 0 0 0 0 65536 0 0 131072 0 0 0 0 0 0 0 0 0 0 0 0 0 4096 0 0 128 0 0 1048576 268435456 0 0 0 0 0 32 0 8192 4 0 0 0 0 0 0 128 64 32768 524288 0 4 0 0 131072 0 0 64 0 0 0 0 0 0 0 1048576 0 2048 0 8 64 0 0 0 8 0 0 0 0 655360 262144 0 0 0 0 0 0 0 0 4 64 64 0 0 512 0 0 0 0 0 0 0 0 0 524288 512 0 0 0 0 0 0 0 0 4096 128 16384 0 0 0 0 32 4194304 128 0 0 33816576 0 0 0 0 0 65536 0 0 0 0 0 0 0 8704 64 0 0 0 0 0 4096 0 0 0 32768 268435520 4096 0 0 128 0 0 0 0 16 0 0 0 0 0 0 0 65536 0 0 0 0 0 0 0 2 0 0 0 0 0 0 0 0 0 2147483648 0 0 0 0 0 0 0 0 0 64 4 0 1073741824 0 1048576 4096 268435456 0 0 0 0 0 0 0 0 0 0 0 0 0 32768 0 0 0 0 0 67108864 0 128 0 32768 0 0 4 0 0 0 0 0 0 0 0 0 0 0 0 0 0 0 64 1
is_linear=0
shrinkage=0.1


Tree=52
num_leaves=31
num_cat=17
split_feature=13 13 30 13 30 13 13 13 13 9 18 16 13 13 16 13 13 8 13 13 17 14 13 29 29 29 29 20 1 26
split_gain=24.2895 20.6714 12.8521 42.5461 38.9642 43.5497 36.014 30.2631 27.979 20.5174 16.1092 17.1075 15.9302 15.4183 14.8966 14.8657 14.6483 18.1586 15.7792 15.1274 13.7365 16.2804 13.237 12.3765 31.1625 24.7639 11.1272 11.1196 10.7338 10.6531
threshold=0 1 4005.5000000000005 2 3934.5000000000005 3 4 5 6 7 0.1765442565083504 9.5000000000000018 8 9 9.5000000000000018 10 11 12 13 14 20.150000572204593 5.5000000000000009 15 0.12997944653034213 0.097990967333316817 0.1026592254638672 0.12997944653034213 115.50000000000001 16 10.500000000000002
decision_type=9 9 2 9 2 9 9 9 9 9 2 2 9 9 2 9 9 9 9 9 10 2 9 2 2 2 2 2 9 2
left_child=-1 -2 4 27 5 14 -5 -7 -6 -10 11 23 -9 -8 -3 -15 20 18 -18 -19 -14 -22 -21 24 -11 -26 -12 -4 -24 -30
right_child=1 2 3 6 8 7 13 12 9 10 26 -13 16 15 -16 -17 17 19 -20 22 21 -23 28 -25 25 -27 -28 -29 29 -31
leaf_value=0.055439449174753221 -0.031167527807609792 0.0032813758389225811 0.05854293422084033 -0.044411601929826273 -0.047895506200851472 -0.033604654018080791 0.029963468454436201 0.033895547682276678 0.063502011691325799 0.021844227271067634 0.076168640660192688 0.00053222371447032542 -0.046474049181295697 -0.040688160898313799 0.063945976126668025 -0.0030217130847865182 0.033168420239898376 0.040634256518598526 -0.023048847786505611 -0.037528585403025679 0.0095152140290956158 -0.029206627336059412 -0.037199765746119801 -0.00074873766589768961 0.2376759057166852 0.072026477546050169 0.027400364807186158 0.0057345761292351919 0.0029592576189414748 -0.010688626642895016
leaf_weight=68.323883717413992 205.43352529173717 56.048045192845166 143.16951674525626 205.16708486247808 53.688843128271401 266.12222022679634 130.07703171577305 126.49652010574937 96.690685399109498 142.11042493442073 55.439867749810219 613.60135799855925 119.2523717561271 96.335029081674293 145.70694687520154 8069.7350936967414 48.020283986581489 88.288205129094422 476.7132422181312 77.508292518090457 237.49898107419722 200.03202382335439 60.810102432966232 86.4329251088202 12.353176189586518 33.495695125311613 299.71243112161756 55.265260983724147 7476.7542817350477 619.30835435655899
leaf_count=627 4730 755 2458 3596 1256 4674 2015 1712 1308 3406 250 11321 1609 2414 1783 134784 706 1336 8652 1100 2841 2989 5423 798 97 320 1452 1179 97666 10116
internal_value=-0.000141753 -0.000355987 -2.55993e-05 -0.00291979 0.00218457 1.24088e-06 -0.00400642 -0.000967581 0.01785 0.0206876 0.0168774 0.00981401 -2.19994e-05 -0.00295492 0.0448692 -0.00351529 -0.000513747 0.000484119 -0.0173801 0.00162994 -0.0160988 -0.00818778 0.00116296 0.0305701 0.0449721 0.116658 0.0350132 0.0417324 0.00157612 0.0019129
internal_weight=20365.6 20297.3 20091.8 8699.75 11392.1 9998.56 8501.31 9796.8 1393.53 1339.84 1243.15 887.994 9530.68 8296.15 201.755 8166.07 9404.19 8847.4 524.734 8322.67 556.783 437.531 8234.38 274.392 187.959 45.8489 355.152 198.435 8156.87 8096.06
internal_count=313373 312746 308016 146446 161570 141362 142809 138824 20208 18952 17644 15942 134150 139213 2538 137198 132438 124999 9358 115641 7439 5830 114305 4621 3823 417 1702 3637 113205 107782
cat_boundaries=0 90 178 268 360 449 539 629 630 721 808 900 990 991 1082 1173 1264 1265
cat_threshold=0 0 0 0 2097152 0 8 0 0 4 2097152 0 134217728 0 0 0 0 0 0 0 0 0 0 0 0 2048 4096 0 0 0 131072 16777216 0 0 0 0 0 16777216 2 131072 0 0 0 262144 0 0 0 0 32 0 0 16777216 0 80 0 0 0 0 268435456 0 0 0 0 0 0 0 0 0 16777216 0 536870912 0 0 0 8224 128 0 0 262144 0 0 128 16 2048 0 0 0 0 0 525312 256 0 8388608 0 0 0 0 0 0 65568 0 0 0 0 64 0 0 0 0 0 8192 0 0 65536 0 0 0 0 1073741824 0 0 0 4 16777216 0 0 0 0 131076 268435456 0 0 0 256 0 2097152 266240 0 0 0 0 0 0 268435456 0 0 128 270336 0 0 0 2097152 0 65536 0 0 0 0 0 0 0 0 67108864 0 0 0 0 2097152 0 0 0 0 524288 0 0 32768 4194304 134225920 0 0 0 0 0 0 0 0 0 0 67108864 0 0 0 4194316 0 0 0 0 0 0 0 0 0 0 0 0 0 0 0 8208 0 0 0 0 0 4 0 0 0 0 536870912 0 34603008 0 1048576 0 0 1073741824 0 0 1024 0 0 0 0 0 0 0 0 262272 32768 0 0 0 16386 0 0 134217728 536870912 0 0 0 0 536870912 0 0 134217728 1056 0 16777216 0 0 0 0 0 16777728 4096 0 1075838976 0 0 0 0 64 1024 0 0 33554432 0 0 0 0 0 0 0 16 0 0 2147484160 0 0 0 0 16 0 65536 0 0 1073741824 0 0 0 0 0 0 0 0 0 0 8388608 4 0 0 8388608 536870912 0 256 0 0 0 0 0 0 0 2 4194304 0 0 524288 0 0 0 0 0 0 1 0 0 128 0 32768 0 0 512 0 4 0 0 0 4128 4096 0 0 67141632 0 64 0 0 0 0 1 0 0 0 1024 524288 2 0 0 0 0 2 0 0 0 0 0 16 0 0 268435968 0 0 0 0 16 0 65536 0 0 0 0 0 131072 0 0 0 0 0 0 0 0 4 0 0 8388608 0 0 268435472 0 0 0 134217728 0 0 0 290 4194304 0 0 0 0 0 16 0 0 0 1 0 0 0 0 32768 0 0 512 0 4 131072 512 65536 4096 4096 0 0 67108864 0 0 0 1048576 0 0 0 2 0 0 134217728 0 8388608 0 0 0 0 0 0 524288 4 128 64 0 0 0 0 0 0 0 0 0 0 0 16 0 0 0 0 268435456 4 0 0 0 0 0 0 34603008 0 0 0 0 0 0 0 1024 0 0 0 0 0 0 1024 268435456 33816576 0 0 0 0 16386 0 67108864 0 0 0 0 0 0 4 0 0 0 1312 0 0 0 0 0 0 0 512 33554432 0 2097152 0 0 0 0 524288 0 0 0 0 0 2 0 0 0 0 16777216 0 0 0 0 0 0 0 0 0 0 65536 1024 0 1073743872 8192 0 0 2097152 0 0 0 0 0 0 0 0 0 1048576 32768 0 0 256 0 128 0 134217728 0 0 0 256 0 0 0 0 0 0 4 0 0 16386 0 0 33554432 128 0 32768 0 0 1073741824 0 4 0 32 0 0 0 0 4 0 0 0 0 0 1073741824 5638 0 67108864 0 1024 76021760 0 0 8388616 0 0 0 0 0 0 0 1048576 0 0 0 16 0 0 0 1073741824 0 0 0 134217728 536870912 2048 0 0 0 0 0 0 0 0 536870912 0 0 0 1048576 0 0 0 16777216 0 0 0 0 0 16777216 0 0 288 0 65536 0 2097152 0 0 16 131072 0 0 0 0 0 0 0 0 0 0 0 0 2097152 8 512 0 0 0 0 0 0 8 1048576 0 327680 0 128 0 0 0 0 0 0 134217728 0 64 16777216 0 0 0 0 536870912 0 4 128 0 0 0 0 0 0 0 0 1 1024 1048576 0 0 0 0 0 0 285212672 2097152 0 0 512 0 0 0 268435456 0 4 0 0 0 0 0 0 0 0 8389120 0 0 0 1088 0 0 0 0 16384 0 0 0 67174400 524288 0 65536 0 8200 0 4 0 0 0 0 0 0 0 32 0 0 0 268435456 0 0 0 0 0 1536 0 0 33554432 0 0 0 128 131072 0 0 0 0 0 2149580816 0 0 0 0 0 0 0 0 0 0 0 0 0 0 0 0 0 0 0 0 524288 0 0 0 0 536870912 0 0 16384 128 16384 0 16777216 65536 16384 0 8 128 0 17301504 0 0 6 0 0 0 1073741832 0 0 0 16 0 0 0 0 0 0 0 4 0 0 0 0 0 32768 0 0 0 327680 0 128 1 0 0 0 0 32768 16 0 65536 16384 67108864 0 0 65536 524288 0 0 0 0 262144 0 0 0 0 0 0 0 0 1048580 0 0 32768 0 0 0 0 0 2097152 0 0 512 0 536870912 0 67108866 0 1048576 0 0 0 0 0 0 0 0 512 0 0 0 8388672 0 528 0 0 0 2113536 0 0 0 0 536870912 0 0 0 0 0 8 0 0 0 0 83886080 0 0 0 0 0 0 0 0 1073741824 24 0 0 0 524288 0 0 0 0 0 0 2147483648 32 0 1 537133064 0 0 0 0 268435456 0 0 0 0 0 0 8 0 0 0 2048 0 2050 0 4194304 0 0 0 0 0 0 128 0 1073741824 0 327680 0 0 0 4718720 0 0 0 0 0 0 0 0 0 8224 0 0 0 0 8192 0 0 536870912 64 2048 0 0 16777216 0 0 0 0 0 0 65536 0 0 0 4 0 0 0 0 0 0 64 0 0 0 0 0 0 0 0 0 0 0 0 0 0 0 16777216 0 0 1 16384 2181038082 0 0 0 536870912 0 0 0 0 0 0 0 0 0 8 512 0 0 0 0 0 0 0 268435456 0 0 0 0 0 32 16384 0 0 0 16384 0 4 0 0 16777216 0 0 6 8388608 0 0 16842760 0 33554432 0 0 0 0 0 0 64 0 0 0 8 2048 0 0 0 0 0 0 0 0 0 1 0 0 0 0 0 0 0 0 64 1 2147483648 0 1024 0 4194308 128 64 0 0 1073741824 0 0 0 0 0 0 0 0 0 65536 2048 0 0 0 0 0 0 0 0 0 0 128 0 1073741824 0 0 16 16384 0 128 0 0 0 1073741824 0 0 0 0 0 32 0 8192 128 0 0 0 0 0 134217728 0 64 0 16777216 0 0 0 0 0 0 65536 0 524288 0 4 0 0 268468224 0 67108864 0 64 1848688
is_linear=0
shrinkage=0.1


Tree=53
num_leaves=31
num_cat=23
split_feature=3 13 13 3 3 13 13 3 17 12 17 16 28 30 3 13 3 14 3 3 3 3 30 13 3 13 13 13 13 13
split_gain=32.064 30.4041 21.3488 47.1467 21.1631 21.8668 16.1906 15.0667 14.6833 14.4604 16.3184 14.553 15.3993 14.3178 13.6819 13.0738 45.0383 13.8319 68.7641 56.7316 54.5482 43.7284 42.6851 39.2912 38.3763 34.5627 30.8871 30.7658 23.0085 20.4262
threshold=0 1 2 3 4 5 6 7 34.250000000000007 8 38.750000000000007 10.500000000000002 0.074756901711225524 4170.5000000000009 9 10 11 4.5000000000000009 12 13 14 15 231.50000000000003 16 17 18 19 20 21 22
decision_type=9 9 9 9 9 9 9 9 10 9 8 2 2 2 9 9 9 2 9 9 9 9 2 9 9 9 9 9 9 9
left_child=-1 8 3 -3 5 -4 -6 9 -2 -8 11 -11 -13 -12 -9 16 -16 18 22 -20 -19 27 -17 -23 29 -26 -27 -22 -25 -21
right_child=1 2 4 -5 6 -7 7 14 -10 10 13 12 -14 -15 15 17 -18 20 19 24 21 23 -24 28 25 26 -28 -29 -30 -31
leaf_value=-0.049888826312409713 0.10542930672752858 0.066667450786140406 0.055780684810238956 -0.044472039489655578 -0.04205462773527207 -0.035664881679482181 -0.02211471702254306 -0.029111575687470831 0.019388291457038475 -0.0039552769223158554 0.031069321899748693 0.060008709218438976 0.21659007029040317 -0.015374204718344074 0.0509885857505082 0.15597919989581321 -0.054448021929327711 -0.025878500438100867 -0.035457980102218289 0.041423972748250049 -0.049336563605299068 0.041872079259582223 0.029381505208740478 -0.033864954133690305 -0.044771031150229713 0.057565566181284694 0.0074468851668688029 0.032972434994556536 -0.00073187952660461132 -0.020567344870371089
leaf_weight=117.85518139111809 42.97641621902585 37.022881932556629 21.214690501336008 232.39827994816005 77.505584956845269 249.76087228604592 68.569842036813498 143.59291096613742 36.832969123497605 11.358365359716116 280.210119249532 13.600201203487815 11.670650927349923 86.983619998442009 48.67617232631892 27.698967844247818 133.52745939232409 802.58864118671045 383.72542312112637 48.786704300437123 41.735568505711854 204.08083954569884 692.25297940662131 203.90695842402056 113.69298560963944 117.269997933181 4272.1921658243518 572.22220746497624 10457.040574637009 743.57225415110588
leaf_count=9071 504 441 460 5252 1228 8081 1204 7834 504 222 4251 301 176 2083 593 220 2677 12402 10034 613 1095 3229 10525 3262 1596 1400 54721 12355 146119 10566
internal_value=3.16662e-05 0.000347814 8.83327e-05 -0.0273603 0.000474917 -0.0267752 0.000865987 0.00105826 0.0584026 0.018512 0.0257781 0.0900634 0.132322 0.0200674 0.000614953 0.000856549 -0.025093 0.00112294 0.00489326 0.0011694 -0.000840633 0.000931699 0.0337829 -0.000546256 0.00388533 0.00746207 0.00891367 0.0266762 -0.00139674 -0.0162817
internal_weight=20294.5 20176.7 20096.9 269.421 19827.4 270.976 19556.5 19479 79.8094 472.393 403.823 36.6292 25.2709 367.194 19006.6 18863 182.204 18680.8 6399.19 5679.24 12281.6 11479 719.952 10865 5295.51 4503.16 4389.46 613.958 10660.9 792.359
internal_count=313019 303948 302940 5693 297247 8541 288706 287478 1008 8237 7033 699 477 6334 279241 271407 3270 268137 89675 78930 178462 166060 10745 152610 68896 57717 56121 13450 149381 11179
cat_boundaries=0 24 113 204 227 251 334 425 449 450 473 564 586 608 631 653 676 764 788 879 969 1059 1139 1229
cat_threshold=64 4194304 1073741828 0 0 4718592 16386 32 0 3671105 0 16384 0 4194304 0 16777216 0 0 0 0 0 541188 152043520 16392 0 0 0 0 8388608 0 1048584 268500992 0 0 0 0 134217728 0 0 0 0 16384 0 0 0 1048576 0 0 16384 2048 0 0 8 0 524288 0 2 0 0 18874368 0 0 0 512 0 1 0 0 0 0 0 0 32 8 0 0 0 64 0 0 0 0 0 0 0 2097152 128 75513856 0 4096 0 0 0 0 0 0 8192 0 8224 0 2097152 0 0 0 0 0 0 0 67108864 0 0 0 16777216 0 0 0 1032 0 0 0 0 0 65536 67108864 0 0 0 0 0 0 0 0 0 0 0 0 0 0 64 0 0 0 0 16 0 0 3146752 0 268435456 128 0 0 0 0 0 0 2 0 2097152 262144 0 0 65536 0 134218240 0 0 0 0 128 0 0 16777216 0 0 0 65536 16384 33554432 0 0 0 2048 0 0 0 524288 0 0 0 0 0 268435456 0 4096 0 0 0 0 16777216 0 0 0 192 8929280 276824064 262144 0 0 0 270336 0 33555456 0 0 8 33472 8193 0 66048 0 67633152 2 131072 167788672 0 2 0 0 4608 514 1024 128 524288 25165824 0 2147745924 33554449 0 0 0 0 2155937792 0 16777216 32776 0 0 4194304 90624 1920 0 0 0 0 0 0 0 0 0 0 2 0 0 1 0 16777216 0 0 0 0 2147483648 0 0 0 0 0 0 0 0 0 0 0 0 0 0 0 0 0 0 0 0 0 0 0 32768 0 0 268435712 0 0 0 0 0 128 0 0 0 0 1088 0 0 0 0 0 0 0 0 0 0 0 0 32768 0 0 4 0 4 0 0 0 0 0 4 0 0 0 0 0 256 0 8 0 0 0 33792 0 0 0 0 0 0 0 0 8192 8519680 0 0 0 65536 0 0 0 0 0 0 524288 0 32 0 0 262144 4 0 0 0 0 0 0 671088640 0 256 0 524288 0 0 5242880 1073741826 0 0 0 0 16777216 64 0 0 0 0 0 0 0 0 0 0 0 2048 0 134217728 0 0 0 0 0 8 0 0 0 0 0 0 64 8388608 0 8388608 1048576 262144 32768 2155872384 144 0 13312 34605056 1048576 16777216 32 18432 0 256 1048576 0 524288 0 0 0 262274 41951504 256 268435456 524288 102599306 2097152 16 64 8192 128 33720352 1280 35651584 0 402690048 0 0 0 536870928 134217728 0 0 512 8192 0 0 2283831296 34111617 0 2048 10 2 16 0 262144 0 0 8192 0 128 0 0 524288 512 0 0 0 0 0 0 0 0 0 0 0 0 1073741824 16384 8192 0 4 0 8388608 0 2162752 1073741824 0 0 0 536870912 0 0 49152 0 0 0 0 0 540672 0 0 0 0 0 0 0 0 0 1024 0 0 0 0 0 0 0 64 0 0 0 0 0 0 0 0 0 0 0 0 0 0 0 0 0 4194306 0 32 0 1024 544768 269484032 67108872 0 1073741824 16777216 0 0 33555456 131344 8192 134217728 49156 8198 0 0 0 2048 64 1048576 268566528 268435456 4194304 262154 0 0 0 268435456 393216 1024 549457920 16777216 0 3493855744 1050625 1024 0 0 266240 2097152 4096 536870912 16384 285213696 58720256 8388608 16777216 0 0 256 8320 262144 35651584 0 4096 0 2153807872 8389120 0 1073742336 19 201342976 0 65536 128 262144 262144 0 1310728 0 0 134217728 1075838976 393216 4195456 4198400 1090519056 0 402653696 1048593 1024 0 0 262208 2098176 0 0 16384 50332688 50331652 16777216 16777216 0 0 256 45184 262144 35651584 4194304 4096 0 2216689728 512 0 1073742336 8242 201342976 0 0 4 262144 262144 0 0 0 0 64 0 0 0 0 67108864 0 0 0 0 4 128 0 128 262145 524288 0 0 0 0 0 0 4097 0 0 0 32768 0 0 0 0 0 0 0 536870912 0 0 4 512 1048832 0 0 16777216 0 0 128 32 16777216 0 268435456 0 0 0 0 0 0 0 32768 4 0 0 16384 0 0 0 8 0 32768 0 0 1610612736 8 0 131072 32 0 0 0 0 0 0 0 0 33554432 81920 1124073472 0 0 0 16777216 36864 0 8192 4261888 131072 33554432 201850880 128 0 1056768 131104 0 18 0 151257092 0 7168 4 256 0 0 0 64 2097168 0 0 0 553648128 0 0 0 0 0 16777216 0 128 0 2147483648 0 0 0 0 0 0 0 0 0 0 0 0 0 0 0 0 0 0 536870912 0 0 0 0 1048576 0 0 16777216 0 0 128 0 0 0 0 0 288 0 0 1024 524288 16 32768 4 0 0 16384 0 0 0 8 16 0 0 0 0 0 0 131072 1024 0 16777280 32 0 4 0 0 0 0 0 2097152 512 0 0 0 0 0 0 0 0 0 0 0 0 0 0 0 0 4 0 64 16 0 0 0 0 2048 0 0 0 0 1073743872 2048 0 0 0 0 0 0 0 0 0 0 128 0 1342177280 0 0 0 268435456 0 0 0 0 0 0 16384 0 4194304 0 0 0 0 0 0 0 0 0 8 0 33554432 0 0 0 0 0 0 0 0 0 768 0 2048 0 0 0 0 0 0 0 1048576 1073741824 0 0 4 0 524352 512 0 0 0 0 2147483650 0 65536 0 0 16777216 0 0 0 0 0 0 0 0 536870912 0 0 0 0 0 0 0 0 0 0 0 0 0 0 0 0 0 0 1048832 0 0 0 268435456 0 0 0 1024 0 268435456 0 0 0 0 0 0 262144 0 0 0 0 0 0 0 0 0 0 0 0 0 1073742336 0 0 0 0 0 0 0 0 0 0 0 0 0 1048576 1073741824 0 0 8388608 0 0 0 0 0 0 0 32768 0 0 0 1 0 20 0 64 268435456 0 0 0 0 536872960 0 0 2098176 0 1073741824 0 0 0 0 0 0 0 268435456 524288 0 0 128 0 1073741824 0 262144 2 0 0 0 0 0 0 0 16384 0 0 0 0 335544320 0 0 0 0 0 0 8 67108992 0 0 0 0 524288 0 0 0 0 4194320 768 4096 0 0 0 0 0 0 0 0 0 0 0 0 0 0 0 0 0 0 0 0 0 0 0 0 0 0 0 0 0 0 2048 0 0 0 0 0 0 0 0 0 0 0 0 0 0 0 0 268435472 0 0 0 0 0 0 0 0 0 0 0 0 0 0 0 0 0 0 0 67108864 0 0 1 0 0 0 0 0 0 0 0 0 0 0 4 0 0 0 0 0 0 1073741824
is_linear=0
shrinkage=0.1


Tree=54
num_leaves=31
num_cat=24
split_feature=3 13 13 3 3 13 13 22 5 3 30 13 3 3 29 3 13 3 5 25 3 3 3 27 23 3 3 3 13 13
split_gain=35.3081 27.2013 19.5301 29.9649 20.2973 15.4768 15.1199 19.8288 14.8961 15.7799 16.3143 14.7323 23.8797 13.8983 13.7189 12.8025 12.6071 12.9605 11.75 11.7154 97.451 60.9634 49.6291 48.9176 35.0919 47.471 28.1267 26.9653 23.5888 22.9364
threshold=0 1 2 3 4 5 6 -1.0000000180025095e-35 7 8 1.0000000180025095e-35 9 10 11 0.0063167624175548562 12 13 14 15 1.5000000000000002 16 17 18 -1.0000000180025095e-35 2.5000000000000004 19 20 21 22 23
decision_type=9 9 9 9 9 9 9 2 9 9 2 9 9 9 2 9 9 9 9 2 9 9 9 2 2 9 9 9 9 9
left_child=6 -2 3 -3 14 -6 7 -1 9 -7 -11 12 -12 -13 -4 -10 17 -15 -17 22 23 -22 -18 -21 26 -26 -24 28 -23 -28
right_child=1 2 4 -5 5 8 -8 -9 15 10 11 13 -14 16 -16 18 19 -19 -20 20 21 27 24 -25 25 -27 29 -29 -30 -31
leaf_value=0.0013102277841612275 0.053505230994284107 0.053761457149748039 0.085023097579778148 -0.055673448348651844 -0.045028286790068012 0.025170310830609693 -0.052556380977181197 0.28196185479094643 -0.081133406815855125 0.074517810482771493 0.085201645354394784 -0.017497782768923581 -0.0084463310970459542 -0.06340449797297705 -0.03350736556046012 0.063281734873274126 -0.027151411762574962 0.0056716940048528505 -0.031284132735674645 0.063745161320471366 -0.036327261092927408 -0.049488328733304617 0.024723257668631496 0.0091297215947561943 0.085560318332026458 -0.047506553479777718 0.030235640360423532 -0.0020200441311964417 0.020465413950072356 0.00025571972195887431
leaf_weight=8.6684003334958089 86.446633552899584 24.174699283204973 10.187686629593371 120.63331319927238 63.081500200554729 262.10836479649879 161.25410006893799 3.5477977490518233 33.794893337413669 30.070003532804549 45.375389667693526 405.63282919116318 57.181127258576453 53.835235498147085 235.18818040238693 10.725501544075087 642.84491453855298 52.025953185046092 26.156139996135607 393.40429563075304 414.51353754964657 41.959591739811003 504.48528645676561 281.2320279434789 21.643036528024822 241.18114735116251 250.54371456196532 2392.6218801084906 998.28666636347771 12449.747031730367
leaf_count=288 909 401 64 4116 1169 5515 11373 132 420 245 511 9605 961 704 6142 149 13032 1099 373 6645 7055 575 9450 8543 536 12704 2985 42820 10452 154255
internal_value=0.000127787 0.000525111 0.000270286 -0.0351114 0.000545011 0.000908181 -0.0435427 0.0455389 0.00107883 0.00125526 0.000917203 0.000802689 0.0368761 0.000589869 -0.0274668 -0.0418064 0.00099054 -0.0318972 0.00384868 0.0011944 0.00562448 -0.00057324 -0.000224469 0.0403794 0.00108018 -0.0351009 0.00180114 0.00383698 0.0171994 0.000870469
internal_weight=20322.6 20149.1 20062.6 144.808 19917.8 19672.5 173.47 12.2162 19609.4 19538.7 19276.6 19246.5 102.557 19144 245.376 70.6765 18738.3 105.861 36.8816 18632.5 4522.02 3847.38 14110.4 674.636 13467.6 262.824 13204.8 3432.87 1040.25 12700.3
internal_count=313228 301435 300526 4517 296009 289803 11793 420 288634 287692 282177 281932 1472 280460 6206 942 270855 1803 522 269052 76090 60902 192962 15188 179930 13240 166690 53847 11027 157240
cat_boundaries=0 24 115 206 229 253 342 429 430 453 543 557 580 601 692 713 714 737 761 785 809 833 857 942 1029
cat_threshold=64 32 0 0 1025 0 512 0 0 337674248 0 0 1048576 4194320 0 0 2147483648 0 0 0 16777216 170131460 277891456 64 0 0 0 2 0 0 0 0 33554496 0 128 0 134217728 0 0 0 0 0 0 524288 2147483648 1048576 0 0 0 2048 0 0 4096 0 0 0 0 0 2 0 0 0 0 0 0 2048 0 0 0 4 0 0 32 524288 0 16777216 0 64 0 0 16777216 0 0 67108868 0 0 16 8388608 0 0 0 0 0 0 0 0 8192 0 8224 0 0 262144 262656 0 0 0 0 4 0 0 0 0 0 1024 128 0 0 0 1024 0 0 0 0 0 0 0 0 0 0 0 128 0 0 0 0 0 0 0 65536 0 0 0 0 0 0 4196352 0 526336 0 0 0 0 0 4 0 0 128 0 33554432 0 538968064 134479872 16384 0 0 0 0 16777216 0 0 4096 128 262144 0 0 0 0 4194304 0 0 0 65544 536870912 0 0 0 0 0 4718592 0 0 0 0 0 0 0 0 0 0 0 0 32768 0 0 0 16 0 268435456 2147745800 16 3221225472 0 8192 0 2098176 0 268468224 310378496 436 0 0 0 0 0 2 0 0 0 512 1024 536870912 4194336 2 128 131136 64 16777216 2147557376 262144 2097153 64 0 0 0 0 0 67108864 4259841 1048578 134234112 4718592 1073741824 10624 0 0 8 0 402653184 0 0 0 0 0 2097152 1024 0 1 0 0 0 0 0 0 0 0 0 0 0 0 0 0 0 0 0 0 131072 0 8388608 0 65600 262144 0 64 32768 0 0 67108866 0 0 0 256 0 0 0 67108864 4194304 1073741826 0 0 0 0 0 0 1024 0 0 65536 0 0 0 0 0 0 64 2048 67108864 0 0 0 32768 0 0 0 0 0 0 0 0 0 4194304 0 32 0 0 0 0 524288 0 16 0 0 536870912 32768 0 0 0 0 16777216 0 0 0 0 0 0 0 0 0 0 0 0 0 0 526336 0 0 2097152 0 0 0 0 0 0 0 0 0 0 0 0 0 0 0 0 0 0 0 16 0 0 0 0 0 0 0 0 0 0 0 16384 0 0 0 0 0 0 0 0 131072 0 0 0 0 0 0 0 4 0 0 0 32768 170 1073741824 1073774594 0 0 0 545259776 1179776 524384 8388608 2064 16384 0 0 0 0 512 0 2147500032 266368 537133056 1048592 268436480 16785408 0 32768 0 0 8388608 131072 0 0 512 67182592 0 0 0 0 0 0 0 0 0 0 0 0 0 0 16 0 1 65536 8 0 0 0 0 0 0 0 2097152 0 0 0 0 0 33554432 0 0 0 0 0 0 4194304 0 524288 0 65536 0 0 0 0 0 8192 0 0 128 0 0 0 1 0 0 0 0 0 0 0 0 128 0 4194304 0 0 0 128 0 0 0 32768 276824576 512 17104896 2097152 536887296 2359296 1032 0 0 0 0 16384 0 0 1024 1610612736 327686 2 0 35651584 256 8192 2147483648 128 17301504 44041216 16384 12582912 0 2147483648 256 536871488 268435456 0 0 134217736 0 4 8388608 512 33653248 134217728 0 128 0 0 0 0 16384 0 0 0 4194304 131072 0 0 2560 0 0 0 0 16 0 0 0 0 0 256 0 0 8388608 131104 0 0 0 0 0 512 0 67108864 0 268435456 0 131072 0 0 0 0 0 0 0 2048 0 0 0 0 268435488 0 0 0 0 0 0 0 0 0 0 0 2048 131072 0 128 524288 512 0 0 0 256 0 8192 0 285212672 0 0 0 2048 0 0 1073741824 0 0 0 0 0 0 0 4 262144 0 0 0 0 0 0 0 0 0 4194304 0 8388608 0 8388608 1 805306368 276824064 1032 16 0 0 8192 16384 37748736 0 136192 1614807048 36 4 0 0 0 16777216 0 0 268435456 256 155209728 268435456 67108992 0 1073741824 134221824 32768 262144 6291456 0 268568064 0 2129920 0 0 1114112 8192 16777728 1097728 1 256 0 16 268959744 4194304 1024 64 0 33562624 327680 0 1644199936 131137 0 67108864 22528 0 0 0 8 0 16 131072 131200 1073741824 69206018 16387 152043520 17825792 0 0 0 134221824 34816 262784 4199424 16384 268435456 16777216 2149580800 0 0 1114112 131072 16777728 1081344 0 4 0 16 2101248 0 8388608 0 16 0 0 262144 0 33554432 0 0 1342177280 1 4 0 8388608 0 524288 2 0 0 16777216 0 4 0 524288 8388608 0 0 24576 0 0 1610645504 33685635 33562624 201326592 555008 9437184 0 0 0 0 16 0 135296 131328 2097154 2 0 18219016 0 129 0 1048576 10240 128 1024 0 0 0 2147614726 8198 0 524288 131168 262400 256 0 268697600 0 0 2621440 0 0 0 0 524288 0 0 0 0 0 2147483648 0 0 0 0 16777216 0 0 0 0 0 0 0 0 0 0 0 0 0 1073741824 0 0 0 2097152 0 0 0 0 0 0 0 0 0 268435456 0 0 4096 268435456 0 0 0 1024 0 0 0 32 0 0 64 0 0 0 0 0 0 0 0 0 0 0 134217728 0 0 0 0 0 0 0 288 8 0 4096 0 0 67108864 0 0 0 0 64 0 0 268435464 0 0 0 0 0 0 8 0 0 0 0 0 33554432 0 0 0 2048 64 0 0 1048576 0 0 0 0 1048576 0 0 0 0 0 512 0 536870916 0 256 0 0 0 268435472 0 0 16384 0 0 268435456 8388608 32 4194304 128 0 0 262144 0 4 0 0 0 0 0 134217728 2048 0 0 0 0 512 64 0 134217728 32 0 32 0 0 0 67108864 0 16777216
is_linear=0
shrinkage=0.1


Tree=55
num_leaves=31
num_cat=26
split_feature=3 13 13 3 3 3 12 23 15 3 13 3 13 13 4 15 3 3 3 3 13 13 13 3 3 3 13 17 3 13
split_gain=37.3531 26.7963 25.0243 19.4551 18.4342 15.9688 22.2816 16.21 18.273 14.0501 12.993 25.8485 12.5351 12.5393 13.0115 12.7465 55.3697 40.8502 36.3498 35.6062 40.622 30.4805 22.5927 23.6704 23.2565 19.4092 18.282 22.9526 16.467 20.6031
threshold=0 1 2 3 4 5 6 1.0000000180025095e-35 2.5000000000000004 7 8 9 10 11 12 1.5000000000000002 13 14 15 16 17 18 19 20 21 22 23 29.550000190734867 24 25
decision_type=9 9 9 9 9 9 9 2 2 9 9 9 9 9 9 2 9 9 9 9 9 9 9 9 9 9 9 8 9 9
left_child=-1 4 9 -4 -2 6 -5 -8 -9 -3 11 -7 -12 -14 -15 16 -16 -17 26 -18 -21 -20 24 -24 -23 -22 -19 -28 -27 -30
right_child=1 2 3 5 -6 10 7 8 -10 -11 12 -13 13 14 15 17 19 18 21 20 25 22 23 -25 -26 28 27 -29 29 -31
leaf_value=-0.047295106987912269 0.052130299553338089 -0.021019761091771904 -0.034742590110653768 -0.046659231323068567 -0.060906616849055351 -0.029291011829906684 0.020688885960228484 0.13419889372800817 0.014847542794206395 0.059277480563800083 -0.039585192712191471 0.075860302998237067 -0.054971990815410224 0.027621921735744077 0.046107099230936935 -0.039596612850532481 -0.032573234361583603 -0.02668264212592826 0.048445496044115625 0.04766162117792376 0.025663003535997188 0.039759281047914118 -0.032821529997178363 0.0024011519183069286 -0.062135872957373023 -0.018737065231986538 0.14716005158195244 0.032489446089232203 -0.037609344434879288 -0.002036771127499976
leaf_weight=155.03734470577911 11.204852804541586 26.215125229209661 145.77063136664219 35.573393941856921 100.79316770844162 33.391667221672833 287.15442015160806 28.980248790234327 23.015460419468582 104.33577179070562 69.054511741967872 53.949571361998096 30.934554281644523 164.43088327324949 211.83056235685945 219.18804292636923 418.99767976952717 46.74149154080078 128.77305171499029 145.69339146884158 203.31309128808789 23.732159920036793 184.32168433768675 10650.662468566326 95.329241022933275 761.2541111796163 18.233361054677516 409.04924956057221 158.05415685172193 5378.3589662255254
leaf_count=8547 92 252 7592 545 2876 903 4295 551 398 1673 1147 939 495 1640 5870 10401 5815 735 1808 2414 5435 170 5317 144128 1598 13212 298 7168 2199 74784
internal_value=8.59258e-05 0.000473367 0.000757207 0.000460382 -0.0462517 0.000737238 0.020912 0.0291329 0.081369 0.0428052 0.000337086 0.0367804 0.000153373 0.000316413 0.000433952 0.000184956 -0.00310509 0.00221834 0.00304303 -0.00463918 -0.00283196 0.00186962 0.00127839 0.00177224 -0.0403185 -0.00403504 0.0298725 0.0365279 -0.00503297 -0.00311828
internal_weight=20323.4 20168.3 20056.3 19925.8 111.998 19780 374.724 339.15 51.9957 130.551 19405.3 87.3412 19318 19248.9 19218 19053.5 7277.5 11776 11556.8 7065.67 6646.67 11082.8 10954 10835 119.061 6500.98 474.024 427.283 6297.67 5536.41
internal_count=313297 304750 301782 299857 2968 292265 5789 5244 949 1925 286476 1842 284634 283487 282992 281352 109729 171623 161222 103859 98044 153021 151213 149445 1768 95630 8201 7466 90195 76983
cat_boundaries=0 23 114 202 226 248 272 273 287 377 398 489 576 577 600 623 647 670 761 851 942 965 986 1010 1100 1124 1210
cat_threshold=2 0 2112 0 0 32 167772672 5242880 32768 1146884 2 576 134217728 4194304 0 0 262144 8192 0 0 142606336 4028637696 2097280 0 0 0 1024 0 0 0 0 0 0 0 0 0 2 0 0 0 0 0 1572864 0 0 0 0 2048 0 65536 1048576 0 0 0 0 0 0 0 0 128 0 4096 0 0 128 0 0 0 2097152 17043456 1 0 32 0 0 0 0 0 4096 128 0 64 0 0 0 256 0 0 33554432 0 0 0 0 0 32 0 0 0 0 0 2098176 4 0 0 0 32 0 0 32768 131072 0 262144 0 16 0 0 0 0 8388608 0 8 0 0 0 0 0 0 0 0 128 0 0 0 512 0 0 0 0 16384 2048 0 0 0 0 655360 16777216 0 268435456 0 16777216 0 0 0 0 0 4 0 0 8388608 262144 0 0 0 8 0 0 0 64 0 0 0 128 0 16777216 0 2097152 0 536887296 0 134217728 0 2097152 16777216 0 0 0 0 0 131072 128 0 0 32 8 0 0 16 0 0 65536 262144 4096 65536 0 0 2 0 21102656 524288 8388608 0 2147483648 16 0 1073741824 128 134217728 0 0 2304 134217728 1048576 0 56098820 1073743874 8609 268435456 270532608 67108864 0 0 0 0 0 0 0 0 268435456 16528 40960 0 8388608 0 0 0 0 0 256 0 1074790400 563085312 512 0 2829058048 262144 0 0 0 301989888 2147483656 2048 1048576 0 0 12320 1073741824 1061248 65536 256 0 67108864 524288 72194688 16384 8388608 8 0 0 0 8192 0 4194304 0 0 1610612736 278532 4 0 0 0 0 0 16384 0 0 33555008 0 0 0 0 0 0 1048640 0 0 0 0 0 0 0 0 0 0 0 0 0 0 0 0 0 0 0 0 0 0 0 262144 0 0 1048577 0 0 65536 0 0 8 0 0 0 0 65536 0 0 0 0 8388608 139264 0 0 536870912 0 0 16384 0 0 524288 0 134283264 0 0 0 4194304 0 0 0 0 0 0 0 0 0 0 0 16777232 33562624 16777216 524288 545259520 0 67108872 0 1073741824 16384 0 262144 4194304 0 131072 0 2490370 4 0 0 0 0 16384 4 1048576 0 0 0 0 268435456 0 0 0 0 0 0 0 128 2097152 0 0 0 0 1 0 0 0 0 0 0 65536 0 0 0 16384 0 0 0 2097152 8388640 0 64 0 0 64 0 2147483648 0 0 0 0 16 131072 0 0 0 0 4194304 1073741824 0 0 0 262144 0 64 0 8192 2 65536 0 0 0 0 0 0 0 0 0 0 0 262144 0 0 0 0 0 0 0 0 0 4194304 32768 0 32 0 1048576 0 0 8 2147483650 0 2 0 0 0 0 0 2048 0 1 0 0 0 0 0 0 0 131072 0 0 0 32 0 32 2048 0 0 0 0 0 0 512 0 0 0 0 524288 0 0 262144 0 134218240 2048 16384 0 0 524288 268435456 0 2 0 0 0 0 0 0 1024 0 0 0 0 0 0 0 0 0 0 2048 0 0 0 0 0 4194304 0 0 0 0 0 0 0 0 4194304 20 167772160 16908288 268435584 17 134217728 269496576 4240 64 0 131073 512 0 0 4096 0 1048576 0 512 32770 1 65552 0 270336 167772160 16777216 128 1 134217728 268697856 4256 0 0 1090650113 0 0 1 8388608 0 17825792 65 512 65538 0 0 0 537198880 529412 8388608 0 0 0 0 25165824 524448 1073758208 524288 4096 92274690 663552 0 0 0 0 2147487744 16384 262144 16793604 17408 2147483648 4 529408 4194304 0 0 0 524288 0 524416 1077952512 262144 4096 92274688 2149589120 1 0 1073741824 0 2281701376 0 0 285229060 132096 2415919104 0 0 0 0 0 0 0 0 0 16777216 0 0 0 0 0 0 4 0 0 0 0 0 0 0 16 0 0 0 0 65536 2048 0 0 0 0 0 2097152 0 131072 0 0 0 0 0 32768 1048576 0 0 0 128 0 16777216 0 268435584 8388608 0 0 0 1024 0 50593792 0 0 0 0 0 0 0 167772160 0 0 0 0 0 1073741824 0 2097156 0 0 65536 0 0 0 0 0 0 576 0 68157440 2097152 512 0 0 0 0 0 0 0 0 0 67117056 32770 0 0 0 4194304 524288 1048576 0 0 3221225472 2147483648 0 0 4 0 0 8 0 0 0 8192 0 0 512 0 0 0 0 524288 0 0 0 0 0 0 0 0 256 4096 0 0 134217728 0 0 0 32 0 0 0 268959744 20 0 0 0 0 0 1073741824 0 0 536870920 0 0 0 0 0 0 0 0 1024 0 32 32 0 2048 0 0 0 0 0 1024 0 0 0 16777224 32768 1040 0 0 0 4 0 0 0 0 0 0 64 0 0 16400 0 0 0 0 16 0 0 1073742848 0 0 0 16 0 0 0 0 2097152 0 131072 0 64 0 0 0 32768 0 0 0 0 128 16384 16777216 0 268435456 0 0 4194304 65536 0 0 50331648 0 0 0 0 0 0 128 0 0 0 0 0 0 0 0 0 0 512 268435456 0 0 0 0 16384 0 0 0 0 0 64 0 32 268443648 0 1025 1048576 1104 64 2147483648 411314432 64 0 0 8208 0 2147483648 0 16777216 32776 4 65552 65536 33693696 0 268435456 268697600 0 0 0 0 0 0 32 0 1048576 262148 8196 0 0 0 524288 32832 0 131072 1073741824 524288 0 0 16777216 278528 196610 8 33554432 268444168 320 0 268452352 8421376 0 16777216 3 8 0 132 0 0 65824 2097152 0 0 0 0 0 0 0 0 0 0 0 0 0 0 0 0 0 0 0 0 0 0 0 0 0 0 0 0 0 0 2048 0 0 0 0 0 0 0 0 0 0 0 0 0 0 0 0 268435456 0 0 0 16778240 0 0 0 0 0 0 0 0 0 0 0 0 0 0 0 67108864 33554432 0 1 32768 0 0 1073741824 0 4 0 0 4096 2048 4096 4 0 67108864 0 0 0 1048576 1073741824 7340032 268697600 67108864 0 2415919104 0 1048576 33554432 1024 528400 0 536870912 1179648 8712 0 536870912 0 268435456 16 536870912 4224 278528 536875520 16 0 0 0 0 524288 0 0 0 0 0 32768 0 0 0 0 16777216 1048576 0 0 3221225472 33554432 0 0 4 0 64 0 0 0 1073741824 8192 0 131076 1024 0 0 0 0 524288 0 0 0 0 256 0 0 0 0 0 65536 0 134217728 0 0 0 256 4194304 0 0 0 0 0 0 0 0 0 0 0 0 8 0 0 0 4194304 536870916 0 0 0 1536 0 16777216 32 0 0 0 8
is_linear=0
shrinkage=0.1


end of trees

feature_importances:
OrgaoDestinatario=422
Municipio_sol=297
n_pedidos_previos_neste_orgao=105
orgao_rate=86
dias_desde_primeiro_pedido_do_orgao=85
prev_reenc_rate_neste_orgao=80
orgao_rate_movel_365d=80
prev_reenc_rate_solicitante=64
orgao_rate_movel_90d=64
n_orgaos_distintos_previos=49
n_pedidos_previos=47
dias_desde_ultimo_pedido=33
idade=30
reg_month=26
reg_dow=26
UF=25
OrigemSolicitacao=25
Municipio=23
Profissao=19
reg_day=16
UF_sol=15
prev_reenc_solicitante=15
TipoDemandante=11
prev_reenc_neste_orgao=11
TipoPessoaJuridica=8
Escolaridade=6
Genero=5
Pais=3
Esfera=2
FormaResposta=2

parameters:
[boosting: gbdt]
[objective: binary]
[metric: average_precision]
[tree_learner: serial]
[device_type: cpu]
[data_sample_strategy: bagging]
[data: ]
[valid: ]
[num_iterations: 600]
[learning_rate: 0.1]
[num_leaves: 31]
[num_threads: 6]
[seed: 42]
[deterministic: 0]
[force_col_wise: 0]
[force_row_wise: 0]
[histogram_pool_size: -1]
[max_depth: -1]
[min_data_in_leaf: 100]
[min_sum_hessian_in_leaf: 0.001]
[bagging_fraction: 0.8]
[pos_bagging_fraction: 1]
[neg_bagging_fraction: 1]
[bagging_freq: 1]
[bagging_seed: 400]
[bagging_by_query: 0]
[feature_fraction: 0.8]
[feature_fraction_bynode: 1]
[feature_fraction_seed: 30056]
[extra_trees: 0]
[extra_seed: 12879]
[early_stopping_round: 0]
[early_stopping_min_delta: 0]
[first_metric_only: 0]
[max_delta_step: 0]
[lambda_l1: 0]
[lambda_l2: 0]
[linear_lambda: 0]
[min_gain_to_split: 0]
[drop_rate: 0.1]
[max_drop: 50]
[skip_drop: 0.5]
[xgboost_dart_mode: 0]
[uniform_drop: 0]
[drop_seed: 17869]
[top_rate: 0.2]
[other_rate: 0.1]
[min_data_per_group: 100]
[max_cat_threshold: 32]
[cat_l2: 10]
[cat_smooth: 10]
[max_cat_to_onehot: 4]
[top_k: 20]
[monotone_constraints: ]
[monotone_constraints_method: basic]
[monotone_penalty: 0]
[feature_contri: ]
[forcedsplits_filename: ]
[refit_decay_rate: 0.9]
[cegb_tradeoff: 1]
[cegb_penalty_split: 0]
[cegb_penalty_feature_lazy: ]
[cegb_penalty_feature_coupled: ]
[path_smooth: 0]
[interaction_constraints: ]
[verbosity: -1]
[saved_feature_importance_type: 0]
[use_quantized_grad: 0]
[num_grad_quant_bins: 4]
[quant_train_renew_leaf: 0]
[stochastic_rounding: 1]
[linear_tree: 0]
[max_bin: 63]
[max_bin_by_feature: ]
[min_data_in_bin: 3]
[bin_construct_sample_cnt: 200000]
[data_random_seed: 175]
[is_enable_sparse: 1]
[enable_bundle: 1]
[use_missing: 1]
[zero_as_missing: 0]
[feature_pre_filter: 1]
[pre_partition: 0]
[two_round: 0]
[header: 0]
[label_column: ]
[weight_column: ]
[group_column: ]
[ignore_column: ]
[categorical_feature: 0,1,2,3,4,5,6,7,8,9,10,11,12,13]
[forcedbins_filename: ]
[precise_float_parser: 0]
[parser_config_file: ]
[objective_seed: 16083]
[num_class: 1]
[is_unbalance: 0]
[scale_pos_weight: 1]
[sigmoid: 1]
[boost_from_average: 1]
[reg_sqrt: 0]
[alpha: 0.9]
[fair_c: 1]
[poisson_max_delta_step: 0.7]
[tweedie_variance_power: 1.5]
[lambdarank_truncation_level: 30]
[lambdarank_norm: 1]
[label_gain: ]
[lambdarank_position_bias_regularization: 0]
[eval_at: ]
[multi_error_top_k: 1]
[auc_mu_weights: ]
[num_machines: 1]
[local_listen_port: 12400]
[time_out: 120]
[machine_list_filename: ]
[machines: ]
[gpu_platform_id: -1]
[gpu_device_id: -1]
[gpu_device_id_list: ]
[gpu_use_dp: 0]
[num_gpu: 1]

end of parameters

pandas_categorical:[]
