tree
version=v4
num_class=1
num_tree_per_iteration=1
label_index=0
max_feature_idx=30
objective=binary sigmoid:1
feature_names=Esfera UF Municipio OrgaoDestinatario FormaResposta OrigemSolicitacao TipoDemandante Genero Escolaridade Profissao TipoPessoaJuridica Pais UF_sol Municipio_sol reg_month reg_dow reg_day idade orgao_rate uf_match n_pedidos_previos prev_reenc_solicitante prev_reenc_rate_solicitante n_pedidos_previos_neste_orgao prev_reenc_neste_orgao n_orgaos_distintos_previos dias_desde_ultimo_pedido orgao_rate_movel_90d orgao_rate_movel_365d dias_desde_primeiro_pedido_do_orgao prazo_dias
feature_infos=-1:1:3:0:4 -1:26:25:11:23:3:17:22:18:14:4:19:20:6:12:21:7:15:0:13:10:1:16:5:2:24:9:8 -1:233:192:63:342:40:118:133:176:49:215:268:365:66:267:59:322:81:3:278:318:361:89:219:96:10:22:60:216:161:28:55:37:345:221:113:299:270:296:329:71:348:239:76:182:367:350:277:312:186:281:67:91:15:298:332:234:86:223:32:123:131:314:20:170:357:130:141:240:56:58:178:334:102:137:307:174:11:122:162:171:225:244:371:5:110:153:336:175:236:274:143:154:158:279:24:127:129:169:205:207:330:341:39:61:125:135:195:340:354:27:68:121:208:276:337:349:30:43:237:294:16:26:36:104:163:168:202:226:252:284:292:23:105:128:134:167:173:209:248:259:269:291:328:353:99:116:230:261:263:305:7:18:21:38:50:52:77:111:180:198:211:217:235:242:254:255:355:13:25:48:85:126:155:183:231:271:313:369:370:12:19:51:69:74:92:98:108:148:152:188:214:229:238:325:327:343:358:366:368:35:62:79:120:144:159:164:184:243:258:262:310:321:338:359:362:1:31:34:65:72:73:78:82:87:112:132:146:147:149:150:166:189:197:213 -1:341:34:403:334:388:27:420:55:421:79:385:163:443:246:389:281:375:333:94:87:282:392:72:405:581:402:384:242:31:213:395:29:432:32:106:58:19:33:285:382:377:60:741:352:404:394:28:380:96:65:23:567:25:379:270:336:390:378:296:118:210:142:726:717:24:387:444:441:383:693:414:718:157:99:692:90:733:671:709:703:689:725:339:407:677:401:683:716:54:700:727:745:238:711:406:221:215:708:26:104:696:738:719:701:309:690:731:754:710:699:393:750:706:357:728:320:298:301:740:310:311:399:59:735:396:736:739:30:734:707:715:737:723:107:580:687:753:295:308:314:556:450:214:713:688:714:743:748:303:721:704:302:237:507:694:172:751:729:724:71:319:381:62:359:400:742:253:574:749:297:732:318:514:161:349:702:698:335:720:747:252:304:730:289:312:233:744:418:431:293:695:75:697:274:97:557:746:299:705:194:219:288:313:108:317:398:76:657:306:292:56:305:328:109:691:143:391:315:290:17:98:100:173:6:679:500:575:164:576:583:177:192:11:80:81:53:291:294:325:204:179:573:558:307:212:300:248:323:207:324:645:513:559:408:316:426:504:517:176:21:515:57:284:712:208:321:38:322:273:684:61:185:276:612:586:667:516:579:200:101:201:175:660:184:209:203:386:656:195:595:650:193:186:206:188:52:410:198:216:191:522:551:332:520:587:602:224:235:197:428:685:760:205:244:182:202:613:338:577:495:543:275:655:666:187:102:178:283:661:74:160:189:196:362:77:132:537:632:222:250:232:646:247:330:506:78:199:409:521:533:181:190:534:547:629:249:217:429:609:628:183:596:598:251:434:594:365:508:560:663:211:485:722:758:220:413:419:493:113:752:162:481:584:417:503:519:561:578:82:112:528:569:593:40:139:439:529:337:367:497:7:92:619:180:423:427:607:562:70:171:345:356:422:440:480:572:659:117:425:518:592:614:630:42:67:370:438:604:640:66:234:473:170:272:415:541:566:588:647:15:88:668:35:41:91:600:651:670:36 -1:3:4:0:2:1 -1:3:1:5:8:4:7:0 -1:0:1 -1:1:0:2 -1:2:4:3:1:0:5 -1:7:13:2:0:3:10:1:8:9:12:14:5:11:4:6 -1:5:3:0:6:1:8:11:4:2:12:9:10 -1:11:23:65:31:3:1:57:66:75:63:30:50:21:36:52:76:19:46:9:62:71:0:5:15:22:70:12:39:69:72 -1:25:6:18:12:23:20:13:4:16:8:5:15:14:10:7:19:9:3:26:24:11:17:1:21:22:0:2 -1:400:2626:2240:2081:806:317:1423:2170:1396:1688:958:971:1026:2287:1532:321:797:1742:2604:504:1866:1724:147:1404:134:1512:514:2878:2398:2571:2714:2797:2776:2498:1814:2869:1077:2094:1768:2836:1461:1703:1484:351:2796:2501:2506:499:1490:2377:2884:1912:2328:2211:665:1642:2434:1986:2468:1901:1401:1384:2113:1508:1765:1799:2370:2201:2531:2504:1314:532:973:2267:848:1406:1575:1504:1548:2505:2880:1035:2032:1831:312:874:1945:106:293:2092:588:738:304:594:2584:1659:346:964:1458:2219:551:1973:2019:2120:1218:2886:1842:939:2481:2842:1233:2544:636:448:2858:132:2115:1319:617:2061:2871:2889:169:120:2566:1364:2572:2658:639:866:1154:1862:2780:2358:2586:832:1751:1938:779:1463:279:2851:1988:2112:1299:1377:1573:772:2723:2769:1076:1276:2277:612:975:1114:1341:2834:181:314:582:1245:1727:335:1460:1476:1656:1772:2447:2599:50:435:622:641:1469:1761:2703:2887:1235:1795:1893:2142:1093:2128:247:1173:1914:1965:2215:2811:2832:394:1051:1402:2226:2597:196:1353:1614:2323:2532:2912:270:627:835:1726:466:1041:1148:1584:1985:1254:2716:99:391:451:1837:1922:2136:2203:43:97:156:240:752:1217:1496:161:433:487:2900:341:957:1431:2793:471:486:1091:1159:2182:2406:174:252:318:916:1141:1587:2257:2735:2758:2774:932:1518:1550:2062:2173:2643:219:638:794:844:884:944:1301:1794:1944:2002:2237:2485:288:305:1066:1259:1286:2474:2477:2667:168:301:698:926:1890:1905:1929:2235:2742:164:170:177:576:894:1168:1916:1924:1984:2821:8:143:154:290:416:516:610:689:692:775:1261:1394:1466:1605:1637:2006:2269:2367:2491:2494:2556:262:524:628:671:885:982:1080:1110:1145:1228:1263:1302:1684:1991:2151:2165:2244:2256:2397:2403:2433:2785:212:477:519:558:667:905:1142:1158:1619:1641:1658:1940:2296:2381:2540:2823:2857:342:393:417:450:559:653:796:899:936:977:996:1566:1700:1927:1928:2027:2135:2522:2702:402:437:454:470:515:611:624:766:790:990:1065:1184:1208:1214:1539:1590:1629:1843:2282:2307:2317:2355:2455:2482:2486:2629:1:67:87:128:133:214:227:281:457:629:634:717:735:907:925:991:1084:1273:1323:1448:1477:1627:1697:1764:1840:1907:1915:2090:2195:2246:2363:2611:2664:2767:65:115:265:327:333:362:449:495:539:758:768:931:1089:1262:1311:1343:1369:1538:1879:1880:2039:2283:2385:2418:2598:2625:2681:2736:2756:2772:2807:2881:187:759:814:880:974:979:1053:1071:1129:1143:1202:1212:1265:1266:1295:1362:1541:1660:1686:1737:1891:1899:1909:1930:1967:1974:2105:2230:2336:2407:2565:2580:2623:2639:2707:93:114:151:308:467:644:673:718:788:807:871:908:922:924:962:987:1025:1058:1239:1334:1374:1397:1422:1435:1549:1571:1609:1692:1702:1712:1749:2055:2107:2160:2200:2209:2333:2361:2373:2441:2453:2467:2648:2859:48:66:155:195:210:232:278:357:363:367:410:518:560:579:620:695:774:869:952:998:1002:1016:1037:1116:1121:1144:1216:1303:1315:1336:1418:1442:1459:1471:1473:1494:1509:1521:1578:1610:1671:1816:1870:1934:1947:1992:2033:2046:2258:2330:2526:2562:2661:2710:2725:2729:2809:2863:2867:2874:56:58:84:103:111:136:167:189:231:253:302:343:360:411:423:531:552:626:674:713:767:805:809:812:914:942:1024:1043:1102:1111:1115:1221:1257:1260:1293:1307:1344:1427:1440:1489:1499:1557:1558:1599:1651:1652:1695:1790:1855:1948:2013:2036:2069:2085:2123:2239:2295:2300:2306:2316:2354:2379:2390:2431:2472:2603:2614:2628:2646:2673:2687:2739:2799:2829:2847:2870:60:62:127:137:146:149:185:186:194:199:267:285:320:359:378:381:415:500:521:570:585:586:595:651:662:683:732:741:755:782:816:827:830:836:854:855:887:895:923:1064:1072:1078:1122:1125:1131:1166:1242:1248:1251:1305:1312:1373:1379:1449:1465:1483:1530:1547:1565:1608:1616:1679:1728:1731:1784:1808:1823:1833:1852:1875:1884:1902:1957:1968:1976:2012:2021:2030:2042:2045:2048:2056:2083:2121:2122:2138:2139:2148:2199:2206:2224:2227:2252:2271:2301:2345:2383:2405:2439:2460:2511:2514:2516:2525:2536:2541:2581:2605:2613:2627:2655:2728:2733:2748:2753:2759:2770:2831:2840:2885:2890:2903:2906:2917:17:23:31:37:47:89:91:98:116:183:184:224:234:259:260:263:271:324:332:347:370:386:406:412:413:431:439:443:482:489:491:493:497:507:510:513:527:535:549:553:557:564:574:580:600:614:640:654:700:706:720:726:730:737:744:773:781:791:803:811:837:847:891:897:906:927:978:984:988:1001:1012:1021:1036:1038:1049:1062:1068:1079:1081:1086:1104:1119:1128:1136:1137:1146:1151:1178:1183:1188:1194:1209:1211:1226:1244:1258:1328:1333:1342:1345:1348:1355:1356:1361:1382:1399:1400:1443:1446:1456:1467:1481:1487:1520:1527:1535:1562:1592:1598:1612:1615:1638:1646:1665:1677:1719:1732:1735:1747:1759:1775:1785:1789:1854:1864:1882:1886:1894:1932:1935:1971:1981:1996:2003:2031:2065:2066:2070:2109:2133:2150:2161:2162:2176:2183:2189:2196:2212:2251:2294:2303:2312:2331:2362:2366:2374:2382:2384:2396:2399:2401:2402:2411:2417:2457:2487:2489:2497:2513:2528:2537:2539:2548:2606:2620:2622:2637:2685:2690:2705:2737:2761:2775:2791:2801:2810:2816:2826:2845:2872:2888:2916 [1:12] [0:6] [1:31] [10:103.90000152587891] [0.003430267097428441:0.51819050312042236] [0:1] [-1:1922] [-1:179] [-1:1] [-1:1129] [-1:77] [-1:305] [-1:1058] [0:1] [0:1] [0:4613] [20:952]
tree_sizes=3540 3685 3470 3494 3902 3797 3472 4092 4968 4087 4279 4141 4013 4472 4470 4623 4237 4569 4128 5426 4887 4841 4358 4070 5890 5128 5685 6012 5715 5460 5903 6256 6600 5426 3570 4855 5856 6062 5407 5500 6607 6090 7345 3476 6131 6555 4619 5421 6552 7021 5227 6220 4633 7016 6865 7450 7072 6768 6389 6841 6790 7737 6253 6048 5324 6551 7907 7132 7402 6875 7708 6862 7150 7122 6928 7015 6782 5202 6957 6921 6673 6891 5695 7059 6598 4760 5765 6961 7275 5245 4449 6838 4673 3471 5405 3459 7436 4847 6395 6575 6632 5105

Tree=0
num_leaves=31
num_cat=2
split_feature=18 27 18 22 27 22 24 24 27 27 24 22 26 18 18 18 28 24 24 14 20 22 26 22 26 5 20 22 24 3
split_gain=20047.3 7600.83 4082.34 991.405 856.446 730.317 761.257 695.598 664.61 647.368 572.096 432.718 399.457 299.658 261.201 232.141 229.791 200.348 184.831 177.37 176.763 170.157 160.44 157.91 159.648 150.247 146.29 145.201 144.449 144.299
threshold=0.12337249144911767 0.37517122924327856 0.063139911741018309 0.49390244483947759 0.21399977803230288 0.41240409016609197 1.5000000000000002 1.0000000180025095e-35 0.13056714832782748 0.51031038165092479 1.0000000180025095e-35 0.50714287161827099 4.5000000000000009 0.31676022708415991 0.026007309556007389 0.20801467448472979 0.18126655369997027 1.0000000180025095e-35 1.0000000180025095e-35 3.5000000000000004 1.5000000000000002 0.24176811426877978 1.0000000180025095e-35 0.19980237632989886 5.5000000000000009 0 1.0000000180025095e-35 0.11115431040525438 1.0000000180025095e-35 1
decision_type=2 2 2 2 2 2 2 2 2 2 2 2 2 2 2 2 2 2 2 2 2 2 2 2 2 9 2 2 2 9
left_child=2 4 5 8 11 14 17 -5 18 15 26 16 -9 -11 -1 -3 -2 -7 20 -15 -4 -20 -23 -12 -25 -16 -6 -27 -29 -10
right_child=1 9 3 7 10 6 -8 12 29 13 23 -13 -14 19 25 -17 -18 -19 21 -21 -22 22 -24 24 -26 27 -28 28 -30 -31
leaf_value=-2.5318460546890216 -2.3666573048370898 -2.1917593876555053 -2.432850692779684 -2.3494207131797555 -2.20730871911669 -2.4404371834687155 -1.642377184530031 -1.7209301709835829 -2.3402013417993355 -1.9493938502652748 -2.1032603208052052 -1.9565874582569989 -2.2282596774673764 -1.5972655679498264 -2.2030901184011662 -1.9480350799244703 -2.2963671008695963 -2.1127977140469931 -2.3983994762501224 -1.7863736573333524 -2.4716911291263304 -2.0317620632062106 -2.3731231868233778 -1.7266828638895548 -2.1079590307994325 -2.5065369348720266 -2.2932180373481583 -2.4727014573664339 -2.3058688949630981 -2.4279578665371315
leaf_weight=6023.4025584161282 856.2991331666708 46.952862203121185 4510.2063059359789 91.912442520260811 637.99785402417183 87.852053493261337 16.463031873106956 39.201210424304008 936.69483590126038 72.570225700736046 54.4830382168293 31.818684920668602 25.691188752651215 80.617178499698639 7.6778265237808228 233.06633014976978 1018.0502669513226 23.697906866669655 226.79118347167969 128.8988952934742 1582.9611184895039 27.536820128560066 27.536820128560066 32.409286960959435 16.610682383179665 5442.7669275552034 287.54936836659908 224.79790158569813 67.476283103227615 250.19378931820393
leaf_count=81590 11599 636 61093 1245 8642 1190 223 531 12688 983 738 431 348 1092 104 3157 13790 321 3072 1746 21442 373 373 439 225 73725 3895 3045 914 3389
internal_value=-2.43863 -2.21807 -2.47796 -2.42133 -2.28258 -2.51471 -2.27715 -2.17245 -2.42649 -1.88119 -2.20906 -2.32227 -1.92178 -1.77427 -2.5173 -1.9889 -2.32848 -2.37083 -2.43928 -1.71361 -2.44294 -2.36011 -2.20244 -1.9861 -1.85588 -2.50204 -2.234 -2.50274 -2.43419 -2.35778
internal_weight=23110.2 3497.32 19612.9 7718.73 2935.22 11894.1 128.013 156.805 7561.92 562.105 1029.05 1906.17 64.8924 282.086 11766.1 280.019 1874.35 111.55 6375.03 209.516 6093.17 281.865 55.0736 103.503 49.02 5742.72 925.547 5735.04 292.274 1186.89
internal_count=313039 47373 265666 104554 39759 161112 1734 2124 102430 7614 13939 25820 879 3821 159378 3793 25389 1511 86353 2838 82535 3818 746 1402 664 77788 12537 77684 3959 16077
cat_boundaries=0 1 23
cat_threshold=385 131072 41943040 8388610 2048 0 0 268435456 0 0 0 2097152 1082130432 11534416 4096 0 0 0 16384 0 0 67239936 2048
is_linear=0
shrinkage=1


Tree=1
num_leaves=31
num_cat=2
split_feature=30 27 30 28 30 30 30 30 15 15 30 28 27 3 30 28 27 30 30 15 3 15 30 15 30 15 30 24 15 27
split_gain=26310.5 9030.12 3255.87 1938.2 1887.35 1348.86 1336.59 2294.72 1218.94 1106.52 938.329 629.984 600.537 538.688 537.797 378.274 385.442 376.001 363.106 427.496 349.286 337.164 332.402 321.928 313.652 567.085 289.834 228.582 220.323 207.622
threshold=35.500000000000007 0.12364277988672258 24.500000000000004 0.051977625116705901 29.500000000000004 38.500000000000007 24.500000000000004 29.500000000000004 1.5000000000000002 2.5000000000000004 20.500000000000004 0.042329246178269393 0.2995073944330216 0 20.500000000000004 0.027847317978739742 0.51031038165092479 24.500000000000004 32.500000000000007 3.5000000000000004 1 2.5000000000000004 26.500000000000004 1.5000000000000002 29.500000000000004 1.5000000000000002 26.500000000000004 1.0000000180025095e-35 2.5000000000000004 0.23085071891546252
decision_type=2 2 2 2 2 2 2 2 2 2 2 2 2 9 2 2 2 2 2 2 9 2 2 2 2 2 2 2 2 2
left_child=1 3 10 17 9 11 14 8 -8 22 20 -2 -6 -12 -5 -7 -17 -1 19 -14 -3 26 -4 -13 25 -19 -10 -16 -20 -25
right_child=5 2 4 6 12 15 7 -9 21 -11 13 23 18 -15 27 16 -18 24 28 -21 -22 -23 -24 29 -26 -27 -28 -29 -30 -31
leaf_value=-0.086908297129643541 0.093877086706204788 0.033681904963117064 0.47807431777915393 -0.06895676923462897 0.083612485579148063 0.49473370033869257 0.77772741504538245 -0.0086907223907736215 0.32657298571558352 0.30918865270381674 0.13010911210595297 0.79855987954385987 0.090322559406808015 0.024081089784375703 -0.012139454828472729 0.86367972719567343 0.64917905590930991 0.36067769999151289 0.59033404915972854 0.62516898508644747 -0.063498116373754895 0.16688094168465992 0.79795765620528913 0.31346651364708805 -0.06692989504899706 -0.0072450523006337966 0.92134880648101858 0.11052333577607382 0.28170131882726435 0.64552830506842651
leaf_weight=8698.6138086095452 44.045293569564819 1009.7386233881116 58.519446387887001 2386.7812354341149 467.09712669998407 48.731825344264507 41.148285366594791 1056.7153281792998 63.135274656116962 308.13365974277258 1606.2016304507852 33.680128045380116 99.74824533611536 706.14612530171871 2937.5429908484221 247.06267408281565 126.75045630335808 44.96944447606802 46.073983505368233 17.577725388109684 570.34688736498356 349.88053241372108 73.017788253724575 52.983229592442513 1291.4299196302891 612.22894494235516 9.4147275909781438 160.20580340921879 46.447584003210068 29.21006341278553
leaf_count=125399 633 11993 657 32248 5666 685 540 14297 844 3545 18791 357 953 8502 39884 2969 977 633 417 164 6775 4691 761 694 18624 8798 126 1885 436 275
internal_value=-0.000452899 -0.0175101 0.100992 -0.0511369 0.251519 0.663167 -0.0102842 0.0726829 0.258172 0.412839 0.0578106 0.415804 0.146743 0.098397 -0.0332824 0.756786 0.790948 -0.0780139 0.287265 0.170453 -0.00158485 0.207563 0.655645 0.538173 -0.0383097 0.0179304 0.403756 -0.00579572 0.435395 0.431475
internal_weight=23243.6 22661.1 5009.05 17652.1 1116.62 582.464 7004.82 1520.29 463.579 439.671 3892.43 159.919 676.945 2312.35 5484.53 422.545 373.813 10647.2 209.848 117.326 1580.09 422.431 131.537 115.873 1948.63 657.198 72.55 3097.75 92.5216 82.1933
internal_count=313219 306629 58660 247969 12599 6590 94515 20498 6201 4963 46061 1959 7636 27293 74017 4631 3946 153454 1970 1117 18768 5661 1418 1326 28055 9431 970 41769 853 969
cat_boundaries=0 21 42
cat_threshold=0 0 8421376 1024 0 0 262144 262144 0 0 2113536 3791659008 18027041 4 0 0 0 41943040 3072 2097184 2149580800 32768 8388608 32770 1024 0 0 134217728 262144 65536 0 2113536 1107296256 8519716 263208 0 16777216 1056 0 3072 2097186 2147483648
is_linear=0
shrinkage=0.1


Tree=2
num_leaves=31
num_cat=0
split_feature=30 18 30 30 30 18 18 30 28 28 30 30 15 15 15 14 22 22 22 18 30 15 14 30 24 24 30 30 30 30
split_gain=12208.8 7541.75 3091.18 1324.42 1075.69 804.472 663.137 615.189 574.535 538.604 468.096 280.905 472.877 755.617 296.006 279.764 261.664 248.993 242.969 198.344 185.953 185.482 254.557 185.293 177.998 170.285 165.838 657.205 263.707 162.38
threshold=35.500000000000007 0.086249098181724562 24.500000000000004 29.500000000000004 20.500000000000004 0.04287791624665261 0.025347154587507251 25.500000000000004 0.18126655369997027 0.27646522223949438 20.500000000000004 32.500000000000007 3.5000000000000004 5.5000000000000009 2.5000000000000004 6.5000000000000009 0.41240409016609197 0.37544326484203344 0.28610038757324224 0.15800746530294421 27.500000000000004 3.5000000000000004 3.5000000000000004 24.500000000000004 1.0000000180025095e-35 1.0000000180025095e-35 24.500000000000004 29.500000000000004 25.500000000000004 38.500000000000007
decision_type=2 2 2 2 2 2 2 2 2 2 2 2 2 2 2 2 2 2 2 2 2 2 2 2 2 2 2 2 2 2
left_child=1 5 4 7 19 16 -2 -4 17 11 -7 12 -5 -14 -13 20 23 -6 26 -3 21 22 -9 -1 -18 -20 -12 28 -28 -8
right_child=6 2 3 9 8 10 29 15 -10 -11 18 14 13 -15 -16 -17 24 -19 25 -21 -22 -23 -24 -25 -26 -27 27 -29 -30 -31
leaf_value=-0.090323103224711265 0.063394228722110618 -0.047074345429200658 0.17720639205366334 -0.020494582568446509 0.022154768879763184 -0.07700027260026826 0.29583201511367824 0.49243253091680916 0.10510333096781088 0.21236511011268427 -0.032915956695063149 0.27431364824197918 0.81944884196481294 0.025972742544539823 0.059655043067628567 0.44495414696769964 -0.026883586065966376 0.21230038633971102 0.032056009625493265 0.0077831349331358201 0.44222971554953389 0.058270035990038042 0.20326737483089385 -0.053073725367293691 0.25264924175731313 0.25071948052741483 0.05503607835842618 -0.033810426562518127 0.23383854157922723 0.40145386703069152
leaf_weight=7121.5613258928061 72.496219851076603 1664.7892674058676 467.65123820304871 496.64153103530407 2555.4867844805121 1454.1160302609205 186.15138231217861 42.800372257828712 1484.9804427549243 278.65353509783745 1874.0465846210718 96.892141506075859 18.030848637223244 35.890234790742397 190.62487836182117 166.16717856377363 57.876272410154343 70.774754174053669 93.521390989422798 1091.0409084632993 53.646961033344269 46.729615345597267 105.4458959326148 1643.6413517519832 37.565293051302433 57.517852887511253 189.18608066439629 798.45131950080395 146.24923258274794 667.42352382838726
leaf_count=111262 803 22928 4730 6162 33063 21257 1575 344 15216 2223 26412 1167 203 433 2320 1282 837 708 1246 12488 378 481 873 24568 352 520 2334 11148 1496 4181
internal_value=-0.00203274 -0.0167815 0.0548441 0.164278 0.0229852 -0.063914 0.353758 0.255841 0.0553891 0.0919252 -0.0300492 0.0518801 0.0100426 0.291306 0.131994 0.344497 -0.0815449 0.027279 -0.00843707 -0.0253561 0.277357 0.231992 0.286753 -0.0833381 0.083139 0.115326 -0.0146517 0.0155349 0.132994 0.378419
internal_weight=23266.1 22340 8866.25 1999.17 6867.07 13473.7 926.071 882.441 4111.24 1116.73 4613.09 838.08 550.563 53.9211 287.517 414.79 8860.64 2626.26 3158.97 2755.83 248.623 194.976 148.246 8765.2 95.4416 151.039 3007.93 1133.89 335.435 853.575
internal_count=312990 306431 104999 20596 84403 201432 6559 8088 48987 12508 64413 10285 6798 636 3487 3358 137019 33771 43156 35416 2076 1698 1217 135830 1189 1766 41390 14978 3830 5756
is_linear=0
shrinkage=0.1


Tree=3
num_leaves=31
num_cat=0
split_feature=30 28 30 28 27 30 30 30 27 30 22 22 30 30 24 30 22 23 30 30 30 30 30 30 24 22 23 24 14 27
split_gain=8156.96 5801.76 1509.41 971.568 716.486 563.594 493.659 425.885 390.52 354.996 330.215 269.596 245.381 211.296 192.422 188.546 183.248 207.866 169.986 610.693 170.139 145.819 139.064 198.008 137.882 135.87 166.547 163.671 133.581 131.036
threshold=34.500000000000007 0.096617169678211226 20.500000000000004 0.04840382561087609 0.17787720263004306 20.500000000000004 38.500000000000007 24.500000000000004 0.097810491919517531 29.500000000000004 0.31129325926303869 0.25036443769931799 24.500000000000004 29.500000000000004 1.0000000180025095e-35 26.500000000000004 0.33428031206130987 1.0000000180025095e-35 24.500000000000004 29.500000000000004 25.500000000000004 30.500000000000004 24.500000000000004 29.500000000000004 1.0000000180025095e-35 0.37544326484203344 1.0000000180025095e-35 1.0000000180025095e-35 2.5000000000000004 0.13056714832782748
decision_type=2 2 2 2 2 2 2 2 2 2 2 2 2 2 2 2 2 2 2 2 2 2 2 2 2 2 2 2 2 2
left_child=1 3 29 10 16 -5 8 25 -2 -9 12 18 -1 15 -12 -14 17 22 -7 20 -20 -11 -4 -24 -13 26 -6 -28 -17 -3
right_child=6 2 4 5 7 11 -8 9 -10 21 14 24 13 -15 -16 28 -18 -19 19 -21 -22 -23 23 -25 -26 -27 27 -29 -30 -31
leaf_value=-0.085206438695882902 0.072682653815444573 -0.048065822990762792 0.04009944620592025 -0.069877309724634129 0.099186432588471499 -0.021702416628285148 0.28144099840112169 0.23736247970682589 0.25059942179952049 0.016294448005168681 -0.017133104345605731 0.038239029290498189 -0.021372101564106988 -0.07022747418376464 0.2023897097536477 -0.0026332065943240526 0.17265680807033934 -0.013669288410649242 0.062024689244135983 -0.028397020711449866 0.18666828726565363 0.14538522593714528 0.14681938968115629 0.034083550373929065 0.20357699369737278 0.22956371878782891 -0.044172522297614945 0.11284559818735365 0.22399103893077832 0.0025428602346666399
leaf_weight=7164.0712728127837 262.83638479560614 805.20593075454235 1560.996242120862 1578.6891524717212 1265.2339244410396 2165.8338546790183 862.89963285624981 457.87182208150625 232.50088311731815 115.61494361609221 110.23916845396161 110.56241756305099 517.01289980858564 1033.1851857379079 62.606215603649616 46.12219975143671 112.62655594944954 530.58221707120538 239.94313395768404 776.45256821066141 201.46224376559258 359.8753739669919 344.24353351444006 284.60081597417593 92.751939296722412 66.565108396112919 177.89169900864363 105.90817242115736 59.644705347716808 1403.1458535976708
leaf_count=120130 3223 11764 19205 24096 12394 30256 4584 3017 1635 1064 1654 1388 7732 16519 561 643 974 6281 2648 10859 1653 2974 2948 3469 739 548 1820 900 680 16554
internal_value=-0.00198672 -0.0168344 0.0537062 -0.054651 0.0822712 -0.020088 0.235764 0.120737 0.156193 0.174515 -0.0745047 0.00182498 -0.0771872 -0.0424944 0.0623801 0.00351453 0.0476624 0.0424876 -0.00489517 0.0249948 0.118913 0.113997 0.056094 0.0957977 0.113666 0.0896685 0.0836569 0.0144234 0.125166 -0.01591
internal_weight=23107.2 21748.9 7590.36 14158.6 5382.01 5165.7 1358.24 2548.96 495.337 933.362 8992.88 3587.01 8820.04 1655.96 172.845 622.78 2833.05 2720.42 3383.69 1217.86 441.405 475.49 2189.84 628.844 203.314 1615.6 1549.03 283.8 105.767 2208.35
internal_count=312912 303470 83912 219558 55594 71639 9442 22717 4858 7055 147919 47543 145704 25574 2215 9055 32877 31903 45416 15160 4301 4038 25622 6417 2127 15662 15114 2720 1323 28318
is_linear=0
shrinkage=0.1


Tree=4
num_leaves=31
num_cat=5
split_feature=18 27 22 18 22 23 24 27 18 24 18 26 23 24 26 5 29 24 23 3 24 23 3 24 29 3 28 23 26 3
split_gain=6923.09 1828.48 595.982 429.453 411.208 490.368 322.121 321.669 249.089 220.699 187.133 175.347 151.083 151.128 137.171 122.86 114.164 111.422 223.405 92.6663 84.992 86.7879 81.7338 75.3738 72.4671 76.5378 72.2552 64.0421 63.6141 62.9356
threshold=0.078650549054145827 0.21399977803230288 0.24176811426877978 0.03054610546678305 0.19980237632989886 1.0000000180025095e-35 1.0000000180025095e-35 0.14051356911659243 0.20801467448472979 1.0000000180025095e-35 0.15868666768074038 1.5000000000000002 2.5000000000000004 1.0000000180025095e-35 1.0000000180025095e-35 0 4254.5000000000009 1.0000000180025095e-35 5.5000000000000009 1 1.5000000000000002 1.5000000000000002 2 10.500000000000002 3986.5000000000005 3 0.34373751282691961 2.5000000000000004 5.5000000000000009 4
decision_type=2 2 2 2 2 2 2 2 2 2 2 2 2 2 2 9 2 2 2 9 2 2 9 2 2 9 2 2 2 9
left_child=2 4 3 -1 5 7 22 10 20 -4 24 23 13 15 -11 -5 -10 27 28 -17 21 -3 -6 -8 -2 -26 -12 -7 -19 -9
right_child=1 8 9 12 6 17 11 29 16 14 26 -13 -14 -15 -16 19 -18 18 -20 -21 -22 -23 -24 -25 25 -27 -28 -29 -30 -31
leaf_value=-0.082498614482013025 0.024376637337420442 0.083044125295172661 -0.0028915872197204928 0.22837743904807994 -0.023306981043072793 -0.025345817919681404 0.23098759481728101 -0.026081717864203765 0.15185671143138993 0.22128285339261838 0.081909460946963941 0.084111943571859679 -0.078634977336765347 0.28405674726359675 0.04025877532751905 -0.0081026294335665872 0.091118846316467411 0.23921011186152344 -0.027767378843989228 -0.044434054520588719 0.20734967948479011 -0.02498662371485217 0.076163634819812767 0.46731124113747802 -0.018634920868217515 0.021411486387684101 0.34375783155111184 -0.072917737544710759 0.023567737273019172 0.067952381649778917
leaf_weight=5641.2162132821977 2181.5173166655004 1058.1269131265581 239.80993175506592 7.9548953920602798 122.05912660434842 685.39353654906154 150.96318101882935 73.887345962226391 1514.904088832438 100.0471983961761 313.73318758606911 99.35744447261095 943.34058883413672 14.856101166456936 71.971597291529179 919.10590947419405 388.91161302477121 50.659694008529186 196.24263723194599 3231.7932627908885 51.045416481792927 79.985619321465492 239.20231240987778 14.821027003228663 1148.1598027087748 801.92880291119218 10.904548980295656 481.98980932682753 18.740629851818085 2051.2603051103652
leaf_count=100091 28450 9577 3495 98 1451 8740 1181 871 9810 764 3520 909 15077 187 667 13026 3104 537 2317 51795 378 781 2680 102 15376 10464 94 6409 208 20950
internal_value=-0.00260152 0.0510405 -0.0589505 -0.0634699 0.0274228 0.021324 0.105453 0.0328663 0.117021 0.059109 0.0175993 0.189159 -0.0424919 -0.0343229 0.145544 -0.0354602 0.139449 -0.0316858 0.0267684 -0.0364282 0.0811136 0.0754518 0.0440187 0.252115 0.0118551 -0.00215252 0.0907049 -0.0449873 0.180979 0.06488
internal_weight=22903.9 11733.8 11170.1 10758.3 8640.82 8014.42 626.403 6581.39 3092.97 411.829 4456.24 265.142 5117.05 4173.71 172.019 4158.85 1903.82 1433.03 265.643 4150.9 1189.16 1138.11 361.261 165.784 4131.61 1950.09 324.638 1167.38 69.4003 2125.15
internal_count=313109 127909 185200 180274 104259 97936 6323 79725 23650 4926 57904 2192 80183 65106 1431 64919 12914 18211 3062 64821 10736 10358 4131 1283 54290 25840 3614 15149 745 21821
cat_boundaries=0 1 25 46 65 89
cat_threshold=384 285212672 67109440 4160 2097168 0 1124073472 1073741824 2048 134217728 0 0 262160 524288 10240 33554432 0 0 65536 2147483648 0 0 0 0 65536 655360 8388608 32768 0 0 0 0 0 0 0 536870912 2181038080 536989955 8 0 0 1056 3229614080 0 0 1024 0 41943040 32768 0 0 0 33554432 16778240 0 0 538972160 268468224 512 32 0 0 0 0 12 524288 0 0 0 0 8192 0 25165824 0 0 262144 939524096 49540 0 0 1048576 2181038082 32896 524296 16 134317056 2048 0 16777216
is_linear=0
shrinkage=0.1


Tree=5
num_leaves=31
num_cat=3
split_feature=18 18 18 24 23 18 22 23 22 18 22 23 24 24 23 24 23 24 23 5 18 13 6 28 20 29 29 24 18 24
split_gain=5622.89 1296.35 515.632 301.414 529.809 276.335 248.84 204.208 181.206 166.317 164.104 158.023 136.444 109.546 98.2358 91.8436 103.933 88.7689 83.1556 82.7886 80.7137 70.165 71.7176 88.8677 64.5157 62.5375 57.9671 55.3264 53.576 50.2703
threshold=0.078650549054145827 0.17877264320850375 0.03054610546678305 1.0000000180025095e-35 1.0000000180025095e-35 0.12337249144911767 0.24176811426877978 12.500000000000002 0.33428031206130987 0.24982372671365741 0.14317745715379718 2.5000000000000004 3.5000000000000004 1.0000000180025095e-35 3.5000000000000004 1.5000000000000002 1.5000000000000002 1.0000000180025095e-35 2.5000000000000004 0 0.063139911741018309 1 2 0.11115938052535058 2.5000000000000004 4463.5000000000009 4130.5000000000009 1.0000000180025095e-35 0.01679024659097195 3.5000000000000004
decision_type=2 2 2 2 2 2 2 2 2 2 2 2 2 2 2 2 2 2 2 9 2 9 9 2 2 2 2 2 2 2
left_child=2 3 10 4 5 21 11 12 29 15 24 17 14 -8 -5 16 25 19 -6 20 -4 -2 -23 -24 28 -3 -7 -12 -1 -9
right_child=1 9 6 7 18 26 13 8 -10 -11 27 -13 -14 -15 -16 -17 -18 -19 -20 -21 -22 22 23 -25 -26 -27 -28 -29 -30 -31
leaf_value=-0.089244599646440451 0.0893819901442095 0.090903538245792587 -0.042068826581371073 0.15265412591993477 -0.018171211524199409 0.071643509591880858 0.0013104235588101284 -0.058698547626146361 0.32056533537376264 0.12610169162447923 -0.026545219628718732 -0.07702309101741224 0.34365843928581585 0.12406095311815656 0.041512164152504701 0.20180510603434298 -0.010805691776160387 0.18923576661735139 -0.07062192998157106 0.17021820872078489 -0.011808637925508066 0.0085185894332688895 0.013136033233346653 0.064452528276488077 -0.093424355636370124 0.027166137151878392 0.038489764247053422 0.086472770101777452 -0.060966344100561079 0.048038886948747722
leaf_weight=1034.9516154192388 124.99278657883406 1110.5466193407774 2711.7398471683264 260.09772624075413 756.86219748854637 1478.0004371106625 163.04210654646158 113.1226821988821 17.386249616742134 1446.0753333717585 118.90176270529628 880.08728992938995 29.044661335647106 131.21110071241856 114.5519675463438 57.963665664196014 132.91562424600124 18.34018536657095 503.24457980692387 10.796956799924372 1305.9756600409746 3560.7106681056321 777.25040155276656 596.41828493773937 2257.4345270879567 178.71249127388 819.93485462665558 68.136427748948336 1899.9091070443392 72.3416443541646
leaf_count=19887 1497 9135 45928 1939 9696 13556 2294 1360 98 8519 2009 15079 207 953 1159 389 1233 190 7046 112 18790 44484 10271 6856 43205 1655 8415 711 35982 699
internal_value=-0.00244691 0.0439891 -0.0556712 0.0255914 0.0207955 0.0310572 -0.0332847 0.093728 0.0118733 0.101982 -0.0773996 -0.0386199 0.134859 0.0560464 0.118672 0.0784174 0.0733885 -0.0302682 -0.0391183 -0.0312675 -0.0321526 0.0179961 0.0159743 0.0354166 -0.0807145 0.0820685 0.0598138 0.0146263 -0.0709384 -0.0170649
internal_weight=22750.7 12150.2 10600.5 9223.96 8617.41 7357.31 5221.19 606.545 202.851 2926.21 5379.33 4926.94 403.694 294.253 374.65 1480.14 1422.17 4046.85 1260.11 4028.51 4017.72 5059.37 4934.38 1373.67 5192.3 1289.26 2297.94 187.038 2934.86 185.464
internal_count=313354 128214 185140 107283 101821 85079 83346 5462 2157 20931 101794 80099 3305 3247 3098 12412 12023 65020 16742 64830 64718 63108 61611 17127 99074 10790 21971 2720 55869 2059
cat_boundaries=0 1 92 93
cat_threshold=58 0 0 0 0 0 2097152 0 0 0 32 32768 0 0 0 0 128 0 0 0 0 33554432 0 0 0 16 0 4096 0 0 1073741824 0 0 0 2097152 0 0 0 0 0 0 0 128 0 0 32768 0 16777216 268435472 0 0 16384 0 0 0 16384 288 0 0 0 0 0 0 0 0 0 0 0 67108864 134217792 2048 0 0 0 0 4 64 0 134217728 544 0 4096 0 0 0 67108864 0 0 0 0 2097152 65 1
is_linear=0
shrinkage=0.1


Tree=6
num_leaves=31
num_cat=0
split_feature=30 27 30 30 30 30 30 15 30 15 28 15 30 29 30 15 27 28 27 15 15 30 22 22 30 29 27 29 30 14
split_gain=5374.91 3394.8 1300.07 514.779 483.474 733.076 435.004 337.465 263.901 253.968 234.775 214.129 201.336 182.403 178.445 258.86 160.646 154.691 129.056 118.819 397.326 250.77 116.878 105.423 103.752 98.0985 161.514 79.9541 76.9797 96.6413
threshold=34.500000000000007 0.069784007966518416 20.500000000000004 24.500000000000004 24.500000000000004 29.500000000000004 29.500000000000004 2.5000000000000004 36.500000000000007 2.5000000000000004 0.11115938052535058 2.5000000000000004 20.500000000000004 4506.5000000000009 30.500000000000004 4.5000000000000009 0.12364277988672258 0.040008794516325004 0.23085071891546252 1.0000000180025095e-35 2.5000000000000004 21.500000000000004 0.16461381316185 0.1250899285078049 26.500000000000004 1412.5000000000002 1.0000000180025095e-35 4441.5000000000009 26.500000000000004 3.5000000000000004
decision_type=2 2 2 2 2 2 2 2 2 2 2 2 2 2 2 2 2 2 2 2 2 2 2 2 2 2 2 2 2 2
left_child=1 3 16 12 10 9 7 13 11 28 -4 27 -1 24 15 -7 -3 22 -16 21 -21 -12 -14 -9 -5 -10 -27 -2 29 -6
right_child=8 2 4 6 5 14 -8 23 25 -11 19 -13 17 -15 18 -17 -18 -19 -20 20 -22 -23 -24 -25 -26 26 -28 -29 -30 -31
leaf_value=-0.088397652108652386 0.16049004032556446 -0.057263035931096141 -0.0041208704246799939 0.058663997468849371 0.32461806097002044 -0.047354496136728215 -0.050499682237113985 -0.0088291140759902218 0.26453973916894064 0.099126372265622001 -0.00090127017567645734 0.030816793781591963 -0.073273152390191415 0.52956622930249397 0.025402091031503163 0.39327935930510899 -0.011649296527682077 -0.029576885084892476 0.10085580529262456 0.12007130264104136 0.02750840858364938 0.14351337274475484 0.026098419305004384 0.1508943369557886 0.19820047548591738 -0.0083110373328911628 0.19685251859906253 0.39180991675337412 0.22703297317690696 0.11865387159233987
leaf_weight=3372.7742567323148 179.01200397312641 1414.5831549093127 1738.5220493972301 110.96084247156978 26.113724157214165 362.97559431195259 1293.1310218349099 551.09928264096379 204.58213397860527 871.87661617994308 1058.9327621273696 190.63839295506477 2851.755188357085 11.799501691013573 724.70505797863007 13.840807527303694 1700.0142087861896 1478.8781012184918 329.85911755263805 655.03340672329068 1587.9329338595271 135.6434353813529 123.48604839295149 44.67333584651351 102.51976144686341 40.061186172068119 909.75921516120434 16.303024224936962 258.49971090629697 178.52217382192612
leaf_count=65813 1455 22199 23643 1559 148 4156 22797 8385 950 6663 10014 2146 58745 128 8616 88 18703 22516 1999 5989 14807 1255 1745 475 858 324 4504 114 1234 1123
internal_value=-0.0025079 -0.0157344 0.022391 -0.0581396 0.0438637 0.077612 -0.0143554 0.0425706 0.177795 0.130915 0.0258266 0.10621 -0.0699665 0.146828 0.0278975 -0.0311696 -0.0323661 -0.0560099 0.0490034 0.0409724 0.0545404 0.0154969 -0.0691488 0.00314757 0.125674 0.201728 0.188199 0.179798 0.190759 0.144937
internal_weight=22538.5 20998.1 11057.1 9941.08 7942.46 2766.39 2114.18 821.053 1540.36 1335.01 5176.06 385.953 7826.89 225.28 1431.38 376.816 3114.6 4454.12 1054.56 3437.54 2242.97 1194.58 2975.24 595.773 213.481 1154.4 949.82 195.315 463.136 204.636
internal_count=313151 303658 120637 183021 79735 24027 34202 11405 9493 9168 55708 3715 148819 2545 14859 4244 40902 83006 10615 32065 20796 11269 60490 8860 2417 5778 4828 1569 2505 1271
is_linear=0
shrinkage=0.1


Tree=7
num_leaves=31
num_cat=6
split_feature=30 18 30 30 30 3 3 3 30 15 15 15 30 3 30 3 22 27 23 3 30 30 30 15 22 15 30 15 22 18
split_gain=4093.26 3256.21 1304.62 525.861 611.265 429.743 416.98 380.381 347.447 535.911 413.393 396.378 280.445 305.558 255.496 164.782 150.009 136.057 134.528 118.84 113.595 111.944 108.934 132.351 108.822 99.1087 89.3739 100.901 86.4603 84.388
threshold=35.500000000000007 0.06038963049650193 20.500000000000004 24.500000000000004 29.500000000000004 0 1 2 32.500000000000007 3.5000000000000004 3.5000000000000004 5.5000000000000009 24.500000000000004 3 25.500000000000004 4 0.21441558748483661 0.11540874466300012 1.0000000180025095e-35 5 20.500000000000004 38.500000000000007 27.500000000000004 3.5000000000000004 0.10720711946487428 1.5000000000000002 29.500000000000004 2.5000000000000004 0.50714287161827099 0.066163793206214919
decision_type=2 2 2 2 2 9 9 9 2 2 2 2 2 9 2 9 2 2 2 9 2 2 2 2 2 2 2 2 2 2
left_child=1 12 7 5 14 16 -2 -3 9 19 15 -11 20 26 -5 -10 17 -4 -19 -6 -1 25 23 -16 -22 -8 27 -14 -7 -27
right_child=6 2 3 4 8 28 21 -9 10 11 -12 -13 13 -15 22 -17 -18 18 -20 -21 24 -23 -24 -25 -26 29 -28 -29 -30 -31
leaf_value=-0.09179164664936218 -0.0041084111766448777 0.035000326697719866 0.0038903214132928535 0.072911167915814118 -0.058838476176137515 -0.010675833845756122 0.22534651639164124 -0.049711779772510983 0.016125904192450968 0.3488810541169074 -0.0019976038355096399 0.014601116151411115 0.18443646314324469 -0.054244248964656253 0.15444140678097984 0.17753865145241388 0.13461428505586465 0.061975831024203044 -0.016952872576611402 0.0085211547880112253 -0.068429712739200371 0.20562829450583064 0.21924452957326057 0.035820048350268426 0.0054635476292110479 0.0056919658588269464 -0.0032245694670058897 0.040800707157714167 0.093638983646158885 0.14264176662251121
leaf_weight=2538.0953113809228 135.46288572996855 639.65570855140686 786.50682110711932 840.25588391721249 590.96191934868693 3072.7691730670631 82.671104088425636 2971.0415382385254 92.828248851001263 69.110150285065174 333.12897071242332 72.879037443548441 73.052118740975857 1245.4212281256914 488.01408039778471 331.80503182113171 175.30887167900801 1838.6543151065707 244.68134608864784 466.29900650680065 3107.4053415618837 902.76716528087854 185.15393999218941 116.51699678599834 212.95788564160466 68.978882275521755 206.47805921733379 147.97177780047059 81.564714156091213 129.40257581323385
leaf_count=55814 737 7082 10144 6504 7794 39090 429 43756 1079 398 3593 756 758 22573 2721 2514 1178 15407 2363 4786 66743 3981 878 867 3245 662 3794 2231 589 690
internal_value=-0.00217527 -0.0129446 0.0166299 0.0355848 0.0660594 0.0179525 0.168665 -0.0347453 0.0283854 -0.00510797 0.0813927 0.177305 -0.0655531 -0.0294421 0.111293 0.146813 0.0446665 0.0393275 0.0527059 -0.0296058 -0.0758649 0.186892 0.152133 0.131578 -0.0636904 0.133358 0.0430741 0.0882747 -0.00795325 0.0950232
internal_weight=22247.8 20928.5 13397.1 9786.44 3586.95 6199.49 1319.28 3610.7 1957.01 1199.25 757.762 141.989 7531.38 1672.92 1629.94 424.633 3045.15 2869.84 2083.34 1057.26 5858.46 1183.82 789.685 604.531 3320.36 281.053 427.502 221.024 3154.33 198.381
internal_count=313156 306657 151499 100661 31890 68771 6499 50838 20920 13734 7186 1154 155158 29356 10970 3593 29092 27914 17770 12580 125802 5762 4466 3588 69988 1781 6783 2989 39679 1352
cat_boundaries=0 22 44 68 92 114 135
cat_threshold=0 0 8421378 1024 0 0 0 17039360 0 0 2113536 2717917184 16978081 262148 0 0 0 37748736 3072 2097184 2415919232 2048 0 0 8388610 260 0 0 2101248 0 536870912 4194592 2097152 1 0 0 0 0 0 0 0 0 0 134217728 32768 0 8388618 2098176 0 0 0 17039360 65536 0 278528 0 131072 8651776 0 0 2147483648 1073741832 67176712 2097184 2149582912 0 0 4194304 2761949248 268435460 1074008064 0 0 131098 672137344 8192 605290496 4 590080 32 2048 0 0 0 0 0 0 0 0 0 0 4 524288 75497472 8388610 4194305 0 0 0 0 0 0 0 2717908992 8914432 0 0 0 32 536870912 0 0 0 2048 524288 8388610 8421634 1 0 0 0 16777216 0 0 0 3565158400 15226130 65536 0 134217728 2147483648 536870912 0 0 2147483776
is_linear=0
shrinkage=0.1


Tree=8
num_leaves=31
num_cat=11
split_feature=18 27 22 18 27 22 20 24 13 24 3 18 20 13 24 20 13 5 3 18 3 29 3 24 20 3 24 3 20 3
split_gain=3402.18 704.69 398.015 310.778 200.406 199.27 141.714 131.29 114.396 109.673 92.1144 87.7518 77.659 73.9043 77.9967 98.0812 71.9168 70.8856 67.5384 66.668 63.8553 58.617 68.0154 56.1375 63.7376 55.5515 108.99 54.9204 90.0328 78.9938
threshold=0.068297538906335845 0.17787720263004306 0.13338445872068408 0.032151246443390853 0.2995073944330216 0.33428031206130987 2.5000000000000004 1.0000000180025095e-35 0 2.5000000000000004 1 0.10995289683341981 3.5000000000000004 2 1.0000000180025095e-35 1.0000000180025095e-35 3 4 5 0.016202706843614582 6 3757.5000000000005 7 1.0000000180025095e-35 2.5000000000000004 8 1.0000000180025095e-35 9 -1.0000000180025095e-35 10
decision_type=2 2 2 2 2 2 2 2 9 2 9 2 2 9 2 2 9 9 9 2 9 2 9 2 2 9 2 9 2 9
left_child=2 5 3 12 13 8 10 -4 -2 -7 -5 16 19 -3 15 21 -10 -12 -9 -1 -17 22 -15 24 27 26 -8 -18 29 -29
right_child=1 4 7 6 -6 9 25 18 11 -11 17 -13 -14 14 -16 20 23 -19 -20 -21 -22 -23 -24 -25 -26 -27 -28 28 -30 -31
leaf_value=-0.088159143255823469 0.09943792457632801 -0.012415573026476142 -0.011026801994289901 0.0079492727162738808 0.083692425662249506 0.065617924947477896 -0.022992390616799106 0.0030823003553436734 -0.038983619346644412 0.24333429543910709 -0.035668429954624506 0.023692683522232246 -0.090499810765043737 0.10177540298874035 0.11039279163594491 -0.037231601470462117 0.030405808662126679 0.16937217746136751 0.11735331909070841 -0.053499164419113468 0.031733100013749481 0.040806945188084726 0.031220918039650172 0.055311863719785859 -0.025006204597078249 -0.072287232138936772 0.36105215231667509 0.04720339944331025 -0.0095044681990846674 -0.01452792920782299
leaf_weight=780.44708392769098 126.41401455178857 226.29797741770744 368.39126735925674 736.05663949996233 2051.1688924245536 317.9149374589324 113.21073478087783 85.276523597538471 421.90169989317656 38.983084000647068 1827.3857769817114 2237.2415349408984 1761.8421852774918 416.80118779838085 183.72981755807996 207.33785443007946 760.8802092410624 7.5743113830685607 163.40872796997428 1920.7893096990883 342.10123369470239 1252.07009158656 246.22523194551468 201.06516025587916 769.69624669104815 986.68388862907887 7.9056648202240458 622.56039649248123 2389.9903044961393 306.80375157669187
leaf_count=18357 1451 1862 6058 11255 11966 2519 2023 852 5688 205 34353 22830 41213 3426 1195 2002 9621 71 1411 42936 3001 10163 2087 2062 11317 19331 93 7632 31441 4180
internal_value=-0.00229871 0.0299228 -0.0505601 -0.0564286 0.0598141 0.0119528 -0.0349095 0.0268712 0.00862473 0.0850294 -0.0220261 0.00699773 -0.0741664 0.0427754 0.0473596 0.0428527 0.000185855 -0.0339086 0.0830116 -0.0635132 0.00560831 0.0535381 0.0775798 0.00352781 0.00138826 -0.0648096 0.00191717 0.00636732 0.000763185 0.0271761
internal_weight=21878.2 13119.2 8758.97 8141.9 4925.73 8193.45 3678.82 617.077 7836.55 356.898 2571.02 7710.14 4463.08 2874.56 2648.27 2464.54 5472.9 1834.96 248.685 2701.24 549.439 1915.1 663.026 5051 4849.93 1107.8 121.116 4080.23 3319.35 929.364
internal_count=312601 134648 177953 169632 35702 98946 67126 8321 96222 2724 45679 94771 102506 23736 21874 20679 71941 34424 2263 61293 5003 15676 5513 66253 64191 21447 2116 52874 43253 11812
cat_boundaries=0 91 115 206 295 296 319 337 357 381 403 421
cat_threshold=0 0 0 0 524288 0 0 0 0 4 2147516416 0 0 0 1 128 0 0 0 0 33554432 0 0 0 16 0 4096 0 0 1073743872 32768 0 0 0 8 0 0 0 0 0 0 128 0 33554432 32768 0 4096 0 0 0 0 0 0 128 0 256 0 0 0 0 0 0 16 0 0 0 0 2097152 134217728 2048 0 0 0 0 536870916 0 0 134217728 0 65536 0 128 0 0 335544320 0 0 0 0 0 1 268435456 0 262144 2101264 0 1090519040 1082130640 1 536870912 4 0 0 526336 2048 0 32 256 0 0 0 0 0 0 65536 0 0 0 0 0 0 0 0 0 0 2147483648 0 65536 0 0 524288 4 0 0 268435456 0 0 0 0 536872960 64 0 1024 0 2048 8192 0 4 0 0 0 0 0 0 0 0 0 0 1048576 0 0 0 256 0 0 0 1024 16777216 128 0 288 0 0 0 0 0 0 0 0 0 0 0 0 33554432 0 0 0 0 0 0 0 0 131072 256 0 16777280 4096 0 0 67108864 0 0 0 1048576 2097152 17 0 0 0 0 64 0 0 0 0 65536 0 0 0 0 0 16777216 1048580 0 0 512 0 0 0 0 536870912 0 0 0 0 0 2048 0 4 0 0 0 128 0 0 0 0 0 0 1342177536 0 0 0 256 0 65536 0 0 16777216 0 0 0 0 128 0 0 0 0 0 0 0 2 0 67108864 33554432 0 134217729 0 524288 0 1073741824 0 4 0 1024 0 16779264 4096 0 0 0 0 268435456 4096 1048576 58 134217728 4194304 0 256 0 8 2097152 0 536870912 0 0 0 4980736 32768 0 0 0 0 0 0 0 134217728 4160 0 0 32768 1024 0 0 0 2048 268435456 0 2097152 3288335360 536973393 8 0 0 65536 1073741824 0 0 32768 1024 0 0 0 262144 0 0 2097152 536870912 2232321 0 0 134217728 0 0 1024 1048576 0 0 67108864 2097168 0 2752151553 139592964 16384 67108864 0 0 1 0 67584 0 1 256 0 130 0 32 0 0 4194304 0 67109888 8388608 0 0 262144 33554432 1024 524288 0 537133056 0 2147484688 0 0 0 536870912 0 0 0 67108864 2048 0 8388674 0 0 0 33562624 0 0 134217728 0 2097152 128 256 32 0 0 0 131072
is_linear=0
shrinkage=0.1


Tree=9
num_leaves=31
num_cat=2
split_feature=30 18 30 18 30 30 30 30 30 27 27 18 30 18 24 23 30 24 14 26 18 13 23 30 23 27 13 18 23 24
split_gain=3104.47 1555.46 1331.92 769.827 468.659 348.557 260.365 203.853 178.777 161.052 158.474 153.859 128.948 116.933 113.254 142.144 98.9612 94.7334 83.5261 80.0321 76.6138 71.907 68.1964 67.6543 64.9978 62.155 61.4068 56.6099 55.8953 64.2479
threshold=24.500000000000004 0.063139911741018309 35.500000000000007 0.066163793206214919 20.500000000000004 29.500000000000004 29.500000000000004 32.500000000000007 26.500000000000004 0.13056714832782748 0.13056714832782748 0.020850681699812416 20.500000000000004 0.068297538906335845 1.0000000180025095e-35 16.500000000000004 26.500000000000004 1.0000000180025095e-35 2.5000000000000004 1.5000000000000002 0.024061904288828376 0 1.5000000000000002 30.500000000000004 2.5000000000000004 1.0000000180025095e-35 1 0.17877264320850375 2.5000000000000004 1.5000000000000002
decision_type=2 2 2 2 2 2 2 2 2 2 2 2 2 2 2 2 2 2 2 2 2 9 2 2 2 2 9 2 2 2
left_child=1 12 3 6 9 8 11 22 17 -3 26 -2 -1 25 20 19 -13 27 -10 -16 -14 -12 23 -7 -22 -4 -6 -5 -9 -30
right_child=2 4 13 5 10 7 -8 28 18 -11 21 16 14 -15 15 -17 -18 -19 -20 -21 24 -23 -24 -25 -26 -27 -28 -29 29 -31
leaf_value=-0.088307702399814322 -0.049607547416995107 -0.052147703132360917 -0.0077957597972048293 0.0546136907085377 0.07134188372471556 -0.023680217012287667 -0.046114506497795034 0.085330031805907036 0.078170427483475746 -0.0090898088086589415 -0.026903452305402999 0.032580667188296671 -0.081109364280023466 0.16044607699330782 0.18933036993978375 -0.078964968048412756 0.13291303167600588 0.1607672780282301 0.17933739515709615 -0.0090135089588621337 -0.039556824819726777 0.033324753070178993 -0.046391317563805684 0.037376599918252956 -0.091854286001541469 0.1108151583504951 -0.0051635613527402889 0.11008161674299399 -0.052241393622898681 0.086411959645850356
leaf_weight=2286.2933802828193 180.3067133538425 1908.6445020958781 52.875110998749733 877.79312800616026 98.639615420252085 283.80349844321609 1214.7491662018001 563.11395879462361 112.50912494957447 1594.2830204479396 208.27842552214861 397.82858331874013 1176.4913690499961 1022.9674387723207 52.528512742370367 70.77375478297472 130.57211314886808 117.2107000425458 297.160041898489 33.202363226562738 1458.2618824057281 2875.2557103484869 231.39396595954895 503.34530372917652 283.91933262348175 268.66360112279654 3068.1546289622784 232.79223917424679 70.506976410746574 63.533386472612619
leaf_count=57427 3414 32640 438 6377 1264 3236 24094 4646 685 16886 1683 5816 30406 4415 496 1594 1186 612 1314 384 31865 23115 2572 5028 6943 1661 40838 1167 732 382
internal_value=-0.00204088 -0.0270542 0.0550596 0.0324195 -0.00326956 0.0613485 -0.0180123 0.029851 0.0943508 -0.0325508 0.0131408 0.0301559 -0.0703217 0.143912 -0.0569497 0.0259246 0.0573736 0.0752644 0.151553 0.112515 -0.0613936 0.0292774 0.00133341 0.0153628 -0.0480796 0.0913103 -0.00257159 0.0662404 0.0715153 0.0134785
internal_weight=21735.9 15114.7 6621.13 5276.62 9753.26 3353.16 1923.46 1715.7 1637.47 3502.93 6250.33 708.707 5361.47 1344.51 3075.18 156.505 528.401 1227.8 409.669 85.7309 2918.67 3083.53 1018.54 787.149 1742.18 321.539 3166.79 1110.59 697.154 134.04
internal_count=313316 245541 67775 61261 116426 26751 34510 16596 10155 49526 66900 10416 129115 6514 71688 2474 7002 8156 1999 880 69214 24798 10836 8264 38808 2099 42102 7544 5760 1114
cat_boundaries=0 91 183
cat_threshold=0 0 0 0 64 0 0 0 0 32 2147483648 0 65536 0 0 0 0 128 0 16 33554432 0 0 4 536872960 64 0 0 0 2048 8192 0 4 0 0 0 0 0 0 0 0 0 0 1073741824 0 0 0 0 0 0 0 134217728 16777216 0 0 256 0 0 1024 16777216 0 0 0 0 0 0 0 0 0 0 0 0 0 0 4 0 0 0 288 65544 0 0 0 0 67108864 0 0 0 1048576 1073741824 16 0 0 0 0 524304 0 0 0 0 553648128 32768 0 0 0 0 16777216 0 0 0 0 0 0 0 0 0 0 0 4 0 0 2048 0 0 0 0 0 0 0 0 0 0 0 0 1048576 32768 0 0 16 0 0 536870912 0 0 128 16384 0 0 0 64 0 0 0 2 0 8192 16384 16777216 0 167772160 128 65536 0 0 0 0 0 0 131072 544 65536 0 0 0 0 268435456 0 0 0 0 2097152 64 1
is_linear=0
shrinkage=0.1


Tree=10
num_leaves=31
num_cat=8
split_feature=30 18 30 3 30 30 3 30 3 3 18 30 30 15 15 15 23 30 30 3 3 15 14 30 27 3 15 23 3 29
split_gain=2541.75 1985.36 763.372 331.735 328.004 341.55 286.329 273.892 265.464 244.602 208.043 163.559 148.632 285.001 234.289 200.856 126.456 117.36 129.356 111.306 105.356 98.1167 111.234 97.5779 91.6627 84.4423 81.5864 78.4253 76.8403 75.4374
threshold=35.500000000000007 0.06038963049650193 20.500000000000004 0 24.500000000000004 29.500000000000004 1 20.500000000000004 2 3 0.024061904288828376 26.500000000000004 32.500000000000007 3.5000000000000004 2.5000000000000004 5.5000000000000009 12.500000000000002 24.500000000000004 29.500000000000004 4 5 3.5000000000000004 2.5000000000000004 39.500000000000007 0.2995073944330216 6 2.5000000000000004 3.5000000000000004 7 4485.5000000000009
decision_type=2 2 2 9 2 2 9 2 9 9 2 2 2 2 2 2 2 2 2 9 9 2 2 2 2 9 2 2 9 2
left_child=1 7 6 -2 9 11 -3 -1 -7 24 -9 19 13 -10 -14 -15 17 -12 26 -6 -20 -13 -23 25 -4 -5 29 -11 -8 -19
right_child=3 2 4 23 5 8 28 10 12 27 16 21 14 15 -16 -17 -18 18 20 -21 -22 22 -24 -25 -26 -27 -28 -29 -30 -31
leaf_value=-0.087470711543930463 0.0070941863548642514 0.028775927425256628 0.024262190061642791 0.012812773745768067 0.10170310633155338 -0.041337777985423263 -0.063460118827005807 -0.071100983245901292 -0.010939970220133205 -0.0037596384811449906 -0.035381298130069815 0.15374942496369282 0.14526546428043705 0.26325092368551517 0.022466502282099329 0.013206245477935363 -0.088202185511596032 0.09158880329888866 0.075890676640073138 0.039469207171527666 -0.043239575965443838 -0.028422577115080436 0.26417045639164127 0.17010602360756419 0.081440327911094235 0.13296957385410008 0.020049266926843126 -0.053085929701068457 -0.029304368446726844 0.34243446522149812
leaf_weight=2050.5708523988724 203.20305924117565 657.88434532284737 2871.4440450966358 88.977339163422585 456.23244027048349 530.51729095727205 1214.5713810436428 1647.9360328391194 720.47214469313622 2857.5269348956645 1511.4109164103866 363.66175828129053 282.72722184285522 70.993188485503197 344.90608159452677 58.678533341735601 291.29079790040851 122.8463092148304 80.886046845465899 886.60274300724268 418.1051064543426 63.579781800508499 16.330295532941818 800.33782494813204 310.70842429250479 280.16022354364395 252.85419246926904 363.31017825379968 1582.8256646171212 13.285271544009445
leaf_count=56160 1062 6986 26413 549 2953 7198 20750 42621 7900 35703 34209 1598 1827 352 2990 540 7008 1194 1573 5846 8666 458 82 3475 1873 1471 3847 4699 22968 97
internal_value=-0.00232949 -0.0113456 0.010185 0.129313 0.023949 0.0472455 -0.0304372 -0.0573542 0.0189502 0.0101424 -0.0431201 0.0790554 0.0405984 0.0136236 0.0777832 0.150102 -0.0259829 -0.0184293 0.0104243 0.0616647 -0.0232743 0.131703 0.0313713 0.149213 0.0297516 0.107956 0.0536529 -0.00929478 -0.0443073 0.116069
internal_weight=21414.8 20042.2 13653 1372.68 10197.7 3794.7 3455.28 6389.19 2008.29 6402.99 4338.61 1786.41 1477.78 850.144 627.633 129.672 2690.68 2399.39 887.977 1342.84 498.991 443.572 79.9101 1169.48 3182.15 369.138 388.986 3220.84 2797.4 136.132
internal_count=313068 306511 151136 6557 100432 31744 50704 155375 20807 68688 99215 10937 13609 8792 4817 892 56594 49586 15377 8799 10239 2138 540 5495 28286 2020 5138 40402 43718 1291
cat_boundaries=0 23 47 69 90 111 134 148 170
cat_threshold=2281701376 0 8388610 1285 0 0 2097152 16384 536870912 4194592 2097152 1 1049088 134217728 0 0 1024 0 0 0 0 134217728 8388608 32768 0 8388618 1024 0 0 65536 262144 65536 0 278528 0 131076 262152 0 16777216 2147483648 1073741832 67112200 6291488 69206080 0 0 4194304 524288 75497472 8388610 8192 0 0 0 16777216 268435456 0 0 3825205248 42483840 8192 0 134217728 2181103616 2147491848 264 64 65728 2048 0 33554440 32770 9216 0 0 262144 17039360 0 0 2113536 3254779904 16928929 262148 0 0 0 33554432 7168 2097186 2415919104 285343744 0 0 0 0 0 0 262144 0 0 0 4269801472 1573937 32 0 1048576 0 8388608 2048 2097152 2148532224 612368384 4 0 2 0 16 671092736 0 536870912 272637956 32768 0 2048 0 0 0 0 4096 16 0 0 128 256 0 0 0 0 0 8 0 0 100663296 0 8192 3355443200 3014913 65552 302514176 2 256 4196352 0 0 8650752 0 16384 0 536870912 2290089984 7869778 65572 0 134217728 0 545275904 0 0 0 2048
is_linear=0
shrinkage=0.1


Tree=11
num_leaves=31
num_cat=8
split_feature=18 18 24 23 22 20 3 23 18 27 24 23 5 3 3 23 22 3 22 23 24 20 3 1 14 27 22 3 28 20
split_gain=2041.47 529.606 248.114 424.356 215.57 156.15 141.377 138.94 103.915 94.4532 94.4511 127.988 92.99 78.2174 76.2864 72.8546 80.114 71.3453 70.3862 65.463 129.498 64.7762 81.2201 50.0903 49.5209 49.2164 47.612 51.5225 42.7376 38.1292
threshold=0.051300967112183578 0.15868666768074038 1.0000000180025095e-35 1.5000000000000002 0.14274989813566211 3.5000000000000004 0 60.500000000000007 0.025229778140783313 0.089561395347118392 3.5000000000000004 5.5000000000000009 1 2 3 1.0000000180025095e-35 0.18758033215999606 4 0.21441558748483661 1.0000000180025095e-35 1.0000000180025095e-35 -1.0000000180025095e-35 5 6 8.5000000000000018 0.23085071891546252 0.031290795654058463 7 0.070602204650640502 1.0000000180025095e-35
decision_type=2 2 2 2 2 2 9 2 2 2 2 2 9 9 9 2 2 9 2 2 2 2 9 9 2 2 2 9 2 2
left_child=4 2 3 9 5 8 15 10 -1 13 11 -4 -10 -2 28 -3 -17 -6 19 23 -21 22 24 -8 -16 -25 -7 -28 -11 -30
right_child=1 6 7 -5 17 26 18 -9 12 14 -12 -13 -14 -15 21 16 -18 -19 -20 20 -22 -23 -24 25 -26 -27 27 -29 29 -31
leaf_value=-0.065685764181470332 -0.024384552073211947 0.032630923740047758 0.090292138047897166 -0.066255994187045766 0.063447767003909167 -0.088364099130509244 0.10950460829071683 -0.076871549361463509 -0.032372527937824885 0.15379193601716445 0.16073284003276272 -0.016101280145907039 0.18869333357690454 0.005044409871972709 0.075860143913861575 -0.038323607285099731 0.064098124518491228 -0.025494578174304911 0.096690138643085469 -0.032059226277013506 0.066816614748900119 -0.0070133425036350162 -0.031418855191503704 0.026464152411158699 0.0088169707080843398 0.064101624457410661 0.043402554285202649 -0.062021839354249243 0.034771708845283078 0.0035719591484650766
leaf_weight=1441.1323759909719 1346.098120700568 1859.5466326773167 372.03143465146422 888.21386629715562 186.93467658385634 1552.8566660191864 195.01403517276049 66.331021353602409 2015.0377731397748 27.225386474281549 107.38346375152469 162.43570030853152 9.5940387733280641 2698.5975303687155 303.4638674557209 316.50411302596331 100.65842170268297 160.89526614174247 402.98327130079269 249.03138418495655 282.97353321313858 1673.5833284035325 156.14683254808187 474.68380725383759 172.97259902209044 1296.0063535645604 49.527096446603537 315.56061760149896 1738.9627087302506 505.584054261446
leaf_count=40264 20409 14504 2604 14936 2531 43972 1152 906 46682 379 764 2061 89 39197 3257 2919 646 2752 2186 1965 1538 18859 1842 4058 1651 7541 1258 8133 18281 5847
internal_value=-0.00195468 0.017011 0.00380967 -0.000442236 -0.0529015 -0.057831 0.0430674 0.0609126 -0.0451618 0.00633721 0.0751517 0.057957 -0.0305529 -0.00479754 0.016175 0.0240525 -0.01361 0.023397 0.0577101 0.051652 0.0205329 0.00327625 0.0305505 0.0600742 0.0504607 0.0537085 -0.0807245 -0.0482302 0.0291263 0.027744
internal_weight=21128 15396.4 10219 9510.85 5731.54 5383.71 5177.4 708.182 3465.76 8622.63 641.851 534.467 2024.63 4044.7 4577.94 2276.71 417.163 347.83 2900.69 2497.71 532.005 2306.17 632.583 1965.7 476.436 1770.69 1917.94 365.088 2271.77 2244.55
internal_count=313183 167502 130993 124658 145681 140398 36509 6335 87035 109722 5429 4665 46771 59606 50116 18069 3565 5283 18440 16254 3503 25609 6750 12751 4908 11599 53363 9391 24507 24128
cat_boundaries=0 21 22 46 68 92 113 114 138
cat_threshold=0 16 16777216 1024 0 0 0 0 0 0 16384 536879104 33591297 10 0 151027712 196640 536870912 4194304 5242896 1024 58 33554432 42991616 67141632 6291456 0 1610620929 42008576 16384 67108864 0 35651584 0 10486784 69632 0 0 256 2147581952 0 0 131136 0 0 4194304 268566528 8388608 209747968 0 0 0 262144 0 335544320 0 0 2415919104 11011538 8388640 0 0 2147483920 0 0 16777216 67108864 2048 2826960896 268435461 0 0 0 8 536870912 4202496 33816576 4194320 40961 1 0 16 0 0 0 0 33 0 0 135266304 2153775264 33 16777216 2 2 4196353 0 33554432 268435456 0 0 0 2097152 67108992 0 0 0 0 0 0 0 0 134414336 41943040 67108864 4194304 16384 2 0 0 672138244 5251072 0 10555904 73728 0 0 0 0 0 0 0 48 0 0 16777216 34644192 32769
is_linear=0
shrinkage=0.1


Tree=12
num_leaves=31
num_cat=5
split_feature=30 18 30 3 30 15 15 30 30 30 30 3 18 30 22 30 14 23 14 15 3 29 3 3 30 30 30 30 30 15
split_gain=1981.25 1476.96 645.122 370.168 221.579 220.295 356.778 288.724 413.013 284.908 330.808 198.801 170.53 144.075 140.509 134.387 128.637 118.646 106.636 98.8632 95.4816 94.3517 91.6183 88.6797 87.8843 81.1646 362.753 80.7134 79.7972 76.3559
threshold=34.500000000000007 0.056925732642412193 20.500000000000004 0 20.500000000000004 1.0000000180025095e-35 3.5000000000000004 29.500000000000004 32.500000000000007 21.500000000000004 30.500000000000004 1 0.01679024659097195 26.500000000000004 0.16461381316185 38.500000000000007 9.5000000000000018 2.5000000000000004 6.5000000000000009 1.5000000000000002 2 3778.5000000000005 3 4 25.500000000000004 28.500000000000004 31.500000000000004 22.500000000000004 28.500000000000004 2.5000000000000004
decision_type=2 2 2 9 2 2 2 2 2 2 2 9 2 2 2 2 2 2 2 2 9 2 9 9 2 2 2 2 2 2
left_child=1 4 11 -2 -1 9 7 13 -9 23 21 -3 -6 16 17 19 18 -14 27 -5 -8 -11 -10 -4 -20 -22 -27 29 -23 -7
right_child=3 2 5 15 12 6 20 8 22 10 -12 -13 14 -15 -16 -17 -18 -19 24 -21 25 28 -24 -25 -26 26 -28 -29 -30 -31
leaf_value=-0.084522056750795188 -0.0085781399010293382 0.01781210130725416 0.020500512796298234 0.14357375324314678 -0.083660258614664612 0.092787251563204942 0.030800272059543499 -0.036303961262013212 0.015267300704019139 0.18666680447486003 -0.027751198023949139 -0.042521226194611433 -0.026480759949777506 0.13361675220084943 0.046567566580809176 0.14846619929562824 0.023163913110735724 -0.078675840275282627 0.097734613626620837 0.052371618229621081 -0.011096954570502485 0.062872460550628215 0.14279562475696778 -0.033634346226454857 0.24101009283452851 0.26718611982080115 -0.0050426907878717946 0.032917960575490755 0.27390981964356981 -0.047139260860283097
leaf_weight=1729.68369583413 257.98488692939281 676.17210864648223 364.52815997973084 182.65655880048871 757.52391645871103 570.35488384217024 1077.6183885335922 732.17005517333746 95.776238296180964 120.37000296637416 296.18534781783819 2795.6899750195444 2238.9194741286337 280.44828938692808 218.96640430018306 863.23132503032684 745.44900629296899 540.67581893131137 474.85441619157791 340.28461029753089 2329.876866851002 233.20411403849721 189.54839856922626 1677.5898298509419 47.054602056741714 58.76665186882019 292.99481269717216 666.01383078098297 19.408304706215858 41.860222723335028
leaf_count=54308 1615 6925 2888 1184 22900 5767 8147 9194 868 943 3513 45655 53782 1228 2821 3828 6710 15597 4016 2823 26554 2148 1283 19674 227 305 3291 4393 101 481
internal_value=-0.00203038 -0.01102 0.00644322 0.10334 -0.0549058 0.018994 0.0277214 0.0491453 0.00346821 -0.005479 0.0511498 -0.030842 -0.0412675 0.0655911 -0.0305579 0.123342 0.0580967 -0.0366335 0.0725625 0.0842273 0.00581726 0.113805 0.105527 -0.0240353 0.110652 -0.00432093 0.0404369 0.0570103 0.0790865 0.0832198
internal_weight=20915.9 19271.7 13785.9 1644.16 5485.77 10314.1 7602.79 3843.53 1017.49 2711.29 669.168 3471.86 3756.09 2826.04 2998.56 1386.17 2545.59 2779.6 1800.14 522.941 3759.26 372.982 285.325 2042.12 521.909 2681.64 351.761 1278.23 252.612 612.215
internal_count=313169 303719 154311 9450 149408 101731 72464 34167 11345 29267 6705 52580 95100 22822 72200 7835 21594 69379 14884 4007 38297 3192 2151 22562 4243 30150 3596 10641 2249 6248
cat_boundaries=0 24 45 67 83 104
cat_threshold=2147483648 335544320 8388610 1285 0 0 10485760 16896 0 6292768 2686976 1 9 0 0 0 1024 0 0 0 0 2282749952 12582944 32768 32768 0 8388618 1024 0 33554432 65536 17039360 65536 0 278528 0 131076 8650760 0 0 2147483680 1073741824 67848 6291488 64 0 256 8388608 8192 0 0 262144 262144 268435456 0 536887296 2684354560 17956897 262150 0 0 0 8388608 268437504 2097186 2418049056 2048 524288 8388608 8388610 1 0 0 0 262144 0 0 16384 2315255808 591392 36 0 134217728 0 33554440 0 11280 0 663552 0 262400 524288 0 16384 0 147460 262144 0 40960 0 4194304 67635200 18874400 2215642176
is_linear=0
shrinkage=0.1


Tree=13
num_leaves=31
num_cat=9
split_feature=30 28 30 3 30 3 3 22 20 30 15 15 30 30 30 30 30 3 3 3 3 30 14 3 3 15 26 14 16 15
split_gain=1724.54 1081.94 453.19 288.271 281.569 212.621 179.941 166.734 183.17 147.47 125.657 203.564 224.974 237.143 135.248 201.663 119.023 136.275 102.908 89.7237 88.9835 78.0393 79.2219 69.2754 64.7667 64.2193 59.8227 58.8754 107.081 58.2899
threshold=34.500000000000007 0.051977625116705901 20.500000000000004 0 20.500000000000004 1 2 0.11115431040525438 2.5000000000000004 38.500000000000007 1.0000000180025095e-35 3.5000000000000004 29.500000000000004 32.500000000000007 21.500000000000004 30.500000000000004 24.500000000000004 3 4 5 6 26.500000000000004 9.5000000000000018 7 8 1.5000000000000002 1.5000000000000002 11.500000000000002 6.5000000000000009 2.5000000000000004
decision_type=2 2 2 9 2 9 9 2 2 2 2 2 2 2 2 2 2 9 9 9 9 2 2 9 9 2 2 2 2 2
left_child=1 4 5 -2 -1 -3 -4 8 16 18 14 12 21 -14 24 27 20 -18 -5 -10 -6 22 29 -13 -8 -20 -9 28 -16 -12
right_child=3 2 6 9 7 -7 10 26 19 -11 11 23 13 -15 15 -17 17 -19 25 -21 -22 -23 -24 -25 -26 -27 -28 -29 -30 -31
leaf_value=-0.081987835959602559 -0.016834781865097077 0.014905376997457788 0.044053108636001759 0.10664771985847039 0.040438202130829326 -0.042770581738139246 0.016958273863774128 0.073025251415570813 0.074988270632433698 0.13773220447557041 0.071551635845474373 0.016337033970101035 -0.04426828969369883 0.07712120610219643 0.29518658414035537 -0.03881797711986635 0.078733103256098141 -0.015991603986717583 0.098890237755476326 -0.075599320844400381 -0.04582774522369297 0.10685590478491701 0.01328221942385027 -0.014223878481175192 -0.034653598485801726 -0.015029369194492853 -0.016131917317105057 -0.024805693585709221 0.080491782530246928 0.031731888959173997
leaf_weight=1695.3299480676651 204.72671214491129 865.45722221396863 1755.9182456694543 340.73990025371313 125.59326158836484 2422.2104437798262 292.15711964666843 186.46372814290226 35.679639032110572 875.30946628004313 933.20907837897539 1218.1970891281962 594.12889134138823 220.7222228012979 25.633114591240883 234.88710141554475 199.43408221751451 545.63427625969052 70.562387280166149 1148.7262230142951 1379.4294012151659 215.86732208356261 609.94822094216943 1863.2926933839917 1375.0242509990931 165.65870835259557 126.18890126049519 43.364195886999369 247.89962596073747 606.5582986921072
leaf_count=55820 1247 9023 11260 2009 3226 41944 2468 2653 708 3943 8504 11564 8440 1822 172 3185 3429 11738 573 35107 37685 946 5636 21911 17329 1722 1958 468 2095 4325
internal_value=-0.00197533 -0.0105223 0.00462865 0.0958585 -0.0481722 -0.0276725 0.0150025 -0.032873 -0.0392374 0.111096 0.00892531 0.0161818 0.0339291 -0.011387 -0.0115122 0.0314016 -0.0224824 0.0102057 0.0726111 -0.0710681 -0.0386647 0.0495388 0.0437832 -0.00213546 -0.0257153 0.0182283 0.0370408 0.0834491 0.100611 0.0558655
internal_weight=20624 18967 13524.5 1657 5442.48 3287.67 10236.8 3747.15 3434.5 1452.27 8480.89 6261.92 3180.43 814.851 2218.97 551.784 2250.09 745.068 576.961 1184.41 1505.02 2365.58 2149.72 3081.49 1667.18 236.221 312.653 316.897 273.533 1539.77
internal_count=312910 303416 151092 9494 152324 50967 100125 96504 91893 8247 88865 63148 29673 10262 25717 5920 56078 15167 4304 35815 40911 19411 18465 33475 19797 2295 4611 2735 2267 12829
cat_boundaries=0 24 46 68 92 114 136 160 181 202
cat_threshold=0 67108864 8388608 5 0 0 2134016 512 0 4194592 2097152 1 9 268435456 0 0 0 0 0 0 0 135266304 0 295424 0 8 75534336 1024 0 0 0 17039872 134217728 8192 278528 32768 131076 1024 0 16777216 2147549184 1073741832 3328 6291488 2214592512 8192 33554432 1048576 67108864 16 0 0 262144 262144 0 0 0 33562624 33689633 262148 0 17825792 131072 8388608 268442624 3145762 2150630400 2048 413138944 4 1073741824 1 0 8 134221824 8192 538181632 36 2162944 32 2 0 0 0 2097152 4096 0 0 32 0 16777216 32772 34078720 4 1073774848 256 0 0 262144 262144 603996160 0 16384 713031680 3673138 65572 0 0 0 8388608 0 0 2155872256 2048 268435456 33554496 0 8216 0 604119056 1611796481 1048576 67108864 0 536870912 1 0 32768 0 0 2097412 8192 128 0 32 8192 0 0 4096 4206602 0 34144256 4548 16641 537395200 538968068 0 33554432 2064 65552 0 0 0 0 0 0 0 128 2147549200 2 131072 8388608 134217730 9216 0 0 268435456 24576 805306368 0 539123712 2684355584 554762304 2 0 0 16 16384 0 0 131072 0 8 0 9216 0 663552 268435456 16785408 134217728 0 16384 2147483648 128 73728 0 40960 2147484160 4194304 67436928 0 2048
is_linear=0
shrinkage=0.1


Tree=14
num_leaves=31
num_cat=10
split_feature=30 18 30 30 3 3 3 30 3 18 18 30 22 3 24 3 2 18 26 3 30 24 30 20 29 3 3 30 30 20
split_gain=1440.1 877.723 618.703 323.911 230.05 216.979 216.921 191.837 151.245 150.169 131.008 119.365 106.756 95.6366 88.4204 82.4048 77.6225 74.5061 73.9806 72.3608 67.7957 65.9654 65.117 62.5432 71.75 89.7725 57.4467 56.7556 54.8556 53.6265
threshold=24.500000000000004 0.086249098181724562 36.500000000000007 29.500000000000004 0 1 2 20.500000000000004 3 0.066163793206214919 0.024061904288828376 20.500000000000004 0.19980237632989886 4 1.0000000180025095e-35 5 6 0.020850681699812416 1.0000000180025095e-35 7 25.500000000000004 1.5000000000000002 32.500000000000007 1.0000000180025095e-35 3778.5000000000005 8 9 27.500000000000004 30.500000000000004 5.5000000000000009
decision_type=2 2 2 2 9 9 9 2 9 2 2 2 2 9 2 9 9 2 2 9 2 2 2 2 2 9 9 2 2 2
left_child=1 7 3 8 22 -3 -4 -1 20 -6 -9 15 13 -10 23 -7 -15 -8 -16 -11 -2 29 -5 24 25 -13 -26 -18 -21 -12
right_child=2 5 6 4 9 11 17 10 12 19 21 14 -14 16 18 -17 27 -19 -20 28 -22 -23 -24 -25 26 -27 -28 -29 -30 -31
leaf_value=-0.071822483314035054 0.055287128883204396 -0.03937165010417179 -0.0019934916370965934 0.024795002110657174 -0.042465011630233092 0.012248750387449577 -0.022972064943028586 -0.068285649709638033 -0.071982548174771663 -0.029918689640544113 -0.01895595184930747 0.061898504467507054 0.11770020899605282 0.10356575278925946 0.11152174553894843 -0.026799701488472008 0.016457270474824513 0.12563208005293436 0.011585937283014327 -0.025796906443098663 0.11183941724516924 0.066073986322814929 0.095242788466679607 -0.008307535208644171 -0.011971622772369399 0.0048030313557566144 0.022044708085661818 0.097256533401653314 0.032531664034776211 -0.052215759049227463
leaf_weight=2235.3543726895005 410.36293860152364 1068.2858878560364 181.06158836558461 256.73702242597938 1001.4122241139412 934.6496940664947 34.93492104113102 881.59455493465066 89.732488878071308 362.90597268939018 2084.4484653621912 731.32634575292468 130.87053485587239 122.06708063557744 178.78767317533493 1260.4764638692141 1193.3897920437157 985.42120754718781 126.47857587784529 198.7329560443759 438.50352157279849 78.882448742166162 268.35100344568491 944.31797469779849 766.5357745103538 453.86463940516114 1379.6279352605343 93.765441283583641 854.50793051347136 631.68324474990368
leaf_count=71308 3031 12711 895 2498 22970 9770 247 30881 1549 4412 42145 5829 773 726 1125 20336 11639 4632 874 2456 2369 988 1724 9726 8848 4386 11013 525 7262 15375
internal_value=-0.00117919 -0.019624 0.037133 0.0227445 0.000310714 0.00230486 0.10206 -0.0487204 0.0493773 -0.0127741 -0.0346745 0.00892034 0.0308944 0.0235216 0.0181211 -0.0102398 0.0299015 0.119374 0.0701161 0.00813123 0.0835168 -0.024073 0.0596618 0.0144089 0.0208481 0.0405968 0.00994218 0.022171 0.0213234 -0.0266911
internal_weight=20379.1 13756.3 6622.76 5421.34 2942.65 7844.35 1201.42 5911.96 2478.69 2417.56 3676.61 6776.07 1629.83 1498.95 4580.94 2195.13 1409.22 1020.36 305.266 1416.15 848.866 2795.01 525.088 4275.67 3331.35 1185.19 2146.16 1287.16 1053.24 2716.13
internal_count=313023 245315 67708 61934 41322 84618 5774 160697 20612 37100 89389 71907 15212 14439 41801 30106 12890 4879 1999 14130 5400 58508 4222 39802 30076 10215 19861 12164 9718 57520
cat_boundaries=0 21 45 68 90 114 135 144 168 190 211
cat_threshold=41943040 263 285245696 0 0 8192 277086208 0 536887296 0 0 1024 16908352 36 0 1048576 2097152 8388608 263200 34 2148532224 131072 536870912 268435712 0 0 0 0 0 16384 0 0 1152 538968128 4128 0 142606336 37750304 4034969600 16777216 1048592 131072 0 0 16777216 2281701376 0 2 260 0 0 2097152 0 536870912 4194592 2097152 0 1048577 65536 0 0 1024 0 0 0 2147483648 2147483648 8388608 2424307712 0 1082130688 1024 0 8 262144 278528 33554432 0 65536 2256535552 1838193 32 0 1048576 0 8388608 2048 0 0 2048 0 1 128 24 0 532480 536903687 256 0 6291456 1 1 520 167772160 0 0 0 0 0 0 0 268566528 671109120 48 32768 16 8421386 1024 0 0 0 17039360 65536 0 278528 33554432 2147614720 263176 0 0 2147483648 0 2312 6291490 2216755200 0 2147483904 0 4194304 32 0 0 512 4096 524288 75497472 8388610 4202496 0 0 0 16777216 0 0 0 4093640704 8405376 8192 0 134217728 2181038080 2147491848 1048840 0 65536 2048 0 4194304 0 0 8421376 0 0 0 0 262144 0 0 2113536 536870912 1282048 0 0 0 0 33554432 527360 2097184 1024 2048 0 8388608 0 0 0 0 0 0 268435456 0 2097152 0 1048576 0 0 0 0 0 8 0 2147483648
is_linear=0
shrinkage=0.1


Tree=15
num_leaves=31
num_cat=11
split_feature=30 18 30 30 30 3 3 3 3 3 3 3 15 24 20 30 3 3 3 18 30 15 14 14 24 20 22 20 27 3
split_gain=1171.07 781.909 505.005 253.119 212.003 210.577 198.397 161.851 140.448 126.516 111.531 102.651 96.8721 94.1814 105.415 88.2538 75.7977 72.223 70.5958 70.5238 69.8348 133.058 69.3713 67.6516 61.571 60.9049 60.8225 59.3307 59.0187 58.2872
threshold=24.500000000000004 0.0380292795598507 36.500000000000007 29.500000000000004 20.500000000000004 0 1 2 3 4 5 6 2.5000000000000004 1.0000000180025095e-35 1.0000000180025095e-35 20.500000000000004 7 8 9 0.068297538906335845 30.500000000000004 4.5000000000000009 10.500000000000002 3.5000000000000004 1.0000000180025095e-35 1.5000000000000002 0.28610038757324224 136.50000000000003 0.089561395347118392 10
decision_type=2 2 2 2 2 9 9 9 9 9 9 9 2 2 2 2 9 9 9 2 2 2 2 2 2 2 2 2 2 9
left_child=1 15 3 8 7 -4 -5 26 -2 -6 -8 -10 22 14 18 -1 -15 -9 -11 -7 21 -12 23 -13 25 -17 -3 -26 -19 -16
right_child=2 4 5 6 9 19 10 17 11 13 20 12 -14 16 29 24 -18 28 -20 -21 -22 -23 -24 -25 27 -27 -28 -29 -30 -31
leaf_value=-0.083279969962036252 0.080347232244317127 0.0093627337157049483 -0.0097114644381652189 0.051828102944476588 -0.041107944211992813 0.066867521757476817 -0.048968572249469398 -0.062094732782667167 -0.068454503287533539 0.03761076446274967 -0.052336477040895793 0.14351376211682756 0.018247822411834574 -0.013047384001528481 0.030795987388350699 -0.037663854308782087 0.07800377495213727 -0.048810995995181607 0.0068081449199108943 0.12688909923525304 0.010664343110112729 0.25350244395005139 0.17587861073602737 0.040044621035785391 0.078636756446265305 -0.075638292559461112 0.14332655656104801 -0.078822667509430955 -0.011738362297836834 -0.023891206391473518
leaf_weight=1220.5580020230263 733.35578497126698 708.10132543742657 178.90342866629362 586.38265513814986 542.8283701185137 266.78387779742479 615.12584393657744 813.6858624201268 95.917403053492308 939.57786071300507 335.78463230095804 76.083254992961884 1173.7541657313704 129.72563297301531 218.72308279573917 1035.2647831626236 317.32312397658825 694.8305732011795 3509.8077425397933 735.30700801312923 1361.8705940209329 14.854447087273 55.718804460018873 372.9267201051116 70.393337728455663 713.37690121307969 35.595061294734478 36.254545599222183 1124.2019412554801 1393.8448851313442
leaf_count=48734 4784 7531 857 4783 6201 1388 13161 16642 1656 7924 6103 430 10941 1190 2486 32404 2085 16847 39415 3527 17294 94 306 2432 883 25769 291 1256 16651 19244
internal_value=-0.00121425 -0.0180895 0.0332992 0.0203919 -0.00502108 0.0925551 0.000347689 -0.0256268 0.0436833 0.00484494 -0.0127891 0.02792 0.0338001 0.008727 0.0054738 -0.0623961 0.0530353 -0.0371807 0.0134126 0.109814 0.000415272 -0.0393799 0.0706368 0.0575771 -0.048657 -0.0531559 0.0155653 0.025109 -0.0257577 -0.0164308
internal_weight=20106.9 13504.1 6602.77 5421.77 10428.2 1180.99 2914.02 3376.41 2507.76 7051.83 2327.64 1774.4 1678.48 6509 6061.95 3075.85 447.049 2632.72 4449.39 1002.09 1712.51 350.639 504.729 449.01 1855.29 1748.64 743.696 106.648 1819.03 1612.57
internal_count=313309 245553 67756 61984 136507 5772 41435 57962 20549 78545 36652 15765 14109 72344 69069 109046 3275 50140 47339 4915 23491 6197 3168 2862 60312 58173 7822 2139 33498 21730
cat_boundaries=0 14 35 57 79 103 127 151 165 187 209 230
cat_threshold=0 0 2 260 0 0 2097152 0 603979776 4194592 2097152 0 1048577 65536 50331648 263 16777472 0 0 0 277086208 0 16384 0 0 134218752 3276870 4 0 1081344 0 8388608 263168 0 2150630400 0 67108864 8388618 2098176 0 2197815296 66048 262144 65536 0 278528 0 131072 8389632 0 16777216 0 1073741832 2056 2097184 2149580800 8192 134217728 0 1073742080 0 0 8 0 262144 33554432 0 65536 2793406496 1870897 4 0 1048576 0 8388608 2048 2097152 0 2048 33554432 536870912 67109120 4194304 0 8388625 8388608 2048 1064960 4194304 0 134217728 8388608 69632 0 402653184 2098212 3766525952 8 16 0 0 0 16777216 524288 0 1073741824 8 0 0 0 20987904 33554432 2098432 0 3221225473 1074544768 402653200 0 0 0 0 0 0 0 269549568 6294704 16384 33554432 1 0 2064 0 532480 65540 0 131072 2097409 257 0 1082130952 436211712 0 0 0 0 524289 0 0 268566528 134238720 48 17301504 67108864 8388610 1024 0 0 0 0 603979776 0 0 813694976 6233346 32768 302514176 2 256 4196352 0 0 262144 16384 603996160 0 0 2692743168 7347538 0 0 134217728 0 8388608 0 0 0 2048 0 67108866 8421378 13328 0 0 262144 262144 0 4 0 3858759680 4395136 0 0 8192 0 33554432 2048 2097184 268436480 2048 0 256 8388608 24 0 131072 768 8448 67108864 0 536903680 8192 16777248 9220 0 16777216 0 38027264 2050 2 12189696
is_linear=0
shrinkage=0.1


Tree=16
num_leaves=31
num_cat=7
split_feature=30 18 30 18 3 30 3 30 3 3 3 30 30 15 15 15 15 30 15 15 30 27 24 14 28 27 3 18 30 3
split_gain=972.763 686.096 425.186 231.075 197.458 182.235 153.919 133.74 165.238 130.359 102.589 102.105 96.4936 211.339 195.216 123.142 87.0975 86.2061 83.6968 358.335 174.791 82.8366 79.3353 74.8093 73.0155 72.7121 67.5756 66.0406 63.5282 61.1521
threshold=24.500000000000004 0.0380292795598507 38.500000000000007 0.025347154587507251 0 20.500000000000004 1 29.500000000000004 2 3 4 27.500000000000004 32.500000000000007 3.5000000000000004 5.5000000000000009 3.5000000000000004 3.5000000000000004 20.500000000000004 1.0000000180025095e-35 2.5000000000000004 21.500000000000004 0.12364277988672258 3.5000000000000004 9.5000000000000018 0.093866877257823958 0.089561395347118392 5 0.017837658524513248 26.500000000000004 6
decision_type=2 2 2 2 9 2 9 2 9 9 9 2 2 2 2 2 2 2 2 2 2 2 2 2 2 2 9 2 2 9
left_child=1 17 3 -2 -4 9 -5 11 -9 -3 -7 16 13 29 24 26 28 -1 20 23 -12 22 -11 -20 -15 -21 -14 -6 -8 -10
right_child=2 5 4 6 27 10 7 8 12 21 18 -13 15 14 -16 -17 -18 -19 19 25 -22 -23 -24 -25 -26 -27 -28 -29 -30 -31
leaf_value=-0.081450955901702357 -0.040639598877694388 -0.05913554525042021 0.002804571564044055 0.088652025344254565 -0.04228923638700513 -0.03590322318072519 0.035231995944331955 -0.034855459385035724 -0.052034030079779685 -0.035956022016647646 -0.018852163555483248 0.10627969180461082 0.025773439599445065 0.39245800275567189 -0.0091919839762253826 0.0021222658520996863 -0.0085704526483525202 -0.046089129611805835 0.074494152695974189 -0.026009011512176675 0.064951932061231302 0.0035893358439328285 0.20531391712072267 0.022640405934941602 0.16565218710000004 0.0074728302002792929 0.10256273715191473 0.1230735359202158 0.092860260624852017 0.003834770828869888
leaf_weight=1127.8729159198701 569.82716560550034 799.21030474454165 206.18123764544725 361.67174905538559 25.002114236354828 574.69588532857597 1345.1660515554249 704.63413192145526 344.51792841218412 1109.364413222298 1919.251782476902 208.80749298632145 207.75356383807957 19.472634490579367 68.080661026760936 397.3492669891566 405.41783629357815 1773.299390129745 935.27337709628046 960.98605439066887 285.96127962879837 1379.0904281027615 13.798385310918091 396.03756155632436 52.361761588603258 1995.4313365370035 333.14543353021145 709.47257512062788 223.0040918327868 442.2740691229701
leaf_count=48755 15027 17021 951 2227 143 6866 9606 12784 4915 25510 22771 1008 1287 157 693 3509 3253 60484 8827 15173 2711 15308 139 4248 227 17845 2228 3512 1066 5293
internal_value=-0.0012267 -0.0168496 0.0300711 0.019764 0.0923465 -0.00482232 0.026495 0.0215323 0.006117 -0.0242191 0.00423837 0.0397813 0.0216683 -0.00110325 0.112141 0.0443907 0.0327457 -0.0598366 0.00783457 0.0159889 -0.00798486 -0.0127795 -0.0329919 0.0590687 0.227134 -0.00341047 0.0754414 0.115867 0.0434271 -0.0212415
internal_weight=19894.4 13270.3 6624.14 5683.48 940.656 10369.1 5113.66 4751.98 2569.59 3301.46 7067.64 2182.4 1864.96 926.707 139.915 938.248 1973.59 2901.17 6492.94 4287.73 2205.21 2502.25 1123.16 1331.31 71.8344 2956.42 540.899 734.475 1568.17 786.792
internal_count=313544 245658 67886 63280 4606 136419 48253 46026 31093 57978 78441 14933 18309 11285 1077 7024 13925 109239 71575 46093 25482 40957 25649 13075 384 33018 3515 3655 10672 10208
cat_boundaries=0 21 42 65 87 107 124 145
cat_threshold=142606336 268435458 2 4 0 0 2359296 0 637534208 4194592 2097152 1 1573377 65536 0 0 65536 0 0 0 2147483648 41943040 268435456 0 0 0 0 0 0 16384 0 0 67109888 34880 0 0 1048576 32 8388608 264192 3145760 2150629376 3221749760 0 1082130434 9 536870912 0 0 16384 33554432 65536 565248 3221225473 76300416 40960 0 0 2147483656 4096 0 0 0 2048 4259840 268959744 2 256 0 0 0 262144 16384 603996160 0 536870912 2424307840 7413074 65536 0 135266304 0 545259520 0 0 0 2048 0 537919488 67109120 4194304 0 2147483665 8392704 0 1064960 4194304 0 134217857 8388864 5120 0 402653184 2097188 3766493184 0 16 536870912 75497472 67108864 4195584 0 0 0 0 0 0 2113536 570425344 1181481 0 0 134217728 4 536870912 75497474 67109120 256 0 8 262144 262144 603979776 0 0 947912704 6296850 65536 0 134217728 0 536870912 0 0 32896
is_linear=0
shrinkage=0.1


Tree=17
num_leaves=31
num_cat=8
split_feature=18 30 30 30 3 3 23 24 24 23 3 3 22 3 23 3 30 13 24 15 15 30 30 23 18 15 3 30 22 26
split_gain=822.083 643.944 256.96 234.903 233.713 146.885 138.554 242.546 144.246 134.043 120.55 115.739 79.8603 75.4238 73.5245 73.0844 62.2797 60.6592 60.6479 60.2795 118.975 103.311 66.5535 58.8991 62.5984 58.2007 55.4135 53.275 51.0234 49.4351
threshold=0.051300967112183578 34.500000000000007 20.500000000000004 24.500000000000004 0 1 2.5000000000000004 2.5000000000000004 1.0000000180025095e-35 1.0000000180025095e-35 2 3 0.082342565059661879 4 3.5000000000000004 5 38.500000000000007 6 1.0000000180025095e-35 1.0000000180025095e-35 2.5000000000000004 21.500000000000004 30.500000000000004 1.5000000000000002 0.024061904288828376 1.5000000000000002 7 21.500000000000004 0.13338445872068408 1.0000000180025095e-35
decision_type=2 2 2 2 9 9 2 2 2 2 9 9 2 9 2 9 2 9 2 2 2 2 2 2 2 2 9 2 2 2
left_child=3 2 10 12 14 -3 8 18 9 11 -2 -4 23 -9 -5 -13 25 -17 -8 21 -21 -19 -23 24 -1 -7 -12 -22 -16 -11
right_child=1 5 6 4 -6 16 7 13 -10 29 26 15 -14 -15 28 17 -18 19 -20 20 27 22 -24 -25 -26 -27 -28 -29 -30 -31
leaf_value=-0.072066709961108949 -0.054811982820202179 0.0091489175996368917 0.044887719026748707 0.060087818077669886 -0.038234676891956136 0.11800548785776538 -0.073144737054789799 -0.0063029508801021724 0.075511127498027714 0.0026584386318108206 0.013908987405139857 -0.039629992645002568 -0.0022918897105699758 0.089834013426828674 -0.066965825888440009 -0.030152569415557995 0.11736297676096275 -0.014804099754605983 -0.016001810546442789 0.042865438939399009 -0.062306797284253583 0.072575496021490646 -0.015572219711390049 -0.087791148529243315 -0.037734486641227478 0.038747495688335562 -0.019895483330722954 0.012137554058190666 0.14086945450143848 -0.046047481678666194
leaf_weight=923.71195369958878 807.66845842637122 261.25191407650709 1184.1100103966892 476.75904918834567 877.07721674628556 142.35650523751974 505.87217754870653 146.71475691348314 374.20555313676596 359.90758657082915 678.3972293715924 263.21192346513271 262.82727740705013 183.7811568826437 80.579775204882026 300.62524153664708 583.49925224483013 1290.1824035681784 293.49046653881669 1632.6831399388611 99.0666199401021 263.40239017084241 126.92968774214387 596.97731475718319 1249.4251837786287 265.33878919109702 1650.8644460253417 3243.1910167261958 13.841172996908425 494.98519242554903
leaf_count=41239 18115 1389 8388 7205 19502 720 8217 1096 1984 4349 6720 3715 6072 1100 1934 3142 3081 15064 2631 14398 1041 2089 1679 27163 42832 1549 29731 31127 122 6109
internal_value=-0.00152393 0.00960443 0.00341606 -0.0391509 -0.00601826 0.0782811 0.0107567 -0.0223726 0.0146427 0.0121825 -0.0217687 0.0160203 -0.054972 0.049684 0.043362 0.0112077 0.0954473 0.0131855 -0.0521644 0.0151854 0.0207395 -0.00116631 0.0439113 -0.0599703 -0.0523277 0.0664223 -0.0100326 0.00993098 -0.0364992 -0.0255424
internal_weight=19632.9 15151.7 13899.3 4481.2 1448.26 1252.45 10762.4 1129.86 9632.5 9258.3 3136.93 8403.4 3032.94 330.496 571.18 7219.29 991.195 6956.08 799.363 6655.46 4974.94 1680.51 390.332 2770.11 2173.14 407.695 2329.26 3342.26 94.4209 854.893
internal_count=313503 167434 160695 146069 28763 6739 106129 13044 93085 91101 54566 80643 117306 2196 9261 72255 5350 68540 10848 65398 46566 18832 3768 111234 84071 2269 36451 32168 2056 10458
cat_boundaries=0 24 46 68 90 108 132 221 245
cat_threshold=2894069824 1342177284 1074003968 2 0 4122 1024 4194304 34865152 8388608 65792 32 0 32768 0 0 0 4096 32 0 0 0 576 5 33554432 67108864 8388610 4197377 0 0 8392704 16384 603979776 0 2097152 268435456 20481 65536 0 0 1024 0 4194304 0 0 2048 268959744 2 67109120 4194304 0 0 0 16384 603996160 0 536870912 2961178624 2186578 36 0 134217728 4 545259520 0 0 0 2048 131072 256 142606336 1024 0 0 1073741824 262144 0 0 0 33554432 33691713 4 0 32768 0 46399488 7168 19922978 3145728 2048 268435456 8388608 8388864 1024 0 0 8388608 16777216 536887296 0 0 0 1575168 32 0 0 0 1082130432 33554432 536870912 4 4194304 0 133121 8389122 0 0 0 132096 0 16384 69824 0 134348800 33554564 2147557376 10 16 65536 0 0 20971520 0 0 0 0 0 514 0 0 0 0 0 0 65664 0 0 0 4 0 0 268435456 0 0 0 0 536872960 0 0 1024 0 0 0 0 131072 0 0 0 0 0 0 268435456 0 4 0 0 0 0 0 1 0 32 0 1024 16777216 0 0 0 0 128 0 0 0 0 0 65544 16384 0 0 0 0 8 0 0 16777216 0 1073741824 0 0 0 0 0 16777216 4096 0 4 0 4194304 0 0 68157472 32768 0 8388616 1024 0 1124073472 4608 17039360 65536 0 278528 0 131072 8651776 0 25165824 0 1073741832 2304 6291488 67110976 0 0 4194304
is_linear=0
shrinkage=0.1


Tree=18
num_leaves=31
num_cat=4
split_feature=30 18 30 18 27 1 23 24 24 23 13 30 20 22 30 18 18 26 22 20 13 23 18 24 23 29 1 24 25 26
split_gain=702.585 520.95 322.008 173.918 129.103 113.027 86.1216 101.338 89.7606 106.94 83.1355 82.3383 81.7867 125.895 72.8244 70.0788 62.7647 55.8399 50.1192 61.9173 48.3976 47.4007 46.6327 45.1121 65.145 44.4047 58.3671 43.1548 42.8896 41.5894
threshold=24.500000000000004 0.0380292795598507 38.500000000000007 0.026007309556007389 0.089561395347118392 0 5.5000000000000009 4.5000000000000009 1.0000000180025095e-35 1.0000000180025095e-35 1 20.500000000000004 1.0000000180025095e-35 0.24176811426877978 20.500000000000004 0.068297538906335845 0.01679024659097195 1.0000000180025095e-35 0.042125429958105094 1.5000000000000002 2 1.0000000180025095e-35 0.31676022708415991 1.0000000180025095e-35 4.5000000000000009 3778.5000000000005 3 2.5000000000000004 1.5000000000000002 1.0000000180025095e-35
decision_type=2 2 2 2 2 9 2 2 2 2 9 2 2 2 2 2 2 2 2 2 9 2 2 2 2 2 9 2 2 2
left_child=1 11 3 -2 14 -5 8 -8 9 20 -6 -1 25 21 -3 -4 -13 -10 19 -18 -7 29 -22 -23 -25 26 -12 -15 -11 -14
right_child=2 4 15 5 10 6 7 -9 17 28 12 16 13 27 -16 -17 18 -19 -20 -21 22 23 -24 24 -26 -27 -28 -29 -30 -31
leaf_value=-0.078213115333257199 -0.03693094366020002 -0.043708372323820563 0.03585381072647572 0.085963198535077362 0.070938945216443103 -0.018521396741069524 -0.051937056089681272 0.053087905780993129 0.11538157398135938 -0.05310519109191434 -0.039915382058306303 -0.07811306725641716 -0.038340238835278123 0.017827235546828704 -0.01160097789745098 0.098685786004145445 -0.02142652743662336 0.026463776598702596 0.021184807928208777 -0.071721178133909422 0.025405072033709387 -0.059718559193021437 0.071121721129594376 0.058467859511786048 -0.045861877782204574 0.00019714867636844459 0.025023373505229259 0.10690508314015522 0.0014976764503037577 0.013114408933147699
leaf_weight=982.25926868990064 556.93278949335217 1021.433429164812 246.42161816358566 252.94540969096124 162.98047124221921 229.35035130940378 331.51869189925492 127.09473900310695 162.49014057405293 237.09611565805972 142.77418732829392 362.75079008005559 277.80062443576753 375.99568653665483 2290.6335291098803 634.77340396493673 718.25215563550591 124.92519856244326 161.14218052104115 371.31903422065079 3034.8244008552283 621.75245865248144 240.82758947461843 90.396473195403814 177.115592924878 2988.6655335947871 1703.7479898389429 63.583332374691963 365.78969916515052 361.49485125951469
leaf_count=48547 15481 27589 1171 1791 1553 2178 5233 712 865 2994 1595 16656 3222 3003 36513 3433 23794 750 3534 16460 27710 9402 1135 660 1723 30133 16888 376 4481 3926
internal_value=-0.00179565 -0.0153579 0.0248815 0.0161324 -0.00524892 0.0219193 0.0183669 -0.0228317 0.0227074 0.0189274 0.00247885 -0.0553867 0.000733474 -0.0164508 -0.0215028 0.0811151 -0.0414902 0.0767334 -0.0308682 -0.0385666 0.0256191 -0.0300138 0.0286786 -0.0449447 -0.0106072 0.00772978 0.0199216 0.030712 -0.0199759 -0.00924479
internal_weight=19419.1 12874.1 6544.99 5663.8 10278.4 5106.86 4853.92 458.613 4395.3 4107.89 6966.31 2595.72 6803.33 1968.14 3312.07 881.195 1613.46 287.415 1250.71 1089.57 3505 1528.56 3275.65 889.265 267.512 4835.19 1846.52 439.579 602.886 639.295
internal_count=313508 245574 67934 63330 136583 47849 46058 5945 40113 38498 72481 108991 70928 22312 64102 4604 60444 1615 43788 40254 31023 18933 28845 11785 2383 48616 18483 3379 7475 7148
cat_boundaries=0 1 93 184 185
cat_threshold=111151104 0 0 0 0 524288 2097152 0 0 0 536870912 2129920 0 0 524288 0 16777344 1048576 0 0 0 0 0 0 0 0 0 0 0 0 1073741824 32768 0 0 512 0 0 0 0 0 0 64 0 0 33554432 32768 1048576 4096 0 0 0 0 0 0 128 16384 0 4194304 0 0 67108864 0 32768 0 0 0 0 16777216 0 0 128 0 0 0 0 0 0 0 134348800 0 0 96 0 0 0 268435456 0 0 0 0 0 0 1 0 0 0 0 0 0 0 0 0 0 67108866 0 65536 0 0 16777216 1048580 0 0 268435456 0 0 0 0 536872960 0 0 1024 0 0 2048 0 0 0 0 0 0 0 131072 0 0 0 0 68157440 0 0 0 1 0 0 0 0 0 0 16384 0 0 128 0 32 0 2097152 0 0 0 0 0 0 33554432 0 0 0 16777216 0 0 0 0 0 512 0 16779264 0 0 0 0 0 0 0 1048576 0 16 69339144
is_linear=0
shrinkage=0.1


Tree=19
num_leaves=31
num_cat=13
split_feature=18 30 30 30 3 18 22 20 22 13 3 3 20 3 22 3 26 30 3 13 3 26 27 24 30 3 3 3 13 29
split_gain=582.507 485.526 192.408 185.163 165.178 155.741 95.4329 127.302 94.09 108.989 92.8809 91.8404 77.2763 112.743 87.812 67.6043 65.2311 59.0115 67.9543 57.7776 49.6687 49.1737 48.7429 52.2026 46.042 57.7652 40.8249 38.7652 38.6832 40.5385
threshold=0.048776902258396156 35.500000000000007 20.500000000000004 20.500000000000004 0 0.01679024659097195 0.082342565059661879 5.5000000000000009 0.50714287161827099 1 2 3 1.0000000180025095e-35 4 0.065492488443851485 5 4.5000000000000009 25.500000000000004 6 7 8 1.5000000000000002 0.12364277988672258 3.5000000000000004 24.500000000000004 9 10 11 12 4130.5000000000009
decision_type=2 2 2 2 9 2 2 2 2 9 9 9 2 9 2 9 2 2 9 9 9 2 2 2 2 9 9 9 9 2
left_child=2 3 -1 11 -3 -4 7 20 9 -5 -11 -2 15 -14 26 -12 -10 28 -19 -13 -7 -8 23 -21 27 -26 -15 -22 -17 -30
right_child=1 4 5 8 -6 6 21 -9 16 10 12 19 13 14 -16 17 -18 18 -20 22 24 -23 -24 -25 25 -27 -28 -29 29 -31
leaf_value=-0.073932062418135533 -0.052531421230781042 0.0019959372408293206 -0.069939451359677302 0.082488321973335638 0.099863862332792874 -0.053432636559972504 0.077037743473494624 -0.062356800181811847 0.09948268406231997 0.035132696019419304 -0.033041296659372194 0.074508171238665988 -0.033548558112503603 0.031989961920322489 0.031259806429182156 -0.043373312913042777 0.0061408316229359687 -0.0082272262621328543 0.042377358353595962 -0.031766897122733721 0.02588535690396503 -0.0096408344487220639 -0.000329077951675337 0.18126386563578045 0.045415230922930497 -0.013466471838885802 -0.019473065011372345 -0.026612729086003841 0.014268200144907681 -0.0059452428663531783
leaf_weight=981.84612054005265 634.62051247619092 237.34627647697926 571.80590662546456 179.15300729684532 715.15195410698652 180.84878041036427 168.88511309213936 516.19907918386161 190.3500445894897 975.36248863860965 350.00334569439292 68.764336446300149 1222.1377934031188 172.6066763382405 774.84997524321079 142.22523614764214 123.40823401138186 357.35539251193404 1040.0183267481625 1002.6689557507634 173.00180428847671 106.86418589949608 1353.6301953513175 11.636409152299164 376.05696015805006 290.28780215233564 1024.3941716216505 630.11534789949656 3164.2585042119026 1445.378368075937
leaf_count=51420 15083 1073 23620 1530 3968 4676 2412 19706 983 5926 5211 1052 15606 2439 7273 1436 777 3316 8365 24136 5850 1779 15070 107 5964 5409 12696 21582 29871 14863
internal_value=-0.0015138 0.0074256 -0.0354854 0.00279986 0.0765462 -0.0229613 -0.0119622 -0.0190145 0.00878305 0.00722156 0.00587482 -0.0189437 0.00289762 -0.00983599 0.00500563 0.00915989 0.0627692 0.0115968 0.0296805 -0.00993963 -0.00545755 0.0434462 -0.012695 -0.0293229 0.000804954 0.0202433 -0.0119476 -0.015313 0.00630335 0.00791299
internal_weight=19181.2 15185.3 3995.91 14232.8 952.498 3014.06 2442.26 2166.51 11161.5 10847.7 10668.6 3071.32 9693.23 3193.99 1971.85 6499.24 313.758 6149.24 1397.37 2436.7 1650.31 275.749 2367.94 1014.31 1469.46 666.345 1197 803.117 4751.86 4609.64
internal_count=313199 170781 142418 165740 5041 90998 67378 63187 110292 108532 107002 55448 101076 38014 22408 63062 1760 57851 11681 40365 43481 4191 39313 24243 38805 11373 15135 27432 46170 44734
cat_boundaries=0 19 110 132 154 178 202 223 313 337 361 382 405 495
cat_threshold=0 0 8388610 4195328 0 0 4096 16384 536870912 0 2097152 134217728 3686913 0 0 1048576 1024 0 4194304 0 0 0 0 524288 0 0 0 33554432 0 2129920 0 0 0 0 0 0 0 0 16 0 0 0 0 0 0 69632 0 0 1073741824 0 0 0 0 0 0 0 0 2 0 0 128 0 33816576 32768 0 16777216 0 0 0 0 1024 0 0 0 256 0 0 64 0 0 0 2 0 0 0 1 0 134217728 128 0 0 8192 0 536870912 0 0 131072 0 0 0 0 524288 0 268435456 0 0 0 0 1024 65 0 8 134217728 16 0 0 0 262144 268435456 0 0 33555456 50528256 4456452 0 17825792 0 42336256 268703744 2097186 2150630400 2048 268959744 2 67109120 4194304 0 0 262144 16384 603996160 0 536870912 612368384 3168338 0 0 134217728 4 545292288 0 0 0 2048 0 109051904 75530496 1025 0 532480 8388608 0 0 4 262144 0 9175431 8458240 0 134217728 0 1073840128 524288 0 64 0 0 16777216 34078720 536870976 0 4196352 0 537001984 1048578 16384 67108864 0 0 0 8389120 65536 0 134348800 536870932 2147491976 16777216 0 131104 0 0 16777216 0 8388608 67108866 8 0 8208 8392704 16785408 0 0 2097152 4160749568 4456642 2 0 0 2181038080 0 4194312 16 128 0 0 0 0 524288 0 0 0 0 603979776 2129920 0 0 524288 0 16777216 1048576 0 262144 0 0 0 0 0 0 0 0 1024 0 1073741824 8192 0 0 0 0 0 0 0 0 0 0 128 0 0 0 0 4096 0 0 524288 0 0 0 0 0 0 4194312 128 0 0 0 0 4 0 0 0 0 536870912 134217728 0 0 0 0 0 512 0 4 134217728 32 8 2048 0 0 4 0 0 0 0 1048576 1073741824 2048 0 131072 4 0 2147483648 57381 135266304 0 272732681 0 1 0 32768 0 0 8 0 16 0 0 202379264 2147483776 32 748683328 1358954500 0 256 0 10 671088640 4194304 1310720 8224 65536 32 0 16 0 0 0 4096 32 0 0 536870912 16777328 32772 524288 64 16777216 0 0 131072 34865152 16640 604504064 0 536870912 268435456 536875584 0 0 32768 4260352 541089792 0 0 655360 1073741824 1077936128 0 4098 0 2162688 6291776 1 0 539231232 8193 0 8 16 0 32 0 0 1 0 0 128 153424144 0 0 0 0 0 0 0 0 0 67108896 2 0 66560 0 0 0 1048576 128 0 0 0 0 0 4 536870912 0 0 0 0 0 2048 0 131072 2097152 0 0 128 0 0 0 0 0 0 1073741824 0 0 0 1 4096 0 0 0 0 128 0 2 0 0 0 8192 0 0 4 8 0 0 0 0 0 8 0 0 0 0 1073741828 0 0 0 768 0 2048 0 0 4 0 0 0 0 0 1073741824
is_linear=0
shrinkage=0.1


Tree=20
num_leaves=31
num_cat=9
split_feature=30 18 3 30 30 3 23 24 24 23 3 3 23 22 13 3 15 15 30 30 30 30 30 18 3 30 3 13 30 24
split_gain=510.96 436.644 195.458 184.04 132.744 123.7 110.353 148.732 126.643 126.37 106.995 89.9204 75.1253 72.4913 68.0004 61.2454 56.429 105.23 92.2648 82.2522 153.599 96.5037 64.0412 55.4328 54.181 52.8229 52.4358 51.7271 50.7892 48.4989
threshold=35.500000000000007 0.03509680554270745 0 20.500000000000004 20.500000000000004 1 8.5000000000000018 1.5000000000000002 5.5000000000000009 1.5000000000000002 2 3 2.5000000000000004 0.042125429958105094 4 5 1.0000000180025095e-35 2.5000000000000004 21.500000000000004 33.500000000000007 29.500000000000004 30.500000000000004 30.500000000000004 0.017837658524513248 6 24.500000000000004 7 8 31.500000000000004 1.0000000180025095e-35
decision_type=2 2 9 2 2 9 2 2 2 2 9 9 2 2 9 9 2 2 2 2 2 2 2 2 9 2 9 9 2 2
left_child=1 4 -2 10 -1 12 7 9 -8 11 -3 -5 -6 -14 -13 -16 18 19 -17 20 -18 -22 26 -4 -12 -19 -20 -7 -24 -11
right_child=2 3 23 6 5 27 8 -9 -10 29 24 14 13 -15 15 16 17 25 22 -21 21 -23 28 -25 -26 -27 -28 -29 -30 -31
leaf_value=-0.075414910635948018 -0.0097286054812650933 0.01252527635952317 -0.029283304275508598 0.035499721522635211 0.010690602161510044 0.062241825976289571 -0.065863625762689434 0.086907218342822334 0.035304597554087817 -0.046545545804398257 -0.055804034275433637 0.069279620897244182 -0.081994585273089005 0.035640693820990756 -0.035632630680655933 -0.019529800583296002 0.041187344729576768 -0.0063503722811272742 0.0026733478267097753 0.12986009418571301 -0.064239355458317812 0.033772524434712757 -0.039647866630722173 0.091785596914208623 -0.021168701180494812 0.016681774409538715 0.088162880136109734 -0.054264817519385444 0.059635732276033374 0.0090837125370261396
leaf_weight=788.39233904890716 290.26164615154266 757.77095569111407 39.598009802401066 1267.8846730403602 851.40693563595414 33.446656577289104 407.38663409091532 242.32582351192832 177.71018944308162 563.31930155679584 628.60576833039522 162.47392075136304 193.92606396786869 71.773738089948893 332.79678016342223 1518.2646809536964 1564.7893881723285 2431.8966550603509 123.05806487426162 80.431826427578926 261.7237611040473 163.03796393796802 173.99681946262717 841.4282300658524 1731.4512205887586 1686.1717269308865 192.64581134915352 1131.6676633991301 73.201716531068087 217.12707568705082
leaf_count=45464 1447 8099 329 9846 23222 1277 6856 1296 1092 9327 17249 1618 9027 1421 5880 18680 12766 27446 919 534 4051 1452 2325 4812 35520 13217 1670 44065 528 1533
internal_value=-0.00152723 -0.00573052 0.0624529 0.0014079 -0.0400394 -0.0278189 0.00718734 0.00942732 -0.035136 0.00769092 -0.0201693 0.0107062 -0.00376253 -0.0502177 0.00707092 0.00581684 0.00752601 0.0123258 -0.00670923 0.0307189 0.0267109 -0.0266191 0.0278705 0.0853751 -0.0305904 0.0030803 0.0577172 -0.0504191 -0.0102475 -0.031069
internal_weight=19000 17828.7 1171.29 14758.1 3070.61 2282.22 11640.2 11055.1 585.097 10812.8 3117.83 10032.4 1117.11 265.7 8764.49 8602.02 8269.22 6188.05 2081.17 2069.98 1989.55 424.762 562.902 881.026 2360.06 4118.07 315.704 1165.11 247.199 780.446
internal_count=312968 306380 6588 181904 124476 79012 121036 113088 7948 111792 60868 100932 33670 10448 91086 89468 83588 59466 24122 18803 18269 5503 5442 5141 52769 40663 2589 45342 2853 10860
cat_boundaries=0 24 47 68 90 182 206 228 249 337
cat_threshold=2181038080 0 8388610 1029 0 0 2129920 512 536870912 4194592 2097152 1 1851905 0 0 0 1028 0 0 0 0 2281701376 12582912 32768 2829058112 272629764 0 2 16 0 6293504 542113792 262144 805341184 590080 32 0 16 0 0 0 0 48 0 0 0 1090519296 0 67108864 8388618 2098176 0 2149613568 4608 17039360 0 4194304 16384 33554432 131072 8650752 0 16908290 0 1073741832 2304 6291456 2097216 268435456 258 8392704 9216 0 0 0 262144 268500992 0 0 603979776 538122240 0 0 8192 4194304 8388608 2048 3145762 272106496 2048 0 0 0 0 524288 1024 0 0 0 0 2097152 0 0 0 8 16777280 0 0 0 16 0 0 0 0 0 0 69632 0 0 0 0 0 0 0 0 0 0 0 0 0 0 128 0 256 32768 0 0 16 0 0 16384 0 0 0 16384 0 4194304 0 64 0 0 2097152 16 0 0 0 0 67108864 134217728 128 0 0 0 0 0 64 0 131072 0 0 0 0 0 2048 268435456 0 512 0 65536 2097152 512 1 33554432 33554432 67108864 4194304 0 2752086036 1048576 67108864 0 4194304 32768 1 8388608 69632 0 268566528 128 2147491968 4194304 0 131104 134217728 0 16777216 268959744 2 1073742080 2048 0 0 8650752 16384 637550592 0 0 2155872256 2104402 0 0 134217728 0 545259520 0 0 0 2048 524288 67108864 2 2048 0 0 262144 0 536870912 0 2113536 402653184 4194819 0 0 0 0 0 0 16 2281701376 0 0 0 16778240 524288 528 0 0 0 16777248 2147483648 0 0 0 0 0 0 0 262144 512 0 0 0 4 0 0 0 0 0 0 0 0 2048 2097152 0 0 0 0 0 0 0 16777220 1048576 268435456 0 0 4096 1 0 0 0 0 16777216 0 0 0 0 0 0 16777216 33554560 0 0 0 0 16384 1024 0 0 0 134217744 0 0 0 1073742336 0 0 0 1024 8 0 0 0 0 0 0 0 4096
is_linear=0
shrinkage=0.1


Tree=21
num_leaves=31
num_cat=11
split_feature=30 18 3 30 3 30 15 30 30 3 18 13 30 3 22 15 23 15 3 14 3 3 29 3 3 3 22 23 29 29
split_gain=420.13 384.856 160.517 118.082 139.747 113.976 103.109 211.565 184.32 103.317 99.5333 87.2888 86.7228 77.2961 66.0444 64.0192 63.1537 62.1515 60.356 59.5754 94.5297 88.3419 62.8823 57.2406 52.7292 43.4975 43.2323 60.4272 43.0917 45.2819
threshold=34.500000000000007 0.03509680554270745 0 21.500000000000004 1 20.500000000000004 3.5000000000000004 29.500000000000004 32.500000000000007 2 0.015315920114517214 3 39.500000000000007 4 0.084570985287427916 1.5000000000000002 14.500000000000002 1.5000000000000002 5 8.5000000000000018 6 7 3871.5000000000005 8 9 10 0.045492872595787055 1.5000000000000002 3894.5000000000005 3845.5000000000005
decision_type=2 2 9 2 9 2 2 2 2 9 2 9 2 9 2 2 2 2 9 2 9 9 2 9 9 9 2 2 2 2
left_child=1 5 -2 4 -3 -1 7 9 13 17 -7 -6 15 -9 28 -4 23 -5 -10 21 -21 22 -13 26 -8 -17 27 -12 29 -11
right_child=2 3 12 6 11 10 24 8 18 14 16 19 -14 -15 -16 25 -18 -19 -20 20 -22 -23 -24 -25 -26 -27 -28 -29 -30 -31
leaf_value=-0.0729187415800268 -0.025461137746638163 -0.045612905016048977 0.086366823821410504 0.11052112456514263 0.0827377064281513 -0.075642508662156271 -0.029162885444407524 -0.058269631690888529 -0.001912922339446031 0.028795960274754551 0.0063733397654292673 0.046968782237650865 0.092017819805383816 -0.0047485622220781913 0.077179298279087344 0.055839989254790591 -0.077893744962269543 0.049941352908557057 0.086801043277356757 0.021481102570140354 -0.033841040213128053 -0.0088088495884493852 0.0029905819214735411 -0.034187766787624231 0.0029214566659131738 -0.0077945030061971361 0.059827051391363087 -0.07032913063951006 -0.00024287769272727093 0.14567415791692431
leaf_weight=734.23730183765292 236.64721629396081 884.68065625149757 196.72880399599671 258.87065147422254 106.17427859827876 356.41592583619058 590.21695930697024 488.40532628446817 127.17939534410834 682.77325920574367 739.51915921270847 600.41880289465189 598.8235734179616 606.92058707028627 210.3863090723753 168.1030289940536 159.65086657367647 489.75343072414398 207.39435101673007 401.69165796041489 1271.9317693915218 2581.4847942162305 709.11326913721859 673.79365754313767 3487.1348633896559 270.26137507334352 119.88085189647973 119.27638200484216 712.8278918210417 34.83940814062953
leaf_count=45507 1550 18853 1218 1970 1267 17713 7314 8644 847 4574 21200 6467 3543 7217 1245 975 7659 2980 1656 3893 20714 39755 10024 24046 37580 2265 2056 5180 5123 210
internal_value=-0.00128892 -0.00563751 0.0500312 0.00103635 -0.00888441 -0.038865 0.00927212 0.0210786 -0.00934593 0.0392853 -0.0273349 -0.0030687 0.0641957 -0.0291889 0.0247153 0.0389732 -0.0178335 0.0699551 0.055616 -0.00485138 -0.0206368 0.00192587 0.0229791 -0.0120309 -0.00178727 0.0177039 0.00353677 -0.00427971 0.0171718 0.0344703
internal_weight=18825.5 17355 1470.56 14452.2 6555.5 2902.77 7896.7 3819.35 1429.9 2389.45 2168.54 5670.81 1233.92 1095.33 1640.83 635.093 1812.12 748.624 334.574 5564.64 1673.62 3891.02 1309.53 1652.47 4077.35 438.364 978.676 858.796 1430.44 717.613
internal_count=313245 303694 9551 180333 100973 123361 79360 34466 18364 16102 77854 82120 8001 15861 11152 4458 60141 4950 2503 80853 24607 56246 16491 52482 44894 3240 28436 26380 9907 4784
cat_boundaries=0 24 46 68 157 179 196 217 238 262 284 302
cat_threshold=0 67108864 8388608 1028 536870912 65536 2101248 512 536870912 6292832 2105344 0 1073741960 268435456 0 0 1032 536870912 0 0 0 135268352 4194304 33280 33554432 0 1140850944 4194304 0 16 0 0 570441728 0 536870912 813694976 10489088 0 0 134217728 22 2692800512 0 16 131104 2048 0 33554432 1082130688 0 0 0 0 16384 33554432 0 0 3967811584 2923568 4 0 135266304 0 8388608 2048 2097184 1048576 2048 0 0 0 0 524288 2097152 0 0 512 0 2129920 0 0 0 536870916 17301632 0 0 0 0 0 0 0 0 0 0 4096 0 0 1073741824 0 0 0 0 0 0 4 0 2 0 64 0 0 33554432 0 1310720 16781312 256 0 524416 0 16777216 0 128 0 0 0 128 64 0 0 0 16 0 0 4096 0 0 134217728 128 0 0 0 0 0 0 0 0 0 0 0 0 0 0 0 0 0 0 65536 0 8388610 1140850946 8 0 0 0 16384 637534208 0 0 4236247041 2906194 0 0 134217728 0 536870912 0 0 2147483648 2048 524288 8388608 1082163202 1025 0 0 0 0 0 0 16384 3388997632 132643 32 0 0 32 1073741824 33554434 4096 1024 0 100663296 69632 0 65536 0 16384 0 50462756 360448 0 1056768 0 33554432 2048 4194336 2349858880 0 67108864 8421378 1025 0 163840 0 17039360 134217728 0 2097152 8193 2147614848 1028 0 32768 32 4194304 2048 2097184 2623616 2820669440 268435460 1024 2 0 0 2097152 5243392 262144 2097155 73729 32 8 16 0 0 0 0 16 0 0 0 2835349632 32774 0 33554432 0 256 0 50331648 1052672 16777216 16384 0 0 75497472 2120210 99328 0 134217728 33620996 1073741952 0 0 8388608 134217728 0 8388612 1140883712 0 0 8 262144 0 67125248 0 0 713031680 3147824 65540 0 0 0 8388608
is_linear=0
shrinkage=0.1


Tree=22
num_leaves=31
num_cat=3
split_feature=18 30 23 24 23 24 26 30 13 27 24 22 30 26 23 30 14 30 15 15 18 18 13 13 16 16 14 14 22 16
split_gain=362.089 330.332 201.226 196.669 207.42 194.593 139.896 138.845 119.428 111.013 76.5693 74.3239 70.9151 63.7438 65.2929 63.5071 86.0356 83.4204 76.6794 173.121 59.493 52.3338 50.1024 46.2601 45.4355 53.8345 47.4699 77.1901 43.3544 40.7427
threshold=0.025229778140783313 38.500000000000007 5.5000000000000009 1.0000000180025095e-35 1.0000000180025095e-35 3.5000000000000004 1.0000000180025095e-35 25.500000000000004 0 0.086489688605070128 3.5000000000000004 0.37544326484203344 20.500000000000004 1.0000000180025095e-35 1.5000000000000002 29.500000000000004 10.500000000000002 30.500000000000004 4.5000000000000009 1.0000000180025095e-35 0.12337249144911767 0.015315920114517214 1 2 3.5000000000000004 7.5000000000000009 9.5000000000000018 6.5000000000000009 0.055788042023777969 12.500000000000002
decision_type=2 2 2 2 2 2 2 2 9 2 2 2 2 2 2 2 2 2 2 2 2 2 9 9 2 2 2 2 2 2
left_child=10 2 3 4 7 28 -5 8 -2 12 21 -7 -10 14 -6 16 24 18 19 -17 -3 -1 -11 -23 -9 -26 27 29 -4 -27
right_child=1 20 5 6 13 11 -8 15 9 22 -12 -13 -14 -15 -16 17 -18 -19 -20 -21 -22 23 -24 -25 25 26 -28 -29 -30 -31
leaf_value=-0.076257192456768 0.118393783830945 0.045937226184807986 -0.083326203154142964 0.089223436803314016 0.016521869404301143 0.0018543435542806017 0.0048737893385472422 0.13492022606849127 -0.040480625290864089 -0.037557653001827618 0.33890688763390897 0.11984862391649363 -0.0075901764726261966 -0.048663683547036908 -0.044029979395307749 0.48825438016336825 0.1380697438733306 0.02394227235845138 0.15977318000152657 -0.05416949309206024 0.10463717987400856 0.083626355733062319 0.0079324616710816781 -0.039785436918780587 -0.019899941918520236 0.11658802553896118 -0.017543630750075881 0.13240846579895679 -0.037693825778447765 0.023668768486985563
leaf_weight=498.51319694519043 73.772146749310195 431.36367855966091 505.32896159496158 441.76459655817598 412.77963832952082 267.83316557854414 354.33893591351807 44.022975508123636 883.30262905824929 242.27630144357681 5.0817296057939521 66.672324057668447 2542.2907239794731 983.92916233930737 313.19462866522372 6.0003343224525443 92.133633892983198 1555.7992575541139 19.710074223577976 303.44568883627653 287.89256390184164 23.191059368662536 6237.9653689498082 944.51126965787262 166.3741402104497 54.817173309624195 102.82147260010242 106.91456880047917 354.09567680861801 339.09602962806821
leaf_count=27764 937 1995 18566 2610 6860 2151 2485 232 33180 2607 119 316 47276 20020 6835 53 473 15613 100 5178 2207 898 61202 43029 1017 306 575 523 6153 1975
internal_value=-0.000978896 0.00309632 0.000199485 0.00328949 0.000629119 -0.0393383 0.0516801 0.00500846 -0.000505845 -0.00150933 -0.0485918 0.0253725 -0.0160711 -0.0320788 -0.00960098 0.0247247 0.0464799 0.014266 -0.0314704 -0.0436516 0.0694327 -0.0499348 0.00618601 -0.0363748 0.0361138 0.0304649 0.0443462 0.0570524 -0.064525 0.0365995
internal_weight=18661.2 17189.9 16470.7 15276.7 14480.6 1193.93 796.104 12770.7 9979.61 9905.84 1471.3 334.505 3425.59 1709.9 725.974 2791.14 906.18 1884.96 329.156 309.446 719.256 1466.22 6480.24 967.702 814.046 770.023 603.649 500.828 859.425 393.913
internal_count=313255 241445 237243 210057 204962 27186 5095 171247 145202 144265 71810 2467 80456 33715 13695 26045 5101 20944 5331 5231 4202 71691 63809 43927 4628 4396 3379 2804 24719 2281
cat_boundaries=0 89 178 268
cat_threshold=0 0 0 0 524288 0 0 0 8 8192 32768 0 0 0 8 128 0 0 0 0 0 0 0 1073741824 0 0 65536 0 0 0 524288 0 0 0 0 0 0 16777216 524290 0 0 0 0 0 0 4 16781312 0 0 0 0 0 0 0 0 0 0 0 0 67108864 0 0 16 0 0 4096 16777217 0 134217728 0 536870912 0 0 0 0 0 4 134217728 0 8 0 0 524288 0 268435456 0 512 0 65536 0 0 8388608 1024 0 514 134217728 8388608 0 16777216 0 0 65664 0 0 0 0 0 0 0 0 0 0 0 0 0 0 1028 0 2048 0 0 131072 1048576 0 0 0 0 0 268435456 0 0 0 1073741824 0 0 0 1 0 0 0 1024 0 0 0 256 0 0 1024 0 0 0 0 8 0 0 65536 0 0 0 131072 0 0 0 1073742336 0 0 0 512 65536 0 4096 0 4 67108864 0 0 0 32 0 0 0 1024 0 0 0 0 8388608 0 2214592512 0 0 0 0 16777216 0 0 0 0 0 0 0 0 0 0 0 0 0 0 0 512 2048 0 0 0 0 0 0 0 0 0 0 0 8388608 0 0 0 0 0 0 0 0 0 0 256 0 0 1024 16777216 0 0 0 0 8192 0 0 0 0 0 134217728 0 0 0 4 64 0 0 1024 0 0 4096 0 4 0 32 0 4096 67108864 1073741824
is_linear=0
shrinkage=0.1


Tree=23
num_leaves=31
num_cat=2
split_feature=18 30 23 24 23 24 26 30 15 30 14 14 18 14 13 27 24 13 27 22 30 30 14 30 14 29 26 23 14 15
split_gain=290.348 270.217 166.706 211.17 222.164 132.884 127.67 121.708 116.169 91.1282 161.425 94.0881 85.7642 81.8642 74.0185 70.0214 65.3982 61.6367 60.7539 56.1968 54.5588 78.2414 91.3953 77.1448 99.4615 82.0291 52.6151 58.0745 52.0933 55.4649
threshold=0.025229778140783313 36.500000000000007 8.5000000000000018 1.0000000180025095e-35 1.0000000180025095e-35 3.5000000000000004 1.5000000000000002 21.500000000000004 1.5000000000000002 22.500000000000004 9.5000000000000018 6.5000000000000009 0.12337249144911767 8.5000000000000018 0 0.077608630061149611 1.0000000180025095e-35 1 0.050881072878837592 0.49390244483947759 31.500000000000004 29.500000000000004 2.5000000000000004 26.500000000000004 9.5000000000000018 3823.5000000000005 1.0000000180025095e-35 1.5000000000000002 3.5000000000000004 1.0000000180025095e-35
decision_type=2 2 2 2 2 2 2 2 2 2 2 2 2 2 9 2 2 9 2 2 2 2 2 2 2 2 2 2 2 2
left_child=16 2 3 4 7 -4 18 14 9 10 11 28 -3 -13 -2 -16 -1 -10 -5 -7 21 22 -11 24 -24 -26 27 -6 -9 -30
right_child=1 12 5 6 26 19 -8 8 17 20 -12 13 -14 -15 15 -17 -18 -19 -20 -21 -22 -23 23 -25 25 -27 -28 -29 29 -31
leaf_value=-0.048646370716915986 0.079761478818292292 0.032252497587113266 -0.069816420199875273 0.15650442001333401 0.011249642362980301 -0.0033117634292899969 1.246150277573299e-05 0.22188194024893848 0.083726114803038112 -0.015492471976033427 0.012580838842704591 0.46538465421032865 0.096652779112340159 0.16417485375775487 -0.026065408455312234 -0.0013252879919930531 0.067735850065437753 0.0049946168464859884 0.064247601963847031 0.13050220966039802 0.073028960224027828 -0.015210826477632167 0.42819945638573281 0.05495131349771231 0.0058898259988541708 0.3268120924998148 -0.04900318451655182 -0.043450944490554179 0.034046026975967938 0.25389055108514097
leaf_weight=1359.5871612941846 86.849030887708068 543.23074954748154 588.48669958114624 83.616199213080108 414.73720338288695 242.9963038675487 335.22521676961333 32.996725117787719 91.394205389544368 156.86803900822997 142.65781570784748 16.553794357925653 333.89275298267603 19.834355572238564 1610.4421353619546 3949.8164894217625 50.060577609576285 5520.5810325685889 487.78311039879918 36.038573510944843 196.32791276089847 434.93044848926365 13.199646826833485 218.04863957315683 25.005590507760644 11.687247380614279 1000.3633557828143 364.81635136622936 65.701807977631688 13.904553877189754
leaf_count=70723 1340 2604 19856 629 6888 1988 2487 313 885 1577 1428 134 2563 169 48823 47446 1251 58245 2904 165 1359 6537 107 1060 208 147 21916 8765 639 123
internal_value=-0.000897634 0.00271093 -0.000222967 0.00219601 -0.000753824 -0.0428666 0.0490053 0.0039155 0.0127662 0.03913 0.0886114 0.16141 0.0567676 0.301202 -0.00699237 -0.00847563 -0.0445133 0.0064349 0.0777481 0.0139709 0.0254649 0.0146033 0.0451277 0.0806183 0.192792 0.108109 -0.0338257 -0.0143492 0.116236 0.0724455
internal_weight=18447.6 17038 16160.9 15293.3 14386.7 867.522 906.625 12606.8 6959.69 1347.72 291.649 148.991 877.124 36.3881 5647.11 5560.26 1409.65 5611.98 571.399 279.035 1056.07 859.74 424.809 267.941 49.8925 36.6928 1779.92 779.554 112.603 79.6064
internal_count=313279 241305 236138 214129 208109 22009 6020 170540 72931 13801 2806 1378 5167 303 97609 96269 71974 59130 3533 2153 10995 9636 3099 1522 462 355 37569 15653 1075 762
cat_boundaries=0 88 175
cat_threshold=0 0 0 0 524288 2097152 0 0 0 0 2129920 0 0 0 8 524416 0 0 0 0 0 0 0 1073741824 0 0 4096 1024 0 0 0 0 0 0 8 0 0 0 2 0 0 4 0 268435456 32768 0 16781312 0 0 524288 0 16777216 0 0 0 0 0 0 0 0 16777216 0 16 0 0 4096 0 0 134217792 128 0 32768 16777216 0 0 0 0 0 0 8 0 0 0 0 268435456 0 131072 4096 0 0 0 2 0 0 0 0 0 0 2147483648 0 0 0 0 524416 0 0 0 2147483648 0 0 0 4 0 0 0 0 0 1073741824 40960 0 0 0 0 0 4 0 0 0 0 0 0 302252288 0 0 0 16 0 0 16384 134217728 0 0 0 288 0 0 0 16785408 262144 0 16 0 8192 0 0 0 0 128 0 0 0 0 4 0 0 134217728 0 0 6208 0 524288 0 0 0 268435456
is_linear=0
shrinkage=0.1


Tree=24
num_leaves=31
num_cat=17
split_feature=30 27 3 3 3 2 3 30 30 13 3 3 20 3 24 29 13 29 20 13 3 13 3 3 30 30 3 20 3 22
split_gain=275.821 243.32 175.12 137.445 114.552 104.865 88.3784 73.0552 70.0855 66.2824 63.9303 63.0801 65.433 136.121 61.0377 59.797 56.8973 52.0725 48.0526 47.4967 47.7777 45.1792 38.5608 37.4175 37.3371 43.4848 36.9264 36.715 64.6984 36.0437
threshold=24.500000000000004 0.061463963240385062 0 1 2 3 4 35.500000000000007 20.500000000000004 5 6 7 -1.0000000180025095e-35 8 2.5000000000000004 3757.5000000000005 9 1127.5000000000002 78.500000000000014 10 11 12 13 14 38.500000000000007 29.500000000000004 15 2.5000000000000004 16 0.14274989813566211
decision_type=2 2 9 9 9 9 9 2 2 9 9 9 2 9 2 2 9 2 2 9 9 9 9 9 2 2 9 2 9 2
left_child=1 4 7 -3 -1 26 -7 17 23 -8 24 -5 13 15 16 -13 -14 -2 -16 -10 -21 -12 -23 -6 25 -11 -4 -18 -29 -24
right_child=2 3 5 11 8 6 9 -9 19 10 21 12 14 -15 18 -17 27 -19 -20 20 -22 22 29 -25 -26 -27 -28 28 -30 -31
leaf_value=0.051167664250894578 0.13505364881722345 -0.045414043290713239 -0.0038475528120707364 0.039433702487085609 0.053172819181122759 -0.060769208362178188 0.074592841896305023 0.10306027270566863 0.062192846232245406 0.043706674800426941 -0.035119361391318042 0.069590675747588482 0.0524697402293888 -0.027499448480932304 0.12818235204474726 0.02104197916543905 -0.0034500664307977541 0.032345481602503695 0.011088346715835045 0.037222370879035148 -0.031858687235200432 0.01909489423101331 -0.0088461559128942668 -0.06065306892844427 0.088117833977683233 0.0024106966203765161 0.077216146061159688 0.021904809492482798 -0.036594491949267366 0.034386987246510292
leaf_weight=150.37395456060767 53.193757563829422 626.80842044763267 77.202716920524836 435.33206557109952 25.143455107696354 185.87369566597044 134.22659182362258 241.90576231107116 50.983391811139882 468.1348813213408 338.75979630835354 380.95219365507364 153.7437526518479 451.79773867409676 60.392370732501149 759.51575210504234 4580.4289927277714 685.38714216463268 83.507627222687006 98.933365130797029 2080.0360024990514 987.56692009977996 1977.9226767718792 999.75785514898598 90.776055507361889 560.03701130114496 283.88633305579424 237.95411912165582 847.46763832774013 213.67166416160762
leaf_count=3559 272 7718 639 4974 974 4851 1471 1941 1590 2755 4907 3576 1763 6417 347 8159 54499 6986 697 2639 71469 8033 26156 58993 557 5447 1970 2598 15062 1880
internal_value=-0.000764591 -0.0096452 0.0161874 -0.000702828 -0.0322764 0.00894751 0.00509679 0.0548054 -0.0361776 0.00778455 0.00569425 0.0028575 0.000700796 0.0187112 -0.00410685 0.0369349 -0.00569772 0.0397427 0.0602307 -0.0263406 -0.0285664 -0.000949362 0.00279037 -0.0579336 0.0264048 0.0212131 0.0602477 -0.00735572 -0.0239052 -0.00461006
internal_weight=18321.7 12023.1 6298.55 8617.9 3405.23 5318.06 4956.97 980.487 3254.85 4771.1 4636.87 7991.09 7555.76 1592.27 5963.49 1140.47 5819.59 738.581 143.9 2229.95 2178.97 3517.92 3179.16 1024.9 1118.95 1028.17 361.089 5665.85 1085.42 2191.59
internal_count=312899 245034 67865 105810 139224 58666 56057 9199 135665 51206 49735 98092 93118 18152 74966 11735 73922 7258 1044 75698 74108 40976 36069 59967 8759 8202 2609 72159 17660 28036
cat_boundaries=0 23 47 68 79 103 194 216 236 258 350 441 465 556 579 600 621 644
cat_threshold=142606336 4 134217984 0 0 8 8388608 4194304 16384 0 0 1184 34880 0 0 1056768 4194304 8388608 268699648 3145762 2217739264 0 64 0 0 256 4194304 0 0 8388608 0 805322752 0 536870912 268436480 537135168 0 0 134217728 1572 1619042304 786432 1048592 131104 0 0 16777216 0 67108888 0 8200 0 34111488 536871174 8389888 0 0 536887296 1342178305 16384 73728 0 0 0 1073741824 528392 0 270665728 0 2147483904 0 4194304 32 0 0 512 4096 0 4194304 0 0 0 0 0 73728 2130432 67108864 0 2154824928 0 0 1073741960 436207616 0 0 0 0 0 0 0 402718720 138480643 262144 0 0 0 2 524288 0 0 0 0 0 2147483648 0 0 0 0 0 0 128 0 0 0 2048 0 0 0 0 65536 0 0 1073809408 8192 0 131076 0 0 0 0 0 0 0 0 0 0 0 0 0 4096 16 0 0 16384 0 0 268435456 0 288 0 0 1024 16785408 0 0 0 0 0 16384 0 0 0 2048 0 0 0 0 0 0 0 0 1792 0 0 0 0 0 67108864 0 262144 8192 0 1073741824 512 838860800 1074790402 1073741824 0 0 268435472 134479872 262144 786432 512 536936448 511705088 8455216 0 0 134217728 0 0 0 0 1 2048 0 33554432 75497472 17 0 0 4194304 16777216 67108864 8192 0 0 197256 262144 0 0 2147483648 37748736 2304 2097184 17301504 75497538 32770 3072 0 33562624 0 262144 0 0 2113536 2717909120 34111745 32 0 16785408 0 0 1024 0 1048576 2048 0 0 0 0 0 2097152 0 0 33554944 536870916 69238784 0 0 0 1 128 0 0 1 0 0 0 0 0 0 0 4096 0 0 0 32768 0 0 0 0 268435456 0 0 0 0 0 128 0 0 32768 1048576 4096 268435712 0 4194304 16384 0 0 0 0 0 0 0 0 0 0 0 0 0 0 0 16777216 0 134217792 128 536870912 0 16777216 0 0 0 0 134348800 0 0 2048 0 0 0 0 0 0 0 0 0 0 1 0 0 0 16777216 0 0 0 0 0 32 2 0 0 0 0 4 0 0 0 0 0 0 0 0 0 0 0 1024 0 0 0 0 0 0 0 0 0 0 0 268435456 0 4 0 1342177280 0 0 0 0 0 0 0 0 0 0 0 16 0 0 1024 0 33554432 2105344 16 0 0 16384 0 603979776 64 0 0 32768 0 0 0 64 0 0 0 0 0 0 0 0 0 0 0 4096 0 2097152 64 0 0 0 4194307 0 67108864 393216 16385 0 536903680 656384 0 17825968 32 0 0 536936448 16384 0 2048 1207959584 2048 138412048 131072 0 0 0 1024 64 0 0 0 0 536870912 67108866 0 65536 0 0 0 4 0 0 268435456 0 0 0 0 536872960 64 0 0 0 0 2048 0 0 2097152 0 0 0 0 0 0 0 0 0 0 0 2097152 0 1 0 0 0 512 16777216 0 0 0 0 128 0 32 0 0 0 8 0 2 2 0 0 8 0 0 16777216 0 0 0 0 0 4 0 16779264 0 0 0 0 0 0 0 0 0 16 17301568 276824064 32768 8200 0 4096 0 0 1048576 1082130432 0 2684354560 6295811 32 0 0 0 541069312 4194304 0 65568 0 553656320 0 0 0 2097168 0 4045406212 268443656 16777216 403308544 6553600 262144 0 2155872768 262144 0 131074 4194304 8 2 0 65600 0 0 0 0 0 0 0 0 0 0 0 0 0 8386 0 8388608 197660 2181046408 1704192 0 32832 32768 10 2 10496 0 34078720 6 256 0 0 2113536 0 16777248 4 0 16777216 131072 0 268435464 2 2722944 0 128
is_linear=0
shrinkage=0.1


Tree=25
num_leaves=31
num_cat=13
split_feature=18 30 3 30 18 30 3 13 20 3 13 1 5 29 13 15 15 30 30 3 30 30 30 30 30 3 3 24 3 3
split_gain=247.286 205.624 135.284 119.954 97.5697 84.5072 79.0262 62.0297 75.7972 66.0192 59.1897 55.5333 51.5326 48.2262 45.7961 46.6352 118.779 84.65 164.871 77.258 76.2555 63.4163 58.8313 58.2563 51.6902 51.0973 47.4297 44.1727 39.8751 39.7154
threshold=0.056925732642412193 35.500000000000007 0 20.500000000000004 0.014061058405786754 20.500000000000004 1 2 27.500000000000004 3 4 5 6 3778.5000000000005 7 1.0000000180025095e-35 2.5000000000000004 29.500000000000004 30.500000000000004 8 21.500000000000004 30.500000000000004 21.500000000000004 28.500000000000004 34.500000000000007 9 10 1.5000000000000002 11 12
decision_type=2 2 9 2 2 2 9 9 2 9 9 9 9 2 9 2 2 2 2 9 2 2 2 2 2 9 9 2 9 9
left_child=3 5 -3 -1 -5 6 -2 27 9 12 -7 -12 -9 -14 -13 20 17 19 -19 -17 26 23 -18 29 -20 -24 -16 -6 -10 -22
right_child=1 2 -4 4 7 10 -8 8 28 -11 11 14 13 -15 15 16 22 18 24 -21 21 -23 25 -25 -26 -27 -28 -29 -30 -31
leaf_value=-0.058697661268225433 -0.047217285258389217 0.0019510372585940555 0.088541582800075458 -0.072633798394257043 0.037804973239118522 -0.046348104173399372 -0.0047013767438242064 0.0096247108867421917 0.037966860552138035 -0.020462446214292 0.046525019375654092 0.05330816630823193 0.39672018822994159 0.081910335934933715 0.0082322482733772819 0.063693934850918996 -0.066665735865884007 -0.055272993437941835 0.032038131303536423 0.021238155760901066 -0.0071087770111049088 -0.011289798018686785 -0.030475425808895392 0.19015984935167418 0.17425098930658489 0.0051712532788407428 -0.028204635302419508 0.23023944929928405 -0.065045081883825656 0.060561038790687409
leaf_weight=764.44523499254137 533.08084902260453 302.00988191366196 466.10175477340817 263.2236841339618 141.74770214315504 198.09639872424304 2281.380525033921 955.663783271797 39.190528209321201 1305.8608334446326 343.86881849914789 192.51057673804462 8.4431020356714743 11.486224437132476 497.03505037724972 706.12821879982948 128.20629678852856 323.27109263464808 336.73434064909816 1160.2737072259188 137.89001062139869 344.17412197031081 432.11325449496508 26.622005194425583 27.657443523406982 4443.1778758205473 1256.3451221752912 13.024645929224787 328.15813479758799 236.43802089802921
leaf_count=54229 14134 1454 3418 15224 4274 2165 38454 26495 1198 37162 2408 1644 96 207 4401 5643 1450 5127 2515 8735 1059 3807 4474 146 138 40886 16854 162 13450 1750
internal_value=-0.000682085 0.00533528 0.0556736 -0.0232566 -0.0144223 0.00249328 -0.0129387 -0.00895694 -0.012588 -0.00584763 0.00651835 0.00754368 0.0137832 0.143351 0.00619166 0.00523762 0.00915837 0.0267053 -0.0032872 0.0377558 -0.00660105 0.020198 0.00020145 0.047227 0.0428321 0.00195987 -0.0179897 0.0507218 -0.0547924 0.0370617
internal_weight=18204.4 14373.1 768.112 3831.24 3066.8 13605 2814.46 2803.57 2648.8 2281.45 10790.5 10592.4 975.593 19.9293 10248.6 10056.1 7557.56 2554.06 687.663 1866.4 2498.5 745.124 5003.5 400.95 364.392 4875.29 1753.38 154.772 367.349 374.328
internal_count=313159 160662 4872 152497 98268 155790 52588 83044 78608 63960 103202 101037 26798 303 98629 96985 68968 22158 7780 14378 28017 6762 46810 2955 2653 45360 21255 4436 14648 2809
cat_boundaries=0 21 43 133 156 247 248 249 340 362 383 404 428 442
cat_threshold=33554432 67108864 8388610 4195329 0 0 8388608 0 536870912 0 2097152 1207959552 3883777 65568 0 1048576 1028 2147483648 1024 0 2147483648 268959744 2 256 4194304 0 0 0 0 536887296 0 536870912 2759860224 7363154 4 0 134217728 2 545308672 524288 0 0 2048 0 0 0 0 524288 512 0 0 0 32 0 0 0 0 0 0 0 0 0 0 0 0 0 4 0 0 0 0 0 0 0 0 0 0 0 0 0 0 0 0 0 0 1048576 301989888 0 262144 0 256 32 8 0 134218752 0 268435456 0 2 0 0 1024 67117056 0 0 0 0 8192 0 1073741824 0 0 0 134217744 0 0 0 512 0 0 0 1024 4096 0 0 4 4 0 0 0 4096 67174400 1075838976 3892314112 4 262144 4096 0 0 671219712 541081600 34603008 8192 65537 32 0 16 0 0 0 0 16 0 0 134217728 27361906 0 0 0 8 268435520 2 0 0 0 0 0 0 1152 0 0 0 1048576 0 0 268435456 0 0 0 0 2048 0 0 4 0 0 0 0 0 0 0 0 0 0 0 268435456 0 0 0 1073741824 0 0 16 1 0 0 0 134218240 16777216 268435456 0 0 0 128 0 0 0 0 4 0 0 0 0 67108864 0 0 134217744 0 0 0 0 0 0 131072 0 0 0 0 0 4 0 0 131072 0 68157472 0 16 44042240 56 0 0 0 0 2097152 0 0 0 64 0 0 0 0 0 0 16777344 0 0 0 0 0 0 0 0 0 0 65536 0 0 65536 0 0 0 0 0 0 0 0 0 0 64 0 0 262400 32768 0 16777216 256 0 0 16384 16778240 0 0 16384 0 0 0 1024 0 0 0 0 0 0 16384 1 0 134217728 128 0 0 0 0 537001984 64 0 134217728 0 0 0 128 524288 0 0 0 64 0 0 2097152 1 268959744 67108866 0 1024 0 0 262144 17039360 0 0 0 1317019648 613490 36 0 0 0 8388608 0 0 0 2048 34078720 570425408 264 1 0 33554432 8388610 16779264 536887296 0 0 8192 6144 78848 0 134217728 2149711872 2684616832 0 0 524288 268435456 536870920 32768 8209 0 925696 65536 262400 134742016 0 16384 33554432 16964 328704 0 8192 2147484164 33554432 0 0 2147485696 8388608 1342177281 67125248 2 0 2759852032 1615894020 8192 0 578912768 32768 1 0 0 0 0 0 0 32 0 0 0 0 32 268959744 2 32768 1024 0 0 0 262144 0 0 2097152 1476395008 1179715 65540
is_linear=0
shrinkage=0.1


Tree=26
num_leaves=31
num_cat=15
split_feature=30 18 3 23 24 24 30 3 13 13 23 3 3 24 13 3 3 3 1 13 20 26 15 15 30 3 3 30 30 3
split_gain=219.226 205.961 161.975 131.291 163.016 145.923 100.336 100.036 80.7649 75.2583 72.0151 69.9059 69.8206 59.2079 58.7165 56.5731 46.8908 42.8983 44.5185 40.3648 40.2177 40.1994 36.962 96.9708 75.4684 48.6071 46.7765 45.7076 132.78 59.8882
threshold=38.500000000000007 0.024061904288828376 0 5.5000000000000009 3.5000000000000004 1.5000000000000002 20.500000000000004 1 2 3 1.5000000000000002 4 5 5.5000000000000009 6 7 8 9 10 11 5.5000000000000009 1.0000000180025095e-35 1.0000000180025095e-35 2.5000000000000004 21.500000000000004 12 13 29.500000000000004 30.500000000000004 14
decision_type=2 2 9 2 2 2 2 9 9 9 2 9 9 2 9 9 9 9 9 9 2 2 2 2 2 9 9 2 2 9
left_child=1 13 -2 5 -5 6 8 -6 -3 -8 11 -11 -10 19 -13 -16 -12 -14 -19 -1 -21 -7 24 27 25 -17 -26 29 -29 -24
right_child=2 3 -4 4 7 21 9 -9 12 10 16 14 17 -15 15 22 -18 18 -20 20 -22 -23 23 -25 26 -27 -28 28 -30 -31
leaf_value=0.034411102202396918 -0.027727839424475903 0.10678692829045966 0.081081330992550091 -0.059721108316469596 -0.021209859807023605 0.11643131492286224 0.075803816746432107 0.086228923685334913 -0.051567272877795001 0.033447888245978573 0.02610349787722447 -0.060440004200010791 0.025852856048012546 0.51106825363824349 -0.037356153346848213 -0.046655602750879856 -0.038674887948356496 -0.067945779006864965 -0.011365755994555979 -0.036015101455202377 -0.076925760533289533 0.026445134203919602 0.057616757017241199 0.0012556524490230357 -0.0091737700763315066 -0.0066985109543026833 0.043258193450612437 -0.050575756828675315 0.041228119747538199 0.019676527970523109
leaf_weight=56.308534662239254 182.74573346227407 43.448732275515795 522.75144915282726 755.48973822686821 207.49497601389885 137.13674863055348 138.19413931388408 136.54602099955082 495.17506856005639 849.69284123182297 132.99320966098458 130.64850606024265 277.81561283953488 1.9120754450559605 301.32805952243507 391.06974454969168 579.08215940650553 140.90194740332663 2034.7784073129296 678.30171742383391 372.12335487175733 77.812702718190849 652.53893248364329 4904.0024040620774 281.08545031957328 1311.5824808757752 421.4525770265609 272.87863015383482 372.7632536124438 1225.4522612039
leaf_count=3039 862 860 3794 25016 1645 735 1479 881 19546 10690 2166 1575 5668 25 6271 7987 9753 3272 43670 39303 24640 485 6573 52027 2774 16426 4161 4910 2789 10021
internal_value=-0.000993398 -0.00321161 0.0536526 -0.000370089 -0.0337373 0.00204809 0.000872413 0.0233213 -0.0155059 0.00496827 0.00407301 0.00605161 -0.0176104 -0.0449161 0.00374758 0.00463385 -0.0267529 -0.0105755 -0.0153241 -0.0458766 -0.0500318 0.0838559 0.00595728 0.00945224 -0.00481096 -0.0161893 0.0227653 0.0253801 0.00242748 0.0332711
internal_weight=18085.5 17380 705.497 16271.4 1099.53 15171.8 14956.9 344.041 2992.12 11964.8 11826.6 11114.5 2948.67 1108.65 10264.8 10134.2 712.075 2453.5 2175.68 1106.73 1050.43 214.949 9832.83 7427.64 2405.19 1702.65 702.538 2523.63 645.642 1877.99
internal_count=313043 308387 4656 241380 27542 213838 212618 2526 73016 139602 138123 126204 72156 67007 115514 113939 11919 52610 46942 66982 63943 1220 107668 76320 31348 24413 6935 24293 7699 16594
cat_boundaries=0 21 39 126 217 239 261 352 375 399 423 424 513 532 553 566
cat_threshold=0 268435456 1073741824 260 0 0 2134016 0 637534208 4194560 2097152 0 1572864 65536 0 0 1024 0 0 0 2147483648 268435456 8388608 258 0 0 0 0 16777216 570441728 0 16384 33554432 16777233 32816 0 0 0 8388608 0 0 0 0 524288 0 0 0 512 67108864 2097152 0 0 524288 13 524416 0 0 262656 2097152 0 0 0 1073741828 0 0 65536 1024 0 0 8192 0 0 0 0 0 4 0 0 512 0 0 0 0 0 0 4096 0 0 589952 0 0 0 0 0 0 0 0 0 0 0 8192 4 0 0 4096 0 0 0 0 0 0 16777216 0 512 0 0 0 0 0 0 0 0 0 335544320 0 131072 0 0 0 2 524288 0 0 0 0 0 0 0 0 0 536870912 128 0 0 0 0 0 0 0 0 16 0 0 0 0 0 524288 0 0 512 0 0 0 16777216 0 0 0 0 0 33554688 32768 0 16777216 16 0 0 0 0 0 0 0 256 0 0 0 0 0 0 16 0 0 0 0 0 134217728 128 0 0 8192 0 0 64 8388608 131072 0 0 0 0 524288 0 32768 0 512 4096 0 1073741824 64 805306368 256 142606336 12288 0 0 1073741824 0 805830656 0 8192 0 100352 262160 0 32768 0 41943040 268441600 2097186 271582209 2048 2986999808 6 256 2048 0 8 0 16384 603996160 4194304 0 2147483648 4266066 65552 0 134217728 0 1082146816 0 0 0 2048 0 0 0 0 268435456 514 0 0 0 67108864 67108864 0 0 0 0 0 1048580 0 64 268435456 0 0 0 0 2048 0 0 0 0 0 0 0 131072 0 0 0 0 0 0 0 0 0 0 1140850688 0 2097152 16 16385 0 0 0 512 0 0 0 0 0 8320 0 0 4 0 0 65536 0 0 0 0 0 8 0 0 16777216 0 1073741824 0 0 0 32 0 0 0 0 4 0 4194304 0 0 68157472 0 16 33554432 0 67108864 4194304 0 2684354560 1213728 67108864 0 4260357 262144 1 0 64 0 134217728 140 2147491840 2 0 131072 134217728 4194464 2164260864 1342177282 1073741824 2 0 131072 0 16384 570425344 0 537395200 201326593 2600 36 0 17825792 32 16384 0 0 131104 0 4194304 16777216 32768 67108864 8388618 1024 536870912 25198592 12288 0 65536 0 0 0 655372 8389632 0 0 2147483648 8 2304 6291488 2097216 8192 0 4194304 107087880 0 0 0 0 0 16 0 0 8388608 0 2214592512 32 128 0 0 16777216 0 0 0 0 0 0 0 0 0 0 8 0 0 0 0 0 2048 2097152 0 0 0 0 0 0 0 4 0 0 0 262144 0 1 0 0 0 1024 0 0 8388608 0 0 2147483648 0 0 128 2097152 0 0 8192 0 0 0 0 0 134217728 32768 0 0 8196 0 0 0 67110400 0 67108864 0 4 4 0 0 0 134217728 67108864 2223505408 268435462 1073742080 0 0 8 8388608 8192 67108864 0 0 746586240 15991811 32 0 16777216 32 16384 1056 16777216 66 2 2304 536870912 0 10485760 0 33554432 0 2097152 1744830464 13112175 65540 0 0 32 536870912 0 0 2281701376 3230138368 6 1073741826 264 0 8 539230208 262144 100663296 0 0 234881024 5133682
is_linear=0
shrinkage=0.1


Tree=27
num_leaves=31
num_cat=18
split_feature=18 30 3 30 3 13 13 3 27 3 3 3 29 24 3 24 3 20 3 26 3 26 3 3 3 3 13 26 29 3
split_gain=176.722 167.694 156.786 108.617 109.754 73.9912 67.389 63.5064 55.7315 54.5952 53.2928 51.1566 46.5793 46.4628 45.8196 40.1826 82.1098 72.9163 83.5875 64.721 38.935 38.7767 49.8377 41.8621 37.7477 33.3899 32.0093 30.1796 35.1189 48.2922
threshold=0.016202706843614582 39.500000000000007 0 20.500000000000004 1 2 3 4 0.097810491919517531 5 6 7 3757.5000000000005 1.0000000180025095e-35 8 1.0000000180025095e-35 9 5.5000000000000009 10 1.0000000180025095e-35 11 1.0000000180025095e-35 12 13 14 15 16 1.5000000000000002 4130.5000000000009 17
decision_type=2 2 9 2 9 9 9 9 2 9 9 9 2 2 9 2 9 2 9 2 9 2 9 9 9 9 9 2 2 9
left_child=-1 3 -3 4 -2 14 -7 -8 10 -9 13 12 24 -6 -5 17 -17 20 -19 -18 -11 23 -23 -20 -10 -22 -27 28 29 -28
right_child=1 2 -4 5 8 6 7 9 11 15 -12 -13 -14 -15 -16 16 19 18 21 -21 25 22 -24 -25 -26 26 27 -29 -30 -31
leaf_value=-0.062376314901428635 -0.05849748935913586 -0.028281713384276094 0.083432176807309785 -0.048156095554715832 0.035603626901500311 -0.054933844976028282 -0.049477274178195779 0.032045848422036567 -0.0067296047613091201 0.023596122935235463 -0.032593691798645061 -0.026993550837147773 -0.0012183411295564989 0.31534377935113272 0.081211899498751114 -0.012428106800714669 0.070863885564438511 0.034206268909487574 0.013516447005538286 0.0042638420675289281 -0.031290328387345044 -0.042950880464158632 0.019801643344566286 -0.052749021350784568 0.057688105136111681 -0.051704768160431805 -0.034483386641886465 -0.013256757946312307 -0.0038411212487839161 0.012712288244526108
leaf_weight=449.90173473209143 524.26811056770384 173.20980492979288 436.71764473244548 28.591629661619663 60.176119924522936 192.85769346170127 215.49461465980858 651.7858128529042 133.50213307701051 907.50587499327958 1003.7960698949173 441.13320150133222 867.02689503319561 6.5873516853898755 174.84115009754896 428.26646990887821 376.58977704495192 236.82870803773403 112.54906534682959 238.21110411453992 282.36815018393099 215.51041466463357 280.04150543920696 669.2847292041406 298.68404329195619 95.429402722977102 218.05079765804112 928.60535016003996 2504.3036885391921 4844.6080305241048
leaf_count=31803 29891 809 3325 363 2261 4221 5972 4091 1419 10545 39646 8359 10494 44 2101 3821 3004 3435 2392 2113 5022 6431 4838 16854 3771 1306 3820 14980 32573 53898
internal_value=-0.000490817 0.00109593 0.0526114 -0.000759231 -0.0169314 0.00320623 0.00227153 0.00314792 -0.00893895 0.00405833 -0.0269239 0.00207296 0.0120571 0.054971 0.0616254 0.00255508 0.0213366 0.000822925 -0.0195974 0.0443378 0.00398427 -0.0296086 -0.00795592 -0.0437116 0.0389686 0.00194972 0.00307736 0.00375279 0.00584513 0.0106365
internal_weight=17996.7 17546.8 609.927 16936.9 3335.17 13601.7 13398.3 13205.4 2810.91 12989.9 1070.56 1740.35 1299.21 66.7635 203.433 12338.2 1043.07 11295.1 1514.21 614.801 9780.87 1277.39 495.552 781.834 432.186 8873.37 8591 8495.57 7566.96 5062.66
internal_count=313602 281799 4134 277665 95885 181780 179316 175095 65994 169123 41951 24043 15684 2305 2464 165032 8938 156094 33950 5117 122144 30515 11269 19246 5190 111599 106577 105271 90291 57718
cat_boundaries=0 24 46 137 226 250 271 293 314 336 357 380 404 427 449 470 493 583 607
cat_threshold=2281701376 268435458 0 260 0 65536 2129920 16896 603979776 4194304 2097152 0 1573376 65536 0 0 1024 0 0 0 2147483648 2281701376 0 32768 3154640896 541065220 1073742080 8 0 8 0 4210688 570441728 0 73728 0 22594 65556 0 134217728 0 545259520 0 0 0 2048 0 0 0 0 524288 0 0 0 0 0 32768 0 0 0 0 128 0 0 0 16 0 0 0 0 0 0 0 1073741824 0 0 557056 0 0 268435456 0 0 0 16777216 536870914 0 0 128 1048576 33816576 32768 0 16777216 256 0 0 0 1024 0 0 0 256 0 0 0 0 0 0 16 0 0 0 0 0 134217728 0 0 0 0 0 537001984 64 8388608 0 0 0 0 0 0 0 0 0 512 4096 65536 1024 66 0 0 0 8 64 0 0 0 0 0 67108864 0 0 0 0 0 0 0 0 268435968 8192 0 0 0 536872960 0 0 4 0 0 0 0 0 0 0 0 0 0 0 0 0 0 0 1073741824 0 2097152 262160 1 0 32 0 32 16777216 0 0 0 8 128 0 32 4 0 0 65536 0 0 10 0 0 8 0 0 0 0 0 0 0 16 4 0 2048 0 0 0 0 0 16777216 0 1048608 8388608 0 196608 4 536870912 545792016 8288 0 0 4784641 1036 0 0 0 0 268435456 4 2147491840 0 0 131072 32768 8392704 16777248 32768 2 134217728 0 0 0 1073741824 0 0 0 0 8192 50462720 8650756 0 1056768 4194304 8667136 137216 2099234 3500147713 0 201326592 10 0 536870912 50888708 1 67108864 0 4456448 262148 1024 2147516425 0 0 131072 0 1073741832 524552 0 2293760 536870912 0 75497472 8421376 1024 0 0 0 17039360 67108864 0 2113536 276824192 10616864 1064 0 16777216 2147549184 0 67111168 2097184 2214592512 0 67108866 268435456 0 0 0 0 0 67125248 0 0 2457862144 2097410 0 0 17825792 1056 1073750016 0 0 0 1048576 134217728 67108864 8421634 1280 0 8 0 16384 570441728 0 0 838860800 5869827 32768 0 150994944 0 1610612736 0 0 67141632 0 320 0 2048 0 131072 135266308 16896 33570816 67108864 538984448 1 537985056 40 0 16809984 512 0 16777344 16 134217856 0 8320 16777216 1048576 16777472 13312 0 0 262144 8397056 805847040 4 32769 570425376 34888 16 0 0 0 4194304 4 0 67108864 2048 16777216 512 956825600 75497476 1140883456 4194313 0 8 262144 20971520 0 0 598016 0 2621970 64 0 0 0 1073741824 32 16777216 0 0 4194304 671744000 8388608 0 0 0 100663296 537199104 2048 0 33554440 524288 167772160 2097680 4227072 0 8388608 2149580808 0 16 0 557056 8192 0 0 0 0 0 0 0 17039360 0 0 16384 8388736 32 40 0 0 0 0 0 0 67108864 34078720 0 0 4196352 0 2248146945 1167872 1064960 0 8 256 1 0 32768 0 134217730 8 0 524544 16 67616 1048576 128 0 0 0 0 32 16386 0 0 0 0 0 0 0 0 0 16777216 0 0 0 0 0 0 0 0 0 0 0 0 0 0 0 0 131072 0 0 0 2097280 0 131072 64 0 0 0 1048578 0 262144 0 0 0 0 0 134217728 0 2 0 0 0 8192 1024 0 1024 0 0 0 0 0 0 0 0 128 0 0 524288 524288 1073741824 0 0 0 0 0 64 0 0 4 0 4194312 0 0 0 8388608 2147483648 402653184 8388608 131072 0 131076 134217994 536870912 0 67371008 8192 134217728 0 64 0 67239936 65536 536871040 16777352 0 128 134217728 37781504 4
is_linear=0
shrinkage=0.1


Tree=28
num_leaves=31
num_cat=16
split_feature=18 22 23 24 3 22 20 3 26 13 23 3 3 23 3 3 13 3 13 13 29 3 3 24 24 3 29 6 26 3
split_gain=171.183 83.3664 137.161 103 88.8802 83.0248 92.4146 72.6263 63.2555 60.4863 58.6258 55.3262 54.0953 48.41 56.8614 43.898 42.8613 41.9033 41.4329 40.3294 37.2161 128.162 73.2016 35.4734 42.9296 34.5883 30.5901 37.0939 30.4108 28.6645
threshold=0.03054610546678305 0.24176811426877978 1.0000000180025095e-35 1.0000000180025095e-35 0 0.068206049501895918 3.5000000000000004 1 1.5000000000000002 2 4.5000000000000009 3 4 2.5000000000000004 5 6 7 8 9 10 3778.5000000000005 11 12 17.500000000000004 6.5000000000000009 13 3968.5000000000005 14 1.0000000180025095e-35 15
decision_type=2 2 2 2 9 2 2 9 2 9 2 9 9 2 9 9 9 9 9 9 2 9 9 2 2 9 2 9 2 9
left_child=5 2 7 13 -5 6 15 16 25 -9 -6 -10 -11 14 28 -1 -2 23 -14 -17 21 -20 -22 24 -7 -3 -18 -28 -4 -23
right_child=1 8 3 4 10 17 -8 9 11 12 -12 -13 18 -15 -16 19 26 -19 20 -21 22 29 -24 -25 -26 -27 27 -29 -30 -31
leaf_value=-0.058291419622343334 -0.024398462785742883 -0.0073222905730064656 0.079223238294550233 0.083897084281010392 0.038142082430855886 0.063185840139530713 -0.070089967477660234 0.074260263353312386 -0.036233476492070926 -0.043255633540010288 -0.026950463503869537 0.02768180224764541 -0.050087660507197741 -0.055695790467416621 -0.030032752208558496 0.066199407257294271 0.039917407620926097 -0.038273662546839803 0.034991760944714338 -0.015282804905002709 0.0091294646812923649 -0.034559749711914153 -0.012701388858366525 -0.12841683050285815 0.3466435370941644 0.056926110480262207 0.027820777262441278 -0.019471552797127721 -0.0078810997448335914 0.00066979077566333908
leaf_weight=227.86466276831925 165.98665995430201 102.32877480611205 79.226914763450623 126.54933308064938 207.50917023327202 132.30681375972927 531.72105008736253 105.4891456477344 212.18015096150339 253.42215466406196 415.24852255452424 337.11939573287964 136.79582761786878 625.4089645659551 958.19938853010535 55.470748919062316 981.42562085296959 57.474379193037748 1406.0759744942188 891.11488415580243 3201.3728666482493 250.95716984663159 2934.3283656118438 9.1766197923570854 5.567779302597045 595.02193073928356 544.46768926177174 238.5036706328392 81.122887371107936 2012.8746342891827
leaf_count=14525 1700 850 1453 1011 1519 2845 37793 1262 2080 5237 6271 2980 1874 19268 16963 2315 8523 2536 15639 41584 30625 4131 49225 94 36 4699 5824 2815 1880 25629
internal_value=3.64492e-06 0.00338772 0.00128556 -0.0200914 0.0109165 -0.028284 -0.0355013 0.00564297 0.0282177 0.00229238 -0.00517782 0.00283731 0.00147574 -0.0334143 -0.0209561 -0.0198415 0.02339 0.0319228 0.00265822 -0.00986575 0.00344434 0.0114137 -0.00131671 0.0580162 0.0746327 0.0482097 0.0279979 0.0134149 0.0330923 -0.0033704
internal_weight=17882.3 15971.6 14725 2493.27 749.307 1910.7 1706.17 12231.7 1246.65 10301.3 622.758 549.3 10195.8 1743.96 1118.55 1174.45 1930.38 204.526 9942.4 946.586 9805.61 3669.91 6135.7 147.051 137.875 697.351 1764.4 782.971 160.35 2263.83
internal_count=313186 211458 200849 48365 8801 101728 96217 152484 10609 133622 7790 5060 132360 39564 20296 58424 18862 5511 127123 43899 125249 45399 79850 2975 2881 5549 17162 8639 3333 29760
cat_boundaries=0 21 43 132 153 176 196 220 311 335 424 514 536 558 582 583 607
cat_threshold=524288 33554432 1140850688 1 0 0 0 0 0 0 0 134217729 2098210 327684 0 1048576 0 0 1024 0 2147483648 32768 24 142606336 1024 0 0 1073741824 262144 524288 0 0 33554432 571115533 8388616 0 8192 0 8388608 2048 2097186 270533632 2048 0 0 0 0 64 0 0 8 0 0 32768 0 0 0 0 524480 0 0 0 0 0 0 0 4 0 0 69632 0 0 0 8192 0 4 268436480 0 0 0 0 0 0 0 128 0 0 0 0 0 0 1073741824 0 0 0 0 0 0 0 4194304 0 0 16777216 0 0 16 0 0 134221824 0 0 134217792 0 536870912 0 0 0 0 0 4 134217728 0 0 0 0 0 0 268435456 0 0 4096 65536 50855936 67108868 1073774592 4194304 0 0 0 16777216 16384 0 0 2189426689 3510067 0 0 134217728 1024 0 0 0 67108864 1124073472 536870912 0 0 0 33653760 536875026 84935168 0 4194304 163840 0 0 4160 0 269484032 4 2147491840 9 0 0 0 262144 1124597760 1073741826 0 0 0 131072 536875008 16384 302006272 0 32768 276824065 328384 262180 0 0 0 24576 0 16 536870912 2097153 2048 0 49152 2 34816 134217728 131072 3322478592 0 0 1073741824 436207616 4 0 0 0 0 0 0 16777248 542881 33 0 0 0 0 0 0 0 0 0 0 0 0 65536 0 0 17301504 4 128 0 0 0 0 0 0 0 64 0 4 0 0 0 0 4 0 0 0 0 0 0 0 0 0 0 1342177280 0 0 0 0 0 0 0 0 0 268435584 0 0 0 0 0 16777216 0 0 0 0 0 0 0 0 0 0 0 0 16777216 0 0 0 0 0 512 0 0 0 4 0 67108864 0 0 8192 0 2097152 16 679477248 272629761 0 0 16384 8 0 541065216 0 16 73729 0 0 16 0 0 0 0 32 0 0 2097152 2149589219 32801 0 0 0 0 32 0 0 0 0 0 67108864 0 0 0 0 0 4 0 0 269484544 0 0 0 0 0 0 0 4 0 0 2048 0 131072 0 32 0 0 0 0 268435456 0 4 0 1141899264 0 0 0 16384 0 0 0 134217728 16777216 128 0 0 0 0 0 0 1024 0 0 65544 0 0 0 0 0 8 0 0 524288 0 0 0 0 16 0 0 16777216 32 0 0 0 0 0 0 1310752 0 0 0 0 524288 0 0 0 0 0 2147483648 0 1024 0 0 0 4 128 0 512 0 0 0 0 0 0 8 0 0 1073741824 0 0 4 0 0 0 0 0 0 0 0 0 1048576 262144 0 262144 0 0 4096 0 0 0 0 268435456 0 0 0 0 0 0 128 2097152 0 0 8192 0 1024 0 0 0 134348801 0 0 0 4 0 4 0 512 0 64 4096 4 0 0 0 0 8192 0 1073742848 67108864 8388612 32768 2314 0 8192 33554432 24576 67174400 4 2097152 67108864 4521984 327714 0 0 0 0 69888 4194304 1048576 134217728 268435456 100663298 37122 2101255 0 0 4456448 256 805322752 0 16384 8388736 2147485552 0 0 0 0 0 20 0 0 134217728 2416476160 1048576 67141632 0 0 0 537133056 16384 0 0 0 1744830464 541180552 98304 0 135266304 32 8388608 0 0 132096 0 0 16777216 1 2418016256 33555008 1073742084 5 0 1744830465 524288 0 0 0 524288 402653184 1056 0 0 0 33685642 536936448 16777216 0 0 8192 0 4194304
is_linear=0
shrinkage=0.1


Tree=29
num_leaves=31
num_cat=13
split_feature=30 3 3 13 2 18 25 13 3 3 30 13 13 24 23 29 30 3 30 3 30 15 15 3 3 30 14 14 30 14
split_gain=169.522 148.239 125.042 78.8724 78.4742 78.1919 70.6001 66.9283 65.7793 63.4319 58.6793 53.1131 49.878 48.9915 64.4554 46.5477 46.3943 65.2019 60.6917 68.6194 47.8295 105.179 62.6343 45.8275 40.6204 36.1975 35.0759 35.6501 37.6779 35.018
threshold=24.500000000000004 0 1 2 3 0.09985267743468286 17.500000000000004 4 5 6 35.500000000000007 7 8 1.0000000180025095e-35 1.5000000000000002 1127.5000000000002 39.500000000000007 9 29.500000000000004 10 30.500000000000004 1.0000000180025095e-35 4.5000000000000009 11 12 20.500000000000004 6.5000000000000009 9.5000000000000018 26.500000000000004 6.5000000000000009
decision_type=2 9 9 9 9 2 2 9 9 9 2 9 9 2 2 2 2 9 2 9 2 2 2 9 9 2 2 2 2 2
left_child=1 25 10 -3 -4 6 7 -5 -8 -6 -2 -11 -7 14 15 -9 18 -18 19 29 21 -20 24 -22 -23 -1 -21 -28 -29 -13
right_child=2 3 4 5 9 12 8 13 -10 11 -12 16 -14 -15 -16 -17 17 -19 20 26 23 22 -24 -25 -26 -27 27 28 -30 -31
leaf_value=-0.073632462351524833 0.037239706166781086 0.084078727842263765 0.053307356817885891 0.11740921246432422 -0.06020258977762321 -0.061708054364584486 0.045727021389565213 -0.053025717212297978 -0.07376564103143117 -0.060007700891682607 0.10602074974505171 0.028429666592966259 0.003145778006503125 0.036170834544075894 -0.061498552358197484 -0.0082771783425490773 -0.01495069435965332 0.069001581003838949 0.3606588341054931 -0.0054838028521555296 0.027686659516571378 0.02024543343584179 0.14597879615810194 -0.0079149468640419534 -0.06699980444457411 -0.032231991743732251 0.05170501891266846 -0.0076559927796600521 0.078460252129221711 0.082921493718285499
leaf_weight=294.93441487010568 525.79585864767432 90.424492503516376 343.03098860010505 29.950839819386601 137.19925897847861 110.8769640121609 49.985740160569549 251.78036822658032 310.52642668690532 107.71725432109088 162.32957132160664 282.9244086984545 6300.2076173648238 192.21858104038984 282.42054892051965 3028.6914551733062 141.72139590978622 258.75741172581911 6.5172933861613265 909.317557730712 463.45096964761615 64.699177266098559 16.532311215996742 1520.0600561341271 304.45152550749481 743.74179290514439 282.48671529721469 338.64752132818103 59.773843079805374 202.22426207736135
leaf_count=20629 4282 1837 2572 824 3806 1314 1255 6948 15710 1631 1707 2381 64961 2335 16236 88471 643 1584 49 7393 4638 1101 98 21226 7815 24918 2087 2821 307 1588
internal_value=-0.000628997 -0.00769312 0.0128427 -0.0041485 0.0076896 -0.00498307 -0.0156904 -0.011663 -0.0579755 0.00452081 0.0526994 0.00642893 0.00193281 -0.0129706 -0.0156582 -0.0117117 0.0080244 0.0406422 0.00510769 0.0176011 -0.00580628 -0.0377154 -0.0444471 0.000503114 -0.0529753 -0.0435683 0.00732187 0.0245307 0.00526374 0.0501106
internal_weight=17813.4 11685.8 6127.64 10647.1 5439.51 10556.7 4145.57 3785.06 360.512 5096.48 688.125 4959.28 6411.08 3755.11 3562.89 3280.47 4851.56 400.479 4451.09 2075.37 2375.71 392.2 385.683 1983.51 369.151 1038.68 1590.23 680.908 398.421 485.149
internal_count=313167 245438 67729 199891 61740 198054 131779 114814 16965 59168 5989 55362 66275 113990 111655 95419 53731 2227 51504 16577 34927 9063 9014 25864 8916 45547 12608 5215 3128 3969
cat_boundaries=0 23 44 133 144 235 258 282 373 459 480 503 526 550
cat_threshold=2357198912 269484037 256 0 16384 10 8388608 0 278528 67108864 0 0 0 436207616 4 134217728 4 2692743168 0 0 0 18874400 72 75497472 1 256 0 0 2 8650752 4194304 278528 0 536936448 134217888 2048 0 0 1048576 4195328 1082179584 268437632 2097200 135266304 0 0 0 0 0 0 0 0 8 8192 32896 0 0 0 0 132 1048576 0 0 2097152 0 0 0 0 0 0 0 0 0 0 0 0 0 0 0 0 0 16777216 2 33685504 8388608 4 0 0 32768 1048576 16777216 0 0 4194304 0 0 0 0 0 0 0 0 0 0 0 40960 0 0 0 0 16777217 0 0 128 0 0 0 0 536870912 64 4 0 0 4096 0 0 0 0 0 0 512 0 65536 0 2147483904 0 4194304 32 0 0 512 4096 0 4194304 0 0 0 0 67108864 512 0 0 8388608 0 67108864 0 0 32768 536870913 0 0 0 0 16384 33554432 0 0 0 1048576 0 0 1024 512 2048 0 0 0 1024 0 285213184 0 0 0 0 0 0 0 1107296256 0 262144 0 0 0 0 0 524288 0 0 0 32 0 0 0 0 0 0 2 0 0 16384 0 0 1048576 0 134217728 0 0 0 32 0 0 0 0 0 0 0 0 0 268435456 0 0 0 0 0 64 554172416 64 67112960 4202496 0 100794368 1077940739 26624 0 64 8192 134217857 0 1024 0 0 0 128 160 0 0 0 4194432 0 0 0 4 0 33628160 6328320 67108864 0 7341122 0 0 1073741832 301989888 0 0 0 0 0 0 0 268632064 2147552512 409600 0 2048 0 0 64 0 0 0 0 0 67108864 0 0 0 0 16777216 0 0 0 268435456 8192 0 0 0 536872960 0 0 4 0 0 2048 0 0 2097152 0 0 0 0 0 0 0 0 0 0 0 2097152 0 1 0 0 0 512 16777216 0 0 0 0 128 0 32 0 32768 4 8 0 0 2 0 33554432 8 0 0 0 0 512 0 4 16 4 0 16779328 0 0 0 0 0 0 0 0 0 16 0 0 8388608 16777216 0 512 0 0 0 0 0 0 0 0 0 0 0 0 0 268435456 33554432 0 0 65540 0 0 0 4 0 2048 8208 0 131076 2097152 0 0 128 0 0 268435456 0 0 0 1073741824 0 0 0 1 0 0 0 1024 0 0 0 288 0 0 0 285212672 4 0 0 8 0 0 8 0 0 0 134217728 0 0 0 0 0 0 0 768 65536 16777216 0 0 0 0 32768 0 2 1073741824 0 0 0 0 512 536870912 256 2097152 1073741824 1573377 0 0 0 0 0 0 0 2147483648 1476395008 268435456 1082130432 0 0 8 0 16384 301989888 0 8192 612368384 1836064 32784 0 134217728 0 0 0 0 2147483648 2048 8224 855638016 269484038 32768 256 0 16 0 0 536870912 4 1 8388608 5439814 65568 0 0 0 536870912 4194336 0 2147483648 0 536870912 33554432 0 2 4194305 0 0 0 16777216 0 0 2637824 637534209 1279492 0 0 0 0 0 0 0 0 135266304 0 33
is_linear=0
shrinkage=0.1


Tree=30
num_leaves=31
num_cat=16
split_feature=30 3 3 27 13 3 2 30 3 13 3 20 3 3 30 13 23 13 30 3 20 3 3 29 3 30 30 15 15 15
split_gain=150.03 108.965 108.781 75.8278 74.0881 72.441 59.3888 58.8562 58.5329 52.5625 48.4377 49.3532 85.4106 48.2417 47.4564 46.4754 44.4556 43.5743 42.5745 41.5998 37.6626 57.0628 37.3145 31.4272 31.2122 30.9624 70.3147 65.3763 62.6382 45.5538
threshold=24.500000000000004 0 1 0.089561395347118392 2 3 4 35.500000000000007 5 6 7 -1.0000000180025095e-35 8 9 29.500000000000004 10 46.500000000000007 11 39.500000000000007 12 16.500000000000004 13 14 3757.5000000000005 15 29.500000000000004 30.500000000000004 4.5000000000000009 1.0000000180025095e-35 3.5000000000000004
decision_type=2 9 9 2 9 9 9 2 9 9 9 2 9 9 2 9 2 9 2 9 2 9 9 2 9 2 2 2 2 2
left_child=2 7 -1 4 -4 -3 -7 14 -6 -5 -11 12 23 -13 -2 -8 17 -17 22 -20 24 -22 -19 -12 -10 29 27 28 -27 -24
right_child=1 5 3 9 8 6 15 -9 20 10 11 13 -14 -15 -16 16 -18 18 19 -21 21 -23 25 -25 -26 26 -28 -29 -30 -31
leaf_value=-0.043402982438103289 0.065176376867438199 -0.061390958742474938 0.095042487791291361 0.057658907243933001 0.040787605973324779 0.047874007617390628 0.062285368992303837 0.10014150493615681 0.021569733758658474 -0.035014211172976671 0.054895995723789393 0.023491116096623264 -0.025461027423753238 -0.0065210307632730755 0.0075090922742608937 -0.050407122080265189 -0.069100155094599214 -0.02355761195499366 -0.0048147436752596301 0.065772043767326191 0.043442309615164126 -0.053776467678277373 0.024932165527305553 0.019334007876511496 -0.018034774519109068 0.25749630374180354 0.0068561287500504197 0.16144304437396939 -0.061826142024211286 -0.015374601085238498
leaf_weight=789.15729917678982 253.4079465623945 142.8165146773681 50.075692773796618 152.68622461613268 159.09405157156289 347.46954972110689 130.55243697669357 166.56714888289571 205.60519532673061 360.29117723647505 400.59111607074738 605.76533718686551 327.14061050862074 4112.2467224625871 326.65728180855513 127.08590912166983 81.966019989922643 429.64480171632022 137.85913515836 217.41171810030937 63.198239784687757 512.66659192182124 1409.4217548873276 654.54823221825063 3214.9086359925568 6.2755695544183245 1656.4859966179356 14.63158301450312 290.78618405107409 350.02934871427715
leaf_count=30730 2254 4004 1423 1404 3804 2576 1389 1811 8194 4769 3178 5294 3844 45404 3442 1783 1936 5026 633 1368 1803 28193 10394 6193 101318 39 20692 84 7112 3217
internal_value=-0.00112393 0.0115889 -0.00779256 -0.00515015 -0.0156533 0.00652341 0.00850306 0.0471159 -0.0171746 0.00152126 0.000105123 0.00223323 0.0188543 -0.00263168 0.0327017 0.00559098 0.00389506 0.00519302 0.00685539 0.0400974 -0.0195781 -0.0432867 0.0040311 0.0325271 -0.0156438 0.0072547 -0.00134287 -0.0449162 -0.0550803 0.0169134
internal_weight=17697 6089.07 11608 10818.8 4205.55 5342.44 5199.62 746.632 4155.47 6613.27 6460.58 6100.29 1382.28 4718.01 580.065 4852.15 4721.6 4639.63 4512.55 355.271 3996.38 575.865 4157.28 1055.14 3420.51 3727.63 1968.18 311.693 297.062 1759.45
internal_count=313311 67760 245551 214821 144735 60253 56249 7507 143312 70086 68682 63913 13215 50698 5696 53673 52284 50348 48565 2001 139508 29996 46564 9371 109512 41538 27927 7235 7151 13611
cat_boundaries=0 23 47 138 162 173 196 288 309 331 353 442 533 554 577 601 624
cat_threshold=142737408 16 1073742080 0 0 8 0 4194304 278528 0 65536 570425472 553648128 0 0 1081344 4194304 8421376 268699648 3145760 137363456 0 64 67108928 268435460 256 0 16384 2 0 0 278528 67108864 65536 32 16384 436207616 4 134217728 1540 2692747264 0 0 0 16777248 8405000 16777216 0 0 0 0 0 0 0 0 8388608 32 0 0 0 32768 0 4 0 0 0 0 0 0 0 0 1048576 0 4096 1024 0 0 0 0 0 0 0 16777728 0 0 524288 131072 8388608 0 0 268435456 8388608 0 0 1 0 0 0 16777216 0 0 0 0 0 0 1088 0 0 8192 16 0 0 0 0 0 134217728 0 134217728 0 0 0 544 64 0 0 0 65536 0 0 0 4 0 0 1049088 0 0 2097152 65 0 64 0 8 0 100728832 2130432 0 0 2289041600 0 0 1073741832 301989888 0 0 0 0 0 0 64 403767296 2148207616 64 0 2147483904 0 4194304 32 0 0 512 4096 0 4194304 0 8 2 8200 0 8192 131072 25182464 268435456 2097152 16384 3221226496 98952 8192 0 0 536936448 1073741832 4097 16777216 2621440 0 4194304 0 0 0 0 0 2097152 0 0 33570816 536870912 2129920 0 0 524288 0 17301632 1048576 0 0 0 0 0 0 0 0 0 0 0 1048576 0 0 0 0 0 0 0 0 0 0 0 64 128 0 256 32768 1048576 4096 256 0 0 0 0 0 128 0 0 0 0 0 67108864 0 2097152 0 0 0 0 16777216 0 0 128 536870912 0 16777216 0 536870912 0 0 131072 0 0 2048 0 0 0 0 0 0 0 1048576 0 0 1 0 536870912 0 4202496 0 268443648 8650752 16777216 268435456 0 262144 276825088 537954368 0 0 1048576 65568 1073774592 787464 16777232 1572864 0 8388610 32770 3073 0 33554432 0 262144 0 0 2113536 100663424 34209795 327712 0 16777216 0 33554432 2304 3145760 0 2048 268566528 0 75497472 16 0 131072 1207959556 0 67108864 0 0 0 25296928 8389636 0 0 2147483648 4194304 67110912 32 32896 134217728 0 0 0 0 524288 0 0 0 0 0 2147483648 0 0 0 0 0 0 128 0 0 0 0 0 0 0 0 69632 0 0 2048 0 0 4 0 0 0 0 0 0 0 0 132 0 0 0 0 4096 16 0 0 16384 134217728 0 268435456 0 288 0 0 1024 8192 0 0 16 0 0 16384 1073741824 0 0 2048 0 32768 0 0 0 0 0 0 1280 0 0 4096 0 0 32768 0 0 4096 67108864 0 0 0 0 0 0 0 0 0 0 67108864 0 0 0 0 16777216 4 0 0 268435456 8192 0 0 0 536872960 0 0 1028 0 0 2048 0 0 0 0 0 0 0 131072 0 0 0 0 336593152 32768 2097152 0 1 0 0 0 0 17825792 0 0 0 0 0 0 32 0 0 4 8 0 0 0 0 0 8 0 0 0 0 0 0 0 16 4 8 16779328 0 0 4 0 0 0 0 0 0 64 0 0 0 256 0 0 0 0 603979776 0 2097152 134217728 3801089 65536 0 0 0 0 0 0 2147483648 1073741824 1073741824 8388616 273 0 100827136 5637 8192 0 4194368 2101252 134217729 0 65536 0 0 0 33554432 128 0 142606336 0 8352 0 67108864 2 2049 0 537395216 4194624 16640 0 32769 17408 0 128 134283264 0 0 2147483648 0 17 0 131072 32768 5246976 16798208 0 0 8256 0 0 269025280 64 67108865 671088640 536872963 393216 0 2147483648 294928 0 0 0 8192 8 0 0 604112896 136642562
is_linear=0
shrinkage=0.1


Tree=31
num_leaves=31
num_cat=19
split_feature=3 22 23 3 25 3 30 3 3 22 3 3 3 13 3 30 14 3 29 3 21 3 1 13 22 26 13 3 13 3
split_gain=115.562 107.407 194.239 104.023 102.983 85.4886 74.3642 90.1164 75.0971 73.3269 63.1518 59.1441 57.3739 62.4166 54.3501 46.9206 43.5851 94.564 57.4714 56.3225 42.4371 38.8365 37.7291 34.3654 33.4836 32.7435 30.6672 30.438 30.9 28.6823
threshold=0 0.14274989813566211 1.5000000000000002 1 16.500000000000004 2 25.500000000000004 3 4 0.019436364062130455 5 6 7 8 9 38.500000000000007 8.5000000000000018 10 3894.5000000000005 11 7.5000000000000009 12 13 14 0.10003270208835603 1.0000000180025095e-35 15 16 17 18
decision_type=9 2 2 9 2 9 2 9 9 2 9 9 9 9 9 2 2 9 2 9 2 9 9 9 2 2 9 9 9 9
left_child=-1 2 4 -4 6 20 8 -8 -2 -5 25 -9 -10 -14 -11 21 17 18 -15 -18 -6 -12 -13 -23 29 -3 -21 -19 -29 -7
right_child=1 10 3 9 5 24 7 11 12 14 15 22 13 16 -16 -17 19 27 -20 26 -22 23 -24 -25 -26 -27 -28 28 -30 -31
leaf_value=-0.067587825295815807 -0.04751707288769344 0.084828758375125296 0.060780192519258591 -0.06620555909581162 0.026097753103586876 0.031533077633338805 -0.027019959280920658 0.058140037505433118 0.03274285886371029 0.043774951389883715 -0.026258372062469622 0.077477412714484717 0.063256788290024277 0.036958826895823908 -0.032704152218032211 0.088024036574569586 0.038372012022562373 -0.037498722031873002 0.0033213995967913746 0.047973431202649824 0.2313221716861269 -0.044347280328968688 0.013481654414015876 0.020568553283099006 0.014821332493283802 0.028249307482315907 -0.018544080634321211 -0.038672936839276195 -0.0021837402336487952 -0.079483404820531248
leaf_weight=246.63484514225274 337.3084909832105 214.94578802771866 93.426749457605183 737.86993189528584 34.774540345184505 24.703619004227221 426.49327509570867 383.0986001053825 491.71563036553562 105.11722491541877 255.88630849681795 87.181420870125294 134.47438974305987 975.89459914527833 507.43875883333385 78.258791647851467 189.56918130349368 290.57141157845035 1059.2499570641667 62.521257364191115 14.186567389406262 79.230038522742689 2378.4880581730977 1132.0277242958546 49.437481928616762 195.14653028547764 2644.1536942189559 237.68965425901115 3747.9060693602078 327.63710860768333
leaf_count=19063 8503 1799 2296 34518 636 782 3950 3619 8995 2082 2705 593 2012 11627 11469 862 3912 8273 16505 1008 154 826 25616 12008 751 1978 43849 4478 65695 12289
internal_value=-0.000976184 1.27211e-05 -0.00280074 -0.0377102 0.000826225 -0.0461914 0.00240232 0.0155074 -0.00181775 -0.0446435 0.0220844 0.0218923 -0.000201691 -0.00196888 -0.0193993 0.0124982 -0.00298908 0.00166842 0.0193561 -0.0131487 0.0710503 0.00855472 0.0160482 0.015994 -0.0607354 0.0565265 -0.0168367 -0.00677907 -0.0044512 -0.0730606
internal_weight=17543 17296.4 15340.9 1443.85 13897.1 450.739 13446.3 3275.26 10171.1 1350.43 1955.5 2848.77 9833.75 9342.03 612.556 1545.4 9207.56 6311.31 2035.14 2896.24 48.9611 1467.14 2465.67 1211.26 401.778 410.092 2706.67 4276.17 3985.6 352.341
internal_count=312853 293790 273612 50365 223247 14612 208635 33778 174857 48069 20178 29828 166354 157359 13551 16401 155347 106578 28132 48769 790 15539 26209 12834 13822 3777 44857 78446 70173 13071
cat_boundaries=0 24 48 69 92 115 139 162 185 274 297 321 345 369 370 460 551 575 666 689
cat_threshold=0 16777216 2048 0 16384 0 0 268435456 0 3758096416 4096 0 1073741824 436207616 4 0 0 2147483648 0 0 0 323026976 268452872 4476432 16777216 33554496 1073741824 0 0 131072 5242880 16793600 67108864 4096 262144 1342177408 0 327684 0 1048576 32 49152 525312 0 65568 134217728 37781632 16777216 235405312 268435520 8388608 8192 0 603987976 1073745920 2048 16384 2097152 4 0 1048592 48 0 16777216 0 8192 17043456 0 2157445248 0 0 0 4196352 0 33759232 2130432 67108864 67108864 6292480 2097152 1073741825 1049224 0 0 1048576 8 8200 8 0 128 0 2147483776 33554496 268435521 335544576 256 0 0 0 0 0 12591360 524288 134217728 0 5122 0 134217728 6 1610653696 262152 16 67584 0 64 436207616 11 8388608 1025 0 0 0 4194304 570425344 4194304 2121728 142606336 1048576 66560 0 0 0 0 0 0 2147483648 0 0 32 679477248 5 256 0 0 0 0 0 16384 0 65536 0 34820 0 0 0 0 8437760 0 0 0 0 536870912 134250496 0 8388608 16 0 16777216 2097156 8388608 65536 0 0 0 2198028928 8650752 0 0 2147483648 4194312 268437504 6291488 268435456 536872960 65536 0 0 0 0 0 0 0 8 8 8192 0 0 0 0 9 128 0 0 0 0 0 0 0 0 0 0 4096 0 0 0 524288 0 0 2097152 0 0 0 16777216 0 131072 0 128 0 268435712 0 0 0 0 0 0 0 0 0 0 16384 0 4 0 0 16777216 0 0 0 0 0 4096 0 67108864 134217792 128 536870912 0 16777216 0 0 64 4 134217728 0 0 0 0 524288 0 268468224 0 512 0 65536 2148007936 276824066 67108864 8 0 0 2097152 4196352 0 0 532480 134217728 2099744 0 0 32768 0 0 32 0 2156560384 2048 32 0 272 36928 0 0 196608 541065216 16793600 201326592 128 2097152 1174405120 6063112 2064 0 0 0 0 256 64 0 262144 134217728 64 807534592 536870912 0 8194 536870912 33554448 64 0 805306368 131072 536879104 0 16 0 0 8192 16 0 131092 1048576 2215641088 0 2156433408 4 1141407744 1140850688 268468224 16 0 0 2097152 0 16384 0 0 268436480 537149516 2 0 134217728 256 8404992 4128 2 67239936 128 0 16777216 44171264 0 0 0 0 0 0 0 0 0 0 0 0 0 0 0 0 0 0 0 0 8192 0 0 0 2048 0 0 0 0 0 2048 0 0 2097152 0 0 0 0 0 0 0 0 0 268435712 0 0 16777216 268435472 0 0 536870912 0 0 0 16384 0 0 0 0 285212672 0 0 0 0 0 16384 0 67108864 0 0 0 32768 0 0 0 0 4 131072 32 0 2048 4096 0 0 0 0 0 0 1048576 1073741824 0 0 0 0 64 0 0 0 0 67174400 0 0 0 0 0 0 0 128 0 2147483664 0 0 0 0 2064 64 0 1024 0 1073743872 8192 0 0 0 0 0 2097152 0 0 0 0 4 0 1048576 0 0 0 0 16384 128 16384 0 0 268435456 0 0 0 0 0 0 0 2097152 16 0 8192 16384 0 0 0 0 131072 0 0 0 1073741824 0 0 0 32 0 0 0 0 0 0 0 0 0 1048576 0 64 69337088 536870920 0 4194304 0 8 134217728 0 262144 0 65536 1 2099200 0 0 32768 131072 128 1703936 0 2281832448 2228224 13139968 16777217 0 0 0 1024 0 0 0 0 0 32 2147483648 0 65664 0 0 17301504 1048576 128 0 2147483648 0 0 0 0 536870912 64 0 4 0 1073743872 0 0 4 0 0 0 0 0 0 0 0 0 0 1048576 0 0 16 268435712 0 0 0 0 16777216 268435584 0 0 0 128 1024 0 0 0 20 0 0 0 0 0 0 2048 0 0 0 0 0 0 0 0 256 0 0 0 0 0 0 0 0 0 0 1073741824 1 8388608 1073741828 402653184 2310 0 33689616 296448 0 0 8454720 8192 128 0 33792 0 1048576 66080 268435456 0 0 0 8192 128
is_linear=0
shrinkage=0.1


Tree=32
num_leaves=31
num_cat=19
split_feature=30 3 3 13 27 3 3 30 3 13 30 13 15 15 30 3 3 3 3 13 3 3 23 22 13 3 3 14 13 14
split_gain=104.318 111.092 95.4251 78.8832 60.6766 61.5693 59.9718 65.011 83.3376 58.5558 54.212 47.5016 47.3107 87.1514 139.518 55.8723 50.4786 47.1805 47.0332 45.203 44.5614 43.6085 42.3205 47.5648 42.2799 39.3286 37.2523 36.0658 30.9665 30.2169
threshold=24.500000000000004 0 1 2 0.072555053979158415 3 4 39.500000000000007 5 6 20.500000000000004 7 2.5000000000000004 1.0000000180025095e-35 21.500000000000004 8 9 10 11 12 13 14 1.5000000000000002 0.031290795654058463 15 16 17 10.500000000000002 18 6.5000000000000009
decision_type=2 9 9 9 2 9 9 2 9 9 2 9 2 2 2 9 9 9 9 9 9 9 2 2 9 9 9 2 9 2
left_child=1 -1 -2 -3 5 -5 -4 9 -9 -8 21 -11 13 14 16 -14 -12 -6 -16 -19 -15 -7 25 -24 -17 -13 -25 -22 -23 -27
right_child=2 3 6 4 17 10 7 8 -10 11 12 22 15 20 18 24 -18 19 -20 -21 27 28 23 26 -26 29 -28 -29 -30 -31
leaf_value=-0.048866313241839709 0.052328287586177386 0.091769191706964751 -0.063615887289471221 0.045877624347938552 -0.044920104339025491 0.041714819956886334 0.071697137103217512 -0.0060140985132373275 0.078131748100039741 -0.049005279598940882 0.062945384440486876 -0.040718394486342263 0.042407330478450633 -0.055336086118049549 -0.0289204812941261 0.071876698104429856 -0.041913975085882439 -0.052742662572565796 0.11398242318012015 0.003239090658810154 0.061907967080710107 0.087215607607510265 -0.055788642235581998 -0.024661555164837073 -0.038450866893156174 0.0028113176723507803 0.031146144056434899 -0.01025071794555505 -0.048113298716600555 0.020572151818851782
leaf_weight=555.95592219894752 492.17954043019563 76.411281223874539 108.72855104412884 147.1644322834909 209.57485218252987 56.437937612645328 117.90313951857388 206.61974460631609 273.60880199447274 158.8601309619844 41.960140492767096 144.32710270117968 99.027465392835438 41.341381669044495 31.204053686931729 28.244887169450521 634.80501422286034 137.2098464909941 85.825926188379526 7201.8852865509689 337.38329136092216 9.6301266355440003 223.77456182055175 257.05616845097393 876.76021155714989 2105.6688627144322 206.63954761903733 87.15978838596493 800.94400754198432 1757.3618862619624
leaf_count=21578 4534 1043 3182 3506 3311 2732 1273 986 2434 2662 1428 2598 3498 1265 417 847 22785 1880 2346 83867 9058 600 5887 3271 28641 20885 2008 2477 54136 18126
internal_value=-5.54916e-05 -0.00566494 0.0105642 -0.0034141 -0.00416994 -0.0155345 0.0067613 0.00827878 0.0434295 0.00490006 -0.0185086 0.00312331 -0.010424 0.00248267 -0.0176681 -0.0266169 -0.0351018 0.00075939 0.0831482 0.00212213 0.0368165 -0.0398307 0.00498761 -0.0179246 -0.0342597 0.00893069 0.000348216 0.0460099 -0.0454622 0.0108629
internal_weight=17511.7 11458.9 6052.73 10903 10826.6 3277.89 5560.55 5451.82 480.229 4971.59 3130.72 4853.69 2263.71 1259.68 793.795 1004.03 676.765 7548.67 117.03 7339.1 465.884 867.012 4694.83 687.47 905.005 4007.36 463.696 424.543 810.574 3863.03
internal_count=313261 245415 67846 223837 222794 133736 63312 60130 3420 56710 130230 55437 72762 39776 26976 32986 24213 89058 2763 85747 12800 57468 52775 11166 29488 41609 5279 11535 54736 39011
cat_boundaries=0 24 45 137 160 184 208 298 389 413 437 458 472 563 587 611 702 726 744 831
cat_threshold=75497536 268435457 67109120 0 16384 4098 8388608 0 278528 256 0 32 0 436207616 4 134217728 4 2155872256 0 16 0 16777248 4168 16777252 276955200 16 0 0 0 8 0 4194304 278528 0 536870912 128 571508804 0 0 1081344 0 8388608 2048 3147808 137363457 0 0 0 0 0 0 0 0 0 8192 0 0 0 0 0 132 0 0 512 2097152 0 0 0 0 0 0 0 1024 0 0 524288 0 0 512 0 0 4 16777216 0 33685504 0 0 0 0 8388608 0 0 0 0 128 0 0 0 0 0 0 0 0 64 0 0 40960 2 0 0 4096 1 0 134217728 128 536870912 0 0 0 32 64 0 0 0 4096 64 0 524288 0 0 0 512 0 65536 0 64 1 0 67108888 0 8192 0 536944640 537133570 8192 268500992 2097156 0 268436480 82080 0 0 0 536870912 1073741832 4104 16777216 2293760 0 4194304 0 0 0 0 0 100728832 2130433 218104064 0 5243970 0 0 1073758208 301989888 0 0 0 0 0 0 0 268533760 69995776 131072 2281701376 268435458 1073741824 260 0 0 4096 16896 637534208 256 2097152 1073741825 3015425 65536 0 0 1024 8192 0 0 0 2147483648 0 32768 0 0 0 0 524288 0 0 0 64 0 2147483648 0 0 0 0 0 16 128 262144 512 2147483648 2048 0 0 0 0 65536 0 0 0 8192 0 0 2097152 0 0 0 0 536870912 0 0 0 0 0 32768 262144 16777216 16 0 0 0 1024 0 0 0 288 0 0 0 8192 262144 0 16 0 0 0 1073741824 0 0 0 0 0 0 0 1073741824 64 0 0 256 8 0 0 0 0 67141632 0 0 0 67108864 1073741824 0 0 0 0 64 2097152 0 0 0 0 67108864 0 0 0 0 16777216 0 0 0 268435456 8192 0 0 0 536872960 0 0 4 0 0 2048 0 0 0 0 0 0 0 0 0 0 0 0 68157440 0 2097152 16 0 0 160 0 0 16777216 0 0 0 4194304 0 64 32 0 0 0 0 0 2 2 0 33554432 0 0 0 16777216 0 0 0 4 0 4 0 64 0 524288 0 0 0 131072 0 1048576 0 16 16777216 0 0 4198408 0 655360 268435456 536871424 570425344 536873984 537264128 0 1048640 8704 0 0 0 0 32 0 402653216 2097152 2684362896 4096 0 1048576 134217728 0 536872960 9043968 33554432 1 134217728 268435584 1 0 272 65536 0 0 0 131072 22 2048 0 671350784 10749986 66 0 536870928 0 2056 0 268443648 536870914 0 671088640 0 536870912 268436609 8470528 8 0 32768 1024 1610637312 262152 1048576 135331872 587857920 8388610 32768 0 0 0 0 0 0 0 2097152 2315255809 4196426 65536 0 0 0 16777216 64 512 0 0 0 0 2147483648 0 0 1 0 0 0 0 0 512 0 0 0 0 0 0 0 0 0 2048 8208 0 0 0 0 0 128 0 0 0 0 0 0 1073741824 0 0 0 1 0 0 0 1056 0 0 0 32 0 0 0 0 33816580 0 0 0 0 0 0 67108864 0 0 134348800 0 0 0 1073741824 0 0 0 1312 65536 0 0 0 2048 0 0 0 4096 1048576 2097152 1 0 8388608 2 4198400 536870912 655360 65536 512 0 1536 536936448 3254779904 512 32768 0 0 4194304 4096 0 0 0 805699584 2158026752 32770 0 0 8396802 16 536870912 1109426180 272629792 67108864 0 4456448 4 134217729 2147778560 32768 0 131072 4194336 0 2 0 0 536870912 2097152 16 0 0 0 0 0 0 0 0 0 32 32770 0 0 32768 0 524288 0 0 0 268435456 0 0 0 4 0 0 1 0 0 0 0 0 2048 0 0 0 0 0 0 0 0 4 0 302252032 0 0 0 268435457 0 0 0 0 0 0 0 32 0 128 1024 0 0 2097152 0 0 0 16384 0 67108864 33554432 0 0 0 0 0 0 0 0 0 1056 0 2048 0 0 0 32768 0 268435456 0 262144 2097152 1 524288 4194304 0 2056 0 537395200 326 536887296 0 536871041 0 0 512 8192 0 0 65536 2147491848 1572865 0 0 537919488 4198401 16416 0 75497472 8421632 1280 0 0 0 0 100663296 0 16384 1409286144 983811 134316048 0 134217728 0 1073750016 0 0 0 0 0 0 0 0 8388608 0 67141632 0 0 524288 0 524352 4 0 0 0 0 0 0 0 0 0 0 0 0 0 8192 0 0 0 0 0 0 0 524288 0 0 4 0 256 0 262144 16777216 0 4096 0 0 0 0 0 0 32 4194304 128 0 0 0 0 0 0 0 0 0 0 0 0 0 0 0 0 516 0 0 0 67108864 8 0 0 0 0 0 0 131072
is_linear=0
shrinkage=0.1


Tree=33
num_leaves=31
num_cat=9
split_feature=18 30 23 24 23 24 26 13 26 23 20 21 20 28 30 13 28 2 26 20 13 18 27 13 13 29 28 5 13 13
split_gain=91.2317 89.5668 92.2348 101.3 121.581 88.7148 74.8025 65.2336 63.6729 50.6607 39.9121 48.8294 37.5683 57.5895 37.0767 39.5482 37.7489 35.927 35.1085 52.0236 34.9884 31.9854 30.5052 32.8104 29.8834 29.5578 56.3066 25.6461 24.9898 24.0386
threshold=0.015315920114517214 39.500000000000007 10.500000000000002 1.0000000180025095e-35 1.0000000180025095e-35 3.5000000000000004 1.5000000000000002 0 1.0000000180025095e-35 1.5000000000000002 -1.0000000180025095e-35 1.0000000180025095e-35 21.500000000000004 0.1056773141026497 20.500000000000004 1 0.072883825749158873 2 1.0000000180025095e-35 12.500000000000002 3 0.063139911741018309 0.37517122924327856 4 5 3986.5000000000005 0.27646522223949438 6 7 8
decision_type=2 2 2 2 2 2 2 9 2 2 2 2 2 2 2 9 2 9 2 2 9 2 2 9 9 2 2 9 9 9
left_child=17 2 3 4 7 29 21 -2 9 12 -3 -12 13 -6 16 -16 28 -1 19 22 -10 -5 23 -17 -25 26 -7 -26 -9 -4
right_child=1 10 5 6 8 25 -8 14 20 -11 11 -13 -14 -15 15 18 -18 -19 -20 -21 -22 -23 -24 24 27 -27 -28 -29 -30 -31
leaf_value=0.095078748369439109 0.07801319330685054 0.11171674677755772 0.054031402603318839 0.10066125805549016 0.072706389684420863 0.11917117148326904 -0.004095736957027701 0.085194863429387493 0.043349292286368808 -0.031869737130233868 0.0091413781763561141 0.080668401519832358 -0.032361392911326663 -0.012290516758332037 -0.049701052945276235 0.047080962263044021 -0.0027144553678059048 -0.060045608537516573 0.022566067207246694 -0.035609808650636766 -0.045967898512547151 0.042039737507229349 0.027803522222956567 -0.059269917735656388 0.1134794475412754 -0.010980365986548302 -0.073827640808469555 0.002479603639665047 -0.035201454642303336 -0.06676828979752919
leaf_weight=8.2954621305689198 102.99030990060419 70.177293825894594 12.90351259941235 112.94427813589573 183.46179234795272 52.58075276017189 370.07355223596096 9.276123642921446 40.808871487155557 363.59562450647354 316.98627820611 136.55946710333228 107.81286635156721 140.96309838630259 123.94765622820705 156.10236844327301 1982.4147462397814 293.71884497674182 1026.8823924958706 334.98372167814523 952.30449449969456 529.10858130268753 529.81277285516262 68.419802718795836 10.880194999277592 188.2974756192416 21.215792242437601 8226.6269298484549 543.10651900712401 425.38880300614983
leaf_count=808 1318 636 395 936 4438 341 2922 482 1080 12003 2065 1352 2684 1520 1803 1782 33330 26818 12495 7690 27447 3199 2880 896 83 1759 124 102672 34777 22259
internal_value=-0.000141139 0.000818852 -0.000464471 0.00109838 -0.000980558 -0.0359808 0.0317124 0.00235511 -0.0254356 -0.00436063 0.0415367 0.0306777 0.0187799 0.0357751 0.00169504 0.00432183 -0.0091562 -0.0546248 0.00501172 0.00308436 -0.0423241 0.0523519 0.00452588 0.00306846 0.00218197 0.010043 0.0636859 0.00276363 -0.0322746 -0.0635025
internal_weight=17442.6 17140.6 16616.9 15916.5 14904.4 700.386 1012.13 13115.4 1788.95 795.833 523.723 453.546 432.238 324.425 13012.5 10477.7 2534.8 302.014 10353.7 9326.83 993.113 642.053 8991.84 8462.03 8305.93 262.094 73.7965 8237.51 552.383 438.292
internal_count=312994 285368 281315 256437 249380 24878 7057 200208 49172 20645 4053 3417 8642 5958 198890 130301 68589 27626 128498 116003 28527 4135 108313 105433 103651 2224 465 102755 35259 22654
cat_boundaries=0 89 178 190 281 371 461 462 552 641
cat_threshold=2 0 0 0 0 16400 0 8 33570816 0 2097152 0 0 0 0 0 0 0 0 16 0 0 0 0 0 0 4096 0 0 0 524288 0 0 0 0 0 0 0 536870914 33554432 0 128 0 0 32768 0 16777216 0 32 4194304 16384 0 0 0 0 0 0 0 0 67108864 0 0 16 0 0 0 0 0 0 128 0 0 8192 0 512 0 8388608 0 32 0 0 0 0 0 268435456 0 512 4096 65536 0 0 0 0 268435488 2 0 8388608 0 0 67108864 0 128 524288 0 0 1048576 0 0 268435456 0 0 0 0 2048 0 0 1028 0 0 0 0 131072 0 32 0 0 0 0 64 0 0 0 1073741826 0 2097152 16 268435457 0 0 0 0 0 128 0 0 0 0 0 32 1024 0 4 65536 0 0 0 0 0 2056 0 0 16777216 0 0 0 0 0 0 0 0 0 0 0 0 0 0 0 1048608 16777248 2214594560 128 67108864 0 9344 536870912 0 2048 0 0 2 0 0 0 0 64 0 0 0 0 0 0 0 0 1 0 16777216 0 128 262144 0 2147483648 0 0 0 0 0 0 0 0 0 2048 0 0 1048576 0 0 0 0 0 0 0 0 0 34603008 0 536870912 4096 16 0 0 0 150994944 0 0 0 256 0 65536 1024 8192 0 2129920 4 0 8192 0 0 0 33554432 0 16 32768 0 0 0 0 0 0 768 0 0 0 0 0 67108864 0 0 0 262144 2097152 64 0 2048 8388608 0 64 2097152 0 0 0 65536 2147483648 0 0 131072 0 64 0 0 0 0 0 0 0 0 16 0 1 0 0 1073809408 8192 0 2048 0 0 0 0 0 0 0 0 0 0 301989888 0 0 0 16 0 0 0 0 0 0 0 32 0 0 0 16777216 0 0 0 0 8192 16386 1 0 167772160 0 0 0 0 0 0 64 0 131072 0 65536 0 0 0 0 0 0 0 8192 0 1073741824 0 0 0 16778240 0 0 0 0 0 0 0 0 0 0 0 0 0 0 262144 2097152 0 0 0 0 536870912 0 0 1048576 0 0 32768 0 0 0 0 4 128 1073741824 135168 0 0 0 0 262144 0 0 0 16384 0 0 0 0 0 268435458 0 256 0 0 64 0 0 0 2 8 0 0 65544 128 64 0 0 0 0 0 0 0 0 0 512 0 0 0 0 4 0 4194304 0 0 67371008 8389632 128 0 0 0 0 524288 0 0 0 0 0 67141632 0 0 0 0 0 0 0 0 0 0 0 0 4 0 0 65536 1024 0 1073741824 8192 0 0 2097152 0 0 0 0 0 0 0 0 0 256 0 0 4096 0 4096 0 0 0 0 2415919104 0 32 0 128 0 0 0 0 0 0 0 0 0 0 0 0 0 0 16777216 0 0 0 0 0 0 0 0 0 0 4 32768 0 131072 0 0 1024 0 0 0 0 524288 0 0 0 8388608 0 0 0 0 0 0 0 0 0 0 0 0 0 0 0 0 0 0 0 0 65536 2048 0 0 0 0 0 0 0 0 0 0 0 0 0 0 0 0 0 0 0 0 1024 0 0 0 0 0 0 0 8192 0 0 0 0 0 0 0 67108864 0 0 64 0 0 0 4 0 0 0 1280 0 2048 0 0 0 0 0 0 0 1048576
is_linear=0
shrinkage=0.1


Tree=34
num_leaves=31
num_cat=2
split_feature=30 27 2 23 24 25 26 23 15 30 22 23 25 27 16 30 15 30 15 30 15 16 22 14 25 22 29 30 16 1
split_gain=80.73 64.6906 51.4261 42.9808 77.5278 36.9001 35.4971 34.9228 33.2667 115.635 32.3887 37.0891 50.9956 34.3163 30.2585 28.9214 28.239 45.7976 61.9893 90.3893 48.0835 69.0504 27.9994 27.7081 27.6472 36.8537 26.8091 25.5121 24.4532 23.6794
threshold=24.500000000000004 0.061463963240385062 0 17.500000000000004 1.0000000180025095e-35 15.500000000000002 1.5000000000000002 1.5000000000000002 5.5000000000000009 22.500000000000004 0.19980237632989886 1.5000000000000002 1.5000000000000002 0.37517122924327856 2.5000000000000004 29.500000000000004 2.5000000000000004 21.500000000000004 1.0000000180025095e-35 20.500000000000004 1.5000000000000002 6.5000000000000009 0.058860385790467269 10.500000000000002 18.500000000000004 0.07565296441316606 3778.5000000000005 34.500000000000007 2.5000000000000004 1
decision_type=2 2 9 2 2 2 2 2 2 2 2 2 2 2 2 2 2 2 2 2 2 2 2 2 2 2 2 2 2 9
left_child=1 3 -2 4 5 7 -6 29 16 -10 11 13 -13 24 -15 -14 17 18 -3 -20 21 23 -23 26 -4 -26 -19 -17 -21 -1
right_child=2 8 10 -5 6 -7 -8 -9 9 -11 -12 12 15 14 -16 27 -18 20 19 28 -22 22 -24 -25 25 -27 -28 -29 -30 -31
leaf_value=-0.054095596387982052 0.042592371813687829 -0.016849613255052562 0.0062318880668562069 -0.073965968165710508 0.087607855390929731 -0.061155843363575248 -0.017466509593990275 -0.05756439353361828 0.0079327425789846601 0.16724917191957239 0.0285573776568641 -0.074986386432116067 0.032656875952236833 0.16105163438050488 0.031475855114780897 -0.040008221750731238 -0.010475466464746949 0.12181955083485947 -0.0070435258700061237 -0.018787304727411296 -0.037095546653761517 0.015951191002143213 0.093238752813574563 0.035185832550851788 -0.070132190011395049 0.032107679624166302 0.28053729301518604 0.015477226706337161 0.034319257484031022 -0.010065228522026088
leaf_weight=121.77597637707368 409.86772695928812 1662.0581097477116 3918.4976575141773 133.62475441582501 101.56994675379246 200.29728545434773 47.042252225801349 189.89480270491913 475.85426392965019 50.381942729465663 583.61050296761096 129.19041237886995 147.6234586853534 19.292943429201841 273.53769389912486 228.97270780801773 2982.1816200339235 29.228386890143156 1682.9429237176664 94.840679135173559 92.140483030118048 344.68951637484133 54.251308247447014 18.683809851296246 106.48236996680498 52.708466551266611 16.735758984461427 129.86981955077499 1010.6449064398184 2042.8543465621769
leaf_count=7236 3009 19630 41452 12964 918 15040 751 15533 4826 472 4561 3792 1913 126 1894 6075 37077 171 31019 768 790 2582 383 153 2933 573 105 1219 8111 86717
internal_value=-0.000566431 -0.00552531 0.00881606 -0.0186032 -0.0158668 -0.0199511 0.0543472 -0.0164458 -0.00116777 0.0231857 0.00625205 0.00366423 -0.0189054 0.0069468 0.0400129 -0.0046002 -0.00277206 0.00181683 -0.001563 0.00754867 0.0288837 0.0419974 0.0264614 0.13787 0.00457223 -0.0362803 0.179609 -0.0199273 0.0297632 -0.0128387
internal_weight=17351.3 11351.7 5999.65 2837.06 2703.43 2554.82 148.612 2354.53 8514.63 526.236 5589.79 5006.18 635.656 4370.52 292.831 506.466 7988.4 5006.22 4450.49 2788.43 555.729 463.589 398.941 64.648 4077.69 159.191 45.9641 358.843 1105.49 2164.63
internal_count=312793 245246 67547 139159 126195 124526 1669 109486 106087 5298 64538 59977 12999 46978 2020 9207 100789 63712 59528 39898 4184 3394 2965 429 44958 3506 276 7294 8879 93953
cat_boundaries=0 11 12
cat_threshold=0 2147483904 0 4194304 32 0 0 512 4096 0 4194304 39743569
is_linear=0
shrinkage=0.1


Tree=35
num_leaves=31
num_cat=5
split_feature=13 18 30 23 21 13 22 25 23 23 26 22 20 13 13 25 20 28 13 29 15 30 30 15 30 30 30 15 14 15
split_gain=84.3331 73.6454 72.5123 63.6743 76.1965 41.5883 43.3324 64.5065 75.2993 47.1963 38.6462 38.5354 53.35 35.3848 34.4853 34.0874 32.0333 31.2971 30.1324 25.9874 24.951 37.8979 48.3965 29.4341 64.9744 48.0707 99.1876 39.5436 37.7222 44.4414
threshold=0 0.016202706843614582 39.500000000000007 10.500000000000002 9.5000000000000018 1 0.084570985287427916 17.500000000000004 1.5000000000000002 1.5000000000000002 6.5000000000000009 0.065492488443851485 -1.0000000180025095e-35 2 3 1.5000000000000002 1.5000000000000002 0.0068320583086460837 4 1412.5000000000002 5.5000000000000009 22.500000000000004 24.500000000000004 3.5000000000000004 21.500000000000004 29.500000000000004 32.500000000000007 1.5000000000000002 8.5000000000000018 1.0000000180025095e-35
decision_type=9 2 2 2 2 9 2 2 2 2 2 2 2 9 9 2 2 2 9 2 2 2 2 2 2 2 2 2 2 2
left_child=-1 14 3 5 -5 -3 7 8 13 -9 -8 12 -4 -7 16 -10 17 -2 -15 -14 23 -22 -23 24 28 27 -27 -26 29 -20
right_child=1 2 11 4 -6 6 10 9 15 -11 -12 -13 19 18 -16 -17 -18 -19 20 -21 21 22 -24 -25 25 26 -28 -29 -30 -31
leaf_value=0.10432840684458222 0.66970521352673706 -0.042275005078275883 0.10656784976735155 -0.06623541655371433 0.001773594319281261 0.051512647002689274 0.024114521611657669 -0.063560711748011395 -0.065591876012770958 0.0077098580070544378 -0.0056965523948027397 0.091857174985557163 0.081855348118056365 -0.046476521587263238 -0.053205000798867121 -0.01266325100516311 0.024855177646465304 0.12623793444143125 -0.014366274301277425 -0.0029191381469398782 0.0050060177932921106 0.14469201370119805 0.028226479098433545 -0.0085933322802688866 0.041929529716740438 -0.024428209640994687 0.030590169436655504 0.013199167136892549 -0.01700294780902601 0.0089277696011838114
leaf_weight=66.108279454056174 2.0729650445282441 220.73142452863976 64.440174713730812 325.9076005811803 333.13654880598187 128.25228981347755 1326.3063019406982 281.94412767281756 241.12352161062881 138.58703068364412 646.99623646913096 102.22490068152547 41.135048978030682 124.27898246468976 321.92182084266096 245.63152486179024 5.4124513501301408 2.1676946794614196 1205.3106784448028 298.99962723255157 470.74128076247871 48.093730291351676 138.22523171082139 2929.5484994985163 722.53439449705184 777.53451961651444 566.34829927515239 1421.6981845134869 1567.400014935527 2555.5912493104115
leaf_count=987 153 4197 633 19563 5073 1924 14261 9761 10868 3309 7543 1171 403 1949 30832 8410 442 139 19724 1841 6562 591 1310 38238 6451 13233 4326 10299 32882 56306
internal_value=-0.000706554 -0.00116877 -0.000254959 -0.00140511 -0.0318579 -0.000131401 0.000494251 -0.00151988 -0.000286237 -0.0400733 0.0143402 0.0370001 0.0231392 0.00119824 -0.0478427 -0.0388825 0.0914078 0.391901 0.0006415 0.00733328 0.00115069 0.0201152 0.0582892 9.08035e-05 0.0029764 0.0135866 -0.00124199 0.0228803 -0.00396947 0.00146239
internal_weight=17320.4 17254.3 16922.7 16415.9 659.044 15756.9 15536.1 13562.8 13142.3 420.531 1973.3 506.8 404.575 12655.6 331.575 486.755 9.65311 4.24066 12527.3 340.135 12403 657.06 186.319 11746 8816.42 3488.12 1343.88 2144.23 5328.3 3760.9
internal_count=313381 312394 280828 276780 24636 252144 247947 226143 213073 13070 21804 4048 2877 193795 31566 19278 734 292 191871 2244 189922 8463 1901 181459 143221 34309 17559 16750 108912 76030
cat_boundaries=0 90 181 272 353 444
cat_threshold=0 0 0 0 0 16 0 8 576 0 0 0 0 0 8 0 0 0 262656 0 0 0 0 0 0 0 4096 0 0 0 0 0 0 0 0 0 0 0 536870914 33685504 0 1 0 0 0 0 0 0 32 4194304 16384 0 0 64 0 0 0 0 0 0 0 8192 128 0 0 4096 0 131072 134217728 0 0 0 8192 0 131104 0 8388608 134217728 0 0 0 0 0 0 268435456 0 0 0 65536 8 0 0 0 8 268435488 0 0 8388608 0 0 0 0 1152 0 0 0 4 0 64 268435456 0 0 0 0 2048 0 0 4 0 0 2048 0 0 0 0 0 0 0 0 0 0 0 0 2 0 2097152 16 16385 0 0 0 1056 0 268435456 0 0 0 128 0 0 1028 0 4 65544 0 0 8 0 0 8 0 0 0 0 0 0 0 0 288 0 0 0 0 0 0 0 0 0 32 0 16 0 0 0 0 0 2098176 0 0 0 8192 67108864 0 0 0 0 64 0 0 0 0 0 0 0 1073741824 16 64 0 0 0 0 532480 0 0 268436480 0 0 0 16777216 524288 0 0 128 0 33554432 0 4 0 16 0 524288 0 0 0 0 0 0 4194304 0 0 8192 262144 0 16 0 0 0 1 0 64 0 536870912 0 0 0 536870912 64 0 0 0 0 0 0 0 0 0 65536 268435968 0 0 0 2 0 0 0 16777216 524288 0 0 0 0 0 2147483648 32 0 0 0 0 0 0 0 16384 0 0 0 0 536870912 0 8 0 0 0 0 0 2048 2097152 0 0 0 0 0 0 0 4 0 0 0 262144 0 257 0 0 0 0 0 0 0 0 0 2147483648 0 0 128 2097152 4 0 0 0 0 0 0 8 0 32768 0 0 512 0 0 0 0 0 67108864 0 0 0 1024 134217728 0 0 0 0 0 0 0 0 0 0 0 0 0 0 0 0 67108864 0 0 0 65536 0 2097152 0 0 2147483648 0 131072 0 32 0 128 0 0 64 0 0 0 0 32768 1048576 0 0 0 0 0 512 0 130 0 0 0 0 1024 0 0 0 0 0 0 0 0 0 0 0 0 32768 0 0 0 0 0 1073741824 512 0 2048 0 0 0 0 4194304 16777216 8388608 1310720 8389632 512
is_linear=0
shrinkage=0.1


Tree=36
num_leaves=31
num_cat=11
split_feature=13 18 30 23 22 24 23 18 22 24 13 9 13 15 13 20 1 29 13 13 17 13 13 16 16 18 27 29 13 22
split_gain=69.7373 63.9286 58.8709 55.5664 70.8539 69.333 52.294 48.1495 46.2511 39.4309 40.4772 34.5867 32.4141 30.2061 27.8057 27.1188 26.7678 32.0758 52.2359 35.4084 27.4733 26.5425 25.2595 24.5955 20.0928 24.0693 22.4119 20.7569 19.9163 19.6198
threshold=0 0.01679024659097195 34.500000000000007 9.5000000000000018 0.019436364062130455 2.5000000000000004 2.5000000000000004 0.31676022708415991 0.49390244483947759 1.0000000180025095e-35 1 2 3 1.5000000000000002 4 2.5000000000000004 5 3778.5000000000005 6 7 45.149999618530281 8 9 5.5000000000000009 21.500000000000004 0.1092083938419819 0.01695942506194115 3697.5000000000005 10 0.15395196527242663
decision_type=9 2 2 2 2 2 2 2 2 2 9 9 9 2 9 2 9 2 9 9 10 9 9 2 2 2 2 2 9 2
left_child=-1 15 3 5 -5 6 9 13 -6 10 -3 12 -12 23 -13 21 -16 18 -18 -19 24 -2 -8 -4 25 -20 -27 -28 -21 -11
right_child=1 2 7 4 8 -7 22 -9 -10 29 11 14 -14 -15 16 -17 17 19 20 28 -22 -23 -24 -25 -26 26 27 -29 -30 -31
leaf_value=0.082270809198898356 0.093952314969097409 0.055761772060770459 0.11224282171194283 -0.085819846167317165 -0.018498808269793467 0.06751817373516926 0.058739627258606077 0.077246170891631549 0.11113205931228232 0.069293810739190817 0.047210495018079363 -0.059791854124527803 -0.025207183991360994 0.0022288625297382635 -0.023975474988813451 -0.075089154548909298 -0.02788660132640923 0.050445460245674638 -0.0049431727061788437 -0.038138078387014801 0.053781771641744837 -0.028208320846540742 -0.032373510933884818 0.028975607850586171 0.021244336381972651 0.09120940211364198 0.0036625818816234815 0.029393943306773054 -0.0025600161126758461 0.018359908868027339
leaf_weight=91.663124206010252 9.8841048334725183 115.80531000718474 40.430050007998943 169.64663545507938 431.64388491725549 149.40187993180007 24.064947644714266 138.80085857957602 29.39813894405961 91.869343097321689 58.424529573414475 66.964048164431006 842.47625298425555 671.63342141080648 421.5990503448993 147.42395640723407 357.57406683964655 114.57841716613621 1242.0477347890846 150.86515582120046 148.57309878384694 216.01040902687237 629.06690449966118 289.37029315158725 1116.3211447214708 36.629054432734847 968.27374643832445 463.5995130892843 7552.3504897989333 427.77469823509455
leaf_count=1664 613 1588 247 15507 9442 828 514 1878 152 636 1048 1221 15132 4870 6596 15705 5903 1723 26901 2570 1979 19350 18405 1864 16549 409 7818 3498 126347 2428
internal_value=-0.000308006 -0.000797664 0.000114106 -0.00148827 -0.0305648 -0.000263945 -0.000946855 0.0220494 -0.010233 0.000327821 -0.00070099 -0.00122417 -0.0200441 0.014399 0.000132043 -0.0417262 0.000498481 0.00136668 0.00826913 -0.00245727 0.0115622 -0.0199527 -0.0286127 0.0391833 0.00995334 0.00530323 0.0139695 0.0119937 -0.00330534 0.0273647
internal_weight=17214.2 17122.5 16749.2 15608.9 630.689 14978.3 14828.9 1140.23 461.042 14175.7 13656.1 13540.3 900.901 1001.43 12639.4 373.318 12572.4 12150.8 4333.02 7817.79 3975.44 225.895 653.132 329.8 3826.87 2710.55 1468.5 1431.87 7703.22 519.644
internal_count=313385 311721 276053 267194 25101 242093 241265 8859 9594 222346 219282 217694 16180 6981 201514 35668 200293 193697 63057 130640 57154 19963 18919 2111 55175 38626 11725 11316 128917 3064
cat_boundaries=0 89 180 181 265 354 355 443 531 621 712 803
cat_threshold=0 0 0 0 2097152 16 0 8 512 4 0 0 0 0 1 128 0 0 512 0 0 0 0 0 0 0 65536 0 0 0 524288 0 2 268435456 0 0 0 0 536870914 33685504 0 1 0 262144 0 262144 4096 0 32 0 0 0 0 64 0 0 0 0 0 0 0 8192 2 0 0 4096 0 0 64 0 0 0 0 0 537002020 64 0 0 0 0 0 0 0 0 0 0 0 0 65536 0 0 0 0 32768 0 1048576 0 33554496 0 2097280 0 0 0 536870912 0 0 0 0 2097168 0 0 0 4 16 0 0 0 0 0 32768 0 0 1024 0 0 0 0 524288 0 0 0 0 33554432 0 4 0 0 0 0 0 0 0 0 0 256 0 0 64 83886080 0 0 0 0 0 0 1 0 0 0 536870912 0 8192 0 8192 0 0 0 0 8 0 0 524288 0 32768 0 268697600 0 0 1073741824 3 29440 0 0 0 0 64 0 0 65536 0 0 67141632 0 1024 524288 0 524352 0 0 0 0 33554432 2048 0 0 67108864 0 0 1024 0 0 8192 0 0 0 0 0 0 0 0 0 0 536870912 1048576 268435456 0 65536 0 256 0 0 0 0 0 0 0 0 0 65536 0 0 0 0 0 536870912 0 0 0 0 33554432 0 0 0 16777224 0 0 0 0 0 1536 0 16777280 4096 0 4 0 0 0 0 0 0 0 0 0 0 32768 0 1024 0 0 524288 0 0 0 0 33554432 0 0 0 2048 0 0 0 0 0 16 0 0 0 0 0 2097152 0 0 0 0 0 0 0 0 2097152 0 16640 0 0 0 1024 0 0 0 0 0 0 0 0 0 32768 0 65544 0 0 0 0 0 0 0 0 0 0 0 0 0 0 0 0 0 0 0 4 0 0 0 0 1310720 72745041 0 0 0 2 0 0 0 0 0 83886080 0 0 65536 524288 0 0 4 128 0 268435456 0 0 0 0 0 0 0 0 0 0 2048 0 2052 3145728 0 33554432 0 0 0 0 0 4 0 1048576 0 0 16 1 0 128 0 16777216 0 128 0 0 0 0 0 0 262144 0 0 0 0 16386 0 67108864 0 536870912 0 0 0 0 0 0 0 0 0 0 16777216 32 4 0 0 0 0 8192 2 0 0 0 0 0 0 0 16384 0 0 0 0 131072 4194316 0 1572864 128 0 2147483648 0 0 0 0 0 0 1 0 8 65536 0 0 4 0 0 0 0 0 0 32768 0 4 0 269484032 0 0 0 0 0 0 0 16777216 0 268500992 0 0 4 0 1024 0 0 0 262144 0 0 16384 0 67108864 134217728 0 0 0 0 0 0 0 4 1024 0 0 0 0 0 0 0 0 512 4096 0 0 0 16777216 524288 0 0 0 0 0 0 0 0 0 0 0 0 0 0 16384 0 0 0 0 0 0 0 0 0 0 2048 0 2048 0 0 0 0 0 0 0 0 0 0 0 0 0 0 1 0 0 0 0 0 268435456 0 0 0 2147483648 0 0 128 2097152 4 0 0 0 0 67108864 0 0 1 32768 0 0 512 0 0 0 67108864 0 67108864 0 0 0 0 0 0 12288 0 1073741824 0 0 0 0 0 0 0 0 0 16777216 2 0 0 0 0 0 1048576 0 0 0 0 0 0 0 0 0 0 0 0 1073741824 0 0 0 0 0 0 0 0 0 0 0 0 0 33554432 0 0 0 0 0 0 0 134217728 1048576 0 0 0 0 0 1024 0 0 32768 0 0 8192 0 0 67108864 0 128 0 0 0 0 0 0 0 0 32 0 0 0 0 0 0 0 0 0 1048576 1024 64 0 0 8388608 0 786448 16386 0 0 0 32 0 0 0 0 0 0 0 0 1 524288 8192 0 0 0 0 64 0 1024 0 1073743872 0 0 131072 0 0 0 128 0 131072 0 64 0 0 1073741824 32768 1048576 0 0 0 0 0 0 0 0 0 32 0 0 0 0 0 0 0 0 8192 0 0 0 0 0 0 32768 0 0 0 0 0 0 512 0 4096 4096 0 0 67108864 0 0 0 32 0 16
is_linear=0
shrinkage=0.1


Tree=37
num_leaves=31
num_cat=17
split_feature=3 13 30 3 23 22 3 24 23 25 3 3 3 3 13 3 22 3 22 13 3 30 3 3 29 16 13 3 15 15
split_gain=71.2457 62.1163 53.6203 106.18 59.5662 78.6889 75.6551 62.9264 49.4761 52.0927 96.4723 49.5629 48.15 36.9846 35.5935 35.3281 35.2361 34.766 32.406 31.5109 28.593 28.1784 58.028 37.5285 34.2119 33.3171 30.9693 29.5285 24.7763 89.942
threshold=0 1 39.500000000000007 2 8.5000000000000018 0.019436364062130455 3 1.5000000000000002 2.5000000000000004 19.500000000000004 4 5 6 7 8 9 0.07565296441316606 10 0.0058565279468894013 11 12 20.500000000000004 13 14 3551.5000000000005 25.500000000000004 15 16 2.5000000000000004 1.0000000180025095e-35
decision_type=9 9 2 9 2 2 9 2 2 2 9 9 9 9 9 9 2 9 2 9 9 2 9 9 2 2 9 9 2 2
left_child=-1 -2 4 -4 7 -6 -7 8 9 11 -11 -3 -9 -10 -13 -16 17 18 -12 -17 -8 22 24 -24 25 -21 -25 -23 29 -29
right_child=1 2 3 -5 5 6 20 12 13 10 16 14 -14 -15 15 19 -18 -19 -20 21 -22 27 23 26 -26 -27 -28 28 -30 -31
leaf_value=-0.053280062930103227 0.080210012606984515 -0.048438532687016006 -0.029926052018442135 0.06616221293955718 -0.085050231031290058 0.084929873548119261 0.0048671848402943819 -0.0080242089110545162 0.03154640974330792 0.074283299765749669 -0.084402161700171729 -0.050930648942557388 0.073913592684468218 -0.039542566137220847 0.027218082479099279 0.052597175784577746 -0.015060678958287438 -0.079906908873683402 0.1929248722966854 0.049026420606517858 -0.044798010093237368 -0.02825627440878405 -0.056514340345298265 0.063905911606056506 0.010430046844473661 0.25827653473762141 -0.014539690727407571 -0.0036769884792490827 8.6319542788202552e-05 0.022679911562532275
leaf_weight=235.17425520019606 88.466859992593527 180.77318451879546 172.49838050827384 318.21601894497871 183.72142878687009 64.609407162759453 204.78526108944789 115.03864323534071 80.808431461453438 68.590645072050393 6.946213272400203 111.9215707401745 193.99281319603324 474.39435751689598 583.97556817810982 113.3811745364219 189.88583905762061 240.58276304928586 10.710096984170375 26.841946596745402 263.87636060640216 265.61663785111159 209.47247241344303 42.532223857473582 752.34533289633691 10.619593468494712 1526.8782764859498 2525.8592391763814 5250.3926898273639 2656.2823369707912
leaf_count=18166 1123 4627 841 3214 16976 1280 3940 719 2817 1004 363 1947 1169 15572 8985 1595 2908 12079 274 569 5707 5383 11962 1101 12326 207 46060 38091 63020 28965
internal_value=0.000241022 0.00101517 0.000551927 0.0331232 -0.000425013 -0.0286094 -0.00916447 0.000867235 -3.34545e-05 0.0010679 -0.0301233 0.00219837 0.0455439 -0.0293398 0.00288104 0.00334847 -0.046719 -0.0718068 0.0535129 0.00228714 -0.0234481 0.00181789 -0.00758605 -0.0175484 0.0148858 0.108345 -0.0120226 0.00407753 0.00492313 0.00983313
internal_weight=17169.2 16934 16845.5 490.714 16354.8 716.992 533.271 15637.8 15328.8 14773.6 516.716 14256.9 309.031 555.203 14076.1 13964.2 448.125 258.239 17.6563 13380.2 468.662 13266.8 2568.69 1778.88 789.807 37.4615 1569.41 10698.2 10432.5 5182.14
internal_count=312990 294824 293701 4055 289646 27903 10927 261743 259855 241466 16628 224838 1888 18389 220211 218264 15624 12716 637 209279 9647 207684 72225 59123 13102 776 47161 135459 130076 67056
cat_boundaries=0 24 113 137 158 181 203 225 248 337 361 383 474 496 520 538 628 652
cat_threshold=0 0 67584 4 16384 65536 32768 134217728 0 524320 16 0 1073741824 436207616 4 0 12 1073741824 0 0 0 308346912 83902464 3648 0 0 0 0 2097152 0 0 8 512 0 0 0 0 0 0 4 0 0 0 0 0 1048576 0 0 0 0 0 1024 0 65536 524288 0 0 268435456 0 0 0 16777216 0 33685504 8388608 128 0 262144 0 0 16777216 0 32 0 0 0 0 64 0 0 0 0 64 0 128 8192 0 0 0 0 0 131072 134217792 0 0 0 8192 0 8192 0 8388608 134217728 0 0 0 0 524288 0 0 0 512 4096 65536 8388608 0 1073741824 0 0 0 2101248 512 603979776 4194306 2097152 134217728 1573377 65536 0 0 1024 0 0 0 2147483648 2281701376 0 32768 34078720 2 1140850688 0 0 0 0 4194304 0 4194304 2097152 0 2097152 65536 0 1048576 0 0 32 0 2147483648 134217728 268435456 8392704 0 0 67117064 266752 4204544 0 0 0 0 1310768 4 0 17825792 0 0 17039360 16777218 2151153664 0 128 0 0 67108864 0 32768 604111873 1180672 2560 0 2185298432 1024 0 0 37056 0 1048576 48 2147491848 16 0 32768 67108864 524288 8388612 256 1024 0 0 0 0 16384 0 2097152 335544320 3604736 0 0 134217728 0 8388608 0 0 0 2048 1610612736 67108866 0 256 0 131072 9437184 20971520 536870912 512 262145 1073741824 131096 360452 0 32768 0 0 24 0 67108864 1048576 37756930 0 0 0 0 268435504 0 0 8388608 0 0 0 0 0 0 0 0 4 0 0 0 8192 0 0 0 2048 0 0 4 1048576 0 16 0 131072 0 0 0 128 0 0 64 0 0 0 1073741824 32768 0 0 16384 0 32 0 0 0 0 0 0 0 0 0 0 0 2129920 4 32768 8192 0 0 0 0 8 0 0 0 0 4 0 0 16 0 0 0 0 0 0 0 0 32768 0 1048608 0 9 134217728 5136 0 16 35651584 8388608 524288 4 32768 32768 2147680268 8388608 0 0 0 0 2048 32 1073742848 134227968 1073742356 32768 67108864 1115684866 268435456 3 0 537001984 1049600 0 0 10584128 270340 1 0 32768 0 32768 560 0 268959744 0 0 10240 0 0 0 0 32768 0 0 268435456 8 4 2147483648 0 0 0 1 524288 16 0 0 524288 2147483648 0 0 0 0 0 65536 0 0 0 0 0 0 1024 0 0 0 0 536870914 0 0 0 0 0 0 4 0 16 1073741824 4194304 0 0 0 65552 0 0 4194304 0 0 16785408 0 0 16 8388608 0 0 0 0 0 0 65536 0 0 0 0 0 0 0 262144 0 0 0 0 0 335544320 0 268435456 0 0 0 2 150994944 276824068 32768 4194304 0 0 2097152 0 0 0 24576 3531603968 17318960 4 0 0 1024 8192 0 0 0 2048 32768 8388608 2 0 536870912 36208644 65536 262144 196608 0 16384 301990016 524544 65544 0 131072 65536 4096 0 4194304 0 538050560 4227328 32 4194828288 272629766 1073742080 0 0 0 262144 16384 268435456 0 536870912 536870912 4216832 4 0 134250496 0 8388608 0 0 0 0 524352 0 0 0 0 0 32768 0 0 524288 0 64 1048576 0 262144 2097152 0 0 0 4 0 64 0 0 0 1073741824 0 0 4 0 8 0 4 0 0 0 0 4 0 268435456 0 0 0 0 0 524416 0 0 0 0 0 0 8 0 0 0 0 0 256 0 0 4096 0 0 0 0 0 0 16777216 0 0 0 0 0 32 0 6144 0 0 0 0 32768 0 0 0 2097152 0 2097152 12 0 536870912 2152202244 4194344 1048576 131072 8392704 12 134217729 0 16777218 0 0 65664 32768 524544 0 2147483648 2148532224 4227072 16384
is_linear=0
shrinkage=0.1


Tree=38
num_leaves=31
num_cat=10
split_feature=30 18 13 13 13 24 23 26 9 13 18 13 28 13 9 13 1 30 15 15 30 30 30 28 30 30 27 15 27 30
split_gain=65.943 51.5095 49.7425 45.2086 37.6788 35.567 86.3019 42.0931 37.4721 35.5395 27.4597 26.5304 22.9871 25.8682 24.0905 22.9531 22.6625 21.5211 21.1501 36.0037 44.3215 38.2041 83.8731 36.7046 33.0284 295.185 53.8824 29.4718 28.3741 28.0949
threshold=20.500000000000004 0.063139911741018309 0 1 2 1.0000000180025095e-35 2.5000000000000004 1.0000000180025095e-35 3 4 0.01679024659097195 5 0.50033023953437816 6 7 8 9 34.500000000000007 3.5000000000000004 1.0000000180025095e-35 21.500000000000004 29.500000000000004 30.500000000000004 0.025569478981196884 28.500000000000004 31.500000000000004 0.07501914352178575 1.5000000000000002 0.15892655402421954 30.500000000000004
decision_type=2 2 9 9 9 2 2 2 9 9 2 9 2 9 9 9 9 2 2 2 2 2 2 2 2 2 2 2 2 2
left_child=1 4 -2 -4 -1 6 10 8 17 -3 -5 -12 13 -13 -15 -11 -17 -7 19 20 -16 23 -23 -21 28 26 -26 -24 -20 -22
right_child=2 9 3 5 -6 7 -8 -9 -10 15 11 12 -14 14 18 16 -18 -19 24 21 29 22 27 -25 25 -27 -28 -29 -30 -31
leaf_value=0.092544609109111234 0.062712696025024481 0.063002169551598777 -0.049025684930420303 -0.031842992682917869 -0.044750050590117441 -0.018954092433500935 -0.039898336966514791 -0.005081766562483497 0.0463151078911982 -0.037663752375173096 -0.053733047030544316 0.041338019788179685 0.027683717493376916 -0.027122369962609118 -0.012615860099765938 -0.059777100648624862 -0.0046115391554993265 0.073556425743100423 -0.014773843852093779 0.057277258446248862 0.033870435063817581 -0.050703690869295506 0.040457121878956878 0.014293106433027031 0.32504075179160685 -0.0067397955822238037 0.1445465828845984 0.00062116175968484125 0.0051859343776673155 -0.0027790908775141331
leaf_weight=12.556961572729049 123.56017080647871 59.044943638145924 165.65425083041191 232.85067436238751 567.75036170519888 168.29187249951065 508.59441779600456 467.94083125190809 544.01191638037562 256.83894590102136 72.385425856336951 158.35197107447311 372.26738421805203 270.18249008990824 1747.7657610257156 67.3858453463763 2182.5877879401669 29.56437224522233 2030.9140758202411 212.97909704782069 414.38905609585345 288.85671923030168 246.95582481473684 2954.125518805813 24.223462495952845 610.62931164633483 52.139477796852589 748.9691508570686 1096.872937746346 422.35125321801752
leaf_count=861 1393 908 4685 19885 56402 1721 23148 4224 4367 5959 991 1851 2531 4385 30661 1602 40907 366 36900 5424 3910 6611 2139 24186 196 6594 239 7558 7534 5201
internal_value=-0.000971184 -0.0140502 0.0019754 0.0013869 -0.0409556 0.00203293 0.000445688 0.0184045 0.0332188 -0.00796509 0.0021617 0.00283705 0.00323182 0.00242769 0.00183485 -0.00984867 -0.00652092 -0.004884 0.00258016 0.00583324 -0.00355495 0.0112835 -0.00326106 0.0171837 -0.00341341 0.0164408 0.201802 0.0104991 -0.00777422 0.0153713
internal_weight=17111 3146.16 13964.8 13841.3 580.307 13675.6 12465.8 1209.81 741.868 2565.86 11957.2 11724.4 11652 11279.7 11121.4 2506.81 2249.97 197.856 10851.2 7036.39 2584.51 4451.89 1284.78 3167.1 3814.78 686.992 76.3629 995.925 3127.79 836.74
internal_count=313339 106639 206700 205307 57263 200622 189944 10678 6454 49376 166796 146911 145920 143389 141538 48468 42509 2087 137153 85690 39772 45918 16308 29610 51463 7029 435 9697 44434 9111
cat_boundaries=0 83 174 264 265 352 444 535 536 627 628
cat_threshold=0 0 0 2 524288 0 1048576 0 33554496 16777216 2097152 32 0 0 0 0 16 0 0 0 0 0 0 0 0 0 65536 0 0 65536 32768 0 0 268435968 0 0 4 16777216 0 33554432 0 0 0 262144 0 0 16777216 0 1073741856 0 16384 0 0 65536 0 256 0 0 0 8192 0 0 0 0 0 0 0 0 0 0 0 0 8192 0 537001984 64 0 131072 0 0 0 0 524288 0 0 0 8 96 0 0 0 0 65536 0 0 128 0 0 0 0 0 0 268435456 0 0 0 4 536872960 0 0 0 0 0 0 0 0 0 0 0 0 0 0 64 0 0 0 1073741824 0 2097152 266256 16385 0 32 0 512 16777216 0 0 0 128 128 0 0 0 0 0 65536 2097152 0 0 0 0 8 134217728 0 0 0 0 0 0 16 4 0 0 0 0 0 0 0 0 0 1048608 0 16 0 0 0 0 0 512 0 0 0 0 67108864 0 0 0 8388608 524288 0 0 0 0 0 0 0 4 0 0 65545 1024 0 0 0 0 0 0 0 0 0 0 0 0 0 4 0 256 0 262144 4096 256 0 0 0 0 0 0 0 32 4194304 2147491840 0 0 0 8192 0 0 0 0 0 0 0 0 131072 0 16777216 0 36 0 0 0 67108864 0 0 0 0 0 268435456 0 0 0 0 2097152 13322 0 0 0 0 524288 0 0 0 512 67108864 2149580802 0 0 0 4 524288 1048576 0 512 0 0 0 0 1073741828 2048 0 0 0 0 0 8192 0 0 0 0 0 4 0 2 512 0 0 0 268435456 0 0 4096 268435457 0 589824 0 0 0 0 0 0 8 128 0 0 0 0 0 0 0 0 0 0 64 0 0 0 16777216 0 512 0 0 0 0 8 2048 0 0 0 0 0 131072 0 0 0 0 0 2 0 0 0 0 0 32768 0 524288 262144 0 0 0 1 2097152 0 0 0 0 0 65536 0 2097156 0 0 16 0 131072 0 4194304 0 0 0 0 0 0 0 0 67108864 0 0 0 0 0 0 0 134218752 0 2 0 0 0 0 0 32 1540 0 4 0 0 0 8 0 64 0 0 0 16777216 0 0 0 0 0 256 65536 0 32 0 0 0 0 0 8388608 0 8388608 0 1 0 0 0 0 0 0 0 0 0 0 0 0 0 0 0 128 0 0 0 16 0 0 0 0 0 0 0 0 0 0 133120 0 0 1048576 0 0 0 0 536870912 32768 0 0 0 268435712 8388608 0 0 16 0 0 536870944 16777216 0 0 16384 32 0 0 0 0 0 0 146 0 8192 0 1073741825 0 0 0 0 0 0 0 0 128 0 0 0 0 0 524288 0 0 268468224 0 268435456 33554432 67108864 0 3 8192 256 0 0 0 16 512 0 0 0 0 0 0 65536 0 0 0 0 0 0 0 0 0 0 0 0 64 0 0 0 2048 2048 0 0 2097152 0 0 0 0 0 0 0 0 0 1048576 0 0 0 256 0 128 0 1024 16777216 268435456 0 288 0 0 1088 0 0 2097152 0 0 0 2 0 67108864 33554432 0 0 0 0 0 1073741824 0 0 134217728 256 0 16777280 4096 4 0 0 0 0 0 0 0 1 6424584
is_linear=0
shrinkage=0.1


Tree=39
num_leaves=31
num_cat=18
split_feature=3 30 3 23 3 24 23 3 3 3 3 23 24 25 3 3 28 21 3 3 23 26 3 3 25 3 3 6 3 3
split_gain=71.403 50.04 93.3458 43.2525 68.4077 63.2352 48.1377 58.3573 38.5574 34.8388 34.0099 33.8661 43.8354 29.5371 84.2301 28.2041 27.9834 26.6971 54.448 26.2039 25.8099 87.8953 57.5526 37.5762 34.683 63.2961 31.4713 25.7488 25.5703 25.2584
threshold=0 35.500000000000007 1 16.500000000000004 2 2.5000000000000004 2.5000000000000004 3 4 5 6 235.50000000000003 3.5000000000000004 20.500000000000004 7 8 0.030580219812691215 1.0000000180025095e-35 9 10 1.0000000180025095e-35 1.0000000180025095e-35 11 12 4.5000000000000009 13 14 15 16 17
decision_type=9 2 9 2 9 2 2 9 9 9 9 2 2 2 9 9 2 2 9 9 2 2 9 9 2 9 9 9 9 9
left_child=-1 3 -3 5 11 6 8 16 -2 -10 -7 12 -5 15 27 -11 -8 20 -19 -4 24 22 -22 -23 26 -26 -17 -15 -20 -28
right_child=1 2 19 4 -6 10 7 -9 9 13 -12 -13 -14 14 -16 17 -18 18 28 -21 21 23 -24 -25 25 -27 29 -29 -30 -31
leaf_value=-0.056999770679817124 -0.037286023475572215 -0.018863810598422417 0.079563871585223767 -0.011659401881788198 -0.058719115375074293 0.10307160584768214 0.24172240726840277 -0.034418063016745847 0.022401522715450525 -0.026363813953656452 0.019997218535878259 -0.081330140794123276 0.10975472529062064 0.048023412836253436 -0.047018558570394962 0.0161433942340602 0.038302637574581196 0.048881045127342412 -0.03150311759593033 0.029991171884211187 0.086431042761947852 0.02223855037077066 -0.005960839418757042 -0.05479975153262806 0.06408237378473236 -0.071144995065227798 -0.022966433188814323 0.20703280701528054 0.010818033104545821 0.0013963425662535736
leaf_weight=208.21338780876249 252.36885916115716 309.96387704648077 196.94890254363418 60.212549597490579 288.79060777416453 74.729939505457878 7.4133864818140855 686.36731833824888 738.54210336413234 354.57982250256464 159.09687796607614 24.263518901076168 58.75054644420743 62.232279145624489 335.56539781531319 1424.0091889780015 77.035226120613515 345.39249822916463 169.42284860648215 318.9995208196342 92.219973206985742 73.425576830748469 201.21758964005858 405.81822241796181 38.177604883443564 138.44408120634034 437.26453275000677 12.176395807880906 690.0628820322454 8756.7675489280373
leaf_count=15806 9935 1646 2276 3329 15565 406 372 24152 13706 5444 957 478 427 1033 12887 20213 1995 3532 1807 2443 2248 2294 4148 10928 923 5205 10998 123 8373 128823
internal_value=-0.000165014 0.000573392 0.0245752 -0.00066798 -0.0318783 0.000200105 -0.000588725 -0.0249411 0.000703372 0.00140011 0.0518106 0.024622 0.0483016 0.000238623 -0.026193 0.00106431 0.0502139 0.00184496 0.0160123 0.0500671 0.00037086 -0.0172846 0.0258179 -0.043676 0.00163464 -0.0423148 0.0023657 0.065272 0.00220926 0.000213965
internal_weight=16998.5 16790.3 825.912 15964.3 432.017 15532.3 15298.5 770.816 14527.7 14275.3 233.827 143.227 118.963 13536.8 409.974 13126.8 84.4486 12772.2 1204.88 515.948 11567.3 772.681 293.438 479.244 10794.7 176.622 10618 74.4087 859.486 9194.03
internal_count=312472 296666 6365 290301 19799 270502 269139 26519 242620 232685 1363 4234 3756 218979 14043 204936 2367 199492 13712 4719 185780 19618 6396 13222 166162 6128 160034 1156 10180 139821
cat_boundaries=0 24 48 71 95 119 143 164 187 210 229 252 275 298 322 345 346 368 391
cat_threshold=0 0 65664 4 0 268509184 45056 134217729 0 2147484674 0 0 1073741824 436211712 4 0 0 0 4194304 0 0 289407008 268505088 17041408 2281701376 335544320 1082130434 1 0 0 2097152 16896 603979776 4194400 2621440 1073741825 3932929 0 0 0 1024 0 0 0 2147483648 2281701376 0 32768 2181038080 268435458 75530240 256 0 0 547356672 4194304 1048576 256 2113536 33554592 1313824 0 0 1048576 0 0 0 0 2147483648 0 512 2197815296 67108866 1073741824 0 0 0 5242880 553648128 67108864 4096 1 1073741825 2097152 294948 0 1048576 0 0 24 0 67108896 1056768 37748736 512 100663296 16777216 0 0 16384 0 4194312 1048576 0 1086525440 0 0 0 64 0 402653184 16 2684362880 2147483648 0 131072 33619968 46137410 1025 411074560 264 0 1027 0 0 268435456 0 268435456 4 0 0 570688516 8388608 0 8192 4194304 4194304 268437504 2099234 270598144 8192 0 32768 33554432 4 32768 0 0 0 0 0 0 4194304 24576 1073741824 524338 65552 0 1048576 0 1073741824 0 0 2147483648 0 33554496 1082130432 0 0 603979784 1610613248 4204544 0 512 32772 134217856 48 263200 0 0 0 0 16778368 16777216 2149056640 0 128 0 2097216 1284 256 32768 2751463429 1074790912 2048 0 33554944 1284 262144 0 16777344 0 1048576 32 65536 1024 0 32768 0 160 524288 3 8388610 8 0 33554456 536870912 262144 637812736 0 606208 3422552064 128 66608 0 16777216 0 0 8 0 8388609 67141888 8 0 8 0 4456448 16384 0 16384 8388608 8424528 16 0 0 0 8388608 0 0 0 0 4194336 2701656064 268435462 1073741826 24 0 0 262144 4194304 100663296 0 0 1350565889 2100058 4 0 0 0 0 0 0 0 0 8192 2148007936 1073741824 67108864 0 0 34209792 538968064 4202496 0 2097152 32768 41943168 8454978 65552 0 16777216 4 16384 262144 0 0 136314880 2097152 536870912 0 142606336 14344 536870912 8 262148 0 67125248 264329 8192 75505664 48 4194304 0 16777216 0 20480 0 0 0 2147483648 16777216 16512 0 67108880 134221824 4096 0 16777224 35651584 8650752 524288 16384 8193 536903680 655369 0 0 32 0 8650752 4 4194304 1024 134481920 553648128 1 0 1677721604 67141632 0 536870912 0 262144 16777216 0 0 0 536872065 4211273 12 0 0 256 278528 67633184 4194304 0 134219776 1091045376 0 131072 16 0 133122 536870913 4194304 67387392 524296 4096 0 0 65536 0 16777216 33554440 0 16777216 0 134219968 2147483648 2150105096
is_linear=0
shrinkage=0.1


Tree=40
num_leaves=31
num_cat=19
split_feature=13 3 13 24 23 3 3 23 25 26 3 3 3 2 13 30 3 13 3 24 20 25 14 3 13 3 13 14 3 3
split_gain=61.3931 60.6022 46.3769 44.3509 101.56 65.9485 46.0437 41.3506 37.0011 35.021 45.9333 35.0165 34.4965 33.9301 32.8838 28.0932 73.5074 30.7262 27.4484 24.7502 25.1922 23.8666 21.8632 72.2827 41.5117 32.1525 26.3308 25.2798 57.0114 42.2189
threshold=0 1 2 1.0000000180025095e-35 2.5000000000000004 3 4 46.500000000000007 77.500000000000014 6.5000000000000009 5 6 7 8 9 36.500000000000007 10 11 12 18.500000000000004 506.50000000000006 1.5000000000000002 9.5000000000000018 13 14 15 16 6.5000000000000009 17 18
decision_type=9 9 9 2 2 9 9 2 2 2 9 9 9 9 9 2 9 9 9 2 2 2 2 9 9 9 9 2 9 9
left_child=-1 13 -3 4 6 -5 -4 9 12 10 -7 -6 -8 -2 -14 17 -17 -16 -19 -9 -21 -13 25 -24 -25 -20 -27 29 -29 -28
right_child=1 2 3 5 11 7 8 19 -10 -11 -12 21 14 -15 15 16 -18 18 22 20 -22 -23 23 24 -26 26 27 28 -30 -31
leaf_value=0.082169661165654662 0.082684268858700061 -0.052246323067938749 -0.036056156014676218 0.095909191450966491 0.048158115891780061 -0.0077139865672856203 0.026518943086212832 -0.078284168809039462 -0.069951873968116848 -0.01197482318999607 0.041145665992315443 -0.080327587860891059 -0.064168587015183437 -0.068722104231635592 0.061776730455840902 -0.015127700867470837 0.059157423417163617 -0.037175965702263218 -0.028476715045978193 0.0767753738948493 -0.06094567118166027 -0.035012447099597312 0.033009856591947585 0.063164041873954704 -0.015362800445844768 -0.039319523657315961 0.02094099700456117 0.029160809428277968 0.00087831854397803449 -0.0026461208213125909
leaf_weight=79.459076818078756 9.5234797014854831 159.79276081733406 329.41171081596985 89.056384608149529 35.309906157199293 275.93097752565518 523.73363661533222 77.691350357141346 72.682054205797613 314.05916351545602 636.73148373467848 164.6334614334628 67.943419130053371 171.74635610356927 70.169134001247585 254.30288158915937 266.67876566387713 188.99788114149123 313.60435299016535 27.498022673651576 25.691561590880156 395.28759448509663 378.32246999209747 59.770773777738214 2511.4178738300689 131.07481355639175 871.53297162661329 1149.6167035116814 1862.8146610353142 5443.5313362949528
leaf_count=1490 1059 5945 8606 969 1580 2255 10264 2731 2228 2793 5181 13659 1159 15640 962 1325 2391 6338 6001 195 209 19383 5980 907 41314 2016 12101 13366 36089 88838
internal_value=-0.000454038 -0.00089116 -0.000249873 0.00028381 -0.00131942 0.0170099 0.000342958 0.0110464 0.00121395 0.0168284 0.0267399 -0.0418032 0.00158183 -0.0568605 0.00059938 0.000972553 0.0237423 5.94464e-05 -0.000323584 -0.0423027 0.0102535 -0.0474883 0.000252678 -0.00729293 -0.0132997 0.00253041 0.00358478 0.00422916 0.0117713 0.000638074
internal_weight=16958 16878.6 16697.3 16537.5 15090.8 1446.66 14495.6 1357.6 14166.2 1226.72 912.662 595.231 14093.5 181.27 13569.8 13501.8 520.982 12980.9 12910.7 130.881 53.1896 559.921 12721.7 2949.51 2571.19 9772.17 9458.57 9327.5 3012.43 6315.06
internal_count=312974 311484 294785 288840 274507 14333 239885 13364 231279 10229 7436 34622 229051 16699 218787 217628 3716 213912 212950 3135 404 33042 206612 48201 42221 158411 152410 150394 49455 100939
cat_boundaries=0 90 114 205 226 250 274 297 319 331 421 444 535 559 583 674 698 789 812 836
cat_threshold=2 0 0 0 2097152 16 0 8 16384 0 0 0 134217728 0 9 0 0 0 0 16384 0 1048576 0 0 0 0 69632 0 0 0 524288 0 0 268435456 0 16777216 4 0 2 33685504 0 1 0 0 0 0 0 0 32 0 0 0 0 64 0 0 0 0 0 16777216 0 0 0 0 0 0 0 0 0 0 0 0 8192 0 536879136 0 0 0 0 4096 0 0 524288 0 0 65536 0 0 0 2097152 0 0 2048 0 0 65536 49152 0 262144 201393216 56 0 0 436219904 4 0 0 0 0 0 0 22347808 1149370369 2304 0 0 0 1032 268435520 0 0 0 0 65536 0 0 0 0 0 0 0 0 64 268435968 0 67108864 0 0 536870912 0 0 4 0 0 0 0 0 0 0 0 0 0 0 64 0 0 0 0 0 2097152 262144 0 0 0 0 0 17825792 0 0 0 128 0 0 32 0 0 0 65544 0 0 0 0 0 8 134217728 0 0 0 0 0 0 2097168 292 0 16777216 0 0 0 0 0 0 0 32 0 16 33554432 2 1140850688 0 0 0 0 4194304 0 4194304 8192 134217729 0 0 0 1048576 0 1073741824 0 0 2147483648 33554432 0 0 0 536870912 0 8390658 672137216 0 2168590352 262144 0 128 2052 0 1048576 8 2147483648 1048584 0 2147483648 101187584 34604032 1088 150994944 0 33026 0 0 8 538968064 262144 0 0 0 1946157056 16876545 32800 0 150994944 0 545284096 0 0 8388608 0 0 16777217 3221225472 0 0 256 16384 0 3145728 512 0 1073741824 1 1946157089 132096 32772 0 134217728 256 536879104 16 4194304 0 134225920 171974720 536903680 1207959553 0 16 0 0 1073741824 0 65536 0 537403392 0 2147485696 8388608 0 0 0 12861440 202752 7340066 10485760 133120 16777248 2214592512 0 67108864 0 4203520 536870912 0 4196352 0 33558528 2 256 0 0 0 32 0 0 0 0 1 0 32768 0 2 0 0 0 67108864 0 0 0 0 0 0 0 0 0 2097184 0 0 0 0 0 1024 8 0 128 0 0 0 0 0 0 100663298 0 1048576 16 16384 0 128 0 1536 0 1073741824 0 0 0 0 0 0 1024 0 4194304 0 0 0 8 0 0 0 0 0 0 0 0 0 0 0 0 0 0 32 0 0 0 4194304 0 8388608 68157440 8388608 2281701376 0 1073741826 5 0 0 2101248 16896 100663296 256 2097152 142606337 4064003 65536 0 0 0 0 32 0 0 134217728 4194304 0 0 0 0 0 0 0 0 33554496 0 2149580928 0 0 524288 536870912 0 16 16384 0 0 0 0 0 1073741824 0 0 0 1073741824 0 0 32768 0 0 0 0 0 0 0 536870912 0 0 0 0 0 32768 0 0 16 0 0 0 0 0 0 0 0 0 0 0 67108864 0 0 0 0 0 0 1090519040 0 0 0 0 0 0 0 0 64 0 134217728 0 0 0 0 0 0 0 0 285213184 0 0 0 2 0 318767104 67174404 0 49152 541065220 1024 2048 0 1074266624 4 0 0 16777344 0 134217728 33554560 32776 67633169 0 0 0 10 16777216 268435456 2 276824322 4194306 0 2097176 136581636 256 301989888 0 0 0 33685520 262144 0 0 1024 536870912 0 0 67108864 2097152 2147483648 6 0 0 0 0 16 0 0 0 0 67108864 0 0 0 0 0 17301504 0 128 0 2147483648 2147483648 0 0 0 0 0 0 0 0 0 8192 0 4 2097152 0 0 0 0 131072 0 0 4 0 268435456 0 262144 0 0 16384 32 16384 0 0 268435456 0 0 0 0 0 0 0 2097152 20 0 0 4096 0 67108864 0 0 0 0 0 0 1073741824 0 0 0 0 0 0 0 0 0 0 0 0 0 0 0 1 2097280 1024 268435712 4194304 0 2097168 4612 0 16384 1048576 256 0 1107296256 64 0 8519680 2147483648 570425344 4194304 0 32 2097152 2148012032 69632 0 0 0 0 786448 0 0 0 0 16777216 0 0 0 0 0 0 0 128 0 0 8192 0 16384 4194304 128 0 0 0 1073741824 0 0 0 131076 0 0 4 0 1073741824 131072 0 0 4 0 0 16384 0 0 256 16384 32 0 0 0 0 0 0 0 0 0 0 33554432 0 16 0 0 0 0 0 16777216 0 131072 0 524288 524288 0 0 4 0 0 0 0 0 0 0 0 0 0 4096 0 0 65 0 2 8388610 0 0 17309696 2359296 12582912 33554432 4 2113536 2684354560 541230656 18 0 8192 0 0 0 0 1073742912 0 541065220 142606336 4194568 4096 6144 0 0 257 278528 68157440 268435456 1 301989888 65577 8 0 0 0 0 0 0 196608 134217728 16777600 131080
is_linear=0
shrinkage=0.1


Tree=41
num_leaves=31
num_cat=10
split_feature=13 13 30 23 24 23 13 25 21 20 25 21 13 26 18 27 21 13 25 2 30 29 13 13 13 25 29 13 18 29
split_gain=49.0705 45.3664 40.9518 36.6728 43.9136 55.5743 38.7097 36.2275 56.393 33.6273 35.0022 31.1886 27.7734 24.8943 26.9134 24.4078 22.9238 29.3286 23.8089 23.6048 33.4117 22.4122 37.4444 26.264 23.0956 19.5742 19.5655 19.4712 18.0781 17.5887
threshold=0 1 39.500000000000007 46.500000000000007 1.5000000000000002 1.5000000000000002 2 20.500000000000004 7.5000000000000009 -1.0000000180025095e-35 1.5000000000000002 1.0000000180025095e-35 3 1.0000000180025095e-35 0.31676022708415991 0.21399977803230288 1.0000000180025095e-35 4 6.5000000000000009 5 25.500000000000004 4111.5000000000009 6 7 8 1.5000000000000002 1412.5000000000002 9 0.090109098702669158 4418.5000000000009
decision_type=9 9 2 2 2 2 9 2 2 2 2 2 9 2 2 2 2 9 2 9 2 2 9 9 9 2 2 9 2 2
left_child=-1 -2 3 4 5 7 29 12 -9 -4 26 25 -3 14 -6 -5 17 -14 19 20 28 23 -23 -21 -25 -8 -11 -18 -19 -7
right_child=1 2 9 15 13 6 11 8 -10 10 -12 -13 16 -15 -16 -17 27 18 -20 21 -22 22 -24 24 -26 -27 -28 -29 -30 -31
leaf_value=0.064141268978115049 -0.045200717143518726 -0.062302025537375953 0.10253020519043965 -0.064807176480325107 0.058765290160390476 0.059166717012887282 -0.066100084157735689 -0.060355486606313652 0.016524779525292167 0.077918793516540422 0.058807346571614287 -0.012605104178254851 0.059075336040878723 -0.001609759141758915 -0.0056467130543545428 0.025251419130540905 -0.009056404102418673 -0.065370220611975269 -0.037905750352809589 -0.048152773861036183 0.027001413242855671 0.058304929008042863 -0.0059317305903728388 0.046282360249915493 0.004486448343050173 -0.023473549118900677 -0.011528211340328892 0.021547887303218383 -0.018448558822689507 0.28169645854853004
leaf_weight=108.5664925291203 213.20429421588778 58.068388083018363 55.459964377805591 141.1992957314942 270.577180639375 36.699284189380705 238.87348575633951 235.80649162502959 160.24946466600522 27.285536976531148 146.03860897943377 681.43207609653473 74.842629262246192 188.66744386591017 85.324702985584736 38.24498750269413 263.9933108408004 137.97996862838045 162.84621473774314 83.453088647220284 105.29510704288259 82.922412001993507 4049.49854193395 124.87798098940402 7575.5111323059537 196.21581280976534 235.69961925409734 938.21252700593323 202.79576884768903 3.9324829890392712
leaf_count=1658 6792 1124 626 9663 2046 1194 15699 12907 2503 337 1576 15792 1208 1584 557 275 3181 6001 6532 1450 1191 1378 72221 1742 117523 11229 1560 10895 2418 134
internal_value=3.44484e-05 -0.00041735 0.000184625 -0.000657867 -0.000152359 -0.00113838 -0.0222147 0.000572337 -0.0292487 0.0294592 0.0195514 -0.0257296 0.00142447 0.0277559 0.043323 -0.045613 0.00173646 0.00047887 8.15043e-05 0.000581968 -0.0217465 0.00143485 -0.004516 0.00459599 0.0052234 -0.0468764 -0.0022478 0.0149314 -0.0374471 0.0647645
internal_weight=16923.8 16815.2 16602 16137.5 15958.1 15413.5 1157.15 14256.4 396.056 464.484 409.024 1116.52 13860.3 544.569 355.902 179.444 13802.2 12600 12525.2 12362.3 446.071 11916.3 4132.42 7783.84 7700.39 435.089 262.985 1202.21 340.776 40.6318
internal_count=312996 311338 304546 300447 290509 286322 44048 242274 15410 4099 3473 42720 226864 4187 2603 9938 225740 211664 210456 203924 9610 194314 73599 120715 119265 26928 1897 14076 8419 1328
cat_boundaries=0 91 182 273 363 454 466 556 645 726 816
cat_threshold=0 0 0 0 0 0 0 8 520 0 2129920 0 0 0 0 0 0 0 512 0 0 0 0 0 0 0 4096 0 0 0 524288 0 2 0 0 0 0 16777216 536870912 33685504 0 0 0 33554432 0 0 16777216 256 32 4194304 16384 0 0 64 0 256 0 0 0 0 0 8192 0 0 0 0 0 131072 64 0 0 0 0 0 536879136 0 0 0 0 0 0 0 0 0 0 65536 1048576 0 0 0 2 0 262144 0 0 0 0 0 0 0 0 0 0 0 0 0 0 0 0 0 0 2 0 0 0 536872960 0 0 0 0 0 8192 0 0 0 0 0 0 0 131072 64 0 0 0 256 0 2097152 262160 16401 0 0 0 0 17825792 0 0 32 4194432 8192 0 0 0 0 0 65544 0 0 0 0 0 8 0 0 0 0 0 0 0 2097152 36 65536 16777216 4096 0 0 0 0 0 0 0 0 512 0 0 0 1024 0 512 0 0 8388608 16777216 0 0 0 0 1 16777216 4 0 262144 0 0 0 0 0 0 0 0 1073741824 0 1073741824 0 0 131072 2097152 0 0 0 0 0 0 0 0 0 262144 0 0 4096 0 0 0 0 134218240 0 0 0 2 0 0 0 67117056 0 32768 0 0 0 0 0 0 0 0 65616 0 0 0 4 0 0 131072 256 0 0 0 0 0 0 0 16777216 0 68222976 1024 64 0 0 0 1024 469762048 0 0 0 0 1 0 0 0 0 0 0 0 67108864 64 512 0 0 0 4194304 0 65536 0 0 0 0 0 0 131072 16777216 32 0 128 0 0 0 0 0 0 67108864 32768 0 0 0 0 0 0 512 4194304 1073741824 0 0 0 0 0 0 1024 0 0 0 0 0 0 0 0 2048 0 0 8 0 4 0 0 0 0 0 0 0 0 0 0 4194304 4194304 0 1048576 8388608 0 0 0 2 0 16384 0 0 33554432 0 67108992 32 0 0 0 524352 0 0 0 0 0 0 0 0 0 0 0 0 0 0 0 0 0 0 0 0 0 0 524288 0 0 0 0 0 0 0 0 0 1073741824 524288 32 0 0 0 0 536870912 4 0 0 36 262144 0 0 8388608 0 0 1 0 0 0 0 16777216 0 0 512 64 0 0 0 0 0 128 0 0 268435456 0 0 4096 0 0 16 4194304 268566784 33685508 1 0 65536 142606337 512 4194304 1073741824 4194308 8192 0 0 0 0 80 0 134217728 268500992 64 67108864 2 0 0 524288 9 0 1048576 0 0 0 0 0 0 0 0 0 8 1048576 0 65536 32768 0 0 2097152 0 0 0 0 0 32768 0 536870912 0 0 0 0 0 0 0 0 0 0 0 268435456 0 0 0 0 1024 0 0 2097152 0 0 8192 16386 0 67108864 0 0 131072 0 524288 0 0 0 0 0 0 0 0 0 32 0 0 0 268435456 0 65536 1024 0 0 0 0 32 0 0 65536 0 0 0 0 1024 0 8 0 1048580 128 0 0 0 0 0 0 0 0 0 1048580 0 0 0 0 0 0 0 268435460 0 0 0 0 0 0 0 268435456 0 1048576 0 0 0 0 0 0 0 268435456 0 0 0 0 1024 0 32768 0 0 0 8193 0 8 128 0 0 131072 0 524288 0 1073741824 0 0 0 256 0 0 0 0 0 0 0 268435968 0 67108864 0 0 0 0 8388608 2097152 1048576 0 0 0 2147483648 0 0 0 0 128 0 0 0 16 33554432 0 0 0 0 0 0 0 512 0 0 0 4 0 8 0 0 0 0 262144 0 132 1048576 0 8388608 262144 0 268435456 4096 0 0 0 0 0 16384 2 0 0 64 16777216 33554432 0 16 0 0 0 0 0 33554432 128 536870912 0 0 0 0 0 0 132096 0 0 4096 0 0 0 0 0 0 0 0 0 0 2147483648 0 65536 0 0 17301504 1048576 0 0 0 8192 0 0 0 0 0 0 0 0 1073741824 2048 0 0 2097152 0 0 0 0 0 0 0 0 0 0 0 0 0 268435456 0 128 536870912 150995968 0 0 16384 0 0 0 0 16777248 33554432 32768 128 0 0 16384 0 0 167772160 0 0 0 0 0 0 0 4 131072 0 0 2048 0 4 0 0 0 131072 4096 0 8
is_linear=0
shrinkage=0.1


Tree=42
num_leaves=31
num_cat=26
split_feature=3 13 13 3 3 22 13 3 4 3 13 21 5 27 3 13 3 3 13 2 3 3 13 13 3 3 14 3 3 13
split_gain=55.568 44.1455 38.7449 33.6007 31.9722 28.7868 32.8588 32.0591 25.3613 24.8644 24.3861 17.9593 17.7323 17.1433 38.1418 32.5031 41.8227 34.228 29.9963 26.6908 25.3844 24.9951 23.4806 21.1972 21.2566 18.7802 18.7483 49.6162 19.6438 18.6406
threshold=0 1 2 3 4 0.50714287161827099 5 6 7 8 9 18.500000000000004 10 0.14051356911659243 11 12 13 14 15 16 17 18 19 20 21 22 9.5000000000000018 23 24 25
decision_type=9 9 9 9 9 2 9 9 9 9 9 2 9 2 9 9 9 9 9 9 9 9 9 9 9 9 2 9 9 9
left_child=-1 -2 3 -3 10 6 -6 -7 9 -8 -4 -9 -11 15 -15 16 -14 -17 20 -19 -16 -20 25 -21 -25 -23 28 -28 -24 -26
right_child=1 2 4 -5 5 7 8 11 -10 12 -12 -13 13 14 18 17 -18 19 21 23 -22 22 26 24 29 -27 27 -29 -30 -31
leaf_value=-0.057687036792523676 0.051800812738955017 0.029513791226261479 0.088534791754273812 -0.076352112487340487 0.062127892529104549 -0.021013586320774925 -0.029248570469680431 0.034523052369763822 0.038950070917415897 0.084524774358088847 0.016914889957848216 0.12920321685331734 -0.051660851505727134 0.037464119753673912 -0.02393422502776283 -0.026333181491690956 0.066787395340641417 0.045250179361742318 -0.034910123777453964 0.046030196359564152 0.052496131972009197 -0.051489707625333038 0.013360780964493999 0.018717314391492827 -0.025762663780572029 -0.0066663674907945728 0.006405564218107865 -0.036818436696861599 -0.001050121521221879 -0.0045168720197995976
leaf_weight=158.41418618196622 153.18321984959766 37.828363906126469 48.715010985266417 112.04853272764012 70.98473836062476 113.73903434164822 321.15131822787225 309.25931535987183 141.73027412034571 13.907153224572539 351.41670720372349 21.421873066574335 32.593100956641138 285.44161634892225 53.37288124486804 700.1047768201679 120.04514523828402 101.25269754882902 197.79995557293296 73.649185872171074 181.64565850235522 135.86929667182267 1792.1633703317493 363.11875998182222 429.93441216810606 290.56726234313101 757.16092313453555 398.05765933636576 1995.1439541680738 7139.7799055397045
leaf_count=9853 2186 832 1095 3855 1054 861 17086 2271 1691 122 9612 140 1020 3139 444 13133 2694 1375 2090 1546 1420 1188 13229 7753 11434 2637 5514 3348 15649 175091
internal_value=-0.000532818 4.23741e-05 -0.000466456 -0.0494572 9.96599e-06 -0.000694566 -0.00141014 0.0244007 -0.00173957 -0.00213952 0.0275805 0.0394631 -0.00154247 -0.00167809 0.00241592 -0.0044612 0.0398737 -0.0052688 0.000625938 -0.00341969 0.0348703 -0.000879733 0.000436564 -0.00409087 -0.00461356 -0.0218003 0.00239529 -0.00875154 0.00580166 -0.00575596
internal_weight=16901.5 16743.1 16589.9 149.877 16440 16039.9 15595.5 444.42 15524.5 15382.8 400.132 330.681 15061.6 15047.7 6087.22 8960.48 152.638 8807.84 5801.78 8107.73 235.019 5566.76 5368.96 8006.48 7932.83 426.437 4942.53 1155.22 3787.31 7569.71
internal_count=313362 303509 301323 4687 296636 285929 282657 3272 281603 279912 10707 2411 262826 262704 48658 214046 3714 210332 45519 197199 1864 43655 41565 195824 194278 3825 37740 8862 28878 186525
cat_boundaries=0 24 111 200 223 247 338 359 360 384 474 475 497 588 612 635 725 734 755 776 861 950 974 992 1013 1034 1123
cat_threshold=2097152 0 65536 4 0 0 16392 201326592 0 81 0 0 0 301989952 4 0 136 2147483648 786440 0 0 2253389856 72 7232 2 0 0 0 524288 16 0 0 512 0 0 0 0 0 9 4 16 0 0 16384 0 1048576 0 0 16 0 65536 0 0 0 524288 0 0 512 0 0 4 0 0 33554432 0 1 0 0 0 0 16777216 0 32 0 0 0 0 0 0 256 0 0 0 0 0 0 0 536870912 0 0 0 0 134217728 128 0 0 8192 0 36 0 0 0 512 4096 0 0 0 0 268468224 65536 512 0 262144 0 0 0 2 0 0 0 0 0 0 0 0 0 0 0 0 0 268435456 8192 0 0 0 67108864 0 0 4 0 0 0 0 0 0 32 0 0 0 0 64 0 0 0 268435456 0 2097152 262144 16384 16384 0 0 32 17825792 0 2097152 0 128 8192 0 32 0 0 0 98304 2097152 16384 16777216 0 0 8 0 0 0 0 512 0 0 4194304 4 0 16777216 0 0 0 0 8 0 0 32 805306368 8388608 8388608 0 0 8 262272 0 536887296 0 548864 1275068416 98 0 0 0 0 0 1048576 0 2147483648 65536 4 16777216 33554697 134217728 0 0 0 1376780289 4194304 0 0 0 128 0 262144 0 1089536 2147483650 37748736 6144 6291488 404752384 0 0 4 0 0 0 0 0 0 16 8 33554440 4 8388608 32 0 131072 0 128 0 0 0 0 0 0 0 0 1048576 0 0 0 0 0 0 16777216 2 268435456 0 0 0 0 2 425984 0 0 0 0 0 0 0 0 1073741824 0 0 0 0 0 0 0 0 0 0 0 262272 8192 0 0 0 0 1 0 0 0 0 0 0 33554432 536870912 0 0 134217728 0 0 2048 0 0 0 0 32768 262144 0 65536 0 2 403210240 67108866 8388610 0 0 0 262144 0 100663296 0 0 1979711488 2360338 32 0 0 0 8388608 0 2 2147483648 11 33554432 0 2048 8256 0 4206596 2 805306368 0 1280 532496 0 0 134217728 0 0 538968064 106624 5242880 0 64 134283392 17408 16777216 0 0 0 0 0 0 0 0 8388608 0 2147483648 0 0 0 0 524288 0 0 262144 0 0 0 0 0 0 64 0 0 0 1073741824 0 0 0 2097152 0 0 0 0 0 0 0 0 0 1048576 32768 0 4096 0 0 0 0 0 0 0 16384 0 0 0 0 0 0 0 16 0 0 0 0 0 0 0 0 32768 0 0 0 0 0 0 0 0 0 4096 4 0 67108864 0 0 8192 0 1073741824 128 163840 1048578 75497472 2048 0 0 0 0 0 0 0 8388608 45088784 5120 0 16777216 0 131072 0 0 0 2048 0 0 0 0 0 0 0 0 0 0 0 0 0 0 4194304 64 524288 0 0 0 0 0 0 0 0 0 4096 0 512 16 8192 0 0 0 2 0 0 0 0 0 0 0 1 0 32768 262144 2 256 0 0 0 0 0 268435456 16384 2 0 65536 8389632 0 0 0 2 0 0 0 0 0 0 2048 0 0 0 0 0 0 0 1024 1024 65536 0 8320 0 4 0 0 17825792 134217728 0 0 512 2147483648 142606338 8388608 256 0 268435456 547360768 0 1048576 67108866 1 268435456 1058 0 0 16777216 4 1073741824 0 0 0 537004032 545260064 262144 131072 1048576 67141760 2080 32768 1073741824 33792 0 0 4788744 65540 100663296 36700704 4096 0 0 16 0 0 0 0 0 134483968 0 0 0 0 64 0 0 0 0 67108864 32768 0 0 0 0 17301504 1048576 0 0 524288 0 0 0 0 536870912 0 0 0 0 0 0 0 2048 0 0 0 0 0 0 0 0 132 0 0 0 0 0 0 0 128 0 1024 0 0 0 0 4194304 128 0 67108864 0 2129920 4 0 0 0 0 67108864 0 0 1 0 524288 0 0 0 4 131072 0 0 64 4128 524288 0 0 0 0 8192 0 1024 0 2147483648 0 4194304 32 0 0 0 4096 0 8388608 32768 1024 0 0 0 0 16384 0 0 2248146944 4672 0 0 0 1024 0 0 0 2147483648 524288 0 0 0 0 33816576 4194304 16777216 67108864 0 4096 1024 16832 65546 0 134217728 66052 8 67109120 1050640 9011200 0 0 0 0 0 0 0 0 0 0 2147483648 0 65664 524288 0 0 0 128 0 2147483648 0 0 0 0 0 64 0 1024 0 1073743872 10240 0 0 0 0 0 0 0 131072 0 0 0 0 1074790400 0 262144 0 257 0 0 0 150994944 0 0 16384 0 4 0 0 16777216 0 0 0 8 0 0 0 0 0 2048 0 0 0 0 0 0 0 0 32 65536 0 0 0 2052 67108864 0 0 8388608 16777218 0 512 0 0 16384 0 0 0 134217728 524288 0 0 4 0 0 0 0 2048 0 0 64 0 0 1075838976 4104 2048 0 0 0 1048576 0 0 0 16777216 0 0 0 0 262144 0 0 0 0 16 0 0 134217728 150994944 0 0 0 32 16777216 0 64 0 0 0 0 8 8192 0 65536 0 0 0 196608 0 0 0 0 0 0 0 32 0 0 0 0 0 0 0 0 0 262144 0 1073741824 4360 1040 0 8912896 675414016 0 134742016 0 16384 32768 87172 8 0 0 131584 8388608 0 0 589824 2359296 4194304 512 0 8388608 32768 0 0 0 0 0 0 0 2097152 1107296256 163841 4 0 0 0 8388608 0 16 33024 0 0 0 262144 262144 268451840 0 16384 0 16912932 4 0 0 16 536870912 0 0 2215641088 0 64 32768 0 0 268435456 0 8388608 0 0 538968064 3858759680 537101345 0 0 0 4325408 8667136 1024 2 132224 0 0 0 1032 16 0 0 0 0 536936448 32768 0 0 0 0 17301504 1048576 0 0 0 0 0 0 0 536870912 0 0 0 0 0 0 0 0 2097152 0 0 0 0 0 0 524288 0 0 67109120 0 0 4096 0 0 0 0 1024 0 0 0 0 0 262272 0 0 0 0 4 0 0 0 0 67108864 33554432 0 1 0 524288 0 1073741824 0 4 131072 0 0 0 32 0 0 0 0 0 8192 1048576
is_linear=0
shrinkage=0.1


Tree=43
num_leaves=31
num_cat=0
split_feature=30 18 15 15 30 30 30 30 15 16 30 30 30 15 15 27 30 30 16 29 29 20 14 24 20 14 30 30 14 18
split_gain=47.3373 31.0437 27.3806 52.3603 68.9183 62.9386 88.6608 65.79 49.4006 49.3359 43.391 127.31 43.8277 34.3767 32.8177 35.8863 44.1988 122.484 45.7787 41.1755 32.9723 32.4649 31.7584 27.7837 27.3186 27.234 26.9071 58.207 74.0934 25.1408
threshold=20.500000000000004 0.0380292795598507 3.5000000000000004 1.0000000180025095e-35 21.500000000000004 30.500000000000004 31.500000000000004 29.500000000000004 5.5000000000000009 3.5000000000000004 29.500000000000004 30.500000000000004 26.500000000000004 1.5000000000000002 1.5000000000000002 0.13056714832782748 22.500000000000004 21.500000000000004 1.5000000000000002 3800.5000000000005 3823.5000000000005 9.5000000000000018 3.5000000000000004 1.0000000180025095e-35 17.500000000000004 7.5000000000000009 22.500000000000004 31.500000000000004 2.5000000000000004 0.036798043176531799
decision_type=2 2 2 2 2 2 2 2 2 2 2 2 2 2 2 2 2 2 2 2 2 2 2 2 2 2 2 2 2 2
left_child=1 -1 3 4 24 7 -7 9 -4 -6 12 -12 14 -13 15 16 17 22 -19 -20 -21 -11 -5 -16 -2 -18 -10 28 -28 -23
right_child=2 -3 8 10 5 6 -8 -9 26 21 11 13 -14 -15 23 -17 25 18 19 20 -22 29 -24 -25 -26 -27 27 -29 -30 -31
leaf_value=-0.037757121871276146 -0.011140105794511447 -0.007435951264263334 -0.0085529882172248658 0.08687385638670013 0.18985683180426643 -0.041114833770110368 0.03707087255495236 0.24702148739237653 0.0056217778638381136 0.019339955445026005 -0.051047889818262651 0.040461638921696942 0.052586311605360349 0.0039236696471524309 0.0052017485063061367 0.0084069315435500707 -0.063487769141723258 -0.032043137156268518 0.32196167318151836 -0.051865336483598791 0.18540029305577718 0.27594814927937195 0.020985240708253861 0.044441782971736177 -0.049040749408102206 0.11098067623926033 -0.011094399900522689 0.0033380743444775202 0.15086391773010915 0.074530519019695193
leaf_weight=385.98308812454343 1936.1816567708738 2697.1631046491675 3866.4710950371809 93.216467493679374 19.689406203106046 330.8358750725165 258.25251984782517 15.000042508356271 608.70969058759511 442.868416022975 400.86582558881491 341.93777643144131 324.40482903458178 1042.7526523885317 2378.9952807845548 456.69701677653939 51.745488950517029 9.5603252234868688 20.008642076514661 6.8670418546535066 39.823127871844918 7.077660816255956 339.89341904036701 195.24872447131202 210.89511158829555 10.817354165017603 43.41265325807035 162.2411267622374 80.859153644181788 49.805589087307453
leaf_count=48533 37378 57969 62971 1549 141 6484 2288 84 10209 4535 10686 3585 1909 12492 26054 2649 959 132 310 148 598 560 6976 1347 8000 209 440 1985 906 486
internal_value=-3.3417e-05 -0.0112319 0.00247849 0.00572792 -0.00436209 0.015705 -0.00683873 0.0405539 -0.00365189 0.0345917 0.0115045 -0.00142061 0.0173809 0.0129464 0.014211 0.0293092 0.046 0.0557426 0.172605 0.201939 0.150504 0.0284745 0.0351662 0.00817799 -0.0148629 -0.0333215 0.017516 0.0427857 0.094286 0.0995918
internal_weight=16828.3 3083.15 13745.1 8983.44 3270.61 1123.53 589.088 534.441 4761.69 519.441 5712.83 1785.56 3927.28 1384.69 3602.87 1028.63 571.932 509.369 76.2591 66.6988 46.6902 499.752 433.11 2574.24 2147.08 62.5628 895.223 286.513 124.272 56.8832
internal_count=312572 106502 206070 129559 59956 14578 8772 5806 76511 5722 69603 26763 42840 16077 40931 13530 10881 9713 1188 1056 746 5581 8525 27401 45378 1168 13540 3331 1346 1046
is_linear=0
shrinkage=0.1


Tree=44
num_leaves=31
num_cat=14
split_feature=13 30 13 13 27 30 20 22 13 23 22 9 13 13 20 24 13 13 17 25 21 25 13 28 5 21 22 12 12 13
split_gain=52.4235 42.9402 41.6999 36.8983 32.6913 27.2673 32.2655 37.4749 27.9382 21.7854 47.4455 22.7872 24.8746 22.3579 20.9276 20.5068 22.4841 20.4417 26.2007 20.1798 20.6 32.3115 20.7761 19.2129 18.3973 17.3235 17.0726 16.5891 15.6943 14.9339
threshold=0 20.500000000000004 1 2 0.028616992756724361 39.500000000000007 -1.0000000180025095e-35 0.065492488443851485 3 4.5000000000000009 0.019436364062130455 4 5 6 1.0000000180025095e-35 1.0000000180025095e-35 7 8 73.250000000000014 83.500000000000014 1.5000000000000002 16.500000000000004 9 0.026359487324953083 10 3.5000000000000004 0.66954022645950328 11 12 13
decision_type=9 2 9 9 2 2 2 2 9 2 2 9 9 9 2 2 9 9 8 2 2 2 9 2 9 2 2 9 9 9
left_child=-1 3 -3 -2 17 8 -7 27 -4 11 -11 13 -13 -10 29 16 -16 18 -5 20 21 22 -14 -22 -24 -15 -12 -8 -17 -6
right_child=1 2 5 4 14 6 7 -9 9 10 26 12 19 25 15 28 -18 -19 -20 -21 23 -23 24 -25 -26 -27 -28 -29 -30 -31
leaf_value=0.084695054250504109 0.087941305782124168 -0.050138534953087802 0.037987951144509931 0.05641663803341166 -0.040891465236717488 0.099271164901560446 0.047710011802009275 0.077305555809950813 0.040984046939231356 -0.064066510746658353 -0.0064968045532071408 -0.058517330944267303 0.030649350070178685 -0.023914771994480954 0.049064294172407139 -0.052891223031283033 -0.036610846426392778 -0.044467557894317042 0.46897078565833711 -0.055901825356426016 0.072994360433351405 -0.056063432330891172 0.089737604282796188 0.014130824913400022 0.0016534905961254954 0.064265162325241362 0.078419039136597493 -0.0094652384842080512 0.0176252955616257 -0.0013028448654113485
leaf_weight=61.542954625561833 26.933600159594789 145.88966715009883 191.57868449855596 7.6799228491727263 90.807338619139045 53.027322186157107 52.029986672103405 80.460272204130888 55.928515062201768 161.3546991944313 579.41703318757936 56.244548487011343 247.22916723974049 656.36487486027181 25.558102839859203 28.75121804792434 546.84059965447523 359.93463859311305 1.9253170450683663 57.950728052295744 59.673925139475614 94.815471007954329 13.776157849468291 783.3642783141695 10108.799446816556 23.061773303896189 24.685450620949268 269.14209282025695 163.03113366058096 1781.51587412972
leaf_count=1038 701 3518 3120 752 2121 643 414 1114 847 13634 9824 974 3394 11465 879 530 20478 40463 144 1579 1752 5677 123 7686 137872 261 154 1892 2382 37726
internal_value=-0.000725648 -0.00108946 0.00129107 -0.0118576 -0.0130011 0.0018796 0.0259566 0.0162769 0.0010463 0.000468883 -0.0158937 0.00149951 0.00260173 -0.015446 -0.00914009 -0.0230857 -0.0325678 -0.0408992 0.0681549 0.00295536 0.00325962 0.00204816 0.0025795 0.0182974 0.00186181 -0.0206182 -0.00302689 0.000987959 0.0052149 -0.00344824
internal_weight=16809.3 16747.8 13714.8 3032.98 3006.04 13568.9 454.66 401.632 13114.2 12922.7 765.457 12157.2 11421.9 735.355 2636.5 764.181 572.399 369.54 9.60524 11365.6 11307.7 10464.6 10369.8 843.038 10122.6 679.427 604.102 321.172 191.782 1872.32
internal_count=313157 312119 205943 106176 105475 202425 4063 3420 198362 195242 23612 171630 159057 12573 64116 24269 21357 41359 896 158083 156504 147066 141389 9438 137995 11726 9978 2306 2912 39847
cat_boundaries=0 87 176 264 355 356 447 538 629 719 809 810 811 812 902
cat_threshold=2 0 0 0 2097152 0 0 0 512 16777216 0 0 0 0 0 0 0 0 512 0 0 1048576 0 0 0 0 0 0 0 0 524292 0 2 268435968 0 0 0 0 0 33685504 0 0 0 33554432 0 0 4096 0 1073741856 0 16384 0 0 64 0 0 0 0 0 0 128 0 0 0 0 0 0 131072 0 0 0 0 0 0 536879136 0 8388608 0 262144 0 32 0 0 0 0 0 1048576 0 0 0 0 0 0 0 0 0 32 0 0 0 0 0 0 1048576 0 0 0 0 0 0 0 536872960 0 0 1024 0 0 8192 0 0 0 4194336 0 0 0 0 64 0 536870912 0 0 0 2097152 16 16400 4096 0 0 32 0 0 0 0 0 128 0 268435488 0 0 0 65536 2113536 0 0 0 0 8 131072 0 0 524288 0 0 0 2097152 36 0 0 0 0 4 0 0 16777216 0 1048608 0 0 0 0 0 16384 0 0 0 0 2097152 0 0 524288 13 0 0 0 262144 2097152 0 0 0 4 2048 0 0 1024 0 0 0 0 0 0 0 16777728 0 0 0 0 0 0 0 0 0 1048576 0 0 4096 589824 0 0 0 0 0 0 8 128 0 0 0 0 4 0 0 4096 0 0 0 0 0 0 16777216 0 4 0 0 0 0 0 0 0 0 0 268435456 0 0 512 0 0 0 0 524288 0 0 0 64 0 0 32 0 0 536870912 0 0 16384 0 0 0 0 0 0 16 0 0 0 0 0 131072 0 0 2098176 2 0 0 0 0 0 64 0 0 262144 8421376 0 0 0 0 0 32 1024 0 65536 0 0 0 0 0 8192 0 8192 0 0 8192 0 0 0 0 0 0 0 8192 0 131072 64 0 0 1792 0 64 524288 0 0 0 0 0 4096 65536 0 2 13056 0 0 0 16777216 16 2 4194304 8388608 0 4 67108864 0 1024 0 0 524288 0 0 0 2097152 33562624 0 16384 0 0 65536 0 0 0 0 0 0 0 0 0 4 0 0 0 0 0 0 0 0 0 0 0 1 0 32 512 512 0 2 0 0 16777216 0 0 0 512 0 0 0 0 0 0 0 0 0 0 0 16777224 4194304 0 0 0 1073741840 0 0 0 0 0 0 0 0 0 0 262144 8388608 16 0 0 0 16777216 16 0 0 0 0 0 67141632 0 0 0 0 17301504 0 0 0 0 2181038080 2048 0 0 67108864 0 0 0 0 0 32784 0 2048 0 0 0 0 0 0 0 0 128 0 268435456 0 0 0 1 0 128 0 0 0 0 0 0 0 65536 64 0 33554432 0 0 16384 0 0 0 0 0 128 134217728 0 0 67108864 0 0 0 0 0 8 0 4096 0 0 0 32768 0 0 67108864 1024 1 0 0 0 0 64 0 0 0 16384 0 2 0 1024 0 0 17301504 4 0 0 0 0 0 0 0 0 64 65536 0 0 0 0 0 131076 0 0 0 0 0 0 0 0 0 0 268435712 0 0 0 0 0 4194304 0 0 0 0 0 0 4194304 0 64 67108896 0 0 0 0 0 0 0 0 0 0 0 0 0 0 0 0 0 0 512 0 2048 0 0 0 0 0 0 4096 1048576 1073741824 16 0 0 0 0 0 512 0 0 0 0 0 0 0 0 0 0 0 0 0 0 0 0 0 0 0 0 8 0 0 1073741824 0 0 0 0 0 0 0 0 524288 0 0 4 0 256 0 262144 0 256 0 0 0 0 0 2415919104 0 32 0 2147483648 0 0 0 8192 0 0 0 0 0 0 0 0 0 0 0 0 1073741824 0 0 0 0 0 0 0 0 0 67108864 0 16908288 0 0 1024 0 0 8388608 1024 0 0 0 0 33554432 0 2 0 0 0 0 0 0 0 0 16 0 0 0 4 0 64 4096 0 0 0 0 0 0 0 0 0 0 0 0 8192 0 2052 0 1048576 0 0 0 268435712 0 0 0 0 16777216 268435456 16384 0 4194304 0 0 83886080 0 0 16 0 0 2 1 0 134217728 0 0 0 0 0 512 0 4 0 0 0 4096 0 0 0 32768 0 512 0 0 1073741824 128 33579504 117469456 0 0 0 0 0 0 0 8388608 0 65536 2 0 65536 0 0 524288 0 0 0 512 0 0 0 0 0 0 0 0 0 2048 34816 0 0 0 0 0 0 0 0 268435456 0 0 0 0 0 262144 16777216 256 0 0 0 0 0 268435456 16384 32 0 0 1024 0 0 0 16 8 8192 2 0 0 33554432 0 1 0 0 0 0 0 0 0 0 0 0 4096 0 0 0 0 0 8192 0 1073741824
is_linear=0
shrinkage=0.1


Tree=45
num_leaves=31
num_cat=23
split_feature=3 13 23 3 24 3 3 13 13 3 3 21 23 3 13 3 21 3 3 13 3 13 27 23 3 5 3 10 3 9
split_gain=47.4879 43.6026 30.473 44.3349 32.0206 32.3802 30.5882 32.0016 30.1142 28.1206 27.1285 25.7479 21.4298 53.5081 22.3991 20.7133 32.8642 56.2643 31.3843 20.8891 22.3768 20.1574 19.5714 18.243 18.0526 17.3905 17.3126 15.7164 17.0107 15.6585
threshold=0 1 13.500000000000002 2 1.5000000000000002 3 4 5 6 7 8 9.5000000000000018 1.5000000000000002 9 10 11 -1.0000000180025095e-35 12 13 14 15 16 0.018336615525186065 1.0000000180025095e-35 17 18 19 20 21 22
decision_type=9 9 2 9 2 9 9 9 9 9 9 2 2 9 9 9 2 9 9 9 9 9 2 2 9 9 9 9 9 9
left_child=-1 24 4 -4 6 -6 23 -8 9 -9 -10 -5 15 22 -15 16 17 -12 -18 -17 -21 26 -14 -3 -2 -23 -22 28 -27 -29
right_child=1 2 3 11 5 -7 7 8 10 -11 12 -13 13 14 -16 19 18 -19 -20 20 21 25 -24 -25 -26 27 -28 29 -30 -31
leaf_value=-0.049360151281827802 -0.013015884644929331 0.026135972785906621 0.023733209259612722 -0.073175788073865586 -0.0050219326818985756 0.052346157065024684 0.0620190158087656 0.018774406118217766 -0.033775890150531097 -0.061507855024933833 -0.04559325711891845 -0.019244520322163363 0.16514596478197471 0.051555654541887208 -0.032839534252805808 0.035600838598514289 0.056950427341796742 0.029361031255584397 0.012072548194132662 -0.03036706310174422 0.038936853643238512 0.073813400399857412 0.022718295686965533 -0.010955682821463919 0.087897697524044707 0.026639301896819564 -0.042483373015882626 -0.015497730000269464 -0.06801324327044668 0.00098864621292726862
leaf_weight=186.02571779931895 26.50923374760896 656.29741192562506 134.418164053699 162.11596890934743 174.00205020792782 224.38553155772388 69.441738393623382 59.59607849875465 239.26434387802146 147.45159236527979 204.5311125703156 195.00965043343604 10.147434378042815 25.620493096765131 651.7266385240946 146.16619546269067 209.59919323539361 179.27699162904173 602.5507828341797 247.60403159516864 24.424763186834753 21.819035208784044 195.98717885534279 166.17470663879067 74.470492439810187 23.856823623180389 176.49365218589082 598.30382211878896 59.714683727361262 10872.920769278193
leaf_count=10162 365 11110 4642 14549 1337 1493 1459 1187 9299 3726 4200 4018 639 633 21418 2112 3234 2183 9727 8526 405 426 5344 6036 993 290 2907 11175 1342 168403
internal_value=-0.000429451 0.000149231 -0.000271325 -0.024796 0.000482536 0.0284776 -0.000232899 -0.00128333 -0.00162439 -0.0385993 -0.0010698 -0.0425354 -0.000497376 -0.0155816 -0.0289437 0.000499212 0.013 -0.011005 0.0245045 -0.0007392 -0.00121013 -0.000571908 0.0283541 0.0184179 0.0626201 -1.3714e-05 -0.0312087 -0.000216828 -0.0410339 0.000116018
internal_weight=16765.9 16579.9 16478.9 491.544 15987.4 398.388 15589 14766.5 14697.1 207.048 14490 357.126 14250.7 883.482 677.347 13367.3 1195.96 383.808 812.15 12171.3 12025.1 11777.5 206.135 822.472 100.98 11576.6 200.918 11554.8 83.5715 11471.2
internal_count=313340 303178 301820 23209 278611 2830 275781 258635 257176 4913 252263 18567 242964 28034 22051 214930 19344 6383 12961 195586 193474 184948 5983 17146 1358 181636 3312 181210 1632 179578
cat_boundaries=0 24 115 139 160 184 274 363 387 411 435 525 548 571 585 676 700 790 812 813 834 835 854 855
cat_threshold=0 0 0 4 0 5120 16386 134217728 0 2487746656 0 0 16384 301993984 4 134217728 33554432 2147483648 1048576 0 0 306184224 17408 3136 2 0 0 0 0 16 0 0 0 0 2097152 0 0 0 8 132 0 0 0 16384 0 0 0 0 0 0 4096 0 0 0 524288 0 2 0 0 0 4 0 0 33685504 0 0 0 262144 0 0 0 0 32 0 0 0 0 64 0 258 0 0 0 0 0 2105344 262144 0 0 0 0 131072 64 0 0 0 0 0 32 0 8388608 131072 0 0 0 0 524288 0 0 98304 262656 0 0 0 64 34209792 12582914 1140883456 4194304 0 0 2097152 4194304 16384 256 2097152 41943072 3147808 65536 0 1048576 1024 1073750016 32 0 2147483648 0 64 1 0 8388608 8388866 1024 0 8 8388608 262144 67125248 0 2097152 2483027968 20090112 32 0 0 0 8388608 0 0 67108864 134250496 280 64 9232 0 8 1073741824 0 536936448 4 0 0 2688679936 8650752 0 0 0 38010880 264192 32 270533633 8192 0 4 0 0 0 0 64 0 0 0 512 0 0 32 0 0 0 0 0 16384 512 0 0 0 0 1073741824 0 0 65536 0 8 0 0 0 0 0 2 0 0 0 537395200 512 4194304 0 1048576 33554432 0 4 0 0 0 8 0 0 0 16 0 0 0 0 16384 0 0 0 0 545259520 0 0 1073741824 0 0 0 0 0 8192 33554432 0 64 0 0 263424 0 0 0 0 0 32768 0 1048576 0 0 8 0 0 0 1024 268435456 0 0 0 0 0 0 32768 0 0 262148 0 0 0 0 1048576 2 0 0 4194304 0 0 0 4 0 0 0 0 0 0 4194304 0 0 0 0 0 524288 0 0 67108864 0 2097152 16 16640 0 0 0 1024 0 1073741824 0 32 0 128 0 0 4 0 0 65544 0 2 0 0 0 8 0 0 0 0 4 0 0 1024 36 0 0 0 0 0 0 0 0 0 32 822607872 4 1082130690 1 0 0 2097152 0 33570816 0 0 268435456 18646576 0 0 0 0 8388608 0 0 2147483648 133120 4224 16777216 33554432 35651584 65536 131072 32768 4259840 2048 0 0 33555464 24 1 0 0 0 1048576 276 73728 4718592 0 32 134283264 1052802 4224 2164260864 1409286147 1073741824 0 0 131072 5242880 16793600 33554432 512 0 1283457152 2097168 36 0 0 32 16384 0 0 65536 0 39854080 32768 256 0 0 0 0 0 0 0 0 65536 2 0 0 0 0 0 1048576 0 0 0 0 0 0 0 2048 0 0 1073741824 0 1073741824 0 0 0 2097152 0 0 0 0 0 0 0 0 0 0 0 0 4096 268435456 0 0 0 0 1048576 128 0 0 0 0 1024 67108864 0 32768 0 0 8192 0 0 0 0 0 0 0 524288 0 0 0 0 0 0 0 0 0 0 4 0 0 285212672 8192 1310720 1024 131072 1048576 25165824 2312 536870912 0 537133312 8388608 16384 2097154 8192 33554432 32840 4195344 0 0 4194304 8425472 69632 0 67108864 2048 536870912 131072 1048576 8388608 256 0 0 537133312 0 0 0 0 0 64 1040 0 0 4194304 0 0 0 0 0 536870912 131072 0 8388608 0 0 0 0 0 0 0 0 0 0 1040 0 0 0 524290 0 0 0 0 33554432 65536 0 0 0 557056 0 0 524304 128 0 0 0 0 0 0 536870912 0 0 1048576 512 0 0 0 0 268435456 0 0 0 0 0 0 0 128 0 0 32768 0 0 0 1073741824 4194432 32 16777216 0 0 0 0 0 0 8388672 16777216 0 0 0 0 0 0 0 0 0 2048 0 16777216 0 0 4202496 0 4 0 0 0 4096 0 0 0 67108864 0 0 0 0 2097152 128 2172649472 0 134217728 32 0 538181632 17826816 34603008 0 69632 5 0 128 0 0 8192 0 16384 0 16777216 163840 83886080 302260736 4227072 0 0 0 0 16 512 0 0 0 0 2147483648 0 0 0 0 64 1048576 0 262144 0 0 0 0 0 0 65600 1 0 0 0 0 0 0 2097152 0 0 128 0 0 0 0 0 0 0 0 0 4096 16 0 0 134217728 134217728 0 2 0 0 0 0 0 0 1040 0 4194304 0 0 0 0 536870912 0 0 0 0 0 524288 1073741824 0 0 0 0 0 16777280 4096 16777216 0 0 0 4325376 8388608 1048576 1024 0 276824064 256 0 0 0 0 0 536870912 0 16384 128 2293779 134217760 0 0 0 0 0 0 0 2048 384 524288 4194307 258 0 0 0 0 262144 67108864 0 0 536870912 263168 65536 0 0 0 0 0 0 134217728 4187 524288 67108864 256 0 0 0 0 0 0 0 2097152 2155872256 3147040 32 0 0 0 1073741824 1040 8196
is_linear=0
shrinkage=0.1


Tree=46
num_leaves=31
num_cat=6
split_feature=13 13 30 1 1 13 30 29 30 15 15 14 14 14 15 23 22 30 16 16 16 16 14 13 14 16 16 16 29 18
split_gain=40.8633 33.4611 33.5743 45.9486 31.0533 36.9899 29.9082 87.6284 43.4119 76.7347 56.2032 40.5389 31.5958 59.7494 42.3583 28.6736 34.2525 28.3739 50.0465 35.7733 37.1604 35.5504 31.6036 23.7616 23.5703 27.2664 23.2351 63.0971 24.9554 22.8052
threshold=0 1 25.500000000000004 2 3 4 29.500000000000004 4418.5000000000009 30.500000000000004 1.0000000180025095e-35 4.5000000000000009 10.500000000000002 9.5000000000000018 6.5000000000000009 1.5000000000000002 3.5000000000000004 0.019436364062130455 27.500000000000004 3.5000000000000004 7.5000000000000009 18.500000000000004 16.500000000000004 5.5000000000000009 5 5.5000000000000009 14.500000000000002 20.500000000000004 26.500000000000004 4374.5000000000009 0.31676022708415991
decision_type=9 9 2 9 9 9 2 2 2 2 2 2 2 2 2 2 2 2 2 2 2 2 2 9 2 2 2 2 2 2
left_child=-1 -2 4 -4 -3 -6 7 11 9 -8 -11 12 13 17 -15 23 -17 18 -5 22 21 24 -20 -7 -21 -26 -22 -28 -29 -18
right_child=1 2 3 6 5 15 8 -9 -10 10 -12 -13 -14 14 -16 16 29 -19 19 20 26 -23 -24 -25 25 -27 27 28 -30 -31
leaf_value=0.073867682099904367 -0.041302524083215546 -0.029110485284295818 0.046365892269742449 0.18492536022636991 0.050665847245426804 -0.03449381149671709 0.20654042204536052 0.12620950236708739 0.0046902178737151376 -0.048753201072940178 0.12343949614487244 0.083355900207567238 -0.041459512456560633 0.0087687213184166456 0.12743718658399059 -0.061555988976054465 -0.002226657253794027 0.048010748339994434 -0.012793577371124557 0.059222023726037513 -0.060975396213210735 0.19125465298639938 -0.10497888924296309 -9.9706919891367652e-05 0.076102111118432084 -0.08424352052373929 0.10898406053878135 -0.0051404492728326992 -0.11084486158384813 -0.072043356317943827
leaf_weight=64.967795007862151 185.05888605606742 408.50609584269114 280.15248203044757 13.127633294090627 124.98476554057561 194.71115859388374 13.118104877881704 71.969799797981977 2637.0135915009305 353.71354457689449 20.028684565797448 73.291719975415617 121.28269791090861 52.101837484166026 71.162847585044801 164.92760797194205 466.24547117319889 108.68873817101121 83.188928893301636 82.270414713770151 89.47069492097944 14.653576401993631 67.254174872301519 10712.691642588936 16.109049948863685 31.039001865312457 41.004689977504313 73.793217461556196 32.02859513182193 52.004338506609201
leaf_count=1040 6199 11592 2401 83 2714 3878 73 443 33709 10151 116 458 837 316 413 19790 10454 658 760 574 722 91 503 202922 100 268 279 644 261 457
internal_value=0.000203905 -0.000127706 0.000359705 0.00790052 -0.00234337 -0.00138401 0.00512379 0.0197431 0.000100947 -0.0311816 -0.0395255 0.0118475 0.00600589 0.0134254 0.0772781 -0.00198847 -0.021864 0.00136525 -0.00795534 -0.0127255 0.00360096 0.0436301 -0.0540042 -0.000745402 0.0269152 -0.0294583 -0.0208051 0.00367319 -0.0371335 -0.00923249
internal_weight=16720.6 16655.6 16470.5 4346.46 12124.1 11715.6 4066.31 1042.44 3023.87 386.86 373.742 970.468 897.176 775.893 123.265 11590.6 683.177 652.629 543.94 530.812 380.369 144.072 150.443 10907.4 129.418 47.1481 236.297 146.827 105.822 518.25
internal_count=312906 311866 305667 53860 251807 240215 51459 7410 44049 10340 10267 6967 6509 5672 729 237501 30701 4943 4285 4202 2939 1033 1263 206800 942 368 1906 1184 905 10911
cat_boundaries=0 89 178 179 180 268 359
cat_threshold=0 0 0 0 2097152 0 0 0 64 0 0 0 134217728 0 1 4 0 0 0 0 0 0 2147483648 0 0 0 0 0 0 65536 524288 0 2 0 0 16777216 2097152 16777216 2 33685504 8388608 0 0 0 0 0 4096 0 32 0 0 0 0 0 0 536870912 0 0 0 8192 0 8192 0 0 0 0 0 131072 134217728 0 0 0 8192 33554432 32 0 0 0 0 4096 0 0 0 0 0 65536 0 0 1024 0 262144 0 0 268435456 0 0 65536 0 65536 67108864 32768 0 0 0 0 0 0 0 268435456 0 0 0 0 0 0 0 0 0 0 0 0 0 0 32 0 0 0 0 64 0 0 0 268435456 0 2097152 262144 16384 4096 0 0 512 16777216 268435456 0 0 136 0 0 0 0 0 4 65536 0 0 8 0 0 0 0 0 16777224 0 4 0 0 2097168 4 0 16777280 0 0 0 0 0 0 0 1048608 115474440 73306193 0 0 0 0 16 0 16 0 0 0 2158002176 0 0 0 536870912 16777344 0 0 262145 0 8192 0 0 0 0 0 0 0 134217728 16 163840 0 0 0 16384 512 0 0 0 0 0 1 0 0 32768 0 0 0 0 0 0 1024 0 65536 0 0 0 128 16384 0 0 32768 0 0 0 0 0 0 524288 0 0 0 0 0 0 0 0 0 0 0 32 0 524288 0 268435456 0 512 512 0 0 8388608 16777226 0 512 134217728 0 0 16777216 0 0 128 0 0 0 0 0 0 512 33554432 0 0 4 0 0 4096 0 8 2048 16 0 2048 0 0 33554432 0 0 0 0 524288 0 0 0 0 0 0 268435712 0 0 0 0 0 0 0 32 0 0 0 0 4 0 0 0 0 0 0 0 33554432 0 0 0 0 0 512 0 0 0 0 0 0 4096 0 2048 67108864 0 0 8192 0 1073741824 1
is_linear=0
shrinkage=0.1


Tree=47
num_leaves=31
num_cat=19
split_feature=3 30 3 3 30 3 29 3 3 30 3 3 3 2 30 3 3 28 8 3 3 3 12 3 18 25 20 17 29 3
split_gain=46.1899 26.0656 64.3652 60.3716 42.5304 55.8729 62.4938 39.6515 30.7861 27.9518 47.9064 35.2228 24.9576 22.5072 26.6497 21.2421 20.1125 24.9071 19.3634 50.6149 27.9274 27.0812 23.1245 28.2814 28.667 20.8791 37.2066 21.0728 19.5464 19.2224
threshold=0 25.500000000000004 1 2 29.500000000000004 3 4418.5000000000009 4 5 34.500000000000007 6 7 8 9 32.500000000000007 10 11 0.012919137720018627 12 13 14 15 16 17 0.082482084631919875 8.5000000000000018 27.500000000000004 39.850000381469734 3778.5000000000005 18
decision_type=9 2 9 9 2 9 2 9 9 2 9 9 9 9 2 9 9 2 9 9 9 9 9 9 2 2 2 10 2 9
left_child=13 2 -2 -3 5 -5 15 -6 -4 11 -11 -9 -10 14 -1 -7 17 -13 19 -14 -21 -20 23 24 25 26 27 -23 -26 -24
right_child=1 3 8 4 7 6 -8 9 12 10 -12 16 18 -15 -16 -17 -18 -19 21 20 -22 22 29 -25 28 -27 -28 -29 -30 -31
leaf_value=0.10312654921202791 -0.039465042316028681 0.043140209887150817 -0.044973945721443802 -0.015592932129277183 -0.032948908951689539 0.0078355037834541529 0.15805030585036178 -0.028173744354250654 0.022321914968066726 -0.016267393185932653 0.033102898866287443 0.24886279930680227 0.027636181088820651 -0.055793475171217438 0.65214615262468134 0.044857006798406429 -0.00057907649200159526 0.036871756498654942 -0.033346439713982122 0.015013793649032055 -0.022240340994013341 0.060578468559614185 0.019935938979225791 -0.021101033946461727 0.066175678763992038 -0.051097336110005609 0.45468888097341398 0.2729102535143561 0.0092777019693222381 -0.00058207293655121223
leaf_weight=5.8829544640611857 436.03306197235361 404.48407733393833 145.39828636823222 293.72100178711116 374.15224993834272 291.43999839294702 39.944289671257138 491.13601392554119 463.38617777358741 294.81615283619612 560.51931401528418 5.9163346118293694 291.6489332744386 187.57378569804132 1.040504624135792 364.82132578827441 1158.7669008937664 87.662460492458194 216.56716815847903 229.86326740169898 1418.7470898630563 17.122449263697497 473.84595259977505 94.297164944233373 97.384844464249909 5.3120998488739124 3.8279257526155552 6.4290137048810712 158.8822475951165 8103.8965897476301
leaf_count=848 9643 3979 6737 1656 6360 1892 260 9664 14319 1879 5181 294 4891 16069 32 2851 17502 1490 7353 3313 33986 493 11151 3241 972 182 96 146 1831 144949
internal_value=-0.000385187 0.000199275 -0.00218015 0.00682614 0.00300321 0.0209638 0.0360922 -0.00296713 -0.000759472 0.00147048 0.0162828 -0.00578788 -0.000166053 -0.0476196 0.0759449 0.029219 0.00319074 0.0454207 -0.00112256 -0.0101721 -0.0169868 0.000799614 0.0016611 0.0253745 0.0407396 0.130336 0.165537 0.11854 0.0308997 0.000573264
internal_weight=16724.5 16530 12162.6 4367.38 3962.9 989.927 696.206 2972.97 11726.6 2598.82 855.335 1743.48 11581.2 194.497 6.92346 656.261 1252.35 93.5788 11117.8 1940.26 1648.61 9177.57 8961 383.256 288.959 32.6915 27.3794 23.5515 256.267 8577.74
internal_count=313260 296311 243303 53008 49029 6659 5003 42370 233660 36010 7060 28950 226923 16949 880 4743 19286 1784 212604 42190 37299 170414 163061 6961 3720 917 735 639 2803 156100
cat_boundaries=0 24 48 71 93 117 141 165 189 213 225 246 269 270 294 318 341 342 361 384
cat_threshold=0 0 0 0 536870912 33554432 16384 134217984 0 2217213984 1024 0 1073741824 436207616 4 0 2147483648 0 16 0 32 1094778912 134496512 16793601 64 16777217 256 0 16384 4096 268435456 2048 1589248 1073742082 257 1024 0 4096 0 142606336 2097156 2692743168 0 2064 8421376 0 8 8 25165824 268435463 402653184 0 0 0 65536 0 1064960 8192 0 67108864 2112 0 0 0 6291460 545308672 6144 1048578 0 0 64 33554432 64 0 4196352 0 8192 10747920 262144 67108864 0 2113536 1342177281 8389128 65568 0 1048576 0 0 32 0 0 134219776 1073741824 8388608 1082130434 0 0 65536 6291456 16896 301989888 4195392 0 3221225472 1065096 32768 0 0 66560 0 1048584 0 0 134217728 2228256 4227072 67108864 272630784 268437504 0 0 134217728 134217728 268435968 262144 50333704 0 0 536870912 16777216 0 268435456 160 268533888 1310720 0 1074790400 33554432 33554944 16 0 67108864 0 2309 0 0 8392704 0 67108864 65794 2629632 1 10879233 65568 0 0 8 0 0 0 2147483648 2147483648 2214596608 512 2148007936 0 256 8200 0 0 0 4464640 0 2048 0 8388640 852992 8212 0 0 33554432 2147483656 256 16777216 131200 2048 12587008 4 32768 0 0 8 0 131072 36700224 0 33619968 0 303104 268468224 131080 4464640 0 0 0 4194304 2048 2097184 192 131072 4857856 131072 16777248 2281701376 0 67108864 0 4195456 536870912 0 0 0 33558528 2 470286336 75497472 8421378 1024 0 8 0 0 570425344 0 8192 8388608 1212690 28 0 0 0 262144 0 0 131072 33554432 67108864 0 1 0 8208 8654848 268435456 536870912 512 524289 1025 512 16777216 0 0 0 4096 32 2080 3145728 538968064 1073741824 28 2415919104 256 2 256 0 0 536936704 16777216 0 4194305 540672 134226048 16778880 16 0 0 0 8192 196610 0 2281832448 1048576 16 262144 524288 64 134217728 2048 0 268730368 1 8388608 268435456 32768 0 3221225473 1048608 66632 0 0 0 4096 524424 0 1 2147483776 8454144 4096 0 536870976 134348800 256 16 0 536977408 1 536870912 4235265 524288 8208 0 65536 0 0 256 0 1152 0 134348800 2148532352 537919488 50348569 2432696320 75497472 1082163200 1024 0 0 0 4456448 67108864 0 2113536 1283457025 3735904 32 0 0 0 0 32 0 33554432 0 12288 0 1073815552 131200 536887296 0 1310848 536870912 0 2181840896 2052 0 0 131072 131072 4352 0 524288 67373056 2097312
is_linear=0
shrinkage=0.1


Tree=48
num_leaves=31
num_cat=18
split_feature=3 13 13 30 3 3 15 15 30 3 3 30 13 3 30 3 30 3 28 3 3 30 30 30 13 13 14 13 3 3
split_gain=54.5047 47.6358 33.0107 28.9393 66.032 38.4221 27.6817 63.1608 53.5625 58.6919 52.1146 49.1886 41.9436 45.5373 41.704 64.466 58.4049 41.2485 36.3234 33.3854 31.7757 31.639 31.356 55.233 30.8027 26.3891 25.4852 24.5638 24.3918 23.7457
threshold=0 1 2 20.500000000000004 3 4 2.5000000000000004 1.0000000180025095e-35 21.500000000000004 5 6 21.500000000000004 7 8 30.500000000000004 9 31.500000000000004 10 0.017648097127676014 11 12 29.500000000000004 29.500000000000004 33.500000000000007 13 14 11.500000000000002 15 16 17
decision_type=9 9 9 2 9 9 2 2 2 9 9 2 9 9 2 9 2 9 2 9 9 2 2 2 9 9 2 9 9 9
left_child=-1 -2 28 4 -4 -5 7 8 9 18 22 -8 -13 -14 15 -10 20 -12 -7 -15 -16 26 -9 -24 -11 -19 -17 -6 -3 -29
right_child=1 2 3 5 27 6 11 10 14 24 17 12 13 19 16 21 -18 25 -20 -21 -22 -23 23 -25 -26 -27 -28 29 -30 -31
leaf_value=-0.055467118772586588 0.075483975577697371 0.025276079207557381 -0.055984777932760021 0.028066517157564832 0.047448215575606051 0.21139330164205866 -0.062625614058660198 0.06232218570885853 -0.015355089306596263 0.053050286670633932 -0.048251501843984551 0.071251784855155376 0.048349702267281698 -0.030618138018956489 0.025501046579779741 0.065600847524228387 0.031444463089331375 -0.041472580392232714 0.021201938991393429 -0.002230965275342776 -0.050843270290785093 0.21702808632915158 -0.029553055838090689 0.077478851929814185 -0.02352074800702288 0.01399630172380463 -0.015879632984563383 0.023691717511461815 -0.074276708283518553 -0.0085590114077244116
leaf_weight=165.90844158711843 74.273373530246317 31.350370331667364 256.03551285061985 552.81082943431102 80.857128875562921 10.419821877963839 136.80313166743144 347.27516726357862 176.92457608645782 45.878533440409228 108.10899387579411 67.214647739194334 158.62043596291915 438.12417978863232 66.665792950894684 280.99033380113542 237.2834859197028 79.65213895495981 276.68630453711376 5562.2013556153979 235.56424871971831 12.430311033502219 121.98736690543592 79.723504171241075 1654.1937705171295 2662.0481190523133 44.460610280977562 243.2861314273905 93.251160643063486 2364.8786869556643
leaf_count=9532 956 544 22273 12956 2040 566 2559 4378 1359 1067 1622 1158 2948 7924 961 3089 2078 1000 3244 73589 4964 64 2991 784 34850 31639 606 5778 4177 71444
internal_value=-9.75095e-05 0.000492553 0.000107739 0.000514664 -0.00845782 0.00249351 0.00136635 0.00598924 -0.00447939 -0.0141456 0.0153573 -0.00331057 -0.00200729 -0.00291774 0.0137394 0.0340996 -0.00568842 0.00978448 0.0271585 -0.0043512 -0.0348418 0.0587123 0.043319 0.0127499 -0.0211562 0.01224 0.0544696 -0.00371054 -0.0492118 -0.00547171
internal_weight=16665.9 16500 16425.7 16301.1 2945.06 13356.1 12803.3 6440.29 3041.5 1987.18 3398.8 6362.96 6226.16 6158.95 1054.32 514.806 539.514 2849.81 287.106 6000.33 302.23 337.881 548.986 201.711 1700.07 2741.7 325.451 2689.02 124.602 2608.16
internal_count=313140 303608 302652 297931 101535 196396 183440 95262 52848 39727 42414 88178 85619 84461 13121 5118 8003 34261 3810 81513 5925 3759 8153 3775 35917 32639 3695 79262 4721 77222
cat_boundaries=0 23 113 204 226 249 272 293 383 406 428 452 475 498 588 677 768 792 816
cat_threshold=0 0 128 2052 0 134217728 32776 402653696 0 205652000 34 0 67108864 302022656 4 0 516 2147483648 0 0 0 273678368 256 0 0 0 0 2097152 16 8 268435464 512 4 0 0 134217728 0 0 0 0 0 0 0 0 0 0 0 0 0 69632 0 0 0 0 0 2 268435968 0 0 0 0 0 33685504 0 4 0 0 0 0 0 0 2080 0 0 0 0 64 0 0 0 0 0 0 0 8192 0 536870912 0 0 0 131072 64 0 0 0 8192 0 536870912 64 0 0 0 0 0 0 0 0 268468224 65536 512 0 65536 8 0 262144 0 0 32 0 0 0 0 1 0 0 0 0 0 0 1048576 0 0 268435968 8192 67108864 0 0 2048 0 0 0 0 0 0 0 2048 0 0 0 0 0 0 64 0 0 0 256 0 2097152 262160 0 0 0 0 0 16777216 0 0 0 136 262144 0 2080 0 0 0 65544 0 0 0 128 0 0 131072 0 0 0 0 8 0 16 4 0 0 0 0 0 0 0 0 8192 32 0 64 2819227648 4194308 67109120 0 0 262144 536870912 4210688 16384 0 536936448 2147483648 18624 134217744 0 134217728 0 545275904 0 0 1048576 2099200 2550169600 272 150999040 8208 0 2 0 4194560 0 0 0 0 4194368 0 0 1056768 0 442368 530432 2080 1074266144 2048 32768 33554432 0 0 257 536870912 663552 2097152 1 0 2097280 16385 2147483648 0 328704 0 134217728 0 0 16 16777216 1048576 537133056 6291554 1610612736 2 1073741826 1 0 8 2097152 1024 1064960 4 532480 738197504 72720 134217744 0 16777216 131072 578813952 1024 0 8388608 0 2048 8388608 0 64 0 0 0 0 0 0 0 0 0 0 524416 0 0 0 2147483648 0 0 0 0 0 0 8 65536 0 2048 565248 0 0 0 0 0 0 0 536870912 0 0 0 0 0 0 0 0 16 0 0 0 0 0 0 0 34 0 0 0 8192 0 2097152 0 16384 0 0 1 0 0 0 0 0 16777216 4194304 131072 0 0 0 1024 0 4160 0 524288 2048 0 32768 268435456 0 0 1024 16908288 1048576 0 0 0 268959744 0 545284096 268697600 536870912 0 268436640 16777216 8 0 0 4194304 4194304 8 2097154 134217729 2097152 1073881232 17301504 3 8421376 1024 0 8192 2359296 262144 536870912 0 538968064 268435585 8526378 65540 0 0 0 0 0 0 134217728 134217728 0 1048576 0 0 0 269361152 16 24576 0 536937984 536870913 2415919104 128 0 0 134217728 65536 8 5242888 0 0 536903680 2147762176 32768 1107296256 1073741824 1073741824 257 0 33554432 12582976 0 0 2097488 532480 0 170248 66560 0 16777216 132096 33554432 0 0 8388608 0 65540 524288 67108864 32768 4195328 0 0 2359296 17055744 0 2097152 0 41943040 8522634 65540 0 16777216 0 0 0 0 1024 134217728 4194304 0 0 0 16777216 80 2097152 0 0 0 0 67108864 0 0 0 0 0 4 0 262144 0 0 0 0 0 0 64 0 0 0 0 0 0 0 1048576 0 0 0 0 131072 0 64 0 0 0 0 0 0 0 0 0 0 16777216 0 0 0 0 0 128 0 67108864 33554432 32768 18 0 0 2 9 0 167772160 128 0 0 0 0 1073741824 0 4 0 0 8 64 0 0 0 0 0 0 4096 0 1073741824 0 0 0 0 64 0 0 0 0 32 2214592512 0 128 0 0 17301504 4 0 0 0 0 0 0 4 0 64 0 0 0 0 0 0 0 2097152 0 0 0 0 0 0 0 0 0 1048576 0 0 4096 0 4194304 0 16384 134218752 0 128 0 0 0 128 0 16777216 0 0 2 0 8192 134217728 0 0 0 2048 0 0 17301504 0 0 0 0 0 0 8 4160 0 0 0 67108864 0 0 0 262144 0 0 0 0 0 0 0 0 0 0 2147516416 0 0 524288 5 17301504 0 0 262144 2097152 0 0 0 1073741828 0 0 0 0 0 1073741824 0 0 0 0 0 16777216 2097152 0 2 512 0 0 0 268435456 0 262144 4096 268435456 4096 524416 0 0 0 0 16384 0 4194304 0 0 0 0 0 4 0 0 0 0 0 0 0 0 32768 16777216 0 0 0 0 0 0 0 0 0 0 0 0 0 0 512 0 0 16 0 67108864 1082130432 0 0 0 0 262144 603996160 0 16384 2751463424 656384 0 0 0 131072 0 32 0 2147483648 0 4 4 0 0 8388618 1024 536870912 2198339584 4263936 16777216 65536 0 4 1073741824 393224 8388608 0 0 0 0 2088 4194336 2147483648 671096832 2097152 4
is_linear=0
shrinkage=0.1


Tree=49
num_leaves=31
num_cat=26
split_feature=13 3 13 2 3 23 24 3 23 3 13 3 3 13 10 3 9 3 13 13 3 3 12 3 29 13 3 8 3 13
split_gain=43.1098 45.7161 33.3394 27.3959 25.1215 23.6698 27.6762 55.7762 54.1729 42.4464 30.8802 28.6509 25.8835 24.902 24.4892 21.4313 20.4135 46.4315 29.3028 25.8076 26.6734 22.7369 22.0814 19.1788 17.8768 15.8307 21.1616 16.437 37.8603 25.155
threshold=0 1 2 3 4 235.50000000000003 3.5000000000000004 5 4.5000000000000009 6 7 8 9 10 11 12 13 14 15 16 17 18 19 20 4055.5000000000005 21 22 23 24 25
decision_type=9 9 9 9 9 2 2 9 2 9 9 9 9 9 9 9 9 9 9 9 9 9 9 9 2 9 9 9 9 9
left_child=-1 3 4 -2 -3 6 8 -8 11 -10 -11 -4 -13 23 24 -9 17 22 -19 20 -18 -21 -15 -14 -12 26 -23 28 -27 -29
right_child=1 2 5 -5 -6 -7 7 15 9 10 14 12 13 16 -16 -17 19 18 -20 21 -22 25 -24 -25 -26 27 -28 29 -30 -31
leaf_value=0.066880046505596605 0.087386130017628072 0.035802486305880558 0.022337681301196659 -0.065528235826214407 -0.067478733542545438 -0.083773071088390993 0.098779837505801382 -0.041351130282406084 0.031812113437379767 0.066621962897774153 -0.026421066021874603 -0.037955008955389072 0.023753883186481466 -0.039009729737896424 -0.04946455620606225 0.021507774934277121 -0.0085099547521384194 0.045230850400243307 -0.03762665082772839 -0.036541281867514319 0.070726323116203069 0.047296183751708409 0.052387096586067598 -0.070306875508415995 0.13244954645339493 0.064809528803422653 -0.050876258535133626 -0.057464908690427863 0.0053398177808628156 0.0019028090168912181
leaf_weight=85.877259745495394 5.7417525411583483 25.838616558350623 613.38720039580949 140.05145810334943 112.4159852869343 33.202190827811137 75.811449559405446 64.441816952079535 94.817120987921953 19.251997853629291 14.028713471489029 163.44736618269235 27.846793053671718 27.937321656150743 493.27035392518155 191.39920511748642 72.098531547468156 40.170171995880082 461.70925066224299 144.63628293946385 102.21410987549461 20.650368269532919 114.15138337551616 77.105628280201927 14.304990916512905 126.84348051552661 103.21545271226205 61.792442325968295 521.83487124182284 12575.803819679888
leaf_count=1459 581 348 13569 13635 4340 2810 574 551 3070 861 598 8453 390 493 26371 1682 816 646 9503 4778 1767 308 2459 1210 503 1712 1673 900 6442 200869
internal_value=1.85912e-05 -0.000368786 0.000143493 -0.0542835 -0.0470634 0.000573683 0.000746671 0.0293374 0.00014995 -0.0284529 -0.0388871 0.00134184 0.000446678 0.000906107 -0.0439613 0.00471483 0.001276 -0.0159879 -0.0302407 0.00209682 0.0392693 0.00159019 0.0330334 -0.0454546 0.0397571 0.00202838 -0.0321989 0.00237145 0.017776 0.00156732
internal_weight=16625.3 16539.4 16393.6 145.793 138.255 16255.4 16222.2 331.652 15890.5 635.673 540.856 15254.8 14641.5 14478 521.604 255.841 14373.1 643.968 501.879 13729.1 174.313 13554.8 142.089 104.952 28.3337 13410.1 123.866 13286.3 648.678 12637.6
internal_count=313371 311912 297696 14216 4688 293008 290198 2807 287391 31403 28333 255988 242419 233966 27472 2233 232366 13101 10149 219265 2583 216682 2952 1600 1101 211904 1981 209923 8154 201769
cat_boundaries=0 90 114 203 215 234 255 278 368 391 415 507 508 532 533 557 647 737 758 782 783 796 886 908 909 928 1019
cat_threshold=0 0 0 524288 2097152 0 0 0 33554952 0 32768 0 0 0 8 0 0 0 512 0 0 1048576 0 1073741828 0 0 0 0 0 0 524288 0 2 0 0 0 0 16777216 0 33554432 0 0 1 262144 0 0 16777216 0 8 0 0 0 0 0 0 0 0 0 0 0 128 0 128 0 0 0 0 0 0 0 0 8388608 8192 0 32 0 0 134217728 263168 4096 0 0 0 0 0 65536 0 0 65536 1073741824 0 0 67584 4 0 65536 2048 134217728 0 1107499073 10 0 1073741824 167772290 4 0 8 0 4194304 0 0 4194336 264192 3648 0 0 0 0 268435456 0 0 0 8388608 0 0 0 1024 0 0 0 0 0 0 2147484160 0 67108864 0 0 536870912 0 0 1048580 0 0 0 0 0 0 0 0 0 0 0 268435456 0 128 0 2 0 2097152 262160 16385 0 0 0 0 0 0 0 0 128 0 0 16777216 0 0 0 98304 8192 0 0 0 33554432 8 0 0 0 524288 512 0 0 2097168 4 0 16777216 0 0 0 0 0 16777216 0 32 16777248 2214592512 0 67108864 3 4203648 536870912 0 0 0 1183744 2 25165824 67108864 1073774850 1 0 0 0 0 0 0 0 1241513984 2490528 20 0 0 0 0 32 33554432 0 0 0 0 0 0 4194304 0 4194304 2113536 1073741824 524290 65536 0 1048576 0 1073741824 32 0 2147483648 3254779904 75497472 67108866 0 0 131072 1310720 553648640 67108864 8192 0 301989921 3475464 32800 0 1048576 0 0 0 0 67108864 0 37748736 256 0 0 0 524288 0 0 0 0 16777216 2 0 0 0 0 16777216 1048576 0 0 0 2 0 0 0 2048 0 0 0 0 1073741824 2048 0 0 2097152 0 0 0 0 0 0 0 0 0 33554432 0 0 0 0 0 128 0 0 1048576 0 0 0 0 0 0 0 0 40960 0 0 0 4096 0 67108864 0 0 64 0 0 0 4 0 0 0 256 0 0 0 0 0 0 0 0 0 0 1024 335577088 134217993 134217736 0 0 0 1073872897 16777216 589824 4 537141248 0 536870912 16 0 8192 0 42205184 67584 2097184 268435456 8192 128 33554432 0 8192 131168 32768 33562626 40 68157440 0 2151677952 16 0 0 268435456 0 32 128 2147516416 0 16 0 33652736 277873688 8192 0 0 0 0 134217760 0 0 0 0 1 0 32768 0 0 0 0 1048576 0 0 0 0 0 0 0 67110912 0 0 0 0 0 16400 0 0 0 0 33554432 0 0 2 0 0 0 0 67108864 0 0 4096 0 0 32 0 1536 5242880 2 2097152 0 0 0 0 0 1024 8192 0 0 0 0 0 0 0 0 131072 0 0 134217728 1073741824 262152 0 0 0 0 0 0 0 4 0 4194304 0 8388608 0 2097152 0 1 2336 268468224 0 2 4194304 0 0 8388608 16777216 0 0 0 268435456 2048 32816 0 0 0 8404992 0 0 67108864 2048 0 1 24832 671612928 1140850692 0 8448 0 8 0 4194304 100663296 16 20480 671088641 4522000 0 0 32768 0 4096 0 0 1024 2150631424 536870912 262160 0 0 0 0 80 0 0 0 0 0 67108864 0 0 0 0 131072 0 0 0 16384 33554432 2048 0 65536 0 0 0 1024 0 1073741824 0 0 0 0 0 0 4 0 0 0 0 0 0 33554432 8388608 0 0 0 4194304 0 0 0 0 0 16384 32 0 0 1024 0 0 0 4 0 0 16384 0 0 0 128 0 0 0 67108864 131072 0 0 0 512 65536 0 0 0 0 67108864 0 1048576 0 0 1024 0 0 0 0 524288 16 0 8 16384 0 2147483778 0 0 0 0 0 0 0 0 0 0 0 0 0 16 0 0 0 0 0 0 0 2048 268436480 0 0 0 1073741824 0 131584 0 4 0 0 32768 0 0 0 0 4259840 0 0 16777216 268500992 0 0 0 0 0 8192 0 0 0 0 0 0 1 0 64 134219776 0 0 0 0 0 0 8388608 0 0 0 67110912 0 0 0 0 0 268435456 33554432 0 8 0 8388610 1073774850 1024 0 0 2359296 0 0 0 2097152 1417674752 529234 0 0 16777216 512 8192 0 0 1048576 0 35651584 131072 0 0 268435456 1081488 8960 0 268976640 4 0 0 8388608 0 0 33685520 0 1049600 0 1024 524288 33570816 17039360 50364560 134217728 75497476 8388866 0 0 0 0 0 100663296 0 0 1 853025 2 0 0 16777216 16 0 4194304 65536 0 32 0 0 0 0 0 0 8 0 0 0 33554432 0 0 0 0 65536 0 32 0 0 32768 0 0 0 0 0 0 0 131072 64 0 0 0 0 0 0 0 256 0 0 0 0 0 0 16384 0 0 0 8388608 0 0 32768 0 0 1 16384 0 0 0 0 16 0 17301512 0 0 0 0 0 0 0 0 64 0 0 67108864 0 0 0 67108864 4194304 0 0 1082130432 0 0 0 33820672 0 570425344 0 0 176160768 2754560 65536 0 0 0 16384 0 0 2147483648 131072 35 2281701376 276824066 0 0 0 0 0 0 0 0 0 1182793728 9175329 32 0 0 0 0 296 0 262144 0 0 67108864 0 1048576 0 0 4 0 0 0 0 0 524288 0 384 0 1048576 0 0 0 0 0 0 0 0 0 2048 2147483648 16 0 0 0 0 2097152 268435456 0 0 0 0 0 0 8388608 1048576 0 0 0 0 16384 16777216 0 128 0 0 4 0 0 0 17039360 0 0 0 0 0 65536 0 134217728 0 0 0 0 0 0 0 0 0 0 0 4160 0 0 0 32768 32768 0 0 0 0 513
is_linear=0
shrinkage=0.1


Tree=50
num_leaves=31
num_cat=17
split_feature=3 3 3 24 23 3 15 15 3 28 3 3 3 22 3 29 3 3 3 28 20 26 3 3 29 5 23 3 28 12
split_gain=40.2956 27.1832 23.6032 31.8659 27.2986 25.2971 22.4626 30.4173 38.7158 27.7608 27.7225 26.05 25.6729 25.5841 41.4529 28.0846 45.7806 35.9264 27.933 36.2152 37.2009 26.5726 43.9412 35.3618 22.28 27.8695 22.2612 21.5959 20.3219 18.4401
threshold=0 1 2 1.5000000000000002 49.500000000000007 3 5.5000000000000009 3.5000000000000004 4 0.010671411640942098 5 6 7 0.068206049501895918 8 4005.5000000000005 9 10 11 0.014934666454792024 -1.0000000180025095e-35 4.5000000000000009 12 13 3845.5000000000005 14 235.50000000000003 15 0.021663658320903782 16
decision_type=9 9 9 2 2 9 2 2 9 2 9 9 9 2 9 2 9 9 9 2 2 2 9 9 2 9 2 9 2 9
left_child=-1 -2 3 -3 6 26 7 10 9 -9 -4 -8 -10 15 -15 17 -17 -12 19 20 -19 23 -23 -16 25 -21 -6 28 -18 -20
right_child=1 2 4 -5 5 -7 11 8 12 -11 13 -13 -14 14 21 16 27 18 29 24 -22 22 -24 -25 -26 -27 -28 -29 -30 -31
leaf_value=-0.042087239268958181 -0.052067847407602987 0.014420879968617803 -0.042462416392298231 0.12088475014165055 0.059386022913687012 -0.070409787125835233 -0.033535699349822798 0.20883025941555539 -0.029343565950262503 0.03530246548468443 -0.03350863603795682 0.022110090301998699 -0.0065997082415567461 -0.01588972767275312 -0.0058957254116431849 -0.023799495238004086 0.098650557110361928 0.50937840998322403 -0.019798359681638684 0.11817401773762429 0.10249788967732316 -0.034905343844627221 0.028443463864015944 0.043783236292452607 0.04649147013938329 0.0063984336828409732 -0.082501116640283201 -0.0035482197138503001 0.013820092473016127 0.0054980886412638553
leaf_weight=217.12048255628906 88.43216469604522 649.98719351552427 128.9801725060679 29.384943863376975 37.662668959237635 93.132857833523303 86.719548475695774 10.137290226062758 596.86766892345622 101.79726369632408 218.28853826224804 748.65545651200227 2850.606879287865 356.2791456063278 187.68199902959168 1034.7081225865986 29.8255980911199 2.7656417950056484 302.18982088682242 13.331519379746167 11.984463956905527 175.97608839767054 256.43319757492281 646.45895198942162 242.53409192711115 611.20537564274855 15.653428062796591 2487.3687748238444 531.11098557966761 3804.322971991729
leaf_count=10902 6733 16361 4404 269 571 8798 1273 613 10075 2240 6829 10401 41024 4238 1985 24070 1644 130 6110 168 476 2707 3339 8971 5033 11892 211 45642 12050 63516
internal_value=-0.000255652 0.000325377 0.000642112 0.0187498 -0.000158863 -0.0431301 0.000248717 -0.000663737 -0.00870261 0.0468339 0.00192774 0.0161968 -0.0106109 0.00248904 0.0140761 0.000467554 -0.00574145 0.00533663 0.00708946 0.0231491 0.178788 0.0224536 0.00251318 0.0330597 0.0207684 0.0107791 0.0149284 0.00046467 0.0180096 0.003593
internal_weight=16567.6 16350.5 16262.1 679.372 15582.7 146.449 15436.2 14600.9 3559.41 111.935 11041.4 835.375 3447.47 10912.5 1622.83 9289.64 4083.01 5206.62 4988.33 881.821 14.7501 1266.55 432.409 834.141 867.071 624.537 53.3161 3048.31 560.937 4106.51
internal_count=312675 301773 295040 16630 278410 9580 268830 257156 53952 2853 203204 11674 51099 198800 21240 177560 83406 94154 87325 17699 606 17002 6046 10956 17093 12060 782 59336 13694 69626
cat_boundaries=0 24 48 72 85 109 133 156 179 202 226 249 273 293 315 316 339 340
cat_threshold=0 16777216 65664 0 0 65536 32800 134218240 0 0 1033 0 520 301989888 0 0 131080 2147483648 1048576 64 0 1114144 84213908 4096 0 2097152 0 32 32784 0 0 335544320 268435456 150995456 33554450 32768 0 8192 4 32 128 0 0 0 0 37748736 1180929 265217 25296896 0 2 0 0 0 570425345 12582912 0 0 536870912 0 0 0 0 1081344 0 4456448 461840 2097184 2419066880 131072 8192 548 33554432 134217730 1140850944 0 0 0 0 0 0 0 2113536 32 2048 0 67108864 268435456 4 0 524288 256 536895488 536870912 33554433 65536 1024 33554432 2 0 0 0 0 524320 16777216 163872 128 2684371008 16908424 0 0 201328640 4 0 268967936 384 536870912 0 33554496 256 0 33554432 16777226 0 131072 0 131072 524292 0 32800 4096 2147500032 16777352 2148007936 603979776 0 0 0 8 2097152 16384 536887296 0 524288 1283457024 19009536 4 0 134217728 32 1073745920 67108896 0 0 134217728 4096 167772160 268435458 0 2304 0 0 10489856 0 0 2097152 565248 33554432 10881042 98304 0 0 1024 1082130432 4194432 0 0 2684356608 32 557056 67108864 33024 16 0 262144 2359296 0 67108864 0 262144 268435456 541181189 8388608 0 0 65568 8429568 268435456 0 67239936 0 32 167772160 79691776 0 2050 0 24 8388608 24576 671105024 4232194 2101248 167772160 1572864 65536 0 0 0 0 0 0 0 262144 704643072 32768 2147485696 265 268435460 8192 16384 2050 512 2048 537001984 67108864 65536 262144 4195648 0 0 16777216 4 0 0 0 134217728 203423744 557058 268435456 75497476 0 2050 536870912 8 12713984 1 16384 2097152 524292 33554433 2064 65540 0 0 0 8388736 0 0 75497472 2147483648 536870944 32832 536870912 268435460 1073741824 4194312 0 0 8388608 16777216 33570816 0 524288 1073750145 3934258 4 0 0 0 1073741824 32 2 1543503872 1048578 0 1280 0 0 0 278528 0 0 0 637535232 135360 4194324 0 134217728 16 805322752 0 20971520 134284288 2048 130 2048 33554433 1082130432 0 0 0 3407872 17039360 131072 67502096 532480 276824224 2214855744 32784 0 0 0 8388608 32 0 0 134217728 32768 91785664
is_linear=0
shrinkage=0.1


Tree=51
num_leaves=31
num_cat=11
split_feature=13 13 30 13 14 14 13 13 16 13 13 25 21 23 13 28 24 29 29 16 17 1 13 13 30 16 16 28 21 25
split_gain=40.2829 28.981 26.2899 34.0662 21.65 35.1438 34.9633 30.9186 28.0363 32.755 21.8272 21.0237 23.7914 23.1099 18.7419 17.92 17.547 17.5333 31.0512 27.9876 17.0337 16.9348 16.5562 16.4634 15.3519 16.3849 25.1274 19.2417 31.9615 20.5147
threshold=0 1 20.500000000000004 2 6.5000000000000009 8.5000000000000018 3 4 14.500000000000002 5 6 6.5000000000000009 18.500000000000004 1.5000000000000002 7 0.50033023953437816 1.0000000180025095e-35 3823.5000000000005 3800.5000000000005 19.500000000000004 50.149999618530281 8 9 10 21.500000000000004 10.500000000000002 11.500000000000002 0.027847317978739742 -1.0000000180025095e-35 3.5000000000000004
decision_type=9 9 2 9 2 2 9 9 2 9 9 2 2 2 9 2 2 2 2 2 10 9 9 9 2 2 2 2 2 2
left_child=-1 -2 3 -3 6 10 -4 -7 23 -10 -6 12 13 21 20 22 -15 18 -11 -20 -8 -5 -12 -9 -25 -26 -27 28 -28 -29
right_child=1 2 4 11 5 7 14 8 9 17 15 -13 -14 16 -16 -17 -18 -19 19 -21 -22 -23 -24 24 25 26 27 29 -30 -31
leaf_value=0.077422974327121141 -0.033334007547998423 0.066106067851380179 -0.036209938931637334 -0.0411713872935561 -0.022772824810209494 -0.042653948712339906 0.023732060225263779 0.051529403668999323 0.045031043196527787 0.008213938302789511 0.063041892675141806 -0.03613539923241884 0.22798083589239507 -0.070527926331955954 -0.0012385544006436084 0.063098034368357259 0.001819873276273034 0.013452335715422401 0.048306876890442295 -0.053731598795152435 0.12648789092085339 -0.0033839924057810717 0.015077199022239959 -0.021130670351538209 0.0057668756086282748 -0.045817526878417336 0.17912257170844159 -0.019756612611436949 -0.0071704605778286183 0.054225458912412108
leaf_weight=56.599784275982529 254.61836911225691 50.257622458739206 275.81205816543661 115.33101344737224 125.98688409035094 147.06631189025939 102.28395287389867 39.615012099500746 237.3317133449018 435.17093869135715 67.639539250172675 279.25281318183988 4.2919099908322087 98.352448838297278 6543.6867146920413 89.007112838327885 50.859071803512052 1170.3508532363921 31.600780761567876 179.959225832019 19.153080821968615 2344.2221004569437 1836.5491860460024 554.66728718741797 1000.2761082062498 183.91995928040706 15.274916897993533 245.63979945005849 23.192638593493029 44.22993599716574
leaf_count=820 8360 1148 4958 4291 2255 2601 1448 759 3924 6417 1301 14694 33 12834 95432 571 960 19906 503 1841 264 69893 27886 10090 13904 2289 389 2332 857 552
internal_value=-0.000193672 -0.000505298 2.72765e-05 -0.0085299 0.00191085 0.00609279 -0.00196174 0.000906756 0.00254267 0.010861 0.016636 -0.0100207 -0.00726823 -0.00765526 -0.000489437 0.0191452 -0.045868 0.00611656 -0.00706398 -0.0384901 0.0369001 -0.00533704 0.0171912 -0.00555672 -0.00686675 -0.00168137 -0.0162254 0.000350733 0.0668038 -0.00846802
internal_weight=16622.2 16565.6 16311 2942.57 13368.4 6427.48 6940.94 4308.3 4161.23 2054.41 2119.18 2892.31 2613.06 2608.76 6665.12 1993.2 149.212 1817.08 646.731 211.56 121.437 2459.55 1904.19 2106.82 2067.2 1512.53 512.257 328.337 38.4676 289.87
internal_count=313512 312692 304332 103853 200479 98377 102102 66364 63763 32591 32013 102705 88011 87978 97144 29758 13794 28667 8761 2344 1712 74184 29187 31172 30413 20323 6419 4130 1246 2884
cat_boundaries=0 89 176 264 351 442 533 624 714 715 803 895
cat_threshold=0 0 0 0 0 16 1048584 0 512 0 0 0 0 0 536870921 4 16 128 512 2097152 0 0 0 0 0 0 0 0 0 0 524288 0 0 0 16384 20971520 0 0 0 131072 8388608 0 0 262144 0 0 0 0 1073741824 0 0 0 0 0 0 536870912 0 0 0 0 128 8192 128 536870912 0 0 0 0 0 2048 0 8388608 0 0 0 0 0 0 262144 4096 0 0 0 0 0 65536 1048576 0 65536 0 0 0 16777216 64 0 0 0 0 0 0 32768 1024 0 0 0 0 0 0 2415919104 0 0 0 0 2048 0 65536 4 0 0 0 0 0 1048576 4194336 0 0 0 0 64 524288 0 0 1048576 0 2097152 262144 16 0 0 0 32 16777216 0 0 0 128 0 0 0 16777216 0 0 65536 0 0 0 67108864 134217728 0 0 0 16777216 0 0 0 4 0 36 65536 4096 0 0 0 0 0 16777216 0 0 0 0 0 16384 0 0 0 0 2216722432 0 0 524288 0 0 0 0 262144 0 0 0 0 1073741828 0 0 0 1024 0 0 0 0 0 0 0 512 0 0 0 512 0 0 0 0 0 1310720 4096 256 4096 589824 0 0 0 0 0 0 8 128 8388608 0 512 0 4 0 0 0 0 0 64 0 0 0 0 0 0 0 0 0 0 8 0 0 0 0 67108864 0 131072 512 0 0 0 0 0 0 0 0 0 65536 0 0 0 0 0 17301504 0 0 262144 0 0 0 0 0 536870912 0 4096 1048576 0 0 0 0 4 2097152 0 0 4 0 131072 0 0 0 0 268435456 32768 1048576 4096 257 0 0 0 0 0 0 0 0 8 0 1024 16777216 0 32768 0 0 0 16386 16777216 0 0 0 536870912 32768 0 0 1073742336 0 0 0 0 0 16777216 0 0 0 0 32768 131072 0 0 0 10 0 0 0 0 0 536870912 2147516418 0 0 0 0 128 1048580 0 262144 1073741840 0 0 0 0 0 0 0 0 0 1073741824 2048 0 0 0 0 0 0 0 0 0 0 0 0 1342177280 0 0 0 268435712 4096 0 512 0 0 0 0 0 0 0 0 0 0 0 0 0 0 0 0 0 0 0 0 0 0 0 8192 0 0 0 1280 0 1048640 4224 0 0 67108864 0 0 8192 0 1073741824 128 0 0 0 0 16 0 0 0 0 32 67108864 0 65536 0 0 0 0 0 0 0 2147483648 0 0 4 536870912 64 0 1024 0 0 8192 0 131076 2097152 0 0 0 0 0 0 0 536870912 0 0 32768 0 0 0 0 0 0 1024 0 268435584 16384 0 0 0 0 0 0 2097152 16 0 0 16386 0 0 0 0 0 32768 0 0 0 0 0 131072 0 0 16777216 0 4 0 0 0 0 32768 0 0 1 0 0 0 0 524288 0 0 0 0 536870912 2216689664 0 0 0 0 0 0 0 0 512 0 0 0 0 0 0 0 1024 0 0 0 0 2052 0 0 0 128 0 0 0 0 4 0 0 0 0 4096 268435456 0 0 0 0 0 268435584 0 0 4194304 0 64 0 0 0 16 0 0 16384 0 0 0 8 1 0 524288 0 0 0 0 16 512 8 0 0 0 0 67108864 0 64 0 1048576 1075840000 16 0 0 0 2 0 0 0 0 33554496 0 0 0 0 0 0 0 0 0 0 528 33554432 0 0 0 0 0 0 0 0 1073742080 0 0 2048 512 0 268435456 0 0 0 0 2097152 2176 0 0 0 0 0 268435456 0 0 0 0 0 268435456 0 0 0 65536 0 8192 0 0 262144 0 8192 0 0 0 33554432 0 0 0 0 0 0 64 0 0 1024 8 0 0 0 0 16384 0 262208 0 0 1073741824 107087960 0 0 0 0 0 0 0 0 0 0 32768 0 0 0 0 16777216 0 0 0 0 0 0 0 0 0 64 0 0 0 0 2048 0 0 0 0 0 0 0 0 0 0 0 0 33554432 32768 0 0 256 0 128 0 0 0 0 16384 0 0 0 0 16777216 0 0 2 0 0 2 0 0 0 128 0 32768 0 0 0 0 0 0 1280 0 0 0 0 0 0 0 0 8192 0 0 0 1024 0 0 0 0 0 65536 0 0 0 0 0 0 0 0 0 524288 0 0 0 0 536870912 0 0 0 0 2048 32768 0 0 0 0 0 0 0 0 0 64 4 0 0 32768 0 0 0 0 0 0 1024 0 0 0 0 0 0 0 0 0 0 16 0 0 0 0 0 33554432 0 134283264 0 0 0 1073741824 0 0 0 512 0 2048 0 0 0 0 0 0 4096 262144 2097152 64 1
is_linear=0
shrinkage=0.1


Tree=52
num_leaves=31
num_cat=5
split_feature=18 13 13 2 15 30 30 14 30 13 30 14 15 30 15 30 14 14 16 16 29 30 15 30 15 30 27 13 30 16
split_gain=33.0971 30.3179 25.8578 23.7701 19.4088 23.5789 37.4112 35.4288 35.0414 20.7411 18.4993 23.2882 17.8007 36.3313 39.2367 52.0361 46.135 127.333 70.9012 57.1171 80.7756 39.258 38.2566 46.3055 78.9263 36.9359 34.5375 33.285 31.5183 29.6335
threshold=0.016202706843614582 0 1 2 5.5000000000000009 22.500000000000004 31.500000000000004 2.5000000000000004 32.500000000000007 3 23.500000000000004 11.500000000000002 3.5000000000000004 21.500000000000004 1.5000000000000002 23.500000000000004 9.5000000000000018 6.5000000000000009 8.5000000000000018 7.5000000000000009 3592.5000000000005 31.500000000000004 1.0000000180025095e-35 20.500000000000004 2.5000000000000004 29.500000000000004 0.15892655402421954 4 24.500000000000004 5.5000000000000009
decision_type=2 9 9 9 2 2 2 2 2 9 2 2 2 2 2 2 2 2 2 2 2 2 2 2 2 2 2 9 2 2
left_child=3 -2 -3 -1 9 -6 7 -7 -8 -4 11 -9 13 22 15 16 17 19 -19 20 -15 25 27 -24 -25 -17 -20 -11 -16 -23
right_child=1 2 4 -5 5 6 8 10 -10 12 -12 -13 -14 14 28 21 -18 18 26 -21 -22 29 23 24 -26 -27 -28 -29 -30 -31
leaf_value=0.079766471694989849 0.047855895309487001 -0.039227460145853099 0.040450690573934918 -0.042520393681635085 0.0034421763615618247 0.0034161353154929862 -0.03408079434539895 0.13044014848030913 0.061312395194103558 0.067711375036470622 0.17333103419556484 -0.0048894262511527398 -0.0067529746906702659 0.0047082057416454742 -0.048540876710437053 0.021913860117536692 0.010236225625197128 0.086747452601242878 0.37741261998045661 0.020322852849070015 0.3472451266212675 0.098747536365864391 -0.0061453753039699263 0.022105431625526459 -0.056300954610250066 -0.01911398606653622 0.18027312302320631 -0.016950249335728026 0.0025342857720458997 0.02220271988371645
leaf_weight=8.8948458458762598 123.77807890996337 155.86409708950669 113.45092379907146 236.33651686715893 586.49747587624006 42.530822223518044 92.177657426334918 33.123600059421733 66.136549272574484 38.205903209745884 33.306149023585021 20.639304714743048 3681.8700763769448 14.074736895505341 126.20088684232906 350.20412535965443 242.88312208419666 36.081813069991767 19.061942932195961 242.9280688627623 13.475826014764605 57.401787637732923 2844.5265588746406 1449.5012584661599 140.86305897100829 587.60013643954881 16.648221537470818 1984.4781557377428 2834.4061650289223 425.3814741964452
leaf_count=803 1738 3852 1864 30797 8795 378 1243 326 521 966 223 262 54810 130 1834 2469 2708 268 188 2763 95 523 93270 17244 2579 12113 73 38905 28117 3516
internal_value=-0.000100849 0.00044531 5.46832e-05 -0.0365661 0.000459247 0.0149476 0.0383848 0.0782255 0.00577019 -0.00037287 0.114768 0.0784878 -0.000705783 0.00124258 0.00767314 0.0184721 0.0435686 0.067222 0.185612 0.0357983 0.172254 0.00813456 -0.003703 0.00149506 0.0151608 -0.00379296 0.285505 -0.0151001 0.000357121 0.0313037
internal_weight=16618.5 16373.3 16249.5 245.231 16093.7 874.412 287.914 129.6 158.314 15219.2 87.0691 53.7629 15105.8 11423.9 4966.35 2005.74 585.154 342.271 71.792 270.479 27.5506 1420.59 6457.57 4434.89 1590.36 937.804 35.7102 2022.68 2960.61 482.783
internal_count=313373 281773 280035 31600 276183 11748 2953 1189 1764 264435 811 588 262571 207761 54797 24846 6225 3517 529 2988 225 18621 152964 113093 19823 14582 261 39871 29951 4039
cat_boundaries=0 90 178 190 276 367
cat_threshold=2 0 0 0 2097152 0 8 0 0 4 0 0 0 0 0 0 0 0 512 0 0 0 0 0 0 0 4096 0 0 0 663552 16777216 0 512 0 4194304 0 16777216 0 33685504 8388608 0 0 302252032 0 0 16777216 256 32 0 0 0 0 0 8388608 0 0 0 0 0 0 0 262144 0 0 0 0 131072 0 0 536870912 0 0 0 536879104 0 0 0 0 4096 0 0 0 0 0 0 0 4096 0 1032 256 0 0 0 0 0 0 0 0 65568 0 0 0 0 0 0 0 0 0 0 8192 0 0 65536 0 0 0 0 1073741824 0 0 0 0 0 32 0 0 0 0 268435520 0 0 0 256 0 2097152 262144 16400 0 0 0 134217728 0 268435456 0 0 128 270336 0 0 16 2097152 4 65544 0 0 0 0 0 8 0 0 0 0 0 0 0 2097152 36 65536 0 0 524288 0 0 0 0 8192 16777248 2214592512 128 67108864 32 4202624 536870912 0 4194304 0 8392704 2 0 0 0 0 0 0 0 268435464 0 0 10485760 0 0 0 0 0 0 0 0 0 0 0 0 0 1048576 0 1 0 520 1073741824 0 0 0 0 2 18874368 4 0 536870912 0 2097152 0 1 0 0 0 2 0 1073741824 0 0 16777216 0 144 0 536870912 0 0 0 0 0 0 0 545259520 0 0 0 0 64 0 65536 0 0 0 32 192 0 0 262144 0 0 128 0 0 0 65536 0 0 0 0 64 0 0 0 0 0 67108864 0 0 0 0 0 4 0 0 0 0 0 0 0 0 0 0 1024 0 0 0 0 2048 0 0 268435456 0 0 131072 0 64 4 0 1048576 0 0 0 0 0 160 0 0 16777216 0 0 0 0 128 0 83894272 0 32768 2 0 0 0 1 0 167772160 0 0 0 0 0 1073741824 0 4 0 256 8 0 0 0 0 0 0 0 0 0 0 17
is_linear=0
shrinkage=0.1


Tree=53
num_leaves=31
num_cat=23
split_feature=13 3 13 30 3 3 13 3 13 3 3 2 30 17 28 30 4 3 8 13 3 13 13 13 3 3 3 20 20 3
split_gain=40.8037 35.6933 37.1801 22.808 74.2628 24.1749 22.5122 21.9786 18.2446 21.7078 15.0347 14.6311 18.3642 14.5587 14.2765 14.1887 13.6249 12.9412 12.8261 42.8762 29.084 23.6076 22.7472 19.7646 36.5361 17.9893 16.2792 16.7914 15.9433 16.6058
threshold=0 1 2 39.500000000000007 3 4 5 6 7 8 9 10 21.500000000000004 47.95000076293946 0.0056513142772018918 25.500000000000004 11 12 13 14 15 16 17 18 19 20 21 -1.0000000180025095e-35 29.500000000000004 22
decision_type=9 9 9 2 9 9 9 9 9 9 9 9 2 10 2 2 9 9 9 9 9 9 9 9 9 9 9 2 2 9
left_child=-1 -2 17 5 -5 11 -7 14 9 13 15 12 -4 -9 -8 -10 18 -3 19 -12 -21 -22 25 24 -24 -20 27 -25 29 -29
right_child=1 2 3 4 -6 6 7 8 10 -11 16 -13 -14 -15 -16 -17 -18 -19 22 20 21 -23 23 26 -26 -27 -28 28 -30 -31
leaf_value=0.079118739729266641 -0.046609107625935779 0.021869707435670183 0.033437376522081952 -0.02154537868368326 0.060965163515579061 0.044635560116857036 0.11876463661633441 0.012147254788071209 -0.03424401630246697 -0.03645933773716576 -0.061631116608998254 -0.040499671124126918 0.40792346546793468 0.15132737710382649 0.020984094250011583 0.00068864153280133152 0.030353079110693154 -0.075508905650245151 0.032612972402435811 0.048100231001771694 0.050838644098500398 -0.0079716634521395224 -0.037179875686310683 -0.046094634272638657 0.053436550185685987 -0.058174894911611388 0.0001790545714753648 0.020416357555131139 -0.054792740641361019 -0.020492093348463185
leaf_weight=54.802488891407847 155.39936900394969 17.015715365763754 2.9750311949755996 198.14717058837414 226.05370952002704 103.71509111602791 15.652994335629044 48.617070855339989 248.82141373446211 257.22501780162565 59.889792600180954 189.25487746018916 2.3390218387357891 8.8899960680864734 324.18143785046414 218.27012503007427 141.27271923143417 81.581231750780717 23.269030111609027 240.09180161124095 75.953854748979211 323.90016933064908 54.589082658756524 148.34668140020221 157.54558918927796 106.17351980437525 12598.986541677034 193.39493375783786 60.560010753804818 183.76006808760576
leaf_count=866 8390 215 444 1160 2878 1489 636 1111 6449 5239 985 12299 202 181 7364 2139 1562 3347 432 3432 1129 5167 999 4612 3376 3138 220438 4975 3320 5045
internal_value=-7.70259e-05 -0.000388423 8.0237e-05 0.000470592 0.0233532 -0.000143946 0.000304015 -2.14308e-05 -0.000593279 -0.0240413 -7.99509e-05 -0.0342972 0.0688008 0.0286765 0.0247594 -0.0175445 0.000499625 -0.0582371 0.00018206 0.0132849 0.0211364 0.00416743 -0.000505166 -8.68833e-05 0.029494 -0.0406861 -0.000584803 -0.0167335 -0.00716497 0.000482651
internal_weight=16520.7 16465.9 16310.5 16211.9 424.201 15787.7 15593.1 15489.4 15149.6 314.732 14834.8 194.569 5.31405 57.5071 339.834 467.092 14367.7 98.5969 14226.5 699.836 639.946 399.854 13526.6 13397.2 212.135 129.443 13185 586.062 437.715 377.155
internal_count=313019 312153 303763 300201 4038 296163 283218 281729 273729 6531 267198 12945 646 1292 8000 8588 258610 3562 257048 10713 9728 6296 246335 242765 4375 3570 238390 17952 13340 10020
cat_boundaries=0 87 111 202 226 250 342 366 457 480 504 515 516 539 540 631 650 741 832 921 944 962 985 1007
cat_threshold=0 0 0 0 0 0 1048584 268435456 0 0 8388608 0 134217728 0 536870920 68 0 0 0 0 0 1048576 0 0 0 0 0 0 0 0 524288 0 2 268435456 16384 16777216 0 0 0 131584 0 1 0 256 0 0 0 0 32 0 0 524288 0 64 0 0 0 0 0 0 0 8192 128 0 0 4096 0 0 0 0 0 0 8192 0 8224 0 0 0 0 0 0 0 0 0 0 0 268435456 0 0 268435584 8196 0 16778240 32832 134218240 0 46138432 0 262144 0 33555136 0 0 1024 0 128 0 32768 135200 142610432 64 0 0 0 1032 0 0 0 8388608 0 65536 67108864 32768 0 0 0 0 0 0 0 0 8192 0 0 0 0 0 0 0 0 0 0 0 8192 1049600 32 0 0 0 0 64 0 0 0 2 0 2097152 262144 0 0 65536 0 512 1048576 0 0 0 128 8192 0 16777216 0 0 0 65536 16384 0 0 0 0 0 0 0 0 524288 0 0 0 0 4 268435456 0 4096 0 0 0 0 16777216 0 0 0 192 2684354560 268435458 1073741824 0 0 0 2101248 0 637534208 2097440 2097152 1216348161 4064032 65536 0 0 4 0 0 0 2147483648 2281701376 0 32768 67108864 134217744 131076 0 0 4096 0 33554432 0 1090535448 536870912 0 1073741824 134221824 4 134217728 72 2415984640 524304 0 0 37748736 67108864 16780288 0 0 0 0 8388608 16384 0 0 16384 0 0 0 0 32768 0 0 0 16384 262144 0 0 0 0 0 0 0 8 1073741824 8 0 131072 0 0 0 2 6291456 0 0 0 33554432 0 0 0 0 0 4 16777216 0 0 0 32 1024 0 0 0 536870912 0 0 1073758208 0 0 0 0 8404992 0 0 0 0 0 0 0 0 0 0 131072 0 0 0 0 0 0 0 16 0 67108864 65536 0 33554432 16778240 1073741824 0 1 128 0 134221824 2048 0 33587200 1074790400 16777216 805830656 8194 32768 1152 0 8388608 0 32768 0 262144 3072 2097184 268435584 0 2147492480 4194308 0 0 0 2 268435456 0 0 0 0 8192 0 0 0 0 0 512 0 0 0 0 0 0 0 0 0 65600 0 0 0 1073741824 0 0 4 0 0 268435460 128 1073741824 0 0 0 0 0 0 0 0 0 0 0 0 512 134217728 4194304 1073741826 2097152 0 0 0 16777216 2048 0 0 0 0 0 0 0 67108864 64 2048 0 0 524288 0 0 0 0 1073741840 0 0 0 0 0 0 0 0 33280 0 32 2097152 512 2164260864 268435456 0 0 0 0 8650752 4456448 67125248 0 0 1543503872 6065664 65556 0 1056768 0 0 0 0 0 2147483648 16777216 1074268160 18874368 16640 196640 32768 5242897 17301512 268435456 0 0 256 0 0 0 0 268435457 65536 16384 65792 0 0 0 589888 139264 16778272 2214592512 128 67108864 0 1152 0 0 0 0 33558528 11 17301504 0 8421378 1 0 0 262144 0 0 0 0 1073741825 4097 8 0 0 0 8388608 32 0 2147483648 0 16 35 0 0 0 16777216 16 0 0 0 0 32 0 0 0 0 0 0 0 0 0 0 0 67239936 0 0 536870912 0 1 0 0 0 4196352 0 131072 0 0 0 0 262144 0 0 0 4 0 1074790400 0 0 0 0 16384 0 0 0 0 0 16384 0 0 0 1024 32 0 0 16 0 0 16386 8 0 0 128 0 0 0 0 0 0 0 0 768 65544 0 0 0 32 0 0 0 4096 0 0 16 2164260864 343932932 0 4194304 0 0 0 262144 0 0 16384 4127195137 10162435 48 0 0 0 0 8 0 0 8388608 0 524288 0 0 0 0 0 0 0 0 0 0 128 1048576 128 0 0 0 0 0 0 0 0 0 0 0 2048 8192 0 0 0 0 0 0 0 0 0 64 0 0 0 0 0 0 268435712 0 0 536887296 0 0 128 0 0 4194304 128 0 0 0 0 0 0 0 0 16777216 0 0 8 65536 32768 0 0 1073741828 64 0 134348800 0 0 4096 0 4 0 0 0 0 0 65536 1024 1 0 2048 0 0 67108864 16 0 0 0 0 0 0 0 0 0 16777344 0 128 0 1048576 0 0 0 4 0 0 0 1048576 0 2048 2147491840 0 0 0 0 33554432 0 0 4 0 0 0 0 0 0 1048576 0 0 0 32 0 0 16777216 0 0 32 4194308 0 0 0 16777216 0 0 8 0 0 0 0 0 0 0 0 0 0 1073741828 0 0 134217728 67108864 65536 4096 0 524288 4 0 0 0 0 0 0 1 0 0 0 0 0 0 0 65536 512 0 0 0 0 0 0 0 4 0 0 16384 33554432 0 0 0 0 0 65537 0 0 0 0 0 131072 0 0 0 0 0 536870912 262144 0 4 0 1310720 32768 0 0 1 16384 4194432 0 0 0 0 8404992 0 0 0 276824064 32 128 0 16 0 0 0 0 0 0 0 0 0 0 0 541065216 0 0 0 288 0 0 0 32768 0 268435456 0 0 0 1048576 0 276824066 32768 264 0 0 545259520 0 1048576 0 90112 1442840576 461314 20 0 16777216 0 1082130432 0 0 2147483648 1050624 4194336 150994944 268435458 0 0 0 8 0 0 0 0 2162688 0 426240 16 0 0 0 8388608 2164260864 33554432 0 65 0 536870912 1408 67108864 0 593920 266244 1 8392704 73746 0 2 0 536879104 8 16777280 131072 128 16384 0 0 0 1 0 0 0 0 0 65536 0 0 4096 65552 0 0 0 0 0 0 0 128
is_linear=0
shrinkage=0.1


Tree=54
num_leaves=31
num_cat=20
split_feature=3 13 13 23 3 3 23 22 3 25 3 13 3 3 23 3 3 3 20 13 25 3 3 28 23 13 3 13 30 13
split_gain=48.9877 37.2696 27.3037 22.883 28.1305 22.414 22.0853 20.0928 54.0093 36.7123 78.5573 34.2975 38.2188 32.2835 30.802 47.8305 32.0722 25.8564 62.2801 25.9146 24.7569 28.7076 23.4831 22.2478 21.1372 20.1048 18.7986 18.172 17.7354 17.361
threshold=0 1 2 46.500000000000007 3 4 235.50000000000003 0.054044811055064208 5 17.500000000000004 6 7 8 9 1.5000000000000002 10 11 12 -1.0000000180025095e-35 13 1.5000000000000002 14 15 0.010671411640942098 1.0000000180025095e-35 16 17 18 39.500000000000007 19
decision_type=9 9 9 2 9 9 2 2 9 2 9 9 9 9 2 9 9 9 2 9 2 9 9 2 2 9 9 9 2 9
left_child=-1 -2 26 5 6 -4 -5 9 -9 14 -11 12 -10 24 16 -16 -7 18 22 -19 -17 -22 -18 -20 -13 -21 -3 -27 -15 -29
right_child=1 2 3 4 -6 7 -8 8 11 10 -12 13 -14 28 15 20 17 19 23 25 21 -23 -24 -25 -26 27 -28 29 -30 -31
leaf_value=-0.063183659982435497 0.073610877734731184 0.043299464869196003 -0.033588170708740206 0.056794432125248484 -0.065867531382695993 -0.025055830776915207 -0.080116975098716722 -0.035418813026613268 0.039897316877427397 0.070654892677846109 -0.062440041549117691 0.079251706767323793 -0.063565609369002574 0.0096710591441564603 0.070484343077288833 -0.060702675602443315 0.034955719044768539 -0.040984886543219176 0.16305176460886628 0.036476071941452887 0.034436019436856175 -0.037958099286555892 -0.048458473906531081 0.047821033590297338 0.029428150977227042 0.050101742422865581 -0.058570021466397552 -0.055809233456065324 0.066575848223339382 0.0017129394662903996
leaf_weight=110.74630057485774 59.898265485884622 16.442805314436555 173.25811032787897 45.356084608007222 99.351983194006607 422.71454884414561 15.916892547858877 230.11433215858415 46.36292961332947 47.893723174929619 209.43983689835295 118.58150377869606 101.81158960890025 1633.3984830707777 39.516104481182992 200.94819435710087 41.391890990082175 130.13114161393605 17.922538946382701 159.5146666271612 78.185607196763158 138.11186850513332 103.84339752141386 257.25166657194495 302.00871816975996 67.318004508502781 113.65821910416707 42.723178427433595 56.670370114967227 11452.475323860534
leaf_count=11426 865 432 6883 1371 9173 11410 437 2417 604 1216 12223 1471 1510 21982 1752 15084 1047 2066 968 2323 4465 7472 3798 6846 3661 974 3538 674 921 174219
internal_value=0.000279204 0.000745199 0.000433659 0.000812556 -0.0367439 0.00118841 0.0182504 0.00158753 0.00984019 5.69215e-05 -0.0373498 0.0145433 -0.030717 0.0178505 0.000788823 -0.0247246 0.00170677 0.00264683 0.0267283 0.00177083 -0.0346016 -0.0119524 -0.0256152 0.0553262 0.0424658 0.00228 -0.0435236 0.00177713 0.011511 0.00145083
internal_weight=16533 16422.2 16362.3 16232.2 160.625 16071.6 61.273 15898.3 2488.95 13409.4 257.334 2258.83 148.175 2110.66 13152 456.762 12695.3 12272.6 420.409 11852.2 417.246 216.297 145.235 275.174 420.59 11722 130.101 11562.5 1690.07 11495.2
internal_count=313228 301802 300937 296967 10981 285986 1808 279103 32566 246537 13439 30149 2114 28035 233098 28773 204325 192915 12659 180256 27021 11937 4845 7814 5132 178190 3970 175867 22903 174893
cat_boundaries=0 24 114 205 218 242 265 288 377 398 421 444 467 491 580 604 627 718 740 828 919
cat_threshold=2048 1024 0 0 16384 0 16386 0 0 34078728 17 0 0 301989888 4 2 0 8 0 0 0 1363148832 2223394048 512 0 0 0 0 8388608 0 0 256 33555008 0 8388608 0 134217728 32768 0 4 0 0 512 0 0 1048576 0 0 0 0 0 0 0 0 524288 0 2 0 2 0 0 0 0 33554432 0 1 0 0 0 4 16777216 0 2088 4194304 0 0 0 0 0 0 0 0 0 67108864 0 0 128 0 0 0 1073741825 0 0 0 0 16777216 8192 0 8224 0 0 0 0 0 0 0 0 0 0 0 0 4096 0 1024 0 0 0 0 402653216 0 0 0 0 0 0 0 0 0 0 0 0 67108864 0 268435456 0 0 0 0 0 0 0 0 0 0 4196352 0 10240 0 0 0 0 0 0 64 0 132 0 33554432 0 538968064 262144 16384 0 0 0 1048576 0 1073741824 0 0 128 262144 0 0 1024 0 0 0 0 0 65544 0 0 0 0 0 0 4718592 0 0 0 2097152 4 0 0 0 0 0 0 0 32768 0 32 0 17 301989888 2 1140850688 0 0 0 2097152 4194304 0 0 2113536 32 2048 0 0 1024 0 16 4196368 2048 167788544 1179648 1275068416 33554432 32 1073741824 4098 0 0 65664 1073872896 1048576 16777216 134217728 35651584 0 16780290 1073774592 603979776 151027712 4 0 524288 2359296 0 0 0 0 0 246276 0 0 1048576 1056 8404992 2064 4194336 1024 2147483648 553717760 167772160 2 1350565888 8196 0 268566528 36864 0 67108864 70464 8196 129 304 0 0 1056768 32 8388736 262144 0 0 0 128 0 0 0 0 0 0 0 0 0 0 2147483648 0 0 0 0 0 1048576 0 0 512 8192 0 0 0 2048 64 4096 1073741824 0 0 0 0 0 0 0 0 0 0 0 0 0 0 0 256 0 0 0 16 4194304 0 0 32 0 0 0 34 0 8192 64 16777248 16 0 0 0 0 16386 0 0 33554432 0 0 0 0 0 536870912 0 4 0 32 0 16777216 4096 0 0 67108864 0 131072 0 1048576 285736960 0 1073741824 0 0 8 0 262144 33570816 0 0 2558525440 2883619 0 0 0 0 0 0 0 2147483648 142606336 33554445 2 4204544 0 0 0 4456448 301989888 0 90112 536870912 17825792 1072 0 16777216 0 0 16777216 0 2155874304 0 4194432 3221749760 1140850688 1073741824 256 0 131072 5242880 1049088 67108864 0 32768 369098752 10 0 0 0 2147483648 24576 0 32 65536 134225920 6324288 33554432 1107296259 0 0 0 1 1114625 0 335544320 2151678080 32772 134217728 8388608 512 0 1048576 0 2147491840 16777216 0 34848 67108864 4194498 0 268435472 134217728 16 0 0 0 8388864 524288 2097412 8192 0 37830720 8388624 0 0 1280 16384 268437504 4194304 0 2684485632 151060480 4 0 0 0 1024 524288 16384 0 0 0 32 32768 32768 0 1 0 16777728 0 0 0 0 0 0 0 0 67108864 16384 0 4 0 0 0 0 0 0 0 0 0 0 4 0 2097152 0 512 0 32768 1048576 0 0 0 128 0 512 0 130 0 256 0 0 1024 0 0 8192 0 0 0 0 67108864 0 0 0 0 0 8 0 1073741824 0 0 0 256 4096 2048 0 0 0 0 0 4194304 0 262144 805306368 268435460 2 4194312 0 33554440 2097152 0 0 0 538984448 1073741953 2033921 98324 0 16777216 32 0 0 0 0 0 0 32 0 268435472 134217728 16 0 0 0 256 524288 2097152 8192 0 33570816 8388608 0 0 1280 0 2048 0 0 0 134217728 0 0 0 0 0 0 0 8 0 67108864 2147483648 0 0 0 8 0 0 0 0 0 33554432 0 0 0 2064 0 1 0 0 16 0 0 0 268435456 0 0 0 0 536870912 131072 0 0 0 256 0 0 0 0 4096 524288 0 0 16777216 0 0 0 4194304 0 0 36 0 0 16 0 0 2 0 0 33554432 0 0 0 0 0 0 64 0 134217728 32 0 0 4096 0 0 0 32768 0 0 16777216 0 128 134217728 4 8388610 256 0 16 262144 0 0 0 0 2155872257 2097536 16 0 0 0 0 0 0 0 2097152 0 0 0 2 0 1024 0 268435456 0 8192 128 0 0 0 4194304 0 0 0 0 2097152 0 0 0 1073741824 0 0 0 0 520 0 0 0 0 1048576 0 4194304 0 1073741824 0 8192 0 0 0 0 0 0 0 0 1073741824 0 32 0 0 0 8388608 536870912 4 0 0 0 0 0 4 0 0 134217728 0 131072 0 2048 536870912 0 0 0 0 0 0 4194304 0 8 0 128 0 0 0 65536 285213184 8192 0 0 0 4 0 0 4194304 0 0 16777217 0 0 0 0 0 0 8 0 0 0 0 67108864 16384 0 128 0 0 0 0 0 2147483648 0 655360 0 0 4 64 262144 0 0 0 536870912 0 0 0 0 134217728 0 0 0 0 0 4194304 0 0 0 0 0 0 0 0 0 4194304 2048 0 0 0 0 0 0 131072 0 0 0 0 8 32768 1073741824 0 0 67108928 0 0 0 0 4194304 0 0 67108864 8389120 576
is_linear=0
shrinkage=0.1


Tree=55
num_leaves=31
num_cat=24
split_feature=3 13 13 3 3 3 13 26 3 23 3 3 13 3 13 22 3 13 23 13 3 3 13 3 21 8 3 13 29 3
split_gain=41.8525 28.8688 27.9156 22.8328 19.5661 17.6074 18.7052 18.1268 88.9933 58.9855 42.8539 37.2609 36.4526 26.4162 29.9424 24.6304 45.876 28.6858 26.9312 25.6938 23.9261 23.4534 23.3028 22.741 19.7002 18.3096 46.983 20.3532 19.5354 49.4352
threshold=0 1 2 3 4 5 6 7.5000000000000009 7 1.0000000180025095e-35 8 9 10 11 12 0.10003270208835603 13 14 8.5000000000000018 15 16 17 18 19 83.500000000000014 20 21 22 4111.5000000000009 23
decision_type=9 9 9 9 9 9 9 2 9 2 9 9 9 9 9 2 9 9 2 9 9 9 9 9 2 9 9 9 2 9
left_child=-1 -2 4 -4 -3 -5 -7 13 12 10 -10 -11 -9 14 -8 18 -17 -18 19 -15 -21 -20 -22 -12 -19 26 -24 -27 29 -29
right_child=1 2 3 5 -6 6 7 8 9 11 23 -13 -14 15 -16 16 17 24 21 20 22 -23 25 -25 -26 27 -28 28 -30 -31
leaf_value=-0.059291332306271594 0.056680649135477892 0.058158969761763407 0.025648859057876713 -0.029705302946990225 -0.067664267102646294 0.046263514258622608 0.069898627206861144 0.055286325394140183 0.065809725235326147 -0.043181279807625976 -0.051884958796851344 0.010316526853634713 -0.038800123108625142 0.044735668448659081 -0.028671753003746227 -0.020162190516534367 -0.052321823936312545 0.030762546021968509 0.029759471175773402 -0.020759129712295942 -0.03594414659408468 -0.047507993378682001 0.031413833484344719 0.01926451931244514 -0.02720406186074803 -0.042059426869635076 -0.029086697863564409 0.021621495049019678 -0.0021613116356168009 0.0021603314063963425
leaf_weight=106.49343291507103 82.132906515384093 8.8439547813031805 353.68456018553115 183.1137286425801 84.489970282418653 79.493285140721127 24.318719046423212 36.407751797465608 221.2631299784407 228.32879535644315 43.402794281486422 283.59200637135655 760.36368909548037 126.85598875582218 424.64305686112493 290.65060809720308 39.312099761795253 1023.9303232077509 44.776196512859315 468.10960846417584 148.85179666057229 182.728349579731 165.02001844579354 284.92259386577643 62.190308869816363 86.52834777161479 485.76779379299842 1748.9766594048124 3337.4122675927356 5091.2502828896977
leaf_count=8458 1304 143 7502 12653 3234 1208 603 703 3049 5141 876 7354 18848 1946 15804 3143 435 11431 1310 12934 2469 13651 2876 5070 1088 1363 10376 21448 58366 78511
internal_value=0.000436911 0.00086035 0.000544873 0.000874298 -0.0512673 0.000306438 0.000675416 0.000413784 -0.00885597 0.0101423 0.0329885 -0.0141868 -0.0338689 0.00166675 -0.0219259 0.00247763 0.0149462 0.0239792 0.00099427 0.0016592 0.00114555 -0.0330808 0.00209025 0.00860338 0.0271931 0.00264136 -0.0135024 0.00367708 0.00410683 0.00717112
internal_weight=16507.9 16401.4 16319.2 16225.9 93.3339 15872.2 15689.1 15609.6 1858.28 1061.51 549.589 511.921 796.771 13751.3 448.962 13302.4 1416.08 1125.43 11886.3 11658.8 11531.9 227.505 11063.8 328.325 1086.12 10915 650.788 10264.2 10177.6 6840.23
internal_count=313297 304839 303535 300158 3377 292656 280003 278795 41041 21490 8995 12495 19551 237754 16407 221347 16097 12954 205250 190289 188343 14961 175409 5946 12519 172940 13252 159688 158325 99959
cat_boundaries=0 24 114 205 228 251 275 366 387 408 431 518 542 632 656 741 832 856 880 969 992 993 1017 1107 1129
cat_threshold=2097216 0 67584 0 0 1025 49152 201326592 0 524352 48 1024 1073741824 33554560 0 32 1024 0 128 0 0 2164330528 16778241 1 0 0 0 0 0 16384 8 0 576 0 0 0 0 0 0 196 16 0 0 0 0 0 0 0 1048576 0 0 134217728 0 0 655364 0 0 268435456 16384 16777216 0 0 0 0 0 4 1 0 8388608 0 0 0 2056 0 0 0 0 65536 0 0 0 0 1073741824 16777216 0 2097152 0 16384 0 0 0 262144 0 0 0 0 0 0 0 128 0 0 0 0 0 0 0 0 0 0 0 0 83886080 2097152 0 0 0 1024 268435520 0 0 0 0 0 0 0 1024 0 0 0 0 0 1 1572864 0 0 0 0 67108864 0 65536 0 0 0 0 0 0 0 32 0 128 0 0 268435520 0 128 0 0 0 2097152 17043472 0 0 32 0 0 0 0 0 0 128 0 0 0 0 0 0 65536 0 0 0 0 0 0 536870912 0 0 0 0 0 0 2097152 4 0 0 0 32 0 0 0 32768 0 32 0 16 0 24 8 8192 0 0 536870913 0 0 4 536879104 0 536870916 8650752 0 8192 131072 33816576 268638208 7340066 2097184 8192 8192 536870912 2 2 0 0 32768 262144 0 33554432 0 0 805306368 136320 327680 0 0 0 0 0 0 0 2048 33558528 0 2097152 0 131072 32768 541100032 0 1 524288 3145728 8 0 0 134217728 4 134217729 4194432 32768 0 0 0 180355072 2147500050 68608 0 0 0 0 0 0 0 0 0 67108864 0 0 0 32768 0 0 0 0 0 0 0 0 0 4 0 0 0 0 1048576 65536 0 0 2 512 2 0 0 0 2 512 0 0 0 0 0 262144 2 0 0 0 0 0 1048576 0 8388608 0 16777216 0 0 8192 0 0 262144 536870912 0 0 0 0 0 0 65536 0 16785408 33554432 131104 0 0 393216 0 0 0 0 0 0 0 0 1310720 33554432 1024 8 512 1224769536 343932932 1073774592 0 0 8 2359296 20971520 0 0 0 3523215392 3803441 0 0 0 0 0 1280 0 1024 805830656 1048576 8388610 1288 0 0 134217728 16384 570425344 0 2637824 671088640 4680 65584 0 0 0 8388608 67108896 0 131072 813694976 4194305 8388608 5384 536870912 8192 8388608 270336 100745216 0 81920 142606336 4198914 0 0 0 0 0 32 0 67239936 2048 4096 0 0 0 0 0 0 0 0 33554432 65540 2 0 0 0 0 17301504 0 0 262144 0 0 0 0 0 0 0 0 0 0 0 2048 0 0 0 0 0 0 0 131072 0 0 0 0 34865152 0 0 0 0 0 65536 0 134217728 16777216 0 0 256 0 0 64 0 0 32768 0 0 8192 2 0 0 33554432 0 0 0 0 0 4 0 4 0 0 0 16777216 0 0 0 67108864 0 268435456 2048 1048576 131072 2048 0 0 152043522 0 1048576 2151743488 1 0 69640 268502096 0 67108864 12 268435456 0 0 0 0 109838400 4096 0 0 0 0 0 0 0 0 0 1 2 0 0 0 8 524288 4 0 0 0 33554434 0 0 1073741824 536870912 0 0 0 0 0 0 0 0 2097152 0 0 0 0 0 0 0 0 0 0 32768 0 0 256 0 0 0 0 0 0 0 2 0 0 0 0 33554432 8192 0 0 0 0 0 0 0 2048 0 32768 0 0 1073741824 0 0 0 256 8 0 4096 0 0 0 0 0 8192 0 1073741824 32768 1140850688 268468482 16 0 0 262144 0 0 0 0 603979776 557185 4104 0 0 32 2160082952 0 0 68321280 0 0 16777216 0 0 0 0 0 0 0 0 0 0 0 0 0 0 0 0 0 0 0 0 0 0 0 0 0 0 0 0 0 1073741824 2048 0 0 0 0 0 0 0 0 0 0 0 0 269484032 32768 0 0 268435456 0 0 0 16778240 0 0 0 0 0 0 64 268435456 0 0 0 0 0 16384 0 0 0 0 0 0 0 0 536870912 0 4 0 0 0 0 4096 0 0 67108864 0 0 0 0 0 0 0 268435464 8 131072 0 0 0 0 8 0 0 0 0 512 0 0 0 0 2048 0 4096 0 0 256 8192 0 0 32768 8 0 0 0 0 262144 0 0 0 0 0 0 0 0 0 128 0 0 16777216 0 16384 32 0 128 16384 4 0 0 0 0 0 134217728 0 536870912 0 0 0 0 0 0 516 0 0 0 67108896 65536 0 0 0 2048 0 0 16777216 4096 0 1024 2 33554432 536871169 4096 0 16384 16 33554432 545259520 301989888 0 524288 134217729 1024 8192 0 16777216 16 12288 16777224 0 2147485824 67108864 132 32770 285736960 1 67108864 0 0 0 0 0 16384 4864 16384 1350565920 2099456 0 0 1048576 0 8192 524288 0 0 0 0 32 0 0 0 0 524288 0 0 0 0 32 0 0 0 0 0 0 0 128 0 0 0 0 0 0 0 65536 0 1049600 0 0 0 0 131072 2097152 0 0 0 0 135168 0 0 536870912 1048576 1073742080 0 0 0 1 0 0 0 0 0 0 0 256 0 0 1088 0 33555456 8192 0 0 8192 33554432 8 128 33554432 0 0 0 0 0 1073741824 0 0 0 768 4096 2048 0 0 0 0 0 0 0 262144 2181038080 2 0 4194327 0 34078720 69632 8192 0 0 32768 8192 33570944 32768 0 1048576 33554432 1073745920 4456448 0 1048576 0 32 24 134217728 0 8388608 3 0 524288 4 8192 67108864 0 65536 301989888 4194546 0 0 1048576 0 536870912 1026 16 1024 1181696 536875008 16384 0 0 0 2 0 0 0 0 0 0 67108864 0 0 2 536870914 0 1048576 0 0 0 2 0 0 0 0 0 0 4 0 0 2147483648 0 2052 0 4194304 4 0 1073741824 0 0 0 0 0 262144 16384 0 0 16640 0 0 0 0 0 2 0 0 0 0 0 32 0 0 16 0 0 4096 0 0 0 0 16 0 524288 0 536870912 262144 0 0 0 0 16777216 4096 0 4 32768 0 0 32768 0 1073741824 1233158144 12582912 134250752 16 0 8 8388608 0 134217728 263170 4096 301990016 35143713 0 0 0 32 0 525316 0 0 2048
is_linear=0
shrinkage=0.1


Tree=56
num_leaves=31
num_cat=24
split_feature=3 13 13 3 24 3 13 3 3 13 3 3 3 6 3 13 13 3 30 3 29 3 13 3 7 30 13 3 24 20
split_gain=35.6651 33.7213 23.5838 29.3249 19.1764 35.8342 22.4698 23.5537 22.0334 21.9069 23.0824 22.6793 20.789 27.2772 21.3173 17.9285 16.9482 17.3065 17.1593 51.88 16.6189 16.4958 17.7972 23.5515 15.8609 14.6729 14.3838 19.9764 13.5807 13.4237
threshold=0 1 2 3 1.0000000180025095e-35 4 5 6 7 8 9 10 11 12 13 14 15 16 39.500000000000007 17 3894.5000000000005 18 19 20 21 34.500000000000007 22 23 1.0000000180025095e-35 1.0000000180025095e-35
decision_type=9 9 9 9 2 9 9 9 9 9 9 9 9 9 9 9 9 9 2 9 2 9 9 9 9 2 9 9 2 2
left_child=28 -2 3 -3 6 20 7 -4 -7 10 -8 -11 13 15 -15 -13 17 -14 21 -20 -6 -18 23 -23 -17 26 -10 -28 -1 -26
right_child=1 2 4 -5 5 8 9 -9 25 11 -12 12 16 14 -16 24 18 -19 19 -21 -22 22 -24 -25 29 -27 27 -29 -30 -31
leaf_value=-0.062672459607480607 0.066794973134029434 0.060168663906770427 0.09544129396116155 -0.051916403066316619 0.13186875854355601 -0.018168666826697957 0.027507595553509751 0.0014798177540840856 0.046035315184906889 -0.024216786113681769 -0.04713755054972333 -0.039598715880004881 0.021377046702584994 0.04326360088051965 -0.034330418598410267 0.085349032664018096 -0.023504365546477776 -0.068503517956659321 -0.019534659140166461 0.058375190184757321 0.045551553791214588 0.078908548001323062 -0.00063267597678491388 -0.01011400677686255 0.049347033850747242 0.053020083258901979 -0.009762350136105425 0.021327085410720304 0.068681396963381269 0.0030847192716367019
leaf_weight=121.75076950225048 66.010613607941195 20.217400684254244 41.81651680264622 149.67125542985741 29.422495801001787 276.36051284475252 48.560134461149573 66.31512510124594 87.648775317938998 381.27132648276165 181.79153132857755 24.409310328075662 29.213126295479015 39.927511597983539 119.16767276776955 67.92256747209467 302.94805340305902 63.871294708224013 157.11468590795994 171.54954439774156 92.209121021442115 57.115992269478738 12681.471808057511 56.096910938620567 159.36387986363843 85.786114096641541 423.11991442390718 387.34576112404466 8.4151482246816141 103.42839392041788
leaf_count=8150 991 732 777 4347 234 3413 705 1560 812 10465 5193 647 539 523 4391 1910 14801 1439 888 1979 943 652 229096 1465 2793 1061 4371 4452 75 3957
internal_value=-8.66264e-05 0.000343261 3.34585e-05 -0.0359746 0.000434635 0.0116992 -0.00062018 0.0428198 0.00636629 -0.00096949 -0.0309119 -0.000469908 0.000192043 0.0197311 -0.0142954 0.0355305 -0.000565173 -0.0409585 -0.000254851 0.0223129 0.0613848 -0.000821348 -0.000265689 0.0375571 0.0410323 0.0133712 0.00973289 0.00517506 -0.0503151 0.0311394
internal_weight=16501.3 16371.1 16305.1 169.889 16135.2 1381.89 14753.4 108.132 1260.26 14645.2 230.352 14414.9 14033.6 514.219 159.095 355.124 13519.4 93.0844 13426.3 328.664 121.632 13097.6 12794.7 113.213 330.715 983.901 898.114 810.466 130.166 262.792
internal_count=313361 305136 304145 5079 299066 15286 283780 2337 14109 281443 5898 275545 265080 14221 4914 9307 250859 1978 248881 2867 1177 246014 231213 2117 8660 10696 9635 8823 8225 6750
cat_boundaries=0 24 112 203 226 249 335 356 379 469 492 516 539 540 563 646 737 761 782 806 897 918 919 991 1014
cat_threshold=0 1073741824 0 0 0 2048 53280 167772160 0 71434314 10 0 0 301989890 0 0 0 2147483648 655360 0 0 12582944 2147745793 32896 0 0 0 0 0 16 0 0 8 0 0 0 0 0 1 4 1048576 0 512 0 0 0 0 0 0 0 0 0 1048576 0 524292 0 2 268435968 0 0 0 0 0 33685504 0 0 0 0 0 4 16777216 0 40 0 0 524288 0 0 0 0 0 0 0 0 0 0 262144 545259520 0 0 0 0 0 2048 0 8388608 0 0 131076 0 0 0 0 0 64 0 32 0 0 0 512 33554432 0 262144 0 0 0 0 0 0 0 0 0 32768 0 0 536870912 0 0 67125248 0 0 0 0 0 0 536870912 0 0 4 0 0 4194304 0 0 0 0 0 0 0 0 64 0 0 0 1074790400 0 2097152 0 16384 0 0 0 0 0 0 16384 32 0 262144 64 0 0 0 0 98304 0 0 65536 128 0 0 0 0 17301504 0 0 0 0 2097168 4 0 0 0 0 0 0 0 0 0 32 1024 1 142606336 67108864 1073741824 0 536870912 131072 33816576 0 33619968 0 65536 2281701377 1048896 134283268 0 0 0 0 32 0 0 2048 8192 2181038080 33554434 67108864 4194304 0 0 4 4194304 0 0 8192 176160769 4096 0 0 1048576 0 0 1024 0 2147483648 0 4194336 2 1073741824 0 16777216 0 0 16 256 33554432 0 8388608 0 0 0 8 64 16 0 0 0 0 1048576 0 0 0 0 0 1073741824 0 0 0 16777216 0 1024 0 0 2097152 0 0 0 0 0 0 0 0 0 0 16 0 0 32 16777216 16777216 0 0 0 0 0 0 16777216 128 0 130 0 0 16384 0 262144 0 0 0 16777216 0 0 8192 0 0 262144 0 0 0 4096 0 4 0 65536 0 8388612 33024 0 0 0 262144 262144 570425344 0 8192 1140850688 524595 16 0 0 0 0 1049600 0 2147483648 32768 71303168 8388610 1024 0 8 538968064 278528 0 0 0 805306368 37880128 32784 0 16777216 0 545284096 32 2 8519680 134217728 4096 0 0 0 0 402653184 0 0 0 0 0 0 0 0 0 0 16777216 0 0 0 0 0 0 0 0 0 64 0 1056 0 0 0 0 133120 0 0 0 0 1073741824 0 0 0 536870912 0 0 32768 0 262144 0 0 0 0 1024 0 1073741824 0 0 128 0 0 268437536 33554432 0 0 0 0 0 0 0 33554432 0 0 0 0 524288 0 0 2 0 0 8 1048576 524288 0 0 0 4194312 4194304 8388608 262144 8388608 8388608 100663296 256 3329 0 0 8650752 0 536887296 256 2097152 2147483649 196672 65552 0 8192 0 8429568 0 4194304 0 0 4259840 131072 33554434 67112960 4194304 0 131072 0 1536 536870912 528896 4 1 0 17039360 4 32 0 1073807360 1033 16777216 134217728 0 2097216 4196353 16777216 4194577 268435520 0 0 0 1212153856 8192 0 0 0 32768 2147614724 4194320 0 16777216 1060 0 6144 2097184 1342242817 134217728 536871168 1 16777216 272 268435520 0 0 0 0 0 0 0 0 32768 0 0 0 16777216 0 0 2048 2097184 268500993 134217728 256 0 0 0 0 524352 0 0 0 0 65536 2097152 0 0 0 0 0 4 0 0 0 0 0 0 0 0 0 0 0 0 0 2048 0 0 0 0 0 0 0 0 512 0 0 0 33554432 0 0 4096 268435456 0 0 0 0 0 128 0 0 0 0 0 0 0 0 0 0 2097152 2 0 0 0 0 0 0 0 0 0 0 0 0 32 65536 2048 0 4 0 0 0 0 0 0 0 0 8388608 131072 0 0 1024 0 0 0 12 0 0 0 2048 0 0 0 0 65536 0 0 0 0 2147483648 0 0 0 32 0 0 0 4096 0 524288 0 0 0 0 0 16 1 0 128 512 0 0 65536 0 0 0 0 0 0 0 8192 4194304 32 0 0 67108864 0 0 134217728 16 0 0 134217728 1073741824 0 0 1073741824 0 0 0 32 0 0 16384 0 0 8192 67108864 0 512 671088640 0 2 1024 0 8 0 4194304 67108864 0 16384 67108864 2621729 32 0 0 0 0 32 0 0 0 0 4 2147483648 4 0 4 0 0 2097152 0 67108864 256 2097152 1082130432 1835297 65536 0 0 0 0 0 0 2147483648 33554432 16777216 16384 65 32768 541066240 268435456 0 0 1073741825 536880128 0 0 134217732 0 67108864 2097480 8192 0 16 2048 268435456 4194336 16778240 0 2048 0 0 64 0 0 268435456 0 65536 0 0 0 0 0 1048576 524288 128 0 0 0 0 0 0 0 0 0 0 520 0 0 0 0 32768 0 0 0 0 524288 0 0 5 0 33554688 0 0 0 0 1073745920 0 0 0 0 16 8388608 0 4 0 0 67108864 0 0 0 0 0 0 0 0 134217728 0 0 0 0 0 4194304 0 0 134217728 32 0 2048 0 16 2048 0 0 131072 134217728 0 0 130 402653184 0 1073774592 0 0 0 0 262144 33554432 0 2113536 142606336 2097200 65568 0 0 0 0 0 0 2147483648 2 0 0 0 0 524288 0 0 0 0 536870912 2 0 0 0 0 16777216 0 0 0 0 0 0 0 0 0 64 65536 0 0 0 0 0 0 0 0 0 0 0 0 0 0 0 0 0 32768 0 0 0 0 0 0 1024 0 0 0 256 0 0 0 0 0 0 0 0 0 0 0 0 0 0 1 32768 956301312 0 33024 256 0 262144 262144 2048 536887296 0 2097152 2214592512 18710553 65572 0 0 0 0 2048 0 2130944 0 64
is_linear=0
shrinkage=0.1


Tree=57
num_leaves=31
num_cat=17
split_feature=13 3 13 13 3 13 3 30 3 20 18 3 13 3 23 22 3 29 24 27 23 20 28 15 3 13 13 3 13 30
split_gain=42.2099 32.3203 24.0631 22.6053 22.0464 22.076 20.8063 17.8227 60.9415 18.7587 18.4345 16.5923 19.2643 28.959 17.3228 29.6379 27.9682 22.8002 18.2914 16.3908 16.0257 19.5823 18.454 15.4088 31.5865 33.0039 25.3218 24.6702 27.7452 26.7772
threshold=0 1 2 3 4 5 6 38.500000000000007 7 -1.0000000180025095e-35 0.082482084631919875 8 9 10 9.5000000000000018 0.0094413906335830706 11 3986.5000000000005 2.5000000000000004 0.10332229360938074 20.500000000000004 -1.0000000180025095e-35 0.070602204650640502 1.0000000180025095e-35 12 13 14 15 16 20.500000000000004
decision_type=9 9 9 9 9 9 9 2 9 2 2 9 9 9 2 2 9 2 2 2 2 2 2 2 9 9 9 9 9 2
left_child=-1 -2 6 -4 5 -5 -3 11 9 -9 -10 -6 13 -13 18 -16 17 -17 23 -11 21 22 -7 24 -14 -26 -25 29 -29 -28
right_child=1 2 3 4 7 20 -8 8 10 19 -12 12 14 -15 15 16 -18 -19 -20 -21 -22 -23 -24 26 25 -27 27 28 -30 -31
leaf_value=0.090384733906926931 -0.047388127040201261 0.021682165552101777 -0.064786646060907144 -0.049096508729666373 -0.020701123985755004 -0.030690503829987038 -0.056322109683486943 0.066447908634733682 0.025540766485535379 -0.0093401864742694834 0.084547150513366642 0.093952935327402232 0.042437003493864853 -0.002680315046104091 -0.081232494133802707 0.062388699020431738 -0.033321938444146958 -0.0089256036195500647 0.038476227755229943 -0.071543055414197518 -0.061383479919887976 0.041068989349402028 0.049184846510880675 -0.035651577586668384 0.070849715520988371 -0.011322754173182008 -0.020978034590448055 0.044956002897846271 -0.00016016438790497997 0.031048423977831075
leaf_weight=40.810977010056376 138.21311526978388 43.43092209729366 43.789668322307989 35.007910707267001 411.37445559178013 86.872407101560384 129.13689958723262 23.649335090070963 94.673105854541063 144.04443234950304 120.12800052948296 45.411394290626049 111.84173467941582 77.999726811656728 67.327403764240444 74.494132377905771 214.08297093608417 112.59039196511731 120.66938648931682 60.01118360646069 20.334019010537304 365.18773914687335 43.362072134390473 175.50352785433643 40.134886437095702 2518.7977145304903 122.75134154851548 128.131154747447 10332.212678038166 509.71917053661309
leaf_count=576 7279 627 1496 1965 13482 3925 3712 160 557 799 2387 478 2213 1331 11308 1970 4931 3245 699 352 2281 11639 344 3193 583 42250 8560 2050 168820 9516
internal_value=-0.00062017 -0.000901011 -0.000477308 -6.78993e-05 0.00014882 0.0196278 -0.0365781 -0.000555288 0.019225 -0.0171109 0.0559361 -0.00113674 -0.000572912 0.0372547 -0.000919645 -0.0198367 -0.00953274 0.0184827 -0.000289951 -0.0276336 0.0251377 0.0291963 -0.0040957 -0.000625546 -0.00745488 -0.00976316 0.000993118 0.00160358 0.000434883 0.0206249
internal_weight=16451.7 16410.9 16272.7 16100.1 16056.3 550.764 172.568 15505.5 442.506 227.705 214.801 15063 14651.7 123.411 14528.3 468.495 401.167 187.085 14059.8 204.056 515.756 495.422 130.234 13939.1 2670.77 2558.93 11268.3 11092.8 10460.3 632.471
internal_count=312728 312152 304873 300534 299038 20154 4339 278884 4255 1311 2944 274629 261147 1809 259338 21454 10146 5215 237884 1151 18189 15908 4269 237185 45046 42833 192139 188946 170870 18076
cat_boundaries=0 82 106 195 287 311 400 422 445 469 560 581 604 628 719 809 833 923
cat_threshold=2 0 0 0 2097152 0 8 256 33554440 0 8388608 0 134217728 0 1 4 0 0 0 0 0 0 0 0 0 0 0 134217728 512 0 4 0 2 0 16384 0 2097152 0 2 33554432 0 1 1 0 0 0 0 0 40 0 0 0 0 64 0 536870912 0 0 0 0 0 0 0 8388608 0 4096 0 393216 0 0 0 0 0 0 536879104 0 0 0 262144 0 0 8192 0 512 1024 0 0 492544 32768 671088640 0 208666656 1040 0 0 33554432 0 2 33554432 196608 4194312 2 32 32 256 139272 0 262144 0 0 0 512 0 8388608 0 0 0 32768 0 524288 0 524288 0 0 64 0 0 0 0 0 0 0 0 0 0 0 2048 0 0 0 0 0 0 0 0 64 0 0 0 0 0 2097152 4096 16384 0 0 0 1048576 0 0 0 256 0 8192 0 0 262144 0 4 32776 0 0 16842752 0 33554432 0 0 0 8 0 0 0 0 136314896 4 0 16777216 0 0 0 0 0 0 0 262144 0 0 0 0 402653184 16386 0 0 0 0 0 0 128 0 64 576 0 0 1 0 0 0 0 0 0 0 0 32 2048 0 2147483648 0 0 0 32 0 0 262144 0 0 0 0 0 0 0 0 262144 0 0 0 0 0 1048576 1073741824 8388608 0 128 0 0 0 1024 0 0 65536 0 0 0 0 0 0 0 0 524288 0 0 0 0 0 0 0 1048576 0 0 0 0 4194304 0 8388608 67108896 8388608 1048576 1 33587200 9 67108864 8192 0 0 135266304 0 0 8196 8192 0 128 16 0 8421376 536870912 33554432 2050 7340064 271581184 393216 32788 32768 0 0 0 0 64 0 0 0 0 536870912 2 0 0 0 0 0 0 0 0 0 0 0 0 0 603979776 0 65536 1073741824 0 0 0 0 0 2097152 0 0 0 0 131072 0 0 4 0 0 0 0 0 268435728 0 0 0 0 0 128 16384 0 4194304 0 1024 67117056 0 0 2 0 0 2 2 0 0 0 0 0 16777216 0 512 0 0 0 0 65536 2048 0 0 0 0 0 0 12288 1048576 16777216 67108866 1082130432 1032 0 16 1 262144 67108864 0 0 3623878657 1049872 327680 0 32768 0 0 268435488 0 8388736 2097152 2147483648 268435456 1082130434 261 0 0 2101248 512 603979776 256 2097152 134217729 1835299 65568 0 0 1024 0 32 0 2147483648 134217728 4096 524288 16777216 0 32 0 4198400 18432 33554432 16384 1074003968 0 2147483648 67108864 134217856 4 134217728 131272 2147483648 67108864 0 0 33554432 603979776 20972545 0 0 0 0 0 0 0 0 0 0 2214592512 0 0 32768 0 0 524288 16384 0 0 0 0 0 0 0 0 0 0 0 0 0 0 0 270532608 0 0 4 0 0 425984 0 0 16 33554432 0 0 2 1 0 4194304 0 1024 0 65536 512 2 0 0 0 67108864 0 0 0 0 0 0 0 0 524288 0 0 0 0 0 0 0 0 0 0 0 0 0 524288 4 0 32768 1310720 0 16778240 8 512 134217728 8388608 1082130690 1024 0 0 0 262144 67108864 0 16384 1073741824 2621728 0 0 0 0 32768 0 0 134217728 402653184 8388612 1073774592 4194304 0 8 2097152 4194304 33554432 0 2113536 41943040 3687425 65536 0 1048576 0 1073750016 32 0 2147483648 2048 64 0 0 142606336 1 0 8396800 0 256 537395200 131728 524289 0 32768 1024 0 1048576 66564 262272 16777344 0 128 536870912 8454240 2 0 0 0 0 16 0 0 0 0 4 0 0 0 0 0 0 0 0 262144 0 0 0 0 0 0 0 0 0 0 0 0 0 2048 0 0 0 0 0 0 0 64 4 0 256 0 0 0 16 0 128 0 0 16777216 128 0 0 0 128 0 0 33554432 2097152 2 0 0 0 0 0 134217728 0 0 0 0 0 1073741824 64 8388612 0 256 8 0 0 0 0 67108864 0 64 0 0 2097152 64 0 0 0 1024 67108880 0 0 0 0 4 0 0 0 0 0 0 0 0 262144 1572864 0 0 0 0 0 0 0 0 0 0 0 0 0 0 0 0 0 0 131072 0 64 0 1048576 67108864 16384 134479872 0 256 0 0 512 0 0 0 0 0 0 128 64 16777216 33587200 8192 0 0 0 2 0 0 0 0 0 0 0 134217728 1073741824 64 4 0 0 0 0 0 32 0 0 0 512 0 0 2097152 3355574400 18 268435456 2048 0 0 2101248 4194816 65536 0 32768 671088640 38797376 0 0 0 32 4210688 128 0 32768 135276544 2147483648 4 0 0 0 0 524352 0 0 0 0 8192 32896 0 0 0 12582912 0 0 0 0 0 0 0 0 0 0 0 65544 0 0 0 532480 0 0 0 2 0 0 1090519040 0 0 0 128 0 268435456 0 0 0 0 0 65536 0 0 0 16 0 0 0 0 8389632 0 0 0 128 0 0 0 0 0 64 128 537001984 0 16777216 0 0 0 0 0 0 0 4096 0 32768 0 0 0 0 8704 0 1024
is_linear=0
shrinkage=0.1


Tree=58
num_leaves=31
num_cat=16
split_feature=13 13 4 13 22 28 13 21 2 1 25 21 10 13 9 13 7 13 13 13 15 15 14 14 13 14 16 16 29 29
split_gain=30.7482 21.2253 17.9523 15.0118 14.6354 22.0796 20.0427 15.5732 12.388 14.6013 13.1339 13.293 12.3716 11.92 12.2905 24.5922 23.1497 17.2201 13.154 11.6449 11.5657 24.507 17.6483 25.1648 20.8402 21.7567 22.245 21.6565 35.909 34.2135
threshold=0 1 2 3 0.50714287161827099 0.025569478981196884 4 21.500000000000004 5 6 83.500000000000014 29.500000000000004 7 8 9 10 11 12 13 14 4.5000000000000009 3.5000000000000004 8.5000000000000018 6.5000000000000009 15 3.5000000000000004 5.5000000000000009 21.500000000000004 4039.5000000000005 4294.5000000000009
decision_type=9 9 9 9 2 2 9 2 9 9 2 2 9 9 9 9 9 9 9 9 2 2 2 2 9 2 2 2 2 2
left_child=-1 -2 3 -3 6 -6 -5 -7 -8 -10 12 -12 -11 -14 15 -15 -17 -16 -19 -20 21 22 23 24 -21 -26 -27 28 -28 -29
right_child=1 2 -4 4 5 7 8 -9 9 10 11 -13 13 14 17 16 -18 18 19 20 -22 -23 -24 -25 25 26 27 29 -30 -31
leaf_value=0.05516000802294721 -0.035645656273781544 -0.037262626256966476 0.033230784408823898 0.050930953472779122 0.096177720088385696 0.007119314426886467 0.017739344562093782 0.10214494022126733 -0.05724307950525518 -0.050767274493753546 -0.069626373050084497 -0.010630769197469022 0.022514661211389016 0.044044061084533771 -0.034836297912524537 0.18263959889983514 -0.026626835659087245 0.021446869852950093 -0.046292683566340975 -0.043651804751941865 0.0078208621901686981 -0.010532136098402081 -0.0055964254813282814 0.014356814628140955 0.0079869296621117788 0.017786529020720043 -0.026506733246435793 0.01679051638664272 0.0072139914634655397 -0.030631965813888828
leaf_weight=89.779476483352482 160.25600950664375 100.21682595193852 149.50869595562108 64.720985564403236 33.229532082099468 385.32344900164753 335.44634260027669 18.054365457966924 36.712836586753838 39.6106487166835 53.665132983122021 132.47232528892346 207.17277378670406 51.922945130732842 134.81074791750871 5.348173157311976 456.37090033327695 265.85909285093658 45.57195772160776 96.403174091596156 1513.5995033192448 2387.0449665042106 3011.5856715989066 1647.1276405764511 2385.8666576980613 362.84956692776177 1017.3993235010421 585.47604542446788 457.94196101720445 205.54527767596301
leaf_count=1425 4506 2477 1722 1373 410 2779 4165 139 5329 1588 2244 3009 4424 1435 3117 111 11670 4438 1356 2020 22497 39631 60150 33756 47823 7724 16531 11794 9697 3934
internal_value=-0.00018408 -0.000521457 -0.000151921 -0.000483647 -0.000229149 0.0178269 -0.000737886 0.0113725 -0.000986885 -0.00141434 -0.00124039 -0.0276397 -0.000910935 -0.000743125 -0.00108761 -0.0161324 -0.0236898 -0.000529184 -0.00017375 -0.000608132 -0.000422116 -0.00144873 0.00077052 0.00360758 0.000143743 0.00107052 -0.00520168 -0.00888214 -0.0160399 0.00446788
internal_weight=16436.9 16347.1 16186.9 16037.3 15937.1 436.607 15500.5 403.378 15435.8 15100.4 15063.6 186.137 14877.5 14837.9 14630.7 513.642 461.719 14117.1 13982.3 13716.4 13670.8 12157.2 9770.2 6758.61 5111.48 5015.08 2629.21 2266.36 1475.34 791.021
internal_count=313274 311849 307343 305621 303144 3328 299816 2918 298443 294278 288949 5253 283696 282108 277684 13216 11781 264468 261351 256913 255557 233060 193429 133279 99523 97503 49680 41956 26228 15728
cat_boundaries=0 91 182 183 273 364 373 374 375 466 467 556 557 647 737 828 917
cat_threshold=2 0 0 0 0 16400 8 256 0 0 0 0 0 0 536870912 0 1048576 0 0 0 0 0 0 0 0 0 0 0 0 0 524292 0 0 268435456 0 20971520 0 16777216 0 33685504 8388608 0 0 262144 0 4 4096 256 2088 0 0 0 0 0 0 0 0 0 1073741824 0 0 0 0 0 0 0 0 0 0 0 0 8388608 0 0 0 0 0 0 0 0 4128 0 32 0 0 65536 0 33554432 0 8 2 0 0 0 8 268435520 0 0 0 0 0 0 32768 1024 0 0 0 0 0 0 0 0 0 0 65536 0 0 0 0 1048576 0 0 0 0 0 32 0 0 0 0 0 0 0 0 256 0 2097152 0 268451856 4194304 0 0 512 0 0 0 34 0 262144 0 2048 0 0 0 65536 0 0 0 0 0 0 0 0 0 0 0 0 8388608 2097168 67109892 0 0 0 0 0 0 0 0 134217728 0 1024 640 11 0 0 0 0 134217760 2097152 0 0 0 65536 4194304 0 0 524288 2 0 0 0 0 268435968 2048 0 0 0 2048 0 0 0 0 0 4194304 0 0 0 0 0 0 262144 0 64 0 0 0 0 0 0 262144 0 0 0 0 1048576 4194304 0 0 0 0 128 0 0 0 2097152 0 2048 0 0 16777224 0 0 0 0 0 0 0 0 0 0 0 0 65536 0 4096 0 0 0 4194304 4194304 4096 32 8388608 0 1073741824 0 524288 8388608 0 1048592 0 0 32 0 0 0 0 0 0 0 0 0 0 0 0 0 0 0 0 0 134217728 512 0 0 0 2049 0 0 0 0 0 1 0 4194304 0 16 0 0 0 0 0 0 8 536870912 0 0 0 512 536870912 0 0 16384 16777220 0 32768 128 536870912 0 0 0 0 0 0 134217728 0 0 33554432 4 0 0 8 0 0 0 0 0 536870912 0 32768 1048576 0 0 0 64 0 2147483648 0 71303168 0 4194304 536870912 0 6144 1851409 6678 0 0 0 2 0 512 0 8 8388608 4 0 0 0 0 8 0 16 0 0 0 0 2048 2147483648 0 0 0 0 0 0 65536 0 0 2 1024 0 0 0 0 524288 512 0 0 1 0 32768 0 0 0 0 0 0 0 0 0 16384 0 0 0 64 0 0 8192 0 0 0 134234114 65536 131072 0 128 0 0 0 0 4194304 128 0 0 0 0 64 0 0 0 0 0 512 0 0 0 1 8448 0 0 0 0 16 0 0 65536 0 0 67108864 0 0 0 0 0 4 0 0 0 33554432 0 0 0 68157440 0 0 0 0 1073741824 34816 0 4 0 0 0 4 0 536870912 0 0 536870912 1049088 268435456 0 0 0 0 0 524288 0 0 0 128 0 0 0 0 0 67108864 0 0 0 0 0 0 0 0 0 0 0 0 16777216 0 131072 0 0 0 512 0 0 32 0 4 0 0 0 8192 67174400 4 0 0 0 16777216 32784 0 0 0 512 0 67141632 0 0 0 0 512 0 384 0 1073741824 2147483648 0 0 0 536870912 16384 0 0 0 1073741824 32768 0 0 0 0 0 4 0 0 0 0 0 0 33554432 0 134217728 0 0 0 524288 0 268435456 1048576 0 0 0 0 0 0 0 1024 0 0 0 0 0 0 0 0 8 0 0 8 0 0 262144 0 1073741824 512 0 0 0 0 4 524288 0 64 0 67108864 1073741824 0 0 0 0 524288 0 0 0 16384 131072 2147483650 0 0 0 0 17301504 0 0 0 0 0 0 0 1073741824 0 0 0 0 4096 2048 0 0 0 32768 0 0 0 0 0 2048 0 4 0 1048576 0 0 0 0 0 0 16384 0 0 268500992 0 0 0 0 1024 0 262160 0 262144 131072 8192 0 0 65536 0 2048 0 0 0 0 32 0 0 131072 0 8 67108864 0 32768 0 0 0 0 0 262144 2097152 0 0 2 0 0 0 138412032 0 0 0 0 0 0 0 64 0 8 0 0 0 0 0 16384 0 67108864 0 0 1048608 0 8 0 0 0 0 0 0 0 0 0 0 2097152 0 1107296256 0 540672 0 4194304 131072 0 32 0 67108864 0 1073741824 8388608 0 128 0 8388608 32 33554432 0 0 0 0 0 67108866 0 33554432 0 0 0 16777216 0 0 0 0 0 0 0 0 0 0 0 0 0 0 0 0 0 1048576 256 2048 0 0 0 0 0 0 0 8192 0 0 128 0 0 0 0 0 0 2148532224 8192 0 0 0 0 0 0 0 0 0 26624 0 0 0 0 33554432 2097152 0 0 0 0 0 0 268435456 0 536870912 16 1 0 128 0 1024 0 0 2097152 0 0 0 0 0 0 0 4 0 0 0 0 67108864 0 0 0 0 8192 0 0 8 0 0 256 0 16779264 32 0 0 0 0 268435456 32768 1048576
is_linear=0
shrinkage=0.1


Tree=59
num_leaves=31
num_cat=21
split_feature=3 13 13 3 24 23 3 13 3 3 20 25 3 21 3 3 13 13 3 13 3 3 28 23 25 3 28 3 13 8
split_gain=29.6983 26.359 23.2045 25.9593 21.1422 38.8108 53.446 30.3841 27.1267 25.5151 24.959 18.4759 64.7517 25.1878 22.2944 21.612 22.5057 18.4532 17.8625 16.8161 27.7741 16.5094 16.4626 15.9375 15.4058 32.5797 14.7743 14.378 16.4961 15.6989
threshold=0 1 2 3 2.5000000000000004 2.5000000000000004 4 5 6 7 125.50000000000001 20.500000000000004 8 3.5000000000000004 9 10 11 12 13 14 15 16 0.012919137720018627 6.5000000000000009 1.5000000000000002 17 0.027243309654295448 18 19 20
decision_type=9 9 9 9 2 2 9 9 9 9 2 2 9 2 9 9 9 9 9 9 9 9 2 2 2 9 2 9 9 9
left_child=-1 18 3 -3 5 9 22 -8 23 -4 -10 15 26 14 -14 16 -11 -17 -2 20 -19 -15 -7 -6 -9 -26 -13 -21 -29 -30
right_child=1 2 4 -5 8 6 7 24 10 11 -12 12 13 21 -16 17 -18 19 -20 27 -22 -23 -24 -25 25 -27 -28 28 29 -31
leaf_value=-0.037583943667997048 -0.026984907551378997 0.039298170325578585 0.020259936269884444 -0.058714220163241182 0.044202390323917248 0.28653641530301283 0.056576585060188367 -0.063265735523445429 0.067030053919152843 0.060380607525125078 0.010679260977058614 0.18503303818153527 0.032910327830666108 0.032251912597216957 -0.087023850119153409 -0.030755430027667952 -0.030682365247744738 -0.022009315992402828 0.074996690597914847 -0.019551002234512553 0.056880415809733381 -0.033325057071441046 0.051272932746510735 -0.045231078754660176 0.011679128226212004 -0.039937444152992205 0.047238027155363085 -0.051593975973706498 0.016831893676253352 0.00098766881767717589
leaf_weight=203.37897189171053 20.890848305542022 29.139141332823783 624.77521116146818 120.19385593151674 26.534866323694587 3.0961564555764189 32.08489932352677 141.21775908081327 149.22831977996975 21.094750873278826 166.07553318841383 8.724744937149806 17.257494389079511 42.965011520311236 114.9774499455234 170.02301577967592 331.10470969951712 63.713825218379498 69.426102584693581 320.60121228243224 124.39902876620181 151.73524236900266 75.594359781127423 80.004447569604963 165.30776805977803 457.01112650532741 71.941434560343623 48.101490441942587 650.29396304767579 11903.391113084275
leaf_count=9991 407 564 19179 3556 165 175 1149 13953 1202 438 1629 389 909 598 9347 2259 10088 913 1332 7970 2412 3349 2740 1248 7888 18045 895 761 7935 181485
internal_value=-0.000520407 -3.19093e-05 -0.000349887 -0.0383231 2.91616e-05 -0.000570473 -0.0210381 -0.0287443 0.0221186 0.00064978 0.0362011 -0.000237106 -0.0212164 -0.0405436 -0.0754639 0.000389975 -0.0237117 0.00104622 0.0510692 0.00148176 0.0303982 -0.0189091 0.0537048 -0.0209868 -0.0330146 -0.0266805 0.0552878 0.00103764 0.00157652 0.00182116
internal_weight=16404.3 16200.9 16110.6 149.333 15961.3 15539.4 874.312 795.622 421.843 14665.1 315.304 14040.3 407.601 326.935 132.235 13632.7 352.199 13280.5 90.317 13110.5 188.113 194.7 78.6905 106.539 763.537 622.319 80.6662 12922.4 12601.8 12553.7
internal_count=312971 302980 301241 4120 297121 292877 43950 41035 4244 248927 2831 229748 15487 14203 10256 214261 10526 203735 1739 201476 3325 3947 2915 1413 39886 25933 1284 198151 190181 189420
cat_boundaries=0 24 112 201 223 247 338 362 385 409 433 456 546 638 656 747 770 793 816 838 929 930
cat_threshold=8388608 64 4096 8192 0 335545344 4194368 134217728 134217728 0 48 1024 0 302022656 0 0 536870928 128 0 0 32800 1207959712 2759983104 2048 0 0 0 16777216 0 0 16 0 0 0 2147483648 0 134217728 0 0 0 0 0 512 524288 0 1048576 0 1073741824 0 0 0 0 0 0 557060 0 2 268435456 16384 20971520 2097152 0 0 33685504 0 0 0 0 0 0 16781312 0 32 0 0 524288 0 64 0 0 0 0 0 8192 0 0 0 0 0 0 0 131072 0 2048 0 0 0 33554432 0 0 0 0 1024 0 0 0 0 0 0 32768 0 33554432 0 0 0 2 0 16 0 0 0 67108896 67108864 32768 0 0 262144 128 0 0 0 0 0 0 0 65536 536870912 0 0 0 0 0 4194304 0 2048 0 0 0 0 0 4100 268435520 0 128 0 1073741824 0 2097152 0 16 4096 0 134217728 0 0 0 0 0 4 8192 16777216 268435456 0 0 0 0 0 16384 0 0 0 0 0 0 0 0 0 0 0 16 4 0 0 32 0 0 0 0 0 0 1048576 268435456 0 0 1024 0 0 0 4194304 33570816 0 0 469762048 655585 134217728 0 0 0 8388608 1048608 0 2147483648 2048 3271557120 2 1073741824 0 16384 131072 1048576 553648640 0 1073745920 262144 1 393216 327684 0 135266304 32 8192 8 0 67108864 0 37781506 4194304 256 0 0 0 0 0 0 0 0 16777216 2 0 0 0 0 16777216 1048576 0 262144 0 2 0 0 0 2048 0 0 0 0 1073807360 16 512 131072 0 0 0 0 0 0 0 0 0 0 33554432 0 0 0 0 0 128 0 134218240 1048576 0 0 0 0 0 1024 0 0 40960 0 0 8192 0 0 67108864 0 128 0 0 0 0 1073741824 0 0 0 0 4096 0 0 0 0 0 0 0 0 327680 1024 64 134250496 0 8388610 1024 0 0 0 17039360 570425344 0 0 310378496 18221376 52 0 134217728 0 8413184 0 0 0 0 0 1 537034752 8 0 0 0 17039368 33554432 16384 65536 2097152 65536 536871040 16779264 134217754 0 134217728 4195328 0 6144 16779296 276824064 8192 16777216 134217728 0 1073742080 256 0 8192 1074008576 4204544 0 512 4 134217728 560 16777248 0 0 544 0 263296 0 2151153664 0 128 32 1107296256 8388608 268435456 2 0 4096 32768 0 0 536870912 2097152 8388609 537395328 262144 0 1048576 0 537190400 0 0 0 2048 540960 2 34078720 0 67239936 0 16384 536879105 32768 1050624 0 3225489920 4 0 0 16777216 0 0 2147483648 40960 160 0 2147483648 0 1065088 0 0 0 0 2621440 512 0 0 0 0 2 0 65536 0 0 0 4 0 0 0 2147483648 0 0 0 0 0 0 0 0 0 0 0 0 2097152 0 0 0 0 0 0 0 0 0 0 0 0 0 0 0 0 0 0 0 268435456 0 0 0 0 1024 0 0 0 256 0 0 0 0 0 0 0 0 0 0 0 0 0 0 0 256 0 0 4096 0 0 0 0 268435456 0 0 1073741824 0 0 8388608 0 786432 512 0 0 0 0 0 32 0 2 0 512 0 0 0 512 0 0 0 0 67108864 0 0 32 0 0 0 0 0 0 0 0 0 0 524290 0 0 0 0 0 32768 0 0 16384 0 0 0 512 0 2 16384 256 0 0 64 0 0 40960 0 0 1 0 0 0 0 0 0 32768 0 134217728 0 0 0 0 0 0 0 0 0 0 524288 0 0 0 262144 0 64 1 0 0 1073774850 1024 0 8 0 0 0 0 8192 8388608 2097169 48 0 0 512 262144 0 0 0 0 0 0 0 0 0 0 0 0 0 0 0 524352 0 0 0 0 0 0 0 0 0 0 65544 0 0 0 10240 0 0 0 0 0 0 0 0 512 0 0 0 269484288 0 0 0 0 0 65536 0 1024 16777216 0 8388608 0 4194304 0 0 0 33816704 0 0 536870912 0 0 16777216 0 0 0 0 16777216 0 0 0 0 0 0 32 0 4160 0 524288 0 0 0 512 4096 1024 0 512 0 75497472 32770 0 0 0 0 0 100663296 0 2097152 41943040 2229250 0 0 0 0 0 0 0 0 0 8192 2415919104 301989888 75497480 16 0 0 536870912 8388608 369115136 0 536907776 0 5571584 4 0 16777216 131072 2684362752 0 0 0 0 4194304 537395200 5 67108870 4194304 0 0 2097152 16384 33554432 4194816 0 2952790048 52430960 0 0 32768 0 0 262192 4194304 0 8192 160 1073741824 35651584 18436 65568 32768 4362256 4609 33554432 131072 524544 786432 32 256 4 4 0 64 1073741824 4718592 0 0 4194304 0 0 0 0 268435520 0 0 0 33554432 131073 0 0 1024 524288 0 0 0 0 0 2097152 0 4 0 0 0 16384 0 1114112 2048 0 0 0 524288 0 0 0 128 0 0 0 2097152 0 0 2 0 262144 0 0 0 0 0 268435456 0 1073741824 0 2 8 0 0 0 1024 0 0 0 0 0 0 0 0 0 16 0 67108864 0 0 262144 0 0 0 268439552 0 0 0 0 0 4194304 131072 0 0 0 1024 35
is_linear=0
shrinkage=0.1


Tree=60
num_leaves=31
num_cat=21
split_feature=3 13 13 23 24 3 23 3 13 25 3 13 3 20 3 3 3 28 13 13 3 2 3 23 3 3 28 3 13 29
split_gain=25.8312 30.8464 21.6583 20.7301 16.7065 27.0664 22.6234 48.655 29.5335 25.8376 23.6683 20.8365 20.6913 24.2756 22.7244 20.6529 19.404 16.6619 16.6492 16.6409 21.3562 16.5419 15.8872 15.3011 17.6446 16.4605 16.4485 14.6713 14.4857 14.4697
threshold=0 1 2 40.500000000000007 1.5000000000000002 3 1.5000000000000002 4 5 1.5000000000000002 6 7 8 -1.0000000180025095e-35 9 10 11 0.017648097127676014 12 13 14 15 16 5.5000000000000009 17 18 0.086175147444009795 19 20 4055.5000000000005
decision_type=9 9 9 2 2 9 2 9 9 2 9 9 9 2 9 9 9 2 9 9 9 9 9 2 9 9 2 9 9 2
left_child=21 -2 -3 4 6 -6 11 17 15 27 -11 -4 13 14 -13 -9 -14 29 -15 20 -18 -1 -5 25 -25 -7 -27 -10 -21 -8
right_child=1 2 3 22 5 23 7 8 9 10 -12 12 16 18 -16 -17 19 -19 -20 28 -22 -23 -24 24 -26 26 -28 -29 -30 -31
leaf_value=0.05216685710476341 0.063648476903491874 -0.0434971791576814 -0.059885968880665122 -0.066030557380233182 0.068663062963243884 -0.032474403323556923 0.07059376807260373 -0.039457346316827097 0.022310124569636981 0.024095716899110359 -0.025737733176842598 -0.028306588637287296 -0.041013962796985437 -0.023830262604782208 0.053826949136726143 0.081213417611170624 -0.027082900089963877 0.035447980605644441 0.035841226134361241 0.043314652876378437 0.039850589634445384 -0.045315291784881868 -0.0034581500602559644 -0.042546181947803768 0.010263851173319393 0.10387786506400259 0.026203112993975926 -0.064698599574641566 -0.00050120994944601082 0.34809888017554669
leaf_weight=12.67298742441926 65.044979734811932 106.91811477032024 46.892110076150857 74.015161833609454 76.858588105067611 31.75680860877037 4.4776008329354218 16.279384003952146 21.786424445221201 108.0025014008861 559.80553937784862 154.06862225243822 104.92027580575086 48.487995153293014 33.047442348208278 37.828082847059704 56.10289540537633 120.29188884352334 429.98260256717913 65.889860020251945 202.80390361649916 176.92180409224238 93.020398917957209 86.369341240730137 178.04618818918243 35.046305935364217 122.74957795441151 190.37679847574327 13125.73295894824 3.2375407838262618
leaf_count=1396 862 3538 824 8123 689 200 224 446 753 3380 18665 3705 4858 656 487 1475 1079 3206 6659 959 3748 15249 3392 837 1667 226 860 13364 211411 171
internal_value=-0.000756984 -0.00031579 -0.000612916 -0.000299903 6.89767e-05 0.0175101 -0.000534951 -0.0146151 -0.0224872 -0.0270538 -0.0177029 0.00051316 0.000753899 0.0178343 -0.0124367 0.0444155 -9.7295e-05 0.0413543 0.0300452 0.000252106 0.0248789 -0.0365122 -0.0353447 0.00717907 -0.00820704 0.0290206 0.0408649 -0.0577618 -0.000249713 0.187045
internal_weight=16389.4 16199.8 16134.8 16027.9 15860.8 530.827 15330 1062.09 934.079 879.971 667.808 14267.9 14221 665.587 187.116 54.1075 13555.4 128.007 478.471 13450.5 258.907 189.595 167.036 453.968 264.416 189.553 157.796 212.163 13191.6 7.71514
internal_count=313109 296464 295602 292064 280549 4479 276070 41684 38083 36162 22045 234386 233562 11507 4192 1921 222055 3601 7315 217197 4827 16645 11515 3790 2504 1286 1086 14117 212370 395
cat_boundaries=0 24 115 203 225 249 339 361 451 475 499 517 541 631 722 744 756 775 796 812 833 922
cat_threshold=8388608 0 0 0 16384 1 82048 9437696 131072 100794384 32768 0 0 436207616 0 0 65536 0 16777216 64 65536 20971552 536870946 2561 2 0 0 0 8388608 1024 0 8 8 0 0 0 0 0 0 0 0 0 0 0 0 0 0 0 0 0 0 0 0 0 655364 0 2 0 16384 0 0 0 2 33685504 8388608 0 0 0 0 524288 0 0 2056 0 0 0 0 128 0 0 0 0 1073741824 0 0 8192 0 0 0 0 1 0 134217728 0 0 0 8192 0 541065216 0 8388608 262144 0 0 4096 0 0 0 0 0 1048576 0 0 0 66 0 0 0 0 32 512 0 0 0 0 0 0 0 0 0 0 0 67108864 262144 2147483648 0 67108864 0 65536 536870912 0 0 0 0 0 0 0 0 0 32 0 0 0 0 268435520 524288 128 0 0 0 2097152 4096 0 0 32 0 1048576 1048576 0 0 0 0 128 0 0 0 0 0 32768 0 0 0 0 0 0 0 0 0 0 0 0 2 2097168 4 0 0 32 0 0 0 0 0 12288 34078720 0 8388608 4194304 0 0 0 0 536870912 4194304 8192 1241513984 786432 0 0 1048576 0 1073741824 0 0 2147483648 2048 2164260864 268435458 0 0 0 131072 5242880 536887296 0 640 2359296 343932928 1114112 294912 0 0 0 0 0 0 32800 135299072 39886976 16777216 0 0 0 0 0 0 0 0 8388608 16842752 0 0 0 0 0 0 1048576 0 0 0 2 0 0 0 0 0 0 0 0 1073807360 0 512 0 0 0 0 0 0 0 0 0 4 0 34865152 0 0 0 0 0 128 0 512 0 16 0 2 0 0 0 67117056 0 32768 4 0 0 2 0 0 0 0 16 0 524288 0 36 128 0 0 0 0 0 0 0 4 32768 0 16777216 0 1310720 1024 0 1 1073741826 4194318 0 0 0 16777216 33554432 1073746176 537395201 134217728 131600 65536 0 32768 2147483648 8192 262280 4194320 134742017 8192 0 0 0 1024 134217728 0 0 0 0 0 128 0 0 0 0 0 0 0 0 0 10240 0 0 0 2048 81920 0 32 0 0 0 0 0 0 0 4 2097152 0 0 0 2147483648 0 0 0 0 0 0 16384 0 0 32 1024 4194304 0 0 0 0 0 0 0 0 32768 4194306 65536 0 0 67108864 0 0 0 16 0 0 134217728 0 0 0 0 0 0 1048576 0 0 0 0 0 4194304 8388608 262144 1536 163840 264 134217728 1024 0 0 268435969 0 589824 0 65536 1024 8519680 8388632 0 16777216 132608 4210688 65552 2097184 2097152 0 1073741840 32 131072 8 0 1024 0 0 512 0 0 0 65536 0 8519680 24 0 0 132096 0 0 0 2097152 0 1073741824 32 0 12582912 1082163202 9216 0 0 0 0 570425344 0 8192 1207959552 6464 65536 0 134217728 0 32768 0 2097152 1028 131074 0 272629760 1280 671088640 0 2151682049 536870928 32768 0 64 4 1 0 0 131072 1048576 32768 100663296 128 2 0 0 0 0 524288 0 0 0 0 0 2147483648 0 0 0 0 16777216 1048580 0 0 0 0 0 0 0 0 64 0 0 0 0 2048 0 0 0 0 0 0 0 0 0 0 0 0 0 32768 0 0 268435456 0 0 0 0 0 268435456 16384 0 0 0 1024 16777216 0 0 0 0 0 2 0 67108864 0 0 0 0 0 0 512 0 0 0 0 0 0 0 4 0 0 0 0 0 0 1073741824 0 0 0 0 64 0 0 268435456 16384 32 0 0 0 32768 0 0 0 16384 0 2097664 0 0 0 1073741824 0 64 0 1024 0 0 2048 0 0 2097152 0 0 0 0 0 0 0 2048 1048576 0 0 0 0 0 0 4194304 0 0 0 0 0 0 4194304 0 0 285220864 0 0 262148 8388608 0 0 1090519040 67108864 0 0 0 0 0 33554432 0 0 0 0 262144 0 64 0 0 0 0 0 0 0 0 0 512 939524096 8388612 1073741824 4194304 0 139264 2097152 4194304 67371008 0 0 436207616 4864 32 0 0 0 8388608 32 20971520 2215641088 2048 1024 2214592544 128 67108864 32 4203648 536870912 0 4196352 0 33554432 2 402653184 8388612 8388608 1024 0 0 0 0 570425344 0 8192 0 2621714 48 0 0 0 8388608 32 0 0 2 1 0 0 8388608 17039360 67125248 0 16384 268435456 133441 32816 0 0 0 8388608 0 0 67108864 0 8388612 1073741824 1024 0 0 0 0 0 0 0 335544320 3212546 65536 0 134217728 33554432 1073741824 0 256 0 262144 8388608 0 536870912 8192 0 0 2131018 32 0 0 0 0 0 0 67108864 0 1073741824 0 0 0 16384 0 0 0 131072 8388608 0 0 0 0 0 524288 0 0 0 2181038080 0 0 0 1048592 0 0 1048576 1048584 0 0 0 0 0 10 512 4 0 0 262144 2097152 0 0 0 0 0 0 0 1073741824 0 0 0 0 0 0 536870912 0 0 16448 0 262144 0 0 0 0 0 0 262144 33554496 0 0 16777216 0 0 0 0 0 0 0 0 0 128 0 0 0 32768 0 0 16777216
is_linear=0
shrinkage=0.1


Tree=61
num_leaves=31
num_cat=23
split_feature=13 3 13 3 3 23 3 13 26 3 23 13 13 3 3 13 29 24 3 23 3 3 13 20 13 5 13 13 3 3
split_gain=33.2204 27.3207 24.8852 21.917 19.0806 16.9965 20.4301 34.9997 19.1056 42.5014 37.0067 27.8197 22.5723 27.8612 21.7869 18.2573 18.0448 17.1672 25.2141 16.79 26.1392 16.6681 16.7878 14.8934 14.7767 14.7806 14.4459 13.418 17.0135 14.9695
threshold=0 1 2 3 4 49.500000000000007 5 6 44.500000000000007 7 1.0000000180025095e-35 8 9 10 11 12 4093.5000000000005 1.0000000180025095e-35 13 1.0000000180025095e-35 14 15 16 10.500000000000002 17 18 19 20 21 22
decision_type=9 9 9 9 9 2 9 9 2 9 2 9 9 9 9 9 2 2 9 2 9 9 9 2 9 9 9 9 9 9
left_child=-1 -2 3 -3 -4 6 7 -6 12 10 -10 -11 13 -8 -14 -16 -7 21 -19 20 -13 22 23 -17 -23 -26 -9 28 -27 -29
right_child=1 2 4 -5 5 16 8 26 9 11 -12 19 14 -15 15 17 -18 18 -20 -21 -22 24 -24 -25 25 27 -28 29 -30 -31
leaf_value=0.072585879897704778 -0.032913248884006326 0.024333214108444762 0.02318942223953006 -0.055661038369734545 0.079767826006268541 -0.00014961840532973456 -0.038489940061712219 -0.028265995518942096 0.068349994294737954 0.05313711814617194 -0.027417982182981328 -0.045852786182428745 -0.040569493674969211 0.053088186221051104 -0.031592737210934092 0.094441775667277406 -0.073028187950036599 -0.0094406299139481453 0.02522291722316905 -0.050114985995559226 0.0056897972118733443 0.040544136639909446 -0.027832587887402806 -0.059816138022732113 0.06808900953846532 -0.053835493170878004 0.0098421634287032753 -0.028228784492096599 0.0074771136789367381 0.00036467093470198664
leaf_weight=52.421653532772325 246.05112878093496 42.238544907071628 350.23272229358554 134.58980356238317 60.195205612340942 70.485822696005926 36.624555681366473 97.02825000253506 101.95901391422376 34.034351299749687 66.775691264076158 170.13166183885187 125.07306401117239 147.01777209318243 172.45943492033985 23.535498436307535 65.588274214183912 316.53021559398621 600.84218772151507 277.80916427727789 218.31689044204541 78.877779629314318 346.76453435886651 8.5263933421811071 21.425379269057885 97.179667471791618 1571.0953201957745 176.30950678640511 80.8440990250092 10598.237731479341
leaf_count=827 14015 906 9167 4000 1481 5413 752 2415 1171 752 1206 2432 6127 2471 3025 588 4999 2895 4911 8135 3932 1282 12080 343 234 1702 36358 7878 2216 169652
internal_value=-0.000227192 -0.000504958 1.07475e-05 -0.0362733 0.000436446 -9.01303e-05 0.000220169 0.0104328 -0.0010751 -0.0154253 0.0287468 -0.0261062 -0.000103959 0.0337799 -0.000622207 -0.000191132 -0.0352774 0.00027261 0.0134346 -0.03088 -0.0179186 -0.000783379 -0.0211327 0.040719 -6.67456e-05 -0.000395291 0.00747033 -0.000591248 -0.0270754 -0.00012896
internal_weight=16389.2 16336.8 16090.7 176.828 15913.9 15563.7 15427.6 1728.32 13699.3 869.027 168.735 700.292 12830.2 183.642 12646.6 12521.5 136.074 12349.1 917.372 666.258 388.449 11431.7 378.826 32.0619 11052.9 10974 1668.12 10952.6 178.024 10774.5
internal_count=313365 312538 298523 4906 293617 284450 274038 40254 233784 17628 2377 15251 216156 3223 212933 206806 10412 203781 7806 14499 6364 195975 13011 931 182964 181682 38773 181448 3918 177530
cat_boundaries=0 87 110 196 219 242 266 357 381 473 562 583 607 698 720 741 765 854 944 945 1036 1126 1148 1172
cat_threshold=2 0 0 0 0 0 8 256 512 16777248 0 32 0 0 0 64 0 0 0 0 0 1048576 0 0 0 0 0 0 134218240 0 524288 16777216 2 0 16384 16777216 0 16777216 0 0 0 1 0 0 0 524288 0 0 2080 0 0 0 0 64 0 0 0 0 1073741824 0 0 0 0 0 0 4096 0 131072 134217728 0 0 8388608 0 0 32 0 0 0 0 0 0 0 0 4 0 65536 1048576 0 16777216 65664 8260 0 2147485696 260 150994944 262144 134283584 32 536870912 4194304 167772288 0 268435456 0 65536 67108864 2 32768 536870944 1207959552 0 0 0 0 32 0 0 0 0 0 2 0 0 0 0 0 524288 0 64 0 0 0 0 0 2048 0 0 0 0 0 4202512 0 0 0 0 0 128 0 0 64 0 0 0 1048832 0 2097152 0 16384 0 32 0 134217728 1048576 0 0 0 0 262144 0 0 0 0 5 32768 0 0 16842752 536870912 0 0 0 0 16777216 0 0 0 0 2228224 1028 65536 0 0 0 0 0 8 151519232 335544320 1073741824 9 0 131072 0 262144 100663296 0 0 1241513985 3408976 36 0 0 131072 8388608 32 0 0 1048576 532608 8388608 8 134217730 0 0 8192 806354944 0 65536 4 0 0 536870912 8650754 0 8192 4 37748736 4 2097152 268437537 2359296 566231056 268566528 1 8 1024 0 2 8389632 4194304 570949632 0 536870912 33587200 2148007936 16 0 134217728 0 131200 2096 1048608 1073807360 8192 32768 4210688 0 0 0 0 0 0 0 0 0 0 67108864 0 0 32768 8 0 0 0 0 0 0 0 0 0 0 0 1 134217728 0 1073741824 2048 0 0 2097152 0 0 0 0 0 0 0 0 0 1074003968 0 0 0 0 4096 0 0 16777216 0 128 16384 34 0 0 1024 0 0 8192 0 0 0 16384 0 0 64 0 0 0 0 0 1073741828 0 0 0 32 8 0 4096 0 0 0 0 16777216 0 1048576 1075838976 576 0 4194560 8392704 0 536870912 0 4096 17408 268435456 0 540672 8388609 102532 65576 0 0 2147615232 545284096 0 0 131072 2048 2097152 32 0 0 0 0 0 0 0 0 0 4 0 0 0 0 512 17301504 4 128 0 2147483648 0 0 0 4 536870912 0 0 1024 0 1073741824 0 0 2048 1024 0 0 0 0 0 0 0 0 0 1107296256 0 0 0 0 0 65536 0 0 0 268435456 0 32 0 0 0 0 0 32768 2 0 0 16386 0 0 0 136 0 0 8192 0 1073742336 0 4 0 0 0 16777216 0 0 0 0 0 0 0 0 0 0 1 0 0 0 0 32832 2097664 0 8 0 0 2097152 0 0 0 0 0 1048576 0 0 0 0 0 0 0 0 0 65536 1073741824 1048576 0 131072 16 4 0 0 0 0 0 0 0 2097152 4 0 0 0 4 4096 268435456 0 8 0 0 16777216 0 0 0 0 0 0 0 128 0 16 8388608 0 0 0 262144 0 4194304 134217728 16777216 0 4194304 0 0 4 0 512 0 0 0 0 0 0 32768 0 0 16777216 50331648 8388608 1082130432 1 0 131072 2359296 0 0 32 1024 1216348160 264720 65536 0 0 2147483648 0 4194304 0 131072 2176 536870912 268439552 0 0 32768 51 0 0 8192 16 262144 0 0 0 0 0 805314560 0 0 0 524416 70009344 17039490 256 262144 0 2 0 0 0 0 0 0 67108864 0 1024 0 0 16777216 0 128 0 2147483648 0 0 0 0 0 0 0 1028 0 0 2048 0 0 0 0 0 0 1073741824 131072 268435456 524288 128 1048576 1074003968 0 0 0 0 0 0 0 0 0 0 0 0 0 0 0 0 0 0 128 0 0 0 0 0 0 8 0 0 8192 0 4 0 0 0 32 4104 16777216 0 0 0 0 0 0 0 0 2097152 512 553648128 75497472 8421376 8 0 8 0 262144 67125248 0 0 1342177280 364289 32800 0 16777216 0 8404992 0 0 69338112 134217728 50331648 276824066 32768 264 0 8 2097152 512 67125248 0 0 3489660960 11666451 0 0 32768 0 0 268436480 0 2148533248 0 1048832 67239936 131075 0 4259856 2048 67108864 0 4194304 270336 1 8 65600 0 1048576 2153775112 1073741824 0 2048 0 37814272 32 2080 0 0 0 0 524288 0 0 0 0 536870912 0 0 0 1 0 0 4 0 0 512 33554432 0 0 0 0 64 0 0 0 0 0 0 0 2097152 0 0 0 0 0 0 0 0 0 268435456 0 0 0 256 0 0 0 0 0 268435584 16384 0 0 0 64 8192 0 0 0 0 0 16384 0 0 0 0 0 32768 0 0 0 0 0 0 0 0 2048 0 4 0 67108864 0 0 8192 1048576 0 1073741824 0 0 0 16 0 268435456 0 0 0 0 0 0 0 0 0 0 262144 16384 0 0 0 4 536870912 0 0 0 4096 256 0 0 0 268436480 0 0 2097152 0 1 33554432 0 0 1 0 0 0 0 0 1073741824 0 134217728 0 0 0 0 0 0 0 268452864 67108864 0 0 262144 0 0 0 1 0 0 2048 0 0 0 0 0 0 0 134217728 0 0 67108928 8192 32768 0 0 0 0 134217728 0 8 384 0 0 0 0 64 0 0 0 0 67174400 2129920 0 0 0 0 524288 0 16384 262144 0 0 0 0 4 0 0 65536 0 0 0 0 16 4 0 0 0 0 0 0 0 0 4 0 0 0 536870912 0 1 0 0 0 0 16777216 0 0 0 0 0 0 16777248 0 2097152 0 0 0 2 1 0 33554432 0 0 0 0 4194304 536870912 0 0 0 768 0 64 0 4 0 67108864 0 0 0 0 0 16 0 0 0 0 8388608 0 0 0 0 0 0 0 0 0 9 0 0 0 0 524288 0 0 0 4194304 0 65600 0 0 0 65536 2147483648 0 131072 2097152 4194304 0 0 0 0 0 0 0 0 0 32768 0 0 256 4096 65536 524288 1024 0 0 0 256 0 8192 0 0 33554432 0 0 0 8192 0 0 0 0 0 0 0 524288 0 1073741824 0 0 0 67109120 0 0 0 0 0 524288 0 262656 0 0 1024 2818572288 12582918 1082163200 0 0 0 2097152 0 67108864 2 2113536 1350566016 2097539 32 0 0 1024 0 0 4194304 2150629376 2147483648 0 33554432 16384 65568 49152 536870912 16777216 268436480 1048576 8933376 65540 2147483648 0 0 4 67108864 2 2147500032 0 0 134742144 17825792 268435584 1028
is_linear=0
shrinkage=0.1


Tree=62
num_leaves=31
num_cat=12
split_feature=13 13 30 18 20 23 24 21 13 17 13 13 7 17 13 13 13 23 25 22 20 6 13 13 23 28 18 30 30 16
split_gain=28.2256 19.2387 17.7472 23.7914 19.4403 15.6509 18.4554 20.1564 16.9884 15.6448 12.9768 14.7496 13.3373 11.4857 27.0148 17.8488 17.6249 15.9849 13.1103 32.932 14.3472 14.013 16.2546 15.7591 14.3431 12.5264 14.3973 18.9241 31.1802 13.4132
threshold=0 1 39.500000000000007 0.15800746530294421 -1.0000000180025095e-35 31.500000000000004 21.500000000000004 59.500000000000007 2 33.850000381469734 3 4 5 50.149999618530281 6 7 8 2.5000000000000004 17.500000000000004 0.0094413906335830706 43.500000000000007 9 10 11 11.500000000000002 0.12050732225179674 0.1092083938419819 21.500000000000004 29.500000000000004 11.500000000000002
decision_type=9 9 2 2 2 2 2 2 9 8 9 9 9 10 9 9 9 2 2 2 2 9 9 9 2 2 2 2 2 2
left_child=-1 -2 5 4 -4 8 -7 -8 -3 -6 -10 -12 -13 16 17 -16 -14 -15 20 -20 21 22 -18 -23 -25 26 27 -22 29 -29
right_child=1 2 3 -5 9 6 7 -9 10 -11 11 12 13 14 15 -17 18 -19 19 -21 25 23 -24 24 -26 -27 -28 28 -30 -31
leaf_value=0.062830401711101561 -0.032263188333564889 0.039850652476614561 0.083487306824929303 0.07162317252750032 0.071773332403228307 -0.045811047140119139 0.10965235377978524 -0.022021389774576818 -0.032346569360535531 -0.0053398659070127419 -0.053106764606916435 0.067557335741495458 -0.02698482677621147 0.081032828409397684 -0.034097998012873471 0.011215089145558623 0.049216031752621049 -0.019629231049606885 -0.066937636643093545 -0.0047317396640855144 -0.029553996623100473 0.027454360300900173 -0.033176029154363171 0.00072774821719212102 -0.047666039179329253 -0.0044008967704398877 0.19495822209622118 0.0768207012728164 -0.0066971447374581071 0.23103876203785242
leaf_weight=61.963276671711355 172.03552797867451 97.560034910799004 32.229238629341125 75.406279466114938 29.028723459690809 148.32506090262905 17.831308526918292 33.404374780133367 113.26292713382281 280.86853279918432 41.672506147995591 29.524389903061092 234.06103034480475 85.55296478595119 93.491568305063993 539.60716229316313 19.314009363763034 19.341853039106354 97.237425124039873 682.09005873464048 21.626522181439213 210.5818342306884 193.21977385133505 12867.322735639638 61.536941923783161 47.608029738999903 7.2903394838795057 9.924416000023486 19.821343581192195 13.063387130387126
leaf_count=1091 3913 2428 267 1898 201 13916 108 310 2093 1795 971 467 3745 1214 1665 9404 561 350 10098 14211 1061 3891 5595 224895 5282 493 76 253 465 283
internal_value=0.00034066 6.44195e-05 0.000429173 0.0207774 0.00957079 -0.000111557 -0.0279378 0.0238044 0.000246594 0.00188349 -3.00296e-05 0.000230279 0.000410709 0.000280748 0.0124499 0.00409741 -0.000339271 0.0570342 0.000117225 -0.0124932 0.000846838 0.000538316 -0.0249339 0.000950336 0.000497026 0.0353667 0.0617623 0.0466924 0.0852108 0.164459
internal_weight=16355.8 16293.8 16121.8 417.533 342.126 15704.3 199.561 51.2357 15504.7 309.897 15407.2 15293.9 15252.2 15222.7 737.994 633.099 14484.7 104.895 14250.6 779.327 13471.3 13352 212.534 13139.4 12928.9 119.334 71.726 64.4357 42.8091 22.9878
internal_count=313000 311909 307996 4161 2263 303835 14334 418 289501 1996 287073 284980 284009 283542 12633 11069 270909 1564 267164 24309 242855 240224 6156 234068 230177 2631 2138 2062 1001 536
cat_boundaries=0 92 183 272 362 452 453 544 635 726 727 815 906
cat_threshold=0 0 8388608 0 0 0 1048576 0 0 67108864 67108864 0 134217728 0 0 0 0 0 512 0 0 1048576 0 0 0 0 0 0 0 0 0 0 0 0 16384 20971520 0 1090519040 603979776 33685504 8388608 1 0 33554432 0 0 0 0 8 0 0 524288 0 0 0 0 0 0 0 8192 0 0 0 16384 0 0 0 0 0 0 0 0 8192 0 8192 0 0 0 262144 0 0 524288 0 0 0 0 268435456 0 0 8 0 1 0 262144 0 0 134217728 0 0 0 0 0 2147483650 0 0 0 0 0 0 0 0 0 0 67108864 0 0 0 0 0 0 0 16 4194304 0 8192 16777216 0 0 0 0 0 0 0 4 0 256 0 2097152 0 16384 0 0 0 0 0 130 0 0 0 0 0 0 528 0 0 0 0 0 16777216 0 33554432 0 0 0 0 0 512 64 4 2097152 4 0 0 32 16777216 0 0 0 262144 0 32 1024 128 2 0 0 524288 16 0 0 256 0 16777216 8388608 0 0 32768 1 64 0 0 0 1048576 0 0 0 0 0 0 0 1073741824 8 0 4 0 0 1024 0 512 0 0 0 0 4194304 0 0 0 32768 1048576 2 0 0 4194304 0 0 0 0 0 0 0 0 0 0 0 0 0 8388608 0 0 0 262144 0 8 0 0 0 0 0 0 0 262144 67108864 0 0 0 32 0 32768 0 17825792 0 16778240 0 0 0 8 268697600 0 0 8388608 0 0 0 0 0 0 2 0 0 0 0 0 2147485696 0 0 0 128 0 0 0 0 0 0 0 0 32768 0 0 0 0 4096 0 0 0 0 0 0 0 16 0 0 0 512 150994944 0 0 16384 32 0 0 0 0 17040384 0 4194304 65536 0 0 0 0 0 2048 0 0 524288 1 0 0 0 1073741824 0 0 64 0 0 256 0 4194304 0 512 262144 8388608 0 0 8 0 0 512 4194304 268435456 0 0 0 0 0 0 0 0 16 0 64 0 0 0 0 0 0 0 0 32 0 0 0 0 524288 0 0 4 192 0 0 268435456 0 0 1048576 1073741824 540672 134217728 0 131072 0 0 524288 67108864 0 1073741824 0 0 0 0 0 2144 0 0 0 0 0 0 0 2097152 0 0 0 32 0 0 0 262144 0 33554432 0 0 0 0 0 0 0 0 4194304 0 0 2048 4 0 0 0 16777216 557120 0 0 0 0 0 0 0 0 0 0 16777216 0 0 0 0 0 0 0 0 0 64 0 65536 0 1073743872 40960 0 4 0 0 268435456 0 0 0 0 0 0 0 1048576 0 0 0 268435456 0 0 0 0 16777216 0 0 0 0 128 0 0 0 0 0 8 0 0 0 0 0 0 0 0 0 0 4 0 0 131072 256 0 0 0 0 4 0 0 64 0 67108864 2097152 64 0 0 0 0 0 2113536 0 0 0 536936448 0 0 0 655360 0 0 4 0 0 528 0 0 0 0 0 0 0 0 0 0 0 0 0 1048576 0 0 0 0 4 0 0 0 0 268435456 0 0 0 17 32 524448 0 0 0 0 0 0 0 0 0 0 0 0 4 32 0 16386 8 603979776 0 0 0 0 0 0 0 0 0 134217728 32 0 2048 0 0 0 335544320 0 0 0 0 0 528 0 0 0 16777216 524288 0 0 0 0 0 0 0 0 0 0 128 1048576 0 0 0 0 0 0 0 0 0 0 0 0 1073743872 0 0 0 2097152 0 268435456 0 0 0 8192 0 0 0 0 0 0 16777216 268435456 0 0 16384 0 0 0 0 0 4 128 64 335544320 0 0 0 8 0 0 1 0 0 0 0 0 0 0 0 0 0 132096 0 65536 16777216 0 524288 4 0 0 32768 0 67108864 2097152 65 2 0 0 0 0 0 0 0 0 8404992 4 0 0 0 0 0 16777216 0 0 0 1073741824 0 0 0 0 0 0 0 0 0 0 0 0 0 0 0 0 0 0 0 0 0 0 0 1048576 0 0 4096 0 0 524288 0 0 0 268435456 0 0 0 0 0 0 0 8192 0 0 0 2 0 0 0 0 0 32768 0 0 1073741824 0 0 0 32 0 0 4096 0 0 0 0 0 4096 0 1073741824 0 0 0 0 0 8 0 536870912 0 0 0 655360 0 1048576 524292 0 0 528 0 0 0 0 0 0 65536 134217728 0 0 524288 0 0 512 0 0 0 0 0 0 0 2048 0 0 0 0 0 257 0 0 0 0 0 0 0 0 4194304 0 0 0 33554432 0 4 0 0 0 0 67239936 0 536870912 671088640 0 0 0 0 0 0 0 0 4096 0 0 32768 0 268435456 0 0 134217728 1048576 0 512
is_linear=0
shrinkage=0.1


Tree=63
num_leaves=31
num_cat=18
split_feature=3 13 13 3 30 3 3 3 30 29 3 3 13 3 3 13 3 3 30 15 15 3 28 3 29 30 29 29 6 17
split_gain=30.0621 22.7927 18.8714 34.4822 19.1727 54.88 52.0273 29.2908 38.1062 50.6677 39.6131 33.869 23.816 37.4788 23.2073 22.9712 24.2115 20.17 17.4034 46.9345 50.2311 38.9222 17.2553 15.0813 14.421 14.2551 14.2189 26.0426 13.8214 13.6923
threshold=0 1 2 3 25.500000000000004 4 5 6 29.500000000000004 4418.5000000000009 7 8 9 10 11 12 13 14 30.500000000000004 4.5000000000000009 1.0000000180025095e-35 15 0.004635000368580223 16 646.50000000000011 27.500000000000004 4374.5000000000009 4273.5000000000009 17 59.850000381469734
decision_type=9 9 9 9 2 9 9 9 2 2 9 9 9 9 9 9 9 9 2 2 2 9 2 9 2 2 2 2 9 10
left_child=-1 23 3 -3 6 -6 28 -7 9 11 -10 -9 13 -8 -12 -14 -17 22 19 20 -16 -22 -18 -2 -20 26 27 -13 29 -4
right_child=1 2 4 -5 5 7 12 8 10 -11 14 25 15 -15 18 16 17 -19 24 -21 21 -23 -24 -25 -26 -27 -28 -29 -30 -31
leaf_value=-0.03822984087526185 -0.015718410907414146 0.047930315393022747 -0.047689194408844837 -0.049893607273510505 0.040334111894865403 -0.020615919210484293 0.059015849743320553 -0.0086921937109480357 0.060703830676523164 0.12703893220088788 -0.028040751908150877 0.025870592456864322 0.056591712503181874 -0.047692606591103082 0.18605573113163795 -0.022840783128122037 0.12753856704931851 0.00033089854836922285 0.040879503088276981 0.14819252455061283 0.017968604947251166 -0.067056152773653371 0.019052489992574664 0.079157366724780298 0.0023753710748356063 0.072957567598889439 -0.058413557638573768 0.15304027910432291 -0.0084823361068112387 0.1020243371964539
leaf_weight=192.69735598575789 24.841760735958815 38.639697670238093 331.89597882621456 160.9313712825533 419.49625856406055 466.46292687673122 31.532054493203759 285.04692267812788 92.283675136510283 45.79647271335125 307.09391631768085 349.55958648282103 62.922863407991827 198.29232027719263 10.056641387753187 425.04323260555975 15.212564875837414 10136.759028727654 103.2443223670125 15.16046004835516 77.368971298448741 165.69457415235229 404.62712904554792 54.289965621661395 1681.0921152995434 83.714540054090321 18.376177392434329 16.881075449753553 150.24606284603942 6.2233358037192366
leaf_count=11856 235 733 11344 4048 4870 4925 551 1757 1129 291 5725 2725 1006 5338 50 13302 832 196002 1114 88 1464 5482 10520 1096 21679 578 181 144 3932 247
internal_value=4.24124e-05 0.000521561 0.00024222 -0.0295702 0.000634764 0.00649029 -0.00142427 0.00255621 0.00593365 0.0249124 -0.0002294 0.0187059 -2.53414e-05 -0.0312018 -0.00285752 0.000651043 0.000279318 0.00123094 0.00102785 -0.0227141 -0.0329504 -0.0420117 0.0224487 0.0509512 0.00460328 0.0348169 0.0274244 0.031729 -0.0330427 -0.0449336
internal_weight=16371.5 16178.8 16099.7 199.571 15900.1 4137.33 11762.8 3717.83 3251.37 799.375 2451.99 753.578 11274.4 229.824 2359.71 11044.6 10981.6 10556.6 2052.62 268.281 253.12 243.064 419.84 79.1317 1784.34 468.531 384.817 366.441 488.365 338.119
internal_count=313244 301388 300057 4781 295276 52202 243074 47332 42407 5676 36731 5385 227551 5889 35602 221662 220656 207354 29877 7084 6996 6946 11352 1331 22793 3628 3050 2869 15523 11591
cat_boundaries=0 24 114 203 226 247 271 294 318 340 431 453 477 569 593 617 641 662 663
cat_threshold=2112 150994944 4096 2112 16 33554432 2097216 0 0 134742016 0 0 0 306192384 0 0 8 4194304 0 0 0 2147483680 463960 32896 2 0 0 0 0 16 8 0 8 0 8388608 0 0 0 0 0 0 0 1 0 0 0 0 0 0 0 0 134217728 134217728 0 532480 16777216 0 268435456 0 16777728 0 0 0 33554432 4194304 0 1048576 0 8388608 0 0 0 2048 0 0 134217728 0 65664 0 0 4 0 1073758272 0 0 0 0 0 0 0 0 0 0 0 0 8388608 0 0 0 0 0 0 0 4096 0 0 0 0 0 0 512 33554432 0 2097152 0 0 0 0 32 0 0 65536 0 0 0 0 0 0 0 0 0 67108864 0 512 33562626 0 0 0 0 0 0 4 0 0 32768 0 4 0 0 0 0 0 0 64 0 0 0 2 0 2097152 262160 16384 0 0 0 1048576 0 0 0 256 0 262144 0 0 0 0 0 8 0 4096 65536 0 33554432 0 0 0 0 0 4 0 0 131072 4 0 0 0 0 0 67108864 0 0 32768 68157440 16777216 67108864 0 1024 0 8 0 4194304 570441728 8192 0 268435456 132098 40 0 40960 16 16384 0 0 2156396672 0 128 75497472 7 67108864 4194304 0 4096 0 0 278528 8192 0 128 34880 134217728 0 134217728 6 545570816 262144 1048576 1048576 2222981120 1048577 268435712 0 0 4098 0 2048 278528 1073750016 0 0 0 134221824 0 268435456 2097152 2693062656 4194304 1048594 0 0 32768 16777216 0 0 0 9 0 65536 1049088 83886080 268435456 536936545 2097152 3221258241 384 98304 0 0 2147483648 8 0 0 64 134217728 4194304 0 1048640 268468224 4 0 8192 814022656 268435456 0 276824588 536870913 1024 516 4098 0 0 2097408 0 16777216 2 10485760 0 536870912 16777216 285212672 64 8388610 1024 0 8200 8650752 262144 603979776 0 540672 301989888 10486298 262162 0 0 16 0 32 0 2147614720 2048 0 0 0 0 0 0 0 0 0 0 2147483648 0 0 1 8 524288 0 128 0 0 0 0 0 0 0 0 0 0 0 0 16 16 2048 2097152 0 0 0 0 0 0 0 0 0 262144 0 536870912 0 268435712 0 0 32 1024 16777216 268435456 0 32 0 0 0 532480 4 0 0 0 0 16384 0 0 0 536870912 134217728 0 8 0 1073741824 0 0 0 256 0 0 32 0 2048 0 0 0 8192 0 1073741824 512 150994944 0 0 1024 0 0 1 262144 0 4194304 1024 100663296 2360067 65536 0 0 2147484672 33554432 1048576 0 1073741824 1181696 3758096384 256 1073741824 0 0 0 4194304 512 167772160 71335938 0 603979776 67572736 0 0 0 65536 0 264 0 0 1050624 2105504 512 0 2048 0 0 16 0 16 0 0 8192 0 0 0 0 0 4 0 0 0 2097152 0 0 0 0 1048576 0 0 0 0 16 131072 0 0 0 0 0 0 1090519040 524288 131072 0 5 0 33554432 0 0 0 0 0 0 0 0 0 0 0 0 0 128 0 32 128 0 0 0 0 0 0 0 16777216 0 536870912 0 0 0 8192 0 4 0 0 0 0 0 16 0 0 0 0 0 16777216 0 0 1 33554432 268435456 16777216 260 0 0 0 268435456 1048576 50332424 0 32 2099460 16777224 0 0 388 268500992 336592896 0 134217728 524288 1064960 16 0 0 0 4202512 0 603979776 33817092 16384 33554432 538968064 0 2147483648 16777352 262144 0 1048576 0 8 24 32 268435584 0 2154299424 4096 0 0 8388610 1024 0 0 0 0 67108864 0 540672 33554432 1048616 32 0 0 0 8192 1024 0 2214592512 0 0 33 0 0 8388610 0 0 8 0 262144 16384 0 16384 276824064 3146787 0 0 0 0 8388608 0 0 2147483648 1
is_linear=0
shrinkage=0.1


Tree=64
num_leaves=31
num_cat=17
split_feature=3 9 3 3 3 3 26 26 30 3 15 3 30 30 3 3 3 3 14 3 28 14 3 15 3 3 14 16 30 3
split_gain=27.1232 17.8328 51.368 17.7719 17.0951 15.9583 13.1334 12.9009 12.42 52.7019 41.2468 52.1538 46.4605 53.8362 43.5859 37.6801 35.4046 33.2142 30.0694 26.0938 31.1184 29.9117 56.6696 31.0546 36.1387 31.6425 25.496 25.431 24.9292 46.4963
threshold=0 1 2 3 4 5 119.50000000000001 382.50000000000006 21.500000000000004 6 1.5000000000000002 7 23.500000000000004 31.500000000000004 8 9 10 11 11.500000000000002 12 0.012919137720018627 8.5000000000000018 13 1.0000000180025095e-35 14 15 5.5000000000000009 6.5000000000000009 20.500000000000004 16
decision_type=9 9 9 9 9 9 2 2 2 9 2 9 2 2 9 9 9 9 2 9 2 2 9 2 9 9 2 2 2 9
left_child=-1 2 6 7 -5 -4 -2 -3 9 -6 11 27 14 16 -13 -15 -14 -12 -16 20 -11 23 -23 24 -21 -25 -17 -10 -27 -30
right_child=1 3 5 4 8 -7 -8 -9 10 19 17 12 13 15 18 26 -18 -19 -20 21 -22 22 -24 25 -26 28 -28 -29 29 -31
leaf_value=-0.038211676971330183 0.066489404294533358 0.020265608302461022 0.024217617108219153 -0.03152094773481922 -0.034644002791196303 -0.037834517454172302 -0.078195343030400599 0.20834064463558391 0.037209834748050556 0.17437543420185242 0.041366759299295133 0.0095893577164646165 -0.030639386279107311 -0.025703557239280098 0.094113123392844694 0.032705536608426761 0.013820624103057004 -0.001989999698469446 0.0012351209965902063 0.0085073502172056236 0.02246230526521132 0.015989355710687225 -0.026179664027039463 -0.065982866845180663 -0.026480684895712092 0.0034346367178777846 0.091424088065718223 -0.033992510243216915 0.1009082992602181 0.016618883090408217
leaf_weight=179.85069339524489 79.254811950726435 375.78864629392046 42.482958697713912 161.30941817245912 480.95211538427975 408.05639976332895 6.8131406698375931 3.6829237514175466 61.726227269507945 14.245192614034748 171.35017181397416 174.68778023403138 271.70068255485967 62.583809206262231 217.05657433485612 157.3942506541498 482.25086465151981 6877.0878696519649 41.526637324132025 532.17840638710186 252.42665586969815 445.45284456573427 1075.4189293660456 46.002558571635745 647.27135033463128 1771.91183883138 139.4759714785032 267.74857793480624 63.199998228810728 789.6114788390696
leaf_count=7896 1754 13666 1265 5274 23234 10109 158 116 582 1308 4519 1586 4684 465 2769 1597 8253 91306 644 6278 6758 6210 30194 2289 15875 51145 1324 2793 1241 7748
internal_value=-0.000634798 -0.000191747 -0.0179454 0.000430683 -0.000109553 -0.0315846 0.0493073 0.0215237 0.000247989 -0.00322205 0.00262731 0.0158042 0.023419 0.0127586 0.051354 0.044605 -0.00242446 -0.000880115 0.0762489 -0.00047915 0.0294721 -0.00201823 -0.0138957 0.00266827 -0.0108462 0.00863653 0.058328 -0.0200446 0.010157 0.0242435
internal_weight=16300.5 16120.6 536.607 15584 15204.6 450.539 86.068 379.472 15043.3 6118.67 8924.59 1876.15 1546.68 1113.41 433.271 359.454 753.952 7048.44 258.583 5637.72 266.672 5371.05 1520.87 3850.18 1179.45 2670.73 296.87 329.475 2624.72 852.811
internal_count=313040 305144 13286 291858 278076 11374 1912 13782 272802 152280 120522 24697 21322 16323 4999 3386 12937 95825 3413 129046 8066 120980 36404 84576 22153 62423 2921 3375 60134 8989
cat_boundaries=0 23 24 48 72 96 120 144 168 189 211 235 258 282 305 328 351 365
cat_threshold=1073741824 0 0 8192 0 0 2 150994944 0 1082261576 33554434 262144 16777216 301990016 0 268435456 648 1077936128 0 1048576 0 528416 69468168 24576 0 67108868 0 2048 0 0 2097156 4194304 33554432 0 24576 2818572288 269376 24 0 32768 0 8392704 0 16 0 3147776 0 17 8388608 72 67112960 4194306 0 524288 0 0 0 0 1 32768 0 0 0 0 131072 131072 67111972 2097152 8421376 537165824 138445440 4194852 0 0 268566528 2048 0 272629760 69760 34603008 0 4 24 0 0 8389632 4 32768 68 0 5505280 0 1056 1048576 16384 2304 679477248 0 16777474 264 0 0 537989377 0 524288 17 32768 1 49160 134217728 0 0 16 536870912 524320 0 65536 0 8437760 262144 603979840 4 256 0 0 2 0 256 302268416 0 536936704 805306400 69632 134217728 0 17825792 0 8404992 268435456 2 131072 2099200 536870912 16777217 50331648 67108864 0 256 0 65536 8388608 8192 67108864 4194336 2162688 134217729 33554505 4 0 0 2147483648 8 24 0 134348800 2228224 2684878864 16384 403177472 301989889 32768 1033 0 8200 262144 0 0 0 536887296 3288334464 9569030 65568 0 0 0 33554432 0 0 2147483648 0 2 1073741826 1025 0 0 2097152 16384 0 2097152 16384 2726297600 1179648 65536 0 0 32 0 0 0 2147483648 134217728 2282225664 8388610 1073742080 0 0 8200 0 0 536887296 256 524288 2491416576 7098640 0 0 134217728 0 0 0 4194304 2147483648 2048 65536 16777216 201326592 1048576 64 0 0 131074 301989888 8960 268435456 1024 536936448 32 536870912 0 0 0 2151677952 16384 268435456 2 134348801 2105344 2684354560 33554432 268435456 0 257 536870912 570433536 536871488 0 131072 3146112 4 1 131080 65540 0 0 0 33554432 16 0 2148007936 0 524546 64 0 100663297 1073741824 1040 0 0 136314884 262144 0 0 16384 134217728 35651619 294912 0 0 2147483648 4096 0 0 135266368 0 16 0 549453825 8421376 4096 0 393216 1 16384 524288 2048 2113536 0 16640 0 0 134217728 0 262144 1 16779264 69206016 2281701376 8388720 131072 536870912 134217728 4096 0 131072 136314880 16384 0 0 0 1024 536870916 0 0 134217728 0 36864 524288 16779264 137363456 0 8401008 2550661120 2 0 0 0 0 262144 4194304 0 0 0 1082130432 0 16
is_linear=0
shrinkage=0.1


Tree=65
num_leaves=31
num_cat=15
split_feature=13 13 11 4 30 13 13 18 13 29 1 22 25 13 28 13 30 13 13 13 28 14 14 18 13 13 20 16 28 28
split_gain=23.4524 19.1228 14.1028 13.9396 12.3003 30.0545 18.8042 18.3028 16.0167 15.3219 13.988 13.4004 39.712 18.6407 17.9243 14.6726 12.4405 11.9501 11.8552 11.7524 11.6525 10.9379 9.64461 15.5941 10.7834 8.84808 12.5266 14.8462 19.1513 8.83571
threshold=0 1 2 3 20.500000000000004 4 5 0.036798043176531799 6 3757.5000000000005 7 0.019436364062130455 8.5000000000000018 8 0.026359487324953083 9 39.500000000000007 10 11 12 0.075043257325887694 1.5000000000000002 8.5000000000000018 0.15868666768074038 13 14 15.500000000000002 20.500000000000004 0.020464690402150158 0.12879008054733279
decision_type=9 9 9 9 2 9 9 2 9 2 9 2 2 9 2 9 2 9 9 9 2 2 2 2 9 9 2 2 2 2
left_child=-1 -2 20 4 5 9 -6 25 -8 -4 -9 12 19 -13 18 -14 21 -12 -15 -10 -3 -16 -19 24 -24 26 27 28 -7 -18
right_child=1 2 3 -5 6 7 8 10 11 -11 17 13 15 14 16 -17 29 22 -20 -21 -22 -23 23 -25 -26 -27 -28 -29 -30 -31
leaf_value=-0.042279290001713619 0.036303529038579585 0.20235902603595732 0.17314963709427203 0.028792655520431906 0.045649496987081595 0.017840117242527181 -0.028050500405806159 -0.041703912901808811 0.023967665255528764 0.043874573545787082 -0.025224808449389815 -0.039593975600668102 0.033480029052944525 -0.024916700876344657 -0.02093657445471488 -0.052506552369537857 0.019976894891838862 0.0025820375347033664 0.046034245426108039 -0.0002533282955196736 0.044507495524553013 0.0073992172153512469 0.043637701477942173 0.0095092795222423195 -0.028847283686745797 -0.03429682323465949 -0.10300222194437686 -0.052933760110806187 0.45487177718602373 0.095335587444863923
leaf_weight=120.74433641787618 135.74432713049464 7.3497310080565539 13.484762970940208 154.00804461096413 82.762776124291122 1.6817099746549482 184.05744623404462 90.455373380798846 194.38739223929588 28.641161588719115 220.4388509739656 70.828167905332521 18.690699598519132 24.280336727737449 147.23501772899181 176.87363185884897 39.448558071628213 1637.7438585392665 172.11468810448423 10082.505527532077 12.857659739442168 1822.073373895837 14.46896267402917 200.86835887562484 336.1719970703125 281.3859869602602 2.2908446232322603 2.0022066010860726 2.4834253503941 25.691728412173688
leaf_count=2864 2722 130 298 1729 1151 227 3861 2634 3462 896 6523 983 1172 948 1618 11067 321 34436 4395 150786 152 20536 513 2234 10948 44809 350 196 187 833
internal_value=-9.65231e-05 0.000244185 -8.3261e-05 -0.00021179 -0.000511156 -0.00648494 0.000785785 -0.00784202 0.000463658 0.0689005 -0.00511237 0.000896128 -0.000621588 0.00780553 0.00944558 -0.0452614 0.0067029 -0.00355099 0.0383378 0.000227887 0.0681802 0.0052807 -0.00126385 -0.0127074 -0.0254344 -0.0316581 0.0442999 0.170845 0.278416 0.0496988
internal_weight=16303.8 16183 16047.3 16027.1 15873.1 2832.12 13040.9 2789.99 12958.2 42.1259 2500.15 12774.1 10472.5 2301.67 2230.84 195.564 2034.45 2409.69 196.395 10276.9 20.2074 1969.31 2189.25 551.509 350.641 289.844 8.45819 6.16734 4.16514 65.1403
internal_count=312981 310117 307395 307113 305384 104251 201133 103057 199982 1194 57288 196121 166487 29634 28651 12239 23308 54654 5343 154248 282 22154 48131 13695 11461 45769 960 610 414 1154
cat_boundaries=0 91 180 183 184 268 358 437 438 529 620 710 800 891 974 1064
cat_threshold=0 0 0 8 32 0 0 0 0 131072 2147483648 0 0 0 0 0 0 67108864 262144 0 8192 67108864 0 0 2048 0 0 0 1050624 0 0 0 0 0 0 0 0 0 0 64 0 0 0 1073742080 0 2097152 0 1 0 0 0 1048576 1048576 0 0 0 0 0 16777216 32 0 0 0 0 0 0 0 0 0 536872960 131072 0 0 524288 512 0 0 0 4 0 16777216 128 0 0 0 0 0 0 0 0 64 0 0 0 0 0 16 8 256 0 0 0 0 0 0 4 128 0 0 512 0 0 1048576 0 0 536870912 0 4096 1073741824 0 0 524292 0 0 2129920 16386 0 0 0 0 33554432 8388608 0 1 0 0 524288 2 256 8 0 32 0 0 0 0 0 0 65536 0 0 0 0 0 8388608 0 0 0 0 0 0 0 0 0 0 36 0 0 0 0 0 0 8192 0 0 268435456 0 0 8192 65536 3221225472 2148532352 132 11 0 0 0 0 64 16386 0 0 0 67108864 69206016 0 0 524288 1 524288 1572864 0 0 2097152 0 0 0 0 0 0 0 1049600 0 0 0 0 0 0 0 2 0 0 0 512 0 4 0 0 0 8388608 4096 0 4096 0 0 0 0 0 16384 0 0 128 0 268435460 512 0 4 0 0 0 16777216 0 64 0 134217728 0 0 0 0 0 0 0 67108864 0 0 0 0 4 0 0 0 0 0 0 0 0 8 0 0 0 0 0 536870912 0 0 0 0 0 0 0 0 0 1048576 0 0 0 0 65536 131072 0 2048 1536 0 4194304 0 0 0 262144 0 0 0 0 0 0 0 0 32 0 0 0 0 65536 0 536870944 0 0 0 8192 33554432 8192 0 0 0 0 1073807360 0 33554432 0 0 0 524288 0 4325376 0 0 0 0 0 96 0 0 0 0 0 1048576 33558528 262144 1024 0 0 0 0 0 2 0 0 0 0 0 0 0 524288 0 16777216 1048576 0 1 270532608 0 0 0 0 0 0 1 0 0 0 0 0 0 0 4194336 4 0 0 0 0 0 4 0 268435456 32768 262144 4112 0 0 32 0 0 0 0 0 2 4194304 8192 0 0 512 0 0 65536 2113536 0 16777216 0 0 0 536870912 0 0 0 8192 0 0 131088 32 39979016 0 0 0 0 0 0 0 0 33554432 0 2 0 0 0 0 0 4 0 0 0 0 0 0 0 0 0 0 0 0 1073741824 2048 0 0 0 0 0 0 0 0 0 0 0 0 34603008 0 0 0 268435472 4194304 4194304 536871424 134217760 0 268435456 0 0 0 0 64 16777216 16 32768 128 0 0 16384 0 0 0 0 0 0 0 0 0 0 0 0 0 0 0 4096 0 0 0 0 131072 0 0 8 16 0 0 0 0 64 1024 0 0 0 0 0 0 0 0 0 0 4 0 0 0 0 0 0 0 0 0 0 0 0 1073741824 0 0 0 0 0 0 0 0 0 0 0 0 0 0 0 0 0 0 0 0 0 0 16777216 0 16384 0 0 0 0 0 0 0 0 0 0 2 0 0 0 0 0 0 0 0 0 0 0 0 1536 0 0 0 4 0 0 0 0 134217728 1048576 0 16 256 0 0 0 0 0 0 0 0 65536 0 0 65536 0 0 0 0 0 0 2147483648 0 0 0 0 0 0 0 0 0 2048 2048 0 0 0 8 0 0 0 0 0 0 0 0 1048576 0 0 0 0 0 0 16384 16778240 16777216 268435456 0 288 0 0 1024 8192 0 8192 0 8 8192 2 0 67108864 33554432 128 1 32768 0 0 0 0 0 0 256 0 0 4096 0 0 67108864 0 0 0 0 2098176 0 0 0 0 0 0 0 0 0 536870912 0 0 0 0 0 0 0 0 0 0 0 0 0 0 0 64 65536 0 0 0 0 0 4 0 0 0 0 0 0 0 0 0 0 0 0 0 0 0 0 128 0 0 0 0 16384 0 0 0 0 0 0 0 0 0 0 2 0 69206016 0 0 1 0 0 0 1073741824 0 0 0 0 0 2048 0 0 0 0 0 0 0 1048576 1073741824 0 0 0 0 0 512 0 0 33554432 0 4194304 32 128 131072 0 0 0 0 0 16 33554432 0 0 0 0 64 0 0 0 0 2048 0 2 1048576 0 0 0 0 0 0 0 0 0 33554432 0 0 0 268435472 0 8 134217728 134217728 16777216 0 16384 0 0 0 0 0 0 0 0 0 8192 0 0 536870912 0 0 16 0 0 0 0 64 0 134217728 0 0 67108864 4096 524288 0 0 0 0 0 0 0 2 0 0 0 0 0 0 0 0 0 0 2 0 0 0 0 0 4 0 0 1073741824 0 0 0 0 0 0 65536 0 0 0 8192 0 0 0 0 0 4 0 2 0 0 0 0 0 0 0 0 0 0 0 0 0 0 0 0 0 0 0 0 0 0 0 0 0 0 0 0 0 0 0 0 0 0 0 1073741824 0 0 134217728 32 0 2048 0 4 0 0 0 0 524288 0 0 0 0 0 0 0 0 0 0 0 4 0 0 0 0 0 0 0 0 0 9 0 0 0 0 0 0 0 0 0 0 0 0 0 0 0 0 0 0 262144 0 0 0 0 0 0 0 268435456 0 0 0 0 1024 0 0 8192 0 0 0 0 0 0 0 0 0 32768 0 0 1073741824 0 0 16 0 0 0 0 0 0 0 0 16777216 0 0 2098176
is_linear=0
shrinkage=0.1


Tree=66
num_leaves=31
num_cat=26
split_feature=3 13 3 13 3 3 13 14 3 3 3 3 13 13 14 3 3 3 13 3 3 13 17 13 3 13 3 3 30 3
split_gain=27.9239 25.2444 20.2221 19.3252 16.848 16.7009 16.3474 14.4972 52.8161 51.4159 46.7041 36.8483 40.4684 33.2926 32.4567 50.2609 45.5981 28.1934 26.3282 25.9499 21.2573 20.7276 22.9063 19.7778 17.0851 16.492 18.8357 16.3437 22.6086 15.4813
threshold=0 1 2 3 4 5 6 6.5000000000000009 7 8 9 10 11 12 8.5000000000000018 13 14 15 16 17 18 19 68.049999237060561 20 21 22 23 24 38.500000000000007 25
decision_type=9 9 9 9 9 9 9 2 9 9 9 9 9 9 2 9 9 9 9 9 9 9 10 9 9 9 9 9 2 9
left_child=-1 2 -2 5 -5 -3 -6 8 -8 23 -10 -11 29 24 15 -14 -16 -17 20 -18 -15 -21 25 -9 -12 -23 -27 28 -20 -13
right_child=1 3 -4 4 6 -7 7 9 10 11 13 12 14 18 16 17 19 -19 27 21 -22 22 -24 -25 -26 26 -28 -29 -30 -31
leaf_value=-0.039142204054351447 0.039970145180564437 -0.027198040270034387 -0.057198604112432085 -0.031488280030266873 -0.050159841323387591 0.06076433738542724 0.035283782286128718 -0.045895623782391815 -0.032774117804340253 -0.021302966659173576 -0.02693087198457781 -0.02292644100711861 0.033360877575766189 0.030407742091269653 0.02819266703227823 -0.025934332341455896 -0.019766497719846496 0.0083661269874653714 -0.024622648311978589 -0.04915343277312284 -0.060320826345711634 0.026956971944327498 0.15454918906252113 0.034881782971149577 0.069327209412777924 0.027763012817826657 -0.0053789191772344886 -0.00044389087793386938 0.067099652928190007 0.06806196599851598
leaf_weight=173.39235275855754 21.004647623980418 25.253963617840782 118.20885163196363 156.26509997167159 53.412767070229165 86.154073283309117 349.91044103889726 25.155404813587666 512.93837197113317 639.6789168874966 21.411525141447783 21.831279052887112 731.14674145844765 28.954015406547114 408.04945804039016 292.73688385763671 1057.1473977516871 1140.2327860712539 472.02451771590859 76.315927445422858 124.49937463121023 198.5435683906544 9.6435286246705783 605.48306523519568 89.92453537217807 177.99711199221201 1957.2826560119865 6574.0033932740334 28.495764909312129 124.83793064847123
leaf_count=9703 444 573 4092 7813 1958 1499 7240 753 12582 14357 213 589 10379 422 5872 4677 16062 21866 10539 1407 2669 4168 142 16596 1590 4424 35719 111729 965 2491
internal_value=-0.0003414 9.99412e-05 -0.0408415 0.000481708 0.000177689 0.0402272 0.000512248 0.000716872 -0.00218478 0.00390556 -0.00389442 0.00135909 0.00372938 -0.0018342 0.00242546 0.0122438 -0.00303758 0.00122783 -0.00270264 -0.00676437 -0.0423889 -0.00102606 0.00074342 0.0309936 0.0501215 0.000111069 -0.00249967 -0.00178319 -0.0190207 0.0539197
internal_weight=16301.9 16128.5 139.213 15989.3 15877.9 111.408 15721.7 15668.2 8202.16 7466.08 7852.25 6835.44 6195.77 7339.31 6049.1 2164.12 3884.98 1432.97 7227.98 3476.93 153.453 2419.78 2343.47 630.638 111.336 2333.82 2135.28 7074.52 500.52 146.669
internal_count=313533 303830 4536 299294 297222 2072 289409 287451 147949 139502 140709 122153 107796 128127 104716 36922 67794 26543 126324 61922 3091 45860 44453 17349 1803 44311 40143 123233 11504 3080
cat_boundaries=0 24 115 138 229 252 273 364 388 412 436 459 548 638 661 684 708 795 819 841 931 1018 1039 1129 1153 1177 1190
cat_threshold=2048 0 198656 320 0 2147483648 1050624 16777216 131072 3221225472 524322 128 1073741824 33562626 0 0 0 2147483648 257 0 0 2097312 33554440 40960 0 0 0 0 0 0 0 0 0 32 0 32768 1024 1 8388608 0 0 67108864 0 0 2 0 0 0 0 0 0 4 1048576 0 131072 0 0 0 0 0 0 0 0 64 0 0 0 100663296 0 2097152 0 268435456 0 32 0 32 16777216 2 0 0 0 8192 0 0 16 0 0 32768 0 0 0 0 0 8 536870912 0 0 0 0 0 0 0 0 268435456 0 4096 0 0 0 0 131072 0 0 0 16 134217728 0 1082130432 1024 0 0 0 0 33554432 0 9216 67108865 2233538 0 0 1048576 570425344 8388608 0 0 524288 2048 4112 2 0 0 0 0 0 1048576 256 33554432 67108864 0 0 134217728 0 0 0 16 0 0 0 0 1048576 0 1073741824 0 0 0 0 134218240 0 2048 0 0 268435456 0 0 0 0 0 0 8388608 129 0 0 0 524288 2 0 8 8 0 0 0 64 0 256 4 0 0 0 0 0 0 536870912 0 0 16777216 0 0 0 134217728 0 0 0 32 0 0 0 0 0 0 0 0 0 0 0 0 0 0 0 64 33554432 2097216 16384 2228224 32768 4526080 8192 167788544 0 285343744 16 33792 0 268435584 4 0 2097152 0 8 0 8454144 268500992 2176 134217728 6 1073774848 0 0 8192 0 0 603979776 0 8192 41943040 196608 134217760 0 0 0 8388608 0 0 8388608 0 0 0 0 262176 2 0 0 0 0 0 0 0 0 0 0 0 384 0 0 0 0 0 0 0 65536 0 0 0 0 0 0 0 0 4194304 0 0 262144 0 0 0 536870912 0 0 0 0 262144 0 0 0 524288 0 0 0 0 0 128 0 0 2048 0 0 4 65536 0 33554432 0 0 0 0 0 0 0 524288 0 262152 0 136314880 4 0 0 0 16777216 0 268468224 0 272629760 0 32 8388608 1048576 2155872256 4194568 67112960 6144 0 32768 258 67108864 67108864 65536 0 33554432 8454152 1032 0 0 0 4456448 262144 2099200 131072 201334784 256 8 807403520 403701760 8388608 0 0 0 167776256 541065216 570441728 4194308 0 0 33688064 134217728 0 0 0 0 2 0 2148532224 131072 2151694336 34 2228224 402653184 0 0 0 8192 134549504 541065216 570425344 541065220 0 0 35783168 4 0 8192 1024 0 2 0 1081408 0 2155970560 32 150995008 12582912 67108864 2048 0 268435456 4194314 0 67108864 0 0 1174405120 1048712 33792 0 134217728 0 1073754112 262144 2097152 131072 134225920 256 0 0 0 0 64 2097152 0 8 0 16842756 0 0 0 524288 0 0 0 0 0 524288 0 0 0 0 537919488 64 1 0 0 0 0 0 131072 0 0 0 0 0 0 0 0 0 0 0 32768 537919488 0 0 1073741824 0 16384 0 0 0 0 0 0 0 0 0 0 2129920 2 16384 0 2 0 0 0 0 0 0 0 0 1073741828 0 8388608 131072 288 0 0 0 0 0 0 32768 0 0 1024 0 0 8388608 16777216 0 16400 0 0 0 8192 2147483648 0 0 0 0 0 0 0 0 512 0 0 0 0 2048 0 0 0 0 0 32768 0 0 0 0 512 0 0 0 2560 0 0 0 268435456 0 0 0 0 0 0 0 134218752 0 0 0 0 4194304 0 64 16777216 0 0 0 0 0 0 0 0 33554432 134217728 0 0 0 0 0 0 0 0 512 8 4096 0 0 0 67108864 0 0 134221824 67108864 1073741824 0 0 2 1 16384 8192 545259520 0 0 0 2097152 679477281 4718912 20 0 0 32 8388608 4096 32 2099232 2147483648 536870916 131072 2 268435712 16 2048 0 0 262656 0 0 536944640 0 18878464 262144 0 16777216 16 536870912 268632064 0 469762112 553650176 557088 2147614720 259 268439552 8194 536870912 0 2097152 8704 268435456 512 8192 268435456 32801 327680 0 0 65536 574619648 524288 0 0 1050624 32800 1 0 0 0 0 0 2097152 0 0 0 65540 0 0 128 524288 0 16777216 1048576 0 262144 0 0 0 0 0 0 0 4096 0 0 0 0 0 4 2097152 0 0 0 0 536870912 0 0 0 0 0 32768 0 16777216 256 0 0 0 0 0 0 0 0 0 0 1024 0 33554432 2129920 0 0 16384 16384 0 0 0 0 0 0 0 0 1073741828 0 0 0 288 0 0 0 0 4 0 0 512 0 33554432 32768 1 16384 32768 545259776 0 65536 512 2129920 1 4457472 16 0 32768 33554464 8388608 16782336 0 2097152 67371008 538968068 4210688 524288 0 1082130434 9216 0 0 0 0 0 8960 270336 67108864 32 32 0 0 0 8388608 1573888 0 136314880 1048576 0 0 0 0 0 0 0 0 0 0 2147516416 0 0 0 1 0 1048576 0 0 1073741824 0 0 0 0 0 0 69632 1024 0 0 0 0 0 0 0 0 0 0 0 0 0 0 0 1342177280 0 0 0 0 0 128 512 1024 0 0 0 32 4194312 128 1024 16777248 0 0 0 0 0 0 0 67108864 0 0 0 32768 0 4194304 536870912 0 4 1024 1536 0 0 0 0 0 0 0 0 8192 0 1073741824 0 0 0 0 64 512 0 0 64 65536 2147483648 0 0 0 0 17301504 1048576 0 0 0 0 0 0 0 0 64 0 0 0 1073741824 0 0 4 0 0 0 0 0 0 0 0 0 0 268435456 0 0 0 0 0 0 0 1024 0 128 0 0 0 0 0 8192 0 0 0 0 2105344 0 0 0 33554432 0 0 0 16777216 0 0 0 4 131072 32 0 0 0 0 133120 0 0 16777216 0 8388608 0 1024 0 0 0 0 16384 0 0 8388608 32 32 0 0 0 8388608 0 0 2147483648 0 0 0 524288 524288 0 0 0 64 0 0 0 65536 0 8 524288 0 0 0 0 0 0 0 4 0 0 0 0 0 0 40960 0 4 2097152 0 0 2097152 0 0 0 64 4 1048576 0 0 0 4096 273 0 0 0 0 0 268435584 16384 0 0 0 0 0 262272 0 0 0 0 0 0 0 167772160 0 1 0 16777216 0 0 0 0 0 0 65536 0 0 0 0 0 0 0 0 327680 1024 128 603979776 0 4202496 0 2621448 2457616 8192 0 536870928 256 536870912 32768 4096 0 131072 1024 0 1574916 0 0 0 196672 4612 524288 537919488 134217986 0 16384 16 268599296 2304 16384 67108864 536879104 0 0 134221888 0 32768 2 545259520 0 0 134217728 16809984 2244608 4096 0 67108867 2 1 0 0 0 262144 0 2097152 8192 939524097 524608
is_linear=0
shrinkage=0.1


Tree=67
num_leaves=31
num_cat=22
split_feature=3 13 3 13 3 3 28 3 13 17 16 3 13 3 3 13 3 3 29 29 29 3 3 3 13 13 3 17 28 3
split_gain=25.1399 21.168 25.4467 20.1932 17.2264 15.3367 16.7806 15.3033 14.2791 11.9489 11.1354 48.75 41.2142 36.8992 32.6923 31.3767 26.2319 25.9702 25.2315 32.5348 42.1141 40.2766 30.8396 28.9046 24.9212 24.3412 19.8924 19.8685 21.9085 17.4019
threshold=0 1 2 3 4 5 0.014934666454792024 6 7 45.149999618530281 21.500000000000004 8 9 10 11 12 13 14 4254.5000000000009 3934.5000000000005 3778.5000000000005 15 16 17 18 19 20 34.750000000000007 0.004635000368580223 21
decision_type=9 9 9 9 9 9 2 9 9 8 2 9 9 9 9 9 9 9 2 2 2 9 9 9 9 9 9 10 2 9
left_child=-1 2 -2 7 -5 6 -6 -3 -7 -9 14 -12 -13 -14 -10 17 25 -16 19 20 21 -15 -20 -21 29 -17 -26 28 -27 -18
right_child=1 3 -4 4 5 8 -8 9 10 -11 11 12 13 18 15 16 24 -19 22 23 -22 -23 -24 -25 26 27 -28 -29 -30 -31
leaf_value=-0.036731012581615617 0.046289293075806592 0.090293071083149934 -0.045609806894992617 -0.041452307446596143 0.079922519835126785 -0.040301385206262363 0.012829761878814192 -0.026571746011121472 -0.02214426418946298 0.060010235188324247 0.034594869352660353 0.062666548175451517 -0.036608354234953844 -0.029059024441662307 -0.031859564019464957 -0.057734526691686931 0.033781435421953866 0.060846394208663696 0.016613918814677723 -0.0076414476824588837 -0.024513522890969797 0.017669501873178364 -0.021656565200207603 0.02997366082193851 -0.020315367738773377 0.14140162962859978 7.5584019260647737e-05 0.099865857478839234 0.018496547294979768 -0.051126919085477618
leaf_weight=175.629177542869 29.264752707676962 36.007335018832237 175.30162379995454 87.727422387921251 40.832646680879407 76.944342160015367 428.24532779457513 37.797079752432182 702.84701093530748 27.56327745411545 469.80444417963736 95.467567369458266 256.80252816900611 218.49662154284306 34.65300155733712 24.861081152339466 24.198866956634447 136.12673595140222 282.34274070430547 274.45513391250279 550.43619645666331 966.75448332447559 765.41181186283939 794.23069860611577 496.80295966775157 15.240362787037155 8551.2408222748199 39.274072716478258 299.97836759919301 150.51158533140551
leaf_count=9977 459 391 4762 6122 2254 2079 8645 1037 13740 636 8856 1636 7894 3472 540 1301 426 2915 5867 4743 8058 16337 13106 15828 15096 1505 140332 1536 10418 3015
internal_value=-0.000140583 0.00028148 -0.0309183 0.000702467 0.000402811 0.00066299 0.0182804 0.0431354 0.000108629 0.00862183 0.000340314 0.00439923 0.000940615 -0.000642197 -0.00147042 3.90187e-05 -0.000737293 0.0413136 0.00184407 0.00679576 -0.00165597 0.00895918 -0.0113918 0.0205225 -0.00180877 0.0246897 -0.00106522 0.0318956 0.0244388 -0.0381742
internal_weight=16265.3 16089.6 204.566 15885.1 15783.7 15696 469.078 101.368 15226.9 65.3604 15149.9 4674.2 4204.4 4108.93 10475.7 9772.89 9602.11 170.78 3852.13 2804.37 1735.69 1185.25 1047.75 1068.69 9222.75 379.354 9048.04 354.493 315.219 174.71
internal_count=312983 303006 5221 297785 295721 289599 10899 2064 278700 1673 276621 85797 76941 75305 190824 177084 173629 3455 67411 48438 27867 19809 18973 20571 158869 14760 155428 13459 11923 3441
cat_boundaries=0 24 115 138 225 249 272 294 382 405 494 517 541 630 654 676 700 724 748 840 931 954 977
cat_threshold=2048 1073742848 67119104 0 0 268500992 0 134225920 0 101712064 0 0 16777216 301991936 0 0 32 73728 0 0 0 4128 276889608 32777 0 2048 0 0 96 0 0 0 0 73728 0 0 0 0 0 0 0 0 262144 2147483648 0 0 0 4194304 0 0 0 0 0 0 4227072 0 0 0 32 0 0 0 0 0 524288 4 0 268435456 0 2097152 0 0 0 0 0 134217728 17825792 130 16384 0 0 128 0 0 0 0 16 8 2097152 0 16777216 0 0 0 0 0 0 0 0 0 0 0 0 0 0 0 0 0 67108864 0 0 0 0 0 64 268435456 0 1073774592 0 0 8 33554432 0 33554432 0 598016 1140850689 8654912 65608 0 40960 0 16384 0 0 0 0 32772 0 0 0 0 0 0 16 8 33554440 0 8421376 0 134217728 0 0 0 0 0 0 16384 0 0 0 0 0 0 4096 0 8 0 524292 0 2048 0 0 16777216 0 0 0 33685504 0 0 1048576 262144 0 524288 16777216 0 2048 0 0 524288 0 268435456 0 0 0 0 0 0 262144 0 128 0 0 0 0 0 0 0 134217728 0 16777216 0 1610612736 0 0 0 0 4096 0 0 0 0 0 0 512 0 0 1024 96 32768 4228096 16779264 8388608 0 285212672 16 32768 0 1216 4 0 0 16384 9 0 0 54558720 68173824 3072 0 0 4096 8192 536870912 33554432 1073807365 16384 0 4 0 2684354560 2048 0 0 0 2 33947648 67115012 32 2097153 536879104 1096818816 268435456 8388612 8421376 1032 0 0 0 0 100663296 0 16384 0 196896 48 0 0 0 8388608 0 0 0 1048576 0 0 2 0 268697600 2097152 0 0 0 0 67108864 0 0 131072 0 0 0 0 64 1048576 0 0 0 0 0 0 0 0 67108864 0 0 0 0 0 0 0 64 0 4096 0 0 0 0 1140850690 0 0 262144 0 0 0 0 0 4194304 0 0 256 128 0 0 0 1024 0 4194305 65536 0 0 0 0 134217728 0 0 0 0 0 0 0 0 0 1024 268435456 0 0 0 256 0 32776 4194304 8388608 19529728 8388866 2 256 0 16777216 2363392 20971520 65536 2050 786432 0 397320 0 0 16785408 0 0 272630784 0 32768 2147483648 33554432 0 0 0 0 16 0 0 0 16384 0 0 0 0 0 8 128 1048576 0 0 0 0 0 0 0 0 64 65544 0 0 0 0 0 131076 2097152 0 0 0 0 0 2048 0 0 0 33554432 0 0 0 0 0 0 0 0 0 0 512 32 0 0 8389696 0 128 2097152 0 0 16384 16384 0 0 0 0 0 0 0 0 0 128 4 0 32 0 0 0 0 0 0 0 0 4096 67174400 536870976 0 268435456 2048 0 536870920 512 0 268435456 2171136 256 134217729 2163200 134217730 0 1048576 0 3758096384 327680 0 2147614720 2228352 16 2228224 8388929 1073741824 256 0 16777216 2363424 0 1245184 2050 262144 32 1052676 8 0 32 16 32768 272629760 0 32768 0 33554432 16 0 0 0 0 0 0 0 0 576 0 0 0 0 32768 8388608 16777216 0 128 0 0 0 0 0 0 0 0 1 1024 0 0 0 0 0 0 0 33554432 4 0 0 512 0 128 0 0 32768 262144 0 268435457 0 128 0 0 0 0 0 0 0 0 0 8224 0 0 2 536870912 0 0 0 0 0 0 0 0 0 0 4 0 0 0 512 8 0 0 0 4 0 0 1048576 8192 262144 0 0 8 2050 0 0 134217792 0 268435456 2367488 12544 1 1073742336 134217728 0 1048576 256 3225419776 327712 2097152 2147483648 2228224 536870928 262146 0 67108864 8388608 0 0 524296 0 0 67125248 32 8192 1384120320 288 38 0 16777216 0 1073741824 48 0 131072 2147483648 1375731840 1 32776 0 0 262144 33856 262144 67108864 0 8192 41943168 1073741920 8388624 0 134217728 33554688 4194304 256 2097152 134219776 0 2 4194304 411041792 234881025 8388608 1036 0 0 536870912 256 1048576 541065217 2170881 1082130464 67109888 48 0 0 0 0 16 0 0 0 32 36 75497472 100663296 256 5134 0 16 12582912 67108864 603979776 32 539009024 160 0 0 0 0 0 8392704 16 0 0 1048576 536907776 4 0 0 8388608 0 524288 0 0 0 0 0 2147483648 0 0 0 0 0 0 0 0 524800 33554432 0 0 1073741824 2048 0 65544 0 0 0 0 0 4 1024 0 0 0 0 0 0 0 0 0 33554432 0 0 4096 0 0 0 0 512 0 0 0 0 8 0 1088 0 32768 0 262144 0 0 134217728 0 0 0 0 16 0 0 0 0 0 4 0 32 0 4096 4096 0 0 0 0 16908288 4096 0 0 528 1 0 0 0 0 0 0 0 0 0 536870912 2147483648 0 0 524288 0 524416 0 0 0 0 0 0 0 0 536870912 0 8 0 0 0 0 0 0 0 0 0 0 0 0 0 0 0 0 1048576 0 0 0 256 0 0 0 1049600 0 0 0 0 0 0 1024 0 0 0 0 0 0 0 2 67108864 0 8 1 32768 0 0 32 0 4 0 32 65536 0 0 0 0 0 0 0 0 67108864 0 1 403177472 268435456 0 4194304 0 2147483648 130 16777216 536870912 36872 524324 67108864 8 65536 0 40960 1024 0 1573888 1048592 64 2155937792 1024 403177472 16 256 0 0 0 8388608 16777216 536870912 0 0 75497472 1408 0 0 134217728 512 8388608 0 0 0 2147483648 134217728
is_linear=0
shrinkage=0.1


Tree=68
num_leaves=31
num_cat=22
split_feature=3 13 3 3 3 13 13 3 30 3 3 13 13 3 27 3 20 3 3 13 3 29 16 13 3 3 27 13 23 27
split_gain=20.9997 20.1865 35.6343 18.8043 17.17 20.7376 18.6585 33.3577 14.0663 52.6751 38.9403 25.96 24.3843 23.6731 20.5481 20.2655 20.6126 110.835 39.8072 34.0873 26.2801 24.5917 20.0157 19.9589 26.5977 19.7328 18.4541 18.0831 16.3396 15.5563
threshold=0 1 2 3 4 5 6 7 24.500000000000004 8 9 10 11 12 0.0054151802323758611 13 -1.0000000180025095e-35 14 15 16 17 3635.5000000000005 29.500000000000004 18 19 20 0.37517122924327856 21 35.500000000000007 0.10332229360938074
decision_type=9 9 9 9 9 9 9 9 2 9 9 9 9 9 2 9 2 9 9 9 9 2 2 9 9 9 2 9 2 2
left_child=-1 2 -2 -3 5 -5 7 -6 10 14 -8 -12 -13 -11 -10 -14 17 21 19 -18 28 29 26 24 -15 -19 -23 -22 -20 -17
right_child=1 3 -4 4 6 -7 8 -9 9 13 11 12 15 23 -16 16 18 25 20 -21 27 22 -24 -25 -26 -27 -28 -29 -30 -31
leaf_value=-0.026415314011260457 0.057737369684064593 -0.03702255376008972 -0.053485882060517312 -0.034130371535569227 -0.033106290957780109 0.025500799477966626 -0.034042727259721538 0.053644007935818375 0.14337104078795163 -0.023283171801035733 -0.038784084315807404 0.056048193597981327 0.029591888021070042 -0.016470342192017626 0.036371737923536374 0.10973772992434834 0.065513604086825633 -0.040402364256636264 0.02849085591441862 -0.020801521213222689 -0.029016120529876555 0.021818784552107482 -0.041178837745991903 0.0017549406296818407 0.06316564988816635 -0.0084925354588602942 0.10668844470414303 -0.00084536933340277121 -0.10768477914004577 0.042656102869491057
leaf_weight=296.46579661918804 28.169722666963935 123.20050855784211 143.84985269967001 58.906436165096238 56.110651097726077 466.73664506734349 367.37214449548628 148.19384924159385 18.992236394667998 356.41154674068093 171.07674074999522 65.50290839234367 201.45438125124201 63.185767956078053 326.34320740075782 48.956597276497632 38.110939424484968 310.17065359745175 374.60041179019026 1528.3434031573124 229.29369171988219 960.33306043595076 49.345444736070931 4226.2413094983203 112.8719458677806 537.66396055545192 26.322717737406492 4813.7674698502524 9.0236030311789346 117.63846263661981
leaf_count=10778 440 5586 3861 2839 895 14034 16192 2850 499 3694 3810 1382 6279 619 4027 908 452 6055 10811 27049 6432 10515 527 49335 1545 16180 191 103169 1317 858
internal_value=-0.000486202 1.14227e-05 -0.0331007 0.000392485 0.00070981 0.0183058 8.793e-05 0.0293856 -0.000331738 0.00392857 -0.0025399 -0.00128204 -0.000552089 0.00114476 0.0410671 -0.00101324 -0.00172693 0.00708793 -0.00431397 -0.0182993 -0.000242842 0.0264886 0.0209745 0.00317074 0.0352358 -0.0205013 0.024083 -0.0021811 0.0246453 0.0623691
internal_weight=16274.7 15978.2 172.02 15806.2 15683 525.643 15157.3 204.305 14953 5104.05 9848.98 9481.6 9310.53 4758.71 345.335 9245.02 9043.57 2050.43 6993.14 1566.45 5426.69 1202.6 1036 4402.3 176.058 847.835 986.656 5043.06 383.624 166.595
internal_count=313129 302351 4301 298050 292464 16873 275591 3745 271846 59719 212127 195935 192125 55193 4526 190743 184464 35234 149230 27501 121729 12999 11233 51499 2164 22235 10706 109601 12128 1766
cat_boundaries=0 24 111 134 158 182 272 353 376 398 422 512 602 625 649 672 694 786 810 901 922 945 1036
cat_threshold=0 0 131072 66 16 131072 2097280 135266304 268435456 50331904 4104 67108864 4210688 33554560 0 0 2097154 4224 1 16 131072 32 163840 64 0 262144 0 0 48 0 0 0 64 0 0 0 0 524288 0 0 4 67108864 0 0 2147483648 0 0 0 2048 0 0 4 536870912 2048 32768 0 0 0 4194304 0 4 268435456 0 64 0 0 0 33554432 32768 0 0 0 0 0 512 0 1048576 0 0 0 0 0 0 8192 0 0 0 32768 0 0 0 0 0 0 0 0 0 4194304 0 64 0 2097152 516 8 1048576 0 0 0 0 0 32768 524288 33554432 1140850944 0 0 805314568 1024 4194304 0 2101760 262144 1073741824 2097280 65552 0 0 4 32768 525440 16777216 1048576 0 4194368 0 572522496 71680 196608 32768 4202498 16777216 100665344 0 594432 4 0 33554432 64 0 0 64 536870912 524288 0 0 37748736 268435456 16780288 1149239296 256 0 10249 0 0 167772672 20971520 0 4 0 268436480 2147483648 262144 0 16777216 16 0 4104 32 2097152 2148532224 640 16898 0 0 0 0 64 0 0 0 0 0 2 0 65536 0 0 524288 0 0 0 0 33554432 0 0 0 0 64 0 0 0 0 0 0 4 2097152 0 0 0 0 0 0 0 4 1048576 268435712 0 0 0 268435456 0 0 0 0 0 128 0 0 128 0 0 268435456 33554432 0 0 0 0 16386 0 67108864 0 0 0 0 16777216 0 1073741824 0 4 0 0 65536 0 4096 0 0 67108864 0 16777216 8192 0 1073741824 0 0 0 0 0 0 0 0 0 67108864 8388610 0 0 0 0 17825792 1048576 16384 0 0 0 0 0 0 0 0 0 1073741824 134217728 0 8192 0 0 0 16386 0 0 0 0 33554432 0 1 0 262144 0 262144 0 0 8 0 0 16777216 0 0 8388608 0 4 0 1073741824 0 33554432 0 262144 8388608 0 0 0 603979776 0 0 0 8388608 0 0 544 0 0 0 1024 0 32 2148007936 75497474 0 1024 0 0 0 0 16384 4194304 8192 2155872256 9443378 65536 0 0 0 0 32 0 2147483648 2048 4096 134348864 268435456 0 4194304 16384 0 8388608 0 1851392 0 536870912 134217888 536870912 134217728 0 134217728 4 8437760 268437504 3145728 65568 2048 131136 268435473 1073741824 0 0 4112 8388608 0 278528 1073741824 65536 536870912 0 134217728 0 134217728 4 2155905024 16777216 0 201393153 294912 0 12 0 0 8388608 0 0 0 0 65536 0 0 2147483648 0 0 1 0 0 16 128 0 512 2 0 0 4 0 0 65536 0 0 0 16 0 0 0 0 0 128 0 0 0 0 0 0 0 0 0 4096 16 0 0 0 32 0 0 16384 288 4194304 0 1024 16777216 4 0 0 0 0 0 0 0 0 0 0 0 0 0 1610612736 0 0 134217728 0 0 0 0 0 2048 32768 32768 0 12288 262144 1073741824 0 2048 0 0 0 0 0 0 0 0 4194432 0 0 32768 0 0 0 0 1 2097152 8192 0 0 0 0 0 0 0 0 0 0 0 0 0 0 268435456 0 0 0 0 0 0 0 268435456 0 0 0 1 0 4194336 134217728 0 0 0 0 0 0 128 0 36 128 32768 4 16384 0 0 0 0 0 8 0 0 8192 0 0 0 0 262144 0 0 0 0 0 0 0 0 16908800 0 16777216 2097152 50331648 0 0 4096 0 570490880 4194564 0 0 1049728 16385 0 128 73728 0 0 2147483648 33554440 0 16777216 64 671088640 1208028160 0 0 0 16 0 34144256 4329536 256 0 4194304 1 32768 65544 8462340 0 0 2147483648 33554440 131074 0 2112 131072 2428928 4096 0 8388608 33026 4096 536870912 25165832 65540 278528 34144256 0 2113536 33554560 557056 0 0 8192 0 0 2352 2097152 2147483648 2048 16 557056 1082131456 256 4 0 159645704 0 0 524288 1048576 2097152 160 536909824 32768 0 8192 0 1073741824 67584 3145728 0 2048 0 0 0 0 67633152 0 0 0 0 0 2097152 0 0 0 0 128 0 0 262144 2147483648 0 0 0 0 0 0 4096 0 0 0 0 0 2048 0 0 0 0 0 2 0 0 0 0 0 8388608 0 0 268435712 0 0 16384 1024 0 0 0 0 0 0 64 0 0 2097152 0 0 0 4096 1 0 64 2048 536870912 0 0 0 0 0 0 131072 0 0 0 0 0 0 0 0 0 0 0 1024 1 1 16777216 4194304 8388608 0 0 0 262154 1024 0 429059 0 2147483648 25165824 1042 0 0 0 131072 0 0 0 671088640 167798790 262160 0 0 0 2 524288 0 0 0 0 65536 0 0 0 0 0 0 0 0 0 512 0 0 0 4 16 0 0 0 0 0 16 0 4 2097152 0 0 0 0 536870912 0 2097152 0 0 0 0 0 0 268435472 0 0 16384 134217728 0 128 0 288 0 65536 1024 16777216 4 0 16 0 0 16386 0 0 0 0 0 0 0 0 1073741824 0 0 0 0 0 0 4096 0 0 0 32768 0 8192 0 1073741824 512 2148007936 2 8388864 1280 0 0 0 0 67108864 0 0 3766484992 724051 4 0 1048576 0 0 0 0 1048576 2147483648 67108864 8388608 4194560 0 0 262144 0 0 32768 536870912 1073741825 27395172 1042 0 0 4195360 131072 0 2 0 671088640 16785472 0 0 0 0 0 0 0 0 0 65536 2129920 0 0 0 0 0 0 0 262144 2147483648 0 0 0 0 0 64 4096 1048576 1073743872 0 0 0 0 269484032 0 2097152 0 0 0 0 2097152 0 1048576 0 0 0 0 256 16384 0 536887296 1024 16777216 0 0 0 0 0 64 0 0 2097152 16 0 0 0 1073741832 0 0 2048 134217729 0 0 0 0 0 8388608 0 0 0 0 0 0 0 0 0 0 0 0 0 1
is_linear=0
shrinkage=0.1


Tree=69
num_leaves=31
num_cat=21
split_feature=3 13 3 13 3 3 14 1 3 13 3 3 27 13 3 13 13 3 14 13 9 24 23 23 24 23 28 3 13 3
split_gain=25.115 22.5793 22.9969 19.1141 22.4927 14.8963 14.0514 13.4358 12.9466 14.7289 19.6634 11.629 16.9408 13.4806 36.6593 13.0703 11.7812 15.3479 11.4822 11.4401 13.9656 12.2033 16.3637 11.0528 12.9793 16.2008 11.4395 42.4196 25.9191 32.6248
threshold=0 1 2 3 4 5 11.500000000000002 6 7 8 9 10 0.17787720263004306 11 12 13 14 15 10.500000000000002 16 17 1.0000000180025095e-35 4.5000000000000009 235.50000000000003 21.500000000000004 46.500000000000007 0.026359487324953083 18 19 20
decision_type=9 9 9 9 9 9 2 9 9 9 9 9 2 9 9 9 9 9 2 9 9 2 2 2 2 2 2 9 9 9
left_child=-1 2 -2 4 -3 -5 -6 -7 19 10 -10 12 15 14 -13 -11 17 -15 -14 -9 -21 -22 -23 24 25 26 27 -18 29 -29
right_child=1 3 -4 5 6 7 -8 8 9 11 -12 13 18 16 -16 -17 23 -19 -20 20 21 22 -24 -25 -26 -27 -28 28 -30 -31
leaf_value=-0.040108611804475058 0.013402182899374396 -0.029639422592832892 -0.058366816264761361 -0.029734131663746 0.053164617007790398 -0.051365167928123928 0.18791227976841862 -0.022727554218810488 -0.025856508428026226 0.051080604531074658 0.065192607681226464 0.037406223502215778 0.01530345716253935 -0.013721749797486846 -0.045954151412847838 -0.021469837397250162 -0.036849897018367654 0.063842232226682755 0.12508625104798565 0.075180565289988899 0.010735564811567615 0.13517914727979599 -0.028959676605616526 -0.071235794354332319 0.055062763259664804 -0.047049970707339933 -0.0004536266335468415 -0.060254265718042987 0.011197289963675262 0.079250413907492767
leaf_weight=150.31946843594778 67.476453409646638 35.056217158678919 123.67488968314137 159.48484179272782 95.509576626587659 40.61598919890821 8.4211995694786292 58.833625482744537 31.437331526307389 17.351900961599313 67.07761447748635 66.251805795589462 53.342588944360614 41.325141143519431 177.99670963024255 580.2401580204023 157.03522952552885 57.778300984064117 11.598491837270556 36.700742175220512 353.26112740882672 18.125364833511416 9.1348222657106799 21.61556056200061 43.188612448051572 72.318983384640887 12718.30673920305 14.661839695763772 853.29169598745648 107.86530494352337
leaf_count=7168 1076 767 3334 7574 1869 5359 149 1755 355 374 1246 1189 671 936 3100 15338 9338 1036 115 891 11023 115 236 2617 358 6717 174733 948 47229 5310
internal_value=-0.000724351 -0.000331493 -0.0336255 8.9448e-05 0.0357396 -0.000247225 0.0584581 7.28946e-05 0.000239972 -0.000277182 0.0364325 -0.000542493 -0.0133942 6.05519e-05 -0.0227609 -0.0188677 0.000472098 0.0332056 0.0349107 0.016304 0.0222111 0.015308 0.0801766 0.000216634 0.000327373 0.000157591 0.000404069 0.0100332 0.0177735 0.0592701
internal_weight=16249.3 16099 191.151 15907.8 138.987 15768.8 103.931 15609.4 15568.7 15092.7 98.5149 14994.2 662.533 14331.6 244.249 597.592 14087.4 99.1034 64.9411 476.056 417.222 380.521 27.2602 13988.3 13966.7 13923.5 13851.2 1132.85 975.819 122.527
internal_count=312926 305758 4410 301348 2785 298563 2018 290989 285630 271610 1601 270009 16498 253511 4289 15712 249222 1972 786 14020 12265 11374 351 247250 244633 244275 237558 62825 53487 6258
cat_boundaries=0 23 113 135 226 245 269 270 293 385 406 430 521 545 630 721 743 825 826 849 939 963
cat_threshold=64 0 2048 4096 0 67108864 69633 134217728 131072 0 1 32 4 33558720 0 8388608 536872064 2147487744 524288 0 524288 536936480 67108868 0 0 0 0 32 0 0 0 0 67108896 67108864 0 0 0 0 0 0 67108864 0 0 0 0 0 0 0 0 0 0 0 0 2048 0 0 0 0 0 0 0 131072 64 0 128 512 1073742080 0 2097152 0 0 16384 128 0 32 0 0 0 0 0 262272 0 32 262144 0 0 32768 0 0 0 0 16777216 8 0 0 524288 4194304 0 0 0 132096 4 0 64 0 0 0 0 0 0 0 67371008 2097152 2147483648 268435460 8388610 4195337 0 16 262144 4194304 16384 0 24576 2315255809 524512 65552 0 0 0 0 32 0 2147483648 2097152 0 0 0 2 0 0 0 256 0 0 0 0 134217728 0 0 1048640 524288 0 262656 16384 0 0 0 0 1048576 0 0 0 135266304 0 524288 0 2 0 0 0 0 0 536870912 131072 0 1 0 0 0 524288 16777216 0 2048 0 0 524288 0 0 0 0 0 0 1073741824 0 0 0 4 0 0 4096 0 0 0 0 0 32768 0 0 1073741824 0 0 0 1024 0 0 0 0 0 32768 0 0 0 16777216 0 64 2819096576 71303170 258 0 0 0 262144 4456448 67108864 0 0 109051905 1048850 134283264 0 0 0 0 32 2097152 1073741824 134348800 64 32784 4098 0 1048576 0 144769344 18 32768 67141632 268435456 0 32 2147483648 1342177280 2147483648 0 0 0 2048 2064 1864977 268435456 88 1073741824 1 0 1342177280 128 0 0 0 536936448 128 65536 134217728 0 0 4194304 33718272 327682 32 270565505 2147745792 1073750016 0 0 0 524288 0 512 1048576 0 0 0 0 0 0 0 8 0 0 0 0 0 33554432 0 0 0 0 0 4096 0 0 65536 0 0 0 1024 16384 16777216 0 16777216 0 33554944 0 4 0 0 0 4 0 0 8 0 0 0 0 0 8388608 0 16777216 0 0 0 0 0 0 0 0 16384 0 131072 0 0 0 0 8192 33554432 4 64 0 262144 32 0 0 8192 0 0 0 0 0 0 0 8 0 1 0 67108868 8388608 0 0 0 262144 0 0 0 2105344 1073741825 2228257 32 0 0 0 8 0 0 8388608 0 0 65536 131360 0 542122000 16777216 301991936 33554432 16777220 0 335544320 2098176 0 0 268435456 8 0 1048704 0 64 37748736 16384 394240 0 0 0 0 269221888 0 0 0 0 0 2 0 0 0 0 0 0 0 64 0 0 0 0 4 67108864 81920 0 0 2048 1073741824 8192 0 131072 0 32 4 0 0 0 0 0 0 1048576 100663298 0 0 0 0 0 0 0 0 0 0 16384 0 0 0 1024 0 0 0 1 0 0 0 16777216 0 0 0 131072 0 0 134217728 0 0 0 2097152 0 65536 0 0 0 0 0 0 0 0 0 4194304 144 554172416 268435462 0 0 0 8 2097152 4194304 0 0 0 704643073 17301712 32 0 0 32 0 3360 0 2147483648 0 671088640 1 0 0 0 0 524352 0 0 0 0 0 2 0 0 0 0 0 16 0 0 0 0 0 0 0 0 0 0 0 0 1073741824 0 0 0 3145728 0 0 4 0 0 0 0 0 0 0 0 0 0 268435456 0 0 0 0 0 0 16384 0 0 0 0 0 0 0 0 0 0 0 1073741824 67108864 0 0 0 0 0 0 512 0 0 0 512 4096 0 0 0 0 67108864 0 0 0 0 0 0 134217728 0 33554432 0 0 0 0 0 4194304 131072 0 0 0 0 0 0 0 0 536870912 0 0 0 0 0 0 0 0 0 2 0 2097152 0 2 0 8388608 2048 16 0 0 0 0 256 0 4718592 0 134217728 0 65536 0 536870912 0 0 8388608 0 0 8192 0 8388608 0 0 0 0 0 0 134283280 0 0 0 536870912 128 0 4194304 67109120 0 16777216 0 32784 0 0 0 0 0 0 0 2 134217728 0 256 0 0 0 0 4194304 67125248 0 2121728 1 524547 32 0 0 0 0 0 0 2147483648 133120 0 0 0 0 524352 0 0 0 0 0 0 0 65536 0 0 0 0 0 0 0 0 131072 0 0 0 64 0 0 0 0 0 0 4 2097152 0 0 0 0 0 0 0 0 0 0 0 0 0 268435472 0 4194304 0 0 0 0 0 256 0 0 0 16785408 0 0 16 0 0 16384 0 67108864 0 0 1 0 0 0 516 0 4 33554432 32 0 0 4096 5508 67108864 1048577 75513984 4 0 0 8388624 4211200 0 67108864 131072 33554432 131328 16777248 0 1 131088 65536 0 0 67108864 1056768 277873920 0 0 0 0 0 0 0 0 0 0 2147483648 0 65664 0 0 0 20 0 0 528 0 0 0 0 0 0 0 0 0 0 0 0 0 0 0 0 0 0 0 0 0 1073741824 0 268435456 32768 262144 0 1 0 0 0 0 0 268435456 0 256 0 2147483648 0 8192 33554432 2097152 16 0 0 2 1073741824 0 0 536870912 1 0 0 0 0 0 0 0 0 0 0 0 4 4 67108864 0 16777728 4096 65536 1073741824 0 0 4096 16 536870912 4 1073741824 8192 524288 2185235616 524288 0 4194304 0 0 16777216 256 0 1 0 0 268468224 555876386 33284
is_linear=0
shrinkage=0.1


Tree=70
num_leaves=31
num_cat=26
split_feature=3 13 13 13 3 3 3 3 16 3 13 3 3 13 15 3 3 13 3 3 13 3 3 13 8 3 3 13 27 14
split_gain=30.1216 22.9665 21.0306 15.7331 16.4104 15.4027 14.9746 13.8549 11.8014 34.223 13.7763 28.8354 16.1264 12.3267 12.1773 31.7686 30.1847 33.661 28.6299 28.4297 23.1741 20.3608 19.044 18.0817 15.0932 27.9421 20.3167 16.2782 14.2278 16.8673
threshold=0 1 2 3 4 5 6 7 1.5000000000000002 8 9 10 11 12 2.5000000000000004 13 14 15 16 17 18 19 20 21 22 23 24 25 0.011370819527655842 11.500000000000002
decision_type=9 9 9 9 9 9 9 9 2 9 9 9 9 9 2 9 9 9 9 9 9 9 9 9 9 9 9 9 2 2
left_child=-1 -2 7 4 -4 -5 -7 -3 9 -8 11 -10 -12 -11 16 28 -14 21 -19 -17 22 -18 -21 -20 25 -22 -26 -28 -16 -30
right_child=1 2 3 5 -6 6 8 -9 10 13 12 -13 14 -15 15 19 17 18 23 20 24 -23 -24 -25 26 -27 27 -29 29 -31
leaf_value=-0.036075260101538123 0.050272343706555901 0.025070623212547896 0.047017876044286214 -0.037794645490299927 -0.074952270882216288 0.019366640656647099 0.030899679892737422 -0.051850359389766412 0.034944576579937249 0.049249339069216032 -0.039174737832782996 -0.054258371854427667 0.028158058473598091 -0.033928949629358607 0.10872097366780382 -0.029532487260641522 0.089536444720837771 -0.038223225412480001 -0.038860603295169091 0.063663071468412158 0.020577772083888158 0.0072266912543762747 -0.015403657988685286 0.0032585619609729992 0.017273388452643267 -0.033174162954068546 0.04481638597164031 -0.003229860588549135 0.016222284833330658 0.12657441690926005
leaf_weight=219.23219084995799 81.928687404491939 26.12718178180512 9.5749024910619465 93.264268457423896 43.949681713245809 419.63309729495086 115.47462708165403 115.39838301739655 45.781483956496231 11.65285129053518 87.996930034016259 110.87538832821883 483.86328431742731 346.53292412450537 28.323140553897247 361.63136968051549 64.11387663660571 165.79546671872959 93.532656540162861 90.665964897954836 126.5296319272602 66.988337631803006 44.181694358587265 6895.0796797072981 566.07518643385265 352.39295417873655 61.588931222911924 4959.275890754303 109.15052863326855 15.864207600476218
leaf_count=11335 1370 533 324 4497 1216 8733 2003 3712 841 224 7024 2477 12773 6310 1286 10476 894 5822 1881 1094 1651 1358 1317 129164 7931 6753 1325 76532 1718 188
internal_value=-8.27621e-05 0.000432902 0.00014486 0.000500804 -0.0491665 0.000701111 0.000954948 -0.0369325 0.000434365 -0.0151021 0.000934263 -0.0276571 0.00125973 -0.0299588 0.00153222 -0.00158534 0.00422895 0.0025975 0.00164114 -0.00266338 -0.00105132 0.050972 0.0384826 0.00264014 -0.00199207 -0.0188427 -0.000516522 -0.00255259 0.0419865 0.0302258
internal_weight=16212.5 15993.2 15911.3 15769.8 53.5246 15716.3 15623 141.526 15203.4 473.66 14729.7 156.657 14573 358.186 14485.1 6715.68 7769.37 7285.51 7154.41 6562.34 6200.71 131.102 134.848 6988.61 6065.86 478.923 5586.94 5020.86 153.338 125.015
internal_count=312762 301427 300057 295812 1540 294272 289775 4245 281042 8537 272505 3318 269187 6534 262163 110271 151892 139119 136867 107079 96603 2252 2411 131045 94192 8404 85788 77857 3192 1906
cat_boundaries=0 24 115 202 293 307 331 354 378 401 492 513 537 628 652 675 766 790 813 900 919 940 1029 1030 1051 1075 1164
cat_threshold=64 16777216 0 2048 0 1073750016 8405000 2049 0 539234402 536936448 0 0 33554432 0 0 0 128 272 0 0 1048608 299008 77 2 0 0 0 32768 0 0 256 0 0 2147483648 32 0 0 536870912 0 524288 16384 1 2097152 0 1048576 0 0 1048576 0 69632 0 135266304 0 0 0 0 0 0 285212672 0 0 603979776 0 8388608 1 0 0 0 0 0 0 0 0 0 524288 0 64 0 32 0 0 0 0 0 0 0 0 0 0 0 0 0 0 0 0 8192 0 0 0 0 4194304 0 4096 0 0 0 0 0 0 268435456 33554432 1024 0 16 0 0 0 0 134217808 0 0 0 0 0 0 32768 1152 524288 2 0 0 0 0 0 0 67108864 0 0 603979776 0 0 0 0 0 0 0 0 0 0 0 128 0 0 64 0 536870916 0 0 0 10747904 0 16400 0 0 0 1048576 0 0 0 0 0 0 0 0 1024 0 0 32768 2097152 16384 0 0 0 0 0 0 16777216 0 0 0 0 134348800 1540 0 0 0 0 0 0 0 64 0 0 0 0 268697632 0 0 0 0 0 0 0 0 2 0 0 0 0 0 268435456 2048 0 16384 0 0 65536 0 0 0 2048 0 0 0 0 0 0 68 262144 0 0 0 0 0 0 0 134218240 0 131072 0 0 524288 0 0 2 0 0 128 0 0 0 0 0 0 67584 8192 0 67108864 0 0 0 0 0 0 134217728 0 0 0 1073741824 0 0 0 0 0 0 524288 4194304 4194304 134225920 32 0 1049600 134217728 67108864 256 0 0 0 0 4194304 0 0 20480 67108864 16 65536 0 512 1024 16 0 4194304 559392 33554432 131072 131080 33558544 0 0 32896 0 1 0 65536 0 0 32 134217728 1589248 16777216 50331648 1207959616 0 12288 0 262144 128 16777216 0 8388608 32768 0 4227072 4 0 8421376 0 0 595970 2097184 278953984 262144 4194832 545259520 0 322 256 0 0 0 4194304 570425344 0 0 1216348161 2228528 0 0 0 0 0 1048608 0 2147483648 2048 0 16384 2827091968 1 1082130434 0 0 0 0 4456448 268435456 0 0 2692743169 17302881 1024 0 0 0 8421376 32 0 0 0 2 0 0 2 0 0 0 0 0 8388608 16777248 0 0 0 0 0 0 8 256 0 0 0 0 0 0 0 0 0 0 0 0 8192 0 8192 0 8 0 0 16777216 0 0 524288 0 0 67108864 0 0 262144 0 0 0 0 0 0 268435456 0 256 0 0 92274688 64 262160 0 4194307 0 0 0 0 0 134217728 0 0 0 0 0 1073741824 262144 0 0 0 0 32 4096 0 0 0 0 0 0 1048576 2048 64 134742016 75497472 1073741826 1025 0 33554432 0 0 16384 0 8192 0 1966433 65552 0 0 0 8388608 268435456 0 2147483776 0 2097152 2048 96 32768 2148534272 16777220 256 262144 1048704 1 0 0 1024 4 268566528 64 32768 0 0 0 306216960 2147483658 19456 0 0 0 0 0 0 0 0 0 0 2 0 0 0 0 0 0 0 0 0 0 0 0 0 0 0 0 0 0 1073741824 0 0 2048 0 0 0 0 0 0 0 0 0 0 268435456 0 0 0 268435456 0 0 0 1024 0 0 0 0 0 0 0 0 0 0 2 0 0 2 0 0 0 0 0 32768 0 0 0 0 0 0 0 0 0 4096 0 0 0 0 0 0 0 1075838976 64 163840 1048576 134217792 4 0 285343744 262144 8388608 268435456 50333185 262144 1024 553648132 0 0 0 4 0 8 4194304 134217728 141312 139264 262144 1342179328 4194306 4096 1 0 32768 537006080 4194304 65536 0 532480 301989888 2147504136 0 0 0 66048 1107296256 0 0 1050688 2147483648 65572 0 0 0 0 0 2097168 0 0 64 0 4194304 0 0 0 0 0 1048576 0 262144 16384 0 0 0 0 0 0 0 1073741824 0 65792 0 0 0 0 0 0 2097152 0 0 0 0 128 0 268435456 0 0 0 268435713 0 128 0 16777216 0 0 16384 0 0 0 1088 32 512 0 0 0 0 0 0 128 33554432 0 0 0 0 0 512 0 0 0 0 0 67108864 0 0 0 0 0 16777216 0 67108864 1073741824 512 163840 0 0 4194308 0 4098 0 8389120 524288 4211204 0 0 553648128 0 0 1048576 38 4194304 8 0 196608 2238464 139264 4130 1073741824 0 4098 1 0 0 536870914 4194304 1048576 32784 532480 1 8475656 134217728 0 16777216 2163200 1073741824 1024 2048 192 2147483648 65536 0 0 8388608 0 0 0 0 0 0 0 8388610 0 0 0 262144 524416 0 128 0 2147484160 33554432 0 0 4 0 0 0 0 0 0 32768 0 2048 268435456 0 0 0 0 524288 0 0 0 0 0 0 0 0 0 0 0 0 0 0 128 0 0 0 0 0 0 0 0 128 0 0 4098 65536 67108864 16777216 134217856 0 0 0 4194304 536870916 0 0 0 0 0 16777216 0 524288 2048 32768 0 512 0 67108868 1073741826 1024 0 0 2097152 262144 100663296 4194304 2113536 3229614080 657472 48 0 0 0 0 32 0 4 1082163200 0 0 0 0 262144 100679680 0 2113536 1484783616 917555 32 0 0 0 8388608 32 0 2147483648 0 0 0 0 0 0 0 0 0 0 2 0 0 0 0 0 0 0 0 3221225472 0 0 0 0 0 0 0 0 0 0 34816 0 0 512 0 0 0 0 524292 0 0 0 0 2 0 0 16781312 0 0 0 16384 0 0 0 0 0 0 0 0 0 4 0 0 0 0 4096 1073741824 0 16777216 128 0 0 524288 4194304 4 0 0 0 32 0 16783424 0 0 2048 0 65536 0 32768 262144 56 2147483648 335544578 8388864 4194560 0 8 33554432 0 536870912 8192 0 3154124800 131616 327696 0 1048576 0 545263616 128 16 1024 8388608 8388608 67108864 8 0 69634 268435472 8704 0 67108868 131072 2147483648 2097153 0 0 0 2147483680 2151677952 335544320 1048576 2147680257 2097152 128 8224 0 0 0 0 524288 0 0 268435456 0 0 0 0 0 0 8 0 0 0 64 0 8192 0 0 0 0 0 0 0 0 0 524288 0 0 512 0 0 0 0 0 0 0 0 0 1074790400 0 0 4096 0 32 0 536887296 0 16777216 0 0 0 0 128 0 16777216 4 0 4 8 0 0 1073741824 0 0 8 0 0 0 0 0 128 0 0 0 0 2112 0 0 0 67108864 32768 0 0 262144
is_linear=0
shrinkage=0.1


Tree=71
num_leaves=31
num_cat=20
split_feature=3 13 30 3 3 13 3 28 3 13 3 13 18 14 3 3 3 3 16 30 13 13 14 13 14 3 3 30 3 29
split_gain=25.2792 21.8906 20.8651 47.0406 24.2727 23.1163 20.5581 25.2752 17.5361 17.2836 15.8069 15.6759 15.4228 15.186 41.4586 41.3108 31.5438 25.465 23.6276 23.4111 22.2435 22.2158 21.2886 20.9869 19.9521 39.8218 38.8177 26.3321 21.635 19.9254
threshold=0 1 20.500000000000004 2 3 4 5 0.004635000368580223 6 7 8 9 0.04287791624665261 6.5000000000000009 10 11 12 13 5.5000000000000009 28.500000000000004 14 15 3.5000000000000004 16 9.5000000000000018 17 18 36.500000000000007 19 3823.5000000000005
decision_type=9 9 2 9 9 9 9 2 9 9 9 9 2 2 9 9 9 9 2 2 9 9 2 9 2 9 9 2 9 2
left_child=-1 -2 3 -3 11 8 7 12 -6 -8 -7 -4 -5 15 -15 18 19 -17 22 21 -18 -16 -12 -19 25 -22 -26 28 -28 -30
right_child=1 2 4 6 5 10 9 -9 -10 -11 13 -13 -14 14 16 17 20 23 -20 -21 24 -23 -24 -25 26 -27 27 -29 29 -31
leaf_value=-0.039315375543872884 0.046391501884713825 -0.051888390816062946 -0.027502471955883429 0.37934247912017716 0.022341335423505512 -0.029747898941758978 0.043678927216250288 0.018007114243211008 -0.059989777599944241 -0.0083092279192304979 0.0084006827595227394 0.03456637580935483 0.059966118589258016 0.031955705762292959 0.062098575345326978 -0.026485904756003306 -0.038462612557266379 0.03622494884837181 0.015657239995225797 -0.042333823884468678 -0.025346710471347844 -0.010482845170071399 0.10904605881153565 -0.0030594625556402671 0.027322599685360899 0.017580949687952763 0.0094514898521830572 0.066552615553482797 -0.031830742313381309 -0.005837042541005537
leaf_weight=152.43141377682332 92.533595552435145 212.27300702326465 41.367798121180385 3.1224495779024428 32.448422370711342 150.54673909686971 56.114648420829326 261.16959034826141 97.937842344632372 2334.3636573213735 33.469029639032669 320.27042566076852 2.9316445579752326 527.86344779480714 36.320151892490685 453.67762400698848 101.02875702618621 129.58460394456051 469.76200984010939 237.07534253038466 232.65237231738865 469.07540153455921 56.486445616232231 5356.1261882794788 419.30739971878938 2136.6219836140517 506.18458522809669 48.623094196431339 453.05797232035547 844.75163816392887
leaf_count=7770 1641 17097 1073 506 546 5670 1533 9900 2091 74444 601 7933 75 10962 638 9128 1637 1860 7488 2610 6103 7078 775 73507 6130 27438 6304 400 5770 14682
internal_value=-6.26785e-05 0.000332759 3.8021e-05 -0.00768726 0.00172354 0.000989515 -0.00394679 0.0218711 -0.0393686 -0.00691197 0.00143583 0.0269173 0.224687 0.00183451 0.00545809 -0.00151497 0.00284443 -0.00397384 0.0242154 -0.0161893 0.00585225 -0.0042455 0.0715997 -0.00206725 0.00689751 0.0133329 0.000216767 -0.00603308 -0.00802292 -0.0147973
internal_weight=16269.2 16116.7 16024.2 2869.97 13154.2 12792.6 2657.7 267.224 130.386 2390.48 12662.2 361.638 6.05409 12511.7 6012.56 6499.11 5484.7 5939.39 559.717 742.471 4742.23 505.396 89.9555 5485.71 4641.2 2369.27 2271.92 1852.62 1803.99 1297.81
internal_count=313390 305620 303979 103555 200424 191418 86458 10481 2637 75977 188781 9006 581 183111 89752 93359 78790 84495 8864 10326 68464 7716 1376 75367 66827 33541 33286 27156 26756 20452
cat_boundaries=0 23 114 136 158 239 263 284 375 399 489 513 537 560 584 674 757 846 868 892 916
cat_threshold=0 1024 0 4096 16 2147745793 33280 134217728 65536 1107689472 0 0 0 33821184 0 0 128 0 401 20971520 64 3229614112 12288 2 1073741824 0 0 0 16 24 0 0 32 67108864 0 0 0 8 524288 0 128 0 2097152 0 0 0 0 0 0 0 0 134217728 0 4 0 0 268435456 16384 16777216 0 0 0 33554432 0 128 0 262144 0 0 0 0 8 0 0 0 0 0 0 0 0 0 0 0 0 0 0 8388608 0 0 0 131072 0 0 0 25165824 0 33554432 536879136 64 0 0 0 0 0 0 0 0 0 0 262144 8192 0 0 1 2282225664 541065220 256 2048 0 131072 262144 16384 16384 0 65536 0 121920 134217732 0 135266304 512 545259520 0 0 0 2048 67108992 1048832 0 2048 0 2 1375731718 24832 0 0 536936448 8192 4196480 134217728 0 0 528 147456 655364 32 268435456 264192 0 0 0 8 0 0 0 0 0 0 0 0 0 524288 1 0 16 0 0 0 0 0 0 1073741828 0 0 0 1024 0 0 8192 0 8192 0 4194304 0 0 0 524288 64 0 0 0 1048578 0 0 4112 0 0 524288 0 0 1048576 0 0 0 8 8320 0 4 0 0 0 0 2113536 16384 16777216 0 0 0 0 0 0 0 4 8 0 0 36 0 1048576 33554432 134217730 8388616 2097152 16384 557060 4194304 0 33685504 2097440 4 134217729 655368 1024 0 2 2147483648 0 8 0 196608 135397376 0 16 134217728 2 1082130434 9216 0 8 0 0 570425344 0 8192 33554432 529680 4 0 0 0 8 1048576 0 2147483648 0 0 0 0 524352 16384 0 0 0 603979776 32768 0 0 524288 0 0 4 0 0 0 0 0 0 1073741824 0 0 0 1048576 0 0 0 0 0 0 0 0 0 0 0 0 0 0 0 256 0 0 0 0 0 524288 0 0 0 0 0 0 8 0 0 0 640 0 0 0 0 0 0 0 64 0 134217728 0 16777216 0 4 0 4 134217728 67108896 0 2048 0 0 0 0 0 0 0 0 0 16 1073741824 0 196608 0 0 33556484 134217761 67108864 134348800 2101888 4 0 8 8388608 0 3 32 0 8 0 32768 0 526468 48 0 0 0 0 64 0 0 0 0 0 2147483648 0 0 0 0 0 0 0 0 0 0 0 0 0 0 64 0 0 0 0 2048 0 4 0 0 0 0 0 0 0 0 4 0 1048576 0 0 0 268435456 0 0 0 0 0 0 0 0 0 0 1024 0 0 0 0 0 0 2 0 67108864 0 0 671088641 32768 0 0 0 0 0 0 0 0 0 0 4 0 0 0 0 0 1048576 1073741824 2097152 268435536 8388608 0 0 0 8716288 557842432 570441728 4194308 256 2147483648 512 20 0 40960 1024 0 65570 0 0 0 2156003328 512 134742080 4194305 67112960 4194312 536870912 0 256 0 67108864 268468224 557057 0 65632 1024 0 0 2147483648 4096 266240 2097152 8519680 8192 1048592 131072 150994944 4194304 67108928 0 536870912 536870912 264 0 67633152 64 524289 1073741824 9437221 33792 0 0 8 1073741824 0 0 196608 335552512 1073741840 270532608 1342177280 8388610 0 0 16785408 1114112 553648128 33554432 4195588 0 32 512 16842752 0 8192 0 0 1056 0 1024 1048576 2759852032 516 0 0 0 0 0 0 0 0 0 0 2147483650 0 0 0 0 0 4 16384 0 0 33554432 0 0 0 2048 0 65537 0 0 1073741824 0 0 0 0 0 0 0 0 0 0 0 0 0 1342177280 0 0 0 268435712 4096 0 0 0 0 0 0 0 0 0 64 67108864 0 8192 0 0 0 0 65536 0 134217728 0 0 0 0 0 0 0 4 16 0 4104 0 0 524288 0 268435456 0 16777216 4096 0 1073741824 0 0 0 0 0 0 0 0 0 0 2 0 0 0 0 16777216 0 0 0 0 0 0 0 0 0 64 0 0 0 1073741824 0 0 0 0 0 0 0 0 0 0 64 0 0 0 0 0 0 0 0 0 0 0 0 0 0 0 0 0 1024 0 0 32768 0 0 0 2 0 0 0 0 0 0 0 0 0 0 4 0 0 0 32 0 4 0 0 8388608 2 0 0 0 0 0 0 2147483648 0 0 0 0 0 0 0 0 512 33554432 0 0 0 0 64 0 65536 0 0 2048 0 0 1048576 0 2097152 0 0 0 0 0 0 0 0 0 0 0 268435472 0 0 0 16777216 0 65536 0 0 4194304 0 0 8192 0 0 0 8 8192 0 1073741824 0 167772160 0 0 0 524288 0 0 0 4 0 0 8 0 0 524288 2048 0 0 64 4096 1048576 8388608 4 1342177408 4202758 0 24 2101248 0 268697600 0 8192 33554560 0 0 0 0 2147549184 37748736 268697600 0 0 673185792 268468224 0 1073742082 8448 0 24 3149824 262144 268435456 603979792 8192 134217856 35651600 65536 0 8388608 2147483648 4194304 0 0 0 673185792 65536 262144 8519680 1082130436 268435456 0 0 268435456 64 0 1310720 10240 20480 8421376 135168 0 0 16777216 2097152 33554432 272891904 1048592 2281701377 1048576 32768 4
is_linear=0
shrinkage=0.1


Tree=72
num_leaves=31
num_cat=21
split_feature=3 13 2 30 24 13 3 17 3 13 29 17 3 3 13 13 13 3 3 19 8 13 3 13 28 15 13 13 3 30
split_gain=30.1744 21.9558 18.3592 19.8026 18.2537 16.431 29.0674 17.2899 15.3948 26.5894 14.1083 16.8106 13.8802 13.7199 16.233 13.4904 16.6433 15.0119 12.822 12.35 15.1606 32.1604 29.2651 23.6088 19.0569 23.7576 18.7726 17.8095 27.5984 12.4521
threshold=0 1 2 24.500000000000004 1.5000000000000002 3 4 41.95000076293946 5 6 4073.5000000000005 27.44999980926514 7 8 9 10 11 12 13 1.0000000180025095e-35 14 15 16 17 0.077361192554235472 1.5000000000000002 18 19 20 39.500000000000007
decision_type=9 9 9 2 2 9 9 8 9 9 2 8 9 9 9 9 9 9 9 2 9 9 9 9 2 2 9 9 9 2
left_child=4 18 3 12 -1 6 -4 10 9 -7 -8 -12 -3 14 -10 17 -17 -15 -2 20 21 -18 24 -22 25 -23 -24 28 -25 -29
right_child=1 2 5 -5 -6 8 7 -9 13 -11 11 -13 -14 15 -16 16 19 -19 -20 -21 23 22 26 27 -26 -27 -28 29 -30 -31
leaf_value=-0.051398364262681386 0.022545909395523298 -0.020794557812671578 -0.019085200289537321 0.052972088149398168 0.16711900910110908 0.086666693717101673 -0.016566767847792704 0.10134698604151904 -0.046163623916350219 -0.02597587645321392 0.21748765395499725 0.032692325867403567 0.023435903153897941 0.016563363779179979 0.023640004848738065 -0.061865485889186334 -0.047406244672152285 -0.044260629717904107 -0.050429870606988128 -0.064358227590148573 -0.048611866483345714 0.18738748078540515 0.049850797949776426 0.068790286773644793 0.034110474075700871 0.052688458697711577 -0.0074598071587180853 -0.00090707998349132699 -0.0076141635680444589 0.019589745180069656
leaf_weight=148.9439733090112 27.302662194473669 107.83200057595968 76.623175105662085 135.91933365352452 3.9234736673533908 12.907297821715472 34.559289635973983 58.681180512998253 27.956953345797956 364.04948315850925 6.7036737962625921 18.52894475590438 170.82384065887891 54.747528594452888 386.23236698936671 33.267478440306149 66.23492344643455 130.78460019780323 122.74254233360989 29.525676931953058 90.661751120002009 19.914815634489059 59.808357289293781 86.153865322470665 209.3663717051968 38.231218989705667 306.95517460478004 12985.549910447677 95.984749416471459 303.3172456426546
leaf_count=10915 371 1332 1121 1264 25 340 1020 1387 902 14028 83 418 2761 887 12878 1204 1115 2671 3138 589 1892 698 747 1250 1892 1242 5186 236406 2053 3175
internal_value=-0.000152091 0.000282101 0.00065239 0.0211681 -0.0429784 9.02494e-05 0.0282069 0.0578981 -0.000286426 -0.0199789 0.0249396 0.0817878 0.00641474 0.000223996 0.0179512 -0.000294025 6.20431e-05 -0.0263833 -0.036572 0.000249351 0.000383277 0.0146223 0.0217349 -0.000362735 0.0464401 0.0988224 0.00296095 -2.19257e-06 0.0302254 -0.000438911
internal_weight=16214.2 16061.4 15911.3 414.575 152.867 15496.7 195.096 118.473 15301.6 376.957 59.7919 25.2326 278.656 14924.7 414.189 14510.5 14325 185.532 150.045 14291.7 14262.2 700.511 634.276 13561.7 267.512 58.146 366.764 13471 182.139 13288.9
internal_count=312990 302050 298541 5357 10940 293184 4029 2908 289155 14368 1521 501 4093 274787 13780 261007 257449 3558 3509 256245 255656 10880 9765 244776 3832 1940 5933 242884 3303 239581
cat_boundaries=0 23 114 125 213 235 259 349 370 394 483 573 664 683 705 706 797 821 912 1003 1094 1116
cat_threshold=67108928 0 67111104 0 0 16842752 12288 0 131072 3226993794 0 0 1073741824 50331650 0 0 0 0 131072 64 0 1114112 2215788544 0 0 0 0 0 2 0 0 0 1 0 0 1024 0 0 0 0 0 0 2147483648 0 67108864 0 4 67108864 0 0 0 1073741824 67584 32768 0 0 1048576 0 0 0 16777216 131072 64 0 0 0 0 0 0 0 268435456 0 0 134217728 134218240 0 0 0 0 0 262144 0 32 0 0 0 0 0 0 16777216 0 0 2 671088640 0 0 0 0 0 0 16 516 0 0 0 0 0 32768 0 0 0 0 0 80 0 2348941312 128 71303168 32 4194304 536870912 0 2048 0 33554432 0 0 0 16777216 0 1024 0 0 0 32 0 0 0 0 8 0 0 0 512 0 0 1050624 0 0 0 0 0 1024 134217728 0 131072 0 2 512 8 16777216 0 0 67108864 131072 0 1 0 1048576 0 524288 4096 0 0 0 0 0 0 0 0 0 0 0 1073741824 0 128 0 0 0 0 0 0 67108864 0 0 0 8388608 16777216 0 4194304 0 0 134217728 67108864 4104 0 0 0 0 0 0 0 4096 2172649472 8388612 1073774848 8 0 8 2097152 0 67108864 0 0 1350565888 11669617 65568 0 0 0 0 32 0 2147483648 2048 0 134217728 268435456 0 49152 16 262152 234881536 268435456 671088648 163856 1073741824 32768 402653184 0 268435456 128 40960 0 0 0 17301536 536870912 16 0 0 0 0 16 0 16 0 0 536870912 2147516416 0 0 0 0 524288 4 0 0 0 0 0 0 0 0 0 8 0 0 0 0 0 0 0 0 0 0 0 0 0 0 0 0 268435456 0 0 0 0 0 0 0 0 0 0 0 0 0 0 16384 8196 0 0 0 0 0 0 1073741824 0 0 0 0 0 0 0 131072 0 0 0 0 0 2048 4096 0 0 67108864 0 262208 8192 1048576 1073741824 32768 1050368 4 0 2064 0 0 0 0 0 0 1024 0 0 0 0 0 0 66688 5244976 202407936 1073741824 1 134217736 258 0 0 2162692 0 524288 10486020 0 536903808 262144 262144 0 8192 530 4341760 0 0 0 270336 25231360 4 0 0 0 0 0 0 0 0 0 536870912 2147483650 0 0 0 0 17301504 4 0 0 0 0 0 0 0 0 0 0 0 0 1073741824 0 0 4 0 0 0 0 0 0 0 524288 4 0 33554432 0 0 0 256 0 0 0 0 0 268435456 16384 256 0 0 0 0 262144 32768 0 0 0 0 1073741824 0 0 0 0 0 0 0 0 0 4 0 0 0 0 4096 524292 0 0 0 0 0 1048576 0 262144 8388608 0 134217728 0 0 0 0 0 2216689664 0 0 1 0 0 1048576 0 0 0 0 0 0 0 0 65536 8 0 536870912 1073741824 0 0 0 0 0 4 2097152 0 0 0 0 536870916 0 0 0 8388608 0 0 0 0 0 0 1048576 0 0 0 12 0 0 16777216 1024 0 0 0 0 0 0 0 0 0 0 0 0 0 0 0 0 0 256 0 2048 32 0 0 67108864 0 32768 0 67108864 1073741824 2 0 2 0 0 0 4194304 0 0 0 0 0 0 0 66 0 0 256 0 1048576 0 4 16384 65536 0 0 0 0 0 0 0 0 0 0 0 0 68 0 0 0 0 0 0 0 0 0 262176 16384 0 0 0 335544320 0 1073741826 0 0 128 0 0 0 0 0 0 67584 0 0 0 0 0 0 0 0 0 0 536870912 262144 8388610 2097152 0 0 0 0 0 0 0 0 64 33554432 32 0 1048576 536870912 67108866 1082130688 1 0 8 0 4456448 0 0 0 134217728 724257 88 0 32768 0 8388608 32 402653184 8388610 8388608 0 0 8 0 0 0 0 1024 1744838656 2233344 32 0 0 2717908992 0 4194304 0 0 128 35 0 0 0 8 0 16384 0 0 0 65536 32768 0 0 2 0 0 0 0 262144 16 0 0 0 0 0 64 1 0 0 256 2048 0 131076 0 0 0 0 0 536870912 0 0 0 0 268435712 0 0 0 273 16384 524288 0 0 0 0 16384 0 0 0 64 0 0 0 16 0 0 16384 0 0 0 128 0 0 524288 0 0 0 0 4194304 0 0 0 528384 0 0 0 0 0 0 0 0 128 2298478592 75497478 256 4195328 0 0 0 4194304 67108864 0 16384 2424307712 10162403 32 0 0 0 0 40 0 0 0 0 32 0 0 0 2 67108864 512 1048576 0 0 4 128 0 128 0 0 0 0 128 0 1342177280 0 0 0 0 0 0 0 0 8 0 0 16 0 0 0 0 0 0 0 8192 0 0 0 0 0 1048576 0 0 0 32 0 0 0 0 0 2 0 0 0 0 16777216 0 262144 0 8192 0 65536 0 167772160 8 0 0 0 0 1073742336 0 0 0 0 0 4096 0 0 4 0 0 0 8192 0 1024 1 0 0 0 0 524288 0 0 0 33554432 0 0 0 0 0 0 16777216 16 128 0 0 0 0 0 0 0 0 0 0 0 0 8192 0 0 0 0 0 0 0 0 0 64 0 0 0 0 0 0 0 0 0 16384 0 16777216 128 0 0 4194304 128 0 0 0 0 0 0 0 2 0 0 167772160 8 65536 0 0 0 512 0 0 131072 32 0 4096 0 4 4 0 0 0 0 0 2098176 1 0 0 0 0 32768 0 0 8 512 65536 0 0 0 0 0 0 0 0 0 540688 0 0 0 0 2048 0 0 0 512 256 2048 0 4 268435456 0 0 0 0 0 262144 0 0 0 256 0 0 0 0 8 524288 0 0 0 0 16384 536870912 0 0 0 0 0 8192 0 0 0 16384 0 0 0 128 0 0 532480 0 0 0 0 0 0 0 32 0 32800 0 268435456 65536 268435456 0 0 0 128 524288 67108864 1073741826 8 0 8 33554432 0 570425344 0 24576 2181038081 18481267 65584 0 0 0 0 0 0 2147483648 2097152
is_linear=0
shrinkage=0.1


Tree=73
num_leaves=31
num_cat=23
split_feature=3 13 3 3 13 3 13 17 7 13 9 3 13 13 22 13 3 3 13 3 26 14 30 3 3 3 3 30 14 3
split_gain=23.2559 16.4369 22.2248 15.8481 16.9078 23.2468 15.6766 13.1663 12.1413 12.9001 12.2664 44.8502 20.971 16.6318 14.7663 12.9135 31.8426 14.5338 16.2554 12.2963 11.8916 12.9576 11.6226 43.6646 28.8819 27.5266 22.4636 20.4615 42.1925 26.128
threshold=0 1 2 3 4 5 6 26.750000000000004 7 8 9 10 11 12 0.20019841194152835 13 14 15 16 17 25.500000000000004 11.500000000000002 25.500000000000004 18 19 20 21 29.500000000000004 10.500000000000002 22
decision_type=9 9 9 9 9 9 9 10 9 9 9 9 9 9 2 9 9 9 9 9 2 2 2 9 9 9 9 2 2 9
left_child=6 2 -2 -3 5 -5 -1 -7 -6 -10 11 13 14 -11 -13 16 -12 -17 -19 -14 21 -15 24 -24 -20 -25 -26 28 -27 -29
right_child=1 3 -4 4 8 7 -8 -9 9 10 15 12 19 20 -16 17 -18 18 22 -21 -22 -23 23 25 26 27 -28 29 -30 -31
leaf_value=0.066387909480836962 0.023349730912622348 0.01826633437354316 -0.050479937579420903 -0.020294384706418721 0.062121340825517429 0.13706270623240754 -0.031068369764485806 0.047829403456442161 0.044681675904841213 -0.043272118940698219 0.056141962220408903 0.074338159506156715 0.014456604115188549 0.066188802441313935 -0.082896254269358455 -0.021538708188460907 -0.0080214443107974997 -0.03761652051674471 -0.023893284006836046 -0.049542532855432642 -0.014811423767553941 -0.061760013352469847 0.045161695303384708 -0.019557899988795095 0.027303572878257572 0.012511423419701595 -0.0010061554797269506 -0.01708145649926112 0.093785524566592837 0.0079977612342098572
leaf_weight=9.0326616681413707 53.822413936140947 480.4808642801363 129.74922030116431 48.431231240741909 31.073678991408087 22.351861637900583 314.98619142040843 63.541256821830757 53.068627177155577 21.794435356510803 128.28244764916599 28.943737779161893 34.5427286446793 106.69896895030979 7.5257847253233185 311.80240252055228 175.83108001330402 104.18381413654424 531.71206780732609 298.39548411994474 29.133874197257683 8.549226444680242 244.359822855331 487.2225621198304 278.83504364313558 651.17355938046239 9464.6675602351315 570.62678820057772 70.822051662020385 1450.2037937790155
leaf_count=241 867 12196 3780 586 435 325 15762 1237 776 318 1779 731 692 1759 77 11674 3660 1927 10350 9155 503 132 2653 5890 8696 4592 182793 9661 438 19110
internal_value=-0.000332126 0.000216941 -0.0287454 0.000573567 3.5376e-06 0.0340685 -0.0264454 0.0636411 -0.000322067 -0.000451136 -0.000640106 -0.0153598 -0.0345459 0.0268308 0.0328767 -8.50388e-05 0.0199699 -0.000529371 -4.13267e-05 -0.0426746 0.0395303 0.0566974 0.00027052 0.00527062 -0.00141993 0.00210644 -0.000168838 0.00601186 0.0204838 0.000871132
internal_weight=16211.8 15887.8 183.572 15704.3 15223.8 134.324 324.019 85.8931 15089.4 15058.4 15005.3 535.584 369.408 166.177 36.4695 14469.7 304.114 14165.6 13853.8 332.938 144.382 115.248 13749.6 3474.41 10275.2 3230.05 9743.5 2742.83 721.996 2020.83
internal_count=312795 296792 4647 292145 279949 2148 16003 1562 277801 277366 276590 13367 10655 2712 808 263223 5439 257784 246110 9847 2394 1891 244183 42344 201839 39691 191489 33801 5030 28771
cat_boundaries=0 23 112 136 160 251 265 354 355 446 447 471 561 649 740 762 786 877 901 925 949 972 995 1018
cat_threshold=2048 541065218 65536 24 0 1073741824 33920 0 0 134217920 32 0 1073741956 167772164 0 0 0 0 0 4194368 0 1619525632 268502144 0 0 0 0 64 2097152 0 0 0 0 2097152 0 0 0 1 0 0 128 0 16 0 0 0 0 536870912 0 0 2097152 0 0 4194304 16 0 16777216 32 0 0 0 0 64 0 0 0 0 0 2097152 16 0 0 0 0 512 0 0 0 256 0 262272 1024 8192 0 0 0 0 0 0 16842752 0 0 2048 0 0 0 0 0 0 0 4194304 0 65536 0 4096 0 0 0 0 0 0 1310720 17301504 268435472 1073774594 1025 0 0 262144 0 33570816 0 0 805306496 3674113 65568 0 32768 32 8388608 268437504 0 8388736 0 16 1 50331648 167772185 0 0 0 67108864 1074790400 8388608 65536 0 0 0 25460736 8 0 1048576 4194304 0 4327440 2097152 134218752 134258688 1073741824 516 0 0 0 0 524288 0 8 0 8 0 0 0 0 0 0 0 524288 0 262144 0 0 1048576 0 0 0 0 0 0 8 2048 0 0 0 512 16392 16777216 4 0 603979776 0 0 0 0 262144 0 524288 0 0 0 0 0 524288 0 268435456 8388608 0 0 0 0 0 0 0 0 0 8192 0 0 0 0 0 0 0 0 0 1073741824 0 0 0 262400 0 0 8192 0 0 0 0 262144 0 83886080 0 512 536870912 0 256 0 0 0 262144 21233664 33554432 0 2097152 33554432 1705027 32 0 0 0 0 0 0 0 0 512 0 0 32 134217728 0 1 16777216 0 0 0 0 0 0 0 0 536870912 0 0 0 0 2048 2147485696 0 0 0 0 0 0 0 0 0 2097152 128 0 0 0 0 16781312 0 0 0 0 0 0 0 0 0 0 0 1024 8192 262144 0 0 0 0 0 0 67108864 0 0 65536 0 0 0 0 0 4 0 0 0 0 0 0 0 0 0 0 0 1048576 4 0 32768 0 0 0 0 1048576 0 0 0 0 0 0 0 0 0 0 0 512 0 0 0 0 0 1048576 0 0 0 0 0 0 0 0 32768 0 0 0 16777216 0 0 8388608 2049 17 0 0 0 0 0 0 0 134217728 0 0 0 0 0 0 0 8388672 2097152 0 8192 0 8519680 0 0 0 262144 0 0 134217744 0 16777216 33554432 32 0 0 393216 0 0 0 0 16 0 0 0 0 0 0 0 2 8480 537395328 256 16777472 0 0 8 2097152 20971520 369623040 1 540672 167772161 4197472 0 0 32768 0 4096 0 32 1 0 49152 16 0 0 0 0 16 0 0 0 0 0 67108864 0 1024 0 8 131136 0 0 0 0 33554432 2048 0 0 0 0 0 1024 0 0 10240 0 4 2097152 0 0 0 0 0 0 0 0 0 33554432 8388608 0 0 0 4194304 524416 0 0 0 0 0 2 0 0 0 0 4 0 6 536870920 0 16384 1073741824 0 0 0 0 0 0 0 0 0 0 0 512 8 0 0 0 4 0 32768 0 0 0 1024 0 0 0 0 0 0 0 0 0 536870912 2147483650 0 0 0 0 16777216 4 0 0 0 0 0 0 0 0 64 0 0 0 0 0 0 0 0 0 0 0 0 0 0 0 0 0 1048576 0 0 0 268435456 0 0 0 0 0 0 0 0 4194304 0 0 0 0 2097152 2 0 0 0 1073741824 0 0 0 0 32768 0 0 0 0 0 0 0 0 0 0 0 0 0 0 0 8192 0 0 0 1024 0 16384 0 0 0 536870912 2147483650 0 0 0 8388612 16777216 16 0 0 0 0 0 0 1073741828 0 0 0 0 0 0 131072 0 1 0 0 0 0 0 524288 131072 0 4 0 1074790400 0 0 0 268435712 0 0 0 0 0 0 0 0 0 0 0 67108864 16 2097152 0 0 0 0 0 0 64 134217728 0 0 0 0 8192 0 0 0 32 0 67108896 0 0 0 0 0 0 0 0 0 128 411041792 67108868 2 1025 0 131072 0 4456448 637534208 4194304 16384 41951232 2229539 32 0 16777216 33554432 32768 0 0 0 128 0 1024 131072 2368 0 0 256 134220288 302120960 4227073 33800 536870912 0 32768 0 285343744 2097152 4096 3 0 0 32 20480 20480 0 0 0 16777216 16 0 0 0 0 0 67108864 0 1024 524288 0 64 0 0 0 0 2048 0 0 0 67108864 81920 0 1048576 2048 0 32768 0 0 2097152 0 0 0 0 2 0 0 536870912 0 0 8388608 512 262144 0 0 128 0 0 0 0 512 0 16777216 0 0 0 0 0 0 0 0 16384 0 0 0 8 131072 0 8 0 0 0 0 0 0 0 0 0 0 4 0 0 0 0 65536 0 16 1082130432 0 8388610 256 0 0 134217730 17408 0 8192 0 2684354560 8 8388608 0 16777216 131328 0 32 0 0 0 2181038080 16777216 75497536 1073741824 0 0 0 0 805306368 0 16384 1073741824 256 67108864 536873216 1024 0 8388608 34 545554432 1056 1048592 9437184 0 16777280 32768 603979840 16777216 256 1024 16384 266256 0 0 537935872 0 0 0 4194304 16777216 0 142639104 4 2693038080 1048576 2 1074790400 0 72 16777224 0 0 2 0 0 33619968 2097664 16384 0 539034624 2105344 1375731713 33554952 4268032 0 0 65536 8 0 0 192 2048 138543104 0 0 0 0 536870912 229376 0 16384 0 70321152 537141248 1073774592 512 4456448 0 0 131072 16384 0 16777216 2164928 1048576 146800672 3221225472 67108864 1082130432 0 536870912 0 4194304 262144 134217728 67109122 0 2281701376 606240 268435536 0 0 2147483648 0 264 0 2147581952 0 2105376
is_linear=0
shrinkage=0.1


Tree=74
num_leaves=31
num_cat=23
split_feature=13 3 13 3 3 13 5 13 3 13 3 13 13 14 1 28 3 20 3 3 2 3 3 13 22 29 20 3 3 14
split_gain=22.4207 23.042 19.4047 15.6998 14.7647 13.334 13.2417 14.439 13.0738 12.1012 12.0192 12.2635 12.0048 11.6812 10.9149 15.674 41.4003 36.4204 40.3172 33.0216 25.7527 24.5757 23.5784 14.8911 12.377 12.259 10.8946 58.4864 46.0777 21.0436
threshold=0 1 2 3 4 5 6 7 8 9 10 11 12 10.500000000000002 13 0.012919137720018627 14 6.5000000000000009 15 16 17 18 19 20 0.0058565279468894013 4111.5000000000009 -1.0000000180025095e-35 21 22 1.5000000000000002
decision_type=9 9 9 9 9 9 9 9 9 9 9 9 9 2 9 2 9 2 9 9 9 9 9 9 2 2 2 9 9 2
left_child=4 12 -3 5 -1 -4 7 8 -5 -9 13 -12 -2 -11 -13 16 -16 19 24 -18 -21 25 -17 -23 -19 -22 27 29 -28 -25
right_child=1 2 3 6 -6 -7 -8 9 -10 10 11 14 -14 -15 15 22 17 18 -20 20 21 23 -24 26 -26 -27 28 -29 -30 -31
leaf_value=0.016950198606238451 0.04689748991050513 0.053702467770542911 -0.044462177107600975 0.026961904274067663 -0.055891766053150695 0.026537148140874458 -0.047020043724833031 -0.040542298496101234 -0.054759863135592904 -0.021007414744379713 -0.046247323901033977 -0.058548862841819906 -0.054776644322153213 0.02057566880084807 -0.048105361673961879 -0.034614323745445021 -0.049207124760801552 0.035172176798591241 -0.054332898514467924 -0.041431107984781536 -0.036152634910950929 -0.025204481351600794 0.0016597845750338477 0.60693277536172352 0.20084537999381522 0.15030955161591864 -0.04286348681485231 -0.0085172420985954352 0.12601380969629616 0.25611343455518554
leaf_weight=36.23881776840426 7.8986686411080882 59.725859494879842 20.768941977643408 22.078730706591159 107.55167311814148 335.42018886830192 48.798137721954845 60.543791743344627 76.949379175668582 422.51431598106865 43.635809077881277 20.059407639200799 97.612837687775027 80.41153048700653 68.233009158517234 171.51739393128082 26.447312674019486 7.79057109798305 72.428960302902851 20.426767741562799 32.409981041913852 13.851263783639295 14118.607068398036 1.9679782742168743 10.706403308315201 3.9563294826075426 18.642973677953705 51.567651211749762 120.71915343857836 13.034568094182758
leaf_count=574 393 1074 1332 277 3445 12594 928 1553 1744 9537 861 2401 7633 1648 4693 7585 1063 875 9064 1853 1659 904 225924 119 435 394 1668 3640 6200 1052
internal_value=0.000376014 0.000739475 0.00106125 0.000829638 -0.0376253 0.0212961 0.000346742 0.000526334 -0.0357379 0.000782909 0.000972577 0.00149265 -0.0437642 -0.0140789 0.00166485 0.00178634 0.0199122 0.0320993 -0.0225927 0.0495696 0.0586728 0.0679123 0.00120134 0.0811716 0.0850737 -0.0124451 0.0891624 0.0602127 0.109389 0.181292
internal_weight=16192.5 16048.7 15943.2 15883.5 143.79 356.189 15527.3 15478.5 99.0281 15379.5 15318.9 14816 105.512 502.926 14772.4 14752.3 462.183 393.95 90.9259 303.024 276.577 256.15 14290.1 219.784 18.497 36.3663 205.932 66.5702 139.362 15.0025
internal_count=313122 309103 301077 300003 4019 13926 286077 285149 2021 283128 281575 270390 8026 11185 269529 267128 33619 28926 10374 18552 17489 15636 233509 13583 1310 2053 12679 4811 7868 1171
cat_boundaries=0 91 115 200 224 246 333 334 417 438 529 553 643 731 732 756 780 800 811 835 859 947 970 994
cat_threshold=0 262144 0 0 0 0 16 0 0 32 2147483648 0 0 524288 8388608 0 1048576 0 0 0 2 0 0 65536 67108864 0 0 1028 0 0 0 0 0 0 0 0 0 268435456 0 64 0 0 0 0 0 2097152 4096 0 0 0 0 544 16777216 0 0 0 0 0 0 0 0 8192 0 0 0 0 16777216 0 33554432 0 65536 0 16777224 0 0 64 0 131072 0 0 0 0 0 0 0 0 0 134218240 0 0 512 0 0 65536 0 0 2148074497 17025 134217728 524288 134217992 8 0 0 301989888 0 8388608 0 0 0 0 33792 1075904544 33816576 16 0 0 0 0 0 0 0 256 0 4 0 0 134217728 0 0 0 0 0 0 0 8192 0 0 0 0 0 1 0 134217728 0 0 0 0 0 0 16777216 0 0 0 131072 0 0 1048576 0 8388608 262144 16777216 0 2056 8 0 524288 0 64 0 0 0 0 16384 0 0 0 0 0 0 0 0 0 134217728 0 0 0 0 0 1073741856 0 8388608 0 0 4096 0 0 0 0 32768 0 1073741824 201326592 18 0 1107427328 4194304 4194304 268500992 8388740 0 0 0 0 0 32768 546 1073741832 131210 16777216 0 2281963520 8388736 512 687865856 67108866 33024 0 0 8 0 0 570425344 0 8192 234881024 3395 0 0 0 512 294912 2080 0 0 2048 0 0 0 0 524288 0 0 0 0 0 0 0 0 0 1 0 4 0 0 0 0 0 0 0 0 0 65536 0 0 16 32768 0 4 2097152 0 0 0 0 0 0 0 4 0 33554432 32768 0 0 268435456 0 0 0 1024 0 268435584 16384 0 128 0 0 0 0 0 0 0 0 2 0 0 0 0 0 32768 0 0 0 0 0 0 32 0 0 4096 0 0 0 0 16777216 170 0 0 8388608 0 134217760 1538 0 0 0 0 0 32768 0 0 0 128 0 128 0 512 0 0 0 4194304 0 0 0 0 0 0 8192 0 0 0 0 0 0 0 4096 512 0 0 0 67109120 0 1048576 0 16384 0 0 0 1048576 0 1073741824 0 0 0 0 0 16779264 0 0 0 32800 0 0 0 0 0 0 0 16777216 0 134217728 4 0 0 0 1280 0 0 0 16777216 16777216 268435456 1073774656 8193 0 0 0 0 16384 0 0 0 2621728 65536 0 0 0 0 32 0 2147483648 0 0 2 4 0 0 0 0 0 0 0 0 0 0 2 512 8 256 0 0 0 0 0 0 1048576 81920 0 0 0 0 0 0 0 0 0 0 0 0 0 0 4194304 0 0 0 524288 134217728 262144 0 0 0 0 268435456 4194304 0 0 2 0 0 0 0 1024 0 16 0 0 0 0 0 0 0 0 0 0 1 0 128 0 1073741824 0 0 0 0 0 256 524288 4194312 0 8388608 32 1082130432 144 0 16777792 0 200800 32768 1048592 16809984 100663296 536870912 64 16 0 10616832 32768 0 0 64 0 67108864 0 0 54525952 271056896 10240 0 268435456 8 0 0 0 0 0 0 0 0 0 0 0 786432 0 0 0 0 0 0 0 0 4 0 0 0 0 262144 8 0 0 133120 0 0 0 0 262144 0 0 0 1 0 0 0 0 4194304 0 0 0 0 0 0 2 0 0 8 0 67108864 0 16777216 0 0 0 0 0 1073741824 2097152 0 0 0 0 67108864 512 0 0 0 2097152 1073741824 0 64 0 32768 0 0 0 268435520 0 0 2048 0 0 0 0 524288 0 0 0 0 0 0 0 0 0 0 524288 4 0 0 0 0 0 0 0 0 0 65544 0 0 0 2048 0 0 0 0 0 0 0 0 0 0 0 0 269484032 0 0 0 0 0 0 0 0 0 0 0 0 0 2147483648 0 0 0 0 0 0 0 4096 0 0 0 0 1 0 0 0 0 0 0 0 1024 0 0 4096 0 0 0 0 0 4096 1123729 2048 303038465 18432 8192 0 6291456 16 0 0 2147502081 0 1107296256 1 16777264 0 1 256 0 0 0 335544320 40960 32 4199426 0 4194304 4104 4 0 8392706 1076888580 1049088 0 1682477568 4100 0 0 1024 0 67108864 8 4096 0 0 0 67108864 2147491840 32 0 20 8388620 1028 0 67108864 1109402636 1049088 1048576 67670016 4100 0 524304 1024 0 0 131072 268435456 2147483648 16 13664256 411041808 134217736 33554432 0 67141636 16777217 1081344 0 1073744128 1342177280 3221258240 134217728 131072 2097152 2048 8388608 1048608 2048 0 1073741824 0 8388608 264 65664 0 67239936 6291468 73728 4 64 0 0 2147485960 32 0 0 268435456 0 536870912 545259522 2112 0 262144 543195680 65537 294944 16777216 512 0 268435458 0 4096 0 0 0 536871040 138416128 32772 0 0 0 1024 0 0 0 0 0 536870912 2 0 0 0 0 524288 4 0 0 16384 0 0 0 0 0 0 0 0 0 0 2048 0 4 0 0 0 0 0 0 0 0 4 0 303038464 0 0 0 0 0 0 0 0 0 0 8404992 0 0 0 0 0 0 2097152 0 0 0 16384 0 0 0 0 1 32768 0 0 0 0 0 0 0 65536 2048 0 0 0 0 0 0 4096 41943040 8388608 268435522 0 16384 268435468 2112 0 262144 3147264 524544 1056 1140916224 134217728 0 1048576 0 4096 16 0 0 4096 134348800 10485760 0 4160 0 16 12292 2048 0 262144 3147264 34340866 1024 1141932032 0 0 0 0 0 16 0 0 67112960 148480 128
is_linear=0
shrinkage=0.1


Tree=75
num_leaves=31
num_cat=22
split_feature=3 13 13 3 3 13 3 26 3 23 23 3 3 13 3 13 13 3 3 13 12 23 3 22 25 22 3 25 3 3
split_gain=19.6187 19.1414 18.2962 16.3057 16.2469 17.1545 13.7587 13.1265 45.2935 20.6453 16.1803 33.714 22.5426 15.8432 22.7672 14.6219 13.015 20.783 14.7266 12.7409 12.4342 10.8553 26.2281 13.462 13.265 12.2931 53.2347 23.7507 60.4612 24.8731
threshold=0 1 2 3 4 5 6 44.500000000000007 7 1.0000000180025095e-35 1.0000000180025095e-35 8 9 10 11 12 13 14 15 16 17 11.500000000000002 18 0.024546723812818531 5.5000000000000009 0.034532446414232261 19 6.5000000000000009 20 21
decision_type=9 9 9 9 9 9 9 2 9 2 2 9 9 9 9 9 9 9 9 9 9 2 9 2 2 2 9 2 9 9
left_child=1 -1 3 -2 -4 -6 19 13 9 -9 11 -10 -12 14 -8 -15 17 -17 -18 -7 -13 25 23 -23 -24 27 -27 -20 -29 -30
right_child=2 -3 4 -5 5 6 7 8 10 -11 12 20 -14 15 -16 16 18 -19 21 -21 -22 22 24 -25 -26 26 -28 28 29 -31
leaf_value=0.043983016885477816 0.041509296628755792 -0.034446003931735095 0.023631715835642157 -0.043048351521494332 0.039185716427189807 0.032176186716020558 0.031146615036995784 0.051140805766830735 -0.046441664390099939 -0.0076453413118564816 0.011311043438754297 0.047979796880229901 -0.054942620494582664 -0.058570280014531864 -0.052837867224295898 -0.022023033858511832 -0.02609855463448111 0.066084145776227524 0.0017446059293833071 -0.036782788548003272 -0.0013190132193804396 -0.049744556746639114 -0.071656920391926532 0.034407221208066378 -0.020335511299947359 -0.022531411972996213 0.018859224316016752 0.061941155082159985 0.027666173543806939 -0.066531428153858582
leaf_weight=27.944372272002511 20.374472766648978 258.57255983853247 294.39206948375795 150.53957873326726 102.62936389143579 25.854189828154631 39.15406877733767 143.5376396025531 155.55031829699874 102.33135846373625 67.493168445304036 58.365470688673668 232.06634552497417 30.442549423896708 110.12624679843429 38.667469731066376 182.48268226423534 67.820056866505183 11225.836012886371 162.3208728392492 209.29687398381066 22.52580780396238 66.723818061698694 121.79993127193302 205.39396703010425 389.04858118807897 1417.6063653976889 51.539585878141224 31.627816193096805 177.37186428473797
leaf_count=558 489 8112 9835 4400 1874 674 580 1608 2667 1861 2032 983 8220 719 3268 567 5546 1503 186770 6898 3711 2787 9611 2113 6862 5243 19119 1177 1412 12018
internal_value=-8.54806e-05 -0.0255714 0.000389524 -0.0312311 0.000752674 0.00030136 1.57597e-05 0.000358032 -0.0109044 0.0256314 -0.0233644 -0.0110997 -0.0414717 0.00112773 -0.0302375 0.00148198 0.00165429 0.0349468 0.00137414 -0.0261627 0.0107717 0.00175858 -0.0141382 0.0198947 -0.0317527 0.00225791 0.00992576 0.00105186 -0.0287964 -0.0516642
internal_weight=16189.4 286.517 15902.9 170.914 15732 15437.6 15335 15146.8 968.641 245.869 722.772 423.213 299.56 14178.2 149.28 14028.9 13998.4 106.488 13892 188.175 267.662 13709.5 416.444 144.326 272.118 13293 1806.65 11486.4 260.539 209
internal_count=313217 8670 304547 4889 299658 289823 287949 280377 21082 3469 17613 7361 10252 259295 3848 255447 254728 2070 252658 7572 4694 247112 21373 4900 16473 225739 24362 201377 14607 13430
cat_boundaries=0 24 103 194 217 241 330 354 377 398 421 508 531 622 712 732 756 845 846 870 894 918 942
cat_threshold=1073741824 1024 0 0 0 1024 8407072 0 131072 134742020 40 263168 8388608 33587712 0 268435456 0 268500992 67112962 0 2147483712 2147483680 524352 262144 0 0 0 0 2621440 0 0 256 0 0 2 0 65536 0 0 0 0 0 0 0 0 0 0 0 0 64 0 1073741824 0 1073741824 0 0 0 0 0 0 0 0 0 0 0 0 0 0 0 0 0 0 0 0 0 0 0 268435456 0 0 0 0 1024 0 0 0 256 0 0 2 0 0 0 128 0 0 0 0 0 0 4 0 32 0 262144 0 0 0 0 0 0 0 67117056 2147483650 0 0 0 0 64 0 67125248 64 512 0 0 0 0 67108864 0 0 2097152 0 0 0 0 0 0 0 268435456 0 0 0 64 0 128 0 268435456 0 2097152 0 0 16384 0 0 135266816 16777216 0 0 0 0 8192 0 0 0 32768 0 32768 0 0 0 0 0 0 0 0 0 0 1073741824 0 0 2097152 1024 0 1048576 0 0 0 0 0 0 0 65536 1024 1 805306368 71303169 64 0 0 8 262144 2048 0 0 524288 1073741824 1347008 0 0 0 0 8650752 0 0 0 0 4 67272704 281 134217728 272 0 8192 268566529 512 268435456 0 1 0 4194304 0 0 32768 1536 262144 144 2097152 276824096 536870912 8192 544 0 0 0 0 0 0 0 8 0 0 0 0 134217728 524288 0 0 1048592 0 512 2113552 0 0 0 0 0 0 0 0 0 2064 0 0 0 0 0 16777216 0 0 67108864 33554432 0 4 0 0 0 0 2 17 0 0 0 524288 0 0 0 0 0 0 64 0 0 0 0 0 0 0 0 393216 524288 0 134217728 0 0 0 8704 0 0 0 512 0 0 128 0 0 0 0 512 33554432 16778240 0 4194304 268435456 2097216 0 8388608 1049984 142608384 0 196672 0 134217744 16384 0 0 32 0 0 2147484928 0 0 29360128 67127553 133120 524288 1048576 8388866 1024 536870912 0 4096 1024 537395200 8192 2637824 0 102592 65592 0 0 4 16384 0 32 1179648 131072 10485760 595591168 276824066 32768 4194308 0 0 536870912 20979712 100728832 0 536870912 2449473536 3148049 0 0 0 0 0 268503072 0 1024 16777216 2 67108864 0 0 33554432 4 4194304 100663296 0 65536 536870912 2098193 0 0 16777216 0 536870912 32 0 0 2097152 32768 0 0 0 0 262144 0 0 0 0 16777216 0 0 0 1 0 17302016 0 128 0 0 0 0 0 65536 536870912 16384 0 0 0 0 0 0 0 0 32 0 0 0 131072 268435456 0 536870912 0 1073741824 0 0 0 16384 0 65536 0 32 0 0 0 0 4194304 262144 0 0 33554432 2097152 4194304 8 0 0 8 0 0 128 0 0 0 0 0 0 0 0 256 0 0 0 0 0 336068608 0 16777216 8388608 0 32768 3072 0 0 0 0 536870912 0 536870912 1073741824 2228315 40 0 1056768 0 545275904 32 0 0 0 32768 0 0 0 0 268435456 0 0 0 0 1 0 0 0 0 0 0 0 256 0 2147483648 0 131072 0 0 0 65536 0 0 8 0 0 0 524288 1024 0 0 0 262144 4 0 0 0 0 0 524288 0 134217728 131072 0 0 0 0 4194304 1073741824 0 0 0 0 0 64 0 0 0 65536 2097152 0 0 0 16777216 0 131072 0 67108864 0 0 0 8388608 0 1073741824 0 0 0 0 0 0 0 1081344 8388608 32 8388608 1024 0 0 0 16777216 0 2097152 0 65536 8 0 69206016 0 0 0 8388616 0 0 0 0 0 0 0 0 0 1048576 0 1 0 0 65536 131072 0 0 0 0 0 2097152 0 524288 0 2097152 0 0 0 8388608 4 4096 0 1073741824 0 0 16777216 0 128 0 0 0 0 0 8192 0 0 2 0 0 4096 0 0 0 0 0 0 0 0 32 0 0 0 0 0 4096 0 0 0 0 0 0 4096 0 1073741824 134217728 75497472 8421376 1 0 0 0 262144 100663296 0 16384 75497472 1048579 48 0 0 0 8388608 0 16 0 3145728 132096 196608 0 2148532224 4626 1280 1572864 1 524288 0 32768 72 0 0 65612 536870912 0 0 131072 33554432 8454144 4098 0 0 0 0 524288 0 0 0 0 536870944 0 0 65536 0 0 524288 0 0 0 0 0 0 0 0 0 0 0 0 0 1073741824 0 0 0 0 0 0 0 16777216 0 0 0 0 0 0 32768 0 0 0 0 0 0 0 0 0 16384 0 0 0 0 0 0 0 4 0 0 0 0 0 0 0 1 32768 16777216 0 0 0 0 16 0 65536 0 4096 0 4 0 0 0 0 262144 37630080 319291392 2 75530240 4194304 0 0 2097152 4194304 16384 4199168 2097152 33554464 2228305 65536 0 1048576 0 8192 524320 0 0 0 4194304 1 25165824 1140850688 33024 0 0 0 134479872 0 0 0 0 578813952 2819852 4096 0 1048576 256 16384 2084 32 0 128 553648128 16777216 536870912 0 1082130432 0 0 131080 262144 4194304 33554432 0 536870916 268443648 1048880 262144 0 1048576 2097168 1073758208 2048 2048 134217728 0 128 16777216 167772160 4 0 12 0 33587200 2097156 0 67108864 537135360 0 8388608 4 138412080 0 134217728 32 8388608 0 16777218 3670016 2048 0 16512
is_linear=0
shrinkage=0.1


Tree=76
num_leaves=31
num_cat=22
split_feature=13 13 3 3 3 3 17 14 13 3 3 8 3 13 13 3 13 3 28 3 3 3 20 3 3 18 22 14 3 29
split_gain=20.2921 17.632 18.97 17.2005 14.417 13.2204 16.0396 12.316 11.6744 11.1172 10.9913 10.8422 38.5169 33.9018 17.3301 14.81 13.9148 26.5346 13.7107 48.4623 27.6536 23.525 20.9372 30.9123 22.2627 17.9886 16.6073 13.3882 12.4874 12.4773
threshold=0 1 2 3 4 5 21.750000000000004 4.5000000000000009 6 7 8 9 10 11 12 13 14 15 0.004635000368580223 16 17 18 7.5000000000000009 19 20 0.078650549054145827 0.024546723812818531 4.5000000000000009 21 3200.5000000000005
decision_type=9 9 9 9 9 9 8 2 9 9 9 9 9 9 9 9 9 9 2 9 9 9 2 9 9 2 2 2 9 2
left_child=3 4 -3 -1 -2 6 -4 9 -7 -8 -10 12 -12 28 -13 27 17 -16 19 -18 -21 -20 23 -22 26 -26 -24 -15 -14 -25
right_child=1 2 5 -5 -6 8 7 -9 10 -11 11 14 13 15 16 -17 18 -19 21 20 22 -23 24 29 25 -27 -28 -29 -30 -31
leaf_value=-0.018124046143074512 0.03584480656911878 -0.027514525347954035 0.21389771049761597 0.060357184274666908 -0.047797026343597858 0.034572427798891414 0.034853094617579329 0.029162975808353798 -0.026814570552578344 -0.022979643428871474 0.045841405731788853 -0.047566127549316405 -0.023897966490259423 0.05346490034484145 0.057538148384509907 -0.034954350664212201 -0.070813885942606847 -0.022224140078246819 -0.040735747056257932 -0.041597324206800498 -0.043426064559457397 0.00067170116761307915 0.05491250817787028 0.056671738939131633 -0.0973706348071154 0.074460196270077744 0.35159966395416653 -0.019159175623282981 0.081484858764628965 0.1116657687511369
leaf_weight=37.776402945630252 19.495091190328822 232.96673802728765 4.1578614879399538 93.057102955586743 119.01112998137251 87.945038110250607 37.099873382714577 267.62533513142262 142.05118931276957 106.12588554515969 92.393647885182872 63.64853849564679 14.96783958445303 39.303518290864304 106.92722274980042 482.21866355836391 40.023194677080028 61.396465411409736 128.59961758716963 32.889383448287845 20.881820349022746 13638.928060781094 3.7348298116121441 86.063631247263402 26.862229870341253 7.879650365561246 3.8127591218799353 71.675353273982182 36.17433929850813 79.242580072488636
leaf_count=554 350 10194 78 2005 2344 1406 1584 7968 6429 2376 1560 1743 347 710 1502 10939 2976 1604 9799 1651 1300 229287 576 3441 3530 139 181 1298 770 4438
internal_value=0.000225776 -0.000105836 0.000214054 0.0380189 -0.0344033 0.000643236 0.01804 0.016497 0.000158854 -0.00717018 -6.31543e-05 0.000207202 -0.0115401 -0.020343 0.000820023 -0.0273162 0.00106957 0.0288299 0.000717199 0.0218167 0.0372841 0.000255822 0.0499073 0.0665187 -0.0114264 -0.0453462 0.0880835 0.00601856 0.0517782 0.0782976
internal_weight=16184.9 16054.1 15915.6 130.834 138.506 15682.6 415.009 410.851 15267.6 143.226 15179.7 15037.6 736.733 644.34 14300.9 593.198 14237.2 168.324 14068.9 301.39 261.367 13767.5 228.478 186.188 42.2895 34.7419 7.54759 110.979 51.1422 165.306
internal_count=313079 310520 307826 2559 2694 297632 12006 11928 285626 3960 284220 277791 15624 14064 262167 12947 260424 3106 257318 18232 15256 239086 13605 9179 4426 3669 757 2008 1117 7879
cat_boundaries=0 89 180 204 225 246 269 358 380 404 405 428 518 609 633 722 740 764 788 812 836 860 881
cat_threshold=0 0 0 0 0 0 0 0 0 32 2147516416 0 0 524288 8 0 1048576 0 0 0 0 0 0 0 0 0 0 0 134217728 0 4 0 2 512 0 16777216 0 0 67108864 0 0 0 1 1073741824 0 524288 0 0 2048 524296 0 524288 0 0 0 2 0 0 0 16777216 262144 0 128 16384 0 0 65536 0 524288 0 65536 0 0 0 0 0 0 0 1024 4096 0 4096 0 0 268435456 0 0 0 65536 0 0 0 0 0 0 0 268435456 0 0 2097280 32768 0 0 0 0 524288 67108864 0 0 2048 67108864 0 0 0 0 0 0 0 0 0 0 524288 0 2 0 0 0 524288 0 0 0 0 0 0 0 0 1 0 0 0 1048576 0 0 0 32 0 8192 0 268435456 128 32768 0 32768 1 0 0 0 0 8 536870912 0 0 34078720 512 0 8388608 134217728 32 8 0 0 0 0 0 0 0 4096 0 2097152 16 0 512 268435456 0 0 270341 32768 134217728 262144 176160768 2 0 262144 33562624 0 0 0 0 786568 16 2048 1073840128 67109896 131104 687865856 0 256 1025 0 33554432 0 0 0 0 2097152 0 3211266 65596 0 0 512 0 0 0 2147483648 2147483648 2 8388864 1024 0 0 262144 0 0 0 0 2281701376 2885888 16 0 0 0 0 0 0 2147483648 128 9 0 0 0 16809984 3 8704 540672 536920066 537722880 268468224 0 8388608 0 0 0 0 268501008 32 2097152 2149580800 2147778560 0 0 0 524288 8388608 1024 0 0 0 0 0 0 0 0 0 131072 4 0 0 0 0 0 0 0 0 0 4096 0 0 2048 0 0 0 268435456 0 4194304 0 1073741824 536870912 0 0 128 16 0 0 0 0 16 32 0 0 16777216 0 0 0 536870912 0 0 0 0 0 2097152 0 0 0 0 8 0 0 0 0 8388608 0 0 0 0 0 0 0 0 0 0 557072 0 32768 32768 1048576 33554432 1024 0 9 0 0 0 32768 2 8704 524288 16386 537395200 0 0 8388608 0 0 0 0 0 0 0 2147483648 67108864 0 4 32 32768 135266304 285212676 33554432 1048576 4096 4108 0 67108864 268435456 0 0 33554432 1111490560 4 0 163840 4194336 2097152 67586 16 17301504 0 8392962 257 0 33554432 0 256 0 4194304 0 134217729 8459272 16 0 17858560 0 36864 1026 0 0 0 16777216 0 0 0 0 16 0 0 8388616 0 67108864 2 0 1024 0 262144 0 0 0 0 16 0 0 0 0 0 0 0 0 4096 0 0 0 2048 0 0 0 4 0 0 33554432 8388608 0 0 0 0 0 0 0 0 128 0 0 0 268435456 0 0 0 65536 1024 8196 0 0 0 536870912 0 16384 0 0 33554432 0 134217728 0 17301504 67108864 0 0 0 0 256 0 16777248 0 0 0 0 0 16777216 0 0 1073741824 0 0 0 16778240 134217760 0 0 8388608 8 0 0 0 0 1 0 0 0 0 0 0 0 0 0 0 0 0 0 65568 0 0 0 0 0 0 0 0 0 0 0 0 0 0 33554432 0 16384 142606336 0 16384 8 0 0 0 4194304 0 0 0 0 0 0 68 0 0 16 0 0 0 0 0 0 134217728 134217728 0 17301504 0 0 0 0 0 256 0 0 0 0 256 16384 0 16777216 0 1310720 0 1048576 2147483648 268435456 67108864 4204554 0 524304 679477248 557842432 268435456 8192 0 33562624 34960 98304 0 134217728 196608 0 0 0 0 2176 0 4 0 0 0 0 0 0 0 0 0 4 0 0 0 0 0 0 0 128 0 2147500032 0 0 0 0 536870912 0 1 134217728 536870912 0 40960 16 0 32768 0 0 0 0 0 0 0 0 1048576 256 8388608 537919488 0 268435456 0 32 0 0 0 0 0 0 4 128 0 0 0 0 0 0 0 0 1 536870912 0 536870912 0 0 0 0 0 0 4 0 0 65536 2112 8192 0 0 0 0 0 512 67108864 402653184 67108870 1073774592 1024 0 0 0 262144 33554432 0 2113536 1073741824 1770802 134217780 0 0 0 8388608 2048 35651584 67108864 196612 0 4718592 1040 603981824 0 67305472 16 33554432 8 16842752 4 0 320 0 0 64 268435456 34078720 16781312 1024 557056 256 16386 2109504 0 2097154 0 256 0 3072 0 1073741824 1179648 1184 33554432 1 131076 2415984640 0 0 0 0 42532864 4096 0 256 16777216 2 16384 536870928 4194304 1024 0 4194561 1024 263168 1073741824 134217792 0 268435456 0 262144 1179650 0 0 1048704 17 16794000 0 68 8 1040 0 8392704 1074790912 1048576 0 2148008448 0 16 0 4096 0 75497472 8 4104 2147483649 0 128 553656320 1073743872 513 0 0 8 0 0 2155876368 1074790912 1048576 0 2148008448 0 0 0 0 0 67108864 0 0 16777216 0 0 16785408 133280 129 0 8388612 32768 0 0 0 262144 4194304 0 0 0 0 2621458 65568 0 0 0 0 4096 0 2147483648
is_linear=0
shrinkage=0.1


Tree=77
num_leaves=31
num_cat=15
split_feature=3 29 3 3 3 29 3 28 18 3 28 3 29 3 3 23 16 28 20 29 3 29 3 30 14 3 3 3 3 30
split_gain=21.8927 16.0232 37.2289 33.3049 30.4311 26.9387 29.5534 19.7565 19.8654 17.4499 15.8861 15.1645 12.9381 58.6368 28.7463 12.7631 14.6333 13.4523 16.9147 12.6486 27.5042 26.8663 31.8716 26.7915 25.9483 72.2221 39.4796 20.8778 20.4308 22.3167
threshold=0 4005.5000000000005 1 2 3 4021.5000000000005 4 0.034790571779012687 0.15868666768074038 5 0.019233752973377708 6 3934.5000000000005 7 8 1.0000000180025095e-35 5.5000000000000009 0.012919137720018627 14.500000000000002 3894.5000000000005 9 3845.5000000000005 10 21.500000000000004 9.5000000000000018 11 12 13 14 25.500000000000004
decision_type=9 2 9 9 9 2 9 2 2 9 2 9 2 9 9 2 2 2 2 2 9 2 9 2 2 9 9 9 9 2
left_child=-1 2 7 -3 -4 9 10 8 -2 -5 15 -8 14 -14 -6 -7 -17 18 -18 21 -21 24 23 -23 26 -26 -16 -28 -27 -30
right_child=1 3 4 5 12 6 11 -9 -10 -11 -12 -13 13 -15 19 16 17 -19 -20 20 -22 22 -24 -25 25 28 27 -29 29 -31
leaf_value=-0.029673057011590055 0.13406652722616624 -0.025613754111003331 -0.025608287522390673 0.0083674579295771601 -0.01937095178821667 0.044091020113755784 0.0078052419856501562 0.03036195150245662 -0.089220248576651603 -0.048846186566678135 0.015798775444319079 -0.0050939639632352615 0.046808211151529208 -0.005285118813382038 0.022585137402893436 -0.10338881981666895 0.51092919188249108 0.11555995177551662 0.11203981573267874 0.026944653934980085 -0.026874108803619196 0.019611711077814217 -0.0060638816569665438 0.084402809640470852 0.036658034929961759 -0.039637253721458598 -0.020696991861251412 0.0037401392501968038 -0.022290361865515008 0.026208772281067945
leaf_weight=242.9499133421341 34.743438516394235 614.02223757468164 378.28839518397581 76.972198299132288 588.16726763825864 34.591823141439818 1134.7932295089122 185.51654374413192 4.5006082160398355 179.00230837136041 603.05969701742288 4477.916872607253 334.97706003068015 578.91059522354044 1112.4125290095108 1.8101102781947691 2.4902927246876043 6.8264081453671679 1.8548837164416907 122.73445990076289 336.76999624952441 127.02756873355247 165.95297689258587 128.26416864886414 245.80069211393129 420.47610402246937 382.73360429512104 3177.166405404103 350.93583543557907 130.03166678873822
leaf_count=9111 1768 15573 13439 1051 14460 2478 25298 3274 67 3291 12601 84070 4563 12344 16585 134 105 387 207 1449 5913 2482 3416 1373 4566 4980 11393 47858 7225 1535
internal_value=-0.000484615 -2.10741e-05 0.00283269 -0.00354379 0.00175236 -0.00142366 -0.000126323 0.0421239 0.108459 -0.0332233 0.019882 -0.00247672 0.00304387 0.0142636 0.00164123 0.0758213 0.160372 0.203108 0.34065 0.00350939 -0.0124975 0.00469359 0.0290808 0.0501979 0.00292834 -0.0105472 0.00623714 0.00106223 -0.0235642 -0.00899146
internal_weight=16181.7 15938.7 8805.41 7133.34 8580.65 6519.32 6263.34 224.761 39.244 255.975 650.633 5612.71 8202.36 913.888 7288.47 47.5735 12.9817 11.1716 4.34518 6700.31 459.504 6240.8 421.245 255.292 5819.56 1147.24 4672.31 3559.9 901.444 480.968
internal_count=312996 303885 158690 145195 153581 129622 125280 5109 1835 4342 15912 109368 140142 16907 123235 3311 833 699 312 108775 7362 101413 7271 3855 94142 18306 75836 59251 13740 8760
cat_boundaries=0 24 48 72 96 120 134 158 181 205 228 249 271 295 318 342
cat_threshold=0 1228931072 65536 0 0 33685504 4132 8193 0 20971536 33554434 0 4194304 33558532 0 0 4194304 8 68157440 0 1048576 0 1610612744 266240 117440512 0 0 2304 0 16 12582912 0 134742016 43010 536903681 33587201 0 2 0 0 0 0 0 0 1024 2147745920 67108880 4 50331648 8388608 0 258 0 24 545259520 0 524288 2097154 536870916 33587201 1048576 65536 0 0 0 8392704 4 0 0 2147745792 67110928 321 268437504 268435457 256 8192 32768 0 1 138412032 131072 67108928 270336 16 768 32832 0 0 64 0 2151677952 0 0 32 2152398848 168 268437504 268435457 8388610 8193 0 0 3407872 4194560 147456 67108992 0 134217728 512 32768 0 0 0 0 0 0 2147483648 134250496 2152267968 546 805306368 67108866 1073774592 1032 0 0 262144 4194304 805322752 0 24576 1350565888 3713 16 8388608 33554434 1074005248 2098176 536870912 0 0 276824064 33554432 805306368 8448 1073741824 67110208 48 0 0 0 0 0 0 0 1179648 41943040 16777352 143130624 8388610 0 1024 0 0 536870912 262144 536870912 0 16384 8388736 1073 65552 0 0 0 4096 0 0 0 0 36 142606464 2097152 4096 131076 18432 269488128 1048576 8388608 0 16384 0 8389632 263200 32 4 0 0 0 0 16 1 4194304 33554980 9728 0 2 2 9 0 0 262144 278528 0 0 0 0 1575121 0 0 0 0 8388608 0 0 0 134217728 8192 0 75497472 32768 4194304 0 8 673447936 0 302006272 0 2097152 0 1572880 16 0 0 0 0 0 0 2147483648 2228224 76546048 1073741826 2 0 2105352 512 262144 536870912 0 0 0 36372482 134479872 0 16777216 0 536903680 526464 0 268468224 2099200 1073774592 260 67108864 0 0 2147745792 33554432 16793600 100663296 0 2166784 268435488 8 74752 0 0 512 8192 4096 32 131200 134356992 32768 1 2097152 34603008 268435456 0 536870928 2097160 537133056 0 0 65536 0 0 80 134479872 0 8519680 2097152 33685504 268435584 0 0 538970112 262144 524288 4 75530240 1024 0 2147516416 2359304 16777216 100663296 0 2097152 3221225472 537952320 9216 0 0 0 24576 4096 2097218 0 134225920 0 4194304
is_linear=0
shrinkage=0.1


Tree=78
num_leaves=31
num_cat=21
split_feature=3 13 3 13 3 3 13 16 13 3 3 28 3 13 3 18 3 13 3 18 27 3 13 3 3 23 27 30 13 28
split_gain=21.9108 16.402 14.5192 18.2494 16.6575 13.1699 11.2735 11.4368 11.2313 16.7336 10.7754 12.3889 34.2257 29.6397 19.0132 18.5839 16.4225 16.1066 17.0315 14.5701 20.0071 14.4874 14.182 13.8381 13.7754 12.1875 12.0002 11.5352 11.0377 10.5694
threshold=0 1 2 3 4 5 6 8.5000000000000018 7 8 9 0.025569478981196884 10 11 12 0.078650549054145827 13 14 15 0.032846067100763328 0.019616588950157169 16 17 18 19 1.0000000180025095e-35 0.015393729321658613 23.500000000000004 20 1.0000000180025095e-35
decision_type=9 9 9 9 9 9 9 2 9 9 9 2 9 9 9 2 9 9 9 2 2 9 9 9 9 2 2 2 9 2
left_child=-1 5 6 4 -4 -2 7 -3 9 -5 -10 12 -12 -14 28 16 19 21 26 -15 27 -18 24 -24 25 -16 -19 -21 -13 -23
right_child=1 2 3 8 -6 -7 -8 -9 10 -11 11 14 13 15 22 -17 17 18 -20 20 -22 29 23 -25 -26 -27 -28 -29 -30 -31
leaf_value=-0.030803721764726177 -0.013983787722058586 -0.0077534974384810751 0.031549659985820266 0.065159673960787409 -0.047126389513391424 0.060869015503725046 0.013151436841720708 0.12944028473347102 -0.024433891953816188 -0.013955007263251494 -0.045157063552022252 0.039010681513701809 -0.056364467112438699 0.030210158847241743 0.070029120823987892 0.066672095863210226 -0.050730992208855935 0.09371636225024399 -0.0056188513459616181 0.12975216541217116 0.29579447347350407 0.14961025105406214 0.023803766198989294 -0.00067218769179995346 -0.057176566396576013 -0.064244230649595321 -0.025620608545083436 -0.038129056675301032 -0.040776663844271893 0.049077458915116376
leaf_weight=222.88995625055395 34.032746579032391 8.182152163935827 28.260354049038142 55.344983083894476 137.21425194735639 71.568961888202466 243.46219279291108 23.608454047003761 175.12779075856088 45.249108640942723 94.100919229735155 13.581677959766237 46.031858846894465 237.05963759787846 20.624909893609587 75.944024828262627 8.8277078086975944 34.15133691218216 524.97898519330192 10.60699283634313 4.7985343476757398 12.224528565420767 225.00940882402938 13508.439209473727 75.898229175014421 10.05547489505261 11.186415729578583 6.6642840204294762 161.5123863996123 72.355409053736366
leaf_count=14435 425 248 545 715 2821 1389 8006 706 7124 1500 7021 459 3252 12512 247 1142 765 1593 37874 468 101 690 4375 190924 1194 1020 700 179 6744 4175
internal_value=-0.000352202 9.18649e-05 -0.0001814 -0.000589965 -0.0326576 0.037623 0.0221762 0.0716057 -0.000225131 0.0315284 -0.000453925 -0.00016087 0.00986906 0.0151125 -0.000976061 0.0189327 0.0152093 0.00643105 -0.000158588 0.0360539 0.11516 0.0427897 -0.000549158 -0.000254144 -0.0352812 0.0196246 0.0526573 0.0649736 -0.0328145 0.0568824
internal_weight=16199 15976.1 15870.5 15595.2 165.475 105.602 275.253 31.7906 15429.8 100.594 15329.2 15154.1 1138.93 1044.83 14015.1 998.798 922.854 663.724 570.317 259.129 22.0698 93.4076 13840 13733.4 106.579 30.6804 45.3378 17.2713 175.094 84.5799
internal_count=313349 298914 297100 288140 3366 1814 8960 954 284774 2215 282559 275435 70472 63451 204963 60199 59057 45797 40167 13260 748 5630 197760 195299 2461 1267 2293 647 7203 4865
cat_boundaries=0 24 102 126 214 236 250 340 429 443 466 490 581 605 629 712 736 760 850 873 894 977
cat_threshold=0 16777472 2048 4096 0 0 2129920 0 131072 8192 131333 32768 67108864 167772672 0 67141632 2147484178 2147483648 1048576 0 134217728 536870912 67108896 10 2 0 0 524288 8912896 1024 8 0 0 32 0 0 134217728 0 0 0 0 0 0 0 0 0 0 4 1048576 0 0 0 671088640 0 0 16777216 0 0 16384 4194304 0 0 67108864 33554432 0 1 0 0 0 524288 0 0 32 0 0 524288 0 16 0 0 4194304 0 0 0 16 0 0 0 0 0 0 536870912 0 0 0 0 0 0 1073872896 0 0 262144 32768 1073741824 4096 8192 0 2 512 16777728 0 4 0 0 2147483656 2 0 8192 131072 20480 592000 0 268501024 8192 25206912 16777248 0 262144 0 0 16 0 1048576 0 0 0 2147483648 0 0 524288 0 0 0 67108864 1 0 0 0 0 65536 67110912 0 0 1024 0 0 0 0 4 0 4194304 0 0 0 0 64 0 0 0 256 0 2097152 0 0 0 524320 0 1048576 0 0 0 0 8 128 0 0 33816576 0 0 32768 1 0 8 0 134217728 0 16 0 0 0 536870912 0 0 0 0 0 1048576 0 16777216 0 0 0 0 4096 536870912 67108864 1073774592 1 0 8 0 0 536870912 0 8192 268435456 131072 65568 0 0 0 294912 0 0 2147483648 2147483648 536870912 1 0 0 0 0 0 262144 33554432 0 2113536 3363831808 3671048 32 0 0 0 0 0 0 0 0 0 0 2129920 0 65536 0 0 0 0 0 262144 0 2147483648 0 0 0 0 0 65536 0 2048 1073741824 0 0 4 0 0 16777216 0 0 0 0 0 0 0 1048832 0 0 0 0 0 0 0 0 0 128 0 256 0 0 0 0 33554432 0 0 0 0 0 0 67108864 134217728 0 0 32768 0 0 0 0 0 0 0 0 0 0 0 0 67108864 0 0 8192 0 8 0 0 0 0 64 0 0 256 8 0 8388610 0 0 0 4 524288 0 0 0 524288 0 0 0 0 0 0 0 0 0 0 0 0 0 0 0 512 0 0 536870912 0 0 0 16 262144 8388608 0 2 16 4096 0 0 0 1048576 0 0 0 4 0 0 0 0 0 0 8388608 0 0 1073741824 393216 0 0 131072 8388608 0 0 32 0 0 0 262144 0 0 128 0 0 0 32768 0 33554432 16842752 0 67108868 1073741824 0 0 16 1 262144 33554432 0 2113536 301989889 2622755 48 0 0 0 131108 32768 68190208 16778248 402661376 0 1048577 16 268435456 0 268435520 0 131072 33554496 262144 2147483648 2048 2097153 20971552 131328 67108864 3145729 67108864 65536 0 140509200 8388624 33554432 0 2097152 4096 33554432 1073741824 16781344 4 1 4 0 0 32 0 109051904 272629760 3200 0 0 0 0 0 2097152 0 0 8388608 0 0 0 0 0 1 0 1048576 0 0 0 0 0 0 0 0 64 0 1073741824 0 0 2048 0 2 2097152 0 0 4 0 0 0 0 128 34603008 33554432 0 0 4096 268435457 2048 128 0 512 0 0 16384 0 0 0 0 16777216 0 0 0 0 0 2 3 69206016 0 0 0 0 0 0 0 8 0 0 36 0 2048 0 0 0 0 0 0 0 0 0 64 673185792 0 268435456 2 536870912 268510208 5243200 1 0 4261376 599040 0 0 0 0 0 0 0 33 0 128 128 16 65536 2684354560 268435460 8256 26 536870912 33554440 4194372 1 33554432 4260864 106496 0 2048 0 0 0 0 0 33 0 0 2148532352 16 32772 0 0 0 1024 0 0 0 0 0 0 67108864 0 65536 0 0 16777216 16 0 0 16 0 0 0 0 0 0 0 0 0 1073741824 0 0 2048 0 0 0 0 16777216 0 0 0 4 0 1048576 0 262144 0 0 0 0 16384 0 16777216 268435456 0 32 0 2147483648 0 0 0 8192 0 0 8192 0 0 0 0 536870912 1 32768 0 0 8708 0 8388612 0 67109888 0 0 0 4 0 66 1073741824 1 2048 536936448 1744965634 0 67633152 33817264 524288 262144 4194304 2048 0 32 0 0 0 0 0 0 0 66048 0 0 262272 2097152 16384 4096 1073758208 0 786432 33554576 0 33 4194304 0 0 0 264 65536 0 0 0 262144 35720768 513 0 0 8388608 0 0 16 0 0 0 131072 67108864 32768 1024 0 64 0 16 16384 1024 0 0 0 0 0 0 0 0 32 0 0 0 0 0 0 0 0 0 0 0 0 0 4 0 0 0 0 0 256 0 0 0 0 16777216 268435456 8388608 0 0 0 0 0 0 0 4194304 0 0 0 65536 0 0 0 671088640 0 0 0 8192 0 8388608 131072 1024 0 0 32 0 4 0 0 512 0 32 8 75628544 34603009 83886080 2048 0 16 8454288 0 0 0 4096 536870912 0 4096 0 25165824 296 4194304 0 32 67108864 0 4456448 0 4 8388610 1025 0 0 0 262144 0 0 0 0 2099248 65584 0 0 0 0 0 0 2147483648 0 0 0 0 0 0 0 0 0 0 0 0 0 0 0 0 0 0 0 0 0 0 0 0 0 64 0 0 0 0 0 0 0 2097152 0 0 0 16777216 0 0 0 4 1048576 1048576 32768 0 4096 0 0 0 0 0 0 0 0 256 0 0 0 0 0 0 0 0 0 16386 0 67108864 33554432 2048 0 0 0 0 512 0 0 0 512 0 2048 0 4
is_linear=0
shrinkage=0.1


Tree=79
num_leaves=31
num_cat=24
split_feature=3 13 13 3 13 3 13 3 13 3 3 3 28 29 16 3 17 5 18 6 13 3 3 2 3 13 13 3 26 3
split_gain=21.6947 25.733 16.6581 26.72 15.6501 16.1874 14.4375 13.8392 12.2163 25.308 15.1715 12.0248 11.5314 23.4955 10.4868 25.4841 12.301 10.682 26.7147 9.85139 9.4478 25.4284 9.27336 9.51031 9.02689 12.2537 9.72257 26.4178 9.44309 40.9487
threshold=0 1 2 3 4 5 6 7 8 9 10 11 0.004635000368580223 3894.5000000000005 1.5000000000000002 12 40.850000381469734 13 0.032846067100763328 14 15 16 17 18 19 20 21 22 44.500000000000007 23
decision_type=9 9 9 9 9 9 9 9 9 9 9 9 2 2 2 9 10 9 2 9 9 9 9 9 9 9 9 9 2 9
left_child=1 -1 3 -2 7 12 11 -4 9 -8 19 -7 13 -6 15 16 -12 18 -16 -10 21 -19 -22 -24 25 -25 27 -26 -28 -30
right_child=2 -3 4 -5 5 6 8 -9 10 -11 14 -13 -14 -15 17 -17 -18 20 -20 -21 22 -23 23 24 26 -27 28 -29 29 -31
leaf_value=0.071650580156997754 0.030519765919064742 -0.04468064218424015 -0.035381504163285421 -0.04553497919900882 0.068757594101404959 -0.026898158865159002 0.044959103449268296 0.050522174470484849 -0.010684110547066802 -0.058060652013134539 0.018231096342052042 0.07311253313714107 0.018834129832320922 0.50668405508039838 0.19840927656148794 -0.027235302088914573 0.1374853595918441 0.033162751334433471 -0.014789801005619038 -0.046610896301344795 -0.02185438593482229 -0.058766188823550614 0.018991554299640584 -0.045507773916723802 0.04873246040276772 0.018996344072135941 0.00065825685022917902 -0.012413249834992438 0.026494734429762901 -0.023717417277128627
leaf_weight=13.257456383900715 56.353400549385697 174.51296458934667 17.916427521966398 171.28218831424601 19.550745995249603 14.472752276808022 25.589632437098771 98.327000824618153 340.7310795498779 84.104705329518765 102.90727866231464 40.613125377101824 252.40224923758069 1.3070316341472779 10.674009203328753 353.18668320460711 9.4432370035210607 40.548754756920971 13.078763544559477 98.355607948964462 166.46768569905544 75.522370842169039 284.70881971972995 22.826695458265021 135.02791742468253 419.17397416871972 12228.296590175945 135.17208799161017 213.21526643517427 597.8841054168297
leaf_count=379 781 8521 396 4221 1710 134 287 1929 10979 2197 1662 730 9480 84 177 6409 181 616 169 3198 6606 1541 3284 646 1844 11762 212591 3142 3000 14609
internal_value=-0.0003416 -0.0332595 6.47199e-05 -0.0262149 0.000459643 0.00017728 -0.000257933 0.0355281 -0.000456827 -0.0322797 -0.000206874 0.046741 0.023866 0.0961998 0.000342049 -0.0144287 0.0259453 0.000821721 0.0570143 -0.0183146 0.000688208 -0.0265682 0.000929496 0.00121507 0.000833502 0.014732 0.000361232 0.018792 -3.47949e-05 -0.0104838
internal_weight=16216.9 187.77 16029.1 227.636 15801.5 15685.3 15412 116.243 15356.9 109.694 15247.2 55.0859 273.26 20.8578 14808.1 465.537 112.351 14342.6 23.7528 439.087 14318.8 116.071 14202.8 14036.3 13751.6 442.001 13309.6 270.2 13039.4 811.099
internal_count=313265 8900 304365 5002 299363 297038 285764 2325 284900 2484 282416 864 11274 1794 268239 8252 1843 259987 346 14177 259641 2157 257484 250878 247594 12408 235186 4986 230200 17609
cat_boundaries=0 23 114 205 227 314 337 428 448 536 557 581 595 618 619 620 711 734 758 767 791 881 970 984 1008
cat_threshold=0 4194304 1024 0 0 603979780 268435464 0 134217728 4467264 33 0 128 33554432 0 2 132 536879104 262288 0 0 3670144 8 0 0 0 0 0 0 0 0 0 0 0 0 0 1 0 17301504 4 0 0 0 2147483648 0 0 0 0 0 0 0 0 0 0 0 0 0 0 0 0 0 0 0 0 128 0 33554432 0 0 0 256 0 0 0 0 0 0 0 0 4194304 2147483648 0 131072 0 0 0 0 0 0 0 0 0 0 134283264 0 0 0 0 0 4 0 1024 0 0 4096 4 0 0 0 0 0 0 0 16 0 0 0 0 0 2097152 0 8388608 0 8192 0 0 0 524288 0 0 0 0 0 16 2147483648 0 0 0 0 0 0 0 0 0 16 0 0 2097152 32 0 0 0 131076 64 0 0 0 0 0 2097152 0 272 0 0 0 134217728 0 268435456 16384 0 8 128 0 2048 0 0 0 0 0 0 0 0 0 0 0 0 0 33554432 0 8 0 33554432 1024 0 4096 0 0 4 0 0 16777216 0 1048576 4194304 65 16777216 0 8388674 1 0 0 33558528 262144 33570816 0 65536 276824064 2890832 65536 0 0 0 0 32 0 405798912 2048 0 0 0 0 64 0 0 0 0 67108868 0 0 134217728 0 0 0 16 128 512 0 0 0 0 0 0 0 0 134217728 0 0 32772 0 2 0 8 4194304 0 0 67108864 262144 0 0 0 0 0 524288 0 0 0 0 0 524288 0 0 0 256 0 0 0 0 0 2097152 4 0 0 0 0 0 0 0 0 8388608 0 0 536870912 64 0 134217728 288 69632 0 0 16 0 0 0 1048576 0 1048584 0 2068 0 301989904 131074 16785664 0 65792 0 0 0 134479872 0 1081344 512 294912 268436480 4196354 2049 2147483648 516 0 0 0 524288 0 0 0 268435712 0 0 0 0 0 0 1 0 0 16384 0 0 0 1048576 0 0 0 0 4096 0 0 0 0 0 0 268468224 2 0 0 16777216 0 0 0 0 1 0 8388608 4 0 0 0 0 0 0 0 16 8388608 536870914 0 0 1073758208 0 0 0 0 0 0 0 0 131072 0 0 0 16777216 0 0 32 0 0 0 0 0 0 8320 524320 0 0 0 0 33558528 0 8 2 0 4 67109120 1 0 0 262144 4194304 603979776 0 0 1073741824 131075 65552 0 0 0 0 0 64 0 0 0 0 262176 0 0 65536 0 0 0 0 0 0 2 0 0 0 0 0 0 0 0 0 128 0 65536 0 0 0 0 0 524288 0 4194304 0 0 0 4096 268435456 0 0 0 256 32768 0 4096 16384 0 0 0 17825792 0 2 512 0 4 65536 25165824 32 1024 0 2 0 0 0 1073741824 0 0 0 0 0 0 0 0 0 0 2097152 0 0 0 0 16777216 0 524288 0 4194304 8388608 524288 100663298 0 0 0 0 0 0 16384 4096 262144 0 524368 65568 0 0 0 0 524320 16777216 1048576 0 33554432 16842880 131072 0 0 33024 134217728 0 277352448 262156 1 282628 65536 0 67108896 0 8 67108904 0 0 32 2176 32770 0 8388612 0 0 0 0 0 262144 0 0 0 41943040 2097187 32 2290221056 0 8388864 0 0 0 2097152 4456448 100663296 0 65536 1619001344 8422753 4 0 16777216 0 1082146944 0 2097152 0 0 4194306 160 1 0 0 0 4 524288 0 0 0 0 16777216 2097152 32 0 0 0 0 8 0 0 0 0 4 0 0 0 65536 0 0 2048 0 0 0 0 0 0 4 0 0 537395200 16384 0 0 0 0 16384 0 0 0 0 0 0 67108864 0 0 0 0 0 262144 0 0 0 0 16 0 8192 0 0 0 0 0 0 0 0 0 0 0 0 16 512 8 96 4096 0 0 0 4194304 0 0 0 0 1048576 524288 67108868 2 1280 0 0 262144 4456448 33554432 0 8192 41943040 3147793 0 0 0 0 0 0 0 2147483648 0 134217728 131072 1024 278528 32 34816 2148532226 16777732 33554432 0 17412 65536 0 32768 0 0 0 64 1073741824 16777216 2097152 0 54525952 262147 10240 0 2147483648 0 4194304 32 0 0 0 2048 16779264 134217729 0 0 16384 131072 134283264 0 262144 0 0 402686080 536871424 8421376 0 16777216 537003008 0 0 0 65568 395264 1663041536 4194304 0 0 0 0 0 0 0 0 0 536870912 0 0 0 0 8 16777216 0 0 0 0 0 0 0 0 536870912 0 0 0 0 0 2048 0 0 0 0 0 0 0 0 0 0 4 0 0 0 0 0 0 0 0 0 1024 0 0 0 0 4194304 0 0 268435456 0 8192 0 8 0 2 0 67108864 0 0 0 0 0 0 0 0 4 0 0 0 2048 0 0 0 67108864 0 0 8192 0 2097152 0 2048 0 2 0 0 0 0 0 536870912 32770 0 0 0 0 1048576 0 0 0 0 0 0 2147483648 4 16 0 1 1024 1048584 0 0 16777216 0 0 0 0 0 0 0 512 0 0 0 33554432 0 536870912 0 0 8 0 0 1024 0 128 0 0 0 0 0 0 33554432 0 536870912 131072 16384 0 0 67108864 0 8 0 0 0 0 4194308 0 0 8 0 0 0 0 0 0 0 32768 0 0 65536 536870912 1073741828 8388864 9473 0 8 262144 4456448 570425344 0 2097152 1149247488 525419 36 524288 0 8392706 4195328 0 0 537919489 1024 268435456 0 2637824 536870912 1032 56 0 0 0 12599296 0 0 2147614720 8192 2155905024 36
is_linear=0
shrinkage=0.1


Tree=80
num_leaves=31
num_cat=18
split_feature=3 13 3 3 13 25 13 3 13 28 25 3 23 3 24 26 3 23 28 13 3 13 3 23 13 3 3 26 25 16
split_gain=23.4274 16.8768 25.844 17.2499 13.7063 14.2539 13.0923 15.4128 12.2436 16.681 15.336 10.9413 11.1393 20.1192 17.0248 11.2327 46.0051 30.7704 21.5527 20.2498 14.6735 13.5911 12.034 13.4815 12.1985 33.5256 11.4356 11.3732 10.8992 10.4034
threshold=0 1 2 3 4 12.500000000000002 5 6 7 0.021663658320903782 1.5000000000000002 8 19.500000000000004 9 9.5000000000000018 35.500000000000007 10 1.0000000180025095e-35 0.042329246178269393 11 12 13 14 1.0000000180025095e-35 15 16 17 3.5000000000000004 8.5000000000000018 16.500000000000004
decision_type=9 9 9 9 9 2 9 9 9 2 2 9 2 9 2 2 9 2 2 9 9 9 9 2 9 9 9 2 2 2
left_child=8 2 -2 4 -3 28 7 -5 9 10 -1 -8 14 -14 15 21 17 18 29 -18 -21 -13 23 27 25 -24 -26 -23 -6 -17
right_child=1 3 -4 6 5 -7 11 -9 -10 -11 -12 12 13 -15 -16 16 19 -19 -20 20 -22 22 24 -25 26 -27 -28 -29 -30 -31
leaf_value=0.46616771884239888 0.024233934154340549 0.075981981541424992 -0.04186362978103806 0.079322408178623821 0.01846832957225698 -0.040897276392366108 -0.030653622767442892 0.0081209394982876618 -0.041119753866700151 0.0050342914972427918 0.06097919674045206 -0.02833152306024821 0.009620940129787257 -0.043109253618793808 0.094398535539811965 0.30865312866002226 0.050906949014152159 -0.013392111991743262 0.052347606947336825 -0.03857563115193241 -0.010459040849612949 -0.047224597311022971 -0.030813637240074361 0.03971016145657065 0.018516536248848924 0.044352601012959868 0.00072194544453056848 0.090371288508803618 0.1277493450037471 0.095887440455334927
leaf_weight=1.7504974751500406 76.56895768630784 32.567054682760499 205.07522339187562 35.13288895227015 308.83736101543764 41.07478333695326 107.41214716504328 120.22243912960403 184.69889789447188 10.733545307302846 2.0029233175446279 146.16823804727755 131.00129989802372 150.09859811246861 19.230404138565063 5.004444149322806 29.600592120084912 86.894802109571174 115.62740335520357 365.15039150987286 418.57137704768684 121.86876267864136 77.671955965925008 25.092602757795248 361.78363289340632 191.68445565912407 12729.532315343968 6.3186425220919764 9.4043964191223477 4.2495819879695773
leaf_count=91 1172 1003 4430 531 11402 2167 7056 2641 10667 304 151 3226 4634 12311 179 140 642 1659 1205 8834 9556 5528 1107 1033 11768 3241 205293 163 372 120
internal_value=-0.000281341 0.000155554 -0.0236793 0.000599621 0.0210499 0.0141485 6.0596e-05 0.0280461 -0.0335289 0.0405194 0.249949 -0.000245845 -7.59404e-06 -0.0197267 0.000369364 0.000246232 -0.00984972 0.0308475 0.0641003 -0.0205729 -0.02388 0.00100386 0.00134113 -0.0256476 0.00166971 0.0223504 0.00122746 -0.0404422 0.0216977 0.210948
internal_weight=16121 15921.8 281.644 15640.2 391.884 359.317 15248.3 155.355 199.186 14.487 3.75342 15093 14985.5 281.1 14704.4 14685.2 1025.1 211.776 124.881 813.322 783.722 13660.1 13514 153.28 13360.7 269.356 13091.3 128.187 318.242 9.25403
internal_count=312626 301413 5602 295811 14944 13941 280867 3172 11213 546 242 277695 270639 16945 253694 253515 22156 3124 1465 19032 18390 231359 228133 6724 221409 4348 217061 5691 11774 260
cat_boundaries=0 24 114 138 162 253 342 361 451 475 498 522 613 634 722 746 837 858 882
cat_threshold=0 0 131208 2 536870912 1025 270532608 134220545 524288 1048594 32 0 536870912 33554432 0 0 0 16384 0 0 8388608 538443808 2147549216 32896 0 0 0 0 0 0 0 0 72 536870912 0 32768 0 0 0 0 0 0 64 0 2147483650 0 0 0 67108864 0 0 0 0 0 2064 16 0 0 0 33554432 0 0 536870912 64 0 0 0 1073741826 0 0 0 16 0 0 0 1056 0 0 0 0 4 0 1024 0 262144 0 0 32776 0 0 0 0 0 134217728 0 0 0 0 4 0 0 2097152 0 0 4096 0 0 4 0 32768 0 0 0 2097152 805306368 67108882 1082130690 1 0 24 262144 0 536870912 0 0 2952790017 267553 65568 0 16777216 0 536870912 32 0 0 2097152 0 1 131072 9 335544320 8196 0 268435458 4 0 0 2097156 0 67108864 16809988 134217736 0 0 2147550208 0 196632 0 268435456 134217728 1073774592 16386 0 0 0 16777216 0 1024 0 0 0 0 2147516416 32 0 0 0 4 4 0 0 0 0 0 0 0 536870912 0 4104 0 0 1073741824 0 0 0 0 16384 0 4 0 0 0 0 0 0 0 0 0 0 0 0 0 0 0 0 0 16384 0 0 0 0 0 0 0 0 0 0 16386 0 0 134217728 0 0 0 0 33554432 131072 0 0 0 512 4096 0 4096 4 0 67108864 0 0 4096 1048576 1073741824 1 2 0 0 524288 64 512 0 0 0 0 128 0 134217728 0 0 0 0 0 0 16 33554432 1048576 0 0 0 0 0 0 1048576 0 0 0 0 0 0 0 0 0 0 0 0 1 262144 0 0 0 16777216 268435456 8 0 32 524288 0 268435456 8388608 536870912 0 0 8388608 0 0 0 0 0 0 0 0 0 0 0 536870912 8388608 0 0 0 64 0 131072 262144 8 64 8192 0 0 0 0 16777216 0 1024 402653184 8388608 1073741824 0 0 0 0 0 67108864 0 0 276824064 3146787 65568 0 0 0 0 32 0 0 0 0 0 0 0 0 0 0 0 0 0 0 0 0 64 0 0 0 0 0 0 0 0 64 0 0 2048 1073741824 0 512 0 0 0 0 0 0 0 0 0 0 0 0 0 0 0 257 0 0 0 0 0 0 0 256 0 0 0 0 0 0 0 0 0 2 0 0 134217728 0 134217728 0 0 0 0 0 0 0 0 0 0 0 4 0 67108864 0 0 0 0 1073741832 0 0 65536 32 0 135266320 16785920 33554432 0 128 273 0 67108864 285212864 0 1179648 33554496 65536 2147487744 0 0 2204106752 0 2304 855638016 402653186 1082163200 4194304 0 0 8388608 4194304 67108864 4194304 2113536 41943200 265472 4 0 0 0 8192 32 0 2147483648 268566528 512 524288 1048832 8392706 1024 0 0 536870913 1024 67108864 8448 573440 536871040 4096 65584 0 0 512 8396800 67108864 32 1048576 0 8389120 32 0 0 0 2 0 0 0 0 0 4 2214592512 0 0 0 512 524288 0 0 0 2147483648 0 0 0 4 536870912 0 0 0 0 0 0 0 2048 1024 0 268435456 0 0 131072 0 0 0 1048576 303038464 0 0 0 1 0 0 0 134217728 0 0 0 0 0 0 64 16777216 0 0 0 0 0 0 0 0 0 136 0 0 16785408 0 512 0 0 0 0 0 16777216 0 0 0 67108864 0 0 0 0 0 528 2315255808 343932932 1073774592 256 0 8 0 4194304 536887296 0 536870912 2558525440 5376369 2 0 0 0 0 1024 0 2147483648 0 262144 0 0 0 16 0 0 16384 16777216 0 0 0 1 0 17301504 0 16384 0 2149580800 0 0 0 0 0 0 0 0 0 2048 0 0 0 0 4194304 0 0 0 131072 131072 524288 536870912 0 1048576 0 0 0 1 0 0 524288 0 0 0 0 0 0 262144 0 32 33554432 0 0 0 0 0 8 0 0 8 0 0 0 0 536870912 0 0 0 0 0 16777216 0 0 0 67125248 0 0 4096 2048 2097152 0 131088 0 131072 4194434 8389632 0 1 557056 0 128 4096 0 0 12 0 4194432 0 0 65536 109314240 16782336 0 0 0 0 16 2097152 16 0 0 32 0 0 0 0 9 64 1048576 0 0 512 0 0 0 0 0 0 0 0 0 1073807360 4 0 4 0 0 2097152 0 0 0 262144 2097152 2048 0 0 8421376 0 4096 256 0 524288 16384 0 1048576 0 16384 0 0 0 0 0 0 0 0 0 8192 0 0 262144 0 0 0 0 0 0 0 0 0 134479872 1024 65536 0 0 0 0 0 0 0 0 0 0 2 419430400 8388612 258 1025 0 0 0 262144 603979776 8448 0 545259520 18723 2 0 16777216 0 8388608 32 50 1048576 536903680 1476395008 1073741824 4352 0 65536 1082130496 8192 0 67109888 0 0 1077936128 2 0 134225920 0 4194312 268435457 4194306 65632 262144 16 131072
is_linear=0
shrinkage=0.1


Tree=81
num_leaves=31
num_cat=20
split_feature=3 13 3 13 14 5 3 13 17 13 3 17 3 30 3 20 27 13 3 3 30 3 28 13 3 13 13 25 14 3
split_gain=22.9015 18.1931 27.8709 15.8082 11.9305 11.2441 16.1886 18.3462 11.0036 10.8928 19.1788 13.6114 11.9672 10.357 48.4552 13.4681 12.3322 11.9652 17.5641 13.4406 11.3593 10.4664 12.235 11.1233 33.0047 10.3548 10.0347 12.7132 9.95301 41.7878
threshold=0 1 2 3 7.5000000000000009 4 5 6 39.350000381469734 7 8 50.149999618530281 9 38.500000000000007 10 -1.0000000180025095e-35 0.16724162548780444 11 12 13 50.500000000000007 14 0.12050732225179674 15 16 17 18 9.5000000000000018 9.5000000000000018 19
decision_type=9 9 9 9 2 9 9 9 10 9 9 10 9 2 9 2 2 9 9 9 2 9 2 9 9 9 9 2 2 9
left_child=-1 2 4 -3 -2 6 7 -5 -6 10 11 -8 -11 17 15 -15 20 18 -14 25 -16 22 26 24 -23 -19 -21 -28 -25 -30
right_child=1 3 -4 5 8 -7 9 -9 -10 12 -12 -13 13 14 16 -17 -18 19 -20 21 -22 23 -24 28 -26 -27 27 -29 29 -31
leaf_value=-0.036626578544374032 0.0091961293975249773 0.042053580468810602 -0.046466166908412793 0.092312477233232285 0.065450096951452555 -0.043568455942043421 0.014517240323339004 0.01305580542782141 0.25277963571991058 -0.027428099164866278 -0.040596217489502852 0.16861616764916904 0.058711456477181526 0.057188970809259693 0.017584707084354358 -0.027991564779085917 0.090730687007708644 0.045020211022712302 -0.013601022087114098 0.064613687478135701 0.076157513958996392 -0.037641863275455427 -0.0040814686109520142 0.00092232061723582736 0.049514706257284651 -0.016316184909348035 0.024647504827094893 -0.050527149253737337 0.023324431696447982 -0.010477362322692365
leaf_weight=162.36182522668969 17.441536133701451 80.60077012743568 162.42503203917295 22.800952076795511 8.5103640429442731 48.578735360642895 29.145532534690574 404.08636201906484 4.9649480396183199 146.50944224197883 141.90601044974755 7.1352028003893784 74.276231129653752 20.623680256307125 105.10031124390662 185.67862592637539 56.371011895127594 19.81407660478726 55.428649291978218 51.026511358097196 48.337926596403122 55.406394052668475 210.06725804973394 10045.865862540319 132.997165150824 665.67764076794265 227.50890737050213 24.964810159988701 417.55935347091872 2546.4564202321344
leaf_count=7014 411 1407 4853 629 180 949 498 10124 97 5726 3735 96 899 127 841 980 1825 900 1966 1431 453 1127 2214 174358 2390 24821 7878 2123 6653 46436
internal_value=-0.00037012 2.02544e-05 -0.0297012 0.000401929 0.048206 0.000162126 0.000325138 0.0193051 0.134471 -0.000217829 -0.0241281 0.0351382 8.03085e-05 0.000368176 0.0159237 -0.0185758 0.048424 -7.71429e-05 0.0290475 -0.000359452 0.036037 0.000328199 0.0141947 -0.000221708 0.023278 -0.0139214 0.0273123 0.0165583 -0.000579639 -0.00567215
internal_weight=16179.6 16017.3 193.342 15823.9 30.9168 15743.3 15694.7 426.887 13.4753 15267.9 178.187 36.2807 15089.7 14943.2 416.112 206.302 209.809 14527 129.705 14397.3 153.438 13711.9 513.567 13198.3 188.404 685.492 303.5 252.474 13009.9 2964.02
internal_count=313141 306127 5541 300586 688 299179 298230 10753 277 287477 4329 594 283148 277422 4226 1107 3119 273196 2865 270331 1294 244610 13646 230964 3517 25721 11432 10001 227447 53089
cat_boundaries=0 24 114 138 221 222 246 336 425 448 471 495 584 598 622 646 738 761 851 941 965
cat_threshold=128 1024 1024 0 0 8650754 536870944 1 0 5242880 8 0 8388608 33554432 0 0 33751048 8192 131074 16777216 64 67239936 2415919362 4194304 0 0 0 0 0 0 0 0 0 16777216 32768 32768 0 0 0 0 0 16384 262144 0 0 0 0 0 0 0 4096 0 0 0 16384 0 0 1048576 0 2097152 4 0 0 8256 4194304 0 0 0 0 3145728 0 256 0 0 0 0 16777216 128 0 0 4194304 262144 0 0 0 16777216 0 0 8192 16384 0 67108864 0 0 0 0 8 0 0 0 0 0 0 0 16781312 0 0 0 0 32 0 0 0 1024 537395200 1073741824 8388738 9216 536870912 0 262144 4194304 570425344 0 0 1811939328 33794 4 0 0 0 536870912 1048576 0 2147483648 0 16793600 16384 2 0 0 16777218 0 0 16 0 16384 8192 0 0 134217728 32768 0 0 0 0 512 512 0 1048576 0 0 0 0 0 0 0 0 0 0 2 0 0 16777216 0 0 0 33554432 0 1 0 0 0 0 0 0 2080 8 0 524288 0 0 0 0 0 0 0 0 0 0 16 0 0 0 0 0 167772160 0 0 0 0 33554432 4194304 128 0 0 0 4096 0 4096 16 170 0 73 0 4096 536870912 100663296 1 0 0 69214209 0 33554432 16777224 32768 0 0 2147483648 180224 266368 4194306 134217856 2147483648 2097280 4 0 0 0 0 0 512 0 0 0 0 2147483650 0 0 0 0 524288 0 0 0 0 2147483648 0 0 0 0 0 0 0 0 0 0 0 0 0 0 0 0 0 0 0 0 0 0 1048576 0 0 4096 0 0 0 0 0 0 0 16384 0 0 0 1024 0 33554432 0 0 0 0 0 0 0 0 0 1 32768 0 0 1073741824 0 0 0 0 0 0 0 0 0 0 0 0 4096 65536 1073741824 0 0 2 0 0 0 0 0 0 0 2214592514 67108864 1024 0 10 0 0 0 0 0 0 131072 0 0 0 81920 8 0 0 0 2147483648 0 0 2097152 32 4 0 0 0 0 0 0 0 1048576 0 0 134217728 0 0 0 0 0 0 0 0 0 128 0 0 2048 33554432 0 4194306 0 0 0 0 0 0 8 0 0 0 0 0 0 0 0 0 0 0 0 0 0 67633152 0 4194368 8396800 65536 150994944 67108864 1073741824 1024 0 131072 262656 262144 0 0 0 67108864 132177 65576 0 0 0 0 0 0 1342177280 0 8192 0 16 268566656 4194352 0 0 2178 167772416 268435456 4160 16 0 0 8 0 0 0 2147483776 1048576 0 1074266112 268501152 64 2189426688 2 1082130434 260 0 65536 2101248 512 603979776 32 2097152 8388608 3932929 65536 0 0 1028 0 0 0 2147483648 134217728 32 32768 0 0 0 1024 32768 0 0 0 0 0 128 0 0 0 536870912 0 1048576 0 1 0 0 0 0 0 537919488 0 0 0 0 0 0 0 4 0 0 0 0 0 524288 262144 0 0 16 1073741824 0 0 2 0 0 4194304 32 1024 1048576 0 0 536870912 0 0 16384 32 0 0 0 0 0 0 1 0 0 536870912 131072 0 0 0 0 0 0 262144 0 0 32 0 0 0 0 98304 1048576 33554432 67109888 277348352 75497472 33024 1024 0 0 0 0 637534208 0 2113536 75497472 1447201 52 0 20971520 20740 139264 32768 134217736 0 272629760 0 1073741824 131072 128 0 151007360 0 134217728 0 268435456 2147483680 32 1024 0 41947136 16777232 0 0 2 258 0 598016 2101252 512 134217728 162 0 134250496 1081344 262144 0 0 1024 262144 0 0 69206016 137363456 134234116 425984 0 1073741824 0 0 0 16 1048576 268435456 64 537002016 8388608 0 0 0 8388609 0 0 0 0 0 0 0 0 0 0 0 1 1073741824 4096 0 4 16777216 0 0 0 4194816 0 0 536870912 0 0 0 1048576 0 32768 0 0 0 0 0 0 0 0 0 8388608 0 0 0 0 0 16 0 0 8388608 0 0 0 131072 524288 0 0 8388608 0 0 0 0 0 0 32 0 0 0 0 0 32768 0 0 32768 1048576 0 0 1 721944576 8388612 32768 0 0 0 262144 0 536870912 0 0 1342177281 399696 18 0 16777216 0 1082130432 0 0 1048576 0 4194336 0 0 0 0 524288 0 0 0 8388608 0 0 32 0 0 0 0 4 0 0 0 0 0 0 4 0 0 0 0 0 0 2048 0 0 0 0 0 0 0 0 0 0 0 0 0 0 0 0 0 0 0 0 0 0 0 16385 0 0 0 1088 16777216 0 0 0 0 0 0 0 0 0 0 0 0 0 0 4 0 4 0 0 0 0 524288 0 0 0 0 16777216 0 0 1075838976 0 0 0 0 524288 0 0 0 0 0 0 0 65536 0 0 0 0 0 0 16 0 0 0 0 0 64 0 0 0 1073741824 0 0 0 0 0 0 0 0 0 0 0 536870916 0 0 0 0 4096 0 0 0 0 0 0 0 16384 256 0 2147483648 0 0 128 0 0 0 0 2 0 0 0 0 134217729 0 16777216 0 512 0 0 0 1536 0 0 0 4 0 0 0 0 0 0 1073741824 270532608 68157442 8388608 0 2048 16 135528448 536870912 34340864 536870928 256 0 35651600 0 0 8388608 0 574619648 268437520 0 2147483648 2048 0 544
is_linear=0
shrinkage=0.1


Tree=82
num_leaves=31
num_cat=11
split_feature=13 13 17 13 7 23 22 25 20 13 13 21 13 25 22 20 25 28 13 6 29 13 29 29 30 12 17 21 26 23
split_gain=17.3193 16.479 12.0524 11.9825 10.2266 9.20258 19.9807 14.0838 14.2482 12.6423 16.9771 10.3949 9.74069 10.128 24.3433 16.7052 17.2139 23.4452 16.1642 13.9666 13.1673 10.867 10.3031 21.1466 15.2666 9.92409 10.3088 12.9767 9.57429 52.4882
threshold=0 1 46.049999237060554 2 3 4.5000000000000009 0.0094413906335830706 83.500000000000014 182.50000000000003 4 5 39.500000000000007 6 15.500000000000002 0.0058565279468894013 11.500000000000002 7.5000000000000009 0.04840382561087609 7 8 4586.5000000000009 9 3778.5000000000005 3697.5000000000005 20.500000000000004 10 73.250000000000014 12.500000000000002 1.5000000000000002 1.0000000180025095e-35
decision_type=9 9 8 9 9 2 2 2 2 9 9 2 9 2 2 2 2 2 9 9 2 9 2 2 2 9 8 2 2 2
left_child=2 -2 -1 -3 -5 7 -7 8 9 -6 -11 -9 -12 15 -15 19 17 -17 -16 -14 25 -21 23 24 -20 -18 -27 -28 -23 -30
right_child=1 3 -4 4 5 6 -8 11 -10 10 12 -13 13 14 18 16 20 -19 22 21 -22 28 -24 -25 -26 26 27 -29 29 -31
leaf_value=-0.05898725482292913 0.033388236326209957 0.037923007775519491 0.0012365427502808702 0.056924901155192636 -0.028025338831394839 -0.046896851009437454 -0.0040532227904484727 -0.073663608481041018 0.041342965082203705 -0.070188402768048538 0.023141434844524141 0.0013809216364580809 -0.029491939131094741 -0.064601277102704066 -0.02969921202489903 0.12458059484919054 0.050250442370989003 0.027332221815681582 -0.075162100296054191 -0.027038374940824225 0.15856624142220391 0.0018515701950946812 -0.0029243714881524354 0.19117133225789204 0.04279030917483799 -0.025373683306756552 0.0061955649206259112 0.13403329233322939 0.0095614226111748885 -0.026813060167010041
leaf_weight=87.577869536122307 138.82421564811375 72.695150254468899 53.549325409345329 31.230414564837702 146.87765064690029 127.75647808698704 735.64115260756807 44.695657368982211 84.703926044516265 23.884113013336901 180.53729618253419 31.44285016017966 156.67529384803493 79.111922833835706 142.4888799447217 30.103803854086436 29.87280122609809 140.46369571937248 13.120455479540395 131.35739848040976 5.5497102960944167 11483.33404411783 168.57188734121155 8.2990667192498204 67.04566647100728 122.84802709915675 183.75642251240788 8.2991013734135759 905.20473354915157 706.19575805705972
leaf_count=2793 2291 1206 1330 453 3089 21130 17642 2448 1770 507 3038 742 3737 9537 2721 1167 579 1879 601 2072 112 187797 3491 177 1041 2078 3937 84 14529 18975
internal_value=-5.07848e-05 0.000267324 -0.0337448 -4.34086e-05 -0.000242104 -0.000355557 -0.0103928 0.000226278 0.000446698 0.000211584 0.00051477 -0.0426725 0.000678812 0.000380962 -0.0139212 0.000873592 0.0184431 0.0444958 -0.0038858 0.00018974 0.00575848 0.000541347 0.0111457 0.0392164 0.0234855 0.0032988 -0.00266626 0.0117197 0.000838016 -0.00637968
internal_weight=16141.7 16000.6 141.127 15861.8 15789.1 15757.8 863.398 14894.4 14818.3 14733.6 14586.7 76.1385 14562.8 14382.3 478.638 13903.7 520.894 170.567 399.526 13382.8 350.326 13226.1 257.037 88.4652 80.1661 344.776 314.904 192.056 13094.7 1611.4
internal_count=312953 308830 4123 306539 305333 304880 38772 266108 262918 261148 258059 3190 257552 254514 17568 236946 9836 3046 8031 227110 6790 223373 5310 1819 1642 6678 6099 4021 221301 33504
cat_boundaries=0 91 182 271 272 358 448 539 629 630 720 721
cat_threshold=0 0 0 0 0 0 0 0 0 0 0 0 128 0 0 0 16 0 262144 0 0 0 0 0 536870912 0 0 0 1048576 0 32768 0 0 0 8 0 0 0 2 131136 524288 0 0 67108864 0 262144 16 0 0 0 0 512 0 268435456 0 0 0 0 64 32 0 0 2 0 0 0 65537 0 0 136 0 0 524288 0 0 0 0 0 4 0 0 0 0 2048 0 0 16908288 8192 0 0 1 0 0 8388608 0 8388608 0 8 0 0 0 32768 0 0 0 0 0 1048576 128 0 0 0 0 0 0 0 0 0 1048576 134217728 0 8192 0 0 3146752 0 0 0 0 67108864 0 0 1 0 0 0 524288 4096 0 0 0 32 0 0 64 0 536870912 4194304 0 0 0 262144 0 0 0 0 0 0 0 134217728 0 0 0 0 0 32 0 8388608 0 262144 0 4160 0 0 0 268435456 0 1049088 0 16777216 0 64 0 0 0 524288 0 512 1048576 0 0 0 67108864 0 0 32768 0 0 0 0 0 0 0 2048 0 0 0 0 0 134217728 520 256 0 0 2 0 0 0 0 0 536870912 512 2097152 0 1310736 1073741824 0 0 0 0 32 0 0 524288 0 0 0 0 0 0 1073741824 0 128 0 262144 0 0 4096 0 0 0 134217728 0 16777216 0 0 8192 0 4 0 0 0 32 0 16 0 0 0 0 0 1024 4 256 262144 0 1024 134217776 0 0 0 0 1 2 0 0 2 524288 512 0 0 1024 0 0 0 0 0 67108864 81920 0 0 0 0 16 0 0 0 0 0 2097152 0 0 0 0 0 0 0 32768 0 16777216 268435456 0 524288 524288 0 5242880 0 0 0 0 0 0 0 50331648 0 16 0 0 33554432 0 0 0 0 0 0 0 0 0 0 0 0 1536 65536 0 0 0 0 0 32 0 0 2 4 268435456 0 4194304 0 0 0 0 0 0 0 0 0 134217728 256 0 0 0 131072 0 0 128 0 0 32 0 0 0 0 0 0 16416 2415919104 0 0 0 262144 33554432 0 570425344 0 16384 512 0 0 0 0 0 0 0 0 0 0 0 0 0 0 0 32768 0 2048 0 0 67108864 0 0 0 0 0 0 134217728 0 262144 0 0 0 0 0 64 0 288 0 4194304 4194304 32768 32 8388608 0 1073741824 0 0 2097152 0 0 0 0 131104 0 32 0 0 8388609 0 0 0 0 524288 0 0 0 0 16 0 0 0 0 0 0 0 1 0 0 0 0 0 0 0 0 4 1 0 0 0 0 16 0 65536 0 0 16777216 0 0 2 0 0 268435456 0 0 0 0 131072 8192 16386 0 0 0 0 131072 0 0 0 0 0 0 131072 0 8 0 0 0 0 0 0 0 0 1114112 8 2 0 0 0 0 0 0 0 0 0 16777216 0 0 65536 0 0 0 0 0 0 268435456 0 0 0 0 2048 0 0 0 0 0 2048 0 0 0 0 0 0 0 0 0 0 0 0 33554688 0 0 0 256 0 0 0 16778240 0 0 0 0 0 0 1024 0 0 0 0 0 0 0 0 0 0 0 1 0 0 0 0 0 0 0 0 0 0 0 0 0 0 0 0 134221824 0 1024 2 0 2048 0 0 524288 0 134217728 0 16384 0 0 0 0 0 0 0 0 0 0 2147483648 2147483648 0 0 0 0 0 0 1024 0 0 134217728 0 524292 0 0 0 0 268435456 0 0 0 128 0 0 0 0 0 16384 0 0 0 268435456 0 128 0 0 0 786432 0 2107392 1024 8192 0 0 0 0 0 0 0 0 0 0 0 0 536870912 0 0 0 0 0 0 524288 0 4 0 0 262144 4096 67108864 2560 80859408
is_linear=0
shrinkage=0.1


Tree=83
num_leaves=31
num_cat=22
split_feature=3 13 3 3 13 13 13 3 13 3 3 13 30 17 13 4 3 29 13 3 22 24 3 23 3 28 13 3 28 3
split_gain=22.3898 15.9658 22.3032 14.067 17.0824 11.3089 10.8998 10.5579 10.1427 11.9792 11.7156 10.5954 9.24378 9.90271 8.42092 8.41469 11.6516 9.80039 9.64845 16.2873 9.02361 8.95247 27.9067 17.5517 26.6167 13.276 11.3944 10.1663 12.4553 32.5968
threshold=0 1 2 3 4 5 6 7 8 9 10 11 24.500000000000004 51.049999237060554 12 13 14 3717.5000000000005 15 16 0.27289500832557684 6.5000000000000009 17 4.5000000000000009 18 0.34373751282691961 19 20 0.026359487324953083 21
decision_type=9 9 9 9 9 9 9 9 9 9 9 9 2 8 9 9 9 2 9 9 2 2 9 2 9 2 9 9 2 9
left_child=6 2 -2 5 7 -3 -1 -5 9 -6 -10 -12 13 -11 -13 18 17 -17 19 -16 -21 23 -23 27 -25 -24 -26 -20 29 -29
right_child=1 3 -4 4 8 -7 -8 -9 10 12 11 14 -14 -15 15 16 -18 -19 21 20 -22 22 25 24 26 -27 -28 28 -30 -31
leaf_value=0.031603872704332896 0.021023641979238634 -0.027550951646890705 -0.044421625601226145 -0.013973677939880759 -0.055276758686234918 0.024331644694745625 -0.041773072002283015 0.051600675500185114 -0.02021199409936832 0.013749044196822525 -0.038376481731804017 -0.044744762579871644 0.050937512243846586 -0.085310351441886145 0.064090606451079335 0.052497065525907639 0.052522027519985685 -0.025674100393199586 -0.013376085784305323 0.0069960366305784408 -0.10194265800835817 -0.017195973929404064 0.10264122843519899 0.023409512145512675 0.034774031282134875 0.023742030827064147 -0.030964790973832874 -0.048702015684240929 0.00077484635392536681 0.017532724149263011
leaf_weight=18.25689236697508 70.33194950746838 40.385609970893711 163.66658003930934 32.428369478555396 63.47763868747279 382.67245464143343 167.66591097338824 97.311247169855051 258.00122382800328 26.288644535641652 58.429517724027392 30.027365123154595 26.479623794090003 16.379367538145743 56.116746035404503 22.381261210888624 67.586751943570562 56.587750202044845 456.32218630588613 70.785224241670221 8.5185870858840627 88.631724629318342 46.93652555346489 126.34632104850607 21.888959014904685 39.086208041757345 443.25363568041939 71.576821747468784 12195.84987737675 919.24125954991905
leaf_count=825 918 1309 3938 766 1324 10858 10625 1670 10870 731 1842 886 348 715 626 205 823 544 12271 1706 67 923 380 7202 644 395 23965 3791 160967 50984
internal_value=0.000277644 0.000689585 -0.0246956 0.00108284 0.000579368 0.018857 -0.0333224 0.0353833 0.000258602 -0.0262835 0.000510004 0.000885162 0.00395363 -0.0242778 0.00106694 0.00119095 0.0242541 -0.00312344 0.000942051 0.0265731 -0.0041789 0.000682903 0.023186 0.000407273 -0.0164571 0.0598359 -0.0272045 0.00113842 0.00164959 0.0124333
internal_weight=16142.9 15957 233.999 15723 15299.9 423.058 185.923 129.74 15170.2 132.625 15037.6 14779.6 69.1476 42.668 14721.1 14691.1 146.556 78.969 14544.6 135.421 79.3038 14409.1 174.654 14234.5 591.489 86.0227 465.143 13643 13186.7 990.818
internal_count=313118 301668 4856 296812 284645 12167 11450 2436 282209 3118 279091 268221 1794 1446 266379 265493 1572 749 263921 2399 1773 261522 1698 259824 31811 775 24609 228013 215742 54775
cat_boundaries=0 24 115 138 162 253 343 431 445 534 553 577 668 758 759 773 864 886 904 927 1017 1041 1065
cat_threshold=16777216 537919488 65536 0 0 0 32800 536871424 131072 1358963457 0 0 0 302022656 0 0 131072 128 256 0 0 874516480 2281701376 4160 0 0 0 0 0 0 0 0 8388608 536870912 0 0 0 0 0 0 1048576 0 0 0 8192 0 0 0 0 0 8 2097152 0 0 0 0 8192 0 0 0 0 268435456 0 268435456 0 0 1049088 1073741826 0 0 0 0 0 0 0 512 0 0 2097152 2 0 0 0 0 0 18874368 6 0 0 33554432 0 0 0 4194304 0 32768 0 33554432 0 0 0 1073741824 4 268500992 0 0 0 0 0 0 1179648 8388608 0 0 64 0 258 8388608 0 0 0 1048576 262144 570425344 0 0 612376577 11211819 0 0 16777216 0 8388608 0 0 0 0 32 545259520 8 0 0 0 2 268435460 0 0 2 790529 1024 537149568 8388620 0 32768 2684354560 0 268288 0 65696 0 16448 4194336 0 0 0 16777216 8388608 0 0 8 0 16777216 0 0 0 32768 0 16777216 0 0 512 0 0 0 0 0 0 0 0 0 134218240 0 0 0 2 0 16384 0 4 0 2 0 8388608 0 16 0 0 0 0 0 2080 0 0 524288 0 0 0 0 0 0 16384 0 262144 0 262272 0 0 0 0 0 0 0 0 0 16777216 0 0 0 0 393216 1536 0 0 524288 524288 0 0 65536 0 0 0 1073741824 1 0 0 0 0 0 0 0 0 0 0 2 0 65536 0 0 0 0 0 262144 0 0 0 0 0 0 64 0 0 0 0 2048 0 4 0 0 0 0 0 0 0 0 0 0 1048576 0 0 0 268435712 0 0 0 0 0 268435456 0 0 0 0 0 0 0 0 0 0 0 16384 0 0 33554432 0 0 0 16777216 0 1073741824 64 0 0 0 0 0 0 524288 0 0 0 0 0 1048576 1073741824 0 0 0 0 524288 0 0 0 0 0 0 0 65536 0 0 0 0 0 0 0 0 0 0 0 0 64 0 1073742848 0 0 8192 0 0 2097152 0 0 0 0 0 0 0 0 0 256 32768 0 0 0 0 0 0 0 0 0 0 0 0 2147483648 0 0 0 0 0 0 0 2 0 67108864 0 0 0 0 0 0 0 0 0 0 1024 65536 0 4096 0 0 0 0 0 8192 524288 6 1073741824 0 0 8 0 4456448 100679680 0 8192 8388608 1572867 134217760 0 0 0 0 262144 16384 24 0 0 0 0 0 0 0 0 0 16 0 1024 0 0 0 0 0 536870912 16384 0 0 0 0 16 0 0 268435456 32 4 0 0 0 0 0 0 0 0 0 0 0 0 0 4194304 524288 0 4194304 1073741826 0 256 128 0 1088 0 0 0 0 0 2097152 0 0 128 16777216 0 0 0 0 0 4 0 0 0 256 0 64 0 0 0 32768 0 0 4096 65536 134217728 8388615 1082163458 256 0 0 0 262144 603979776 0 2121728 1 17432659 1040 0 16777216 32 0 32 67108864 1024 17408 2080 32784 0 537395200 167772160 1310720 65540 536870936 0 65544 0 0 0 64 0 1048609 0 524288 2151677984 1 3 0 0 0 2 0 128 0 0 0 0 0 0 0 0 2 128 0 256 0 0 0 131072 0 0 128 0 0 1024 0 0 8192 0 0 0 0 0 64 0 0 0 524288 0 0 0 524288 134218240 262144 16384 0 0 0 67108864 0 0 512 0 0 65536 16777216 0 0 0 4194304 1073743872 0 0 67108864 0 0 0 0 0 0 138412032 0 0 0 16 0 0 0 0 0 0 0 4194336 20971520 0 0 0 1048576 0 0 8 0 268435456 0 0 0 0 1 0 0 0 0 0 0 134217856 0 0 1048576 0 0 0 0 0 0 0 0 0 0 0 0 0 65536 8388616 0 0 0 0 0 0 4 1610612736 0 16384 8388608 0 131104 0 0 0 0 0 2147483648 0 4096 8 524288 0 0 0 0 0 65536 0 0 0 0 0 0 0 0 0 0 0 0 0 2097152 0 0 0 0 0 0 4718592 0 0 0 32 8390656 11 0 67108864 0 0 0 0 0 0 0 0 2113536 0 32 32 0 0 8388608 0 0 0 0 268435456 0 32 128 0 0 0 0 1179648 524288 0 0 0 0 0 0 0 2048 0 65536 134217728 1048576 65536 0 0 0 1048576 0 2097152 0 0 0 33554944 0 0 0 0 0 0 0 0 0 0 16384 0 0 65536 0 0 0 0 1073741824 16777216 0 0 0 147456 0 0 0 67371008 0 0 134217728 0 0 0 536870912 0 0 8 0 0 0 0 16 0 268435456 0 0 0 263168 0 128 0 67108868 1082163202 0 0 0 262144 262144 33554432 0 2113536 134217728 2131010 65552 0 0 0 0 0 0 0 1048576 33554432 8388612 0 4194304 0 0 8388608 17039360 536887296 0 16384 0 2097152 48 0 0 0 8388608 3523739648 41943046 0 4194304 0 0 0 16777216 0 4198400 0 2155872289 18876481 32 0 1048576 0 8192 1024 0 2281701376 0 37756960 256 0 0 0 524288 0 0 0 0 0 2 0 0 0 0 0 0 0 0 0 2 0 0 0 0 64 0 0 0 0 0 0 4 2097152 0 0 0 0 0 0 0 0 0 33554432 0 0 0 0 0 0 0 0 1048576 0 0 0 0 0 0 67108864 0 0 0 0 0 0 0 0 0 0 0 0 0 0 0 0 0 0 0 0 0 0 0 0 0 0 0 0 1048576 1024 1074266112 134217728 0 131072 0 5242880 16777730 68157440 0 2151677952 0 268468224 69206016 0 4 1048577 2 8192 16777216 0 0 33554432 12623904 18432 0 2097217 75499520 65600 0 524304 8388633 256 0 131072 0 1107296256 131328 69632 0 0 48 0 0 96 268435456 0 269484032 1024
is_linear=0
shrinkage=0.1


Tree=84
num_leaves=31
num_cat=20
split_feature=13 3 3 13 13 3 26 3 9 13 3 3 17 13 28 29 17 29 3 20 7 13 3 26 3 23 13 13 3 30
split_gain=20.928 37.1875 19.0716 19.2621 13.2337 14.0064 13.3603 11.9506 11.4142 10.7335 14.677 12.0748 10.4645 10.0048 9.69056 28.3289 8.95482 11.3303 10.4885 8.78771 8.3777 8.62341 21.0561 8.44581 34.45 25.9682 17.8475 10.7062 12.6781 10.1824
threshold=0 1 2 3 4 5 382.50000000000006 6 7 8 9 10 22.849999427795414 11 0.0056513142772018918 3845.5000000000005 50.149999618530281 3778.5000000000005 12 6.5000000000000009 13 14 15 44.500000000000007 16 1.0000000180025095e-35 17 18 19 22.500000000000004
decision_type=9 9 9 9 9 9 2 9 9 9 9 9 8 9 2 2 8 2 9 2 9 9 9 2 9 2 9 9 9 2
left_child=1 -1 3 -2 7 6 8 -4 -6 10 -7 13 -10 -11 15 -14 18 -18 -9 -12 -13 22 -22 26 25 29 -23 28 -26 -25
right_child=2 -3 4 -5 5 9 -8 16 12 11 19 20 14 -15 -16 -17 17 -19 -20 -21 21 23 -24 24 27 -27 -28 -29 -30 -31
leaf_value=-0.029490795794930233 0.040096826964380938 0.10454827544689951 -0.051997143035045393 -0.02776001888840934 -0.034082982043779353 -0.027821803255383887 0.17774835856975302 0.030725918387818463 0.18103563010922286 0.024194176864696246 0.063757223033904506 0.050705809073408617 0.042777905720622331 -0.026794064095240024 0.016973837232387462 0.42885917713452693 0.072810571396174972 -0.027227557304353053 -0.050866863039094573 -0.024555925844575287 0.067725994903778494 -0.037608698414352944 -0.013753212360508919 0.092121784245160321 -0.031728277287977794 -0.018825691980165038 0.00065457438119253229 -0.023438423503471622 0.048811769557053748 0.030922714012038072
leaf_weight=32.700495809782296 39.000866982969455 41.979087608400732 84.893559203483164 397.07647630188148 32.899855062016286 30.514315156731755 5.2207935191690913 17.724887343589216 4.0995253494475037 38.811085045570508 81.984222226368729 32.550236072507687 13.437316572119014 266.48013197892578 353.59478475496871 2.2136029332177705 27.128249148488976 19.430933793773875 37.732566611026414 13.062687397352418 53.025969112059101 113.01996390800923 62.72426808567252 53.010608193930238 24.849458997370675 65.848931891028769 13428.349596465123 645.22190918022534 40.058696948573925 55.809715313836932
leaf_count=1950 772 1059 1024 16212 1396 435 142 289 136 1007 1409 445 625 8513 11362 130 416 546 1432 949 792 1996 1804 732 523 1422 238979 15303 947 483
internal_value=-0.000279266 0.0493041 -0.000540523 -0.0209284 4.22963e-05 0.000371079 0.0183502 -0.0257181 0.0167535 -0.000133826 0.0278777 -0.000388762 0.0215685 -0.0197503 0.0203821 0.0973837 -0.00116025 0.0310608 -0.0284206 0.046706 3.00668e-05 -8.33437e-05 0.0259904 -0.000310351 -0.0097763 0.0290767 0.000307929 -0.0194682 0.0178584 0.0607352
internal_weight=16114.5 74.6796 16039.8 436.077 15603.7 15416.8 411.466 186.91 406.245 15005.3 125.561 14879.8 373.345 305.291 369.246 15.6509 102.017 46.5592 55.4575 95.0469 14574.5 14541.9 115.75 14426.2 884.799 174.669 13541.4 710.13 64.9082 108.82
internal_count=313230 3009 310221 16984 293237 289530 13791 3707 13649 275739 2793 272946 12253 9520 12117 755 2683 962 1721 2358 263426 262981 2596 260385 19410 2637 240975 16773 1470 1215
cat_boundaries=0 88 111 134 223 304 328 348 349 440 462 486 575 594 595 686 705 729 820 912 925
cat_threshold=0 0 8388608 0 0 0 16 0 0 8192 67108864 0 0 0 0 0 0 128 0 0 0 1048576 0 0 0 0 0 0 134217728 0 0 0 0 0 2 0 4 0 0 0 0 0 1048576 0 0 524288 0 0 2088 4194304 0 0 16777216 0 0 0 0 0 0 0 0 0 0 0 0 0 0 0 0 0 16 25165824 0 0 4202496 0 8388608 0 263168 4096 0 0 0 0 0 65536 17825856 33558528 134742016 75497478 1073742080 0 0 0 0 4194304 67108864 0 2105344 41943040 10092578 0 0 0 0 0 0 2 0 0 4456960 2621632 0 133120 4370 2048 268435456 64 1048576 131072 81 256 0 0 167837696 0 0 2147483904 0 16 0 3221225536 268697600 671088640 0 0 0 0 2621440 512 0 256 512 0 2147483648 0 65536 0 8 0 0 0 0 512 33554432 0 0 0 0 0 65536 0 0 1073741824 0 0 4 2097152 0 0 0 0 0 0 0 0 0 256 0 0 0 0 0 0 0 134217728 0 268435456 16384 0 0 0 0 0 0 0 258 0 0 0 0 0 0 128 0 0 0 0 0 0 0 0 288 0 0 0 0 0 0 0 268435456 0 65536 0 0 0 0 524288 0 0 65536 0 67108864 0 32 128 0 1 0 0 0 0 2147483648 0 0 0 0 0 0 65536 4 1048576 1073741824 16384 0 0 1024 8 0 0 16777216 0 0 0 0 0 0 8388608 0 0 0 0 0 0 1049088 0 268435456 0 0 0 128 0 0 0 0 1 0 0 0 0 0 0 0 0 0 0 0 0 0 0 134217728 67109124 0 4096 67108864 256 1073745920 8 536870912 0 536870912 512 0 8389124 0 8192 536870924 0 0 0 131072 1073741824 4329472 4194306 131073 2684354560 12583444 4194304 16777216 75497474 1082163200 9216 0 0 262144 262144 33554432 0 16384 2189426688 6820891 32 0 0 0 0 0 2 28930 2 0 0 0 0 0 1048576 268435456 0 131104 0 0 0 0 12582912 0 0 0 0 0 8192 0 0 0 0 0 0 1114112 0 0 524288 0 0 0 16384 0 0 0 0 262144 0 1 0 1048576 0 262144 0 16 0 524288 0 0 0 128 0 32 0 0 0 0 262144 0 0 16384 0 0 0 131072 524352 2048 0 0 0 0 512 0 0 0 0 0 0 0 0 0 268435456 0 262144 0 0 8 2 2147483648 2 8421634 0 0 0 0 0 100679680 2097152 0 41943040 397587 0 0 0 0 0 32 0 0 2048 32768 16777216 16843776 2097157 0 393218 12582931 184573952 262144 16777472 0 134479872 0 64 0 0 0 0 524288 0 32768 2129920 0 8 0 0 0 0 0 0 0 0 0 536870912 2 0 65536 0 0 17301504 4 0 0 0 33554432 2048 0 0 0 64 0 0 0 0 2048 0 0 0 0 0 0 0 0 0 0 0 0 268435456 32768 0 0 268435712 0 0 0 0 0 0 0 0 0 0 0 0 0 0 0 0 0 0 1073741824 0 0 0 0 32768 16777216 0 0 0 0 0 0 0 0 0 0 0 67108864 0 0 0 262144 0 0 256 9 0 0 2306 4194304 0 33024 0 1476395008 1311008 16 0 0 0 0 524544 4 0 0 0 1024 0 0 0 0 16384 0 32896 0 0 0 0 1179776 16 0 512 16384 33554432 0 2147483648 0 536870912 0 1 0 0 0 0 0 1 0 0 0 0 0 1 0 0 0 0 0 0 1048576 4098 0 0 0 134217728 0 0 0 0 0 0 0 0 0 0 0 536871040 0 0 16384 0 0 0 0 0 0 0 0 0 0 0 262144 0 65536 32 524416 32768 0 0 32768 0 0 0 2097152 512 8388608 75497474 33026 1024 0 0 262144 0 603979776 0 16384 1107296256 525616 48 0 0 0 0 1048576 268435456 5242880 75497474 1024 0 0 4096 1024 0 0 540672 545260545 102464 16 0 0 0 536879104 67108896 32 1048576 0 0 36 256 262144 0 0 0 0 0 0 64 4 0 0 0 0 0 524288 8 0 0 524288 0 0 0 0 0 0 0 1024 0 0 0 0 0 0 0 4194304 0 1073741824 537001984 0 0 536870912 0 2 0 0 0 1 0 0 0 134217760 0 0 512 0 0 262144 64 16777216 33554448 2097152 2 0 0 0 8 128 0 0 0 0 0 0 0 0 0 0 0 8 16777216 0 0 4 32768 0 0 0 0 0 1 0 0 0 2 0 0 0 0 33554432 0 2147483648 0 0 0 0 524288 4 0 0 16 0 0 0 4 0 0 0 0 0 0 8192 0 2048 0 0 0 0 0 131072 0 0 16777216 0 1073741824 0 0 0 1 0 0 0 134217728 0 16 0 0 0 0 64 16777216 0 0 2 0 8192 0 0 67108864 0 128 536870912 0 0 0 1610612740 64 0 0 0 8 16777216 0 4 0 0 0 0 0 0 0 65 1 536870912 276824064 32768 4194304 0 0 262144 262144 33554432 0 8192 2181038080 787474
is_linear=0
shrinkage=0.1


Tree=85
num_leaves=31
num_cat=14
split_feature=3 3 9 3 15 27 3 3 3 30 3 16 6 27 27 30 29 3 30 17 12 16 29 14 3 27 3 29 16 3
split_gain=20.7745 13.602 9.58759 48.9953 15.0795 14.1451 14.0073 13.7082 11.0898 13.023 43.1833 9.51994 9.31291 9.30363 19.0145 10.7836 11.248 9.21353 8.74693 10.1528 9.48654 8.61737 8.42189 8.1704 39.6447 29.9068 18.8938 17.8374 22.4565 17.2651
threshold=0 1 2 3 1.5000000000000002 0.035934474319219596 4 5 6 39.500000000000007 7 23.500000000000004 8 0.10003207251429559 0.07501914352178575 55.500000000000007 4150.5000000000009 9 32.500000000000007 51.049999237060554 10 17.500000000000004 4055.5000000000005 2.5000000000000004 11 0.022227968089282516 12 4273.5000000000009 24.500000000000004 13
decision_type=9 9 9 9 2 2 9 9 9 2 9 2 9 2 2 2 2 9 2 10 9 2 2 2 9 2 9 2 2 9
left_child=-1 -2 3 4 -3 11 -5 18 -4 17 12 22 13 14 15 16 -11 -10 19 20 -8 -21 -6 24 25 -19 -26 28 -27 -25
right_child=1 2 8 6 5 -7 7 -9 9 10 -12 -13 -14 -15 -16 -17 -18 23 -20 21 -22 -23 -24 29 26 27 -28 -29 -30 -31
leaf_value=-0.034429708056729194 0.024191942240309058 -0.00031008955736696681 -0.018748946823750751 0.023540549249356141 0.21371491229049805 0.060476990468480457 0.015224088927832741 -0.044320334754031791 0.016857678603876512 -0.048967970042520792 0.054652059226654649 0.31308786599319727 0.042874981451153649 -0.060659613366440192 0.055238355826887034 -0.095843934973919465 0.048336024109947452 0.15986671600070076 0.068174329603931536 0.10718615914561221 -0.054668151429705075 -0.020374614362347884 0.022294534706213769 -0.016470546391487328 -0.034999380691087489 0.022128515402050103 -0.0073836686498346673 0.073769150096563013 -0.045203574201932446 0.001512709530998932
leaf_weight=167.96477661730023 217.72361918253591 29.845361584448256 297.67175214138115 44.748521000263281 4.9273848963202891 44.454668057849631 29.885893780738115 294.48082815750968 306.35792914871126 30.690638422966003 164.91688806237653 3.7649533746298394 23.3948471583426 49.285102276131511 32.706985883414745 21.594687201082706 19.382792871445417 15.473778567335101 15.549864987377076 11.3659618513193 41.523997512995265 9.9163971217349154 4.3079291412141174 550.24266582971904 285.23819872003514 262.52044738922268 1676.2920679327217 49.699658808240201 61.053207267541438 11342.416478228115
leaf_count=6996 6143 687 10328 1132 177 553 352 9093 12161 164 2759 128 162 252 167 106 100 670 128 153 661 143 220 20357 5399 3335 30980 776 726 198025
internal_value=-0.000452592 -7.2953e-05 -0.000424107 -0.0134588 0.0514602 0.0873092 -0.0269723 -0.0330194 4.33697e-05 0.000431352 0.0197209 0.179062 -0.0150521 -0.0248511 -0.00794261 -0.0367763 -0.0113028 -2.174e-05 -0.00112619 -0.0128734 -0.030941 0.0477499 0.124424 -0.000396365 -0.00578432 0.0230457 -0.0115566 0.0179913 0.00942402 0.000668093
internal_weight=16109.4 15941.4 15723.7 534.772 87.3003 57.4549 447.471 402.723 15188.9 14891.3 341.972 13.0003 177.055 153.66 104.375 71.6681 50.0734 14549.3 108.242 92.6923 71.4099 21.2824 9.23531 14242.9 2350.28 388.747 1961.53 373.273 323.574 11892.7
internal_count=313033 306037 299894 13427 1765 1078 11662 10530 286467 276139 3710 525 951 789 537 370 264 272429 1437 1309 1013 296 397 260268 41886 5507 36379 4837 4061 218382
cat_boundaries=0 24 47 48 71 95 119 143 167 168 192 193 216 239 263
cat_threshold=0 0 0 8192 16 4101 65536 0 134742016 84411456 65536 1024 0 33554432 0 32770 256 0 128 16777216 135299136 524288 64 65552 32768 8 67112960 4112 0 294912 268436612 16777216 0 0 1 0 0 0 0 0 4195346 401536 268632066 0 2097184 2367488 32768 12288 134742144 0 2 2312 0 0 136314880 4194304 33554432 0 49152 2348810240 64 134283272 0 0 2147483652 53248 0 0 0 2176 16400 2684354560 0 256 0 0 2056 546312449 1024 805306368 1 0 536870913 88064 4194368 0 134217728 512 0 1310736 0 0 1048576 8388608 160 0 67108864 16777216 0 0 8192 2 262144 16384 256 8192 0 8421552 0 0 0 0 536870912 0 32 0 134348800 0 4 536871104 1024 132096 131360 32768 269484048 2101248 100663296 0 32 524292 134217728 65664 0 0 8519680 68 65536 0 2048 0 32 16384 131072 2281701376 268435458 1073741824 0 0 65536 32768 512 603979776 4194562 2097152 1115684865 3932929 65536 0 0 0 0 32 0 2147483648 2281701376 0 32768 1 67108864 0 1073741824 4 0 83951616 1086325312 512 1048576 2122246 0 0 33554440 0 0 0 0 1073741824 8 0 268435456 2147614720 786432 33282 9962306 0 0 33026 2058 536870912 33685512 0 0 335544320 256 536903680 2147483648 2097154 262144 0 134217728 33619968 16384 264448 0 2147483648 135266304 16785408 1073741824 67108928 8388608 0 0 0 0 4194304 536870912 0 0 268435456 265504 65540 0 8192 0 0 32 0 1024 2048 2097184 0 16777216 256 2050 0 131072 8 4194304 0 262152 536911872 0 8388608 134480000 0 134217728 65664 0 262400 2097152 0 1083183104 16789504 16393
is_linear=0
shrinkage=0.1


Tree=86
num_leaves=31
num_cat=12
split_feature=13 13 11 27 16 13 13 8 13 17 24 9 26 23 25 13 13 13 9 27 27 23 25 23 25 15 29 29 17 29
split_gain=17.0057 16.065 14.0819 27.0675 11.6809 10.8189 10.3499 10.2434 12.0966 11.7097 10.4772 18.0071 15.0408 14.1958 19.3699 15.5368 14.2505 13.2478 13.3901 16.1163 12.9978 13.1325 12.1068 11.9146 11.2086 10.9692 10.1796 9.77326 13.5317 11.0742
threshold=0 1 2 0.061463963240385062 1.5000000000000002 3 4 5 6 66.250000000000014 1.0000000180025095e-35 7 6.5000000000000009 2.5000000000000004 1.5000000000000002 8 9 10 11 0.11540874466300012 0.035934474319219596 1.0000000180025095e-35 154.50000000000003 235.50000000000003 5.5000000000000009 3.5000000000000004 4527.5000000000009 3757.5000000000005 28.250000000000004 3592.5000000000005
decision_type=9 9 9 2 2 9 9 9 9 8 2 9 2 2 2 9 9 9 9 2 2 2 2 2 2 2 2 2 10 2
left_child=-1 -2 3 -3 5 -4 -6 9 -9 27 13 26 23 15 -15 -10 20 -16 19 24 21 -17 -18 25 -19 -13 -12 28 -8 -30
right_child=1 2 4 -5 6 -7 7 8 10 -11 11 12 -14 14 17 16 22 18 -20 -21 -22 -23 -24 -25 -26 -27 -28 -29 29 -31
leaf_value=0.038518323751940309 -0.030682116938963468 0.21699030525724933 0.034080664758942912 0.01563478392847515 -0.028818692960887012 -0.019291783145285842 -0.030415922095341049 0.03301780799872657 -0.029945192096218959 -0.0239841213964242 -0.02048202121620241 0.031581487698835849 -0.0070620824589221311 -0.05902330529342429 -0.056798656473959722 0.073623904393336964 -2.0727115404081829e-05 -0.01453547148705223 -0.0079221278280145 0.20575866726565328 0.021690424320318449 0.28966853393612424 -0.091427212334058719 -0.07063920934558103 0.11327027843918545 0.004646876568162376 0.067130679665290821 0.019122723245198075 0.031808420112730287 0.14535528860896077
leaf_weight=103.35753926879261 162.73867322638398 9.5543117994675431 33.238056584494188 22.161301670596004 111.00695036374964 456.8682063659071 9.2915529601741564 101.96764506364707 163.26598957821261 35.087487044860609 233.65910183661617 518.08786921016872 234.10479014168959 93.480534396192525 36.425241721328348 15.935980463342277 13039.129091088893 18.48263901722385 251.56377808429534 6.6070507168769828 92.991320601198822 3.4168609200278288 14.506373380543662 13.630758304090703 10.914077586377969 213.51415690453723 14.059519033180548 74.28901089169085 13.422845897148362 23.853200034005567
leaf_count=1837 4536 212 631 282 2052 8773 126 1556 3092 472 3363 5328 2419 14204 2823 695 235480 1966 16072 167 1108 180 691 1335 664 1689 182 1015 203 298
internal_value=-7.78205e-05 -0.000350536 -2.02618e-05 0.0580042 -0.000173033 -0.0153704 0.000312319 0.000543186 0.000271016 0.0252531 2.61313e-05 0.00887982 0.0148969 -0.000764146 -0.0189222 -0.000195433 0.000196077 -0.00735198 0.000856622 0.0505838 0.0341663 0.111768 -0.000122213 0.0219949 0.0329148 0.0237208 -0.0149077 0.0416373 0.0775547 0.104468
internal_weight=16130.6 16027.3 15864.5 31.7156 15832.8 490.106 15342.7 15231.7 15075.7 155.944 14973.8 1227.06 979.338 13746.7 417.473 13329.2 13166 323.993 287.568 36.0038 112.344 19.3528 13053.6 745.233 29.3967 731.602 247.719 120.857 46.5676 37.276
internal_count=313451 311614 307078 494 306584 9404 297180 295128 293014 2114 291458 14316 10771 277142 35896 241246 238154 21692 18869 2797 1983 875 236171 8352 2630 7017 3545 1642 627 501
cat_boundaries=0 90 180 183 274 360 361 450 451 539 630 717 718
cat_threshold=0 0 0 0 10485760 16 0 0 64 16777220 0 0 134217728 0 0 0 0 0 262144 0 0 0 0 1073741824 0 0 0 1024 8 0 0 0 0 0 0 0 0 0 67108866 131072 4194304 0 0 1073741824 0 524292 4098 0 1073743872 524288 0 524288 0 0 0 0 0 2147483648 0 0 0 0 262144 0 0 0 0 65536 0 134217728 0 0 0 0 0 0 0 0 256 0 4096 0 0 0 0 0 0 0 16777216 2097152 0 0 0 0 16 16384 0 0 0 0 0 0 0 0 8 0 0 0 0 2097152 33554432 67108864 0 0 536870912 0 65536 1048576 0 16 0 0 131072 0 4194304 0 0 0 0 64 0 0 0 0 0 0 0 0 0 0 0 1048576 0 0 0 256 4194304 0 0 0 0 0 0 0 0 4096 0 0 64 0 65536 0 0 4194304 4 0 0 131088 0 0 0 4096 0 0 0 0 0 4096 0 1073742848 3225419819 2182086784 132 0 0 0 0 524288 0 0 0 0 0 2147483650 0 0 0 0 16777216 0 0 0 0 0 0 0 0 0 0 0 0 0 1073741824 0 0 0 0 0 0 0 0 536870912 0 0 0 0 269484032 32768 0 0 268435456 0 0 0 1024 0 0 0 0 0 0 0 0 0 0 0 0 0 0 0 0 0 0 0 32768 0 0 0 0 0 0 0 0 0 0 4 0 0 0 0 0 0 0 64 0 268435456 0 0 403177504 0 0 0 0 0 128 67108864 512 0 4 0 512 0 1 0 0 0 0 0 0 0 0 32 2048 0 0 0 10240 0 32 4194304 0 0 0 0 0 0 0 0 0 1310720 0 16384 0 0 0 0 0 0 0 0 128 0 1024 2048 4 0 0 2048 2097152 0 0 0 0 0 0 32 0 134217728 0 64 8388608 0 0 0 0 0 0 0 0 32 33 0 2048 8388608 0 0 0 0 0 16384 0 8388608 0 0 0 0 0 0 0 0 16384 0 1048576 0 4 1048576 0 4096 0 512 0 4 0 0 0 0 0 0 0 0 270336 0 0 0 0 0 536870912 0 0 0 0 16384 0 0 0 0 0 16777216 0 1342177280 2097152 0 2097152 0 16384 0 0 0 537001984 0 0 0 0 16777216 0 8224 0 4 134217728 32 0 0 0 0 0 268435456 0 268435456 0 65536 20778 0 0 0 0 67108864 1024 0 0 8388608 0 0 0 0 0 4456448 128 1048576 128 0 524288 8192 0 0 0 16 0 0 0 67108864 2048 0 0 2 0 0 0 2097152 0 0 0 64 0 0 0 16384 0 0 0 0 128 134217728 1536 0 268435456 0 0 4 0 0 0 16 32768 0 0 0 2 512 0 134217728 0 0 0 0 0 1073741824 0 0 0 0 0 0 0 0 0 0 0 1048576 8388608 0 0 0 0 64 0 0 0 0 65536 2147483648 0 0 0 0 64 16 0 0 2147483648 0 0 0 0 67108864 0 0 1073741824 0 0 0 0 0 1024 0 16777216 0 0 0 0 0 0 0 256 0 0 0 16 32 0 536870912 16777216 0 0 8388608 536870912 0 0 8388672 0 0 0 18 0 0 0 16777216 0 0 8 134217728 0 0 0 512 0 0 0 263168 0 0 0 0 0 0 65536 16777216 134217728 0 8 1 0 0 0 0 0 0 0 0 0 0 2214592512 0 0 0 1 0 0 0 0 2147483648 8192 0 0 0 0 64 0 0 0 1073741824 8192 0 0 0 0 0 0 0 0 0 0 128 0 268435712 32768 0 0 268435712 0 65536 0 1024 0 0 0 32 0 0 64 268435456 0 0 0 0 8192 16384 1073741824 69206016 0 0 134217728 0 0 0 1073742336 0 0 0 1028 8 0 0 0 0 67108864 0 16777216 1799
is_linear=0
shrinkage=0.1


Tree=87
num_leaves=31
num_cat=23
split_feature=3 13 3 13 3 3 3 20 13 26 27 20 20 16 13 3 3 13 29 10 3 13 3 3 13 3 13 9 9 3
split_gain=20.4185 20.3228 26.8579 15.4875 31.6797 14.1843 11.7861 11.1899 11.0684 10.6333 9.07525 8.80298 13.8583 8.85335 8.78588 14.765 10.4594 9.14433 8.59707 8.42141 27.5858 8.61219 17.9409 8.52316 10.8365 15.6818 9.82195 8.62016 8.29649 22.3741
threshold=0 1 2 3 4 5 6 136.50000000000003 7 13.500000000000002 0.020976863801479343 8.5000000000000018 4.5000000000000009 2.5000000000000004 8 9 10 11 4312.5000000000009 12 13 14 15 16 17 18 19 20 21 22
decision_type=9 9 9 9 9 9 9 2 9 2 2 2 2 2 9 9 9 9 2 9 9 9 9 9 9 9 9 9 9 9
left_child=-1 2 7 4 -3 10 -7 9 -8 -2 11 12 13 -5 15 -10 -16 -18 -15 20 -19 22 -21 26 25 -25 -23 -28 29 -26
right_child=1 3 -4 5 -6 6 8 -9 14 -11 -12 -13 -14 18 16 -17 17 19 -20 21 -22 23 -24 24 28 -27 27 -29 -30 -31
leaf_value=-0.026113483106184977 0.09645470337316249 -0.027463718340044348 -0.047602677352990869 0.17864683153385835 0.063696625411857541 -0.019275604377119684 -0.032239462558926998 -0.072406648155139752 0.027949955957028177 -0.049545021026149376 0.011461221012100814 -0.028255428107431618 0.23673056598541509 0.06135225392171733 -0.025829526039297057 -0.050860256365036986 -0.042929967576736248 0.048766140208318792 -0.021376551615280737 -0.018396961443646536 -0.066697146295891477 -0.034092080687865796 0.045825406807060008 -0.034136840935247131 0.047404431387619884 0.055205516323940496 0.038537955482763314 0.0093116623920686467 0.0013882428079928174 -0.029528631331634372
leaf_weight=265.12708238663618 27.942940225126222 54.014125410816632 161.16321831324603 4.9082361871842286 101.23866902210284 276.21198137919419 88.249984021938872 6.5432566730305544 29.122783337254077 6.0725301338825366 550.27707582665607 13.404243226279503 4.1784219420514992 47.14043443929404 127.22133832343388 68.763033367635217 35.356922183593269 23.910335904802196 17.124487715307623 62.888254178804345 52.46091105841333 37.294800337869674 116.00354386260733 21.040278728702106 36.95241311925929 71.839598319958895 110.43539412750397 809.09502797492314 12653.487569619552 211.71105467545567
leaf_count=9559 543 1235 3302 160 2593 9938 1955 86 392 173 12936 900 178 1347 6381 2543 1208 418 603 1068 2263 987 2617 978 1054 1039 2289 15297 223829 5211
internal_value=0.000897502 0.00136564 -0.0294123 0.00178157 0.0322383 0.00145527 0.00082239 0.0379873 0.00121674 0.0703905 0.0159501 0.0462605 0.0598775 0.0491947 0.00144295 -0.0269955 0.00165531 0.00191877 0.0393077 0.0020605 -0.0290871 0.00224929 0.0234697 0.00196058 0.00128545 0.0336157 0.0110217 0.0131986 0.00102686 -0.0167054
internal_weight=16091.2 15826.1 201.722 15624.3 155.253 15469.1 14832 40.5587 14555.8 34.0155 637.033 86.7558 73.3516 69.1732 14467.6 97.8858 14369.7 14242.5 64.2649 14207.1 76.3712 14130.7 178.892 13951.9 12995 92.8799 956.825 919.53 12902.2 248.663
internal_count=313082 303523 4104 299419 3828 295591 279467 802 269529 716 16124 3188 2288 2110 267574 2935 264639 258258 1950 257050 2681 254369 3685 250684 232111 2017 18573 17586 230094 6265
cat_boundaries=0 24 114 138 226 247 270 294 384 475 496 520 610 611 625 712 734 758 849 865 957 958 959 983
cat_threshold=268435456 1048576 2056 2097408 16 536879104 8388608 8388608 0 541067936 0 0 0 33555456 0 34 8 33554432 2147485704 0 0 2147483776 1073750016 4202496 0 0 0 0 0 0 134217728 0 0 32 128 0 0 0 0 0 4 67108864 0 268435456 0 0 0 4259840 0 0 0 4 1073741824 0 16 0 2048 0 0 0 0 268435456 2 64 524288 0 512 33554432 0 0 0 256 0 0 0 1024 0 0 0 0 0 0 0 0 16777344 0 4 0 8192 0 16777216 0 33554432 0 0 0 0 524288 0 0 0 0 0 0 2048 0 0 0 0 0 0 0 1114112 1073741824 16777216 1 1140850944 1025 0 0 538972160 4456448 65536 1 8192 2348810240 264832 16 0 0 0 0 32 0 0 0 68 262144 0 0 0 16777216 0 0 8 0 0 0 2147483648 0 134217728 0 0 0 0 128 0 2621440 0 0 0 0 536870912 0 0 0 0 0 8192 0 2 0 0 4194304 0 16777216 536870912 0 8388608 129 0 1048576 0 1572864 0 0 2048 0 0 524288 0 0 0 0 0 0 0 0 0 0 2 0 0 0 0 0 134217728 0 65536 0 0 0 1073741824 64 8388608 0 262144 0 0 0 0 0 0 0 0 8192 2726297600 1 8388608 0 0 524288 0 4194304 33570816 2097152 2105344 1216348161 3872322 65536 0 0 512 262144 32 0 2147483648 604110848 536870912 0 4194306 0 17563648 128 0 570490880 0 528384 268435488 25165952 0 0 32768 1024 262272 268436480 2097154 8388736 0 4194320 16777216 268435456 65536 4161 32768 268632064 2101313 234883072 131072 33575936 16 0 33554432 16777216 0 0 2147483648 0 67108864 64 0 32 0 256 0 0 0 0 134217728 0 0 0 16392 0 0 0 1024 0 0 0 0 16384 0 0 0 1048576 0 0 0 0 0 1024 0 0 0 0 0 0 0 33554436 0 1073741824 0 0 0 0 1048576 268435456 0 2097152 0 0 0 128 524288 1048576 0 0 0 0 0 0 0 2052 0 8192 0 0 2097152 0 0 0 0 0 131072 0 0 0 0 0 0 0 0 69632 0 128 0 0 0 0 0 4096 67108864 8 0 268435456 0 0 32 512 0 8388608 0 4 0 0 0 0 0 0 8 0 0 0 0 0 0 0 128 65536 0 0 0 2048 2147483648 0 0 0 32 0 0 0 4096 268435456 0 0 0 0 32768 134218240 0 0 0 0 0 67108864 0 1073741824 0 0 0 0 0 0 0 32768 1 0 0 0 0 0 0 0 0 0 8 0 0 2147483648 0 1073741824 0 0 4096 4096 0 0 524288 4194336 4194304 8388608 0 67108864 1048576 524288 100663298 258 0 0 0 262144 0 67108864 2097408 270336 1073741824 528450 65576 0 0 0 32768 524288 16777216 1048576 0 35651584 0 196640 0 5242880 50365440 285212672 0 8912896 537133060 0 8 4160 0 8388608 64 32768 0 16777216 0 62914560 2052 2048 0 0 8 0 0 0 0 0 512 0 0 0 0 0 2 0 16 0 0 0 0 8388608 0 0 0 0 0 0 0 16384 0 0 0 0 8388608 0 0 262144 524288 0 0 0 0 0 0 4 4456448 1 0 1024 0 0 0 2 0 0 0 0 0 0 33554432 0 4194304 67592 0 33554432 8 0 0 0 0 0 0 134218240 0 8 0 0 0 0 0 64 0 0 0 0 0 0 0 8390656 2390 8912896 67108864 0 8192 0 0 4 1024 0 0 2097152 8388608 3146096 65584 0 0 0 0 8388672 16384 0 256 64 0 67108864 0 0 0 536870916 0 524288 0 0 0 0 0 0 0 1048576 0 65536 0 0 1073742080 2048 0 0 268435456 0 0 0 0 0 262144 0 4 0 0 0 0 0 0 0 0 16384 0 0 65664 512 0 8 0 64 0 0 0 128 0 0 0 0 0 0 0 0 0 0 0 32 0 0 0 67109632 0 0 0 0 0 0 65536 1048576 0 75497476 0 9216 0 8 0 0 0 0 0 1073741824 1219186 50 0 0 0 8388608 288 48 2147483648 2048 3221225472 0 0 0 0 0 671088640 270336 268959744 268697602 41216 33554433 1536 0 0 16777216 272 0 16 16 0 1212416 151060480 36872 0 2048 0 524288 0 1024 0 0 0 0 0 0 0 32768 1 524288 0 0 512 0 0 0 0 4 0 0 0 0 1048576 16 524288 0 0 0 0 268435456 2097152 0 0 8192 0 0 262160 0 0 0 0 0 0 0 32 134217728 0 0 0 536870912 4 0 16384 0 0 0 0 0 0 0 1073741824 0 0 0 0 0 16777216 0 0 0 0 16 0 0 0 0 32 2048 67108864 32768 16777216 0 1024 0 1 134217728 8388608 8388610 1032 0 67108872 262144 4194304 67125248 0 0 67108864 655616 134283280 0 8192 0 0 0 0 0 0 0 0 0 0 0 0 0 0 0 17301568 0 0 0 2147483648 2181038080 0 0 0 0 0 0 0 0 0 0 0 0 0 0 0 0 0 0 0 0 0 0 0 0 536870912 0 0 0 0 0 0 0 0 0 0 4194308 0 1024 16785408 0 0 0 0 0 0 0 0 0 0 1 32768 0 0 4 0 0 16 0 0 0 0 0 0 67108864 0 0 0 0 0 1 1 9861 8192 143130752 4 0 8 0 8 1048580 4194304 67108864 0 0 2348810240 81984 134283280 0 1048576 0 536875008 0 0 0 136316928 0 32
is_linear=0
shrinkage=0.1


Tree=88
num_leaves=31
num_cat=22
split_feature=3 13 3 13 13 3 3 13 9 3 13 27 13 3 13 14 3 13 3 3 14 13 3 3 25 16 3 22 16 30
split_gain=18.9934 19.1417 16.6678 15.103 14.9712 16.4933 11.2189 10.3872 12.1778 61.0958 34.437 23.508 21.6162 29.633 17.2719 17.2405 15.1336 22.046 13.5341 12.4762 12.3083 13.8833 14.9603 12.0771 12.0303 14.262 11.1095 11.0451 12.4819 11.4137
threshold=0 1 2 3 4 5 6 7 8 9 10 0.064118795096874251 11 12 13 5.5000000000000009 14 15 16 17 9.5000000000000018 18 19 20 2.5000000000000004 19.500000000000004 21 0.016694537363946441 12.500000000000002 22.500000000000004
decision_type=9 9 9 9 9 9 9 9 9 9 9 2 9 9 9 2 9 9 9 9 2 9 9 9 2 2 9 2 2 2
left_child=-1 -2 3 -3 5 -4 -6 -8 9 11 -11 27 13 -10 19 18 24 -18 -13 -14 21 -19 -23 -16 -12 -26 -25 28 -9 -30
right_child=1 2 4 -5 6 -7 7 8 12 10 16 15 14 -15 23 -17 17 20 -20 -21 -22 22 -24 26 25 -27 -28 -29 29 -31
leaf_value=-0.029333293106195747 -0.033231962960934856 -0.055149920331556856 -0.016482527061184152 0.022656355613617063 -0.020250546395977599 0.047640151337110095 -0.032440869558068561 0.060399625264145641 -0.03580442869727276 0.074263557810566969 0.0035556589236517937 -0.032200818002947829 0.013163992220542042 0.069847178434328555 0.01801238777588535 0.054164561015247831 0.050891979791421821 -0.048991908553183763 0.026870532632752693 -0.043393138577451029 -0.043884168219354175 0.012187693734631416 -0.023330549595515032 -0.016860095538714391 0.022579293630320497 0.15138381435947432 -0.00065478753603141228 0.017554731063167284 0.24221478066427751 0.10921820418000271
leaf_weight=212.46348523662891 160.55036877444945 17.645265941158868 55.539013273781165 457.81465315108653 271.64302666042931 122.9925841325894 88.669198914431036 17.001102925976738 32.611997902044095 41.950492679374292 102.64287693949882 47.457467469619587 50.955005492316559 85.336277466791216 325.42713878070936 180.00378579855897 38.376706550479867 77.71970135893207 113.4627790087834 153.43478228303138 163.7916958212154 235.22596717299893 221.2214159637806 428.15573050506646 23.290552594698966 13.625571451149879 12344.338864955818 11.738676979555747 11.987409738008866 13.975873792776836
leaf_count=8528 3218 1133 878 13539 9525 2518 1996 413 736 601 2304 702 794 1996 9823 1840 742 1565 980 4220 3723 3990 6135 11473 393 192 218458 264 405 276
internal_value=-0.000316147 8.97672e-05 0.000450354 0.0186923 -0.000129406 0.0278762 -0.000478891 -0.000103137 0.000113347 0.00926532 -0.00497675 0.0416147 -0.00078861 0.0401199 -0.0011812 0.0329022 -0.00956737 -0.0153138 0.00911839 -0.0293369 -0.0196215 -0.0125491 -0.00515767 -0.000719792 0.0197483 0.0701204 -0.00121078 0.10352 0.127008 0.170624
internal_weight=16121 15908.6 15748 475.46 15272.6 178.532 15094 14822.4 14733.7 1313.47 917.845 395.627 13420.3 117.948 13302.3 340.924 875.894 736.335 160.92 204.39 697.959 534.167 456.447 13097.9 139.559 36.9161 12772.5 54.7031 42.9644 25.9633
internal_count=313360 304832 301614 14672 286942 3396 283546 274021 272025 24525 19645 4880 247500 2732 244768 3522 19044 16155 1682 5014 15413 11690 10125 239754 2889 585 229931 1358 1094 681
cat_boundaries=0 24 114 137 227 318 340 364 452 453 476 568 658 681 773 797 886 907 929 1020 1044 1067 1091
cat_threshold=69206144 134217744 0 0 16 134217728 1048608 0 0 1140850708 262144 0 32768 33554432 0 16777216 2097152 8 2152727552 0 1 1342177280 537919520 513 0 0 0 0 0 0 0 0 0 0 0 32768 0 1 536870912 0 0 128 0 512 2 0 0 65540 0 0 0 0 0 0 4194304 0 0 0 0 0 128 0 0 0 0 0 0 2 0 536870912 16 0 0 0 134217728 0 0 0 0 256 12 0 0 8192 0 8192 0 0 0 4096 0 0 64 10 0 0 16777216 4194304 0 0 4 0 32 65536 0 0 0 0 0 8 0 0 0 2098176 16777216 5242880 0 10246 0 67665920 536871172 4194304 268500992 8421376 536870912 268435488 2155872256 12845056 0 0 2 0 4224 0 0 536870912 65536 0 0 0 0 0 0 0 0 0 0 2 0 0 0 0 0 1048580 0 0 0 33554432 0 0 0 0 0 0 0 0 0 0 0 0 0 0 0 0 0 0 0 0 4 0 269484032 0 0 0 268435712 2048 0 0 0 0 0 0 0 128 0 0 0 0 0 4 0 0 16386 0 67108864 0 0 0 0 0 0 0 0 0 0 0 0 0 0 0 0 67108864 0 16777216 8192 0 1073741824 0 0 0 0 0 0 0 0 0 0 0 32 0 0 0 0 0 0 0 0 33554432 0 0 0 0 0 0 1024 134217728 65552 163840 0 0 0 0 0 0 0 67108864 40960 12582912 4 0 33554432 0 0 0 256 2048 0 32 1024 0 0 0 32 0 2147483648 1024 0 0 0 0 0 0 16384 0 536870912 0 0 0 8388608 0 0 1073741824 0 0 4194304 263424 0 0 0 0 0 0 0 0 0 0 0 2 268959744 603979777 268468224 0 0 8 8654848 0 67125248 0 16384 1 16778386 0 0 1048576 1056 41943040 32 64 8388608 131072 0 0 192 4194369 536872960 16843776 526336 134217728 262144 4196352 131072 128 0 268435456 0 134217728 131072 0 67633158 0 32 65568 16384 16793664 256 0 8388608 0 0 131072 0 0 8388608 0 2147483648 0 1024 0 64 0 0 0 0 524288 2147483648 0 0 0 0 0 0 2097184 0 0 0 0 131072 0 0 4 0 0 0 64 0 0 0 0 524288 10485760 4096 0 0 0 0 0 0 268435456 0 0 0 0 0 0 262144 0 4096 0 8192 33554432 0 0 0 0 536870912 0 0 134217728 0 0 2097152 0 0 0 0 0 0 0 16384 0 0 32768 17585 268435456 67108864 8388866 0 0 0 6356992 17039360 0 0 638976 1275068417 988192 32 0 0 0 8388608 0 0 2147483648 2147483648 2147483648 0 0 0 0 0 0 0 0 0 4 0 0 0 0 4194304 0 1048576 0 0 2097152 0 0 0 0 0 0 0 0 0 2048 0 0 0 0 0 0 0 0 0 0 0 0 0 0 8388608 262144 0 268435456 0 0 16384 0 1048576 65664 0 0 0 0 0 16777216 16 0 262144 0 0 0 65536 0 0 2048 0 16777216 0 0 4 0 0 131072 0 0 0 0 0 0 0 0 16777216 0 0 0 0 1 0 0 0 2 16 16 0 268435456 0 65536 128 0 0 524288 0 0 16 0 0 0 0 0 0 0 0 0 0 0 0 0 2048 16 0 0 0 0 2097152 0 4 2048 2097152 2048 1 1048576 0 524288 0 0 32 128 0 0 0 0 0 0 0 0 0 2097152 0 0 0 0 0 0 0 128 33554432 4194432 0 0 0 0 32 0 0 134217728 512 0 0 0 32768 0 0 0 0 8192 67108864 8 411566080 4 1073774848 0 0 8 0 0 67108864 0 8192 41943040 1184770 36 0 0 0 8388608 0 0 2148532224 0 8192 0 0 0 0 0 0 0 0 0 536870948 0 0 0 0 0 0 1048576 0 0 0 0 0 0 0 0 0 0 0 0 2048 0 0 0 0 0 33554432 0 0 524288 0 0 0 0 256 0 0 16777216 268435456 0 0 16384 16777216 16777216 0 512 2 0 0 0 16777216 16777216 0 262144 8 0 0 0 67108864 0 2048 0 0 0 0 4 0 0 131072 0 0 16781312 0 0 0 32768 0 16810048 0 0 0 0 1 2147483648 268435713 0 256 0 393232 262146 16384 0 8192 0 2147491840 16777936 16 0 0 0 16384 131080 2097168 2129920 0 0 4 0 0 0 1024 64 1024 0 0 576 0 0 0 0 0 0 64 0 0 0 16400 0 0 0 0 0 0 0 1073741824 0 0 532480 0 0 0 0 268435456 4 0 537395200 0 0 0 16 1073741824 0 0 0 0 0 0 0 0 16777216 0 512 0 4194304 128 0 0 512 2097152 0 0 0 0 0 0 0 0 0 0 0 0 0 0 0 0 0 8 4160 524288 0 0 32768 0 0 0 1024 0 67108864 0 0 0 0 0 0 0 0 0 0 721920 32 0 0 0 0 0 0 2147483648 973078528 335544578 2 0 0 0 8650752 262144 570425344 0 525312 2222989312 1180753 65540 0 0 536870912 0 2048 0 131072 128 0 0 0 0 16 0 0 0 16384 0 128 0 0 0 0 16777216 4 0 0 0 0 0 0 0 0 64 0 0 0 1073741824 0 0 4 270532608 0 0 0 0 0 0 0 0 0 269484032 0 0 0 16 0 128 0 0 0 0 16384 0 0 0 0 0 0 0 0 0 0 2 0 0 33554432 134217728 0 0 0 0 0 0 0 0 512 0 2048 4096 0 0 268435456 0 0 8192 0 1073741824 65 671219712 1082130434 4096 8 0 0 8388608 8192 67108864 0 2097153 536870912 2099213 1028 0 1081344 0 0 32 0 1048576 0 4194308 32 1074298880 1024 67108864 16 0 2415927296 4176 536870913 524288 33555584 0 0 4194304 0 0 8388608 4194304 0 32 2 143720512 201326592 576 64 0 0 0 0 262160 37782152 16795648 0 536870912 32776 67117057 262208 0 0 0 0 163840 268566528 4194320 67108864 2148007936 2147483652 32
is_linear=0
shrinkage=0.1


Tree=89
num_leaves=31
num_cat=11
split_feature=13 3 30 13 3 15 30 3 3 30 30 3 3 3 14 14 30 14 16 15 13 30 14 30 14 16 16 3 16 16
split_gain=18.4479 19.9739 15.7313 37.5462 35.0308 32.1153 46.6831 58.2051 47.6129 48.4061 33.7313 39.2996 32.0071 28.4081 27.6499 76.3895 34.9202 61.0562 45.1799 33.3712 27.4564 24.7308 27.1096 21.3318 23.1857 40.0024 22.0421 21.1399 20.9005 20.8901
threshold=0 1 21.500000000000004 2 3 1.5000000000000002 23.500000000000004 4 5 31.500000000000004 29.500000000000004 6 7 8 9.5000000000000018 6.5000000000000009 22.500000000000004 1.5000000000000002 21.500000000000004 1.0000000180025095e-35 9 27.500000000000004 6.5000000000000009 43.500000000000007 3.5000000000000004 20.500000000000004 23.500000000000004 10 5.5000000000000009 9.5000000000000018
decision_type=9 9 2 9 9 2 2 9 9 2 2 9 9 9 2 2 2 2 2 2 9 2 2 2 2 2 2 9 2 2
left_child=-1 -2 3 -3 -5 6 7 -4 -8 10 21 -12 -7 -6 15 16 17 -9 29 -18 -14 22 -10 24 25 -11 -27 -22 -17 -19
right_child=1 2 5 4 13 12 8 14 9 23 11 -13 20 -15 -16 28 19 18 -20 -21 27 -23 -24 -25 -26 26 -28 -29 -30 -31
leaf_value=-0.031165943054782937 -0.031432799537908979 0.058415604980992103 -0.011211968353336287 0.030025803383737022 -0.030580465959352644 0.035884451376586878 -0.030809519934717412 0.33784337266149528 -0.022008274147878534 0.098278807053761422 0.026220373381640169 -0.034966213177226334 0.041816901314803728 -0.0041011384714214521 0.026981537450294787 0.095080255689339907 0.082600955125700787 0.13123850852521665 0.20166398935656316 -0.056647858220575657 -0.020999710876466366 0.068760989474386761 0.064740144724027462 -0.013630643886076025 0.073879305645545276 -0.098309641747370932 0.029774487547434177 -0.0005655347601131968 0.22283570859530047 0.0098169896496681248
leaf_weight=183.00316589593422 190.41361192619661 86.598847502260469 175.47911491699051 272.4091762113967 427.90174322709208 229.52041587902931 294.60217899561394 8.7149239473510516 115.35383875959087 33.571355772670358 145.10544435947668 328.33774333260953 134.88708219735418 5600.5295255308156 163.81536027259426 19.133644730551168 27.47384051210247 17.569958318956196 19.337821377674118 46.069344298331998 539.39842251414666 95.836784019134939 52.383923418819904 52.727396891452372 205.04498634068295 29.817997145233676 24.454921271884814 6477.0296159768477 38.718934180913493 73.208623193204403
leaf_count=3469 6477 1981 1685 6453 20360 5263 3546 62 1151 348 2148 8987 2265 140714 2272 152 300 162 187 828 9419 659 344 605 1953 252 253 89530 264 992
internal_value=-0.000435115 -6.23701e-05 0.000336974 -0.00348784 -0.00442433 0.00295092 0.0143058 0.0378541 0.00422606 0.0139158 -0.000435581 -0.0163979 -7.47966e-05 -0.00602819 0.0575305 0.0798291 0.0495294 0.0830468 0.0628815 -0.00462809 -0.0012773 0.0282366 0.00508296 0.0449225 0.0554635 0.0124776 -0.040596 -0.00216409 0.180583 0.0333178
internal_weight=16108.4 15925.4 15735 6387.44 6300.84 9347.59 1966.76 589.522 1377.24 1082.63 737.018 473.443 7380.84 6028.43 414.042 250.227 192.375 118.831 110.116 73.5432 7151.32 263.575 167.738 345.617 292.889 87.8443 54.2729 7016.43 57.8526 90.7786
internal_count=313081 309612 303135 169508 167527 133627 27150 6904 20246 16700 13289 11135 106477 161074 5219 2947 2531 1403 1341 1128 101214 2154 1495 3411 2806 853 505 98949 416 1154
cat_boundaries=0 85 108 198 222 236 259 283 307 331 420 443
cat_threshold=0 0 0 0 0 0 0 0 0 67108864 128 0 0 0 4194304 0 1048592 0 0 0 0 0 0 0 67108864 0 0 0 0 2048 0 0 0 512 0 0 0 268435456 0 0 0 0 0 67108864 0 537133056 0 0 0 0 0 16777216 0 0 0 32 0 0 64 16785408 262144 0 0 0 0 0 16777216 0 33554432 128 0 0 16777216 0 536871428 64 0 0 512 268435456 0 4096 0 0 268435456 16777216 0 327680 0 0 33554432 67584 536870912 0 404750336 33816580 0 0 33589322 0 67108866 2162720 4096 0 32 589824 0 67372033 0 0 0 0 16 2097152 16 0 0 0 6291458 0 0 0 1 16777216 0 0 0 2097152 0 0 0 0 0 0 0 0 0 0 0 0 0 0 0 0 2097152 0 2 32768 4194304 0 0 0 0 1048576 0 1 0 0 0 0 0 0 0 0 0 0 16384 32 16 0 0 536870912 0 0 0 262144 524288 0 0 32768 0 0 8192 0 0 4194304 0 4104 0 0 32 0 0 0 1179648 512 0 8 0 67108928 0 1 536870912 603987968 4610 16777217 0 262144 0 129 131072 327684 0 32768 0 0 2328 0 1050624 0 136380672 64 436731904 335544321 8421376 8 0 0 262144 262144 33554432 0 536887296 134217857 9569222 65572 2281701376 2 0 2049 0 8 2097152 24576 67108864 256 2162688 2826960896 33701889 65540 0 0 0 8 67108864 0 2147483648 536872960 2152202272 8388608 257 8388610 4195328 0 0 262144 17039360 134217728 0 49152 33555456 8389254 32 0 17825792 131072 0 1024 0 132160 134217728 65536 512 67239936 1048577 64 0 0 268697616 8388608 512 0 4 536936448 268436480 536887300 0 0 0 4 0 32 2 134217760 2107392 2155888656 262148 142737408 0 256 2048 0 2 0 16384 33816576 0 536936448 2684354592 543163904 134217728 0 0 0 8404992 0 1048594 131072 2048 545267712 16777216 0 0 8388608 0 64 0 0 0 0 0 2147516416 0 0 0 0 0 0 16384 0 2147483648 0 0 0 0 0 0 0 0 0 0 526336 0 4 0 0 0 4 16777216 0 0 0 0 0 0 0 0 0 16 0 0 0 1024 16777216 128 0 0 0 0 1024 0 0 2097152 16 0 0 0 0 0 0 0 0 0 8192 4194304 0 0 4 0 0 0 16781376 0 0 2048 0 8 268435456 0 262144 0 67108864 1140854784 8 0 67117056 4608 16777217 0 294928 532481 1 131082 65536 0 0 536871424 0 1 0 9439296 134217728 65536
is_linear=0
shrinkage=0.1


Tree=90
num_leaves=31
num_cat=16
split_feature=3 3 12 2 30 3 3 1 14 3 12 29 30 28 9 27 30 24 3 23 29 23 8 3 12 23 3 21 3 30
split_gain=18.1879 13.6252 13.5466 8.84374 20.5131 18.5041 14.7577 11.4236 10.4459 9.23916 11.4467 9.27213 13.6852 11.2481 9.12502 8.96377 14.8178 8.76603 16.4978 12.2745 12.1689 15.6112 12.0633 41.782 23.0674 12.0507 18.4382 13.4879 10.3337 9.01637
threshold=0 1 2 3 24.500000000000004 4 5 6 1.5000000000000002 7 8 4353.5000000000009 32.500000000000007 0.34373751282691961 9 0.51031038165092479 37.500000000000007 3.5000000000000004 10 7.5000000000000009 3986.5000000000005 74.500000000000014 11 12 13 10.500000000000002 14 52.500000000000007 15 34.500000000000007
decision_type=9 9 9 9 2 9 9 9 2 9 9 2 2 2 9 2 2 2 9 2 2 2 9 9 9 2 9 2 9 2
left_child=-1 2 -2 4 5 -3 -6 -5 -7 10 -9 15 13 14 -13 -12 -17 22 19 -19 -20 -22 23 24 -11 28 27 -27 -24 -28
right_child=1 3 -4 7 6 8 -8 9 -10 17 11 12 -14 -15 -16 16 -18 18 20 -21 21 -23 25 -25 -26 26 29 -29 -30 -31
leaf_value=-0.026750964748456459 0.059626921379391823 -0.032226165830005205 0.0099675419039146722 -0.053818459899886366 -0.0016468723940580639 -0.065043455526802407 0.052532542951275102 -0.031229372016052109 0.01829375169192974 0.062024507387094252 0.019627452453654052 0.046580269117382833 0.051250788745249978 -0.083068707157076038 -0.01886608668888852 -0.029134798027298986 0.10405733655245959 0.052771667677362702 0.075011716775142595 -0.051188134996002055 0.038194238626473434 -0.047589292862096823 -0.013926453998468022 -0.030045791976980131 -0.0081111098677716653 0.0066111188748881515 -0.056223024856544915 0.14734451290867154 0.00024580719198385071 0.012256869892930192
leaf_weight=239.57838910352439 57.112346716923639 126.33033113763668 387.66625873709563 30.141953243932221 81.995288690552115 16.002169600338675 148.00929672829807 58.842331767664291 250.34209754026961 82.316498525207862 721.80428170104278 15.959485301049424 32.033903677947819 24.261829778552055 120.27285673364531 76.380163192749023 9.3782597407698614 14.745100163854657 53.303901770152152 49.430530391633511 86.632132638711482 28.093895877711475 527.41299191070721 473.42992347624386 97.081033122027293 50.372823654965032 121.39784246345516 7.8746180944144717 12059.423318003071 22.844846980646253
leaf_count=8845 1848 2341 13134 5347 765 342 1373 1289 3941 1363 13657 295 452 279 2998 543 487 94 412 723 721 385 14278 11565 1970 5497 13521 204 203979 339
internal_value=3.42101e-05 0.000456176 0.017515 -4.80136e-05 0.0115297 -0.00217621 0.0354303 -0.000543801 0.012806 -0.00039838 0.00855587 0.0111827 -0.00842566 -0.0203368 -0.00916478 0.015996 -0.0145693 -0.00109754 0.0181656 -0.0236214 0.0335354 0.0171877 -0.00143111 -0.0145855 0.0256463 -0.000747661 -0.0249496 0.0218807 -0.000358907 -0.0424354
internal_weight=16070.5 15830.9 444.779 15386.1 622.679 392.675 230.005 14763.4 266.344 14733.3 1058.93 1000.09 192.528 160.494 136.232 807.563 85.7584 13674.4 232.206 64.1756 168.03 114.726 13442.2 652.827 179.398 12789.3 202.49 58.2474 12586.8 144.243
internal_count=312987 304142 14982 289160 8762 6624 2138 280398 4283 275051 20000 18711 4024 3572 3293 14687 1030 255051 2335 817 1518 1106 252716 14898 3333 237818 19561 5701 218257 13860
cat_boundaries=0 23 47 48 59 80 101 102 125 126 127 151 152 175 176 200 224
cat_threshold=67141632 64 4 0 16 268500992 2048 16777216 0 313888 33554688 0 4096 33554432 0 67117058 128 8 2048 0 131072 2283405312 134217728 128 268435458 134217728 10240 0 532504 273678353 8388864 262144 8192 0 0 2147483648 32768 0 32768 2147549188 8192 262160 0 1024 0 16384 16386 55659824 0 2281701376 128 71303168 32 4194304 536870912 512 6144 0 33554436 131072 1808 67108864 0 2048 2 0 0 0 0 0 1040 0 20971520 0 285212672 4195328 1342177280 2164326400 7340112 403701760 0 256 67108864 0 0 0 0 0 0 0 0 0 16777216 4194306 0 16777216 0 33554560 68818176 20971584 67141824 43270161 8912896 0 4352 19 16384 0 1107362880 279040 0 310379648 589824 32768 0 65544 0 0 0 0 0 0 0 2097152 34079424 3214616 4748 268435456 75497472 2 0 0 0 8388608 0 570425344 0 8192 33554432 1050625 52 0 0 0 8404992 0 0 0 0 0 1 16 150994944 1 2 8 0 0 4 8192 100679680 4194304 49152 167772161 331304 64 0 0 0 36864 32 0 0 0 16777236 10322880 16777216 4194308 8388610 0 0 0 2097152 0 16384 4096 0 2189426720 3476480 32 0 0 0 0 0 0 0 0 0 32 0 33554432 16777218 4194344 0 4194304 0 436207616 0 20971776 33792 134217728 67592 64 0 0 0 0 42 0 0 34816 3238002692 64
is_linear=0
shrinkage=0.1


Tree=91
num_leaves=31
num_cat=22
split_feature=3 13 3 13 3 13 16 13 3 27 22 26 3 13 3 3 13 3 3 6 5 13 13 3 29 15 3 3 14 15
split_gain=24.0721 16.4619 25.2653 15.4882 13.8401 16.6242 13.7213 11.9423 11.4002 9.56796 9.45828 9.29598 35.9671 19.004 33.1406 15.0855 13.2712 12.5005 10.7236 15.076 12.2597 12.2106 10.8054 26.9023 11.1711 9.47858 17.4056 10.3156 10.0359 9.46902
threshold=0 1 2 3 4 5 20.500000000000004 6 7 0.12364277988672258 0.10003270208835603 68.500000000000014 8 9 10 11 12 13 14 15 16 17 18 19 4441.5000000000009 1.5000000000000002 20 21 7.5000000000000009 5.5000000000000009
decision_type=9 9 9 9 9 9 2 9 9 2 2 2 9 9 9 9 9 9 9 9 9 9 9 9 2 2 9 9 2 2
left_child=7 2 6 8 5 -5 -2 -1 9 -3 -7 15 -13 14 -14 -6 -17 -15 19 20 21 -18 23 24 -20 26 28 -27 -19 -24
right_child=1 3 -4 4 11 10 -8 -9 -10 -11 -12 12 13 17 -16 16 18 25 22 -21 -22 -23 29 -25 -26 27 -28 -29 -30 -31
leaf_value=0.045397713067600272 -0.0005989993644302166 0.19453053235508774 -0.050251369310035654 -0.050008862618392484 -0.022859013719511993 0.022484078354650237 0.11778663713652966 -0.037851696820198011 0.012065305603435383 0.067576338939827327 0.076262545860779934 0.041826707884792508 -0.051732963240416478 -0.050048247051371245 0.060087926127895264 -0.029428929256793791 -0.0089160212551372409 0.0057015118450224958 0.083263352933447235 -0.011258538267097362 -0.049175358611989108 0.03426763974714183 -6.4090126093120908e-05 -0.0044543584922889087 -0.038274833610683144 0.017134322216333254 -0.02736738249918181 -0.035895248069309153 0.07690329057035436 0.0116240989511477
leaf_weight=12.119123386160934 27.747424931032583 11.678487754194068 132.1754337712191 21.35853329958627 253.89791611058172 237.17682258685818 15.128065644297747 213.22369514824823 65.208675761707127 12.07381511107087 37.934228471131064 105.00229000882246 32.923913085018285 153.28426629310707 64.340638012217823 129.46708797701285 80.39799780503381 43.682135594601277 76.720535710221156 168.02368318568915 14.501562093617393 370.23352817451814 12491.055383555708 151.06169309042161 8.3895522234961373 41.305957551929168 86.902129474794492 219.95084254804533 36.201581713161431 733.84447721543256
leaf_count=548 586 212 2959 974 7410 12691 302 13698 1430 82 776 1561 794 3277 1348 2838 2066 988 1003 3933 396 8635 222522 3347 158 1095 2207 4740 825 10001
internal_value=0.000111434 0.000583225 -0.029069 0.000933322 0.000682025 0.0217231 0.0333853 -0.0316357 0.0403709 0.091482 0.0288507 0.000259316 -0.0103491 -0.0187624 0.0209426 0.00083367 0.00127177 -0.0256474 0.00157445 0.0141912 0.0236897 0.0265369 0.00097091 0.0217307 0.0637882 -0.0159663 0.00228507 -0.0282291 0.0337444 0.000584041
internal_weight=16047 15821.7 175.051 15646.6 15557.7 296.47 42.8755 225.343 88.961 23.7523 275.111 15261.2 783.594 678.591 97.2646 14477.6 14223.7 581.327 14094.2 633.157 465.133 450.632 13461.1 236.172 85.1101 428.043 166.786 261.257 79.8837 13224.9
internal_count=313402 299156 3847 295309 293585 14441 888 14246 1724 294 13467 279144 16835 15274 2142 262309 254899 13132 252061 15030 11097 10701 237031 4508 1161 9855 4020 5835 1813 232523
cat_boundaries=0 24 105 128 218 242 330 409 433 456 547 569 593 684 706 729 730 731 820 910 933 957 979
cat_threshold=0 536870912 285212800 0 16 24 2112 536870913 134217728 2147813408 256 0 0 301989888 0 0 131584 0 2147483648 0 32768 17039360 151519232 65601 256 0 0 8 0 0 0 0 0 65536 0 0 128 0 0 524288 0 67108864 0 512 33554432 0 0 65540 0 0 0 0 0 0 526336 0 8192 0 0 0 128 0 0 64 0 0 512 262144 0 0 0 0 4194304 0 0 0 1048576 0 0 0 0 262144 0 16777216 32768 0 0 32768 2097152 0 0 0 134217728 0 0 0 0 0 1073741824 0 4 4194304 1536 65536 1048576 268435456 4194311 66 9 0 0 262145 0 67108864 0 0 3758096385 1048595 65556 0 134217728 0 8388608 0 0 0 32768 8388608 0 1073741824 0 0 0 0 8 0 0 16785408 0 0 0 0 0 64 0 0 0 0 0 0 0 0 1048576 0 0 0 0 0 0 0 0 512 16384 0 0 0 0 131072 4194304 0 1048576 33554432 0 0 0 0 2056 0 32 524288 0 0 0 0 0 0 0 0 0 0 6 0 8192 0 0 0 524288 0 0 8388608 8192 0 8192 0 8388608 0 67108864 4096 32 0 0 0 0 0 0 4096 65536 2097152 0 268435528 0 4098 0 139266 66304 8192 0 32774 32768 0 16777216 134217728 0 40960 2147483648 0 4194304 16 589824 536870912 1111556160 16384 0 2048 0 0 64 0 0 0 0 0 67108864 0 0 0 0 0 1048576 0 0 16 0 0 0 0 0 0 0 0 0 1073741824 8192 0 4 2097152 0 0 0 0 0 0 0 132 0 0 0 0 0 268435712 0 0 536870912 0 0 0 8388608 0 4259840 0 1024 8192 0 0 0 0 0 2 0 2097152 33554432 8 1 0 8 0 0 0 0 0 0 0 2048 0 0 0 0 0 0 512 0 0 0 0 524288 0 0 0 0 0 2147483650 0 0 0 0 0 4 0 262144 0 0 0 0 4 0 0 0 0 0 0 2048 0 2052 33554432 0 0 0 0 0 0 0 16777216 0 262400 0 0 0 0 0 0 0 0 16777216 268435456 1 0 0 0 0 0 0 0 0 0 0 0 1073742848 0 0 0 0 0 0 0 0 0 0 0 1536 0 8388608 1073741824 1280 0 0 2097152 4194304 33554432 1 16384 0 17 65536 0 0 0 0 0 0 0 0 0 2 1074266112 256 8388608 1024 536870912 33554432 8388608 17408 805306368 0 589824 536870912 104064 65552 0 0 4 545259520 128 34 131072 0 8388608 0 0 0 0 0 0 0 0 0 0 2 0 0 0 536870912 0 4 128 0 2147483648 0 0 0 0 536870912 0 0 1048576 0 1073741824 0 0 0 1024 0 0 0 0 0 0 0 0 0 1074790400 0 0 0 1 0 0 0 0 0 268435456 0 0 0 0 64 0 262144 2097152 0 536870912 0 0 0 67108864 0 0 1 32768 16777216 0 512 64 0 0 0 8 16777216 0 4 0 0 0 0 0 0 0 16 0 75497478 32768 0 0 0 0 4456448 33554432 0 8192 3489660928 1835024 0 0 0 0 0 0 0 2147483648 2048 0 1048576 0 8256 536872960 2097152 131104 1280 0 1 132096 536870912 512 128 0 0 164 4214784 4096 0 134348800 1572864 8437760 130 0 0 0 4 0 0 4194304 0 0 67239936 2147516416 0 0 1 0 128 0 16512 0 2147483648 0 0 0 0 0 0 0 0 0 0 0 0 0 0 0 0 0 0 131072 0 0 0 0 1048576 0 2097152 0 1 0 0 0 134217760 0 0 0 0 4 0 8388608 0 16 0 0 8 0 0 0 0 16777216 0 536870912 0 0 0 536870912 0 0 0 0 8 16777216 0 0 4 0 0 269484032 0 0 0 16 0 8388608 1073774594 0 0 0 2097152 4194304 0 0 0 2617245696 3279122 0 0 0 0 0 1024 0 0 134217728 604012544 1 0 1 0 266240 0 25166336 65536 8192 536870912 1073741824 39075840 270336 0 0 0 0 1313024 4194304 0 2281709696 36 1 8 0 0 0 0 64 0 0 0 0 0 67108866 0 65536 0 0 16777216 4 0 262144 0 0 0 0 0 0 0 0 0 0 0 0 0 0 2097152 0 0 0 0 0 0 0 0 0 0 0 0 16777216 268435712 0 0 0 0 0 268435456 16384 0 0 0 0 0 0 2097152 0 0 0 2 0 0 0 0 0 0 0 0 512 0 0 0 0 0 0 0 524292 0 0 0 0 8192 1048576 0 0 0 0 0 0 0 0 0 0 67108864 0 0 0 0 0 0 0 0 0 0 0 2147483648 0 536870912 0 0 1073807360 4096 65536 0 0 4 268435456 0 0 4 0 524288 0 0 2048 0 256 0 0 0 268435712 0 4194432 0 0 0 16 16384 2 0 0 0 8192 0 0 16 0 0 0 0 0 0 8 0 0 0 4194304 0 0 0 0 0 0 0 4096 0 2048 0 0 0 512 0 1073741824 25165824 0 1073774594 1024 0 0 35651584 262144 33554432 4194304 0 109060097 9045090 65568 0 0 33554432 0 32 0 0 0 16 142606336 67108866 256 1 0 0 536870912 0 100679680 0 2121728 1115684864 524360 0 0 0 0 0 32 0 0 2048 0 32 318767104 4 0 4196360 0 0 671088644 0 0 0 0 1025 12 32 0 0 0 0 67108864 0 2147483648 2048
is_linear=0
shrinkage=0.1


Tree=92
num_leaves=31
num_cat=15
split_feature=3 3 30 3 3 3 1 3 27 16 17 27 9 3 23 3 12 3 29 12 29 17 17 1 17 30 3 17 29 29
split_gain=21.7025 13.2287 12.2772 42.0265 22.4654 18.2916 13.1277 12.6533 14.5649 11.7983 11.0586 9.94508 9.87656 30.8221 12.0529 11.9631 10.7101 16.2806 9.82199 9.7354 9.64844 10.1063 9.57428 9.40978 9.34215 9.17391 8.92475 11.4485 14.8731 10.9195
threshold=0 1 32.500000000000007 2 3 4 5 6 0.027531400322914127 22.500000000000004 41.45000076293946 0.0085531049408018606 7 8 11.500000000000002 9 10 11 4312.5000000000009 12 3986.5000000000005 40.350000381469734 30.550000190734867 13 38.250000000000007 33.500000000000007 14 54.350000381469734 3986.5000000000005 430.50000000000006
decision_type=9 9 2 9 9 9 9 9 2 2 10 2 9 9 2 9 9 9 2 9 2 10 10 9 10 2 9 10 2 2
left_child=-1 10 5 11 25 -3 -6 8 9 -7 -2 -4 13 -9 16 -14 -15 -18 -13 -8 22 -22 -11 -17 -10 -5 27 -25 -29 -28
right_child=1 2 3 4 6 7 19 12 24 20 -12 18 15 14 -16 23 17 -19 -20 -21 21 -23 -24 26 -26 -27 29 28 -30 -31
leaf_value=-0.033260611371101326 0.011529265399317977 -0.017858921631247155 -0.10813012860171123 0.072784214306376369 0.051681570627297585 0.026920417658047237 0.047174725493631442 0.052155070903952938 -0.0049903565798237216 0.18696102764732414 0.062599589409628065 -0.034050588409633577 -0.01561986850791227 -0.048973932291095201 0.10683720256006908 0.023888844027702971 0.011773431400334534 -0.030655024592841692 0.014434867409162814 0.0021033968206737351 0.016775104648661571 0.24304212967363076 -0.012160078167764578 0.014839930707494535 0.050656515744128806 0.029832907166115794 -0.020664519960530855 0.0091159154929865514 0.30619338421129405 -5.6431542000144428e-05
leaf_weight=185.75192351546139 469.27354968828149 625.2166861781443 14.917344023357144 59.662086504278705 52.61237497831462 86.03706228628289 40.570143024902791 53.914566746680066 192.68789116095286 13.5380292480113 46.61128604185069 204.47172927949578 485.657902371604 123.34094671794446 7.1106570257688864 155.89138973946683 142.9556353391381 225.42342197417747 52.510557778179646 978.66023287450662 15.620491732843222 2.259562842664308 2.9389630360528818 265.02876117924461 35.769818151660729 298.65972096147016 263.26979171182029 3.6457355784368692 3.1338773423340172 10997.014498577744
leaf_count=7876 18613 14260 278 644 669 5163 431 1857 6054 662 1729 1928 11781 3346 325 1426 2024 5453 521 10355 1096 111 184 10144 1076 3811 5120 116 113 196154
internal_value=-0.000166741 0.000240175 -0.00029214 0.0077177 0.0145493 -0.00128745 0.00711849 -0.000481026 0.0180384 0.0467025 0.0158366 -0.0277312 -0.00100244 -0.0139551 -0.021985 -0.000403349 -0.024295 -0.0143139 -0.0241433 0.00433837 0.0962408 0.0453692 0.151444 0.000241738 0.00372232 0.0359803 -9.8345e-05 0.0174793 0.14644 -0.000537779
internal_weight=16104.2 15918.4 15402.5 1702.06 1430.16 13700.5 1071.84 13075.2 348.852 120.394 515.885 271.9 12726.4 552.745 498.831 12173.6 491.72 368.379 256.982 1019.23 34.357 17.8801 16.477 11688 228.458 358.322 11532.1 271.808 6.77961 11260.3
internal_count=313320 305444 285102 18637 15910 266465 11455 252205 14346 7216 20342 2727 237859 13005 11148 224854 10823 7477 2449 10786 2053 1207 846 213073 7130 4455 211647 10373 229 201274
cat_boundaries=0 24 48 72 96 119 120 144 145 169 193 194 216 217 218 241
cat_threshold=0 16777472 0 0 0 16777216 20480 0 0 16 0 0 0 25166336 0 9437184 131072 2181054464 4194449 0 0 135168 3288334346 4522020 16777216 1073741840 0 2048 0 268697600 135266817 16384 33554432 536936449 524288 0 16777344 134225920 0 0 2147483648 4194304 268697632 2 161 134217728 16777216 512 1073741824 8388608 1082134530 4194305 0 65536 10518528 16785920 268435456 73433120 0 2181038080 1029 32800 0 0 0 0 8 0 0 0 196608 32768 67108864 268435461 83886336 8 0 8 0 4194304 603996160 0 65536 129 268352 65536 0 0 0 8421376 0 0 2281701376 0 536870976 16777216 0 268436035 335544576 0 0 16 524312 0 536887296 285212672 0 0 0 0 0 201457664 2162708 536871040 256 2048 0 268437504 536875072 46268424 0 0 1073741824 0 0 67182592 2097152 8397312 268435456 71319776 299008 134217728 8 32768 0 16777216 0 8 8 0 0 0 925700 49154 12800 536870912 4 2 256 0 0 260 4194304 0 32768 1 67108865 12582976 4194320 0 0 2 36864 1048576 0 2098176 3145728 16528 145 536903680 0 131072 2097216 16 0 536871172 67108864 0 0 1 603979777 64 33816576 0 0 2 8421376 1049600 0 1073808384 3145728 1048592 17 21620640 143130624 0 8421376 8200 0 8 545259520 17039360 524288 256 16384 2717908992 465410 96 0 0 0 8388608 1024 32 65536 128 215818 8390656 2157969408 0 0 5 536870912 2147483648 1088 1 0 11537410 0 32768 33554432 0 0 32800 0 1073872896 4096 17825792 131072 2214854656 37748736
is_linear=0
shrinkage=0.1


Tree=93
num_leaves=31
num_cat=4
split_feature=1 16 14 29 29 30 16 29 29 30 15 22 18 9 26 29 29 30 30 30 30 16 14 30 12 30 9 30 15 30
split_gain=9.38914 9.55202 26.2422 32.36 28.8453 23.3955 22.4357 20.6911 22.9591 18.5885 14.2265 14.1195 13.7153 13.0449 13.616 11.236 45.1869 22.6683 17.0199 14.9117 17.2096 13.7649 12.9298 12.7341 12.2273 11.6058 11.0166 11.2679 31.3282 22.6722
threshold=0 21.500000000000004 1.5000000000000002 4332.5000000000009 4418.5000000000009 34.500000000000007 22.500000000000004 3894.5000000000005 4273.5000000000009 24.500000000000004 1.5000000000000002 0.16461381316185 0.025347154587507251 1 59.500000000000007 3823.5000000000005 3800.5000000000005 24.500000000000004 43.500000000000007 26.500000000000004 34.500000000000007 27.500000000000004 6.5000000000000009 25.500000000000004 2 39.500000000000007 3 32.500000000000007 3.5000000000000004 34.500000000000007
decision_type=9 2 2 2 2 2 2 2 2 2 2 2 2 9 2 2 2 2 2 2 2 2 2 2 9 2 9 2 2 2
left_child=-1 26 7 15 6 13 -5 10 -9 -8 -3 -10 -11 14 -6 16 18 24 -4 23 -21 -18 25 -19 -17 -22 -2 -28 29 -29
right_child=1 2 3 4 5 -7 9 8 11 12 -12 -13 -14 -15 -16 17 21 19 -20 20 22 -23 -24 -25 -26 -27 27 28 -30 -31
leaf_value=-0.042301465832258328 -0.02190807364917546 -0.025960332138904609 0.010885629229444256 0.051224198276754264 0.03629668280268971 0.078896190771157074 -0.018295105303390308 -0.04491213287118364 0.014911636764174917 0.030147842622919127 0.032368161924858765 0.20293149280485459 -0.079308222321912134 -0.0073380222459157223 0.21370643341179002 -0.032653930885400854 -0.062831409038375974 0.044808559821463555 -0.064365733265947675 0.0094681543947903943 0.13975602328420508 0.0046383930238769258 0.01837993396125762 0.11589934061862975 0.010767082115716952 0.047959717343402979 -0.0026770667654738944 0.045515766228257523 -0.012636587398295044 0.0079372751041548936
leaf_weight=43.699361618724652 262.64728514140006 70.232882500218693 1666.3496198249632 27.024776571372058 32.103668799391016 36.677877819165587 140.01077141100541 269.72212455666158 36.256271029589698 12.557640208280644 103.34482856525574 4.4884771332144728 129.53962822561152 571.56893433403457 4.9998337555443859 59.719218691869173 120.59169955947436 108.55911401915364 30.60791758261621 261.00238794827601 25.68970649689436 40.357480760489125 45.010384269058704 32.81220509740524 1093.6663187696831 29.690738132689148 9607.978588976257 244.64375840337016 459.72169461502926 467.08557411376387
leaf_count=8092 8148 1360 28702 594 739 310 3332 4388 966 383 1970 55 1165 13358 128 1524 1308 1073 319 4607 213 684 382 239 26833 345 188403 2359 6220 4551
internal_value=-0.000556124 -0.000415364 0.00323334 0.00562911 -0.0106992 0.0013325 -0.0358168 -0.0188836 -0.0343428 -0.044155 0.00876733 0.0356241 -0.0696352 -0.00334139 0.0474222 0.0100642 0.00472543 0.0160533 0.00952833 0.0337733 0.023002 -0.0459136 0.058188 0.0613087 0.0083291 0.0905419 -0.00205225 -0.0015467 0.00771114 0.0208542
internal_weight=16038.4 15994.7 4952.58 4468.54 954.483 645.35 309.133 484.045 310.467 282.108 173.578 40.7447 142.097 608.672 37.1035 3514.06 1857.91 1656.15 1696.96 502.765 361.393 160.949 100.391 141.371 1153.39 55.3804 11042.1 10779.4 1171.45 711.729
internal_count=312750 304658 94977 86238 20009 14535 5474 8739 5409 4880 3330 1021 1548 14225 867 66229 31013 35216 29021 6859 5547 1992 940 1312 28357 558 209681 201533 13130 6910
cat_boundaries=0 1 2 3 4
cat_threshold=1963409 5121 694418 8192
is_linear=0
shrinkage=0.1


Tree=94
num_leaves=31
num_cat=7
split_feature=13 13 15 13 15 30 13 13 30 30 30 14 30 16 16 20 14 16 16 13 18 14 30 30 25 30 16 18 13 16
split_gain=15.8528 14.4152 11.7251 28.4801 25.426 38.6395 28.3927 27.2853 25.5469 37.9768 59.7449 37.2971 37.6904 50.5348 33.9834 30.3366 39.3791 28.6533 42.7951 23.7162 22.3345 22.9922 22.2009 26.2215 38.4991 33.8927 22.2285 19.7621 19.4052 19.358
threshold=0 1 1.0000000180025095e-35 2 2.5000000000000004 20.500000000000004 3 4 22.500000000000004 30.500000000000004 29.500000000000004 6.5000000000000009 26.500000000000004 6.5000000000000009 1.5000000000000002 6.5000000000000009 11.500000000000002 11.500000000000002 9.5000000000000018 5 0.086249098181724562 1.5000000000000002 21.500000000000004 30.500000000000004 3.5000000000000004 31.500000000000004 3.5000000000000004 0.09985267743468286 6 7.5000000000000009
decision_type=9 9 2 9 2 2 9 9 2 2 2 2 2 2 2 2 2 2 2 9 2 2 2 2 2 2 2 2 9 2
left_child=-1 -2 3 -3 5 19 -7 -6 14 10 11 12 13 -10 -8 20 -17 18 -13 -4 21 -16 27 24 26 -25 -24 -5 -9 -15
right_child=1 2 4 22 7 6 8 28 9 -11 -12 17 -14 29 15 16 -18 -19 -20 -21 -22 -23 23 25 -26 -27 -28 -29 -30 -31
leaf_value=-0.024154068077519963 0.033834651759408821 0.054984213624259475 0.053356645915472657 -0.025986532625456665 0.051356210697556359 -0.047718925814407391 -0.035359655742314804 -0.051659330316433896 0.1769940600965858 0.023798266126231399 -0.041644831155128369 0.067463226073851787 0.036567598620975431 -0.093478577045870592 0.11984528652334386 0.080015825752034198 -0.056105740340810353 0.07330393152560219 -0.044774106247676818 -0.0070312030435381373 0.012955111903770633 0.033603468960205496 0.12761449725492924 -0.034667139895455688 0.093761948736997308 0.017864140094207111 0.0060980864443889978 -0.0053132274723647647 -0.0027811195514109415 -0.024529406101027593
leaf_weight=263.45804557570955 115.89049698552117 65.526534173055552 57.523267304117326 771.98985985753825 82.412056376575492 67.042986146756448 95.040172156586777 72.255432467325591 11.532522289082406 673.93614639382577 331.86013299861224 63.608320491621271 129.41507948632352 49.330685001099482 33.675346589763649 171.10825574822957 24.266615149914287 128.56207516556606 72.913257667911239 1859.3389071252896 994.77542496006936 376.8856514506042 15.595101084560154 279.97869083529804 63.053110533743165 218.80516852799337 433.54591682029422 1152.9981772061437 7127.6337890729483 233.26795988797676
leaf_count=8135 2283 1349 1801 30586 1932 1048 1353 1161 71 7121 10095 424 794 420 673 3923 708 812 596 68815 6624 8782 110 6109 853 2118 4402 12205 125345 2354
internal_value=-0.000282873 0.00013106 -0.00013983 -0.00575916 0.0011927 0.00641024 0.0127241 -0.00265767 0.0140188 0.00537601 -0.00679013 0.0100068 -0.00840451 -0.0281918 0.0227375 0.026187 0.0631088 0.0394242 0.00751967 -0.00497735 0.021054 0.0406773 -0.00727735 0.00469709 0.0205897 -0.0116229 0.0103174 -0.013604 -0.00334261 -0.0365652
internal_weight=16037.2 15773.8 15657.9 3001.49 12656.4 5374.08 3457.22 7282.3 3390.18 1694.43 1020.49 688.63 423.546 294.131 1695.75 1600.71 195.375 265.084 136.522 1916.86 1405.34 410.561 2935.97 1010.98 512.194 498.784 449.141 1924.99 7199.89 282.599
internal_count=313002 304867 302584 57732 244852 116414 45798 128438 44750 22687 15566 5471 3639 2845 22063 20710 4631 1832 1020 70616 16079 9455 56383 13592 5365 8227 4512 42791 126506 2774
cat_boundaries=0 87 177 268 359 450 539 629
cat_threshold=0 0 0 0 0 2 0 0 8388608 8192 4194304 0 0 0 0 0 4 0 0 0 8192 0 0 4194304 536870912 0 0 2097152 0 0 32768 0 4 16777216 8 0 0 0 2 512 0 4 1048576 1107296256 32768 0 0 16 0 0 0 134218240 16777216 0 0 0 0 262144 0 0 0 0 0 0 0 16384 0 0 0 134217856 0 0 16777216 0 0 0 0 138412032 0 0 0 0 0 0 0 0 16777216 2 0 0 0 8421376 0 0 0 0 0 0 0 0 524288 0 0 0 128 0 0 0 1048576 0 0 0 0 0 134217728 4096 0 4 0 0 0 2 0 0 1073741824 67108864 262144 2097152 0 16 262144 0 0 0 256 0 8 0 0 0 64 0 0 4 2147483648 0 0 33554432 0 0 0 0 0 0 0 0 0 0 0 0 0 4194304 0 8388608 393216 262144 0 0 4096 32 0 0 0 512 0 0 2098176 0 0 0 1024 16 0 0 0 0 4 0 0 0 0 0 16777216 0 0 262144 0 0 0 0 0 16 64 0 1024 0 0 0 0 2048 0 0 0 0 0 0 0 4194368 0 0 256 0 0 0 0 0 128 0 16777216 0 268435584 0 0 0 128 0 16785408 262144 40960 4 0 0 0 0 0 33554432 0 0 0 0 0 1610612736 64 0 0 0 8 0 0 0 0 0 0 64 0 0 0 576 0 0 0 0 64 0 0 0 0 67108864 2214592512 0 0 0 0 17301504 0 0 0 512 0 0 0 4 2048 64 0 0 0 0 8192 0 0 0 0 0 0 0 0 0 0 0 0 256 0 262144 4096 1 4096 0 0 0 0 0 0 0 0 128 0 268435456 0 0 6 0 0 134217728 0 0 0 2048 0 0 524288 0 536870912 0 0 0 1024 0 4096 0 0 0 0 0 268435456 0 1048576 0 64 0 0 0 0 64 0 8 0 0 0 2 32 128 0 0 524416 0 0 0 0 33554432 0 0 4 0 0 0 1048576 0 0 655360 0 0 268435968 0 0 0 0 4 0 0 0 0 256 0 0 0 0 0 0 0 0 0 0 0 0 0 0 0 0 0 0 128 8 0 4096 0 0 0 0 0 16777216 8192 4194304 4 0 0 0 1024 0 16777216 0 524288 2048 0 0 268435456 8192 262144 0 64 0 0 0 0 524288 16384 0 0 0 67108864 2214592512 0 0 0 0 16777216 1048576 0 262144 2097152 0 0 0 1073741824 0 64 0 1024 0 0 0 0 0 32768 0 512 0 0 0 0 0 0 0 256 0 0 0 268435457 4096 524416 0 0 0 0 0 4096 8 0 0 0 512 0 0 0 1 0 0 0 0 0 2048 32768 0 0 512 0 0 16 0 8 0 0 0 0 0 0 0 0 1048576 0 0 0 0 0 16 0 0 64 0 0 32768 0 0 0 64 0 0 0 0 0 0 0 0 16 0 0 1073742848 0 65536 0 0 0 0 0 0 2097152 0 0 0 0 128 0 0 0 0 0 0 0 128 0 16777216 0 0 16384 0 0 128 64 67117056 0 0 0 0 0 0 0 0 0 0 0 0 0 0 512 0 0 0 0 0 0 0 0 0 0 0 131072 0 0 1073741824
is_linear=0
shrinkage=0.1


Tree=95
num_leaves=31
num_cat=0
split_feature=14 30 15 30 14 30 29 30 15 16 15 16 16 29 16 16 30 21 21 30 29 14 30 15 30 30 14 30 30 30
split_gain=10.9196 22.5304 20.6946 23.8277 107.598 39.0245 52.4809 38.5018 36.2905 31.6415 21.9711 61.5718 20.2033 18.6749 16.0131 16.6131 14.1005 15.167 12.6108 12.4899 12.0178 11.898 15.7339 10.8354 22.2153 20.0325 24.3103 21.7204 13.4822 29.9177
threshold=6.5000000000000009 21.500000000000004 1.5000000000000002 26.500000000000004 9.5000000000000018 22.500000000000004 3823.5000000000005 31.500000000000004 1.0000000180025095e-35 5.5000000000000009 1.0000000180025095e-35 23.500000000000004 25.500000000000004 3800.5000000000005 15.500000000000002 29.500000000000004 29.500000000000004 1.0000000180025095e-35 -1.0000000180025095e-35 43.500000000000007 4586.5000000000009 8.5000000000000018 35.500000000000007 5.5000000000000009 22.500000000000004 31.500000000000004 10.500000000000002 32.500000000000007 24.500000000000004 31.500000000000004
decision_type=2 2 2 2 2 2 2 2 2 2 2 2 2 2 2 2 2 2 2 2 2 2 2 2 2 2 2 2 2 2
left_child=-1 -2 3 4 9 10 13 16 -8 -3 14 -12 -13 -7 -6 20 17 18 -5 21 -16 22 -9 28 -25 26 -26 -27 -4 -30
right_child=1 2 23 7 5 6 8 19 -10 -11 11 12 -14 -15 15 -17 -18 -19 -20 -21 -22 -23 -24 24 25 27 -28 -29 29 -31
leaf_value=-0.0025617975875930643 -0.0038596209426777859 0.051719422608604682 -0.00578467319989654 0.069926997188501552 -0.05108360101675205 0.10565664152353114 0.35318271962769554 0.15059027952258799 0.096023138765926705 0.1842268384508737 0.19409053450160485 -0.067548198215007821 0.08593722637454744 -0.062455121202174273 0.16837531270626274 -0.057219898495085277 -0.020753602888465703 0.09251723800292995 -0.014090278255513525 -0.0092504698476611729 0.0031582749172826725 0.039811594295546843 0.032886385980666892 0.0035322355143936352 0.17200574390363058 -0.026182299627929808 0.04319438275299721 0.091574126008401008 0.018663005012841658 -0.0074196637139206829
leaf_weight=8348.1811666964204 3129.1716559512424 26.69260563806165 1368.9205915185157 22.480505624786019 107.37534449994564 10.245179875928445 9.2311203144490719 26.397121912101284 13.532222083769739 55.470689489971846 18.057122740661725 31.48681638808921 11.786279316060243 18.612434452399611 9.7031493159011042 12.456720750546081 288.302115532686 22.981322318315506 87.016303900629282 34.309729964938015 8.0596095891669393 113.46930374496151 19.932174510788172 293.45678247086471 24.495684899855405 43.683038732095156 36.457878638524562 24.420638902462088 1017.9925388980773 774.23563214810565
leaf_count=160712 85623 207 26214 146 1365 112 84 191 189 370 195 387 151 213 121 167 6874 178 530 330 112 1133 166 4928 246 717 411 237 10303 10460
internal_value=-5.99725e-05 0.00266646 0.00717321 0.0203155 0.0418728 0.00930672 0.0867808 0.00865105 0.200308 0.141179 -0.0107978 0.0389811 -0.0257434 -0.00277121 -0.0329857 0.0313193 -0.00834457 0.0186603 0.00315909 0.0454935 0.0934103 0.0572473 0.0999507 0.00369811 0.0187386 0.0533155 0.0949604 0.0160428 0.00168783 0.00739539
internal_weight=16008.6 7660.43 4531.26 947.598 332.709 250.546 51.621 614.889 22.7633 82.1633 198.925 61.3302 43.2731 28.8576 137.595 30.2195 420.78 132.478 109.497 194.108 17.7628 159.799 46.3293 3583.66 422.514 129.057 60.9536 68.1037 3161.15 1792.23
internal_count=313072 152360 66737 13221 3673 3096 598 9548 273 577 2498 733 538 325 1765 400 7728 854 676 1820 233 1490 357 53516 6539 1611 657 954 46977 20763
is_linear=0
shrinkage=0.1


Tree=96
num_leaves=31
num_cat=23
split_feature=13 3 13 3 3 3 13 3 26 13 3 11 28 30 13 3 14 3 13 20 3 13 16 13 3 13 3 14 3 3
split_gain=22.2664 20.5461 17.8392 16.6991 14.7339 13.7116 10.8704 22.4816 10.2788 9.59336 9.29838 9.31936 10.7924 10.7363 8.84568 20.8861 11.9916 8.92633 10.1559 10.1718 8.35929 11.6794 13.2819 9.29845 14.7212 8.0962 11.8967 8.03566 37.4664 25.6017
threshold=0 1 2 3 4 5 6 7 7.5000000000000009 8 9 10 0.067843236029148116 25.500000000000004 11 12 1.5000000000000002 13 14 17.500000000000004 15 16 2.5000000000000004 17 18 19 20 8.5000000000000018 21 22
decision_type=9 9 9 9 9 9 9 9 2 9 9 9 2 2 9 9 2 9 9 2 9 9 2 9 9 9 9 2 9 9
left_child=1 -1 5 -4 -5 -2 7 -6 -7 -8 -11 12 13 -12 15 -13 -17 18 19 -16 21 -19 -23 24 -22 26 -25 -27 -29 -30
right_child=2 -3 3 4 6 8 9 -9 -10 10 11 14 -14 -15 17 16 -18 20 -20 -21 23 22 -24 25 -26 27 -28 28 29 -31
leaf_value=0.020182074108769085 -0.010652314006542327 -0.059521271973381223 -0.021508374220404997 0.024012374588160527 0.032691672105942572 0.090557393592734903 -0.045163395525375662 -0.060553946575746677 -0.0044711769741633458 -0.020471109218928366 0.25948931404901365 -0.026882512883773808 0.023765627400786041 0.048187657031319844 0.087042189981854923 -0.069585859314016341 0.061473522342775581 -0.025187916036952886 -0.025324550176811268 -0.054480581953881446 -0.020180693969824567 -0.043480772242015957 0.020197311913776637 -0.050442788625136729 0.055324758233836757 0.001896032369173954 0.010097831859806344 0.030107393885015783 -0.018596546972273916 -0.00072828335854877805
leaf_weight=43.154310824931599 38.840189899667166 108.08748675597599 339.15724759362638 254.3634672210901 32.964172265201341 58.128699451335706 36.007590930210426 70.638487715565134 14.153998767491428 197.11619314132258 4.7962092931848037 49.953511004976463 19.190225509926677 4.8223980078473687 18.241156681266151 7.5125923947198308 98.736125619092491 68.698619170696475 219.4216916874866 7.0381790737737893 36.481940590543672 34.776473535981495 563.54505564196734 68.080145730404183 65.608908486668952 9326.6888802255853 55.890233534155414 298.99308404215844 1139.0366654769168 2669.7483524011332
leaf_count=628 902 3020 11377 6242 511 1034 967 2291 294 8887 170 1172 259 47 390 217 2149 2858 9145 285 593 1174 18679 945 1219 161593 1647 7205 21958 44803
internal_value=3.48261e-05 -0.036938 0.00041189 0.000116642 0.00060819 0.0386421 0.000198146 -0.0306191 0.0632052 0.000431403 0.000571294 0.000866035 0.0498086 0.153551 0.000736573 0.0236771 0.0477157 0.000474602 -0.0180828 0.0341363 0.000803935 0.0116507 0.016225 0.000266173 0.0289498 2.90172e-05 -0.0244325 0.000272748 -0.00341225 -0.00610658
internal_weight=15949.9 151.242 15798.6 15687.5 15348.4 111.123 15094 103.603 72.2827 14990.4 14954.4 14757.3 28.8088 9.61861 14728.5 156.202 106.249 14572.2 244.701 25.2793 14327.5 667.02 598.322 13660.5 102.091 13558.4 123.97 13434.5 4107.78 3808.79
internal_count=312661 3648 309013 306783 295406 2230 289164 2802 1328 286362 285395 276508 476 217 276032 3538 2366 272494 9820 675 262674 22711 19853 239963 1812 238151 2592 235559 73966 66761
cat_boundaries=0 90 114 201 225 249 270 361 384 474 498 501 591 613 637 728 752 843 932 953 1041 1062 1086 1109
cat_threshold=0 0 0 16777216 64 0 0 0 0 67108864 0 0 0 0 0 524288 0 67108864 0 0 8192 0 0 4 2048 0 0 4 1073741824 0 0 0 0 1049088 0 0 0 0 0 0 0 0 33554432 0 0 537919488 0 16 0 524288 0 1024 1048576 128 0 0 0 0 0 0 128 0 0 32768 0 0 1 0 0 0 131072 0 0 524288 0 0 2 0 36 0 0 0 0 0 268435456 40 0 0 0 2097152 2147483648 1140850692 1073742080 8 0 8 2097153 0 100663296 0 16384 142606336 3408144 0 0 0 0 0 0 0 0 2048 0 262144 0 0 0 0 0 0 0 8 8388608 0 0 0 0 0 0 0 16 0 0 512 0 0 0 0 16 0 0 1024 134217728 2048 0 0 0 0 0 0 0 0 0 40960 0 1 0 262144 0 524288 4096 0 8 0 0 524288 0 0 0 0 0 2147483648 0 16785412 0 8192 16 0 0 134217728 0 0 0 0 0 0 0 0 0 192 8388608 0 0 69632 96 0 0 0 0 0 17825792 276826112 0 1024 6 0 1024 1048832 16777216 0 67118152 0 0 33556480 270336 0 0 4194304 131072 71303188 0 0 4096 6295688 32768 0 536871232 0 16 0 1073741842 4 0 0 0 536870912 0 32768 0 0 32768 2147484676 33566720 1024 2048 277381120 537165824 1073774592 4194304 0 4 8388608 1024 0 0 0 4194304 67108864 0 2097152 41943040 524338 65536 0 0 0 0 2048 0 2147483648 0 0 0 0 134217760 131072 0 0 0 1 0 0 0 1 1 0 0 0 64 0 0 0 0 0 0 16384 65536 0 0 0 0 0 524288 0 0 4 0 0 135168 0 0 0 0 2 0 2097152 0 0 4194304 0 0 0 0 1073741824 0 256 0 8192 0 0 1024 0 0 0 0 0 16777216 0 0 0 0 0 524288 0 0 0 0 0 1024 0 2048 4096 17301504 33554720 0 0 0 0 0 0 1024 16777216 268435462 322 1 0 0 262658 0 33554432 0 16384 1073741825 1578496 65544 0 0 0 8388608 268435488 0 128 1048576 16 0 268435456 0 1024 0 0 0 0 0 0 2097152 0 0 131072 0 0 8 0 1024 0 0 131072 0 0 16512 65536 0 32 0 8 0 0 0 0 32 2415919104 0 0 524288 512 0 0 0 0 0 0 0 1 0 0 524288 0 4194304 0 0 4096 0 0 0 0 0 0 0 0 0 0 0 0 64 0 134217728 0 0 0 0 0 0 2097152 0 0 0 0 0 0 524288 0 4194304 0 0 67110912 2147483648 0 81920 131104 32768 1048576 16777728 201326592 0 272629760 524289 1024 0 33555524 0 268435456 0 32768 2 0 32 9437184 1310722 65616 1086324746 2148794384 4230 0 0 0 524288 2097152 0 0 256 0 16908288 8388608 0 0 0 4 0 1572864 0 0 2097152 0 0 0 0 0 0 0 1048576 8 0 0 0 0 0 10 0 0 16777216 1 131072 0 0 16 0 32768 0 16777216 0 0 0 0 16777216 0 268435456 16384 0 16777224 0 0 0 33554432 2097152 0 0 0 0 0 262144 0 0 16 0 0 0 0 0 0 0 0 0 0 0 0 0 0 0 0 0 0 1024 671088640 67108866 8388610 1025 0 8 10747904 262144 0 2 16384 1409286144 1311010 134217746 0 16777216 0 8388608 0 0 0 2147485696 0 33554432 262144 0 16384 67248128 1024 0 536936448 17371136 4108 0 67108864 65536 0 1 0 262144 0 0 1024 39845920 67108880 3072 0 0 0 0 0 0 0 0 0 536870912 0 0 0 0 0 0 4 0 0 0 33554432 0 0 0 0 64 0 0 0 0 0 0 0 2097152 0 0 0 0 0 0 0 0 0 1048576 0 0 0 256 0 0 0 0 0 0 0 0 0 0 1024 268435456 0 0 0 0 0 16384 0 0 0 0 1 0 0 0 0 0 0 0 256 0 0 0 4 0 0 0 0 12288 1048576 0 512 35651584 0 335548544 9216 0 16777216 1086324736 8388608 0 2049 8192 32 262144 134250498 0 0 0 4194304 0 16 1048576 134217728 73732 16777762 0 0 0 0 0 0 0 0 0 0 2147483650 0 0 0 0 16777216 0 0 0 0 33554432 0 0 0 0 0 0 0 1048576 1073741824 2048 16 0 0 0 0 0 0 0 0 0 132 0 34603264 0 0 262160 0 0 0 0 0 0 0 8388608 0 4194304 0 1024 0 0 0 0 0 0 0 2 67108864 0 0 1 32768 0 0 536870912 0 0 16 512 0 0 0 4 0 67108864 0 0 0 0 1073741824 1 0 32768 8388608 0 0 2113536 1048576 0 0 65540 128 0 0 0 4194304 0 0 0 1 0 0 0 0 0 0 0 0 0 4096 0 2048 16 0 268435456 0 0 0 0 0 0 8388608 4 262145 33554432 0 0 0 0 0 0 0 0 0 0 0 536870912 0 0 16384 32 0 0 536870912 8388608 0 4096 0 0 524288 0 0 0 0 0 536870912 0 0 16 0 0 0 128 0 0 0 0 0 134217728 67108864 524288 75497476 1073741824 0 0 8 0 0 33554432 0 2097152 33554432 1180928 48 0 0 0 8388608 0 0 2147483648 258 0 0 0 0 0 0 0 64 0 67108864 32 0 0 0 64 0 0 0 0 0 0 0 0 0 0 4096 0 0 16 16384 0 0 2097152 0 33554432 64 0 0 0 524288 0 0 1048576 8388608 0 0 0 4096 0 0 32 0 2 0 0 0 0 0 0 4 0 0 0 0 16384 0 0 0 0 0 0 0 0 8704 0 0 0 256 0 0 0 32 0 0 0 512 4096 0 268435462 1073774848 0 0 8 262144 262144 335544320 0 2113536 8388608 1179697 48 0 0 0 8 4096 17825856 2097152 1610743936 1140851713 0 256 2048 2097152 136318976 536870912 33554432 131072 0 0 131074 0 0 8396800 0 0 0 4194336 64 2048 2189951008 4096 524352 4194308 1073741824 6145 0 2147516416 536870912 16384 67108864 8388610 2097152 2449473536 12583936 48 0 0 33554464 3221225472 16777216 0 0 67108864 16777472
is_linear=0
shrinkage=0.1


Tree=97
num_leaves=31
num_cat=14
split_feature=3 3 15 3 30 30 30 17 3 3 3 17 3 3 12 28 8 3 3 29 3 16 27 14 25 28 3 14 30 16
split_gain=24.0063 12.3711 9.77024 37.6649 15.4468 22.1189 23.7948 12.5206 50.8267 15.9556 15.1034 12.0085 10.5177 10.3172 9.85008 13.7257 9.67325 41.9287 18.339 11.9736 11.0849 20.7878 11.4834 12.3974 9.6304 9.59538 19.8797 9.5561 9.4987 9.42319
threshold=0 1 5.5000000000000009 2 22.500000000000004 31.500000000000004 32.500000000000007 50.149999618530281 3 4 5 73.250000000000014 6 7 8 0.06482675671577455 9 10 11 1885.5000000000002 12 10.500000000000002 0.23085071891546252 9.5000000000000018 1.0000000180025095e-35 0.027847317978739742 13 5.5000000000000009 24.500000000000004 16.500000000000004
decision_type=9 9 2 9 2 2 2 10 9 9 9 10 9 9 9 2 9 9 9 2 9 2 2 2 2 2 9 2 2 2
left_child=-1 -2 7 4 29 -6 -7 10 11 -10 -3 -9 -5 -12 15 -14 17 19 -19 -15 21 22 -18 27 -13 26 -20 -24 -29 -4
right_child=1 2 3 12 5 6 -8 8 9 -11 13 24 14 16 -16 -17 20 18 25 -21 -22 -23 23 -25 -26 -27 -28 28 -30 -31
leaf_value=-0.032985773999303629 0.018400451030554835 -0.013605667585091625 0.03943488993645286 -0.042315649527479446 0.11185416998475579 -0.012998546099439932 0.10153158432796122 0.042247536683148429 -0.03467586989808015 0.0040982142323718407 0.017010413226081506 0.19734517576850352 -0.059176623285968011 0.13789981582774133 -0.004464697426277261 0.16143715061448505 -0.0044130155966517577 -0.045310876630824393 0.056989405341217131 0.027716600423581372 0.0010575949256725612 -0.021575766935812542 0.018360774431148138 -0.039446119378273484 0.05855191695366168 -0.0055413863073890081 -0.07204707147500912 0.048512791552127295 0.14195354018781797 -0.0018569549083444039
leaf_weight=203.22330598498229 379.27951077336911 875.05956846114714 117.42157872277312 62.27227788453456 54.746974627487361 49.511324097635224 28.629707014653832 246.52065054624109 135.5763383806916 389.12495619652327 333.01589419087395 9.2831303132697958 3.8417824400239615 10.508150308858601 437.28495993011165 10.604841751046477 159.1165112167364 216.61711958545493 9.5296386538539064 160.54916390526341 10831.671532125911 575.49313322815578 40.092091804370284 17.03018375299871 10.833476502448319 436.81277589790989 42.077429114491679 27.637153837829828 17.941553427837789 104.41115063370671
leaf_count=10557 12318 33944 1410 1067 426 514 231 3398 2109 8543 7612 107 291 97 7300 116 2898 5010 585 3048 191295 7997 264 117 113 6662 4070 211 102 1272
internal_value=0.000344767 0.00079406 0.000349162 0.0106512 0.0351599 0.0631127 0.0289636 -0.000265926 0.0119657 -0.00638167 -0.000969717 0.0465635 -0.00681401 -0.000100468 -0.00110956 0.0607312 -0.000567873 -0.0106409 -0.0214364 0.0325806 0.000196865 -0.0108188 0.0124124 0.0384803 0.1226 -0.0101513 -0.0511373 0.0539711 0.0852947 0.0199998
internal_weight=15995.7 15792.5 15413.2 868.725 354.721 132.888 78.141 14544.5 791.339 524.701 13753.2 266.637 514.004 12878.1 451.732 14.4466 12545.1 876.094 705.037 171.057 11669 837.311 261.817 102.701 20.1166 488.42 51.6071 85.6708 45.5787 221.833
internal_count=313684 303127 290809 12627 3853 1171 745 278182 14270 10652 263912 3618 8774 229968 7707 407 222356 19472 16327 3145 202884 11589 3592 694 220 11317 4655 577 313 2682
cat_boundaries=0 24 48 71 94 117 140 164 187 188 189 212 236 260 284
cat_threshold=1073741952 268435456 0 0 536870912 1074278400 0 67108864 0 2147483784 0 32 0 8396800 0 0 256 2147614720 65536 0 128 805441536 819744 640 536870912 64 0 0 0 18 272 256 524288 8192 65536 32768 2155872384 12 0 0 2684354560 4456448 131120 0 142737408 2097152 1073741952 4227073 268435456 8388612 67141888 3080 0 0 0 4464640 33554432 0 536870912 2181038080 35407411 65536 0 0 4 8388608 0 0 0 2048 8192 2432696320 0 8421376 4194305 0 0 2097152 0 33554432 0 57344 1275068416 4920354 65584 0 0 0 0 8 32 0 0 536870912 8388608 33554437 4354 1052 0 0 262144 17039360 335544320 0 536870912 276824064 2097409 0 0 0 0 8388608 5120 2 2147483648 2048 4194304 2315255808 514 4 65 0 268533768 545259520 4202496 0 67141632 32768 0 267264 33554432 0 8192 0 8192 0 0 1073741824 1083392 8196 2164391936 67108864 0 0 0 0 262144 16384 872431616 0 0 67108992 65544 1040 0 150994944 32 4096 67108864 32 2147549184 134217728 0 32 0 1048832 268439552 0 0 83886080 1073741826 16778752 269549568 301990148 256 0 553648388 0 0 0 8 0 1052676 1048576 67108864 128 8388608 8916256 24 0 1 1082130690 4194562 0 0 167772164 0 262144 4194305 0 268443649 65552 16 0 16777216 4 36864 1024 0 1024 0 80 8912896 75497472 32768 1032 0 0 2097152 0 603979776 0 537403392 1152 3686977 134217728 0 0 0 0 0 0 2147483648 0 0 32 0 0 134348800 4194304 0 0 171966468 134217728 0 4194305 0 268435473 4292640 128 0 0 4 32776 20971522 48 0 2147483648 65600 16777216 0 0 131136 0 0 2048 4198400 536887296 0 64 0 0 2056 0 0 0 0 0 16777216 0 32769 2155872256 2281766912 262160
is_linear=0
shrinkage=0.1


Tree=98
num_leaves=31
num_cat=17
split_feature=3 13 3 29 3 13 3 3 23 3 10 22 24 13 3 24 13 3 13 17 23 23 23 20 30 13 13 3 20 24
split_gain=23.8372 14.7202 52.0475 18.6 13.3992 15.8593 23.7844 11.5418 11.7829 22.1742 14.2629 14.1508 12.9949 11.6399 15.2617 11.0688 18.9268 10.5249 24.4602 10.4803 9.87603 10.3616 11.0708 12.0457 9.51499 9.30745 9.25795 13.1444 9.23114 8.95944
threshold=0 1 2 4374.5000000000009 3 4 5 6 5.5000000000000009 7 8 0.14317745715379718 3.5000000000000004 9 10 5.5000000000000009 11 12 13 57.049999237060554 235.50000000000003 153.50000000000003 18.500000000000004 125.50000000000001 21.500000000000004 14 15 16 182.50000000000003 1.5000000000000002
decision_type=9 9 9 2 9 9 9 9 2 9 9 2 2 9 9 2 9 9 9 10 2 2 2 2 2 9 9 9 2 2
left_child=-1 2 3 -2 25 6 -6 19 12 -10 11 28 13 14 -9 16 -12 18 -15 -7 21 22 23 -17 -5 -3 27 -19 -11 -20
right_child=1 4 -4 24 5 7 -8 8 9 10 15 -13 -14 17 -16 20 -18 26 29 -21 -22 -23 -24 -25 -26 -27 -28 -29 -30 -31
leaf_value=-0.031419996498648205 0.027872102114026878 -0.04171269370395754 -0.054130407568597952 0.063348794478142831 0.072654250225050759 -0.024265634234400701 -0.0056164615127152553 0.033540403191272369 0.024015815738934951 0.038704675724559906 0.050831045440438476 0.12044799349609572 0.077228309707086371 0.062572908972409066 -0.038219971787639334 0.065795107699456526 -0.042427372706269839 0.060674405270586901 0.0022959320480350578 0.10491693611447171 -0.093938794584113722 0.08716852712848866 -0.033259018996200672 -0.040646924920330438 0.24404038238138731 0.018601345154952934 -3.9954481914718489e-05 -0.0078310150074327577 -0.069596383424081795 0.12145719067319974
leaf_weight=234.71493817918235 56.054937780834734 18.411000693275128 164.5579804921872 5.1455552125116792 65.904637693893164 266.84915491531137 84.06753532437142 30.381474990281276 122.39728402503533 21.266461621387862 16.823410034994595 13.287886782083659 22.048658317420632 79.945173155632801 143.9022473336081 32.031362589914352 323.98169307445642 52.335602778475732 375.40155837067869 6.4314694474451235 11.158660989254711 13.447404450271277 63.19925184128806 15.913875684142111 6.7206734411884099 517.49470443156315 13131.582857220026 53.516503080376424 12.494079372496342 6.4175960142165414
leaf_count=8476 1137 812 4868 132 863 9510 2171 549 6769 1137 604 186 175 1824 3513 274 19698 614 13156 232 145 108 749 123 103 19915 213991 979 240 40
internal_value=-0.000449796 3.21828e-05 -0.0244163 0.0452823 0.000414366 -0.000146907 0.0311708 -0.000484753 -9.52395e-05 -0.0132974 -0.0220571 0.0272412 0.000518458 0.000396546 -0.0245693 -0.027384 -0.0375772 0.000731567 0.0154092 -0.0204761 -0.00381088 0.00426113 -0.00576986 0.0304651 0.165687 0.0158031 0.00020832 0.0283532 -0.00137531 0.00418907
internal_weight=15967.9 15733.2 232.479 67.9212 15500.7 14964.8 149.972 14814.8 14541.5 646.001 523.604 47.0484 13895.5 13873.5 174.284 476.556 340.805 13699.2 461.764 273.281 135.751 124.592 111.144 47.9452 11.8662 535.906 13237.4 105.852 33.7605 381.819
internal_count=313093 304617 6240 1372 298377 277650 3034 274616 264874 30033 23264 1563 234841 234666 4062 21701 20302 230604 15020 9742 1399 1254 1146 397 235 20727 215584 1593 1377 13196
cat_boundaries=0 24 114 137 161 250 273 297 320 321 411 434 514 538 628 718 810 831
cat_threshold=1075838976 256 268435456 256 0 1028 8396820 16777217 131072 704643072 262144 0 0 268437504 0 0 0 0 5242880 2097152 8455168 134217728 32768 32930 0 262144 0 0 64 512 0 0 8388608 0 0 32768 0 2 4194304 0 0 0 0 0 2 0 0 4 0 0 0 0 0 0 16 0 0 0 0 0 0 0 0 268435456 0 4 0 0 0 0 0 0 0 0 0 1048576 1048576 0 2097152 2 0 262144 0 0 0 0 0 0 0 2 65537 0 64 0 0 0 0 524288 1073741824 0 4 131088 4 0 1048576 0 0 0 0 0 0 0 67108864 4195328 419430400 4194308 1073741824 0 0 0 0 537133056 33570816 0 0 2315255808 2392106 32804 0 134217728 16 545259520 32 0 2147483648 0 2097152 0 1 0 2 536870912 33562632 1074856192 512 0 4 0 2147516544 1024 134218752 0 1048576 2147483904 8 589830 0 2097184 270336 8192 4 0 0 0 0 8388608 0 0 0 0 0 0 0 134217728 0 0 17825792 0 16384 0 268959744 2147483648 0 0 0 0 0 0 0 0 0 0 0 0 0 16384 285212672 2097152 1073741824 1 0 0 128 0 0 0 524288 0 0 1073741824 0 0 0 0 128 0 0 4194304 0 0 0 33816592 0 0 8388608 0 0 1073741824 262144 0 0 134217728 0 16777216 0 0 0 8388608 0 0 0 0 4096 0 0 268435456 0 512 0 1048576 0 8388608 32770 1033 0 16 262144 4194304 637534208 0 16384 8388608 4194809 65584 0 0 4 545259520 128 0 0 1048576 16 32768 0 1024 64 0 0 6291552 0 0 25169936 33554448 263184 8 33619978 0 67108864 536871440 536870912 131200 0 0 536870912 2097156 65536 319291392 41943044 67108864 4194304 0 0 262144 16384 0 1077944320 2097152 1216348161 17891392 0 0 0 0 8192 32 0 2281701376 32768 96 289 256 0 0 0 67108864 0 0 0 33554432 0 2 0 0 131072 0 0 0 0 0 0 33554432 0 0 0 2048 64 0 1024 67108864 0 16384 0 0 17825792 0 4 0 0 0 32768 0 0 0 0 524288 2097152 0 0 20480 0 0 1536 0 0 0 0 0 0 8388608 0 0 0 1 0 0 0 0 0 0 0 16 0 0 0 536870916 0 0 0 0 0 64 0 16777216 0 16384 0 0 8388608 262144 1073741824 150994944 0 1073742080 0 0 0 262144 0 536870912 0 0 176160768 5573137 0 0 0 0 0 0 0 0 0 4096 256 0 0 0 524288 0 0 0 0 0 2 0 0 0 0 0 1048576 0 0 0 0 0 0 0 2048 0 0 0 0 1073807360 0 0 0 0 0 0 0 0 0 0 0 0 0 0 0 0 0 0 0 0 0 134217728 0 0 0 0 0 0 0 67108864 0 32768 0 0 0 0 0 67108864 0 0 0 0 0 0 4 0 0 0 256 4096 8388608 16 134217728 0 0 0 0 0 671088640 311554 33024 268435456 2147483648 16777236 0 8192 0 262144 262152 0 67141761 2149580800 2189426688 131088 0 0 0 0 0 0 0 0 0 536870912 0 0 65536 0 0 0 16 0 0 0 0 0 0 0 536870912 0 0 0 0 1073741824 2048 0 4 0 0 0 0 0 0 0 0 0 0 0 0 0 0 16 0 0 0 0 0 268435456 0 32 0 2147483648 1024 16777216 0 8192 4 0 0 0 0 67108864 0 0 1 32768 0 0 512 0 0 0 0 0 0 0 4 0 0 0 0 0 0 2097152 0 0 0 0 524288 0 0 0 0 0 0 0 0 0 0 17301504 0 0 0 0 0 0 0 0 0 0 0 0 0 0 0 0 0 268435456 0 0 0 0 131072 0 0 0 0 269484032 0 0 0 0 0 0 512 1024 0 268435584 0 0 0 0 1088 0 0 0 0 0 0 16384 0 67108864 134217728 0 0 0 0 0 0 0 0 0 0 0 0 4096 0 4 67108864 0 0 4096 0 2097152 0 1073741824 0 0 0 0 0 256 0 0 8388608 0 0 32768 8388609 524288 0 0 0 2147483664 0 0 0 0 0 0 1 134217728 0 0 32768 16 2 0 0 0 0 0 0 131072 0 0 0 1073742080 0 0 0 0 2056 0 0 0 0 65536 512 0 0 0 1088 0 0 0 0 0 0 0 0 0 0 0 0 0 0 0 0 0 0 0 1024 0 0 8320 32768 2048 0 0 17039360 0 0 0 0 1 0 8388614 1073774594 1024 0 0 1 0 33554432 0 2097152 1073741824 655394 32 0 0 0 0 32 0 2147483648
is_linear=0
shrinkage=0.1


Tree=99
num_leaves=31
num_cat=23
split_feature=3 13 3 3 13 3 3 14 13 30 8 3 13 13 3 13 13 3 3 23 3 25 3 5 5 3 27 29 16 9
split_gain=25.3497 22.2743 22.5876 14.3304 11.5912 17.8347 12.9746 12.6149 10.065 12.4077 9.38482 29.3273 27.073 14.8052 20.1982 14.4923 10.3266 27.5372 12.1916 10.8664 13.4294 14.6471 9.53788 14.7061 14.1871 41.7797 33.1197 17.7378 11.2525 13.9361
threshold=0 1 2 3 4 5 6 2.5000000000000004 7 29.500000000000004 8 9 10 11 12 13 14 15 16 11.500000000000002 17 5.5000000000000009 18 19 20 21 0.030152516439557079 3592.5000000000005 8.5000000000000018 22
decision_type=9 9 9 9 9 9 9 2 9 2 9 9 9 9 9 9 9 9 9 2 9 2 9 9 9 9 2 2 2 9
left_child=8 2 -2 -3 5 -5 -6 -7 9 -1 11 15 -13 14 -12 -8 17 -15 -18 22 -21 -22 23 28 25 -24 -27 -28 29 -20
right_child=1 3 -4 4 6 7 10 -9 -10 -11 13 12 -14 16 -16 -17 18 -19 19 20 21 -23 24 -25 -26 26 27 -29 -30 -31
leaf_value=0.18827592362269463 0.025085762837460002 0.021580871650313121 -0.057823432840610346 -0.030127223437903708 -0.019878276406507564 -0.024469579472840015 -0.043427958224096959 0.05556229632675961 -0.045880345252477389 -0.054077682190915161 0.030806505914900001 0.045149189536893092 -0.028597656635192634 -0.029900761667502503 -0.044079091893789252 0.036116807422852983 -0.020829818995659517 0.048538326722355744 0.042604027974860563 0.016846182605514789 -0.0698992060722817 -0.013942992423561847 -0.063540048797282311 -0.049933587337826352 0.0013747038072640409 -0.0026082496263260448 0.038494497367446819 0.20441107408985762 0.019080830619141318 -0.012904833209954706
leaf_weight=5.2440100797684845 41.761039987322874 334.34276815061457 114.10638519644272 40.227592947718222 292.25857574530528 23.304010236810427 19.460729003418237 127.17582311911974 144.79282364505343 3.5375068704597652 41.814027739106677 47.33000701724086 493.62399381189607 58.946052044630051 139.01070211286424 151.21230586897582 227.00421178387478 134.63446917152032 44.755308810970746 89.335319782316219 63.041099438909441 181.35014296608279 19.796973969787359 28.952289875713177 11975.84355636916 19.080141827405896 8.6499458686448616 25.260357205988839 842.40773528662976 252.51816009916365
leaf_count=218 885 9605 4026 1710 10360 459 353 2542 7447 76 896 887 11862 1133 2833 2453 5335 2608 778 4521 9097 5992 278 608 200392 726 123 304 19091 5776
internal_value=0.000615566 0.00101906 -0.0354367 0.00140378 0.000950439 0.0248258 0.000633851 0.0404782 -0.0385508 0.0423832 0.00105026 -0.0100759 -0.0214429 0.00161643 -0.0260556 0.0251452 0.00199295 0.0243578 0.00166129 0.00205314 -0.0157664 -0.0272615 0.00250462 0.0110924 0.00166108 0.042922 0.0864688 0.162089 0.0130635 -0.00354877
internal_weight=15990.8 15837.2 155.867 15681.3 15347 190.707 15156.3 150.48 153.574 8.78152 14864 711.627 540.954 14152.4 180.825 170.673 13971.6 193.581 13778 13551 333.727 244.391 13217.3 1168.63 12048.6 72.7874 52.9904 33.9103 1139.68 297.273
internal_count=313374 305633 4911 300722 291117 4711 286406 3001 7741 294 276046 15555 12749 260491 3729 2806 256762 3741 253021 247686 19610 15089 228076 26253 201823 1431 1153 427 25645 6554
cat_boundaries=0 24 106 128 151 238 261 285 375 376 398 489 580 603 693 779 802 826 850 874 875 876 897 898
cat_threshold=0 134218304 128 0 0 1073938432 1073758208 0 1048576 2289049600 524552 0 4 16777216 0 0 0 8192 131072 0 64 73856 268697728 4096 0 0 0 16777216 134217728 0 0 0 0 0 0 32768 0 0 536870912 0 0 0 0 16 0 0 0 0 67108864 0 0 0 0 0 0 0 0 17825792 0 0 128 0 0 0 0 0 0 1073742080 0 8388608 0 256 0 4194304 536870912 0 16777216 128 0 2 0 262144 0 268435488 0 2097152 4 0 0 4096 0 0 0 2056 0 0 16777216 0 512 0 0 134217728 0 0 0 528384 537395200 268435458 8388866 1 0 8 4460544 262144 33570816 0 0 2348810240 2822224 64 0 0 65536 262144 2080 0 0 131072 69206016 269484048 0 12288 536870912 16 0 536870912 524288 67174400 65536 0 65536 8421378 0 1048576 2151678464 33554432 265 4194304 1024 134479872 65568 0 2048 0 0 8388608 0 0 0 64 0 130 0 0 0 0 524352 0 16384 0 0 0 0 0 0 0 0 0 1049600 134217728 0 32772 0 0 32768 0 0 0 0 131072 0 8388608 2048 0 268435456 32768 536870912 0 0 2048 0 0 0 1048576 0 0 536870912 8 73728 0 0 0 0 18 0 0 0 0 0 16777216 0 0 0 0 0 0 0 0 0 0 0 2112 0 0 0 0 0 16777216 134217728 8388608 8421378 8 0 16777224 10747904 4194304 335544320 2 8192 813694976 2097408 134217744 0 16777216 0 0 0 0 0 2148532224 12288 524288 33555456 65536 0 0 0 644 0 0 537399808 393236 0 1074003968 33554496 0 67108864 32 262144 2147483648 16777216 0 0 4718596 196608 0 0 0 0 0 0 0 0 0 0 0 32 0 0 0 0 0 0 0 0 0 0 0 0 536870912 0 0 0 0 1073741824 0 0 0 0 0 0 0 0 0 0 0 0 0 1048576 0 0 0 256 0 0 0 0 16777216 0 0 256 0 0 0 0 0 0 0 0 0 0 0 0 0 8 0 0 0 0 0 0 0 0 256 0 0 0 4 0 0 0 0 4096 0 1024 16 285212672 256 258 2305 0 8 0 8448 67125248 0 49152 134217728 4112 16 0 16777216 0 36864 1024 0 0 2147485696 0 0 0 1024 16 0 16 8 0 32 0 0 0 0 4194304 0 16 0 0 512 0 0 0 0 0 64 0 0 0 0 0 0 0 0 0 0 0 0 0 0 4194368 4 512 262144 0 4 0 0 0 128 0 134217728 0 0 16384 0 0 0 0 16785408 0 0 0 0 0 16384 0 0 64 0 0 0 0 67108864 0 0 0 0 256 0 32 0 0 0 0 0 0 0 65536 2097152 64 0 0 0 6 262160 0 0 8388608 0 65536 0 0 0 524288 0 0 0 0 262144 0 0 0 0 0 2048 64 0 0 2048 1073741824 0 0 524288 0 0 33554436 0 1074003968 0 0 0 536870912 1048576 262144 0 0 0 0 0 524416 0 0 0 0 0 0 0 0 0 64 32768 0 0 0 0 0 0 0 0 0 16 0 524288 0 536870912 0 0 0 256 0 1048576 0 0 0 0 0 512 0 0 2097152 64 2164260864 0 8388864 0 0 8 10485760 4194304 536870912 0 0 1476395008 524816 65552 0 0 0 0 67110912 32 0 0 536870912 0 0 0 0 524288 0 0 0 0 0 0 0 0 0 0 0 0 0 0 2147483648 0 0 0 0 0 64 0 0 0 1073741824 2048 0 0 0 0 0 0 0 0 0 0 0 0 0 0 0 0 16 0 0 0 0 0 0 16384 0 0 0 0 0 0 0 0 0 0 16386 0 0 33554432 0 0 32768 0 0 0 0 0 0 256 0 0 0 0 0 0 0 0 0 0 1073741824 0 0 0 0 0 512 0 0 8388608 8192 32768 0 0 0 0 16777216 4 0 0 0 33554432 0 0 0 0 0 0 2097152 8 2048 133120 0 0 2097152 8 512 0 0 0 0 0 0 1 34603008 0 0 4096 0 0 0 0 0 0 16 0 0 4 0 16384 2097152 33816576 0 0 0 0 0 65536 0 0 0 0 0 0 0 4 0 8388608 0 0 0 0 0 16 0 0 32768 268435456 4 32768 0 0 8 0 0 33554432 0 8192 880803840 3805699 48 0 0 0 8388608 0 1048576 2216689792 2048 64 16777280 0 1024 0 0 806354944 1 134225920 393216 0 32768 134251520 16777216 8 0 32768 320 0 17891328 0 1082130433 0 536870976 16777216 33554432 2 75497472 0 0 8 2097152 4194304 16384 0 2097152 3263168512 2116672 65536 0 0 0 0 0 0 2147483648 0 0 33 0 1073741825 0 16 0 16777216 8519696 16793600 536870912 278656 8192 570425344 257 134217748 0 134217728 16 4341760 0 2 32896 2048 0 544 40 386 2147483648 0 0 2048 0 0 0 0 0 0 0 128 9437248 65568 0 0 0 0 16 0 2147483648 1166
is_linear=0
shrinkage=0.1


Tree=100
num_leaves=31
num_cat=19
split_feature=3 13 3 17 28 13 3 3 3 13 24 13 3 27 25 12 13 3 16 16 3 26 13 28 28 3 13 13 28 3
split_gain=23.4384 15.9362 12.9021 17.7879 17.3634 13.7054 21.874 11.2104 11.0757 18.5673 15.2053 11.842 13.0909 9.91131 9.85395 9.67592 8.87761 20.6469 13.6076 9.74352 8.15635 13.1272 7.60909 7.96357 10.639 7.48545 10.0555 9.51391 7.99568 24.6787
threshold=0 1 2 59.850000381469734 0.093866877257823958 3 4 5 6 7 6.5000000000000009 8 9 0.022227968089282516 2.5000000000000004 10 11 12 13.500000000000002 5.5000000000000009 13 14.500000000000002 14 0.15424931049346927 0.042329246178269393 15 16 17 0.026359487324953083 18
decision_type=9 9 9 10 2 9 9 9 9 9 2 9 9 2 2 9 9 9 2 2 9 2 9 2 2 9 9 9 2 9
left_child=-1 7 3 14 -5 6 -4 -2 9 13 15 12 -10 -7 22 -11 17 -13 19 -19 21 -16 23 24 -3 26 -18 -27 29 -29
right_child=1 2 5 4 -6 8 -8 -9 11 10 -12 16 -14 -15 20 -17 25 18 -20 -21 -22 -23 -24 -25 -26 27 -28 28 -30 -31
leaf_value=-0.029823407762159318 0.015202129359285624 0.075377457856443356 -0.025494866881509422 0.20948572929809767 -0.011735807396363339 -0.025133328909725663 0.057658465225009392 -0.048461796611161304 0.036780677163923019 -0.047046020121595866 0.18039029829594322 -0.038952541055580658 -0.036402619203729746 0.11676337392256929 -0.0050724570388287413 -0.012122861216267586 0.04104558427906263 0.068287886856116975 0.096035879009979383 -0.033280372758231418 -0.036477530795439458 0.14781871861808168 0.015609598297230173 0.0048355878904716666 0.23532510366110793 -0.033947420391163573 -0.023675825749187231 -0.038291902794917371 0.00058225151954122384 0.014531850356165485
leaf_weight=247.49415111204144 36.129968182183802 13.35047910502181 42.419969600625336 9.3080178631935251 5.7333831796422592 6.6343214516527977 90.651449155004229 102.65494509559358 22.417763882433064 93.211341573158279 3.8534431736916295 27.575811741640791 144.38682945928304 19.077753778663464 26.038850183074828 472.0413539262081 18.692265207937453 17.850852285861038 44.604859697981738 20.05739337252453 52.307111905072816 7.1598906186409286 294.38145236670971 7.6715871552005401 6.03996473038569 67.192550501902588 208.57441135932459 88.355096681771101 12821.392466040386 938.23663260196918
leaf_count=11520 550 510 633 243 45 357 1971 2242 502 3367 28 512 4171 362 908 14700 414 238 675 346 2077 128 7872 69 89 1035 7130 6008 183471 61095
internal_value=0.000102964 0.00059309 0.000903792 0.0179451 0.125162 0.000417507 0.0312219 -0.0319803 0.000123885 -0.0131336 -0.0172754 0.000679498 -0.0250431 0.0577071 0.0144232 -0.0189285 0.000997891 0.0280748 0.0522644 0.0145477 -0.0157477 0.0214424 0.0224489 0.0665041 0.1252 0.000767428 -0.016847 0.001067 0.00126127 0.00975405
internal_weight=15955.5 15708 15569.2 421.991 15.0414 15147.2 133.071 138.785 15014.2 594.818 569.106 14419.3 166.805 25.7121 406.949 565.253 14252.5 110.089 82.5131 37.9082 85.5059 33.1987 321.443 27.062 19.3904 14142.4 227.267 13915.2 13848 1026.59
internal_count=313268 301748 298956 11941 288 287015 2604 2792 284411 18814 18095 265597 4673 719 11653 18067 260924 1771 1259 584 3113 1036 8540 668 599 259153 7544 251609 250574 67103
cat_boundaries=0 24 114 138 229 250 274 298 387 475 498 499 590 613 637 727 751 840 930 954
cat_threshold=570425344 0 0 2097152 16384 16842754 65536 1 0 1208221720 131080 32768 8 32768 0 2 0 4096 1024 1048608 0 1090523136 17375232 4096 0 0 0 0 0 0 0 0 0 16777217 2 32768 0 2 0 0 0 0 0 0 0 67108864 0 0 67108864 0 0 0 0 2048 40960 0 0 1024 0 0 0 268435456 0 0 0 0 0 0 0 0 16777216 0 0 589824 0 512 0 0 0 0 0 128 1024 0 0 0 0 32776 8193 0 0 0 33554432 0 0 0 0 0 0 0 0 2097152 0 0 0 524352 16777216 0 0 0 32768 512 0 1032 2147483776 0 0 0 0 268435456 14680065 16777216 786432 8388609 32768 2147483648 16777220 8 0 40960 260 0 67108872 0 403701760 0 134221824 32802 0 0 0 0 0 0 0 0 8 67108864 0 0 0 0 545259520 0 4 0 0 0 0 0 0 0 0 0 0 0 1048576 0 131072 0 0 0 0 0 4 0 0 33718272 0 536870916 0 256 0 262144 0 1 4104 0 0 134217728 0 0 0 0 0 0 0 4 128 0 0 0 0 0 0 0 0 0 131072 0 0 0 4194304 64 0 0 0 65536 0 0 0 0 0 0 0 0 262144 1073741824 18 134217728 75497473 8388864 0 0 0 0 0 100663296 0 2105344 301989889 65795 0 0 0 0 8388608 0 0 128 285212672 67108864 1082130432 1024 0 8 0 4456448 33554432 0 0 33554432 1967360 65536 0 1048576 0 0 0 0 0 0 4096 1 0 268436480 1073807360 1024 16 2098176 10248 138420736 269615104 2 0 536870912 0 33554432 0 1 1536 1074003968 0 0 131072 524288 18464 16384 0 0 0 0 524352 0 0 0 8388672 536870912 67108864 0 0 0 0 524288 0 128 0 512 0 2048 0 0 536870912 0 0 134218752 0 0 0 0 0 2097152 0 0 0 0 536870912 0 0 0 0 0 0 0 0 256 0 0 0 0 0 268435456 0 256 0 0 64 0 0 0 0 0 0 0 0 0 0 2048 0 32768 0 0 4 0 0 0 0 8 16777216 4096 0 0 67108864 0 262144 8192 1048576 0 0 8388608 1024 0 0 0 268435456 0 0 67108864 0 0 0 0 524288 8 0 0 0 0 0 2147483648 0 536872960 16384 0 0 0 256 4194304 0 0 0 0 0 0 0 0 0 10485760 0 0 1048576 0 2097152 0 0 0 0 524288 0 0 0 0 288 0 262144 0 0 16 0 4 0 0 0 0 0 0 128 0 0 0 524288 8196 0 0 1024 0 0 0 4096 0 0 0 0 262144 12288 25165824 0 0 0 0 131072 0 262144 0 0 0 1207959553 5376 134283300 0 0 0 8388608 0 0 2147483776 0 144 43331840 0 0 0 16777218 0 1024 0 264 0 0 2160066560 0 0 32768 1 0 1048592 0 0 0 0 0 0 4 0 0 65536 0 0 16 0 0 0 0 0 0 0 0 524288 0 4194304 0 0 268435456 0 0 0 0 16384 4194304 134234112 524288 0 65536 0 0 8 0 0 0 0 32768 262144 0 0 0 0 262144 0 0 65536 0 0 0 0 0 0 0 0 0 0 0 0 0 0 0 0 33554432 0 0 64 143130624 0 0 8192 0 0 0 0 100663296 0 0 109051904 1074 36 0 0 0 0 0 0 2147483648 0 4 128 0 0 0 0 0 1 0 262144 8388609 0 2147483648 0 8 0 32768 4 0 0 0 134217728 0 0 32770 0 0 0 0 0 0 0 0 0 536870912 0 0 65536 0 0 524288 0 0 0 0 0 0 0 0 0 64 0 0 0 1073741824 0 0 0 0 0 0 0 0 0 0 8388608 0 0 0 0 0 0 0 0 0 0 0 0 0 0 32 0 0 0 0 0 0 0 0 0 2 0 0 0 0 1 0 0 0 0 0 0 0 0 0 0 4096 0 0 67108864 0 0 4096 0 1073741824 0 0 147520 32 34816 2152726528 518 100665600 0 64 65536 16 100663296 65664 0 0 2147483648 32768 131072 0 0 4196384 16 2048 0 0 0 0 0 0 0 0 0 536870912 0 0 0 0 8 0 0 0 0 0 0 0 0 0 0 0 0 0 0 0 2048 0 0 2097152 0 0 0 0 0 0 0 0 0 0 32768 0 4096 256 0 0 0 0 0 268435456 16384 0 0 0 0 0 0 0 0 0 0 0 0 0 0 0 0 0 0 0 0 0 0 0 1792 0 0 0 4 0 0 0 0 0 1048576 0 0 8 2147483648 262144 0 0 8388608 0 8192 2097152 0 0 0 64 0 0 0 0 0 0 0 0 0 0 0 0 32 0 0 16384 0 0 2097152 16384 2147483652 2097152 262144 0 512 524288 0 0 0 524288 0 0 131072 0 0 0 268435456 0 1073741826 0 0 0 524288 0 64 0 0 0 0 0 0 0 0 0 0 0 0 0 0 0 0 8388608 0 0 8 0 0 0 2304 0 4194304 4194304 0 0 512 8388608 3146241 67108872 196864 0 0 16777360 268435456 0 33693696 16 1073741824 131329 4096 4 0 0 65536 2 16 0 33554432 37748736 1024
is_linear=0
shrinkage=0.1


Tree=101
num_leaves=31
num_cat=6
split_feature=13 13 15 13 30 30 18 13 30 30 16 14 13 13 15 30 14 14 16 30 15 30 29 28 18 16 14 16 18 30
split_gain=22.3516 12.3724 8.97112 28.9596 22.9475 234.902 45.5644 20.2199 15.8337 19.1739 41.9249 40.8008 17.3957 15.16 13.7989 33.8449 78.846 51.4998 31.5048 13.586 232.894 31.5793 23.7685 17.3528 16.035 15.2817 16.3032 14.8708 30.9933 13.0902
threshold=0 1 3.5000000000000004 2 28.500000000000004 31.500000000000004 0.066163793206214919 3 26.500000000000004 25.500000000000004 19.500000000000004 2.5000000000000004 4 5 4.5000000000000009 23.500000000000004 2.5000000000000004 9.5000000000000018 14.500000000000002 33.500000000000007 4.5000000000000009 35.500000000000007 4374.5000000000009 0.27646522223949438 0.46715332567691809 3.5000000000000004 10.500000000000002 2.5000000000000004 0.20801467448472979 30.500000000000004
decision_type=9 9 2 9 2 2 2 9 2 2 2 2 9 9 2 2 2 2 2 2 2 2 2 2 2 2 2 2 2 2
left_child=-1 -2 7 -4 8 6 -6 -3 9 12 11 -11 -5 -9 -14 -16 -17 18 -18 20 -7 23 25 27 -22 -23 -27 28 -21 -8
right_child=1 2 3 4 5 19 29 13 -10 10 -12 -13 14 -15 15 16 17 -19 -20 21 24 22 -24 -25 -26 26 -28 -29 -30 -31
leaf_value=-0.037452204883544934 0.031354111067844713 -0.039243691117122233 0.052392192688002319 -0.030760593878674289 0.30297557171038081 0.30667311024427019 0.07004549645002936 0.03209046534640294 -0.051191619938423805 0.019410689448341095 -0.015062125454361803 0.25120205238876753 -0.011902187784646093 0.0013941963329946244 -0.0033501862633919092 -0.040573406726651523 0.14712612740858452 0.059722436656861222 0.38452797966663366 -0.028222692249014022 -0.019424778090517562 0.10537227356659569 0.11564785193729643 -0.095662847950188451 -0.16879704065159751 -0.013468085576674858 0.098234054719171265 -0.036015519315743275 0.19937389190247523 0.1556958429100597
leaf_weight=149.73947063361993 115.99620835797396 111.08473274146672 79.792531238286756 313.1510204168153 17.631754500267562 23.877526383614168 27.882875211536884 153.36142832180485 84.935616090311669 15.434656694065781 50.762247616657987 14.949369480134918 1814.0810838105099 10949.311912867794 1166.1301326148096 48.801602288556751 13.06358783610631 39.12366902618669 9.7710094720823673 19.84966708056163 173.30476214108057 13.213425946421919 19.828761677257717 44.146716937422752 7.4976071268320075 186.73443148331717 14.049253778532146 246.62728471989976 8.5649510174989718 49.560404475778341
leaf_count=3029 2488 2585 1759 6165 186 157 154 3171 938 155 465 86 34149 226697 18839 491 157 574 103 379 2899 136 182 213 35 1587 116 4805 36 236
internal_value=-0.000232994 0.00014258 -0.000107568 -0.00387798 -0.00500027 0.00972651 0.15789 0.00140631 -0.00853188 -0.00749226 0.040548 0.133455 -0.00863743 0.0018467 -0.00627628 0.00166732 0.0544939 0.129374 0.248711 -0.00886497 0.0131455 -0.0170114 0.0109083 -0.0374643 -0.025619 0.00120323 -0.00565205 -0.028123 0.0403812 0.124858
internal_weight=15982.3 15832.5 15716.5 4502.77 4422.97 852.769 95.075 11213.8 3570.2 3485.27 81.1463 30.384 3404.12 11102.7 3090.97 1276.89 110.76 61.9583 22.8346 757.694 204.68 553.014 233.826 319.189 180.802 213.997 200.784 275.042 28.4146 77.4433
internal_count=312972 309943 307455 75002 73243 11121 576 232453 62122 61184 706 241 60478 229868 54313 20164 1325 834 260 10545 3091 7454 2021 5433 2934 1839 1703 5220 415 390
cat_boundaries=0 91 182 272 361 451 541
cat_threshold=0 0 0 0 0 0 0 0 512 36 0 0 0 524288 1 524288 0 67108864 0 2147484160 33554432 67108864 0 0 16 0 0 0 0 0 139264 0 2048 0 0 0 0 0 0 0 0 0 0 0 0 0 0 0 0 0 0 150996000 1048576 0 0 0 0 0 0 32 128 0 0 0 8193 0 16777216 0 0 0 0 0 8 0 0 0 4 1024 1024 0 0 0 0 0 0 0 0 0 0 8 16 0 0 0 524288 2097152 0 8 0 0 16777216 2097152 0 134217728 0 0 0 0 0 512 0 0 0 0 0 1048576 0 0 0 0 0 524292 0 0 1024 0 16777216 0 0 67108864 0 0 4 0 0 8388608 0 0 0 0 128 0 0 0 268435456 0 256 0 2147483648 0 0 0 0 0 0 0 0 0 0 16777216 0 65536 0 0 0 4194304 0 0 0 512 0 0 12288 0 0 0 0 512 33554432 0 0 512 0 0 0 0 64 0 0 0 0 8192 2147483648 0 0 0 0 0 4 0 0 0 8192 0 0 0 536870912 0 0 0 1048576 2048 2048 0 0 512 0 0 0 16777216 0 0 2097152 0 0 0 0 0 0 0 0 0 0 0 0 128 0 0 0 0 0 0 0 32768 0 8 0 0 1 0 0 0 0 0 16785408 0 0 0 0 0 32 65536 16783424 32 524288 0 0 0 0 8192 1310720 1024 0 2048 0 0 64 0 0 0 8404992 8192 0 0 128 0 0 0 0 128 0 0 8192 0 0 0 0 0 0 1024 1048576 0 49152 0 0 0 0 0 0 16777216 0 0 0 0 0 0 0 0 0 1 0 0 16416 0 0 128 2097152 2 0 0 0 0 0 0 4 0 0 0 0 0 0 0 0 0 0 4194304 0 64 0 0 32 65536 16783360 32 0 0 0 0 0 40960 262144 0 0 0 0 0 2097152 0 0 0 536870912 0 0 65536 0 8 0 0 0 0 0 0 0 0 0 0 64 0 0 0 1073741824 0 16 4 0 0 0 0 0 2 0 0 0 0 262144 32768 1048576 4096 268435472 0 0 0 0 0 0 0 0 0 0 0 8192 0 0 0 0 0 16384 0 0 0 0 0 32768 0 0 1073741824 0 8388608 0 0 0 0 0 4 0 335577088 0 0 0 0 1073741824 0 0 0 0 32768 131072 0 0 64 131072 0 0 0 0 0 64 0 0 0 16384 0 0 0 0 0 0 0 0 0 1073807376 0 0 0 0 0 4194304 0 0 2 32768 0 536870912 1 0 0 262144 0 0 2048 0 0 0 0 0 0 0 0 0 268436480 0 50331648 0 0 536870912 0 16384 0 0 33554432 0 0 0 0 0 1610620928 0 8388608 262144 0 0 0 128 0 0 268468224 0 0 0 0 1073741824
is_linear=0
shrinkage=0.1


end of trees

feature_importances:
OrgaoDestinatario=830
Municipio_sol=483
prazo_dias=387
n_pedidos_previos_neste_orgao=133
reg_dow=125
dias_desde_primeiro_pedido_do_orgao=107
prev_reenc_neste_orgao=105
reg_month=104
orgao_rate=104
prev_reenc_rate_solicitante=88
reg_day=77
orgao_rate_movel_90d=75
orgao_rate_movel_365d=74
n_pedidos_previos=72
dias_desde_ultimo_pedido=53
n_orgaos_distintos_previos=47
idade=35
prev_reenc_solicitante=24
Profissao=22
UF=20
Municipio=19
OrigemSolicitacao=18
UF_sol=16
Escolaridade=12
TipoDemandante=10
Genero=6
FormaResposta=5
TipoPessoaJuridica=5
Pais=3
uf_match=1

parameters:
[boosting: gbdt]
[objective: binary]
[metric: average_precision]
[tree_learner: serial]
[device_type: cpu]
[data_sample_strategy: bagging]
[data: ]
[valid: ]
[num_iterations: 600]
[learning_rate: 0.1]
[num_leaves: 31]
[num_threads: 6]
[seed: 42]
[deterministic: 0]
[force_col_wise: 0]
[force_row_wise: 0]
[histogram_pool_size: -1]
[max_depth: -1]
[min_data_in_leaf: 100]
[min_sum_hessian_in_leaf: 0.001]
[bagging_fraction: 0.8]
[pos_bagging_fraction: 1]
[neg_bagging_fraction: 1]
[bagging_freq: 1]
[bagging_seed: 400]
[bagging_by_query: 0]
[feature_fraction: 0.8]
[feature_fraction_bynode: 1]
[feature_fraction_seed: 30056]
[extra_trees: 0]
[extra_seed: 12879]
[early_stopping_round: 0]
[early_stopping_min_delta: 0]
[first_metric_only: 0]
[max_delta_step: 0]
[lambda_l1: 0]
[lambda_l2: 0]
[linear_lambda: 0]
[min_gain_to_split: 0]
[drop_rate: 0.1]
[max_drop: 50]
[skip_drop: 0.5]
[xgboost_dart_mode: 0]
[uniform_drop: 0]
[drop_seed: 17869]
[top_rate: 0.2]
[other_rate: 0.1]
[min_data_per_group: 100]
[max_cat_threshold: 32]
[cat_l2: 10]
[cat_smooth: 10]
[max_cat_to_onehot: 4]
[top_k: 20]
[monotone_constraints: ]
[monotone_constraints_method: basic]
[monotone_penalty: 0]
[feature_contri: ]
[forcedsplits_filename: ]
[refit_decay_rate: 0.9]
[cegb_tradeoff: 1]
[cegb_penalty_split: 0]
[cegb_penalty_feature_lazy: ]
[cegb_penalty_feature_coupled: ]
[path_smooth: 0]
[interaction_constraints: ]
[verbosity: -1]
[saved_feature_importance_type: 0]
[use_quantized_grad: 0]
[num_grad_quant_bins: 4]
[quant_train_renew_leaf: 0]
[stochastic_rounding: 1]
[linear_tree: 0]
[max_bin: 63]
[max_bin_by_feature: ]
[min_data_in_bin: 3]
[bin_construct_sample_cnt: 200000]
[data_random_seed: 175]
[is_enable_sparse: 1]
[enable_bundle: 1]
[use_missing: 1]
[zero_as_missing: 0]
[feature_pre_filter: 1]
[pre_partition: 0]
[two_round: 0]
[header: 0]
[label_column: ]
[weight_column: ]
[group_column: ]
[ignore_column: ]
[categorical_feature: 0,1,2,3,4,5,6,7,8,9,10,11,12,13]
[forcedbins_filename: ]
[precise_float_parser: 0]
[parser_config_file: ]
[objective_seed: 16083]
[num_class: 1]
[is_unbalance: 0]
[scale_pos_weight: 1]
[sigmoid: 1]
[boost_from_average: 1]
[reg_sqrt: 0]
[alpha: 0.9]
[fair_c: 1]
[poisson_max_delta_step: 0.7]
[tweedie_variance_power: 1.5]
[lambdarank_truncation_level: 30]
[lambdarank_norm: 1]
[label_gain: ]
[lambdarank_position_bias_regularization: 0]
[eval_at: ]
[multi_error_top_k: 1]
[auc_mu_weights: ]
[num_machines: 1]
[local_listen_port: 12400]
[time_out: 120]
[machine_list_filename: ]
[machines: ]
[gpu_platform_id: -1]
[gpu_device_id: -1]
[gpu_device_id_list: ]
[gpu_use_dp: 0]
[num_gpu: 1]

end of parameters

pandas_categorical:[]
