tree
version=v4
num_class=1
num_tree_per_iteration=1
label_index=0
max_feature_idx=21
objective=binary sigmoid:1
feature_names=Esfera UF Municipio OrgaoDestinatario FormaResposta OrigemSolicitacao reg_month reg_dow reg_day idade orgao_rate n_pedidos_previos prev_reenc_solicitante prev_reenc_rate_solicitante n_pedidos_previos_neste_orgao prev_reenc_neste_orgao n_orgaos_distintos_previos dias_desde_ultimo_pedido prev_reenc_rate_neste_orgao orgao_rate_movel_90d orgao_rate_movel_365d dias_desde_primeiro_pedido_do_orgao
feature_infos=-1:1:3:0:4 -1:26:25:3:17:23:11:22:18:14:4:6:19:20:12:21:7:15:13:0:10:1:5:16:24:2:9:8 -1:232:191:339:63:40:118:132:49:214:175:267:66:361:59:319:357:315:89:266:277:22:3:81:60:96:37:10:218:345:28:269:215:55:342:220:181:71:280:296:238:160:76:113:276:347:363:293:295:185:326:15:67:86:161:32:233:309:331:239:329:58:20:91:222:110:123:311:152:169:56:327:11:16:278:129:174:122:170:130:136:173:333:102:134:338:354:367:304:125:140:166:288:105:229:243:268:334:30:61:121:142:157:224:236:351:5:13:24:39:126:133:177:201:337:36:38:128:167:207:216:235:310:346:251:322:325:43:51:68:127:162:172:194:206:273:302:352:77:104:210:275:289:291:23:26:27:48:98:168:283:350:50:99:153:204:225:241:247:253:254:340:365:7:52:74:78:79:234:237:324:2:21:108:137:188:197:257:260:366:18:34:65:87:111:150:179:213:230:242:270:274:294:305:318:330:355:358:12:29:57:69:72:73:83:146:148:154:165:180:184:187:192:198:202:203:208:228:258:262:292:312:353:362:364:17:46:47:53:62:64:85:92:97:116:124:131:141:147:149:163:182:183:193 -1:340:34:333:401:418:386:27:441:419:54:78:387:383:162:245:280:71:86:281:93:332:403:390:400:373:577:382:212:241:31:57:284:430:105:33:375:393:29:380:19:735:392:59:350:95:23:32:64:28:378:25:377:141:295:385:269:388:117:402:720:335:711:687:381:405:209:376:24:439:697:442:156:686:672:338:712:98:399:412:703:727:677:694:666:683:719:237:710:721:739:705:702:732:103:690:394:53:220:684:308:695:391:503:748:713:700:744:214:397:725:704:722:693:729:398:26:730:734:379:701:717:297:731:319:404:681:737:302:707:708:70:682:733:736:309:313:742:747:106:728:236:300:310:448:213:709:294:552:30:723:307:355:692:251:58:715:718:688:726:252:745:317:357:696:738:396:296:301:288:347:510:61:743:576:691:698:685:318:741:303:570:334:292:563:89:689:740:171:714:218:572:699:652:312:232:311:724:193:287:389:96:554:579:289:191:298:571:273:291:52:304:316:172:107:55:74:429:314:142:416:108:640:706:79:299:203:306:163:305:569:176:293:178:324:211:512:555:673:553:496:509:80:97:290:322:511:38:206:327:323:321:320:275:6:75:175:160:384:315:406:21:184:207:609:202:272:408:645:651:185:283:678:539:17:491:582:575:100:655:56:208:174:424:60:199:205:650:183:513:591:51:196:200:243:662:11:99:190:194:529:159:427:598:188:500:608:197:247:407:716:181:223:656:182:331:360:516:533:641:282:221:249:627:192:195:417:661:187:478:201:219:250:274:605:679:204:426:234:329:752:131:186:363:583:112:215:547:573:81:594:754:210:623:101:198:248:489:590:40:76:189:592:654:73:77:111:177:415:482:517:518:543:246:515:411:525:180:437:474:530:161:574:646:336:425:562:169:231:471:524:65:179:216:635:746:642:658:91:438:502:170:514:519:537:580:87:436:504:617:138:423:432:453:588:365:600:624:15:337:339:589:634:667:41:42:603:610:62:271:413:420:421:556:557:625:751:7:16:343:584:614:477:69:84:409:410:469:647:116:368:596:233:540:559:660:139:476:558:568:601:665:354 -1:3:4:0:2:1 -1:3:1:5:4:7:6:0 [1:12] [0:6] [1:31] [10.300000190734863:103.90000152587891] [0.0045617395080626011:0.52471005916595459] [-1:1925] [-1:186] [-1:1] [-1:1132] [-1:77] [-1:302] [-1:1061] [-1:1] [0.0029041445814073086:0.79571378231048584] [0.0023633518721908331:0.70627325773239136] [0:4613]
tree_sizes=3394 4332 3946 3819 3656 4675 3785 4229 4042 4584 4322 3796 4103 4248 4739 4832 4328 4276 4877 4487 4495 4524 4804 3515 4967 4636 4643 5047 4521 4776 4291 5380 4944 5322 5606 4783 3552 4872 5231 5245 4734 4761 5471 4410 4995 4874 5371 5186 4397 3507 4416 4295 4694 4648 4628 3485 4438 4726 4412 4597 4531 4807 3568 4446 4347 3540 3502 4133 4656 3660 4765 3503 3934 4094 4078 4144 3523 4217 4312 4590 3989 4494 3486 4943 4789 3963 4688 4274 3518 4495 4345 4783 3477 4477 4148 4420 4114 4226 4024 4291 4212 4459 3543 4019 5023 4175 4178 4308 4227 4114 3519 3968 4157 4127 4113 4212 3524 3481 4601 4476 4097 3981 4451 3987 4140 3939 4292 5015 4506 4248 3578 4027 3980 4114 4027 3947 4001 3522 3496 3967 4135 4221 3485 4800 4174 4365 3974 4410 4140 3993 3972 4250 4399 3557 4052 3987

Tree=0
num_leaves=31
num_cat=0
split_feature=10 10 10 21 21 10 10 10 21 20 10 20 14 19 21 14 14 21 21 8 19 10 14 19 8 14 21 10 21 16
split_gain=15864.2 4290.59 2878.75 642.525 540.811 543.955 495.637 451.267 213.979 180.385 178.87 172.252 161.997 150.669 117.722 101.946 99.3538 95.0419 109.432 90.2494 146.939 90.1509 79.0821 76.1288 75.9168 72.1754 69.1096 59.4496 58.1646 57.6143
threshold=0.13585697114467624 0.26858077943325048 0.064110070466995253 4003.5000000000005 4222.5000000000009 0.23047556728124621 0.48488573729991918 0.096029393374919905 3950.5000000000005 0.18592240661382678 0.024770003743469719 0.29067090153694158 1.5000000000000002 0.38165868818759924 3989.5000000000005 23.500000000000004 8.5000000000000018 1597.5000000000002 1301.5000000000002 6.5000000000000009 0.10673831030726434 0.075332164764404311 1.0000000180025095e-35 0.016124478541314605 23.500000000000004 154.50000000000003 3963.5000000000005 0.17451564222574237 684.50000000000011 19.500000000000004
decision_type=2 2 2 2 2 2 2 2 2 2 2 2 2 2 2 2 2 2 2 2 2 2 2 2 2 2 2 2 2 2
left_child=2 4 10 6 5 17 -3 21 -8 19 -1 -6 14 15 26 -5 -12 18 -2 -7 -21 23 27 -4 -15 -24 -9 -19 -14 -26
right_child=1 3 7 13 11 9 8 12 -10 -11 16 -13 28 24 -16 -17 -18 22 -20 20 -22 -23 25 -25 29 -27 -28 -29 -30 -31
leaf_value=-2.5586276470979681 -2.2253974533880232 -1.9096346512923486 -2.2344227167600361 -2.168519174025302 -2.3617177879759312 -1.6384079182112719 -1.4516107136435026 -2.3516266444522196 -1.809416195859689 -2.1242507089173261 -2.5222325317440086 -2.2128375850602997 -2.2889335520760161 -1.9118986770314783 -2.4051715173708121 -1.821470153330226 -2.5594477608331738 -2.2911189130096075 -1.9070325224870748 -1.7310145097345835 -2.1665776334807663 -2.4521848223401861 -2.3759466862286787 -2.4857948237368719 -1.9966560072317268 -2.104709178028541 -2.2078498592988778 -2.2158348367098641 -2.4701577450779739 -2.2993793644625016
leaf_weight=3236.4008724689484 252.20210552215576 140.41757136583328 12.1473491191864 91.466646641492844 664.99505862593651 11.568903923034666 44.540280103683472 364.92661312222481 26.75309032201767 95.154234766960144 4222.288403660059 87.995975464582443 18.727163225412369 74.691735953092575 774.10428375005722 9.3274287879466993 864.1971230506897 298.40541556477547 11.279681324958799 14.38882425427437 16.774910688400269 2319.6375422179699 117.85820871591568 1473.0106920003891 17.208744585514072 10.701236128807066 36.803575605154037 161.74773797392845 326.17078498005867 9.9058739840984327
leaf_count=44760 3488 1942 168 1265 9197 160 616 5047 370 1316 58395 1217 259 1033 10706 129 11952 4127 156 199 232 32081 1630 20372 238 148 509 2237 4511 137
internal_value=-2.46368 -2.21169 -2.50351 -1.92243 -2.28045 -2.23187 -1.80061 -2.4461 -1.58588 -2.0476 -2.54025 -2.34432 -2.40005 -2.04973 -2.38238 -2.1364 -2.52856 -2.26169 -2.21177 -1.87693 -1.96547 -2.4645 -2.28403 -2.48374 -1.96393 -2.35337 -2.33845 -2.26466 -2.46032 -2.10725
internal_weight=15805.8 2157.38 13648.4 414.311 1743.07 990.081 211.711 5325.53 71.2934 137.887 8322.89 752.991 1520.73 202.6 1175.83 100.794 5086.49 852.194 263.482 42.7326 31.1637 3804.8 588.713 1485.16 101.806 128.559 401.73 460.153 344.898 27.1146
internal_count=218597 29837 188760 5730 24107 13693 2928 73653 986 1907 115107 10414 21032 2802 16262 1394 70347 11786 3644 591 431 52621 8142 20540 1408 1778 5556 6364 4770 375
is_linear=0
shrinkage=1


Tree=1
num_leaves=31
num_cat=10
split_feature=3 20 3 19 21 3 3 21 3 1 20 3 6 11 21 3 21 3 19 20 20 21 20 14 14 11 11 3 9 21
split_gain=8860.88 2751.21 1080.15 461.72 322.856 296.39 227.381 161.307 148.386 119.191 114.93 107.287 106.979 112.103 105.124 93.7066 90.164 88.2882 80.3014 79.8821 78.8174 150.099 75.5648 69.5131 68.577 60.563 59.7026 67.5287 57.576 53.3538
threshold=0 0.051129089668393142 1 0.12085975706577302 4179.5000000000009 2 3 1597.5000000000002 4 5 0.25113768875598913 6 4.5000000000000009 397.50000000000006 4166.5000000000009 7 3989.5000000000005 8 0.38165868818759924 0.13217660784721377 0.1009182706475258 3963.5000000000005 0.018473792821168903 5.5000000000000009 1.0000000180025095e-35 140.50000000000003 17.500000000000004 9 34.95000076293946 4450.5000000000009
decision_type=9 2 9 2 2 9 9 2 9 9 2 9 2 2 2 9 2 9 2 2 2 2 2 2 2 2 2 9 10 2
left_child=2 6 14 5 12 7 -2 -3 -7 15 24 -5 13 19 -1 -10 20 23 -14 -4 21 -13 -8 -11 -6 29 -24 -28 -16 -12
right_child=1 3 4 11 10 8 22 -9 9 17 25 16 18 -15 28 -17 -18 -19 -20 -21 -22 -23 26 -25 -26 -27 27 -29 -30 -31
leaf_value=0.34710683373703438 0.076809046097469094 0.2259383073239489 0.33075687436644308 -0.023171614136587478 0.095974730945154726 -0.042792396386046212 -0.090541006445736871 0.057314108629254068 -0.015669956366932469 0.03181522020837399 0.17893555488486854 0.10131590526788777 0.15036029956608626 0.5353804090311719 0.21194660671054866 0.11092315297535625 0.057651064362053875 -0.0084840757254695479 0.26117337125980344 0.19587008412879925 0.10519323927723079 0.4765819724923539 -0.062110870305577187 -0.038749357240947718 0.014613755457142342 0.37453026716786497 0.067044656536568131 -0.091000381226729862 0.3698254065176052 0.085996364804271475
leaf_weight=360.60547884553671 93.823921471834183 81.835671797394753 56.86413636803627 100.8263770416379 527.04770981520414 723.12151052057743 2350.5097763761878 184.92062756419182 88.659729324281216 1138.6905639395118 176.39042055606842 27.998138189315796 516.5868883728981 12.339897729456423 110.53565968573093 176.43685482442379 504.26181984692812 2790.2883484661579 74.872528426349163 192.64717023074627 418.85486318171024 17.210295528173447 3548.4241333529353 159.10906633734703 128.94154439121485 12.157144285738466 24.094291545450687 1165.2148243039846 29.201336823403835 95.054988689720631
leaf_count=2983 1255 921 551 1363 6651 10435 35137 2395 1200 15244 2019 358 5875 124 1114 2254 6714 38796 760 2138 5267 206 51814 2201 1633 140 337 17311 291 1185
internal_value=-0.000541891 -0.0312505 0.180845 0.0163372 0.142623 0.00433365 -0.0737807 0.105105 -0.00116654 0.00583029 0.102978 0.0763247 0.187947 0.241162 0.312331 0.0695544 0.0860355 0.00153839 0.164388 0.226611 0.118733 0.244175 -0.0757754 0.0229869 0.0799824 0.15617 -0.0686098 -0.088 0.244939 0.14639
internal_weight=15887.5 13594.3 2293.24 6412.21 1792.9 5343.06 7182.07 266.756 5076.31 4353.18 939.592 1069.15 853.311 261.851 500.342 265.097 968.325 4088.09 591.459 249.511 464.063 45.2084 7088.24 1297.8 655.989 283.603 4737.73 1189.31 139.737 271.445
internal_count=218672 193208 25464 87354 21076 73446 105854 3316 70130 59695 11628 13908 9448 2813 4388 3454 12545 56241 6635 2689 5831 564 104599 17445 8284 3344 69462 17648 1405 3204
cat_boundaries=0 21 41 62 84 106 107 128 152 176 199
cat_threshold=0 0 128 512 0 0 0 131072 8192 0 8192 1216348160 4244489 1 0 8454144 2 34078720 591429824 65538 67207168 0 0 128 0 0 0 0 0 8192 0 0 0 32768 1 0 0 0 0 0 2 32768 1073741824 134217729 0 0 0 0 0 134250496 0 0 805308672 33563024 65536 0 1050624 4128 67108864 262416 67239937 2361380 128 16777280 33556482 2 0 687869952 16777216 8388608 268435456 0 134217728 0 9437696 1024 0 0 139280 151028232 8 0 0 128 1090519040 22020096 0 132 0 2281701384 809598978 12544 301989888 2113538 1073741824 0 1114114 0 1073741824 0 0 134217728 8 0 0 2097152 44173320 50331648 2 0 128 2147483648 16846848 0 8388608 134217728 0 0 2183137536 1052736 256 0 1610612736 134217736 201327104 0 0 4212738 0 512 33554432 0 2147485696 1536 0 524288 0 0 0 0 0 2688 268435456 0 167903241 33792 134299648 524352 167772291 0 0 98304 655360 0 4194304 4104 0 131072 134348800 128 0 0 196608 18874372 10748004 1288 0 0 262208 2147774464 0 0 0 32 0 262144 1107296256 0 0 1036 0 0 536871424 1024 0 0 1073741824 0 0 0 0 0 0 0 0 0 0 0 134217728
is_linear=0
shrinkage=0.1


Tree=2
num_leaves=31
num_cat=6
split_feature=10 10 10 21 21 10 3 10 3 10 19 16 11 11 21 6 3 10 9 3 11 3 3 11 21 21 11 9 21 19
split_gain=7941.83 1499.93 1355.21 246.528 230.906 154.153 99.38 94.3009 93.8747 66.9434 58.2847 56.769 53.9548 52.4216 57.224 51.226 48.4933 47.8045 47.2437 45.4069 40.6444 40.206 39.8805 39.6137 38.1773 41.9874 45.7075 36.5709 35.4872 34.7331
threshold=0.10349814966320993 0.058780442923307426 0.19646377861499789 4125.5000000000009 4222.5000000000009 0.024770003743469719 0 0.075332164764404311 1 0.26858077943325048 0.016124478541314605 4.5000000000000009 17.500000000000004 1.0000000180025095e-35 228.50000000000003 3.5000000000000004 2 0.13585697114467624 58.250000000000007 3 3.5000000000000004 4 5 46.500000000000007 3989.5000000000005 3963.5000000000005 15.500000000000002 40.95000076293946 1597.5000000000002 0.11382546648383142
decision_type=2 2 2 2 2 2 9 2 9 2 2 2 2 2 2 2 9 2 10 9 2 9 9 2 2 2 2 10 2 2
left_child=1 5 3 8 9 -1 23 10 -2 29 -3 18 -7 19 17 -11 -16 -15 -6 -10 21 27 -22 -5 25 28 -27 -12 -18 -4
right_child=2 7 4 6 11 12 -8 -9 13 15 20 -13 -14 14 16 -17 24 -19 -20 -21 22 -23 -24 -25 -26 26 -28 -29 -30 -31
leaf_value=-0.092084812457950929 0.040841871842361578 0.1885139653960291 0.24404795494600032 0.075775256265064636 0.1089162377184284 -0.055418597140558815 0.015815552535700956 0.013001059555673558 0.00015598500712352627 0.27520142099239808 -0.00077405007862887281 0.19623348779392144 -0.081986943833997961 0.39021530937494558 0.021434543828335925 0.21558064012304279 0.15483792510379349 0.14166163665214651 0.31803856956528359 0.13475647829663476 0.019593863384322008 -0.030019688773535731 -0.053696517203673612 -0.018137017220138104 0.056068109250911137 0.10778503441449899 0.33952798851286298 0.075606462666652746 0.073716408641671491 0.16995546992513288
leaf_weight=2767.4317186549306 263.04954041540623 13.715368598699568 79.735375232994556 699.77432337403297 363.73663996905088 3222.1560113057494 701.94572886824608 2601.1537807583809 36.014819011092186 233.96632772684097 674.98809461295605 112.10580223798752 1002.080580599606 10.181992448866366 132.55485047399998 375.23291897028685 90.946174688637257 32.237542197108269 11.133626781404017 709.91368389129639 88.468326225876808 507.80866456776857 432.37473022937775 47.996648572385311 130.25785629451275 16.693621195852757 17.363081954419613 69.10371907800436 132.47954824566841 306.38363218307495
leaf_count=44624 3195 161 620 8206 3793 49335 9036 35206 413 1480 9661 1025 15946 117 1479 2742 948 324 112 7689 1267 7265 6225 593 1543 161 158 990 1565 2852
internal_value=-0.000493 -0.0449788 0.111907 0.073485 0.190224 -0.0737397 0.0437429 0.000851589 0.100919 0.217831 -0.0168385 0.133798 -0.0617212 0.111828 0.0896392 0.238478 0.0805338 0.201322 0.115127 0.130066 -0.0184273 -0.00866063 -0.0419025 0.0688269 0.097666 0.122503 0.225934 0.0062356 0.106737 0.185256
internal_weight=15883 11379.3 4503.7 3021.41 1482.29 6991.67 1449.72 4387.61 1571.69 995.318 1786.46 486.976 4224.24 1308.64 562.715 609.199 520.295 42.4195 374.87 745.929 1772.74 1251.9 520.843 747.771 387.74 257.482 34.0567 744.092 223.426 386.119
internal_count=218731 170680 48051 35427 12624 109905 17835 60775 17592 7694 25569 4930 65281 14397 6295 4222 5854 441 3905 8102 25408 17916 7492 8799 4375 2832 319 10651 2513 3472
cat_boundaries=0 13 37 58 79 95 119
cat_threshold=0 0 0 512 0 0 131072 0 0 0 8192 1342177280 128 131072 16777216 134217729 4096 0 0 134217728 0 134217728 0 131072 16777472 33554432 6291712 0 0 402653248 16786432 16384 134217728 7347328 32 0 262144 0 0 41959424 512 0 0 131072 0 0 0 0 134219776 2155872288 16 0 2560 128 134234112 262160 131072 16416 0 256 0 0 0 0 0 0 0 0 0 268437504 0 0 0 0 32 201326592 0 0 16448 285212672 33554432 2147483648 1048576 0 671350784 64 0 335806464 0 134742016 0 2228736 0 0 1090519040 0 4194304 0 2097152 0 25165824 0 1024 0 0 0 8192 0 16384 0 1073741824 0 0 8 0 0 0 0 65536
is_linear=0
shrinkage=0.1


Tree=3
num_leaves=31
num_cat=4
split_feature=10 10 10 10 10 10 14 20 14 10 14 3 17 6 19 20 16 19 17 14 3 20 3 20 3 20 11 20 14 17
split_gain=6168.26 1059.71 1014.79 175.896 132.259 122.695 92.5843 87.2246 74.5314 72.4196 63.8377 49.0879 64.1503 64.7514 48.8373 42.4829 42.2245 39.3532 35.3709 33.5459 41.8785 30.6596 30.5735 35.0173 29.0418 39.4748 32.4124 28.484 27.6588 40.6826
threshold=0.093102216720581069 0.047626268118619926 0.19646377861499789 0.12361359223723413 0.024770003743469719 0.26858077943325048 8.5000000000000018 0.22449457645416263 39.500000000000007 0.075332164764404311 1.5000000000000002 0 1.0000000180025095e-35 4.5000000000000009 0.12085975706577302 0.080515664070844664 23.500000000000004 0.016124478541314605 1.5000000000000002 4.5000000000000009 1 0.063091341406106963 2 0.1250448822975159 3 0.10704411566257478 -1.0000000180025095e-35 0.066522132605314269 1.0000000180025095e-35 1.0000000180025095e-35
decision_type=2 2 2 2 2 2 2 2 2 2 2 9 2 2 2 2 2 2 2 2 9 2 9 2 9 2 2 2 2 2
left_child=1 4 3 8 -1 7 -6 -4 14 17 16 -12 13 -13 15 -2 -5 -3 22 24 21 -21 23 -16 -19 -26 -27 -11 -9 -30
right_child=2 9 5 10 6 -7 -8 28 -10 27 11 12 -14 -15 18 -17 -18 19 -20 20 -22 -23 -24 -25 25 26 -28 -29 29 -31
leaf_value=-0.089974560642194557 0.064430283060945101 0.13043776979209851 0.18290941664854349 0.086920831584541045 -0.053122231680475432 0.1746670688936095 -0.095274780401859216 0.11490173174615476 -0.086705785718361017 0.058024888655849316 -0.035603019101086902 0.23162419473364176 -0.0047199949358662447 0.052448322093333347 0.13226994572537196 0.018029758091303874 -0.00095868967589819883 -0.0037502047415102291 0.01293938422894877 0.15428911281014049 -0.06558299725431678 -0.067034082663484637 0.0042372661046164647 0.066792534163856998 -0.037607916876604502 0.11755707071743718 -0.0057742476679724852 0.0040246513638117947 0.12060542053149995 0.017244273661541878
leaf_weight=2555.1573109664023 243.83009693771601 17.284836612641811 173.39890703558922 1653.7482470571995 3041.4158185273409 896.50396128743887 628.78804141283035 451.45468369871378 49.444881722331047 103.06300237774849 76.909845568239689 32.766731068491936 76.709528341889381 52.461429417133331 118.01957177370787 1034.4196402654052 56.544421203434467 940.21442227438092 115.95787973701954 17.522272873669866 244.21326120570302 9.7373990193009359 66.067905321717262 265.23837845027447 762.02596109732985 28.790529780089855 82.002525091171265 1870.5181689560413 71.678348988294601 81.238320700824261
leaf_count=44652 3030 175 1283 17129 49092 5734 10879 4146 668 1383 916 307 842 582 1330 13163 592 13549 1396 250 3741 141 795 3046 11533 412 1174 25239 645 755
internal_value=-0.000854762 -0.0465542 0.0844796 0.0561664 -0.0725056 0.149453 -0.0603439 0.120389 0.0344549 -0.006912 0.0772524 0.0288249 0.0580385 0.121334 0.0377045 0.0268808 0.0840154 -0.0198295 0.0621796 -0.0210755 -0.0538592 0.0550396 0.0748871 0.0847443 -0.0161667 -0.0291647 0.0262745 0.00684461 0.102451 0.0656939
internal_weight=15817.1 10300.7 5516.39 3842.12 6225.36 1674.27 3670.2 777.77 1892.98 4075.37 1949.14 238.848 161.938 85.2282 1843.53 1278.25 1710.29 2101.79 565.284 2084.51 271.473 27.2597 449.326 383.258 1813.03 872.819 110.793 1973.58 604.371 152.917
internal_count=218579 162220 56359 43796 104623 12563 59971 6829 23428 57597 20368 2647 1731 889 22760 16193 17721 30975 6567 30800 4132 391 5171 4376 26668 13119 1586 26622 5546 1400
cat_boundaries=0 21 35 57 81
cat_threshold=131072 0 0 512 0 0 131072 0 0 0 0 134217984 271376 0 0 0 0 0 0 0 32 33554432 0 0 2097156 0 0 524288 1024 0 0 0 0 0 24576 0 0 4210688 0 0 0 0 0 0 0 0 16777216 292 8 0 0 0 1024 0 0 0 32 268435456 33554946 2147483650 1048578 1024 8652288 64 0 268435456 0 134217728 73728 3276800 0 268435456 1090519040 0 8 134217728 0 134217729 0 0 65536
is_linear=0
shrinkage=0.1


Tree=4
num_leaves=31
num_cat=2
split_feature=10 10 10 10 21 10 10 21 11 21 16 10 21 11 19 17 9 20 19 3 19 16 16 8 8 21 7 7 9 3
split_gain=4866.1 971.436 674.576 136.442 112.74 106.77 72.8915 62.1021 53.8421 51.8813 44.2759 33.7781 37.1157 34.5408 31.8675 34.0718 27.7309 26.7711 25.2594 26.6699 25.1739 25.1337 24.867 24.3311 26.7702 25.4898 24.4344 24.2447 23.4537 22.9376
threshold=0.095719244331121459 0.042355967685580261 0.19646377861499789 0.13585697114467624 4258.5000000000009 0.024770003743469719 0.070737410336732878 4359.5000000000009 35.500000000000007 228.50000000000003 85.500000000000014 0.48488573729991918 3950.5000000000005 -1.0000000180025095e-35 0.12085975706577302 1.0000000180025095e-35 58.250000000000007 0.19687219709157947 0.095988299697637572 0 0.016124478541314605 103.50000000000001 4.5000000000000009 24.500000000000004 4.5000000000000009 891.50000000000011 3.5000000000000004 5.5000000000000009 58.250000000000007 1
decision_type=2 2 2 2 2 2 2 2 2 2 2 2 2 2 2 2 10 2 2 9 2 2 2 2 2 2 2 2 8 9
left_child=1 5 3 9 11 -1 18 10 -7 -2 17 21 -13 -14 29 27 22 -5 20 -20 -3 23 -6 24 25 -4 28 -16 -27 -11
right_child=2 6 4 7 16 8 -8 -9 -10 14 -12 12 13 -15 15 -17 -18 -19 19 -21 -22 -23 -24 -25 -26 26 -28 -29 -30 -31
leaf_value=-0.087923285364334303 0.11670401107876781 0.089342829202366122 0.07022373636226209 0.097789353191507791 0.067508574210454669 -0.053750822647858978 0.0031570428283388564 0.034011699946531623 -0.087685081763658024 -0.0023636656668399934 -0.047813114347771614 0.20495227292256255 0.20295831856494481 0.11727010932150915 0.0522254872564532 0.004375166053870734 0.20950072464836045 0.069282091262648102 0.023855363328709842 -0.057944718978441868 -0.027337872818263987 0.24689398661953466 0.11828801653952602 0.157455819535533 0.10740795691112769 0.22841334278537212 0.25620895106082808 0.14473567467439616 0.10760443229463008 0.027043865131280032
leaf_weight=2371.0573201477528 68.450313322246075 18.672271378338337 26.278502143919468 565.41988486051559 401.74803575128317 2596.5228935815394 2309.7282090596855 402.51096890866756 570.25701734796166 367.51424787193537 27.142299942672253 135.76439298689365 63.719000369310379 179.743542984128 514.85530716925859 156.48336324840784 16.987639799714088 789.26031927764416 195.0283429287374 39.786157496273518 1900.7482840195298 17.291100308299065 126.89971984922886 184.60145393013954 572.59838883578777 24.404266692698002 30.151230171322823 29.978971682488918 47.054884858429432 984.85300896316767
leaf_count=44859 702 173 178 5089 3557 44123 31121 4275 10546 4619 260 605 353 1023 5621 1847 126 7590 2792 603 29403 107 920 1234 3806 150 184 322 302 12091
internal_value=-0.00179112 -0.0438956 0.0716554 0.0481967 0.121808 -0.0718763 -0.00918379 0.068578 -0.0598615 0.0310598 0.0786468 0.138015 0.163058 0.139696 0.0282052 0.0455033 0.0837392 0.0811805 -0.0224154 0.00854368 -0.0262028 0.127491 0.079698 0.125158 0.116647 0.158012 0.180716 0.0573158 0.148862 0.0192347
internal_weight=15735.5 10001.8 5733.71 3906.47 1827.24 5537.84 4463.96 1784.33 3166.78 2122.14 1381.82 1281.61 379.227 243.463 2053.68 701.318 545.635 1354.68 2154.24 234.815 1919.42 902.38 528.648 885.089 700.487 127.889 101.61 544.834 71.4592 1352.37
internal_count=218581 163620 54961 42416 12545 99528 64092 17214 54669 25202 12939 7942 1981 1376 24500 7790 4603 12679 32971 3395 29576 5961 4477 5854 4620 814 636 5943 452 16710
cat_boundaries=0 18 40
cat_threshold=33554432 4194306 2147483648 2099202 0 536870912 67141632 0 0 0 2048 0 1179648 8192 0 0 0 1073741824 0 1024 4210688 0 0 0 134217728 4194304 0 0 131072 0 0 1024 0 0 134217728 150995968 8192 0 7168 32
is_linear=0
shrinkage=0.1


Tree=5
num_leaves=31
num_cat=13
split_feature=20 3 3 3 19 3 20 21 3 14 3 14 3 20 14 11 1 3 14 3 20 3 3 21 3 21 6 14 11 21
split_gain=3474.42 1026.21 219.843 186.788 165.663 123.764 91.5821 79.9053 71.1604 73.6831 63.0737 58.524 54.4459 48.6053 47.3128 49.7623 45.336 47.7165 40.4022 125.355 226.503 57.9482 38.6156 38.8029 38.3384 37.6781 37.4834 39.8707 29.377 27.7183
threshold=0.059385742992162711 0 1 2 0.11382546648383142 3 0.021130540408194069 4038.5000000000005 4 35.500000000000007 5 55.500000000000007 6 0.20767211914062503 2.5000000000000004 23.500000000000004 7 8 4.5000000000000009 9 0.1250448822975159 10 11 1597.5000000000002 12 4003.5000000000005 3.5000000000000004 1.0000000180025095e-35 23.500000000000004 1597.5000000000002
decision_type=2 9 9 9 2 9 2 2 9 2 9 2 9 2 2 2 9 9 2 9 2 9 9 2 9 2 2 2 2 2
left_child=3 2 25 26 5 29 12 -4 -6 22 -7 24 14 -9 -5 -16 17 -12 21 20 -20 -18 -10 -24 -8 -2 -1 -28 -29 -3
right_child=1 4 7 6 8 10 11 13 9 -11 16 -13 -14 -15 15 -17 18 -19 19 -21 -22 -23 23 -25 -26 -27 27 28 -30 -31
leaf_value=-0.036142243417952753 0.15759858643572405 0.11523909379398137 0.093023117397485477 -0.031054273904799774 -0.027913976124112557 -0.029235080015976141 0.0059918359797527599 0.031573885187729418 0.014997792162557491 -0.083578225896880895 -0.013194020924945213 -0.10103839475665802 -0.083371865418371244 0.067942732630735678 0.35765393279325269 -0.0288600076468364 0.026718092916915123 0.069778135482891621 0.022208925354986156 -0.049074108944329925 0.65355341964396296 -0.0034360891913468219 0.097350586026692595 0.050002325576634532 -0.052528802588361394 0.11215414838955423 0.060182382125403167 0.10299011994114425 0.32411784754821049 0.047138772677278548
leaf_weight=24.963022798299789 342.59259417653084 95.729079216718674 824.22944607585669 93.336215987801552 138.95008135586977 638.42623164504766 121.63156417384744 579.66168527305126 287.25893408805132 42.463917851448059 106.23895857855678 246.60562884435058 1995.172075510025 1003.8644262552261 6.8720288872718793 6.4642939753830433 866.64669990539551 195.2684226706624 21.376443602144722 324.90083992853761 7.7400876581668845 2331.0385215170681 208.96463981643319 1008.0043056122959 3498.7270899489522 390.28253795206547 60.851742018014193 12.153174031525852 11.881436001509426 159.10351420193911
leaf_count=270 1612 767 5743 1589 1750 9718 1843 5751 3247 547 1311 5011 40498 8509 112 122 10680 2016 289 4721 105 32289 1830 10823 62507 2277 755 148 132 1780
internal_value=-0.00147559 0.0360693 0.0828227 -0.0606016 0.0130917 0.00354814 -0.0629288 0.0674923 0.0400422 0.04603 -0.00037554 -0.053902 -0.0798357 0.0546296 -0.00537607 0.170305 0.0044694 0.0410571 0.00125689 -0.0307941 0.141457 0.0048092 0.0499948 0.0576587 -0.0506913 0.131602 0.0656042 0.103254 0.212304 0.0699751
internal_weight=15651.4 9572.74 3140.63 6078.66 6432.11 4746.47 5968.81 2407.76 1685.64 1546.69 4491.64 3866.96 2101.84 1583.53 106.673 13.3363 3853.21 301.507 3551.7 354.017 29.1165 3197.69 1504.23 1216.97 3620.36 732.875 109.849 84.8864 24.0346 254.833
internal_count=218752 105765 23892 112987 81873 63676 111682 20003 18197 16447 61129 69361 42321 14260 1823 234 51411 3327 48084 5115 394 42969 15900 12653 64350 3889 1305 1035 280 2547
cat_boundaries=0 21 41 65 89 110 134 157 158 179 190 212 233 257
cat_threshold=0 256 8388736 0 0 0 0 131072 40960 0 8192 1216348160 41992 1 0 9437184 2 786432 587206848 65538 67207172 0 0 128 0 0 0 0 0 8192 0 0 0 0 1 0 0 0 0 128 2 0 285212738 33556482 2 0 159383552 0 8388608 262144 0 0 67108896 9437184 256 0 1073741824 270353 151003648 32768 0 6 32 0 65536 163840 1073741824 1 4608 0 0 0 0 134217728 0 0 536871168 2181054737 16 0 68096 134221920 0 33040 67108864 2099200 0 0 262144 33554432 16777216 33554433 4096 2147483648 16908288 0 8388608 134217728 0 0 102760704 2101314 272 0 1610612736 134221832 2348810752 0 0 18432 1342177280 289407042 2147483648 32900 0 8 21037058 4096 268435456 2097152 134217728 0 9961984 16384 1073741824 0 0 134217728 8 0 3 0 0 66560 33554432 524288 0 2048 0 65544 528384 302514432 524288 134382857 266368 8 16777216 8192 0 16777216 0 0 3 0 0 2149580800 1024 109185032 128 512 33554432 0 2048 1536 0 0 0 0 512 65536 4194304 2099712 0 1610612736 36044809 41992 0 524352 5120 524288 0 0 2097152 0 0 0 0 0 0 1048576 0 0 4194304 0 0 131072 134217728 4194304 0 0 65536 320864256 136581348 65536 0 0 0 2181058560 65536 4 262144 32 16908288 268435458 2147485696 2097280 0 4096 134217728 0 0 0 1048576 2164262912 16656 1048576 0 2560 33 16384 264 134742528 4198466 269090944 524288 32 2098176 0 537137152 2560 128 335544320 2 134217728 0 33554432 0 268435456 0 33554432 67141632 8 4 134217729 0 0 1024
is_linear=0
shrinkage=0.1


Tree=6
num_leaves=31
num_cat=3
split_feature=10 10 10 10 10 14 21 21 10 3 21 14 14 3 14 20 21 3 20 19 21 12 14 9 9 14 20 10 20 20
split_gain=3257.6 619.88 404.252 155.752 86.1606 65.0429 61.8302 57.6052 42.1037 37.5289 33.777 32.7731 32.2725 36.0548 48.1713 31.9444 37.9606 30.2753 57.4629 32.9117 32.1268 26.1362 36.8246 85.6061 185.466 35.5258 27.9419 31.2907 27.3708 24.3379
threshold=0.082386106252670302 0.19646377861499789 0.034238180145621307 0.11807876825332643 0.023266430944204334 13.500000000000002 4207.5000000000009 4193.5000000000009 0.058780442923307426 0 1301.5000000000002 7.5000000000000009 79.500000000000014 1 3.5000000000000004 0.083451043814420714 1301.5000000000002 2 0.07274292036890985 0.060463631525635726 1597.5000000000002 -1.0000000180025095e-35 1.0000000180025095e-35 51.750000000000007 53.049999237060554 8.5000000000000018 0.068820483982563033 0.090639647096395506 0.1250448822975159 0.25113768875598913
decision_type=2 2 2 2 2 2 2 2 2 9 2 2 2 9 2 2 2 9 2 2 2 2 2 10 8 2 2 2 2 2
left_child=2 3 4 12 -1 -6 17 9 -4 11 -11 -3 13 21 15 16 -15 -5 19 -19 -20 26 -23 25 -25 -24 27 -2 -28 -12
right_child=1 7 8 6 5 -7 -8 -9 -10 10 29 -13 -14 14 -16 -17 -18 18 20 -21 -22 22 23 24 -26 -27 28 -29 -30 -31
leaf_value=-0.084822702712846393 0.0021681742164216949 0.055642983987175834 -0.036525596916878615 0.021382778223476853 -0.048987322026176318 -0.094094610995027 0.024048868168711445 0.066128534232810565 -0.012604558142548006 0.15480250249186378 0.13270886953960678 0.20182752468622056 -0.099963011225911669 0.13237607793276676 -0.019291507227531712 0.021586180532289813 0.041063551966005807 0.052717533757918315 0.092700280068226337 0.23412857323588698 0.051333422928299115 -0.014278837872599003 0.028822519667004332 0.57708389067030941 0.0030605250318926566 -0.059276719461813537 -0.0094493176936916671 0.25193773427137572 0.054526820627310735 0.094999338077410636
leaf_weight=1964.7991078644991 8.993958383798601 281.14626118540764 1208.8601545467973 264.44039149582386 1947.4518865346909 382.45254196226597 993.60620421916246 708.92805694043636 1880.2716016471386 155.41138859093189 227.83969070762396 16.220908544957638 25.680639743804932 55.531932204961777 241.8078864812851 1255.2804789170623 252.70526657998562 15.081939600408075 223.26312529295683 29.68210307508707 1180.0515049472451 970.36745423823595 211.65590453147888 8.6637777164578438 16.067010223865509 58.401615627110004 145.81915047764778 11.339685194194315 123.51980186998844 687.88545601814985
leaf_count=43123 119 1761 21917 2283 36630 8336 10341 5224 28063 817 1162 89 387 658 3156 14784 3074 152 1754 252 10415 12885 2785 78 214 797 1949 142 1638 3599
internal_value=-0.00141586 0.0420937 -0.0495543 0.0260079 -0.0693987 -0.0563917 0.0438932 0.0892646 -0.0219655 0.10125 0.110664 0.0615474 0.011713 0.0125665 0.0221227 0.0286692 0.0575144 0.0554069 0.061051 0.173007 0.0579148 0.00131991 -0.00487546 0.026078 0.204154 0.00977051 0.028424 0.14146 0.0198904 0.104382
internal_weight=15553.2 8169.39 7383.84 6091.96 4294.7 2329.9 2706.13 2077.43 3089.13 1368.5 1071.14 297.367 3385.83 3360.15 1805.33 1563.52 308.237 1712.52 1448.08 44.764 1403.31 1554.83 1265.16 294.788 24.7308 270.058 289.673 20.3336 269.339 915.725
internal_count=218584 80515 138069 67863 88089 44966 25197 12652 49980 7428 5578 1850 42666 42279 21672 18516 3732 14856 12573 404 12169 20607 16759 3874 292 3582 3848 261 3587 4761
cat_boundaries=0 21 45 69
cat_threshold=0 1073741824 0 0 0 0 0 0 0 0 0 0 4194305 65536 0 9502720 2 33816576 4227328 67108864 67403780 589952 1024 0 4096 0 131072 0 0 0 0 1245184 2181038080 671088704 4194304 0 536870912 2183397392 5120 1114112 4 4096 0 0 32768 0 0 167772160 0 0 0 0 0 0 0 0 2304 17408 1049600 0 0 0 218103808 8192 134250496 3165376 0 0 262144
is_linear=0
shrinkage=0.1


Tree=7
num_leaves=31
num_cat=10
split_feature=10 10 10 10 10 14 21 21 3 3 3 11 21 3 3 3 19 11 14 21 3 16 3 3 17 21 19 5 10 21
split_gain=2725.67 461.856 322.829 135.308 105.643 68.5104 51.892 46.9422 69.8079 39.1073 28.9417 37.0994 53.7465 44.7096 39.5761 28.9095 49.7818 32.1329 28.8123 28.681 45.8502 25.7135 37.2725 26.3822 35.3341 31.0119 25.0847 24.3824 25.0143 34.5283
threshold=0.075332164764404311 0.13585697114467624 0.042355967685580261 0.26858077943325048 0.021253571845591072 16.500000000000004 4359.5000000000009 4113.5000000000009 0 1 2 -1.0000000180025095e-35 4100.5000000000009 3 4 5 0.075580652803182616 509.50000000000006 23.500000000000004 4003.5000000000005 6 24.500000000000004 7 8 3.5000000000000004 3883.5000000000005 0.016124478541314605 9 0.18410272896289828 1597.5000000000002
decision_type=2 2 2 2 2 2 2 2 9 9 9 2 2 9 9 9 2 2 2 2 9 2 9 9 2 2 2 9 2 2
left_child=2 7 4 6 -1 -6 15 8 -2 -9 -10 12 14 -13 -12 -3 -17 27 -8 20 -5 23 -23 24 -4 -25 -27 28 29 -18
right_child=1 3 21 19 5 -7 18 9 10 -11 11 13 -14 -15 -16 16 17 -19 -20 -21 -22 22 -24 25 -26 26 -28 -29 -30 -31
leaf_value=-0.08496759431231736 0.056164162051732226 0.030377888770289782 0.0073918526039105526 0.055572499048907847 -0.047503784964132365 -0.093663424964057329 0.028471748357637484 0.01955043171599985 -0.011299869259675429 -0.008030079561769413 -0.029399772247906963 -0.0054803178119752849 0.29476423137833413 0.035166102867027781 0.062782112127639275 0.14581170980904831 0.13986955821422131 -0.032170097358886228 -0.1060881986902156 0.071139604684823318 0.12261751631967129 0.05318864621965437 -0.070960213493598975 -0.061392388708903782 -0.037848175523575327 0.10065663015495958 -0.019962990661972282 -0.031313059787467415 0.077025142320130288 0.048595560885693022
leaf_weight=1567.9868301302195 492.82665088027716 440.04959420114756 772.38447579368949 213.93519149720669 2685.7456379383802 365.26756504923105 726.76264651119709 824.9906136021018 365.33835856616497 1328.9720641113818 55.994415163993835 629.36865853145719 8.8939680904149991 464.43096947669983 214.41886661201715 67.995155915617943 43.256113611161709 38.139085978269577 16.269030690193176 511.71499641239643 423.86984798312187 23.577219422906637 147.86349304392934 197.39967314898968 222.33992994204164 17.589385479688644 871.56327483430505 27.214704766869545 687.90986306220293 990.33792531490326
leaf_count=37232 4910 3326 11697 1047 53544 8679 6587 10100 4583 17042 621 8132 109 5192 2616 454 305 292 181 2795 1875 414 2496 3279 3422 154 14583 201 4454 8334
internal_value=-0.00181291 0.035799 -0.0487349 0.0595518 -0.0638717 -0.05303 0.0484944 0.0131174 0.0232829 0.00258703 0.0135604 0.0202087 0.052884 0.0120497 0.0449285 0.0559311 0.0614981 0.0586339 0.0255255 0.0887743 0.102923 -0.0176983 -0.0549234 -0.014632 -0.00269309 -0.0253042 -0.0175769 0.0606143 0.0618899 0.0524154
internal_weight=15444.4 8572.69 6871.72 4187.45 4619 3051.01 3037.93 4385.23 2231.27 2153.96 1738.45 1373.11 279.307 1093.8 270.413 2294.9 1854.85 1786.86 743.032 1149.52 637.805 2252.72 171.441 2081.28 994.724 1086.55 889.153 1748.72 1721.5 1033.59
internal_count=218656 83156 135500 29851 99455 62223 24134 53305 26163 27142 21253 16670 3346 13324 3237 17366 14040 13586 6768 5717 2922 36045 2910 33135 15119 18016 14737 13294 13093 8639
cat_boundaries=0 21 35 59 81 103 127 148 167 191 192
cat_threshold=0 0 16384 0 0 0 0 0 0 0 0 2097152 262196 1024 0 0 0 8192 8192 134217728 128 524288 16777216 4194305 4096 0 0 16777216 4194304 134217728 0 196608 2415919104 272 8 589824 268959744 4196352 4104 2048 131072 16777216 4194432 0 0 196608 2449473536 536870912 3147792 0 0 2183266313 2048 0 4 0 0 0 32768 0 1088 134217728 0 0 4096 0 0 0 0 1049088 67109156 524352 0 0 0 0 0 0 0 4196354 32 131072 0 0 0 0 0 0 0 0 0 0 16777216 4352 264 0 0 262208 201328128 0 0 0 128 0 1073741824 33554432 0 0 0 0 0 0 0 0 134219776 41968768 2 0 1051136 4128 33816576 311552 33281 32 0 0 262144 0 0 0 0 0 0 0 0 0 0 0 0 32768 0 0 65536 0 0 4194368 0 67174400 0 0 8192 0 0 285212672 268438016 0 0 0 0 0 65536 16384 0 0 0 8 8 268435456 33554434 2147483680 3147778 1024 688128000 67108865 512 67371008 2 142606336 65536 70385664 0 0 1090519040 0 1073741824 0 0 0 2097152 0 65536 8
is_linear=0
shrinkage=0.1


Tree=8
num_leaves=31
num_cat=10
split_feature=10 10 10 10 10 11 3 17 3 16 11 3 3 11 19 11 0 3 19 6 11 8 20 3 3 11 17 3 5 10
split_gain=2324.56 547.544 145.332 136.223 62.9019 48.0723 41.8117 35.6789 42.9722 38.3569 43.3405 154.824 78.1688 48.7706 42.0982 39.7957 34.2587 35.6147 33.041 36.7952 30.5957 29.5172 27.5607 28.077 26.937 26.3515 26.1342 41.1156 25.4305 24.7904
threshold=0.058780442923307426 0.12361359223723413 0.024770003743469719 0.26858077943325048 0.090639647096395506 19.500000000000004 0 3.5000000000000004 1 24.500000000000004 1.0000000180025095e-35 2 3 1.5000000000000002 0.093412287533283248 -1.0000000180025095e-35 4 5 0.19161307811737063 2.5000000000000004 3.5000000000000004 12.500000000000002 0.18592240661382678 6 7 5.5000000000000009 3.5000000000000004 8 9 0.014388239942491056
decision_type=2 2 2 2 2 2 9 2 9 2 2 9 9 2 2 2 9 9 2 2 2 2 2 9 9 2 2 9 9 2
left_child=2 4 25 16 7 -4 -7 9 -9 10 12 13 18 -12 -14 -16 17 -3 -2 -20 -13 -15 23 -19 -22 29 -6 -28 -18 -1
right_child=1 3 5 -5 26 6 -8 8 -10 -11 11 20 14 21 15 -17 28 22 19 -21 24 -23 -24 -25 -26 -27 27 -29 -30 -31
leaf_value=-0.089868159957406865 0.017175647467283454 0.023323437391175119 -0.038596896628572019 0.080660317269199769 0.023398864658844033 0.049211950016926881 -0.073442212911057847 0.031279043754033113 -0.03779006401281846 -0.045444831577962384 0.042823346820269913 0.041381382716163519 -0.035167176424926526 0.10214344578016105 0.038956172323594676 -0.01679888575196432 0.037990759765587002 0.020845745893236595 0.29523155676613372 0.031516118094575468 0.031991520120628329 0.25711072474990182 0.058812449506769886 0.14276288013259297 -0.03233661263590288 -0.095485103850839539 -0.031247927024515926 0.028381103519977781 -0.05474332710162249 -0.058141650786842518
leaf_weight=404.44737097248435 904.33033396676183 145.82179322838783 2516.1980119012296 1183.4876619279385 1827.391081854701 25.830420054495335 630.56701497361064 104.11831218376756 485.54519555345178 165.53029475361109 23.721783488988876 150.27634913101792 682.3271706700325 17.293610751628876 190.32442978769541 391.03975509107113 2986.1615813970566 41.269476100802422 9.1017896384000796 12.635951764881609 84.027337834239006 42.491497233510017 130.33378849923611 115.231834679842 211.28281858563423 717.93815221264958 238.37354950606823 206.61939034610987 23.135085493326187 629.79483397677541
leaf_count=10438 12827 1120 49932 5705 20499 492 14838 1430 7247 2580 320 2141 9960 214 2372 5384 24004 281 100 143 1209 471 877 775 3247 18332 2840 2433 192 15794
internal_value=-0.0010776 0.0257843 -0.0576504 0.051394 0.00517052 -0.044884 -0.0689847 -0.00329115 -0.0257048 0.00129094 0.00413633 0.0298217 -0.00206982 0.146591 -0.0181757 0.00145396 0.041331 0.06833 0.0198894 0.141936 0.00454619 0.212284 0.089654 0.121067 -0.0140444 -0.080766 0.0181068 -0.00362536 0.0370989 -0.0705485
internal_weight=15296.6 10371.9 4924.78 4625.44 5746.43 3172.6 656.397 3474.05 589.664 2884.38 2718.85 529.093 2189.76 83.5069 1263.69 581.364 3441.95 432.657 926.068 21.7377 445.587 59.7851 286.835 156.501 295.31 1752.18 2272.38 444.993 3009.3 1034.24
internal_count=218197 108371 109826 32954 75417 65262 15330 49645 8677 40968 38388 7602 30786 1005 17716 7756 27249 3053 13070 243 6597 685 1933 1056 4456 44564 25772 5273 24196 26232
cat_boundaries=0 18 40 51 75 76 97 118 135 156 157
cat_threshold=1073741824 0 8192 1024 0 2449489928 20226 4096 33554432 0 1073743872 0 0 0 0 0 0 8 0 524288 2048 8 0 16777216 0 0 67108864 0 1048576 32 2101248 18432 0 1610612736 0 0 8 0 2 128 33554432 0 0 2097152 0 0 0 0 0 0 1048576 285212672 33554434 2147483648 1048584 0 545525760 0 8388736 268435456 0 134217728 2216689668 537530880 2048 0 0 35651584 4096 65536 64 2 0 0 32768 9 32768 0 167772160 0 0 0 0 0 0 0 0 256 0 1049616 0 0 12320 0 49408 134250497 1050624 131072 0 0 0 0 0 0 0 0 0 0 0 37748736 0 0 0 2 0 0 131072 294916 0 4718592 2147483648 0 0 0 0 0 0 0 0 2248146976 4096 16384 0 0 131072 0 16777216 16384 4096 0 0 0 0 0 0 0 0 68 2097152 0 0 1 2348843008 0 0 2098176 10
is_linear=0
shrinkage=0.1


Tree=9
num_leaves=31
num_cat=12
split_feature=20 3 3 19 3 3 21 3 11 3 14 3 9 3 3 20 20 3 21 21 14 17 3 20 3 11 16 6 21 19
split_gain=1646.68 340.601 151.194 107.191 88.7174 80.4816 75.9714 71.8877 63.1599 109.932 41.9425 74.0942 73.6768 47.3267 38.7556 36.6361 32.4101 32.2219 30.5049 28.9455 26.3986 45.3349 39.9799 56.1127 38.4497 28.7698 34.986 27.9663 35.1635 25.2675
threshold=0.059385742992162711 0 1 0.11382546648383142 2 3 4060.5000000000005 4 17.500000000000004 5 5.5000000000000009 6 51.750000000000007 7 8 0.29067090153694158 0.19687219709157947 9 228.50000000000003 1597.5000000000002 1.0000000180025095e-35 6.5000000000000009 10 0.13217660784721377 11 509.50000000000006 5.5000000000000009 1.5000000000000002 3963.5000000000005 0.053746230900287635
decision_type=2 9 9 2 9 9 2 9 2 9 2 9 10 9 9 2 2 9 2 2 2 2 9 2 9 2 2 2 2 2
left_child=2 6 -1 4 19 -4 14 -5 17 -10 13 12 -12 18 -2 -8 -16 -7 -6 -3 22 24 23 27 -22 26 -26 -9 -29 -15
right_child=1 3 5 7 10 8 15 20 9 -11 11 -13 -14 29 16 -17 -18 -19 -20 -21 21 -23 -24 -25 25 -27 -28 28 -30 -31
leaf_value=0.042023951558341849 0.087201358919831717 0.093324463661498519 -0.081101232454045769 -0.021502478982192624 0.17226710697971817 0.024992120431883768 0.021473808444181865 0.041369906880780932 0.056039846385855234 -0.077612343120284158 0.016919726208891841 -0.050071569268836769 0.3048894263876103 -0.034146924626017761 0.10439176442425467 0.05368478408268447 0.033851719633560144 -0.040609491880836734 0.015514440274275378 0.030207678745177675 -0.026646856819555927 -0.030047027741284538 0.032166523692181849 0.039764412368359564 0.026952588560646945 -0.036403219607507468 0.10425529607790801 0.35810137496719491 0.15505904657229491 -0.0030460305372750057
leaf_weight=172.22700296714902 701.95712165534496 118.04778812080622 833.72319705411792 283.68130837380886 12.538470953702925 74.248145509511232 713.84001265466213 12.858295343816279 62.248661186546087 865.69674276933074 33.783981211483479 329.52754032611847 12.054786231368778 290.38880600780249 79.097210876643658 698.73469510674477 368.9706064760685 2943.3112404644489 1258.8313598185778 188.97467642277479 83.011919356882572 176.21954531222582 1924.0895852707326 77.036743059754372 123.47316318377852 32.779288854449987 111.34146324172616 11.629017390310763 32.000290602445602 2601.1616373546422
leaf_count=2220 3331 866 23102 2836 130 1185 5713 120 1027 22250 375 5286 70 4499 503 3893 2036 63012 15694 1953 887 1827 17142 680 1204 305 986 106 307 35103
internal_value=-0.0016043 0.0212225 -0.0489779 0.0106703 0.00161444 -0.052236 0.052737 0.0260062 -0.0459469 -0.0688791 -0.00195739 -0.0339766 0.0760581 0.000925054 0.0720254 0.0374071 0.0452933 -0.0390471 0.0169272 0.0527572 0.0311835 0.0113306 0.0364182 0.088637 0.0321276 0.0495061 0.063607 0.17098 0.209178 -0.00614813
internal_weight=15227.5 10276 4951.45 7713.43 4845.31 4779.23 2562.6 2868.12 3945.5 927.945 4538.29 375.366 45.8388 4162.92 1150.02 1412.57 448.068 3017.56 1271.37 307.022 2584.44 526.825 2057.61 133.524 350.606 267.594 234.815 56.4876 43.6293 2891.55
internal_count=218648 105852 112796 90376 63976 110576 15476 26400 87474 23277 61157 5731 445 55426 5870 9606 2539 64197 15824 2819 23564 5209 18355 1213 3382 2495 2190 533 413 39602
cat_boundaries=0 21 45 66 90 111 130 149 173 193 215 237 261
cat_threshold=32768 1073742080 8388736 512 0 0 0 131072 40960 0 0 1082130432 32777 1 0 8388608 2 0 587465168 67305474 69238784 268435456 285213250 33554432 0 0 159645696 16777216 8388608 268435456 0 0 67108896 8388608 16640 0 1073741824 16 150995456 32768 0 7 160 0 65536 131072 0 1 4096 0 0 0 0 0 0 0 536873216 33576336 4260112 0 2048 134221928 2147504128 0 0 4278400 134217728 0 0 0 8192 0 0 0 0 128 0 0 268435456 109051904 1 0 0 0 0 0 0 851809281 1623212944 4110 0 0 33554433 4096 2147483648 16777216 0 0 0 0 0 2720006400 5186 1048848 0 1073741824 134217768 2214593536 0 32768 4282370 1107296256 6291456 8192 2098312 0 1107296264 268962560 9216 33554432 0 1073807360 0 512 1024 0 0 131072 0 8 524288 0 0 2097152 0 0 0 0 0 0 1048576 0 0 16384 0 65536 0 67108864 32768 268435456 1024 2285895680 0 0 131072 0 4194304 402653184 0 65536 2518679584 2359364 2097280 0 0 2097152 270336 0 32772 32 32 0 262144 0 0 128 0 0 0 0 0 8192 0 0 1082130432 8 1 0 0 0 0 553648256 65538 16908416 524288 34 1048584 0 536870912 100 128 262144 0 142606336 8192 34603008 9728 0 0 33816576 604014600 1048576 0 0 2097152 0 0 4194304 0 0 0 0 0 0 0 0 134217728 786432 0 0 0 0 0 4194304 0 0 32 33554432 2 4194304 0 0 0 0 0 0 0 0 150996992 549120 0 0 1048576 0 33554432 0 0 0 32 0 262144
is_linear=0
shrinkage=0.1


Tree=10
num_leaves=31
num_cat=9
split_feature=10 10 10 14 3 3 14 21 3 21 20 21 3 3 16 21 12 20 3 16 3 19 3 10 17 14 3 14 14 14
split_gain=1571.28 334.785 164.081 92.3037 70.6014 52.7825 39.3055 39.0732 33.8675 40.5208 32.5237 31.821 54.544 47.7998 33.0447 47.2999 35.9763 30.8949 28.465 27.1242 26.0482 22.3628 22.2009 22.0478 20.9452 24.1532 21.8625 19.8223 19.7903 19.7764
threshold=0.064110070466995253 0.12361359223723413 0.024770003743469719 8.5000000000000018 0 1 73.500000000000014 4222.5000000000009 2 1597.5000000000002 0.16571567207574847 4113.5000000000009 3 4 1.0000000180025095e-35 4100.5000000000009 -1.0000000180025095e-35 0.29067090153694158 5 40.500000000000007 6 0.039049755781888969 7 0.017059545964002613 14.500000000000002 1.0000000180025095e-35 8 37.500000000000007 1.5000000000000002 2.5000000000000004
decision_type=2 2 2 2 9 9 2 2 9 2 2 2 9 9 2 2 2 2 9 2 9 2 9 2 2 2 9 2 2 2
left_child=2 6 23 5 17 -4 11 8 -6 10 28 12 14 19 15 -2 -17 -3 -14 29 -16 24 -12 -1 26 -26 -7 -9 -10 -13
right_child=1 4 3 -5 7 21 -8 27 9 -11 22 13 18 -15 20 16 -18 -19 -20 -21 -22 -23 -24 -25 25 -27 -28 -29 -30 -31
leaf_value=-0.088294607721100538 0.038884403193536851 0.11018206935450099 -0.0041499092540713926 -0.079194313432442265 0.017871151265503885 -0.041949615130160441 -0.089446736935473156 0.020904529493125705 0.096350754024503424 0.039811346014917141 -0.014875625840619359 0.013450660494311685 -0.022857213263788163 -0.015310898749896851 -0.016800718151702757 0.31740546352250676 0.087773983606350678 0.056763973484596331 0.0077416358866375552 0.081534495672681437 0.03425784607377623 -0.050796099100622286 0.065187083643984733 -0.064346257001957619 -0.0086554998572870023 -0.079075086756164356 -0.012731887592246957 -0.09124260857636976 0.20109871783288777 -0.022672378759304022
leaf_weight=764.90122969821095 565.69189236685634 122.77167524397373 636.3304727897048 438.80566954985261 557.74682238698006 420.43365835398436 45.46980382874608 1425.5393477454782 150.31190233677626 1440.7616220861673 45.510715506970882 1002.6130855493248 383.21217736974359 1538.2729485630989 202.25752959772944 10.454291157424452 19.640214189887047 916.6401604115963 1330.5634758323431 52.372258633375168 180.34382194280624 791.73069210723042 156.48241081833839 772.84877908974886 70.508140977472067 157.52115708962083 710.41589449346066 15.936963111162184 20.4963698387146 178.54760826379061
leaf_count=22883 6141 503 12041 12043 3871 9258 773 11960 919 10012 292 12077 4921 21975 2805 114 244 4195 16606 692 1893 16599 907 21920 1532 3421 15413 197 110 2401
internal_value=-0.00184136 0.0200124 -0.0493779 -0.0365636 0.0391661 -0.0298514 0.00314354 0.0325632 0.0405414 0.0471549 0.0768002 0.00391405 0.0116575 -0.00360689 0.0303458 0.0453833 0.167544 0.0624725 0.000806613 0.0110233 0.00772263 -0.0372635 0.049639 -0.0762585 -0.0296532 -0.0573009 -0.0240782 0.0196646 0.10892 0.0079902
internal_weight=15125.1 10361.6 4763.5 3225.75 4852.2 2786.94 5509.44 3812.79 2371.31 1813.56 372.801 5463.97 2692.16 2771.81 978.388 595.786 30.0945 1039.41 1713.78 1233.53 382.601 2150.61 201.993 1537.75 1358.88 228.029 1130.85 1441.48 170.808 1181.16
internal_count=218718 103608 115110 70307 32966 58264 70642 28268 16111 12240 2228 69869 32724 37145 11197 6499 358 4698 21527 15170 4698 46223 1199 44803 29624 4953 24671 12157 1029 14478
cat_boundaries=0 20 41 65 86 100 121 142 163 187
cat_threshold=0 0 128 0 0 0 0 0 40960 0 0 0 32768 1 0 0 0 0 570429632 2 16777216 0 2147618848 4 0 13631489 536871105 1536 318767104 0 8912896 0 67174912 8192 270532608 16777216 0 1073741832 0 0 134217729 163840 1073741824 33554432 0 0 0 131072 0 0 0 0 134217984 37766273 1048592 0 9437696 4224 0 311312 134251008 67712 0 0 262144 268959744 4194304 16385 2097152 0 0 0 0 134217728 0 131072 2097152 131428 4194560 0 0 0 10240 0 0 1088 302514176 16777218 4194305 4096 0 0 16777216 12583040 134217728 0 196608 2181038080 260 8 33619968 524354 4194306 4096 2048 687870464 150994944 4194432 0 0 0 2181038084 134217728 0 0 1073741824 134217744 2281701376 0 4 4198402 268435456 4194304 16384 0 0 0 0 0 0 0 0 2097152 131136 0 0 0 0 0 0 0 1024 0 0 134217728 0 0 0 0 0 0 0 0 2048 0 1026 0 65536 32 16384 0 0 32 612368384 1 0 0 268435456 2147549184 5242880 268435456 2147614720 16777481 0 0 2 4 0 0 0 256 2 0 0 2157969408 1028 512
is_linear=0
shrinkage=0.1


Tree=11
num_leaves=31
num_cat=4
split_feature=10 10 10 14 10 14 10 20 3 21 14 20 3 11 16 6 9 11 14 9 3 17 6 3 21 11 16 16 16 10
split_gain=1333.26 274.489 134.384 80.1025 63.6611 36.6942 34.3437 32.69 37.3855 42.5233 31.3234 26.9248 26.2947 25.6016 24.2046 20.6125 20.4594 88.5327 34.7053 31.0758 28.3143 25.8974 23.6054 19.6124 29.7675 24.2941 28.0492 21.1788 20.2768 18.9672
threshold=0.058780442923307426 0.13585697114467624 0.024770003743469719 12.500000000000002 0.19646377861499789 73.500000000000014 0.082386106252670302 0.076906669884920134 0 4003.5000000000005 1.0000000180025095e-35 0.13217660784721377 1 5.5000000000000009 19.500000000000004 4.5000000000000009 49.850000381469734 11.500000000000002 11.500000000000002 54.250000000000007 2 20.500000000000004 8.5000000000000018 3 3950.5000000000005 -1.0000000180025095e-35 1.5000000000000002 103.50000000000001 18.500000000000004 0.014388239942491056
decision_type=2 2 2 2 2 2 2 2 9 2 2 2 9 2 2 2 10 2 2 10 9 2 2 9 2 2 2 2 2 2
left_child=2 5 13 12 10 6 -2 8 -8 15 14 -12 -4 29 -3 -10 18 -18 20 -19 21 -9 -22 24 -6 -26 -27 -25 -28 -1
right_child=1 4 3 -5 23 -7 7 16 9 -11 11 -13 -14 -15 -16 -17 17 19 -20 -21 22 -23 -24 27 25 26 28 -29 -30 -31
leaf_value=-0.082072772013387543 -0.007502347068597242 0.031235832968364644 6.0578350816810052e-05 -0.083260735023089075 0.086266778768971097 -0.082269498693508525 -0.01152232533070164 0.026164576574370182 0.049177452350672099 0.023400017668294817 0.066923173432368088 -0.01023270015007144 -0.03367841554665809 -0.090125806150438637 -0.039855913687316391 0.11994576353859072 0.0037902387618405768 0.22637322258250436 -0.046511941544284181 0.048114312755025319 0.0053038612548215762 -0.01848266515248331 -0.017573186822977944 0.037290210799980621 0.083726910916615674 0.00039869114491195359 0.078667672317623435 0.11898690201844526 0.028112717010889826 -0.051323960413587201
leaf_weight=320.86312929727137 1802.0801376625896 1770.0459797531366 267.21405988931656 321.18123538047075 294.0765547901392 49.608084011822939 185.16852224245667 832.82928536087275 84.541589692234993 406.33417179435492 51.477338097989559 372.60278146713972 2250.0044262632728 575.29636855982244 49.223410479724407 80.204213351011276 183.5366837233305 27.71261739730835 136.16218502819538 15.112755578011273 1554.5247606672347 153.9298275783658 635.38952051475644 1430.3398967608809 141.82403233647346 147.41338302195072 157.40526685118675 32.451554045081139 159.961151689291 535.25062828138471
leaf_count=10483 27742 13334 5491 9942 1219 932 2125 8926 894 5325 370 3182 50066 18444 379 792 2240 237 1809 181 18180 1820 7559 8386 642 700 720 169 736 15847
internal_value=-0.00155278 0.0172182 -0.0488295 -0.0362311 0.0356732 0.00338757 0.00408445 0.0089455 0.0278177 0.0400735 0.0236072 -0.000867067 -0.0302304 -0.0738114 0.0293123 0.08363 0.00491291 0.0339994 0.00292547 0.163467 0.00504451 0.0190072 -0.0013277 0.047126 0.0594961 0.0474987 0.036444 0.0388371 0.0531866 -0.0628483
internal_weight=15023.8 10754 4269.81 2838.4 4606.82 6147.13 6097.53 4295.45 756.248 571.08 2243.35 424.08 2517.22 1431.41 1819.27 164.746 3539.2 226.362 3312.84 42.8254 3176.67 986.759 2189.91 2363.47 900.68 606.604 464.78 1462.79 317.366 856.114
internal_count=218872 108599 110273 65499 29837 78762 77830 50088 9136 7011 17265 3552 55557 44774 13713 1686 40952 2658 38294 418 36485 10746 25739 12572 4017 2798 2156 8555 1456 26330
cat_boundaries=0 22 40 62 82
cat_threshold=0 268435456 0 4096 0 0 0 0 0 0 0 0 524608 7340032 0 0 2583691265 2214592512 0 4 2099200 32 0 0 0 3076 0 1073807360 805306368 0 0 0 4096 0 1114112 8704 0 0 0 8 0 268435456 138412032 4096 0 131072 0 0 134217728 0 131072 256 786532 7340032 0 0 268435457 8192 0 134217732 6294656 32 0 0 128 0 0 0 0 0 8192 0 0 0 0 1 0 0 0 0 570429568 2
is_linear=0
shrinkage=0.1


Tree=12
num_leaves=31
num_cat=7
split_feature=10 10 10 3 14 21 3 9 11 21 14 6 21 11 3 14 9 3 11 10 14 14 10 7 14 11 3 3 7 3
split_gain=1185.79 208.807 118.349 76.6229 74.3044 46.3065 39.0504 33.0066 29.5376 27.0261 35.8323 34.5132 26.5386 24.0465 26.4157 23.8112 35.6911 25.3895 30.0627 22.7307 22.5686 22.4083 21.8792 26.3686 23.0885 21.7007 32.5338 32.1725 21.7293 21.3116
threshold=0.058780442923307426 0.11290977895259859 0.024770003743469719 0 14.500000000000002 4222.5000000000009 1 72.350002288818374 5.5000000000000009 4003.5000000000005 12.500000000000002 1.5000000000000002 4003.5000000000005 397.50000000000006 2 48.500000000000007 50.750000000000007 3 79.500000000000014 0.017059545964002613 1.5000000000000002 79.500000000000014 0.088938668370246901 4.5000000000000009 3.5000000000000004 1.0000000180025095e-35 4 5 1.5000000000000002 6
decision_type=2 2 2 9 2 2 9 10 2 2 2 2 2 2 9 2 10 9 2 2 2 2 2 2 2 2 9 9 2 9
left_child=2 21 8 12 7 6 -5 29 19 11 -11 -8 -3 14 -13 16 17 18 20 -1 -7 22 23 -2 25 27 -27 -24 -29 -4
right_child=1 3 4 5 -6 15 9 -9 -10 10 -12 13 -14 -15 -16 -17 -18 -19 -20 -21 -22 -23 24 -25 -26 26 -28 28 -30 -31
leaf_value=-0.07708841049472144 -0.0071322624080420189 0.070926996977104015 -0.0098958727591367587 0.0093366006572788811 -0.084786416066667439 0.018353960613124793 0.0070149390607114007 0.20969803749490554 -0.090275347938033768 0.028393446998752042 -0.064479423988791362 0.010350314139548572 0.037847129469728832 0.13244255329448013 0.055962391771265912 -0.098105358591204464 0.073943413410685929 -0.0071216240465726641 0.098336893004480425 -0.043407523419403488 -0.036563778359601444 -0.078222291032953417 -0.01742850383884062 0.023327089768309044 -0.025751054885816561 -0.0033115940227402586 0.052997137197193303 -0.0052698187240188188 0.040879643928848068 -0.035034913045494775
leaf_weight=392.42330797761679 2931.6764082126319 476.38759517669678 437.65048296377063 742.97510825097561 277.29941675812006 1025.9990846812725 197.17916278541088 5.7223311550915232 532.3294494971633 1160.3021675050259 43.085539069026709 168.22337960451841 494.01822882890701 36.251153871417046 948.70405653119087 19.997781291604042 87.552096359431744 656.84154699742794 44.324577733874321 409.44197653979063 80.71754602342844 36.634104330092669 340.78892946988344 314.72498671710491 152.94079133123159 165.81316607445478 278.34997533261776 162.98150528967381 272.79675909876823 2024.0418654456735
leaf_count=13564 42408 1991 9063 5319 9374 8105 1399 131 18570 8700 460 1211 2302 204 6009 301 775 7172 314 12593 657 755 3946 4487 2115 2005 3087 1813 3017 46851
internal_value=-0.001623 0.0156719 -0.0475823 0.0277175 -0.0357063 0.0227644 0.0299927 -0.0301905 -0.0720138 0.0358254 0.0250683 0.0456771 0.0535349 0.0522879 0.0496863 0.0104423 0.0115876 0.00856779 0.0174314 -0.0598905 0.0143486 -0.000320641 0.000297067 -0.00417936 0.0108762 0.0154651 0.0330948 0.00538167 0.0230898 -0.0307481
internal_weight=14918.2 10839.3 4078.91 6182.56 2744.71 5212.15 3296.72 2467.41 1334.19 2553.75 1203.39 1350.36 970.406 1153.18 1116.93 1915.43 1895.43 1807.88 1151.04 801.865 1106.72 4656.71 4620.07 3246.4 1373.67 1220.73 444.163 776.567 435.778 2461.69
internal_count=218698 108552 110146 44919 65419 40626 23302 56045 44727 17983 9160 8823 4293 7424 7220 17324 17023 16248 9076 26157 8762 63633 62878 46895 15983 13868 5092 8776 4830 55914
cat_boundaries=0 21 45 66 90 111 132 156
cat_threshold=0 0 128 0 0 0 0 0 40960 0 0 0 0 1 0 0 0 0 587206848 67108866 65536 131072 16777216 33554432 512 0 0 0 0 0 0 0 671088896 2147508481 1026 0 8390656 402665504 201326592 4456448 131584 67127360 0 0 262144 0 256 0 0 0 0 131072 0 0 0 0 268435456 262272 2097152 0 65536 0 524288 49152 1 1049728 0 16777216 0 512 0 0 131072 131072 0 0 8192 0 136 0 0 0 0 0 0 0 67108864 0 0 262144 65664 0 0 0 0 131072 134217728 12582912 0 0 0 18874368 64 4194304 0 0 0 4608 0 0 4198400 524288 1024 0 4096 0 0 0 4194304 0 0 0 0 0 4194440 0 536870912 1 2147485184 0 0 37752832 2048 0 4096 3076 2147483648 1347420161 536939045 8192 34078720 0 8392704 0 65536 0 10485792 0 0 8 0 0 1 0 0 1024
is_linear=0
shrinkage=0.1


Tree=13
num_leaves=31
num_cat=8
split_feature=10 10 10 14 3 14 3 17 3 20 21 11 10 21 3 20 3 21 8 10 11 3 3 20 3 17 14 19 14 21
split_gain=930.606 181.791 107.881 72.6177 62.1125 34.4553 70.5626 74.335 33.5697 30.7132 30.2906 24.7659 25.0911 22.0392 21.4703 23.6264 49.4602 105.807 41.8744 20.5812 33.4406 87.9694 38.8915 27.2918 32.1693 36.1207 24.2022 25.4625 23.8207 23.5708
threshold=0.047626268118619926 0.11290977895259859 0.024770003743469719 17.500000000000004 0 1.5000000000000002 1 7.5000000000000009 2 0.11554880812764169 4359.5000000000009 5.5000000000000009 0.014388239942491056 3950.5000000000005 3 0.024598307907581333 4 4550.5000000000009 11.500000000000002 0.082386106252670302 1.0000000180025095e-35 5 6 0.076906669884920134 7 1.0000000180025095e-35 8.5000000000000018 0.065830215811729445 31.500000000000004 4272.5000000000009
decision_type=2 2 2 2 9 2 9 2 9 2 2 2 2 2 9 2 9 2 2 2 2 9 9 2 9 2 2 2 2 2
left_child=2 19 11 14 13 8 -7 9 -6 -8 -10 12 -1 -3 -4 16 17 18 -16 -2 22 28 -21 26 25 -25 27 -23 29 -22
right_child=1 4 3 -5 5 6 7 -9 10 -11 -12 -13 -14 -15 15 -17 -18 -19 -20 20 21 23 -24 24 -26 -27 -28 -29 -30 -31
leaf_value=-0.082377550857742149 -0.0094213852099027887 0.066897962841601752 -0.046533635860220982 -0.087281100759691796 -0.0082515514742294033 -0.028335058116786528 0.13826731284822433 -0.053341562835688916 0.029794878453103094 0.044991609126643593 0.009653886289573534 -0.087149683762972399 -0.044513926993265222 0.036224822995505036 -0.044947305246515218 -0.026725733067284999 -0.022944166062248722 0.55937921118006273 0.11819378093327795 0.024189900394539027 -0.021720673861584397 0.027976496167710332 -0.011620386379344649 0.099823538523046443 -0.0046389113296609339 0.023714254990732975 -0.049428025708402386 0.13200456044644146 -0.090268889985450684 0.027833589821481569
leaf_weight=274.40314006246626 2056.1728217676282 353.52946196496487 475.7563521694392 225.08061349764466 327.96395429968834 404.18329527974129 42.780330158770084 73.565385445952415 3183.7021495625377 201.91741772741079 975.48865699023008 486.01974867470562 483.2039752472192 694.2834615111351 26.781399842351675 1457.9936150517315 163.59484730288386 4.3675234299153081 38.139127327129245 371.90560712665319 310.87287281826138 33.184435524046421 1469.847819507122 110.30397249758244 145.6848659068346 143.45195481553674 11.675852563232182 80.863985382020473 36.641745664179325 138.86283600702882
leaf_count=10413 33483 1489 11668 8433 2525 4133 302 597 22512 1396 8715 18457 15723 3192 632 34187 4057 104 902 4108 3921 387 18851 1199 1823 1701 153 910 646 1772
internal_value=-0.00169592 0.0126103 -0.0456413 -0.0332193 0.0239119 0.0193169 -0.000913963 0.0337401 0.0226171 0.0612989 0.0250109 -0.0695308 -0.058228 0.0461336 -0.0276031 -0.0218721 0.00757535 0.0724845 0.0508939 -0.00179425 0.0037021 0.01831 -0.00432096 0.0461844 0.0342744 0.0546444 0.0876973 0.101736 -0.0124803 -0.00642003
internal_weight=14802.2 11166.9 3635.34 2391.71 6257.41 5209.6 722.446 318.263 4487.15 244.698 4159.19 1243.63 757.607 1047.81 2166.63 1690.88 232.883 69.2881 64.9205 4909.47 2853.3 1011.54 1841.75 525.165 399.441 253.756 125.724 114.048 486.377 449.736
internal_count=218391 113815 104576 59983 44861 40180 6428 2295 33752 1698 31227 44593 26136 4681 51550 39882 5695 1638 1534 68954 35471 12512 22959 6173 4723 2900 1450 1297 6339 5693
cat_boundaries=0 21 42 63 85 108 132 156 174
cat_threshold=0 0 8388736 0 0 0 0 0 40960 0 0 0 0 1 0 0 0 0 587206848 2 67108864 131072 0 16384 512 0 0 131072 131072 0 0 0 1744830720 271636 1280 0 9437184 0 34078720 0 0 376864 0 1090519296 33554432 0 0 0 0 0 0 0 131072 268437504 4210688 0 0 65536 268435458 218103808 40960 32769 2240 603979776 134217729 0 1 268435456 2097160 3162112 268439552 2147614720 285345025 262144 0 16777216 0 0 2147483648 0 256 2 0 0 2290089984 1073741824 4 0 0 0 1073741824 67108882 524544 524288 32768 4096 0 0 4 0 0 0 0 1 0 0 2097154 66560 65664 0 4194304 0 0 131072 134217728 12582912 0 0 0 2164260864 537395264 4194304 0 0 35651600 36864 65536 524288 37748736 32 0 32768 65536 0 4194304 0 0 131072 0 12582912 0 0 65536 16777216 537395264 4194304 0 0 33816592 32768 65536 4 33554432 32 0 32768 0 0 1 4096 0 0 0 0 0 0 1048576 0 134217728 8 0 0 1 1024
is_linear=0
shrinkage=0.1


Tree=14
num_leaves=31
num_cat=13
split_feature=19 3 3 3 3 11 3 14 3 9 19 3 16 3 3 9 3 21 1 3 21 3 21 11 16 16 11 14 16 16
split_gain=660.729 168.523 127.132 75.6467 72.9524 66.9781 91.7283 51.9348 94.6647 52.5898 46.7713 44.3608 34.5087 43.9601 33.4983 32.9959 32.3273 27.6649 27.4789 26.0078 25.7679 22.885 22.0565 19.6558 22.3684 19.1913 21.6559 19.1336 19.0579 18.952
threshold=0.053746230900287635 0 1 2 3 15.500000000000002 4 4.5000000000000009 5 49.850000381469734 0.016124478541314605 6 14.500000000000002 7 8 37.850000381469734 9 4193.5000000000009 10 11 4003.5000000000005 12 3976.5000000000005 397.50000000000006 9.5000000000000018 36.500000000000007 85.500000000000014 18.500000000000004 23.500000000000004 8.5000000000000018
decision_type=2 9 9 9 9 2 9 2 9 10 2 9 2 9 9 10 9 2 9 9 2 9 2 2 2 2 2 2 2 2
left_child=2 17 -1 -4 -3 16 10 11 9 20 -7 -6 -10 15 25 -14 -5 21 -16 22 23 28 -20 24 -9 26 -13 29 -2 -22
right_child=1 4 3 5 7 6 -8 8 12 -11 -12 14 13 -15 18 -17 -18 -19 19 -21 27 -23 -24 -25 -26 -27 -28 -29 -30 -31
leaf_value=0.043274235498589463 0.026751523822537399 -0.064890678905254004 -0.079436461891542576 0.021138393375777515 -0.049125359812370782 0.27018014981299282 -0.071434796290204786 0.1355554668531582 -0.064706200141086412 0.17061099871280511 0.022486062366551339 0.026926461856960782 0.028130396701090871 -0.039598695381773567 0.039910799612463382 0.21415656783737128 -0.029414488007045797 0.022893376358996066 0.033149069731910771 0.0010718603370191303 -0.040075276103056397 0.052885122150368981 0.0094583100452787922 0.14377163621312736 -0.02952931341649517 -0.038956644907879763 0.1228410785650218 -0.07634676375160189 -0.072625043887033267 0.068170130880253449
leaf_weight=187.62001149915159 278.39128694683313 134.21672029793262 431.42642612755299 129.65650329366326 118.83826972916722 8.7472365722060186 678.49244445189834 12.408152565360067 291.32162475772202 27.479975135996938 59.335234981030226 1038.7119302935898 48.4449751265347 149.91292844340205 241.04817954450846 11.8712832480669 2435.4371983986348 862.93200926482677 495.32601583376527 3914.1279883868992 29.543885579332709 1034.1994618400931 1902.0854794830084 23.333164937794209 24.245627220720053 43.115437638014555 24.085914615541697 30.880352510139346 20.73512689396739 35.743794038891792
leaf_count=2875 1480 2862 16666 2321 1698 110 23471 97 4690 233 1331 9688 685 2359 1838 118 61079 5315 4159 50303 349 4852 18148 124 202 402 229 361 115 424
internal_value=-0.000763066 0.012021 -0.0358656 -0.0398416 0.00567261 -0.0344598 -0.0609246 0.00686703 -0.019518 0.0408198 0.0473544 0.00920038 -0.0415942 -0.0115458 0.0101563 0.0555361 -0.0268915 0.0366773 0.00741106 0.00610867 0.0205933 0.0458733 0.0142934 0.0720271 0.0263557 0.0262099 0.0291002 -0.0114896 0.0192203 0.0191871
internal_weight=14723.7 10793 3930.72 3743.1 8596.74 3311.67 746.575 8462.52 685.186 183.635 68.0825 7777.34 501.551 210.229 7658.5 60.3163 2565.09 2196.26 6552.59 6311.54 156.155 1333.33 2397.41 59.9869 36.6538 1105.91 1062.8 96.168 299.126 65.2877
internal_count=218584 110731 107853 104978 98969 88312 24912 96107 9642 1790 1441 86465 7852 3162 84767 803 63400 11762 74448 72610 1557 6447 22307 423 299 10319 9917 1134 1595 773
cat_boundaries=0 24 45 69 93 116 137 161 174 196 220 221 243 267
cat_threshold=2147483648 1074266112 8388736 0 0 0 0 131072 40960 0 131072 0 2129960 3 0 0 128 786432 570691776 131074 68157444 0 0 262144 268566528 285212674 33554432 4104 0 553648128 268435584 4194304 0 0 1073742336 50331648 2151686146 65792 0 1074790400 135170 134217728 0 524288 34 536870912 0 64 0 268443648 0 0 268435456 0 2113664 0 0 268435456 109051904 1 0 0 0 0 0 0 843385857 1086325008 4096 0 268435457 33554432 0 1024 16777228 2485127296 512 2147876864 1048576 1074020352 0 2 4 1073741824 0 131072 134217728 0 0 0 2147483778 65536 512 1107296256 6291456 8192 2098178 0 33624064 2816 9216 0 4 18432 0 328448 8192 0 0 8208 2048 32770 0 4194304 0 2 524288 4194304 0 2097152 0 0 0 0 0 0 1056768 276826112 4194320 16392 0 65536 0 67111424 32770 0 2097152 69206016 16777216 12288 3178496 2056 537493504 20520 268959744 134217728 32768 8388608 65536 0 32 0 65536 0 0 32768 0 134217730 1073741824 2 65536 0 0 16384 0 0 0 0 0 268435456 0 0 1109393408 540676 268468224 256 2151680000 512 0 0 0 0 0 0 0 1073741856 9704128 0 0 8390656 0 2181055488 20971776 65600 1184 32 2097152 0 4196354 132 1024 8519680 4 0 134742016 2 278528 2097152 1048784 0 268435456 16777216 134217744 512 0 0 65537 2097282 1024 512 44042240 524288 37748736 134217728 0 0 262144 134217728 8388608 285212672 0 8192 142606336 33621268 1024 0 1074790912 167776320 8192 0 512 0 8388608 2147483648 0 0 0 0 0 0 131072 0 0 131072 0 32768 2 0 0 0 0 0 0 67108864 0 0 262144
is_linear=0
shrinkage=0.1


Tree=15
num_leaves=31
num_cat=12
split_feature=20 3 3 3 3 11 3 19 3 21 14 3 21 3 14 3 16 3 16 3 3 21 21 19 20 7 8 19 21 20
split_gain=588.365 133.784 71.1237 68.5661 49.836 55.8352 70.0573 42.6176 54.9519 42.4067 41.0264 35.9239 29.9505 27.5686 28.8115 39.8115 32.3445 27.2846 23.4379 84.6916 36.1927 27.9165 22.1865 21.5997 19.8601 19.7855 19.4003 18.9022 18.7713 31.7199
threshold=0.042491668835282333 0 1 2 3 15.500000000000002 4 0.095988299697637572 5 4496.5000000000009 3.5000000000000004 6 1.0000000180025095e-35 7 3.5000000000000004 8 11.500000000000002 9 1.5000000000000002 10 11 4125.5000000000009 3976.5000000000005 0.017782646231353286 0.051129089668393142 5.5000000000000009 17.500000000000004 0.093412287533283248 4073.5000000000005 0.068820483982563033
decision_type=2 9 9 9 9 2 9 2 9 2 2 9 2 9 2 9 2 9 2 9 9 2 2 2 2 2 2 2 2 2
left_child=3 22 -3 -1 10 11 9 8 -4 23 -5 -6 -10 27 18 16 -16 -9 20 -20 21 28 -2 -7 26 -19 -23 -14 -15 -30
right_child=1 2 7 4 5 6 -8 17 12 -11 -12 -13 13 14 15 -17 -18 25 19 -21 -22 24 -24 -25 -26 -27 -28 -29 29 -31
leaf_value=-0.081635073456071461 0.047554079153468404 -0.06397757547242032 0.048714444962810556 0.022384509436137557 0.011809467461810462 0.12439740994698947 -0.07088876126498303 -0.023825286289230981 0.11823510442352179 0.23704580889779203 0.28470810631058818 -0.032722045330232145 -0.032752910309679098 0.037666894411346019 -0.014771741673436492 -0.044162815710818072 0.11237163154469668 0.011611166111717794 0.061159425915209648 -0.0091398013262930441 -0.009053965374210866 0.016264772778248521 0.025238040042307591 -0.045904899244871469 -0.0076409971904125296 0.040907001991679272 0.22276815623083995 0.051331787510658804 0.23303907310381217 0.029442626246908035
leaf_weight=341.68847435154021 632.77602401375771 141.49375194683671 193.29986569285393 84.777057114988565 199.78830954618752 11.10503166168928 590.87140551023185 201.04737986810505 19.773483846336603 10.904896235093473 6.4129510242491952 1934.2609903588891 456.87177004106343 160.99962525814772 50.80112911388278 300.90614001266658 33.009550083428621 4412.1955610960722 260.42295286431909 466.21798457577825 2101.2405845969915 11.371349506080152 1505.3527739085257 22.611597929149866 228.41420594975352 243.24301869794726 7.5833197310566893 28.396645441651344 14.139675643295051 16.678646374493837
leaf_count=14770 2901 3060 1748 1579 4814 159 23162 2175 198 161 84 53643 6817 1943 738 5684 391 39818 3650 6610 29707 195 8166 544 3158 2135 131 354 164 240
internal_value=-0.00137777 0.00918999 0.00400456 -0.0392815 -0.0338192 -0.0362683 -0.0624187 0.00511764 -0.00206557 0.0536128 0.0367972 -0.028651 -0.00453322 -0.00513096 -0.00210849 -0.0279987 0.0315414 0.0115624 0.000933789 0.0167708 -0.0035961 0.0222168 0.0316942 0.0101865 0.000521336 0.0131137 0.0988819 -0.0272705 0.0513535 0.122854
internal_weight=14688.7 11486.2 9348.11 3202.42 2860.73 2769.54 635.493 9206.61 4350.13 44.6215 91.19 2134.05 4156.83 4137.05 3651.79 384.717 83.8107 4856.49 3267.07 726.641 2540.43 439.187 2138.13 33.7166 247.369 4655.44 18.9547 485.268 191.818 30.8183
internal_count=218899 119983 108916 98916 84146 82483 24026 105856 61728 864 1663 58457 59980 59782 52611 6813 1129 44128 45798 10260 35538 5831 11067 703 3484 41953 326 7171 2347 404
cat_boundaries=0 21 45 69 88 111 135 158 181 200 224 248 270
cat_threshold=32768 1074266368 8388736 0 0 0 524288 131072 40960 0 0 0 2155872265 1 0 512 0 524288 587469248 67239938 67371044 1107296256 135266304 33685504 1081344 268435456 2147549192 2149580835 256 2164260864 16384 1073741824 0 2 0 1073741824 0 2228224 402653184 0 0 0 2097152 66560 1024 0 0 0 0 8192 0 0 0 0 1074790528 0 0 268435456 109051904 1 0 0 0 0 0 0 566576129 4194688 2436 1073872896 16777216 4098 2 0 553668608 67111073 0 67108864 2 1082212352 0 1048576 1024 268435456 0 139264 134251008 32768 33554432 2097152 33562624 132 0 33554432 16896 8192 0 256 2048 0 0 8192 0 0 0 0 2 0 0 128 2 128 0 134217729 0 0 131072 0 4194304 0 0 0 536870912 134222992 65792 0 1082132480 4194 2147483648 8 134250496 33620098 0 0 65536 2097152 524288 133120 2048 0 9469954 285474884 268435712 17301504 1024 0 8192 514 0 0 16777216 16 268435456 0 0 0 2149580928 117441536 8388608 20971584 541065216 2097152 0 67112960 268828804 0 0 2097152 18432 142608384 524288 0 0 0 8192 67141632 16385 0 2048 0 4096 524288 33554432 0 0 0 0 0 0 33554432 0 1048576 2181038112 262144 16384 0 65536 0 512 32768 0 268435456 0 128 2147483648 17170432 0 12582912 0 0 512 136315136 2101280 2304 0 1073741824 33554496 2147484160 8 557056 37830656 128 0 262144 67633152 2 2048 1024 0 268451840 0 12288 369098752 0 1048576 50331648 4259844 16392 0 536936448 1 18944 0 1 20481 32 0 262144 285343744 33554432 2147483648 2052 0 512 16777216 8388736 134479872 0 134217728 69206020 536888160 3147792 0 0 0 0 16 0 2098176 128
is_linear=0
shrinkage=0.1


Tree=16
num_leaves=31
num_cat=12
split_feature=10 10 10 3 17 3 3 20 16 3 20 7 2 10 17 3 3 20 19 3 12 16 3 6 19 9 7 1 5 3
split_gain=581.756 106.168 91.2718 39.1375 33.3601 63.6254 26.1782 46.2867 23.2458 90.71 23.2444 23.0707 20.1766 19.813 18.6609 39.3568 24.5661 24.729 20.8661 17.8032 17.6688 17.5776 17.4377 17.3087 17.2406 17.098 29.2256 16.9147 21.1027 22.7196
threshold=0.042355967685580261 0.11290977895259859 0.017059545964002613 0 7.5000000000000009 1 2 0.07274292036890985 9.5000000000000018 3 0.29067090153694158 5.5000000000000009 4 0.023266430944204334 1.0000000180025095e-35 5 6 0.017089337110519413 0.039049755781888969 7 -1.0000000180025095e-35 15.500000000000002 8 6.5000000000000009 0.38165868818759924 41.95000076293946 1.5000000000000002 9 10 11
decision_type=2 2 2 9 2 9 9 2 2 9 2 2 9 2 2 9 9 2 2 9 2 2 9 2 2 10 2 9 9 9
left_child=2 11 12 10 6 -6 21 -8 14 13 -3 22 -1 -10 16 25 17 -4 -18 23 24 -5 -2 -13 -12 -16 -27 -9 29 -29
right_child=1 3 8 4 5 -7 7 27 9 -11 20 19 -14 -15 15 -17 18 -19 -20 -21 -22 -23 -24 -25 -26 26 -28 28 -30 -31
leaf_value=0.069992186184485203 0.0083800208599456184 0.071113587477915519 0.095685277964441151 0.0016479406475885243 -0.026244687658879187 0.029543562720644158 0.091803275569644016 0.049008116491732923 0.31496969791496987 -0.077111962467881018 0.0087590515410729663 0.039107865069292751 -0.080780580370688637 0.055047856056347683 0.011399152749536788 -0.053933188795153048 -0.022760322812071177 -0.0066639270660246623 -0.052719136013162873 0.015385407164279977 0.021204986618553599 -0.055849607581854137 -0.0064452776838454856 0.20832703770428893 0.075318390996265139 0.38725409006223827 0.01201226742839964 0.026098019726496696 -0.059347438427179169 0.010679351237962714
leaf_weight=4.6478783525526524 987.53074502572417 159.63090599328279 25.584165628999472 315.98452062159777 508.86455027759075 327.66500568762422 86.974219672381878 165.19327655434608 3.1161117013543835 293.39472857862711 54.721949055790901 10.808765940368177 493.3908615577966 49.821026898920536 57.278012368828058 487.09774560667574 983.57762095704675 305.44527694955468 304.44242435880005 234.55832132324576 620.71034184098244 63.925753846764565 3892.4695895239711 13.713566474616526 134.73831018805504 3.4618211127817613 5.1833203714340925 1705.7628023214638 27.18309535831213 2280.3393703177571
leaf_count=226 12197 762 782 2306 4326 2406 560 916 147 11286 252 158 22810 1627 1691 14987 29325 8092 8518 3251 2700 473 58494 180 554 103 158 12337 203 17289
internal_value=-0.00135466 0.00882604 -0.0404744 0.0173678 0.0140043 -0.00435324 0.0173402 0.0195537 -0.0327388 -0.0567991 0.0358661 -0.00189741 -0.0795901 0.0591705 -0.0289025 -0.0447619 -0.0234853 0.00120976 -0.0296116 0.0271817 0.0293639 -0.00782104 -0.00344122 0.0949998 0.056094 0.0270772 0.162272 0.0180967 0.0166607 0.0173262
internal_weight=14607.2 11590.8 3016.44 6451.69 5481.89 836.53 4645.36 4265.45 2518.4 346.332 969.802 5139.08 498.039 52.9371 2172.07 553.021 1619.05 331.029 1288.02 259.081 810.171 379.91 4880 24.5223 189.46 65.9232 8.64514 4178.48 4013.29 3986.1
internal_count=219116 119364 99752 45084 40816 6732 34084 31305 76716 13060 4268 74280 23036 1774 63656 16939 46717 8874 37843 3589 3506 2779 70691 338 806 1952 261 30745 29829 29626
cat_boundaries=0 21 42 63 86 97 120 144 166 190 191 192 213
cat_threshold=0 0 8388736 0 0 0 0 0 8192 0 131072 0 0 0 0 512 32 0 570429632 196610 132 32768 0 16384 0 0 0 131072 0 0 0 0 1887438848 8683549 1 0 8456192 0 134479872 16809984 0 2099232 0 256 33554432 0 0 0 0 0 0 0 0 256 417 3146768 0 0 402661378 168296448 8448 512 1147904 679477248 134217728 536870912 0 0 2181038084 16384 2621440 0 0 1073745920 0 0 0 0 2147483648 0 0 2 0 0 0 2 16777248 2147483648 0 67108864 0 4672 0 131072 0 0 1073741824 2048 536870912 65536 128 0 8 2097152 268435456 524288 36928 1073741824 0 0 4 0 0 0 268435712 0 0 0 1049090 2452594699 2099264 134217728 536871424 0 0 0 2147483648 33554688 17301504 134219272 4096 8 2 0 0 0 0 0 0 0 0 2424307712 100926528 512 33554432 0 0 0 0 0 0 0 0 0 0 2147483648 65536 0 0 0 0 0 0 0 0 32 65664 33554432 4194305 1048576 2048 134217728 0 4194304 0 0 65536 2097184 671612992 4202624 0 0 0 2147520512 1114112 0 37752835 0 0 98304 42076160 10 0 0 0 0 0 0 131072 131072 0 0 0 1082132480 12845068 65536 0 65536 0 262144 0 0 67108864
is_linear=0
shrinkage=0.1


Tree=17
num_leaves=31
num_cat=10
split_feature=10 10 10 14 3 3 14 16 3 3 3 16 16 3 9 3 17 3 14 21 11 16 3 11 11 3 16 14 16 14
split_gain=490.933 82.1569 81.3552 65.2108 48.6321 36.3194 32.2769 71.2628 71.9936 41.7531 34.3027 29.4931 28.9891 42.5081 28.8774 26.3949 23.2379 22.2975 51.1388 21.7393 20.9713 20.6626 26.7562 20.4241 19.8126 22.6544 19.3925 19.7467 19.2482 28.2105
threshold=0.042355967685580261 0.017059545964002613 0.096029393374919905 19.500000000000004 0 1 1.5000000000000002 6.5000000000000009 2 3 4 15.500000000000002 24.500000000000004 5 65.950000762939467 6 2.5000000000000004 7 19.500000000000004 3950.5000000000005 49.500000000000007 19.500000000000004 8 40.500000000000007 586.50000000000011 9 44.500000000000007 4.5000000000000009 13.500000000000002 5.5000000000000009
decision_type=2 2 2 2 9 9 2 2 9 9 9 2 2 9 10 9 2 9 2 2 2 2 9 2 2 9 2 2 2 2
left_child=1 -1 12 4 14 -4 10 9 16 19 20 -6 17 -14 -3 -13 23 18 -2 -8 -7 -12 -23 -9 25 -10 27 -27 29 -19
right_child=2 3 5 -5 11 6 7 8 24 -11 21 15 13 -15 -16 -17 -18 28 -20 -21 -22 22 -24 -25 -26 26 -28 -29 -30 -31
leaf_value=-0.076976487144931938 -0.042162729953406267 -0.0091909900068871848 0.030452762564295272 -0.086281598134287887 -0.032195148525272603 -0.025851687709937194 0.17868600606623453 0.19169511789116214 -0.062246398560926432 -0.04605214670170258 0.017719027733412628 0.032094129938756759 0.033079636735948346 -0.055702460037173177 0.20208602508896156 -0.08509022029274349 0.0046153650152480456 0.0016144010228005699 0.25754863256110744 0.0017320703068167834 0.077328493454612512 -0.062119748303312863 0.01499604732763667 0.079835287836992327 -0.066473704587152724 0.039639752130994528 0.062957089180726775 -0.04016319773896642 0.037808720839651415 -0.040386266833581097
leaf_weight=457.63537944667041 198.16147223114967 889.54302299581468 1197.7046442180872 195.03650750033557 1165.2424399983138 281.01040450483561 14.177115716040136 19.371974281966686 34.961954332888126 369.25398546084762 4559.2444439604878 21.242490790784359 67.419729124754667 202.0315025690943 6.5166480187326661 168.13999294489622 34.535598181188107 3799.0483535863459 5.8614319525659075 13.60525321215391 21.183422230184078 66.461887329816818 105.02031789720058 103.7010190859437 52.097219880670309 55.076119899749756 62.183753661811352 70.950359296053648 138.21736447326839 166.9459374435246
leaf_count=22836 3491 23457 5265 9414 35980 1934 83 156 275 3823 34464 690 1025 3663 153 7067 334 54949 37 128 144 526 779 755 554 493 478 878 2181 3024
internal_value=-0.00130117 -0.0380885 0.00787607 -0.0308119 -0.0260051 0.0146082 0.0113001 -0.00695256 0.0211113 -0.0375498 0.0143324 -0.0378642 -0.00250747 -0.0343278 -0.00756998 -0.0747444 0.0725017 -0.000517321 -0.0319845 0.0676722 -0.0180225 0.0164026 -0.01764 0.0974423 -0.010563 0.00201548 0.0163893 -0.00528769 0.00112213 -0.00015359
internal_weight=14541.6 2903.36 11638.2 2445.72 2250.68 7060.54 5862.83 829.914 432.878 397.036 5032.92 1354.62 4577.69 269.451 896.06 189.382 157.609 4308.23 204.023 27.7824 302.194 4730.73 171.482 123.073 275.269 223.172 188.21 126.026 4104.21 3965.99
internal_count=219036 99597 119439 76761 67347 51069 45804 7957 3923 4034 37847 43737 68370 4688 23610 7757 1245 63682 3528 211 2078 35769 1305 911 2678 2124 1849 1371 60154 57973
cat_boundaries=0 23 44 65 86 107 128 147 166 184 208
cat_threshold=2147483712 4 536871424 128 8 32768 2147745810 0 16777216 0 1074024448 0 0 4 8388608 0 0 0 0 0 0 0 529408 32768 1073742080 8388736 0 0 0 0 0 40960 0 0 0 4227072 1 0 0 0 33570816 570687680 67108866 65664 0 16777216 0 0 0 0 0 0 0 0 0 276824064 278540 0 0 65536 0 1024 32768 131072 67108864 0 0 1 0 0 0 0 0 0 0 0 8390656 0 0 0 8388608 0 201850880 0 0 4 0 16777216 33554432 0 0 0 0 0 0 0 0 2048 8388608 1024 0 67584 4096 201589760 40960 134250496 67115076 524288 64 0 10 0 285212672 268435968 8192 0 0 1050624 33554432 1114112 16392 0 0 262144 2048 8 0 1 738197504 134217728 1024 0 0 2181038092 16384 2101248 0 268435492 0 0 0 0 0 0 0 0 2 33554432 0 139298 0 2147485696 1359021056 537428868 1024 67108864 0 0 0 134217728 16928 805306368 0 0 2056 65536 0 0 16384 0 0 0 0 0 0 0 0 1098907648 26033 65536 0 0 0 524288 0 0 33554433 4096 0 0 0 131072 0 0 0 2304 0 1280 0 1048576 0 83886080 0 0 36896 0 0 262144
is_linear=0
shrinkage=0.1


Tree=18
num_leaves=31
num_cat=13
split_feature=19 3 3 3 3 14 16 3 3 14 3 19 21 3 16 3 14 3 3 19 14 17 3 17 3 11 21 21 11 8
split_gain=308.985 84.5507 72.8216 71.6731 55.8222 47.2719 34.6823 116.7 31.5388 30.7147 85.0004 36.1264 29.1276 29.0609 28.8629 28.1853 24.5129 96.0676 54.8671 34.2384 26.6944 110.366 32.3876 21.1499 21.001 20.3879 19.0741 23.5043 62.9531 75.6811
threshold=0.053746230900287635 0 1 2 3 59.500000000000007 17.500000000000004 4 5 7.5000000000000009 6 0.093412287533283248 4222.5000000000009 7 5.5000000000000009 8 2.5000000000000004 9 10 0.016124478541314605 1.0000000180025095e-35 1.0000000180025095e-35 11 6.5000000000000009 12 509.50000000000006 4014.5000000000005 4510.5000000000009 -1.0000000180025095e-35 17.500000000000004
decision_type=2 9 9 9 9 2 2 9 9 2 9 2 2 9 2 9 2 9 9 2 2 2 9 2 9 2 2 2 2 2
left_child=1 -1 -3 12 -5 6 8 -8 -4 13 11 -11 -2 -6 -12 25 18 19 26 -18 22 -22 -20 -24 -25 -16 -10 -28 29 -29
right_child=3 2 5 4 9 -7 7 -9 16 10 14 -13 -14 -15 15 -17 17 -19 20 -21 21 -23 23 24 -26 -27 27 28 -30 -31
leaf_value=-0.074066215941647182 0.033796218718911593 0.057328940972783606 0.018288348668001522 -0.049706407691512945 -0.040124412047744862 -0.087275122112623379 0.073733832281789605 -0.080557385274704241 0.043734281929245146 -0.015270894476614741 -0.072921437703418329 0.14518966258135307 0.0085579477225484184 0.0070532394095878847 0.060441354318844946 -0.040746955829207954 0.21061854970509197 -0.062911804808613733 0.0041939800752463195 0.024076014112127949 0.1104495407697511 -0.045456537964095968 -0.043849160149363769 0.052368166933506599 -0.033232253792748467 -0.03672205437500943 -0.009709907101679606 0.46566252716251078 0.0090779499342983575 -0.078834014225523608
leaf_weight=331.64309392310679 1282.5949718616903 105.19561852701008 214.32062758877873 181.37562975101173 123.0451296120882 114.51094061695039 53.769018532708287 252.16384565457702 127.60060228407383 20.80067427828908 146.33175865374506 43.111918151378632 710.65203446522355 8207.6756334695965 63.565113000571728 170.19753339141607 18.645745316520333 320.61536812968552 209.84180047921836 20.831943858414888 68.037937929853797 136.50036458484828 997.30928593315184 41.100274812430143 55.578003689646721 32.707855839282274 370.86894813738763 7.183897225186227 49.443462932482362 3.9597037453204393
leaf_count=16633 6422 1423 4554 3412 1938 5893 1356 10386 3344 279 2660 282 4359 87541 574 2979 161 11061 4829 553 1755 3673 28524 1006 1457 382 10012 172 1364 109
internal_value=-0.000677622 -0.0265555 -0.02128 0.00756764 0.00374268 -0.0241582 -0.0217883 -0.0536631 -0.0180971 0.00489851 -0.0197825 0.080389 0.0246742 0.00631673 -0.0363583 -0.0176441 -0.0212971 -0.045463 -0.017191 0.0895088 -0.0270043 0.0064043 -0.0324524 -0.0391621 0.0051379 0.0248498 0.00959724 -0.000276147 0.0574703 0.272184
internal_weight=14481.2 3499.12 3167.48 10982.1 8988.81 3062.28 2947.77 305.933 2641.84 8807.44 476.715 63.9126 1993.25 8330.72 412.802 266.471 2427.52 360.093 2067.42 39.4777 1508.37 204.538 1303.83 1093.99 96.6783 96.273 559.057 431.456 60.5871 11.1436
internal_count=219093 108265 91632 110828 100047 90209 84316 11742 72574 96635 7156 561 10781 89479 6595 3935 68020 11775 56245 714 41244 5428 35816 30987 2463 956 15001 11657 1645 281
cat_boundaries=0 24 45 69 93 116 140 161 184 202 226 249 273 296
cat_threshold=0 0 0 0 8192 0 1048576 0 0 3225944576 0 0 268435456 109051904 1 0 0 0 0 0 0 567116801 1077952816 4144 0 16777218 0 1052808 0 553648128 2176 4194304 134217728 0 512 52428800 2147753984 65536 0 1048576 134352899 134217728 0 134217728 2 0 1074266112 8390784 2097152 0 0 524288 0 40960 0 131072 32 2129928 1025 0 512 128 2147483648 591417472 131074 262148 32 0 262144 0 3 33554432 4098 0 285229064 2149583872 128 2147745792 32776 1074003968 8192 2 0 0 0 393216 134217984 0 524288 32 2149580800 65536 512 2818572288 4194308 570425344 2 0 268435460 770 2105344 0 256 1073764352 0 66048 1024 0 0 16 2048 32778 0 1 0 2 268566528 0 2684356608 2048 0 8404993 2147483652 0 0 2 0 0 1048914 0 0 1090519040 0 512 0 524292 2097152 2097282 65536 512 33587200 4194304 16384 0 0 0 0 0 0 0 1048576 0 0 16384 0 65536 64 67108864 32768 0 67108864 131072 16777216 8192 32776 8 0 32 4727808 131072 1049088 142624768 256 0 32 1610612736 2147483648 0 335544320 40968 0 134217728 1073741824 2 524288 0 0 0 0 0 0 0 0 0 8192 866123776 4734980 0 0 0 0 512 3271557120 2097152 33554432 2097152 0 65536 524288 268443648 0 0 1073741824 0 0 8192 0 0 0 256 2 0 0 2147483648 2147483777 4 671088704 301989892 4325888 4 0 393216 64 0 17039360 0 278656 0 4259840 0 268435456 0 2359296 1024 0 32768 1184 32 294920 18874368 67108928 0 1026 8 4 88080392 33558528 0 1 134217728 67108864 134873600 2304 0 0 0 805306368 0 0 4263937 0 131136 8 1082130432 541065217 33554432 0 268435456 0 0 8192 2181038080 64 1073778688 2147483648 0 4 0 0 0 0 2 0 0 0 2155872256
is_linear=0
shrinkage=0.1


Tree=19
num_leaves=31
num_cat=11
split_feature=10 10 3 14 11 3 3 21 21 3 3 14 16 3 21 3 8 20 3 3 20 9 11 3 3 11 20 11 19 14
split_gain=370.415 82.4666 58.0108 56.2733 34.5825 34.4634 33.4225 33.3332 25.8045 35.6567 34.0193 30.7898 32.2807 30.3429 25.6877 37.199 32.1314 34.0288 23.8207 23.0678 29.0551 21.7649 31.4327 24.1431 19.62 21.132 18.2337 54.5231 52.1543 16.9802
threshold=0.059951074421405799 0.023266430944204334 0 5.5000000000000009 5.5000000000000009 1 2 4073.5000000000005 4003.5000000000005 3 4 1.5000000000000002 13.500000000000002 5 3950.5000000000005 6 9.5000000000000018 0.10704411566257478 7 8 0.0073282290250062951 49.850000381469734 3.5000000000000004 9 10 -1.0000000180025095e-35 0.024598307907581333 -1.0000000180025095e-35 0.021319050341844562 3.5000000000000004
decision_type=2 2 9 2 2 9 9 2 2 9 9 2 2 9 2 9 2 2 9 9 2 10 2 9 9 2 2 2 2 2
left_child=1 4 -2 6 24 7 -3 -5 10 11 -4 -10 -13 -14 19 -16 17 -17 26 20 -12 23 -23 -18 25 -1 27 28 -8 -21
right_child=2 3 8 5 -6 -7 18 -9 9 -11 14 12 13 -15 15 16 21 -19 -20 29 -22 22 -24 -25 -26 -27 -28 -29 -30 -31
leaf_value=-0.051729645058884333 0.02861955824124603 0.002610333061490016 -0.017464116303327011 0.30611724829983272 -0.082880838885795782 -0.066634045404731973 0.48658387998618641 0.0032562600792783226 0.012463579240403623 -0.0063445923322705648 0.15214749817225104 -0.038660367269360209 0.055887652499964406 -0.022048600131437363 -0.0034909425054690346 0.2191316234325946 0.00031091062402215883 0.066664249358201075 -0.03437189782349781 0.018536472488167383 -0.01096271171429525 0.019890576617897338 0.2220002743353261 0.056175641002708193 -0.0492857047983076 0.04297090375071376 -0.012612958607382655 -0.0097252978093286899 0.0233945501346687 -0.01952648323072944
leaf_weight=41.257585689425468 1238.0217190086842 745.78727884404361 335.29746613651514 5.3631628267467049 310.93335672467947 298.2037250623107 5.0388118773698789 11.271599104627965 2963.3110829629004 2867.7880361992866 11.159714281558989 257.88396217301488 85.784488648176193 97.868209093809128 188.6857036575675 21.371086433529854 148.63949928060174 46.465460889041424 841.27632419392467 1935.2990490272641 510.3964427523315 15.58852279186249 15.196385305374859 165.66201486811042 459.88257539644837 54.94210914708674 556.14517687447369 29.563611630350351 4.6969289854168892 124.75844345986843
leaf_count=1698 5929 18317 3276 181 17673 12898 85 432 25087 37451 72 3002 625 1371 2083 192 1626 407 23212 17202 4628 163 91 1159 21551 2252 13773 770 119 1362
internal_value=-0.000555291 -0.0296009 0.00830485 -0.020376 -0.0561723 -0.0598987 -0.0146747 0.0630176 0.00570114 0.00186206 0.0125615 0.00876713 -0.0158425 0.0161981 0.0157296 0.0343878 0.0505567 0.114697 -0.0235017 0.0114425 -0.00733207 0.0394131 0.119658 0.0315533 -0.0412382 0.00213439 -0.00782972 0.0578679 0.263122 0.0161529
internal_weight=14393.5 3364.36 11029.2 2497.35 867.016 314.838 2182.51 16.6348 9791.16 6272.64 3518.52 3404.85 441.537 183.653 3183.22 601.609 412.923 67.8365 1436.72 2581.61 521.556 345.086 30.7849 314.302 556.082 96.1997 595.445 39.2994 9.73574 2060.06
internal_count=218687 112961 105726 69787 43174 13511 56276 613 99797 67536 32261 30085 4998 1996 28985 5721 3638 599 37959 23264 4700 3039 254 2785 25501 3950 14747 974 204 18564
cat_boundaries=0 21 44 67 91 115 136 150 174 196 209 233
cat_threshold=131072 1090519040 8388736 0 0 0 131072 0 134225920 0 131072 0 12582912 65536 0 0 8224 17301504 54530240 201490434 327808 3221225472 0 0 0 0 0 524288 268435456 0 2304 1073741824 8 0 0 0 0 0 0 2 0 0 2149580800 65536 16777280 536870912 537006080 1156 0 1346371588 536936485 256 17301504 32770 6144 0 1114112 4 0 0 0 0 0 0 1 2097152 33554432 268959744 2 4210689 4608 0 0 16777216 4325504 262144 0 73728 2181038112 262600 0 0 0 0 2147483648 0 0 67108864 0 0 262144 34078848 268436480 2 0 0 8389120 0 132096 0 0 0 33554432 448 0 268435456 1073741824 134217744 2281710592 0 524801 203440130 0 0 327680 524288 0 16384 512 0 0 0 0 0 0 0 33554432 136 0 0 0 0 0 0 0 67108864 268435456 2 4212737 0 0 0 0 0 0 0 134217728 335544320 397328 16392 545261568 134217732 2147484160 2048 2147483648 33603587 2415919104 33554432 0 268435456 524288 0 67109378 8192 10485792 0 0 1610612736 1 0 0 0 65536 1024 0 576 37748736 2101760 3072 687866880 0 0 0 0 8192 2820735008 8 4194560 0 16777216 1 67108864 81920 0 1056 160 0 4194304 0 2097152 0 0 0 0 0 0 1048576 0 4 0 0 0 0 0 0 0 134217728 0 70160 0 0 0 0 0 0 0 0 0 0 0 1358956544 900104200 6153
is_linear=0
shrinkage=0.1


Tree=20
num_leaves=31
num_cat=12
split_feature=10 11 3 10 10 21 9 3 2 0 3 17 3 3 20 7 19 3 21 19 21 8 21 17 3 7 3 3 16 3
split_gain=291.924 62.9778 56.4784 43.4912 35.9452 36.403 25.7689 24.3272 20.5408 19.9498 19.6817 20.1746 36.6828 25.8449 25.6285 18.9861 18.5027 35.0253 44.8478 38.7552 18.0607 24.4677 16.4343 16.2856 68.685 22.2972 38.4797 33.2521 19.1787 77.7349
threshold=0.034238180145621307 14.500000000000002 0 0.014388239942491056 0.082953099161386504 1.0000000180025095e-35 45.750000000000007 1 2 3 4 4.5000000000000009 5 6 0.013268233276903631 5.5000000000000009 0.020199722610414032 7 4564.5000000000009 0.016124478541314605 4301.5000000000009 29.500000000000004 4179.5000000000009 7.5000000000000009 8 1.5000000000000002 9 10 1.5000000000000002 11
decision_type=2 2 9 2 2 2 10 9 9 9 9 2 9 9 2 2 2 9 2 2 2 2 2 2 9 2 9 9 2 9
left_child=1 3 -2 8 6 -6 9 -8 -1 15 -5 13 14 16 -13 -4 17 18 19 -12 21 -18 -16 25 -25 26 -7 -27 -29 -30
right_child=2 -3 4 10 5 23 7 -9 -10 -11 11 12 -14 -15 22 -17 20 -19 -20 -21 -22 -23 -24 24 -26 27 -28 28 29 -31
leaf_value=0.066404246370833989 0.02643221203865477 -0.066180903729510798 -0.0086308656441208571 -0.045944954614500183 0.18716465816864022 -0.017937257785362239 0.051968046364848766 -0.019895022690537258 -0.073685644458067051 -0.040313476581861712 0.080734696707866191 0.32348265830497458 -0.053625486068837269 -0.028154386811599447 0.10980411586473555 0.032011812242000101 0.0035278319293639763 0.007510152748957527 -0.079844672296867703 0.43286359981895139 -0.028136036800369642 0.1195604078419214 -0.026436072936892503 -0.026936366877854875 0.021379301575867128 -0.01141019642529356 0.0085527748729464694 0.012184104795032468 -0.01332684027533451 0.054014950165140622
leaf_weight=6.1617230838164687 1124.106996383518 482.18139934446663 2408.2552314456552 236.4184336476028 11.12674669921398 769.15710952505469 127.37295376695693 68.502367421984673 190.45981147326529 181.00977624021471 4.9003855902701643 3.2856351509690276 225.75385033898056 397.75663658604026 15.461958050727842 120.70101887732744 325.17601434886456 95.950578458607197 3.8926314525306216 8.6297726836055499 194.0044839605689 19.249036906287074 20.717619037255645 629.55439341068268 535.58262945339084 512.02876573055983 1841.3994496464729 3060.5625082440674 266.52595691755414 469.03963015601039
leaf_count=372 5597 26453 44827 8000 66 9007 2011 1428 11611 3117 203 139 7442 13683 487 2082 9506 3368 97 172 5522 556 651 5859 4838 4526 14124 26483 2589 3835
internal_value=-0.000933465 -0.0341857 0.00518225 -0.025359 0.0029841 0.00641162 -0.00655388 0.0284732 -0.0696658 -0.00908563 -0.0197429 -0.0145711 -0.039324 -0.008455 0.0447373 -0.00666473 0.0039379 0.0407154 0.139313 0.305329 -0.00373295 0.0100126 0.0317885 0.00616283 -0.00477463 0.00800474 0.000711979 0.0124238 0.0156275 0.0301674
internal_weight=14354.9 2230 12124.9 1747.82 11000.8 8094.98 2905.84 195.875 196.622 2709.97 1551.2 1314.78 265.219 1049.56 39.4652 2528.96 651.803 113.373 17.4228 13.5302 538.43 344.425 36.1796 8083.85 1165.14 6918.71 2610.56 4308.16 3796.13 735.566
internal_count=218651 88262 130389 61809 124792 71327 53465 3439 11983 50026 49826 41826 8719 33107 1277 46909 19424 3840 472 375 15584 10062 1138 71261 10697 60564 23131 37433 32907 6424
cat_boundaries=0 24 44 55 56 80 104 128 151 173 194 215 237
cat_threshold=32768 1090519040 8388736 4096 0 0 0 0 134258688 0 0 2048 4194304 1122304 0 0 402653186 274944 587206784 65536 1052804 0 0 262144 285212672 37748736 0 2097280 0 0 2 4096 301989888 0 16896 2214592512 1245184 16384 0 0 0 0 0 64 16777216 2214592512 0 2214592512 0 2097216 268435460 0 0 16384 1073742336 18 603979776 2097153 33792 1 268435456 2097160 24576 524288 0 4231172 0 0 0 0 0 0 0 0 2 0 0 2148532224 1712258 2 0 0 65536 0 0 2147483648 2097152 268435456 2147614720 2687574016 32768 0 0 4 0 2147483648 0 268435712 0 0 0 2560 304383489 832 142606336 201326596 0 0 0 4 7340032 270532608 0 1033 4096 8 2 0 0 0 0 256 0 0 0 1518354432 772014656 512 0 134217732 0 0 0 0 0 268435456 0 0 0 0 0 0 0 0 0 0 0 0 0 33554432 603979776 524288 0 33570816 0 0 0 131072 8388608 0 0 0 1654652928 820300 0 0 8456192 0 2281701376 49216 2 69206048 32 131072 0 4194305 512 0 0 0 4194304 0 0 1048576 35651616 2190229600 1042 0 0 1 2382365696 0 67141635 3072 0 268436736 0 0 0 131072 0 0 0 0 0 402653184 134218800 1177 0 1050624 2367520 101188608 1048832 512 98368 0 0 138428417 512 0 0 0 131072 0 0 0 1612709920 8446209 256 0 536871424 4112 0 0 1 2362400 32
is_linear=0
shrinkage=0.1


Tree=21
num_leaves=31
num_cat=13
split_feature=10 10 3 14 3 7 3 14 21 14 3 9 19 2 3 21 3 11 11 3 3 11 21 3 3 11 14 3 19 1
split_gain=253.495 64.4297 46.5597 45.8916 47.7883 28.163 30.5117 45.2777 24.2821 24.1195 53.905 26.0546 32.126 23.6467 22.6967 21.9788 17.8892 43.9448 20.0204 22.1947 21.6766 19.3345 18.9048 28.5536 18.9772 22.065 16.8941 32.9182 36.2136 16.8243
threshold=0.042355967685580261 0.017059545964002613 0 21.500000000000004 1 5.5000000000000009 2 27.500000000000004 4003.5000000000005 9.5000000000000018 3 50.750000000000007 0.10673831030726434 4 5 1301.5000000000002 6 -1.0000000180025095e-35 1.0000000180025095e-35 7 8 241.50000000000003 4113.5000000000009 9 10 73.500000000000014 2.5000000000000004 11 0.025460114702582363 12
decision_type=2 2 9 2 9 2 9 2 2 2 9 10 2 9 9 2 9 2 2 9 9 2 2 9 9 2 2 9 2 9
left_child=1 13 8 4 26 6 7 -4 -2 16 11 12 -11 15 -7 -1 17 -8 20 -20 -19 -21 23 -18 -24 -26 -3 28 -28 -25
right_child=2 3 5 -5 -6 14 9 -9 -10 10 -12 -13 -14 -15 -16 -17 22 18 19 21 -22 -23 24 29 25 -27 27 -29 -30 -31
leaf_value=0.38471888599053217 0.032842587373344632 -0.00015581268280807778 -0.036687871433999104 -0.077564048515420897 -0.03609817012042358 0.041693669780157712 -0.022986382283898599 0.14134210490972515 0.011385153649590132 -0.043080327335625439 -0.036234248568129776 0.19812006772244697 0.14040337943621409 -0.070859931001009041 -0.003487312063326916 0.022658254350718669 -0.018891577229128046 -0.0085725166686309914 -0.0038257962920376178 0.033017598994048873 0.053773053879304325 0.18249330758018323 -0.011207245070796982 0.0453255054864143 0.0019801584304751695 0.070668222436565883 0.36067968069936807 -0.044263653372217736 0.025453997702895803 0.008250870548268726
leaf_weight=2.8773283753544092 782.42975874617696 998.11063515115529 317.75618804618716 141.16525102034211 882.72774889227003 310.28038728237152 235.68272104114294 14.958084512501953 1617.955883603543 21.957348380237818 336.02146928012371 13.457863159477709 16.877219390124083 351.03209425602108 175.8696948941797 4.017951987683773 381.3264037463814 71.664724167436361 322.64193930476904 193.67689163982868 304.87983877956867 9.0581998974084836 1649.1518928036094 118.73114513233304 1568.677896514535 48.20438527315855 4.9360901787877074 175.94891153369099 9.2828093376010639 3202.7506385631859
leaf_count=163 3888 29201 4955 8975 31566 3143 2310 124 9316 267 5951 75 112 22444 1997 235 4884 788 3060 2300 2667 108 23447 920 16380 542 128 6594 300 31872
internal_value=-0.000324831 -0.0287653 0.00591511 -0.0223965 -0.0186361 0.0026998 0.00141223 -0.0278471 0.0183032 0.00258797 -0.0217553 0.0656574 0.0366604 -0.0681275 0.0261349 0.0709075 0.00375725 0.0153273 0.0255091 0.0128959 0.0431077 0.0378302 0.00184389 0.00673813 -0.00369922 0.00400321 -0.00531568 -0.0326772 0.0832669 0.00970823
internal_weight=14284.1 2570.1 11714 2212.17 2071.01 9313.62 8827.47 332.714 2400.39 8494.76 388.314 52.2924 38.8346 357.927 486.15 6.89528 8106.45 1137.6 901.922 525.377 376.545 202.735 6968.84 3702.81 3266.03 1616.88 1188.28 190.168 14.2189 3321.48
internal_count=218712 99606 119106 76764 67789 105902 100762 5079 13204 95683 6405 454 379 22842 5140 398 89278 11233 8923 5468 3455 2408 78045 37676 40369 16922 36223 7022 428 32792
cat_boundaries=0 24 47 69 90 101 123 145 167 188 212 226 249 250
cat_threshold=163840 0 128 0 0 16777216 0 131072 40960 0 0 8390656 262168 1 0 65536 4097 802816 587239568 67174400 2180 0 0 262144 3363831872 536870916 536870912 0 0 33554432 2151677952 2097152 16777216 268436480 315392 8 0 4 8388608 0 0 256 2 0 0 8388608 69832705 33554432 0 34746368 2100232 0 1342439424 201361412 8192 0 2 524288 0 2097152 0 0 2052 302252032 1610620928 0 0 32 128 0 4194304 16384 0 0 0 0 0 0 0 1048576 0 49152 0 0 0 0 201327104 0 0 67108864 32 2214592512 0 67108864 0 2097728 268435456 131072 0 0 512 33554432 4194306 16385 2097668 0 0 131072 0 0 0 1056768 3959422976 10691460 0 0 1082130432 0 0 0 0 0 32 16777344 16777216 2160068608 512 0 0 0 8388608 268435456 0 0 1442840608 4210688 128 0 0 2 16779264 24904 3 2360320 2097152 128 0 2155872256 512 0 0 0 8388608 0 0 0 1409286144 16384 0 0 0 2 0 8512 2 1024 2097152 0 0 0 0 0 0 0 0 268435456 0 0 32 4194304 128 0 0 0 2048 16392 3 2359296 524288 258 0 4096 0 4277250 17301504 0 33554432 0 134217728 2147483904 2147483776 24624 0 16777216 134348864 2348810752 0 0 67112960 0 0 1024 0 37748736 16385 4 0 0 268435456 0 262144 0 1181696 0 1249892 16384 3221225472 536870912 0 0 0 0 0 0 0 0 0 0 0 0 0 0 0 0 2 0 0 0 69271552 10487808
is_linear=0
shrinkage=0.1


Tree=22
num_leaves=31
num_cat=13
split_feature=10 10 14 3 3 17 14 3 3 3 3 2 20 21 19 19 16 8 3 7 3 16 21 14 14 3 3 3 16 3
split_gain=210.094 59.4674 42.7331 47.428 35.0458 23.623 131.592 104.143 34.6411 28.2117 25.2712 23.242 22.0319 44.4497 34.7946 34.3224 23.6956 29.7275 21.9654 21.5926 26.31 20.3323 19.2757 18.5678 26.9288 63.5046 40.1752 24.5708 23.9705 37.7555
threshold=0.042355967685580261 0.017059545964002613 23.500000000000004 0 1 7.5000000000000009 1.0000000180025095e-35 2 3 4 5 6 0.024598307907581333 4345.5000000000009 0.021319050341844562 0.019095085561275486 2.5000000000000004 13.500000000000002 7 5.5000000000000009 8 8.5000000000000018 4003.5000000000005 59.500000000000007 1.0000000180025095e-35 9 10 11 18.500000000000004 12
decision_type=2 2 2 9 9 2 2 9 9 9 9 9 2 2 2 2 2 2 9 2 9 2 2 2 2 9 9 9 2 9
left_child=1 11 3 12 22 8 7 -7 -6 21 -9 -1 13 -3 15 -15 -16 -18 -5 23 -21 -8 -2 24 26 -26 -10 -27 -28 -30
right_child=4 2 -4 18 5 6 9 10 19 -11 -12 -13 -14 14 16 -17 17 -19 -20 20 -22 -23 -24 -25 25 27 28 -29 29 -31
leaf_value=0.063300973235542096 0.032174887995965885 -0.0051575214516362041 -0.077635682812957046 -0.016473755810123458 -0.028149861283648572 -0.030879419860597165 0.0085629560322180078 0.079480355818847576 -0.021013530868563488 -0.040529646605130171 0.029323124912586332 -0.069516277973000515 -0.0097408838673626007 0.068908454834620228 -0.027504663268507867 0.27171052702476634 0.459191291894536 0.0091213419011656732 -0.04791312248467039 -0.0012191714615046466 0.04701737799265291 0.1680113822198564 0.0075349710040591477 -0.04128109003127689 0.043789674948547595 -0.035790393671530835 0.0062972466849783582 0.0083057146292922351 -0.091448601733756435 0.0067996565485577854
leaf_weight=8.863754151389001 673.79439293965697 135.45785370655358 125.59348298516124 451.58267334103584 297.04908774979413 249.91588224098086 37.905495528131723 167.22862518206239 633.01323431544006 771.45043242350221 343.07784143276513 327.73951001372188 877.40687117818743 17.356082218699157 23.654483960941437 16.073633347637951 2.4915054943412533 3.5709677329286933 511.82971863728017 201.63706212863326 262.40107898041606 10.135802643373607 600.39851308986545 86.260348876938224 555.70075886696577 146.3523074015975 5939.4569286517799 648.79887522757053 55.347105674445629 101.18141160160303
leaf_count=442 3509 4712 8627 16178 4674 2785 482 1681 8005 9627 3389 22434 25278 568 741 322 108 152 19973 2033 2469 110 2910 1426 6131 1411 59244 7900 540 1148
internal_value=-0.000781476 -0.0271013 -0.021022 -0.0175356 0.00480733 0.00289367 -0.00837551 0.0215904 0.00489105 -0.0361741 0.0469714 -0.0662035 -0.002906 0.0271432 0.0964326 0.166419 0.0177017 0.194087 -0.0334971 0.00605391 0.0270442 0.0349323 0.0204044 0.00486855 0.00536125 0.0182461 0.00277461 -0.000154151 0.00527062 -0.033348
internal_weight=14282.7 2501.62 2165.02 2039.42 11781.1 10506.9 1579.71 760.222 8927.2 819.492 510.306 336.603 1076.01 198.605 63.1467 33.4297 29.717 6.06247 963.412 8630.15 464.038 48.0413 1274.19 8166.11 8079.85 1350.85 6729 795.151 6095.99 156.529
internal_count=219009 99535 76659 68032 119474 113055 18074 7855 94981 10219 5070 22876 31881 6603 1891 890 1001 260 36151 90307 4502 592 6419 85805 84379 15442 68937 9311 60932 1688
cat_boundaries=0 23 47 68 90 108 129 140 164 185 207 231 253 275
cat_threshold=8390656 134217732 536870912 0 0 32768 3145728 35651840 17301504 0 1073762304 8 2 4 8388608 0 0 268435456 0 0 0 16384 2181234691 32768 1342701824 134217856 0 0 0 0 0 40960 0 0 134217728 262144 1025 0 65536 131138 16777216 570486912 201326594 4243456 0 0 262144 33554432 4194306 2189443072 2097154 0 0 0 0 0 0 134217728 4034922496 13112132 0 0 8389120 0 134217728 16777296 0 36 0 576 133120 1024 2147483648 1209008128 268501312 8704 0 2 0 0 2097152 16386 268435456 1073741828 8 33555968 1048584 512 1024 128 0 2 2147485696 0 0 0 268959744 8192 0 0 0 0 28960 256 0 1619001344 0 101189120 268435456 0 4194304 512 0 0 0 131072 301989888 0 1056768 33554432 1024 8 0 0 0 524288 0 0 4096 16777248 2214592512 0 67108864 16 2101824 268435456 131072 0 0 1073741824 2281701376 603979777 512 1 0 526340 282626 0 2147614720 268435456 128 0 0 0 1140850688 4194304 0 0 3 0 0 2147483648 533576 8 285212672 33554432 37748737 0 0 0 0 0 301989888 0 1056768 320864256 4278032 8 0 8388608 0 67108864 0 0 67108864 34078720 54525952 0 2097152 0 0 0 0 301989888 0 1179648 2728396800 4264136 73736 0 2048 0 201326592 64 0 67108868 2097152 34078720 16778240 8194 2097152 0 268500992 526849 0 0 0 131072 2147483648 12288 65560 0 553648128 16 2348810240 0 0 68 0 0 65536 131072 0 16385 2568 0 0 536870912 131072 0 0 0 16777472 134217728 2048 0 1048576 134221825 524288 0 131072 65664 32 0 0 16384 512 0 0 131072 0 268435456 0 0 1159725056 8554417 0 0 8388608 0 524288 0 0 0 2097184
is_linear=0
shrinkage=0.1


Tree=23
num_leaves=31
num_cat=0
split_feature=10 10 21 14 11 7 17 14 14 17 11 20 14 9 20 10 9 17 16 16 10 19 8 6 11 6 21 8 11 21
split_gain=165.304 63.2012 38.8333 37.1548 32.434 27.0773 21.5532 54.1136 26.7141 58.4492 54.6407 66.9324 47.9678 45.928 62.0284 44.9926 31.3008 29.1231 34.7872 26.3299 26.3142 23.5321 26.3866 20.4815 22.3177 20.2166 20.2186 28.8511 19.8443 23.5535
threshold=0.024770003743469719 0.083406638354063048 1.0000000180025095e-35 79.500000000000014 5.5000000000000009 4.5000000000000009 16.500000000000004 1.0000000180025095e-35 1.0000000180025095e-35 1.0000000180025095e-35 19.500000000000004 0.023273834958672527 3.5000000000000004 32.549999237060554 0.022142640314996246 0.025170597247779373 49.850000381469734 1.0000000180025095e-35 5.5000000000000009 1.5000000000000002 0.070737410336732878 0.044566642493009574 11.500000000000002 8.5000000000000018 6.5000000000000009 6.5000000000000009 4073.5000000000005 13.500000000000002 -1.0000000180025095e-35 3883.5000000000005
decision_type=2 2 2 2 2 2 2 2 2 2 2 2 2 10 2 2 10 2 2 2 2 2 2 2 2 2 2 2 2 2
left_child=4 3 -3 5 28 6 8 -8 17 10 11 13 19 14 15 -10 25 18 23 -13 -14 22 -21 24 -2 -12 27 -27 -1 -30
right_child=1 2 -4 -5 -6 -7 7 -9 9 -11 16 12 20 -15 -16 -17 -18 -19 -20 21 -22 -23 -24 -25 -26 26 -28 -29 29 -31
leaf_value=-0.060065315385284035 -0.003917183493015227 0.15707954230810878 0.0067247745254687512 -0.076085659563014607 -0.074774902903123538 0.016688366814212884 0.010103678795742766 -0.050630296738571313 -0.0066760008139727326 -0.027671428001942777 -0.046268876877780848 0.038504121267959157 -0.049557832629903653 -0.049570589103216947 0.57882523657723162 0.32559033087759448 0.098131029436866718 0.045378510469781981 -0.05537848263336248 0.07210771769223849 0.10140031910298189 0.080220123621211697 0.28738910920063793 -0.021451512384721386 0.17286078823249462 0.27991933093412724 -0.00091883963812676309 -0.032675430557018374 -0.066269708064540397 -0.0031176980152099795
leaf_weight=161.91558999568224 2007.7741283942014 17.21340686827898 8320.9986796826124 76.846695080399513 261.71223042719066 475.43748172093183 247.33901528082788 360.56836237199605 7.2253646850586035 263.63992376532406 112.46933162678033 97.382211709395051 62.538484016433358 5.4665467236191025 5.1242171991616479 9.3480254989117366 26.657747834920883 92.883026789873838 170.34057013317943 9.5925967358052748 14.162123184651135 54.131165219470859 14.006542278453706 897.32235195115209 7.1670577600598326 6.4693994065746647 96.160119347274303 5.4313945602625608 76.409648004919291 260.0756095033139
leaf_count=8761 38223 92 64078 4979 18508 8775 4984 8927 226 6743 3567 1798 1872 150 140 173 413 1887 4435 226 178 873 322 17932 146 146 2639 120 5258 12292
internal_value=-0.000898006 0.00166347 0.00703517 -0.00707529 -0.0462688 -0.00602486 -0.00838617 -0.0259195 -0.00569819 0.0107598 0.0300162 0.0603499 0.0442623 0.209483 0.27475 0.180735 -0.00421864 -0.00979161 -0.011454 0.0731476 -0.0216847 0.11655 0.199881 -0.00888479 -0.00328839 -0.0165907 0.0142982 0.137254 -0.0313001 -0.0174584
internal_weight=14223.8 13463.7 8338.21 5125.48 760.113 5048.64 4573.2 607.907 3965.29 789.805 526.165 278.977 251.813 27.1642 21.6976 16.5734 247.188 3175.49 3082.6 175.113 76.7006 77.7303 23.5991 2912.26 2014.94 220.53 108.061 11.9008 498.401 336.485
internal_count=218863 174044 64170 109874 44819 104895 96120 13911 82209 19586 12843 5958 5269 689 539 399 6885 62623 60736 3219 2050 1421 548 56301 38369 6472 2905 266 26311 17550
is_linear=0
shrinkage=0.1


Tree=24
num_leaves=31
num_cat=16
split_feature=10 10 14 3 3 14 3 11 3 17 14 3 3 14 3 3 14 17 17 3 3 17 3 3 21 3 3 3 19 2
split_gain=155.152 55.6342 41.0709 45.4795 34.4385 30.864 28.0375 27.9943 44.6601 23.4728 91.3249 90.6287 37.2208 30.7902 80.634 54.081 43.9614 35.2273 32.6602 28.0808 27.0246 30.9871 24.5456 24.2806 24.948 27.7041 27.5374 22.1512 21.2922 19.0427
threshold=0.042355967685580261 0.017059545964002613 19.500000000000004 0 1 2.5000000000000004 2 2.5000000000000004 3 11.500000000000002 1.0000000180025095e-35 4 5 1.0000000180025095e-35 6 7 5.5000000000000009 1.5000000000000002 1.0000000180025095e-35 8 9 1.0000000180025095e-35 10 11 4359.5000000000009 12 13 14 0.039049755781888969 15
decision_type=2 2 2 9 9 2 9 2 9 2 2 9 9 2 9 9 2 2 2 9 9 2 9 9 2 9 9 9 2 9
left_child=1 29 3 5 -2 7 -7 -3 28 13 11 -11 -12 15 17 -6 20 -15 23 -18 -16 -22 -13 -17 25 -25 -26 -20 -9 -1
right_child=4 2 -4 -5 9 6 -8 8 -10 10 12 22 -14 14 16 18 19 -19 27 -21 21 -23 -24 24 26 -27 -28 -29 -30 -31
leaf_value=0.05734783364758872 0.017647381717693887 -0.0025630611502269972 -0.074143078694366635 -0.034233920151459048 -0.041217057775665075 0.017280912131781713 -0.061969955933742306 0.13038348348045192 -0.015926333165469434 0.074541844134569199 0.010985803668470037 -0.037973598596472286 -0.047843635793162587 0.072878602434443926 -0.018730847611445649 -0.016454433699960146 0.022834111471339538 -0.0095219927797638923 -0.020659712093536314 -0.035506613620734311 0.040940490889342297 -0.0064975572915469491 0.0083808340149694391 0.018613197053798807 0.038432178578627879 0.0020398335802994257 -0.01254337132854948 0.054974393691321094 0.012531685687988355 -0.066974156049310118
leaf_weight=8.3156091449782235 1700.5437998119742 907.58113974146545 121.25634015537798 708.51634196378291 276.32173660770059 63.937057097442448 135.19445419870317 59.78505196608603 73.987707792781293 179.26988013833761 136.10981982387602 158.3577728793025 529.34190779738128 303.47531535290182 158.80646054446697 642.4870980437845 104.1680104136467 62.581195890903473 47.459889981895685 324.68989378772676 466.56231824494898 195.35257575660944 349.20416605658829 1469.9462244324386 106.60167119465768 3195.4029808714986 1217.8755352422595 178.004863422364 20.616856841370463 289.85447037406266
leaf_count=423 9609 26520 9369 27836 4053 2169 5548 1876 2747 1651 1781 1775 6976 2853 1619 7745 1287 722 479 5420 4841 2143 3688 14467 1202 31772 13446 1657 608 22358
internal_value=-0.000179508 -0.0234196 -0.0176569 -0.0141794 0.0045247 -0.00262013 -0.0387683 0.0041334 0.0434986 0.00229592 -0.00996325 0.0156163 -0.0363647 0.00419322 0.0166586 0.00137022 0.00428183 0.057228 0.00314172 -0.0216314 0.0178746 0.026539 -0.00653587 0.0018739 0.00386087 0.007306 -0.0082451 0.0405755 0.0890838 -0.0638298
internal_weight=14191.6 2389.05 2090.87 1969.62 11802.6 1261.1 199.132 1061.97 154.39 10102 1352.28 686.832 665.452 8749.74 1615.64 7134.1 1249.58 366.057 6857.78 428.858 820.721 661.915 507.562 6632.31 5989.83 4665.35 1324.48 225.465 80.4019 298.17
internal_count=218640 99454 76673 67304 119186 39468 7717 31751 5231 109577 15871 7114 8757 93706 18885 74821 15310 3575 70768 6707 8603 6984 5463 68632 60887 46239 14648 2136 2484 22781
cat_boundaries=0 23 44 67 90 112 134 155 179 200 221 242 266 288 302 318 329
cat_threshold=671090752 5 536870912 128 0 4 2148532224 2097408 16777216 268469248 1074040832 8 2 4 0 0 0 256 1 0 0 2 2150236162 32768 524288 8388736 512 0 0 0 139264 8192 0 131072 1073741824 32 2 0 1048576 2415919106 16777216 50336128 197121 360452 0 0 536870912 128 0 0 0 2097152 0 32768 1073741824 0 0 4 0 0 0 0 0 0 0 0 2097152 134217728 1 0 0 0 4 0 2097152 16777216 0 1074008064 0 0 4 0 0 0 256 1 0 0 0 2 268435456 256 4194305 0 0 0 0 0 268435456 0 1056768 35651584 2138112 16393 0 536870912 8224 34078720 4194304 0 4096 32 0 2 2181040128 0 0 0 268959744 0 33554432 0 1048576 142606368 12673280 8200 0 1082130432 0 525312 536870912 0 0 2097152 34078720 1090519040 0 2097152 0 0 0 0 33554432 0 1048576 572524544 4456576 81929 0 65536 0 2281701376 32832 0 67108928 50331648 1090520064 2 2097152 0 272826369 17301760 0 0 0 0 8192 4194304 16384 0 65540 32 2281703936 32768 0 20544 2097152 0 65536 0 37748736 16384 0 0 0 0 0 0 0 8192 268435456 114688 0 0 0 64 67109376 0 0 2097152 0 256 4212736 1024 0 0 0 0 0 0 0 150995200 10609665 256 0 1073742336 134230017 67109376 8 0 4257 34078720 4194306 2147500032 2101258 0 0 0 0 0 0 134217728 813694976 2149322817 0 0 8388608 0 262144 64 67108864 67108896 524288 268435456 8192 0 0 0 580 0 33554432 2 8454144 134219808 2097280 66568 268435456 0 134217728 33555464 536887296 0 71303170 0 0 295936 0 4194306 2281701376 3074 0 262144 0 0 268435456 0 0 346030336 8557132 2048 0 0 33554432 561152 0 67633152 2080 32 0 33554432 4194304 4100 0 0 67108864 8388608 0 0 0 0 784 8192 268435456 33554434 2181038081 0 0 0 0 0 0 0 0 304087040 582480 1 0 2048 16777248 2147483648 0 67108864 16 2101824 268435456 131074 0 0 512
is_linear=0
shrinkage=0.1


Tree=25
num_leaves=31
num_cat=12
split_feature=10 3 14 11 3 14 3 3 11 9 3 14 3 3 20 3 19 8 3 11 21 16 3 20 9 3 7 20 3 21
split_gain=133.523 49.6508 38.5239 31.4825 30.6968 51.13 29.4187 28.6219 42.2308 21.96 57.1717 28.3162 68.3644 29.6774 24.285 30.1445 23.7211 53.022 23.5983 23.4317 21.9233 20.4436 16.3189 15.8879 15.617 15.3764 20.2405 15.1928 13.1282 12.4479
threshold=0.023266430944204334 0 59.500000000000007 3.5000000000000004 1 31.500000000000004 2 3 -1.0000000180025095e-35 49.850000381469734 4 7.5000000000000009 5 6 0.024598307907581333 7 0.020199722610414032 10.500000000000002 8 108.50000000000001 3976.5000000000005 107.50000000000001 9 0.055706653743982322 48.549999237060554 10 5.5000000000000009 0.0073282290250062951 11 4087.5000000000005
decision_type=2 9 2 2 9 2 9 9 2 10 9 2 9 9 2 9 2 2 9 2 2 2 9 2 10 9 2 2 9 2
left_child=3 20 4 7 5 27 -4 8 -1 11 29 13 16 -6 -15 -16 17 -13 21 22 -2 -18 -12 -22 -10 26 -17 -3 -14 -11
right_child=1 2 6 -5 9 -7 -8 -9 24 10 19 12 28 14 15 25 18 -19 -20 -21 23 -23 -24 -25 -26 -27 -28 -29 -30 -31
leaf_value=-0.054258541357152523 0.034705131106647143 0.07386386352794809 0.018443623356873554 -0.072769763843343091 -0.022843899654989563 0.18974868506281886 -0.076058590674722426 -0.042485839371799089 0.061425503770255442 0.00077158522689498108 -0.00019354830320781675 0.56251018400503139 -0.073345165141998528 0.03566534197730107 -0.031008071644696329 0.010646584758739868 -0.011688984544910189 -0.021615609358050535 0.093498331788776451 0.12229032112932146 0.10695271407856431 0.14738936470812472 0.047918577266026663 0.0090188548455599135 0.30825304046907648 0.00053696932098579034 0.076271152693317579 -0.049225963990956918 -0.028743297139760079 -0.049084923660890761
leaf_weight=46.152114671654999 476.5421537719667 10.4687382876873 46.645194002427161 247.90550637803972 509.47973125427961 9.7208940982818586 106.31843563355505 308.14628819935024 59.281548552215099 96.905073282308877 107.33437227644026 2.6816182974725953 131.67469485197216 205.98931454494596 276.11932291649282 901.06910870783031 101.00780132226646 3.6954495077952743 28.278706730343401 33.352131769061089 16.751123785972595 8.7808876894414407 244.1863679010421 1493.8795062452555 2.6792072830721727 8067.637401195243 49.585270348936319 237.93368496000767 222.90269413776696 103.6356730395928
leaf_count=2680 2582 65 605 19346 10514 52 6184 18021 3029 1059 1390 76 4015 6044 7859 11129 1724 175 210 412 261 130 3288 9006 132 95950 507 5429 5304 1758
internal_value=-0.000784612 0.00137009 -0.00115646 -0.0445576 -0.000485779 -0.0339199 -0.0510074 -0.0277558 0.0166208 0.000322393 0.0191728 -0.000727389 -0.0239758 0.000431614 0.00170207 0.000951181 0.0331581 0.224015 0.0267444 0.0411175 0.0159241 0.000947759 0.0345856 0.0101048 0.0720984 0.00196191 0.013923 -0.0440384 -0.046864 -0.0238062
internal_weight=14156.7 13492.6 11505.4 664.165 11352.4 258.123 152.964 416.259 108.113 11094.3 585.414 10508.9 499.022 10009.9 9500.4 9294.41 144.444 6.37707 138.067 384.873 1987.17 109.789 351.521 1510.63 61.9608 9018.29 950.654 248.402 354.577 200.541
internal_count=218936 175728 163879 43208 157090 5546 6789 23862 5841 151544 7907 143637 11634 132003 121489 115445 2315 251 2064 5090 11849 1854 4678 9267 3161 107586 11636 5494 9319 2817
cat_boundaries=0 21 44 57 81 103 126 149 173 194 213 235 257
cat_threshold=32768 268960002 142606464 0 0 0 0 131072 32768 0 0 0 9 2179088 0 1048576 128 17317888 536875392 67239942 33816704 100663296 0 33554432 2195476 8 70254592 2155905088 84414976 2147614720 16909312 134234112 0 0 0 1073741824 2147483648 4 0 0 0 0 0 4096 0 0 0 0 0 0 1048576 0 16777216 0 1056768 2147483656 64 0 0 0 0 0 0 0 0 0 6292096 1 0 0 0 0 0 0 0 0 0 0 323151872 1034322504 14 8388608 5 536870913 512 0 4 131072 8396800 0 0 1048576 16777216 2158338560 8192 0 545259520 0 0 33554496 0 67207168 32 1074266112 1073741824 4194305 0 0 0 0 2097152 8192 0 0 287309824 114688 1024 0 65536 64 201327104 32770 0 69206016 2147483648 65536 2147483712 0 0 160 0 268435464 2625574 35651584 0 2304 1073741824 0 171983106 0 0 0 64 201326600 32770 524288 0 8388608 524288 0 0 0 0 0 1077936129 68157448 268435456 65536 134250505 264192 0 2148532224 4 0 16777216 0 256 1 32768 1 2283798530 66566 512 524288 0 4194305 0 0 0 0 2097152 8192 0 0 287309824 65536 0 0 0 0 0 2 0 2097152 536870912 134217728 16384 128 0 0 0 2097152 0 0 4096 1243611136 524372 0 0 0 0 0 2 0 0 0 4608 0 131072 805437440 8388608 486801408 0 196608 2147485696 537137152 0 0 1073741824 134217730 33557504 50331648 0 65536 160 805306368 4 2147500032 512 0 4 0 0 16777216 0 1060864 1182793728 528 0 0 8388608 0 0 0 0 0 32
is_linear=0
shrinkage=0.1


Tree=26
num_leaves=31
num_cat=11
split_feature=10 10 3 3 21 3 20 3 3 8 21 21 8 3 21 17 3 20 3 21 3 11 3 11 11 3 21 11 9 11
split_gain=111.873 39.5328 38.8939 28.6378 23.3737 41.732 26.1973 29.7566 23.102 25.4931 26.5466 24.817 33.5998 21.111 24.3636 25.2534 48.4561 32.2938 32.4453 24.3929 21.5372 20.669 18.4586 16.0938 15.871 15.0159 14.4723 19.2497 16.535 28.5271
threshold=0.024770003743469719 0.090639647096395506 0 1 3989.5000000000005 2 0.10704411566257478 3 4 28.500000000000004 3883.5000000000005 3963.5000000000005 9.5000000000000018 5 1083.5000000000002 1.5000000000000002 6 0.024598307907581333 7 4450.5000000000009 8 6.5000000000000009 9 23.500000000000004 19.500000000000004 10 4113.5000000000009 100.50000000000001 51.750000000000007 3.5000000000000004
decision_type=2 2 9 9 2 9 2 9 9 2 2 2 2 9 2 2 9 2 9 2 9 2 9 2 2 9 2 2 10 2
left_child=2 3 23 -2 5 -3 8 -8 -7 10 -10 -12 -13 -5 -15 17 -17 19 -19 20 24 -21 -20 -1 -16 -9 27 28 -24 -30
right_child=1 4 -4 13 -6 6 7 25 9 -11 11 12 -14 14 15 16 -18 18 22 21 -22 -23 26 -25 -26 -27 -28 -29 29 -31
leaf_value=-0.0013834121946074162 -0.048441769248163152 -0.011582561967156473 -0.06094044619314129 0.011025882288491134 0.0020617824399335001 0.0030102148282385392 0.038828863594927321 -0.0079068056305113526 0.07327497012871205 0.14011789014399575 0.0032966635116708901 0.18965350916471493 0.020424037705796066 -0.037697131882291471 0.068318850765554662 0.023342161860551047 -0.033728154442783161 -0.034264730397186513 0.010530877137071111 0.048202820542999153 -0.016530588328952593 0.16948753342380926 0.0018050875171820057 -0.064260735755824347 -0.063590209378522694 0.013494044289634903 -0.014312526697272383 -0.078022644491285223 0.013497455809769797 0.16165862622656824
leaf_weight=248.11054673977196 136.18718226067722 549.0151811093092 374.37822276819497 830.5625193240121 4955.8653237428516 159.58220396563411 352.03644491732121 473.83495495095849 170.49649772793055 29.312925826758146 175.87164895050228 18.599287264049053 31.777347449213266 233.65740347187966 79.644087930209935 189.27445425931364 618.24892566353083 301.32415697257966 1016.3504067435861 45.335571521893144 102.43392361141741 20.361798611469567 813.67499417532235 48.696813969872892 10.300973578356205 1026.2821807228029 1013.2062473120168 28.354077651165426 47.425148248672485 17.900400922633708
leaf_count=12827 4675 3886 27727 16913 39436 1404 1644 3212 1096 220 1687 125 237 4086 2116 3625 15792 9949 16997 1009 3336 431 13463 4256 550 5911 20350 1118 691 127
internal_value=-0.000229304 0.00175946 -0.0400734 -0.00475385 0.00627316 0.0132609 0.0188262 0.0130742 0.0373388 0.0489766 0.0434772 0.0210222 0.0829043 -0.00354864 -0.0062348 -0.00454118 -0.0204801 -0.000859854 -0.00357301 0.0331837 0.0152176 0.085793 -0.000306356 -0.0113183 0.0478878 0.00672666 -0.0060662 0.00307528 0.00569127 0.0540963
internal_weight=14118.1 13446.9 671.186 5504.24 7942.67 2986.81 2437.79 1852.15 585.64 426.058 396.745 226.248 50.3766 5368.06 4537.49 4303.84 807.523 3496.31 3238.24 258.076 192.379 65.6974 2936.91 296.807 89.9451 1500.12 1920.56 907.355 879.001 65.3255
internal_count=218896 174086 44810 115228 58858 19422 15536 10767 4769 3365 3145 2049 362 110553 93640 89554 19417 70137 62695 7442 6002 1440 52746 17083 2666 9123 35749 15399 14281 818
cat_boundaries=0 24 48 69 90 114 136 159 182 205 223 244
cat_threshold=134217728 69206016 0 0 0 0 0 134217728 0 2181571088 32768 0 0 0 0 0 0 0 0 0 0 1107300864 2367857377 4160 2097152 1 8704 3 8 69206025 4456480 67108864 0 132097 0 0 16777216 0 0 2147483648 0 536871168 1 0 0 142606336 0 512 524416 16778240 33554432 4096 0 0 131072 131072 0 0 131072 134220032 12853696 1048592 0 512 134221859 0 256 0 69238848 0 256 128 0 0 0 0 0 0 0 0 1082130432 32 0 0 0 8192 524288 553648256 67239936 4 131072 256 0 0 0 131072 0 0 0 0 0 285212672 33570817 6356994 0 0 268443648 2147788288 0 512 4197380 32 0 262144 1342177280 524354 0 136 2048 268439552 285736962 4096 117440512 0 1207975936 67108864 2162688 16384 0 0 2181038104 0 8 524288 0 128 2164260864 0 6144 1024 0 138477568 2165120 268443904 2148270080 32770 1310720 2105376 2 4 0 0 0 0 0 0 0 2149580800 66560 33554432 0 2048 0 268435456 1074266112 67174684 301989888 2148139008 134250498 8654848 32 1048576 4 0 4 0 0 2 0 0 2147483648 66560 64 134217728 0 0 268435456 4194308 68173848 301990144 196608 134250496 266240 0 0 4 0 0 0 0 2 0 0 2097152 1024 536870912 134217728 536870912 3147776 0 2701459456 512 1024 268435456 268435712 0 2147483648 659968 8192 0 0 0 1073743872 0 1073741824 138412033 0 0 0 134217728 0 0 0 0 536870912 1032 1283 0 67584 64 201327616 4456448 134250500 4280448
is_linear=0
shrinkage=0.1


Tree=27
num_leaves=31
num_cat=15
split_feature=10 3 14 2 3 3 14 17 14 3 3 3 3 3 6 3 3 3 3 9 6 3 14 3 8 21 20 6 14 9
split_gain=89.5602 36.8279 29.0474 26.9692 25.8264 25.8056 28.1514 17.8721 81.5546 58.696 30.2293 23.7234 21.1492 19.8353 19.7525 56.2705 43.9251 40.8942 29.8456 22.8222 19.3321 18.9977 17.8133 22.3065 18.2957 17.4141 15.4951 15.375 17.897 19.6563
threshold=0.03316216170787812 0 21.500000000000004 1 2 3 23.500000000000004 11.500000000000002 1.0000000180025095e-35 4 5 6 7 8 4.5000000000000009 9 10 11 12 39.45000076293946 1.5000000000000002 13 5.5000000000000009 14 24.500000000000004 228.50000000000003 0.024598307907581333 5.5000000000000009 1.0000000180025095e-35 21.750000000000004
decision_type=2 9 2 9 9 9 2 2 2 9 9 9 9 9 2 9 9 9 9 8 2 9 2 9 2 2 2 2 2 10
left_child=1 3 4 -1 26 6 -2 11 9 -9 -10 20 -13 -11 15 -14 -16 25 27 -19 -7 -21 -20 -24 -25 -17 -3 -18 -29 -30
right_child=5 2 -4 -5 -6 7 -8 8 10 13 -12 12 14 -15 16 17 18 19 22 21 -22 -23 23 24 -26 -27 -28 28 29 -31
leaf_value=0.062844254127549057 -0.042924125523120374 0.014100727798021734 -0.071545090447151349 -0.074191581572855478 -0.029133094984150176 -0.022692021996278854 0.17135919967220634 0.052264547290507016 0.0069806312588880336 -0.044242221212598132 -0.039953788917924365 -0.033710243954192878 -0.033743008505976314 0.0044850533140091495 -0.020952700202135115 0.13292555049993846 -0.012181466799208238 0.030349253172063731 0.0027603184944732773 0.013205501304481313 0.027124311042641094 -0.0054082468625441145 0.038505046169024025 -0.016539406176625207 -0.072381090523512687 0.033906331307867632 -0.012913674730225134 0.024558639850450471 0.10825182161858418 0.0058472952071639732
leaf_weight=10.759367456659673 180.72718046512455 346.52354153618217 91.249001818709075 173.42334549408406 607.5829412471503 88.117025969550014 6.3461623713374129 267.33220670558512 178.28209824301302 89.860610958188772 623.9284527413547 146.05972771253437 268.36192983947694 505.00665632262826 849.15701867919415 18.308273822069168 79.135368262417614 376.19864296354353 4484.7015213239938 1058.8303640633821 671.83935269527137 1119.1974082486704 47.685272891074419 219.46845181658864 80.080943680368364 593.93927334994078 548.26920752972364 297.80543918907642 59.714337162673473 27.319563635624945
leaf_count=696 3653 14205 8472 13920 30622 730 33 2156 1904 1102 8668 2770 3761 5386 11737 157 965 3326 44125 7423 5643 13039 416 3057 1018 7778 17387 3597 812 422
internal_value=-0.000963681 -0.0219474 -0.0166588 -0.0633623 -0.0134361 0.00206006 -0.0338457 0.00263857 -0.00698572 0.0143661 -0.0299342 0.00416873 0.00282348 -0.00348543 0.00341506 0.00949215 2.37814e-05 0.0132212 0.0034203 0.00757531 0.0210708 0.00367647 0.00106861 -0.0207498 -0.0304514 0.0362749 -0.00242479 0.027372 0.0362167 0.0761075
internal_weight=14115.2 1777.81 1593.62 184.183 1502.38 12337.4 187.073 12150.3 1664.41 862.199 802.211 10485.9 9725.96 594.867 9579.9 3434.84 6145.07 3166.47 5295.91 2554.23 759.956 2178.03 4831.94 347.235 299.549 612.248 894.793 463.975 384.839 87.0339
internal_count=218980 85302 70686 14616 62214 133678 3686 129992 19216 8644 10572 110776 104403 6488 101633 35484 66149 31723 54412 23788 6373 20462 48616 4491 4075 7935 31592 5796 4831 1234
cat_boundaries=0 24 35 58 82 103 124 148 172 193 214 236 257 278 300 314
cat_threshold=67108864 9437184 0 0 8192 0 0 268435456 0 1813135872 0 0 268435456 109051904 1 0 0 0 0 0 0 139267073 37748768 50 16778272 2214592512 128 67108864 16 2097216 335544320 131072 0 0 1073742336 142606336 4 0 1 268435456 0 2097152 2097152 0 8448 36864 8 0 4 0 0 0 256 3 0 0 49152 2617442952 33554496 0 2048 34856 2147483648 2148007937 2147484197 16781568 0 0 526464 4 0 2097152 67108864 0 8196 805339136 32768 0 0 0 0 1024 0 256 4194433 512 0 0 0 0 402653184 0 1056768 2315255808 2098226 16392 0 536870912 0 34079744 541065216 0 36864 16809984 536870912 2147483776 2097152 0 0 268959744 8192 0 0 1074790400 8388640 90400 24584 0 1082130432 0 34079744 128 1 32768 32768 16777216 8388608 4 0 0 0 1024 40960 0 0 1073741824 2147549697 1 0 512 2 16384 21262464 134414338 2097189 0 0 262144 2048 536871936 131072 0 0 135331840 596296 512 0 0 262656 0 0 1024 813694976 4194308 0 33554944 264 0 128 128 5120 32768 32768 4194306 16384 2 0 0 0 0 0 0 134217728 0 544832 0 0 8388608 0 0 17043536 0 32 1344929792 268959744 167772160 2 0 0 134348800 0 285212672 0 1073872896 83886080 13631744 0 0 1610614784 131088 201588736 0 0 37748736 2147483648 4194560 1 128 0 1073758208 128 33562624 34078720 32768 16384 413140992 2621474 0 0 65536 0 525312 0 1 1053696 34 2147483648 4194562 1 128 0 0 0 8192 33554432 0 16384 2826962944 2756610 0 0 65536 8 524288 65600 0 1052672 1342308480 268959744 167772160 0 0 4096 131072 0 16777216 0 1073872896 50331648 9437312 256 0 536872960 2181169169 201588736 0 32768 71303168 0 33554432 2147500160 1024 0 16908288 268435456 131072 201326592 32768 134225920 270532864 42024 0 0 9437184 4096 1024 570425344 67108864 2 2097184 524288 1073741824 16384 2097152 0 0 0 0 0 0 1048576 0 4227072 16384
is_linear=0
shrinkage=0.1


Tree=28
num_leaves=31
num_cat=12
split_feature=3 10 14 3 16 3 2 3 2 16 3 11 9 11 9 3 9 7 3 3 14 16 14 16 3 20 14 10 16 3
split_gain=68.7894 36.5234 30.1287 35.6472 28.1432 52.4474 21.9553 21.4718 17.943 20.2447 25.5352 16.5804 15.8505 15.5847 14.9048 32.4892 17.3437 16.5091 16.4199 14.6281 14.2537 13.135 13.0434 16.3459 15.3737 15.1997 13.0105 18.2292 15.216 83.323
threshold=0 0.064110070466995253 21.500000000000004 1 28.500000000000004 2 3 4 5 56.500000000000007 6 92.500000000000014 72.350002288818374 46.500000000000007 49.850000381469734 7 53.049999237060554 5.5000000000000009 8 9 3.5000000000000004 46.500000000000007 5.5000000000000009 16.500000000000004 10 0.023273834958672527 37.500000000000007 0.13585697114467624 1.5000000000000002 11
decision_type=9 2 2 9 2 9 9 9 9 2 9 2 10 2 10 9 10 2 9 9 2 2 2 2 9 2 2 2 2 9
left_child=6 2 3 22 7 13 -1 -5 9 10 -3 12 -9 -6 17 -16 20 18 -10 -19 -17 -4 -2 24 25 -24 28 -28 -20 -30
right_child=1 8 21 4 5 -7 -8 11 14 -11 -12 -13 -14 -15 15 16 -18 19 26 -21 -22 -23 23 -25 -26 -27 27 -29 29 -31
leaf_value=0.049544235987565889 0.0083828738380170766 -0.009092123821288314 -0.074002790346895747 -0.059852407696294518 -0.062617911314060762 -0.085811383696724294 -0.071674629733982573 -0.011847106842372411 -0.0099220294164028052 0.1290840390464307 0.03466481468208317 0.1390205882593317 0.21302761476279961 0.13748299483885365 0.037476734973078463 0.007609597950073899 -0.024295622950980686 -0.007411861247318182 -0.00061762916480775779 0.028386330269003945 0.11481250249352584 0.024224299660486379 0.23747644822120689 0.063633477710629674 -0.071958097588447956 0.00067728066710149486 -0.078534120570222202 0.0015876218835735854 -0.029050581899574553 0.019798049957945037
leaf_weight=12.584159249439834 1057.600456867367 224.73358807712793 98.790379551239312 85.764580539427698 4.9765860037878182 112.08983960468322 165.42774132173508 1297.8070117710158 1476.1344044543803 16.583526447415352 314.72729520127177 7.3788742916658512 3.1420501433312884 17.863367869518697 326.62237413227558 48.046890374273062 198.98093055933714 163.16641749441624 5719.2213808484375 369.64263797923923 16.718252904713154 15.789177741855381 3.211639832705262 14.968123056925831 52.818073337897658 17.377284909598529 48.424308558925986 68.659186638891697 435.47164104506373 1621.4500063844025
leaf_count=849 29751 1610 8912 3339 258 7406 12681 46343 16453 104 1997 239 86 765 3107 443 2218 1526 52761 3070 82 881 86 572 2334 692 1189 401 4275 14138
internal_value=-0.000845163 -2.82458e-05 -0.0102525 -0.00810164 -0.0180272 -0.0617537 -0.0609259 -0.0139244 0.00255318 0.0198978 0.0169102 -0.0103769 -0.011304 0.065295 0.00161351 0.0170507 -0.00931259 0.000694768 -0.000278937 0.0178172 0.0352826 -0.060467 0.00525305 -0.0316077 -0.051028 0.0253183 0.00153507 -0.0315498 0.00203519 0.00941131
internal_weight=14016.2 13838.2 2789.58 2675 1529.02 134.93 178.012 1394.09 11048.6 556.044 539.461 1308.33 1300.95 22.84 10492.5 590.368 263.746 9902.17 9369.36 532.809 64.7651 114.58 1145.98 88.3751 73.407 20.5889 7893.23 117.083 7776.14 2056.92
internal_count=218568 205038 101664 91871 58436 8429 13530 50007 103374 3711 3607 46668 46429 1023 99663 5850 2743 93813 89217 4596 525 9793 33435 3684 3112 778 72764 1590 71174 18413
cat_boundaries=0 24 47 70 81 104 113 134 150 171 192 215 237
cat_threshold=0 1048576 134218816 1024 24576 2048 0 268435712 0 3221225516 0 0 268435456 109060096 1 0 0 0 0 0 0 207873 4194560 36 2155872256 4 2684354560 2176 0 4 524289 9216 17301504 33554432 134221824 0 1114112 4 0 16777216 0 268435464 1 0 0 268484608 99457 738197504 134217728 8192 0 0 301989896 805325570 2101248 0 16812288 0 0 0 0 0 0 0 0 2 0 1 4096 2629634 16777248 2348810272 128 67108864 16 2101760 268435456 131072 0 0 1073742336 64 0 41472 98321 0 1176535048 320770 67108864 65536 17303552 10 0 0 512 0 2147483648 0 0 0 0 0 64 2 0 2147614720 0 4194304 16 0 0 0 2048 0 1536 33554432 0 1024 0 0 0 32768 0 0 256 0 4194304 0 0 0 0 152141912 557057 39092384 268435456 37748736 4210688 2097152 0 0 0 0 8192 0 8192 4102029312 148892 8 0 8388608 33554432 20971520 0 2097152 0 134479872 150994944 0 262144 0 0 3128950816 286912 256 0 0 36044800 17309696 0 512 16384 268959744 37748736 4194304 2097152 0 0 131072 0 8192 0 0 253755392 4735464 16393 0 65536 0 524288 0 0 67108864 2147483648 0 536870912 0 0 0 524288 0 0 0 0 0 0 4 0 0 0 0 0 0 0 0 65536 268435456 33554432 8404992 4616 0 537001984 0 12582912 0 0 65536 1157627904 8426785 2097154 0 8388608 134217736 2147483648 0 0 0 160
is_linear=0
shrinkage=0.1


Tree=29
num_leaves=31
num_cat=14
split_feature=3 10 14 1 3 20 3 3 20 7 3 20 3 14 3 20 3 16 16 3 3 3 19 21 14 3 2 9 9 9
split_gain=73.5257 38.0802 28.4893 25.6134 24.8652 22.7509 28.0648 21.3526 19.5764 17.6654 49.6894 23.9988 20.0623 19.8457 71.1746 36.7152 22.8906 22.7822 20.918 44.597 20.2204 18.6145 17.5656 21.6966 17.3501 16.4022 16.1323 15.6966 15.6332 15.7645
threshold=0 0.075332164764404311 55.500000000000007 1 2 0.076906669884920134 3 4 0.0073282290250062951 4.5000000000000009 5 0.070900615304708495 6 2.5000000000000004 7 0.022142640314996246 8 1.5000000000000002 10.500000000000002 9 10 11 0.037208344787359245 3883.5000000000005 27.500000000000004 12 13 50.750000000000007 37.850000381469734 32.549999237060554
decision_type=9 2 2 9 9 2 9 9 2 2 9 2 9 2 9 2 9 2 2 9 9 9 2 2 2 9 9 10 8 8
left_child=26 2 3 -2 -5 6 8 -7 -3 12 11 28 24 16 15 -15 -14 -16 27 -20 -19 -12 -8 -24 -6 -9 -1 -18 29 -11
right_child=1 5 -4 4 9 7 22 25 -10 10 21 -13 13 14 17 -17 18 20 19 -21 -22 -23 23 -25 -26 -27 -28 -29 -30 -31
leaf_value=0.037083598985352018 -0.055885452155896811 0.1042951291160297 -0.066574315750344726 -0.045860088544499751 -0.043172468231585714 -0.017466708119840007 -0.049361649466997046 0.030687828810089236 -0.028908430444668357 0.096233164299081492 0.040120322968950704 0.010074632091925974 0.0098399208380153796 0.29751717813648465 -0.070672175990126734 0.058833009115425931 -0.0072454398724239068 0.020672737719429339 0.043064140418040381 -0.074247673470559813 -0.039244599949503439 -0.03754004306308701 0.05486505671727309 0.018366902003978135 0.14809961033926228 0.0027298968667820306 -0.078579595995209042 0.040632384585676314 0.070938736957371462 0.3051411564056844
leaf_weight=11.733720154501496 92.310568480752409 11.853687733411787 80.405160389840603 134.42706759553403 185.97960216831416 508.25674187391996 30.294970016926527 205.7655561901629 159.39146513491869 8.8839016770943982 31.792450269684196 67.080357290804386 1182.1206368813291 7.5754401879385105 144.07455366197973 43.17358189355582 1375.8019181033596 78.724216766655445 39.848986347205937 106.79954466223717 161.35752329602838 133.18963760137558 222.62018535658717 606.87844530120492 4.8665142934769383 8061.854529723525 137.84761467855424 72.06239175144583 91.434898663312197 6.0872439490631214
leaf_count=830 2309 69 6701 8498 8513 5340 366 1482 1540 190 1125 942 27011 259 6247 1004 36398 2516 1328 5400 6287 4088 1850 7352 95 64937 12007 1528 2189 149
internal_value=-0.000260951 0.000516221 -0.00764348 -0.00644922 -0.00511422 0.00388482 0.0179369 0.0022339 -0.0186017 -0.00353166 0.0182465 0.0538159 -0.00570853 -0.00376036 -0.0236348 0.0789125 -0.000660959 -0.0382405 -0.00845466 -0.0444968 -0.0203709 -0.0211371 0.0251383 0.0281622 -0.0363884 0.00346195 -0.0677513 -0.00486249 0.0864488 0.181175
internal_weight=14004.5 13854.9 4048 3967.59 3875.28 9806.92 1031.04 8775.88 171.245 3740.85 338.468 173.486 3402.38 3211.54 434.905 50.749 2776.63 384.156 1594.51 146.649 240.082 164.982 859.794 829.499 190.846 8267.62 149.581 1447.86 106.406 14.9711
internal_count=218550 205713 122777 116076 113767 82936 11177 71759 1609 105269 8683 3470 96586 87978 16313 1263 71665 15050 44654 6728 8803 5213 9568 9202 8608 66419 12837 37926 2528 339
cat_boundaries=0 24 25 49 71 92 115 139 162 185 208 230 254 278 289
cat_threshold=0 0 0 0 24576 0 67108864 134742016 2147745792 1141145600 4 0 268435456 109051904 1 0 0 0 1 0 0 1641473 138416144 144 41295945 64 0 41984 1 268435456 69206016 8192 335544576 524288 0 26 0 0 0 0 4 0 0 0 0 0 608567296 813965698 2080 131200 268435712 33554432 4096 0 0 0 0 0 0 65536 2304 8929408 4194304 0 536872960 270540801 67371008 65536 516 2100228 32 589824 16777280 33554433 0 0 0 150994944 8388608 0 0 0 2097184 2181042193 1296 0 536870912 2097170 134217728 0 524800 33571042 3122659328 675282951 2147483648 1030 0 0 0 0 0 270532610 4096 0 197120 4 0 0 0 0 0 0 0 2155905026 35651584 572522496 0 0 33840 0 262144 8405056 0 0 11015296 128 0 0 0 0 0 0 0 0 0 0 8421442 52447744 4166 0 671088640 0 2097280 0 65536 524288 8192 33554432 2147485696 1073741824 0 0 24576 0 0 0 0 2 0 0 2113536 2214658049 218103808 516 536870912 0 0 2734686725 805306624 4096 268435456 65 134221824 8 3342336 0 0 1073741824 0 0 8 0 0 2147483648 2147484672 8388608 671088641 0 128 0 268453896 526848 2105344 50331648 285343780 1074020352 0 512 4 0 0 0 256 2 0 0 0 32 3221225472 39845891 0 4 0 4 0 2097152 0 0 4096 0 65536 0 0 0 0 0 0 0 0 2147483648 0 69206016 536870912 0 0 294912 2144 0 268435456 38278144 2176 0 0 0 0 1073741824 0 0 8 0 0 268435968 17369664 4674 0 268435712 134217728 4096 0 0 0 0 32768 0 0 0 128 4194304 0 2048 268443649 262144 33554816 67239936 4196356 32 0 262144 16777216 2281701408 128 67108864 16 4672 335544320 131072 0 4194304 512
is_linear=0
shrinkage=0.1


Tree=30
num_leaves=31
num_cat=10
split_feature=10 10 11 3 3 9 14 3 3 14 3 3 21 11 14 10 3 10 9 5 20 9 20 20 13 3 21 21 3 21
split_gain=70.0243 31.5487 22.9243 22.6074 19.3807 21.4697 20.8677 21.8774 19.0692 21.6596 30.9099 18.484 17.1919 19.1556 17.13 15.5741 15.3006 15.0033 14.6417 14.1397 13.8581 13.1463 12.9901 12.1758 12.063 12.3633 12.1981 11.8974 11.6915 20.8282
threshold=0.02842617686837912 0.096029393374919905 14.500000000000002 0 1 56.750000000000007 1.0000000180025095e-35 2 3 7.5000000000000009 4 5 1083.5000000000002 826.50000000000011 9.5000000000000018 0.017165329307317737 6 0.082386106252670302 61.350000381469734 7 0.022142640314996246 49.850000381469734 0.083451043814420714 0.019928102381527427 0.0037243980914354329 8 4140.5000000000009 4578.5000000000009 9 228.50000000000003
decision_type=2 2 2 9 9 10 2 9 9 2 9 9 2 2 2 2 9 2 10 9 2 10 2 2 2 9 2 2 9 2
left_child=2 8 4 -4 5 6 27 -8 14 11 21 18 16 24 -2 -9 -13 -18 23 28 -16 -11 -19 -10 -14 26 -26 -1 -3 -30
right_child=1 19 3 -5 -6 -7 7 15 9 10 -12 12 13 -15 20 -17 17 22 -20 -21 -22 -23 -24 -25 25 -27 -28 -29 29 -31
leaf_value=-0.010583429783150725 -0.035616500726756484 -0.0085483159086749885 0.01455369291639818 -0.067388835611090422 -0.024569775488056372 0.26884198158765155 -0.017790104818663218 0.17956700856424435 0.16856941545091383 -0.0014749976480025336 -0.04452180423562524 0.0068263852760055465 0.00015485530506753741 0.16420633365600767 0.13983361996518948 0.4764391808100592 -0.068389740647608874 0.035714404684066191 0.15055555432151865 -0.043658765506840599 -0.033014466964178986 0.091581065347552865 -0.059799869334132595 0.013601745882566 0.075001410335481994 -0.021488320294373909 -0.0091570484409875946 0.17272441614818926 0.039210249771824496 0.0063988135877809009
leaf_weight=139.58283301070333 276.71352555602789 489.73490004986525 43.412341180723161 176.38045824086294 709.86894127493724 3.228092933073639 16.263902720063925 2.8467937996611026 5.1246573589742175 37.123609115369618 234.61233553430066 89.445087857544422 3710.1210020007566 6.9555144654586902 10.442698531784119 4.6593621456995606 111.72379365097731 32.84277169406414 8.1331059504300338 47.446709208190441 8.3452699473127705 25.685253946110606 25.136831343173981 475.9772503497079 28.605669073760509 470.48848610464483 43.279476627707481 3.632856252603232 199.33500629663467 6568.6872226670384
leaf_count=7027 7526 3506 3217 17250 35680 133 733 208 130 848 9192 1343 61442 125 125 185 2226 295 143 326 446 209 279 9769 555 7654 899 171 1126 46025
internal_value=-0.000497829 0.00156635 -0.0247189 -0.0536078 -0.0175041 0.0126623 0.00846823 0.0952398 -0.00408028 -0.00266813 -0.0288919 -0.001116 -0.00312485 -0.00161032 -0.0283823 0.156008 -0.0281388 -0.0443563 0.0171512 0.0058955 0.0630577 0.0315556 -0.00569544 0.0152524 -0.00188153 -0.0158115 0.0213611 -0.00593358 0.00627097 0.00735433
internal_weight=14005.8 12906 1099.88 219.793 880.083 170.214 166.986 23.7701 5600.76 5305.25 297.421 5007.83 4518.6 4259.45 295.501 7.50616 259.148 169.703 489.235 7305.2 18.788 62.8089 57.9796 481.102 4252.49 542.374 71.8851 143.216 7257.76 6768.02
internal_count=218793 154189 64604 20467 44137 8457 8324 1126 103206 95109 10249 84860 74818 70675 8097 393 4143 2800 10042 50983 571 1057 574 9899 70550 9108 1454 7198 50657 47151
cat_boundaries=0 24 48 72 95 113 137 161 162 175 196
cat_threshold=603979776 2097153 1024 1 8192 2099200 8192 2097152 0 33687844 0 0 0 0 1 0 0 0 0 0 0 262144 524417 2 0 0 0 0 0 0 1048576 0 2147483648 20496 32768 0 0 0 0 0 0 0 0 0 0 403867648 4012671692 2569 0 0 0 0 0 0 1048576 0 0 4112 32768 0 0 0 0 0 0 0 0 0 0 268568576 3355705408 8 1115684864 0 0 98464 0 1140850698 2155889669 83886080 131072 8 264192 8 2097152 0 0 4 16 0 2 0 33554432 2147483648 1024 524288 2 536870912 2097152 0 0 0 0 0 0 1074790400 0 0 16384 0 0 0 512 268500992 0 2048 1024 0 8388609 2099200 8576 285212672 32768 86016 32 135270400 128 0 1073741824 262144 2147483648 1 524288 3 128 0 65536 0 268435968 2 0 2056 1536 0 0 0 0 0 65536 0 2560 268435488 553648128 2181169161 4096 134217736 64 0 0 0 1024 10 2164260864 705167360 2147483648 2097152 0 262144 272629762 0 33554432 0 128 33554432 512 131200 0 176160769 0 0 0 0 4194304 0 0 0 2304 33570816 6357265 0 1048576 2 67108864 4243456 201392133 4215808
is_linear=0
shrinkage=0.1


Tree=31
num_leaves=31
num_cat=17
split_feature=3 3 14 3 3 17 14 3 3 3 3 14 3 3 17 17 16 3 3 3 3 17 14 3 3 16 3 20 16 19
split_gain=55.0037 29.1219 24.7344 31.1821 24.7846 19.9485 83.297 75.8521 30.3917 27.7266 27.0328 28.0865 78.2047 45.3301 38.6953 36.2933 50.4035 70.3317 37.9158 36.128 29.9513 31.5157 33.3362 27.8081 27.1051 24.9242 35.3083 26.4105 24.6941 24.2305
threshold=0 1 59.500000000000007 2 3 11.500000000000002 1.0000000180025095e-35 4 5 6 7 1.0000000180025095e-35 8 9 1.5000000000000002 1.0000000180025095e-35 8.5000000000000018 10 11 12 13 1.0000000180025095e-35 5.5000000000000009 14 15 23.500000000000004 16 0.018473792821168903 1.5000000000000002 0.060463631525635726
decision_type=9 9 2 9 9 2 2 9 9 9 9 2 9 9 2 2 2 9 9 9 9 2 2 9 9 2 9 2 2 2
left_child=-1 -2 4 -4 -3 10 7 -7 -9 -8 -6 13 14 -12 29 16 18 -18 -15 -17 -14 22 25 -24 -20 27 -27 -22 -29 -13
right_child=1 2 3 -5 5 6 9 8 -10 -11 11 12 20 15 -16 19 17 -19 24 -21 21 -23 23 -25 -26 26 -28 28 -30 -31
leaf_value=-0.056144899585255592 0.014138381903307358 -0.042387870832057764 0.016435936457906454 -0.079347884639327793 -0.035006840747063249 0.05952291645240701 0.023968020615752313 -0.043423507767532871 0.0064857813100448166 -0.03827022638000168 -0.041361514399657309 0.10459736622561909 -0.024117603809084471 -0.013708530462805563 -0.012123730132941256 -0.026775306659628274 0.06418898357270264 -0.056402498110368904 0.025513145523610104 0.056367169569626341 0.20784153495724206 -0.016748132172883335 0.019925304421337137 -0.043043882743802837 0.0022662276232984879 0.061590968222432534 -0.039292856443759294 0.0087197823941191754 0.05801981687427539 0.047539142493518906
leaf_weight=167.64197015250102 1284.1922667138278 134.09866229584441 55.675559302326292 78.576590288430452 195.27261123433709 227.40440059732646 75.474610840901732 158.48578133806586 437.93972121505067 769.89799902029335 257.44230504799634 110.05657588457689 336.44591159140691 1423.1631675288081 77.907305728644133 66.198994094505906 50.373046078719199 290.57420813851058 541.4670364651829 199.94321230379865 9.6344142602756602 332.31635627197102 142.38636083714664 121.52891505649313 5618.3902417197824 43.07214929908514 90.54764445964247 157.68943409342319 285.64562531048432 229.89046565722674
leaf_count=14084 7827 6948 997 6427 6066 2592 1027 2254 5684 16450 6167 2448 5570 23745 1398 646 716 7719 4086 2446 455 5766 2424 3327 71188 316 2483 2207 3058 2287
internal_value=-0.000855203 -0.000142845 -0.0016181 -0.0443116 -0.00115655 -0.00067001 -0.0108305 0.0117985 -0.00727378 -0.0328828 0.000932374 0.0016403 0.0125021 -0.000848495 0.0502412 0.000474885 -0.000744518 -0.0383574 0.00094663 0.0367986 0.00178008 0.00928695 0.0195688 -0.00994702 0.00434773 0.0328484 -0.00510433 0.0440439 0.0404843 0.0660115
internal_weight=13969.3 13801.7 12517.5 134.252 12383.2 12249.1 1669.2 823.83 596.426 845.373 10579.9 10384.7 1937.12 8447.55 417.854 8190.11 7923.97 340.947 7583.02 266.142 1519.27 1182.82 850.505 263.915 6159.86 586.589 133.62 452.969 443.335 339.947
internal_count=218808 204724 196897 7424 189473 182525 28007 10530 7938 17477 154518 148452 31739 116713 6133 110546 107454 8435 99019 3092 25606 20036 14270 5751 75274 8519 2799 5720 5265 4735
cat_boundaries=0 24 45 58 82 103 126 149 173 197 221 242 266 287 308 330 353 377
cat_threshold=0 2097152 0 2048 268460032 2048 32 524288 2147614720 3288334336 0 0 268435456 109051904 1 0 33554432 0 0 0 0 328705 13682176 32 1090519040 64 128 1152 0 0 0 131072 134217728 0 0 0 134217760 2162688 0 512 268435680 17039872 574624128 197120 68157444 268435456 0 536870912 2097152 0 0 1048576 0 16777216 0 1056768 8 64 0 9437184 33792 1048592 0 2097154 9216 134225920 0 537397640 1073741850 0 0 1048576 0 0 0 0 0 134217728 0 541720576 0 4112 671088640 524293 4194305 512 0 0 0 0 301989888 0 1318912 35651584 2139280 16388 0 536870912 8192 34079744 8 0 36864 302022656 138412034 2147500032 2097154 0 0 5242880 2097152 16785408 0 134217728 813694976 8917056 4194304 0 8388608 0 0 16777296 0 32 0 2147483648 0 536871170 2147483648 0 0 0 268959746 0 0 4096 0 0 8417537 16392 0 1619001344 134217728 67636480 0 1 32768 2129920 33554432 0 524288 33554432 65536 0 68157440 268435776 0 0 1060864 0 32 0 16 0 2147483648 134217728 524288 0 0 64 67109504 667913 2114 33554432 1224736769 1 2097152 0 65536 0 2097152 50331648 0 1048576 2684356608 4456592 16392 0 65536 0 2281703424 32770 0 0 16384 65666 512 2181038080 1627390209 65538 0 0 276889600 0 268435456 0 2097216 0 0 0 16385 0 65536 0 2281703424 32768 0 0 135282688 16777218 66048 134217728 4194304 2688548864 4096 0 33574916 524288 2101248 33554432 301989888 2048 0 4456460 268 0 2048 1 1073742080 8 0 32800 8914944 134218240 0 0 0 2147483656 540676 0 50331648 4 1064960 2048 5242880 12 0 0 131072 1280 1064970 65 16384 0 2147483648 262144 268435456 33554434 2147483649 2097152 0 0 0 2097152 0 0 4096 1914701824 49492 1024 0 1048576 0 0 262144 0 38912 131072 0 2281717760 522 0 4 542113792 0 0 0 32768 1224736768 139328 2306 0 1074790400 12289 33554432 0 0 262304 2147483648 33554432 541065216 0 0 0 0 0 268443648 0 8192 301989888 577540 1028 0 0 0 67108864 0 0 0 2147483648 131072 0 8388608 2 0 536870912 134217728 12582912 0 1536 0 1207959552 2692804625 0 0 9437184 18 32768 65536 2 0 2097184 262208 2684354560 4 4194304 0 0 0 0 0 8192 0 131072 33554432 8388616 5 0 8388608 2 1024 72 0 0 32 0 262144
is_linear=0
shrinkage=0.1


Tree=32
num_leaves=31
num_cat=16
split_feature=3 3 14 3 16 3 2 21 3 3 3 3 16 3 14 3 3 20 3 8 3 3 9 8 8 3 21 20 18 7
split_gain=49.7708 23.9372 21.3571 50.858 24.0424 21.1092 20.7003 19.3916 55.1438 28.5232 26.3722 18.4164 22.2042 87.427 66.015 25.7745 24.0709 21.85 16.616 16.0893 24.9328 16.9716 15.9154 15.7364 17.8781 25.0607 15.1969 14.3241 14.1988 13.9015
threshold=0 1 48.500000000000007 2 85.500000000000014 3 4 4003.5000000000005 5 6 7 8 1.5000000000000002 9 1.5000000000000002 10 11 0.013268233276903631 12 10.500000000000002 13 14 65.950000762939467 8.5000000000000018 20.500000000000004 15 4179.5000000000009 0.40110553801059728 -1.0000000180025095e-35 1.5000000000000002
decision_type=9 9 2 9 2 9 9 2 9 9 9 9 2 9 2 9 9 2 9 2 9 9 10 2 2 9 2 2 2 2
left_child=6 -2 5 4 -4 -3 -1 8 23 -10 19 29 14 -14 15 -13 28 26 -15 20 -9 -21 -19 -7 25 27 -17 -25 -16 -12
right_child=1 2 3 -5 -6 7 -8 10 9 -11 11 12 13 18 16 17 -18 22 -20 21 -22 -23 -24 24 -26 -27 -28 -29 -30 -31
leaf_value=0.051504252107650098 -0.037693939607241975 -0.025767353423032463 0.069626314110391663 -0.076078506385092892 -0.050863636197178631 0.05152902539778928 -0.068252345061005568 0.044709162986338993 -0.034825738049515317 0.0039731112495332913 -0.050879828540354846 -0.014798333768942818 0.041993264537794013 -0.041127944850566422 -0.0053677460537531326 -0.036023028317696819 -0.065047373218410795 0.00062137472941639106 -0.0037252845320732602 -0.0088804632678065928 0.0037128026642282846 0.014076341541930121 0.082118995458713914 -0.03402217745225352 0.041065446605516365 0.028297509011011558 0.18073378526817735 0.079238426220968355 0.14482582162125732 -0.010753664488716575
leaf_weight=11.64500925131142 151.5510640614666 268.58580297930166 52.860962528269738 100.19280560687184 24.115757880732417 243.60694984672591 135.19177118036896 274.83101324364543 190.19002579245716 3548.4080840777606 138.17290656501427 1299.0410403208807 498.10565284173936 128.80407874239609 25.06979968957603 4.5262307859957209 224.32555334735662 3267.51106045302 870.77764250850305 596.25110203865916 327.89786816993728 678.85871143452823 24.139251239597797 138.6589826066047 273.28173758741468 218.13682436617091 11.333986804820595 12.144266560673712 8.404411366209386 230.14984445786104
leaf_count=816 6535 7136 410 7615 374 2651 12305 2431 3608 39477 4185 21384 9581 3498 350 253 7152 42999 13892 5493 3804 7647 303 1498 3300 2498 817 49 113 6728
internal_value=-6.00696e-05 0.000574807 0.00102604 -0.0334674 0.0282133 0.00147944 -0.0560766 0.00205039 0.00727484 0.0019117 -0.000753858 -0.00367803 -0.00239894 0.00824414 -0.00568077 -0.00292488 -0.054925 0.00177785 -0.00890455 0.00969464 0.0232096 0.00338231 0.00121904 0.0295545 0.0216794 0.00731966 0.118875 -0.0233527 0.0249023 -0.0251245
internal_weight=13976.8 13829.9 13678.4 177.17 76.9767 13501.2 146.837 13232.6 4624.43 3738.6 8608.2 6730.36 6362.04 1497.69 4864.35 4606.55 257.8 3307.51 999.582 1877.84 602.729 1275.11 3291.65 885.829 642.222 368.94 15.8602 150.803 33.4742 368.323
internal_count=218902 205781 199246 8399 784 190847 13121 183711 53081 43085 130630 111255 100342 26971 73371 65756 7615 44372 17390 19375 6235 13140 43302 9996 7345 4045 1070 1547 463 10913
cat_boundaries=0 24 48 60 84 95 118 141 165 189 210 234 257 281 304 327 348
cat_threshold=2112 268435456 0 0 8192 4194304 0 0 0 1078984713 0 0 268435456 109051904 1 0 0 1073741824 1 64 0 853505 1075843360 32 0 9437184 33280 16 16384 538968064 4 134217728 65536 167772162 26 0 3 0 32 512 0 2147483648 0 524288 0 541065216 2420113408 4112 33554432 0 33554560 2097152 0 0 1048576 0 16777216 0 1056768 8 33554432 0 33555456 2195488 0 67108872 1073152 117440512 0 8460288 0 0 16777216 0 0 1073743872 0 67108864 0 0 16448 64 24593 4 16777248 2147483680 128 67108864 0 2101824 335544320 131072 2097152 0 1073742336 2281701376 1077936132 2684354688 8 268435456 4 0 0 8192 0 20480 1082130432 33559076 4 0 0 0 532480 50335880 0 4 8388608 128 8913024 67109377 0 128 0 786432 528384 2097152 0 0 32768 268435456 1048768 8192 67108864 0 4 0 2 0 67108864 2146304 329218 0 0 0 4736 0 0 285868032 131200 268443648 0 1073938432 2415919104 1049064 0 0 0 0 0 0 0 0 1073793024 328194 262144 83886080 675282944 4096 2048 0 0 543162368 0 0 16785936 8388608 0 4096 0 0 0 0 256 0 0 0 2541752322 51904512 1 671088640 18874371 536872961 0 0 4 0 2109440 2264924160 64 1339392 33554432 65536 24584 0 0 0 0 2 0 67108864 0 18874369 536938497 0 0 33556480 0 2109440 2248146944 262212 1333248 41943040 65536 24584 0 0 0 0 2 0 67108864 0 0 512 8388608 0 2147483648 0 0 0 0 0 0 0 1048576 10485760 0 8 0 0 0 0 2 0 0 2097152 128 0 33554432 2147631104 7 0 0 67108864 281018368 524288 1024 32768 0 0 0 0 0 0 524288 0 0 0 2097152 537004160 2184 0 0 0 4096 0 0 0 0 268435456 0 0 0 72 0 0 0 0 0 0 0 0 49152 2 0 0 0 4096 0 0 0 0 268435456 0 65536 0 72 0 0 0 0 0 0 0 0 1073790976 2 2147483648 1073741824 2684354560 8 0 4 0 0 8192 0 0 0 516 0 0 0 0 0 16777224 0 4
is_linear=0
shrinkage=0.1


Tree=33
num_leaves=31
num_cat=16
split_feature=3 3 14 3 3 3 3 9 3 19 14 19 7 3 3 3 3 3 9 7 19 19 20 3 11 3 3 3 19 19
split_gain=47.4048 22.9622 21.5761 73.9008 34.7081 25.3947 22.6546 20.0176 18.6401 15.1107 20.0189 14.8166 14.6839 39.4923 29.1398 25.6081 18.6525 18.0979 17.8514 13.8034 14.4816 34.3292 13.4997 12.6594 14.5974 49.8727 29.8437 27.7186 18.5144 24.7608
threshold=0 1 5.5000000000000009 2 3 4 5 36.250000000000007 6 0.017782646231353286 1.5000000000000002 0.15577951818704608 3.5000000000000004 7 8 9 10 11 49.850000381469734 5.5000000000000009 0.020199722610414032 0.019095085561275486 0.051129089668393142 12 4.5000000000000009 13 14 15 0.037208344787359245 0.033760923892259605
decision_type=9 9 2 9 9 9 9 10 9 2 2 2 2 9 9 9 9 9 10 2 2 2 2 9 2 9 9 9 2 2
left_child=-1 9 5 8 7 -3 -7 -5 19 10 -2 -10 15 -14 -15 -8 -16 18 -17 20 21 -4 -11 -19 27 28 -27 -25 29 -26
right_child=1 2 3 4 -6 6 12 -9 11 22 -12 -13 13 14 16 17 -18 23 -20 -21 -22 -23 -24 24 25 26 -28 -29 -30 -31
leaf_value=-0.046757891738113386 -0.024300650768087517 0.018690022260296334 -0.010841633879337901 -0.011951965226457285 -0.044646226731796544 -0.028949998908691217 -0.024222086990399253 0.059349521716954318 0.066428467855099413 -0.065316780929912929 0.13278928516605326 0.19138986586526105 -0.029978144341650803 0.036961155877805456 -0.047383751821288254 0.017908421227880441 0.0083955284372912598 -0.01441407905823908 0.13145536009920331 0.11933131129940858 0.00073025015285291945 0.41762745307818672 -0.016520741268595533 -0.022043364836273005 0.06999937170801461 -0.054120661603748225 0.003478507008266859 0.0010809560825819518 0.033062709399964765 0.28730212639804736
leaf_weight=205.95938559761271 22.82497252849862 858.08621061034501 5.4411639212630671 256.01461021089926 474.24171253992245 237.96189269516617 422.55972809856758 46.530718847177923 58.567094222642481 103.81644292222336 12.585260750260202 11.322908796370028 245.86021156702191 369.37869873084128 51.892014822922647 372.82588167162612 2277.0083194393665 578.68018731474876 14.379985481500624 11.878065696917472 154.08305024821311 2.8490302506834269 124.91554423421621 565.14219970814884 30.364512310363352 93.559096824377775 680.57158666662872 5246.1401674970984 370.09143478609622 6.3381947446614495
leaf_count=15245 724 12995 322 1728 18560 5949 9686 365 632 5694 143 57 2862 5599 1096 5009 28513 8263 204 126 3410 90 1841 8836 902 2145 10500 63598 3368 139
internal_value=-0.000271085 0.000461253 0.00104482 -0.0129289 -0.0278574 0.00219422 0.000953062 -0.000954427 0.0343053 -0.0281902 0.0315312 0.0758244 0.00160639 0.00768307 0.0111843 -0.000526448 0.00695539 0.000761227 0.0215683 0.0144411 0.00765743 0.136407 -0.0386682 -0.000329978 0.000854553 0.0109915 -0.00408418 -0.00120394 0.0388266 0.107525
internal_weight=13911.9 13705.9 13441.8 1020.93 776.787 12420.8 11562.8 302.545 244.141 264.142 35.4102 69.89 11324.8 2944.14 2698.28 8380.65 2328.9 7958.09 387.206 174.251 162.373 8.29019 228.732 7570.89 6992.21 1180.92 774.131 5811.28 406.794 36.7027
internal_count=218601 203356 194954 25290 20653 169664 156669 2093 4637 8402 867 689 150720 38070 35208 112650 29609 102964 5213 3948 3822 412 7535 97751 89488 17054 12645 72434 4409 1041
cat_boundaries=0 24 48 71 93 115 139 162 186 209 233 257 281 305 327 351 372
cat_threshold=0 1048640 1024 0 0 0 512 0 655360 1078854784 32769 8 0 109051904 1 0 0 256 2 0 0 18154497 4196352 6144 33554432 2097152 2147516416 16 16392 2228224 67379200 67112960 65536 0 26 16777216 0 0 1073741824 0 0 0 134217728 0 0 2685009920 1076101634 48 2148007936 1094713346 536870912 2097152 0 0 524288 2097152 0 256 1074790400 270534656 4227076 16385 0 65536 64 201327104 32832 131072 67108864 0 65536 163840 33554432 16577 128 0 0 131072 8192 33562624 0 8192 1082130432 402677762 9216 0 0 0 0 0 0 2097184 2097152 402653184 0 0 640 0 4 0 1024 32768 0 131072 2097152 9699328 16 0 0 134611074 526336 50593928 524288 2097284 2097312 0 1090519040 0 2162720 0 67108864 8421376 16777216 0 562036994 0 256 4194306 0 32 65536 64 201327104 0 0 2048 134226432 24624 64 0 2 536870912 0 0 0 0 2097152 0 0 1048576 2099200 32772 16385 0 0 64 512 0 131072 0 0 65536 0 2 0 0 268435456 8388608 1572864 0 8192 1048576 1074003968 32 58496 257 0 8388608 2105344 8 16400 2 294976 0 2214625280 256 2147483648 524288 704643073 7172 0 4096 131072 8448 285212672 2097152 0 1610612736 33619968 12 0 0 0 262144 536870976 32768 1024 32768 268435584 131072 71827456 134217730 3072 0 0 16384 270541056 0 270540832 128 0 65536 0 0 0 24 0 64 67239936 4097 0 839909632 4 1073809472 268435456 0 0 2147483648 1262485504 2097425 33554432 0 32776 0 0 0 1048576 0 2147485696 1 2181038080 4198400 0 0 0 65540 65537 65600 0 0 0 0 1224736768 269484032 0 67117056 1081344 262144 0 16512 3145729 0 0 12288 2449473536 4112 134217728 294976 33554432 589824 65536 2166358016 1 16992 0 0 0 131204 128 2147483648 1 0 536872960 167772160 128 0 0 2147483648 8192 8192 1 32 36864 134217729 2 536870912 258 4194305 0 268435456 33619968 256 0 16777216 0 1074802688 33554432 268 14 0 545261568 32 16777216 49152 0 65536 16384 524288 0 8388608 0 0 0 138412032 4194304 0 8 0 67108864 36897 1024 0 0 0 0 0 514 1024 1342177280 2239758408 8 545259520 256 67585 4096 0 268518409 524544 524288 0 4 1073741824 33554432 0 12 0 536872960 0 17040384 49152 0 71368704
is_linear=0
shrinkage=0.1


Tree=34
num_leaves=31
num_cat=18
split_feature=3 14 3 9 3 3 17 14 3 16 3 14 3 3 14 3 3 16 3 3 3 3 9 3 3 20 17 11 3 3
split_gain=47.1718 22.3834 22.3678 20.1512 48.2488 21.82 18.5634 99.7662 70.5361 39.8445 46.8568 34.9057 54.9615 48.8203 34.823 36.1827 34.0378 32.8029 88.539 37.7607 28.4452 28.1364 25.0991 25.0662 21.3738 20.6187 18.4611 18.4146 38.4354 18.5047
threshold=0 85.500000000000014 1 49.850000381469734 2 3 3.5000000000000004 1.0000000180025095e-35 4 1.5000000000000002 5 1.0000000180025095e-35 6 7 5.5000000000000009 8 9 3.5000000000000004 10 11 12 13 33.049999237060554 14 15 0.023273834958672527 1.0000000180025095e-35 60.500000000000007 16 17
decision_type=9 2 9 10 9 9 2 2 9 2 9 2 9 9 2 9 9 2 9 9 9 9 10 9 9 2 2 2 9 9
left_child=-1 2 -2 5 -5 -4 11 8 -8 21 -11 13 22 -7 15 -14 25 19 -19 -15 -21 -9 -13 -20 -10 -16 -25 29 -29 -17
right_child=1 -3 3 4 -6 6 7 9 24 10 -12 12 14 17 16 27 -18 18 23 20 -22 -23 -24 26 -26 -27 -28 28 -30 -31
leaf_value=-0.056475847280546491 -0.043717466081765313 -0.048865460714562402 0.027145062480984201 -0.018633264200388251 0.035047426737859988 -0.035340081522222538 0.06107144383234156 0.038393440248612645 -0.029381380353047656 -0.044818056869391075 0.0081460081770822913 0.059543202380175665 -0.026008784565981553 0.024467953302737225 0.16636618317131788 0.0060304104886050114 -0.049035140109062347 0.05587561578900873 0.023021250053533244 -0.018511651490896081 0.0018499866346906224 -0.058429322051328725 -0.0066156189611726451 -0.057975301767965226 0.008203378791543375 0.00017889743070123869 0.013517290888088798 0.059960570945588904 -0.029693133602354729 0.044700664265672763
leaf_weight=138.83543984079733 103.67566428426653 92.631910000462085 277.55094591341913 248.52950546517968 481.25294182216749 399.87905532773584 228.11834037583321 28.886795812286437 190.33059491310269 278.56106032943353 394.71742838341743 317.98514173133299 168.32444999087602 658.70349555462599 7.6602633129805318 195.34683750662953 190.14882479188964 107.69763590488583 51.399837503675371 762.10320909228176 6149.6666733352467 423.39972689421847 69.959424281492829 375.04019434889778 608.54022797616199 293.82412304310128 39.968171700835228 59.618716508150101 142.78051762934774 409.76122435973957
leaf_count=12239 6334 5891 2574 3692 6166 9505 2595 773 2565 5557 6260 5114 1769 9262 242 2357 5037 1187 614 13645 73638 9725 1275 10437 6991 3980 501 515 2783 5303
internal_value=-0.000480782 0.000125322 0.000457549 0.000826934 0.0169912 -9.18633e-05 -0.000715164 -0.00916855 0.0133695 -0.0297328 -0.0143119 0.00103382 0.0134663 -0.00166586 0.00440919 0.0153733 -0.0172636 3.08199e-05 -0.0230147 0.00177852 -0.000418622 -0.0526884 0.0464161 -0.0415386 -0.00100371 0.00426016 -0.049888 0.024024 -0.00178931 0.0330551
internal_weight=13894.9 13756.1 13663.4 13559.8 729.782 12830 12552.4 2152.55 1026.99 1125.57 673.278 10399.9 1855.41 8544.46 1467.46 975.832 491.633 8144.58 574.106 7570.47 6911.77 452.287 387.945 466.408 798.871 301.484 415.008 807.507 202.399 605.108
internal_count=218526 206287 200396 194062 9858 184204 181630 34466 12151 22315 11817 147164 28375 118789 21986 12727 9259 109284 12739 96545 87283 10498 6389 11552 9556 4222 10938 10958 3298 7660
cat_boundaries=0 24 48 70 94 115 136 159 182 204 226 245 268 291 314 336 357 378 401
cat_threshold=1073741824 1048576 196608 0 0 0 1024 0 2147483648 1084228640 0 0 0 109060096 1073741825 512 262144 0 0 0 0 4785153 541087744 4384 0 8388608 33280 17 16384 69206016 24832 134217728 0 2181038400 16410 0 2432696320 0 0 0 0 0 0 0 0 671088704 163856 528 192937984 7 536871040 524 0 4 131072 8527872 16777216 0 135266304 0 2662976 0 0 2048 0 0 536870912 0 360448 32 131072 285212928 134217728 12 0 131072 201326592 0 0 0 134349312 0 536870912 2099218 0 2048 64 512 33820864 163840 65668 0 0 262144 671088640 5 4194305 512 268435456 4 268566528 131072 16809984 0 1318912 134217728 2097280 5 0 0 8225 34079744 4194306 0 4096 805306368 167772164 2688565248 0 0 0 131072 2097152 285220864 0 4096 3592421376 132312 4 0 8388608 0 0 541065216 0 4096 570425344 1207959552 0 128 0 65536 0 270532608 16777216 0 1074794496 536872960 655376 81928 0 65536 0 2281701376 32768 0 67108928 16384 67174402 2181038080 1744830465 0 2097152 8192 65536 268435458 0 268435456 8192 1074003968 0 4210816 16384 0 65536 0 134217736 32768 1 64 16384 34144386 0 4194304 33572864 512 0 0 4194304 131072 0 0 8192 150995232 2170880 256 0 1048576 134221825 67108864 2 0 2080 2155872256 32768 33554433 536871040 0 0 0 1048576 0 301998080 0 8192 2466250752 4321348 1029 0 0 0 67110912 2 0 2097184 2147483648 150994944 4 536870912 0 0 4 4194304 2097152 50331648 0 1056768 256 134676556 1048585 0 1048576 2147483809 0 4210696 8421376 6 8388608 2 0 537133056 4194304 4194304 0 2 128 1224736776 8425473 256 0 1048576 2 0 16777216 134283264 32 3223322656 134217728 536870912 524288 2 128 0 268435456 589824 2622464 50331648 16384 32768 2097152 262144 13 0 2172649472 33 2048 5259264 0 4096 67371008 8192 0 536870912 2684354560 0 0 0 268437506 0 0 0 0 134217728 8208 16388 0 1082130432 0 0 0 0 32768 2129920 2147549184 128 524288 2147483648 1024 0 2449475592 0 135168 40960 262148 2048 2048 0 4 0 545259520 134348800 1073759232 536870912 67109376 67108864 128 33587200 37748738 2189443072 2097154 0 0 5242880 2097152 0 0 0 1342177536 4862273 0 0 1048576 0 67371008 16777232 67108864 32 268959744 0 541065216 4096 0 0 0 8192 0 0 0 1082130432 8389512 5 0 0 2 17303552 0 0 17408 268959744 33554434 541065216 2097152 0 4 131072 8192 33554432 0 262144 8388608 1065736 4 0 1073741824 0 33557504 16384 134217728 2376704 0 2147483648
is_linear=0
shrinkage=0.1


Tree=35
num_leaves=31
num_cat=12
split_feature=10 17 3 14 3 11 3 3 17 14 3 3 3 17 21 21 3 3 10 21 3 21 3 14 16 3 14 19 7 21
split_gain=35.6906 24.0418 45.9763 30.3408 28.797 22.9966 22.2104 20.4852 21.0769 19.0784 17.7591 17.3603 15.4475 21.4401 16.0988 15.0179 44.6234 19.5141 17.7089 18.5169 17.4367 16.8941 14.9064 14.5843 14.4043 53.9074 24.9972 22.2964 35.0601 19.5852
threshold=0.024770003743469719 30.500000000000004 0 1.0000000180025095e-35 1 8.5000000000000018 2 3 340.50000000000006 2.5000000000000004 4 5 6 1.0000000180025095e-35 4314.5000000000009 4003.5000000000005 7 8 0.082953099161386504 1.0000000180025095e-35 9 4025.5000000000005 10 85.500000000000014 1.5000000000000002 11 2.5000000000000004 0.021319050341844562 1.0000000180025095e-35 4222.5000000000009
decision_type=2 2 9 2 9 2 9 9 2 2 9 9 9 2 2 2 9 9 2 2 9 2 9 2 2 9 2 2 2 2
left_child=5 6 9 4 -4 7 -2 8 -1 -3 -8 -5 13 -7 -15 16 -12 21 20 -20 -18 -17 -21 24 26 29 -19 28 -28 -26
right_child=1 2 3 11 -6 12 10 -9 -10 -11 15 -13 -14 14 -16 17 18 23 19 22 -22 -23 -24 -25 25 -27 27 -29 -30 -31
leaf_value=0.015332974137123903 -0.029242372326368699 0.051760739449109909 0.019085291182229559 0.0065157322160961277 -0.022723901141945266 -0.0094264329873878245 0.019338576309402864 -0.028127350026735606 0.31474367756978805 -0.045088264307085922 0.02546777315949883 -0.045104043494175218 -0.071189288557365157 0.12430861054415927 0.61041309555364687 -0.037848216679179481 0.013426462682966432 -0.0048420319322711519 0.11268713263202589 -0.012441364050133805 -0.024089193519356206 0.010898106411434533 0.0075788796343252349 -0.060503914806202257 0.0062464497176016164 -0.01617748233276519 0.30587151296049342 -0.073047111402121043 -0.029844235786942383 0.041953939496952107
leaf_weight=121.85841477010399 214.9355278625153 142.20166548527777 276.32636168412864 81.00819424726069 379.60656125470996 16.312698651105169 584.00104079768062 279.65156980929896 2.397354617714881 23.734976856969297 938.15596347255632 429.72302882699296 118.05282150954008 2.2180623724125321 0.98332599410787214 74.551998548209667 163.55586339347064 4333.7806278374046 15.714384965598581 450.79456546530128 460.04202054394409 1534.0386250852607 1937.1381869912148 45.10658929310739 268.62789164669812 556.65604694280773 4.1160222743637886 91.238658029120415 12.737315793056039 358.74161348072812
leaf_count=7228 5264 1707 2690 1246 4715 1551 6527 20743 120 466 8719 8298 14783 257 78 777 4646 57827 76 3192 11326 16504 15426 3383 2887 10529 145 2939 510 4271
internal_value=-0.000534472 0.000484366 -0.0122608 -0.0192315 -0.00516632 -0.0257038 0.00189456 -0.0136767 0.0195374 0.0357532 0.00248294 -0.0376721 -0.0610161 0.0244693 0.273619 0.00159115 0.00654404 -0.00110464 0.00059341 0.0044911 -0.0144207 0.00858553 0.00377909 -0.0038616 -0.00341433 0.00638629 -0.00602678 -0.0535274 0.0521463 0.0262463
internal_weight=13918 13376.5 1332.6 1166.66 655.933 541.474 12043.9 403.907 124.256 165.937 11829 510.731 137.567 19.5141 3.20139 11245 3965.4 7279.6 3027.25 2403.65 623.598 1608.59 2387.93 5671 5625.9 1184.03 4441.87 108.092 16.8533 627.37
internal_count=218830 174070 19122 16949 7405 44760 154948 28091 7348 2173 149684 9544 16669 1886 335 143157 43385 99772 34666 18694 15972 17281 18618 82491 79108 17687 61421 3594 655 7158
cat_boundaries=0 22 43 64 88 112 132 156 178 202 224 245 267
cat_threshold=3221225472 524544 4196352 1536 0 0 0 0 134217728 0 1074790400 32 2097184 16391 0 1073741824 134225920 34078720 541065226 512 32896 32 0 33554437 129 4 268435456 0 131072 139264 268476416 0 274432 2166358016 222416 8 0 545259520 0 0 0 2 4096 0 524288 512 98304 0 2234548233 8389760 67108992 131072 134217984 266240 0 1 0 268435456 2684354560 8192 33554432 1 0 134221824 0 0 64 0 0 0 0 134217728 0 2148007952 0 0 0 0 0 0 0 0 0 0 0 51563008 3615926472 6147 1073774592 134217728 134217728 1156 0 0 268435456 1024 134225920 8 134217728 67108864 1048832 1048576 0 0 0 10752 33599616 131078 262208 0 0 262144 17301504 2 570425344 2097152 0 0 269484032 0 0 0 0 2692743168 12599552 73736 0 0 32 1024 0 131073 0 2097152 0 0 8192 0 0 0 0 570689636 0 0 0 67108864 0 0 0 0 0 0 0 262144 8323 64 2231369728 4194304 18561 0 0 4 4194304 4096 16777216 0 0 1084227584 201260 2113536 0 0 2359296 525568 65536 0 0 2147483648 268437504 0 0 1048578 0 0 620888064 279052288 65536 268435456 1073938432 2183135272 536871128 8192 0 0 0 2147483648 0 0 67108864 0 65536 512 0 33554436 4096 9 268437504 1074070016 3145732 256 335544320 33793 640 0 0 2052 0 16777216 0 268435464 134217728 0 2 2 524288 0 0 4608 0 0 134217728 131072 0 0 131072 33554464 2294300864 65536 0 9437184 167772225 134250496 4194304 134742528 67141760 34078720 16777219 536873089 4096 268435456 4 0 12288 33554432 0 1075200 0 65540 12 0 0 0 256 2 0 0 2147483648
is_linear=0
shrinkage=0.1


Tree=36
num_leaves=31
num_cat=3
split_feature=10 2 11 1 9 7 16 10 21 5 21 11 9 6 11 21 9 6 6 11 16 6 10 9 8 8 16 9 21 21
split_gain=31.8557 19.2721 16.7143 12.0651 12.5169 12.2519 12.6411 12.5615 11.2821 10.8273 10.1054 15.982 10.833 10.0794 16.5644 30.209 12.075 10.8114 9.65994 14.6969 13.2255 13.2608 13.1899 12.2496 11.7869 16.7359 11.4595 16.5637 11.9244 11.2572
threshold=0.015739909838885072 0 -1.0000000180025095e-35 1 49.850000381469734 4.5000000000000009 97.500000000000014 0.058780442923307426 1083.5000000000002 2 3939.5000000000005 2.5000000000000004 40.45000076293946 8.5000000000000018 60.500000000000007 4496.5000000000009 32.149999618530281 4.5000000000000009 8.5000000000000018 170.50000000000003 20.500000000000004 1.5000000000000002 0.23047556728124621 30.150000572204593 19.500000000000004 17.500000000000004 183.50000000000003 24.150000572204593 3402.5000000000005 228.50000000000003
decision_type=2 9 2 9 10 2 2 2 2 9 2 2 10 2 2 2 8 2 2 2 2 2 2 8 2 2 2 10 2 2
left_child=1 2 -1 8 5 7 13 -5 -2 18 -3 12 -12 16 -15 -16 17 -7 20 -20 21 29 -22 -24 25 26 27 28 -21 -9
right_child=3 10 -4 4 -6 6 -8 9 -10 -11 11 -13 -14 14 15 -17 -18 -19 19 24 22 -23 23 -25 -26 -27 -28 -29 -30 -31
leaf_value=0.35254249926127551 0.029257082939321295 -0.090173910822403003 0.046583261271616647 -0.0096141689925065138 0.011955574987209377 0.079230663666436288 -0.087630448561345733 0.055983175627296371 -0.014216284244176433 -0.048679293633009858 -0.010662545813695641 -0.083298121048591772 0.17949382542289036 0.017563441362102823 -0.0057244416822770997 0.25644067392152203 -0.00078466929586363567 0.0016956074257123322 -0.0072888249357184222 0.18931130664442691 -0.024518936895099357 0.0046112378755245528 -0.042009627297470015 0.018526157695457564 -0.011893899296544025 0.15760427523217849 -0.072094950313161044 -0.023962357771707889 0.055924416639918123 -0.011564182915991438
leaf_weight=2.2014010511338702 251.19247580692172 57.01279284665361 9.4510608287528139 2039.6208217809908 736.03354301024228 37.420287458226085 13.732558586634694 25.504742190241814 78.304521977901459 37.292027994990349 46.402436589822173 40.07201067218557 3.2026622337289146 384.94625973282382 9.4192464970983583 8.2405372336506826 795.88111550733447 34.624026183504611 2614.3146487744525 8.9539974704384786 367.19230331387371 5185.8302993522957 41.502341270446777 171.79653748124838 46.413388129323721 12.538001873530446 9.1839648019522411 20.163451654836535 26.648806664161384 756.22213591821492
leaf_count=159 1402 8746 766 79561 10227 414 308 244 361 355 4373 5774 252 4957 262 166 9964 482 26826 89 4444 49255 185 760 524 145 91 200 332 7310
internal_value=-0.000764283 -0.0453609 0.056176 -0.00024933 -0.000720874 -0.00145917 0.00779896 -0.00250552 0.0183682 -0.000950429 -0.053602 -0.0363285 0.00161455 0.00883041 0.0219079 0.116609 0.00276411 0.0419678 -0.000705578 -0.00569391 0.00137933 0.00278101 -0.0130302 0.00674749 0.0279588 0.0518295 0.0314107 0.0484567 0.0894708 -0.00936037
internal_weight=13871.3 158.342 11.6525 13713 13383.5 12647.4 1284.26 11363.2 329.497 9323.56 146.69 89.6771 49.6051 1270.53 402.606 17.6598 867.925 72.0443 9286.26 2738.22 6548.05 5967.56 580.491 213.299 123.902 77.4882 64.9502 55.7663 35.6028 781.727
internal_count=218934 20070 925 198864 197101 186874 16553 170321 1763 90760 19145 10399 4625 16245 5385 428 10860 896 90405 28207 62198 56809 5389 945 1381 857 712 621 421 7554
cat_boundaries=0 11 12 13
cat_threshold=16777248 2348810272 128 67108864 0 2101824 335544320 131072 0 0 512 41943040 170
is_linear=0
shrinkage=0.1


Tree=37
num_leaves=31
num_cat=13
split_feature=3 14 3 16 3 3 9 3 9 16 3 3 11 14 14 17 14 16 6 3 11 16 3 3 16 3 3 14 3 17
split_gain=30.2849 21.1772 58.5678 48.6258 38.9333 27.7994 23.1981 21.4739 22.0284 21.4131 21.0452 19.4824 19.6869 17.9508 16.9642 13.8188 14.5503 17.3818 13.6968 13.2969 18.529 13.0929 78.909 27.105 22.6333 82.1854 44.1165 35.1081 56.5318 52.013
threshold=0 5.5000000000000009 1 5.5000000000000009 2 3 34.45000076293946 4 44.350000381469734 183.50000000000003 5 6 100.50000000000001 73.500000000000014 27.500000000000004 1.0000000180025095e-35 15.500000000000002 38.500000000000007 7.5000000000000009 7 509.50000000000006 17.500000000000004 8 9 1.5000000000000002 10 11 1.5000000000000002 12 1.0000000180025095e-35
decision_type=9 2 9 2 9 9 8 9 8 2 9 9 2 2 2 2 2 2 2 9 2 2 9 9 2 9 9 2 9 2
left_child=14 9 13 5 -5 -4 -6 15 -9 10 -2 12 -12 -3 -1 16 18 -18 -8 20 -13 24 -23 -24 27 -26 -27 -21 29 -29
right_child=1 2 3 4 6 -7 7 8 -10 -11 11 19 -14 -15 -16 -17 17 -19 -20 21 -22 22 23 -25 25 26 -28 28 -30 -31
leaf_value=-0.043216247730804791 -0.032834179220716728 0.076165195604378941 0.0080745522025044217 -0.057232293730450128 -0.031241735617443124 -0.066970025812380707 0.084147111232451638 0.070130767912247455 -0.010821539867228211 -0.086167751727213901 0.014789522191500421 -0.022911812196846876 0.090957458652309975 -0.092864110654340998 0.097044051434570316 0.014500562882690341 0.0021173991617059011 0.1322582668971102 0.22427570293979338 0.0016202956932586709 0.17798530550162389 0.047952440255767032 0.022388581673654956 -0.042911927889726857 0.057469093240607186 -0.049394413609761295 0.0080866904866554231 0.13428585927615189 -0.063011720073633704 -0.03234303141462902
leaf_weight=212.91923266509548 162.80869001476094 87.852126995101571 65.978504430502653 104.20292630326003 116.93640373507515 250.17551669245586 18.176850672811273 39.93310811650008 212.43611060315743 27.712241000495851 661.4015532694757 294.28124485397711 35.768995501101017 6.7668465981259933 8.9870905485004169 47.950804241932929 29.360294049605727 15.778051992878316 11.318962223827837 8539.7891233246773 4.663738010916858 154.61118483170867 72.518186670728028 393.99782722583041 325.27288658544421 136.02143786242232 1558.3032317361794 33.401320433244109 187.50829387828708 42.657860631123185
leaf_count=8101 4694 1238 2352 3282 1389 11954 272 427 3555 547 9306 8213 361 276 255 1215 542 442 178 113301 86 1381 1276 11406 4021 2477 20833 358 4389 681
internal_value=-8.31199e-05 0.000525912 -0.0134308 -0.0212371 -0.00465595 -0.0531718 0.0074931 0.0197731 0.00191201 0.00163889 0.00183197 0.00231019 0.018433 0.057952 -0.0359172 0.0521353 0.0833002 0.047608 0.137921 0.00133813 -0.0191375 0.00188924 -0.0122283 -0.0325044 0.00270119 0.0122488 0.00320933 0.00051086 -0.0354357 0.0360873
internal_weight=13859.5 13637.6 1006.87 912.248 596.094 316.154 491.891 374.954 252.369 12630.7 12603 12440.2 697.171 94.619 221.906 122.585 74.6342 45.1383 29.4958 11743 298.945 11444.1 621.127 466.516 10823 2019.6 1694.32 8803.36 263.567 76.0592
internal_count=218808 210452 27122 25608 11302 14306 8020 6631 3982 183330 182783 178089 9667 1514 8356 2649 1434 984 450 168422 8299 160123 14063 12682 146060 27331 23310 118729 5428 1039
cat_boundaries=0 24 47 69 90 103 127 149 172 193 216 240 263 286
cat_threshold=33556480 1024 33555456 0 0 32768 0 0 0 562569216 516 0 0 75497472 1073741825 2147483648 0 134479872 541065216 0 0 285475841 2148532224 64 3221749760 1090519040 0 2097152 0 0 524288 0 0 0 1073741824 2048 4292608 16384 0 65536 64 67109376 32834 131072 67108864 2147483648 67174400 16908288 2 2147483649 4096 0 0 537919488 131072 301989888 0 0 2222981152 192 33554444 0 9437184 2 50856960 0 0 1024 160 131072 33554434 1 0 0 0 1048576 256 33562624 0 1048576 2164260872 262146 4 0 0 0 0 0 0 2097152 0 4194304 541081600 0 0 0 0 2097152 16777216 0 1052672 1109393408 671748 0 1048576 32768 2129920 16384 2097664 270338 0 65536 1208025088 2 65536 2168455168 0 0 65536 64 67108864 32768 0 134217728 2148073472 4194304 48 402685952 2 2155872256 512 0 0 0 12582912 32768 0 196608 0 8650752 73984 0 1073741824 0 50883584 384 0 17408 2097280 0 0 536870912 65584 8192 67108864 2155888640 117440512 0 2151680004 24 0 0 0 67108864 0 2147483684 536870912 66 0 67108864 536870976 536870964 524288 16777284 4194432 4224 0 301993988 2048 2097152 33554432 0 1073745920 32 536 13 0 0 4098 0 262144 0 360452 67108864 671088640 10240 11 0 16777224 256 12288 0 32 26624 134217728 589828 4194304 0 512 8192 0 16777224 0 0 32 524546 0 257 1 0 0 4 0 4096 50331648 0 1074798592 33554432 4128 13 0 1048576 0 0 0 1 4160 16384 0 262656 2155872256 184549376 16384 4226 0 0 1048576 0 0 8 134217728 134217728 1 0 0 0 0 0 33558544 196610 294944 1207996416 2162688 2173173760 134217728 0 4 0 0 0 0 285220864 0 1074798592 2694840320 65538 8 0 8388608 0 0 0 0 2097156 0 65536
is_linear=0
shrinkage=0.1


Tree=38
num_leaves=31
num_cat=15
split_feature=3 3 3 14 3 9 3 14 16 11 17 14 3 3 3 16 3 17 3 16 11 3 11 6 3 3 3 3 14 6
split_gain=31.7837 19.7351 16.0597 12.2719 37.6189 14.8526 14.2836 12.139 11.7926 9.45326 8.71283 45.3337 38.6498 18.0143 17.011 21.6422 15.9651 14.3949 10.6323 12.3394 29.9141 13.7195 11.0109 10.516 43.8018 30.746 27.0157 22.2552 13.0097 13.5205
threshold=0 1 2 37.500000000000007 3 35.350000381469734 4 27.500000000000004 36.500000000000007 92.500000000000014 38.500000000000007 1.0000000180025095e-35 5 6 7 10.500000000000002 8 63.500000000000007 9 17.500000000000004 56.500000000000007 10 1300.5000000000002 4.5000000000000009 11 12 13 14 2.5000000000000004 1.5000000000000002
decision_type=9 9 9 2 9 10 9 2 2 2 2 2 9 9 9 2 9 2 9 2 2 9 2 2 9 9 9 9 2 2
left_child=7 -2 8 6 5 -5 -4 -1 9 -3 13 12 17 -8 15 -13 -14 -12 19 20 -15 -21 23 24 28 -26 -25 -28 -20 -30
right_child=1 2 3 4 -6 -7 10 -9 -10 -11 11 14 16 18 -16 -17 -18 -19 22 21 -22 -23 -24 26 25 -27 27 -29 29 -31
leaf_value=-0.043951752202884581 -0.036387504034050347 0.020617434020174082 -0.02976462124954897 -0.0096532979909860275 -0.074077460595847675 0.066216962068840257 -0.030572899129681724 0.086362475092988361 -0.043592852596203442 0.12008854169319216 0.037138153718913089 -0.0053369159134210769 0.057168339126507463 0.01225078002051469 -0.038518755267967331 0.1587095202512453 0.013581816697529937 -0.036407351731318094 0.030332653714735411 0.037933563676071397 0.14627543506955906 -0.043857531880472547 0.090552984654433677 0.02532242149103861 -0.03645484342311938 0.0034238938573610041 -0.020078128064562557 -0.0012423044288830518 -0.017297058970168807 0.11768544188626889
leaf_weight=211.17881151661277 139.13928646454588 421.3752961633727 150.02061089593917 93.281717062462121 78.616876784712076 35.668345074169338 166.51368011161685 7.398665356449782 28.455899149179459 9.7757073175162059 31.022462422028184 74.557046667672694 113.72660348098725 931.30820747604594 414.66314770141616 9.0144023098982853 333.69025307102129 187.24132350832224 351.65311372186989 20.993699140846729 16.956743573769927 65.774941894691437 13.604994738474486 336.20371753023937 195.95177545957267 3148.6962757222354 698.07079599332064 5537.6218222710304 9.4877048819325847 34.059196291025728
leaf_count=10318 6071 5451 4513 2316 7338 441 5566 355 508 101 348 1418 1159 17727 9060 84 4255 2124 5140 643 349 1200 237 5900 3308 37447 12768 71847 264 677
internal_value=-0.000830063 -0.000209906 0.000189384 -0.00046415 -0.0245855 0.0105173 -7.45994e-05 -0.0378109 0.0183582 0.0228728 0.00029959 -0.00794593 0.00912801 0.00113243 -0.0307581 0.0110372 0.0256685 -0.0248171 0.00162263 0.011236 0.0146474 -0.0247509 0.00064903 0.000531043 0.00476432 0.000985827 -0.00187797 -0.0033797 0.0358113 0.0882764
internal_weight=13865.7 13647.1 13508 13048.4 207.567 128.95 12840.8 218.577 459.607 431.151 12690.8 1163.92 665.681 11526.9 498.235 83.5714 447.417 218.264 11360.4 1035.03 948.265 86.7686 10325.3 10311.7 3739.85 3344.65 6571.9 6235.69 395.2 43.5469
internal_count=218933 208260 202189 196129 10095 2757 186034 10673 6060 5552 181521 18448 7886 163073 10562 1502 5414 2472 157507 19919 18076 1843 137588 137351 46836 40755 90515 84615 6081 941
cat_boundaries=0 24 48 70 92 116 137 161 184 205 227 249 272 295 318 342
cat_threshold=33556480 134217728 65536 4 0 262144 0 0 2147483648 71304192 34816 8 268435456 79691776 1 0 2 0 0 0 0 17048577 419430400 519 0 1083179009 32768 1114112 16384 69222402 263424 67108864 0 1107296256 2 256 0 0 0 0 160 0 0 524289 0 589824 3225419840 1056 1090519040 33554688 2048 138 2415919104 16777216 524289 8388608 0 2 0 0 2181038080 0 0 1082130432 0 278528 570691728 65538 1048704 2147483648 813694976 4194306 570441920 2097152 0 0 537919488 2097152 16785408 0 1056768 0 66052 0 0 0 0 0 0 0 0 16384 0 0 33555456 2129969 0 524288 8192 268435456 65536 134748164 8519704 0 4194304 0 0 0 0 536870912 256 67108864 33554432 64 67108864 80 8421376 4194306 16512 1024 0 4 1048576 2097152 16777216 0 135266304 1820327968 1577796 0 0 0 0 134217728 16777280 0 67108896 67108864 0 0 0 8192 134217728 8454144 512 134873088 0 16896 0 134217728 0 335544320 2151680004 134230016 512 16384 0 4096 536870912 140808 4352 2147483648 2097154 128 0 0 0 1048576 2097152 33554432 0 1073741824 3892314144 2097440 8192 0 0 0 34078720 0 131072 32768 32768 32768 402653184 4 4194304 512 0 0 131072 0 8192 0 270336 0 146 16388 0 0 8192 524800 4194304 0 36864 679510016 2 536870912 1024 0 131072 0 2228224 16809984 32768 65536 67110912 537919553 8192 0 1048576 0 2348814592 16777216 131072 16384 268451840 134217728 2 536870912 0 0 0 0 2097152 32768 32768 0 0 0 0 0 0 0 134217984 16777216 0 16384 16384 2147483648 0 2147483648 0 0 2147483648 2097152 8192 33554432 1 0 2692743168 2625570 2052 0 65536 0 0 4194369 0 0 134221952 2 128 268435456 134217728 4096 0 0 134350848 4198400 0 1048576 1074003968 32 8388880 17664 0 512 131089 0 2 0 4194336 1073775104 33554688 270532608 335544320 134217730 0 0 0 165920 1024 268435456 8 1073741824 0 8388624 66560 0 512 393233 8 2 0 4194338 1073774592 33587200 2147549184 0 1 0 0 2147516416 2097156 33554432 33554432 2147483729 0 2155872256 2621474 6 0 0 0 0 4194368 512 1024 134221824 16386 32896
is_linear=0
shrinkage=0.1


Tree=39
num_leaves=31
num_cat=17
split_feature=3 3 14 3 16 3 3 16 3 3 3 21 14 3 20 16 3 3 3 3 21 3 3 20 12 17 3 5 21 20
split_gain=36.2338 18.6853 18.1147 74.3739 63.8806 60.3969 38.3029 26.7941 67.726 31.5708 28.4604 27.918 22.575 22.2965 20.2286 19.6807 81.2333 49.5993 26.1648 20.8709 21.6948 61.3013 38.3968 27.7847 20.0792 19.8381 19.5402 27.4381 21.2835 17.8197
threshold=0 1 2.5000000000000004 2 8.5000000000000018 3 4 17.500000000000004 5 6 7 3402.5000000000005 7.5000000000000009 8 0.036128327250480659 1.5000000000000002 9 10 11 12 4125.5000000000009 13 14 0.017089337110519413 -1.0000000180025095e-35 59.500000000000007 15 16 4434.5000000000009 0.030502704903483394
decision_type=9 9 2 9 2 9 9 2 9 9 9 2 2 9 2 2 9 9 9 9 2 9 9 2 2 2 9 9 2 2
left_child=-1 -2 7 12 5 -5 -6 9 11 -3 -11 -9 14 -10 -4 18 25 -18 -12 -20 21 -21 23 24 -22 29 -24 -28 -29 -17
right_child=1 2 3 4 6 -7 -8 8 13 10 15 -13 -14 -15 -16 16 17 -19 19 20 22 -23 26 -25 -26 -27 27 28 -30 -31
leaf_value=-0.040224363373907758 -0.037392767810640042 0.024734837447622261 0.28608776683368176 0.020052666628205387 0.023663874324597683 -0.050864868389726085 -0.019379935158726411 0.18546364887241087 -0.070035498021045972 -0.027978177815778361 0.039640677710380448 0.03896129176927067 0.032746866585789451 -0.019621961292138914 0.11269554602612877 0.1547397402454167 -0.0453045208818732 0.010309007539029851 -0.026505939708775895 0.029691852531552921 0.027608063020326791 -0.00026701116262428356 -0.023556524795778969 0.019119028801460977 0.26862100667959193 0.021136427666041124 -0.0050665474887749929 0.058420553656892651 0.29218084476271317 0.071161053468678945
leaf_weight=213.57390961004421 119.83087818883359 628.35320840124041 8.8767276965081674 150.92891184706241 463.7708938405849 552.40588347846642 357.60250020725653 16.178026493638754 120.30831873323768 301.01498717069626 159.9029035475105 66.37297320459038 25.924624223262072 361.85891796741635 27.799854760989547 31.207063890062273 172.55829259892926 1314.9530639080331 276.90509342588484 857.90139637235552 6.1925503453239799 3214.2157696038485 623.38012913614511 438.43052684050053 7.8243466429412347 63.966641631908715 3053.8730359813198 8.896533736959098 6.9280903721228233 139.73429842106998
leaf_count=12989 6865 6872 236 3492 4512 18815 7902 121 1772 4068 3698 815 346 10677 257 832 2703 16993 6730 10200 473 37746 11926 5666 461 868 38125 207 124 1514
internal_value=-0.000294371 0.000363057 0.000726745 -0.00930575 -0.013874 -0.0360847 0.00497599 0.00206884 -0.019189 0.00313062 0.00183441 0.0603604 0.0898249 -0.0333684 0.154661 0.00272532 0.0124899 0.00359813 0.00078511 7.01112e-06 0.000931532 0.00611689 -0.00415976 0.0230407 0.162143 0.0658396 -0.00753414 -0.00421446 0.0985105 0.0864192
internal_weight=13791.7 13578.1 13458.3 1587.31 1524.71 703.335 821.373 11871 564.718 11306.2 10677.9 82.551 62.6012 482.167 36.6766 10376.9 1722.42 1487.51 8654.45 8494.55 8217.64 4072.12 4145.53 452.447 14.0169 234.908 3693.08 3069.7 15.8246 170.941
internal_count=218005 205016 198151 35560 34721 22307 12414 162591 13385 149206 142334 936 839 12449 493 138266 22910 19696 115356 111658 104928 47946 56982 6600 934 3214 50382 38456 331 2346
cat_boundaries=0 24 48 71 95 117 140 164 185 209 230 253 277 300 322 346 368 369
cat_threshold=33554432 2097152 0 128 2048 536872968 65664 256 131072 268567554 0 0 0 109053952 1 0 0 1024 1 67108864 0 603980801 536871240 1 32832 9437184 0 0 16384 2097154 67108864 83890176 0 1073741840 262162 0 67108864 0 0 4 0 134217728 0 0 0 34553920 1077968896 48 2147483648 1224736768 0 0 0 65536 0 268435456 0 2048 1073741824 0 4194304 8193 0 65536 0 2147485696 32832 0 67108869 2097152 65664 16777216 570425347 33554433 0 0 0 3670016 0 2181046272 0 1056768 620759048 4096 4 0 1048576 0 67108864 4194304 0 6291456 2147483648 2214592513 65536 524288 6 536887424 2097152 0 4 0 2105344 0 0 12288 4034920448 819996 16392 0 0 2 0 2 131072 1024 32 134217728 4194368 574619648 4096 0 301993988 512 2097152 0 0 0 0 65548 4 0 65536 34 16779776 553664512 0 376836 0 2 268435456 268435456 0 3588 0 262144 16777280 4194304 268468224 0 0 67108864 8209 2 0 1048576 270532608 524288 384 0 128 2097184 42206208 262656 0 1224736768 0 36864 2147483648 1375735808 524800 524288 0 36 1073743872 2048 0 0 0 65536 32 67111424 114688 0 71581728 0 0 2147500033 512 0 0 0 0 0 0 1048576 3573547008 8959329 81923 0 0 0 0 0 0 0 2157969408 524288 512 134217728 524289 2049 0 0 4 0 2228224 50331648 0 1056768 0 4194304 16388 0 1073741824 0 262144 0 0 4096 2164260864 37748738 2290106368 0 0 131072 269484032 0 0 0 0 402653184 0 2097152 0 0 128 4096 50335760 65538 33792 1207992320 2162688 0 0 2290089984 0 0 0 0 0 524288 1048576 134250496 0 2 2097152 0 0 8 36864 4112 196608 33792 3221258368 287309824 4096 0 524545 65536 0 268435456 2147550208 257 2097152 0 19136512 0 33554432 138412032 16385 0 1073741824 139328 0 1048578 1 68 512 2 696254464 4194304 18432 0 0 131072 272662530 0 16777216 513 0 1084227584 397920 0 0 2048 17 0 0 134217728 0 268435456 2147483648 637534208 4194368 3145729 0 0 131072 302120960 0 134217864 200704 268435488 256 8192 0 0 0 0 0 0 0 0 2281769600 64 671088640 4194304 18432 0 0 4 6291456 0 83886080 8256 0 8388608 266848 4 0 0 0 0 0 0 0 268435456 8
is_linear=0
shrinkage=0.1


Tree=40
num_leaves=31
num_cat=12
split_feature=3 3 10 14 3 1 16 3 20 16 3 3 3 14 3 3 3 9 14 19 11 20 9 20 13 10 19 20 3 14
split_gain=31.3987 18.5833 16.548 15.2285 11.4399 11.9036 11.8517 84.3959 25.7591 17.0453 50.8235 26.1904 24.7636 23.4167 43.0837 16.8701 16.7236 16.5381 16.1167 15.2337 14.5095 17.9801 14.4989 19.1615 23.5811 22.1431 14.1836 13.5774 21.1351 13.509
threshold=0 1 0.088938668370246901 73.500000000000014 2 3 28.500000000000004 4 0.036128327250480659 1.5000000000000002 5 6 7 1.5000000000000002 8 9 10 45.750000000000007 8.5000000000000018 0.021319050341844562 -1.0000000180025095e-35 0.019928102381527427 72.350002288818374 0.0099422778002917784 -1.0000000180025095e-35 0.014388239942491056 0.16769862174987796 0.024598307907581333 11 5.5000000000000009
decision_type=9 9 2 2 9 9 2 9 2 2 9 9 9 2 9 9 9 10 2 2 2 2 8 2 2 2 2 2 9 2
left_child=-1 -2 3 4 -3 -6 9 8 18 11 17 19 22 15 -15 -13 -14 29 -8 20 -7 -22 -12 24 25 -24 27 28 -17 -11
right_child=1 2 -4 -5 5 6 7 -9 -10 10 12 13 16 14 -16 26 -18 -19 -20 -21 21 -23 23 -25 -26 -27 -28 -29 -30 -31
leaf_value=-0.046697938104065237 0.014831409775848518 -0.029058809337070765 0.0020926797797166763 -0.065560484108048364 -0.027867584231766884 0.0037460374930786272 0.14833547149410514 -0.059965117071858247 0.043855128215961402 0.039353559173274662 -0.014800109760209732 -0.030143151857635858 0.0040251175296311626 0.024404583095102652 -0.068369815544092508 0.0638170378892393 -0.039956192008316078 0.087252019634868005 0.40762643178331032 0.019119369935196612 0.23208566394597552 0.044278515675754075 0.13913302226779736 0.034252782852824223 -0.042821898679001817 0.72627688214494146 0.060111384655582634 -0.0055912951271907775 0.00038546695501172844 -0.0078688786911878094
leaf_weight=135.31842689169571 788.92281257268041 176.6724126925692 7619.2373961601406 41.46605816995725 187.85460683563724 11.28435995988548 13.481772813480349 162.91905094357207 36.975852841511369 278.05281747085974 72.587231010198593 233.65641225967556 137.15390077326447 72.29678401350975 141.18730871006846 63.338020673487335 239.32171109830961 56.627541516441852 2.9156055543571702 162.79513142211363 10.986442176625134 9.5103585994802398 1.2505732621066274 112.77659883163869 1.6597112850286055 1.3205962600186465 35.45601699501276 2726.1047587655485 195.98678104067221 77.454774342477322
leaf_count=7550 10652 7286 56489 5887 5653 580 505 9663 778 5744 2079 7725 3985 2048 7305 3254 8827 894 88 4707 511 383 212 2945 173 46 309 49772 9526 3215
internal_value=-0.000460079 3.17194e-05 -0.000885425 -0.00519843 -0.00471908 -0.00380158 -0.00281545 -0.0257024 0.0758977 -0.00175483 0.00997211 -0.00488686 -0.00958039 -0.00690746 -0.039011 -0.00482283 -0.0242438 0.0361821 0.19444 0.0299434 0.09481 0.144945 0.0192924 0.0420909 0.251022 0.4407 -0.00275548 -0.00351133 0.0183539 0.0290652
internal_weight=13806.6 13671.3 12882.3 5263.09 5221.63 5044.95 4857.1 216.292 53.3732 4640.81 978.205 3662.6 566.07 3468.03 213.484 3254.54 376.476 412.135 16.3974 194.576 31.7812 20.4968 189.595 117.007 4.23088 2.57117 3020.89 2985.43 259.325 355.508
internal_count=218791 211241 200589 144100 138213 130927 125274 11034 1371 114240 28120 86120 18267 79939 9353 70586 12812 9853 593 6181 1474 894 5455 3376 431 258 62861 62552 12780 8959
cat_boundaries=0 24 47 71 72 91 114 138 161 184 207 231 254
cat_threshold=0 1024 73728 9 8192 1024 0 0 0 537018368 0 0 268435456 77594882 1 0 0 134217728 0 0 4194434 13313 1073758720 66048 3489660928 268435456 2048 0 2147483648 65536 268435456 4202496 268435456 0 262144 2097152 294914 65536 0 0 134217808 262144 33575296 134218242 32 0 2097152 2048 1048576 32768 2052 268451840 69206016 8208 67108864 0 1075841040 134217752 33554432 0 0 0 0 0 268435456 1048576 0 0 721408 4194304 2352 106303929 738197504 536870976 536870912 128 0 301996044 536890114 0 16777216 33060 4096 0 589824 16384 0 0 0 0 65546 167772160 6291461 536870912 2098176 0 4 524288 2101248 33554432 0 1074808832 67108896 3149824 24580 0 0 0 256 9 0 0 9437184 1 64 33554432 131072 0 0 134217728 17858564 268435456 655360 1050123 32896 0 0 0 0 0 0 0 0 0 0 3391127680 402916352 8 0 134742018 4096 0 0 2151680000 65601 0 67108864 33820738 0 8192 131584 33554432 0 0 0 1073741824 2 0 0 2416183296 33690658 25165824 671088640 2147483648 128 0 0 2097152 0 16777216 0 1074855936 2147483648 0 4 0 0 0 0 0 0 0 0 2147581952 33554432 136314945 0 0 0 2415919112 852224 2101248 0 33816576 1073741824 0 3145728 0 0 0 0 256 3 0 0 262144 67108866 536870912 0 0 0 0 285523976 71303424 256 2147483648 285220864 0 2147483648 65536 0 0 0 0 536870912 0 0 0 16514 210280832 32834 536870912 8388612 64 2 0 1073741824 67108866 0 65536 155746688 4096 0 0 33554432 0 0 0 0 0 0 0 2048 16777285
is_linear=0
shrinkage=0.1


Tree=41
num_leaves=31
num_cat=13
split_feature=3 3 17 3 3 14 3 3 14 3 7 3 3 14 8 1 14 19 14 8 3 20 20 3 7 3 20 6 8 19
split_gain=33.7815 18.1448 16.7058 32.4188 19.9986 19.4545 22.5366 14.395 12.5654 11.2997 10.2279 28.6746 12.3911 15.4049 11.1536 10.8252 9.80747 21.1842 15.9521 12.7558 10.0821 9.75581 9.51658 25.8853 19.8203 17.4396 13.5597 15.1768 14.5486 27.2837
threshold=0 1 44.500000000000007 2 3 1.0000000180025095e-35 4 5 223.50000000000003 6 5.5000000000000009 7 8 31.500000000000004 26.500000000000004 9 1.0000000180025095e-35 0.055890779942274101 7.5000000000000009 12.500000000000002 10 0.0061043049208819875 0.024598307907581333 11 4.5000000000000009 12 0.017089337110519413 6.5000000000000009 17.500000000000004 0.027371043339371685
decision_type=9 9 2 9 9 2 9 9 2 9 2 9 9 2 2 9 2 2 2 2 9 2 2 9 2 9 2 2 2 2
left_child=-1 -2 4 -4 -3 6 -5 -6 10 -7 12 16 13 14 21 -14 20 18 -18 -19 -12 -9 23 24 26 -24 27 28 -17 -30
right_child=1 2 3 5 7 9 -8 8 -10 -11 11 -13 15 -15 -16 22 17 19 -20 -21 -22 -23 25 -25 -26 -27 -28 -29 29 -31
leaf_value=-0.035885850318956178 0.022566212476714535 -0.034906901466486888 0.040328670518919155 -0.030749760547899681 -0.035360833678630237 0.0023273711675033211 0.0089902261737328654 0.10054448570650783 -0.064666204498208354 -0.041093432517294769 0.062120283336163609 -0.0032856223444293745 0.023850371149280205 0.10890485650709114 0.018749554376595597 0.10021662816084563 0.27981665806235084 0.10722435527636803 0.050039928529852264 0.0038386491867541438 0.009817166850325295 -0.026268965171002828 -0.060042237176489148 -0.00099739011723460431 0.22388894040048624 0.00060539963866848069 0.028584575563453115 0.03743009736958177 0.070948992558904925 0.5418535350728918
leaf_weight=257.88869398343377 336.44244890613481 147.7735179499723 97.805928777437657 218.01096585765481 98.325831292197108 79.434657434001565 374.57764487434179 6.162088841199874 28.838438495527953 349.57560851960443 53.520729197189212 386.73253027675673 201.29302484542131 9.800772716291247 70.938317317981273 7.3675493793562072 7.8328742571175081 20.337287159636617 4.9186651771888137 28.882108241319656 120.8122377935797 390.76720153260976 37.640868893358856 347.34450561203994 6.3747735409997395 9984.0731813921593 113.66534486040473 14.151325191371141 2.3080418100580573 2.6350949229672551
leaf_count=14603 4037 6895 1155 2295 3845 1150 5077 38 2870 8413 509 5022 1304 273 1586 288 133 159 135 269 1150 9049 1849 21797 225 119970 3511 597 124 104
internal_value=-0.000721097 -2.52405e-05 -0.000617166 -0.012305 0.000464264 -0.0175668 -0.00599715 0.000930301 0.00126109 -0.0339573 0.00142304 0.0138933 0.000729001 -0.0148627 -0.017773 0.00143648 0.040436 0.0763167 0.191185 0.0465573 0.0300008 -0.0243003 0.000985171 0.014538 0.0481523 0.000318303 0.0435939 0.108065 0.189262 0.32198
internal_weight=13806.2 13548.3 13211.9 1119.4 12092.5 1021.6 592.589 11944.7 11846.4 429.01 11817.6 623.036 11194.5 477.668 467.868 10716.9 236.304 61.9709 12.7515 49.2194 174.333 396.929 10515.6 493.847 146.502 10021.7 140.127 26.462 12.3107 4.94314
internal_count=218432 203829 199792 18090 181702 16935 7372 174807 170962 9563 168092 7377 160715 10946 10673 149769 2355 696 268 428 1659 9087 148465 26646 4849 121819 4624 1113 516 228
cat_boundaries=0 24 48 69 93 114 138 161 183 206 207 229 253 276
cat_threshold=268435456 1024 1024 4096 268435456 0 4192 0 0 524416 134217728 2048 1048576 109051904 1 0 0 603979776 0 0 0 1019224065 41959680 4096 1073741824 1073742080 2048 8 0 69632 0 4194304 32768 0 393728 67108864 2281701377 0 0 0 268435458 512 34603200 196673 4198400 0 262144 65536 0 2097152 4194304 2097664 0 0 0 0 0 0 0 134217728 16416 16391 0 0 134230048 525312 541065226 2 128 67108864 271581184 0 0 8192 2147500032 2099200 12288 786432 1614807040 2 0 0 0 32 2147483648 4096 268435456 536870912 33280 128 99328 4194313 16 2189459456 138412034 2147500033 0 0 0 1179648 2228224 33554432 0 0 1635778560 8945932 0 0 0 0 168034304 16781312 0 32 0 0 32768 98320 16384 77725704 25174016 92275712 0 8192 24 0 32 0 268435456 4 0 0 0 67108864 16384 2625600 524288 2080 16777216 2 570425473 0 0 0 1048576 0 33554432 0 1073774592 3498049568 8192 0 0 8388608 0 0 0 0 0 2097152 32768 167772160 4194310 33570944 2097668 0 0 1048576 2228224 16777216 0 4096 3766484992 889044 0 0 0 0 0 0 0 0 2147483680 34078720 0 33554432 36 0 557056 135266304 640 16777216 301989888 16384 0 69632 2 67108864 0 33554432 9216 0 4 66 640 150999168 8390656 134217728 0 0 516 0 0 0 2097152 16777216 0 4096 3229614080 32832 0 0 0 0 0 0 0 0 32 8388672 4 0 2 2147483648 1 67108864 301989888 131072 135397385 4096 0 0 4 0 0 16 256 3 0 0 3221225474 66630 512 0 0 0 0 0 1 67108872 302514176 2147614720 135397376 0 0 0 0 0 16777216 0 0 0 0 0 3221225474 268436550
is_linear=0
shrinkage=0.1


Tree=42
num_leaves=31
num_cat=18
split_feature=3 3 17 3 17 14 3 3 14 3 3 3 17 3 14 16 3 3 20 17 16 3 3 19 20 3 3 3 3 3
split_gain=32.6471 21.3174 14.693 13.3208 11.3695 63.3108 37.7959 37.2367 21.6818 57.6978 31.067 29.521 20.093 25.1588 23.6085 32.1895 31.6951 31.3286 20.3121 19.0619 33.2378 82.8652 22.3355 17.9852 22.6782 17.918 17.7461 17.0763 16.8288 16.3187
threshold=0 1 251.50000000000003 2 6.5000000000000009 1.0000000180025095e-35 3 4 1.0000000180025095e-35 5 6 7 1.0000000180025095e-35 8 4.5000000000000009 15.500000000000002 9 10 0.029119851067662243 1.0000000180025095e-35 2.5000000000000004 11 12 0.022321767173707489 0.018473792821168903 13 14 15 16 17
decision_type=9 9 2 9 2 2 9 9 2 9 9 9 2 9 2 2 9 9 2 2 2 9 9 2 2 9 9 9 9 9
left_child=-1 2 -2 -3 8 6 -6 -7 10 -10 -5 -11 14 -14 15 18 -17 -16 23 20 22 -22 -12 -13 -25 -21 -20 -23 -8 -24
right_child=1 3 -4 4 5 7 28 -9 9 11 19 12 13 -15 17 16 -18 -19 26 25 21 27 29 24 -26 -27 -28 -29 -30 -31
leaf_value=-0.045028255774742759 0.020874513746413081 -0.029191323085253507 0.14673696314222806 -0.033836965485921161 0.042175878363300508 0.025384796156974615 -0.029055092291723646 -0.032637202313691362 0.058637657336797072 -0.026008028538576328 0.020727650652947002 0.010618708261260186 -0.037254011071097 0.012591281019038581 0.020618403385367596 0.049967382863599891 -0.031406668102119249 -0.027970663922354977 0.057946832164567336 -0.017731919981834411 0.056765059163791425 0.026201452113465768 -0.024458369029198235 0.3256776629860883 0.10408432401579966 0.044972138761914887 0.018360095836599966 -0.047445058882819156 0.0062341519079909058 -0.00015825945199162284
leaf_weight=156.74613882601261 335.73712087236345 157.35340555780567 9.5386125743389112 281.43457865901291 256.45719574391842 121.43369706487283 163.60138966143131 874.85331619437784 204.67750906059518 272.46010986133479 490.3890540599823 12.667648390866814 179.63841331610456 211.53975097369403 278.55582395335659 58.362343123182654 151.57247762521729 235.76736306166276 180.45153517648578 60.416322056204081 95.296506439335644 31.552772940136492 277.5408486938104 6.0401585814543095 19.621280705556273 155.57441283110529 366.68691980000585 433.22625822527334 600.71726717613637 7121.8647370417602
leaf_count=7825 5570 6135 142 8892 2820 1775 2220 20114 4565 8080 6857 439 3111 3180 3272 470 3245 6836 1628 690 899 846 5822 254 564 1735 3387 11648 6942 88952
internal_value=-0.00104796 -0.00050937 0.0236662 -0.0011543 -0.000796677 -0.00770494 0.00979781 -0.0256379 0.0004551 0.00940264 -0.001723 0.00397868 0.00890605 -0.0109293 0.0148983 0.0256945 -0.00790038 -0.00179793 0.0377408 -0.000640276 -0.00139086 -0.0249305 0.000280162 0.108114 0.156243 0.0286939 0.0328108 -0.0419988 -0.00159715 -0.0011015
internal_weight=13801.8 13645 345.276 13299.8 13142.4 2017.06 1020.78 996.287 11125.3 2178.04 8947.3 1973.36 1700.9 391.178 1309.73 795.402 209.935 514.323 585.468 8665.86 8449.87 560.076 7889.79 38.3291 25.6614 215.991 547.138 464.779 764.319 7399.41
internal_count=218915 211090 5712 205378 199243 33871 11982 21889 165372 39031 126341 34466 26386 6291 20095 9987 3715 10108 6272 117449 115024 13393 101631 1257 818 2425 5015 12494 9162 94774
cat_boundaries=0 24 47 71 92 115 139 163 186 205 229 251 272 296 317 338 361 384 407
cat_threshold=2097216 2097152 8192 0 0 16842752 8 0 0 41955968 4 0 0 75498496 0 1048576 81 8192 4194304 0 0 75498497 536883216 4 0 822607872 0 2184 0 8392704 2097152 0 134217728 0 393216 32 134222337 256 0 0 268435456 265216 33554560 67305472 1048577 0 524289 0 1048576 32832 65568 16384 69206016 41984 8388608 0 1074267392 8 0 0 0 33 8388608 0 268435456 0 0 2048 34406400 4196360 32 680001536 261 4212736 516 0 0 0 131072 268435456 0 12288 150994944 2229280 5 0 0 0 34078720 8 0 69760 2147483648 1026 2147483648 0 0 0 268435456 8192 0 0 1048576 8388608 8470784 0 0 1073742336 134217762 101188352 262208 0 67109888 2130048 32896 2718433280 1207959552 0 0 0 0 0 2097152 16777216 0 1073741824 100665344 0 65536 0 65536 0 2281701376 32770 0 67108932 0 2214658176 512 33554432 1073741825 2050 0 8192 0 0 268435456 2147483648 2097216 1073741824 0 32 65541 0 0 32 134218240 0 64 68 2819637376 33554434 262720 131072 2 2151677952 512 0 4 541065216 131072 0 0 32768 16777472 2147483648 33556486 0 1073741824 134221824 67633152 256 0 65696 2208 294912 293601280 5 16385 4 0 0 1048576 0 268443648 0 1052672 1889533952 2785676 0 0 0 0 16777216 16777216 402653184 4194308 570425344 4098 0 0 0 0 8192 0 0 0 8405000 9 0 0 2 50332160 8 0 17408 0 2 262144 1073774592 33554433 16384 2097152 0 0 0 8192 8192 0 1056768 2424307712 4882700 8200 0 0 0 0 0 0 2097152 16384 134348800 4 570425344 1024 0 33554436 0 2101248 8192 0 10240 0 37748748 1048586 0 0 134217728 256 536870920 512 67473440 402685952 100663296 134217728 2 268435456 537133056 134217728 128 0 2 512 256 1089600 0 0 0 2 67665920 16781328 0 0 1073745952 8388608 8 268435456 37748738 2684370945 0 0 4 0 0 0 0 4096 4246732800 663888 16384 0 0 0 33554432 0 0 67108864 285212672 0 16385 0 0 0 0 0 33562624 0 1048576 1612709888 4792512 8 0 0 0 0 0 0 32768 603979776 0 0 4096 0 2147500040 336070912 131072 0 393216 4096 256 2147483648 2048 0 1610678272 8320 1073758208 114752 0 0 0 160 2181267456 4194306 2147483648 2097154 0 0 0 2097152 0 0 1207959552 880805888 8994820 8192 0 0 0 0 262208 0 32 0 65536 1140850688 0 33619968 0 0 268435456 269222148 524288 33554432 0 0 0 38010880 0 0 2164326400 8192 2147483904 537935883 0 266240 0 131200
is_linear=0
shrinkage=0.1


Tree=43
num_leaves=31
num_cat=10
split_feature=3 3 21 16 3 11 3 14 20 20 20 7 1 3 8 19 19 3 3 8 8 7 19 11 3 3 21 14 8 21
split_gain=28.092 17.0776 16.6078 16.1149 15.2978 11.8592 11.4679 10.5196 9.44189 9.36646 9.13095 9.3106 8.92571 9.12578 17.2422 16.4958 9.87594 24.2033 11.6707 10.3029 23.0225 25.7601 43.6197 31.4106 18.5655 14.4124 13.7063 10.1559 9.09312 8.61412
threshold=0 1 4207.5000000000009 183.50000000000003 2 509.50000000000006 3 253.50000000000003 0.068820483982563033 0.07274292036890985 0.1009182706475258 2.5000000000000004 4 5 25.500000000000004 0.38165868818759924 0.021319050341844562 6 7 16.500000000000004 11.500000000000002 1.0000000180025095e-35 0.020199722610414032 -1.0000000180025095e-35 8 9 4419.5000000000009 1.0000000180025095e-35 12.500000000000002 4003.5000000000005
decision_type=9 9 2 2 9 2 9 2 2 2 2 2 9 9 2 2 2 9 9 2 2 2 2 2 9 9 2 2 2 2
left_child=-1 2 -2 4 5 -3 -6 12 -4 -10 11 -11 -8 14 -14 -16 17 -15 -18 20 24 22 27 -23 26 -21 -19 -22 -25 -20
right_child=1 3 8 -5 6 -7 7 -9 9 10 -12 -13 13 16 15 -17 18 19 29 25 21 23 -24 28 -26 -27 -28 -29 -30 -31
leaf_value=-0.03659342868411361 0.028693222165711376 -0.041242883176639718 0.0093134667863725915 -0.078817229196738586 -0.039155661354278185 0.13139695242816737 -0.043682529551893196 -0.068040184795956346 -0.08808110701746831 -0.012383271121362052 -0.037607641164081607 0.13560633378800399 -0.019845613207829998 -0.035619050835282585 0.0053667772124167488 0.10629576439611176 -0.031674489907290403 0.056220445007101966 0.0053795071869141668 -0.016968150839554341 -0.036657787339115476 0.20502216252118743 0.53603047607388443 0.12594516626205213 -0.023989929890065473 0.0551014712296308 0.22508610622735536 0.25606224453221815 -0.023890920953422795 -0.00035803026050861171
leaf_weight=192.27570011769421 422.88892573444173 122.33620556304231 174.4823956345208 25.803267488721758 61.988839948084205 4.1127685403916976 34.576120944228023 22.112843139795586 21.826953015290201 10.236314976587893 39.718759939074516 7.2709167199209324 449.88026283122599 55.510811269748956 77.574294993421063 20.465746328234673 96.494069647509605 30.976161414757371 3958.1418553590775 65.394712902139872 3.0367864179424924 12.34790338994935 3.5581588982604444 5.1699764216318753 42.022036047652364 35.074558300198987 5.6894514425657681 1.9440208890009669 18.700402544578537 7721.301625268301
leaf_count=8238 6542 5491 5162 568 2862 77 3603 2492 431 150 406 103 10753 2576 2264 84 6095 1831 44723 2943 177 310 78 234 1946 2407 194 101 913 104640
internal_value=0.000399064 0.000950269 0.0163194 0.00013072 0.000289372 -0.0330167 0.00064586 0.000871496 -0.00367606 -0.032346 -0.0110877 0.0490782 0.000992762 0.00114907 -0.0113572 0.0264356 0.00172643 0.0203087 0.00128697 0.0342355 0.0551162 0.112377 0.268622 0.0755408 0.0225462 0.0119874 0.064761 0.0775915 0.00856139 0.00158505
internal_weight=13742.9 13550.6 676.424 12874.2 12848.4 126.449 12722 12660 253.535 79.0529 57.226 17.5072 12637.9 12603.3 547.92 98.04 12055.4 279.425 11775.9 223.914 123.445 44.7572 8.53897 36.2183 78.6876 100.469 36.6656 4.98081 23.8704 11679.4
internal_count=218394 210156 12794 197362 196794 5568 191226 188364 6252 1090 659 253 185872 182269 13101 2348 169168 13710 155458 11134 5784 1813 356 1457 3971 5350 2025 278 1147 149363
cat_boundaries=0 24 46 70 92 93 117 141 165 188 212
cat_threshold=131072 0 33554432 0 0 536870912 55296 0 0 605077664 1 256 0 75497728 1 0 2097217 67108864 0 0 0 2377217 0 64 2222981120 268435456 2147483648 1024 0 4096 67108864 0 0 0 266240 0 262688 16385 0 536936960 397312 2147483648 536871040 32772 5242881 1350565888 0 1048576 8421440 24 0 69222400 1040 33554432 131072 1073743872 0 0 16777216 0 0 0 0 1032 294912 0 134218752 589824 71303488 2097 0 0 134217728 98337 16384 0 8396800 352321536 524288 2097173 65562 0 0 0 536870912 16777216 20 0 0 0 16384 64 1361333 704643072 0 1049600 0 2147483648 524288 268435456 0 2147753984 2173435904 128 134217728 8388608 3104 0 4194304 0 0 0 1 2195456 4196352 536870928 512 2048 67108865 0 0 0 0 4194304 8448 16777216 4198976 1073741824 0 2 0 0 0 0 0 0 0 0 4096 2466988033 260 64 134217728 0 0 268443648 0 0 0 0 33554432 49152 0 0 0 0 0 0 0 1 0 0 2801827840 8652962 4098 64 136314880 536870912 0 8192 0 0 2097152 0 0 0 0 0 33554432 0 0 0 0 2 0 0 536903680 142909954 64 136314884 0 0 8192 0 0 2097152 0 33554432 0 0 0 4 0 0 0 0 2 0 0 536903680 142641674 2
is_linear=0
shrinkage=0.1


Tree=44
num_leaves=31
num_cat=13
split_feature=3 3 3 17 14 3 3 3 3 20 16 14 3 21 3 3 21 3 3 11 20 19 7 20 16 7 3 12 19 11
split_gain=30.2977 16.1376 14.3097 12.4194 31.0138 31.5065 17.808 14.5561 14.1848 11.7728 25.946 10.7769 9.80508 10.4291 28.1946 13.5185 11.4143 21.5568 12.5675 13.6389 29.4694 27.7583 15.7159 12.7025 13.9217 13.7027 10.3397 10.8717 10.0168 9.75189
threshold=0 1 2 38.500000000000007 1.0000000180025095e-35 3 4 5 6 0.023273834958672527 2.5000000000000004 48.500000000000007 7 4003.5000000000005 8 9 4025.5000000000005 10 11 -1.0000000180025095e-35 0.068820483982563033 0.075580652803182616 3.5000000000000004 0.014809350948780777 1.5000000000000002 2.5000000000000004 12 7.5000000000000009 0.38165868818759924 -1.0000000180025095e-35
decision_type=9 9 9 2 2 9 9 9 9 2 2 2 9 2 9 9 2 9 9 2 2 2 2 2 2 2 9 2 2 2
left_child=11 -2 -3 7 5 -5 -6 -4 -7 10 -10 -1 29 14 -14 -15 17 -17 19 20 21 -18 -22 24 25 -21 27 28 -16 -9
right_child=1 2 3 4 6 8 -8 12 9 -11 -12 -13 13 15 26 16 18 -19 -20 23 22 -23 -24 -25 -26 -27 -28 -29 -30 -31
leaf_value=-0.041139081392049588 0.022682017527711703 -0.036805659029174778 -0.019848726901624758 -0.036914220866925675 0.019922152701956877 0.03628949081394893 -0.036110655002590787 -0.0094712190043350439 0.019287463571458441 -0.00037873870977292971 0.37020546515998753 0.15355610938300523 0.021763604301453344 -0.0121579598367986 -0.015377736186845943 0.010353869614753861 0.02029391508757732 -0.040917948535288441 -0.0011253443266640536 0.090776820502417824 -0.042468337279686436 0.19548195950056224 0.016996442194647108 0.013556470778609955 0.027064519500756092 0.4276166841536701 0.0031477114836342469 -0.08083148710760471 0.039087992567160709 0.017127687809571131
leaf_weight=207.88903929130174 313.41457945434377 94.388811321230605 306.21478226128966 139.69234146736562 62.474029732868075 189.96798853576183 414.18715656851418 170.37118386290967 9.0144275338388962 353.65466109802946 2.7496584886685005 2.8824695996008804 805.98766782064922 961.7019876295235 351.32827521907166 148.99032470793463 51.044069373048842 169.4130818634294 4334.740096119931 2.5905831670388562 165.22910978086293 10.992182811722158 60.799044263549149 1129.2403657222167 6.9466653116978705 2.2624098546802998 2520.8720696184319 23.047036941628903 37.356697678565979 721.76861526677385
leaf_count=10186 5075 6307 14908 1872 1313 1859 9814 2292 499 3811 175 151 9240 19352 4262 1871 1571 2346 63578 154 1193 123 409 14065 585 117 30599 258 156 10644
internal_value=1.39977e-05 0.000611808 7.29284e-05 0.000365346 -0.0094603 0.00401224 -0.0291063 0.00132661 0.014706 0.00281782 0.101309 -0.0367336 0.00189739 0.0010583 0.00532819 -0.00120645 0.000544261 -0.0178863 0.00156334 0.00965889 -0.00971651 0.0513354 -0.026473 0.014635 0.117852 0.247808 0.000734415 -0.0137655 -0.010143 0.0119146
internal_weight=13771.2 13560.4 13247 13152.6 1171.74 695.079 476.661 11980.9 555.387 365.419 11.7641 210.772 11674.7 10782.5 3738.59 7043.95 6082.25 318.403 5763.84 1429.1 288.064 62.0363 226.028 1141.04 11.7997 4.85299 2932.6 411.732 388.685 892.14
internal_count=218785 208448 203373 197066 19343 8216 11127 177723 6344 4485 674 10337 162815 149879 44515 105364 86012 4217 81795 18217 3296 1694 1602 14921 856 271 35275 4676 4418 12936
cat_boundaries=0 24 47 71 92 115 139 161 184 206 230 244 267 290
cat_threshold=2147485760 0 33554432 0 0 0 138412032 134217728 65536 4341761 0 0 0 79691776 1 0 32 4608 0 0 0 2147490945 285345800 72 0 268435520 2155872256 4104 0 151126016 67108865 8388608 0 0 1073741824 0 134217730 2098176 0 1073741824 270663680 262144 536871296 67633152 1310850 0 2097152 0 68157440 32768 1024 16384 69206016 8192 67108864 0 1073741824 26 0 0 1048576 0 2147483648 128 0 0 0 134217728 1074593856 71368960 1073 50888704 138412034 16384 0 0 0 0 2097152 268468224 0 134250496 1686110208 1118980 8192 0 8388608 0 134217728 4162 0 67108896 16777216 2097154 536870913 0 0 0 1179648 0 0 0 32768 2826960896 14688288 33579008 0 8388608 0 34079744 66 131074 0 32768 32768 0 256 0 98352 268435456 524288 10486784 512 134479872 6304 0 0 0 33554468 268435456 4 8192 536870912 2 512 32768 0 135004160 32768 1744830464 33554693 4194304 2097664 0 0 0 131072 134225920 0 270336 16777216 2278544 16389 0 0 8192 0 4194304 0 36864 32 536903680 150994944 0 4 0 805306368 0 2228224 32768 34603016 131072 301989896 549486848 0 0 0 0 2147532800 81 0 32 0 2147483712 150994944 576716806 536871040 2097280 0 4 268435456 4096 0 0 18432 1084227584 70204 16384 0 0 0 524288 0 0 0 268435456 134217728 543162368 0 2097280 0 4 0 4198656 67108864 2164270672 16384 1082130432 4128 8 0 0 0 1074266112 0 0 0 281018368 1048576 516 16777216 6 16384 512 0 0 269484032 0 0 0 1056768 2149580832 328256 16384 276824064 0 541065216 1049088 0 8 16908288 268435584 16777216 2097410 134287360 0 1048792 0 0 0 0 0 0 0 67108864 2129920 536880642 310902784 524801 0 512 1024 1048576 593928 0 8192 524288 4096 2147483648 33579073 8192 0 0 2281701376 0 4194304 0 0 136347648 1026
is_linear=0
shrinkage=0.1


Tree=45
num_leaves=31
num_cat=15
split_feature=3 3 3 20 14 3 14 3 5 2 21 7 3 14 6 3 3 7 21 3 20 3 8 3 12 3 19 13 3 8
split_gain=24.731 17.0501 11.3867 19.0281 12.8986 31.9229 10.7154 9.46602 9.23106 8.46475 8.35056 8.04219 22.0921 10.5458 11.5468 10.3679 9.27165 10.223 9.39921 19.3664 19.5792 15.3646 12.3837 10.3672 21.4674 10.9223 8.82929 8.55839 28.2508 8.34328
threshold=0 1 2 0.0061043049208819875 48.500000000000007 3 5.5000000000000009 4 5 6 1.0000000180025095e-35 5.5000000000000009 7 12.500000000000002 10.500000000000002 8 9 1.0000000180025095e-35 228.50000000000003 10 0.18592240661382678 11 19.500000000000004 12 -1.0000000180025095e-35 13 0.078697547316551222 0.24254545569419864 14 11.500000000000002
decision_type=9 9 9 2 2 9 2 9 9 9 2 2 9 2 2 9 9 2 2 9 2 9 2 9 2 9 2 2 9 2
left_child=-1 -2 3 -3 7 -6 -5 -4 9 -9 -11 16 13 14 15 -13 17 -12 19 20 -18 -20 29 24 25 -23 -27 -25 -29 -22
right_child=1 2 4 6 5 -7 -8 8 -10 10 11 12 -14 -15 -16 -17 18 -19 21 -21 22 23 -24 27 -26 26 -28 28 -30 -31
leaf_value=-0.035056656355369732 0.018348993987519532 0.091992725023916921 -0.024568636468623044 -0.049975414705348449 0.01449600080890082 -0.077027600867899254 0.040220849168211455 0.01812059665910944 -0.041759070574859482 0.061730650518283928 0.018910829384238263 -0.0029714526235111861 -0.0050246822879979535 0.1276603781118103 0.078001833185358888 0.040309810790075937 0.093854373457591123 -0.026105813554142474 -0.044628918307269269 -0.0080022291553095183 -0.0037876847739921221 -0.04406413997379191 -0.052445750451639753 -0.00068538525724007239 0.022782752786538109 -0.0075636158244881046 0.10014638513754628 0.020205114567008645 -0.040630759052724529 0.1025674306754471
leaf_weight=196.99074322078377 466.75757344206795 11.852050048764793 148.04758931347169 120.76350225135684 78.811217758338898 62.996596910059452 14.783769759815184 249.05611188150942 42.574662417173386 21.773644220083952 62.134460268076509 111.4268411565572 386.24137264490128 11.295992942992596 40.431582128629088 105.42854321096092 55.900315184146166 268.18461784860119 69.353763969615102 126.29309542523697 14.858026653528215 76.883142764680088 20.313538575544953 10223.458308763569 445.99168217228726 25.808794524520636 10.793215913698075 118.87047080788761 187.05127835297026 14.64741614833474
leaf_count=8440 7886 98 4109 5341 1628 6865 195 1943 733 166 1076 732 5588 149 386 1215 426 4518 870 1265 124 1008 154 152575 6166 613 126 1401 3183 101
internal_value=-0.000751257 -0.000228134 -0.000902197 -0.0276385 -0.000577505 -0.030572 -0.040138 -0.000246607 5.64907e-05 0.000230151 -0.00014358 -0.00025256 0.0105324 0.0319039 0.0289398 0.0197924 -0.000855115 -0.0171197 -0.000368085 0.0195531 0.048628 -0.000782634 0.0076419 -0.000467735 0.0126751 -0.0259306 0.0190055 -0.00117744 -0.0176597 0.0490103
internal_weight=13789.8 13592.8 13126 147.399 12978.6 141.808 135.547 12836.8 12688.8 12646.2 12397.1 12375.4 654.824 268.583 257.287 216.855 11720.5 330.319 11390.2 232.012 105.719 11158.2 49.819 11088.9 559.477 113.485 36.602 10529.4 305.922 29.5054
internal_count=219080 210640 202754 5634 197120 8493 5536 188627 184518 183785 181842 181676 8070 2482 2333 1947 173606 5594 168012 2070 805 165942 379 165072 7913 1747 739 157159 4584 225
cat_boundaries=0 23 46 70 83 107 108 116 138 160 183 207 228 252 274 295
cat_threshold=538968064 2097152 0 8 0 32770 262280 256 196608 25182208 262144 0 0 77594624 0 65536 16 262144 65552 0 2048 1107305473 2050 131072 16777216 536870914 0 0 0 526400 8388608 67108864 33554432 65536 150994944 13631520 0 0 1073741824 268697728 285220864 536871041 2 132 0 2147614720 33554432 8388608 33591296 0 0 34078720 67117056 83890176 0 1075847168 10 0 0 0 1 0 4 0 64 131072 33554432 852032 1073741824 33 268435456 2 128 2097152 0 0 1048576 2097152 16777216 0 1056768 8 512 0 269485056 1024 98352 16384 69206016 2155888640 33554432 0 144 16 0 128 32 67108864 541065216 0 4096 32768 0 2097154 128 4194308 16 202 0 0 0 4194304 0 2097152 268435456 256 402653184 4194310 2151694464 516 0 4096 131072 2228224 16777216 0 1073741824 2692743168 270364 4 0 0 0 0 0 0 4096 2147483680 268435456 0 4194432 0 0 0 131072 131072 0 0 0 0 28 4 0 0 0 0 0 0 0 32 0 603979776 8388608 1028 0 4096 16777216 0 262144 268435456 2048 0 1025 128 0 512 2181038088 524288 262144 64 16385 2415951904 134230016 32768 0 0 0 2147483648 0 134217728 0 0 0 512 2048 2097152 2064 0 8390656 0 134218752 0 134217728 4192 0 0 65536 32768 0 0 0 0 0 134217728 0 0 0 0 2048 2097152 2048 0 0 0 134217728 0 0 4128 2048 134218496 0 1048576 0 65536 2097152 9216 134217728 32768 0 335544320 671137792 5259264 0 0 1 32768 1048576 67633152 294912 4096 263176 512 0 134217728 0 0 0 65536 2097152 0 134217728 0 0 268435456 536920064 16384 0 0 0 0 0 0 262144 4096 428343296 33554432 129 2097152 0 4 1179648 0 33562624 0 1073754112 3265265664 270848 4 0 0 32 33554432 0 0 67108864
is_linear=0
shrinkage=0.1


Tree=46
num_leaves=31
num_cat=17
split_feature=3 3 3 8 20 17 14 3 3 3 3 3 14 3 3 3 14 3 17 20 16 3 11 0 6 3 16 3 3 11
split_gain=25.3825 16.2374 12.4819 10.7674 10.3765 10.1443 43.8775 37.6138 33.2945 19.1624 18.2499 17.862 14.8609 38.772 26.2602 24.9391 21.1344 24.293 21.0235 20.3737 18.1741 30.3883 20.3103 18.3115 18.0028 17.1018 18.2732 47.6333 14.8892 34.7095
threshold=0 1 2 11.500000000000002 0.017089337110519413 4.5000000000000009 1.0000000180025095e-35 3 4 5 6 7 1.0000000180025095e-35 8 9 10 5.5000000000000009 11 1.5000000000000002 0.080515664070844664 29.500000000000004 12 40.500000000000007 13 2.5000000000000004 14 3.5000000000000004 15 16 -1.0000000180025095e-35
decision_type=9 9 9 2 2 2 2 9 9 9 9 9 2 9 9 9 2 9 2 2 2 9 2 9 2 9 2 9 9 2
left_child=-1 3 -3 -2 -5 11 8 -8 -7 -9 -10 -4 14 19 -13 -15 18 24 -17 -14 22 -22 25 -23 -18 -16 28 -28 29 -27
right_child=1 2 5 4 -6 6 7 9 10 -11 -12 12 13 15 20 16 17 -19 -20 -21 21 23 -24 -25 -26 26 27 -29 -30 -31
leaf_value=-0.035505222889875065 -0.0024097583598796588 -0.027406086115145518 -0.026781000331397572 0.14829888072736383 0.028675369666317247 0.040023101590574407 0.048544756662328048 1.7578023835581654e-05 -0.026013811490542788 -0.033591031442881086 0.0070373731041189994 -0.027801237294404053 0.11649187168707574 -0.026480204450195135 0.018959943994114506 0.02267763773770241 -0.048175511541948941 -0.02295268361739531 -0.025073839982125097 0.030985595986104675 0.06415324748766485 0.038197695073997708 0.066145941421200005 -0.075065422609320337 0.025515554818293179 -0.027193961956380127 0.040003737748283724 -0.044813557577299767 -0.00018927142405405212 0.040946272640776285
leaf_weight=194.94494607928209 138.56510130409151 162.16917676059529 217.74110397486947 7.4662863351404658 251.86575807537884 235.20316188596189 64.623353838920593 227.648048103787 219.45881224237382 758.90723189595155 605.3584775601048 323.60089882649481 50.632235749159008 205.65496695553884 487.4859775993973 980.27791659580544 37.953390232287347 334.37929359544069 101.77204032009467 61.973759185522795 18.045902102254331 14.261453995015472 48.136698298854753 86.472660274477676 262.0573646700941 105.80322453007102 82.475668610073626 241.94836533395573 6931.4385200613178 254.74591532349586
leaf_count=6418 2312 10504 6610 238 3957 2766 1167 3603 2764 18470 6738 6928 893 3542 8057 12814 700 11651 1429 411 276 171 573 4120 3510 1586 959 5869 86828 2818
internal_value=-0.000576837 -4.68348e-05 -0.000657206 0.0196022 0.0321194 -0.00030157 -0.00664382 -0.0211207 0.0077123 -0.0259135 -0.00196281 0.000932589 0.00152407 0.0092103 -0.000293844 0.00565276 0.00963385 -0.00480196 0.0181864 0.0637696 0.000815029 -0.0380181 0.00138185 -0.0570288 0.0156708 0.000997156 -0.000177208 -0.0233994 0.000855716 0.0203851
internal_weight=13713.1 13518.1 13120.2 397.897 259.332 12958.1 2111.2 1051.18 1060.02 986.555 824.817 10846.9 10629.1 2034.7 8594.42 1922.09 1716.44 634.39 1082.05 112.606 8270.81 118.78 8152.03 100.734 300.011 8103.9 7616.41 324.424 7291.99 360.549
internal_count=218682 212264 205757 6507 4195 195253 35508 23240 12268 22073 9502 159745 153135 34950 118185 33646 30104 15861 14243 1304 111257 4567 106690 4291 4210 106117 98060 6828 91232 4404
cat_boundaries=0 24 48 72 95 116 139 158 182 205 228 251 272 294 295 319 343 367
cat_threshold=8388672 0 1536 0 8 536870920 20488 256 134217728 32768 129 0 268435456 8388609 0 0 8192 16384 4194304 0 16418 624951297 0 1536 536870912 268435458 8390656 2048 0 0 2112 0 32768 1026 409600 32 16416 65792 0 2048 268435584 2147483648 384 32768 64 2155872384 0 327680 0 1048576 64 0 0 69206528 16 67108864 0 1076371456 1074266112 0 67112960 100663296 268435489 0 134217728 4096 16793600 0 2048 197632 4196384 32 2181562368 538968064 33554432 0 0 65536 268435456 8388608 33554432 4096 0 0 12591360 0 0 1082130432 32 67633664 33554432 0 4194304 32768 33652737 1207959552 524549 4210689 1536 268435456 4 0 0 285220864 0 1081344 153092096 262146 4 0 536870912 32 34079232 0 0 65664 16777216 525569 2147483776 0 0 0 524288 2097152 0 0 1048576 2147483656 16 9224 0 536871424 66 50333952 0 67108865 98304 2097152 2147483776 2181070848 33554432 2717908992 4096 0 0 1179648 2236416 33554432 0 0 8390656 13205589 4194304 0 0 0 67371008 80 2048 1610612737 65536 0 0 0 268501248 0 0 2147487808 0 0 0 18 0 1073741828 0 34087424 33554432 512 0 557056 17403905 66 2181038080 150994944 0 4 0 65536 0 0 0 0 0 67108864 4194432 0 0 65536 0 134217728 32832 0 67141636 16384 2 33554432 150994944 2 0 0 2415984640 0 268959744 2415919104 2080 0 67108864 4194304 1024 0 65536 131072 134217728 536870914 1 67141636 135282688 8322 131072 0 570425344 520 0 4100 541065216 131072 0 0 32768 16777472 2281734913 2048 0 9437184 67 0 0 0 65664 32 262144 0 37748736 16384 2097152 0 0 0 2097152 268443648 0 1056768 2415919104 65550 16384 0 0 0 67108864 2 131072 2359296 134217728 64 570425344 128 0 33558532 0 2101248 33554432 285212672 1048576 268435456 1048584 8 0 0 98 67108864 32776 0 0 32 9 402784256 33554432 134217728 4104 0 16778244 32768 8388608 0 33554944 0 0 8389185 0 0 9437184 2181038080 32768 4097 67239936 1024 0 0 8 0 4 0 0 0 0 131072 2236416 50339840 268566528 1052672 25167872 1835012 5261320 0 536871424 4096 0 0 0 69632 0 4 256 69206016 0 1 512 0 262144 83886112 4194304 524288 134218000 0 4 33024 8704 0 0 262163 268435456 8192 0 0 268439552 679739456 1
is_linear=0
shrinkage=0.1


Tree=47
num_leaves=31
num_cat=16
split_feature=3 3 3 14 3 16 3 3 3 11 3 9 3 11 19 3 16 3 9 19 11 14 3 21 2 21 17 3 3 3
split_gain=23.6978 16.6715 13.5286 12.1967 32.3604 17.3119 64.6572 24.5443 23.2505 21.5075 61.0174 20.0206 18.9116 15.4636 22.8299 21.5448 24.2653 16.4993 16.4486 16.1865 15.6732 15.1727 22.8869 17.3202 12.8258 12.3304 12.2379 21.2946 13.7766 12.2123
threshold=0 1 2 8.5000000000000018 3 29.500000000000004 4 5 6 23.500000000000004 7 32.149999618530281 8 64.500000000000014 0.021319050341844562 9 5.5000000000000009 10 50.750000000000007 0.11382546648383142 17.500000000000004 3.5000000000000004 11 4140.5000000000009 12 4578.5000000000009 165.50000000000003 13 14 15
decision_type=9 9 9 2 9 2 9 9 9 2 9 8 9 2 2 9 2 9 8 2 2 2 9 2 9 2 2 9 9 9
left_child=-1 -2 -3 5 25 8 -7 11 -4 12 -11 -8 -10 14 -6 16 -15 20 19 -18 -16 26 23 -23 -9 -5 28 -28 -14 -12
right_child=1 2 3 4 13 6 7 24 9 10 29 -13 21 15 17 -17 18 -19 -20 -21 -22 22 -24 -25 -26 -27 27 -29 -30 -31
leaf_value=-0.031121732550584938 0.026737446133697232 -0.032578315065488937 -0.028101837452383219 -0.06574407470136405 0.11061154221711007 0.048600635246999736 0.1962294379502092 0.037002024576963576 0.020785293796816498 -0.032048263068970698 0.061023498283827853 0.0074297938907207546 -0.025720955705825201 -0.060765721437697762 0.11051261580055115 -0.0079471379949118525 -0.089733933048888992 -0.057928504588173814 0.084663345047536115 0.055652044959634987 -0.016675262899798645 0.10546436166789626 -0.037664525176673021 -0.013964058480399092 -0.049832038127824101 0.12521548509761721 -0.033958783912627521 0.0076694665051505462 0.0020635767908812309 0.023011776261890712
leaf_weight=238.62721137376502 219.83092020777985 119.60296383616515 251.57233078684658 125.12718271021731 11.203114201081915 108.76926080603153 6.3498825281858444 14.04984970204532 456.44954081764445 153.33619995508343 178.23574673105031 48.639105259440839 171.84603067534044 19.332397137302905 12.310414932668207 276.76748461462557 12.35182928945869 103.40585728804581 80.657950998283923 20.151066523045301 45.494567312300205 22.627166808582842 204.9984264280647 26.208853934891522 334.70086447545327 3.4752895690035066 253.50025068968534 228.88570377556607 9752.1320512960665 238.19037469569594
leaf_count=10039 3835 6100 6263 10639 417 1040 93 157 7179 1679 1745 775 3929 1127 151 3626 368 3158 1470 132 475 388 5049 544 10039 277 3159 3918 127139 3872
internal_value=-0.000529279 3.44956e-05 -0.000427306 -0.000110609 -0.0128563 0.000616418 -0.0173803 -0.0354809 0.00138904 0.00204618 0.0209973 0.0247336 0.00107672 -0.00226527 -0.0274248 0.00827862 0.039771 -0.0370174 0.0604612 0.000402113 0.00887578 0.000213135 -0.0239425 0.0343391 -0.0453999 -0.0562126 0.000802551 -0.0147517 0.00155861 0.0403308
internal_weight=13738.8 13500.2 13280.4 13160.8 710.277 12450.5 512.509 403.74 11938 11686.4 569.762 54.989 11116.6 581.675 172.414 409.261 132.493 161.211 113.161 32.5029 57.805 10660.2 253.834 48.836 348.751 128.602 10406.4 482.386 9923.98 416.426
internal_count=218782 208743 204908 198808 21840 176968 12104 11064 164864 158601 7296 868 151305 10924 4201 6723 3097 3784 1970 500 626 144126 5981 932 10196 10916 138145 7077 131068 5617
cat_boundaries=0 23 46 70 92 115 138 161 182 206 227 248 271 280 301 325 347
cat_threshold=570425344 67108864 0 4 0 8388608 4751880 8192 0 2181300400 134217729 0 0 8388608 0 0 2097232 134217728 0 134217728 0 71303169 16576 0 1073741888 0 1032 2415919104 331776 2099200 0 262144 0 0 8 2281701376 0 0 0 131072 262144 33554560 720896 34635776 2097280 1 32768 1048832 0 4096 0 2260992 67108864 0 0 1208025088 2 256 83886080 69208064 33 0 0 0 0 0 0 1073906688 71303178 3072 402653184 33554436 2181038080 0 0 4 1048576 0 50331648 0 4096 1442840576 4456464 33554436 0 8388608 0 526336 0 0 0 32 134742016 20971520 37748736 0 0 301989892 0 2097152 16777216 0 0 33554432 1310732 16641 0 0 34 2048 32832 0 344068 32 524288 0 671088640 8192 0 0 16777224 268435456 4096 0 16779268 1257472 268435456 8388736 1028 0 2048 8193 16777216 16777480 67108864 67108864 0 2147491840 0 27262976 8192 32784 16384 2449475584 536895744 1024 0 2308 0 0 1048576 16384 0 65536 34 8 134250498 67108864 16388 0 2147483648 16908288 167772162 4210689 2097152 0 0 131072 0 0 0 1052672 335546368 6476964 1026 0 1048576 262144 0 0 0 67113088 2147483648 134217728 0 0 0 536870912 16777216 272629888 268959744 9 0 268435456 549466144 8194 0 537919488 0 302530560 0 0 128 268437504 8389120 262144 0 4194304 16384 512 0 0 0 2097152 268435456 0 1048576 2097152 688652 16384 0 65536 0 67109376 32770 0 67108864 131072 2 129 2097152 0 0 0 131072 8192 0 1048576 2147483648 0 9 0 0 0 0 0 0 2097152 0 33554432 536870913 128 0 0 1048576 0 33554432 0 8192 8390656 557058 12 0 8388608 0 0 0 0 2162688 2147483680 65536 0 256 0 4194304 0 2147483648 0 0 2048 402653184 4194307 2147500160 2097664 0 0 131072 2228224 50331648 0 1056768 3791650816 279892 8 0 0 0 0 4160 0 67108864 0 524288 0 65696 8192 1161838592 8388608 34078720 0 536870912 1073743872 0 0 1281 268435456 0 4 67111424 0 0 2166784 0 8192 2 134217728 4194308 2147483776 512 0 0 0 0 16777216 0 1073750016 3238002688 327936 13 0 512 0 67634176 0 0 0 32
is_linear=0
shrinkage=0.1


Tree=48
num_leaves=31
num_cat=9
split_feature=3 3 3 17 3 3 8 21 3 2 12 17 11 3 12 9 13 8 3 8 9 9 20 11 21 11 11 20 6 11
split_gain=22.2339 12.8361 12.0247 9.76438 26.1488 12.9016 12.1833 13.1188 11.7818 11.793 10.9356 10.6877 9.52093 12.9812 9.39437 11.9889 11.9719 8.52787 8.28856 17.2833 11.176 11.0953 11.7525 9.84947 11.5184 10.6353 15.4677 13.3865 9.71025 9.90859
threshold=0 1 2 38.500000000000007 3 4 29.500000000000004 3883.5000000000005 5 6 6.5000000000000009 63.500000000000007 189.50000000000003 7 16.500000000000004 41.45000076293946 0.12005338072776796 28.500000000000004 8 22.500000000000004 29.150000572204593 41.95000076293946 0.055706653743982322 1.0000000180025095e-35 456.50000000000006 4.5000000000000009 52.500000000000007 0.026995739899575714 5.5000000000000009 13.500000000000002
decision_type=9 9 9 2 9 9 2 2 9 9 2 2 2 9 2 8 2 2 9 2 8 8 2 2 2 2 2 2 2 2
left_child=-1 -2 17 8 6 -6 7 11 -4 12 -9 -5 13 -10 -7 -16 -17 -3 19 21 -21 -11 23 -23 -25 -26 -27 -28 -22 -30
right_child=1 2 3 4 5 14 -8 10 9 18 -12 -13 -14 -15 15 16 -18 -19 -20 20 28 22 -24 24 25 26 27 -29 29 -31
leaf_value=-0.03252694549522888 -0.031368952202654031 0.026322965529708583 -0.02460760369822625 -0.030833754535782382 -0.033533453157462756 -0.0104770668132403 0.12092696353149823 0.0022663967888594309 -0.011354237559023235 -0.041016021804535258 0.093333062107206322 0.12944151311580629 0.091557420672116557 0.029324506385872515 -0.067251300760445193 0.18083191765308215 0.018855030319133756 -0.033679536094264273 0.00047419735164465983 0.18358689106044929 0.0047985655767710123 0.010400056589612808 -0.0060029393244015357 0.21084090677384576 0.13060449554961404 -0.046306429162399083 -0.10223530740482056 0.17324888688338438 0.080481029723625433 -0.023149533314103451
leaf_weight=196.65717553906143 115.0448198185768 270.8799847192131 164.35092668887228 5.5717618949711349 294.69063660781831 559.4863742289599 11.386682076379655 211.45912291947752 114.83451326936483 49.647624743636698 14.063298738095908 16.426869780523703 17.572284914553165 223.89170652022585 6.2267947485670447 8.4447612441144937 9.9271624027751368 25.9562619025819 11017.791580558755 5.6944990130141377 46.538087019696832 58.080668387934566 164.6709765708074 5.3473854772746554 12.262825111858545 15.316515045706184 2.2639214149676246 7.9862671117298305 57.814217031933367 10.978528446983544
leaf_count=7979 5775 7029 4973 97 5598 9824 148 2287 893 988 155 374 113 1547 114 152 169 602 162543 90 912 1654 1962 34 317 655 171 296 962 302
internal_value=2.61858e-05 0.000523194 0.000819979 0.000361783 -0.00849121 -0.0166337 0.0190523 0.0151354 0.00120316 0.00158182 0.0079452 0.0888474 0.0192472 0.0160642 -0.00768623 0.0526653 0.0933086 0.0203893 0.00101602 0.0143723 0.0468295 0.00238015 0.010482 0.0372908 0.0734637 0.0540447 0.0173235 0.112404 0.040077 0.0639428
internal_weight=13721.3 13524.6 13409.6 13112.7 1137.68 878.776 258.908 247.521 11975 11810.7 225.522 21.9986 356.299 338.726 584.085 24.5987 18.3719 296.836 11454.4 436.602 121.025 315.576 265.929 101.258 43.1769 37.8295 25.5667 10.2502 115.331 68.7927
internal_count=218715 210736 204961 197330 18918 15857 3061 2913 178412 173439 2442 471 2553 2440 10259 435 321 7631 170886 8343 2266 6077 5089 3127 1473 1439 1122 467 2176 1264
cat_boundaries=0 24 48 71 94 115 138 147 171 195
cat_threshold=1107296256 256 0 8 0 537133568 4512 0 0 537395204 0 0 0 75497472 0 1048576 134217728 256 0 134217728 49152 55591937 1048576 2 0 1049600 1024 48 0 33554440 73728 83886080 134217728 1073741896 8 0 68157440 0 1 4 0 0 8192 1 4194306 622592 138412288 48 536870912 1 0 0 2147483648 4097 67108928 0 0 4097 1073905664 256 134217728 2099200 0 1073741824 33562624 100667904 4368 67633152 0 268435456 655362 2147483648 524288 541067393 0 0 134217728 524288 139264 0 0 1048576 268435488 35 33570822 0 536870912 32 787456 4194312 514 4096 0 2147483648 134774784 675282950 0 132 0 0 131072 0 16777216 0 4096 1291847680 4753160 0 0 0 0 134217728 16777280 131072 32 0 2097152 32768 98304 0 2621440 10487808 4608 2147549184 2151677952 18 0 2 1024 0 2151677952 36 0 0 98818 4224 0 262153 0 2147483648 0 4194304 16 2097152 268435456 0 2048 0 512 33554432 0 0 0 0 0 32768 0 0 0 0 0 0 0 0 0 672170056 64 34604036 0 0 32768 25296896 16777216 2 132 0 8454144 285212672 1024 0 1048834 134217728 16777224 536871936 0 0 512 2097152 134227968 0 0 0 10485792 65600 66048
is_linear=0
shrinkage=0.1


Tree=49
num_leaves=31
num_cat=1
split_feature=10 16 9 16 11 21 21 7 16 11 1 9 8 15 8 17 12 8 8 7 8 20 19 10 12 7 6 9 7 20
split_gain=15.3876 12.2807 8.45109 7.58034 32.5135 14.0375 23.2569 16.7076 10.9804 17.3311 13.3027 11.2688 10.6776 10.6048 10.4375 13.4105 11.5266 10.6957 16.1046 9.9982 9.0335 11.207 18.8733 22.9982 11.0926 10.5746 10.4393 8.93865 22.1204 8.90362
threshold=0.017059545964002613 2.5000000000000004 40.45000076293946 1.5000000000000002 2.5000000000000004 4359.5000000000009 4345.5000000000009 1.5000000000000002 29.500000000000004 60.500000000000007 0 72.350002288818374 6.5000000000000009 2.5000000000000004 18.500000000000004 11.500000000000002 82.500000000000014 11.500000000000002 9.5000000000000018 3.5000000000000004 23.500000000000004 0.017089337110519413 0.030056720599532131 0.026232950389385227 73.500000000000014 1.5000000000000002 5.5000000000000009 31.150000572204593 4.5000000000000009 0.022142640314996246
decision_type=2 2 10 2 2 2 2 2 2 2 9 10 2 2 2 2 2 2 2 2 2 2 2 2 2 2 2 8 2 2
left_child=1 2 -1 4 19 6 12 -8 11 -10 -11 14 -6 -12 15 17 -17 18 -5 20 24 22 25 -24 -2 -22 -27 28 -14 -16
right_child=3 -3 -4 8 5 -7 7 -9 9 10 13 -13 27 -15 29 16 -18 -19 -20 -21 21 -23 23 -25 -26 26 -28 -29 -30 -31
leaf_value=-0.021301107438737962 -0.0036807542308582974 -0.074610124419541943 0.081043542333169474 0.016417368731502641 0.014810450084869798 -0.067185363707894463 0.29741886325826211 0.0096850191258649465 -0.05498278844496244 0.052146849959387481 -0.0036412720600679511 0.1040864682215553 -0.027529862995282914 -0.099125696657386644 0.0384857480737072 -0.0033817291691562302 0.12368848455501065 0.028217994810085141 -0.02099537936750084 0.0053012586284497754 -0.052776118932273512 0.0032113045496609928 0.069593368207804693 0.45517057646172621 -0.046457448781579536 0.19604447486485388 -0.014168568903243762 -0.047247360755722223 0.2503285499029379 -0.0024567264570631341
leaf_weight=101.51941439229995 5199.0945425787941 46.138613716932014 8.7649013982154411 611.43592423968948 48.565095027443022 87.745751414215192 3.8496850426308793 4.241519030649215 67.296455480158329 32.94870041962713 696.87540376326069 11.835330540779976 14.459901147056373 11.829036582028492 55.558794101933017 549.57939330418594 7.2325527137145391 502.23113615927286 141.72593316831626 2442.2003061380237 9.8546751467511111 1662.0379231302068 4.075547879561781 2.4933017808943987 61.335374184884131 4.9253993891179544 4.5399021729826927 140.92964929528534 3.5731423571705809 1207.6418343877885
leaf_count=12703 68917 9219 964 9675 1421 3568 81 150 2756 274 11716 139 516 194 2812 8336 118 7376 2154 30353 422 21439 228 58 821 155 229 5421 29 16783
internal_value=-0.000105167 -0.0312905 -0.0131672 0.000253777 -0.0012435 -0.0334649 -0.0197425 0.146585 0.00397909 -0.00639172 -0.00198265 0.00669655 -0.0262273 -0.00516217 0.00632176 0.0111856 -0.00173119 0.0169147 0.00937724 -0.00020258 -0.00213706 0.00422826 0.0695161 0.215945 -0.00417952 0.0197299 0.0952187 -0.0387649 0.0275262 -0.000655972
internal_weight=13746.5 156.423 110.284 13590.1 9693.92 303.365 215.619 8.0912 3896.19 808.95 741.653 3087.24 207.528 708.704 3075.41 1812.2 556.812 1255.39 753.162 9390.56 6948.36 1687.93 25.8888 6.56885 5260.43 19.32 9.4653 158.963 18.033 1263.2
internal_count=219027 22886 13667 196141 133808 11186 7618 231 62333 14940 12184 47393 7387 11910 47254 27659 8454 19205 11829 122622 92269 22531 1092 286 69738 806 384 5966 545 19595
cat_boundaries=0 1
cat_threshold=48234504
is_linear=0
shrinkage=0.1


Tree=50
num_leaves=31
num_cat=9
split_feature=3 3 14 3 16 11 11 3 16 3 8 16 3 19 3 9 3 13 21 16 3 11 14 19 11 16 7 19 8 16
split_gain=21.5724 12.8666 10.7078 36.5494 22.9511 21.2848 23.2014 17.4333 14.9488 20.3266 16.2903 14.9089 14.5832 14.3292 12.0479 22.4489 11.2672 11.9237 10.698 15.4831 9.37901 17.4604 9.24456 14.4793 19.8362 27.6921 12.8671 8.50683 8.35626 8.23559
threshold=0 1 4.5000000000000009 2 59.500000000000007 509.50000000000006 397.50000000000006 3 5.5000000000000009 4 9.5000000000000018 183.50000000000003 5 0.020199722610414032 6 50.750000000000007 7 0.1669246703386307 4328.5000000000009 24.500000000000004 8 213.50000000000003 1.0000000180025095e-35 0.044566642493009574 8.5000000000000018 1.5000000000000002 1.5000000000000002 0.12085975706577302 1.5000000000000002 3.5000000000000004
decision_type=9 9 2 9 2 2 2 9 2 9 2 2 9 2 9 10 9 2 2 2 9 2 2 2 2 2 2 2 2 2
left_child=-1 22 11 4 -4 6 -6 -5 9 -9 13 12 -3 -11 15 18 17 -14 -10 -20 21 -18 28 24 25 -24 -27 -15 -2 -26
right_child=1 2 3 7 5 -7 -8 8 14 10 -12 -13 16 27 -16 -17 20 -19 19 -21 -22 -23 23 -25 29 26 -28 -29 -30 -31
leaf_value=-0.029611736527749195 -0.076288818019142557 -0.021844840481374146 -0.054886495486026532 0.057479566777766423 0.013939468264267391 -0.02538779399315812 0.27692423081849982 0.039533845450772008 -0.0027914709264178156 0.12655605273086354 -0.064289699402519732 -0.08953916900420858 -0.050889147696888903 -0.056595166404236057 -0.00023737248470391315 0.18131662114701053 0.013889733613098485 0.17043454452609608 0.21831662055984477 0.017427365931396193 0.00097610016835775887 0.18850258687159421 0.031643595298525472 0.015976503897865809 -0.10342932274378254 0.36362353922058205 0.15216460168630891 0.033218724399493603 0.0089778295508422586 0.046762745464712048
leaf_weight=233.03066966799088 11.812454627826808 269.00142538989894 227.13364873523824 41.834829976782203 7.6860115716699493 26.133922188077122 5.9529630448669195 32.865230465540662 42.137745115906 8.0530505618080479 108.68057510838844 18.317269504535943 64.080141755053774 25.011711686151102 444.21307318564504 10.714546144008635 423.3118863182608 2.5303048368077716 6.1209620321169522 10.279983305372296 11050.413806908065 5.8052106793038538 10.294316444545986 133.65949314972386 4.2632722305133965 5.7274917103350145 5.7831150889396667 18.233896227553487 425.70737143838778 25.417589537333697
leaf_count=8386 244 6777 14124 354 166 744 164 538 456 186 3697 475 3835 1099 5503 86 9154 166 104 174 149538 96 357 2380 269 131 143 214 7907 893
internal_value=-8.34903e-05 0.000448951 -0.000236406 -0.0100934 -0.0410767 0.0274603 0.128724 0.00148929 -0.00258316 -0.0263585 -0.0398738 0.000608907 0.000748665 0.00408056 0.00629592 0.0421505 0.00129285 -0.0369366 0.0238788 0.0924008 0.00154663 0.0158818 0.0143713 0.033333 0.0783912 0.150809 0.257383 -0.0187264 0.00667574 0.0251896
internal_weight=13704.2 13471.2 12848.5 1015.05 266.907 39.7729 13.639 748.146 706.311 192.844 159.979 11833.5 11815.1 51.2987 513.466 69.2532 11546.1 66.6104 58.5387 16.4009 11479.5 429.117 622.665 185.145 51.4858 21.8049 11.5106 43.2456 437.52 29.6809
internal_count=218360 209974 197650 27609 15198 1074 330 12411 12057 5734 5196 170041 169566 1499 6323 820 162789 4001 734 278 158788 9250 12324 4173 1793 631 274 1313 8151 1162
cat_boundaries=0 24 48 70 93 116 139 152 176 199
cat_threshold=33554432 67108864 10240 2097152 0 3230662656 2097152 268435456 0 536903712 0 256 2416967680 8462336 0 2048 0 0 16777216 0 0 675282945 3407872 640 1627422720 805306371 0 128 0 0 2048 0 268697600 0 1073823744 0 69664 1 0 0 32 33554432 262272 131586 0 268451840 67109376 262144 411041792 4 2185232384 512 0 4 1048576 131072 16777216 0 4096 2785017856 534400 33570820 0 8388608 0 525312 0 0 17408 32 2147483648 1090519040 0 0 0 0 0 0 0 0 0 8388608 4194304 0 0 65536 0 201326592 32768 0 67108864 0 65536 131072 33554432 1 0 0 0 524288 0 33562624 0 1048576 2048 66 67108864 0 0 0 0 0 0 0 2149580800 2147483648 524352 1090519040 0 0 0 539033600 524304 73924608 0 73728 8388608 0 0 67108864 1 65536 16 134217728 32768 32768 0 2147485184 524288 0 0 536887296 0 0 0 0 0 0 0 0 1073741824 32772 0 1048576 36864 98320 16384 67112960 9216 50332160 0 1073741824 2058 0 16777216 0 0 541065216 4 0 256 0 0 589824 4194432 48 8388736 134217728 176160768 4104 0 4 68157568 5120 134742016 1048576 32768 33554432 536870912 1280 0 0 8192 17306624 536870912 64 0 0 8
is_linear=0
shrinkage=0.1


Tree=51
num_leaves=31
num_cat=7
split_feature=3 3 14 20 11 16 3 20 3 20 19 20 3 3 16 16 11 10 8 3 16 8 20 16 7 20 19 19 11 11
split_gain=27.5084 18.3805 9.1517 12.5088 16.1203 28.1445 9.11599 10.275 10.2547 18.6239 10.571 10.4757 31.479 29.8363 13.2239 11.8212 8.27616 14.9606 10.116 8.15814 11.4102 8.27672 8.96356 8.07755 7.88026 7.83683 14.1744 12.5264 15.6458 7.40045
threshold=0 1 1.0000000180025095e-35 0.076906669884920134 19.500000000000004 2.5000000000000004 2 0.0073282290250062951 3 0.038399310782551772 0.11382546648383142 0.017089337110519413 4 5 3.5000000000000004 10.500000000000002 -1.0000000180025095e-35 0.026873647235333923 4.5000000000000009 6 183.50000000000003 17.500000000000004 0.25113768875598913 11.500000000000002 1.5000000000000002 0.021130540408194069 0.025460114702582363 0.070795580744743361 1.0000000180025095e-35 272.50000000000006
decision_type=9 9 2 2 2 2 9 2 9 2 2 2 9 9 2 2 2 2 2 9 2 2 2 2 2 2 2 2 2 2
left_child=-1 2 23 4 5 -4 -3 -8 9 -9 -11 12 14 -13 16 -14 17 -10 -18 21 -21 25 29 24 -2 26 -15 -27 -29 -23
right_child=1 6 3 -5 -6 -7 7 8 11 10 -12 13 15 19 -16 -17 18 -19 -20 20 -22 22 -24 -25 -26 27 -28 28 -30 -31
leaf_value=-0.043377813635308758 -0.0047247799001108601 -0.017357253948890608 0.065387613434318578 0.013008217772239551 0.016102431030695311 0.30493570071253584 0.063766840754047677 -0.075787417840951735 -0.030709521168435075 -0.014578488270235494 0.025501245372410688 -0.060992734514203506 0.0059234308588934697 0.030736457783163407 0.0092977308913780813 -0.076716081630219479 0.30109770504147132 0.17984393702969093 0.12494315659838484 -0.00029230986270416411 -0.073297646656702187 0.0024135129888314391 -0.067734386322571311 -0.046410722100290555 0.034989715650880007 -0.0040349064306368296 0.26023756652745267 0.0075598200743440995 0.091578881346064497 0.12705533666094601
leaf_weight=140.29210500558838 78.781489197164774 319.24390029557981 13.358198652975263 34.284028207883239 14.396246007177977 7.7502612210810176 24.824820957379416 44.824377056211233 8.4271357906982285 441.25509149488062 77.340400801971555 70.711355909937993 117.38919516187161 7.9945512677077186 15.262807836290447 20.303434326080605 3.7099844501353827 5.6285186298191539 26.879358938895166 11765.229448802769 21.447373519884422 116.99338937271386 18.205606877803802 19.716482066083699 136.57935811113566 80.490527009824291 4.0567231995519251 43.41742735542357 45.276172406971455 4.9657346643507472
leaf_count=10393 1391 9653 349 422 582 174 1460 4688 521 6017 880 4459 8232 203 1325 3378 164 152 1045 154099 339 2376 89 900 2354 2197 148 413 377 169
internal_value=-0.00083011 -0.000358655 0.0235217 0.0560919 0.0976943 0.153341 -0.000923992 -0.00050627 -0.000629968 -0.0137032 -0.00860122 -2.37347e-05 0.0228166 -0.000394338 0.0768273 -0.00583816 0.117122 0.0536056 0.146308 9.92247e-06 -0.000424792 0.0154839 -0.00228201 0.0148529 0.0204617 0.0300782 0.107992 0.0245283 0.0504497 0.00748848
internal_weight=13729 13588.7 304.866 69.7887 35.5047 21.1085 13283.9 12964.6 12939.8 563.42 518.595 12376.4 197.6 12178.8 59.9078 137.693 44.645 14.0557 30.5893 12108.1 11786.7 321.4 140.165 235.077 215.361 181.235 12.0513 169.184 88.6936 121.959
internal_count=218949 208556 6172 1527 1105 523 202384 192731 191271 11585 6897 179686 14817 164869 3207 11610 1882 673 1209 160410 154438 5972 2634 4645 3745 3338 351 2987 790 2545
cat_boundaries=0 23 47 71 95 119 142 165
cat_threshold=0 0 8256 2 8 1032 0 0 134742016 17236500 128 0 2164260864 109051904 0 0 0 2048 0 0 262144 33554433 16811008 1342308352 1090519040 0 4096 0 142934016 524288 0 0 1024 131072 0 4096 0 0 1073741824 134217856 4096 50336000 131648 32 8404992 2183135232 512 67110912 68157441 36896 2208 24576 2149580800 2097152 0 33554432 8 0 0 33562624 0 1 2048 0 134217728 0 0 1024 1600 2080 2048 16777216 0 37880832 16 0 0 8195 16777216 0 1107296256 10 0 268436032 32 0 0 4 0 0 0 0 1835008 1077944592 4144 64 2097152 0 0 2147483648 2049 16384 301989888 65536 2282790912 294917 0 0 0 0 0 0 256 1 0 0 2550136832 67502278 2 64 2097152 1048576 98304 0 67110913 0 301989888 65536 2282749984 5 0 0 0 67108864 0 0 256 0 0 0 2550136832 68026950 0 525568 0 2097164 268437504 0 0 8388608 262144 268435457 16384 0 4194304 4202752 0 65536 2 8192 536961026 67108864 37748800 4096 8388608
is_linear=0
shrinkage=0.1


Tree=52
num_leaves=31
num_cat=12
split_feature=3 3 3 21 3 1 3 9 19 20 8 8 16 14 16 3 14 3 3 3 3 19 11 3 14 17 16 21 21 8
split_gain=24.0029 17.1204 10.0646 8.84779 9.29805 7.82494 7.65255 7.52693 14.2801 13.4878 10.4878 10.1441 7.21682 7.6893 7.02286 54.6962 42.1098 67.5071 39.6719 28.0456 17.7346 18.9816 16.0249 23.5905 14.3691 16.3389 17.2661 14.2948 18.3406 19.161
threshold=0 1 2 456.50000000000006 3 4 5 21.750000000000004 0.022321767173707489 0.016197931952774528 2.5000000000000004 28.500000000000004 4.5000000000000009 1.0000000180025095e-35 1.5000000000000002 6 1.5000000000000002 7 8 9 10 0.12784527987241748 -1.0000000180025095e-35 11 3.5000000000000004 55.500000000000007 9.5000000000000018 4359.5000000000009 4301.5000000000009 27.500000000000004
decision_type=9 9 9 2 9 9 9 10 2 2 2 2 2 2 2 9 2 9 9 9 9 2 2 9 2 2 2 2 2 2
left_child=12 3 -3 -2 -5 -4 7 11 9 -9 -10 -7 13 -1 16 -16 19 27 24 22 21 -21 23 -8 25 26 -17 28 29 -18
right_child=1 2 5 4 -6 6 14 8 10 -11 -12 -13 -14 -15 15 18 17 -19 -20 20 -22 -23 -24 -25 -26 -27 -28 -29 -30 -31
leaf_value=-0.036467703630289013 0.0482865250325204 -0.015564739712254378 -0.049284244870052285 -0.027901719780046654 0.01959099749080594 0.00057449280531233571 0.02100850875889268 0.05608796516484741 0.15378982162394561 0.29109257596400157 0.016056822374401758 0.064593287290692775 -0.07300704583287991 0.032752532245748707 -0.041407827989589092 0.080204066155483367 0.012961402659511859 -0.06740547045579115 0.0025082980470290633 0.062676953524182441 0.00091038838227448262 -0.014537887828869226 -0.02287283705708654 -0.046046020484348145 0.01016945773559267 -0.0017725625528793286 0.021645445490259322 -0.023842262835680375 0.15835697095016843 0.20504517598112049
leaf_weight=110.77303038630635 91.418078869581223 424.70172216533683 22.25177868292667 40.894308026880026 249.22161239665002 314.0721133844927 209.86687647178769 6.2388999511022103 5.87381678353995 4.0132335582748055 94.045583699364215 26.868829756509513 44.785611501662061 18.766772966831923 242.98750137747265 151.49178543221205 57.730987316695973 219.35131473722868 2778.2794682935346 97.743228665553033 7244.3253743026871 47.216134466230869 800.20779158733785 59.114262736402452 142.47097919392399 51.253450674004853 75.418652602471411 35.571537264157087 13.562785832444204 5.7065631540026507
leaf_count=4233 536 11290 2171 268 3976 7877 2634 764 115 162 1670 666 2403 1127 5314 1722 1477 9118 46738 2497 92185 296 12132 1051 3391 733 969 908 224 164
internal_value=-0.00047748 1.18135e-05 -0.000602182 0.020618 0.01261 -9.01937e-05 3.4871e-05 0.0126814 0.0356858 0.148081 0.0241535 0.00561968 -0.0363197 -0.0264396 -0.000441494 0.00338734 -0.00194119 -0.0368805 0.00689784 -0.000570115 0.00162774 0.0351048 -0.0156288 0.00534104 0.0351591 0.0492223 0.0607408 0.0262543 0.0528068 0.0302404
internal_weight=13686.2 13511.9 13130.4 381.534 290.116 12705.7 12683.4 451.112 110.172 10.2521 99.9194 340.941 174.325 129.54 12232.3 3441.9 8790.4 331.923 3198.91 8458.47 7389.28 144.959 1069.19 268.981 420.635 278.164 226.91 112.572 77.0003 63.4376
internal_count=218811 211048 206268 4780 4244 194978 192807 11254 2711 926 1785 8543 7763 5360 181553 58867 122686 11891 53553 110795 94978 2793 15817 3685 6815 3424 2691 2773 1865 1641
cat_boundaries=0 24 45 69 89 90 113 137 160 184 208 232 253
cat_threshold=0 67108864 0 0 0 9699330 4104 0 2147483648 16777224 0 32 272629760 75497472 0 0 0 268435456 8192 0 262176 2281734145 8389189 98304 32768 1073741824 8390656 2098176 0 0 4196352 8392832 0 1026 65536 134217728 512 2099202 0 2048 32 262144 33554816 67666434 132 64 537919744 536870912 0 0 2166358536 1024 512 0 268435456 4096 8 33554448 1048576 1 0 2 0 21037058 65600 0 5184 134217728 1 32768 0 8388608 0 0 0 0 0 0 0 0 134217728 0 2048 0 2048 0 0 0 67108864 1310865 2164260864 1024 0 2048 0 536870912 590080 0 524288 4288 131072 536870912 536887426 33554560 0 1073742336 0 1280 537919488 0 1048576 8390656 67108872 8388608 33554432 2281717760 513 0 0 286261248 4194304 0 513 32768 0 1 0 0 0 262144 524288 4112 131072 2130944 1075970048 285475840 8 8388608 134217728 2147483648 128 0 0 2097152 0 285220864 0 1056768 3231711232 8192 12 0 8388608 0 0 0 0 0 2097152 2147582080 134217728 268435457 1 0 0 268500996 0 2097152 0 0 1075060736 33554432 0 1 0 1114112 2147487744 2147483648 311297 1 4160 0 2 262144 33554432 285212737 1 0 8192 268517377 1 0 32768 0 1074790400 33554432 134217728 1 0 1114112 131072 3355451392 49152 1 4160 1048576 0 262144 2048 0 134348800 0 0 0 16777216 4194304 131072 1081857 134217856 0 5121 0 0 0 262144 67108864 0 131072 0 1073741824 553911296 4104 33554432 64 0 0 0 1 0 0 0 0 1048576 0 0 0 0 1048576 0 0 49152 1 4160
is_linear=0
shrinkage=0.1


Tree=53
num_leaves=31
num_cat=10
split_feature=3 3 16 3 3 17 8 12 20 14 3 12 16 10 8 16 20 14 8 7 21 3 8 3 3 3 3 14 16 20
split_gain=20.7097 15.139 19.5709 9.8622 9.50857 8.52366 7.29131 7.1313 10.2151 7.11399 7.03795 32.5682 18.3461 27.9871 11.7167 10.5128 8.87446 8.82001 9.91562 14.4928 9.35614 8.37273 8.27051 51.0999 24.8518 23.3321 10.763 16.6269 12.4466 10.9706
threshold=0 1 16.500000000000004 2 3 1.0000000180025095e-35 28.500000000000004 -1.0000000180025095e-35 0.026995739899575714 253.50000000000003 4 -1.0000000180025095e-35 1.0000000180025095e-35 0.025170597247779373 26.500000000000004 20.500000000000004 0.0061043049208819875 3.5000000000000004 13.500000000000002 2.5000000000000004 891.50000000000011 5 26.500000000000004 6 7 8 9 12.500000000000002 65.500000000000014 0.02555275242775679
decision_type=9 9 2 9 9 2 2 2 2 2 9 2 2 2 2 2 2 2 2 2 2 9 2 9 9 9 9 2 2 2
left_child=-1 2 7 6 -5 -4 -3 -2 -9 10 11 21 13 -13 -15 -14 17 18 19 -12 -20 -6 25 -24 -25 -18 27 28 29 -27
right_child=1 3 5 4 9 -7 -8 8 -10 -11 16 12 15 14 -16 -17 22 -19 20 -21 -22 -23 23 24 -26 26 -28 -29 -30 -31
leaf_value=-0.026516639267110155 0.0052177881639418828 -0.017736654174054411 -0.063520802876120941 -0.032987345920562086 -0.028027761480778832 0.050274225082954649 -0.09928277262619091 0.11308646245738235 0.035469055135906362 -0.058907111093876523 0.06819007792429943 0.13729775826801288 0.011080682725809326 0.035534364412880222 -0.015278702710141116 -0.03299304487873967 -0.032450345432874408 -0.029491308836750427 0.16251012875792398 0.3489005052403098 -0.047990758610211751 0.029806951554202651 -0.03658116524628615 0.046214723892177692 0.0083252132561250341 0.06072779223833661 -0.00083734910872461518 -0.098471848819829025 0.10793320788152683 0.0095226106138528999
leaf_weight=270.20112577988766 67.721532835625112 178.1457483805716 33.002084062434733 72.916638472117484 226.28323638718575 8.2222717911936325 11.683894838206468 18.727293726988137 179.26814328180626 19.799274415476248 4.3710739435628119 24.939391021616757 392.86366783967242 290.31296292133629 53.786214618012309 62.766547939740121 218.15040087583475 7.4145973923150441 3.3777042329311353 3.1753112552687526 5.6325286366045475 21.678162286058068 224.95409700879827 194.52742355852388 1238.783885643119 47.013419668655843 9371.1751609370112 12.540332870557902 14.966514643281696 380.30998463067226
leaf_count=8931 1132 6077 1067 4823 4025 113 497 784 2085 2612 313 898 8730 3772 677 1890 6093 508 19 228 790 314 3491 4056 16671 1962 128607 793 353 6069
internal_value=0.000390644 0.00095277 0.0225489 0.000429208 0.00077034 -0.0408242 -0.021617 0.0332295 0.0428105 0.000987926 0.00108135 0.00879571 0.0184326 0.0350056 0.0275918 0.00500919 0.000367894 0.0611511 0.101744 0.186305 0.0309206 -0.0228998 0.0002437 0.00678641 0.0137521 -0.000836486 -0.000101488 0.0147518 0.0182956 0.0151561
internal_weight=13658.7 13388.5 306.941 13081.6 12891.7 41.2244 189.83 265.717 197.995 12818.8 12799 1072.63 824.669 369.039 344.099 455.63 11726.4 23.9712 16.5566 7.54639 9.01023 247.961 11702.4 1658.27 1433.31 10044.2 9826.01 454.83 442.29 427.323
internal_count=218380 209449 5181 204268 197694 1180 6574 4001 2869 192871 190259 20306 15967 5347 4449 10620 169953 1858 1350 541 809 4339 168095 24218 20727 143877 137784 9177 8384 8031
cat_boundaries=0 24 48 72 96 119 142 166 189 212 236
cat_threshold=16908288 2097154 0 4096 0 1 65552 0 0 2160197652 0 2048 301989888 8388864 0 4 0 671088640 262152 0 2097152 50372609 0 4224 0 524288 0 0 0 0 23593024 8388608 134217728 33554432 2048 256 6291456 65552 0 537919488 136318976 524288 33554689 5 128 10485760 524800 512 8388608 1048576 0 0 0 2113536 75498496 167772160 0 536871168 8388608 0 67108896 67108865 1 1073741824 0 2415919112 8256 0 0 134284288 2056 2304 0 8388608 36864 98352 16384 67633152 24576 67108864 0 1073741824 32794 0 2147483648 32 536870912 0 0 0 0 524288 0 2415919168 1077936160 32 0 268436737 8388608 8 0 131072 131072 128 67108864 1 0 0 152192 4 0 512 33554464 0 0 67239936 1051649 6272 67108928 0 268435457 0 0 0 0 131072 0 0 0 0 0 148096 4 0 0 32 0 0 131072 0 4224 67108928 1073774592 33554432 2315274240 512 268435456 0 0 0 0 0 4096 33554432 1573184 34627584 0 65536 268435458 256 20482 0 32832 0 65536 8 134742016 67108932 4194305 4 0 25165824 1081344 0 0 0 0 2818572288 262145 0 0 0 0 0 0 0 0 0 131072 2097152 67108864 33554432 5 8192 25167872 32769 0 589824 2114656 5 536870912 0 1024 0 0 131072 8704 32768 0 0 5242880 131089 1073774592 16777216 134217728 0 2147483648 2684354560 0 268435456 131072 8192 4096 0 1572864 24576 0 0 268435458 16779264 20480 32768 37781568 0 142671874 262146
is_linear=0
shrinkage=0.1


Tree=54
num_leaves=31
num_cat=11
split_feature=3 3 9 3 14 3 16 3 3 20 6 20 3 16 3 8 11 3 20 16 9 8 21 20 6 3 11 3 8 8
split_gain=26.9229 15.1992 11.4205 11.2311 10.1651 32.0299 19.7442 17.5766 12.5874 12.7209 13.271 12.3923 12.1529 11.8258 21.3697 18.1385 15.6671 11.821 14.5231 23.5799 10.2152 10.0585 11.4894 13.1721 24.0995 9.77671 24.0565 22.3965 13.0259 12.1187
threshold=0 1 55.549999237060554 2 4.5000000000000009 3 5.5000000000000009 4 5 0.0073282290250062951 3.5000000000000004 0.25113768875598913 6 7.5000000000000009 7 9.5000000000000018 27.500000000000004 8 0.029119851067662243 17.500000000000004 50.750000000000007 19.500000000000004 4014.5000000000005 0.023273834958672527 8.5000000000000018 9 -1.0000000180025095e-35 10 14.500000000000002 10.500000000000002
decision_type=9 9 10 9 2 9 2 9 9 2 2 2 9 2 9 2 2 9 2 2 8 2 2 2 2 9 2 9 2 2
left_child=-1 2 21 -3 8 13 7 -7 11 10 -10 -5 -11 14 -6 16 -16 18 19 -8 -20 -2 -23 24 -24 26 27 28 -14 -27
right_child=1 3 -4 4 5 6 17 -9 9 12 -12 -13 25 -15 15 -17 -18 -19 20 -21 -22 22 23 -25 -26 29 -28 -29 -30 -31
leaf_value=-0.037602524223559627 0.010724409760700425 -0.016945134961069318 -0.070232404865969253 -0.041361350424084134 0.07033099673028316 -0.064620892311667039 0.0099219850643722275 -0.0050969349689527826 -0.0558448095658345 -0.039184796301357155 0.10864900079400069 0.0086895427823612519 -0.019536950493930196 0.036801056224646196 0.071534414306142907 -0.060280496892396243 -0.083417265534422025 -0.01932588948373036 -0.026921325817029454 0.42300506108899261 0.026553441671693163 0.07129238002130156 -0.062985530249213537 0.0041162539554236268 0.35130545588984285 0.0061543959035719534 0.024986037093537378 -0.03804318676558506 0.11001399555730076 -0.00098768363968271028
leaf_weight=174.95119066582993 253.42177475104108 361.04152116109617 13.617937689414246 135.05330850719474 20.100031033158302 139.80972687667236 3.6008332259953013 89.654070084216073 6.4049146615434465 61.84631503932178 20.938413933617994 78.061408884823322 12.582839937880633 168.82364563061856 24.911781339440495 61.515707271639258 8.8409864660352451 338.34087712597102 54.870715969242156 2.242435076739639 102.3696290301159 74.417273849481717 2.5776463500224045 70.085732499603182 3.0840379088185728 3538.5877513012383 492.71900688577443 124.52535999100655 20.253902928903699 7229.885909302393
leaf_count=6766 4577 11722 199 4506 204 8856 705 3319 439 4565 1236 408 204 2072 451 2557 471 5044 1079 119 2483 849 191 1471 168 46951 8864 1636 276 96225
internal_value=0.000293094 0.000810906 0.0193733 0.000205272 0.000704369 -0.00889505 -0.0198348 -0.0444025 0.00153632 0.00198951 0.0701179 -0.0219962 0.00182898 0.0192603 -0.0047385 -0.0253033 0.0309474 -0.00898766 0.0128572 0.168448 0.00789284 0.0228768 0.0433854 0.0159685 0.162687 0.00208362 0.0139009 -0.0199247 0.0462776 0.00135799
internal_weight=13689.1 13514.2 417.204 13097 12735.9 1015.08 730.888 229.464 11720.9 11507.7 27.3433 213.115 11480.4 284.192 115.369 95.2685 33.7528 501.424 163.084 5.84327 157.24 403.586 150.165 75.7474 5.66168 11418.6 650.081 157.362 32.8367 10768.5
internal_count=218613 211847 7455 204392 192670 27360 21605 12175 165310 160396 1675 4914 158721 5755 3683 3479 922 9430 4386 824 3562 7256 2679 1830 359 154156 10980 2116 480 143176
cat_boundaries=0 22 45 69 92 114 138 162 185 206 229 251
cat_threshold=1142947840 0 134284288 128 8 2 2 524288 0 2359813 134218241 0 0 8388608 0 0 131200 0 262144 134217728 6144 8402945 0 258 0 2097156 0 134545409 67176448 4096 32768 0 131072 256 8389120 65536 0 2048 0 0 33620160 655360 1310720 1073741952 2155872256 0 16777216 0 1 0 512 16 8389120 2415919104 8192 0 67108864 0 37756928 1 8388612 0 134219776 1 1 1 138478592 2621504 2048 34078720 1075838976 536870913 0 0 0 524288 2105344 0 2304 1073750016 8388616 65550 67108864 0 65536 0 67109376 32770 0 69271556 0 65536 947912704 138412036 2151696512 512 0 4 0 0 16777216 0 4096 1646264320 967952 16392 0 0 0 0 0 0 0 32 33554432 1074790400 1081344 98336 16384 2228224 8396800 67108864 0 536871168 8 0 2 67109024 536870912 0 4 537133056 49152 65536 67108864 0 4194304 32 0 67108864 33554432 16 8192 34078720 524288 0 0 1073741952 2 0 285212672 0 0 0 0 0 8192 0 0 2148007936 1073750032 4112 33554432 0 1 0 0 0 524288 0 0 0 1073741824 0 2 0 0 65536 0 67108864 0 0 2097156 0 65536 2684485632 4 4210688 0 0 4 0 0 16777216 0 1052672 1646264320 692240 16392 0 0 0 0 0 0 32 671219712 134217728 4194304 0 0 0 1 1280 134217728 0 278528 36 5242880 1281 0 1048576 32 2433220608 536870912 0 17408 268435488 32768 536870912 0 0 0 0 0 0 256 0 0 278528 32 0 0 0 1048576 32 268435456 0 0 1024 32
is_linear=0
shrinkage=0.1


Tree=55
num_leaves=31
num_cat=2
split_feature=1 10 20 20 14 21 11 16 6 21 0 21 6 20 20 11 6 21 16 16 6 6 21 21 21 9 18 7 14 11
split_gain=9.07552 7.05642 18.2379 8.34753 9.54466 9.42356 11.9595 11.7756 10.2034 13.3246 8.3422 9.01617 8.26454 15.7053 11.1816 12.7089 10.8349 12.6815 9.95991 12.0737 9.84702 8.15729 13.2151 8.05443 8.01725 13.5718 7.78955 13.6026 7.24933 10.9221
threshold=0 0.083406638354063048 0.076906669884920134 0.089837282896041884 16.500000000000004 4286.5000000000009 21.500000000000004 15.500000000000002 8.5000000000000018 4166.5000000000009 1 1301.5000000000002 3.5000000000000004 0.059385742992162711 0.068820483982563033 25.500000000000004 6.5000000000000009 4113.5000000000009 15.500000000000002 42.500000000000007 9.5000000000000018 6.5000000000000009 4373.5000000000009 684.50000000000011 4359.5000000000009 47.649999618530281 -1.0000000180025095e-35 1.5000000000000002 79.500000000000014 826.50000000000011
decision_type=9 2 2 2 2 2 2 2 2 2 9 2 2 2 2 2 2 2 2 2 2 2 2 2 2 10 2 2 2 2
left_child=-1 10 12 4 5 8 21 -8 -4 -10 11 -2 13 -3 15 16 -14 20 -17 -20 23 22 -7 -18 -5 -26 -23 -28 29 -12
right_child=1 2 3 24 -6 6 7 -9 9 -11 28 -13 14 -15 -16 18 17 -19 19 -21 -22 26 -24 -25 25 -27 27 -29 -30 -31
leaf_value=-0.048232815364659516 -0.030974291591176203 -0.06381591069856922 -0.035568750676185416 0.003017347489695836 -0.10804800622037609 -0.0043784079167858416 0.15207377285213633 0.013630266392467207 0.032253842857493289 -0.037061498596560064 -0.0022533134074178632 0.089648392976047236 0.0032368944400501831 0.013068382758019399 0.011157710660934057 0.16752568709167959 0.056890822207095265 -0.022281828018060904 -0.017078500530052235 0.1250980790266287 0.01845920338667589 -0.03119517447178799 0.094232063816958256 0.1410877432276301 -0.0072747285861216055 0.030776157977702737 -0.06433107605878334 0.094698878200542333 -0.050489380799700237 0.068827222126136609
leaf_weight=29.292934039607644 155.61680599441752 31.004223020747304 187.71654224768281 5631.5219409735873 10.130262917838989 43.719223827123642 10.473093070089819 14.862724678590892 64.495912373065948 48.653931427747011 5031.3617226534989 6.4537423569709054 72.910620894283056 185.71698623523116 228.92888665664941 12.891493503004311 21.405055232346058 16.528909966349602 11.23004765622318 12.758832363411782 20.726590529084206 92.9161122944206 19.720101796090603 24.214712090790272 1530.9372507603839 99.849727671593428 8.6952217705547827 14.100585259497164 30.954559142934158 21.710714041255414
leaf_count=4080 3173 314 1969 38899 226 498 115 170 632 587 140561 112 627 1635 2185 102 160 171 148 107 188 1111 207 205 12845 816 109 166 5650 895
internal_value=-0.000242348 -0.000104073 0.00169015 0.000356562 -0.0119399 -0.0100133 0.0065506 0.0708588 -0.0212712 0.00244855 -0.00298267 -0.0246501 0.0179397 0.00206928 0.0260979 0.0438501 0.0313537 0.0560897 0.0966359 0.0585402 0.0756145 -0.00254395 0.0262746 0.101582 0.00122937 -0.00494495 -0.0183438 0.0340386 -0.00223906 -0.00194791
internal_weight=13691.5 13662.2 8416.11 7777.79 515.484 505.353 204.487 25.3358 300.866 113.15 5246.1 162.071 638.316 216.721 421.595 192.666 155.786 82.8753 36.8804 23.9889 66.3464 179.151 63.4393 45.6198 7262.31 1630.79 115.712 22.7958 5084.03 5053.07
internal_count=218663 214583 64192 58350 5790 5564 2376 285 3188 1219 150391 3285 5842 1949 3893 1708 1351 724 357 255 553 2091 705 365 52560 13661 1386 275 147106 141456
cat_boundaries=0 1 2
cat_threshold=1847312 17
is_linear=0
shrinkage=0.1


Tree=56
num_leaves=31
num_cat=10
split_feature=3 3 9 9 7 6 3 20 21 19 6 3 16 19 19 3 19 19 1 20 3 21 3 3 3 16 11 19 19 9
split_gain=18.3836 13.8114 11.1099 11.1724 11.0575 11.5451 9.73763 7.64842 16.1563 16.7806 9.56574 10.9914 7.85326 7.17859 26.1759 7.3711 8.31135 7.04258 7.0383 10.1901 9.71574 8.24862 25.9994 15.9492 14.6272 12.8461 10.5982 10.232 21.4395 15.0229
threshold=0 1 34.45000076293946 63.350000381469734 2.5000000000000004 6.5000000000000009 2 0.068820483982563033 3939.5000000000005 0.060463631525635726 5.5000000000000009 3 36.500000000000007 0.030056720599532131 0.024269487708806995 4 0.035394687205553062 0.12085975706577302 5 0.0061043049208819875 6 4003.5000000000005 7 8 9 107.50000000000001 1.5000000000000002 0.037208344787359245 0.033760923892259605 29.650000572204593
decision_type=9 9 8 10 2 2 9 2 2 2 2 9 2 2 2 9 2 2 9 2 9 2 9 9 9 2 2 2 2 10
left_child=2 7 4 -4 -1 -6 17 8 9 -2 11 -9 13 14 -10 16 -15 -3 -8 -20 -21 22 26 -24 25 -23 27 28 29 -22
right_child=1 6 3 -5 5 -7 18 10 12 -11 -12 -13 -14 15 -16 -17 -18 -19 19 20 21 24 23 -25 -26 -27 -28 -29 -30 -31
leaf_value=-0.021337392802009126 0.049852797788705917 -0.028090988232741521 -0.032547844139092216 0.12559736790625095 0.16321317397760948 -0.001281996287059032 -0.042772874288761045 -0.049913216158655446 0.0042250982313950386 0.21692734865747126 0.022343748885656566 0.0088358647006526909 -0.070840662106635727 -0.037055074508215456 0.22591244871003899 -0.0087408090599586704 0.12133547747998404 -0.00076005616002592161 0.067033057065373644 -0.036719598255865897 0.023364357104716973 0.010785375492451522 -0.023723018666025549 0.0016376350111723592 -0.0032074324360319324 0.10596246789831061 0.0050083222680458294 0.025165332214435277 0.29072274160519512 0.2265100993216215
leaf_weight=21.316676672315225 17.782354067545388 227.10451531829312 305.31901373318397 4.5335128512233487 9.1532056424766797 7.9922026367858043 29.153271524002776 39.637553572654724 16.786198599729691 9.0817345073446614 196.39305275585502 85.75958657823503 8.8042265765834582 4.3729836712591377 7.801707924110814 56.549756730906665 13.666725541930644 161.20275832153857 22.430955167161301 63.334832284366712 25.881115924566988 586.46867248322815 259.7624712754041 3061.9310590997338 7678.5478345092852 14.53241569874808 289.87159476918168 447.5738589046523 4.2965356400236479 4.2361605316400519
leaf_count=459 323 6949 7493 88 145 181 4097 435 882 91 1531 622 517 140 276 1329 416 1152 1120 3051 814 10065 4458 40024 124362 198 3745 3644 104 130
internal_value=-0.000921222 -0.000319588 -0.0232735 -0.030234 0.0267493 0.086535 -0.000931357 0.0165815 0.0369372 0.106334 0.00856678 -0.0130103 0.0196723 0.0277074 0.0745662 0.0122607 0.0533607 -0.0163244 -0.000440043 -0.000306761 -0.000428465 -0.000212851 0.00345899 -0.000410866 -0.00202853 0.0128726 0.0198609 0.0292055 0.08175 0.0519379
internal_weight=13681.3 13333 348.315 309.853 38.4621 17.1454 12876.3 456.636 134.846 26.8641 321.79 125.397 107.982 99.1774 24.5879 74.5895 18.0397 388.307 12488 12458.9 12436.4 12373.1 4093.55 3321.69 8279.55 601.001 771.859 481.988 34.4138 30.1173
internal_count=218841 210475 8366 7581 785 326 203913 6562 3974 414 2588 1057 3560 3043 1158 1885 556 8101 195812 191715 190595 187544 52919 44482 134625 10263 8437 4692 1048 944
cat_boundaries=0 23 47 71 85 107 108 132 155 179 203
cat_threshold=2147483648 257 8192 0 0 1073741824 1 268960768 0 269500512 129 150994944 4096 8388608 0 0 2147483648 67109888 16 0 4456480 67108865 17825792 32768 268435456 134217728 2099200 0 16777216 16777216 4096 262144 1024 1073741824 0 5259280 2097409 0 1048576 34 16384 1056896 64 130 33554432 268443648 512 0 2097152 2 129 0 10 2147614738 134225920 65536 256 8650752 268435456 0 0 33 3221225472 0 266496 64 67108864 0 1073743360 64 1 0 268435456 134217728 0 0 16777216 0 0 0 0 0 0 1048592 256 0 0 0 0 0 0 16777216 4096 262144 1024 0 0 1048576 0 0 0 0 0 0 0 0 33554432 1340464 0 0 33554432 0 8192 69206016 0 117440512 524288 0 16 0 0 4194336 0 2048 0 0 33554432 0 0 4259904 32 4096 134217728 4194306 545259648 0 268435456 4 272629760 8388864 0 1 20480 1082130432 134283820 16384 0 0 131072 524296 0 0 0 2558525440 128 8914944 67108864 4194305 512 0 0 524288 2097152 0 0 163840 100663296 320 8192 0 0 0 0 2 0 67108864 2131968 2147746816 262144 17303552 0 0 1049088 0 0 524288 128 2147491840 4198410 163840 33554440 536871040 0 0 0 0 0 3 0 67108864 2097152 201327363 262208
is_linear=0
shrinkage=0.1


Tree=57
num_leaves=31
num_cat=12
split_feature=3 3 3 19 20 3 14 11 10 1 3 9 20 8 3 3 3 3 11 20 3 12 20 19 20 20 17 6 20 3
split_gain=26.9237 15.5852 11.3499 9.16773 10.2059 8.53886 12.7046 13.2768 8.35082 10.2775 9.85506 14.523 9.2618 9.19111 44.1879 20.0361 16.5387 13.2019 12.8033 18.5834 12.9319 14.0976 12.7309 27.6239 19.0535 10.3944 9.20308 9.15676 8.88936 19.6837
threshold=0 1 2 0.10673831030726434 0.0073282290250062951 3 18.500000000000004 241.50000000000003 0.088938668370246901 4 5 43.149999618530281 0.089837282896041884 9.5000000000000018 6 7 8 9 -1.0000000180025095e-35 0.13898781687021258 10 11.500000000000002 0.023273834958672527 0.035394687205553062 0.017089337110519413 0.024598307907581333 91.500000000000014 1.5000000000000002 0.076906669884920134 11
decision_type=9 9 9 2 2 9 2 2 2 9 9 10 2 2 9 9 9 9 2 2 9 2 2 2 2 2 2 2 2 9
left_child=3 -2 -3 4 -1 6 7 -4 9 10 11 12 -7 14 -11 25 22 -17 19 -18 21 -20 23 26 -25 27 -16 -15 29 -10
right_child=1 2 5 -5 -6 8 -8 -9 28 13 -12 -13 -14 15 16 17 18 -19 20 -21 -22 -23 -24 24 -26 -27 -28 -29 -30 -31
leaf_value=0.020271516754550422 0.021275625280582716 -0.019434024209090621 0.010837669383023649 -0.0030029343864822196 -0.062029577324177049 0.017705823130234426 -0.083324732537956914 0.089664357561866248 -0.011081718785819513 -0.028063965033001695 -0.046603531551130395 0.20423833028936667 -0.08289816296302456 0.19957972460253329 0.034736137444323009 -0.024358437866883118 0.0031107278247405404 -0.0050787097634341968 0.030991152097390864 0.087244008559198116 -0.011788682790256756 0.26430020622715777 0.023521639492293966 0.11493463764422979 0.45563425208724545 0.0081901370504196495 0.25858983797632223 0.043639910544166056 0.00106747607979728 0.029870966417412787
leaf_weight=17.220985557418317 346.77883742796257 281.08521466050297 649.61179990484379 53.632412591949105 120.49071726785041 39.421963697765023 13.850883831037207 22.093838198808953 182.71574569679797 310.82998010702431 97.198533593444154 3.5230167161207637 11.917248411104081 3.962886545341461 34.878279311349615 409.07615822996013 75.841720302589238 2471.1267599156126 54.212547071278095 40.153063751757145 384.44210180989467 2.7198287269566199 422.67296121269464 3.6481904676184049 2.9841530749108642 185.15345642366447 1.9386384834069748 75.617436250904575 7024.9954808596522 307.62233716621995
leaf_count=1280 6795 8205 10159 405 4256 1327 419 350 1698 9824 4689 101 188 248 1844 11893 2373 66049 2276 425 10345 122 8474 177 90 6301 107 3466 51907 2698
internal_value=0.000111068 0.000653462 9.23161e-05 -0.0361865 -0.0517377 0.000534834 0.0113106 0.0134304 -8.21556e-05 -0.00342231 -0.0281759 0.00662351 -0.00564714 -0.00251347 0.00443527 -0.00546964 0.0144383 -0.00789182 0.00262271 0.0322345 -0.00509996 0.0358416 0.028215 0.0803658 0.268229 0.0204099 0.0465234 0.0514053 0.0019761 0.0149939
internal_weight=13651.4 13460.1 13113.3 191.344 137.712 12832.2 685.557 671.706 12146.7 4631.32 152.061 54.8622 51.3392 4479.26 1334.32 3144.94 1023.49 2880.2 557.369 115.995 441.374 56.9324 466.122 43.4493 6.63234 264.734 36.8169 79.5803 7515.33 490.338
internal_count=218491 212550 205755 5941 5536 197550 10928 10509 186622 130319 6305 1616 1515 124014 36057 87957 26233 77942 15541 2798 12743 2398 10692 2218 267 10015 1951 3714 56303 4396
cat_boundaries=0 24 47 71 93 94 118 141 165 188 211 234 256
cat_threshold=2097152 524288 33555456 0 0 0 2751467560 268436480 131072 0 4 0 8388608 13633538 0 1048576 0 2214854656 0 65536 0 1 8519936 12 32768 268435456 134219776 3200 0 0 134742016 4096 67108864 0 163840 256 134217730 81920 0 1073743872 8386 7424 256 0 128 0 524416 0 142606336 0 8 0 32776 1048576 128 262144 239616 128 16777216 268435488 0 33 0 268435456 0 1048640 3 134479872 394240 2097152 257 3221225600 603979776 0 4608 2048 268435457 2162945 0 557056 33554568 0 2181038080 2181038080 2097280 0 0 4104 0 32768 0 16416 4096 108408857 0 0 0 0 2147491840 2 0 0 0 0 512 65540 67108864 512 1342177280 2147483648 35913744 8 134217728 524288 1 0 0 1024 50331648 33554502 0 2097152 0 159383552 4194304 0 16777216 285737472 1073762304 40 2097152 4 0 0 0 0 8 0 0 44042240 9288 50331648 0 66 0 0 152043520 4195328 0 0 287309824 16384 8 538968064 4 0 0 0 268435456 8 0 0 35653634 1627402308 2048 536870912 4194816 2147614720 0 0 69636 268435456 2105600 301989888 1052672 67584 67108864 1245696 33562624 0 0 0 0 0 0 0 1207976448 2 536870912 4194817 2147680256 0 0 65536 128 2105344 268435456 5509120 67584 0 17825792 8192 0 0 0 536870912 0 0 0 1476411904 2 67110976 2097153 536870912 0 0 33817088 16918 0 0 16658 0 8192 0 0 0 0 0 536870912 0 0 0 2420146304 2415951873 131072 256 4194304 0 0 0 0 0 0 0 0 2048 4194688 8 0 0 134217729 16818176 0 67109380 2100228 32
is_linear=0
shrinkage=0.1


Tree=58
num_leaves=31
num_cat=12
split_feature=3 3 3 5 19 5 5 19 3 8 2 3 16 8 3 3 20 19 16 21 3 21 16 20 19 21 16 8 21 9
split_gain=25.9386 14.2807 10.4941 11.0921 10.3154 9.88026 9.54649 8.62014 8.08108 7.04997 6.874 14.5454 9.91872 8.16043 45.1518 9.86044 8.11313 13.7179 8.00364 11.954 7.65452 19.2848 19.7059 8.67536 9.55063 14.7765 13.4758 8.97967 10.4744 8.61584
threshold=0 1 2 3 0.051814123988151557 4 5 0.12085975706577302 6 3.5000000000000004 7 8 183.50000000000003 1.5000000000000002 9 10 0.027575599029660228 0.024269487708806995 11.500000000000002 4242.5000000000009 11 4537.5000000000009 8.5000000000000018 0.02555275242775679 0.03228780813515187 4025.5000000000005 4.5000000000000009 23.500000000000004 4373.5000000000009 59.750000000000007
decision_type=9 9 9 9 2 9 9 2 9 2 9 9 2 2 9 9 2 2 2 2 9 2 2 2 2 2 2 2 2 10
left_child=-1 9 5 4 -4 7 -5 -3 -8 -2 11 -10 13 14 16 18 17 -12 -15 -20 21 23 -23 24 25 -17 -26 28 -27 -25
right_child=1 2 3 6 -6 -7 8 -9 10 -11 12 -13 -14 15 -16 20 -18 -19 19 -21 -22 22 -24 29 26 27 -28 -29 -30 -31
leaf_value=-0.03097741668680238 -0.031671078346258472 -0.023546095934881321 0.059512694684369719 -0.045011187107466467 0.28966720307995419 -0.06946499181395023 -0.031928736699733097 0.0034157221974425501 -0.0052455562892205817 0.029932520048783454 0.031488181596155788 0.025538569366476999 -0.070935823434115627 -0.007118692820416184 -0.035828235472271618 -0.065548845912935097 0.035963922586170295 0.26564505737927452 -0.065788594581545776 0.023549524885025191 0.00084521457316382147 0.040565743777342705 0.20082598985262179 0.0028302424473716087 0.16798404617222867 0.15324816568718752 -0.10230770679948907 -0.04774729430763177 -0.0069254188570193791 0.07675077776535949
leaf_weight=254.89540045592003 20.228968097362667 241.98641069117002 3.6775313201360404 35.69287800998427 4.1391783580183983 21.030370274558663 65.091495500644669 232.52688353508711 284.29235333856195 227.48074890999123 5.9453444995451701 322.73670958727598 19.434933790704235 531.91621394210961 255.26305827614851 12.80805012420751 85.933592140674591 4.3197711231186986 55.713824039907195 20.484358835034072 9930.505151854828 60.272832967108116 8.791815097909419 910.67680055135861 10.647697751177473 12.397496209712704 2.2310386525932691 5.2452652617357662 6.0873337918892494 16.045476583763957
leaf_count=8607 438 6191 175 722 49 192 4149 1518 2475 4544 298 2802 468 15464 4073 538 1118 174 1712 640 145793 1033 194 13669 409 697 207 192 211 214
internal_value=1.05177e-05 0.000622004 0.00016554 0.000728706 0.0795795 -0.0139634 0.000617272 -0.0101206 0.000781769 0.0239355 0.000976529 0.01127 0.000444873 0.000561479 -0.0144501 0.00101694 0.0416695 0.130026 -0.0112754 -0.0417718 0.00170672 0.00980636 0.0609666 0.00628708 0.047112 0.0210119 0.12116 0.0677321 0.100501 0.00411012
internal_weight=13668.5 13413.6 13165.9 12670.4 7.81671 495.544 12662.5 474.513 12626.8 247.71 12561.7 607.029 11954.7 11935.3 351.462 11583.8 96.1987 10.2651 608.114 76.1982 10975.7 1045.2 69.0646 976.139 49.4169 36.5381 12.8787 23.7301 18.4848 926.722
internal_count=218966 210359 205377 197476 224 7901 197252 7709 196530 4982 192381 5277 187104 186636 5663 180973 1590 472 17816 2352 163157 17364 1227 16137 2254 1638 616 1100 908 13883
cat_boundaries=0 24 48 72 73 74 75 99 110 131 153 177 200
cat_threshold=33554432 0 0 0 0 0 4 0 134217728 67371009 0 8 286261248 8455168 0 0 2 2147483904 64 0 2134016 1141901313 130 138 0 0 0 4096 0 196608 337641473 256 0 268435520 1073742336 0 37748736 4194448 0 0 262161 268443648 69632 134217728 1029 8388736 2097152 262144 524288 67108864 33554496 0 268435456 2621442 8781824 0 2147483648 536936450 0 8388608 0 2105344 268435457 536870912 0 2048 128 0 16384 132160 68 1280 128 56 48 128 0 163840 65554 0 67108864 9216 209715200 0 1108344832 26 0 0 0 0 4194304 64 0 262144 0 0 589824 2048 529 0 2147614720 0 4194304 0 2097152 268435456 256 0 0 524288 131072 1600 8388608 0 8 1 2147483648 524288 0 0 0 4 0 2 0 1091635200 128 150995456 557875208 67108867 2 2281701376 37748740 4194304 0 0 0 1048576 2228224 0 0 294912 134217728 2269512 0 0 0 0 524288 2 0 0 2097152 134217728 1048576 0 32804 24576 134218760 16512 16777216 67108864 2147488000 0 33556480 41024 100663296 536870912 0 0 0 0 65536 0 671088642 4194304 96 25165824 536870912 0 128 0 16777216 524352 268440704 16777216 1024 86016 3238002720 0 0 0 0 35655680 0 1 0 67110976 32 521
is_linear=0
shrinkage=0.1


Tree=59
num_leaves=31
num_cat=10
split_feature=3 3 3 21 16 16 9 6 19 17 3 3 9 3 3 8 3 6 7 20 3 3 16 16 10 19 9 8 13 20
split_gain=21.6016 14.4887 9.0071 14.5756 10.2202 11.7655 7.81571 9.46127 7.91678 7.30016 22.4735 11.6853 15.4014 10.8778 9.26251 8.72597 8.95669 20.7055 8.70564 8.24856 23.177 17.7198 17.2328 11.6189 11.1166 9.05906 11.0161 19.2918 9.00334 9.77275
threshold=0 1 2 4373.5000000000009 6.5000000000000009 11.500000000000002 38.850000381469734 3.5000000000000004 0.38165868818759924 38.500000000000007 3 4 61.350000381469734 5 6 22.500000000000004 7 2.5000000000000004 4.5000000000000009 0.018473792821168903 8 9 4.5000000000000009 28.500000000000004 0.05058467015624047 0.030056720599532131 42.549999237060554 24.500000000000004 0.070291385054588332 0.0085060033015906828
decision_type=9 9 9 2 2 2 8 2 2 2 9 9 10 9 9 2 9 2 2 2 9 9 2 2 2 2 8 2 2 2
left_child=-1 -2 3 6 -5 -6 7 -3 -8 13 -11 -12 -13 15 -15 -4 17 -17 -18 20 22 -21 25 28 -24 -16 -27 -28 29 -22
right_child=1 2 9 4 5 -7 8 -9 -10 10 11 12 -14 14 19 16 18 -19 -20 21 23 -23 24 -25 -26 26 27 -29 -30 -31
leaf_value=-0.027134316991365495 0.019709131939968146 0.057140299309503421 0.0075832670256610352 0.0023606196010098066 0.19226687930480302 0.032405593036688767 -0.032736159356808174 -0.025615806753445172 0.048467041873771446 0.019591994771377158 -0.033454301764083608 -0.010341592018924288 0.08591244997132047 -0.027872130059443053 0.081278303749712039 0.16842163551450373 0.046973956311996835 -0.054016739913832545 0.14884679658969682 -0.050739330484325412 0.09569064579520721 0.0003254197447234548 -0.041221814011603797 -0.093264447566759751 0.27927649123244902 0.38215522158939841 0.065808824871216448 0.38532150574545376 -0.091167435137177386 0.0024900020042430753
leaf_weight=290.78324441821314 351.61407590413 24.748573654331267 307.96500932285562 88.137136648176238 6.4185912236571339 16.283753867959604 306.45844661188312 31.270517225144431 12.495647341012953 227.33439577789977 244.72759407665581 596.72256487817504 17.099804241443053 107.38831277634017 30.570342591963708 5.0420954881701645 81.417249120306224 24.609760212944821 9.3520352183841151 58.390240796841681 12.678574383491648 10645.77589002368 13.262415518984195 13.262831748696042 1.1783963218331344 2.2504364056512713 8.2728459388017637 2.4491683840751639 8.9600793782155943 99.89756390126422
leaf_count=9099 10422 337 8575 1338 91 491 6593 649 59 2392 6140 9722 222 4628 1205 150 2169 611 152 3571 1671 134307 1329 3114 11 82 391 99 822 8020
internal_value=-0.000632468 -3.51361e-05 -0.000583716 -0.013803 0.0177719 0.0776029 -0.0235044 0.0109449 -0.0295549 -6.01049e-05 -0.00789573 -0.015225 -0.00753736 0.000684074 6.80089e-05 0.0161313 0.0393317 -0.0121089 0.0517669 0.000368658 0.0208702 -2.31233e-07 0.0678879 -0.0040874 -0.0150686 0.110991 0.181011 0.138793 0.00530787 0.0129865
internal_weight=13646.8 13356 13004.4 485.813 110.839 22.7023 374.973 56.0191 318.954 12518.6 1085.88 858.55 613.822 11432.7 11004.3 428.386 120.421 29.6519 90.7693 10896.9 192.783 10704.2 57.9836 134.799 14.4408 43.5428 12.9725 10.722 121.536 112.576
internal_count=218462 209363 198941 9558 1920 582 7638 986 6652 189383 18476 16084 9944 170907 159250 11657 3082 761 2321 154622 16744 137878 3117 13627 1340 1777 572 490 10513 9691
cat_boundaries=0 24 48 72 95 116 137 161 182 206 230
cat_threshold=2048 134217728 33562624 8 0 0 5252 0 262144 167772194 0 67110912 0 8388608 0 0 0 262144 32768 0 5121 3155969 2147500162 65536 536870912 1073741824 2147483648 128 0 8388608 67108928 0 32768 0 66048 134217728 33554432 33554432 0 1073741824 402661384 2147483648 33820672 65537 33570848 1073741824 278921216 32768 0 0 0 1 8192 2217213952 512 128 0 0 8388608 65568 1 520 33 2147483648 2149580800 8 16384 2 0 4265024 557568 1024 3221225472 2621696 4194304 0 0 0 131072 131072 0 0 270336 8388608 24880 16388 0 536870912 32 524800 541065474 0 4227200 32800 262144 167804928 4194310 0 4 0 4 0 0 50339840 0 134221824 3273654272 5308928 0 0 0 0 134217728 16777280 131072 67371008 168296448 65 8388608 0 268435456 163840 4194304 8388608 0 268436481 4096 8 537919488 67584 0 512 144 49152 16842768 131076 264192 2147483648 1048576 32768 32800 0 134217729 8388864 67109376 0 2147495936 16384 0 0 0 268435456 4194308 0 0 536871168 0 192 524288 4202504 256 0 0 0 0 268435456 32768 0 8388608 0 0 4096 0 0 2048 0 0 16 0 16 4 2048 64 8388608 64 0 2147483648 2048 0 301989888 589824 16777296 32773 0 0 8192 0 16777216 0 256 3 0 0 2558542336 1092 2560 64 8388608 64 0 0 2048 0 301989888 589824 16777280 32773 0 0 0 0 0 0 256 1 0 0 2550137346 263236 1
is_linear=0
shrinkage=0.1


Tree=60
num_leaves=31
num_cat=13
split_feature=3 3 5 3 5 2 8 19 8 3 7 19 19 3 2 3 9 9 9 3 9 3 20 3 11 19 20 17 7 9
split_gain=28.8422 13.3352 11.8819 11.4917 12.5067 8.95425 15.1239 8.88797 8.37539 17.442 17.4062 9.04763 7.86959 7.28637 7.95748 6.96611 8.18153 8.09099 6.88259 31.6432 14.2199 8.11323 7.7615 15.543 15.7953 11.1415 10.1302 13.4428 9.53535 8.35378
threshold=0 1 2 3 4 5 16.500000000000004 0.081711579114198699 3.5000000000000004 6 1.0000000180025095e-35 0.020199722610414032 0.15577951818704608 7 8 9 27.750000000000004 24.94999980926514 49.850000381469734 10 53.049999237060554 11 0.024598307907581333 12 19.500000000000004 0.019095085561275486 0.0061043049208819875 1.0000000180025095e-35 5.5000000000000009 19.650000572204593
decision_type=9 9 9 9 9 9 2 2 2 9 2 2 2 9 9 9 8 8 10 9 10 9 2 9 2 2 2 2 2 10
left_child=5 2 -2 8 7 6 -1 -5 9 -3 -11 -12 -7 -6 -15 16 17 -10 21 20 -20 -16 23 24 25 -23 27 -25 29 -27
right_child=1 3 -4 4 13 12 -8 -9 15 10 11 -13 -14 14 18 -17 -18 -19 19 -21 -22 22 -24 26 -26 28 -28 -29 -30 -31
leaf_value=0.3250891844869836 -0.072002607891241382 -0.030680754356909586 -0.010921989624065181 0.24332837620500289 -0.012184961507731275 -0.049872443519813875 -0.048403260655265644 0.058338833284925701 0.011826168705065402 0.28182831679968595 -0.039300909168039994 0.11727034670428001 0.020870702597434017 0.024094408448343718 -0.015282683951784691 0.025088973739807219 -0.0063323156280074878 0.2132000636432686 0.022065759489747455 0.029737549104119437 -0.02619710893048556 0.0072844305592255285 -0.00034599473401113336 0.059432432095821421 -0.062166349507736786 0.099107458909929155 -0.0021889045576999732 0.66336039223876075 -0.07836403060284472 0.011037441096327571
leaf_weight=2.5725564288441092 25.188482680357993 15.918954424560068 531.09421240119264 5.3709856816567463 456.08259918773547 179.35875164996833 1.8739247033372519 5.0291184335947037 4.7874493598937988 5.5176086712162968 4.7379832314327386 16.697300073923543 17.235841408371925 131.96245933324099 340.80329722049646 193.55888619809411 180.23700127494521 3.4209889001212996 82.819999544881284 362.4099386613816 232.22306914627552 32.727114194305614 10469.232404311304 1.248052725335582 12.461505859391762 63.532276301179081 261.04320245236158 0.5230271283071487 3.7878846698440602 12.968803203664718
leaf_count=170 371 399 8636 183 11943 9376 166 45 157 185 301 406 128 650 8951 5135 6778 124 914 4392 3418 1341 131391 257 1394 2184 18601 91 149 507
internal_value=-0.000466223 0.000109376 -0.0149104 0.000768162 0.000210893 -0.0371479 0.0516116 0.078446 0.0167483 0.0590527 0.0900311 0.0826624 -0.0415564 8.27761e-05 0.000558485 0.012439 -0.00179065 0.0957517 0.000276905 0.0100649 -0.0130939 -0.000314979 0.000168757 0.014052 0.0413835 0.056463 -0.000550808 0.237782 0.076509 0.0841774
internal_weight=13656.4 13455.4 556.283 12899.1 12474.2 201.041 4.44648 10.4001 424.876 42.8718 26.9529 21.4353 196.595 12463.8 12007.7 382.004 188.445 8.20844 11875.8 677.453 315.043 11198.3 10857.5 388.292 125.478 113.016 262.814 1.77108 80.289 76.5011
internal_count=218743 208903 9007 199896 186411 9840 336 228 13485 1291 892 707 9504 186183 174240 12194 7059 281 173590 8724 4332 164866 155915 24524 5575 4181 18949 348 2840 2691
cat_boundaries=0 24 48 49 73 74 85 109 133 137 158 181 205 229
cat_threshold=0 8388608 0 8 0 1048584 4616 528384 0 524288 128 10240 4194304 41943296 0 512 136314912 150994944 262145 524288 0 2049 134217746 4 2155872256 268435457 33554432 0 0 537133058 256 1024 65536 138559488 1 8388608 17408 0 1073741824 2048 2181038080 0 0 32768 4296704 4194304 32768 130 130 671088640 0 2147483650 2052 0 8393216 1048642 8320 0 33554432 2560 0 2147483648 0 0 0 8192 2147484160 4198464 0 278656 33554432 532480 262152 160 16777216 2214592512 0 67108864 0 576 0 0 2097152 0 512 0 0 0 4 0 8388608 1048640 0 0 0 0 0 2147483648 0 0 0 8192 2147484160 4194304 0 128 33554432 8192 262152 131072 0 1081345 32 0 4 276824064 117440512 0 0 4096 8 0 2097152 536870913 0 9 0 128 0 67108866 8455232 2147483656 256 0 0 0 4194304 671088640 0 2147483648 0 0 4608 0 0 0 0 0 0 0 0 0 0 0 0 64 0 16384 34078720 20971526 541065216 512 0 0 131072 2228224 33554432 0 135266304 85983232 262725 8200 0 545259520 0 0 0 131072 0 32 65536 0 1048576 0 2097296 0 69206016 16785408 134217728 0 1073741840 98330 134217728 1048592 0 0 4194304 0 819200 2 64 1048576 268976128 268435584 32 1073741824 4 0 2 2415919104 0 67633168 268435456 2147483648 17838209 262144 0 0 1028 0 2147483648 16 256 0 0 0 1210060800 67137 512
is_linear=0
shrinkage=0.1


Tree=61
num_leaves=31
num_cat=13
split_feature=3 3 8 3 3 19 17 3 21 14 3 8 2 21 3 3 11 6 3 19 9 3 21 21 8 3 12 18 3 9
split_gain=21.4075 13.1633 12.7653 8.2335 6.06373 7.13431 6.35445 25.523 15.2155 12.8187 9.39534 7.69508 7.5805 8.04642 7.25728 7.10244 6.66691 6.66488 29.0207 19.9266 12.7135 11.4641 10.2435 10.1085 10.084 9.00693 9.66464 9.01138 8.70258 11.5285
threshold=0 1 30.500000000000004 2 3 0.24403697252273562 143.50000000000003 4 4564.5000000000009 1.0000000180025095e-35 5 22.500000000000004 6 1083.5000000000002 7 8 189.50000000000003 1.5000000000000002 9 0.075580652803182616 45.750000000000007 10 228.50000000000003 4242.5000000000009 3.5000000000000004 11 1.0000000180025095e-35 0.0016515288152731957 12 28.550000190734867
decision_type=9 9 2 9 9 2 2 9 2 2 9 2 9 2 9 9 2 2 9 2 8 9 2 2 2 9 2 2 9 8
left_child=-1 2 -2 -3 5 -5 10 -8 9 15 16 -10 13 -12 -11 -9 -6 18 19 22 23 -19 -14 -21 -22 26 -23 -28 -20 -30
right_child=1 3 -4 4 6 -7 7 8 11 14 12 -13 17 -15 -16 -17 -18 21 28 20 24 25 -24 -25 -26 -27 27 -29 29 -31
leaf_value=-0.029653613124008472 0.016256033573624599 -0.014664195653188071 0.1433966568508574 -0.023967071751540704 -0.014464894924275218 0.082774241268500887 -0.035173103999319458 -0.0064973911625105787 0.048938827755455286 -0.050247478514012678 0.045554438668775128 0.18966841937702605 0.22737315749461176 -0.0046218767416351088 0.005020069722515833 0.028779002622901808 -0.092213941397187929 -0.020669104922189801 -0.025847772654741509 0.08424599023877076 0.076582501089871594 0.025406319025829089 0.071675350659273912 -0.012296768288470185 -0.014490694663781828 0.0020153744406123035 -0.052165920319157115 0.045430209860212248 0.066654157072099068 -0.0087169405546326933
leaf_weight=228.26341327524278 384.33609944814816 360.22599954879843 8.0626384504139406 151.66449920542073 247.91878219065256 6.5312746241688719 221.83289980120026 92.152074819430709 10.458703623153271 47.552695524180308 82.774438984692097 6.1821566056460133 4.8002019524574271 52.061090975999832 44.824824868002906 139.78096289234236 11.542441153316757 206.82882722094655 382.56013651611283 35.189878538250923 13.622863996773956 297.26801484869793 35.297307558357716 15.677184775471686 113.03849503304809 9965.6124268159037 32.631530059035867 13.323645263910292 21.340589152881876 413.7101645253133
leaf_count=7081 6718 9314 139 8648 5877 38 3897 879 189 1059 385 92 28 246 1135 1739 366 4649 4831 264 93 5807 817 94 877 145117 665 263 298 7311
internal_value=5.87211e-05 0.000585811 0.0183995 3.5501e-05 0.000464799 -0.0183972 0.000717864 -0.00966572 0.00773488 0.0031765 0.00120768 0.101221 0.00163106 0.0243733 -0.0283257 0.0157236 -0.0172585 0.00134473 -0.00630984 0.0254737 0.0122634 0.00209958 0.0903144 0.0544916 -0.00469546 0.00257395 0.0182761 -0.0238702 -0.0148991 -0.00490696
internal_weight=13647.1 13418.8 392.399 13026.4 12666.2 158.196 12508 562.784 340.951 324.311 11945.2 16.6409 11685.7 134.836 92.3775 231.933 259.461 11550.9 1035.24 217.626 177.528 10515.7 40.0975 50.8671 126.661 10308.8 343.223 45.9552 817.611 435.051
internal_count=218916 211835 6857 204978 195664 8686 186978 8990 5093 4812 177988 281 171745 631 2194 2618 6243 171114 14613 2173 1328 156501 845 358 970 151852 6735 928 12440 7609
cat_boundaries=0 23 47 70 94 115 138 142 164 184 207 230 254 276
cat_threshold=536870912 0 512 4096 8 0 278530 4096 2147483648 10485792 0 65536 2147491840 8388608 0 536870912 4224 134250496 16 512 16384 41951233 131088 1073741824 0 0 140 0 4097 2621440 256 67108864 0 16384 201326592 1048576 4259840 0 0 64 2147753984 327938 32832 4227072 0 524288 262144 0 25165888 0 2097152 0 32768 0 16777216 0 269486088 262272 0 69635 68157440 1 17827840 0 16384 536907776 0 0 4195392 11 0 256 1085504 65586 16384 2621440 268500992 67108864 0 0 24 0 4194304 33554432 0 512 0 570425344 0 65536 0 589824 37748736 304 2315288576 171966467 16384 512 0 0 0 2228224 16777216 0 1074823168 3808428064 934164 0 0 0 0 0 64 0 67108864 0 1048576 1 0 8192 67108864 25174016 134218240 134250496 1073746048 2 0 134217760 0 872415232 3221225472 268435456 268435968 33554432 0 4224 32 1073745952 0 0 0 4194304 0 4 2151678080 0 0 0 1048576 0 268443648 0 12288 268435456 1728 16396 0 0 0 0 0 0 0 32 8912896 0 545259520 0 0 4 131072 8192 301989888 0 12288 8388608 32904 0 0 0 0 0 0 1 67108864 37748737 2147483776 3072 0 0 5242880 0 33554432 32768 0 2164260864 2883584 1 0 8388608 134217728 67633152 0 0 67177472 2097152 65536 0 0 8390656 0 0 285212672 0 0 0 151052352 512 0 538968064 2097281 0 0 0 528384 0 0 67588 16777216 278945792 10485760 1026 33554432 1 0 2684354560 0 8388608 0 33554432 1208090624 32 0 24576 0 0 33816577 256 8201 67239936 34 128 67108864 512 277348352 4 33570816 0 0 0 131072 10485760 285220864 0 1073885184 1109393440 147800 16640 0 0 0 0 8 0 32 2147483648
is_linear=0
shrinkage=0.1


Tree=62
num_leaves=31
num_cat=2
split_feature=1 19 7 10 2 19 21 14 11 7 6 16 14 21 7 21 10 21 19 8 16 14 14 11 16 19 8 9 11 16
split_gain=10.5491 9.54934 7.42647 7.18449 10.4218 11.02 10.6837 9.87429 11.2665 19.6728 15.367 14.0231 18.9344 17.1627 10.2586 16.5142 25.7551 11.5816 8.77112 8.59466 8.33388 36.4992 10.3154 15.7569 13.8779 13.4057 15.0849 13.1155 12.8416 19.0994
threshold=0 0.078697547316551222 5.5000000000000009 0.024983549490571026 1 0.0089201233349740523 1301.5000000000002 16.500000000000004 -1.0000000180025095e-35 4.5000000000000009 9.5000000000000018 2.5000000000000004 1.0000000180025095e-35 4578.5000000000009 3.5000000000000004 4014.5000000000005 0.024770003743469719 3883.5000000000005 0.025460114702582363 1.5000000000000002 1.5000000000000002 2.5000000000000004 1.0000000180025095e-35 3.5000000000000004 116.50000000000001 0.10673831030726434 7.5000000000000009 37.850000381469734 128.50000000000003 20.500000000000004
decision_type=9 2 2 2 9 2 2 2 2 2 2 2 2 2 2 2 2 2 2 2 2 2 2 2 2 2 2 8 2 2
left_child=1 -1 3 4 5 6 -2 8 9 -6 18 14 -13 19 -10 16 17 -16 -11 -14 21 -5 24 25 28 26 -24 -28 29 -22
right_child=2 -3 -4 20 7 -7 -8 -9 11 10 -12 12 13 -15 15 -17 -18 -19 -20 -21 22 -23 23 -25 -26 -27 27 -29 -30 -31
leaf_value=-0.067188028486299484 0.53618927013109741 0.057190817051653034 0.0098511091161600645 -0.00080033929212113334 -0.043837807700899997 0.023632510872695162 0.17043426911702927 -0.088864344147619734 -0.00023583060991655449 0.20649014543312139 0.38279873252603913 -0.063803913381475813 0.29732132125697902 0.34691780557229168 -0.07264897209701103 0.015670942848041932 0.44004598688769625 0.14324604484655731 -0.10214219996618919 0.00065681517240104119 0.00095701531766394601 -0.047103265973965344 0.12064843893943605 0.005489673268220259 -0.08143062578277932 0.0061153060168280798 -0.044223439761900657 0.054540870628555421 0.04504873645734106 -0.036506395505928518
leaf_weight=44.023477478185669 1.2509448302444073 7.1794421179220071 723.14465841813944 8612.9711715411395 132.18885520962067 2.3947404262144119 2.2086424315348268 17.02348943031393 217.61835843557492 1.6194708384573453 1.8554039609152821 71.431047208840027 1.0000009736977507 1.5447316956706334 3.5034282624255857 41.314717805478722 2.3865230139344922 8.5455329848919046 2.1344301474746317 41.653899210155942 1127.8584353947081 173.67475792043842 27.995014494284987 1966.9025191608816 22.082000977359712 95.257872570306063 16.413488340564072 74.362343209795654 56.745830335654318 154.75572596210986
leaf_count=4818 79 115 9391 104078 9024 209 237 3873 12642 126 119 10296 71 105 560 2131 63 465 136 4551 12538 7033 450 29186 417 694 277 1207 671 3073
internal_value=-0.000196304 -0.0416198 -9.76266e-06 -0.000563463 -0.0117494 0.0696192 0.302687 -0.0136545 -0.0114833 -0.0360544 0.147369 -0.00277922 -0.0319728 0.0194706 0.00956911 0.0478422 0.139917 0.0804711 0.0310049 0.00761198 -6.47499e-05 -0.00171555 0.00402997 0.00829355 -0.00279999 0.0340609 0.0564741 0.036683 -0.0015036 -0.00356319
internal_weight=13653 51.2029 13601.8 12878.7 549.674 5.85433 3.45959 543.82 526.796 137.798 5.6093 388.998 115.63 44.1986 273.369 55.7502 14.4355 12.049 3.7539 42.6539 12329 8786.65 3542.37 2180.93 1361.44 214.029 118.771 90.7758 1339.36 1282.61
internal_count=218635 4933 213702 204311 44687 525 316 44162 40289 9405 381 30884 15023 4727 15861 3219 1088 1025 262 4622 159624 111111 48513 31814 16699 2628 1934 1484 16282 15611
cat_boundaries=0 1 12
cat_threshold=1851472 16777248 32 128 67108864 16 2097216 0 131072 2097152 0 1073742336
is_linear=0
shrinkage=0.1


Tree=63
num_leaves=31
num_cat=10
split_feature=3 3 3 19 8 21 14 9 3 9 19 14 3 5 3 21 6 3 9 9 16 11 3 19 8 8 16 3 8 9
split_gain=23.4 13.9649 8.77411 7.49887 8.14293 17.8934 7.2063 6.50912 6.07301 7.3829 15.7912 5.75446 5.45696 7.44731 29.9532 28.2066 8.00122 7.89392 12.7011 10.2723 8.62353 7.47431 15.4162 15.8173 14.2873 13.9332 12.0617 12.7945 10.1553 8.72788
threshold=0 1 2 0.18018610030412677 8.5000000000000018 4550.5000000000009 8.5000000000000018 55.549999237060554 3 58.250000000000007 0.049312617629766471 4.5000000000000009 4 5 6 4434.5000000000009 3.5000000000000004 7 72.350002288818374 56.750000000000007 183.50000000000003 -1.0000000180025095e-35 8 0.12085975706577302 9.5000000000000018 5.5000000000000009 1.5000000000000002 9 25.500000000000004 46.649999618530281
decision_type=9 9 9 2 2 2 2 10 9 10 2 2 9 9 9 2 2 9 10 10 2 2 9 2 2 2 2 9 2 10
left_child=-1 6 3 4 5 -3 7 11 9 -4 -11 -2 -10 17 -15 16 -16 19 20 21 -19 22 28 -24 25 -25 -23 29 -14 -28
right_child=1 2 8 -5 -6 -7 -8 -9 12 10 -12 -13 13 14 15 -17 -18 18 -20 -21 -22 26 23 24 -26 -27 27 -29 -30 -31
leaf_value=-0.032721527656106732 0.016374918450645103 -0.0096682079929039048 0.0079036482027841342 0.085369589837614113 -0.041454664006191355 0.22680583882670091 -0.086115447646582452 0.097466336919481922 -0.013180938325325648 0.19843445123778405 0.0061557898839618846 0.092737365364148991 -0.085079969691824978 -0.054347250186556985 0.15757124245724105 0.30500390837477864 0.035422085935327974 0.00086570743620192426 0.061760096026915567 -0.040544874319821983 -0.075171605482294263 -0.014417969703624176 0.006146712343022824 0.037087558810129977 0.014278307089546888 0.18593182530388672 0.017194302004902181 -0.024061831270687038 0.051959300831727596 0.081818515830708413
leaf_weight=203.91710564214736 397.94375035399571 39.526553762494586 643.58612352702767 6.0897610038518897 116.24279110808857 3.4816737247165284 6.4639409433584651 10.648389244219286 304.61912871024106 6.443044368177655 12.671388254035262 10.119298262987284 28.764420538209379 18.14325818605721 7.1128103176597532 5.923963116016238 21.793458310654387 10318.291935207089 34.241953349672258 85.390771558508277 14.936880758614278 838.87952374026645 230.62135037709959 11.217270240187647 25.085054975003004 14.314925782382486 145.56355041498318 67.349038635264151 6.6595385279506436 24.402074706973508
leaf_count=9228 7700 1536 10750 29 4930 86 287 199 8110 154 158 195 584 320 155 93 446 146589 313 1558 383 15866 3562 104 238 131 2847 1915 135 361
internal_value=9.28936e-05 0.000614016 2.55123e-05 -0.0221934 -0.0277002 0.00947523 0.0182362 0.0202827 0.000328062 0.00957811 0.0709686 0.0182686 -0.000181693 0.00016189 0.03446 0.0825241 0.0654787 -2.04262e-05 0.000956358 -0.00683135 0.000755794 -0.00481355 0.00869097 0.0166645 0.0678779 0.120539 -0.00878716 0.0111171 -0.0462587 0.0250015
internal_weight=13660.4 13456.5 13031.4 165.341 159.251 43.0082 425.175 418.711 12866 662.701 19.1144 408.063 12203.3 11898.7 52.9735 34.8302 28.9063 11845.7 10367.5 1478.25 10333.2 1392.86 316.663 281.239 50.6173 25.5322 1076.19 237.315 35.424 169.966
internal_count=218962 209734 201353 6581 6552 1622 8381 8094 194772 11062 312 7895 183710 175600 1014 694 601 174586 147285 27301 146972 25743 4754 4035 473 235 20989 5123 719 3208
cat_boundaries=0 24 47 71 94 118 119 140 164 187 211
cat_threshold=0 2097152 134351362 2048 0 0 4194304 0 0 71565440 65536 0 268435457 8388624 0 0 0 0 8322 2 0 17825793 151008768 2560 0 1073741824 1 0 8192 8454144 268435456 4352 134217728 1048576 425984 2080 134217730 2 0 8388608 0 2147483648 1052672 134381568 4196388 0 276824192 0 536870912 0 5120 268435456 2449473536 144 0 0 134217729 8388608 0 0 67117056 1073741824 16777728 0 1073742088 33816576 67108864 1048576 134268416 0 264 2164293632 17301504 0 128 2048 32768 1048832 131072 100925440 0 16512 0 12582912 4194432 0 0 33816672 512 264 0 2 4096 33619968 0 0 1048576 48 16384 2103300 8462336 121635328 32768 1073807360 18 0 262144 0 1 0 0 67108864 4194304 0 98304 65602 2048 32 184 0 134217732 0 0 0 0 0 0 131072 0 0 545259520 0 16384 0 0 8192 0 0 0 67108864 142671872 5242881 0 0 1024 17039360 0 402653184 0 277381124 1049088 0 256 2560 0 1116160 134217728 553648128 0 0 0 8912896 536870912 32768 134217728 0 0 0 0 262144 0 0 0 268435456 0 0 256 0 0 65536 134217728 0 0 0 0 0 536870912 134283264 4194305 0 0 0 16777216 0 0 0 4 1048576 0 0 0 0 1114112 0 536870912 0 0 0 8388608 0 32768
is_linear=0
shrinkage=0.1


Tree=64
num_leaves=31
num_cat=9
split_feature=3 3 9 3 3 3 17 10 3 7 8 8 6 19 9 21 6 3 19 11 9 19 21 14 3 11 11 3 11 11
split_gain=23.188 12.8429 9.6504 30.2373 12.8913 9.93255 8.79192 15.6119 8.5258 9.1299 8.89611 8.04622 9.86574 7.86056 10.1154 9.88648 8.88651 12.3687 10.3789 7.79279 9.36352 10.6871 9.06355 7.71161 18.2137 8.44021 7.56841 7.50682 6.93157 8.2726
threshold=0 1 49.850000381469734 2 3 4 176.50000000000003 0.083406638354063048 5 4.5000000000000009 23.500000000000004 12.500000000000002 5.5000000000000009 0.081711579114198699 28.550000190734867 4496.5000000000009 9.5000000000000018 6 0.065830215811729445 108.50000000000001 56.750000000000007 0.044566642493009574 4100.5000000000009 37.500000000000007 7 826.50000000000011 64.500000000000014 8 37.500000000000007 10.500000000000002
decision_type=9 9 10 9 9 9 2 2 9 2 2 2 2 2 8 2 2 9 2 2 10 2 2 2 9 2 2 9 2 2
left_child=-1 6 4 27 -3 19 -2 -8 9 13 11 12 -11 16 -15 26 17 -6 28 20 21 22 -5 -10 25 -25 -16 -4 29 -18
right_child=1 2 3 5 8 -7 7 -9 23 10 -12 -13 -14 14 15 -17 18 -19 -20 -21 -22 -23 -24 24 -26 -27 -28 -29 -30 -31
leaf_value=-0.031706163662401643 0.014930868912906237 -0.017498819227986517 -0.0070869854332728608 0.2065054951621714 -0.028138213240344642 0.011800970557645746 0.020096650629211843 0.21171722675206306 -0.00015900227701172142 0.17158557005925312 0.14145660714857927 -0.018228593812179558 0.014308098517087687 0.086772070469157775 -0.020124558473703147 0.072810071269113305 0.0460041769448667 0.036632556016158911 0.20520359517913347 0.11092783268748672 0.056406170777105691 -0.0030747477558305501 0.023398277621778998 0.026755084152950321 -0.058858597090891973 -0.061897590410334415 0.052712536773872998 -0.049345743674184463 -0.066545034874666217 0.20047622068103085
leaf_weight=214.87725843407679 401.74850389815401 423.36291379085742 133.90882219281048 4.7797349384054524 41.830986044369638 341.5977260399377 12.66370379785076 6.4008662141859523 11297.013744732016 7.0244934400543633 9.9236500144470465 15.61649427609518 9.2277119732461852 11.905962547287343 172.82221094751731 14.062018882483242 30.781419274630025 61.099147867877036 4.7033105399459592 15.416705902665852 106.87600279366598 69.99395458213985 6.2224839585833251 64.822408721782267 62.522058711852878 12.871578861493616 15.549475136213003 60.904198864474893 4.6557820227462789 3.906948985066264
leaf_count=8914 9025 14232 1932 100 1922 5163 336 45 159899 115 174 285 137 103 1487 113 864 1702 94 109 1047 662 171 576 7383 261 165 1219 181 147
internal_value=0.000140035 0.000672905 0.000110027 0.0112026 -0.000558942 0.0230772 0.0176599 0.0844326 6.14869e-05 0.014175 0.0587771 0.0330313 0.0822862 0.00940834 -0.00280563 -0.00807406 0.0272202 0.0111349 0.0648083 0.0405836 0.0369714 0.0113267 0.102946 -0.000447898 -0.0237558 0.0106918 -0.0141121 -0.0220626 0.0480251 0.0634024
internal_weight=13639.1 13424.2 13003.4 739.7 12263.7 544.887 420.813 19.0646 11840.3 403.11 41.7923 31.8687 16.2522 361.317 214.34 202.434 146.978 102.93 44.0475 203.289 187.872 80.9962 11.0022 11437.2 140.216 77.694 188.372 194.813 39.3442 34.6884
internal_count=218563 209649 200243 10403 189840 7252 9406 381 175608 7489 711 537 252 6778 1868 1765 4910 3624 1286 2089 1980 933 271 168119 8220 837 1652 3151 1192 1011
cat_boundaries=0 24 48 70 93 111 135 159 172 192
cat_threshold=537001984 64 64 0 0 1054720 4104 524288 0 541092 0 0 0 8388866 0 1050624 2147483648 0 256 0 32768 268435457 2315272448 4 50331648 1207959552 0 4104 0 0 67108864 8192 403177472 1 1073741824 2048 134217761 0 0 0 33558529 8704 0 67109440 4096 1107298304 524288 65792 142606336 16777479 33554432 516 0 0 1179648 131072 0 0 135266304 2097184 303104 8192 0 0 0 525312 536870976 131076 329728 2097184 268435456 69206016 671088640 128 2415927296 147456 2097152 33554432 0 12288 34816 0 75514880 33554432 0 4 32 2164260864 0 0 1048640 134496256 2097152 2416443392 0 16384 128 0 0 0 2097152 50339840 0 4096 2155872256 1196298 12 0 0 0 2147483648 10485760 524290 2 1049090 0 0 524545 4194304 163840 34635840 0 0 536870912 2064 0 0 16 262144 33554440 0 327712 1081344 2 8 10485760 524288 2 1048578 0 0 524288 0 131072 33554432 0 0 0 0 0 0 0 262144 0 0 0 32768 0 8 0 0 33554560 0 0 0 537919488 0 16785408 0 8192 0 66048 8388608 0 33554432 516 0 0 1048576 0 0 0 1048576 2097152 270336 0 0 0 0 524288 64 131076
is_linear=0
shrinkage=0.1


Tree=65
num_leaves=31
num_cat=1
split_feature=1 9 18 9 12 11 11 16 16 14 9 16 21 16 14 14 16 21 17 11 16 17 14 20 17 11 20 19 16 9
split_gain=7.35893 4.93632 10.6509 13.2273 12.8658 10.526 11.6424 12.1531 10.4002 11.3777 11.9627 10.1149 11.4409 12.8909 10.5693 9.16066 8.32053 8.09114 9.44262 10.2016 7.50626 7.19953 9.18237 20.6929 28.5345 21.1818 16.171 13.6225 13.9332 18.8038
threshold=0 28.550000190734867 -1.0000000180025095e-35 26.250000000000004 1.5000000000000002 586.50000000000011 60.500000000000007 18.500000000000004 80.500000000000014 1.0000000180025095e-35 50.750000000000007 11.500000000000002 3402.5000000000005 19.500000000000004 3.5000000000000004 9.5000000000000018 183.50000000000003 1083.5000000000002 1.0000000180025095e-35 1.5000000000000002 42.500000000000007 30.500000000000004 1.0000000180025095e-35 0.086758032441139235 1.0000000180025095e-35 46.500000000000007 0.068820483982563033 0.090819306671619429 44.500000000000007 24.150000572204593
decision_type=9 10 2 10 2 2 2 2 2 2 10 2 2 2 2 2 2 2 2 2 2 2 2 2 2 2 2 2 2 10
left_child=-1 2 3 4 16 6 7 -3 9 10 20 -11 -13 14 -14 -4 21 -5 19 -19 -8 22 -2 24 25 26 -24 28 -27 -30
right_child=1 5 15 17 -6 -7 8 -9 -10 11 -12 12 13 -15 -16 -17 -18 18 -20 -21 -22 -23 23 -25 -26 27 -28 -29 29 -31
leaf_value=-0.052271598367118643 -0.00033726352077165646 -0.0037180857560146618 0.0098115678866731969 0.087927536663104142 -0.022674244216922993 -0.05802193866390977 0.12982467961308655 -0.045444970333067478 -0.087053031200718445 -0.055648412090686383 -0.031337652228648906 -0.049016273777706537 0.18504944954461916 0.012827934600443555 0.049699434795853342 -0.022703267832105932 -0.071963256455242028 0.017004783191385021 -0.014820748341259824 0.093204626355519293 0.026113010449126547 -0.01014607224768526 0.039580780644102809 -0.001894518036263464 -0.0086928932105426304 -0.041355142339998915 0.095184986580536715 0.10837099657301486 0.018903158651303383 0.31785374340342826
leaf_weight=16.410271088359877 6499.0434152747039 2394.7923047388904 1839.5466085298685 20.481989025138319 252.47401294333395 34.493749290704727 21.311338119674478 71.895648069214076 9.9064601587597263 21.598866130807437 9.6435386948287469 25.385314686689526 7.2688247412443152 238.86965749668889 27.968414393253624 90.932237350032665 15.931465902132912 55.64828315936029 48.130125520052388 25.676257179118693 10.376487108995205 603.74483193608467 174.31734857347328 744.37643782049417 179.96481505443808 55.532443389180116 74.721987394616008 11.186335392296312 42.002495119930245 2.2149631921201935
leaf_count=2724 95702 35730 27781 191 4035 477 253 2475 508 1624 126 337 73 3465 451 3534 427 727 807 479 409 10954 5034 6204 7060 3902 855 169 2143 29
internal_value=0.000465792 0.000567374 0.00155309 7.83024e-05 -0.000431812 -0.00311346 -0.00244633 -0.00493428 0.0140365 0.0167996 0.0661844 0.0104428 0.0152091 0.0211571 0.0776198 0.00828001 0.000236475 0.0295261 0.0202859 0.041063 0.0958633 0.00037362 0.00118962 0.00891611 0.0238199 0.0400743 0.0562643 0.0037295 -0.0080054 0.0338783
internal_weight=13625.8 13609.4 10735.9 8805.45 8655.51 2873.51 2839.02 2466.69 372.329 362.422 41.3314 321.091 299.492 274.107 35.2372 1930.48 8403.04 149.937 129.455 81.3245 31.6878 8387.11 7783.36 1284.32 539.94 359.976 249.039 110.936 99.7499 44.2175
internal_count=218685 215961 170033 138718 136514 45928 45451 38205 7246 6738 788 5950 4326 3989 524 31315 132479 2204 2013 1206 662 132052 121098 25396 19192 12132 5889 6243 6074 2172
cat_boundaries=0 1
cat_threshold=1647892
is_linear=0
shrinkage=0.1


Tree=66
num_leaves=31
num_cat=2
split_feature=1 12 17 17 20 6 7 6 19 17 7 19 6 9 2 6 19 10 9 20 8 8 10 10 7 11 19 16 6 11
split_gain=8.03374 7.52977 9.50287 7.60003 12.7169 14.6241 17.0359 16.3213 7.14131 11.714 7.0701 7.73471 6.58547 9.36584 6.38723 8.638 6.2146 14.5269 9.4973 10.9973 9.4376 8.84804 10.3446 7.76199 12.1785 16.3753 20.0301 11.64 8.38808 13.4443
threshold=0 73.500000000000014 1.0000000180025095e-35 3.5000000000000004 0.013268233276903631 3.5000000000000004 4.5000000000000009 11.500000000000002 0.026476101949810985 44.500000000000007 3.5000000000000004 0.19161307811737063 8.5000000000000018 36.850000381469734 1 9.5000000000000018 0.021319050341844562 0.017059545964002613 34.45000076293946 0.026995739899575714 5.5000000000000009 16.500000000000004 0.03946186229586602 0.014388239942491056 1.5000000000000002 1.0000000180025095e-35 0.017782646231353286 2.5000000000000004 9.5000000000000018 1.0000000180025095e-35
decision_type=9 2 2 2 2 2 2 2 2 2 2 2 2 10 9 2 2 2 8 2 2 2 2 2 2 2 2 2 2 2
left_child=-1 3 -3 16 5 -5 7 8 12 -10 11 -4 13 -7 15 -6 18 -18 19 -2 -20 23 -23 -22 25 -25 -27 -28 -26 -30
right_child=1 2 10 4 14 6 -8 -9 9 -11 -12 -13 -14 -15 -16 -17 17 -19 20 -21 21 22 -24 24 28 26 27 -29 29 -31
leaf_value=-0.036688358108560887 0.037980246454291239 -0.035781212316223165 -0.026086112980022932 -0.06190401122227257 0.037312512951054887 0.018485065447496601 0.35900782431731237 0.40178275410802683 0.39470697429347418 -0.023546968214762667 0.090496022927012462 0.096280489089068222 -0.080676187658892701 0.26558885124390036 -0.0073843979381773327 -0.033310230431652009 -0.050461540234932205 0.00082045880116147097 -0.029534299176484431 0.19473549829065451 0.11111587781871753 -0.0099237045683346105 0.061819689064999628 0.014170647944852397 -0.027000974407855788 0.037022731778219777 0.28148413149595158 0.064613540175608844 0.097267241374241642 -0.086006154364920567
leaf_weight=51.04083540244028 21.546478395932358 122.80883532087319 28.271225494798273 7.2603613086976138 71.02717135194689 8.5660236920230179 2.3070320682600132 1.3864041548222292 1.407765353447757 1.2770478518214075 10.345047384500502 6.32039551436901 4.6198355660308144 1.8684369178954501 2113.1218491079053 22.903845650143921 55.52326837379951 10773.096446332522 53.338201527483761 5.6488251800183198 12.226496387855148 138.92194593790919 23.497282637283206 32.302159412764013 43.864108922309242 13.117320570396261 8.2699502676259709 3.5317725865170351 15.51022829860449 5.3947673817165187
leaf_count=4846 1335 2000 560 555 611 527 165 136 123 112 171 35 424 122 36234 212 9210 143027 3020 163 1887 8793 294 982 1870 485 172 234 451 348
internal_value=-0.000490583 -0.000327626 -0.0213837 -6.50979e-05 -0.00538855 0.0607566 0.102308 0.0713438 0.0455182 0.195762 0.0179637 -0.00372794 0.0187235 0.0627325 -0.00624847 0.0181589 0.000997021 0.000557513 0.0136154 0.0705404 0.00919196 0.0161553 0.000455453 0.0351542 0.0275409 0.0611564 0.122063 0.216584 -0.0021572 0.0499715
internal_weight=13660.3 13609.3 167.746 13441.5 2235.75 28.6929 21.4325 19.1255 17.7391 2.68481 44.9367 34.5916 15.0543 10.4345 2207.05 93.931 11205.8 10828.6 377.17 27.1953 349.974 296.636 162.419 134.217 121.99 57.2212 24.919 11.8017 64.7691 20.905
internal_count=219104 214258 2766 211492 39221 2164 1609 1444 1308 235 766 595 1073 649 37057 823 172271 152237 20034 1498 18536 15516 9087 6429 4542 1873 891 406 2669 799
cat_boundaries=0 1 12
cat_threshold=1877364 0 256 0 0 16 0 0 256 0 0 524288
is_linear=0
shrinkage=0.1


Tree=67
num_leaves=31
num_cat=8
split_feature=3 3 6 14 3 9 7 20 12 7 6 10 6 9 2 1 20 3 20 10 16 20 3 3 13 14 17 11 20 12
split_gain=22 13.5878 20.3681 8.99368 8.1608 9.34828 8.10285 8.65971 15.155 13.6387 7.45995 6.76412 6.60139 6.24124 6.07652 7.32514 7.87712 7.64821 7.65634 7.2292 11.3818 6.90783 27.4819 22.2683 13.7241 16.9435 14.5331 20.5169 14.2667 10.5325
threshold=0 1 7.5000000000000009 3.5000000000000004 2 29.650000572204593 1.5000000000000002 0.047120505943894393 1.5000000000000002 4.5000000000000009 8.5000000000000018 0.029820794239640239 9.5000000000000018 24.94999980926514 3 4 0.0061043049208819875 5 0.038399310782551772 0.018146679736673835 2.5000000000000004 0.017089337110519413 6 7 0.1669246703386307 1.0000000180025095e-35 33.500000000000007 21.500000000000004 0.011620762292295696 3.5000000000000004
decision_type=9 9 2 2 9 8 2 2 2 2 2 2 2 10 9 9 2 9 2 2 2 2 9 9 2 2 2 2 2 2
left_child=11 2 -2 6 5 13 10 8 9 -8 -4 -1 -9 -3 -6 -16 19 18 -18 -17 -21 22 24 -23 25 -19 27 28 -27 -26
right_child=1 4 3 -5 14 -7 7 12 -10 -11 -12 -13 -14 -15 15 16 17 21 -20 20 -22 23 -24 -25 29 26 -28 -29 -30 -31
leaf_value=-0.08101555445796596 -0.0022191836938138293 -0.010361457954212278 0.10557982475386291 0.19765587757891989 0.023915739517920802 -0.023056839468128407 0.060101212122965181 0.11012412658721166 0.38513241615325683 0.28183620929159031 -0.0093447820592338013 -0.025801639874736545 0.018160368063921829 0.11434952727132393 -0.044705429591233414 0.14078147999960366 -0.053192018316866756 0.032346462322308339 -0.0092281498758360093 -0.03052318717744398 0.12179325835161658 -0.047955285985875125 -0.0098622299949957717 0.00029300173174002663 0.10108412215736179 0.13952420130908694 -0.067347966118265296 0.030527279273300442 0.37876073539684313 0.4451600662132541
leaf_weight=24.862558129127137 119.2114131511189 7.5877742215525386 7.1169418934732667 4.492381371324881 95.341625221073627 245.01933962421026 15.884958080947404 11.230677306652067 2.0452457917854181 3.360899227904155 27.368914868915454 206.24179231049493 25.593346133828163 8.517614472890271 26.876131833181717 6.9964086330728632 45.361789938877337 59.133929639821872 312.52451139083132 13.783871035324411 7.6168452710844567 86.421129189897329 144.37678049004171 12087.247301775613 1.941655688453465 4.7201574835926312 2.8278594748117021 5.883631258737295 5.2821741979569197 1.6420297592412678
leaf_count=3974 3418 104 204 114 475 4531 836 108 101 148 650 2529 285 131 4143 887 4612 3466 3192 300 100 5637 12786 164400 116 112 155 565 148 107
internal_value=-0.000486697 5.28924e-05 0.0243486 0.0594764 -0.000364342 -0.0175344 0.0527729 0.0755599 0.126326 0.0988227 0.0143725 -0.0304251 0.0462077 0.0555941 -3.69189e-06 -0.000200194 -7.17778e-05 -0.000188939 -0.0143982 0.0525376 0.0236886 0.000232608 0.0175633 -8.86658e-05 0.0600278 0.0585912 0.141522 0.178703 0.265864 0.258738
internal_weight=13616.5 13385.4 216.305 97.0934 13169.1 261.125 92.601 58.1151 21.2911 19.2459 34.4859 231.104 36.824 16.1054 12908 12812.6 12785.8 12757.4 357.886 28.3971 21.4007 12399.5 225.808 12173.7 81.4314 77.8478 18.7138 15.886 10.0023 3.58369
internal_count=218334 211831 5864 2446 205967 4766 2332 1478 1085 984 854 6503 393 235 201201 200726 196583 195296 7804 1287 400 187492 17455 170037 4669 4446 980 825 260 223
cat_boundaries=0 24 47 71 75 76 100 124 147
cat_threshold=131072 0 0 0 2147483648 0 4194304 524288 65536 549716480 0 256 282075136 12582912 0 0 2147487744 0 37781505 0 134217728 67239937 16778240 4 0 1075839040 2 2056 0 25165824 67633154 256 32768 66 0 0 0 0 0 1610613248 32 262152 384 134217728 68 1073776640 655872 268468224 75497472 8388608 32 0 131072 134480064 128 131072 131080 0 65536 67112960 256 0 0 144 33554432 553648192 0 1050624 33555456 1 512 0 0 0 4194304 9790769 0 16777216 33554432 16 8192 69730304 25165824 83890176 268435456 69760 8 536870912 33555457 32 0 0 0 1024 0 0 2359296 4522048 1073741824 4097 64 0 64 0 0 2049 16384 301989888 0 2300051456 32773 0 0 0 0 0 0 256 0 0 0 2550153728 2518681798 2 64 0 0 0 0 2049 17408 301989888 0 2298478612 32773 0 0 0 0 0 0 256 0 0 0 2550137346 2250506438
is_linear=0
shrinkage=0.1


Tree=68
num_leaves=31
num_cat=10
split_feature=3 3 12 3 11 16 16 11 11 16 11 16 11 21 3 21 7 3 3 3 3 6 19 8 16 19 3 18 3 19
split_gain=22.2603 14.4317 21.6101 8.13294 9.59756 8.47868 7.02455 12.1772 21.4599 8.66897 6.15897 10.4914 8.09578 14.792 6.1446 8.79986 5.90553 51.5181 28.0154 22.371 18.312 18.279 15.273 15.0419 11.7393 11.2608 9.92517 9.75008 10.707 14.2497
threshold=0 1 10.500000000000002 2 -1.0000000180025095e-35 183.50000000000003 56.500000000000007 60.500000000000007 154.50000000000003 11.500000000000002 35.500000000000007 242.50000000000003 27.500000000000004 4113.5000000000009 3 4286.5000000000009 3.5000000000000004 4 5 6 7 7.5000000000000009 0.081711579114198699 18.500000000000004 2.5000000000000004 0.072631742805242552 8 0.33568075299263006 9 0.10673831030726434
decision_type=9 9 2 9 2 2 2 2 2 2 2 2 2 2 9 2 2 9 9 9 9 2 2 2 2 2 9 2 9 2
left_child=-1 2 6 4 -3 14 7 9 -9 -2 12 -12 -6 -14 15 -5 19 21 -19 -16 -21 26 23 25 -24 -23 -18 28 29 -20
right_child=1 3 -4 5 10 -7 -8 8 -10 -11 11 -13 13 -15 16 -17 17 18 27 20 -22 22 24 -25 -26 -27 -28 -29 -30 -31
leaf_value=-0.028199063251904823 0.016229919608369222 -0.047070389517201598 0.14423684165886178 -0.052955494805885663 -0.0030072020477912857 -0.06888741907266166 -0.059904805100137473 0.16509330893486862 -0.0042885335468354517 -0.061394332032448574 -0.05214554235939535 0.11207467164006631 -0.037596482839233537 0.3032363162154661 0.032127296556633898 0.011345255267030228 -0.0092548777002181594 -0.035202525160083591 0.046455695430845885 -0.023584035876955199 -0.00038468717007765057 0.13092652964597129 0.067920934940229286 0.049167059848615476 -0.042609049655129773 0.28627478827971864 0.043215694824939969 0.054641385610313134 0.00081452411986231892 -0.010453098175912836
leaf_weight=264.66010186844505 293.48385431244969 73.44427472865209 13.582170491805298 52.908593032392673 249.57708587439265 17.614994546631351 11.87931736349128 14.756555041298272 15.168558079283683 15.128709121374412 46.83468138880562 4.242674308246932 2.682575090439058 2.4238911020802334 194.85180852073245 35.607262339792214 56.316104088909924 193.42732818168588 122.78312374604866 344.10307954880409 8720.839518670924 30.119835129007697 37.547242313623428 21.553947113920003 12.91403512842953 5.5214946158230296 92.458314086310565 36.417987285414711 2580.7654949801508 68.572540974244475
leaf_count=11672 4209 1717 206 3442 5070 499 244 124 349 314 1699 53 104 135 3729 1342 1129 2765 2815 8555 129037 730 268 490 133 76 1332 494 35316 645
internal_value=-1.81886e-05 0.000560433 0.0199278 3.39844e-06 -0.0142345 0.000442 0.0156783 0.0183305 0.0792364 0.0124246 -0.00681283 -0.0385048 -0.000456929 0.124187 0.000539223 -0.0243395 0.000733997 0.00439607 0.000639514 -0.000553845 -0.00129035 0.0465334 0.079734 0.115113 0.0396341 0.154993 0.0256365 0.00322413 0.00256029 0.024768
internal_weight=13632.2 13367.5 363.999 13003.5 379.205 12624.3 350.417 338.538 29.9251 308.613 305.761 51.0774 254.684 5.10647 12606.7 88.5159 12518.2 3258.4 3001.97 9259.79 9064.94 256.431 107.657 57.1953 50.4613 35.6413 148.774 2808.54 2772.12 191.356
internal_count=218693 207021 5446 201575 8778 192797 5240 4996 473 4523 7061 1752 5309 239 192298 4784 187514 46193 42035 141321 137592 4158 1697 1296 401 806 2461 39270 38776 3460
cat_boundaries=0 24 48 72 96 119 142 165 188 209 233
cat_threshold=67108864 16777216 0 0 0 0 268468736 8912896 0 2147488256 1 0 2 41944064 0 536870912 0 150995968 0 67108871 1024 713031682 65 2 0 0 8390656 0 0 131072 2050 0 134217728 268435456 67584 2080 5120 65792 0 1073741824 135232 335544328 537149442 131072 160 128 8192 65536 0 8388609 2147483648 0 0 0 262160 16777728 65536 1048584 0 268435456 2097152 0 0 2147549184 3 2048 4096 32832 1050624 21005889 0 2560 33554432 0 5120 65568 0 103284736 8413185 67109888 524288 1107296256 2 0 0 32 536870913 0 16 256 0 0 0 65536 1074003972 32 2701131776 524288 134217728 2098688 0 0 67239936 268448000 285212672 0 32768 536870912 2323907104 2048 0 0 0 0 0 0 65537 0 310378624 0 0 0 0 2147483648 25165824 3670016 0 0 128 134610944 16777216 1089664 24577 0 0 2105376 524288 1048704 0 294976 2149580800 67142656 65536 0 0 1048704 0 1090519040 6816000 0 0 32896 134348800 0 537919616 0 0 0 2105376 0 34603392 0 294914 2097152 33792 2684878848 134742016 167772162 1024 0 536903680 0 268448128 0 2097408 0 0 2323644960 0 0 0 0 0 1 65536 65537 16384 276824192 536870912 524288 134217728 1024 0 0 67239936 268439552 16777216 0 32768 0 8389120 0 0 0 0 0 0 0 65536 524288 742391808 33554432 6148 0 32768 134217920 128 2147483648 2097152 128 134217728 256 4194432 0 2048 2147483648 262144 1 65536 0 4096 2164392192 64
is_linear=0
shrinkage=0.1


Tree=69
num_leaves=31
num_cat=3
split_feature=8 20 7 19 19 10 2 9 21 5 21 11 20 19 9 9 6 7 19 19 8 9 20 6 8 7 21 10 20 2
split_gain=6.04174 10.8177 15.6736 15.6872 8.25121 7.30513 15.82 13.9883 11.324 8.51731 13.1608 7.98454 7.94828 9.91663 14.2854 11.1264 10.1594 13.3449 9.74415 17.6425 13.8355 16.1505 13.1831 15.633 8.45877 7.50584 28.071 7.56429 7.42098 11.8797
threshold=1.5000000000000002 0.022142640314996246 1.0000000180025095e-35 0.022321767173707489 0.033760923892259605 0.075332164764404311 0 72.350002288818374 4100.5000000000009 1 3939.5000000000005 108.50000000000001 0.076906669884920134 0.093412287533283248 53.049999237060554 53.049999237060554 7.5000000000000009 5.5000000000000009 0.060463631525635726 0.081711579114198699 11.500000000000002 41.95000076293946 0.047120505943894393 5.5000000000000009 28.500000000000004 1.0000000180025095e-35 4286.5000000000009 0.17451564222574237 0.017089337110519413 2
decision_type=2 2 2 2 2 2 9 10 2 9 2 2 2 2 8 10 2 2 2 2 2 8 2 2 2 2 2 2 2 9
left_child=1 2 3 -1 -4 6 11 28 -9 12 -11 -2 18 14 16 -16 25 -18 22 20 21 -20 23 -7 -22 26 -14 -27 29 -8
right_child=5 -3 4 -5 -6 9 7 8 -10 10 -12 -13 13 -15 15 -17 17 -19 19 -21 24 -23 -24 -25 -26 27 -28 -29 -30 -31
leaf_value=0.50210703967513715 -0.064897650001643076 -0.016007910957615959 -0.011367121745161135 0.037051483047735582 0.17631458659880456 -0.0085155542826103239 0.082295577108806861 -0.012994370041624799 0.15426097303702582 0.011341093636289891 -0.092008663624674317 0.10676212172848683 0.011551634224084992 0.0025695752479228708 -0.008764679868210919 -0.04809870200883825 -0.0186819848319962 0.099767400915056148 -0.018930948215802032 -0.0035222084333253849 0.0087512158934395772 0.064906012445640968 -0.024011353104359891 0.089222546019021257 0.058088924219620967 0.0086664542488503037 0.18928051378099489 0.076073827364532998 -0.0044510403048958159 0.0058561191850381271
leaf_weight=1.4884018052835046 60.837628986220807 378.34525143529754 12.922022635000756 1.4147820238722486 2.8611265668878323 43.488654017448425 12.277878974331541 6.700530445668849 10.225663000717757 23.263244060799479 26.196660745888948 2.8359576029470182 32.075798524543643 6835.3680882705376 1198.0228450810537 76.50746188685298 131.6947974646464 10.251986380666493 27.565372655168176 294.47097332403064 268.79986907914281 138.07809310778975 156.56626669503748 26.238713691011071 39.908847589045763 173.16635724343359 12.292369771748779 18.418340120464563 3321.1490879850462 297.69784694083501
leaf_count=118 3859 5152 1032 113 202 445 1178 97 189 174 234 156 332 50610 13622 1003 1543 91 309 3436 2700 1345 1845 254 393 1984 152 90 99096 26999
internal_value=-0.000184559 -0.0123395 0.0619345 0.275476 0.0226553 0.000179823 -0.00358388 -0.00263991 0.08805 0.00164534 -0.0360998 -0.049481 0.00187829 0.000888972 -0.00606294 -0.0111258 0.0110125 -0.0101271 0.0103355 0.0157041 0.0276395 0.0509544 -0.00790395 0.0282637 0.0151294 0.0237298 0.0607921 0.0151468 -0.00306993 0.0117276
internal_weight=13641.1 397.032 18.6863 2.90318 15.7831 13244.1 3711.72 3648.05 16.9262 9532.37 49.4599 63.6736 9482.91 8487.8 1652.43 1274.53 377.9 141.947 995.117 768.823 474.352 165.643 226.294 69.7274 308.709 235.953 44.3682 191.585 3631.12 309.976
internal_count=218753 6617 1465 231 1234 212136 131574 127559 286 80562 408 4015 80154 69427 18817 14625 4192 1634 10727 8183 4747 1654 2544 699 3093 2558 484 2074 127273 28177
cat_boundaries=0 12 13 24
cat_threshold=4194312 268435728 33685508 33554433 0 2181038082 4194304 524288 2099200 134217728 34080768 33280 42 16778272 2281701376 128 67108864 16 2097728 268435456 131328 1024 2147483648 1073742336
is_linear=0
shrinkage=0.1


Tree=70
num_leaves=31
num_cat=12
split_feature=3 3 3 19 13 20 3 21 3 3 11 16 3 3 16 16 9 21 3 19 20 3 8 21 21 8 3 11 3 21
split_gain=24.5166 15.4147 7.91326 6.55093 7.34861 6.18368 22.2515 33.1412 13.7878 11.8135 10.8156 8.38362 11.2448 8.9199 8.32486 11.4397 8.26193 7.97193 13.262 11.8574 19.4694 14.9453 13.7991 11.8278 7.54326 7.6219 7.48146 15.1528 23.6873 11.4401
threshold=0 1 2 0.060463631525635726 0.0048105851747095594 0.076906669884920134 3 228.50000000000003 4 5 -1.0000000180025095e-35 107.50000000000001 6 7 46.500000000000007 4.5000000000000009 72.350002288818374 4003.5000000000005 8 0.12085975706577302 0.40110553801059728 9 27.500000000000004 3911.5000000000005 4537.5000000000009 18.500000000000004 10 -1.0000000180025095e-35 11 4113.5000000000009
decision_type=9 9 9 2 2 2 9 2 9 9 2 2 9 9 2 2 10 2 9 2 2 9 2 2 2 2 9 2 9 2
left_child=-1 3 -3 -2 -5 6 7 -4 10 -8 -7 13 -13 -11 15 -9 -15 18 19 21 -21 -10 23 -23 -12 -26 -19 28 29 -28
right_child=1 2 5 4 -6 8 9 14 17 11 24 12 -14 16 -16 -17 -18 26 -20 20 -22 22 -24 -25 25 -27 27 -29 -30 -31
leaf_value=-0.035221397427691363 0.051030223874309624 -0.015534213785943716 0.17023895551926468 0.0040144568446636494 0.071352119461556049 -0.045602412249674464 -0.018633906117923579 0.023614618228909662 -0.018118102148797381 -0.028662694336182994 -0.014269800754007585 0.045615759069807041 -0.071238758134819904 0.0027910496756464727 0.099283269352056197 -0.021675766388176795 0.083946571806822315 -0.0063410853168894641 -0.0010870850988194821 0.034819971231385756 -0.0087994959934914758 0.049644310468795333 0.12312112379429879 -0.014000772685745778 -0.014293617602190939 0.069395391767495304 0.069890229040685967 0.0055903552264865829 -0.033333104845275567 0.00054194702475201682
leaf_weight=198.60606839717366 73.689232526812702 359.43424280290492 14.961029224097727 112.00633418606594 18.948168772738427 106.53411090187728 303.30686252564192 352.07864736486226 198.16244951821864 81.055140010779724 477.41504710633308 6.2853454211726785 20.849994045333009 3029.4561780483928 12.492405094206331 66.267501213587821 12.596424292307345 3270.2700314316899 2224.9883437792305 380.55148839764297 139.96170116961002 53.729279954917729 13.135099788196383 63.957122295163572 20.947215444408357 22.648998225107789 35.454529527574778 1612.7971809958108 249.56535539589822 72.29146259650588
leaf_count=5532 2527 7962 92 1167 187 1278 7834 4492 1809 5379 6103 130 1514 102786 174 883 211 30145 17754 2327 592 532 133 709 288 287 238 12915 1826 653
internal_value=-0.00120255 -0.000671788 -0.0011032 0.0259128 0.0137577 -0.000687512 0.00263505 0.0233985 -0.00213709 -0.000112623 -0.0163102 0.00172394 -0.0536145 0.00221027 0.0188425 0.0164405 0.00311685 -0.00104653 0.00299471 0.0135391 0.0230911 -0.00116236 0.0240667 0.0150561 -0.0106337 0.0291843 -0.00341948 0.00145502 -0.0171699 0.0213774
internal_weight=13604.4 13405.8 13201.2 204.644 130.955 12841.8 3899.35 445.8 8942.41 3453.55 627.545 3150.24 27.1353 3123.11 430.839 418.346 3042.05 8314.86 3074.49 849.497 520.513 328.984 130.822 117.686 521.011 43.5962 5240.38 1970.11 357.311 107.746
internal_count=218459 212927 209046 3881 1354 201084 123495 5641 77589 117854 7956 110020 1644 108376 5549 5375 102997 69633 23856 6102 2919 3183 1374 1241 6678 575 45777 15632 2717 891
cat_boundaries=0 24 47 70 91 115 138 157 181 203 225 243 264
cat_threshold=0 512 64 2101248 2147483656 36864 16900 134742016 0 67108864 655360 256 2181038080 8388608 0 536870912 262144 0 273 2 128 1073741826 2560 4096 32768 69206272 2048 1032 0 268435456 2097216 5120 524288 0 65536 0 0 65536 0 0 2097248 268460544 33554432 1 2359302 128 8200 65600 536870912 134217728 0 0 0 1835040 0 67371008 1179648 142606340 67108896 4194432 18432 268435456 0 0 16781312 0 32768 1 1025 16809984 0 50331650 0 0 0 25427968 151126016 0 0 2 1048576 52428800 538968144 9232 0 8388608 24 3080 262152 0 34603008 268435456 16777282 0 0 0 151322624 150994944 8388608 32768 2 0 2183135232 131072 9488 0 8388608 18 134219776 1310728 0 34603008 0 0 262144 1090519040 4194304 1048576 0 0 2147483648 4292608 8192 0 6293512 0 2048 277414144 4194304 0 0 268443649 1610612736 0 67108868 0 262240 134217728 524288 0 536870912 0 0 0 0 2097152 16777216 32768 0 0 131072 0 0 0 0 2147483648 32768 524288 0 32768 32816 17408 69730304 8388608 83886080 0 1073774592 26 0 0 67108864 536870912 4194304 4 0 32768 0 0 589824 4325632 112 16777216 4194304 128 0 0 0 4227072 0 0 0 0 1082130432 8654884 6291465 0 2560 402653185 2181038080 4243456 134348804 6144 32 16777216 4194304 0 0 0 0 0 0 0 0 0 0 8388612 0 0 2048 0 33554432 4210688 131072 4096 32 0 37748736 129 0 0 0 0 0 134217728 0 1056768 1082130432 266276 8 0 0 0 524288 17301504 0 2147500032 0 0 0 0 131072 0 0 0 0 0 0 0 0 0 0 0 0 67108864
is_linear=0
shrinkage=0.1


Tree=71
num_leaves=31
num_cat=2
split_feature=2 11 6 6 11 7 21 16 13 16 16 16 9 21 5 14 9 9 21 20 20 19 20 6 19 21 16 11 15 9
split_gain=6.17646 13.5104 7.88456 6.41263 6.10288 5.81399 9.712 7.42109 8.59737 9.05494 8.18421 11.911 7.23607 23.2118 6.26223 6.09483 6.51725 5.98495 7.14851 6.48368 5.4817 13.3585 7.50363 12.8442 8.63487 7.26368 6.81795 10.7697 5.54489 5.42044
threshold=0 8.5000000000000018 8.5000000000000018 6.5000000000000009 1.5000000000000002 3.5000000000000004 3883.5000000000005 17.500000000000004 0.04341095685958863 13.500000000000002 42.500000000000007 46.500000000000007 28.550000190734867 3976.5000000000005 1 6.5000000000000009 21.750000000000004 24.150000572204593 4373.5000000000009 0.18592240661382678 0.25113768875598913 0.38165868818759924 0.29067090153694158 8.5000000000000018 0.27771845459938055 4193.5000000000009 10.500000000000002 1.5000000000000002 4.5000000000000009 30.150000572204593
decision_type=9 2 2 2 2 2 2 2 2 2 2 2 8 2 9 2 10 10 2 2 2 2 2 2 2 2 2 2 2 8
left_child=1 4 3 -3 29 14 7 8 9 -7 -9 -12 13 -8 -2 16 -15 -18 19 -19 21 28 -22 24 -24 -25 27 -26 -14 -1
right_child=5 2 -4 -5 -6 6 12 10 -10 -11 11 -13 20 15 -16 -17 17 18 -20 -21 22 -23 23 25 26 -27 -28 -29 -30 -31
leaf_value=-0.045626597481754287 -0.0014048879352667467 0.047914198978170681 -0.0033947225003566972 0.12395778450980018 -0.018855193773768923 -0.011987009420525177 0.1200027367490641 -0.072953286270323006 0.036820114670303834 0.081149272568741743 0.1411012576588079 -0.030092198430405882 0.0050398549406371019 -0.02269833854908121 -0.044590463041843692 -0.07294325953419048 0.076765977412002168 -0.035275445426184528 0.067731006931325138 0.055233318866362513 -0.027373423044866924 0.084240030662542043 0.022903405757362851 0.06419879782811036 -0.016084723151681957 0.0054300857788144082 0.0146254838685324 -0.085199592134349439 0.060564084240002161 0.012116064451708064
leaf_weight=17.015736705157906 9651.18773499073 48.659978152252734 22.786087791435421 14.362680391874163 94.407631267327815 389.13633125927299 22.796558844856918 35.945920907193795 44.557767139864154 10.72647880471777 4.8645438421517637 24.702059158473276 2315.9433134073624 31.055875138612464 23.721014441689476 8.2930710776709002 21.225897614844143 27.724596047541127 17.382017267053016 11.077089484781025 120.13665069267154 21.730642780661583 52.665499430149794 42.562063157558441 74.816815964877605 41.574434779584408 33.761474415659904 32.269996590912342 18.1264766670065 364.5938038029708
leaf_count=145 161248 346 184 97 676 5947 280 547 700 129 57 575 40635 402 639 231 265 494 288 64 745 93 263 179 337 196 143 147 313 2663
internal_value=0.000137083 0.01031 0.0470176 0.0652443 0.00390952 -0.00030759 0.00324729 -0.00947738 -0.00484566 -0.00948859 -0.0408978 -0.00192602 0.00549009 0.0277049 -0.00155831 0.00968421 0.0160018 0.0315278 0.0144371 -0.00943704 0.00436422 0.00619765 -0.00649384 0.00254055 -0.0116416 0.0351594 -0.0245585 -0.0369121 0.00547106 0.00954135
internal_weight=13639.8 561.826 85.8087 63.0227 476.017 13078 3403.08 509.933 444.421 399.863 65.5125 29.5666 2893.14 139.555 9674.91 116.759 108.465 77.4096 56.1837 38.8017 2753.59 2355.8 397.787 277.65 193.514 84.1365 140.848 107.087 2334.07 381.61
internal_count=219028 4111 627 443 3484 214917 53030 7955 6776 6076 1179 632 45075 2024 161887 1744 1513 1111 846 558 43051 41041 2010 1265 890 375 627 484 40948 2808
cat_boundaries=0 11 12
cat_threshold=0 0 0 71303168 16 2097152 268435456 0 2048 0 524288 138
is_linear=0
shrinkage=0.1


Tree=72
num_leaves=31
num_cat=6
split_feature=3 3 3 14 16 6 2 8 3 1 8 8 20 20 19 13 16 8 7 10 16 20 8 6 20 19 16 16 6 13
split_gain=25.8838 13.5501 8.2487 7.68623 7.54096 6.3742 6.15532 9.07581 8.60516 6.81661 6.0495 6.80512 6.83269 7.06245 9.93095 9.217 9.13819 7.69409 13.5473 6.38705 6.08622 6.20087 12.9928 7.7391 6.75255 9.23636 5.84119 6.18445 19.1777 5.84023
threshold=0 1 2 85.500000000000014 183.50000000000003 8.5000000000000018 3 9.5000000000000018 4 5 30.500000000000004 19.500000000000004 0.29067090153694158 0.028177761472761634 0.051814123988151557 0.018454465083777908 42.500000000000007 3.5000000000000004 2.5000000000000004 0.031377473846077926 12.500000000000002 0.10704411566257478 21.500000000000004 8.5000000000000018 0.055706653743982322 0.033760923892259605 6.5000000000000009 1.0000000180025095e-35 9.5000000000000018 0.0074280984699726113
decision_type=9 9 9 2 2 2 9 2 9 9 2 2 2 2 2 2 2 2 2 2 2 2 2 2 2 2 2 2 2 2
left_child=-1 10 5 4 6 -3 7 -4 -9 -8 11 12 13 14 15 -2 17 18 -15 -13 21 22 -21 -23 25 -24 27 -7 -29 -19
right_child=1 2 3 -5 -6 26 9 8 -10 -11 -12 19 -14 16 -16 -17 -18 29 -20 20 -22 23 24 -25 -26 -27 -28 28 -30 -31
leaf_value=-0.038356361960787413 0.029547915664861986 -0.031842156974035127 -0.01201917807618799 -0.033299959070718983 -0.065753971456586929 -0.0072383178419941838 -0.042531291792656772 -0.0047400162822950932 0.034324367395409623 0.00012997814942706772 0.11099061876644478 -0.046266610492270391 0.079372702067666889 0.12916446511793525 0.24940344805218442 0.17997375927042461 0.10852247514205629 0.0044499837529577884 -0.030135408540539678 -0.066303697897005298 -0.045836717538813576 0.024823723055845567 0.1653500129249004 -0.054802004523172812 0.15377747889521376 -0.010667967838753923 -0.061683207514863704 0.18746569668330532 -0.0064699028316880462 -0.063161546659631404
leaf_weight=165.39910852350295 37.407214758801274 147.48840992769692 101.98277114937082 68.469874811940826 17.26305016502738 44.852180865593255 27.56771801947616 83.732810109853745 181.0892915953882 12389.339019626845 7.1164225195534518 24.509268252644688 23.600769683718681 12.468072024174036 2.5440095644444218 4.5710227374220258 9.2856946755200607 108.87173596862704 9.335984878940506 6.6470094930846271 16.301102828700095 42.145626775920391 4.396067337132993 17.182800523936749 10.115374317392705 9.2624636599794012 11.817801409983074 7.537330791703428 15.761481294059193 14.474339012522249
leaf_count=7264 1757 3626 797 5814 522 892 5175 588 1332 184730 153 1397 132 166 104 206 172 1484 120 120 256 249 118 107 108 204 413 138 359 201
internal_value=-0.000189397 0.00030798 -0.000225171 0.000115506 0.000294329 -0.0186937 0.00038352 0.0129748 0.0230899 1.11368e-06 0.019174 0.0178666 0.0284993 0.0224646 0.0575545 0.0459278 0.0123485 0.00619596 0.060956 -0.000258248 0.0103747 0.0205844 0.057292 0.00176238 0.0918484 0.0459843 0.00321877 0.0144732 0.0562696 -0.00348405
internal_weight=13622.5 13457.1 13096.9 12869.4 12801 227.457 12783.7 366.805 264.822 12416.9 360.235 353.119 222.559 198.958 44.5222 41.9782 154.436 145.15 21.8041 130.56 106.05 89.7493 30.4209 59.3284 23.7739 13.6585 79.9688 68.151 23.2988 123.346
internal_count=218704 211440 204386 198958 193144 5428 192622 2717 1920 189905 7054 6901 4342 4210 2067 1963 2143 1971 286 2559 1162 906 550 356 430 322 1802 1389 497 1685
cat_boundaries=0 24 48 71 79 100 101
cat_threshold=8390656 2097152 1024 0 0 1082163200 543163396 0 32768 1048832 2176 0 0 10485760 0 1073741824 0 134234112 4096 0 2097153 536870912 1065232 130 67239936 0 8388608 8 0 805441536 0 8389632 524288 136 0 134217728 1 1040 0 2048 2147487746 33554688 16387 2 0 128 2162689 65536 1073741824 0 134221826 0 0 0 32768 8192 65536 0 32768 0 2684354560 65538 32 65536 1 8192 37748736 32836 134250498 167789569 2 0 0 0 4194304 16 2097152 0 256 128 268435456 0 0 0 0 0 0 0 0 0 0 0 256 0 1048576 262144 16777728 536871040 131073 4194304 34893968
is_linear=0
shrinkage=0.1


Tree=73
num_leaves=31
num_cat=7
split_feature=3 3 3 14 3 20 14 9 19 6 20 16 12 21 6 7 3 8 19 1 3 21 6 19 16 20 9 16 16 19
split_gain=19.7184 14.6662 7.73743 11.0704 6.65323 6.95259 7.72486 7.12269 6.59799 6.57358 10.2458 6.39167 6.48759 6.12015 11.9701 5.72792 5.68633 5.57454 5.27436 5.12967 5.72658 8.70677 8.79137 8.51611 7.98408 7.79213 9.34206 7.01936 14.7602 8.47901
threshold=0 1 2 1.5000000000000002 3 0.02555275242775679 5.5000000000000009 33.049999237060554 0.210883304476738 2.5000000000000004 0.023273834958672527 11.500000000000002 40.500000000000007 228.50000000000003 4.5000000000000009 4.5000000000000009 4 11.500000000000002 0.053746230900287635 5 6 4359.5000000000009 5.5000000000000009 0.11382546648383142 11.500000000000002 0.070900615304708495 50.750000000000007 4.5000000000000009 3.5000000000000004 0.14065735787153247
decision_type=9 9 9 2 9 2 2 8 2 2 2 2 2 2 2 2 9 2 2 9 9 2 2 2 2 2 8 2 2 2
left_child=-1 13 3 11 5 6 9 16 -9 10 -4 12 -3 14 -2 18 -7 -18 -5 -6 21 27 -23 24 -24 26 -26 28 -21 -29
right_child=1 2 4 15 19 7 -8 8 -10 -11 -12 -13 -14 -15 -16 -17 17 -19 -20 20 -22 22 23 -25 25 -27 -28 29 -30 -31
leaf_value=-0.030152276989409161 0.13750655282250543 -0.020882851358371521 0.0099183393113977635 -0.0037805241850296014 -0.034452467660274336 -0.021046049962953575 -0.10164161506025478 0.00056189910383840048 0.062603689036047627 0.040403708916618548 0.23578364341219804 -0.072897743131503837 0.090848377949576453 0.0153516372525764 0.0071353924509439436 0.11858213086292346 0.015965012590320266 0.10723462834291989 0.075403505462065895 -0.00031283433251701355 0.00080255376756758969 -0.067999608958787636 -0.045655641381178218 0.0057937364926357038 0.31151322337994936 -0.036482361698062328 0.027783576065197099 -0.053780280377082761 0.092899886918508978 0.0029559056352180691
leaf_weight=199.84505233482923 12.31534429267049 249.02608754171524 3.5239548829849792 35.488000550540164 32.933354163891636 10.603050370700656 3.2773356087272978 347.70538221625611 18.030118182301521 40.3613906360697 4.6698637283407152 23.653260299237445 5.3075352119049048 442.80823198205326 16.449200754985213 6.0293241097824639 9.856296512763949 20.844691447913647 11.025294559542088 568.96825590054505 11178.621021525702 38.232030698796734 88.89901810628362 95.319754686206579 1.9118119392078368 5.2373781446367502 2.9528362822020409 52.963204335304908 17.510802863165736 52.402042914181948
leaf_count=6097 108 7499 179 1391 4064 163 493 5287 117 1400 96 1536 142 9969 158 110 112 224 187 8112 164415 607 2365 689 62 63 228 2008 189 380
internal_value=0.000265041 0.000740737 0.000102229 -0.014772 0.000503987 0.0121927 0.0469525 0.00806591 0.00362045 0.0569821 0.138645 -0.0231754 -0.0185512 0.0178761 0.0629529 0.0268763 0.0474292 0.0587855 0.0149889 5.23519e-05 0.000174608 -0.00734639 -0.0241654 -0.0155411 -0.0360826 0.0481609 0.13929 -0.00179914 0.00247027 -0.0255633
internal_weight=13596.8 13396.9 12925.4 330.53 12594.8 458.872 51.8325 407.04 365.736 48.5552 8.19382 277.987 254.334 471.573 28.7645 52.5426 41.304 30.701 46.5133 12136 12103 924.397 232.553 194.321 99.001 10.102 4.86465 691.844 586.479 105.365
internal_count=218450 212353 202118 10865 191253 8071 2168 5903 5404 1675 275 9177 7641 10235 266 1688 499 336 1578 183182 179118 14703 4014 3407 2718 353 290 10689 8301 2388
cat_boundaries=0 23 47 71 95 108 109 132
cat_threshold=192 134218241 65536 0 2147483656 0 0 268960000 0 16908288 0 65536 536870912 8454144 0 1048576 0 53760 37781520 0 0 2 68174850 536870912 64 0 1032 0 0 4194304 12288 0 272633856 0 16777216 2149585408 16384 0 1073741824 2097280 2147745792 0 32832 262144 2097152 136314889 33024 2181038080 18875392 0 0 0 147456 2162704 0 0 64 134217728 0 67109888 128 1073741824 0 0 0 2 134217728 6 41950337 100352 3072 268435456 268959744 8388608 4096 0 1 67110977 128 294912 1 6144 0 8448 4195328 0 0 0 2304 270336 196608 33792 1074790400 524288 512 0 524288 0 0 0 0 0 0 0 0 4096 0 8192 1389937 67141632 2 1049600 144 0 547619328 268959744 131072 0 34078720 0 1073741856 12583040 516 0 0 12288 67108864 1 0 1048576 0 96
is_linear=0
shrinkage=0.1


Tree=74
num_leaves=31
num_cat=6
split_feature=3 3 3 19 21 20 15 8 21 3 12 6 17 6 2 20 8 9 21 21 7 12 3 8 20 21 20 20 6 9
split_gain=17.3222 13.0081 7.41231 7.04602 7.25461 7.67422 6.83036 6.77165 6.7653 6.43674 6.67631 9.19009 8.86232 6.04617 5.83447 5.83741 9.36709 5.8197 5.59058 6.34287 7.04394 6.50759 6.44839 7.13745 6.92242 5.34517 5.25713 9.43014 7.61796 7.63826
threshold=0 1 2 0.19161307811737063 4166.5000000000009 0.25113768875598913 1.0000000180025095e-35 29.500000000000004 891.50000000000011 3 1.5000000000000002 5.5000000000000009 -1.0000000180025095e-35 9.5000000000000018 4 0.063091341406106963 15.500000000000002 61.350000381469734 4578.5000000000009 4222.5000000000009 5.5000000000000009 8.5000000000000018 5 9.5000000000000018 0.086758032441139235 4481.5000000000009 0.047120505943894393 0.086758032441139235 9.5000000000000018 28.550000190734867
decision_type=9 9 9 2 2 2 2 2 2 9 2 2 2 2 9 2 2 10 2 2 2 2 9 2 2 2 2 2 2 10
left_child=8 3 6 7 -5 -6 17 18 -1 10 -4 -12 -13 -7 15 16 -11 -3 19 21 22 26 23 24 -21 -25 28 -28 29 -2
right_child=1 2 9 4 5 13 -8 -9 -10 14 11 12 -14 -15 -16 -17 -18 -19 -20 20 -22 -23 -24 25 -26 -27 27 -29 -30 -31
leaf_value=-0.013958759302463633 0.056524707825895332 0.012048031459483155 -0.019487817417854495 -0.020330835906055233 -0.018531410340612574 0.055304798651630641 -0.043425284568994083 -0.035585878794620378 -0.050509690829346865 0.12067788429442253 -0.032833474396086221 0.14785768070896532 0.010708884599266687 -0.0073750115085072388 -0.0010920634559111208 0.0094598969209366453 -0.014455964418533186 0.090107916361958751 0.090133445089669764 0.18773364474936569 0.12651582477156287 0.11010783094909618 -0.028366766030887083 -0.03543994228710292 0.023477781006021159 0.056430803439591129 -0.0093985186120414312 0.039284937534240144 0.13192152348684369 -0.052350931233469435
leaf_weight=115.95055944542401 37.672462621703744 487.6143978004111 308.24488578969613 92.499877989292145 38.676475256681442 51.353337746113539 21.948980575194582 18.228861422510818 89.903603156213649 12.247461603255944 14.328368272283113 8.6604006417328474 10.33310345746577 21.974942296743393 11693.700401414186 273.52139476127923 8.8260850687511248 9.741727303946389 13.463377759093417 4.7675315646920335 4.238749587442725 10.412474286742507 43.617392984684557 15.851061352994295 5.5556902810931206 10.5466572700534 65.100734247360379 102.33088735491037 10.634599204873664 7.7732325615361324
leaf_count=1402 1621 12982 6107 482 258 315 566 383 4710 289 292 126 249 122 181281 1517 225 180 223 164 107 187 1900 389 59 139 1003 674 472 381
internal_value=-0.000432769 2.01035e-05 -0.000632245 0.0148749 0.000394568 0.0175108 0.0109567 0.0237557 -0.0285356 -0.00112883 -0.0144675 0.0276309 0.0732441 0.036521 -0.000737046 0.0129283 0.0640807 0.013577 0.0270143 0.0243462 0.000876997 0.0328317 -0.00575186 0.0226634 0.0993354 0.0012651 0.0292317 0.0203558 0.0557312 0.0379021
internal_weight=13609.7 13403.9 12849.2 554.698 204.505 112.005 519.305 350.194 205.854 12329.9 341.567 33.3219 18.9935 73.3283 11988.3 294.595 21.0735 497.356 331.965 318.501 84.5771 233.924 80.3383 36.7209 10.3232 26.3977 223.512 167.432 56.0803 45.4457
internal_count=218805 212693 203814 8879 1177 695 13728 7702 6112 190086 6774 667 375 437 183312 2031 514 13162 7319 7096 2758 4338 2651 751 223 528 4151 1677 2474 2002
cat_boundaries=0 24 48 71 95 101 124
cat_threshold=192 1610612736 33685504 2048 8192 134217728 160 0 65536 67108896 4 0 1 8388608 0 0 0 33280 16793736 196608 4096 16809984 1048720 1024 545390592 16777216 2048 2097152 0 131072 67586 131456 262144 1081344 65536 0 1064960 1048576 0 0 8352 0 4352 0 1 0 136454144 65544 2181038080 134217728 2 5120 268435456 2684403712 3146048 0 269090816 4194312 0 0 65538 2097152 0 2048 0 167772160 0 0 2099200 134219776 66048 285212672 525312 0 32 0 0 67108865 25166848 32768 2147491842 8388608 0 335545472 32 0 536870916 0 268437504 0 0 138444800 5121 268435456 32768 0 2281701376 0 71303168 0 2097152 0 16777216 0 2097152 0 0 0 131200 0 1048576 65536 0 0 0 0 0 0 0 0 0 0 0 134217728
is_linear=0
shrinkage=0.1


Tree=75
num_leaves=31
num_cat=7
split_feature=3 3 16 9 21 14 3 7 3 19 16 13 3 10 17 19 16 19 9 16 3 21 21 19 13 9 16 19 18 2
split_gain=19.319 16.6973 17.3195 11.8665 7.47052 9.8054 7.39984 14.1236 10.0857 9.9718 15.5167 8.53462 12.123 9.5254 7.04832 7.79102 6.82646 7.06984 6.59834 6.58535 6.54286 8.68542 9.41328 7.16427 9.03198 8.06237 6.76888 8.48677 6.38996 6.2907
threshold=0 1 34.500000000000007 35.850000381469734 4481.5000000000009 2.5000000000000004 2 1.5000000000000002 3 0.037208344787359245 3.5000000000000004 -1.0000000180025095e-35 4 0.047626268118619926 143.50000000000003 0.08464811742305757 10.500000000000002 0.19161307811737063 47.649999618530281 2.5000000000000004 5 228.50000000000003 1083.5000000000002 0.14065735787153247 -1.0000000180025095e-35 26.94999980926514 2.5000000000000004 0.090819306671619429 -1.0000000180025095e-35 6
decision_type=9 9 2 8 2 2 9 2 9 2 2 2 9 2 2 2 2 2 8 2 9 2 2 2 2 8 2 2 2 9
left_child=4 2 3 -2 16 -6 7 8 19 10 -9 12 -11 -13 -5 -16 -1 -18 -14 -3 21 26 -23 25 -25 -24 27 -8 -10 -22
right_child=1 6 -4 14 5 -7 20 9 28 11 -12 13 18 -15 15 -17 17 -19 -20 -21 29 22 23 24 -26 -27 -28 -29 -30 -31
leaf_value=-0.025808948179619054 0.078027291012095046 0.037400539766096551 -0.050680538019681212 0.017642149050305672 -0.027103569297881047 0.08244553780589399 0.11982171503352423 0.11241867581958852 -0.056873428526913787 -0.022246441136838494 -0.049580576820368004 -0.057983886440489088 0.11712574549413031 0.070131694802392924 0.018649979929204873 0.1575551371008338 -0.083350922682867562 0.083042524364711878 0.027367297618466416 -0.040975558217211841 0.01476361444521831 -0.04315268163770325 0.088724098419958 -0.0047881763377303974 0.061752258251050865 -0.020444977696578957 -0.027894293293805123 0.0082825538223249753 0.02185725186268668 -8.8491707328723835e-05
leaf_weight=186.7742698796792 41.352947131730616 48.348850719630718 30.646363495849073 302.12319226097316 20.561709706438705 13.557896400336174 12.873695708811285 28.570419019088149 51.931350908824243 64.628110990393907 7.4553971891291431 6.6230382437352082 10.00294606015086 46.891280702315271 8.4033985584974307 7.7728587705641976 36.472590776742436 2.745740368962287 45.188503534067422 13.774688433157278 282.21951069193892 98.127288052230142 6.9668821704108268 69.424410548061132 28.887073207646608 233.37556484562811 12.580601692199705 14.510638799518345 12.862085413653402 11843.547308257082
leaf_count=5608 572 819 769 4800 825 134 98 1090 1370 1192 558 268 143 652 186 63 1546 20 722 388 1671 2036 198 443 192 7655 109 133 305 184227
internal_value=0.000295831 0.000831547 0.0209468 0.0276326 -0.0261816 0.0164273 0.000209063 0.0146307 -0.0112557 0.0310223 0.0788936 0.0210727 0.00624339 0.0542759 0.0210854 0.0853953 -0.033773 -0.0717014 0.0369418 0.0172461 -0.00018705 -0.0115552 -0.0158804 -0.00797806 0.0147635 -0.0172805 0.0328239 0.0607184 -0.0357302 0.000269062
internal_weight=13589.2 13329.1 390.299 359.652 260.112 34.1196 12938.8 336.277 126.917 209.36 36.0258 173.334 119.82 53.5143 318.299 16.1763 225.993 39.2183 55.1914 62.1235 12602.5 476.746 436.781 338.654 98.3115 240.342 39.9649 27.3843 64.7934 12125.8
internal_count=218792 210659 6390 5621 8133 959 204269 7507 2882 4625 1648 2977 2057 920 5049 249 7174 1566 865 1207 196762 10864 10524 8488 635 7853 340 231 1675 185898
cat_boundaries=0 24 48 72 95 118 141 150
cat_threshold=33554432 620756992 0 0 0 272629762 16384 0 134348800 128 1 0 37752832 75505664 0 0 2415919105 67403776 16 0 65536 2420113408 8320 64 0 320 2048 12 0 134348800 335544321 0 0 33555456 294912 16777216 33 0 0 2048 134348800 34086912 33554432 524800 2097154 0 117440512 65536 16777216 33554432 2 2178 2147483648 0 524384 0 0 272633858 65536 2080 0 2097408 0 0 2097152 2147483648 0 32832 5243905 128 2415984640 2 0 33554432 0 128 2147483648 0 524384 0 0 4096 0 0 0 2097152 0 0 2097152 0 0 64 5242880 0 65536 0 33554432 0 2176 2147483648 0 64 0 0 268435458 65536 2048 0 0 0 0 2097152 0 0 0 1048577 0 2147549184 536903680 0 0 0 0 4 131072 0 0 2048 0 8 2493775872 4259842 0 2147483648 4096 134217728 0 2 32 33817665 512 0 0 0 71303168 16 0 268435456 0 2048
is_linear=0
shrinkage=0.1


Tree=76
num_leaves=31
num_cat=3
split_feature=1 15 21 2 16 16 6 20 12 6 19 19 20 21 1 21 7 16 7 20 10 16 19 19 8 6 18 19 21 20
split_gain=6.48675 6.12853 6.09996 5.7056 7.84745 6.84636 4.98575 10.7194 8.50688 8.39866 13.0457 9.01234 6.26437 6.25833 5.74496 6.38737 7.40435 5.32144 5.25015 4.99418 11.159 6.86629 6.37756 5.4199 4.95497 4.41622 4.35236 4.29934 8.31658 19.1935
threshold=0 10.500000000000002 1.0000000180025095e-35 1 183.50000000000003 56.500000000000007 5.5000000000000009 0.051129089668393142 -1.0000000180025095e-35 9.5000000000000018 0.081711579114198699 0.081711579114198699 0.16571567207574847 1083.5000000000002 2 684.50000000000011 2.5000000000000004 1.5000000000000002 2.5000000000000004 0.25113768875598913 0.13585697114467624 2.5000000000000004 0.16769862174987796 0.060463631525635726 12.500000000000002 10.500000000000002 0.59196615219116222 0.18018610030412677 4038.5000000000005 0.25113768875598913
decision_type=9 2 2 9 2 2 2 2 2 2 2 2 2 2 9 2 2 2 2 2 2 2 2 2 2 2 2 2 2 2
left_child=-1 2 -2 5 27 6 19 18 14 10 -10 25 -12 17 -9 -16 -17 -13 -8 20 23 24 -21 -4 -22 -11 -3 -5 29 -29
right_child=1 26 3 4 -6 -7 7 8 9 11 12 13 -14 -15 15 16 -18 -19 -20 22 21 -23 -24 -25 -26 -27 -28 28 -30 -31
leaf_value=-0.043449834694465478 0.048331334402177309 -0.059828664343316032 0.015072931118183738 -0.0016176851027835456 -0.065095202099451313 0.060731871088823088 0.15056458879329671 0.026143624901129092 -0.0083534230022892751 0.09475331395819471 0.098038029608492325 0.020406001974025673 0.041051242880074862 -0.05502014357550547 -0.081957434936924159 -0.055649418754905172 0.033459766004118006 -0.043740071650931099 0.034633147991378774 -0.070345943627792493 -0.021940189054160855 0.069473199569463281 -0.0035322705483587982 -0.039531751656137204 0.031714820644405763 0.015084627434115117 0.018524699262002831 0.020477084167362661 -0.0014415231847443686 -0.0034215623739860439
leaf_weight=24.738116110907868 25.98891104478389 28.482872503809631 26.514259731862694 9479.8390993176727 18.846624546451494 24.839051257353276 8.2502391762100142 16.881202068179846 44.22838875092566 12.222236575558783 27.129803260788321 45.347331289201975 66.751702569425106 27.477831318974495 20.111475737765431 19.056377820670605 18.260026445612311 18.092528119683266 7.4191801811102769 22.857034131884575 28.16192140430212 27.592921525239944 38.10064209997654 57.810580256395042 44.264311395585537 16.153941983357072 9.4386912947520596 678.8735426934436 2083.7224925067276 665.47459528967738
leaf_count=5274 189 425 368 187803 597 186 156 97 337 112 193 302 318 136 174 125 113 116 138 112 141 128 173 628 221 146 167 4388 12353 3114
internal_value=-0.000292105 -0.000181586 -6.95368e-05 -0.000162409 -0.000613876 0.00915003 0.00714265 0.0148499 0.011032 0.0196363 0.0364241 0.000200586 0.0575192 -0.0151549 -0.0187731 -0.0311115 -0.0120456 0.00211207 0.0956732 -0.00377193 0.00443312 0.0270241 -0.0285851 -0.0223624 0.0108518 0.0493997 -0.0403265 -0.000520204 0.00251472 0.00864686
internal_weight=13632.9 13608.2 13570.3 13544.3 12926.8 617.523 592.684 347.382 331.713 257.404 138.11 119.294 93.8815 90.9177 74.3091 57.4279 37.3164 63.4399 15.6694 245.302 184.344 100.019 60.9577 84.3248 72.4262 28.3762 37.9216 12907.9 3428.07 1344.35
internal_count=218730 213456 212864 212675 208255 4420 4234 2463 2169 1660 848 812 511 554 509 412 238 418 294 1771 1486 490 285 996 362 258 592 207658 19855 7502
cat_boundaries=0 1 10 11
cat_threshold=1893520 0 0 0 71303168 16 2097152 0 256 2048 35651584
is_linear=0
shrinkage=0.1


Tree=77
num_leaves=31
num_cat=7
split_feature=3 3 14 16 11 3 9 3 20 10 20 19 19 11 19 3 21 12 11 19 3 11 19 20 16 21 9 10 3 9
split_gain=23.8466 13.8328 10.15 14.8495 14.9228 9.97306 9.72983 12.3412 11.8024 12.7347 13.9768 12.5924 11.7474 7.87904 7.35907 12.243 9.06145 8.07464 7.67971 11.813 10.9254 7.5984 7.22694 6.81833 6.74095 6.83142 6.34485 6.33126 6.30104 7.40646
threshold=0 1 2.5000000000000004 59.500000000000007 586.50000000000011 2 24.150000572204593 3 0.076906669884920134 0.021904499270021919 0.063091341406106963 0.11382546648383142 0.15577951818704608 3.5000000000000004 0.12784527987241748 4 4481.5000000000009 10.500000000000002 -1.0000000180025095e-35 0.072631742805242552 5 -1.0000000180025095e-35 0.042680833488702781 0.095389395952224745 4.5000000000000009 4003.5000000000005 67.649997711181655 0.19646377861499789 6 38.45000076293946
decision_type=9 9 2 2 2 9 10 9 2 2 2 2 2 2 2 9 2 2 2 2 9 2 2 2 2 2 10 2 9 8
left_child=-1 2 6 27 -5 26 14 12 9 24 22 13 -8 -10 15 17 21 -2 19 23 -20 -16 -11 -17 25 -9 -3 -4 29 -7
right_child=1 5 3 4 -6 28 7 8 11 10 -12 -13 -14 -15 16 18 -18 -19 20 -21 -22 -23 -24 -25 -26 -27 -28 -29 -30 -31
leaf_value=-0.028353459009773152 0.029051419546314679 -0.018359874380534848 -0.042322586322431494 0.21146161990287804 -0.02132280470452684 -0.026668420942351001 -0.060281458456740537 0.11551801850742048 0.026206715681083261 0.12714455224278878 0.08498559363050906 0.082843915888311206 0.099262040377488314 -0.074710240033469724 0.071640630332055713 0.00055061904437109265 0.094009517722821775 0.16281474223813819 0.028420892920626623 -0.050659652966879777 -0.021706881701470303 -0.0053328898420506744 0.29343821809310644 0.12468068699363505 0.19142945778095111 -0.02815447954403907 0.11637808667965861 0.10352524823819086 0.00014121280123639826 0.022750813499151763
leaf_weight=277.68011085456237 110.8493021405302 342.07828939461615 65.766166456625797 5.2426910698413831 5.8009636914357543 35.011664800345898 21.360782859381292 4.5576329883188071 21.873399179428816 4.3055663555860537 18.109265256673098 26.210969172418118 5.8870717585086814 11.970376636832951 18.804469596594572 18.060635279398415 22.251867234706879 4.7043501297011963 88.029611011734232 68.510203741490841 69.190408962313086 40.327377937734127 6.6494612884707749 5.8611794412136069 2.3706050785258403 12.084967178292571 3.5310291831847271 3.1174817234277716 12046.708390039275 226.61159540491644
leaf_count=6095 3493 10425 3708 95 134 953 410 145 205 174 164 186 47 117 127 415 157 132 1115 716 1197 272 102 44 116 538 56 14 180589 6680
internal_value=0.000132016 0.000746767 0.0147291 -0.0184633 0.0891856 4.33308e-06 0.0195408 0.0430252 0.0552605 0.0972952 0.138922 0.0308109 -0.0188815 -0.00948711 0.0124217 0.00636189 0.0396147 0.0317495 -0.00640423 -0.029535 0.00678738 0.0191454 0.228081 0.0309642 0.0336633 0.0111907 -0.0165057 -0.0357219 0.000480946 0.0155432
internal_weight=13593.5 13315.8 661.897 79.9273 11.0437 12653.9 581.97 135.38 108.132 48.0775 29.0643 60.0547 27.2479 33.8438 446.589 365.206 81.3837 115.554 249.652 92.432 157.22 59.1318 10.955 23.9218 19.0132 16.6426 345.609 68.8836 12308.3 261.623
internal_count=218621 212526 13823 3951 229 198703 9872 2204 1747 1239 440 508 457 322 7668 7112 556 3625 3487 1175 2312 399 276 459 799 683 10481 3722 188222 7633
cat_boundaries=0 24 48 72 95 118 142 165
cat_threshold=0 768 33554432 0 0 50331648 16777216 0 0 32784 1073741824 32 16384 69206016 0 0 2550136898 1073741824 128 131076 2097152 1613758592 268435456 192 402653184 1073741824 12582912 2 0 268697600 134217728 4194304 0 268435456 32768 256 2155884576 2064 0 1073741824 0 16384 16777216 66048 1049604 0 33587328 256 0 69206016 0 2049 8 32768 32776 268959744 65536 2164260865 790528 16777216 35651584 8388608 0 0 0 256 2 0 329792 16777216 8 1024 0 1073741824 0 2 0 0 134217728 0 0 0 0 256 2155884544 0 0 0 0 0 0 0 4 0 32896 134217728 1073741824 0 2 0 268435456 134217728 4194304 0 0 0 256 2147487744 2048 0 0 0 16384 0 65536 1048580 0 32896 0 0 12582912 0 0 262144 0 0 0 268435456 0 0 0 16 0 1073741824 0 0 0 512 0 0 0 256 64 134217728 0 2097152 0 537002496 4194305 0 0 5259776 0 8 1048576 0 0 65536 33689616 302034944 32768 0 1 41949696 4096
is_linear=0
shrinkage=0.1


Tree=78
num_leaves=31
num_cat=9
split_feature=3 3 9 3 7 3 20 8 19 8 9 20 8 7 14 3 3 3 11 8 3 6 9 10 6 8 9 11 9 3
split_gain=25.7538 10.6577 11.2447 9.72725 7.71825 7.48029 9.73368 20.9607 7.99239 8.23067 9.68999 7.1347 13.2954 10.1405 6.59376 27.0999 15.7032 13.9401 14.321 12.4841 15.9715 21.3015 12.5088 11.4368 13.4524 13.5717 10.5536 9.97337 9.64262 16.612
threshold=0 1 34.049999237060554 2 4.5000000000000009 3 0.051129089668393142 28.500000000000004 0.030056720599532131 24.500000000000004 38.45000076293946 0.033993851393461234 18.500000000000004 1.5000000000000002 2.5000000000000004 4 5 6 17.500000000000004 9.5000000000000018 7 3.5000000000000004 30.650000572204593 0.017165329307317737 9.5000000000000018 13.500000000000002 32.549999237060554 64.500000000000014 34.95000076293946 8
decision_type=9 9 8 9 2 9 2 2 2 2 10 2 2 2 2 9 9 9 2 2 9 2 8 2 2 2 10 2 8 9
left_child=-1 2 11 -3 5 -4 7 8 -7 10 -10 12 -2 -13 17 -16 26 18 -5 20 21 -18 -23 -20 -25 -26 27 -17 29 -21
right_child=1 3 4 14 -6 6 -8 -9 9 -11 -12 13 -14 -15 15 16 19 -19 23 28 -22 22 -24 24 25 -27 -28 -29 -30 -31
leaf_value=-0.034496943066460513 0.013939262542655723 -0.015216963905765655 -0.0045051986701735939 0.0092814713350901201 0.043418333622296967 -0.033291162356131297 0.0079026882803528778 0.30154354507438264 0.024083022247713581 0.19841631251475983 0.21162294122947156 -0.018394130801511893 0.2923601243341668 0.081595770105246157 -0.030011368248698118 0.14097030120725079 -0.022974891880297499 3.313605603845107e-05 0.22279618735911663 0.022129738792868586 -0.011987111832078736 -0.035875356452549072 0.068087437598844475 0.020301871350212757 0.21672573473733886 0.020446096506621349 -0.023305386178389065 0.03736430606264407 -0.0020634338753942249 -0.049216154780244249
leaf_weight=204.14003999670967 3.4076186725869766 403.60748522507492 288.85156440199353 979.37433321622666 59.714974748902023 10.042596957879139 108.17503423430026 3.4266158775426439 21.540997708914809 4.2707954510115078 3.1591463410295537 16.168041051365435 3.4532372870016843 27.21496417070739 343.88314001867548 18.490009415894747 44.194177462719381 10015.86826647853 3.9709377745166412 42.006001224508509 118.34710587793961 12.87315015401691 114.62144058197737 44.491173642454669 8.1285076515050587 6.2172025342006227 10.821636835113166 18.675748096778989 547.99904329574201 106.15800773911178
leaf_count=6855 163 8372 4678 27604 837 544 1502 118 678 125 111 230 105 318 18077 168 689 129780 150 644 2287 152 1573 1199 169 187 126 167 9832 1382
internal_value=-9.1469e-05 0.000458522 0.01397 -0.000130071 0.0096856 0.00510197 0.0223424 0.0644121 0.0435845 0.070233 0.0480694 0.059317 0.154075 0.0443314 0.000371399 -0.00615101 0.00205327 0.00118457 0.0121336 -0.000911612 0.0165103 0.0348238 0.0575903 0.0585395 0.0474537 0.131661 0.0526346 0.0889084 -0.00818304 -0.030817
internal_weight=13593.3 13389.2 549.426 12839.7 499.182 439.467 150.615 42.4402 39.0135 28.9709 24.7001 50.2439 6.86086 43.383 12436.1 1378.07 1034.19 11058.1 1042.18 986.199 290.036 171.689 127.495 62.8078 58.8369 14.3457 47.9874 37.1658 696.163 148.164
internal_count=218822 211967 9409 202558 8593 7756 3078 1576 1458 914 789 816 268 548 194186 35097 17020 159089 29309 16559 4701 2414 1725 1705 1555 356 461 335 11858 2026
cat_boundaries=0 24 47 70 93 117 140 163 185 199
cat_threshold=16777216 0 134348800 0 0 1114624 4096 268435456 2147549184 32768 512 8 2 2097152 0 0 0 0 32769 4 1114112 1085276288 33818625 2176 0 673185857 0 2097792 0 163840 16908290 4096 0 4104 134217728 0 1 3072 0 1073741824 268566656 512 16384 0 32 2 67633280 2717909056 256 0 0 2048 0 67633216 524288 0 0 0 65792 16 8388608 0 4 2147483656 101449728 20971520 557056 134217728 272629761 1032 0 671088641 0 512 0 0 16908288 0 0 8 0 0 0 1024 0 1073741824 128 0 16384 0 0 2 67108992 411041792 4 2722121728 4096 0 4 0 131072 16777216 0 0 100663296 3556544 33554692 0 0 0 16777216 0 0 299008 0 0 262144 0 1107296256 0 0 0 0 0 0 0 0 1073741824 0 0 8193 0 65536 0 134217728 64 0 67108869 0 65536 478150656 4 33554432 4096 0 20484 0 0 50331648 5243392 262144 33554432 1048608 33554692 0 0 134217728 268472320 0 0 262274 0 16809986 32768 0 128 0 0 0 0 2097152 301989888 0 1052672 285212672 4259852 8 0 0 0 2048 2 0 0 16416 0 2 0 0 0 0 0 2097152 8192 0 4096 1361051648 525056 16392
is_linear=0
shrinkage=0.1


Tree=79
num_leaves=31
num_cat=11
split_feature=3 3 14 3 14 16 14 6 19 19 14 3 12 3 8 19 3 3 3 6 8 17 8 8 3 3 12 3 20 17
split_gain=22.6903 12.3448 11.8795 11.1079 9.86989 9.77941 9.49103 12.4596 10.9198 5.63005 6.51788 5.39514 7.62766 12.1381 6.75328 6.06454 22.1007 15.3915 14.6258 20.3484 10.5122 9.94232 8.21363 8.095 13.6084 12.5664 11.8685 23.7444 9.12421 9.59045
threshold=0 1 7.5000000000000009 2 48.500000000000007 90.500000000000014 1.5000000000000002 5.5000000000000009 0.081711579114198699 0.044566642493009574 3.5000000000000004 3 -1.0000000180025095e-35 4 7.5000000000000009 0.11382546648383142 5 6 7 11.500000000000002 8.5000000000000018 3.5000000000000004 12.500000000000002 9.5000000000000018 8 9 -1.0000000180025095e-35 10 0.29067090153694158 16.500000000000004
decision_type=9 9 2 9 2 2 2 2 2 2 2 9 2 9 2 2 9 9 9 2 2 2 2 2 9 9 2 9 2 2
left_child=-1 2 5 6 -4 -2 -3 -8 9 10 -9 12 13 14 -5 16 -13 -18 19 21 -21 -17 -23 24 -20 28 27 -27 29 -25
right_child=1 3 4 11 -6 -7 7 8 -10 -11 -12 15 -14 -15 -16 18 17 -19 23 20 -22 22 -24 25 -26 26 -28 -29 -30 -31
leaf_value=-0.02811872320821426 0.020068392100198732 -0.037894106811738042 -0.079341473993266853 -0.045935612832720518 0.12807560951975683 -0.081743071829015634 -0.058443925012792788 0.2366222518495941 0.18593667977704323 -0.037624424168378238 -0.041764965778898266 0.03042173832018201 0.017815450446003561 -0.04267114856136147 0.088478722977639743 0.014534152751583294 -0.017432088934461392 -0.001919467162916266 -0.022854194301511081 -0.0062565438957558357 0.098855841558690538 -0.052217831768526526 0.003445026614134416 -0.026806587629651157 0.0094783206115531728 -0.037040016374177219 -0.0026046066966138974 0.024744441484793944 0.00079945486510740792 0.012298599369673577
leaf_weight=282.15633782919031 504.7365774003556 136.88424005260458 20.138202939298939 4.9349268600344685 2.5891124607296652 9.6142162907635775 10.311568887555042 2.012904307455758 6.2374093178659669 6.5019744262099266 1.4445986262289805 186.08350193989463 324.33945569954813 46.880251021124423 15.409443851560352 683.35432032775134 712.01462886529043 5680.6910753299017 136.34903362765908 12.448125394061206 40.371971579268575 42.490243148058653 70.485675718635321 463.28309476561844 1229.0114963548258 65.720121808350086 2159.1775669800118 378.94330464862287 278.55473336949944 72.533790861256421
leaf_count=7180 10435 4467 810 141 331 228 280 110 45 110 136 1964 6545 978 440 5764 9576 137005 961 108 347 420 684 3349 7796 403 13969 2214 1468 567
internal_value=-0.00055155 5.42205e-05 0.0147642 -0.000575691 -0.0557124 0.0181653 -0.0257142 0.0274798 0.0821821 0.0172028 0.120308 -0.000229653 0.0111759 -0.0191957 0.0374606 -0.000604218 -0.00266677 -0.00367178 0.00180368 0.013815 0.074084 0.0099909 -0.0174898 -0.000356628 0.00615153 -0.00295727 0.00045745 0.0153363 -0.0137126 -0.0215129
internal_weight=13585.7 13303.5 537.078 12766.5 22.7273 514.351 163.393 26.5085 16.1969 9.95948 3.4575 12603.1 391.564 67.2246 20.3444 12211.5 6578.79 6392.71 5632.72 849.15 52.8201 796.33 112.976 4783.57 1365.36 3418.21 2603.84 444.663 814.372 535.817
internal_count=218831 211651 11804 199847 1141 10663 5148 681 401 356 246 194699 8104 1559 581 186595 148545 146581 38050 7323 455 6868 1104 30727 8757 21970 16586 2617 5384 3916
cat_boundaries=0 23 47 69 93 116 140 163 185 206 227 245
cat_threshold=268435456 67109376 0 1032 268435456 2048 65792 0 0 8388608 32768 0 4096 3145728 0 1048576 0 2147484672 536870912 65536 4212736 2214608896 134250752 1073741824 64 33554432 2048 2147483648 0 0 8192 134381568 268435712 65536 201326592 671089712 33619968 0 536870912 1 524288 8192 512 1 0 268566536 264 0 1073741824 0 4 0 147456 520 272629760 2148270080 16416 16385 0 67108864 8388608 0 0 33955840 335562752 0 524288 1048580 553680896 16777216 16777216 0 0 0 0 336068672 4224 67108864 33563714 128 32 16642 256 0 0 8 520 16777472 32768 0 2101248 524801 512 0 0 0 0 0 0 524352 4224 0 1088 128 32 2 0 0 0 0 0 0 32768 0 2097152 1 131072 0 0 512 0 0 32768 0 0 2147483648 134218240 536870912 1048585 144 0 8388608 134217762 0 34930688 134217728 65536 0 4096 32768 0 4194304 4194304 0 0 0 134348816 0 0 0 133120 1350565888 13369344 2048 0 1073809408 0 262144 53272 131138 33792 32 2 33554432 272629760 4194304 2097152 0 0 131072 0 0 0 1048576 276824064 13369344 10 0 1073809920 0 134479872 4247568 131074 263168 32 524288 0 1 0 0 0 0 0 0 0 0 1075838976 129 1 0 0 0 33554432 262272 0 102400 0 2 1 512 0 0 0 0 0 0 0 589299712 8264 16 0 8388608 134217762 0 33554432 67108864 65632 131072 0 0 0 0 0 0 0 0 0 0 0 32901 0 0 0 0 33554432
is_linear=0
shrinkage=0.1


Tree=80
num_leaves=31
num_cat=6
split_feature=3 3 3 19 19 20 20 21 3 9 9 21 12 21 7 21 19 9 3 15 18 9 19 10 19 21 7 13 5 18
split_gain=16.998 12.174 7.7707 7.48663 10.5835 8.41121 15.2317 7.8444 6.01437 9.96755 5.83831 6.60742 6.33334 6.22244 11.4198 7.51407 5.54103 5.52525 5.40111 9.60658 8.67285 6.64212 7.88192 7.71952 7.21452 5.6497 7.01178 7.01213 5.23443 5.22971
threshold=0 1 2 0.15577951818704608 0.210883304476738 0.1250448822975159 0.13898781687021258 228.50000000000003 3 55.549999237060554 32.549999237060554 4419.5000000000009 -1.0000000180025095e-35 3976.5000000000005 1.0000000180025095e-35 4179.5000000000009 0.10177731141448022 23.050000190734867 4 1.5000000000000002 0.022347066551446918 27.750000000000004 0.08464811742305757 0.15987398475408557 0.210883304476738 4419.5000000000009 4.5000000000000009 -1.0000000180025095e-35 5 0.086335405707359328
decision_type=9 9 9 2 2 2 2 2 9 10 10 2 2 2 2 2 2 10 9 2 2 8 2 2 2 2 2 2 9 2
left_child=16 3 10 7 -5 -6 -7 -2 -9 -10 11 12 -3 -14 15 -15 -1 -16 19 20 21 -4 23 25 -24 -23 27 -27 -20 -30
right_child=1 2 18 4 5 6 -8 8 9 -11 -12 -13 13 14 17 -17 -18 -19 28 -21 -22 22 24 -25 -26 26 -28 -29 29 -31
leaf_value=-0.046704722793485677 0.077343265630278532 -0.050272043358461298 -0.048632196117863735 0.10868415683887236 -0.059998363255292543 0.14223367978958745 0.0079642650942167732 -0.0068410829207349979 0.014423698276777622 0.13786499167366489 -0.062097524333303303 -0.080215471221647683 -0.0089399589387509672 0.2382466721073144 -0.012312569861191355 0.018484368506019463 -0.012213671943951935 0.17081441380151069 -0.03520631492899997 -0.097449711634144454 0.13553834943916587 0.013610930721296051 -0.0096786160705368794 0.090557937187717943 0.040012304947188493 0.011709454719207779 0.19142455593118382 0.1272712179446242 0.00014986453468025278 -0.013278783255399114
leaf_weight=100.68181871715933 16.924352508038282 28.319656013278291 17.03090299712494 19.196725763380527 10.097065847367046 11.190044423565267 34.488595624454319 169.01302768941969 262.88683704414871 6.7082705826032898 28.703382727515418 13.583604488172567 102.35958041530102 4.270910574472512 16.58685029309709 2.4474309703800827 86.675690509844571 1.8292863860260684 32.807566216564737 7.8591701944824299 5.805585896363481 122.3504509665072 141.30508913472295 19.104331858456135 36.83460546657443 18.81370246550069 3.6790885427035382 7.2835215216036877 11933.455598481116 297.2332988838898
leaf_count=4839 142 1296 227 154 85 75 419 2320 6294 135 1382 936 2370 198 1168 145 556 118 707 136 85 3493 1275 89 223 623 92 239 183961 4630
internal_value=-5.69815e-05 0.000372757 -0.000245846 0.0150745 0.0446411 0.0225989 0.0408567 0.0105393 0.00796153 0.0168695 -0.0194127 -0.013326 -0.00749463 0.00200731 0.0465898 0.158189 -0.0291904 0.00587755 6.95666e-05 0.0116541 0.0142709 0.0123494 0.0153221 0.0306422 0.00059616 0.0231179 0.0621819 0.0439618 -0.000298659 -0.000176338
internal_weight=13559.5 13372.2 12841.7 530.505 74.9724 55.7757 45.6786 455.532 438.608 269.595 198.101 169.397 155.814 127.494 25.1345 6.71834 187.358 18.4161 12643.6 380.066 372.207 366.402 349.371 171.231 178.14 152.127 29.7763 26.0972 12263.5 12230.7
internal_count=218412 213017 203393 9624 733 579 494 8891 8749 6429 7613 6231 5295 3999 1629 343 5395 1286 195780 6482 6346 6261 6034 4536 1498 4447 954 862 189298 188591
cat_boundaries=0 24 47 71 92 115 116
cat_threshold=69208064 16777216 66560 0 0 541065216 2112 0 0 2097152 0 67584 0 67108881 0 0 128 8704 24576 512 4096 6291456 1076903936 4096 131136 64 33554432 10 268435456 0 4259968 1024 134217728 129 32768 0 543686688 17410 0 0 64 2147483648 16 134217728 4194306 33554432 262144 0 1 0 0 0 294913 16 256 0 135414272 2048 0 33554432 8390656 268435456 2147483648 4105 201588736 32768 32768 0 5121 67109000 256 0 0 0 0 0 0 0 0 0 0 0 0 6815744 0 0 0 0 0 0 0 2 0 1140850688 0 1048580 0 2172649472 285212928 0 786432 8 0 570425344 1 2097152 0 1048576 33685504 18432 128 65536 1024 514 17399808 48
is_linear=0
shrinkage=0.1


Tree=81
num_leaves=31
num_cat=9
split_feature=3 3 21 3 16 21 3 3 3 11 3 20 11 20 21 19 14 9 17 7 11 21 20 20 21 7 9 7 3 3
split_gain=17.9881 14.5001 7.84485 7.79225 6.83156 6.27275 45.5333 14.7512 13.97 11.2902 11.1992 10.7596 10.6161 11.9299 8.7843 8.47811 11.1544 12.8834 11.5034 8.30325 8.28956 7.89413 7.88677 10.3304 7.63469 7.24778 10.5796 9.91085 14.8206 8.39437
threshold=0 1 228.50000000000003 2 24.500000000000004 4496.5000000000009 3 4 5 -1.0000000180025095e-35 6 0.014809350948780777 1.5000000000000002 0.07274292036890985 3989.5000000000005 0.035394687205553062 1.0000000180025095e-35 42.549999237060554 1.5000000000000002 3.5000000000000004 -1.0000000180025095e-35 4193.5000000000009 0.024598307907581333 0.023273834958672527 4328.5000000000009 5.5000000000000009 42.549999237060554 1.5000000000000002 7 8
decision_type=9 9 2 9 2 2 9 9 9 2 9 2 2 2 2 2 2 10 2 2 2 2 2 2 2 2 8 2 9 9
left_child=-1 2 -2 -3 -4 8 11 -8 9 14 15 -7 13 22 19 16 17 -10 21 -5 -9 -18 23 -11 -16 27 -27 29 -29 -22
right_child=1 3 4 5 -6 6 7 20 10 12 -12 -13 -14 -15 24 -17 18 -19 -20 -21 25 -23 -24 -25 -26 26 -28 28 -30 -31
leaf_value=-0.018434853271057969 0.058242822708629099 -0.012584263480863431 0.019113618185648471 0.042059249302480756 -0.028107756297423844 0.13253736850475023 -0.044927653837691546 -0.035240025913683096 0.0089259197880462177 -0.014995204720478064 0.0010382670364324908 0.023635439506868375 -0.023151452032290534 0.033431187662899209 -0.076941008940814154 0.010214114904204454 0.21597439409066418 0.16282362743833262 0.024478094052580002 -0.086298579821579902 0.018552679566633402 0.05262255766911559 -0.040398485428660535 0.13671005084816742 -0.0078140069141629468 0.12407513097138681 0.0071702520745319234 0.0080876746573992683 -0.031790995717235142 -0.015843811439807856
leaf_weight=519.31246325245593 46.379687642678618 480.08818183286348 307.90593688096851 18.69517768104561 34.02192167902831 9.3404871651437116 148.48873590945732 124.2680352916941 61.988384460099041 14.44694397703279 9786.9284438624745 316.11829719366506 198.61571337858913 98.95854827016592 63.0308657893911 496.98155613942072 9.1129976175725478 5.9628270324319592 10.803479822352527 6.8996237724786615 164.07515253685415 4.3804361305665216 52.622706369496882 6.5118520129472008 21.401977230794728 9.5343486559577268 41.159097160678357 135.53665441134945 288.20670911797788 110.79932586778887
leaf_count=8949 403 10100 5305 387 1000 400 3539 1978 2396 643 148906 5748 5365 1009 1161 7766 193 174 399 127 1745 132 1089 105 355 103 449 1912 4579 2473
internal_value=-0.000362516 0.000369195 0.0191566 -0.000220554 0.0144151 0.000275686 -0.00615919 -0.0164807 0.00107459 -0.0154082 0.00185202 0.0259631 -0.00738832 0.0107571 -0.0438619 0.0151253 0.0432239 0.0224307 0.101376 0.00745766 -0.0111916 0.162945 -0.019737 0.0321393 -0.0594187 -0.00735275 0.0291575 -0.010002 -0.019595 0.00478633
internal_weight=13592.6 13073.3 388.308 12685 341.928 12204.9 1347.53 1022.07 10857.3 481.183 10376.2 325.459 371.156 172.54 110.028 589.23 92.2481 67.9512 24.2969 25.5948 873.579 13.4934 73.5815 20.9588 84.4328 749.311 50.6934 698.618 423.743 274.874
internal_count=218890 209941 6708 203233 6305 193133 22926 16778 170207 10241 159966 6148 8211 2846 2030 11060 3294 2570 724 514 13239 325 1837 748 1516 11261 552 10709 6491 4218
cat_boundaries=0 24 48 71 95 109 132 156 179 202
cat_threshold=33554432 0 8388608 0 0 134217728 537137152 0 301989888 262148 134365312 0 1024 1024 0 8388608 2097168 279040 33554496 0 2097152 8192 352321536 65600 0 525312 134219776 2097152 0 65536 270532609 0 134250496 0 0 32 140517376 65538 0 1610612736 2281963520 0 0 0 1049634 1107296256 2097154 256 16777216 4194304 32 1152 0 16384 32896 0 524288 0 32768 2048 536870912 9445632 268435456 65540 32 0 81920 2 32768 4194304 34368 0 16777220 541065344 1049092 0 4 0 2097152 16785408 268435458 4096 67108864 0 16392 0 0 0 0 2 0 0 2155923456 2181562496 4096 2290089984 134217730 2147483649 0 0 0 0 0 0 0 262144 276824064 928 4 0 16777216 4202496 1052672 2147483648 8 17301520 0 67108864 77660160 528384 67108864 0 16416 0 16777216 12288 4096 134217728 0 4 2281717761 134742016 3288465408 136314882 2147483648 8 268437504 262144 0 8448 0 2147501056 1074003968 268435456 41943424 0 0 0 0 0 272 65600 16384 2097664 0 512 268435456 570425344 0 0 268435456 0 4194304 8519680 0 0 0 2097152 1441876 0 0 0 0 524544 0 0 67108864 0 131072 524288 1 16384 0 0 0 0 0 0 0 1056768 35651584 1114136 0 0 0 0 0 0 0 67108864 0 65536
is_linear=0
shrinkage=0.1


Tree=82
num_leaves=31
num_cat=1
split_feature=5 9 6 14 16 16 20 14 19 9 20 8 19 6 16 6 9 8 11 16 8 7 19 6 6 20 6 9 10 19
split_gain=4.69155 3.83434 9.64377 12.111 8.20687 8.1323 7.22022 10.2772 7.45636 7.62941 6.83774 6.78403 7.19028 6.48875 10.8635 16.1855 12.955 10.1203 13.6068 11.5732 10.1897 9.9114 13.6515 10.7329 9.22001 7.38311 7.16538 6.88398 7.22987 6.38451
threshold=0 43.149999618530281 1.5000000000000002 2.5000000000000004 12.500000000000002 17.500000000000004 0.051129089668393142 1.0000000180025095e-35 0.070795580744743361 48.549999237060554 0.047120505943894393 8.5000000000000018 0.11382546648383142 7.5000000000000009 59.500000000000007 4.5000000000000009 34.45000076293946 4.5000000000000009 13.500000000000002 46.500000000000007 1.5000000000000002 5.5000000000000009 0.072631742805242552 10.500000000000002 2.5000000000000004 0.20767211914062503 9.5000000000000018 33.549999237060554 0.12361359223723413 0.055890779942274101
decision_type=9 8 2 2 2 2 2 2 2 8 2 2 2 2 2 2 8 2 2 2 2 2 2 2 2 2 2 10 2 2
left_child=-1 13 3 4 6 -5 10 8 -8 -10 29 -11 -13 14 17 16 -16 18 24 -19 -20 -15 23 26 -2 -26 -23 28 -17 -3
right_child=1 2 -4 5 -6 -7 7 -9 9 11 -12 12 -14 21 15 27 -18 19 20 -21 -22 22 -24 -25 25 -27 -28 -29 -30 -31
leaf_value=-0.031770549385603523 -0.039984994184365512 0.019141488323542694 0.001702653227363138 -0.074090988095059415 -0.051087179540327925 -0.0074808524349724865 -0.036254666755446023 0.029679198875666703 0.066581952360409494 0.01186982807777048 0.11835619463142549 0.0029079281395594466 -0.024841972806020927 -0.013118439696300619 0.22615079246298497 0.12216228097924851 0.049613780446410016 -0.0027399715951850561 -0.018674035549862099 -0.062202239251336888 0.079002225179983496 0.10409010608493004 -0.0036134667706470809 0.18072345232564377 0.005847593103618532 0.078647010471161433 -0.083895715190499501 -0.071767913596695265 -0.026309876322592685 -0.10370693753680393
leaf_weight=36.531459820922464 37.694783589569852 100.5832037916407 10226.823847787804 45.3035809508292 37.785871442756616 30.78268361533992 99.344330144580454 68.50702051538974 13.934486653655766 126.01201745215803 6.6746749579906455 147.03085508197546 255.85878881625831 826.44488956150599 7.3292723709018901 6.0716106513282302 9.6037309633102286 1222.3855293421075 13.58589522144757 33.632409390993416 49.937574485666119 4.6746351597830671 35.939085776917636 8.9309994470095244 82.953574294922873 16.742786072194576 3.5808214209973812 8.9161368962377292 7.1326310485601425 4.4162107219453892
leaf_count=782 503 3938 165292 1664 1290 506 1537 706 124 1168 169 1673 1792 14088 144 192 265 18566 231 584 882 146 286 167 1316 92 102 220 39 167
internal_value=-7.19928e-05 3.69792e-05 0.000813342 -0.00890093 -0.00551822 -0.0471421 -0.00342442 -0.00713875 -0.0110664 -0.00645675 0.0202134 -0.00838103 -0.0147149 -0.0036111 0.000396364 0.0524454 0.126026 -0.00099882 0.0198398 -0.00433219 0.058112 -0.010427 0.0314414 0.104746 0.00214441 0.0180734 0.0225509 -0.0038801 0.041961 0.0139746
internal_weight=13575.1 13538.6 11163.1 936.234 860.147 76.0863 822.362 710.687 642.18 542.836 111.674 528.902 402.89 2375.56 1495.99 39.0534 16.933 1456.93 200.915 1256.02 63.5235 879.57 53.1255 17.1865 137.391 99.6964 8.25546 22.1204 13.2042 104.999
internal_count=218631 217849 180026 14734 12564 2170 11274 7000 6294 4757 4274 4633 3465 37823 23034 860 409 22174 3024 19150 1113 14789 701 415 1911 1408 248 451 231 4105
cat_boundaries=0 1
cat_threshold=48
is_linear=0
shrinkage=0.1


Tree=83
num_leaves=31
num_cat=13
split_feature=3 3 3 21 19 7 14 19 6 20 21 3 3 3 9 20 7 9 14 3 11 3 9 7 3 3 3 3 3 6
split_gain=20.3025 13.1836 8.81713 7.26675 7.20764 10.1379 15.3721 7.22808 6.64682 8.04153 6.21297 46.1861 23.0076 21.6304 14.4253 15.0726 14.1891 14.5172 13.2643 13.2484 13.6723 14.3238 12.538 10.9381 49.3865 27.8508 24.2366 23.0192 14.8568 13.9382
threshold=0 1 2 228.50000000000003 0.021319050341844562 1.0000000180025095e-35 1.0000000180025095e-35 0.27771845459938055 1.5000000000000002 0.0073282290250062951 4359.5000000000009 3 4 5 30.150000572204593 0.018473792821168903 2.5000000000000004 40.95000076293946 1.0000000180025095e-35 6 -1.0000000180025095e-35 7 24.150000572204593 1.5000000000000002 8 9 10 11 12 2.5000000000000004
decision_type=9 9 9 2 2 2 2 2 2 2 2 9 9 9 8 2 2 8 2 9 2 9 8 2 9 9 9 9 9 2
left_child=-1 3 -3 -2 5 6 -5 -6 -7 -10 13 14 -13 -4 -12 16 17 -16 -18 20 21 -15 -22 24 -21 29 -27 -26 -28 -25
right_child=1 2 10 4 7 8 -8 -9 9 -11 11 12 -14 19 15 -17 18 -19 -20 23 22 -23 -24 25 27 26 28 -29 -30 -31
leaf_value=-0.031480971328166199 0.05945021950559462 -0.017944409123840512 -0.017826387561256266 0.016230934656269177 0.0070911719822489595 0.23362526033999848 0.3613560061615671 0.12256787765098132 0.23297946124905533 -0.01305767830718637 -0.04390626946499826 -0.028055193471511038 -0.0040935602564229389 -0.039018003595546413 0.28706178092860851 0.028006148986278536 0.15706540714794373 -0.033064969209053247 0.48876304899310308 0.051062753355751694 -0.09464924719874776 0.031651212927639762 0.0326268045763278 -0.0060225054922140552 -0.021330352154132506 -0.053344900147820111 -0.013401603340808475 -0.00086841530285069004 0.004606229960800211 0.029281228283377887
leaf_weight=192.71526695077773 43.628267924301326 260.31175313628046 534.83124690398108 2.5242821157444295 220.39136101561598 1.4832634103950137 2.6406058738939464 5.5571120232343665 1.4760724711231876 13.280802018707616 26.992567896842957 484.8233654886717 2169.57958713267 61.822000829037279 1.8754410212859509 393.53619425965007 4.2440932525787503 5.7896393612027151 1.6839302759617565 152.54899980546907 7.9269076546188444 39.175713984295726 328.07832418859471 137.21905584749766 700.11958319041878 68.649179861182347 505.02968633209821 2453.3217987553217 4173.4013258268824 604.4623465425102
leaf_count=9723 446 9676 11368 202 4455 109 61 24 115 896 449 10316 35077 1791 60 5859 290 424 72 2006 264 1023 10593 1687 7548 1441 5983 35430 54763 6714
internal_value=-7.05688e-05 0.000404132 -7.06905e-05 0.0210971 0.0151853 0.0706458 0.19268 0.00993128 0.0318351 0.0115525 0.000304913 -0.00360423 -0.00855899 0.00154143 0.026283 0.0315821 0.135111 0.0452615 0.251288 0.00267989 0.0194808 -0.0123357 0.0296242 0.00182389 -0.00271812 0.00456295 0.00171785 -0.00546439 0.00263787 0.022447
internal_weight=13599.1 13406.4 13115.4 290.982 247.353 21.405 5.16489 225.948 16.2401 14.7569 12855.1 3088.52 2654.4 9766.59 434.122 407.129 13.5931 7.66508 5.92802 9231.75 437.003 100.998 336.005 8794.75 3305.99 5488.76 4747.08 3153.44 4678.43 741.681
internal_count=218865 209142 202834 6308 5862 1383 263 4479 1120 1011 193158 52547 45393 140611 7154 6705 846 484 362 129243 13671 2814 10857 115572 44984 70588 62187 42978 60746 8401
cat_boundaries=0 24 47 70 93 116 139 162 185 208 232 256 280 304
cat_threshold=0 268435712 64 0 0 1074003968 2147747840 0 0 134217808 132 0 2 33554960 0 0 134217728 0 1048584 5 32770 1141252096 16384 65600 131072 134217728 2 0 8192 134348800 134217728 4096 0 0 134217728 256 1048576 67584 0 1050624 128 268439552 4472832 0 3412096 2097152 8397952 536870976 1 0 8 0 268435456 4194304 273154560 0 2148534784 0 0 67108865 9437184 0 2147483648 8192 2147483648 16785410 134348800 134219776 2151677952 2147483656 33554432 52428800 4194304 4096 0 0 16777216 2097280 2147753984 270532608 0 67108904 66064 16392 0 0 0 0 0 0 0 49664 402653186 2281701376 541065218 2147502081 1153 0 0 3145728 8448 33554432 32768 16384 278921216 4256 8192 0 0 0 524288 0 0 0 4096 65537 33554432 52428800 4203552 4608 0 1 16777216 128 262144 343998496 1073745920 0 512 0 0 0 0 0 65536 0 0 268485120 402915346 2617247744 536870914 2147485696 129 0 2048 69206016 256 0 4243456 147456 0 32 5 0 0 0 0 0 0 0 0 553713664 67108864 0 2147485696 129 0 0 69206016 0 0 16384 131072 0 0 5 0 0 0 0 0 0 0 0 536870912 0 0 0 1028 2147483648 4198400 268501249 0 0 8 512 8 32768 24576 0 65536 2 524800 37121 0 68 134217728 67141637 8421376 4718592 0 0 0 4 1048576 9216 0 2 32768 1207961600 46399752 1026 0 0 0 0 33554432 67108864 4195329 8388608 0 32770 0 0 0 0 0 54530560 65793 0 134217728 8 512 8 536870912 0 0 0 0 0 37120 0 68 0 67665924 262144 16809984 0 134217728 0 0 0 1048576 8192 67108864 128 1048576 159385600 46399816 1026 0 536870912 1 0 33554432 67141632 67109889 0 0 8 524288 1024 33554432 1028 2147484672 536870912 268437032 0 2147483648 4096 0 603979780 268468224 24584 0 65536 33816608 1091051520 0 0 0 0 0 256
is_linear=0
shrinkage=0.1


Tree=84
num_leaves=31
num_cat=13
split_feature=3 3 3 5 3 9 9 3 9 3 3 11 9 6 8 8 3 19 9 3 3 3 9 8 3 11 6 14 13 7
split_gain=24.2503 12.4615 9.57987 6.95131 6.1208 8.42285 5.79117 25.4251 9.91672 15.243 13.4843 11.7524 10.0662 8.47358 8.35405 11.809 6.74672 6.50144 6.45573 36.115 20.0787 13.5394 13.1841 9.6951 8.31691 10.4953 11.4348 11.5676 11.0569 11.4389
threshold=0 1 2 3 4 39.95000076293946 49.850000381469734 5 53.049999237060554 6 7 49.500000000000007 51.750000000000007 2.5000000000000004 23.500000000000004 28.500000000000004 8 0.098616160452365889 33.049999237060554 9 10 11 33.549999237060554 23.500000000000004 12 68.500000000000014 10.500000000000002 27.500000000000004 0.074179895222187056 1.0000000180025095e-35
decision_type=9 9 9 9 9 8 10 9 10 9 9 2 10 2 2 2 9 2 10 9 9 9 10 2 9 2 2 2 2 2
left_child=-1 -2 -3 -4 5 -5 16 13 10 11 -9 14 -12 -8 -10 -16 -6 -14 21 23 -21 -18 -22 -20 25 28 27 -27 -24 -30
right_child=1 2 3 4 6 -7 7 8 9 -11 12 -13 17 -15 15 -17 18 -19 19 20 22 -23 24 -25 -26 26 -28 -29 29 -31
leaf_value=-0.026379882921131022 0.018722777774802912 -0.022210435642615534 -0.043641830250992351 -0.047805801744966597 0.010970370541445217 -0.0061805421717890776 -0.0074526177428459132 -0.027565977002549438 0.011046801933607122 -0.024663475055592306 0.016420309549675945 -0.075828437934045187 0.042213507584421148 0.055493901924116733 0.11111195298890034 -0.018521717990587019 -0.019590522019541291 0.12125204966847268 -0.027200584615847442 0.043469003260035652 -0.058449463404946216 0.0011839964928581478 -0.0019183337058228851 -0.068529861711300655 -0.01248702278386824 -0.0040771000309879719 0.16100823102026782 0.10695200981467419 0.14552390003932644 0.02471818099199629
leaf_weight=339.37893298256677 347.69270838948432 184.75232590356609 26.164897216483951 55.861241512000561 538.12259222159628 374.6065029236488 25.367132959421724 39.621298735728487 99.151364537072368 241.61768915504217 73.91207842703443 12.556274462607687 23.181922427960671 136.25640267226845 21.951155031565577 10.335931996465659 314.57710543891881 18.885488761588931 245.29765008133836 97.426664513535798 39.967946629156359 9374.739173359354 430.06138303305488 73.846563769737259 309.58867425273638 29.931455282727256 7.9688006743090218 13.668874262599273 9.5518898069858533 43.684886402683333
leaf_count=5685 5347 5937 347 1086 10957 7851 234 553 1189 4498 948 442 334 1238 251 143 7487 132 3979 1556 587 142150 4820 1279 8294 317 89 320 112 481
internal_value=-0.000375657 0.000311614 -0.000199822 0.00013792 0.000262758 -0.0113192 0.000679289 0.00949247 -0.00127118 -0.00989332 0.0200146 0.0155251 0.0355784 0.0429565 0.0254332 0.0696129 0.000142579 0.0776966 -0.000397207 -0.00701176 0.00263212 0.000490526 -0.0023021 -0.0356468 0.00032808 0.00783266 0.0508623 0.030731 0.00340336 0.0463935
internal_weight=13559.7 13220.3 12872.7 12687.9 12661.7 430.468 12231.3 702.837 541.213 385.612 155.601 143.995 115.979 161.624 131.438 32.2871 11528.4 42.0674 10990.3 1300.99 981.851 9689.32 884.424 319.144 844.456 534.867 51.5691 43.6003 483.298 53.2368
internal_count=218643 212958 207611 201674 201327 8937 192390 9962 8490 6523 1967 2025 1414 1472 1583 394 182428 466 171471 21834 16576 149637 15020 5258 14433 6139 726 637 5413 593
cat_boundaries=0 24 47 71 72 95 115 138 154 177 200 220 243 266
cat_threshold=0 85983232 0 0 0 8650752 272646146 0 0 268697728 134219776 536870912 0 530 0 0 32 16777216 553648192 2 4198466 128 33554436 32768 16777216 805306368 8388608 4096 0 134221824 67698816 0 0 0 65536 288 134217729 0 0 1073741824 268439616 268456192 65552 0 67174400 8388608 134217856 64 524288 0 1024 0 65536 0 128 0 37753856 0 65536 2147487744 10486784 0 0 33554432 33816576 134250496 131072 134479872 537935873 8192 6 16 0 33554944 1085440 34 0 2150105088 1 0 268500992 65536 16 8192 2097152 8225 0 2048 131073 0 258 0 32 272630880 524288 2148007936 0 16384 0 0 0 1048576 0 50339840 0 1073790976 511705088 1065352 4 0 0 0 2147483648 0 64 536870912 4194304 541065345 0 0 4 0 0 0 0 270336 18874368 753664 33570824 0 545259520 0 33792 0 4 0 0 2147483648 134217728 4 2688548992 512 0 4 131072 131072 0 0 0 2097152 688128 0 0 8388608 1073741824 257 2 9 0 805437444 0 12714240 134742016 0 512 16777216 33554432 2048 0 0 0 32768 0 0 2176 33589248 586 570949632 4194304 2147502080 2097668 268435456 0 0 8192 33554432 0 4096 1082130432 1721664 0 0 0 8192 67108864 0 0 1 2149580800 2415984640 2214592512 0 536870913 128 0 0 0 0 32768 2 0 67110912 98850 5242880 0 536870912 16 0 4194312 65536 2214592512 0 65536 0 0 17408 2097216 0 32768 32806 1073790980 268437504 67109376 5242880 0 0 262144 2147483648 4198400 0 33554432 67117058 262400 411041792 66 4194432 0 0 0 131072 4096 0 0 1105920 270532608 8388620 81924 0 0 0 2148008960 0 0 32768 1073741824 69600256
is_linear=0
shrinkage=0.1


Tree=85
num_leaves=31
num_cat=4
split_feature=3 3 3 19 16 21 16 10 11 9 9 9 10 9 3 13 21 12 20 7 21 11 17 11 9 21 19 11 21 20
split_gain=20.336 13.5765 8.94508 8.62031 7.63268 8.02674 7.79072 7.42792 12.8731 7.0142 5.89291 9.71859 9.09237 6.97416 5.11971 12.355 11.7785 9.00536 8.5305 15.9232 5.59389 7.69009 6.47233 7.63761 9.40283 7.39032 4.93186 7.24551 6.81389 9.61642
threshold=0 1 2 0.12784527987241748 46.500000000000007 3911.5000000000005 1.5000000000000002 0.05058467015624047 154.50000000000003 43.750000000000007 43.750000000000007 47.649999618530281 0.23047556728124621 56.750000000000007 3 0.1938765570521355 4314.5000000000009 3.5000000000000004 0.1009182706475258 3.5000000000000004 4014.5000000000005 -1.0000000180025095e-35 35.500000000000007 7.5000000000000009 40.45000076293946 4050.5000000000005 0.10673831030726434 -1.0000000180025095e-35 4113.5000000000009 0.028177761472761634
decision_type=9 9 9 2 2 2 2 2 2 10 8 8 2 8 9 2 2 2 2 2 2 2 2 2 8 2 2 2 2 2
left_child=-1 4 3 10 6 -6 26 8 -7 -8 -3 -12 13 -13 15 16 20 -17 19 -18 -4 -22 23 25 -25 -23 28 -28 -2 -30
right_child=1 2 14 -5 5 7 9 -9 -10 -11 11 12 -14 -15 -16 17 18 -19 -20 -21 21 22 -24 24 -26 -27 27 -29 29 -31
leaf_value=-0.026240958027980283 0.059447671834842342 -0.056517871467313491 0.0059916156521577476 0.0079114376190270071 0.16426691805952998 -0.10202143703495037 0.0036626630725551455 -0.077195008490673581 0.31720255084945109 -0.08735082509792591 0.10426214611352225 -0.10734279878256199 -0.13134428926153927 -0.0146039379385604 -0.00053218992163670909 0.15783926069558563 -0.028421262211356019 0.0020716786403397257 -0.041057231323020145 0.13021609643045479 -0.023084837616960334 0.15899425663652203 -0.020183003817994323 0.10684360926706869 -0.045803948321167784 0.059781775029397903 -0.053089201027999439 0.028338758004056552 0.096801404639229732 -0.010681640858589983
leaf_weight=295.97913246636745 76.99656548560597 48.279482482234016 154.0989336661296 113.23704085405916 7.5040960949845594 1.3056879547657447 82.37659819284454 3.8540461910888553 1.6684481665724886 9.4378615964669716 6.3058236524229869 8.4192242901772243 7.306466042995452 220.08289347658865 12203.627083919826 9.6945159966126067 19.21039561775979 6.0138293355703345 69.226459726691246 9.4348938793409598 18.946245946455747 8.6763632353395206 12.597828933969138 5.8183428889606148 13.168103969423102 55.761002230923623 15.484567590057848 37.131162906065583 10.553510347148402 39.402635401114821
leaf_count=10411 2078 1229 2980 1035 84 126 1742 162 133 195 176 240 33 5713 186382 158 689 112 721 265 376 106 189 114 434 822 124 245 787 821
internal_value=-0.000752982 -0.000164838 -0.00064667 -0.0151169 0.0210225 0.0928805 0.0180022 0.0144277 0.133157 -0.00569286 -0.0246172 -0.0182559 -0.0215322 -0.0180209 -0.00017099 0.0110688 0.00764024 0.0982047 -0.0220662 0.0238291 0.0184458 0.035139 0.0466272 0.0567162 0.000974464 0.0731405 0.0301176 0.00437488 0.0407867 0.0120247
internal_weight=13571.6 13275.6 12989.9 403.631 285.715 14.3323 271.383 6.82818 2.97414 91.8145 290.394 242.114 235.809 228.502 12586.3 382.647 366.939 15.7083 97.8717 28.6453 269.067 114.968 96.0216 83.4238 18.9864 64.4374 179.568 52.6157 126.953 49.9561
internal_count=218682 208271 201774 8426 6497 505 5992 421 259 1937 7391 6162 5986 5953 193348 6966 6696 270 1675 954 5021 2041 1665 1476 548 928 4055 369 3686 1608
cat_boundaries=0 24 47 71 95
cat_threshold=0 1610612736 0 0 0 4196364 4718880 0 0 84148256 262272 40 2147483649 0 0 0 1 134217728 262144 134217728 33554432 2147500032 67404032 128 131072 0 2147483648 2048 8192 17039872 67584 8396800 262144 37248 2048 0 4096 1049872 0 0 4128 2048 570425360 0 32896 4096 2097152 33554432 0 134217760 128 0 536870914 1081345 0 0 272769088 4 0 524320 8388610 0 2147483652 402653184 32768 65536 66 4457472 0 1048576 1024 1073741824 524288 2049 5 0 2148549633 536871040 1024 0 2147484168 65536 0 541327488 67584 0 0 64 0 0 0 0 135266306 268435520 2
is_linear=0
shrinkage=0.1


Tree=86
num_leaves=31
num_cat=11
split_feature=3 3 8 3 6 8 3 8 3 3 20 11 11 19 3 18 20 19 20 6 20 3 3 17 17 3 10 3 15 20
split_gain=19.6659 12.0847 13.7421 12.6229 9.86931 12.0419 14.6884 10.6368 8.66613 8.30917 12.8743 9.94888 8.78973 8.13694 7.63872 7.29954 7.20692 14.5471 9.12352 6.51094 6.16968 13.9889 7.73366 7.58206 8.48538 7.17928 6.8019 6.55389 8.61018 6.26898
threshold=0 1 17.500000000000004 2 10.500000000000002 10.500000000000002 3 1.5000000000000002 4 5 0.10704411566257478 10.500000000000002 68.500000000000014 0.072631742805242552 6 -1.0000000180025095e-35 0.026995739899575714 0.020199722610414032 0.059385742992162711 3.5000000000000004 0.024598307907581333 7 8 315.50000000000006 432.50000000000006 9 0.042355967685580261 10 1.5000000000000002 0.20767211914062503
decision_type=9 9 2 9 2 2 9 2 9 9 2 2 2 2 9 2 2 2 2 2 2 9 9 2 2 9 2 9 2 2
left_child=-1 2 4 -4 5 6 7 -2 -3 13 11 19 -13 -7 -10 16 17 -8 -18 -11 21 26 23 -22 -25 -23 -16 28 29 -24
right_child=1 8 3 -5 -6 9 15 -9 14 10 -12 12 -14 -15 20 -17 18 -19 -20 -21 22 25 27 24 -26 -27 -28 -29 -30 -31
leaf_value=-0.034615598802012204 0.11629968774185406 -0.01445076921380904 0.042596973885392443 -0.01859747005250742 -0.018494407539963911 -0.047865389219736737 0.022209858167067591 -0.023577739395896441 -0.0080079283508941793 0.21388030554400672 0.042065276575265105 0.33962119535031171 0.14486273370985783 0.067202058027003894 0.034185213810151278 -0.011432195857795757 -0.019212970046683282 0.35092634806075484 0.11815730519697497 0.085053075911027801 -0.015165995654729786 -0.027111825160610427 0.021634187769224333 0.18273417895774738 -0.015466243360641098 0.007076422220617472 0.14861321457698121 0.0011191213183415621 -0.093374330002362546 -0.0059273038327625517
leaf_weight=145.93970164633356 5.9894608587492248 361.84974925103597 35.642102952115238 119.54118083859794 28.188599004410207 13.438634030986579 2.3921503163874176 58.878302555531263 860.2643405511044 4.9888491597957936 17.970919955521822 4.3040508700069022 5.0201547108590603 11.323914828244595 155.07531895139255 6.7819392492528996 6.687930719926956 3.07922164327465 17.448477363213897 18.364167866762727 371.85324782750104 61.518929071957245 350.30971751268953 4.1476052235811931 4.5075341640040278 429.84078180056531 5.3748045638203612 10362.39054909267 7.4304151684045783 107.95913881063461
leaf_count=4518 107 7994 641 2696 636 372 120 1163 10581 147 136 114 104 110 6155 179 265 156 148 496 13535 6410 5661 113 140 30714 77 124489 100 752
internal_value=0.000694537 0.00110281 0.0189252 -0.00299596 0.0364547 0.0452222 0.0226917 -0.00923822 0.000598249 0.075475 0.0919052 0.14744 0.234763 0.00338712 0.00103735 0.0644399 0.103584 0.207208 0.0800935 0.112574 0.00169961 0.011159 0.00115104 -0.0126792 0.0795128 0.00234062 0.0357879 0.00164724 0.0131279 0.0151412
internal_weight=13588.5 13442.6 360.04 155.183 204.857 176.668 101.257 64.8678 13082.5 75.4107 50.6481 32.6772 9.32421 24.7625 12720.7 36.3897 29.6078 5.47137 24.1364 23.353 11860.4 651.81 11208.6 380.508 8.65514 491.36 160.45 10828.1 465.699 458.269
internal_count=218829 214311 7590 3337 4253 3617 2138 1270 206721 1479 997 861 218 482 198727 868 689 276 413 643 188146 43356 144790 13788 253 37124 6232 131002 6513 6413
cat_boundaries=0 24 47 70 93 115 138 161 185 209 233 256
cat_threshold=2162688 1074267200 0 2048 8192 0 32800 0 0 13635588 1 2048 0 8464 0 0 8192 0 266240 0 33554432 0 536871936 327684 1082130432 150994944 0 4 268435456 65536 65536 12582912 0 268435456 0 0 8396800 4196480 0 0 130 335545600 16810249 0 1 1073741824 8650752 0 0 0 4 0 0 0 8388608 0 268435456 0 0 0 0 0 0 128 0 16809992 0 0 0 262144 1073741824 150994944 0 4 268435456 0 65536 8388608 0 268435456 0 0 8192 0 0 0 0 335544320 16809992 0 1 0 262144 553648128 33554432 0 2097152 0 16793600 128 0 67633152 134348864 786560 0 570425344 9437184 0 536873472 4128 8192 0 0 18464 2147483649 0 0 0 4 0 65536 0 8388608 0 268435456 0 0 8388608 4196352 0 0 0 1024 16809985 0 0 1073741824 262144 524288 8388608 32768 32 0 536870912 1056768 16912384 134291456 1073741824 8 16777216 48 33 0 4194304 20 262144 0 0 65536 4326464 4259904 64 4 0 2 0 4 67633152 34078976 2147614720 40969 4096 0 1048576 1028 0 2147483648 0 0 0 0 0 134221824 2483036686 512 33554432 268435456 536870912 1048576 0 1 67633160 301989888 2147483648 16520 4096 0 2148532224 1028 0 2147549184 0 0 134217730 0 4 2097154 2483027974 512 0 70254593 1024 65552 16384 2214592512 14680064 134217728 0 525312 18 8 0 67108864 1 0 0 134217728 0 0 0 35192832 34603024 56 67108864 2097152 33554434 1 0 2147483648 6291520 2097152 0 1024 0 41943048 130 512 0 1073741824 2181300224 134221824 33562640 64 1085440 0 33685504
is_linear=0
shrinkage=0.1


Tree=87
num_leaves=31
num_cat=9
split_feature=3 3 20 19 19 9 9 8 3 9 11 17 7 8 21 8 8 16 3 5 3 21 21 19 3 11 11 3 21 3
split_gain=15.9896 14.6543 6.90176 15.5022 8.17933 6.83575 7.21507 7.14587 6.33129 9.15861 8.49809 9.20096 5.97951 5.95738 5.54098 6.84503 5.61815 5.53972 5.46705 7.50726 31.4866 33.2916 11.0856 12.8658 7.44847 10.684 14.1676 12.3643 11.9484 10.9558
threshold=0 1 0.017089337110519413 0.03228780813515187 0.022321767173707489 36.250000000000007 30.150000572204593 14.500000000000002 2 58.250000000000007 92.500000000000014 2.5000000000000004 4.5000000000000009 27.500000000000004 4434.5000000000009 19.500000000000004 8.5000000000000018 10.500000000000002 3 4 5 4434.5000000000009 4193.5000000000009 0.065830215811729445 6 -1.0000000180025095e-35 1.0000000180025095e-35 7 4537.5000000000009 8
decision_type=9 9 2 2 2 10 10 2 9 10 2 2 2 2 2 2 2 2 9 9 9 2 2 2 9 2 2 9 2 9
left_child=12 2 3 4 -2 6 -4 -8 9 10 -3 14 13 17 15 16 -12 -1 -10 20 -20 22 23 -22 25 29 -27 28 -28 -21
right_child=1 8 5 -5 -6 -7 7 -9 18 -11 11 -13 -14 -15 -16 -17 -18 -19 19 24 21 -23 -24 -25 -26 26 27 -29 -30 -31
leaf_value=-0.016454141393293258 0.12042064808197135 -0.018695861506248659 0.023607080664088228 0.35877710056047424 -0.073978334245207708 -0.021029899830319346 0.022719905343558194 0.17916305112513686 0.013964254491532263 0.066697728262941125 -0.046509203748416834 0.13861172651337281 0.020344514707890195 -0.071623197753022699 0.084176294830516599 -0.082095074134104884 0.082223329453538857 -0.058021694809607643 -0.049627143886423246 0.018296193881737834 -0.014986226498054376 0.3188559989917934 -0.055732716506023107 0.14288014505653096 0.00059544465244824711 -0.021212435642042206 0.0080603181466997378 -0.031504738997752149 0.084499675757065407 -0.034248763041771761
leaf_weight=201.95866901427507 5.803343521896748 401.6772881646757 187.97128871374298 1.9406289358157653 3.4516625285614282 32.612383284023963 5.5832378193736059 6.1203140425495803 274.87851849745493 14.358389258268287 5.8068039079080398 6.5754831070662467 28.07250282401219 28.221848585642874 7.3069558627903453 9.3028377873124537 8.1458357123192382 38.111320137744769 22.365895649418235 228.17122224718332 7.4842932850588175 6.1205076698679468 6.2291118879802516 16.640783321112394 11006.321910301107 637.93993421620689 241.52251930395141 66.628751531126909 22.340625116834417 38.605902931769378
leaf_count=4113 315 8332 4045 102 214 721 116 143 6196 223 105 91 603 645 116 172 206 1288 467 2948 308 78 125 149 168622 10506 3493 2985 330 975
internal_value=-0.000212034 0.000309265 0.0241229 0.101803 0.0479194 0.0214175 0.0283503 0.104531 -0.000153939 -0.0116361 -0.0144644 0.0313023 -0.0227982 -0.0281622 0.00821477 -0.0156526 0.0286475 -0.023053 0.000268759 -4.83913e-05 0.0328824 0.0832684 0.0631976 0.0939055 -0.000233388 -0.00756417 -0.0125067 0.0042977 0.0140016 0.0100943
internal_weight=13568.3 13271.9 243.483 11.1956 9.25501 232.287 199.675 11.7036 13028.4 453.174 438.815 37.1379 296.364 268.292 30.5624 23.2555 13.9526 240.07 12575.2 12300.4 58.8406 36.4747 30.3542 24.1251 12241.5 1235.21 968.432 330.492 263.863 266.777
internal_count=218732 212083 5656 631 529 5025 4304 259 206427 9245 9022 690 6649 6046 599 483 311 5401 197182 190986 1127 660 582 457 189859 21237 17314 6808 3823 3923
cat_boundaries=0 24 48 71 95 96 119 143 166 186
cat_threshold=128 1 41943040 1 0 1610874880 528448 33554432 0 75499269 0 0 2147483696 2097152 0 0 0 0 16777216 32768 32800 32768 128 68 536870976 64 2048 3204 0 65536 1 128 201588736 33554432 215040 0 167772160 65536 0 0 0 512 33554432 131072 18433 0 2360320 65536 2148007936 25165824 0 0 2147483648 0 0 8388608 0 0 1073741824 2080 16640 8389648 0 2147483648 134479904 32768 0 0 138412096 16793601 402718720 33554432 402653184 0 0 0 2415968256 16777344 0 131072 4210690 0 0 0 4194560 0 1073742336 17 1032 12352 134807552 65536 8390656 8 512 2 0 4 0 4096 0 4 0 131072 0 0 0 25165824 263168 16384 0 0 0 0 0 0 0 0 131072 276824064 0 32768 8 1024 25165824 272629760 16777216 16777216 536936448 1048584 0 4194304 128 0 4259840 0 0 138428416 514 0 268436544 8704 257 0 0 0 0 0 0 268435456 0 16777216 0 1048576 0 4194304 0 0 65536 0 0 4210688 0 0 0 8192 8388608 0 0 8 0 25165824 0 0 16777216 0 1048576 0 0 0 0 0 0 0 0 514
is_linear=0
shrinkage=0.1


Tree=88
num_leaves=31
num_cat=1
split_feature=13 14 11 6 13 1 14 7 14 20 14 19 17 11 16 9 13 16 16 6 14 16 11 16 16 21 11 20 10 9
split_gain=6.20656 6.0143 5.9776 5.17316 16.1116 9.61105 8.64367 7.35682 7.48854 7.27661 9.25687 11.7864 8.7506 7.45588 11.906 9.53568 9.35628 11.3661 11.8777 8.6803 7.60037 7.18319 7.11777 7.09285 11.1092 15.3162 9.54471 7.02528 9.15448 6.95312
threshold=0.27289500832557684 223.50000000000003 1300.5000000000002 10.500000000000002 0.24963767826557162 0 12.500000000000002 1.5000000000000002 173.50000000000003 0.29067090153694158 39.500000000000007 0.016124478541314605 2.5000000000000004 272.50000000000006 65.500000000000014 33.049999237060554 0.025940380990505222 107.50000000000001 49.500000000000007 5.5000000000000009 20.500000000000004 46.500000000000007 448.50000000000006 51.500000000000007 74.500000000000014 4193.5000000000009 117.50000000000001 0.25113768875598913 0.18410272896289828 48.549999237060554
decision_type=2 2 2 2 2 9 2 2 2 2 2 2 2 2 2 10 2 2 2 2 2 2 2 2 2 2 2 2 2 10
left_child=1 3 -3 7 5 -5 23 9 27 10 13 12 -12 14 -1 16 17 18 -15 -19 -17 -11 -20 -7 25 -25 -27 28 -9 -30
right_child=-2 2 -4 4 -6 6 -8 8 -10 21 11 -13 -14 15 -16 20 -18 19 22 -21 -22 -23 -24 24 -26 26 -28 -29 29 -31
leaf_value=-0.0039414201575270697 -0.01483247225632415 -0.066949961488843246 0.17304076090970283 -0.036204692259503547 0.13677399854692801 -0.0038216595620449902 -0.043665581111724416 0.0026450135728022404 0.092452856391358043 0.012059643227543137 -0.0063826755925122007 -0.071378751262349271 0.43748743247346922 -0.0083121793608949748 -0.078301793837745437 -0.087565661657264413 -0.078280039718984604 -0.057910942813885605 0.20409061689287256 0.078808427311579068 0.060534728745135692 -0.033026832646557279 0.090033150831670294 0.30595873832355092 -0.0047135528904626361 -0.083958155130603743 0.11396098590979087 -0.0048433207925208995 0.020926755863880112 -0.035729582337225549
leaf_weight=3730.9564453900675 303.99227956455434 19.602161910850558 1.0958802145905782 89.400321963359602 7.9460741071961811 1597.6989546459517 53.520738127350342 5511.3534171034698 9.2373230957891774 461.33448166772723 0.99361260223667958 31.138543979264796 0.80315911932848394 7.6184131647460189 21.656951361452229 10.742133934283627 5.2748644264647728 10.770282818004491 9.1584945171489398 8.1637843258213234 5.1151878884993485 38.267798610031605 13.590450496645643 3.082362661836668 21.746919137251098 3.4609157367376602 8.2328747911378724 1137.4406092837453 402.19541977718472 22.89422819763422
leaf_count=63742 4955 2675 180 1189 149 25892 1996 101235 261 2123 203 2231 86 126 881 220 132 339 215 161 98 173 243 191 615 273 120 5704 2120 116
internal_value=-0.000704936 -0.000380676 -0.0542434 -0.000296369 -0.00530315 -0.00593841 -0.00409641 0.000484974 0.00247367 -0.00274907 -0.00422032 -0.0570087 0.192028 -0.00376555 -0.00437057 0.028469 0.0483025 0.0618458 0.0997594 0.00103822 -0.0397921 0.00860618 0.135952 -0.00282559 0.0407475 0.107655 0.0553845 0.00235617 0.00373561 0.0178754
internal_weight=13548.5 13244.5 20.698 13223.8 1785.09 1777.14 1687.74 11438.7 7083.12 4355.58 3855.98 32.9353 1.79677 3823.05 3752.61 70.4336 54.5763 49.3014 30.3674 18.9341 15.8573 499.602 22.7489 1634.22 36.5231 14.7762 11.6938 7073.88 5936.44 425.09
internal_count=218644 213689 2855 210834 30425 30276 29087 180409 109436 70973 68677 2520 289 66157 64623 1534 1216 1084 584 500 318 2296 458 27091 1199 584 393 109175 103471 2236
cat_boundaries=0 1
cat_threshold=7475272
is_linear=0
shrinkage=0.1


Tree=89
num_leaves=31
num_cat=9
split_feature=3 3 3 19 3 3 7 20 8 19 11 3 8 6 9 3 11 19 3 11 19 17 10 16 7 8 21 19 3 20
split_gain=18.5882 11.6998 7.91186 5.82001 14.648 10.7675 9.06212 14.5069 7.51172 7.38197 7.12783 7.0008 20.1358 14.1947 7.39207 7.68868 10.1208 9.31849 6.98976 6.79229 9.76029 14.6759 10.5515 10.2221 9.50015 6.43331 6.32473 6.29748 13.7428 7.44336
threshold=0 1 2 0.021319050341844562 3 4 4.5000000000000009 0.022142640314996246 9.5000000000000018 0.12085975706577302 5.5000000000000009 5 1.5000000000000002 6.5000000000000009 56.750000000000007 6 6.5000000000000009 0.026476101949810985 7 8.5000000000000018 0.019095085561275486 22.500000000000004 0.024770003743469719 2.5000000000000004 1.5000000000000002 27.500000000000004 4003.5000000000005 0.024269487708806995 8 0.017089337110519413
decision_type=9 9 9 2 9 9 2 2 2 2 2 9 2 2 8 9 2 2 9 2 2 2 2 2 2 2 2 2 9 2
left_child=-1 -2 -3 4 6 9 25 8 -8 -5 -10 12 13 -7 15 16 26 -18 19 -6 23 22 -22 -21 -24 -4 -14 28 29 -13
right_child=1 2 3 5 18 11 7 -9 10 -11 -12 27 14 -15 -16 -17 17 -19 -20 20 21 -23 24 -25 -26 -27 -28 -29 -30 -31
leaf_value=-0.030340264381095022 0.019367207299463961 -0.01927180750988558 0.03515331634801095 -0.03688924961318845 -0.0038618940517142334 0.34853119783591791 0.033943601258894937 -0.05823585622997577 0.28031193790584319 0.024729001200088294 0.098931456428189291 0.16363651091638412 0.10530447759487763 0.054083468297121545 0.022680651889655831 -0.041540463452721388 0.3371330839936027 0.050112203086307497 -0.035943931133168038 -0.089667989603006149 -0.10228636714830822 0.35775328745888185 0.19609975199825586 0.041707585170502832 0.016405858105854088 -0.044780321200407397 -0.068164140201167331 -8.5619190957148309e-05 -0.038811824988667101 0.016591466648781087
leaf_weight=192.54534775740467 300.505535472068 205.58964352781186 127.28402165044099 129.479306809837 186.95918404159602 3.0462284851819268 3.4034605219494578 4.0041090110316864 5.4513852025847864 22.877918185666203 3.5956263717962429 3.7509171287529162 3.301822994835673 3.5396696939133108 166.00013571651652 33.630656957742758 2.0290135544491923 2.5561753520742059 42.346483337576501 8.3023837988730538 2.976132903480905 1.9514540252275754 6.0324662831844744 20.662026089499705 5.7432092543458566 10.933646665303966 5.7833419302478433 11890.055288164644 103.48056955856737 41.860603803419508
leaf_count=5831 7107 6452 4735 6419 10112 105 114 111 161 160 118 253 93 118 5579 921 149 250 3695 1394 442 152 219 2250 412 491 270 153494 5651 1437
internal_value=-0.000273582 0.000182753 -0.000273621 4.53068e-05 0.0114877 -0.00035076 0.0349239 0.107335 0.160583 -0.0259345 0.208224 -1.16365e-05 0.0172751 0.190277 0.0127434 -0.0221309 0.0323452 0.177123 -0.00286111 0.00439439 0.0391571 0.100035 0.0659424 0.00404998 0.10846 0.0288302 -0.00512041 -0.000341442 -0.0207662 0.023526
internal_weight=13539.7 13347.1 13046.6 12841 429.646 12411.4 154.672 16.4546 12.4505 152.357 9.04701 12259 219.887 6.5859 213.301 47.301 13.6704 4.58519 274.973 232.627 45.6677 16.7033 14.7518 28.9644 11.7757 138.218 9.08516 12039.1 149.092 45.6115
internal_count=218695 212864 205757 199305 24406 174899 5730 504 393 6579 279 168320 7485 223 7262 1683 762 399 18676 14981 4869 1225 1073 3644 631 5226 363 160835 7341 1690
cat_boundaries=0 24 47 71 95 118 142 165 189 212
cat_threshold=1075838976 0 65536 2048 2048 1 268288 4096 32768 152064000 0 256 2 2064 0 0 0 16777216 0 163841 32772 69206528 16777232 2 536870912 0 8390656 0 0 268435456 71827488 256 262144 0 1073807488 0 536870912 2097153 0 2560 134217761 2147483648 9 134283776 1 1107296256 32896 131072 65 2147483680 1 2147483648 36864 134217728 524288 524288 0 1 65536 16777216 8388992 268435456 2684354560 128 256 0 67108868 134219776 17039361 268435456 1024 41943104 134217732 570425344 0 8192 0 0 268435456 0 33554432 20480 0 512 16384 0 0 0 0 2 0 0 2147516416 738468674 4104 41943040 134217728 33554496 32 8192 0 8194 268435456 0 35651584 0 0 8388608 8192 0 4194304 0 0 4194560 0 0 2147518464 679739970 134217728 1024 134217728 1048576 0 1610613248 1048704 1024 2147483648 4202576 262144 0 1 4194304 0 0 2 134226952 0 0 2 268439552 33685505 257 134217728 0 0 0 0 1073741824 0 0 2147483648 64 0 0 0 4194304 0 0 0 0 0 0 0 268435456 33685505 2348810240 2097152 64 0 0 4 1048576 2097152 0 2097280 32768 8 0 33554436 0 0 0 0 0 0 0 545277952 3231844352 576 67108864 0 0 1024 268435456 0 0 2105344 285212672 2148007936 20480 8 512 0 0 0 0 0 0 0 0 142606336 69287936
is_linear=0
shrinkage=0.1


Tree=90
num_leaves=31
num_cat=8
split_feature=3 3 3 3 6 11 9 21 11 19 21 14 6 6 7 16 21 21 21 21 14 3 17 16 3 3 9 14 9 3
split_gain=18.577 13.1034 6.508 6.18908 10.7272 11.832 9.67469 9.04058 8.24584 7.28618 6.164 6.01441 8.29272 7.27235 7.32514 6.16741 8.12847 7.81025 6.08629 5.68647 5.65044 29.3674 17.8031 12.2048 16.6417 13.7399 18.3484 11.4687 9.48469 9.6956
threshold=0 1 2 3 11.500000000000002 -1.0000000180025095e-35 58.250000000000007 4524.5000000000009 35.500000000000007 0.38165868818759924 4003.5000000000005 2.5000000000000004 11.500000000000002 1.5000000000000002 3.5000000000000004 3.5000000000000004 4125.5000000000009 1597.5000000000002 2048.5000000000005 228.50000000000003 5.5000000000000009 4 55.500000000000007 10.500000000000002 5 6 61.350000381469734 16.500000000000004 34.95000076293946 7
decision_type=9 9 9 9 2 2 10 2 2 2 2 2 2 2 2 2 2 2 2 2 2 9 2 2 9 9 8 2 10 9
left_child=-1 11 -3 4 6 -6 7 9 -9 19 -11 13 15 14 18 17 -17 -13 -2 -4 -5 22 27 25 -25 26 -23 -22 29 -26
right_child=1 2 3 20 5 -7 -8 8 -10 10 -12 12 -14 -15 -16 16 -18 -19 -20 -21 21 23 -24 24 28 -27 -28 -29 -30 -31
leaf_value=-0.031269555142344987 0.15444288280608226 -0.011915054393163807 0.055555167935713551 0.0016478670968327936 0.12860815721953001 0.01218905621477666 0.06151089244474614 0.012700191755286361 0.12849999492552328 0.032126711308236987 -0.016505623978562332 0.056394736067491971 0.13643923619602014 0.017720492926198216 -0.03350779658137238 -0.027929048527585459 0.12297396109446404 -0.098641527125961553 0.050653388358817643 -0.019369950827408389 0.051973144431523191 -0.065137480898372818 0.23389506393737514 -0.062003113514819089 0.022850874343942715 -0.048707271246741873 0.04064188031718588 -0.004387952476006006 0.033332559727756665 -0.017814978120990206
leaf_weight=175.5496962540783 9.8159825578332001 432.47668154543499 10.283961623907087 10792.387469849491 10.910364359035155 43.682813117397018 18.381787227117456 44.762068614829332 7.1284838520223266 57.36242114007473 47.763187482953072 4.038610968738797 3.2103429475100702 373.60160054906737 5.5197359700687221 13.849434915231543 4.8090186952613285 16.627157232607715 13.312454820843412 674.42941535939462 82.790485060424544 24.785632571903989 4.2971775919431812 36.421122419997118 72.308878003619611 168.92990141280461 48.458338846685365 64.024333202862181 74.902035200502723 200.31531972193625
leaf_count=4863 82 10005 63 156038 155 800 223 743 123 237 194 36 144 6876 102 318 146 1512 384 11719 1417 856 178 1103 1158 11457 1664 1964 812 2969
internal_value=0.000155018 0.000590846 3.44605e-06 0.000425528 -0.00744783 0.0354552 -0.0102576 -0.0118249 0.0286082 -0.0144812 0.0100309 0.0172741 -0.0180976 0.0214438 0.0700001 -0.0307136 0.0109646 -0.0683435 0.0947029 -0.0182446 0.0010539 -0.00718021 0.0312021 -0.0166756 -0.00585369 -0.0345216 0.00426414 0.0273947 0.00176419 -0.00684434
internal_weight=13537.1 13361.6 12916.8 12484.3 914.705 54.5932 860.111 841.73 51.8906 789.839 105.126 444.784 42.5346 402.25 28.6482 39.3242 18.6585 20.6658 23.1284 684.713 11569.6 777.233 151.112 626.121 383.947 242.174 73.244 146.815 347.526 272.624
internal_count=218341 213478 203878 193873 14257 955 13302 13079 866 12213 431 9600 2156 7444 568 2012 464 1548 466 11782 179616 23578 3559 20019 6042 13977 2520 3381 4939 4127
cat_boundaries=0 24 48 71 95 118 140 163 177
cat_threshold=0 539492352 134283264 0 0 2164262913 4104 0 0 9437184 512 32 0 1116160 0 16777216 262272 2048 0 67633664 65536 2 16859136 2 537004160 16777216 0 8 2147483648 134217732 65537 4194304 0 4194304 134217728 536870912 2155872258 0 0 0 134217728 512 278529 2 33588224 8388608 8 262152 0 512 1048576 38 0 0 2097152 4096 369295360 1536 0 0 262144 8388608 0 2048 2 16384 16777480 65540 0 262145 35782656 268435456 1073741824 0 0 268435456 67108864 134220800 256 16785408 805371905 2056 0 0 41 0 1048576 0 536870912 0 32768 4194336 4326496 1073741824 2560 3255336960 0 536870913 2097152 0 0 0 0 0 256 1073741824 1344274440 147456 67117056 0 65536 0 201326592 32834 131072 67371008 0 2214592513 16777216 33554432 2181038080 0 0 0 0 131072 0 0 0 2214592512 4194688 4 0 8388608 0 50856960 0 0 0 128 67108864 37748739 33554624 0 0 65536 274202624 2236416 0 128 0 2172651520 4194496 0 0 1073741824 0 0 0 0 2113536 2147483648 262144 0 0 4194304 512 0 0 0 2097152 0 0 0 0 623128 16384
is_linear=0
shrinkage=0.1


Tree=91
num_leaves=31
num_cat=13
split_feature=3 3 3 8 3 11 6 17 7 11 8 11 21 6 3 20 3 19 3 3 21 20 5 3 8 3 6 21 3 2
split_gain=21.5437 12.5601 9.06054 7.18985 7.98812 9.83675 6.83911 6.78831 6.70023 7.04031 6.28016 8.93594 8.39614 5.69573 5.55882 6.94324 15.634 12.6303 11.9708 11.7169 9.89476 7.8084 7.51302 8.59018 6.78198 45.7075 12.2373 11.5888 7.70208 8.26305
threshold=0 1 2 15.500000000000002 3 92.500000000000014 3.5000000000000004 79.500000000000014 1.0000000180025095e-35 448.50000000000006 27.500000000000004 23.500000000000004 4207.5000000000009 11.500000000000002 4 0.076906669884920134 5 0.062962029129266753 6 7 4166.5000000000009 0.066522132605314269 8 9 29.500000000000004 10 9.5000000000000018 4359.5000000000009 11 12
decision_type=9 9 9 2 9 2 2 2 2 2 2 2 2 2 9 2 9 2 9 9 2 2 9 9 2 9 2 2 9 9
left_child=8 3 -3 4 5 6 -2 13 -1 -10 12 -12 -5 -6 -4 16 17 -16 21 20 -17 -18 23 -21 28 26 27 -26 -20 -30
right_child=1 2 14 10 7 -7 -8 -9 9 -11 11 -13 -14 -15 15 19 18 -19 24 22 -22 -23 -24 -25 25 -27 -28 -29 29 -31
leaf_value=-0.05581698526175452 -0.06063456925101246 -0.015311947161160688 -0.013463668050266574 0.051707353867692589 0.01452810259328783 0.081441321991190876 -0.0064496616579654683 0.13369138196470512 -0.022374796679700017 0.069618135079471538 0.015623545247718071 -0.10338178131813865 0.0061973394910073143 0.12342380050536278 -0.00050580178469590857 -0.028753126719193653 -0.013770298354945585 0.074854066946947684 -0.018307036654781277 0.010167769994133404 -0.00018947000333478906 -0.069871995396425676 -0.04203754678941838 -0.0012254422455231879 0.11060137968911912 -0.015723463398794584 0.17879046779020605 -0.006901360619906676 -0.051162614003435219 0.0046963196356709395
leaf_weight=62.362677630037069 30.474365074653178 396.70354265265632 295.50979131064378 125.48851882806048 71.307408988941461 10.496440561255438 98.861241337377578 5.8430767229292533 259.36792516475543 8.594908614177255 36.392314803786576 7.6331019254866979 59.883296271786094 5.1500762882642439 35.695986097678542 281.65094149159268 137.83598817000166 58.998062908649445 150.60232864879072 717.71907377894968 212.98765954375267 30.254533342085779 33.141331624239683 7293.5558525770903 27.900107530760579 110.78239880444016 15.988806056324391 12.005060592666267 16.838174305856228 2933.047807122115
leaf_count=1345 359 8843 10970 1651 1346 158 1201 91 5500 136 547 142 1170 138 437 3179 4629 475 7280 5403 2801 358 299 62717 669 3749 360 312 2436 90063
internal_value=-0.000680146 -3.97363e-05 -0.00062538 0.0161668 0.00370137 -0.0108827 -0.0192168 0.0265738 -0.0255222 -0.0194241 0.0289422 -0.00500953 0.0370056 0.0218632 -0.000142183 0.00019487 0.00392552 0.0420099 0.00274543 -0.00134711 -0.0161278 -0.0225278 -0.000417704 -0.000193337 0.00411047 0.0237734 0.0889548 0.0752519 0.00306669 0.0042057
internal_weight=13543.1 13212.7 12761.2 451.53 222.133 139.832 129.336 82.3006 330.326 267.963 229.397 44.0254 185.372 76.4575 12364.5 12069 3529.95 94.694 3435.26 8539.05 494.639 168.091 8044.42 8011.27 3267.16 166.676 55.894 39.9052 3100.49 2949.89
internal_count=218764 211783 204980 6803 3293 1718 1560 1575 6981 5636 3510 689 2821 1484 196137 185167 110768 912 109856 74399 5980 4987 68419 68120 104869 5090 1341 981 99779 92499
cat_boundaries=0 24 47 71 94 117 138 162 183 184 206 229 253 265
cat_threshold=0 256 33559040 0 268435456 262153 4194816 0 0 1026 134217728 33554432 0 1048576 0 17891328 2097208 512 16 131072 2101248 303038464 2147483648 8 285212672 0 8388608 4096 0 0 17301633 4096 0 33554432 34816 0 134217984 3 0 536870912 65 544768 16777216 134217792 4210689 0 33587201 0 33554432 32 1 0 16908288 8 268959744 2147614720 40960 132 8 537985152 8192 0 0 0 262400 8192 65538 32 1073743872 263176 1024 285212672 0 0 4096 0 0 1 0 0 0 0 0 134217984 1 0 0 1 20480 16777216 134217728 0 0 32768 0 0 0 48 1024 16384 67108864 69206144 524288 139071616 0 0 24576 8388608 0 2151677952 268697600 0 256 4 0 2147484737 335552514 131072 0 0 0 0 0 131072 0 0 0 0 2097184 35652624 3072 0 0 0 0 1310720 0 34603008 1082130432 272629760 134250496 8 0 2098176 8421376 16785408 0 2097153 16 256 8388608 4194304 0 2560 134217732 2415919104 0 0 2052 32 4194304 16 131072 64 2147485696 1024 2147483648 65536 134348800 8388608 0 0 0 2097184 35786768 18560 0 0 0 2048 1376256 524288 34603010 42 33619968 268435458 134217728 0 0 2147483648 32768 139264 0 0 131072 159385856 8388608 4194320 0 2048 12288 3221225472 4194304 512 67716 32 2148007936 136314884 541065216 128 0 8388608 0 256 0 8 1310720 2214592512 0 0 0 8388608 131072 8192 2 524288 0 0 655488 0 0 1048576 1114244 16384 76021760 8192 256 65536 1073741836 393226 0 0 32 0 0 131072 0 2 0 0 623104 528452 32 4194344 268435472 37879812 37748737 0 33554434 12582912 524288 0 2281701376 33556992 33280
is_linear=0
shrinkage=0.1


Tree=92
num_leaves=31
num_cat=1
split_feature=8 11 11 10 9 11 7 11 14 21 17 18 6 14 6 8 7 1 9 17 10 6 8 9 16 21 8 14 19 14
split_gain=7.92926 6.84184 8.92317 7.92764 14.6201 6.64006 6.34629 5.06373 3.93994 3.91024 5.11858 4.64538 3.76316 3.53081 7.27007 4.63158 3.52803 6.48894 5.5586 6.51622 6.5575 5.32749 4.93111 4.85485 4.34815 9.30006 15.3997 8.44067 6.46531 5.70351
threshold=1.5000000000000002 23.500000000000004 1.0000000180025095e-35 0.026690186932682994 39.45000076293946 189.50000000000003 1.0000000180025095e-35 1.5000000000000002 25.500000000000004 3897.5000000000005 1.0000000180025095e-35 -1.0000000180025095e-35 4.5000000000000009 253.50000000000003 11.500000000000002 29.500000000000004 5.5000000000000009 0 53.049999237060554 143.50000000000003 0.23047556728124621 4.5000000000000009 17.500000000000004 50.750000000000007 4.5000000000000009 4373.5000000000009 12.500000000000002 21.500000000000004 0.27771845459938055 1.5000000000000002
decision_type=2 2 2 2 10 2 2 2 2 2 2 2 2 2 2 2 2 9 10 2 2 2 2 10 2 2 2 2 2 2
left_child=1 2 -1 4 6 -3 -4 -8 -7 10 -5 -11 -13 16 15 -15 -2 -18 19 20 23 -22 -23 24 28 27 -27 -26 29 -19
right_child=13 5 3 9 -6 8 7 -9 -10 11 -12 12 -14 14 -16 -17 17 18 -20 -21 21 22 -24 -25 25 26 -28 -29 -30 -31
leaf_value=-0.020018355305180494 0.00024396284767786632 -0.067050347810115013 0.18270496097499667 0.083741351701229733 0.36540402247548653 0.053992815873631653 0.14439943706504449 -0.061045391181143285 -0.055577835759938514 0.0086266967955120084 -0.0045756746063534076 -0.10253589031114417 -0.011895140118333668 -0.076127505690633465 0.2282269101279204 0.19139111063262099 -0.031262845088067051 0.015729979082889523 -0.03169684926163082 -0.036977405121228539 -0.043808202808468616 0.030397481170533699 -0.027995111788244421 0.08949202672296476 -0.037089078804468392 0.15731930067054717 -0.011156054483514272 0.088462576406160842 0.10848339554269278 0.060817151731231658
leaf_weight=226.26288655982353 12398.293153972365 40.702842124388553 2.416224478511138 13.039728990755977 1.7037281186785538 8.7315323799848539 1.6167051269439978 4.651468614814803 5.2578786900266996 58.438178405165672 13.210861423984168 7.6420352924615171 11.433087657438589 14.052394427359099 0.90481564146466631 0.67841825296636749 32.056887136306614 413.78951553627849 31.080447578104213 26.543360959040001 32.306471608579159 35.452959455549717 24.425865426659584 9.2735157057177258 55.13089116034098 8.4371262434870022 15.199634315795263 5.9306875122711054 8.1841676011681539 30.097431701957248
leaf_count=3361 200335 1029 108 108 98 127 80 321 159 810 134 93 176 2364 96 124 329 5215 401 369 152 169 116 88 1293 138 252 83 47 638
internal_value=0.000164984 -0.0137931 -0.00851855 0.0142754 0.0975639 -0.0466231 0.0450183 -0.00805648 0.012811 0.00593716 0.039295 -0.00535976 -0.0482084 0.000584633 -0.0469074 -0.0638071 0.000641204 0.00740731 0.00950152 0.0115706 0.0135897 -0.01108 0.00657788 0.0177545 0.0165152 -0.00427819 0.0489811 -0.0248947 0.0204109 0.0187871
internal_weight=13536.9 395.107 340.415 114.152 10.3881 54.6923 8.6844 6.26817 13.9894 103.764 26.2506 77.5133 19.0751 13141.8 15.6356 14.7308 13126.2 727.909 695.852 664.772 638.228 92.1853 59.8788 546.043 536.769 84.6983 23.6368 61.0616 452.071 443.887
internal_count=218813 6604 5289 1928 607 1315 509 401 286 1321 242 1079 269 212209 2584 2488 209625 9290 8961 8560 8191 437 285 7754 7666 1766 390 1376 5900 5853
cat_boundaries=0 1
cat_threshold=73402432
is_linear=0
shrinkage=0.1


Tree=93
num_leaves=31
num_cat=9
split_feature=3 3 11 3 6 17 17 19 3 14 16 16 6 16 3 17 14 6 6 17 3 3 6 14 3 8 20 12 18 3
split_gain=17.4007 13.6245 8.33013 24.3275 11.3211 8.59858 7.9656 6.89476 6.69614 12.1324 11.2468 10.9084 8.45678 8.14635 18.6293 7.72549 7.01329 6.57047 6.39573 6.08809 20.5631 9.88038 9.41719 7.71333 7.42023 7.63921 7.33973 5.9962 9.12576 5.90606
threshold=0 1 -1.0000000180025095e-35 2 10.500000000000002 272.50000000000006 114.50000000000001 0.15577951818704608 3 8.5000000000000018 56.500000000000007 28.500000000000004 6.5000000000000009 163.50000000000003 4 4.5000000000000009 1.0000000180025095e-35 11.500000000000002 9.5000000000000018 165.50000000000003 5 6 7.5000000000000009 1.0000000180025095e-35 7 8.5000000000000018 0.19687219709157947 1.0000000180025095e-35 0.20027100294828418 8
decision_type=9 9 2 9 2 2 2 2 9 2 2 2 2 2 9 2 2 2 2 2 9 9 2 2 9 2 2 2 2 9
left_child=6 2 3 18 5 27 7 -1 9 10 11 15 -12 19 -15 -3 -17 -6 -2 21 22 -10 23 -21 -22 -26 -25 -4 -29 -23
right_child=1 8 4 -5 17 -7 -8 -9 13 -11 12 -13 -14 14 -16 16 -18 -19 -20 20 24 29 -24 26 25 -27 -28 28 -30 -31
leaf_value=-0.037041321841641987 0.053447861689891275 0.01739697797792553 0.041161698104658057 -0.040843560431917919 -0.047106034399350016 -0.061009420919981863 0.048306107936049517 0.010242760213792107 -0.020946191058485442 -0.05643867838530961 0.020604589182068565 -0.058130934829445757 0.15426305667691356 0.045271190897460484 -0.071230848526803045 0.010836834471150764 -0.037317897492016548 0.020439013380759367 0.16551263327081378 0.024573157269397603 -0.042665055261018436 0.0085946486642704666 0.054846694543240183 -0.06676317253843779 0.022184225219541085 -0.022249168437513945 0.059542985062488056 -0.013350771637632822 0.12156428681565015 -9.6806087500401382e-06
leaf_weight=208.37906362256035 17.316689646802846 542.45163923478685 254.08195825549774 62.870426409412175 31.321014924207702 9.6177498255856317 13.703081705607472 36.194710962474346 205.99367631116183 26.859592192806304 9.3796480169985461 22.761445050593466 9.5573164033703488 14.245178198441861 33.208213524136227 68.615519547834992 54.083065815735608 26.65995093784295 7.2144829258322707 49.154307663673535 129.60481680533849 853.39829192264006 54.627464008750394 22.520360937924128 50.930855321406852 161.02580265223514 5.7820080369710913 42.329219029750675 5.6871849466115227 10500.275627421099
leaf_count=7172 455 9166 4986 929 656 180 367 193 6888 1643 160 371 147 95 1028 1019 1512 530 164 560 2041 13362 1023 777 842 2493 52 795 106 158695
internal_value=0.000293114 0.000801995 0.0175782 -0.00980142 0.0245266 0.0320737 -0.0249219 -0.0300437 0.000190341 0.00940002 0.0120348 0.00994195 0.0880608 -0.000376308 -0.0417283 0.0122714 -0.0103888 -0.0160485 0.061383 -0.000213549 -0.0113256 0.000241756 0.0214293 0.000627755 -0.0239192 -0.0110509 -0.0409596 0.0350372 0.00262891 0.000644057
internal_weight=13529.9 13271.6 457.099 87.4016 369.697 311.716 258.277 244.574 12814.5 733.708 706.849 687.912 18.937 12080.8 47.4534 665.15 122.699 57.981 24.5312 12033.3 473.646 11559.7 132.084 77.4567 341.561 211.957 28.3024 302.098 48.0164 11353.7
internal_count=218407 210675 8801 1548 7253 6067 7732 7365 201874 14018 12375 12068 307 187856 1123 11697 2531 1186 619 186733 7788 178945 2412 1389 5376 3335 829 5887 901 172057
cat_boundaries=0 24 48 71 95 111 133 157 178 202
cat_threshold=16777216 270532864 0 0 2048 276856840 536870912 1024 2147483648 4864 262144 0 8388608 0 0 1048576 0 0 327688 2 4194368 16384 2214675456 192 8519680 536870912 2048 2048 0 134217728 67108864 0 32768 1 0 0 1130496 0 0 65536 134623266 512 4194563 67239936 1024 2097280 33554432 256 8388608 536870912 0 2048 0 0 0 0 0 1 0 0 0 0 0 0 134221824 0 3 67108864 1024 2097152 33554432 524288 33554432 671088642 0 2147483648 65541 136347680 0 0 17408 1073741824 33554432 536871552 1049856 0 0 0 524288 0 134283264 1331201 0 0 32768 0 0 0 0 0 0 0 0 8192 0 0 0 8204 16392 0 8388608 1207959552 4 4194305 4 268435456 0 0 8192 8192 0 8192 75497472 172066 33570821 0 1610614784 1 33816576 536870912 0 32896 32 1073743872 0 4096 1024 0 2164260864 0 640 720896 33554624 0 0 134217728 10485761 268435456 1610612736 0 33554432 0 0 0 515 403181576 262656 33554432 134217728 2147483648 2097664 0 0 0 2097152 184549376 0 1081344 4045406208 524624 0 0 8388608 0 0 4160 0 67108864 2418016256 2 2155872256 0 0 2048 5243136 0 0 16777216 134350848 1344274720 0 66048 0 16777216 0 402653440 4096 4 0 8392704 4 8
is_linear=0
shrinkage=0.1


Tree=94
num_leaves=31
num_cat=6
split_feature=3 3 8 11 19 3 9 9 6 3 3 16 11 11 8 10 19 10 14 6 7 19 10 6 20 6 6 20 3 13
split_gain=18.1959 13.8595 16.8379 7.0866 11.5101 6.98096 6.33424 14.3581 7.88162 10.8583 5.87 10.3777 7.56188 8.93507 9.05962 15.7066 10.7167 8.86837 30.4621 9.26115 7.84884 7.47148 6.35791 5.60397 11.6276 9.53233 10.8172 6.8961 5.57177 8.76343
threshold=0 1 20.500000000000004 -1.0000000180025095e-35 0.049312617629766471 2 29.150000572204593 26.94999980926514 5.5000000000000009 3 4 15.500000000000002 11.500000000000002 -1.0000000180025095e-35 5.5000000000000009 0.10349814966320993 0.04085205867886544 0.066949091851711287 1.0000000180025095e-35 7.5000000000000009 2.5000000000000004 0.08754052966833116 0.088938668370246901 3.5000000000000004 0.11554880812764169 9.5000000000000018 10.500000000000002 0.068820483982563033 5 0.0074280984699726113
decision_type=9 9 2 2 2 9 8 10 2 9 9 2 2 2 2 2 2 2 2 2 2 2 2 2 2 2 2 2 9 2
left_child=-1 2 -2 4 -4 6 7 -3 9 -8 11 12 13 14 15 16 -7 18 -14 -20 22 -22 -15 24 27 -25 -27 -16 -10 -30
right_child=1 5 3 -5 -6 10 8 -9 28 -11 -12 -13 17 20 23 -17 -18 -19 19 -21 21 -23 -24 25 -26 26 -28 -29 29 -31
leaf_value=-0.026641723418918441 0.0059848519342794379 -0.012581834225548455 0.248991771858771 0.050178230309791905 0.055649498519072929 0.11477918580304609 0.014868085962666384 0.15128205317781701 -0.03542536958414233 -0.030913351700065147 -0.000386219991075546 -0.044389151264283139 0.44289107406553879 -0.03687403467698528 0.098025418206167822 -0.013245003260275902 0.39916750572687698 0.030894451006609803 -0.10291922642519875 0.2308666108630183 0.054366543654853355 -8.784458638979651e-05 0.0088215495656250274 -0.022517361518649318 0.18899189121430657 0.19294770251345716 -0.00034158765200949237 -0.090308852451131433 0.012781482838421563 -0.091049904053020297
leaf_weight=252.53058081830386 148.99690966994967 18.010937786370054 5.0835328861139697 60.098824630025774 7.8091539517045021 2.7463077683933061 142.46828511566855 7.6051537612220264 180.26894705387531 68.480133126024157 12247.901697022025 28.518803908373229 2.5608904003165689 54.82190247811377 3.9409787729382497 3.85396658629179 2.5604783245362341 12.675012696534393 2.7150736402254556 1.1980339495930818 48.559236356290057 52.370850019156933 68.486212301999331 25.283442218787968 6.164473220705986 5.2651421255432052 6.4327588183805346 3.83727016299963 62.431682181428187 9.3453869594959524
leaf_count=6292 3310 676 183 1377 110 147 5086 197 7902 2146 181397 1371 164 2100 175 36 62 120 273 100 1469 459 604 606 53 123 150 36 1712 235
internal_value=-0.000571427 -5.59818e-05 0.0241724 0.0646101 0.131884 -0.000485705 -0.0120907 0.0360677 -0.0150163 -0.000754556 -2.57159e-05 0.0128965 0.0187049 0.0146083 0.0488547 0.140407 0.251994 0.0795308 0.174753 -0.000727616 0.00543193 0.0261111 -0.0114944 0.0323854 0.0864115 0.0120164 0.0866565 0.00511383 -0.0269525 -0.000647212
internal_weight=13543 13290.5 221.988 72.9915 12.8927 13068.5 488.611 25.6161 462.994 210.948 12579.9 331.991 303.472 284.323 60.0848 9.16075 5.30679 19.149 6.474 3.91311 224.238 100.93 123.308 50.9241 13.9427 36.9813 11.6979 7.77825 252.046 71.7771
internal_count=218671 212379 4980 1670 293 207399 17954 873 17081 7232 189445 8048 6677 6020 1388 245 209 657 537 373 4632 1928 2704 1143 264 879 273 211 9849 1947
cat_boundaries=0 23 47 71 92 116 138
cat_threshold=0 67108864 65536 0 0 1048578 4194432 268435456 524288 33817600 134348800 134217728 16777216 67108992 0 2048 2147483649 83886080 49408 524288 32 16384 193 0 268435456 0 2050 2147483648 8404993 0 0 0 512 278528 0 536870914 2162690 0 0 134226112 0 262152 32768 1310852 1073741952 33562624 256 402653184 134217728 0 8 0 65536 32769 8192 134250496 134219776 0 0 67108864 8388612 0 0 32 2147483648 73744 67174400 134221826 27263489 2097152 262144 134217728 0 0 0 0 0 1 8192 134250496 134219776 0 0 0 4 0 0 32 0 0 67108864 4096 10485760 1537 3 1024 0 553652224 0 0 131072 4202560 32896 0 134217888 2048 0 1048576 0 4104 0 134217728 4194304 2048 134217736 66 402653184 0 0 0 0 0 1 8192 134250496 134219776 0 0 0 8388612 0 0 0 0 8192 67108864 4096 16777728
is_linear=0
shrinkage=0.1


Tree=95
num_leaves=31
num_cat=9
split_feature=3 3 21 3 3 16 3 7 20 3 8 9 8 20 8 20 7 3 3 12 21 6 18 20 9 7 21 8 3 16
split_gain=15.4322 13.5405 7.78346 38.472 15.7392 15.8212 13.8695 12.7235 10.8396 10.6732 10.2523 12.8244 14.568 11.5027 10.1148 10.5466 9.91987 12.8602 9.02156 8.98998 8.88369 9.58322 9.09917 10.6385 9.05853 10.0938 8.78714 9.60296 8.62457 8.57415
threshold=0 1 4359.5000000000009 2 3 23.500000000000004 4 2.5000000000000004 0.036128327250480659 5 12.500000000000002 45.750000000000007 13.500000000000002 0.033993851393461234 10.500000000000002 0.018473792821168903 1.5000000000000002 6 7 1.5000000000000002 4272.5000000000009 2.5000000000000004 -1.0000000180025095e-35 0.095389395952224745 38.850000381469734 3.5000000000000004 4166.5000000000009 3.5000000000000004 8 107.50000000000001
decision_type=9 9 2 9 9 2 9 2 2 9 2 8 2 2 2 2 2 9 9 2 2 2 2 2 10 2 2 2 9 2
left_child=-1 -2 4 7 5 8 26 -4 10 16 13 -12 -13 -3 18 -16 17 -5 -9 -11 22 -22 24 -24 28 -26 27 -6 -10 -17
right_child=1 2 3 9 6 -7 -8 14 20 19 11 12 -14 -15 15 29 -18 -19 -20 -21 21 -23 23 -25 25 -27 -28 -29 -30 -31
leaf_value=-0.021337497260934646 0.014899551896566091 -0.017507394768392692 0.0060576016728039082 0.0030607558638451465 0.027492918544480927 -0.052411850906059335 0.00089500188075298083 -0.02007250198693904 -0.025534718987531242 -0.00065014494564549156 -0.047693360132374157 0.36024599363532861 0.099856868781032476 0.19129474750078646 0.17761869428082214 0.040576347258685475 -0.023951727643616132 -0.039497906195062021 0.0440226853419119 -0.027661975589552051 0.1105848512407298 0.02505359069309426 0.011243277649129624 0.10207734111395786 0.094511696022557726 -0.043344291747789997 0.0014984011218631818 -0.033781367886656991 0.013475294585383577 0.14314834931358042
leaf_weight=330.67869829118717 589.74243084108457 19.854641018901024 292.44858754076995 368.5286885848036 28.36737094365526 28.521811909973621 8745.7383721683873 46.031099230516702 95.496868479531258 1111.0242775690276 5.4398128478787839 2.3087875368073574 30.965007315389812 3.0426574512384823 6.3950605470454311 141.36320652160794 761.39087962126359 77.82496917428216 26.577746150200255 138.57963339937851 19.438159745652229 40.173021610826254 32.100522604770958 21.549766919575632 19.459653302561495 7.3052540766075245 159.47715033357963 260.01459890196566 113.81463808612898 8.6481106206774694
leaf_count=7821 10225 1073 5257 4104 702 1691 126622 605 1300 22653 302 78 1409 101 378 2187 11145 2809 555 2791 321 693 677 198 305 106 3694 6704 2072 97
internal_value=-0.000323646 0.000218713 -0.000479037 -0.00494684 0.000902035 0.0191731 7.78131e-06 0.0195064 0.024608 -0.0101739 0.063281 0.094653 0.117925 0.0102388 0.0375321 0.0518511 -0.016873 -0.00517598 0.00668743 -0.00361678 0.0177875 0.0529438 0.010554 0.0477287 0.0021058 0.0568851 -0.0169589 -0.027754 -0.00489889 0.0464896
internal_weight=13532.3 13201.6 12611.9 2978.81 9633.07 439.471 9193.6 521.464 410.949 2457.35 61.6109 38.7136 33.2738 22.8973 229.015 156.406 1207.74 446.354 72.6088 1249.6 349.338 59.6112 289.727 53.6503 236.076 26.7649 447.859 288.382 209.312 150.011
internal_count=218675 210854 200629 52581 148048 10326 137722 9079 8635 43502 2963 1789 1487 1174 3822 2662 18058 6913 1160 25444 5672 1014 4658 875 3783 411 11100 7406 3372 2284
cat_boundaries=0 24 47 71 95 119 142 165 186 198
cat_threshold=2149580800 16777216 8391168 129 0 33556993 0 0 0 0 4096 256 134217729 2 0 1050628 0 402653184 537919744 1 2049 512 512 192 268435456 838860801 2 0 8192 17039360 16777216 4096 134217728 268435456 32768 2097160 4224 67600 0 0 4136 2214592768 262272 67108864 0 1048576 1024 16777216 69206016 4194304 2101760 0 0 0 6291584 2164269056 2097154 262144 100663296 66048 8 0 0 0 0 2 0 67108864 268484608 2097282 266240 8388608 2 2147483649 1024 268435456 0 4194304 256 33554432 17920 1073743872 268435456 32 1048576 0 0 0 0 0 0 0 2191523840 1090584616 2051 33554432 1075838976 4195328 4096 0 8388608 67108864 2097280 0 10813474 0 33554432 0 8388608 0 0 0 0 33554432 2 67108864 49152 271089682 32776 142606336 4194306 2147500033 0 0 4 269484032 8448 301989888 33587713 1073750016 276824064 296 4 0 0 0 0 1 0 0 2149584896 65536 0 4194304 2147500033 0 0 4 1048576 0 268435456 0 1073750016 268435456 264 0 0 0 0 0 0 0 0 0 65536 0 0 4194304 512 0 0 0 2097152 0 0 0 0 65536 8 0 0 0 0 2 0 67108864 8388608 0 1 1024 268435456 0 0 0 0 17408 1073741824 268435456
is_linear=0
shrinkage=0.1


Tree=96
num_leaves=31
num_cat=7
split_feature=3 3 5 3 6 18 17 3 21 3 11 8 8 20 20 6 3 9 21 6 20 8 8 13 21 21 11 8 8 8
split_gain=18.3018 10.8437 10.8065 8.11395 8.21534 8.79288 9.08703 10.2138 13.358 7.16058 6.82151 6.59731 7.84108 14.3686 8.20791 8.37692 7.90939 7.39043 9.7132 19.2134 12.8779 10.0462 6.34614 6.1256 7.78788 6.12475 5.99109 17.0435 5.83594 6.18339
threshold=0 1 2 3 2.5000000000000004 -1.0000000180025095e-35 1.0000000180025095e-35 4 4328.5000000000009 5 310.50000000000006 6.5000000000000009 21.500000000000004 0.038399310782551772 0.026995739899575714 5.5000000000000009 6 34.45000076293946 4113.5000000000009 5.5000000000000009 0.15001532435417178 3.5000000000000004 15.500000000000002 -1.0000000180025095e-35 4073.5000000000005 4550.5000000000009 37.500000000000007 25.500000000000004 16.500000000000004 12.500000000000002
decision_type=9 9 9 9 2 2 2 9 2 9 2 2 2 2 2 2 9 8 2 2 2 2 2 2 2 2 2 2 2 2
left_child=-1 2 10 4 -3 -6 7 8 22 11 -2 17 16 14 15 -14 25 -5 19 -19 21 -21 -7 24 -16 -13 -15 -28 29 -18
right_child=1 3 -4 9 5 6 -8 -9 -10 -11 -12 12 13 26 23 -17 28 18 -20 20 -22 -23 -24 -25 -26 -27 27 -29 -30 -31
leaf_value=-0.024788032974316001 0.021259881185786006 -0.047535215142339569 -0.043877371149175753 -0.031002893265342519 -0.016295840408535399 0.18798858873232865 -0.035282888416946809 -0.03257298938294545 0.0036717471145807112 -0.00020668926778258801 -0.076587716705486378 0.0084625821690767593 0.15227669303497238 0.0068562124080608772 0.30902381882422697 -0.030537682064241786 -0.040384082020165107 0.016830654051539856 0.009829192557660028 0.097460257242449416 0.01354605093355425 0.23724622918532648 0.078561362695792392 0.054147263052353491 0.10152886171417973 -0.05841938503770297 0.20690332231124722 -0.018805852803615315 -0.070623756623606274 0.02943015247955218
leaf_weight=282.75349351903424 427.49144978960976 63.282149834558368 20.312391843646765 17.796664748108014 254.12805562833091 10.719374875538053 17.510879749606829 10.680926263623403 12.536238292464985 11675.138578742743 7.2456808758433899 253.10535944916774 3.921506654936822 182.63257382344455 3.8496365759056062 6.9462564559653401 33.400959614664316 35.773224893491715 62.491008054232225 10.175859538838273 7.3080854602158061 10.391687114490194 10.482456397265194 3.7504700238350761 3.412148674018681 14.475166474701835 5.7366753607057026 8.0261716255918127 27.299860353814438 20.456051952205598
leaf_count=7939 6046 1612 194 355 6953 215 442 478 283 179712 199 4716 275 2896 91 460 728 609 1329 206 53 205 215 116 139 295 167 270 630 444
internal_value=-5.70393e-05 0.000490275 0.0154897 -5.61148e-05 -0.0142707 -0.00806193 0.0257257 0.0497766 0.0659532 0.000390388 0.0191877 0.0100624 0.00535044 0.0202145 0.0970826 0.0354288 -0.00395302 0.0293233 0.0378346 0.0653305 0.127571 0.168087 0.133886 0.157928 0.211527 0.00466998 0.0116508 0.075275 -0.0293435 -0.0138671
internal_weight=13503.2 13220.5 455.05 12765.4 379.34 316.058 61.9299 44.419 33.7381 12386.1 434.737 710.949 567.013 218.275 21.88 10.8678 348.737 143.937 126.14 63.6489 27.8756 20.5675 21.2018 11.0123 7.26179 267.581 196.395 13.7628 81.1569 53.857
internal_count=218272 210333 6439 203894 10198 8586 1633 1191 713 193696 6245 13984 11227 4414 1081 735 6813 2757 2402 1073 464 411 430 346 230 5011 3333 437 1802 1172
cat_boundaries=0 24 48 49 72 95 118 141
cat_threshold=67108864 64 134218752 0 0 1073742336 32 4096 0 2155905152 65536 134283264 4194304 2097154 0 0 2 134217728 129 65537 0 49152 570622208 4096 32768 524288 0 2 0 1 4325376 0 32768 33555456 134218240 8388608 536870912 2048 0 1073741824 404881408 262144 4194304 516 2097153 0 411042305 65536 8 545261568 268435456 8388640 0 8192 163840 1048592 1024 134217728 131584 1 2097152 0 9445376 0 2560 128 49152 0 0 4 50331650 16785408 545259520 268435456 0 0 0 0 1048592 0 134217728 0 0 2097152 0 1048576 0 2048 0 0 0 0 0 0 8192 0 536870912 0 2056 2048 2172715008 268468800 0 2147614720 4210689 0 8 33697792 0 0 536870912 32 8192 8 524288 33554432 1048576 136 0 0 0 0 2048 2147483648 268435456 0 0 4210688 0 0 33685504 0 0 0 32 0 0 0 33554432 1048576 8
is_linear=0
shrinkage=0.1


Tree=97
num_leaves=31
num_cat=8
split_feature=3 3 21 19 3 7 8 3 8 3 3 16 11 8 6 21 9 8 20 19 21 3 20 16 3 21 20 20 8 8
split_gain=19.613 13.2752 8.29636 12.2414 7.86062 7.00381 5.85636 10.8259 8.08708 12.3729 12.1439 11.5327 14.944 8.02973 8.4214 6.93538 6.64156 6.62762 5.96519 21.5306 6.08975 5.82482 6.13892 5.33262 4.94721 8.29278 7.66343 11.5051 10.0551 8.10334
threshold=0 1 4578.5000000000009 0.078697547316551222 2 1.0000000180025095e-35 11.500000000000002 3 16.500000000000004 4 5 2.5000000000000004 21.500000000000004 17.500000000000004 10.500000000000002 4496.5000000000009 43.149999618530281 22.500000000000004 0.092559151351451888 0.078697547316551222 4345.5000000000009 6 0.038399310782551772 183.50000000000003 7 4564.5000000000009 0.030502704903483394 0.026995739899575714 28.500000000000004 22.500000000000004
decision_type=9 9 2 2 9 2 2 9 2 9 9 2 2 2 2 2 8 2 2 2 2 9 2 2 9 2 2 2 2 2
left_child=5 2 6 -4 -3 21 7 -2 10 -10 -8 16 -13 -11 15 -15 -12 -16 19 20 -18 22 -1 24 25 26 27 29 -28 -6
right_child=1 4 3 -5 23 -7 8 -9 9 13 11 12 -14 14 17 -17 18 -19 -20 -21 -22 -23 -24 -25 -26 -27 28 -29 -30 -31
leaf_value=-0.0095503229807134531 -0.01910968697891215 -0.013030485360428315 0.18248746584475622 -0.018721206539594682 0.061146982747227019 -0.017121561952920954 -0.009211640524623331 0.02328833222624737 -0.012640357118910992 -0.063040485756437795 0.13139597685204873 0.20863750555735361 0.047618118421834429 0.032181489519359327 0.16171350377784888 -0.056604866489210419 -0.023407519988830335 0.03960438775510855 -0.0091142119397602511 0.2715171116437281 0.11271158084475935 -0.061539403136956106 0.15205693181091798 -0.063287263869419588 -0.00037329801630141176 0.12549761676653845 -0.0013047354704467853 0.19510113785444549 0.070874034255429874 -0.061282187259565336
leaf_weight=10.466444458113981 125.76078928529751 480.38624959875597 6.9945218327920866 5.3261634521186352 21.863856908632446 301.82629209768493 36.676186126773246 98.245076244464144 124.63338109117467 8.9225693780463171 7.3311573177343234 11.72668224014342 11.335180395632049 136.01053217158187 8.700641051167624 9.406325053656472 11.636281409882946 9.0873408031184209 21.094498492777348 4.1007699165493241 4.5804846019018433 53.281312391860411 3.0313305156305423 13.347745982115155 11767.537740833592 6.394542198162525 238.58588960557245 5.0001453526783726 20.999133345670998 7.1821357924491158
leaf_count=454 2249 7356 196 59 1487 6893 588 1226 2827 109 146 122 148 1596 96 167 477 110 165 36 148 1131 50 526 185832 174 3693 206 286 526
internal_value=-0.000541233 0.000102607 0.0140203 0.0955061 -0.000618825 -0.0229819 0.0126476 -0.000328111 0.0198202 0.0112791 0.0431851 0.0625235 0.129495 0.0277224 0.0343831 0.0264383 0.0436646 0.0993317 0.0281335 0.0668057 0.0150398 -0.0529105 0.0153622 -0.000114918 -4.51395e-05 0.0124242 0.0103848 0.0549932 0.00453417 0.0308742
internal_weight=13571.5 13202.9 641.569 12.3207 12561.3 368.605 629.248 224.006 405.242 296.761 108.481 71.8051 23.0619 172.127 163.205 145.417 48.7432 17.788 41.412 20.3175 16.2168 66.7791 13.4978 12080.9 12067.6 300.026 293.631 34.0461 259.585 29.046
internal_count=219079 210551 10465 255 200086 8528 10210 3475 6735 4905 1830 1242 270 2078 1969 1763 972 206 826 661 625 1635 504 192730 192204 6372 6198 2219 3979 2013
cat_boundaries=0 23 46 70 93 116 138 160 184
cat_threshold=0 3 0 2097152 0 8395264 67141650 0 0 271876 0 0 2097152 4194816 0 0 80 33555456 16777216 134217730 33554432 2155872256 8527872 655360 2097152 0 2048 0 131072 0 0 0 128 37376 0 2151686528 2048 0 65536 8320 2147745792 32896 0 67654 33570850 1024 2048 134217728 0 0 8 32768 268435456 4194304 134217728 131080 8519680 167772160 67125248 8388608 0 0 4096 1141374976 20480 67207168 67108865 270336 136314880 4 524288 0 0 0 0 131072 0 0 0 0 36864 0 2147483904 0 0 0 8192 262144 32768 0 0 33554466 1024 0 2097152 0 2048 0 0 0 0 0 128 4096 0 4202624 2048 0 65536 0 0 0 0 2048 16386 1024 655360 0 0 0 0 131072 0 0 0 128 512 0 0 0 0 0 8320 0 128 0 65540 33570848 0 1 0 0 0 4608 2 0 0 8192 0 0 0 0 0 0 64 0 0 0 0 2155872256 67108928 268435456 2 1048578 2147483648 269485056 16777344 4096 67108864 4112 128 603979776 2 0 0 0 2416050176 256 4194304 64 0 1048576 4096 74
is_linear=0
shrinkage=0.1


Tree=98
num_leaves=31
num_cat=5
split_feature=3 3 21 3 3 2 6 11 16 19 19 16 20 21 16 6 11 19 7 20 11 20 20 11 21 11 21 19 19 21
split_gain=22.0682 13.1403 12.3989 9.42072 5.84582 6.2286 6.13999 9.14047 6.75727 6.53346 6.27498 8.67525 7.55321 5.98358 5.60389 5.55539 5.52098 10.3822 9.38258 8.14468 8.87757 7.27448 6.30829 9.7384 9.66776 9.1295 12.442 8.71696 11.1409 16.108
threshold=0 1 4510.5000000000009 2 3 4 7.5000000000000009 -1.0000000180025095e-35 26.500000000000004 0.051814123988151557 0.039049755781888969 7.5000000000000009 0.040505720302462585 1.0000000180025095e-35 36.500000000000007 11.500000000000002 -1.0000000180025095e-35 0.055890779942274101 1.5000000000000002 0.051129089668393142 140.50000000000003 0.0099422778002917784 0.13898781687021258 1.0000000180025095e-35 4222.5000000000009 52.500000000000007 4060.5000000000005 0.070795580744743361 0.10673831030726434 891.50000000000011
decision_type=9 9 2 9 9 9 2 2 2 2 2 2 2 2 2 2 2 2 2 2 2 2 2 2 2 2 2 2 2 2
left_child=-1 2 16 -3 6 14 -5 -8 9 10 11 12 -9 -7 -6 -11 17 -2 -19 21 22 -18 23 24 27 -25 -27 -21 29 -29
right_child=1 3 -4 4 5 13 7 8 -10 15 -12 -13 -14 -15 -16 -17 19 18 -20 20 -22 -23 -24 25 -26 26 -28 28 -30 -31
leaf_value=-0.038312655794112714 -0.051192254844875051 -0.019105019719928895 -0.035216628849764342 -0.021878193192278714 0.01238244928122703 0.058029735677527984 -0.046762526278988706 -0.028262270508385576 -0.074681959060839673 0.045210620191151255 -0.062724511904957383 0.13530515471674617 0.068824256504150708 0.00046624842410867017 0.074110694707526167 -0.012594954673799064 -0.032475449686148926 -0.026221379258885985 0.045106367844643773 -0.028890842968978106 -0.035707513746747119 0.066538909422653655 0.044555285643385151 -0.013108103321298123 0.11403305339540648 0.13322229089217255 -0.038366160345557745 0.17543405833884559 -0.01307106716037303 0.023559530050713456
leaf_weight=135.96236310573295 29.001618227455765 239.97038826299831 43.902904989896342 236.82102970563574 272.84827871830203 18.085418835515156 32.470767343358602 33.334553885972127 8.7025677529163641 74.701016717357561 16.159142994321883 4.9048181623802511 10.549306085333226 11865.695779416943 15.544817077228798 21.38494551833719 8.3623716223519278 29.252138725481927 49.902977273799479 20.807431232184172 27.451985309831798 65.845254248240963 98.460947731509805 114.65525596216321 14.856461893767117 10.517549784854056 7.0641668103635302 12.079212479293348 17.826284123584628 16.553910117596388
leaf_count=4373 780 5789 913 6503 1899 158 657 1677 385 762 489 252 161 186803 108 236 416 330 514 292 435 2076 615 1426 171 141 124 104 183 162
internal_value=0.000361731 0.000781592 0.0155512 0.000118895 0.000499541 0.000912187 -0.0107067 0.00184765 0.0111468 0.0157852 -0.00871452 0.00917396 -0.0049235 0.000553386 0.0151832 0.0323454 0.0201133 -6.91224e-06 0.0187469 0.0253636 0.0188173 0.0553811 0.0236022 0.0139779 0.0410247 -0.00281892 0.0642797 0.0249002 0.0489911 0.0876295
internal_weight=13553.7 13417.7 566.54 12851.2 12611.2 12172.2 439.028 202.207 169.736 161.034 64.9478 48.7887 43.8839 11883.8 288.393 96.086 522.638 108.157 79.1551 414.481 340.273 74.2076 312.821 214.36 82.1233 132.237 17.5817 67.2668 46.4594 28.6331
internal_count=218934 214561 8682 205879 200090 188968 11122 4619 3962 3577 2579 2090 1838 186961 2007 998 7769 1624 844 6145 3653 2492 3218 2603 912 1691 265 741 449 266
cat_boundaries=0 23 47 71 95 104
cat_threshold=65664 8388928 0 10 0 2560 537413632 8388608 0 1573904 0 4 0 0 0 0 2097280 0 0 524288 2359296 1048576 75497474 0 16777217 2048 128 2147483648 1 67108864 8192 0 0 0 268435464 1130496 2099218 0 1048576 268435456 8192 4202760 67109376 67616 268435488 0 256 33554432 1073742848 32 4096 268436480 2 305 524288 67108864 8392704 524288 65536 128 1024 0 0 16 33554432 64 0 0 2138624 16777220 1028 0 2 32768 32 0 2129920 8388608 2097408 0 0 294928 0 32768 12582912 268435488 3221291008 0 536870920 128 131072 4195328 4195393 33554432 2048 0 2147483648 0 4194304 0 0 268435456 0 2048
is_linear=0
shrinkage=0.1


Tree=99
num_leaves=31
num_cat=8
split_feature=3 3 3 11 16 17 16 3 3 17 6 3 11 3 11 18 12 17 21 6 21 11 21 17 14 21 11 14 3 21
split_gain=18.8886 16.5164 8.48095 7.27694 13.6355 7.2108 6.95533 7.06228 6.85077 6.71692 6.33961 12.544 11.6403 9.65225 6.97957 7.56736 6.26506 6.06979 5.94329 5.70469 10.0087 6.85806 7.20038 5.54633 12.0297 6.29115 7.80049 8.2377 6.05577 9.15618
threshold=0 1 2 -1.0000000180025095e-35 2.5000000000000004 1.0000000180025095e-35 29.500000000000004 3 4 233.50000000000003 6.5000000000000009 5 8.5000000000000018 6 -1.0000000180025095e-35 -1.0000000180025095e-35 51.500000000000007 35.500000000000007 4060.5000000000005 2.5000000000000004 1597.5000000000002 3.5000000000000004 4152.5000000000009 16.500000000000004 1.0000000180025095e-35 4222.5000000000009 241.50000000000003 4.5000000000000009 7 4125.5000000000009
decision_type=9 9 9 2 2 2 2 9 9 2 2 9 2 9 2 2 2 2 2 2 2 2 2 2 2 2 2 2 9 2
left_child=9 6 3 -3 17 -6 10 -8 16 -1 13 12 -12 -2 -13 -16 23 19 -17 20 -5 22 -21 25 -25 28 27 -27 -4 -30
right_child=1 2 8 4 5 -7 7 -9 -10 -11 11 14 -14 -15 15 18 -18 -19 -20 21 -22 -23 -24 24 -26 26 -28 -29 29 -31
leaf_value=-0.02721411054292084 -0.0036872273349401632 -0.042619240695340482 0.0016225024592829108 -0.030942109915950883 -0.05347895333761718 0.001687233183622356 0.032419460773839733 -0.044670416230298271 0.00041676494707845388 0.056516418195232766 -0.023258807634195217 0.092337561858646347 0.054543121736983613 0.047398522235945283 0.0064606465780550392 0.0554693811648189 0.096215122514088439 -0.043235025419999629 0.21125608371293844 0.011222038429118911 0.10506789020995873 0.090403919738405766 -0.060757261728357131 0.068696751956233745 -0.016728359828373372 -0.0086576753435826069 0.073031395180306408 -0.10670158684970116 0.021683743288580012 0.094931857659307034
leaf_weight=293.39766046253499 54.293098338879645 74.976473474991508 155.38807477697264 8.0399317617411743 72.620690060197376 35.168298755597789 11.352681797929106 23.26633723883424 11915.633576950873 9.904229525360277 106.14855816587806 22.203255000524223 23.484715196769685 153.01084734569304 44.757948317332193 10.816747739329001 8.734675732906906 19.176116257731337 3.1655402253381899 104.05601919419132 16.543514401651919 9.3771801558905263 16.039879529736936 44.233671184163541 26.277907092822716 147.03072025021538 10.925407702336086 9.1000764896161837 100.93810635316186 20.537938021821901
leaf_count=8324 2769 1462 1697 184 1824 531 100 874 183187 226 1389 538 274 1757 1905 447 157 311 120 1526 233 195 481 549 719 3342 158 309 2706 744
internal_value=0.000571405 0.0011441 0.000472629 -0.0145316 -0.00755489 -0.0354799 0.0197098 -0.022929 0.000913376 -0.0236986 0.0237138 0.0114929 -0.00850771 0.0361277 0.0396741 0.0265219 0.0120042 0.00982064 0.0907389 0.0164247 0.0605863 0.00803963 0.00160856 0.0108077 0.0368609 0.00666949 -0.008656 -0.0143722 0.0159167 0.0314766
internal_weight=13550.6 13247.3 12794.8 355.998 281.022 107.789 452.5 34.619 12438.8 303.302 417.881 210.577 129.633 207.304 80.9435 58.7402 523.167 173.233 13.9823 154.057 24.5834 129.473 120.096 514.432 70.5116 443.92 167.056 156.131 276.864 121.476
internal_count=219038 210488 200315 6747 5285 2355 10173 974 193568 8550 9199 4673 1663 4526 3010 2472 10381 2930 567 2619 417 2202 2007 10224 1268 8956 3809 3651 5147 3450
cat_boundaries=0 24 45 68 88 111 132 151 174
cat_threshold=101187584 536871232 1024 0 0 262144 16777216 268439552 65536 136 0 0 32 67109120 0 1073741824 0 294912 65536 0 6 134221824 262154 266432 0 1 0 1024 0 25169920 4194304 0 134250496 1026 49152 16777216 2155884544 33554433 0 537919488 2097218 4096 4112 67108865 4097 131200 83886080 0 0 8192 268435456 16 1152 262144 131073 1 8 134250496 8389632 1073741824 0 402653312 403177472 33554432 64 32 8404992 73728 0 0 0 1024 0 16781312 0 0 0 0 16384 0 0 1 0 0 66 0 0 67108864 2097152 268435456 0 513 2147485696 1749041152 1048608 256 524288 268435456 262144 33554432 1 16384 0 2048 2147483680 0 262272 524288 0 2097152 2156036160 0 1 0 1024 0 0 0 0 134250496 1024 16384 16777216 12288 1 0 1048576 2097216 4096 0 0 4096 0 0 0 0 0 8392704 4194304 0 0 2 32768 0 2155872256 33554432 0 536870912 66 0 16 0 268435456 0 512 2147483648 138412032 0 0 524288 268435456 0 33554432 1 0 0 0 32 0 128 524288 0 0 131072
is_linear=0
shrinkage=0.1


Tree=100
num_leaves=31
num_cat=7
split_feature=3 3 13 11 19 17 20 6 6 20 21 19 15 20 17 3 20 3 3 8 2 3 8 17 11 8 8 18 8 16
split_gain=17.9712 12.9986 12.5489 8.00306 10.8301 10.9404 8.79844 7.57075 9.71053 8.82314 8.09431 7.65548 7.35516 6.84778 6.75882 6.66981 7.67978 18.7436 18.2212 17.2331 10.7658 13.4042 9.30538 8.03489 7.83566 12.0217 9.2782 7.67904 8.60647 6.91107
threshold=0 1 0.084993783384561553 -1.0000000180025095e-35 0.210883304476738 133.50000000000003 0.18592240661382678 3.5000000000000004 9.5000000000000018 0.02555275242775679 4166.5000000000009 0.025460114702582363 1.0000000180025095e-35 0.22449457645416263 292.50000000000006 2 0.017089337110519413 3 4 29.500000000000004 5 6 1.5000000000000002 3.5000000000000004 -1.0000000180025095e-35 11.500000000000002 19.500000000000004 -1.0000000180025095e-35 7.5000000000000009 13.500000000000002
decision_type=9 9 2 2 2 2 2 2 2 2 2 2 2 2 2 9 2 9 9 2 9 9 2 2 2 2 2 2 2 2
left_child=-1 2 3 6 5 13 7 -2 9 11 -10 -9 -4 -5 -7 -3 17 19 -18 22 24 -22 -17 -24 25 -19 27 28 -26 -23
right_child=1 15 12 4 -6 14 -8 8 10 -11 -12 -13 -14 -15 -16 16 18 20 -20 -21 21 29 23 -25 26 -27 -28 -29 -30 -31
leaf_value=-0.025654250164671644 0.14017201603509552 -0.01123958027484136 0.13815772017934319 0.0016833169398362238 0.096456958637316806 0.17498985862834598 -0.037268636923032471 -0.031819938480404361 0.18096556554192689 -0.01034077674861034 0.010534278936491129 0.25780285417826193 0.0079293090863135681 -0.059979572175989704 0.026827018089758271 0.22890130363032068 -0.047287855406634549 0.00018158448759411665 0.00039051526480081048 0.30300835682613414 -0.047885970377895368 0.015568248845284899 0.033181890557612323 0.13492919056582381 -0.1018914576837928 0.44510336246689813 -0.066082402258168721 0.32169109439581711 0.18735084757433898 -0.043908936097162871
leaf_weight=258.21487721300218 10.616813139058648 496.06921342114219 13.963064237497749 163.85926501103677 12.666241638362406 5.4654789678752405 10.063802465796469 1.4424623842351167 7.7705304995179159 23.831400383263826 4.3447393137030303 2.4848158438690007 6.2908347819466135 20.233347814530134 7.0508446991443634 2.9669522430049247 70.688630583230406 0.9638406127924094 12125.9185114539 2.9452054309658697 45.568789021403063 161.23446158622392 54.361288571264595 9.0539534948766214 1.6385544745717178 1.6416857731528578 2.8402495875488967 1.8676272807642815 2.7641236870549619 22.229944944439922
leaf_count=6102 271 9329 295 3591 71 112 56 179 104 481 196 110 116 120 137 124 5260 86 164569 149 8456 10466 2682 341 251 188 538 193 404 4040
internal_value=-2.64417e-05 0.000490312 0.021067 0.0160949 0.00683093 0.0010569 0.048111 0.0651289 0.0451479 0.0125459 0.119846 0.151426 0.0977089 -0.00509396 0.091525 1.54208e-05 0.000470466 0.0160122 7.57316e-05 0.0579499 0.00146756 -0.00471449 0.055807 0.0477086 0.0688388 0.280517 0.0838604 0.15178 0.0797029 0.00792934
internal_weight=13551.1 13292.8 290.084 269.83 209.275 196.609 60.5546 50.4908 39.8739 27.7587 12.1153 3.92728 20.2539 184.093 12.5163 13002.8 12506.7 310.077 12196.6 69.3274 240.749 229.033 66.3822 63.4152 11.7161 2.60553 9.11056 6.27031 4.40268 183.464
internal_count=219017 212915 5839 5428 4031 3960 1397 1341 1070 770 300 289 411 3711 249 207076 197747 27918 169829 3296 24622 22962 3147 3023 1660 274 1386 848 655 14506
cat_boundaries=0 24 47 69 92 116 127 151
cat_threshold=98304 1 0 1032 8 65536 2147483648 8388608 524288 8706 0 256 2148532226 1048578 0 0 4192 262144 4259840 0 4194308 1075838976 128 4 1090519040 320 134217728 0 268435456 32768 67584 8192 134217728 384 133632 2088 8388608 8192 0 1048576 2147483664 33579520 16777216 32768 0 0 8388608 128 134217728 536875009 6144 0 16384 32768 524288 0 9 0 0 2113568 12582912 268435456 0 0 67108864 536903696 134218308 134250592 33554433 64 2097152 0 0 0 2049 4194304 301989888 65536 2283274240 294917 0 0 0 0 0 0 256 0 0 0 2550137344 69865030 64 2097152 0 0 2147483648 2048 0 301989888 0 2298478592 32773 0 0 0 0 0 0 256 0 0 0 2550137344 36569666 520 16778272 201326592 0 67108864 0 2134592 268435456 131072 2098176 2147483648 524800 0 67633152 32768 2 24576 2147483648 0 0 0 1109444608 24 0 0 100663296 1 0 0 0 0 0 0 1639488 156270592 6192
is_linear=0
shrinkage=0.1


Tree=101
num_leaves=31
num_cat=8
split_feature=3 3 14 3 8 14 19 12 19 3 8 16 16 14 3 16 3 3 9 9 3 19 16 19 9 17 8 9 9 9
split_gain=18.1425 12.3551 8.20115 7.83963 7.03331 9.15611 6.72926 6.26224 6.51784 6.07075 10.9498 8.15374 7.8068 6.47605 28.5462 12.0728 15.243 9.86788 11.204 11.1527 8.24474 8.08541 7.96093 12.4332 27.3398 7.93862 13.9985 7.50392 7.41219 20.1176
threshold=0 1 2.5000000000000004 2 27.500000000000004 1.0000000180025095e-35 0.072631742805242552 1.5000000000000002 0.070795580744743361 3 14.500000000000002 20.500000000000004 38.500000000000007 4.5000000000000009 4 13.500000000000002 5 6 47.649999618530281 53.049999237060554 7 0.24403697252273562 17.500000000000004 0.078697547316551222 61.350000381469734 106.50000000000001 18.500000000000004 25.650000572204593 34.95000076293946 40.45000076293946
decision_type=9 9 2 9 2 2 2 2 2 9 2 2 2 2 9 2 9 9 10 8 9 2 2 2 8 2 2 10 8 8
left_child=4 2 -2 -3 5 -1 -4 8 -7 10 11 -5 -12 20 28 17 22 18 -16 -20 -11 27 23 24 -17 -19 -27 -18 -15 -30
right_child=1 3 6 9 -6 7 -8 -9 -10 13 12 -13 -14 14 15 16 21 25 19 -21 -22 -23 -24 -25 -26 26 -28 -29 29 -31
leaf_value=-0.029550199330146479 0.0263026758784288 -0.012045688099749334 -0.05284742165398354 0.048353206905719509 -0.06976826369405513 -0.0087968520460274154 0.036977185977614714 -0.076234514752230198 0.062898092488487586 -0.010911202593755644 -0.0075359925259534293 -0.065239766303488725 0.1072643376312542 -0.012158543383843626 -0.069447640289542631 0.0090856841785664725 -0.028043778960289069 -0.017873927952880703 0.087419552951071344 -0.060235501995422852 0.0018155852413725107 -0.0012604537587401418 0.0083534557870682605 0.0065887010140701684 0.38469115446984031 -0.028206822774216753 0.33032983023667856 -0.091986311206408655 0.085142735222877339 0.0093666861422326622
leaf_weight=200.11904663138557 285.25079218065366 478.64037211990217 25.339797958207782 98.735561772016808 31.152020478039049 24.92938169662375 12.432007982861249 6.5491156022762871 25.80665232334286 524.46998911164701 125.8041764984373 6.7511514043435445 6.2163193320156998 105.94126353634056 129.12625565001508 4.3787868074141443 46.400166436797008 97.436606658331584 9.7714530419325438 10.7355891893385 10763.301470717939 48.75094110891223 93.481537854764611 9.8356611132621747 3.4764667041599777 2.6736769422423086 1.8372644577175377 30.362651180010289 39.596668180311099 304.17513198708184
leaf_count=4078 9693 11277 2078 2303 598 769 112 143 222 6668 2983 356 301 1214 9109 133 1842 6021 245 891 149944 222 2070 200 157 167 111 754 339 3651
internal_value=0.000322073 0.000869878 0.0198888 0.000380188 -0.024057 -0.0194594 -0.023283 0.0157915 0.0276705 0.000866667 0.0163731 0.0410833 -0.0021305 0.000552291 -0.00743133 -0.0238885 -0.00816602 -0.0396296 -0.0548755 0.010121 0.0012162 -0.0306658 0.0183445 0.0815082 0.175316 -0.0108094 0.117822 -0.0533355 0.0107293 0.0180948
internal_weight=13553.5 13264.9 323.023 12941.9 288.556 257.404 37.7718 57.2851 50.736 12463.3 237.507 105.487 132.02 12225.8 937.98 488.267 236.686 251.581 149.633 20.507 11287.8 125.514 111.172 17.6909 7.85525 101.948 4.51094 76.7628 449.713 343.772
internal_count=218651 212841 11883 200958 5810 5212 2190 1134 991 189681 5943 2659 3284 183738 27126 21922 5378 16544 10245 1136 156612 2818 2560 490 290 6299 278 2596 5204 3990
cat_boundaries=0 23 46 69 92 115 136 158 180
cat_threshold=32832 2097152 33620994 0 0 0 16777216 8388608 32768 0 0 0 2147500064 1056784 0 536870912 0 1024 16785472 0 33554497 12288 1122374 536870912 134217728 134217728 5 0 131072 268435457 4096 67108864 1082368 16384 8 134217728 33555458 0 0 1 84148736 536870912 512 32 8388608 163841 0 1107296256 1 2097152 268435456 2147483648 262144 4194304 0 12298 1073741824 32 0 12599296 268435456 1048576 33554432 2147483648 262160 0 1048576 306200576 134742144 8388736 285736960 0 0 0 545374208 384 0 262144 37765120 65536 0 4194816 2097792 0 0 131072 0 33554432 163840 2097280 1081856 1024 3255304192 0 536871040 0 0 0 524288 8192 0 2304 8192 3498051584 262220 67108865 0 65536 64 134217728 32770 0 67174400 2147483648 2214592512 268566528 4194308 4210688 0 0 4 131072 2097152 50331648 0 1052672 589299712 233744 0 0 0 0 0 0 0 262144 402784256 4194308 4212736 512 0 4 1048576 131072 285212672 0 1052672 639631360 628114 8 0 0 0 524288 0 0 0 32 33554432 8388928 0 0 1024 1 525312 524288 0 134217984 0 134219776 64 67108865 0 16777216 134226000 134217728 36864 65536 67436550 2149580800
is_linear=0
shrinkage=0.1


Tree=102
num_leaves=31
num_cat=2
split_feature=2 16 10 2 6 7 21 11 14 11 16 10 21 19 8 16 19 8 8 21 20 6 10 7 10 18 21 8 19 10
split_gain=5.33961 7.6045 5.51523 6.4529 10.4676 5.65121 6.72501 5.16068 8.1526 6.04267 11.5079 6.05244 4.74946 6.32603 6.30797 11.1576 10.1474 5.16335 4.45566 4.22929 4.54586 9.66427 9.00001 5.7538 10.7952 8.39783 5.46815 5.30835 5.26996 4.88034
threshold=0 103.50000000000001 0.013707789126783611 1 3.5000000000000004 2.5000000000000004 1301.5000000000002 154.50000000000003 2.5000000000000004 31.500000000000004 16.500000000000004 0.12361359223723413 4100.5000000000009 0.020199722610414032 17.500000000000004 1.5000000000000002 0.016124478541314605 29.500000000000004 9.5000000000000018 1301.5000000000002 0.070900615304708495 2.5000000000000004 0.12361359223723413 3.5000000000000004 0.11807876825332643 -1.0000000180025095e-35 1083.5000000000002 18.500000000000004 0.24403697252273562 0.11290977895259859
decision_type=9 2 2 9 2 2 2 2 2 2 2 2 2 2 2 2 2 2 2 2 2 2 2 2 2 2 2 2 2 2
left_child=1 7 3 4 -2 6 -6 9 -9 19 -11 -12 -5 14 15 16 18 -16 -14 20 21 -1 -22 24 25 27 -24 -23 -28 -25
right_child=2 -3 -4 12 5 -7 -8 8 -10 10 11 -13 13 -15 17 -17 -18 -19 -20 -21 22 23 26 29 -26 -27 28 -29 -30 -31
leaf_value=-0.045587423695710026 0.36193373891044167 0.080479390273163837 -0.00015271605725141133 -0.071635863001942093 0.29745427967660543 -0.10264790291340567 -0.025863422081036855 0.019185257326723024 -0.08698368074926946 0.099025385248629874 0.051483719624022622 -0.044152193301500976 0.19029004513376441 -0.076886356265889605 -0.080156005803529981 -0.1008365923996476 0.37989674444572524 0.23452647874609514 -0.040801406705319197 -0.04406426312422887 -0.019774035021597223 0.033728800469661938 0.016375293192533967 -0.046206870265104207 0.010244939326516513 0.19283074191157903 -0.03544299084882898 0.12295402938246024 0.025160616620195593 0.048721225016541331
leaf_weight=15.514052843209354 1.2953875713283194 14.416553083341567 12781.493238132913 30.949396174575668 1.2525776966940614 1.7212320924736557 1.3226501948665825 14.371080432552846 14.561013922095297 20.806322297081351 12.239907778799536 14.405791163444517 1.7099762732395922 8.3885503715137002 4.7920794619712979 2.0117222309927456 1.6625438176561145 0.585079657845199 1.6293377508409319 16.244946108199656 123.07467284798622 16.977340393699709 331.56737306714058 12.17329311091453 28.87857785820961 6.7796445344574741 43.354523297399282 10.980338478460906 21.44663117825985 9.7562199942767602
leaf_count=202 173 116 199467 9260 156 205 164 100 150 132 130 90 161 2003 861 497 198 89 165 146 1383 250 1663 192 205 88 223 172 101 67
internal_value=0.000183957 0.0084582 -0.000291287 -0.0312411 0.0404404 0.0376346 0.131397 0.00712084 -0.0342477 0.00887015 0.0432956 -0.000221097 -0.0392248 -0.00982759 0.0355713 0.0980458 0.178035 -0.0459159 0.0775345 0.00630468 0.00762335 0.0270285 0.00384802 0.0401977 0.0554246 0.0929843 0.0111828 0.0687719 -0.0153856 -0.00397431
internal_weight=13566.4 727.548 12838.8 57.3205 5.59185 4.29646 2.57523 713.132 28.9321 684.2 47.452 26.6457 51.7287 20.7793 12.3907 7.01358 5.00186 5.37716 3.33931 636.748 620.503 101.059 519.443 85.5454 63.6159 34.7373 396.369 27.9577 64.8012 21.9295
internal_count=218809 5410 213399 13932 698 525 320 5294 250 5044 352 220 13234 3974 1971 1021 524 950 326 4692 4546 1176 3370 974 715 510 1987 422 324 259
cat_boundaries=0 8 19
cat_threshold=0 2147483648 0 71303168 16 0 268435456 131328 16778272 67108896 128 0 0 4160 67108864 0 1024 0 1073742336
is_linear=0
shrinkage=0.1


Tree=103
num_leaves=31
num_cat=5
split_feature=3 3 13 9 14 19 19 21 21 13 7 3 8 12 3 8 9 8 7 17 17 3 8 6 14 21 8 21 8 21
split_gain=17.2722 13.1642 7.98517 6.87273 7.05582 7.95471 12.0413 7.52834 12.2214 8.85776 7.26053 6.66465 6.58268 6.14111 6.11252 6.09549 6.05265 6.8662 6.38142 5.77681 5.58469 5.45523 5.95139 10.5407 15.0778 7.75549 6.89859 6.92557 6.74677 6.41086
threshold=0 1 0.14363731443881991 29.650000572204593 3.5000000000000004 0.031157341785728935 0.030056720599532131 3883.5000000000005 4014.5000000000005 0.02187786623835564 2.5000000000000004 2 5.5000000000000009 8.5000000000000018 3 20.500000000000004 38.850000381469734 26.500000000000004 1.0000000180025095e-35 38.500000000000007 55.500000000000007 4 6.5000000000000009 8.5000000000000018 6.5000000000000009 3402.5000000000005 5.5000000000000009 4087.5000000000005 2.5000000000000004 4328.5000000000009
decision_type=9 9 2 8 2 2 2 2 2 2 2 9 2 2 9 2 10 2 2 2 2 9 2 2 2 2 2 2 2 2
left_child=-1 2 3 -2 5 6 7 -5 10 -10 -9 16 -6 -4 -13 20 17 18 -3 -17 -7 -20 23 24 26 -25 27 -23 -29 -30
right_child=1 11 13 4 12 15 -8 8 9 -11 -12 14 -14 -15 -16 19 -18 -19 21 -21 -22 22 -24 25 -26 -27 -28 28 29 -31
leaf_value=-0.029854593761099165 0.075640703245017871 -0.025005037893242977 4.9048864056012553e-06 -0.054686407227570337 0.091730190415875601 -0.0004568932177207371 0.25417379014869768 0.090404863689430598 0.023872278260283469 0.24262933303481093 0.35095251993241477 -0.011888620583623158 -0.072292679219958147 -0.11684852270890317 -0.00055423957060332825 0.043049723661406566 0.041473800676273091 0.037619693330575077 0.033424829311017194 -0.028002684259842009 0.056827512864084197 0.0088516826097284531 -0.0074305155847214427 0.07852021740862479 0.21597070261441825 -0.059138756939471585 -0.066458640287885729 0.20240498037723431 0.14440910135170618 -0.033665956812728486
leaf_weight=186.48307273723185 21.884273837786168 71.689910253044218 11.606024317909034 5.9813908780924967 2.9490242612082538 176.14447350497358 3.0651751360855988 2.0778249888680902 22.841292729484852 2.0141950029646969 2.20402473048307 485.62404312047875 14.366597661282865 7.3428328589070579 11984.970149915433 96.143175708246417 57.140177482739091 62.591212916420773 56.784097802359611 12.988638976588843 18.838859227253124 14.884360113414006 194.26840794144664 5.3818638324737575 5.339375266339629 17.084123912500218 5.582444970495998 4.8323406605049959 3.9417037491220963 4.150354768615216
leaf_count=6382 357 1824 261 181 97 2815 124 143 1509 110 137 13447 592 141 178666 1495 1365 1513 1071 157 232 315 4883 51 138 497 112 115 91 116
internal_value=-0.000421056 1.16478e-05 0.017644 0.0212317 0.0179207 0.0210711 0.0640929 0.0475026 0.0684802 0.0415995 0.224518 -0.00054574 -0.0443579 -0.0452767 -0.00100479 0.0156694 0.0106184 0.00690775 0.00190097 0.0345932 0.0050778 0.00807837 0.00109324 0.0283305 0.0599392 -0.0261617 0.0349892 0.0553543 0.108909 0.0530758
internal_weight=13561.2 13374.7 400.448 381.499 359.615 342.299 38.1839 35.1187 29.1373 24.8555 4.28185 12974.3 17.3156 18.9489 12470.6 304.115 503.67 446.53 383.939 109.132 194.983 312.249 255.465 61.1966 38.7306 22.466 33.3912 27.8088 12.9244 8.09206
internal_count=218937 212555 8351 7949 7592 6903 2204 2080 1899 1619 280 204204 689 402 192113 4699 12091 10726 9213 1652 3047 7389 6318 1435 887 548 749 637 322 207
cat_boundaries=0 24 48 72 95 119
cat_threshold=128 0 66048 2048 0 2049 6819848 268435456 32768 0 134348800 2048 0 8192 0 0 0 805307392 33554561 0 0 2150662656 128 65664 1140850688 603979840 0 5120 0 135168 2048 0 402653184 1057920 0 32 2113536 65552 0 2048 2101248 0 12288 0 4096 1107296256 64 262144 33554432 0 134217729 0 2048 805355520 353 2101376 0 4096 1074003968 0 8454144 1024 0 0 33554448 0 16777232 3 2048 268435456 393216 512 268533760 1073742336 0 8 0 134217732 134217728 0 327680 131072 8912896 0 4194320 41959680 1073741824 0 8 4096 294976 512 134299648 0 2097664 33554432 0 134217728 0 0 536903680 256 128 0 0 0 0 0 1024 0 0 16 0 0 1 2048 0 0 512
is_linear=0
shrinkage=0.1


Tree=104
num_leaves=31
num_cat=14
split_feature=3 3 14 3 3 8 20 7 8 21 16 3 3 14 3 3 3 3 9 7 20 8 3 9 3 3 2 9 21 8
split_gain=20.7279 10.9789 10.2215 8.33753 6.13569 10.7613 7.57502 10.4538 9.84611 9.56161 5.88353 42.0135 24.4907 23.4897 54.6996 19.1222 14.6043 12.5311 10.9982 11.143 10.6877 15.9245 10.5595 10.5036 12.5229 11.254 10.0109 13.4169 9.38836 15.3138
threshold=0 1 9.5000000000000018 2 3 23.500000000000004 0.083451043814420714 1.5000000000000002 26.500000000000004 4537.5000000000009 1.5000000000000002 4 5 1.5000000000000002 6 7 8 9 26.250000000000004 3.5000000000000004 0.047120505943894393 29.500000000000004 10 45.049999237060554 11 12 13 32.149999618530281 4373.5000000000009 25.500000000000004
decision_type=9 9 2 9 9 2 2 2 2 2 2 9 9 2 9 9 9 9 8 2 2 2 9 10 9 9 9 10 2 2
left_child=-1 2 -2 -3 5 -5 8 -8 -7 -10 13 -12 18 15 -15 20 -17 -14 19 -13 21 -6 -18 25 -25 -19 27 -27 -28 -30
right_child=1 3 -4 4 10 6 7 -9 9 -11 11 12 17 14 -16 16 22 23 -20 -21 -22 -23 -24 24 -26 26 28 -29 29 -31
leaf_value=-0.030063827495597745 0.017956980216911674 -0.016788291492111408 -0.064946625104219863 0.0020723847086871572 0.053628382259906841 0.12353342026617536 -0.014106878148923791 0.040605728903749347 0.0038668170309331348 0.18278587078551564 -0.025773940511454974 0.046984662265627503 -0.026216967071912713 0.026507802990343818 -0.059412756625725108 -0.030849100485215095 0.015593389563243349 -0.029052354268960946 0.024399628368756254 0.19864875865675014 0.016282596634998064 0.29156461040923476 -0.0019119883582548855 0.028351526561966468 -0.028788297616928395 0.052934482771659512 0.0024584035854399028 -0.045866501202761353 0.02775037363110246 -0.019258904862464399
leaf_weight=219.63948283635546 461.7858407163294 290.28551372041693 15.366796247079035 591.07615891180467 49.009014669805765 17.680741292773746 58.704018296673894 86.202094789594412 22.984357164241377 3.433009310392662 427.06933929899242 14.79213272361085 127.81411114084767 111.72976721089799 194.07446357695153 158.69626729632728 351.38638536119834 73.436446942505427 498.76829372043721 7.2034583867061874 195.88729229848832 2.9841153554152688 7440.2026051255525 42.260368140414357 159.30943476752145 99.308010272448882 1331.8160515130148 15.952342010103164 374.04281033854932 85.054776883334853
leaf_count=4195 6297 8818 309 7337 2681 541 408 600 719 75 6832 281 3805 2783 10580 3416 5295 4142 9020 97 2366 121 101106 483 2627 717 24233 137 7032 1558
internal_value=-0.000276061 0.000237965 0.0149732 -0.000321229 7.30085e-05 0.00860374 0.0294846 0.0184407 0.0657748 0.0271178 -0.000499654 0.00311414 0.00753839 -0.00188424 -0.0290965 -0.000869182 -0.00173531 0.00306662 0.0269342 0.096654 0.0259341 0.0672846 -0.00110355 0.00489442 -0.0168302 0.00713121 0.00863233 0.0361259 0.00667212 0.0190412
internal_weight=13528 13308.3 477.153 12831.2 12540.9 780.08 189.004 144.906 44.0981 26.4174 11760.8 3256.83 2829.76 8503.97 305.804 8198.17 7950.29 2308.99 520.764 21.9956 247.88 51.9931 7791.59 2181.18 201.57 1979.61 1906.17 115.26 1790.91 459.098
internal_count=218611 214416 6606 207810 198992 9680 2343 1008 1335 794 189312 60964 54132 128348 13363 114985 109817 44734 9398 378 5168 2802 106401 40929 3110 37819 33677 854 32823 8590
cat_boundaries=0 24 46 69 93 117 141 164 188 212 236 260 274 298 309
cat_threshold=0 536870912 0 0 1024 671092736 258 0 0 4202528 65536 32 8388609 4194306 0 65536 2283798656 553648128 0 67141632 1048608 1140850688 402653184 32768 0 134742272 0 1024 2415919104 8520704 4194336 4194304 0 33554432 163840 671088640 0 1 0 2048 1 789504 344064 0 6553600 1048578 67108864 2 8388608 1 0 2147549696 286263320 268439552 0 16384 1073758209 0 100663296 0 0 536870912 0 256 0 0 33554433 153100288 2113536 1073741824 1073741824 0 2 2048 272629761 4 131200 2147491840 0 134217728 2097152 1052672 512 0 512 33554432 268435456 0 64 33792 6144 537526792 64 2155872256 33554432 134234112 512 0 0 67108864 0 0 1032 0 3221225472 24834 2097152 0 0 8 67108864 4198536 196610 0 2415952000 327680 8 134217728 65 570425345 0 0 4 655360 2097152 33554432 0 1323008 33554432 138412032 0 0 1073741824 32 134217728 66 1 67112960 262144 0 65536 2164260864 0 2147483648 644 0 0 2097152 0 268435456 0 1056768 3229614080 4268034 12 0 8388608 0 0 33554432 2 4 32768 2147582080 2621440 33554432 134217728 4100 0 0 1024 0 0 268993689 0 0 16384 2097152 0 0 0 67141632 4104 65536 0 2185363584 67110912 4104 0 65 6144 0 8192 16384 524288 0 0 0 0 0 138412032 16384 0 0 32 2281717760 1081345 513 4164 0 2 65536 2097152 0 0 2052 0 0 2097152 8388608 269221888 404226561 0 67108864 2684387328 0 0 0 64 36864 33554448 0 0 131072 50331712 4353 2147483712 8388608 0 1050624 0 0 2147483648 134217728 269221888 1114114 0 67108864 2432737536 2048 0 0 268697664 0 0 131074 2 268435456 1098907648 1 553648128 6291456 0 2097280 0 0 0 0 0 0 0 0 1136 8196 16779264 8388608 131136 2097280 0 1073741832 32832 0 131072 2214658066 640 8196 32 2052 0 2147483648 268697600 0 0 0 0 37748736 2048 2048 0 0 0 4194304 16 0 0 256 2048 0 524288
is_linear=0
shrinkage=0.1


Tree=105
num_leaves=31
num_cat=6
split_feature=3 3 8 12 21 3 8 3 13 6 19 3 6 19 14 3 20 12 19 7 19 8 6 19 7 8 16 21 6 21
split_gain=18.1886 8.90081 9.53607 8.71335 7.35246 9.9504 6.81941 6.7934 9.96903 9.67933 6.82722 6.1194 6.41236 9.5218 5.92445 7.49721 15.8088 13.7588 7.48334 5.80194 6.89969 5.77467 10.0837 7.64608 6.43831 5.904 7.95096 10.0253 9.77062 9.04112
threshold=0 1 20.500000000000004 -1.0000000180025095e-35 4404.5000000000009 2 28.500000000000004 3 0.27289500832557684 9.5000000000000018 0.068360310047864928 4 2.5000000000000004 0.19161307811737063 9.5000000000000018 5 0.070900615304708495 -1.0000000180025095e-35 0.078697547316551222 1.0000000180025095e-35 0.058146135881543166 20.500000000000004 1.5000000000000002 0.095988299697637572 2.5000000000000004 14.500000000000002 1.0000000180025095e-35 1083.5000000000002 8.5000000000000018 3976.5000000000005
decision_type=9 9 2 2 2 9 2 9 2 2 2 9 2 2 2 9 2 2 2 2 2 2 2 2 2 2 2 2 2 2
left_child=3 2 4 -1 5 -2 -5 8 9 10 19 12 13 -9 15 16 -4 -18 -19 20 -3 25 -23 24 -24 26 28 -28 29 -12
right_child=1 7 14 6 -6 -7 -8 11 -10 -11 21 -13 -14 -15 -16 -17 17 18 -20 -21 -22 22 23 -25 -26 -27 27 -29 -30 -31
leaf_value=-0.052221215992799219 -0.016372059650689434 0.062763850151437581 0.18032959929928494 -0.01041297984448822 0.035710275115957299 0.024712635792774305 -0.063408091728758095 0.00034044235610565965 -0.094887013782007729 -0.032789025097172374 -0.0079940776587709202 0.00096801529051762062 -0.011354625939804616 0.068640400588514949 -0.043087419815910293 0.0040353602541056523 -0.033509438804344337 -0.0041924774683129778 0.0824379057071426 -0.045979777228014079 -0.12591981634334723 -0.088528463495534226 0.0017928754916993934 -0.015971050795278614 0.10894316030625645 0.035403940520715792 0.041577555565357527 -0.063143169344091352 -0.069002322367634483 0.043698386662441475
leaf_weight=73.994350990280509 176.88740683102515 10.640634161187334 9.7058329365681839 320.80610784573946 58.409070843481459 76.423695871257223 26.269826464820653 132.47521732584573 13.689994416548869 129.91626455530059 59.86122608371079 11143.715164861584 761.50101005623583 24.129488179460168 9.4477966539561731 57.842767821392044 17.439387455582619 12.243045143783091 53.740174530074 54.095569854136556 2.3696237546391776 15.956862850114701 12.956645191647114 99.732954716309905 9.88674098998308 74.109777723439038 12.627545800060032 33.117537464480847 13.148253999650477 77.822251413948834
leaf_count=1930 2467 539 270 6813 908 1741 542 2206 189 2028 387 178897 12181 173 273 1299 184 119 457 2269 38 153 185 760 133 662 68 439 116 687
internal_value=-0.000364977 0.000297465 0.0136336 -0.0205775 0.00372716 -0.00364759 -0.0144241 -0.000209387 -0.0103333 -0.00859435 -0.00199533 0.000319071 -0.0074832 0.010864 0.0337332 0.0385407 0.0537656 0.0454854 0.0663638 -0.0315597 0.0283979 0.00285277 -0.0137523 -0.00401805 0.0481681 0.011351 0.00228301 -0.0342359 0.0133587 0.0212238
internal_weight=13575 13153.9 472.139 421.07 311.72 253.311 347.076 12681.8 619.932 606.242 476.326 12061.8 918.106 156.605 160.419 150.971 93.1284 83.4226 65.9832 67.1058 13.0103 409.22 138.533 122.576 22.8434 270.687 196.577 45.7451 150.832 137.683
internal_count=219113 209828 7718 9285 5116 4208 7355 202110 8653 8464 6436 193457 14560 2379 2602 2329 1030 760 576 2846 577 3590 1231 1078 318 2359 1697 507 1190 1074
cat_boundaries=0 24 46 68 92 115 137
cat_threshold=32768 0 64 2097152 268435464 0 4718592 0 0 524417 128 0 384 2 0 0 4096 100663296 150999056 0 1115136 147456 2147754049 128 131072 1677721600 4194304 0 8192 696254464 16777216 8389632 524288 0 134676480 0 1048577 73744 0 0 64 268451840 0 131072 32768 1075839106 131072 1677721600 4194304 0 0 25165824 16777216 0 524288 0 134676480 0 0 0 0 0 0 16384 0 131072 0 128 0 0 16384 4 0 0 9 16777216 67108864 134250498 524288 0 138412032 32 268435488 65536 2147614754 10240 4194304 65536 0 17039360 285212800 256 524416 524288 134217728 1048608 1024 524288 2 67108864 0 1179664 2 2684354564 17367072 8388608 0 3229614080 0 134218240 0 0 4194304 8388673 2097152 131072 1677721600 4194304 0 0 25165824 0 8388608 524288 0 131072 0 0 0 0 0 0 16384 0 131072 0 128
is_linear=0
shrinkage=0.1


Tree=106
num_leaves=31
num_cat=8
split_feature=3 3 3 11 11 3 9 13 8 19 11 14 20 13 19 20 3 5 3 11 21 5 11 11 19 21 20 8 21 11
split_gain=18.5039 11.833 7.81067 7.15368 9.15128 5.76183 5.75739 7.52506 10.4149 7.57592 5.70635 5.73473 6.33213 9.74327 7.42343 5.47211 5.17831 13.8505 15.7418 11.283 15.404 10.6825 7.73325 6.53166 6.51201 9.32353 5.14166 5.07423 5.17001 6.32961
threshold=0 1 2 189.50000000000003 108.50000000000001 3 43.750000000000007 0.018454465083777908 27.500000000000004 0.035394687205553062 1300.5000000000002 9.5000000000000018 0.066522132605314269 -1.0000000180025095e-35 0.039049755781888969 0.11554880812764169 4 5 6 1.0000000180025095e-35 4434.5000000000009 7 170.50000000000003 92.500000000000014 0.14065735787153247 4481.5000000000009 0.18592240661382678 21.500000000000004 3924.5000000000005 6.5000000000000009
decision_type=9 9 9 2 2 9 10 2 2 2 2 2 2 2 2 2 9 9 9 2 2 9 2 2 2 2 2 2 2 2
left_child=3 -2 6 4 15 -4 -3 8 26 -9 16 -12 13 14 -13 -1 21 -18 -19 20 -20 -7 23 -23 25 -24 27 28 -8 -30
right_child=1 2 5 -5 -6 10 7 9 -10 -11 11 12 -14 -15 -16 -17 17 18 19 -21 -22 22 24 -25 -26 -27 -28 -29 29 -31
leaf_value=-0.043826622577226221 0.016415886231246065 -0.017845973117138099 0.010793907882804162 -0.10446521463724162 0.074469899722278673 -0.065784166905462738 0.11907316616630988 0.0066409684623011033 0.19152721474025688 0.23511428134668264 0.11552681516566139 0.072505303279767147 -0.026716110752812168 -0.10288549880030272 0.43469408780347707 -0.01372680940274334 -0.00013901324696125446 -0.033867055949887558 0.090278589335434326 0.00035119578622150088 0.26429825346322405 -0.007170253546412271 -0.058343463681155117 -0.066320953983781447 0.085910496522780225 0.10105598399060392 -0.12540891331436352 -0.085102609235191709 -0.056219697087474686 0.089823357503116347
leaf_weight=108.47598313447088 430.92093704652507 366.26171567250276 483.34653410175815 11.368865288735831 9.2103237380506453 22.688742809463292 4.6010145170148595 2.7241924521513274 2.6836643314454696 3.1061232193605974 8.3910998160718027 1.1501823567086829 10.720183379016815 1.1883158909040501 1.1139693749137221 136.27657476067543 11376.723536567239 14.149442410096524 21.911811089434199 8.658730010094585 6.6245432319119564 437.42184523097239 10.710883507388646 19.500484073301777 16.12189593911171 5.581800559477414 3.6507403254508963 5.122893286170437 8.3518200435210002 4.6033959496999151
leaf_count=4105 8778 14679 12148 438 175 239 226 211 148 48 138 134 190 119 79 1100 165380 427 364 129 66 7734 351 335 100 59 23 271 318 424
internal_value=-0.000224129 0.000307877 -0.00024477 -0.0258835 -0.0233849 0.000203025 -0.0138065 0.0246926 0.0038603 0.128361 -0.000233554 0.0500079 0.0112165 0.129 0.250703 -0.0270672 -0.000328693 0.000116391 0.0475053 0.0790774 0.130676 -0.0100683 -0.00621927 -0.00969468 0.0408521 -0.00373393 -0.0152676 0.00246224 0.0280136 -0.004326
internal_weight=13543.4 13278 12847.1 265.332 253.963 12446 401.106 34.8438 29.0135 5.83032 11962.7 22.5638 14.1727 3.45247 2.26415 244.753 11940.1 11428.1 51.3445 37.1951 28.5364 512.026 489.337 456.922 32.4146 16.2927 26.3299 22.6791 17.5562 12.9552
internal_count=218936 213118 204340 5818 5380 187992 16348 1669 1410 259 175844 660 522 332 213 5205 175184 166366 986 559 430 8818 8579 8069 510 410 1262 1239 968 742
cat_boundaries=0 24 47 71 93 117 118 139 140
cat_threshold=0 64 134217728 0 1024 65538 67109120 268435456 0 8650752 131072 16777216 16777248 1048832 0 2147485696 10 1536 0 67108864 1048608 100679680 1073741824 4104 268435456 268435456 2048 0 0 0 2099202 8400896 134217728 0 1208025088 0 65536 2097152 0 536871424 2097152 2147753984 65688 524288 4096 514 65664 134217728 2097152 0 4224 0 0 420483072 0 0 16793600 1 67584 2149580800 33554433 0 1048576 0 67108864 1 131072 16388 16777216 269485056 128 67584 536870912 0 1 268435456 13 49184 0 131072 4195392 262144 0 262401 1024 0 0 301989888 150997000 262402 0 0 1074792448 32768 16777216 33554432 1028 2147483648 268435456 0 0 32768 671090688 0 8388608 268435456 18432 0 65540 131072 4096 8192 4 67108865 268828672 109053952 513 120 2147483648 134217733 0 0 0 0 0 0 0 0 0 536870944 0 0 0 0 0 0 0 0 64 130
is_linear=0
shrinkage=0.1


Tree=107
num_leaves=31
num_cat=9
split_feature=3 3 3 3 8 21 14 8 21 8 6 3 10 8 8 3 8 5 10 6 10 3 17 3 17 21 14 16 6 12
split_gain=19.1647 13.0609 8.71776 6.41924 6.94625 7.89946 7.11313 6.46697 6.48038 5.9996 5.84663 15.2669 7.13329 7.45981 9.87084 6.96496 6.27155 5.7109 7.57006 9.14413 11.0859 5.568 6.67448 24.6676 6.70733 6.15162 6.09457 16.4467 10.709 6.66123
threshold=0 1 2 3 23.500000000000004 1597.5000000000002 8.5000000000000018 24.500000000000004 4222.5000000000009 25.500000000000004 2.5000000000000004 4 0.19646377861499789 19.500000000000004 24.500000000000004 5 13.500000000000002 6 0.058780442923307426 6.5000000000000009 0.028781771659851078 7 251.50000000000003 8 292.50000000000006 4286.5000000000009 2.5000000000000004 53.500000000000007 8.5000000000000018 -1.0000000180025095e-35
decision_type=9 9 9 9 2 2 2 2 2 2 2 9 2 2 2 9 2 9 2 2 2 9 2 9 2 2 2 2 2 2
left_child=-1 10 -3 4 6 -6 -4 8 -7 -9 11 12 13 16 -15 -12 -2 18 19 20 -5 26 -23 25 -25 -24 29 -28 -29 -19
right_child=1 2 3 17 5 7 -8 9 -10 -11 15 -13 -14 14 -16 -17 -18 21 -20 -21 -22 22 23 24 -26 -27 27 28 -30 -31
leaf_value=-0.025069613519236769 0.11598885195752895 -0.012769673082529812 0.0095665231468232172 0.44507211940500269 0.09695866146984243 0.16736045600988997 -0.08427365584303094 -0.071371674192913223 0.011228869028081191 0.022919231714338725 -0.0036072573925495172 -0.010473094158086052 0.037165280284827816 0.26444677048752213 0.080618874014643321 0.020369083678217215 -0.0066285463702681416 -0.025868835970351112 -0.066234714169897319 -0.061706683088479923 -0.0088227444902843326 0.0015085149487423961 -0.071155551386571966 -0.03528453452224619 0.020351506277617778 -0.02586899169217461 -0.055214363897114642 -0.024520196215663759 0.13587110100802513 0.00072672407413163713
leaf_weight=278.18798921571579 11.979182999581104 480.02290264051408 245.05805990612134 1.0964132235967547 18.73565887985751 5.6700137821026129 8.3529403239954245 7.9287798730656496 5.0049769352190197 45.317277923226357 197.91005444328766 43.235265412833542 21.089587822556496 6.0337590044364315 5.6620492299553007 306.12110321735963 6.3997746515087774 118.39762110606534 28.281518685631454 2.3940073442063294 1.0567136653698979 10831.20922736614 64.540935893077403 25.51817515946459 143.65169986023102 56.039051816798747 68.090241676429287 8.327527606859805 8.3237794367014413 460.3199900269974
leaf_count=6938 200 7441 5396 168 215 117 416 200 112 1162 2885 862 105 98 114 5384 100 2787 312 246 39 164918 882 469 2414 959 3507 357 157 9650
internal_value=0.000442923 0.000997498 0.000308 0.000834607 0.0142599 0.0398572 0.00647336 0.0231204 0.0941581 0.00887853 0.015309 0.0384045 0.068388 0.113022 0.175454 0.0112872 0.073292 0.000441074 -0.0360106 0.0727785 0.222309 0.000573066 0.00110683 -0.0138705 0.0112917 -0.0462714 -0.00825748 -0.0334286 0.0556574 -0.00471436
internal_weight=13510 13231.8 12633.3 12153.3 336.068 82.6567 253.411 63.921 10.675 53.2461 598.431 94.3996 51.1644 30.0748 11.6958 504.031 18.379 11817.2 32.8287 4.54713 2.15313 11784.4 11121 289.75 169.17 120.58 663.459 84.7415 16.6513 578.718
internal_count=218610 211672 201924 194483 7618 1806 5812 1591 229 1362 9748 1479 617 512 212 8269 300 186865 765 453 207 186100 169642 4724 2883 1841 16458 4021 514 12437
cat_boundaries=0 23 47 70 94 116 138 139 162 181
cat_threshold=131072 538968064 33555456 4096 0 131072 2147483648 37748736 134217728 524291 16384 8 128 1048576 0 512 0 2147492096 33554434 0 1024 67244032 2 128 0 2147483649 2099200 0 16842752 0 4096 0 0 131072 16777216 2149580802 2 0 1082130432 134480001 33554432 20480 0 262148 2181054464 2281701376 262144 32768 524288 0 0 0 805306368 266240 768 67108864 54525952 134217728 2162688 32768 65537 0 536870912 64 262144 0 0 33556480 1207967872 70795264 537395200 268435457 2 0 0 294912 6357251 8388608 786432 32768 0 0 536870944 10240 0 0 2181169152 0 4194304 1 0 1048608 139264 256 0 0 1 0 0 16842752 0 0 0 0 0 0 2097154 0 0 8388608 134217728 33554432 16384 0 262144 33570816 0 0 1 0 0 16777216 0 0 0 0 0 0 2097154 0 0 8388608 0 0 0 0 0 33554432 112 0 134217728 5242880 1072 0 524804 532480 16777216 16777216 538116240 0 2048 262144 8388608 0 4194304 2097168 1024 256 4 1048576 1 2112 16777216 4194310 16512 8 0 0 131072 2236416 0 0 1075052544 4068475136 90436 0 0 0 0 0 64
is_linear=0
shrinkage=0.1


Tree=108
num_leaves=31
num_cat=7
split_feature=3 3 8 17 3 14 14 3 17 17 10 16 20 16 3 3 19 8 18 19 7 3 9 12 19 11 7 20 16 11
split_gain=20.4103 14.1522 10.7794 9.71241 7.05927 6.98383 6.92106 10.0757 14.2594 9.62549 7.22347 8.61372 6.90449 13.0598 25.7594 13.6608 8.73803 8.49369 9.52664 10.4057 14.7232 8.40279 7.76887 7.2139 7.00932 11.6767 9.4446 9.25033 6.88281 7.55936
threshold=0 1 28.500000000000004 292.50000000000006 2 35.500000000000007 39.500000000000007 3 4.5000000000000009 7.5000000000000009 0.11788620054721834 90.500000000000014 0.024598307907581333 11.500000000000002 4 5 0.019095085561275486 1.5000000000000002 -1.0000000180025095e-35 0.030056720599532131 2.5000000000000004 6 1.0000000180025095e-35 1.5000000000000002 0.014344968367367985 1.5000000000000002 1.5000000000000002 0.019928102381527427 10.500000000000002 5.5000000000000009
decision_type=9 9 2 2 9 2 2 9 2 2 2 2 2 2 9 9 2 2 2 2 2 9 10 2 2 2 2 2 2 2
left_child=5 2 3 28 -3 -1 12 8 -8 -10 -9 -12 13 15 -15 16 24 -18 22 23 -21 -17 -19 -20 25 26 -6 -26 29 -2
right_child=1 4 -4 -5 6 -7 7 10 9 -11 11 -13 -14 14 -16 21 17 18 19 20 -22 -23 -24 -25 27 -27 -28 -29 -30 -31
leaf_value=-0.027244251379235435 0.023210026845090825 -0.010694904326686738 -0.043979543115731753 0.13914665480355584 -0.0026826762023926237 0.088055268956194574 0.0053213150318913716 -0.072896629082570025 0.45495323374917851 0.11219741905126382 -0.0027477614086282801 -0.087559552133028587 0.00042029478072505002 0.045275819676834098 -0.074922414442223792 -0.042042903089622545 0.21371614207612383 0.053824467489262867 -0.029066262827375833 0.32883128443834431 0.056710894451231189 0.0093972847641444462 -0.023660338340271446 0.14605229573252979 0.047698978209059641 -0.081747879459672823 0.18963119536019193 -0.047853498119239647 -0.0096538092303829412 0.072284653374104321
leaf_weight=312.44328718067845 213.85433593858033 559.23746289196424 23.450634509557858 7.4486027827952048 3.9745294000022096 5.3432145437691352 35.266679180203937 37.349823631811887 1.0785960373468686 3.408376520848833 61.578590324614197 14.866055993363259 11582.600317473931 22.486774895107374 35.714965169026982 25.052092610043474 3.408058352302759 71.398343794047832 5.2219325860496628 4.352907427120952 3.6601566788740456 349.91687944805017 15.803901900770141 4.2807631911709905 16.615575783886015 3.8214753335341802 7.1432068687863648 25.962098052259535 51.721643805271015 36.788109496701509
leaf_count=8643 5002 7861 635 127 210 171 3106 5510 162 333 695 135 144312 1495 7416 3428 115 2371 187 150 129 21847 587 122 471 162 318 720 1682 699
internal_value=0.000116646 0.00072686 0.0207671 0.0263382 0.00019321 -0.0245336 0.000695114 -0.0204024 0.0213208 0.19459 -0.0338751 -0.019241 0.000961622 0.0114323 -0.0335765 0.0162779 0.0392357 0.0583558 0.0532996 0.120599 0.204534 0.00495767 0.0397817 0.0498209 0.0101133 0.0690475 0.12088 -0.010565 0.0235592 0.030413
internal_weight=13545.2 13227.5 333.263 309.813 12894.2 317.787 12335 153.548 39.7537 4.48697 113.794 76.4446 12181.4 598.814 58.2017 540.612 165.643 108.126 104.718 17.5158 8.01306 374.969 87.2022 9.5027 57.5169 14.9392 11.1177 42.5777 302.364 250.642
internal_count=218801 209987 8145 7510 201842 8814 193981 9941 3601 495 6340 830 184040 39728 8911 30817 5542 3661 3546 588 279 25275 2958 309 1881 690 528 1191 7383 5701
cat_boundaries=0 24 48 72 85 109 133 157
cat_threshold=1107296256 0 2189427712 6 0 262144 67109380 12587008 0 35651584 311424 0 0 2048 0 0 0 2147483648 0 524354 262144 2048 33685760 2048 0 256 134217728 1024 268443648 0 1 0 0 1050112 134217728 0 2281701409 16514 0 65536 2097152 285213696 8192 131072 65540 0 134226050 264 16777216 67108864 0 32 0 1 16777216 0 65536 32768 0 8388608 6292480 8388608 0 1051136 8192 524288 18104344 0 136314880 276824064 854016 262144 268435456 4 536887296 2097152 0 0 1048576 2097152 16785408 0 1048576 8 512 134217728 0 0 0 0 2147549188 0 2097152 0 133156 6144 0 0 33554432 0 0 0 256 2 0 0 282624 36 64 0 134217732 0 0 0 0 1572864 268435456 2147483648 2285908161 4096 0 1048576 1028 0 2147483648 16 0 2 0 0 3355443200 805307976 512 67108864 2621440 32768 16 2147500032 2147549192 8413184 0 0 1073743908 10 8 268435456 0 1 0 0 0 0 0 0 66625 9437184 32
is_linear=0
shrinkage=0.1


Tree=109
num_leaves=31
num_cat=7
split_feature=3 3 8 3 20 8 19 19 12 21 3 20 3 3 20 21 12 8 7 16 6 6 20 8 6 21 6 3 8 8
split_gain=15.9358 11.489 8.84203 9.37566 6.94111 7.8109 15.5588 12.1689 7.84513 7.22564 6.65873 6.55523 17.1967 11.7476 9.67502 9.38702 9.3514 9.77962 9.2006 15.1161 12.3998 17.6828 12.3522 7.78514 7.60294 16.2696 7.66026 6.22974 5.77661 7.68585
threshold=0 1 3.5000000000000004 2 0.07274292036890985 16.500000000000004 0.055890779942274101 0.065830215811729445 11.500000000000002 456.50000000000006 3 0.013268233276903631 4 5 0.0073282290250062951 4578.5000000000009 -1.0000000180025095e-35 17.500000000000004 2.5000000000000004 1.5000000000000002 5.5000000000000009 3.5000000000000004 0.0099422778002917784 23.500000000000004 8.5000000000000018 4419.5000000000009 11.500000000000002 6 3.5000000000000004 26.500000000000004
decision_type=9 9 2 9 2 2 2 2 2 2 9 2 9 9 2 2 2 2 2 2 2 2 2 2 2 2 2 9 2 2
left_child=-1 2 3 -2 5 6 8 -8 27 -6 -3 12 16 -13 28 -16 -12 24 19 23 21 -20 -22 -19 25 -18 -26 -4 -14 -30
right_child=1 10 4 -5 9 -7 7 -9 -10 -11 11 13 14 -15 15 -17 17 18 20 -21 22 -23 -24 -25 26 -27 -28 -29 29 -31
leaf_value=-0.020967639271543319 0.033820729232409051 -0.012388228081626861 0.04824803944587789 -0.04579114858194612 0.048153867007887957 0.015892641354803248 0.20830295745105032 0.063216324778457608 0.21638517356996612 0.0043224516074899201 -0.0065053981054246177 -0.04381520817419355 -0.068037160444246611 0.00054546301629790719 -0.045938846545690873 0.16186700534969256 0.062156899498451074 0.43113478753626888 0.16960804044899383 -0.014143431802206825 -0.046577804527251576 0.74139855865801207 0.29462317602295895 0.12157802695302816 -0.085893756449600012 0.40888328164735177 0.14435286754322327 -0.013530055371286013 0.098476368631909561 -0.056578304547942819
leaf_weight=337.08336129185045 15.037115175276993 401.02686818619259 25.0058318914962 35.449408184387721 43.880512416362762 91.332846772565972 10.329479888547214 13.128020478878168 2.1661476474255315 263.20097887236625 9.4359706901013833 49.993547621648759 3.8991413081530508 12116.424581149826 45.583451117330696 2.2826162308920166 10.197986843239052 1.4954121673945322 1.0983143649063998 4.9368386670248583 1.759722101385705 1.0655768850119782 2.6722507268423215 1.77884065057151 5.2231204481795421 1.5604073284193862 1.9975936531554905 27.914304513949901 15.043299953045791 4.0595446369261472
leaf_count=9406 115 12422 2193 1024 352 4329 129 190 141 2667 933 4005 252 167826 6161 170 965 110 128 471 155 98 170 129 408 106 123 1018 2191 424
internal_value=0.000184221 0.000739315 0.0150603 -0.0244502 0.0195583 0.0357777 0.0589005 0.127105 0.0298568 0.0105858 0.000132286 0.000550897 0.0244098 0.000327614 -0.00912758 -0.0360291 0.0661954 0.106092 0.167003 0.0963536 0.254954 0.451178 0.159149 0.262958 0.058571 0.10817 -0.0221966 0.0222218 0.042885 0.0655257
internal_weight=13546.1 13209 527.445 50.4865 476.958 169.877 78.5438 23.4575 55.0863 307.081 12681.5 12280.5 114.09 12166.4 70.8681 47.8661 43.222 33.7861 14.807 8.21109 6.59586 2.16389 4.43197 3.27425 18.9791 11.7584 7.22071 52.9201 23.002 19.1028
internal_count=218811 209405 12158 1139 11019 8000 3671 319 3352 3019 197247 184825 12994 171831 9198 6331 3796 2863 1261 710 551 226 325 239 1602 1071 531 3211 2867 2615
cat_boundaries=0 23 47 68 91 115 138 161
cat_threshold=2147483648 0 512 0 0 0 1114248 0 2147745792 2151682049 1073874944 264 1 1 0 0 128 134217728 21004288 0 1114112 2717941760 134217744 33620096 2 8388608 0 0 0 524288 4198656 0 33554688 134217728 134217760 4144 33554432 0 537919488 2097160 50331648 192 0 1088 0 2147483649 8 0 0 8388608 0 0 0 0 0 0 0 134217728 134217728 4096 0 0 1048576 2097152 0 64 0 64 8519680 1 0 32 0 2281701376 2097152 10485760 33554432 536904192 0 0 1048576 0 268435456 2048 131088 4096 134299648 0 2115584 1090521600 64 64 2097152 64 0 8192 2048 2 402653184 0 17039596 32768 0 0 0 0 0 0 0 0 0 0 268566528 1714307458 384 64 2097152 0 0 8192 0 16777218 402653184 0 17039588 0 0 0 0 0 0 0 0 0 0 0 0 638320646 0 2 0 0 0 0 0 4198400 0 33554688 0 0 4096 33554432 0 0 0 0 0 0 0 0 1
is_linear=0
shrinkage=0.1


Tree=110
num_leaves=31
num_cat=1
split_feature=16 14 13 1 6 9 19 9 17 16 8 13 8 15 9 11 12 10 9 13 8 6 14 11 21 14 11 10 11 16
split_gain=4.2672 5.01468 5.1555 3.35889 3.28486 7.95111 7.94113 6.87921 6.94793 6.8792 9.84516 10.5057 6.98107 6.46298 5.34468 6.53937 6.26256 8.40288 6.68074 11.3983 7.03173 6.92057 8.74719 9.53189 7.26025 7.03991 10.5603 11.8726 10.5324 8.22157
threshold=183.50000000000003 1.5000000000000002 -1.0000000180025095e-35 0 1.5000000000000002 48.549999237060554 0.068360310047864928 45.750000000000007 6.5000000000000009 9.5000000000000018 5.5000000000000009 0.082732692360878005 13.500000000000002 2.5000000000000004 49.850000381469734 586.50000000000011 5.5000000000000009 0.066949091851711287 35.850000381469734 0.074179895222187056 5.5000000000000009 3.5000000000000004 3.5000000000000004 117.50000000000001 4328.5000000000009 18.500000000000004 92.500000000000014 0.059951074421405799 128.50000000000003 53.500000000000007
decision_type=2 2 2 9 2 8 2 8 2 2 2 2 2 2 8 2 2 2 10 2 2 2 2 2 2 2 2 2 2 2
left_child=3 -2 -3 -1 5 6 7 8 -5 10 -8 -12 -11 -7 15 16 18 -18 21 20 -20 22 24 -24 -6 26 -23 28 -28 -30
right_child=1 2 -4 4 14 13 9 -9 -10 12 11 -13 -14 -15 -16 -17 17 -19 19 -21 -22 25 23 -25 -26 -27 27 -29 29 -31
leaf_value=-0.035343356551767742 -0.10387096236355137 -0.065008404637655864 0.0774997609658169 -0.044055647330820763 0.021143896495916283 -0.0088264206216620289 -0.046533558904139904 0.098293962253876391 0.036684444366774295 0.089763736711350503 0.01127414833173601 0.10794496464057141 0.014838057295771354 -0.086677573605056193 0.0013396811463572914 -0.050507468716879306 -0.059460970086367151 -0.0090882228718289632 0.0080299710083791154 0.034064422643393849 -0.014978044190442925 -0.0023701741576597421 -0.071261318762068843 0.024916554861247209 0.11433952531759216 -0.039660636557024675 0.26912147194821695 0.019842994814791699 -0.019413574693162291 0.19264363261426465
leaf_weight=17.227706934092566 8.6508997984346951 5.6056748675182462 4.6397187137627025 52.451293730584439 221.28886545653222 894.34268195799086 26.329055502079427 4.6428808743366963 13.37603002914693 24.623254210222512 117.41663338011131 12.432070903480051 25.123443085001782 10.792246226046698 9866.6971712397644 29.691399224568158 43.533608658530284 138.38526157103479 161.43316449626582 60.090375556494109 749.75570924248314 887.59803867241135 21.571836368588265 19.728573719039559 8.68728308402933 44.840566455910448 3.6657591613475216 74.256054284982383 4.696341723902151 2.9938055577222258
leaf_count=2678 397 152 109 1723 2655 13898 230 124 486 181 1047 109 218 187 156616 482 1672 1205 2699 1089 13475 13677 590 338 137 1498 109 690 160 111
internal_value=-0.000321574 -0.0478092 -0.000472299 -0.00025529 -0.000184304 -0.00522152 0.00962359 -0.0193517 -0.0276494 0.0195393 0.0092239 0.0205297 0.0519242 -0.00975467 0.000297893 -0.00385992 -0.00329287 -0.0211425 -0.00185645 -0.00811983 -0.0109018 0.00286191 0.0170547 -0.0253186 0.0246643 -0.000919999 0.000864972 0.034406 0.129633 0.0631412
internal_weight=13556.6 18.8963 10.2454 13537.7 13520.4 1181.53 276.395 70.4702 65.8273 205.924 156.178 129.849 49.7467 905.135 12338.9 2472.22 2442.53 181.919 2260.61 971.279 911.189 1289.33 271.277 41.3004 229.976 1018.05 973.21 85.612 11.3559 7.69015
internal_count=218742 658 261 218084 215406 18203 4118 2333 2209 1785 1386 1156 399 14085 197203 40587 40105 2877 37228 17263 16174 19965 3720 928 2792 16245 14747 1070 380 271
cat_boundaries=0 1
cat_threshold=1093649
is_linear=0
shrinkage=0.1


Tree=111
num_leaves=31
num_cat=4
split_feature=3 3 17 3 19 13 11 6 9 9 8 19 20 20 3 8 6 19 7 20 19 19 14 19 20 19 11 19 6 7
split_gain=16.287 12.9624 7.65891 7.64165 6.79071 6.55072 8.6272 5.28539 7.7065 7.6239 6.38327 5.85127 6.63958 7.0415 5.23682 8.83432 8.95182 7.98639 12.8182 11.3833 5.57324 12.7668 11.0608 5.2467 5.17853 8.38869 7.69273 5.07657 5.04736 5.03984
threshold=0 1 368.50000000000006 2 0.14065735787153247 0.025940380990505222 7.5000000000000009 3.5000000000000004 38.850000381469734 67.649997711181655 15.500000000000002 0.090819306671619429 0.089837282896041884 0.066522132605314269 3 5.5000000000000009 7.5000000000000009 0.046819906681776054 4.5000000000000009 0.0085060033015906828 0.024269487708806995 0.026476101949810985 1.5000000000000002 0.03228780813515187 0.1250448822975159 0.081711579114198699 13.500000000000002 0.10673831030726434 7.5000000000000009 5.5000000000000009
decision_type=9 9 2 9 2 2 2 2 8 8 2 2 2 2 9 2 2 2 2 2 2 2 2 2 2 2 2 2 2 2
left_child=2 5 -1 4 7 -2 -7 9 10 -3 -9 12 13 -11 15 16 24 18 19 -17 -21 -22 -23 28 25 26 -5 -8 -20 -10
right_child=1 3 -4 14 -6 6 27 8 29 11 -12 -13 -14 -15 -16 17 -18 -19 23 20 21 22 -24 -25 -26 -27 -28 -29 -30 -31
leaf_value=-0.022958393728387708 0.012329142594922612 -0.065289211762984065 0.091073240216687168 0.022893898296710291 0.0039633512832141704 0.071469423456251402 0.025054444361543415 0.077010144893980309 -0.043033943181199019 0.052315123036462075 -0.033673918956946755 -0.043817327222913649 0.13247464176260715 -0.078252015018961271 -0.00010520043486711506 0.2369365874514503 -0.00045632789143313474 -0.0018868300698474906 -0.014385553158325804 -0.033389138546320404 0.23170008892997074 -0.0047332155561198019 0.13785035940254065 0.26342302596095962 0.0038085716424597115 0.1367917680693386 0.15653804990507802 -0.098064357324627413 0.20733330040339945 0.036546895912885534
leaf_weight=361.12108369841008 450.53831847105175 12.043893953319637 5.9876745832152656 24.294709266396243 130.5367778018117 42.067128414288163 9.7681335492525232 11.137205742881635 160.86742420925293 17.275590362958617 9.7910745674744231 9.2252382799051684 7.0034644044935694 5.4283113721758118 11766.834411469696 2.3452453288482493 36.911407722858712 363.58114354650024 2.1990174953825763 18.603708584909327 2.9806718878680831 35.003299313015305 6.4419027010444543 2.9715297673246823 11.837557474151252 15.839114084839819 5.2351643394213161 5.0963581576943389 1.9260004512034354 8.372083329362793
leaf_count=9176 7781 345 125 528 905 599 314 299 4211 924 272 81 40 76 183731 158 698 4589 124 1359 183 1313 170 100 86 190 156 56 106 205
internal_value=-4.80572e-05 0.000538033 -0.020539 -9.55648e-05 -0.0140306 0.0160516 0.0483295 -0.024353 -0.0320181 0.00424153 0.0252278 0.025751 0.0473546 0.0210976 0.000336686 0.00996449 0.0379375 0.00415528 0.0344679 0.0206115 0.0125624 0.0318049 0.0174288 0.162115 0.0627104 0.078079 0.0465868 -0.0171574 0.0891366 -0.0390972
internal_weight=13543.3 13176.2 367.109 12668.7 371.681 507.47 56.9316 241.144 190.168 50.9765 20.9283 38.9326 29.7074 22.7039 12297 530.17 94.118 436.053 72.4714 65.3748 63.0296 44.4259 41.4452 7.09655 57.2065 45.369 29.5299 14.8645 4.12502 169.24
internal_count=218900 209599 9301 200849 7358 8750 969 6453 4987 1466 571 1121 1040 1000 193491 9760 1658 8102 3513 3183 3025 1666 1483 330 960 874 684 370 230 4416
cat_boundaries=0 24 47 71 95
cat_threshold=1074266112 0 65536 0 0 42074112 268435712 0 0 8389120 262784 0 268500992 2048 0 0 2147491840 671088896 8 1 66560 67109376 268436736 8 131072 0 134217728 2 0 134217728 1048578 256 335839232 0 16384 296 385 0 0 536870912 32 268435456 256 32768 2361344 32928 50339840 100663296 2097152 2050 4096 0 0 2490368 8192 134217728 17473 2048 536870912 0 0 1073741824 4 268439552 20480 16781312 512 0 1073741824 1081344 384 2048 335544320 8388608 2048 0 1074040832 83886145 4194304 0 130 1073741824 33554432 262208 16 0 1048576 2 0 16448 0 0 1048578 266880 4096
is_linear=0
shrinkage=0.1


Tree=112
num_leaves=31
num_cat=7
split_feature=3 3 11 3 8 3 11 8 13 17 17 16 7 20 9 3 3 16 11 6 14 14 20 19 9 3 7 20 19 8
split_gain=21.3546 13.7072 15.8758 16.9813 7.40494 6.32497 6.11845 6.29243 6.05396 6.18516 8.24834 11.1954 9.00116 8.8779 9.07295 8.93183 8.50939 7.42847 6.69818 6.52208 6.41104 6.16679 5.77282 5.76785 5.3536 5.35222 7.29246 6.68964 6.74323 6.69887
threshold=0 1 -1.0000000180025095e-35 2 2.5000000000000004 3 448.50000000000006 21.500000000000004 0.286239504814148 20.500000000000004 3.5000000000000004 11.500000000000002 2.5000000000000004 0.1250448822975159 44.350000381469734 4 5 20.500000000000004 5.5000000000000009 6.5000000000000009 3.5000000000000004 1.0000000180025095e-35 0.16571567207574847 0.070795580744743361 54.250000000000007 6 1.0000000180025095e-35 0.017089337110519413 0.030056720599532131 5.5000000000000009
decision_type=9 9 2 9 2 9 2 2 2 2 2 2 2 2 10 9 9 2 2 2 2 2 2 2 10 9 2 2 2 2
left_child=6 2 3 23 -4 -3 -1 -8 9 10 11 13 18 14 15 -6 17 -13 -12 -19 -17 -11 -15 -2 -16 26 -7 -28 -29 -30
right_child=1 5 4 -5 8 25 7 -9 -10 21 12 16 -14 22 24 20 -18 19 -20 -21 -22 -23 -24 -25 -26 -27 27 28 29 -31
leaf_value=-0.033933717099985397 0.1298629380972722 -0.016209362100569159 -0.032484002480703864 -0.041423100513844346 -0.027652734633343702 -0.021641161117108825 -0.032731507275657483 0.27875921362370915 -0.060669877007357244 0.026183971105442516 -0.027424311596617956 -0.049070226714317031 0.17223779869893463 -0.028688416862531207 0.21650208843154922 0.06661977348297704 -0.05637829142104759 0.0040059432485966013 0.1008507605689188 0.096762901126037804 -0.03718377731393973 -0.047168275460190437 0.035131941395126071 0.01780934468594433 0.075051130072396055 -0.0001123261972417814 0.087910631934499328 -0.062090451702972185 0.069458461110926947 0.014425802324552265
leaf_weight=211.819771035749 9.9382385244825873 230.13102985080332 19.647800266277045 67.694291230756789 12.301460257265715 42.735385057399981 1.3178000123007216 1.2769521665759382 7.1053173731779671 32.443488276330754 6.845036431681371 10.984583303332327 9.0992147277574968 22.144193574786186 5.385647909017278 110.28384291590191 12.85936124116415 16.416554180905226 10.043702185619621 14.083585189655421 6.2891250338871023 17.721838016645052 39.375007629394531 8.5420255661010724 5.3175056905020028 12404.877983617363 15.122269094805231 9.7829387539532018 26.429769154405221 135.60480710014235
leaf_count=11445 460 4323 374 1178 617 1073 158 129 155 430 115 179 154 190 99 1973 771 243 172 201 272 474 235 75 104 188193 839 507 571 2694
internal_value=-4.44609e-05 0.000471029 0.0175382 -0.0206047 0.0272002 -0.000131869 -0.0306353 0.120562 0.0306624 0.0326195 0.0383857 0.0329251 0.0920589 0.0438081 0.0577573 0.0504098 -0.0073468 0.0172773 0.0488606 0.0468369 0.0561987 0.000270921 0.0121594 0.0506574 0.146227 0.000173561 0.0149749 0.0241466 0.0185345 0.0234023
internal_weight=13523.6 13309.2 444.522 86.1746 358.347 12864.7 214.415 2.59475 338.699 331.594 281.429 255.441 25.988 201.097 139.578 128.874 54.3441 41.4847 16.8887 30.5001 116.573 50.1653 61.5192 18.4803 10.7032 12634.6 229.675 186.94 171.818 162.035
internal_count=218403 206671 8471 1713 6758 198200 11732 287 6384 6229 5325 4884 441 3490 3065 2862 1394 623 287 444 2245 904 425 535 203 193877 5684 4611 3772 3265
cat_boundaries=0 24 48 71 94 113 137 160
cat_threshold=8388608 0 0 0 1024 69634 557120 134217728 67633152 134217872 1073741824 0 33554432 33554432 0 0 135168 24576 0 67633152 2 1140850688 268959952 1 131072 1073741825 2048 0 8192 262144 83888128 0 134217728 2 65536 0 1114161 2048 0 2048 8192 2147487744 262145 0 37781504 33554432 167773184 262144 0 0 0 0 8192 0 16779264 0 0 0 0 0 32 0 0 2048 8192 0 1 0 4194304 0 33555456 0 1024 1048608 0 0 16384 8 0 0 135168 16384 0 2281701376 256 1073741824 0 2097152 262144 541097984 32771 134219936 2147504256 67371008 0 0 2048 0 8192 0 2048 0 134217728 0 0 0 32 0 0 0 0 0 1 131072 0 2048 0 0 0 2048 0 134217728 0 65536 0 1114128 0 0 2048 8192 0 262144 0 32768 0 0 262144 268435520 0 0 1 2147485696 3489660929 4194592 0 0 4194880 262784 2056 8388608 128 0 0 134217770 0 0 0 4096 268435968 4
is_linear=0
shrinkage=0.1


Tree=113
num_leaves=31
num_cat=7
split_feature=3 3 7 3 6 3 8 16 8 19 8 21 20 19 13 3 19 11 8 8 3 5 11 11 8 13 6 6 8 21
split_gain=16.9117 11.6099 10.8409 8.47685 8.37202 12.1556 11.1157 8.43281 9.11639 17.1166 8.02045 7.76428 7.16711 7.40595 7.12613 6.95935 11.0098 9.80193 6.2195 5.98415 5.9342 10.9916 11.4698 9.91309 10.3983 10.864 8.85539 10.8475 7.9261 7.51328
threshold=0 1 1.0000000180025095e-35 2 2.5000000000000004 3 26.500000000000004 5.5000000000000009 11.500000000000002 0.081711579114198699 12.500000000000002 4328.5000000000009 0.070900615304708495 0.031157341785728935 0.070291385054588332 4 0.042680833488702781 4.5000000000000009 28.500000000000004 8.5000000000000018 5 6 -1.0000000180025095e-35 1.0000000180025095e-35 10.500000000000002 0.24254545569419864 6.5000000000000009 4.5000000000000009 27.500000000000004 4113.5000000000009
decision_type=9 9 2 9 2 9 2 2 2 2 2 2 2 2 2 9 2 2 2 2 9 9 2 2 2 2 2 2 2 2
left_child=10 2 15 -3 6 11 7 8 19 -10 -1 12 13 -6 -12 -2 17 -17 -7 -4 21 22 26 29 -25 28 27 -5 -26 -24
right_child=1 3 4 20 5 18 -8 -9 9 -11 14 -13 -14 -15 -16 16 -18 -19 -20 -21 -22 -23 23 24 25 -27 -28 -29 -30 -31
leaf_value=-0.053888150849125585 -0.009307544539835207 -0.010770296055999717 0.059873141551332734 -0.0015754719155545525 -0.048386596774240981 0.028886729901971782 -0.066242401722809846 -0.023503397008962475 0.021120266522629754 0.17355611945536439 -0.0067223362594172401 -0.066696112641129207 -0.019368871747687654 0.060152643028422464 -0.093808728749317977 0.097133158526691146 0.048472130594294768 0.29796326639971854 -0.054062220650677874 -0.055749390437443536 -0.00028238648627749313 -0.049801940226544675 0.013239181986317815 -0.019742829887247709 0.029079026830792283 -0.10194456806322889 0.018700798543589296 -0.070481701080157624 -0.020778883337656758 0.04811859886924575
leaf_weight=80.333961675933097 22.635743040242232 723.94161415734561 12.964286566828379 50.449054914992303 8.3811761830002052 139.08103792055044 8.634818390128201 11.178374781273304 13.01701960200444 16.968596994876862 118.56803247664357 26.23049407498911 117.89463322469965 25.153073233086616 10.204934336827135 8.5161460898816568 55.289494525175542 3.4007419783156356 9.6675975876860303 6.8369241377804419 11366.661555761006 21.35781648568809 111.88232267228886 105.99876872356981 204.14655743457843 7.3713752377079791 52.402844704687595 41.755218640901148 37.787307963124476 137.84832357941195
leaf_count=2121 541 12766 212 689 299 2719 175 272 291 136 3156 884 1641 663 288 217 932 149 196 102 181085 233 1161 1608 3035 122 794 588 595 1416
internal_value=-0.000207809 0.000244526 0.0152596 -0.000334087 0.00845876 0.00174467 0.0399463 0.0549864 0.0726093 0.107382 -0.0277646 -0.0155893 -0.00776601 0.0330256 -0.0136237 0.046935 0.0585508 0.154444 0.0220156 0.0199512 0.000296727 0.00872875 0.01103 0.0172243 0.00649308 0.017648 -0.0141244 -0.03278 0.0212918 0.0324922
internal_weight=13556.6 13347.5 485.85 12861.6 396.008 326.408 69.6 60.9652 49.7868 29.9856 209.107 177.659 151.429 33.5342 128.773 89.8421 67.2064 11.9169 148.749 19.8012 12137.7 771 749.642 605.035 355.304 249.305 144.607 92.2043 241.934 249.731
internal_count=219086 213521 9429 204092 7590 6402 1188 1013 741 427 5565 3487 2603 962 3444 1839 1298 366 2915 314 191326 10241 10008 7937 5360 3752 2071 1277 3630 2577
cat_boundaries=0 24 47 71 94 117 141 142
cat_threshold=0 0 167773184 2 2147483648 0 67109376 4096 134217728 8388608 526340 0 0 0 0 1073743872 8224 0 536870928 197120 0 1610612738 2147614720 4104 33554432 0 2147483650 6144 0 196608 287375360 0 262144 32768 49152 0 524320 0 0 537919488 268439568 33554432 16777216 4 0 10485760 134291456 1073741824 402653440 8192 4 8200 0 134348800 1280 0 16777728 128 671154176 4161 16386 268435456 0 0 16777216 2 0 2 4096 69730304 128 0 0 2147483648 0 0 65536 2097152 0 0 32768 0 0 524288 0 0 0 0 0 0 4 0 2097152 134283264 33554432 0 0 0 0 65536 65536 0 262144 0 49152 0 0 0 0 1048576 268439568 33554432 0 0 0 0 8192 67584 67108866 4194304 0 0 2315256833 128 0 67108864 1058048 131072 8388608 536871184 65536 0 0 8 16384 4104 0 1048640 0 16781320 64 8
is_linear=0
shrinkage=0.1


Tree=114
num_leaves=31
num_cat=6
split_feature=3 3 3 17 16 14 7 11 20 10 8 9 20 8 11 16 3 6 11 8 8 9 11 11 6 9 8 3 8 3
split_gain=17.132 12.57 5.4344 6.6917 5.73125 12.2882 10.1752 9.7177 7.59859 7.33837 6.93155 6.23951 5.92003 5.91661 7.81145 6.61184 5.13322 6.57762 6.36185 6.30321 5.49764 8.68595 7.3881 6.55298 4.79153 4.77356 6.04192 12.0502 9.13719 13.3763
threshold=0 1 2 30.500000000000004 29.500000000000004 1.0000000180025095e-35 1.5000000000000002 272.50000000000006 0.070900615304708495 0.059951074421405799 15.500000000000002 45.049999237060554 0.033993851393461234 16.500000000000004 9.5000000000000018 2.5000000000000004 3 4.5000000000000009 92.500000000000014 19.500000000000004 17.500000000000004 34.049999237060554 10.500000000000002 1.5000000000000002 2.5000000000000004 36.250000000000007 18.500000000000004 4 12.500000000000002 5
decision_type=9 9 9 2 2 2 2 2 2 2 2 10 2 2 2 2 9 2 2 2 2 10 2 2 2 10 2 9 2 9
left_child=-1 25 3 4 5 11 10 -6 -9 13 -7 -3 -12 14 -8 -15 17 -4 20 -20 21 22 -19 -23 -5 26 28 -28 29 -2
right_child=1 2 16 24 7 6 9 8 -10 -11 12 -13 -14 15 -16 -17 -18 18 19 -21 -22 23 -24 -25 -26 -27 27 -29 -30 -31
leaf_value=-0.021112923146282356 0.053708198425386322 0.0061036872517820397 -0.04239468627837719 0.055486900844249037 -0.073994881355033987 -0.047178421078569989 0.094434767086661153 0.1411896956361724 -0.020953729369270299 0.056289449663389973 0.13029226676901648 0.070965519127770077 -0.0066790564950171541 0.16893289238402476 0.28553691024131667 -0.022457923761835748 0.00043270058471856876 -0.019218123322303493 0.0065144143468709925 0.15594046399528444 -0.034459860157163201 0.20806951004660817 0.081465306473086349 0.032391868362577084 -0.041089712351967782 -0.0090339649010443921 -0.013936397157579076 0.036244733465492007 0.057917303683674606 -0.0043421001678684628
leaf_weight=344.96667436906137 52.495786590036005 235.59443957661279 64.484951120160986 6.0537049011327317 17.18363104166929 12.367250547278674 4.0037656393833441 4.7722991229966265 7.3287463076412678 29.986133043654263 5.9856147295795363 15.82741655083373 6.6736839339137077 3.6290074358694246 4.5923266373574734 3.5912385381525382 12116.950426415598 52.853036286076531 6.9978382382541877 4.7318653403781354 53.376475252385717 3.4528163096983899 8.453887169249354 5.5141290130559355 33.93439938663505 61.329774777870625 110.07664927048609 70.503308702493086 83.320379929384217 111.49896101804916
leaf_count=6586 908 5643 1726 145 665 264 111 181 92 319 93 319 133 100 104 139 189027 1253 174 114 1436 103 265 156 873 1260 1907 1431 1474 1993
internal_value=0.000567934 0.00114977 0.000537857 0.0119868 0.0167023 0.0205514 0.0573426 -0.0256539 0.0429909 0.0853597 0.00606708 0.0101868 0.0580842 0.140474 0.196528 0.0737381 0.000164491 -0.0153417 -0.00358892 0.0667942 -0.0102656 0.00811114 -0.00533443 0.100038 -0.0264692 0.0167159 0.0207973 0.00689105 0.0309511 0.0172504
internal_weight=13542.5 13197.6 12708.3 391.524 351.536 322.251 70.829 29.2847 12.101 45.8025 25.0265 251.422 12.6593 15.8163 8.59609 7.22025 12316.8 199.865 135.38 11.7297 123.65 70.2739 61.3069 8.96695 39.9881 489.225 427.895 180.58 247.315 163.995
internal_count=218994 212408 203435 9181 8163 7225 1263 938 273 773 490 5962 226 454 215 239 194254 5227 3501 288 3213 1777 1518 259 1018 8973 7713 3338 4375 2901
cat_boundaries=0 23 47 71 95 119 140
cat_threshold=1073743872 0 32 8 0 20975616 268701696 0 268435456 2147483648 278656 134217728 0 0 0 536870912 2147491841 33554432 16785424 0 33818624 1207959552 262660 2147483648 524608 0 132 0 0 0 8192 262144 1049090 512 0 34082816 1048576 0 1048576 262224 268718080 64 0 5308480 0 2147614720 65536 41943040 671088640 8388608 4096 0 0 524321 1152 524288 16384 1207959552 50331648 0 4195456 0 0 2228232 33792 0 0 1 514 129 256 67141760 2097152 134217728 32 0 0 25165824 8913408 0 553652225 131072 0 512 8388640 0 4194304 2 768 1048576 32768 1026 2097152 0 1024 2147483648 524352 0 0 0 0 0 8192 0 0 512 0 528384 0 0 0 262160 268435456 0 0 5242944 0 0 65536 2147483648 524544 0 0 0 0 0 8192 0 1048578 0 0 0 0 0 1048576 262144 262144 64 0 5242944
is_linear=0
shrinkage=0.1


Tree=115
num_leaves=31
num_cat=7
split_feature=3 3 3 17 14 3 13 7 9 8 12 3 6 12 6 19 8 8 20 8 7 8 8 3 3 8 6 20 9 7
split_gain=20.333 12.0566 7.54747 6.02973 5.94111 5.5433 8.32804 6.32927 4.62115 7.14063 6.17397 12.9294 6.77782 5.65256 5.43032 5.72408 11.6698 5.2177 5.16064 9.32895 4.79544 9.36599 8.75064 4.66722 4.58548 6.72385 5.6487 6.39754 4.4883 5.49951
threshold=0 1 2 398.50000000000006 35.500000000000007 3 0.24963767826557162 1.5000000000000002 34.45000076293946 30.500000000000004 -1.0000000180025095e-35 4 10.500000000000002 3.5000000000000004 3.5000000000000004 0.051814123988151557 9.5000000000000018 3.5000000000000004 0.018473792821168903 23.500000000000004 1.5000000000000002 15.500000000000002 10.500000000000002 5 6 6.5000000000000009 8.5000000000000018 0.047120505943894393 48.549999237060554 3.5000000000000004
decision_type=9 9 9 2 2 9 2 2 10 2 2 9 2 2 2 2 2 2 2 2 2 2 2 9 9 2 2 2 10 2
left_child=28 3 -3 4 -2 6 8 -8 9 10 11 17 18 24 -13 16 -16 -4 19 20 22 -22 -12 -20 -10 -26 27 -27 -1 -30
right_child=1 2 5 -5 -6 -7 7 -9 13 -11 12 14 -14 -15 15 -17 -18 -19 23 -21 21 -23 -24 -25 25 26 -28 -29 29 -31
leaf_value=-0.027860872032037961 0.013931174201803101 -0.012699026716618086 0.043612293677842785 0.11694138121291631 0.10342605994409951 -0.00026416615895215231 0.18758559894024543 0.024306499896775722 -0.023868149288824615 -0.09584264861900299 0.23395258844728284 0.1105181812325496 -0.014300459877439284 -0.1006629779520947 0.25988677294240942 -0.0068074551141016435 0.0011257917884941017 -0.056424976774292583 -0.0021660345631583206 -0.10239395841609707 0.11168297319934993 0.4200984551549688 -0.10220411578573235 0.034249721487594968 -0.043751232819601915 -0.058843066601838273 0.16585320803053083 0.092140194222433691 -0.020636795426734265 0.059273157439279828
leaf_weight=325.52492827939568 413.45607368799392 465.09947204770287 5.9192883204668751 5.9466744484379879 7.553245954681187 11846.347576702596 4.6358783678151649 4.8659443135838956 37.404479591059498 5.8343189251609138 1.4815923150163128 8.9033159483224136 40.534428068087436 6.8557233248138791 2.73959812242538 20.312814275734127 4.7904086671769619 43.746268277056515 51.354526062961668 1.7735357030760495 2.7683089450001717 1.5282122849021105 1.6223218829836694 162.38942377950298 7.4904887056909528 4.5424238373525458 4.5127110267058006 7.3433835585601628 23.289022483862936 13.666156719787976
leaf_count=8722 7356 12199 86 97 217 181250 89 119 593 117 100 175 735 114 103 227 219 803 1188 149 172 110 128 2360 133 283 151 57 478 183
internal_value=-0.000423859 0.000227843 -0.000331888 0.0165613 0.0155368 0.000146475 0.0111248 0.103969 0.00930589 0.0138763 0.015706 -0.00748915 0.023314 -0.0145492 0.0334376 0.0207989 0.0952693 -0.0370436 0.0301536 0.103596 0.152962 0.221382 0.0582537 0.0270014 -0.00491728 0.0244935 0.0706026 0.0344386 -0.0234643 0.00891419
internal_weight=13534.2 13171.8 12744.8 426.956 421.009 12279.7 433.349 9.50182 423.848 355.698 349.864 86.4117 263.452 68.1492 36.7461 27.8428 7.53001 49.6656 222.918 9.17397 7.40044 4.29652 3.10391 213.744 61.2935 23.889 16.3985 11.8858 362.48 36.9552
internal_count=218713 209330 201660 7670 7573 189461 8211 208 8003 6672 6555 1613 4942 1331 724 549 322 889 4207 659 510 282 228 3548 1217 624 491 340 9383 661
cat_boundaries=0 24 48 71 95 118 141 165
cat_threshold=65536 134217728 67584 2097160 268435456 0 5249536 0 32768 67108864 32768 8 512 144 0 512 131072 33554440 537133056 65 0 0 268435729 262144 33554432 1024 33554432 4 0 134217728 134283264 8388992 335544320 0 395264 32 128 65539 0 0 33554624 512 8 512 4194306 2181038080 32768 8 0 0 1 0 0 131074 0 4198400 33619968 8389760 8388736 256 0 33555456 1073741824 545259520 4096 16811008 20971520 4 134218752 287309952 16777216 537427968 0 2147483648 1024 2147484672 4194304 16384 0 134217728 1069312 0 16777216 134217728 0 0 1048576 402915336 524288 16528 0 2176 6144 8194 32768 0 0 2147483648 1024 0 0 0 0 134217728 20480 0 16777216 0 0 0 0 262144 524288 0 0 0 4096 8194 536903680 0 0 0 2147483648 4194304 16384 0 0 4096 0 0 134217728 0 0 0 134479872 0 144 0 128 0 2 524288 0 2147483648 0 0 0 0 0 134217728 1048832 0 16777216 0 0 0 1048576 0 0 0 0 2048 4096 0 32768
is_linear=0
shrinkage=0.1


Tree=116
num_leaves=31
num_cat=1
split_feature=17 14 14 16 11 0 11 11 8 16 14 8 10 7 14 10 16 11 8 20 8 16 16 21 21 16 8 19 21 11
split_gain=5.63542 37.8313 14.2364 20.6259 29.9649 14.8599 18.417 14.5413 14.9324 14.1639 13.8218 12.6867 11.7736 17.2527 13.8512 11.3543 10.8022 10.8867 14.8276 20.0167 14.7669 12.6542 12.079 10.5233 10.4592 9.69046 9.42572 9.42462 9.40406 10.5486
threshold=1.0000000180025095e-35 1.0000000180025095e-35 1.0000000180025095e-35 3.5000000000000004 6.5000000000000009 0 56.500000000000007 17.500000000000004 24.500000000000004 8.5000000000000018 1.5000000000000002 23.500000000000004 0.13585697114467624 4.5000000000000009 3.5000000000000004 0.024770003743469719 80.500000000000014 60.500000000000007 19.500000000000004 0.10704411566257478 14.500000000000002 28.500000000000004 51.500000000000007 4450.5000000000009 4592.5000000000009 7.5000000000000009 20.500000000000004 0.210883304476738 4100.5000000000009 29.500000000000004
decision_type=2 2 2 2 2 9 2 2 2 2 2 2 2 2 2 2 2 2 2 2 2 2 2 2 2 2 2 2 2 2
left_child=2 -2 3 4 11 15 -7 12 23 10 -3 24 14 27 -4 -5 17 21 19 20 22 -17 -19 -9 -1 -10 -26 -14 -27 -30
right_child=1 9 7 5 -6 6 -8 8 25 -11 -12 -13 13 -15 -16 16 -18 18 -20 -21 -22 -23 -24 -25 26 28 -28 -29 29 -31
leaf_value=-0.0015778822453999916 0.0079757853052893155 -0.010961959087173598 0.034352265811482346 -0.074718116204797028 0.11733889395112787 -0.0083199769464699577 0.089667614986726152 0.0018288171356469732 -0.081056337714058235 -0.00031956800208784314 -0.034492084709830756 0.0070518256863236831 -0.01014002399223201 -0.070584911174659176 -0.0041394650646705729 -0.018762894206911775 -0.085211739085042731 0.15771093068147313 -0.036646219213791201 -0.014553793981670907 0.28153780551167945 -0.086621046217342942 -0.044751104914063887 0.034284812142410907 -0.057726199003288049 0.0091206116720529556 0.047557275733497467 0.030880609163188827 0.07515133689616682 -0.046431730425761347
leaf_weight=6329.6984581112047 1329.5263343235711 534.06838599551702 462.16490814764984 45.542344674351625 21.89591078198282 76.67206654738402 25.580791413609404 590.62631068576593 25.422418608504813 433.01713096647291 468.74902130430564 2048.8929482745007 112.58225220441818 29.916016105562449 117.19319323211676 294.16621740325354 25.420844720443711 7.670260669197889 25.22375685046427 16.523014949634671 5.129138679476454 30.312675156397745 4.7851097136735916 120.23584933066741 55.734470339491963 84.891140506835654 10.034383057150988 111.46011889353395 7.7648749081417909 88.092966056778096
leaf_count=88970 15959 9881 6554 9586 210 797 273 13493 1668 6945 16439 28990 698 162 3567 4583 703 141 392 140 146 1091 210 2681 927 1521 123 571 102 1527
internal_value=-0.000152234 -0.00417918 0.000881395 -0.000719635 0.000506721 -0.019359 0.0147511 0.00913491 0.00044628 -0.0154342 -0.0219607 0.000203779 0.0186964 0.000743233 0.0265661 -0.0267643 -0.0220817 -0.0179004 0.0214855 0.0644761 0.138735 -0.0251022 0.079929 0.00731845 -0.0019901 -0.0232484 -0.0416631 0.0102676 -0.0151177 -0.036583
internal_weight=13539 2765.36 10773.6 9023.28 8466.26 557.026 102.253 1750.35 917.034 1435.83 1002.82 8444.36 833.316 253.958 579.358 454.773 409.231 383.81 59.3313 34.1075 17.5845 324.479 12.4554 710.862 6395.47 206.171 65.7689 224.042 180.749 95.8578
internal_count=219050 49224 169826 137282 119220 18062 1070 32544 20992 33265 26320 119010 11552 1431 10121 16992 7406 6703 1029 637 497 5674 351 16174 90020 4818 1050 1269 3150 1629
cat_boundaries=0 1
cat_threshold=2
is_linear=0
shrinkage=0.1


Tree=117
num_leaves=31
num_cat=1
split_feature=8 11 16 11 20 17 11 19 7 11 6 11 20 1 13 16 11 16 9 21 7 16 16 9 21 8 16 18 8 6
split_gain=4.18268 5.36652 7.40696 10.0762 6.42685 7.99851 6.36178 6.25923 22.1856 8.41284 5.53481 7.57111 5.42894 4.76548 4.7274 4.21221 4.04834 15.1457 8.2673 7.9203 12.1414 10.4722 10.0483 8.29603 17.3704 10.1009 10.9534 8.12877 8.41915 15.6187
threshold=1.5000000000000002 23.500000000000004 2.5000000000000004 5.5000000000000009 0.028177761472761634 14.500000000000002 189.50000000000003 0.026476101949810985 1.5000000000000002 1.0000000180025095e-35 6.5000000000000009 -1.0000000180025095e-35 0.047120505943894393 0 0.062945876270532622 4.5000000000000009 56.500000000000007 28.500000000000004 30.150000572204593 684.50000000000011 1.5000000000000002 26.500000000000004 5.5000000000000009 33.049999237060554 3897.5000000000005 8.5000000000000018 59.500000000000007 0.18246547877788546 24.500000000000004 6.5000000000000009
decision_type=2 2 2 2 2 2 2 2 2 2 2 2 2 9 2 2 2 2 8 2 2 2 2 8 2 2 2 2 2 2
left_child=1 2 4 -4 5 7 14 9 -9 -1 11 -10 -6 -2 -3 -5 17 -15 -18 20 -20 -22 -21 24 -24 -26 -27 28 29 -25
right_child=13 6 3 15 12 -7 -8 8 10 -11 -12 -13 -14 16 -16 -17 18 -19 19 22 21 -23 23 27 25 26 -28 -29 -30 -31
leaf_value=-0.032100903509845256 -0.044975109074792734 -0.072338806131430844 0.11029593642190694 -0.051033907354203392 -0.065690034609642733 -0.085402713248574916 0.019983679149365753 0.3310540073667112 -0.031964090088926055 0.15628437327828879 -0.074648704529598903 0.19701057351633111 -0.012159631389205082 0.00029154903262826993 0.040576343976446348 0.026996912514304989 -0.019537916296860296 -0.05175299304480057 -0.010211371520346631 -0.048620089197745325 0.14399098442210917 0.041998986436159895 0.1619583895012035 -0.0023654159617231565 -0.055961660370419122 0.016102407256109202 0.12774098506758866 -0.060704592401515871 -0.011729853956074246 0.030351130286133524
leaf_weight=11.208488857257185 13.009639346273614 34.714973954192828 12.117161868489346 9.8667439728742448 20.566373088979162 4.9464302273700005 13.239380918850655 3.2154267606092608 2.8105928916484109 3.0063871002057558 3.4311941296327859 2.9700350267812601 240.44251113245264 11945.915335458179 4.1511866832152 23.147698980639689 110.18152927124174 56.179514385410585 32.256565569259692 31.82547753828112 13.398608079063704 40.487864946713671 10.194035968161186 310.99383339064661 13.34923146443907 37.701011072727852 11.460078206728211 18.059937592828646 180.22953933646204 274.90161995333619
leaf_count=558 2656 927 171 144 654 215 273 128 142 134 139 98 2507 179648 109 424 1802 4033 358 3885 86 509 120 7028 222 693 103 373 3903 6234
internal_value=0.000193437 -0.0100141 -0.00540552 0.0323022 -0.0112217 0.0313799 -0.039885 0.053062 0.104901 0.0077418 0.0259619 0.085681 -0.0163776 0.000497192 -0.0602787 0.00367651 0.000576321 4.79385e-05 0.0064263 0.00936086 0.0383124 0.0673588 0.00655459 0.00860382 0.0409186 0.0211798 0.0421268 0.00560781 0.007171 0.0129852
internal_weight=13490 389.835 337.729 45.1316 292.597 31.5886 52.1055 26.6421 12.4272 14.2149 9.21182 5.78063 261.009 13100.1 38.8662 33.0144 13087.1 12002.1 1085.04 974.858 86.143 53.8865 888.715 856.889 72.7044 62.5103 49.1611 784.185 766.125 585.895
internal_count=218276 6623 5314 739 4575 1414 1309 1199 507 692 379 240 3161 211653 1036 568 208997 183681 25316 23514 953 595 22561 18676 1138 1018 796 17538 17165 13262
cat_boundaries=0 1
cat_threshold=1581365
is_linear=0
shrinkage=0.1


Tree=118
num_leaves=31
num_cat=10
split_feature=3 3 16 9 9 21 20 9 20 21 3 8 3 12 10 14 6 16 18 3 9 6 3 3 15 3 21 3 8 3
split_gain=16.458 12.1285 15.3698 7.18593 7.1712 15.7597 10.9242 7.06163 7.01267 7.66767 6.35417 5.96226 5.876 5.78163 6.74575 5.59067 5.36961 6.2013 5.3495 5.20713 6.53769 5.89462 44.5553 23.4284 13.4545 11.1823 10.4037 9.12189 8.19787 7.65091
threshold=0 1 28.500000000000004 58.250000000000007 37.350000381469734 3883.5000000000005 0.1250448822975159 31.150000572204593 0.070900615304708495 4301.5000000000009 2 14.500000000000002 3 -1.0000000180025095e-35 0.075332164764404311 3.5000000000000004 6.5000000000000009 24.500000000000004 0.002958605764433742 4 65.950000762939467 10.500000000000002 5 6 1.0000000180025095e-35 7 456.50000000000006 8 8.5000000000000018 9
decision_type=9 9 2 10 10 2 2 8 2 2 9 2 9 2 2 2 2 2 2 9 10 2 9 9 2 9 2 9 2 9
left_child=3 2 4 -1 6 -6 13 -4 9 -7 18 -8 15 14 -2 -12 17 -17 -3 20 -14 25 28 -24 -25 26 -21 -27 29 -23
right_child=1 10 7 -5 5 8 11 -9 -10 -11 12 -13 19 -15 -16 16 -18 -19 -20 21 -22 22 23 24 -26 27 -28 -29 -30 -31
leaf_value=-0.024172220104101028 -0.020934786058511515 0.014244923032527369 0.13066275331929439 0.056266167259670846 0.15262440917660783 0.13699217889039267 -0.071035475252816282 -0.089602346071538816 -0.076741244304039127 -0.029880475871388208 -0.016998664395907661 0.011822066486701232 -0.005294479115713787 0.043361431777415999 0.081491289212627147 0.12881208464312571 -0.023668537904296953 -0.022984422554526842 -0.052680375108693389 0.061251838278396378 -0.054192626348508147 -0.035931610883671139 -0.042892537675408564 -0.0091923318605577186 0.047552951672729819 -0.027337366604269272 0.011020426648334976 0.00078610371870127527 0.047061273558737314 0.026207382450067297
leaf_weight=354.60114640445681 31.88488753978163 391.15253483818378 1.6059533607913179 11.465050864964722 13.978275232017042 5.7456140455324221 17.01672600582242 15.536614681361245 6.0789627013728014 5.2876030839979649 324.07291639817413 17.736353389918804 1261.5113774757774 126.53966940101236 8.054207079112528 8.2167911692522484 8.7090946295065788 4.0021107668289906 12.319710225681773 44.674238236621022 27.948348438832909 20.704024315811694 210.460425467405 962.01705984555883 43.680977219366468 106.87972764659207 535.18401733320206 8720.4536149788764 165.7142091159476 46.93252271914389
leaf_count=9461 1052 7472 64 206 137 204 176 1064 85 183 6453 147 19739 2820 82 220 259 167 252 365 490 201 3897 16146 741 2625 13474 127214 2427 798
internal_value=-0.000450594 0.00013979 0.021546 -0.0210771 0.0291522 0.0738499 0.0222464 -0.0689674 0.00950206 0.0570195 -0.000290719 -0.0287488 -0.000693899 0.0328918 -0.000279315 -0.013376 0.0363295 0.0790935 0.0119063 -0.000322968 -0.00630542 0.000392722 -0.00554298 -0.01323 -0.00666145 0.00130774 0.014638 0.000415041 0.033645 0.00574848
internal_weight=13510.2 13144.1 249.465 366.066 232.322 31.0905 201.232 17.1426 17.1122 11.0332 12894.6 34.7531 12491.2 166.479 39.9391 345.001 20.928 12.2189 403.472 12146.2 1289.46 10856.7 1449.51 1216.16 1005.7 9407.19 579.858 8827.33 233.351 67.6365
internal_count=218621 208954 6014 9667 4886 609 4277 1128 472 387 202940 323 195216 3954 1134 7099 646 387 7724 188117 20229 167888 24210 20784 16887 143678 13839 129839 3426 999
cat_boundaries=0 24 47 71 94 118 142 165 189 213 235
cat_threshold=545783936 2097152 0 0 0 98304 262176 33554432 0 335545476 1073741824 0 9437186 65538 0 0 0 2147483648 0 65537 4196420 67110912 64 8 0 1024 2147483648 0 0 142622720 67108864 4194304 32768 50332160 640 2080 0 1048592 0 1073741824 0 67125504 262152 0 2097154 0 411075584 1073776640 150994945 33554432 0 0 268436480 320 4224 0 16384 134365184 8 4112 2105344 0 8388608 0 8192 37748736 0 0 2101250 512 256 0 33554688 1048608 4096 0 537133058 17827840 268960768 67108864 256 1 0 0 0 0 16777216 0 134221824 16777216 67108864 67110016 159399936 16779264 33685504 0 545263681 0 0 83886080 2228224 0 134217728 134844416 1048576 65536 1 8388608 0 2147483648 40 1610876928 0 32768 0 0 0 32769 2483027968 0 4194304 8 0 0 524290 256 285212672 0 36864 33554432 4228100 0 0 536870912 2 33588736 32770 524288 0 32 2097152 512 150994944 64 0 516 0 0 268435456 0 33554432 0 0 687865856 8256 12 0 65536 128 0 64 0 32 0 65536 0 524352 0 0 2147483648 2052 2952790656 8388608 33685504 4202496 0 134217728 8256 33554432 0 65536 2147483776 0 537927744 131072 32 0 2 327680 0 0 8192 1048585 1032 1048584 540674 256 0 10 0 0 0 4194304 0 536870912 0 32768 4096 524288 0 536870944 0 64 268435456 0 4194304 0 0 0 0 0 0 0 0 33554432 32768 0 0 0 0 0 0 0 0 32
is_linear=0
shrinkage=0.1


Tree=119
num_leaves=31
num_cat=8
split_feature=3 3 3 16 20 21 13 16 14 14 8 21 21 8 3 3 3 3 21 14 6 6 21 14 3 14 21 20 10 20
split_gain=19.1969 14.4716 6.97706 6.88025 6.56044 6.12902 6.2547 7.22046 5.63582 10.8674 7.0063 8.25183 17.9143 5.59557 43.1654 25.7037 20.0456 17.0121 12.9685 11.4739 11.1448 11.5451 12.2062 10.9265 10.0815 9.50935 9.61739 8.89182 10.5091 8.45287
threshold=0 1 2 15.500000000000002 0.0061043049208819875 4100.5000000000009 0.039696866646409042 2.5000000000000004 1.5000000000000002 9.5000000000000018 9.5000000000000018 3989.5000000000005 4125.5000000000009 25.500000000000004 3 4 5 6 4345.5000000000009 21.500000000000004 3.5000000000000004 4.5000000000000009 891.50000000000011 9.5000000000000018 7 11.500000000000002 4272.5000000000009 0.1009182706475258 0.034238180145621307 0.017089337110519413
decision_type=9 9 9 2 2 2 2 2 2 2 2 2 2 2 9 9 9 9 2 2 2 2 2 2 9 2 2 2 2 2
left_child=-1 8 3 5 -4 -3 7 -7 -2 10 -10 -12 -13 16 18 -16 19 -18 20 -6 25 27 -23 -20 -17 -15 -27 28 -22 -26
right_child=1 2 4 -5 13 6 -8 -9 9 -11 11 12 -14 14 15 24 17 -19 23 -21 21 22 -24 -25 29 26 -28 -29 -30 -31
leaf_value=-0.025128987483668336 0.014983927592489378 -0.016862875452384848 0.051921609894891779 -0.0415271229810159 -0.025997039457367917 0.0038131735186796335 -0.041846685977284956 0.062554307228179243 0.00053318519487350138 -0.083567371048933844 0.044693887553899435 0.31385904925028096 0.070473150488175748 0.014631046559102129 -0.023444949437012041 -0.014763820498413797 0.020331050323218507 -0.00073626795391324644 0.01656379820601386 0.063186276521607007 0.34652589498455405 0.16444411882911861 0.046955865048967635 -0.10945339267732201 0.068973447525285059 0.002025102239139669 0.28732209552142368 0.087803816569052257 0.11329301317712981 0.0074140786632708386
leaf_weight=291.60377033078112 376.50348912284244 292.20085683849175 24.571656300133327 65.085048628214281 394.52454713871703 194.37753295549192 25.897678438690491 23.450229821028188 10.066312311217187 5.1057492876425377 14.120600876398386 4.6116326926276079 8.7854200382716936 83.421123499982059 396.71877324650995 210.88258402072825 389.87534110655542 9238.2013591823634 77.854281559935771 14.973391201812772 3.5454105329699823 9.5455180983990413 120.12638870952651 7.5475320032564914 22.725571083312389 2.1383017235202706 2.640860237297602 15.036601026542485 4.2450353112071753 1207.30639440089
leaf_count=9551 6809 3712 3101 1403 6601 2781 387 506 223 285 199 95 237 1539 5698 4095 6448 142162 1571 156 161 75 2734 536 2490 229 98 87 66 14799
internal_value=-0.000182569 0.000385289 -0.000218932 -0.0106475 0.00030201 -0.00709607 0.00461329 0.0101369 0.0184482 0.0533228 0.0719192 0.0980332 0.154253 0.000198303 0.00481075 -0.00123295 -0.000795972 0.000137033 0.0377483 -0.022194 0.0507844 0.0671488 0.0556045 0.00542681 0.00500199 0.0224902 0.159674 0.132728 0.219437 0.00848246
internal_weight=13537.7 13246.1 12826.9 601.011 12225.9 535.926 243.725 217.828 419.193 42.6897 37.584 27.5177 13.3971 12201.3 2163.73 1837.63 10037.6 9628.08 326.101 409.498 240.699 152.499 129.672 85.4018 1440.91 88.2003 4.77916 22.827 7.79045 1230.03
internal_count=218834 209283 201435 8789 192646 7386 3674 3287 7848 1039 754 531 332 189545 34178 27082 155367 148610 7096 6757 4989 3123 2809 2107 21384 1866 327 314 227 17289
cat_boundaries=0 23 46 70 93 115 138 162 186
cat_threshold=268468224 0 9792 0 0 0 1048640 8192 0 1082529 0 40 4194304 8208 0 1048576 0 0 0 0 2113540 536887296 268829730 16777216 50855937 8388608 0 0 16842752 4194304 0 0 268439552 131072 0 1 1048576 0 1073741824 268435457 2181071872 128 0 4201536 1082130432 65664 1082130432 1207959552 32 2099200 268443648 0 0 276955648 65536 0 8388608 65536 17408 256 0 536870912 96 268435456 536871168 0 33554432 16777216 2097152 262656 134348800 67108868 4194307 128 0 8388608 134348800 4096 2164269056 0 134217728 606076928 4098 4 0 512 131072 4096 32776 1 262144 33554432 2147483648 536870912 0 33556480 0 0 0 0 0 0 0 1073790976 276824064 655588 33570816 0 8390656 2 134482176 16384 67108866 67141664 34816 2097152 75497474 33554434 1052801 0 8392705 268435457 33554432 532480 0 134217728 0 4098 0 0 512 2181169152 0 32776 0 262144 33554432 2148012032 0 1024 0 8 0 2147500032 589826 128 67371008 0 1073741824 8388608 2181038208 0 0 8388608 10 134220032 24576 4 0 38914 536871424 72 0 4194304 134234112 8 0 4 524290 6291712 131072 33554432 4608 33556480 2189434896 0 0 0 16 67109376 8192 98304 0 0 75530752 8
is_linear=0
shrinkage=0.1


Tree=120
num_leaves=31
num_cat=6
split_feature=3 3 3 8 3 9 3 8 7 8 9 19 8 21 18 15 8 21 20 3 8 20 8 21 19 20 11 20 21 21
split_gain=16.9606 10.4984 6.17091 5.90817 6.09889 6.82342 5.6473 8.97038 5.26341 8.24733 9.92606 9.48594 6.31685 6.02615 6.01501 6.64489 4.86506 4.69367 7.13569 5.17513 5.55317 8.29726 8.00088 11.3131 9.78712 7.98439 7.23875 13.5146 6.30994 6.30689
threshold=0 1 2 23.500000000000004 3 33.049999237060554 4 30.500000000000004 4.5000000000000009 12.500000000000002 24.94999980926514 0.055890779942274101 25.500000000000004 4179.5000000000009 0.14160401374101642 1.5000000000000002 1.5000000000000002 4373.5000000000009 0.13217660784721377 5 17.500000000000004 0.070900615304708495 24.500000000000004 2048.5000000000005 0.12784527987241748 0.063091341406106963 -1.0000000180025095e-35 0.029119851067662243 2048.5000000000005 4038.5000000000005
decision_type=9 9 9 2 9 8 9 2 2 2 10 2 2 2 2 2 2 2 2 9 2 2 2 2 2 2 2 2 2 2
left_child=3 -2 16 -1 -5 -6 7 8 14 10 -10 12 13 -11 17 -16 -3 18 19 -4 21 25 23 -22 -24 26 27 -21 -23 -28
right_child=1 2 6 4 5 -7 -8 -9 9 11 -12 -13 -14 -15 15 -17 -18 -19 -20 20 22 28 24 -25 -26 -27 29 -29 -30 -31
leaf_value=-0.030032943373728541 0.013709929107331403 -0.1019378675514242 -0.026434920132264381 0.03012138194746777 0.07777167680198066 -0.034005316141031743 -0.0004314204380805643 0.094622911915559216 0.11569626804511435 0.12672863206633819 -0.032250770305439998 -0.03429926254657939 0.19688401735488364 -0.054411948285763324 0.15577910539826362 -0.00060619256756983897 -0.014901045258014065 -0.016327246616079195 -0.0092232137715822487 0.26261640873604936 0.1735156200837554 0.037008583217876589 -0.0055434092768287986 0.046983361099305808 0.14359399196114003 0.10704833110494852 -0.053449719879688343 0.010307225981480657 -0.034008941774641359 0.025077130568036721
leaf_weight=257.95026759617031 553.11456853791606 6.6316094369394696 17.875193821615539 31.387042370159179 6.1186973192961887 50.832098544342443 11813.79694833851 12.174437104142269 18.832923770416532 3.4288016471546126 5.9731706633465356 21.802487748209387 3.2570957285352051 3.9549951470689848 5.4862485988996905 5.3828988884342834 203.35885748959845 99.557629419723526 152.9765751324594 3.2757132616825384 8.3644633674994093 16.740238416939974 41.911405564169399 45.52171656943392 4.9164757523685685 12.099265474826096 14.181630507227963 6.0324446484446526 49.522243364714086 36.684078378137201
leaf_count=5554 11042 206 993 529 112 1168 182483 215 307 131 113 256 92 137 104 109 6091 2771 1139 151 71 113 1005 1106 45 223 483 154 663 1128
internal_value=-0.0002318 0.00035067 -0.000245532 -0.0217607 -6.86605e-05 -0.0187108 4.88764e-05 0.0095137 0.00788501 0.0366649 0.0800714 0.00347649 0.0808765 0.029704 0.0047197 0.07833 -0.0168474 0.00314986 0.00787819 0.0180527 0.0215795 0.00949143 0.0403496 0.0666243 0.0101146 0.0329246 0.0180205 0.0990995 -0.0160674 0.00318343
internal_weight=13513.1 13166.9 12613.7 346.288 88.3378 56.9508 12403.7 589.952 577.778 57.2495 24.8061 32.4434 10.6409 7.3838 520.528 10.8691 209.99 509.659 410.101 257.125 239.25 138.536 100.714 53.8862 46.8279 72.2731 60.1739 9.30816 66.2625 50.8657
internal_count=218694 211331 200289 7363 1809 1280 193992 11509 11294 1036 420 616 360 268 10258 213 6297 10045 7274 6135 5142 2915 2227 1177 1050 2139 1916 305 776 1611
cat_boundaries=0 24 48 72 91 114 137
cat_threshold=0 536870912 512 0 0 1090523137 134219784 0 0 75498496 134348800 0 1048594 128 0 0 2228224 67125248 72 0 36864 8390656 2097288 8 65536 256 8388608 1024 268435456 0 22020416 0 0 285212672 0 0 2626048 2097152 0 536870912 268435457 50332672 536870912 0 262144 1073741824 42041344 65536 33554432 524288 4128 0 0 0 0 512 262144 33554560 524288 36 0 8388608 0 4 8272 134483968 33152 0 34 285229056 270008320 512 0 536870912 0 0 0 16777216 134217728 0 0 1024 134348800 0 1048578 0 0 0 131072 0 64 545259520 2 64 1052681 0 33555456 32800 0 33685504 2097154 128 671088904 262144 256 0 0 4128 0 65536 67108864 64 512 16908544 0 0 0 1048576 0 0 32768 0 0 2097152 128 256 0 0 0 0 0 0 0 67108864 0 512 16908288
is_linear=0
shrinkage=0.1


Tree=121
num_leaves=31
num_cat=4
split_feature=3 3 3 11 14 11 11 17 8 19 13 21 19 8 3 21 13 9 19 9 8 13 6 21 17 14 14 11 17 11
split_gain=18.8665 12.1769 8.02839 14.4767 8.42062 6.23915 10.3235 6.255 7.3744 11.4203 6.015 5.82992 5.81334 7.84719 5.49924 10.8862 9.11284 8.06932 14.7747 8.67561 5.74674 5.71149 4.98016 4.9563 4.81258 5.26918 5.59594 7.58986 4.73357 6.28219
threshold=0 1 2 -1.0000000180025095e-35 17.500000000000004 79.500000000000014 23.500000000000004 2.5000000000000004 5.5000000000000009 0.12784527987241748 0.31643131375312811 4373.5000000000009 0.053746230900287635 9.5000000000000018 3 4345.5000000000009 0.14363731443881991 43.149999618530281 0.24403697252273562 51.750000000000007 12.500000000000002 0.11122566089034082 5.5000000000000009 4328.5000000000009 2.5000000000000004 7.5000000000000009 1.0000000180025095e-35 1.5000000000000002 106.50000000000001 17.500000000000004
decision_type=9 9 9 2 2 2 2 2 2 2 2 2 2 2 9 2 2 10 2 10 2 2 2 2 2 2 2 2 2 2
left_child=-1 -2 3 12 5 6 10 8 -7 11 -5 -10 13 22 15 17 21 23 19 20 -19 -17 -3 24 25 26 27 -4 29 -26
right_child=1 2 14 4 -6 7 -8 -9 9 -11 -12 -13 -14 -15 -16 16 -18 18 -20 -21 -22 -23 -24 -25 28 -27 -28 -29 -30 -31
leaf_value=-0.030903003468420766 0.020788086488194114 0.18551002583392226 0.020950518258411158 -0.0030113412530123748 -0.10073429109110953 0.10563334369951859 -0.057171027525402519 0.11883960160774223 -0.084599047172719044 0.09634353674803138 0.081667553670379534 0.018625071723826082 -0.056262446465245343 -0.038282423177702141 0.00031701740953873859 -0.0094340835920571908 -0.10985243335893723 0.00070336724953709768 0.20327347475896163 -0.0052339227361094887 0.13939410677930256 0.12110208494459761 0.010641884011660128 0.092370121950726802 -0.044029612120830071 -0.060263050795331119 0.053252359308777725 -0.030489004587591913 0.026742058842216029 0.034699731801579543
leaf_weight=181.5673697203747 285.21126368746627 3.0920826500514549 231.20968902250752 391.01072755997302 8.819859507668296 7.5465057831024742 35.907990720501402 7.1716262702830127 13.110140504606539 8.1980457752943021 8.5724266145843995 9.3904737517586891 85.21729431534186 14.72173105960246 11852.122669347038 145.9870701400796 9.0361462834989634 4.3305358546786001 6.1519541665911666 21.087377976975404 9.6343398758908716 3.430643872881773 3.4410753741394728 7.8901122345123431 42.996245123445988 8.3921032543294114 43.568259874242358 32.746583047090098 25.114395033335313 13.26136901497375
leaf_count=5539 5985 108 4074 6826 956 95 875 91 325 69 147 125 1022 645 181572 4360 262 128 35 501 222 104 135 234 1097 438 826 988 634 403
internal_value=0.000257024 0.000703828 0.00024941 -0.0109891 -0.00390764 -0.00213184 -0.00581016 0.0331388 0.0170684 -0.00470309 -0.00119469 -0.0415192 -0.0445927 0.00219471 0.000795675 0.0100175 -0.0123344 0.0181763 0.0603379 0.0352516 0.0963858 -0.00643696 0.0934053 0.0138887 0.0123301 0.0179159 0.0200493 0.0145689 -0.00935618 -0.0254711
internal_weight=13519.9 13338.4 13053.2 596.2 489.728 480.908 435.491 45.4168 38.2452 30.6987 399.583 22.5006 106.472 21.2549 12457 604.837 158.454 446.383 41.2042 35.0523 13.9649 149.418 6.53316 405.179 397.289 315.917 307.525 263.956 81.372 56.2576
internal_count=218821 213282 207297 11419 9509 8553 7848 705 614 519 6973 450 1910 888 195878 14306 4726 9580 886 851 350 4464 243 8694 8460 6326 5888 5062 2134 1500
cat_boundaries=0 24 47 71 95
cat_threshold=64 16777216 0 2056 0 32768 49184 0 0 268435528 0 0 0 68165632 0 1073741824 2097161 2147483648 8 0 3149824 134217856 33554690 4096 0 0 0 4096 0 1 17303552 4202496 0 33554432 82048 134217984 3 2097280 0 0 2281701376 512 8256 524288 33554432 1082130432 19267584 537001984 301989888 34 0 0 262144 268435456 0 131072 4194304 4096 0 16768 8405024 0 0 33562624 530440 16777217 0 134217728 8192 1048576 384 404817920 2097154 0 3 8192 268451840 2097152 128 134217728 16384 2048 1073743872 134217728 0 0 0 268435456 262144 4194304 131076 0 2101248 67141632 514
is_linear=0
shrinkage=0.1


Tree=122
num_leaves=31
num_cat=12
split_feature=3 3 3 13 3 3 3 5 3 10 10 20 8 8 17 3 11 5 14 11 7 20 8 13 3 18 8 6 14 3
split_gain=21.2608 11.1048 8.28528 6.28046 21.9504 8.93481 6.93906 8.16436 30.2039 8.05603 14.9099 26.1059 7.28526 6.88603 8.92292 6.02917 5.83771 5.23417 5.21754 11.3309 7.77696 4.9716 4.9011 4.80795 10.6366 4.79874 4.75843 5.90337 5.27977 4.60502
threshold=0 1 2 0.24254545569419864 3 4 5 6 7 0.058780442923307426 0.025170597247779373 0.014809350948780777 21.500000000000004 15.500000000000002 2.5000000000000004 8 -1.0000000180025095e-35 9 1.5000000000000002 12.500000000000002 2.5000000000000004 0.20767211914062503 6.5000000000000009 0.20077519863843921 10 0.20821662247180941 6.5000000000000009 10.500000000000002 4.5000000000000009 11
decision_type=9 9 9 2 9 9 9 9 9 2 2 2 2 2 2 9 2 9 2 2 2 2 2 2 9 2 2 2 2 9
left_child=18 16 -3 6 -5 -6 17 15 -9 10 11 -10 -12 26 29 -8 21 -4 -1 20 -20 22 -2 -17 -25 -26 -7 28 -28 -15
right_child=1 2 3 4 5 13 7 8 9 -11 12 -13 -14 14 -16 23 -18 -19 19 -21 -22 -23 -24 24 25 -27 27 -29 -30 -31
leaf_value=-0.030509611719374691 0.069377751098143564 -0.015425343243647294 -0.055985902207731891 -0.04145101045366785 0.052202585150275219 -0.0118646089305384 0.013113480843096256 -0.041078976516674082 -0.10107847863083795 0.13845618251748676 -0.06470950712363592 0.51109369380223812 0.10514612126244588 0.025691185091052216 -0.085649235794557979 -0.00017378068447721179 0.01956555723224436 -0.0091011180954943226 -0.0075287153280721554 -0.051871562901547513 0.11573531919318025 -0.039352682006277125 -0.0040764740031665253 -0.029247566699947304 0.041550862991751016 0.11822047582521718 0.0089949806533522695 0.1199056189260107 0.10168287652392941 -0.020931402977189394
leaf_weight=296.03245250746841 10.969620781019328 360.49473349686014 16.720320035004988 146.00767281895969 28.375697440409567 30.920435981766786 350.82247483340325 27.159630744950846 1.2195868555572809 24.817607594653964 7.5040405420586449 1.6245115706697104 3.8058066219091415 23.397658076137304 17.06130512926029 11074.794643216126 417.4527595192194 417.79183992667822 9.5064265700057167 16.773676648270339 11.088912480045108 32.800888180732727 52.833940829848871 19.409834906458855 29.119502158719115 11.34376881882781 38.050168798305094 7.4691880196332923 7.3294939521001643 49.486983294424135
leaf_count=6884 261 7435 211 2139 578 549 9604 634 202 194 215 85 102 252 290 169505 5859 8925 209 521 180 183 1145 256 504 196 636 137 83 1041
internal_value=-0.000741256 -0.000101986 -0.000690349 -0.000247539 -0.013489 0.00835107 0.000136809 0.000607973 0.0332486 0.0828591 0.0439161 0.248586 -0.00755244 -0.0012635 -0.0205502 0.000391275 0.0141637 -0.0121242 -0.025306 0.00914476 0.0588389 -0.00771322 0.00855237 -2.09737e-05 0.0282404 0.0505517 0.0192945 0.0375248 0.0239655 -0.00531142
internal_weight=13542.2 13208.8 12694.7 12334.2 348.099 202.091 11986.1 11551.6 66.1312 38.9716 14.1539 2.8441 11.3098 173.715 89.9459 11485.5 514.057 434.512 333.401 37.369 20.5953 96.6044 63.8036 11134.7 59.8731 40.4633 83.7693 52.8489 45.3797 72.8846
internal_count=219015 211221 203773 196338 5705 3566 190633 181497 1432 798 604 287 317 2988 1583 180065 7448 9136 7794 910 389 1589 1406 170461 956 700 1405 856 719 1293
cat_boundaries=0 23 47 70 93 111 135 136 159 183 184 197 218
cat_threshold=2164260928 536871168 1 0 0 164352 2 301989888 0 2151710724 0 0 2147483648 1050624 0 0 134217728 2147491848 33570816 134217728 4096 1073741824 67712 8421376 268435456 0 136 2048 2147483648 4194304 0 201850880 640 0 0 6292608 0 0 1082132480 131073 0 4460800 0 2146308 16384 0 256 1073741952 33554432 0 1024 0 150994944 67109009 1280 0 16480 1073741829 50331648 0 256 0 0 72 16781312 0 68 0 67108992 16777217 0 4194310 541081600 512 0 0 0 2228224 285212672 0 0 1677721600 729373 8 0 0 0 1024 2 2 0 32 2147483648 134742016 0 2147483648 0 0 0 131072 0 0 0 4096 268435456 294912 16388 0 536870912 2097152 33554432 603979776 150994944 134348800 0 8192 2048 81920 16777344 0 1048576 8650752 8388620 16384 12591104 0 0 0 1074266112 16777216 32769 0 0 537404416 512 57 0 1 2147483648 4096 0 4 0 0 131072 0 0 1610612768 274432 16392 0 536870912 8192 0 0 0 67108928 0 131072 2048 1 0 0 0 4198400 524576 4202496 33980416 16777218 131200 32 8392704 0 0 0 0 262144 65538 514 64 2560 256 4104 130 524288 4 0 0 0 0 0 0 0 0 1048576 1075838976 131148 268435456 0 128 0 0 0 0 0 0 0 1048576 2147483648 16448 0 0 0 32 0 0 0 67108864
is_linear=0
shrinkage=0.1


Tree=123
num_leaves=31
num_cat=4
split_feature=3 3 16 13 3 6 19 19 3 9 11 16 16 10 7 13 6 9 6 6 20 9 14 19 14 19 20 6 17 6
split_gain=18.621 14.6703 10.2503 9.80218 8.17256 7.44378 6.92394 6.28147 6.15995 7.0798 7.96825 10.7775 10.5467 5.90741 5.5909 9.38993 9.06285 7.61459 5.70127 5.37173 5.21692 7.42141 5.9767 5.42468 4.84317 5.60979 7.28751 4.6734 6.11853 5.39751
threshold=0 1 9.5000000000000018 1.0000000180025095e-35 2 11.500000000000002 0.12784527987241748 0.017782646231353286 3 50.750000000000007 108.50000000000001 29.500000000000004 15.500000000000002 0.070737410336732878 4.5000000000000009 -1.0000000180025095e-35 8.5000000000000018 44.350000381469734 2.5000000000000004 8.5000000000000018 0.18592240661382678 58.250000000000007 1.0000000180025095e-35 0.15577951818704608 23.500000000000004 0.055890779942274101 0.017089337110519413 7.5000000000000009 1.0000000180025095e-35 4.5000000000000009
decision_type=9 9 2 2 9 2 2 2 9 8 2 2 2 2 2 2 2 8 2 2 2 10 2 2 2 2 2 2 2 2
left_child=6 2 14 5 -3 13 7 19 9 -6 12 -12 20 24 15 17 -16 18 -2 -1 21 22 -11 -22 25 26 -4 29 -29 -24
right_child=1 4 3 -5 8 -7 -8 -9 -10 10 11 -13 -14 -15 16 -17 -18 -19 -20 -21 23 -23 27 -25 -26 -27 -28 28 -30 -31
leaf_value=0.083194018403250206 0.048667247350675374 -0.013495592012947628 0.11973241159764716 -0.092298641615397609 -0.025882263840922001 0.097804251645408458 0.020537466376514098 -0.039771595338801306 0.00069557424894642599 -0.019474033422468211 0.14880508776388604 0.011482641346668645 -0.081092800089498554 -0.034077181606686865 0.022540364085999239 0.040455614213048677 0.10822982609174203 0.014693551277879198 -0.049394689011996694 -0.023322719252434544 -0.039408576668045842 0.064437077397912518 0.037407598079433557 0.010369354658773368 0.13924991874447265 0.065953365994376331 -0.063115578932961172 0.11091690531157694 -0.0038208537669314731 -0.054763951285561219
leaf_weight=7.9173611545702469 7.2073799688369027 450.72098336974159 2.663144627120352 13.749507956788873 177.5909355856129 6.9822908171918234 25.786293871700764 194.2270483901375 11379.151500287873 302.33956316922558 7.7194424918852773 22.013262780150399 18.087193036684766 42.364576092921197 35.63932672701776 130.42493528150953 18.881926907226443 248.7808598887641 33.422307112254202 11.777328623807987 23.850222006440163 12.34834597277222 12.900034388992937 266.74503909610212 3.2750158982817075 10.44923837808892 12.007604674785396 10.053961147379598 8.6431244246195984 12.518910097947808
leaf_count=231 109 11622 149 311 2886 136 200 5491 177496 6063 98 605 714 519 559 2061 266 4121 579 248 142 188 368 1806 144 253 554 162 264 352
internal_value=-0.000222084 0.000286941 0.0158984 -0.0144672 -0.000420328 -0.000701831 -0.0272764 -0.034315 7.12137e-05 -0.00796627 -0.00351709 0.0471354 -0.00577337 -0.010422 0.0220903 0.018178 0.0522165 0.00813845 -0.0319993 0.0194975 -0.00367556 -0.0117417 -0.0144569 0.0062839 0.0248708 0.00995861 -0.0299236 0.0199271 0.0578769 -0.00798718
internal_weight=13510.2 13270.5 565.848 91.4914 12704.7 77.7419 239.708 213.922 12254 874.81 697.219 29.7327 667.486 70.7596 474.357 419.835 54.5213 289.411 40.6297 19.6947 649.399 358.804 346.456 290.595 28.395 25.12 14.6707 44.116 18.6971 25.4189
internal_count=218697 212527 9761 2066 202766 1755 6170 5970 191144 13648 10762 703 10059 1619 7695 6870 825 4809 688 479 9345 7397 7209 1948 1100 956 703 1146 426 720
cat_boundaries=0 23 46 70 93
cat_threshold=33554432 1024 65536 2050 2048 0 8 128 67108864 68714496 327680 0 4194304 4259840 0 1073741824 4096 0 1056776 134217732 0 32 67405840 128 33554432 167772160 4096 268435456 0 17858560 0 0 268435456 0 256 2155966467 2 0 0 2097152 24576 0 66112 67584 0 8389634 2147483648 2097152 0 129 8 2 268435456 256 33554432 512 1 0 67109120 1050624 0 2052 268435457 4096 18 131072 4194306 4608 2236416 1152 0 0 16384 0 8192 1024 204800 37748736 16777216 671088640 134218240 134217728 0 8388609 0 2164260864 34 2147486208 4096 0 1310720 2147483648 822083648
is_linear=0
shrinkage=0.1


Tree=124
num_leaves=31
num_cat=6
split_feature=3 3 11 8 3 6 21 20 8 7 16 16 12 3 8 12 16 3 14 8 21 21 6 12 3 21 18 7 18 8
split_gain=18.942 12.0168 10.4129 7.01803 6.96913 9.43708 6.85258 6.58172 6.44971 5.42733 5.23375 5.38702 5.18795 19.9127 6.93656 8.23441 6.45371 5.80888 7.15047 6.31832 5.97126 4.89564 5.00923 4.82688 21.9523 6.80714 5.35546 9.69692 6.84125 5.16452
threshold=0 1 448.50000000000006 21.500000000000004 2 11.500000000000002 456.50000000000006 0.40110553801059728 10.500000000000002 2.5000000000000004 107.50000000000001 34.500000000000007 73.500000000000014 3 18.500000000000004 89.500000000000014 1.5000000000000002 4 13.500000000000002 2.5000000000000004 4496.5000000000009 456.50000000000006 5.5000000000000009 24.500000000000004 5 3989.5000000000005 0.506756752729416 2.5000000000000004 0.002958605764433742 27.500000000000004
decision_type=9 9 2 2 9 2 2 2 2 2 2 2 2 9 2 2 2 9 2 2 2 2 2 2 9 2 2 2 2 2
left_child=10 2 3 9 5 -3 -5 -8 -7 -2 11 21 17 14 16 -16 -14 18 19 -6 -21 22 -1 -19 25 -25 28 -28 29 -26
right_child=1 4 -4 6 12 8 7 -9 -10 -11 -12 -13 13 -15 15 -17 -18 23 -20 20 -22 -23 -24 24 26 -27 27 -29 -30 -31
leaf_value=0.034413442324246778 0.02059852963141286 -0.022262666418437729 -0.086338288909609193 -0.0018227371731820486 -0.036719245522817155 0.11746766185140395 0.056720729353739022 -0.0088022468285134919 0.0027827365018654052 -0.0051468927821152251 0.062983667338536289 -0.088578279656575554 -0.026246776886788184 -0.044848710425465295 0.0078164077139692943 0.12691529297606594 0.062926602402596163 -0.00034735517029675639 -0.092705031796461695 0.019680633030197851 -0.024678252805043457 -0.033022653005428157 -0.02375185393667964 -0.0841887140180516 0.036894502766964543 -0.01441375029620467 0.17725557536855174 0.00055738360959108166 -0.0027107913067313744 0.11312842545839806
leaf_weight=24.484492182731628 190.57962053141091 240.19756209041225 9.8027108686510456 38.109647031873465 23.916538141667843 8.1531775397015753 101.83715328748804 18.047133147716522 12.303978628129697 143.56251502991654 6.3918566418578839 14.175778510980306 25.055661922437139 91.622241144767031 10.738222861196848 12.636760460794902 12.004350289702414 11659.604034192744 6.4627657690434708 380.67093114735326 32.974943459616043 195.42704355961177 37.457114145159721 21.62102268030867 91.575522197643295 39.572799718938768 6.9242329946719092 5.6318704367149621 44.576426149171311 9.8415840197121707
leaf_count=135 2413 5740 139 272 570 161 1611 77 308 1819 132 571 256 2034 104 131 99 184995 738 8657 709 3576 223 247 1520 505 128 106 728 185
internal_value=-0.000165076 0.000386663 0.0154088 0.0177486 -0.000216996 -0.0160923 0.035115 0.046857 0.0484903 0.00953714 -0.0255393 -0.0285635 0.000127318 -0.0182308 0.0253495 0.0722025 0.00263795 0.000353941 0.0114548 0.013255 0.0161444 -0.0252579 -0.000760075 -7.05678e-05 0.0146126 -0.0335793 0.0332345 0.098 0.0299408 0.0442923
internal_weight=13516 13238 501.939 492.136 12736.1 260.655 157.994 119.884 20.4572 334.142 277.936 271.544 12475.4 152.057 60.435 23.375 37.06 12323.4 444.025 437.562 413.646 257.369 61.9416 11879.3 219.743 61.1938 158.55 12.5561 145.994 101.417
internal_count=218889 214252 6331 6192 207921 6209 1960 1688 469 4232 4637 4505 201712 2624 590 235 355 199088 10674 9936 9366 3934 358 188414 3419 752 2667 234 2433 1705
cat_boundaries=0 24 47 71 92 115 129
cat_threshold=0 536871936 0 0 0 4259840 524288 268435456 0 2097172 134217728 134217728 1048577 1048704 0 65536 8192 1073741824 49280 134348802 2097280 33554432 134225920 263168 0 2097152 0 2 0 16809984 16779264 0 32768 1536 262144 536870944 8406016 257 0 1048576 2097225 532480 0 517 16448 0 16777346 128 66 0 1 8 0 16458 0 262144 135178 129 67108864 2147483648 1024 1073741824 0 33554432 16777216 4194320 0 33554432 16777216 1654784 128 268435456 4194304 4210817 512 0 4 0 0 268443648 0 8192 27262976 786696 16384 0 0 0 0 2 0 65536 67174400 0 2048 128 0 8 268435457 8392704 67239936 16777536 65536 268437504 2 33628160 0 8388608 4128 33816584 553648128 64 0 512 262144 2148007936 4194304 2717909121 0 0 0 131072 131072 285220864 0 0 10485760 2237072 16392
is_linear=0
shrinkage=0.1


Tree=125
num_leaves=31
num_cat=4
split_feature=3 3 11 16 18 3 11 9 6 9 8 21 8 21 19 16 3 11 16 21 6 17 9 21 11 8 19 16 21 14
split_gain=17.2042 11.5923 8.95689 9.85662 7.84514 5.73692 6.51841 10.4596 7.09158 6.72686 5.59379 5.56139 6.7387 6.86003 6.04017 5.47575 5.39842 5.47435 6.39854 6.21997 9.40341 6.9891 6.66162 6.32946 6.08691 5.31134 8.97851 21.4502 10.2842 5.5665
threshold=0 1 -1.0000000180025095e-35 12.500000000000002 0.013514130376279356 2 108.50000000000001 24.150000572204593 6.5000000000000009 59.750000000000007 8.5000000000000018 4510.5000000000009 27.500000000000004 4345.5000000000009 0.051814123988151557 12.500000000000002 3 351.50000000000006 40.500000000000007 456.50000000000006 5.5000000000000009 233.50000000000003 63.350000381469734 4359.5000000000009 12.500000000000002 3.5000000000000004 0.029003945179283622 2.5000000000000004 4060.5000000000005 13.500000000000002
decision_type=9 9 2 2 2 9 2 10 2 10 2 2 2 2 2 2 9 2 2 2 2 2 8 2 2 2 2 2 2 2
left_child=4 2 -2 11 25 6 9 8 -8 15 -6 12 13 -4 -14 -3 17 18 19 22 23 24 -7 -21 -22 26 27 -1 -28 -27
right_child=1 5 3 -5 10 16 7 -9 -10 -11 -12 -13 14 -15 -16 -17 -18 -19 -20 20 21 -23 -24 -25 -26 29 28 -29 -30 -31
leaf_value=0.0050903322344978139 -0.012446509376755384 0.0083998977648136706 0.039819316826204348 -0.027851029218731144 0.13824926809962709 0.088351271902098127 0.036692531293059653 -0.039551648676388093 0.15883401675897557 0.080053321641486833 0.0142429558274504 0.097843105795545518 0.060203575705252858 -0.028744125617522088 -0.046456612619394266 -0.043192365666444146 -0.00078076955520755599 0.04800444767112081 -0.090209747597463141 -0.05811742594471965 -0.01918802321527821 0.12857106218206377 -0.0036678238756398755 0.060100931517305535 0.043176579942346416 -0.021892977373381736 0.024895572844909213 0.29325290873939525 -0.066054652939246838 -0.099303220594846059
leaf_weight=9.968404781247953 77.828967260196805 341.38750775950029 200.2392393121263 30.565223434241489 4.7684304702561375 10.68059124983847 9.3657590418588423 7.6855052202008656 9.6527007368858886 12.447376176714895 15.339338114252312 12.299087819410486 7.238745465641844 15.739959490485488 19.920251295436174 21.891042798524722 11873.97602915985 12.934075311117338 11.921781446784733 69.990535931137856 104.79508848080877 3.7576191961998111 29.86754734441638 4.8422798991668961 18.397773903503548 500.01299877825659 30.679824966005981 3.4867407907731822 20.903554368298501 9.4652015838073549
leaf_count=515 1482 4940 3052 1410 119 98 144 118 112 120 391 370 236 526 181 538 183438 273 680 2314 3046 93 285 230 707 11127 298 153 395 1385
internal_value=-0.000966942 -0.000193766 0.0171594 0.025816 -0.0174534 -0.00071037 0.0108901 0.0588997 0.0986847 0.00776776 0.0436503 0.0322377 0.0289191 0.0348226 -0.0180282 0.00529097 -0.00110352 -0.0149013 -0.0186875 -0.0151688 -0.0223506 -0.00577656 0.0205705 -0.0504678 -0.00987442 -0.0198958 0.00701514 0.0797642 -0.0119609 -0.0233311
internal_weight=13502 12907.4 363.831 286.003 594.624 12543.6 402.43 26.704 19.0185 375.726 20.1078 255.437 243.138 215.979 27.159 363.279 12141.2 267.187 254.253 242.331 201.783 126.95 40.5481 74.8328 123.193 574.517 65.0385 13.4551 51.5834 509.478
internal_count=218776 204393 7257 5775 14383 197136 5972 374 256 5598 510 4365 3995 3578 417 5478 191164 7726 7453 6773 6390 3846 383 2544 3753 13873 1361 668 693 12512
cat_boundaries=0 23 46 68 91
cat_threshold=671088640 16777216 0 0 0 0 16 0 0 2219835905 1073741952 335544320 33555456 256 0 1048576 35786753 537395200 64 0 0 136314882 532488 1090519040 0 0 4 0 327680 140640256 0 67633152 33558530 32768 2048 0 2 0 0 268435536 268468224 16793600 65536 4227076 0 402784320 67635200 33554496 0 8 0 8388608 285245952 4224 0 16384 0 8192 16384 2048 0 0 32 9472 570490896 131072 33554528 512 65536 1611137024 32 4097 0 524288 65536 8389120 0 0 524800 134283264 0 12582912 0 65536 262144 512 32770 0 1 1082130432 2231403008
is_linear=0
shrinkage=0.1


Tree=126
num_leaves=31
num_cat=8
split_feature=3 3 7 3 14 3 6 9 9 3 16 21 21 20 21 3 3 21 12 20 20 6 3 9 21 8 8 9 10 21
split_gain=16.8758 14.2647 8.91237 9.2513 7.62666 7.4635 6.97669 7.84373 9.48891 7.53118 6.70972 6.58022 11.4616 13.5202 6.55562 6.54586 6.49628 9.19776 7.34256 6.65689 9.59071 11.142 9.17399 7.2182 8.13768 9.77254 10.1855 5.8155 6.8265 11.1904
threshold=0 1 1.5000000000000002 2 9.5000000000000018 3 2.5000000000000004 34.049999237060554 26.250000000000004 4 8.5000000000000018 4524.5000000000009 4466.5000000000009 0.042491668835282333 4328.5000000000009 5 6 4301.5000000000009 2.5000000000000004 0.10704411566257478 0.1009182706475258 9.5000000000000018 7 43.149999618530281 2048.5000000000005 14.500000000000002 23.500000000000004 54.250000000000007 0.070737410336732878 3402.5000000000005
decision_type=9 9 2 9 2 9 2 8 10 9 2 2 2 2 2 9 9 2 2 2 2 2 9 8 2 2 2 8 2 2
left_child=-1 2 3 14 6 -3 10 8 -8 -9 15 12 -11 -14 -2 -4 17 18 19 20 21 22 -7 -23 -25 -26 -27 -24 29 -29
right_child=1 5 4 -5 -6 16 7 9 -10 11 -12 -13 13 -15 -16 -17 -18 -19 -20 -21 -22 23 27 24 25 26 -28 28 -30 -31
leaf_value=-0.023386216811714655 0.047844228156104555 -0.015148466681232037 0.05212112329190819 -0.022561517843977343 -0.10804803139840868 -0.010131873028028166 0.015937383511602832 -0.0097754967414097269 0.15583438384870069 0.045392976601151373 -0.11543556165013279 -0.02869161493904461 0.07344885425841613 0.33028110488093798 -0.03801825787144552 -0.022932639101022442 -0.00046285914066545469 -0.017296335329218968 -0.025954400782055461 0.0099881202214011141 0.12553042224498928 0.16021485447318129 0.11500313243907107 -0.036713595682573423 0.0058273384904303279 0.18918174871231838 0.020143985700562639 0.27267764858833926 -0.00023542487971687991 0.043971637953463517
leaf_weight=300.04782431584317 47.230925644864328 321.51404620840913 9.6932333600707334 73.892180817434564 3.8021828906494184 73.35543531307485 7.96839251671918 33.791597380302846 12.382793261436744 112.106431368622 4.8551740758121005 10.416507241781799 5.9216361090075207 3.1346945278346539 10.954571788432075 20.034261515131224 11874.838838779513 100.68751783028711 38.792692597024143 287.18030556011945 10.9124060831964 7.7674790763994679 11.044811792788094 7.7443964947015038 10.614972251001747 10.196229632245375 5.4807355995289972 2.6613613222725681 23.5286017768085 10.908345208037643
leaf_count=6689 788 8563 120 3266 964 1584 159 854 280 2752 121 401 248 40 330 593 183511 2321 470 1911 71 179 328 104 277 188 135 122 295 628
internal_value=-0.000326413 0.000217227 0.0196779 -0.000374639 0.0323739 -0.000339361 0.0347974 0.0424765 0.101058 0.0352672 -0.00644228 0.0442173 0.0541347 0.162347 0.0270329 0.0113588 5.41142e-05 0.0101112 0.0158304 0.0193436 0.0347653 0.0287001 0.0133784 0.0732312 0.0533805 0.0799181 0.130085 0.0424814 0.0323414 0.0888266
internal_weight=13453.5 13153.4 356.185 132.078 224.107 12797.2 220.305 185.722 20.3512 165.371 34.5827 131.579 121.163 9.05633 58.1855 29.7275 12475.7 600.875 500.188 461.395 174.215 163.302 121.499 41.8038 34.0363 26.2919 15.677 48.1431 37.0983 13.5697
internal_count=218292 211603 10916 4384 6532 200687 5568 4734 439 4295 834 3441 3040 288 1118 713 192124 8613 6292 5822 3911 3840 2957 883 704 600 323 1373 1045 750
cat_boundaries=0 24 48 72 96 119 142 166 189
cat_threshold=1073741824 536870912 0 0 2147483648 8388616 256 0 0 0 134217728 0 8388608 67110928 0 9503232 134217728 2816 8192 0 4194337 18432 545259520 38402 134217856 0 134217728 0 0 393216 285212672 12582912 0 33794 163840 0 32 2098176 0 2048 270532640 2147483648 128 32768 21504 2147516416 33554560 262144 0 0 0 0 0 393216 268435456 0 0 33792 131072 0 32 2097152 0 2048 2097184 0 128 0 16384 2147483648 128 262144 0 67108865 512 2097154 0 65538 266240 1152 0 4096 8392704 2048 2149580800 4194560 0 0 33562624 33554432 16 0 2112 640 83902976 8 0 0 0 0 0 393216 0 0 0 32768 0 0 32 2098176 0 0 2097152 0 0 0 0 0 33554560 0 0 0 0 0 0 0 0 0 32768 0 0 32 2097152 0 2048 2097152 0 128 0 5120 0 33554560 335544320 134217984 0 2049 0 289406976 2719744 256 262144 4194304 0 8388608 134242304 2 0 1073741824 2147483648 84410368 16777216 0 0 2097184 134217736 256 0 134217984 0 2049 0 285212672 524288 0 262144 0 0 0 0 0 0 1073741824 0 67108864 0 0 0 2097184 134217728
is_linear=0
shrinkage=0.1


Tree=127
num_leaves=31
num_cat=13
split_feature=3 3 8 3 12 19 7 11 6 8 3 3 3 3 11 3 3 3 3 14 19 3 3 19 9 19 20 7 11 14
split_gain=20.178 12.1415 8.31159 7.07047 6.63286 6.25524 10.774 7.79867 7.10444 6.20878 32.3113 10.077 7.0636 5.94615 5.68612 34.57 14.2951 12.4108 11.8686 11.6704 12.5999 17.4186 10.4193 10.2054 8.89165 8.7813 8.92106 10.9615 8.31828 12.3341
threshold=0 1 11.500000000000002 2 103.50000000000001 0.039049755781888969 5.5000000000000009 13.500000000000002 4.5000000000000009 1.5000000000000002 3 4 5 6 11.500000000000002 7 8 9 10 5.5000000000000009 0.027371043339371685 11 12 0.210883304476738 24.150000572204593 0.051814123988151557 0.063091341406106963 3.5000000000000004 448.50000000000006 117.50000000000001
decision_type=9 9 2 9 2 2 2 2 2 2 9 9 9 9 2 9 9 9 9 2 2 9 9 2 8 2 2 2 2 2
left_child=-1 2 5 4 -3 6 7 8 -2 10 -5 -12 -11 -14 17 -16 25 -15 -19 22 28 -22 -18 24 -24 -17 27 -27 29 -21
right_child=1 3 -4 9 -6 -7 -8 -9 -10 12 11 -13 13 14 15 16 19 18 -20 20 21 -23 23 -25 -26 26 -28 -29 -30 -31
leaf_value=-0.020778152496790752 -0.059122850808738928 -0.012097683566622316 0.028587896515110761 -0.046000903158196729 0.13086543655398652 -0.01070667581128939 0.23957029820618134 -0.10677678950784548 0.085610105451403573 -0.015519413927227433 0.04324092931729967 -0.0025826638382971533 0.013979517149501198 0.022890307030012658 -0.027206551513142968 -0.069766476339371344 -0.0077444418184317802 -0.02607837659767169 0.0001412092076416376 0.055215341597992601 -0.033825890090788097 0.01006060492097798 -0.030777013676994921 0.010703910958048617 0.039133499487989519 0.01742066166974374 -0.010709664218813949 0.24149299459034648 -0.10123965499759752 0.31430580212166531
leaf_weight=432.22509060194716 4.5128360381350019 511.66815042300732 265.77282086224295 147.43188857554924 3.2659982850309452 119.36246981425211 2.5434678536839774 3.8655318500241256 13.649552627932279 235.73219762730878 67.294855095329694 131.10845911968499 366.71252948907204 225.45658576162532 253.5665069888928 23.8755279010511 96.045555198914371 166.01038064755267 9022.2628242485807 39.334626959345769 108.36774839181453 373.29695139138494 18.95035873807501 230.98571709915996 455.03621018084232 7.2699811543570814 171.90564428642392 3.1202126191928983 3.1513731496524988 1.9274416251573701
leaf_count=11879 225 16122 4974 1919 102 1558 65 341 540 5434 903 2715 7903 4043 4578 2101 2452 3821 117441 2815 5613 4488 248 1109 10777 274 2946 84 942 514
internal_value=0.000230959 0.00094072 0.0176748 0.000385809 -0.0109777 -0.00124819 0.0446991 0.0221981 0.0496481 0.000876091 -0.01233 0.014289 0.00126378 0.00161783 0.00120099 0.00637368 0.0120261 0.000220428 -0.000360353 0.0158448 0.00439277 -0.000306635 0.0235639 0.0275484 0.0363384 -0.0121506 -0.00527107 0.0847104 0.0553579 0.067318
internal_weight=13505.7 13073.5 409.707 12663.8 514.934 143.934 24.5714 22.0279 18.1624 12148.8 345.835 198.403 11803 11567.3 11200.6 1786.83 1533.27 9413.73 9188.27 1327.1 526.078 481.665 801.018 704.972 473.987 206.171 182.296 10.3902 44.4134 41.2621
internal_count=218926 207047 7703 199344 16224 2729 1171 1106 765 183120 5537 3618 177583 172149 164246 38941 34363 125305 121262 28958 14372 10101 14586 12134 11025 5405 3304 358 4271 3329
cat_boundaries=0 24 48 71 93 115 139 163 187 211 235 258 276 300
cat_threshold=201392128 0 0 0 0 133120 134266896 256 0 3 0 32 17842688 2048 0 67584 2147483648 2048 4198464 0 4194306 536870914 3221225472 1024 16777216 134217728 8388608 4105 0 360448 0 0 134250496 0 16384 134217728 2097153 1024 0 536871424 0 0 536912000 131074 262144 8421376 25264128 65536 8388608 16777216 65536 0 0 536870916 2101256 0 65536 8393792 65536 0 8464 41943040 0 1048576 2359304 16777216 16777218 0 134234112 16777216 269484032 301989888 2 33570944 0 0 0 0 8192 318775296 0 1052672 3600809984 525444 12 0 1082130432 0 0 0 0 67108864 32 2147614720 4194308 1 0 0 0 1048576 131072 0 0 1073774592 536870912 294984 0 0 0 2 1024 0 0 0 134217728 131072 768 0 132 0 1073743368 132 0 67108864 2282749952 1207961600 0 0 8450 0 0 3 0 33554432 67174401 0 134348800 0 2304 2097152 67108864 536870912 0 1024 2148532225 2048 8320 262144 648 131072 67108864 128 17 0 1073741824 33554560 2147487752 0 4 1024 268435584 4096 2 0 33554432 134234112 0 0 0 0 281018368 0 0 1048576 18876672 4756578 2113536 0 0 0 268959744 0 0 2097152 1075841024 263176 8 2147516416 0 4325376 0 0 134217728 67239936 131072 2148007936 0 262144 1073741824 2684485632 0 0 0 402653184 1140850688 0 524288 32800 38817824 536871488 64 2048 0 134348800 0 0 0 0 411041792 2147483648 524288 0 256 536875040 2113536 0 0 134217728 570966016 0 512 32768 1080049664 536870920 8 0 1073741824 0 0 0 318767104 268960512 524288 0 301991940 0 0 262144 67174400 0 0 131072 134219008 0 0 69 0 134217986 302514176 4 2147483648 0 0 0 536870912 2097152 301989888 0 4096 2147483656 8 12 0 8388608 0 33555456 1644167168 536870912 0 2099202 0 4096 1048576 0 0 32768 0 33554432 8454144 0 0 0 8272 16896 16392 0 100667520 2147483648 103415809 512
is_linear=0
shrinkage=0.1


Tree=128
num_leaves=31
num_cat=11
split_feature=3 3 3 9 3 5 5 17 11 9 20 8 20 14 11 8 11 19 19 6 20 6 8 17 14 3 3 3 3 3
split_gain=21.69 11.7739 8.86565 8.24107 7.13634 11.9073 8.10105 7.15791 7.49763 7.6553 7.51444 7.62318 8.13026 7.06482 6.7664 11.1153 9.54132 8.95384 6.40802 6.28964 15.7157 6.76441 6.2211 6.10713 35.2654 26.5006 23.5872 17.1444 12.6797 10.6448
threshold=0 1 2 59.750000000000007 3 4 5 6.5000000000000009 73.500000000000014 26.94999980926514 0.16571567207574847 24.500000000000004 0.083451043814420714 2.5000000000000004 2.5000000000000004 27.500000000000004 -1.0000000180025095e-35 0.11382546648383142 0.38165868818759924 8.5000000000000018 0.02555275242775679 2.5000000000000004 3.5000000000000004 1.0000000180025095e-35 1.0000000180025095e-35 6 7 8 9 10
decision_type=9 9 9 10 9 9 9 2 2 10 2 2 2 2 2 2 2 2 2 2 2 2 2 2 2 9 9 9 9 9
left_child=18 3 -3 -2 5 7 -6 14 9 13 11 12 -11 -9 16 -16 22 19 -1 21 -21 -18 -4 27 26 -26 -25 -8 -27 -28
right_child=1 2 4 -5 6 -7 23 8 -10 10 -12 -13 -14 -15 15 -17 17 -19 -20 20 -22 -23 -24 24 25 28 29 -29 -30 -31
leaf_value=-0.033009427158244106 0.020800901991694577 -0.01710890702115744 -0.064069651684618575 -0.099921928339825661 0.065171380440410626 -0.049462862534715171 -0.028275205359712875 0.0184695141821886 0.12570430764350835 0.0083644488332376265 0.0072018962293526213 0.17543706856312324 0.11882966430854239 -0.064819284117506912 0.00032679316804057665 -0.071301104119722236 0.0095675403542157689 0.010315129839460674 0.027392242680055384 0.17694700391882096 -0.012752004721425096 0.072389030096423349 0.00070350708127904971 -0.026145597207190365 0.033662688604670032 -0.031776668206757321 0.02933452881669657 0.0016820925882204798 -0.010115603185164855 0.0066073135869201428
leaf_weight=244.76338050927734 355.48347329255193 275.81967577134492 16.278181127272546 5.7460405724123111 9.0490195986349118 24.293824741151184 185.15699412522372 91.483112490735948 7.7916728898417196 14.333961156662555 20.115583546459675 7.2283238500822327 12.449604220688341 11.45998579263687 225.96824902738445 23.962406673352234 22.496920944191515 211.2924062423408 18.92193078994751 4.9748970526270559 35.753112784586847 71.982897334266454 166.41884017549455 161.63340482057538 90.40758261224255 532.05154139443766 308.50611299555749 9095.4261902896687 604.73347942024702 641.38917067047441
leaf_count=7254 8121 7911 384 125 168 311 5260 1025 160 303 136 119 104 308 4844 604 425 1289 79 183 668 1320 3373 2394 1322 15420 3520 132353 11993 7219
internal_value=0.000238326 0.000813819 0.00030722 0.018372 0.000701837 0.00890497 1.1704e-05 0.0109098 0.0299555 0.0252058 0.0556513 0.0843056 0.0597112 0.00919751 0.00701981 -0.00654062 0.0134242 0.0231743 -0.0276273 0.0432695 0.0104196 0.0574304 -0.00506774 -9.50388e-05 -0.00466208 -0.0163487 0.00824063 0.00105576 -0.0204424 0.0142173
internal_weight=13497.4 13233.7 12872.5 361.23 12596.6 968.284 11628.4 943.99 164.862 157.071 54.1275 34.0119 26.7836 102.943 779.128 249.931 529.197 346.5 263.685 135.208 40.728 94.4798 182.697 11619.3 2338.72 1227.19 1111.53 9280.58 1136.79 949.895
internal_count=218695 211362 203116 8246 195205 15556 179649 15245 2155 1995 662 526 407 1333 13090 5448 7642 3885 7333 2596 851 1745 3757 179481 41868 28735 13133 137613 27413 10739
cat_boundaries=0 24 47 71 95 96 97 120 139 163 185 209
cat_threshold=0 2097216 2 0 8192 1090519040 134217760 12582912 0 286294144 0 0 1025 1 0 0 131072 280576 0 0 0 16386 526600 576 16777216 402653184 0 2097153 0 4096 2 0 524288 1026 0 134217736 2147483648 5251072 0 1048576 4128 4608 49152 0 32768 1073741824 59146242 33554560 1 8192 0 2147483648 1 2048 0 0 75497537 524416 0 65568 128 0 0 0 268435456 266496 4 1050754 637534208 17408 128 1073741824 536870912 0 512 0 32768 16384 8192 131072 16400 0 8388608 8405376 17172 0 1073742336 270344 256 0 67108864 67108864 33408 0 32768 8 192 2148007936 1073742850 33554432 0 0 0 2621440 0 0 2147487744 16384 16777472 4202512 2 0 8388608 16 218628096 33554624 0 32 2147483648 268501505 229376 2 2692743169 10 0 262144 1179648 2101248 0 0 1207959552 256 4362304 33619968 0 2048 2 201326592 16777282 524288 524544 65536 0 0 402655232 2097220 0 0 73732 16384 0 134217728 0 0 0 0 9216 0 0 38076416 9437184 2167296 69634 947912704 4194308 4210688 4 268435456 4 0 0 285220864 0 12288 1679818752 2785288 33554432 0 0 64 0 0 131072 4096 32 940048384 524292 18432 4 0 0 0 131072 318767104 0 1056768 50331680 136314882 8 0 0 0 33554432 536870920 0 327680 0 2147549184 262144
is_linear=0
shrinkage=0.1


Tree=129
num_leaves=31
num_cat=7
split_feature=3 3 14 6 14 3 8 3 8 13 19 7 3 16 7 8 8 19 20 8 19 3 8 14 17 18 19 3 6 6
split_gain=21.282 14.3871 7.81509 6.88016 7.22877 6.01132 6.54535 6.52284 6.05739 6.27064 5.98369 6.24302 5.59433 7.60242 10.3972 7.70684 10.5459 7.24529 7.54871 7.17446 8.61683 6.76249 9.38392 6.20445 13.0922 14.9119 9.82682 7.5214 6.55714 6.03852
threshold=0 1 4.5000000000000009 10.500000000000002 48.500000000000007 2 13.500000000000002 3 11.500000000000002 0.046529086306691177 0.14065735787153247 2.5000000000000004 4 46.500000000000007 1.5000000000000002 16.500000000000004 5.5000000000000009 0.03228780813515187 0.13898781687021258 22.500000000000004 0.14065735787153247 5 3.5000000000000004 1.0000000180025095e-35 1.0000000180025095e-35 -1.0000000180025095e-35 0.031157341785728935 6 6.5000000000000009 3.5000000000000004
decision_type=9 9 2 2 2 9 2 9 2 2 2 2 9 2 2 2 2 2 2 2 2 9 2 2 2 2 2 9 2 2
left_child=10 2 -2 4 -4 6 7 8 9 -3 -1 -12 13 15 -15 16 21 -17 29 -20 -21 22 -7 27 25 26 -25 -18 -26 -19
right_child=1 5 3 -5 -6 12 -8 -9 -10 -11 11 -13 -14 14 -16 17 23 18 19 20 -22 -23 -24 24 28 -27 -28 -29 -30 -31
leaf_value=-0.030155410371358878 0.024142930734485289 -0.0042148269097285708 -0.081204807967929712 0.091722954793928405 0.10203925790200741 0.079771627301341075 -0.027918611896878422 -0.033780351194041359 0.076307386523742693 0.087459279444163054 -0.023687307632496796 0.053487070380520078 6.2104349708300838e-05 0.15107609331783783 0.0024156584911638902 -0.040260830669150267 0.033321036412609611 0.052708108724806794 -0.067065916877209128 -0.05082370944697439 0.044798033425777692 -0.029759009932177834 -0.036682021652859872 -0.020972077266379067 -0.053074505817405387 0.26022792089710239 0.13344830554321138 -0.019352842432763591 0.058835630720318645 0.0035683475681905861
leaf_weight=293.99223394726869 349.14368561754236 64.778408301528543 17.403363354038454 3.5995686036767429 2.4567007933510459 17.240550857153725 158.46080509509193 25.510950772091746 14.892469380050896 8.4326737383380515 24.06212055683136 18.573022428900003 12001.179587868159 8.9800111199729162 9.8815824724733812 46.566255143436138 110.58573213638738 36.677740526851267 23.865713775157928 16.804723525419831 21.456794259604067 49.988479449064471 11.558670029975472 6.8182579099666389 9.3915971084497887 5.5970844235271207 10.417319058557039 30.669248093850911 11.831815430196 78.59114358224906
leaf_count=7683 9395 785 1104 255 328 385 3704 1426 181 108 143 108 181876 211 321 2363 2023 646 253 184 261 1107 258 268 383 154 177 746 404 1816
internal_value=0.000103981 0.000747915 0.019856 -0.035482 -0.0585374 0.000175735 -0.014261 0.00353229 0.0163184 0.00634447 -0.0243547 0.00993194 0.000500905 0.0106871 0.0731929 0.00849052 0.0200624 -0.00515521 0.00405997 -0.0240383 0.0028003 -0.010584 0.0245188 0.0330922 0.0658564 0.118414 0.0723608 0.0228734 0.00931415 0.0192043
internal_weight=13489.4 13152.8 372.603 23.4596 19.8601 12780.2 272.075 113.615 88.1036 73.2111 336.627 42.6351 12508.1 506.923 18.8616 488.061 264.099 223.962 177.396 62.1272 38.2615 78.7877 28.7992 185.311 44.0561 22.8327 17.2356 141.255 21.2234 115.269
internal_count=219056 211122 11082 1687 1432 200040 6204 2500 1074 893 7934 251 193836 11960 532 11428 5905 5523 3160 698 445 1750 643 4155 1386 599 445 2769 787 2462
cat_boundaries=0 23 47 71 93 117 140 164
cat_threshold=8388608 16777473 0 2097280 268435456 4194304 0 8192 67239936 2151677952 131584 0 4194304 67584 0 1073743876 8192 0 4194304 134217728 33555490 2147483648 268435473 1073774592 537395200 33554432 2050 0 17039364 268435456 8388608 294912 268435456 98304 0 0 0 0 1048576 0 302252032 8 1 0 35668096 2155872320 512 2147483648 268435520 1048608 0 1024 32768 8320 0 0 1024 4 8 33554432 8388608 1073741856 549453824 268435464 524288 16777600 0 4194304 138412544 1048576 384 2147483648 268435520 0 0 0 0 0 0 0 0 0 0 0 0 0 545259520 268435464 524288 256 0 4194304 134217728 536871040 2097152 8388610 0 0 2189426688 540672 128 0 17825856 4096 32 536576 128 0 0 0 16791552 2 0 2097220 4096 528384 2 536870912 0 0 0 0 2147483648 16384 0 0 0 0 0 12288 0 0 0 0 8192 2 0 64 0 524288 128 2097152 8388608 0 0 0 0 128 0 1048640 4096 0 532480 128 0 0 0 8192 2 0 0 4096 0 2
is_linear=0
shrinkage=0.1


Tree=130
num_leaves=31
num_cat=1
split_feature=2 20 21 20 7 11 19 8 12 21 19 10 20 8 11 10 17 6 11 20 19 10 21 21 18 6 18 19 21 13
split_gain=6.61728 4.69411 10.1182 5.21752 5.89124 6.31418 5.02741 4.18893 10.6207 9.39334 8.6816 10.6038 7.28645 7.28567 19.0234 11.4985 13.0895 10.1053 8.17451 7.27858 7.69084 7.26005 6.93005 7.90625 7.81027 9.42508 6.59352 12.9274 16.1486 8.27281
threshold=0 0.19687219709157947 891.50000000000011 0.15001532435417178 1.0000000180025095e-35 1.0000000180025095e-35 0.12085975706577302 9.5000000000000018 1.5000000000000002 1.0000000180025095e-35 0.039049755781888969 0.064884774386882796 0.080515664070844664 12.500000000000002 397.50000000000006 0.088938668370246901 5.5000000000000009 6.5000000000000009 1.5000000000000002 0.16571567207574847 0.10673831030726434 0.042355967685580261 4060.5000000000005 4014.5000000000005 0.40270270407199865 9.5000000000000018 -1.0000000180025095e-35 0.055890779942274101 4193.5000000000009 0.10532344505190851
decision_type=9 2 2 2 2 2 2 2 2 2 2 2 2 2 2 2 2 2 2 2 2 2 2 2 2 2 2 2 2 2
left_child=1 3 -3 4 -1 -6 -4 8 9 -2 -9 -12 -13 14 15 16 -14 18 -17 26 -21 -11 23 -10 -24 -26 29 28 -28 -15
right_child=7 2 6 -5 5 -7 -8 10 22 21 11 12 13 19 -16 17 -18 -19 -20 20 -22 -23 24 -25 25 -27 27 -29 -30 -31
leaf_value=0.097140787998120204 0.11352864797694207 0.044220754804459458 -0.054696938022728486 0.071025197603004298 -0.025666536936014235 0.048927142287433167 -0.00016425220085784705 0.0062943065185057899 -0.004852543749376147 -0.0078174336775349365 -0.011542940652038085 0.0065741833573035998 -0.053884552892589727 0.0014125255398059937 0.069736052909307331 -0.010497979691307543 0.055845161795702293 0.0031963886329295743 -0.042649378332985349 -0.034459115984433727 -0.0038733206535009018 0.005417501251628782 -0.031202582106326787 0.074797532185421275 -0.013551665526652726 0.14263350382067461 -0.005232682212621232 0.01015823991120597 0.18726902788153396 -0.034118053331605398
leaf_weight=8.031494436785577 7.791572092100977 47.671104192733765 21.375522308051586 27.928483963012695 28.075565995182842 19.046027643838897 80.843558743596077 1175.3772440319881 139.84475370205473 480.10754325025482 1208.9559553071158 984.48313538217917 107.12712707556784 1893.4916681018658 28.034951226785779 247.70943983644247 12.098869597539304 341.06211739452556 116.16334168612957 84.836851193569601 2656.9411882739514 3031.8028133125044 197.8996963778045 13.681532836635595 11.529609706019984 5.8110827839700496 8.1453414475545305 440.53228086791933 9.3715898878872377 67.880540922284126
leaf_count=170 56 213 109 136 473 292 369 58905 2101 25483 32920 11691 1497 20690 192 1760 192 2698 820 612 16139 31430 3479 214 210 108 103 4856 132 771
internal_value=-0.000300676 0.016054 0.00617517 0.0358091 0.0179763 0.0044834 -0.0115678 -0.000599435 0.00215985 0.00385151 -0.00174366 -0.00289486 -0.00140081 -0.00270644 -0.0112725 -0.0140281 -0.0427494 -0.00917046 -0.020762 -0.00129205 -0.00481971 0.00360817 -0.0139862 0.00224549 -0.0255638 0.0387879 0.00270564 0.0135082 0.0977561 0.000182858
internal_weight=13503.7 232.972 149.89 83.0816 55.1531 47.1216 102.219 13270.7 3888.47 3519.7 9382.21 8206.83 6997.88 6013.4 852.196 824.161 119.226 704.935 363.873 5161.2 2741.78 3511.91 368.767 153.526 215.24 17.3407 2419.42 458.049 17.5169 1961.37
internal_count=218821 1762 691 1071 935 765 478 217059 63081 56969 153978 95073 62153 50462 7159 6967 1689 5278 2580 43303 16751 56913 6112 2315 3797 318 26552 5091 235 21461
cat_boundaries=0 8
cat_threshold=0 131072 0 4194304 0 0 268435456 131072
is_linear=0
shrinkage=0.1


Tree=131
num_leaves=31
num_cat=5
split_feature=3 3 6 21 11 3 3 19 8 14 6 8 6 9 21 10 8 17 17 21 8 17 21 14 17 19 21 3 21 6
split_gain=18.4028 12.2711 8.95627 10.0225 10.3215 6.51152 5.54546 8.46926 8.88192 8.23846 20.7542 10.8443 7.15423 5.55678 7.38295 5.73456 16.6381 7.19255 10.7619 6.2449 4.871 6.97284 4.48708 4.39612 4.34515 6.75057 12.8588 5.96587 5.53839 9.69476
threshold=0 1 11.500000000000002 4550.5000000000009 1.0000000180025095e-35 2 3 0.065830215811729445 8.5000000000000018 2.5000000000000004 5.5000000000000009 29.500000000000004 10.500000000000002 41.45000076293946 4345.5000000000009 0.075332164764404311 16.500000000000004 55.500000000000007 189.50000000000003 4419.5000000000009 27.500000000000004 6.5000000000000009 4434.5000000000009 4.5000000000000009 1.5000000000000002 0.049312617629766471 4222.5000000000009 4 4003.5000000000005 3.5000000000000004
decision_type=9 9 2 2 2 9 9 2 2 2 2 2 2 10 2 2 2 2 2 2 2 2 2 2 2 2 2 9 2 2
left_child=-1 2 3 -2 -5 20 7 9 -9 11 -11 24 13 15 -15 16 -10 19 -19 23 -3 -22 -12 -17 27 26 -26 -7 29 -29
right_child=1 5 -4 4 -6 6 -8 8 12 10 22 -13 -14 14 -16 17 -18 18 -20 -21 21 -23 -24 -25 25 -27 -28 28 -30 -31
leaf_value=-0.021712579794283732 0.02436237322809293 -0.016108300482171857 -0.043537752209527054 0.26726996474792636 0.028274991379483028 -0.029315955263235008 0.00058471298199846283 -0.017046051010893067 0.26055793348779899 0.30081617313943299 -0.057590748724637958 0.16091443842077335 -0.025232552940249675 -0.05504427289870685 0.047034739997558417 0.022559286744374501 -0.0008847138844616507 0.13142671950112436 0.0043447799295244479 -0.0256865671209833 0.037115475547589073 -0.070519736204777514 0.083821414743149525 -0.040325235397071141 0.22779885530340344 0.012780779606218613 -0.035542889041341279 -0.055825778170214335 0.0032095909780345544 0.093101165425614571
leaf_weight=352.25827716727508 240.73901781882159 347.69679855884169 18.916120804613456 3.4979778761044136 3.7381169192958623 22.700051105231978 11825.611883813748 141.2386672925204 3.8121230017859471 3.9157739614602169 3.778348781866951 5.5477379995863876 45.196891354396939 22.085599312093109 10.431946416618301 231.25741625204682 6.7341885813511908 13.400503944605591 13.255332745611666 34.925737951882184 36.433399357512826 7.2096938694594419 5.5248374256771058 11.678236148320137 5.0558828508947071 12.114018618362023 2.9280913586262614 5.5502239684574333 43.492439361987635 20.575002841535024
leaf_count=6681 6906 5593 575 128 142 1184 188357 1535 119 100 181 159 485 201 170 2043 200 155 150 409 572 89 130 201 155 199 129 143 1316 357
internal_value=0.000523447 0.00113479 0.0219653 0.0278478 0.143807 0.000686524 0.00108855 0.00990422 0.0044606 0.0328191 0.107681 0.0244301 0.0121942 0.0170608 -0.0222963 0.0211229 0.0936177 0.0186122 0.0682318 0.0138521 -0.0118528 0.0193345 0.026389 0.0195363 0.0176946 0.0598308 0.131219 0.00852134 0.0219211 0.0614621
internal_weight=13501.3 13149 266.891 247.975 7.23609 12882.2 12490.8 665.199 534.017 131.182 13.219 117.963 392.778 347.581 32.5175 315.064 10.5463 304.517 26.6558 277.861 391.34 43.6431 9.30319 242.936 112.416 20.098 7.98397 92.3177 69.6177 26.1252
internal_count=218764 212083 7751 7176 270 204332 198078 9721 5668 4053 411 3642 4133 3648 371 3277 319 2958 305 2653 6254 661 311 2244 3483 483 284 3000 1816 500
cat_boundaries=0 24 47 71 95 119
cat_threshold=0 16777216 33556480 0 0 512 67207170 0 131072 43010 133124 33554464 1 0 0 8388608 32 262144 8 134217728 4194308 2359296 134251008 8 0 0 0 0 268435456 294912 540736 256 524288 285212672 1208221824 0 0 2304 0 0 8256 2147500032 0 655872 1048610 3221225472 2148204544 0 1073741824 0 32 0 0 419438592 128 98304 64 32768 134217736 134258688 12582914 268435456 16777728 1 0 134217856 67108868 0 20971520 33562624 128 0 268435712 0 650 2147483648 142606336 129 0 2147483648 1052672 0 2147483648 2147483776 1048592 0 1048576 2147483648 0 33554433 0 2129985 4610 16777216 2 0 0 0 128 2147483648 142606336 1 0 0 4096 0 0 0 0 0 0 0 0 1 0 64 512 0 2
is_linear=0
shrinkage=0.1


Tree=132
num_leaves=31
num_cat=4
split_feature=3 3 16 3 11 8 14 6 14 9 17 9 8 11 16 12 3 11 11 21 19 20 20 18 21 8 6 11 19 6
split_gain=18.6668 13.121 7.56881 7.51172 6.94487 8.53305 7.32498 10.4035 7.85888 8.36199 5.63149 5.56855 5.96879 9.10043 6.41451 10.5728 5.51548 8.37476 8.82062 6.75914 7.84528 10.7114 6.76746 6.22106 12.3092 8.08299 5.71437 5.6761 5.59328 5.37489
threshold=0 1 38.500000000000007 2 140.50000000000003 14.500000000000002 5.5000000000000009 9.5000000000000018 2.5000000000000004 53.049999237060554 482.50000000000006 34.049999237060554 22.500000000000004 189.50000000000003 10.500000000000002 5.5000000000000009 3 397.50000000000006 586.50000000000011 228.50000000000003 0.08464811742305757 0.089837282896041884 0.18592240661382678 -1.0000000180025095e-35 3989.5000000000005 10.500000000000002 5.5000000000000009 1.5000000000000002 0.12085975706577302 5.5000000000000009
decision_type=9 9 2 9 2 2 2 2 2 8 2 10 2 2 2 2 9 2 2 2 2 2 2 2 2 2 2 2 2 2
left_child=-1 2 4 10 6 -6 8 -8 -2 -10 11 12 13 -3 15 -14 17 19 -19 22 21 29 -5 -22 -25 -26 -20 -23 -27 -21
right_child=1 3 -4 16 5 -7 7 -9 9 -11 -12 -13 14 -15 -16 -17 -18 18 26 20 23 27 -24 24 25 28 -28 -29 -30 -31
leaf_value=-0.024448759428774516 0.01869830579934826 -0.020946366777106953 -0.039996777451356387 0.057207640333353016 0.28875141265790788 0.032560087566000921 -0.11436793192951551 0.18707885643413052 0.1778101549089029 0.032627135045873522 0.08662962136570844 -0.03967269574293264 0.012246732314720388 0.078103955585762636 -0.052774145247703602 0.17482180909952574 0.0010049046209773551 0.086687648080214438 0.053487258000243468 0.0093982215968303872 6.7063058124640576e-05 -0.079394005848348367 -0.018050880060006744 -0.070304038218588952 -0.050773727159165928 0.081758239791613008 -0.06051947798361304 -0.0099106303794192253 0.0012749634541798537 -0.026373703749088213
leaf_weight=296.38982180098537 368.04788295424078 256.94222470890963 21.282075090799481 29.436409316956997 2.1431459507439277 3.3050150779308751 7.6765640061930736 1.3455522740259764 6.4696872415952384 10.256051986478271 5.6265808116877443 71.318120888550766 94.267149553634226 9.6231751113082264 14.188695502059998 4.1774786385940379 11440.453352292185 19.090995191072579 7.7688883843366083 63.818462835508399 460.60370222106576 46.855822544544935 20.112300809472799 40.079769955947995 19.586343021132052 12.92296132724732 10.128141186607534 15.694816993549464 26.022662901319563 122.87862327246694
leaf_count=8136 5864 7512 592 199 46 259 725 144 122 213 122 2018 2404 442 584 117 175151 247 110 3228 3254 613 203 283 160 122 152 189 180 5431
internal_value=-4.69675e-05 0.000518554 0.0176897 -5.93277e-05 0.0212078 0.133338 0.0196565 -0.0694104 0.0217449 0.0887854 -0.0125205 -0.0140368 -0.00921526 -0.0173706 0.0100857 0.0191456 0.000411235 -0.00710468 0.0394057 -0.0091925 -0.0113898 -0.0261451 0.0266595 -0.0048132 -0.0276083 0.00162757 -0.0110305 -0.0619597 0.027981 -0.0141458
internal_weight=13508.5 13212.1 420.526 12791.6 399.244 5.44816 393.796 9.02212 384.774 16.7257 456.143 450.517 379.199 266.565 112.633 98.4446 12335.5 895 36.988 858.012 808.463 249.248 49.5487 559.215 98.6117 58.532 17.897 62.5506 38.9456 186.697
internal_count=218822 210686 7965 202721 7373 305 7068 869 6199 335 13199 13077 11059 7954 3105 2521 189522 14371 509 13862 13460 9461 402 3999 745 462 262 802 302 8659
cat_boundaries=0 23 47 70 93
cat_threshold=8519808 404750336 134217728 4096 8192 18433 0 268435456 67108864 0 0 0 8389120 67117568 0 0 2 16777984 82176 66048 2097152 0 320 0 0 0 128 0 2164424704 336068608 4194304 0 33588224 134221824 67108864 2148532256 1048576 0 1073742336 0 532480 4202497 67141632 1114112 0 16777216 65536 50855936 0 4096 0 0 134217728 135397376 525312 0 131080 262144 0 4198400 37748736 0 0 0 4096 570425344 0 33818816 570429440 1622016 0 1024 4194304 0 0 272891908 0 128 8192 640 16384 8390656 52428800 8388608 0 65536 64 536871936 1310720 1 4096 1078329344 1073750016
is_linear=0
shrinkage=0.1


Tree=133
num_leaves=31
num_cat=7
split_feature=3 3 11 3 16 21 19 3 19 21 19 13 7 21 19 6 11 21 7 3 21 17 3 11 6 19 17 8 3 11
split_gain=17.7609 14.8374 11.3534 21.4759 10.1096 9.74774 12.0782 9.74105 9.69861 8.33092 10.1614 18.0509 9.29564 11.9258 9.77443 12.4432 9.47747 10.5965 7.68748 6.86836 6.77831 6.54731 6.17633 7.51066 6.03867 12.1872 8.91336 5.87115 5.78881 7.71305
threshold=0 1 -1.0000000180025095e-35 2 2.5000000000000004 4496.5000000000009 0.037208344787359245 3 0.039049755781888969 4179.5000000000009 0.11382546648383142 0.15270430594682696 4.5000000000000009 4345.5000000000009 0.020199722610414032 4.5000000000000009 1.5000000000000002 4537.5000000000009 1.5000000000000002 4 2048.5000000000005 1.0000000180025095e-35 5 826.50000000000011 3.5000000000000004 0.049312617629766471 5.5000000000000009 11.500000000000002 6 397.50000000000006
decision_type=9 9 2 9 2 2 2 9 2 2 2 2 2 2 2 2 2 2 2 9 2 2 9 2 2 2 2 2 9 2
left_child=20 2 3 -2 7 19 27 8 -4 10 11 24 13 -11 -15 -16 17 18 -17 21 -1 -6 23 -3 25 26 -9 -7 29 -24
right_child=1 22 4 -5 5 6 -8 9 -10 12 -12 -13 -14 14 15 16 -18 -19 -20 -21 -22 -23 28 -25 -26 -27 -28 -29 -30 -31
leaf_value=-0.017501668819715328 -0.029306417520276958 -0.01329134767149831 0.078558715911939678 0.048559910438658031 0.0053642908092878692 0.094401929883951297 0.018082973997902468 0.0063709158400124593 -0.012231182698254623 -0.045631350357238476 0.031167066010555917 0.23251411978434222 0.13022358001232912 -0.049849243809354446 0.20050965149563807 0.035288104786517283 -0.040549453643309558 -0.062494839105476568 0.17063297116281359 -0.015099962026708928 -0.056199522928238516 0.11621863205190396 0.013571899082541666 0.12813316197744837 0.044912560745585535 0.19185247383229051 0.19145708034029463 0.33150696472803659 -0.00016262384973726222 0.1336987876593646
leaf_weight=223.88602863892447 121.51333813741803 435.18181778339203 13.625037251040338 38.943438332527876 12.294793362496423 1.9314158498891618 9.2141204078798165 11.703298509819435 86.242181953974068 30.969889124855399 135.13581511564553 6.6833887929096809 6.1765352855436495 10.8622503161896 5.2584759620949617 7.631669473834342 11.048658796353264 4.5272342357784501 9.3236984554678184 135.65382752136793 56.73334607743891 9.4024446187540871 214.97767535335151 3.7878478805068871 60.69954352802597 9.5709564154967648 3.3457599801477036 2.2738204051274806 11805.643114874983 5.4812582427402949
leaf_count=6535 2621 12054 233 516 251 97 195 454 984 1030 658 126 121 406 47 196 517 119 231 3257 3148 89 4924 146 1422 131 90 138 177500 106
internal_value=8.22222e-09 0.000537622 0.0141595 -0.00920806 0.0208271 0.000363413 0.082175 0.0292926 0.000141276 0.0373962 0.0486191 0.074253 0.0120436 0.00287602 0.0337539 0.0577847 0.034714 0.0734226 0.109714 -0.00661372 -0.0244539 0.036555 -0.000286156 -0.0118021 0.0618558 0.103629 0.0475199 0.222607 0.00014365 0.0158401
internal_weight=13489.7 13209.1 744.032 160.457 583.575 170.77 13.4194 412.804 99.8672 312.937 227.139 92.0029 85.7984 79.6219 48.652 37.7897 32.5313 21.4826 16.9554 157.351 280.619 21.6972 12465.1 438.97 85.3196 24.62 15.0491 4.20524 12026.1 220.459
internal_count=218342 208659 13929 3137 10792 4027 430 6765 1217 5548 2881 2223 2667 2546 1516 1110 1063 546 427 3597 9683 340 194730 12200 2097 675 544 235 182530 5030
cat_boundaries=0 24 47 70 93 116 140 164
cat_threshold=2048 0 134225920 129 0 2147483648 1 0 32768 2214592672 0 536871168 134217728 100663296 0 1048576 2281963536 32768 90128 131072 4096 0 32768 5120 0 134217794 2048 2048 2048 0 2048 0 0 0 128 0 2147517952 3204 0 0 8192 403177472 192 6 1049600 128 402718721 0 134217728 2048 0 0 0 0 0 0 0 0 0 34304 1028 0 0 0 403177472 0 0 0 128 402653185 0 66 0 2048 0 0 2048 0 0 0 0 0 2147483648 1024 0 0 8192 0 64 2 0 0 1 0 64 2048 0 0 0 2048 0 0 0 0 0 0 1024 0 0 8192 0 192 0 1048576 0 1 268435584 256 536870912 8 8 0 262144 2097152 0 34771456 163840 8192 35651584 2105344 0 0 135296 33558528 0 0 4194368 2 66 32768 0 805306368 131072 0 0 33587200 21037988 1152 67108864 64 0 0 545259520 512 0 0 33554432 536870912 0 134218240 67109024 0 8389376 258
is_linear=0
shrinkage=0.1


Tree=134
num_leaves=31
num_cat=5
split_feature=3 3 9 3 17 8 3 15 20 6 3 8 9 8 9 17 17 9 19 21 6 16 16 14 9 21 20 20 21 6
split_gain=18.0374 12.7143 6.94712 6.54951 6.46349 8.03799 5.51972 7.40145 5.30392 5.03953 5.59037 6.44499 7.11777 6.31169 4.9608 4.70881 5.40511 8.17736 7.21464 8.43914 5.11301 5.10921 4.93352 4.93069 5.42277 7.04692 5.05336 7.28196 5.79255 4.85802
threshold=0 1 23.050000190734867 2 292.50000000000006 21.500000000000004 3 1.5000000000000002 0.07274292036890985 9.5000000000000018 4 22.500000000000004 31.849999427795414 13.500000000000002 31.150000572204593 44.500000000000007 1.0000000180025095e-35 33.549999237060554 0.10673831030726434 3883.5000000000005 11.500000000000002 2.5000000000000004 1.5000000000000002 1.0000000180025095e-35 30.150000572204593 4113.5000000000009 0.18592240661382678 0.13898781687021258 4014.5000000000005 7.5000000000000009
decision_type=9 9 8 9 2 2 9 2 2 2 9 2 10 2 8 2 2 8 2 2 2 2 2 2 10 2 2 2 2 2
left_child=9 2 -2 4 5 15 7 -5 -6 10 11 12 -1 -14 -7 16 20 -18 19 -19 21 23 -21 24 26 -26 27 28 -3 -23
right_child=1 3 -4 6 8 14 -8 -9 -10 -11 -12 -13 13 -15 -16 -17 17 18 -20 22 -22 29 -24 -25 25 -27 -28 -29 -30 -31
leaf_value=0.024845362170153755 0.1242686070007836 -0.034912206478283511 0.015651128051826321 -0.01460628531614166 0.1569585054267934 0.11586033001379428 -7.6182301122653014e-05 0.095242936437973852 0.019751565293309559 -0.04994545839792626 -0.034825986378177534 -0.04442185596572211 -0.12454415017367709 0.025359535786393151 0.028403320429850124 -0.052929316067158595 -0.068218716870676765 0.18557252802854257 -0.016356496157757517 -0.051301900105144939 -0.059004282267517673 -0.0033858653817393915 0.082620644295718845 0.083680939382336395 0.10988247145750658 -0.039958826319207268 -0.092753908006799529 0.074042037972373895 0.018378476578738985 -0.079117693937432843
leaf_weight=69.664752269338351 5.966078226454556 39.077302485238761 452.91063270292943 359.07033826434053 5.6253767820307967 6.9497351532336324 12083.347021368885 6.2403044169768682 5.6441524811089039 67.330378650280181 90.272742829867639 25.953131237532943 6.5423254841007275 4.9219198094215244 97.152133890776895 15.278636748436837 5.8692485941573977 6.6337629093322965 8.6562194209545833 3.6351692371536037 14.765847241505979 24.045483455935027 11.30605128186289 8.9594759693136421 10.125778536545111 4.548448556335642 5.7397994361817828 12.791929250583051 42.668613660149276 13.076900068786925
leaf_count=1027 89 849 10458 9166 145 126 185252 180 55 1429 2392 446 141 102 2343 356 90 88 79 139 364 698 330 187 170 156 39 107 1502 453
internal_value=4.762e-07 0.000525895 0.0166994 -6.69115e-05 0.0133742 0.0112311 -0.00044721 -0.0123906 0.0882407 -0.0253635 -0.0182622 -0.000956858 0.0128296 -0.0601863 0.0342419 0.000686757 0.00455264 0.039797 0.0607677 0.0917111 -0.00268478 0.00247938 0.0500376 0.0122288 0.00665979 0.0634374 -0.00164881 0.00388257 -0.00709627 -0.0300635
internal_weight=13514.8 13250.1 458.877 12791.2 342.55 331.281 12448.7 365.311 11.2695 264.685 197.355 107.082 81.129 11.4642 104.102 227.179 211.9 36.1005 30.2312 21.575 175.8 161.034 14.9412 123.911 114.952 14.6742 100.278 94.5378 81.7459 37.1224
internal_count=218958 213421 10547 202874 8276 8076 194598 9346 200 5537 4108 1716 1270 243 2469 5607 5251 726 636 557 4525 4161 469 3010 2823 326 2497 2458 2351 1151
cat_boundaries=0 23 46 69 93 114
cat_threshold=538968064 67108864 0 2048 8192 33587200 20975616 0 0 4194304 0 4 2147483681 1040 0 16777216 2550136832 134234112 192 67108864 331840 0 16400 131072 64 536870912 2101251 268435456 4096 2 8192 67108864 129 134217728 0 33554432 73728 0 8389120 262147 512 536887296 0 0 1107312640 663552 524288 257 0 0 2147483648 2147500032 581 8388736 524288 2165313536 264192 16777256 0 2 0 65536 2097152 0 0 0 1048580 512 2181042432 1073807360 2 8396832 4 0 1073741824 0 256 0 8388866 102400 0 512 256 0 0 0 262144 32784 524353 134217728 16809986 16777216 512 536870912 0 0 0 0 32768 0 0 0 4194304 0 0 32 0 0 0 0 0 192 67108864 69696
is_linear=0
shrinkage=0.1


Tree=135
num_leaves=31
num_cat=4
split_feature=3 3 3 3 12 6 7 10 13 9 9 10 13 8 7 7 16 16 10 6 20 10 7 17 11 11 19 10 20 8
split_gain=18.8265 11.8223 7.70324 5.57543 9.40036 5.3824 5.35915 5.78157 5.00334 4.99093 6.45451 4.78517 4.67067 4.49226 4.48246 8.31993 4.42384 7.83432 5.80648 4.40927 4.28124 7.98075 7.46179 8.88563 8.49402 12.6883 12.9794 9.3696 5.89665 5.82999
threshold=0 1 2 3 50.500000000000007 11.500000000000002 2.5000000000000004 0.03946186229586602 0.13343685865402224 36.850000381469734 40.95000076293946 0.042355967685580261 0.25079618394374853 9.5000000000000018 3.5000000000000004 4.5000000000000009 4.5000000000000009 2.5000000000000004 0.12361359223723413 4.5000000000000009 0.1009182706475258 0.15987398475408557 1.0000000180025095e-35 98.500000000000014 27.500000000000004 2.5000000000000004 0.098616160452365889 0.025170597247779373 0.07274292036890985 14.500000000000002
decision_type=9 9 9 9 2 2 2 2 2 10 8 2 2 2 2 2 2 2 2 2 2 2 2 2 2 2 2 2 2 2
left_child=9 12 5 4 -4 13 7 -7 -6 16 19 -8 20 -3 -12 -16 17 -1 -19 -11 21 22 23 24 25 26 27 -2 29 -29
right_child=1 2 3 -5 8 6 11 -9 -10 10 14 -13 -14 -15 15 -17 -18 18 -20 -21 -22 -23 -24 -25 -26 -27 -28 28 -30 -31
leaf_value=-0.030179053499656973 0.18874815901946373 -0.040456237306617064 0.008094356082757612 0.00043725749943629281 0.15622857377128774 0.052528980676417571 0.017832689809892728 -0.10288485132838446 0.032859299244868904 -0.0082461540603615633 -0.042998209119788799 0.15057906467428372 -0.045839107070066193 -0.011586857900905717 0.1520654467522787 -0.075588007569964144 -0.055930080055623999 -0.01922357942729792 0.092097155636780295 0.14718850744287446 0.0071199215723440554 0.10366771643621529 0.014473396161561292 0.20674172197976839 0.14188119846572708 -0.071925729609873826 0.24642246647659016 0.10743584987950756 -0.10996402991072339 -0.012298670218592175
leaf_weight=170.02191594499163 3.4144595479592743 73.514240130316466 687.40809389884816 11760.360991670721 6.4587753172381763 5.0888619959587249 5.624523082864469 4.5195869416929781 6.6948546108324081 2.8782302066101693 16.205834169755697 5.2503971545957029 11.596266153035684 202.01879820140311 3.7635858833091325 2.7994674743385985 53.751119010616094 9.1274477951228636 9.6281305961310846 4.9875480054179206 194.4462456535548 12.798956558108328 206.80523069109768 3.7125039473175994 7.622628330718725 9.7553753019310516 3.3145570214837781 6.6100832754746142 3.4226975068449965 10.568232553079723
leaf_count=6070 168 2208 11106 180246 102 224 183 73 101 96 625 61 217 5685 126 117 2132 421 58 185 1549 55 5861 79 220 227 38 232 48 333
internal_value=0.000611043 0.00115577 0.000573213 0.000957414 0.00956027 -0.0151026 0.0338429 -0.020574 0.0934368 -0.024904 0.0122168 0.0819225 0.0164963 -0.0192894 -0.0147621 0.05496 -0.0306197 -0.023413 0.0379226 0.0903122 0.0184161 0.0266112 0.022747 0.0580836 0.0457392 0.025978 0.0609244 0.0353224 0.00989326 0.0337742
internal_weight=13504.2 13231 12756.9 12460.9 700.562 296.016 20.4834 9.60845 13.1536 273.163 30.6347 10.8749 474.067 275.533 22.7689 6.56305 242.529 188.777 18.7556 7.86578 462.471 268.025 255.226 48.4205 44.708 37.0854 27.33 24.0155 20.601 17.1783
internal_count=218846 209016 199989 191555 11309 8434 541 297 203 9830 1149 244 9027 7893 868 243 8681 6549 479 281 8810 7261 7206 1345 1266 1046 819 781 613 565
cat_boundaries=0 23 47 71 95
cat_threshold=1073774592 603979776 167781440 0 0 1024 538968320 0 262144 256 262144 67109120 536870912 33555456 0 17827840 2097280 256 135266304 0 2 268435456 131072 524288 1 8388608 2048 0 4096 524352 0 0 269488128 0 536870912 2 1114368 0 512 131072 2147486720 33554450 512 69633 0 134227008 262144 131072 256 32 2 8200 50331650 0 8192 16809984 33554496 524288 65536 0 128 0 0 268435472 268697600 128 32769 1024 2107392 1049088 128 268435456 0 0 1537 0 134217732 16777216 128 524288 50176 16384 0 2281964672 1 0 1073741824 4096 0 32776 67633152 4196352 2 0 4106
is_linear=0
shrinkage=0.1


Tree=136
num_leaves=31
num_cat=5
split_feature=3 3 11 3 7 3 20 13 19 8 7 19 14 17 7 8 8 21 11 8 14 19 8 14 15 21 19 6 6 3
split_gain=16.068 10.7287 12.8103 7.68632 9.49781 6.53594 6.39622 5.1439 6.22444 10.4294 13.8336 18.755 6.75026 6.30723 7.38358 8.43324 11.0403 8.26255 12.0821 10.6551 6.56038 6.59968 7.51326 6.08103 5.22605 5.10811 4.84116 5.20891 4.75203 4.6022
threshold=0 1 -1.0000000180025095e-35 2 4.5000000000000009 3 0.19687219709157947 0.33523809909820562 0.049312617629766471 7.5000000000000009 3.5000000000000004 0.033760923892259605 2.5000000000000004 44.500000000000007 3.5000000000000004 28.500000000000004 19.500000000000004 4166.5000000000009 14.500000000000002 25.500000000000004 1.0000000180025095e-35 0.027371043339371685 11.500000000000002 3.5000000000000004 1.0000000180025095e-35 3924.5000000000005 0.04085205867886544 7.5000000000000009 5.5000000000000009 4
decision_type=9 9 2 9 2 9 2 2 2 2 2 2 2 2 2 2 2 2 2 2 2 2 2 2 2 2 2 2 2 9
left_child=6 2 3 -2 -5 -3 -1 8 9 10 12 -12 26 14 15 16 20 28 19 -19 21 -11 -23 -22 -10 -16 27 -4 -18 -7
right_child=1 5 7 4 -6 29 -8 -9 24 13 11 -13 -14 -15 25 -17 17 18 -20 -21 23 22 -24 -25 -26 -27 -28 -29 -30 -31
leaf_value=-0.017825373921487062 0.025676780359626613 -0.01293842699749697 0.15117433978647704 -0.058842718879515178 0.057467528963978637 0.016136240958152914 -0.079893212194120863 0.11576571988875405 0.0097230616907892139 -0.076433812037040638 0.063905519553470763 0.3405090433865115 -0.050814270367858717 -0.04984981747632896 0.066831139570432144 -0.070579033146323564 0.10366881969598077 0.30870354271535672 0.0049282247882282137 0.081036044744662375 0.12932586588597555 -0.078567408831150751 0.096489178198603878 -0.013980484407914141 0.082099937317463956 -0.058074072199195338 -0.01478574860236327 0.015039437637063058 -0.018272134052777576 0.00021363888982489328
leaf_weight=355.38915243186057 22.188566589727998 365.63480971171521 8.7475918713025802 49.682084855623543 8.1762350755743665 174.29334877373185 17.4168243072927 5.9826615913771084 229.41293855081312 9.267297005979346 5.484102178597821 4.4326686662388965 5.4703161650104439 10.477807448711244 4.4144100355915752 5.4703383191954336 7.8068919130601007 5.7944773164344934 3.3304039580980307 3.185948166064918 8.1411768338875827 3.6801827673334611 7.3447894605342299 4.6536425414960823 10.429960317211224 12.675614132313056 4.3296422418206921 4.1412732875905922 5.4107160033890978 12147.117173153558
leaf_count=15155 306 8965 303 1513 185 4848 121 129 3083 462 167 103 199 365 77 215 208 204 162 104 222 152 248 159 150 563 120 193 222 179873
internal_value=1.20485e-05 0.000600068 0.0156005 -0.0203264 -0.0361571 5.59903e-05 -0.0201837 0.0237928 0.0222816 0.0404467 0.0890195 0.187544 0.0459568 0.023167 0.0325916 0.048166 0.059248 0.108657 0.167606 0.227935 0.0211267 -0.0142313 0.0380545 0.0772035 0.0128705 -0.0258106 0.076701 0.107433 0.0537515 0.000451776
internal_weight=13510 13137.2 450.132 80.0469 57.8583 12687 372.806 370.085 364.102 124.259 32.6056 9.91677 22.6888 91.6537 81.1759 64.0859 58.6155 25.5284 12.3108 8.98043 33.0871 20.2923 11.025 12.7948 239.843 17.09 17.2185 12.8889 13.2176 12321.4
internal_count=218776 203500 9814 2004 1698 193686 15276 7810 7681 4448 1085 270 815 3363 2998 2358 2143 900 470 308 1243 862 400 381 3233 640 616 496 430 184721
cat_boundaries=0 24 48 72 96 120
cat_threshold=2149580800 671088640 0 0 0 268435456 6 256 0 4 1073746048 2048 34 33554432 0 0 128 18944 0 134250496 64 128 2156396609 32768 128 18874369 33554432 0 0 0 268435456 0 67108864 32897 33280 0 65793 1024 0 537919488 136314896 0 32768 67108864 4456448 0 32898 66048 0 0 33554432 0 0 0 0 0 67108864 1 33280 0 0 1024 0 537919488 134217744 0 0 67108864 4194304 0 0 65536 67108864 33554432 536870912 3 0 0 134742032 268435456 0 8389896 0 0 71303168 0 0 0 40 2147525632 16777216 4 67585 67110912 1130496 4 8390656 256 0 0 1024 294912 69271809 1152 32768 64 2048 0 0 0 0 0 2415919104 134221824 541073408 0 128 4098 512 4104
is_linear=0
shrinkage=0.1


Tree=137
num_leaves=31
num_cat=2
split_feature=1 21 8 10 8 16 14 17 8 14 17 17 21 2 16 14 12 19 19 8 8 12 19 9 10 17 19 19 21 6
split_gain=3.47241 5.51089 9.29021 6.92995 4.75664 2.72343 27.0575 11.6967 13.1378 9.78005 27.3301 10.9228 11.2965 10.0702 9.84766 21.2105 9.72844 10.245 16.0681 8.90726 8.84924 8.75671 8.69646 8.57789 8.06811 8.00407 7.99846 22.9561 9.4063 20.6856
threshold=0 1301.5000000000002 12.500000000000002 0.075332164764404311 10.500000000000002 1.5000000000000002 1.5000000000000002 2.5000000000000004 29.500000000000004 1.0000000180025095e-35 1.0000000180025095e-35 1.0000000180025095e-35 4578.5000000000009 1 15.500000000000002 13.500000000000002 2.5000000000000004 0.060463631525635726 0.053746230900287635 29.500000000000004 15.500000000000002 87.500000000000014 0.021319050341844562 33.049999237060554 0.19646377861499789 30.500000000000004 0.090819306671619429 0.08754052966833116 4419.5000000000009 7.5000000000000009
decision_type=9 2 2 2 2 2 2 2 2 2 2 2 2 9 2 2 2 2 2 2 2 2 2 8 2 2 2 2 2 2
left_child=1 -1 3 4 -3 6 -2 8 -8 10 13 14 23 24 15 26 19 18 -18 -16 -14 25 -17 -13 -7 -12 27 -11 -28 -30
right_child=5 2 -4 -5 -6 9 7 -9 -10 11 21 12 20 -15 16 22 17 -19 -20 -21 -22 -23 -24 -25 -26 -27 28 -29 29 -31
leaf_value=-0.044335991433824086 0.00067927047275272276 -0.037132415089742139 -0.055126243024099124 0.33019469975596116 0.32727182683033712 0.0026106395489590658 -0.018372290072370952 -0.050799103208561472 0.10522373301427908 0.031814489720413848 0.018331633215114017 -0.025241833035523294 -0.001854344368454632 -0.021016723080486674 0.010251390104143653 0.060826277264147702 -0.013371450803770888 -0.049306879656724451 0.2563639419972254 -0.055630920390027594 0.1104534738830298 0.1034815888907176 -0.041689822989412081 0.00095669100103685893 0.085219034023680709 -0.002190472434992187 0.0081297427111624923 0.1578889274517758 0.14461235383255108 0.012216217599634593
leaf_weight=39.355115459213266 9283.2350169514539 1.5580770376836874 4.0076936093973927 1.5016715675592425 0.46514513745205466 62.206461070105433 183.08986348391045 137.14289941213792 9.024210326781029 301.18252778280294 396.79082957934588 148.89017354761017 12.589046816807242 661.01631156518124 568.21807350066956 9.4336198882665467 9.0619503644411434 57.33535578334704 2.920106445439159 21.29028806212591 15.848244170658289 9.8322677877731604 67.363851709757 778.10699513100553 14.597216650843619 364.75542224518722 276.8503396930173 15.170002726837991 17.125222574919462 37.957270759157836
leaf_count=3052 129117 365 833 10 82 579 6739 6995 259 4831 4360 2610 312 20159 9596 683 579 533 54 446 310 114 4281 15483 68 4184 1841 143 127 261
internal_value=0.000476257 -0.0241803 0.0490255 0.167443 0.0466453 0.000579674 -0.00031991 -0.0284913 -0.0125666 0.00282807 -0.00344813 0.00687708 -0.00134672 -0.0172077 0.0125547 0.0205956 0.00370513 -0.0317321 0.0523648 0.00787203 0.0607354 0.00971287 -0.029097 -0.0032512 0.0162016 0.00850222 0.0264823 0.0378601 0.0156385 0.0533784
internal_weight=13507.9 46.8877 7.53259 3.52489 2.02322 13461 9612.49 329.257 192.114 3848.54 1509.2 2339.34 955.434 737.82 1383.91 725.083 658.826 69.3174 11.9821 589.508 28.4373 771.379 76.7975 926.997 76.8037 761.546 648.285 316.353 331.933 55.0825
internal_count=219006 4342 1290 457 447 214664 143110 13993 6998 71554 29464 42090 18715 20806 23375 12167 11208 1166 633 10042 622 8658 4964 18093 647 8544 7203 4974 2229 388
cat_boundaries=0 1 12
cat_threshold=1388625 0 2147483648 0 0 0 0 0 256 0 0 524288
is_linear=0
shrinkage=0.1


Tree=138
num_leaves=31
num_cat=2
split_feature=1 11 21 16 9 11 8 11 6 21 19 19 20 10 10 10 19 13 8 9 19 1 20 19 6 11 19 10 8 11
split_gain=6.78971 4.8789 9.18289 8.77013 7.17027 5.85763 6.57106 6.37372 5.49309 8.8311 4.46223 5.09572 4.45716 12.5422 6.86427 4.20936 4.03602 3.84682 3.7763 4.2282 3.65383 3.62175 5.15681 5.36452 11.7255 12.1018 4.26477 6.49253 4.94639 4.02153
threshold=0 -1.0000000180025095e-35 684.50000000000011 59.500000000000007 37.350000381469734 68.500000000000014 17.500000000000004 9.5000000000000018 6.5000000000000009 684.50000000000011 0.070795580744743361 0.055890779942274101 0.089837282896041884 0.083406638354063048 0.13585697114467624 0.19646377861499789 0.18018610030412677 0.077925249934196486 11.500000000000002 59.750000000000007 0.072631742805242552 1 0.18592240661382678 0.075580652803182616 4.5000000000000009 8.5000000000000018 0.055890779942274101 0.082953099161386504 27.500000000000004 -1.0000000180025095e-35
decision_type=9 2 2 2 8 2 2 2 2 2 2 2 2 2 2 2 2 2 2 8 2 9 2 2 2 2 2 2 2 2
left_child=1 8 4 5 -3 6 12 -8 -1 -10 11 -6 13 -4 -14 -11 20 21 19 -16 -7 22 23 26 -25 -26 28 -28 29 -2
right_child=17 2 3 -5 10 16 7 -9 9 15 -12 -13 14 -15 18 -17 -18 -19 -20 -21 -22 -23 -24 24 25 -27 27 -29 -30 -31
leaf_value=0.015322283632116138 0.086667811975667433 -0.017813138380637295 -0.047788625277752295 0.077451481593273502 0.066605656201983623 -0.015562215900503037 0.014013394782133679 0.066081131712390398 -0.085805333370331249 0.029073981415890029 0.069890351484556634 -0.022101167866922896 -0.056080544384260828 0.074624775933970683 -0.023821315149613088 -0.031537866728037732 0.017666071134247566 -0.0066068700715621658 -0.024160245317137688 0.026133486203489709 -0.092510661891533119 -7.834284391773172e-05 -0.061604648144916507 0.077557000937100662 -0.038792983088636608 0.073742257009772313 -0.070867386531898238 -0.010807985619949424 -0.10497195733353226 -3.2267048215977314e-05
leaf_weight=54.079059764742851 6.707373995857778 16.807874312624335 13.525104039581491 17.19895837205695 12.247182746650653 11.630863675498405 128.7472441206919 28.762389391369652 18.704631051979959 20.748169546481222 55.64100897219032 13.741881618276237 28.07678381819278 21.958568464964628 23.9825554266572 25.588601648807526 10.469466336071489 1059.3599792656023 46.76891764998436 57.726651459932327 13.145288480445741 11603.121398550196 20.3626918643713 20.069828177802265 40.441294606775045 12.512559203431008 31.326651314506307 42.307458106428385 3.6612079331534906 26.436279269255465
leaf_count=501 493 138 534 218 154 223 1005 263 204 254 361 127 335 167 117 125 50 17757 226 277 101 190671 154 176 433 111 837 271 292 1961
internal_value=-0.000338345 0.00980248 0.0142903 0.00758694 0.0416647 0.00446424 0.00838207 0.0235213 -0.00822798 -0.027809 0.0539114 0.0197014 -0.00403513 0.0279652 -0.0112881 -0.00439776 -0.0343909 -0.000833627 -0.00149945 0.0114712 -0.0563881 -0.000316337 -0.0132125 -0.00856163 0.0124675 -0.0122018 -0.0224663 -0.0363595 0.00532909 0.0175135
internal_weight=13485.9 619.551 500.431 401.993 98.4379 384.794 349.548 157.51 119.12 65.0414 81.6301 25.9891 192.039 35.4837 156.555 46.3368 35.2456 12866.3 128.478 81.7092 24.7762 11806.9 203.825 183.463 73.0237 52.9539 110.439 73.6341 36.8049 33.1437
internal_count=218536 5380 4296 3516 780 3298 2924 1268 1084 583 642 281 1656 701 955 379 374 213156 620 394 324 195399 4728 4574 720 544 3854 1108 2746 2454
cat_boundaries=0 1 2
cat_threshold=81788928 1319145
is_linear=0
shrinkage=0.1


Tree=139
num_leaves=31
num_cat=4
split_feature=3 3 3 19 19 21 9 14 21 21 11 8 8 7 9 8 9 11 19 3 8 11 8 9 19 19 21 19 9 9
split_gain=19.2792 12.5124 7.15384 6.58498 11.5641 11.4642 5.5672 5.22467 10.4365 6.06658 5.17531 5.64737 14.8853 7.19783 9.01689 5.45751 5.25305 5.22845 10.7002 5.11892 5.82008 8.61331 6.81016 7.29744 6.30988 10.065 7.84689 6.49581 5.4072 5.18208
threshold=0 1 2 0.023290802724659446 0.042680833488702781 4496.5000000000009 43.149999618530281 1.0000000180025095e-35 3911.5000000000005 4510.5000000000009 -1.0000000180025095e-35 25.500000000000004 24.500000000000004 2.5000000000000004 31.150000572204593 8.5000000000000018 31.150000572204593 1.0000000180025095e-35 0.095988299697637572 3 28.500000000000004 1.0000000180025095e-35 6.5000000000000009 38.850000381469734 0.022321767173707489 0.021319050341844562 2048.5000000000005 0.098616160452365889 41.45000076293946 28.550000190734867
decision_type=9 9 9 2 2 2 8 2 2 2 2 2 2 2 8 2 10 2 2 9 2 2 2 10 2 2 2 2 10 10
left_child=-1 3 -3 -2 6 10 -5 9 -9 -8 15 12 13 -12 -15 -6 -13 18 -16 20 22 -22 23 29 25 -24 27 -26 -28 -4
right_child=1 2 19 4 5 -7 7 8 -10 -11 11 16 -14 14 17 -17 -18 -19 -20 -21 21 -23 24 -25 26 -27 28 -29 -30 -31
leaf_value=-0.021457615078341676 -0.031199413057302963 -0.014286247852394046 0.034629749528415237 -0.0056275484476182615 -0.06618514631449833 -0.050245782899600466 0.032850065119975923 0.26492278137265413 0.073201907170679342 0.12660529058984485 0.0064735288079311396 -0.027997016452170773 0.14081592263265835 0.1251982231504121 -0.012846220104703182 0.0063305911479889822 0.04685739135929895 0.011717308084468558 0.11044011085765454 -0.00052331260643251017 0.0083805021329091903 0.11662857885027025 0.02057761935390523 0.12638383354776447 0.030469841322061621 0.23162607215206732 -0.042757625397872728 -0.0081257899674476216 0.071443706898464659 -0.056659892933876715
leaf_weight=421.7277204610873 27.476454346266109 359.63887526717735 54.052034666994587 14.055165837577077 13.50490951631218 27.951470389147289 45.384493707446381 3.4696443632710752 15.629104735446161 8.1394128004903887 114.22607626114041 35.805187149206176 11.352867508539928 11.934024382848291 11.195975463837387 44.829229546245188 12.700619514333082 48.823155008256435 18.964358108118176 11885.777380512765 17.50672034453601 12.671024813898837 9.8972427998669428 7.8793005379848173 72.223398201167583 2.9282715250737956 56.24558206659276 110.0579481087625 4.4759387931553638 7.0264769442146635
leaf_count=8902 1295 7191 1002 632 173 434 1862 80 596 279 1432 423 135 117 204 506 149 583 133 187035 252 238 740 156 787 133 1964 981 156 140
internal_value=-0.000666635 2.08458e-05 -0.000579589 0.015946 0.0192679 0.0111963 0.0519804 0.0631297 0.108032 0.0471075 0.0165077 0.0224435 0.0293534 0.0231849 0.0441806 -0.0104575 -0.00839736 0.0319393 0.0646743 -0.000165548 0.0115001 0.0538317 0.00792093 0.0358118 0.000403018 0.0687634 -0.00320499 0.00716655 -0.0343396 0.0241278
internal_weight=13487.6 13065.8 12600.4 465.442 437.966 351.288 86.6778 72.6227 19.0987 53.5239 323.336 265.002 216.496 205.144 90.9175 58.3341 48.5058 78.9835 30.1603 12240.7 354.964 30.1777 324.786 68.9578 255.828 12.8255 243.003 182.281 60.7215 61.0785
internal_count=218710 209808 200775 9033 7738 4289 3449 2817 676 2141 3855 3176 2604 2469 1037 679 572 920 337 193584 6549 490 6059 1298 4761 873 3888 1768 2120 1142
cat_boundaries=0 24 48 72 96
cat_threshold=0 0 0 0 2147484672 8389633 268435456 4194304 0 2359360 134250624 134225920 2147483904 16384 0 0 2 0 16777344 0 32896 1082130432 968 65536 1610612736 536870912 0 4226 0 196608 2048 0 0 512 1073807360 268435456 0 2 0 8390656 268697664 0 1048577 163840 1052672 0 269189120 32776 0 16777218 0 0 0 4098 262144 8912896 402915328 8404996 0 0 4194304 65536 0 1073741828 0 34048 8512 0 134217824 2147483648 8195 640 0 1088 0 8 0 134512640 17124 8192 32768 4096 262144 553648128 34603008 0 0 0 0 0 134250520 1 4194304 32896 67108864 4352
is_linear=0
shrinkage=0.1


Tree=140
num_leaves=31
num_cat=6
split_feature=3 3 8 3 9 3 15 15 7 21 19 19 17 19 19 21 9 12 3 11 14 8 9 11 11 9 12 11 3 9
split_gain=19.4469 11.9027 7.19839 7.1477 6.1587 5.92487 6.94882 6.60394 5.70886 5.38817 7.65073 6.11599 5.3244 5.32724 5.52258 6.37641 5.0442 4.97481 5.01343 5.3019 4.83677 5.7342 4.73116 7.41498 6.05173 5.64639 5.48477 4.66453 4.62898 9.59582
threshold=0 1 28.500000000000004 2 30.650000572204593 3 8.5000000000000018 5.5000000000000009 2.5000000000000004 1083.5000000000002 0.065830215811729445 0.14065735787153247 1.5000000000000002 0.017782646231353286 0.016124478541314605 4166.5000000000009 37.850000381469734 98.500000000000014 4 3.5000000000000004 9.5000000000000018 23.500000000000004 36.850000381469734 9.5000000000000018 21.500000000000004 32.549999237060554 54.500000000000007 1.0000000180025095e-35 5 43.750000000000007
decision_type=9 9 2 9 8 9 2 2 2 2 2 2 2 2 2 2 8 2 9 2 2 2 8 2 2 10 2 2 9 8
left_child=9 2 22 4 -3 12 7 28 -4 10 -1 -11 13 14 20 -16 -6 18 -8 -20 21 -5 23 25 -25 -2 -24 -10 29 -7
right_child=1 3 8 5 16 6 17 -9 27 11 -12 -13 -14 -15 15 -17 -18 -19 19 -21 -22 -23 26 24 -26 -27 -28 -29 -30 -31
leaf_value=-0.066864826822705239 -0.0074371558973963846 0.040744594870592898 -0.071039818023333687 -0.031100520939731549 -0.078364633770352909 -0.029970044780151878 0.035020915458689759 0.060138028688230344 0.085951218233812229 -0.032920485172978735 -0.0045582005791509157 -0.12188005841585144 -0.0077816150649819369 0.011523028241253818 0.056212620813857556 0.28612675605905941 -0.018193217719384019 -0.090427092401187126 -0.071056926969627301 0.025757992367767636 0.099355685482454645 0.10125675251092309 0.02473810439889948 0.12209946946532768 -0.00047361940906526516 -0.10048146966645904 0.13979990160661646 -0.038310359755364572 0.00059344635289807857 -0.0020616384791865699
leaf_weight=22.480972844350617 19.507132970727984 16.606076084193774 15.580330972501544 12.0698165469803 15.0168872026843 151.57980344293173 7.1962415054440498 18.319678223982919 5.7330665993504208 147.29936570988502 159.75156095065176 8.1561744846403581 143.24740075715818 539.37527556583518 2.9196558390976852 2.0555223211413249 192.83325141854584 13.097988562774843 20.448048323160041 7.8196038947207844 8.0326284216716868 4.4912125155096865 312.87842264043866 6.3035235132556435 11.158102267538196 9.7981419668067229 4.1984123599249861 6.3856168708298355 10940.63837092102 658.03548583044903
leaf_count=825 339 351 386 526 422 2453 62 313 120 4472 1253 48 2689 10585 137 139 6050 234 282 208 58 169 7458 115 253 210 115 174 167883 10384
internal_value=0.000119955 0.000736733 0.0176893 0.000202834 -0.0170968 0.000526135 -1.12371e-05 0.000144524 -0.0310009 -0.0232237 -0.0122446 -0.0375879 0.00931924 0.0137887 0.0551167 0.151203 -0.0225405 -0.037761 -0.0183096 -0.0327054 0.0356789 0.00479366 0.0218823 -0.00780974 0.0437744 -0.0385463 0.0262616 0.0204749 5.09888e-05 -0.00719787
internal_weight=13483 13145.3 391.543 12753.8 224.456 12529.3 11817.1 11768.6 27.699 337.688 182.233 155.456 712.192 568.944 29.5688 4.97518 207.85 48.5619 35.4639 28.2677 24.5937 16.561 363.844 46.7669 17.4616 29.3053 317.077 12.1187 11750.3 809.615
internal_count=218713 212115 9170 202945 6823 196122 181819 181033 680 6598 2078 4520 14303 11614 1029 276 6472 786 552 490 753 695 8490 917 368 549 7573 294 180720 12837
cat_boundaries=0 23 47 71 95 107 131
cat_threshold=0 0 2048 4096 0 2684354560 805306373 8192 32768 69632 0 150994944 0 67108866 0 536870912 2147487776 32768 4227080 513 0 1212418 524352 268566528 0 33554432 1 0 0 0 0 134217728 33555713 135168 2056 4194304 1048832 0 0 2097154 268697600 384 67108864 327684 16384 2281701504 262152 65664 513 0 8 0 0 64 0 2147483648 1048672 786432 65568 0 6291456 0 0 0 201327360 0 524288 5122 2164260864 268460033 4 33554432 2 2147483650 2097156 0 16778240 18939904 0 8192 16793600 2048 0 134283265 16384 0 0 131080 8192 4098 0 0 0 75793152 64 0 4194304 16384 0 0 0 0 0 0 0 8192 1073741824 0 1082130432 8388608 0 0 8388608 71304192 268439552 0 2 0 2147483648 2150105472 1 1073741824 2164260864 0 0 16777232 4 134217729 4196352 1073807392 1
is_linear=0
shrinkage=0.1


Tree=141
num_leaves=31
num_cat=8
split_feature=3 3 3 3 6 3 21 17 7 19 18 19 3 6 21 9 9 11 8 21 7 17 8 2 9 20 3 20 11 19
split_gain=16.538 11.9875 8.22161 4.93201 13.4666 8.65233 9.76136 5.63849 7.11044 11.4322 6.73117 5.69824 5.34159 9.0484 6.25344 5.38799 7.35641 9.35824 6.47139 10.2719 4.39162 4.38826 4.31252 4.21946 6.69226 8.97167 7.77432 7.1462 7.11374 6.90319
threshold=0 1 2 3 8.5000000000000018 4 4242.5000000000009 2.5000000000000004 3.5000000000000004 0.08464811742305757 -1.0000000180025095e-35 0.095988299697637572 5 5.5000000000000009 4404.5000000000009 30.150000572204593 35.350000381469734 68.500000000000014 7.5000000000000009 3897.5000000000005 3.5000000000000004 398.50000000000006 7.5000000000000009 6 40.95000076293946 0.042491668835282333 7 0.13898781687021258 1.5000000000000002 0.062962029129266753
decision_type=9 9 9 9 2 9 2 2 2 2 2 2 9 2 2 10 10 2 2 2 2 2 2 9 10 2 9 2 2 2
left_child=-1 -2 21 4 12 22 7 8 10 -10 11 -7 13 -4 -15 18 17 -17 19 -14 -9 -3 -6 24 25 28 -27 29 -5 -28
right_child=1 2 3 23 5 6 -8 20 9 -11 -12 -13 15 14 -16 16 -18 -19 -20 -21 -22 -23 -24 -25 -26 26 27 -29 -30 -31
leaf_value=-0.022935322711473978 0.017518894557539567 0.0084159694014476483 -0.020686896099218286 0.038432527761391305 0.025287587441903837 -0.0068121180162162374 -0.0023627819272384444 0.034145822500097067 0.18788888068779541 0.019068489115369416 0.12697500063049277 0.08174665075110478 0.11391722566524104 0.058480532321961445 -0.026411775471728006 -0.0050966677327787119 -0.024092406528625467 0.15062062575048629 -0.04553375923703145 -0.02261740379728502 -0.080492308656522127 0.071523652319251688 -0.036799227550527773 -0.00066533560095370821 -0.025623109952419915 -0.0084005515319499676 0.054249782986873885 0.031176986232236099 0.19014835876868794 -0.0060160122803803789
leaf_weight=296.54803593194811 394.04963053262327 908.1687323517981 89.967272696085274 8.7645181175321323 14.860789639875291 21.274364120676182 61.468580254469998 10.773130336194297 10.137558292131873 6.6376319751143447 7.7928858083905643 11.034113015979527 6.498376344330608 31.30130992969498 12.005339503288267 10.018637868692169 42.671795711969025 6.2777333051199085 164.4639552308945 36.234596474911086 4.8443488131742916 11.153978573158382 45.260198603384197 10708.445704699319 53.245005602017045 164.45555530115962 22.096106946468353 190.38037498854101 4.7739475303096688 135.9436767748557
leaf_count=11813 9607 16983 1104 326 175 572 1494 317 229 53 168 87 104 362 211 253 1128 100 4195 932 106 277 579 163527 383 1174 265 941 173 1061
internal_value=2.66844e-05 0.000559696 2.43767e-05 -0.000683557 -0.00949156 0.0119579 0.0250799 0.0518085 0.0664225 0.12109 0.0435541 0.0234328 -0.0201513 -0.00242688 0.0349469 -0.0278873 -0.00226515 0.0548892 -0.0365252 -0.00185467 -0.00141351 0.00908284 -0.0183932 -0.000212446 0.0080235 0.0115792 0.00945811 0.0176228 0.0919307 0.00240996
internal_weight=13491.5 13195 12801 11881.6 593.523 194.084 133.963 72.494 56.8766 16.7752 40.1014 32.3085 399.439 133.274 43.3066 266.165 58.9682 16.2964 207.197 42.733 15.6175 919.323 60.121 11288.1 579.659 526.414 512.876 348.42 13.5385 158.04
internal_count=218699 206886 197279 180019 12169 3780 3026 1532 1109 282 827 659 8389 1677 573 6712 1481 353 5231 1036 423 17260 754 167850 4323 3940 3441 2267 499 1326
cat_boundaries=0 24 48 71 95 116 137 148 169
cat_threshold=134219840 285212672 0 2 0 2147747840 4194344 0 268435456 2172977186 2048 0 268435456 0 0 1048576 0 0 0 163904 18432 536879104 262144 8 1073872896 0 0 128 0 4096 6 4198656 67141632 32768 1074008192 0 8389121 65664 0 0 2097216 402653184 50331648 0 4194304 33554432 33587200 262144 2157969408 0 0 0 0 4227073 285739264 2097152 131072 33564488 16384 32 536870916 256 0 1073741824 1 1024 0 0 4096 2176 8388608 805306496 525314 167905280 2097153 0 4 67108864 512 524288 2048 65536 0 1048704 3072 1073741824 0 0 10240 0 1 67108928 2 2147484160 512 268435456 1024 33556480 0 0 0 67108864 0 524288 0 0 0 1048704 2048 0 0 0 8192 0 1 64 268435456 0 33556480 0 0 0 0 0 524288 2048 0 0 1048704 2048 0 0 0 0 0 1 64 0 2281701376 0 4194304 16 0 0 131072 2048 0 524288 32768 0 8388608 0 0 0 0 0 0 0 0 0 0 5242896 0 0 139264 32768 1175640 67174400 34604192
is_linear=0
shrinkage=0.1


Tree=142
num_leaves=31
num_cat=2
split_feature=12 13 12 21 21 21 21 18 15 8 18 21 8 8 20 14 21 10 11 21 6 21 10 8 17 8 20 2 1 11
split_gain=3.74584 3.60666 4.19105 9.05081 8.87212 6.15946 5.30404 4.33499 5.40378 6.33834 5.29844 5.21243 5.3273 12.2866 6.21276 5.3254 9.02805 5.1546 6.59487 4.48722 3.8006 3.528 3.91735 5.18125 3.42165 5.70969 6.46223 5.80795 4.12106 5.98312
threshold=172.50000000000003 0.12005338072776796 10.500000000000002 4564.5000000000009 1083.5000000000002 684.50000000000011 4481.5000000000009 0.007142948219552637 2.5000000000000004 24.500000000000004 -1.0000000180025095e-35 4314.5000000000009 19.500000000000004 16.500000000000004 0.20767211914062503 1.5000000000000002 3989.5000000000005 0.047626268118619926 1.5000000000000002 4025.5000000000005 7.5000000000000009 3924.5000000000005 0.064884774386882796 7.5000000000000009 143.50000000000003 3.5000000000000004 0.20767211914062503 0 1 241.50000000000003
decision_type=2 2 2 2 2 2 2 2 2 2 2 2 2 2 2 2 2 2 2 2 2 2 2 2 2 2 2 9 9 2
left_child=1 2 24 4 5 -4 7 10 9 -9 20 12 13 14 15 21 -17 -10 -19 -14 -6 -12 23 -23 28 26 -26 -27 29 -1
right_child=-2 -3 3 -5 6 -7 -8 8 17 -11 11 -13 19 -15 -16 16 -18 18 -20 -21 -22 22 -24 -25 25 27 -28 -29 -30 -31
leaf_value=-0.013681437428154081 -0.063119981163101524 -0.0061636583580907877 0.027356104573150436 0.10408249822162857 -0.045187589379422327 0.12576963707841013 -0.057160863667472854 -0.061257543018404359 -0.070561674999121388 0.040692777045912731 -0.09905344409283566 0.067938837737828467 -0.05216425101705479 0.12663687182474057 0.074932991766600052 0.17967803150680431 -0.035456052482151258 -0.0047996919813507047 0.093345441378840502 0.016834301223659028 0.032711515863122737 -0.041594719187506152 -0.041578771959544035 0.099972924738461838 0.0061911350311248999 0.03756718091155066 0.094731539934104159 -0.012823093927240597 0.0010173361534734262 0.058718497040610995
leaf_weight=295.25330260192277 9.3466172430198622 833.34072911101975 17.578299766872082 10.446211674949152 20.794857159839015 9.9648205688572471 13.794536960602271 29.413567431329284 5.9166827874723813 7.6931262445868915 5.3638272305252057 23.253722046967596 17.077655895904172 11.520315040950662 12.147022295743225 3.7247892831219351 4.0952983021270484 18.373925404623154 10.912858423776923 21.034564597939607 8.9624116928316635 4.6372782457619923 15.742416897788642 5.84240955702262 38.993110392417293 14.983091759495435 10.453092351555823 470.85215323662851 11520.078335304017 11.873375356197355
leaf_count=4570 160 13800 198 177 339 141 250 485 300 130 126 404 248 177 64 87 134 195 100 364 156 130 164 187 816 119 65 8198 186476 218
internal_value=0.000164476 0.000208375 0.00062845 0.0127645 0.00920303 0.0629611 0.00304132 0.00670771 -0.0134941 -0.0401207 0.0161813 0.025246 0.0154347 0.0332709 0.0124069 -0.00686696 0.0670146 0.014572 0.0317712 -0.0140832 -0.0217256 -0.0251587 -0.0100432 0.037329 0.000355256 -0.00746489 0.0249089 -0.0107598 0.000709184 -0.0105393
internal_weight=13483.5 13474.1 12640.8 278.291 267.844 27.5431 240.301 226.507 72.3102 37.1067 154.197 124.439 101.186 63.0734 51.553 39.406 7.82009 35.2035 29.2868 38.1122 29.7573 31.5859 26.2221 10.4797 12362.5 535.281 49.4462 485.835 11827.2 307.127
internal_count=218978 218818 205018 4556 4379 339 4040 3790 1210 615 2580 2085 1681 1069 892 828 221 595 295 612 495 607 481 317 200462 9198 881 8317 191264 4788
cat_boundaries=0 8 9
cat_threshold=0 2147483904 0 0 0 0 0 256 5280073
is_linear=0
shrinkage=0.1


Tree=143
num_leaves=31
num_cat=12
split_feature=3 3 3 16 19 3 20 8 16 3 21 3 3 20 3 3 7 11 16 6 2 8 3 3 11 21 19 8 20 8
split_gain=17.6601 13.1473 6.8782 10.0432 6.39157 6.08117 8.09151 13.773 6.76238 38.0343 27.7409 17.9427 16.7807 12.5773 11.1679 8.35077 10.7963 11.7192 17.3522 28.19 9.15369 9.04592 22.5905 16.4588 10.3848 8.11751 12.257 7.54384 11.2823 7.49754
threshold=0 1 2 9.5000000000000018 0.18018610030412677 3 0.011620762292295696 21.500000000000004 5.5000000000000009 4 3883.5000000000005 5 6 0.063091341406106963 7 8 2.5000000000000004 31.500000000000004 29.500000000000004 7.5000000000000009 9 24.500000000000004 10 11 23.500000000000004 4564.5000000000009 0.15577951818704608 6.5000000000000009 0.063091341406106963 14.500000000000002
decision_type=9 9 9 2 2 9 2 2 2 9 2 9 9 2 9 9 2 2 2 2 9 2 9 9 2 2 2 2 2 2
left_child=-1 -2 3 -3 -5 6 7 -4 12 10 -10 -11 25 -12 -14 16 29 -18 19 -19 -17 23 24 27 -23 -7 -27 28 -22 -13
right_child=1 2 5 4 -6 8 -8 -9 9 11 13 15 14 -15 -16 20 17 18 -20 -21 21 22 -24 -25 -26 26 -28 -29 -30 -31
leaf_value=-0.023006846134054015 0.020284449430143559 -0.0075377712045787528 0.032187099400188511 -0.065792338833884689 0.089309152008030412 -0.026233422484298385 0.0097148036131926348 0.36688522504528964 0.14078263347744335 -0.025586202108897973 0.062011075587441095 -0.073424901730384434 0.021101515317010898 0.017145163390163465 -0.0011090616343471579 0.037925444506589114 -0.0475944133166969 0.0085186716502746087 -0.034581778940222553 0.21803128578808526 0.06792724308546548 0.11368980998443008 -0.038394573559700336 -0.0096029876531158118 0.0145577697389231 -0.010334318328779403 0.21779991115622732 0.030594883552081328 -0.017488083666014637 -0.014555416026477086
leaf_weight=326.92288919439306 307.40376573579852 383.66129037283827 4.4117907811887553 44.247614971653093 2.8266315050423136 332.06540822586976 482.30630160664441 1.7044928568648172 21.22560048289597 281.51512245304184 73.711136552214157 41.969954336120281 221.9231544227805 410.15322869550437 9497.2422924350249 72.244703200180084 23.40011106361635 16.344110856531191 18.686419584148098 10.57878331420943 19.079351046122611 14.064626384060828 128.02154034460546 290.94845576203079 42.499731042073108 7.4940830313134921 3.4343336373567581 281.18444207427092 81.611938018817455 44.649201619380619
leaf_count=7362 7132 7910 281 1711 28 7704 9205 106 162 4898 2263 1560 3946 3083 137181 579 690 457 989 164 462 137 3299 10883 786 324 19 3144 671 1631
internal_value=-0.000400064 0.000178857 -0.000317394 -0.0125941 -0.0564791 0.000118074 0.0109402 0.125461 -0.000333632 0.0051851 0.0283276 -0.00354831 -0.00136063 0.02398 -0.000580747 0.00234958 -0.0183888 0.00993794 0.0394552 0.0908422 0.00598003 0.00288214 -0.0166945 0.00829574 0.0333167 -0.0227785 0.0613585 0.021618 -0.00130328 -0.0430797
internal_weight=13487.5 13160.6 12853.2 430.736 47.0742 12422.5 488.423 6.11628 11934 1871.89 505.09 1366.8 10062.2 483.864 9719.17 1085.28 155.629 69.0094 45.6093 26.9229 929.655 857.41 184.586 672.824 56.5644 342.994 10.9284 381.876 100.691 86.6192
internal_count=218767 211405 204273 9649 1739 194624 9592 387 185032 35858 5508 30350 149174 5346 141127 25452 5491 2300 1610 621 19961 19382 4222 15160 923 8047 343 4277 1133 3191
cat_boundaries=0 24 47 69 93 116 139 163 187 211 220 244 267
cat_threshold=0 268435458 1024 4096 0 42221568 268468480 0 0 0 32768 8 270532608 256 0 0 134217755 0 16 4 96 2 539033600 68608 0 64 8388608 128 0 16777216 2097156 0 67371008 33153 147456 0 2147483649 65536 0 65536 2147483648 134234112 8 2 65537 10504224 33587200 3338731520 0 1 2051 268435456 0 20975616 4096 269090816 0 8388608 0 0 2097152 0 1048576 8256 2415919104 64 134217728 4194432 50332160 2228224 67108864 2 1048580 0 1073774596 536870912 0 0 2166382656 2048 256 32768 8704 0 8389120 0 524288 536870912 512 262144 268435584 4097 256 134217728 1090519040 2048 1024 0 69632 0 2097152 16777216 0 1073754112 41943040 134480396 8 0 0 131232 0 5505026 64 67125252 0 128 268435456 37748736 0 512 0 0 0 281018368 0 10 1048576 2348810240 1138 1042 0 0 0 100663296 0 0 2099200 3355443200 525320 0 1075838976 0 0 0 272695297 0 2097152 0 268435456 1073741824 8192 167788544 4194304 0 0 33689632 17039360 5505026 64 67125252 262144 2 262144 0 8388608 131072 0 0 0 2147483840 415236096 8192 1115162 0 0 562036736 0 0 0 0 100663296 0 0 34818 138412032 276824584 8 0 537395200 134234112 0 0 536870912 201326592 0 0 135267328 0 1090519040 8519680 4 0 0 268435456 0 16777472 589824 32770 1085440 293864000 8 0 0 0 4194304 16 2147483648 0 256 2048 536870912 2097157 4194304 2097152 0 0 0 8192 8192 0 0 805306400 0 1 0 2048 0 0 0 67108864 1024 0 0 262656 8945664 134217728 2684354688 0 0 268435456 1050624 132096 33554432 2048 0 2097152 1667328 16384 0 536870912 4096 264448 0 0 0 0 2
is_linear=0
shrinkage=0.1


Tree=144
num_leaves=31
num_cat=6
split_feature=3 3 3 11 3 11 9 17 11 10 8 17 8 20 9 21 20 2 17 8 14 20 6 3 9 6 9 14 21 9
split_gain=19.2481 11.8809 7.93285 7.21904 5.86182 11.7289 12.5787 6.46723 6.321 5.89681 5.79506 6.78859 4.77922 6.41855 6.85634 6.70071 4.56257 10.4782 5.83127 5.09842 4.54345 6.60249 8.0466 4.50732 6.40559 6.78759 6.54636 12.5641 14.8891 14.1221
threshold=0 1 2 -1.0000000180025095e-35 3 92.500000000000014 28.550000190734867 4.5000000000000009 2.5000000000000004 0.042355967685580261 2.5000000000000004 1.0000000180025095e-35 22.500000000000004 0.024598307907581333 43.149999618530281 4179.5000000000009 0.086758032441139235 4 1.0000000180025095e-35 28.500000000000004 1.0000000180025095e-35 0.14281281828880313 2.5000000000000004 5 41.95000076293946 5.5000000000000009 29.150000572204593 1.0000000180025095e-35 4125.5000000000009 23.050000190734867
decision_type=9 9 9 2 9 2 10 2 2 2 2 2 2 2 10 2 2 9 2 2 2 2 2 9 10 2 8 2 2 8
left_child=10 -2 3 -3 5 6 -4 9 12 -7 11 -1 13 15 -15 -8 17 18 -12 -18 -10 22 -22 24 26 -26 27 -6 29 -29
right_child=1 2 4 -5 23 7 8 -9 20 -11 16 -13 -14 14 -16 -17 19 -19 -20 -21 21 -23 -24 -25 25 -27 -28 28 -30 -31
leaf_value=-0.12000516016800192 0.019062511715883381 -0.041176536639252193 0.014054352917594246 -0.0075047162817919125 -0.022796406978491963 -0.059481570742186601 0.007534998867925722 0.16704305891888571 -0.083548807568615824 0.065517798335055083 0.093444150652294514 0.035860462437754988 -0.049509904028659422 -0.037537226855727621 0.044688989543971672 0.20830224008630022 -0.0063798271017783074 -0.045499944017880434 -0.10209650570664608 -0.068265947881720593 0.10273195626492826 0.080253266639038201 -0.083709314999614301 0.0001972381217585717 0.067724860233467396 -0.013607070394661185 -0.01732590042767566 0.074060657591365514 -0.018391434645380393 0.38717097314561849
leaf_weight=12.249753553944172 319.91916615102673 79.376744226552546 440.14978913275991 321.8107989312266 14.926113224355506 4.4006508073653121 3.4900668840855351 5.3246699880110091 23.186874308681581 26.502571592107415 10.891149236529598 3.6201402491424224 17.069770254660398 23.84017594344914 17.647350420709699 3.1744716772809625 153.13516681082547 105.6575875870767 1.773392810311633 14.579591365531085 2.8093727170489755 5.0545007083564988 13.151523580949286 11385.889319263864 20.712160213850439 20.335626232437789 377.07809451816138 2.9508243938907981 4.335105936974287 2.8142747792880964
leaf_count=482 6477 1815 9127 7041 256 704 110 112 604 406 893 112 321 388 240 108 1096 7196 227 105 111 59 601 168004 409 509 10770 109 171 96
internal_value=-0.000257605 0.000325315 -0.000156908 -0.0138223 0.00029546 0.00997376 0.00651105 0.0652558 -0.0238313 0.0477178 -0.0248095 -0.0844501 -0.00404508 0.0120721 -0.00256105 0.103165 -0.0223678 -0.0374043 0.0369148 -0.0117596 -0.0530264 -0.0193502 -0.0508927 -0.000191852 -0.00997246 0.0274319 -0.0140388 0.0354888 0.121623 0.226908
internal_weight=13437.9 13136 12816 401.188 12414.8 585.802 549.574 36.2279 109.424 30.9032 301.907 15.8699 65.2218 48.1521 41.4875 6.66454 286.037 118.322 12.6645 167.715 44.2023 21.0154 15.9609 11829 443.152 41.0478 402.104 25.0263 10.1002 5.7651
internal_count=218659 208548 202071 8856 193215 12891 11669 1222 2542 1110 10111 594 1167 846 628 218 9517 8316 1120 1201 1375 771 712 180324 12320 918 11402 632 376 205
cat_boundaries=0 24 48 72 96 107 131
cat_threshold=128 536871168 134221888 0 2147491840 8388608 196608 4096 0 4722688 0 0 0 33554448 0 17825792 64 603979776 16384 0 34944 1075970048 0 266240 65536 268435520 0 128 0 33554432 268435457 268435456 0 1 0 134217760 33 4260864 0 0 9 2415920384 536903689 512 0 33554432 268443649 8 268435456 134217728 10240 0 0 134217728 0 524416 2214592512 0 132 0 100728848 0 0 536936448 0 0 128 67108864 34603074 805310466 181248 512 0 0 0 5 0 1342177280 512 8192 524288 17826496 6144 0 537420288 640 0 0 32 134479872 37748736 0 2097152 33280 576 256 16778272 201326624 0 67108864 0 2097152 335544320 131072 2097152 2147483648 1074266624 0 1024 1179648 4096 2048 4097 1057792 134217728 0 570425344 0 268437512 0 38 0 0 168034304 8192 134221824 131072 4096 0 69271552 65536
is_linear=0
shrinkage=0.1


Tree=145
num_leaves=31
num_cat=9
split_feature=3 3 3 20 3 13 3 12 3 21 17 7 7 9 18 18 3 3 11 3 20 20 21 17 17 18 13 9 9 9
split_gain=18.693 12.3949 6.71168 5.57399 5.0851 3.93625 27.6347 5.80675 12.4534 9.27998 10.6205 7.82418 6.03667 5.67289 5.64494 10.246 6.68241 5.23281 5.57828 11.6267 9.78095 7.55725 6.67297 5.09845 6.0145 4.99699 5.08482 4.95157 4.59631 7.28601
threshold=0 1 2 0.22449457645416263 3 0.24254545569419864 4 4.5000000000000009 5 4166.5000000000009 22.500000000000004 3.5000000000000004 1.0000000180025095e-35 34.049999237060554 0.66287881135940563 0.15438786894083026 6 7 -1.0000000180025095e-35 8 0.16571567207574847 0.019928102381527427 4152.5000000000009 55.500000000000007 217.50000000000003 0.59196615219116222 0.31643131375312811 72.350002288818374 38.850000381469734 40.45000076293946
decision_type=9 9 9 2 9 2 9 2 9 2 2 2 2 10 2 2 9 9 2 9 2 2 2 2 2 2 2 8 8 8
left_child=-1 3 -3 -2 -4 17 25 8 12 -10 11 13 -8 -11 15 16 -9 18 19 21 22 -6 23 -20 -25 26 -7 -28 -24 -30
right_child=1 2 4 -5 5 6 7 14 9 10 -12 -13 -14 -15 -16 -17 -18 -19 20 -21 -22 -23 28 24 -26 -27 27 -29 29 -31
leaf_value=-0.027709050728848217 0.023089830517643919 -0.013805529214086773 0.012291026177185842 -0.019399407810125439 0.14792216023758964 0.024099655097055812 0.0081621437045355082 0.010074284986804379 -0.015962659106421855 0.01348591236129797 -0.094689799784965181 0.13479404408394666 -0.057709114780058926 0.12956680013602026 0.020552128610843323 -0.1200090192338723 -0.055490080770942023 5.4170730552192937e-05 -0.037287810223603134 -0.034069265764872132 0.055285751840591701 0.030875319324934775 -0.042796515442387974 0.051148477516648597 -0.066261101528661145 -0.022406198646019448 0.13381872868635381 0.055536726823895259 0.15687758542776778 0.00078577555206041567
leaf_weight=242.40505772922188 307.36748511728365 371.62565580720548 300.73848398827249 34.322814904153347 6.3185582458972922 20.583339228876866 17.301571913529187 25.554760904982686 58.040148938714992 23.088770978734832 4.8427848392166188 10.78071622981224 71.024866961408406 5.1488442097324869 11.172924555197822 18.745080784836318 35.498339328332804 11468.07529823095 180.84512681211345 27.033097285311669 18.029367074370384 43.443484393879771 24.439551447401755 14.27583174640313 6.2834627468837416 7.7966906833462408 13.580036114901302 19.951083025895059 3.0729244112735614 111.35535001405515
leaf_count=5402 6047 7535 13258 216 188 277 221 237 1106 466 130 196 878 127 192 295 767 168791 4690 826 134 658 913 300 140 107 156 281 174 4318
internal_value=-0.00075064 -0.000236753 -0.00074045 0.0182866 -0.000342794 -0.000662824 -0.0112231 -0.024373 -0.0153024 0.00935317 0.0449853 0.0623212 -0.0402492 0.0346521 -0.0460198 -0.0553408 -0.0354858 -0.00035898 -0.0109971 0.0132078 -0.0164919 0.0380841 -0.020295 -0.0319232 0.015265 0.0451479 0.063224 0.0872408 -0.00343027 0.00497756
internal_weight=13502.7 13260.3 12918.6 341.69 12547 12246.3 343.11 281.199 190.228 101.901 43.8611 39.0183 88.3264 28.2376 90.9711 79.7982 61.0531 11903.2 435.097 76.7951 358.302 49.762 340.272 201.404 20.5593 61.9111 54.1145 33.5311 138.868 114.428
internal_count=219026 213624 207361 6263 199826 186568 5436 4615 3124 2025 919 789 1099 593 1491 1299 1004 181132 12341 1672 10669 846 10535 5130 440 821 714 437 5405 4492
cat_boundaries=0 23 47 71 95 112 132 146 169 191
cat_threshold=0 134742016 4096 0 2147483648 1074038272 256 0 2214592512 262144 0 0 2 1050752 0 1048576 8201 285212672 541065408 0 0 268451840 2097156 128 1280 0 128 0 0 4194304 8448 0 0 134250496 8 2147484672 8194 0 1073743872 2359296 134479872 33554432 524805 2050 2147483648 285736960 65536 526400 0 32 2049 0 2164260864 0 4096 0 8405248 524416 33554432 4096 0 268435456 8389120 33554432 0 36864 131136 32 10752 33685504 260 1275199488 2097216 2 0 0 142624768 49188 4194304 131072 4194306 0 0 0 0 0 16777216 32 536870912 16793602 0 0 2101248 2147488512 262144 2717908992 50331648 2147483649 0 0 0 268566528 0 8192 0 4096 2627731456 311680 4 0 536870912 134217728 0 2 4210688 2097152 0 0 0 131072 16777216 0 1048576 1090519040 729612 8 0 0 0 0 0 2 0 0 0 0 0 0 0 131072 0 0 1056768 1073741824 8196 16392 268435456 8388608 131072 0 0 0 530 270532736 0 537004040 8655360 0 16416 65536 0 2684354560 2550136848 0 1 0 0 32 8429632 0 0 0 0 0 0 18 2097152 0 0 266752 0 32 65536 0 536870912 134217728 0 1 0 0 32
is_linear=0
shrinkage=0.1


Tree=146
num_leaves=31
num_cat=4
split_feature=3 3 14 3 21 6 20 19 8 6 19 16 19 16 3 13 7 21 17 20 7 8 21 9 19 8 21 21 6 17
split_gain=15.7441 11.9636 7.61634 5.92533 6.75878 5.76428 14.4064 19.8679 7.78214 7.07423 6.69477 10.229 5.90563 5.58385 5.50346 6.47494 5.2392 5.87026 6.16334 5.10794 8.71695 4.79338 7.62058 4.66307 5.49381 4.8094 6.99249 4.90179 5.08539 4.60039
threshold=0 1 7.5000000000000009 2 4578.5000000000009 2.5000000000000004 0.07274292036890985 0.060463631525635726 9.5000000000000018 5.5000000000000009 0.12085975706577302 32.500000000000007 0.19161307811737063 3.5000000000000004 3 0.31643131375312811 4.5000000000000009 4100.5000000000009 30.500000000000004 0.055706653743982322 2.5000000000000004 2.5000000000000004 4038.5000000000005 28.550000190734867 0.075580652803182616 25.500000000000004 684.50000000000011 4404.5000000000009 3.5000000000000004 41.500000000000007
decision_type=9 9 2 9 2 2 2 2 2 2 2 2 2 2 9 2 2 2 2 2 2 2 2 10 2 2 2 2 2 2
left_child=29 2 5 4 21 6 7 8 -2 -7 11 16 13 -12 15 -5 17 -11 -19 20 -10 22 -3 -23 25 26 -25 28 -28 -1
right_child=1 3 -4 14 -6 9 -8 -9 19 10 12 -13 -14 -15 -16 -17 -18 18 -20 -21 -22 23 -24 24 -26 -27 27 -29 -30 -31
leaf_value=-0.018042612227329998 -0.09003900229093463 0.078347761329450594 -0.074051611649647492 0.0083660896402929855 0.098848027143068909 -0.0076443128361485457 0.0013129358536561682 0.17698498864856213 0.021939806781552516 -0.0068904693475420071 0.048832208042254036 -0.090283727367632058 0.00033433260333630053 0.12918343541318653 -8.7747683596418809e-05 0.08141774788319657 0.075341886864995586 0.043795809965749777 -0.036514170395750098 0.0047469604255309808 0.24652805190346883 -0.027777182467405293 -0.068242479138012055 0.12834267031761354 -0.024560385296900071 0.13396850078471476 0.060815750359987764 0.085978855599523465 -0.080243732438254139 -0.060414061181662843
leaf_weight=310.6660629537655 4.5407103262841728 11.855457005847713 8.8753185516688955 576.56499057018664 5.1319334637373677 103.34791411191691 36.199436634778976 15.245772444643078 3.8880976089276356 70.230133187957108 27.101956676691771 8.8730009810533357 14.716424498707054 12.702097984030841 11807.136026051798 12.394034087541511 15.46667156438343 69.161652166862041 11.088053145445881 7.9871790781617165 3.1109422809677199 194.31737709115259 5.0598786097252733 4.6061482416698771 29.040696171112359 4.4089212037506504 3.5381952251773354 3.9864222008036441 9.2044112939038296 27.927573616732843
leaf_count=10711 123 182 367 16562 98 1637 370 141 157 1034 209 317 92 108 177807 311 241 1455 237 82 100 4137 166 43 299 133 105 104 317 927
internal_value=5.49983e-05 0.000613489 0.0171667 6.12835e-05 -0.0142944 0.0195976 0.0454701 0.0914391 0.0246487 0.0140782 0.0238671 0.0143256 0.0544615 0.0744735 0.000386565 0.00973804 0.019919 0.0142225 0.0326994 0.0593981 0.121765 -0.0170144 0.0344983 -0.0205124 0.00525512 0.0388886 0.0192403 -0.0107998 -0.0410762 -0.0209196
internal_weight=13418.4 13079.8 412.535 12667.2 271.149 403.66 70.9721 34.7727 19.5269 332.688 229.34 174.82 54.5205 39.8041 12396.1 588.959 165.947 150.48 80.2497 14.9862 6.99904 266.018 16.9153 249.102 54.7848 25.7441 21.3352 16.729 12.7426 338.594
internal_count=218572 206934 6670 200264 5584 6303 973 603 462 5330 3693 3284 409 317 194680 16873 2967 2726 1692 339 257 5486 348 5138 1001 702 569 526 422 11638
cat_boundaries=0 23 47 71 95
cat_threshold=2097152 134218816 8389632 0 1024 0 268435456 0 0 1327200 132 0 1052673 33619968 0 8388608 134348800 402669576 536870912 0 0 1073750016 2181038080 352321536 268435456 0 1 268435456 537165824 0 0 67108864 4097 134348800 0 538968080 1048592 0 2048 4096 13312 64 196608 66 0 16785408 262144 0 1073741824 1048576 8 8 2164260864 513 8389120 262144 0 34816 201326848 0 8388608 0 512 262144 2048 16648 524288 33554464 128 2113536 66304 134217728 0 2147483649 4096 0 8388608 1097728 0 557056 2197922560 262144 0 0 16384 0 0 64 33554432 1 0 67145728 1085952 256 4096
is_linear=0
shrinkage=0.1


Tree=147
num_leaves=31
num_cat=8
split_feature=3 3 11 11 3 6 19 19 17 13 20 20 3 7 20 20 20 6 11 6 19 6 7 3 21 3 3 3 19 21
split_gain=22.1451 12.8209 10.9379 8.04018 7.62963 6.9544 6.19683 7.93496 7.0381 7.01917 5.85586 11.5227 5.60367 8.86515 5.71052 8.23332 10.3904 9.3031 10.515 7.75763 5.50862 5.29334 5.24774 4.80945 5.80766 15.8082 10.4185 8.86329 8.82872 9.28517
threshold=0 1 -1.0000000180025095e-35 9.5000000000000018 2 1.5000000000000002 0.042680833488702781 0.053746230900287635 41.500000000000007 0.055750358849763877 0.014809350948780777 0.017089337110519413 3 1.5000000000000002 0.051129089668393142 0.038399310782551772 0.042491668835282333 9.5000000000000018 1.5000000000000002 10.500000000000002 0.11382546648383142 1.5000000000000002 2.5000000000000004 4 4003.5000000000005 5 6 7 0.19161307811737063 4207.5000000000009
decision_type=9 9 2 2 9 2 2 2 2 2 2 2 9 2 2 2 2 2 2 2 2 2 2 9 2 9 9 9 2 2
left_child=-1 2 5 6 -3 -2 8 -8 9 10 -4 -12 13 14 15 17 -17 -6 19 -19 21 -9 -23 -14 25 -25 28 -27 29 -26
right_child=1 4 3 -5 12 -7 7 20 -10 -11 11 -13 23 -15 -16 16 -18 18 -20 -21 -22 22 -24 24 26 27 -28 -29 -30 -31
leaf_value=-0.024145583824574612 -0.11459243667428631 -0.016517029787851956 -0.022349924961077173 0.0035325303594317702 0.0051031799919475009 -0.0053555010973759514 -0.027000098623500952 -0.017849450141868558 -0.043622512655581001 -0.04851304666782208 0.28045724285995399 0.090191690262334756 -0.008168399927076719 0.00099765476609619554 0.015224297789140176 0.21118451864002724 0.047395162355219463 0.16726200542265202 0.26619662813623685 -0.049666998012154663 0.016791130570757561 0.038131336123987149 0.087782151541792086 0.014426691700103489 0.042600421365442176 -0.023540240984764354 -0.001587940602295254 0.0014522021792655155 -0.0039737638972475713 0.007383879839020036
leaf_weight=348.40076191700064 6.2449261210858813 249.57291917479597 3.6172227333299807 111.9571594306035 27.199021119158715 87.298087809234858 22.844818861223757 9.7873454461805505 4.830790026811882 3.6009475179016581 3.5956933284178403 27.730781394522637 601.52528220211389 175.11192011268577 56.572570784017444 7.1028610426001242 8.517819415079428 2.9630240234546346 3.2361844946281053 3.7159237939631566 83.684561353176832 48.920697790104896 37.685765516012907 1061.4134597801603 143.6853852167842 140.03716600546613 7255.1250604319503 2606.0046267285361 175.75497121736407 156.31882773945108
leaf_count=9575 111 7302 119 2447 2233 1560 455 110 176 125 92 818 6714 6490 663 183 260 195 273 273 577 513 384 14307 2950 3198 116848 34412 1073 4404
internal_value=0.00038012 0.00104871 0.0174162 0.0257524 0.000451973 -0.0126482 0.0358526 0.0285191 0.0701608 0.0844212 0.0981201 0.112031 0.000805847 0.0144386 0.0372921 0.0609658 0.121872 0.0353317 0.118254 0.0465706 0.0355623 0.0518586 0.0597363 0.000474831 0.000932109 0.00412979 -0.000641543 9.68986e-05 0.0135394 0.0242507
internal_weight=13474.1 13125.7 451.799 358.256 12673.9 93.543 246.299 202.923 43.3754 38.5446 34.9437 31.3265 12424.3 284.419 109.307 52.7348 15.6207 37.1142 9.91513 6.67895 180.078 96.3938 86.6065 12139.9 11538.3 3807.46 7730.88 2746.04 475.759 300.004
internal_count=218840 209265 7487 5816 201778 1671 3369 2039 1330 1154 1029 910 194476 10570 4080 3417 443 2974 741 468 1584 1007 897 183906 177192 51917 125275 37610 8427 7354
cat_boundaries=0 24 48 72 95 119 142 166 189
cat_threshold=620756992 0 134217728 0 0 3072 2048 8320 0 1028 20480 0 536870912 2113792 0 0 135168 1073741824 20489 0 2359296 268435456 2099204 64 131072 402653440 2048 0 0 32768 2097152 0 0 268435456 0 67108864 173031440 0 0 512 2147483792 33554688 0 134217729 4259840 2 172096 8 2048 524288 0 3 8 33554434 268439562 0 0 41943040 262272 65536 65536 5242880 0 536870912 8 2048 553713664 0 0 2048 335544832 1280 1073741824 16777217 0 1024 0 0 536871361 4096 2214592512 22020096 67584 0 3 33554432 0 1116160 65 0 4202496 0 0 2097152 151519232 557056 2097152 33558529 3145728 0 262144 205520912 8388608 40960 2 131072 2048 8388608 2 0 0 134479872 4096 295168 0 1057 0 262144 512 167772160 4194310 2151694336 4 268435456 16384 16384 256 0 41025 135266304 1082130432 135172 4 0 0 0 524288 0 0 0 2189430784 128 8388608 75497472 131072 2048 0 0 17432576 134348800 134414336 536936712 0 8 384 8192 0 0 0 0 0 0 0 0 2717975553 264194 8388608 100663296 0 2048 0 0 524288 2097152 0 0 0 33554432 448 8192 0 0 0 0 2 0 0 49152 2147550208
is_linear=0
shrinkage=0.1


Tree=148
num_leaves=31
num_cat=6
split_feature=3 3 16 3 17 3 6 11 3 18 18 19 14 11 17 6 17 20 10 21 3 11 21 19 6 19 8 14 20 20
split_gain=19.9496 15.9298 8.31786 11.0091 8.31418 7.77165 7.75456 8.34715 6.99427 11.4681 16.1207 9.37537 7.31236 6.55118 10.021 7.6199 15.0397 6.71249 6.72739 6.58973 6.89258 7.69305 6.58015 5.88082 9.30589 5.38477 6.6346 8.9448 4.66239 7.49432
threshold=0 1 10.500000000000002 2 2.5000000000000004 3 10.500000000000002 -1.0000000180025095e-35 4 0.0012610420817509296 0.047847986221313484 0.10177731141448022 13.500000000000002 11.500000000000002 2.5000000000000004 2.5000000000000004 41.500000000000007 0.11554880812764169 0.05058467015624047 4272.5000000000009 5 1.5000000000000002 4286.5000000000009 0.11382546648383142 8.5000000000000018 0.08464811742305757 3.5000000000000004 1.0000000180025095e-35 0.20767211914062503 0.029119851067662243
decision_type=9 9 2 9 2 9 2 2 9 2 2 2 2 2 2 2 2 2 2 2 9 2 2 2 2 2 2 2 2 2
left_child=23 2 13 -4 28 6 7 -3 9 12 -11 -12 -7 15 17 16 19 18 -15 20 -2 -22 -21 25 -25 26 27 -1 29 -5
right_child=1 5 3 4 -6 8 -8 -9 -10 10 11 -13 -14 14 -16 -17 -18 -19 -20 22 21 -23 -24 24 -26 -27 -28 -29 -30 -31
leaf_value=-0.014012456769756732 -0.007712919822493728 -0.043785846453853881 -0.041441619808408381 -0.061726574857582574 0.1772815933636146 0.011464121569010834 -0.051836520569979005 -0.0021627310546453184 -0.00055538949858736995 0.24533726780988496 -0.05677169048173708 0.13770444916924734 -0.078943019952288626 -0.025533719505005343 0.12799907636498783 0.012010028758440256 -0.066026516127715887 -0.073935829282867446 0.13224272324483519 0.19617190603469264 0.10903395825407765 0.003710573122056437 0.059427559381111807 -0.032231248316749173 0.035872147608882431 -0.080217360586429101 -0.039465851567092626 0.17824131891067252 -0.095459085895785292 0.085182795095603211
leaf_weight=8.9798942439956573 23.020994085818529 58.124244741222356 45.171783930622041 4.9898911991622397 4.0413612434640518 404.36556281434605 49.002016730955802 281.62101156380959 11720.353581689269 4.9858348779380313 5.8419047860079427 4.3060667961835861 9.1488930329214764 5.0396679126424768 13.712786611868067 469.52136977063492 10.721398008521644 5.8297076448798171 5.8273339755833149 6.4878787063062173 27.219788393937051 9.3060166356153768 7.6899663722142577 57.612290910445154 30.785534627735615 28.348544000647962 115.85749457479687 3.3128178020706391 2.9800843372941008 11.418427466414867
leaf_count=296 514 1520 717 622 80 11957 1784 9251 174303 179 350 31 1499 248 241 8708 186 49 37 137 325 97 181 351 187 387 3929 99 15 342
internal_value=-0.000279899 0.000255574 0.0153623 -0.0173433 0.0328039 -0.000542816 -0.0142802 -0.00928369 -9.18611e-05 0.0123059 0.098093 0.0257499 0.00946389 0.0194646 0.0646555 0.0169839 0.0446387 0.0126322 0.0590725 0.0607322 0.0461439 0.0645322 0.122003 -0.0279893 -0.00851348 -0.0407787 -0.0320543 0.0377989 0.019608 0.0405066
internal_weight=13435.6 13190.7 652.978 68.6015 23.4298 12537.7 388.747 339.745 12149 428.648 15.1338 10.148 413.514 584.377 30.4095 553.967 84.446 16.6967 10.867 73.7246 59.5468 36.5258 14.1778 244.897 88.3978 156.499 128.15 12.2927 19.3884 16.4083
internal_count=218622 213373 12499 1776 1059 200874 12555 10771 188319 14016 560 381 13456 10723 575 10148 1440 334 285 1254 936 422 318 5249 538 4711 4324 395 979 964
cat_boundaries=0 24 47 65 88 112 135
cat_threshold=0 0 0 1024 0 134285312 192 4194304 0 2147484736 16384 0 293601280 66560 0 0 131072 33555712 16781440 512 1024 1048608 0 67592 2222981120 256 1 2048 268435456 16777216 272629760 0 33554432 32770 262144 0 36864 1056768 0 67584 134225928 2214592512 0 0 262146 0 136380544 2155872256 0 1 2048 268435456 0 0 0 33554432 2 0 0 36864 1056768 0 0 8192 2214592512 167772160 2097152 512 0 0 2189426688 65537 0 0 9437188 1 16777216 67108880 67108864 0 0 4096 16777216 8192 134348800 134316160 536879104 16924674 32896 150994944 134217728 0 0 1028 16810240 4224 524288 16384 0 268435456 0 35651584 0 0 2147483649 540672 33816576 32768 0 2050 791040 576 2155872256 0 0 0 0 0 268435456 0 33554432 0 262144 0 0 0 0 67584 134217728 0 0 0 262144 0 128
is_linear=0
shrinkage=0.1


Tree=149
num_leaves=31
num_cat=5
split_feature=3 3 3 3 18 14 21 18 18 8 9 6 8 12 21 19 21 20 9 14 6 8 18 9 8 13 6 19 20 5
split_gain=19.6798 11.7953 7.5669 5.63528 5.49497 5.23286 5.81283 5.57699 8.87305 5.41736 5.25195 5.22561 5.91161 6.45237 4.91087 5.94231 5.50073 5.42375 7.02243 5.59987 5.25163 6.77563 5.05413 4.98625 4.76626 5.95152 7.36523 4.31052 4.46338 4.22338
threshold=0 1 2 3 -1.0000000180025095e-35 1.5000000000000002 1301.5000000000002 0.059411764144897468 0.0046296543441712865 28.500000000000004 53.049999237060554 9.5000000000000018 11.500000000000002 3.5000000000000004 4286.5000000000009 0.10673831030726434 4359.5000000000009 0.032037850469350822 45.750000000000007 4.5000000000000009 6.5000000000000009 19.500000000000004 -1.0000000180025095e-35 34.049999237060554 22.500000000000004 -1.0000000180025095e-35 5.5000000000000009 0.081711579114198699 0.089837282896041884 4
decision_type=9 9 9 9 2 2 2 2 2 2 10 2 2 2 2 2 2 2 8 2 2 2 2 10 2 2 2 2 2 9
left_child=11 14 4 29 -3 7 -7 8 9 10 -6 12 -1 24 17 16 -16 18 -2 -19 21 -18 27 -21 25 -14 -27 28 -22 -4
right_child=1 2 3 -5 5 6 -8 -9 -10 -11 -12 -13 13 -15 15 -17 20 19 -20 23 22 -23 -24 -25 -26 26 -28 -29 -30 -31
leaf_value=-0.047156562282268867 -0.057957405123365495 -0.016002448322773689 0.01311544339203554 0.00047855386579057448 0.020308165291026924 0.028413546799022166 -0.073857419633449925 -0.046689696656212698 0.15792862245688352 -0.075964544414715313 0.14069248873552784 -0.052620719347267732 -0.00016592944451690561 -0.088307484755910201 -0.037110466747907203 -0.055062900443040311 0.010097111114768867 0.021737445664814219 0.086257665155531321 -0.051596055507779084 0.012869460011008027 0.13453455957756852 -0.053019573112291579 0.056938609906918507 -0.023377081855282509 0.13146683733812178 -0.0063928339521588775 -0.069615028421642286 0.091080444764764845 -0.037875489953892866
leaf_weight=53.102052714093588 3.9614463151083328 451.2324475045607 465.55474812973989 11669.571309685969 69.817170389986131 9.0745979620260204 14.339382194913922 11.531400940264573 4.9090697166975579 5.5420740590197957 3.8223408004268995 65.867889348883182 43.973189087235369 9.0036868565948662 21.155731999664567 17.85490976087749 9.3316309261135775 334.77324853616301 22.866527006030086 19.199788489844654 30.11041011539055 8.2390947306994331 11.590987137285991 5.4300294592976561 48.864216998801567 8.9015169523190689 6.8633977426215997 4.6828492432832709 9.6305140219628793 7.9106786940246812
leaf_count=1692 159 16303 7028 176545 2031 207 1339 359 116 173 84 1711 1269 241 495 168 226 3751 726 472 885 192 271 119 1356 230 223 51 91 132
internal_value=0.000461463 0.000982785 0.000384924 0.000917305 -0.0107718 0.00815122 -0.0342201 0.0185262 0.0274693 0.0193812 0.0265568 -0.0275308 -0.0194626 -0.0069581 0.0159131 -0.00214454 0.00782845 0.0215894 0.0649627 0.0183517 0.0207483 0.0684471 0.00578616 -0.0276679 -0.000213822 0.0187331 0.0714484 0.0211297 0.0318225 0.0114977
internal_weight=13448.7 13212.1 12713.3 12143 570.268 119.036 23.414 95.6221 84.0907 79.1816 73.6395 236.576 170.708 117.606 498.827 112.596 94.7412 386.231 26.828 359.403 73.5855 17.5707 56.0148 24.6298 108.602 59.7381 15.7649 44.4238 39.7409 473.465
internal_count=218645 211923 204317 183705 20612 4309 1546 2763 2404 2288 2115 6722 5011 3319 7606 2379 2211 5227 885 4342 1716 418 1298 591 3078 1722 453 1027 976 7160
cat_boundaries=0 23 46 70 94 95
cat_threshold=32768 64 1024 4 1024 2172649472 134217728 8388608 67207168 49152 1073741824 2052 0 8192 0 0 128 268697600 135266304 0 33792 33556480 75563024 0 536870912 8388608 4096 0 393217 128 4096 262144 1025 262144 0 327808 1049600 0 1048576 139296 134218752 16777216 512 2099232 160 285212672 134217728 0 1048576 1024 0 4 4098 524416 34078720 51380224 0 16777216 0 33554433 268435456 0 2097152 67649536 4096 524288 34603008 545259520 1049088 128 2112 402653184 0 129 0 4096 288 8192 0 4096 2176 134217768 40960 65536 0 0 33554432 6144 200 0 4194436 0 8193 4160 8
is_linear=0
shrinkage=0.1


Tree=150
num_leaves=31
num_cat=5
split_feature=3 3 13 3 13 20 9 21 3 3 11 11 19 19 21 9 11 20 16 21 11 11 8 8 19 21 16 20 9 21
split_gain=13.2383 12.3111 6.35873 6.81369 7.12117 6.71335 11.218 8.10662 6.13498 6.04254 9.20436 10.2099 5.62858 6.18526 5.44989 5.34701 4.89055 12.3534 11.9488 18.6012 11.2136 5.14352 5.67751 4.82837 5.22646 4.72628 4.65123 8.17503 4.74781 4.45848
threshold=0 1 -1.0000000180025095e-35 2 0.10898413136601449 0.029119851067662243 34.049999237060554 4113.5000000000009 3 4 9.5000000000000018 33.500000000000007 0.037208344787359245 0.049312617629766471 4286.5000000000009 39.95000076293946 3.5000000000000004 0.066522132605314269 6.5000000000000009 4073.5000000000005 49.500000000000007 2.5000000000000004 16.500000000000004 3.5000000000000004 0.12784527987241748 1597.5000000000002 2.5000000000000004 0.080515664070844664 50.750000000000007 4550.5000000000009
decision_type=9 9 2 9 2 2 10 2 9 9 2 2 2 2 2 10 2 2 2 2 2 2 2 2 2 2 2 2 8 2
left_child=-1 2 9 -4 5 6 7 -5 16 10 15 -12 -7 -14 -6 23 21 18 -18 20 -20 29 -23 -2 -25 -19 27 -15 -28 -3
right_child=1 8 3 4 14 12 -8 -9 -10 -11 11 -13 13 26 -16 -17 17 25 19 -21 -22 22 -24 24 -26 -27 28 -29 -30 -31
leaf_value=-0.02171027696118541 -0.078819451157608161 0.012739915807880073 -0.011207513262770061 -0.032110656640670775 0.024296875006164211 -0.028290811261473675 0.28693839663864973 0.16710107411983713 -0.00045140413740101616 -0.00069040019283784506 0.18180526272458764 0.032173859082204846 0.13634361459841801 0.017088763905784468 -0.080560457635123442 0.10328730147360972 -0.023833100993972289 0.021128505952296133 0.060006477296173061 0.018767187787676914 0.2873477815158097 0.14163320718089142 0.01116173619469475 0.0043599467671828485 0.08541954524229145 -0.037627224314561752 0.058234105865920843 0.10926549166258447 -0.017523321142550567 0.069564783464859711
leaf_weight=261.74348055978771 5.8817524043843141 302.97834470751695 31.359681849484332 4.1265775761567038 19.97750043170527 8.8811647188849729 3.2176231862977138 4.045130574144423 12254.894979990087 238.87423233455047 7.7425742719788131 11.094399380730463 8.4866315405815822 16.946776011027396 6.5923036322928956 6.4142986936494699 17.715636416804045 16.945883624255657 3.5810141949914414 16.089101181831211 5.5049865320324898 6.9118775005917978 6.4453629164490849 56.652632009703666 9.2534599024802429 71.265552459284663 15.78966824011877 22.25951461866498 17.376780221238732 14.466594900703056
leaf_count=7107 134 4636 666 164 301 263 86 154 194622 4240 137 201 210 295 172 112 483 104 195 785 176 108 102 1224 70 1348 140 159 193 237
internal_value=0.000138295 0.000587134 0.0159003 0.0326929 0.0411304 0.0564555 0.128778 0.0665024 -2.09222e-05 0.00842216 0.0280359 0.093677 0.0472767 0.0555766 -0.00171955 0.0158096 0.0111678 -0.00493528 0.0390867 0.0833632 0.197747 0.0178874 0.0786759 0.00799345 0.015741 -0.0263399 0.0461057 0.0694224 0.0185428 0.0153295
internal_weight=13473.5 13211.8 494.973 159.059 127.7 101.13 11.3893 8.17171 12716.8 335.913 97.0391 18.837 89.7405 80.8594 26.5698 78.2021 461.904 131.102 42.8907 25.1751 9.086 330.802 13.3572 71.7878 65.9061 88.2114 72.3727 39.2063 33.1664 317.445
internal_count=218824 211717 8921 2803 2137 1664 404 318 202796 6118 1878 338 1260 997 473 1540 8174 3091 1639 1156 371 5083 210 1428 1294 1452 787 454 333 4873
cat_boundaries=0 24 48 70 94 116
cat_threshold=64 0 64 4 0 262144 4096 8192 131072 4210724 32768 65536 538968064 65536 0 65536 131105 301989888 65536 0 1310784 8192 16512 65546 2147516416 0 0 2097152 0 2147483648 1048578 0 0 301990912 1073872896 2048 640 16 0 1073743872 134226000 524800 256 64 2084 2097152 1024 262144 0 0 0 0 0 0 0 0 0 33554432 1073741824 0 0 16 0 1073743872 0 0 0 64 4 2097152 0 52428800 0 0 0 1073741824 201328900 4194432 470024192 32832 134217728 67108864 8192 8192 0 0 33554442 0 134234240 0 0 34 524544 256 0 0 0 0 0 2147483648 2 0 0 33554432 1073872896 0 0 16 0 1073743872 8256 512 256 64 4 2097152
is_linear=0
shrinkage=0.1


Tree=151
num_leaves=31
num_cat=8
split_feature=3 3 9 3 12 11 11 3 11 3 6 3 13 19 19 3 3 19 11 8 8 6 8 17 17 11 12 21 9 21
split_gain=17.8676 14.4656 11.3561 8.24869 7.8774 6.76985 6.22702 11.0585 7.4087 6.14512 5.67496 7.19286 9.20653 5.86617 6.32248 5.85789 5.62067 6.77672 6.18014 5.60232 5.34782 5.47599 5.294 5.05082 5.73357 7.29855 5.47549 5.00259 4.97077 5.09126
threshold=0 1 28.550000190734867 2 18.500000000000004 2.5000000000000004 -1.0000000180025095e-35 3 15.500000000000002 4 9.5000000000000018 5 -1.0000000180025095e-35 0.053746230900287635 0.035394687205553062 6 7 0.060463631525635726 140.50000000000003 29.500000000000004 14.500000000000002 9.5000000000000018 18.500000000000004 11.500000000000002 3.5000000000000004 33.500000000000007 2.5000000000000004 4301.5000000000009 29.650000572204593 4222.5000000000009
decision_type=9 9 8 9 2 2 2 9 2 9 2 9 2 2 2 9 9 2 2 2 2 2 2 2 2 2 2 2 10 2
left_child=5 2 -2 4 6 19 7 -3 10 -5 11 -8 -13 14 -14 -12 17 18 -10 -1 21 -9 -22 24 26 -26 -18 -16 -17 -30
right_child=1 3 -4 9 -6 -7 8 20 16 -11 15 12 13 -15 27 28 23 -19 -20 -21 22 -23 -24 -25 25 -27 -28 -29 29 -31
leaf_value=-0.040000021236962509 0.098506140750284202 -0.019939358376028539 0.01720903638105644 -0.015725699240846627 -0.040737980959053628 -0.0033447979737816348 -0.00085307687222748786 0.10363247505054636 -0.057083938079398433 -0.00020663524248675348 -0.01227378091007009 0.041516494371799398 -0.033037859593296026 -0.00015615694629207076 0.12954140941722359 0.015018781173561289 -0.021228090117315104 0.18243993480113321 0.14600001953024264 0.033624852737705178 -0.060699813088007461 -0.004544792669366444 0.031097925701876042 -0.065643648766883222 0.18226783285636305 0.010644458340032253 0.079172608290830546 0.0091289581307768472 0.15475791113190615 0.018128675830045553
leaf_weight=180.16784297022969 18.176720068091527 140.14547302108258 314.05377052765107 250.93326595827239 30.9017459776951 97.041691235615872 102.38507937546819 15.948123468086125 4.0032351076370087 11558.192674549442 97.125215908046812 261.66101014171727 5.7012487398460534 110.52114064991474 10.500402151141314 31.753901433898136 88.063203707104549 4.1979927576612681 2.3949189367704093 10.964157126843928 8.227855993434785 6.6225504679605356 26.568546330556273 16.725194438360631 3.3894112571142605 9.2139316743705404 5.7889457873534402 5.1387840257957569 6.0330811226740462 4.9774537556804717
leaf_count=5408 273 2242 5988 7146 705 3020 2842 473 333 175413 1702 3997 288 1546 222 788 2953 73 178 279 214 164 669 561 94 279 196 98 121 125
internal_value=0.00018501 0.000733638 0.0210241 0.000191289 0.00887464 -0.0240217 0.0105517 -0.00528757 0.0146169 -0.000549428 0.0191175 0.0241354 0.0298987 0.00911208 0.0571118 0.00132944 -0.00677332 0.0430672 0.0189332 -0.0357766 0.0289376 0.0718918 0.0093917 -0.0134639 -0.00653071 0.0567991 -0.0150352 0.0899758 0.0284435 0.0929929
internal_weight=13427.5 13139.3 332.23 12807.1 997.988 288.174 967.087 197.513 769.574 11809.1 635.797 495.908 393.523 131.862 21.3404 139.89 133.777 10.5961 6.39815 191.132 57.3671 22.5707 34.7964 123.181 106.455 12.6033 93.8521 15.6392 42.7644 11.0105
internal_count=218390 209683 6261 203422 20863 8707 20158 3762 16396 182559 11729 8993 6151 2154 608 2736 4667 584 511 5687 1520 637 883 4083 3522 373 3149 320 1034 246
cat_boundaries=0 24 48 72 96 119 142 165 188
cat_threshold=65600 65 0 128 0 33623040 67108928 0 0 2151941120 294912 0 4194304 4195328 0 2048 0 134218752 8450 0 2097156 32768 32832 32768 18907136 256 0 4098 0 142622720 0 12544 0 33554432 0 67108864 8388608 1048576 0 0 2147487746 256 4456448 164352 4097 1082132480 1024 65536 0 1024 0 1 0 268468224 1 8388608 17301504 16448 18432 150994952 135186 0 0 0 0 268435456 16385 0 262144 2148548610 2223046656 262144 0 0 0 0 0 0 0 8388608 524288 16384 2048 16777216 131088 0 0 0 0 0 0 0 262144 0 2214592512 262144 75497472 402653184 0 8 0 262145 65546 0 67108864 1049091 0 2048 136314880 67584 268435456 516 268566528 6144 8 0 0 285212672 514 0 1024 0 1 0 268435456 0 0 16777216 64 16384 8 0 0 0 0 0 0 1 0 262144 2147500034 65536 0 0 0 0 0 0 1 0 0 0 16384 134217736 135186 0 0 0 0 268435456 0 0 0 0 8454144 0 0 0 0 0 268435456 0 0 0 64 2048 0 0 0 0 0 0 0 16385 0 262144 16384 65536
is_linear=0
shrinkage=0.1


Tree=152
num_leaves=31
num_cat=9
split_feature=3 3 11 11 3 3 16 11 13 11 21 10 3 9 3 11 11 3 9 19 21 3 16 6 20 3 19 19 21 19
split_gain=19.153 12.4036 6.91377 5.9602 5.87344 5.81929 5.60349 9.20582 7.44962 6.35352 6.3225 6.03919 5.09618 5.08424 4.62392 6.29126 7.7466 6.38722 6.10488 5.85516 5.96282 5.70555 6.97891 6.34097 5.44416 5.29062 5.31356 8.53451 5.89189 6.00003
threshold=0 1 -1.0000000180025095e-35 189.50000000000003 2 3 93.500000000000014 310.50000000000006 -1.0000000180025095e-35 46.500000000000007 4404.5000000000009 0.23047556728124621 4 72.350002288818374 5 -1.0000000180025095e-35 1.0000000180025095e-35 6 48.549999237060554 0.060463631525635726 4373.5000000000009 7 1.5000000000000002 10.500000000000002 0.016197931952774528 8 0.025460114702582363 0.11382546648383142 4100.5000000000009 0.18018610030412677
decision_type=9 9 2 2 9 9 2 2 2 2 2 2 9 10 9 2 2 9 10 2 2 9 2 2 2 9 2 2 2 2
left_child=2 6 -1 4 -4 -3 7 9 -9 -2 11 -11 13 -7 15 17 18 19 25 20 24 22 -18 -24 -14 -17 -27 -28 29 -29
right_child=1 5 3 -5 -6 12 -8 8 -10 10 -12 -13 14 -15 -16 16 21 -19 -20 -21 -22 -23 23 -25 -26 26 27 28 -30 -31
leaf_value=-0.033128789892006801 0.01967332039504361 0.012457094038795705 -0.036583467625781629 -0.067809416113765481 -0.0052112555730241938 -0.0080936457002537873 -0.068480280422069537 0.04384580110824246 0.27726228659671859 -0.064377011528785485 0.08225138846149696 0.070542883104435836 0.013004197599519679 -0.11383877056467882 0.0012583244263479306 -0.031404607292391674 0.038223477090310189 -0.012725367397524218 0.028696680747589739 0.015850593006815766 -0.013817734733850742 -0.011751176303645142 0.0061448539807440984 -0.045086905566506644 0.1462810918786856 -0.064590090342940137 0.039231052817517639 -0.084241229333767223 0.0028621679690317499 -0.018379989273065559
leaf_weight=162.89859889820218 449.69142624051892 379.92385606723838 57.996284829336219 17.471578575728927 596.77426703786477 611.73421130975476 7.590939702524337 3.1209592295926996 2.4334317714092313 23.17964231787483 4.5575467549497253 3.8717704415321341 4.3275406782049712 4.5808425378054372 9891.7343963251915 219.62279706634581 62.263249269220978 70.477949379826896 26.411392910522409 108.26569752767682 5.5869780061766496 253.87022693594918 246.75025385420304 26.780999367241748 10.504966598935424 15.726737591903655 36.880400965223089 18.62694763019681 91.393615495413542 53.737524628639221
leaf_count=2473 10333 9196 1618 606 8978 14139 429 145 86 872 152 17 286 63 151799 3213 874 838 316 987 231 5596 2280 309 302 782 935 135 526 282
internal_value=0.000102891 0.00107697 -0.0144721 -0.0101665 -0.00862836 0.000438087 0.0164426 0.0181044 0.146108 0.0166272 -0.0267091 -0.0450664 3.95167e-05 -0.00873783 0.00053239 -0.00517105 -0.00829759 0.011085 -0.0179877 0.0233034 0.0742308 -0.000698865 0.0077754 0.00112884 0.107396 -0.0208157 -0.00823538 -0.00422856 -0.0140162 -0.035333
internal_weight=13468.8 12633.6 835.141 672.242 654.771 12139.2 494.446 486.855 5.55439 481.3 31.609 27.0514 11759.3 616.315 11143 1251.23 1052.06 199.163 462.399 128.685 20.4195 589.665 335.795 273.531 14.8325 435.988 216.365 200.638 163.758 72.3645
internal_count=218798 205123 13675 11202 10596 193089 12034 11605 231 11374 1041 889 183893 14202 169691 17892 15248 2644 6189 1806 819 9059 3463 2589 588 5873 2660 1878 943 417
cat_boundaries=0 23 45 67 91 115 139 162 186 209
cat_threshold=2097280 268435456 65602 0 0 537133056 403308800 0 16777216 8256 16384 2147483648 32802 0 0 0 18 134218752 17842176 0 0 1075843072 2 8519680 33554432 0 5120 268435456 131072 65536 0 268435456 32768 0 67108872 4097 40960016 0 2048 200 24576 65536 32768 327681 33554432 2097152 0 64 0 0 536870912 0 0 0 0 16384 0 2 0 0 0 16 1024 16384 0 0 1073741824 64 2097152 536870912 128 0 33622016 71303232 4202496 0 22016 128 16777216 1048576 0 0 0 134217728 0 192 134283264 4229120 1050752 0 4096 0 20971520 0 0 8192 16777217 2097152 4096 32768 33556864 0 0 1536 33 1073741824 16777216 0 1074008064 4227074 0 0 2147483650 2298773504 262144 33554432 1 0 4 0 0 2147483649 136445952 8192 134217728 262144 536870916 402661504 8200 0 2147483648 2147749889 0 0 0 2 8421376 65536 2048 33554432 0 0 0 0 0 0 2228224 0 0 262144 536870912 8192 8 0 0 4097 0 0 0 0 32768 65536 33554432 1 0 4 0 0 1 0 8192 0 0 0 134217856 8 0 2147483648 1 0 0 0 0 0 0 2048 33554432 0 0 4 0 0 0 0 8192 0 262144 0 8192 8 0 0 1 0 0 0 0 0 65536
is_linear=0
shrinkage=0.1


Tree=153
num_leaves=31
num_cat=2
split_feature=7 17 8 14 14 7 8 1 8 6 19 6 6 10 19 13 16 2 17 6 9 17 19 19 17 14 9 13 14 16
split_gain=3.2659 8.88116 8.45712 5.20573 5.6101 5.9522 5.30737 10.4522 10.1639 11.9475 14.2601 9.18079 9.06008 10.6837 8.30206 6.83579 6.35996 11.5636 9.44451 7.74518 7.61748 9.19943 6.90904 6.54146 7.4213 7.22632 5.96675 5.66659 5.46047 5.41353
threshold=1.5000000000000002 133.50000000000003 9.5000000000000018 223.50000000000003 154.50000000000003 2.5000000000000004 10.500000000000002 0 8.5000000000000018 2.5000000000000004 0.058146135881543166 11.500000000000002 8.5000000000000018 0.082953099161386504 0.039049755781888969 0.10003270208835603 3.5000000000000004 1 1.0000000180025095e-35 6.5000000000000009 25.650000572204593 1.5000000000000002 0.10177731141448022 0.24403697252273562 35.500000000000007 1.0000000180025095e-35 32.149999618530281 0.066734146326780333 1.0000000180025095e-35 29.500000000000004
decision_type=2 2 2 2 2 2 2 9 2 2 2 2 2 2 2 2 2 9 2 2 8 2 2 2 2 2 10 2 2 2
left_child=-1 3 -3 4 6 -6 7 -2 -9 27 15 12 26 -14 -8 -11 18 19 -16 22 21 -19 -18 -20 25 -25 -12 28 -10 -22
right_child=1 2 -4 -5 5 -7 14 8 9 10 11 -13 13 -15 16 -17 17 20 23 -21 29 -23 -24 24 -26 -27 -28 -29 -30 -31
leaf_value=-0.0022879015384587361 -0.02862766793145434 -0.038357323404538221 -0.0048422996195565627 -0.062036190031463337 0.10897229804262201 -0.018688132036516505 0.010450509660668484 0.0033347562995553713 -0.0082763081429763716 -0.018031855465306567 0.04929005457825511 0.12375004368947083 0.087209073487554495 -0.012892819032245399 -0.0017504476567361572 0.10707474789233246 -0.027163105103056584 -0.060935285823648072 -0.011809857675975151 0.07435202758285242 0.0098332851157431119 0.030423224836581095 0.049384171539113557 0.016011092600273839 -0.08608381714097392 -0.061255519570666266 0.0059278052225873613 0.074905330836322448 -0.072961321829437611 -0.0075748599113266927
leaf_weight=5105.5162369987229 78.372084388276562 103.9463813318871 273.11578826524783 12.825896973226916 9.8321205815882404 5.8107945392839602 646.49335015949327 2030.9640448086138 66.757414325489663 76.851040743116755 199.56040690257214 11.460533125326036 12.713154275785199 66.080474869348109 3387.9549128966173 4.6306099386420092 21.400070135947317 38.212779381196015 327.34589589131065 40.850715013220906 560.78433161904104 15.489978782832621 26.260420802980661 25.32030513137579 27.326754776760936 23.189793817698956 37.733441059594043 6.6666607528459272 16.221493350050878 262.14588904270204
leaf_count=85617 757 1840 4639 1766 185 350 31576 31482 963 2885 1829 97 227 548 36278 182 211 467 4732 305 6643 183 150 120 152 159 385 109 362 4031
internal_value=-0.000292526 0.000917912 -0.0140815 0.00162142 0.00172315 0.0615509 0.00160632 0.00531104 0.00645019 0.0192678 0.0265141 0.0358268 0.0326389 0.00325837 -0.000182013 -0.010922 -0.00162723 0.00562017 -0.00347227 0.0380961 0.00188509 -0.0345839 0.0150136 -0.0179407 -0.0444044 -0.0209255 0.0423948 -0.0137952 -0.0209215 0.00428789
internal_weight=13521.8 8416.32 377.062 8039.26 8026.43 15.6429 8010.79 2608.01 2529.64 498.675 409.03 327.548 316.087 78.7936 5402.78 81.4817 4756.28 965.144 3791.14 88.5112 876.633 53.7028 47.6605 403.183 75.8369 48.5101 237.294 89.6456 82.9789 822.93
internal_count=219230 133613 6479 127134 125368 535 124833 39826 39069 7587 6153 3086 2989 775 85007 3067 53431 11990 41441 666 11324 650 361 5163 431 279 2214 1434 1325 10674
cat_boundaries=0 1 12
cat_threshold=73400320 0 2147483904 0 4194304 0 2147483648 0 0 0 0 524288
is_linear=0
shrinkage=0.1


Tree=154
num_leaves=31
num_cat=5
split_feature=3 3 6 3 13 19 21 16 13 12 8 6 7 21 6 19 7 8 19 19 13 3 13 16 16 21 11 3 8 19
split_gain=19.2558 10.2824 9.43678 8.18724 8.2457 7.02203 8.90674 6.83975 12.0097 5.50794 5.48353 5.8182 12.3315 9.53935 5.55951 7.2662 7.1497 5.52938 5.47505 6.973 5.14979 5.11866 6.7148 5.85496 8.73231 7.33837 7.23596 5.70586 6.61138 5.14124
threshold=0 1 2.5000000000000004 2 0.20077519863843921 0.070795580744743361 4466.5000000000009 2.5000000000000004 0.27289500832557684 12.500000000000002 2.5000000000000004 8.5000000000000018 4.5000000000000009 4087.5000000000005 10.500000000000002 0.035394687205553062 2.5000000000000004 1.5000000000000002 0.058146135881543166 0.049312617629766471 0.084993783384561553 3 0.25079618394374853 6.5000000000000009 7.5000000000000009 891.50000000000011 -1.0000000180025095e-35 4 16.500000000000004 0.025460114702582363
decision_type=9 9 2 9 2 2 2 2 2 2 2 2 2 2 2 2 2 2 2 2 2 9 2 2 2 2 2 9 2 2
left_child=-1 2 -2 4 9 10 -7 8 -6 20 17 13 14 -12 15 -13 -17 -4 19 -16 -3 22 23 26 -25 -26 27 -5 -29 -28
right_child=1 3 5 21 7 6 -8 -9 -10 -11 11 12 -14 -15 18 16 -18 -19 -20 -21 -22 -23 -24 24 25 -27 29 28 -30 -31
leaf_value=-0.027088958625961748 -0.018447053624615684 -0.013860678770958635 0.039682020027418524 -0.022450523796525595 0.19404061955681631 0.016310620598486265 -0.061052228617380681 -0.010731706784836075 0.0038917021781755198 -0.071710648643291949 0.036993343435246732 0.012315097226627048 0.21372395350110068 -0.038106551972374808 -0.013768846713184424 0.062690627564975981 0.19732109270253001 0.18219706654158277 -0.040411169736855872 0.095883266515089938 0.042845951328823816 -0.00055830653086083593 0.08792963167019345 -0.13910671859469945 0.080378544624280499 -0.018833509321037587 0.087775030065680423 -0.0048449993840365812 0.1138586145376906 0.019050277910434638
leaf_weight=262.93918484065216 66.150127858039923 606.84841797308763 5.8206738798180577 71.986410668585449 6.2904104422777909 147.38120240205899 16.553202899172902 11.873533059726467 7.0378745362395421 16.041122498834739 58.334678585408255 10.346148099401036 4.5632527512498191 23.820296097896062 10.906235163449312 9.324774694163354 6.8366187636274836 5.114596189931035 11.251854761037974 12.38546096626669 16.448911877698265 11659.440037751599 10.896153257926924 5.3995368629693976 8.4375803507864457 64.04677190881921 11.356016015633939 11.093750116880985 8.1310752648860198 262.6260449544061
leaf_count=7340 1285 12082 144 977 93 1650 230 189 149 364 1223 447 99 1117 417 159 97 115 168 164 321 184107 154 73 71 1385 390 284 211 3248
internal_value=-0.000798958 -0.000253182 0.0155598 -0.000746109 -0.011469 0.0230145 0.00849894 0.0444635 0.0936343 -0.0138532 0.0380083 0.0329517 0.0551551 0.0152186 0.0433029 0.0777514 0.119642 0.106339 0.0168683 0.0445391 -0.0123642 -0.000148876 0.010152 0.00846837 -0.0164236 -0.00728468 0.013777 -0.0106192 0.0298391 0.0218988
internal_weight=13429.7 13166.7 388.789 12778 664.54 322.639 163.934 25.2018 13.3283 639.338 158.705 147.769 65.6143 82.155 61.0511 26.5075 16.1614 10.9353 34.5436 23.2917 623.297 12113.4 453.973 443.077 77.8839 72.4844 365.193 91.2112 19.2248 273.982
internal_count=218753 211413 7315 204098 13198 6030 1880 431 242 12767 4150 3891 1551 2340 1452 703 256 259 749 581 12403 190900 6793 6639 1529 1456 5110 1472 495 3638
cat_boundaries=0 24 48 71 95 119
cat_threshold=0 1073741824 0 1034 2147483648 33701896 32768 0 0 1646657 0 0 4096 16512 0 1073741824 0 16777472 64 512 3072 294912 33792 4096 547356672 268435712 0 1 0 134217728 64 8388992 131072 2147483648 65536 2097152 2147483648 3211776 0 0 65 134217728 37128 0 4 8388608 134217728 512 1090519104 553648128 8390656 128 268435456 0 2 0 270336 0 8388608 2048 142868480 4 0 0 33554442 512 128 32770 4096 16384 42467344 67108864 33554432 0 4096 2048 1074825217 557844996 0 0 20480 128 33554432 32768 0 0 0 2147483648 541696 73728 134348800 128 2147483648 0 65792 67108864 33554432 0 4096 0 0 4 0 0 20480 0 33554432 32768 0 0 0 2147483648 524288 0 0 0 0 0 256
is_linear=0
shrinkage=0.1


Tree=155
num_leaves=31
num_cat=4
split_feature=3 3 3 9 3 21 12 12 19 8 8 21 11 19 20 12 12 21 8 21 21 21 21 8 14 8 9 16 19 20
split_gain=18.3628 12.3723 6.41824 10.0926 5.51308 5.43049 7.63993 5.15026 5.64936 5.13213 4.75202 4.52554 5.5221 8.0339 6.13084 6.00961 4.28849 7.62145 6.29623 4.65893 8.95366 6.79703 5.23742 12.7207 8.35358 7.59727 7.1348 5.85557 5.06448 5.02037
threshold=0 1 2 31.849999427795414 3 4466.5000000000009 6.5000000000000009 6.5000000000000009 0.090819306671619429 3.5000000000000004 2.5000000000000004 4450.5000000000009 -1.0000000180025095e-35 0.072631742805242552 0.023273834958672527 73.500000000000014 2.5000000000000004 4166.5000000000009 13.500000000000002 4272.5000000000009 3976.5000000000005 3950.5000000000005 4328.5000000000009 15.500000000000002 1.0000000180025095e-35 9.5000000000000018 58.250000000000007 2.5000000000000004 0.037208344787359245 0.042491668835282333
decision_type=9 9 9 8 9 2 2 2 2 2 2 2 2 2 2 2 2 2 2 2 2 2 2 2 2 2 8 2 2 2
left_child=10 -2 3 -3 5 11 -7 8 -5 -10 -1 12 13 -4 -14 16 19 18 -18 20 21 -16 23 28 -25 26 -24 -26 -21 -27
right_child=1 2 4 7 -6 6 -8 -9 9 -11 -12 -13 14 -15 15 -17 17 -19 -20 22 -22 -23 25 24 27 29 -28 -29 -30 -31
leaf_value=-0.092139884013340653 0.018545288807261095 0.046734837804005731 0.063224969310147219 -0.029338659088868083 0.00032413365118413401 -0.021207291276855497 0.10693470097827971 -0.085470049324554154 0.059579961138363724 -0.0079139684143745438 -0.025431679457476049 0.078177512659335202 -0.014551635318570431 -0.022037920852261791 0.025115438578278644 -0.10665480596169817 0.17927984894504237 -0.013962254042611822 0.044781311855757171 -0.065987243137431192 -0.010283566326719468 0.12860932128081701 0.19153797980594389 0.22766077878604812 -0.10332723509189164 -0.079065329247820337 0.024158119433858691 0.18237716729266457 0.071830726332336045 0.017553536454247599
leaf_weight=11.256665096152572 377.86843399741338 23.981448441045359 44.852578716818243 151.47485609422438 12102.916173223115 72.437276010692585 4.9720729106338686 11.88068811612902 13.546916529536245 66.910491602029651 207.99827537708916 11.347815279033965 82.314391179883387 14.664189914241431 54.551720915944315 3.8812457663007072 6.3551496167201567 8.5874876529560407 7.6946872107218951 5.1180161807569693 111.92156611010432 7.181226067361421 4.0280733718536794 6.5496106513310206 1.6109103924827652 8.068506440205967 6.9247383661568147 1.2932601219508795 5.5663362443447113 16.126947396085598
leaf_count=376 10388 362 1453 4447 180375 2404 144 294 92 571 6084 302 4021 206 955 114 116 274 185 157 3144 172 113 153 342 371 204 32 130 405
internal_value=0.00046292 0.000947932 0.000416723 -0.0146193 0.00074792 0.0110812 -0.0129766 -0.0212536 -0.0179642 0.00345024 -0.0275978 0.0159097 0.0141312 0.0422173 0.00918232 0.0168299 0.018735 0.0602557 0.105619 0.0146295 0.00658037 0.0371546 0.0399117 0.080574 0.165066 0.0166143 0.0857148 0.0239002 0.00581319 -0.0146662
internal_weight=13453.9 13234.6 12856.8 267.794 12589 486.048 77.4093 243.813 231.932 80.4574 219.255 408.638 397.291 59.5168 337.774 255.459 251.578 22.6373 14.0498 228.941 173.655 61.7329 55.2864 20.1381 9.45378 35.1483 10.9528 2.90417 10.6844 24.1955
internal_count=218386 211926 201538 5766 195772 15397 2548 5404 5110 663 6460 12849 12547 1659 10888 6867 6753 575 301 6178 4271 1127 1907 814 527 1093 317 374 287 776
cat_boundaries=0 24 47 69 92
cat_threshold=1090519040 16778240 1024 129 0 8 67108881 128 134217728 524560 128 0 0 67108864 0 2684354560 2359424 0 0 134218242 128 0 268501252 262144 2147483776 536870976 0 6 0 2147483648 524290 0 0 33554432 278528 0 33554433 34668544 0 8454656 268439616 16785408 8192 0 3211264 2097152 33587200 268435456 67108865 8396800 1024 268435456 536875008 8256 512 0 12582944 524289 0 8388608 10528 268435456 0 8192 526336 16384 0 18432 83886080 545390592 0 0 4096 2147485696 1024 811597824 6295552 100663296 0 69632 0 2147483680 16 0 0 0 4104 0 0 33554436 1074794496 2281701376
is_linear=0
shrinkage=0.1


end of trees

feature_importances:
OrgaoDestinatario=1164
dias_desde_primeiro_pedido_do_orgao=393
reg_day=334
orgao_rate_movel_90d=329
n_pedidos_previos=321
orgao_rate_movel_365d=308
n_pedidos_previos_neste_orgao=286
n_orgaos_distintos_previos=274
idade=261
reg_month=223
orgao_rate=185
dias_desde_ultimo_pedido=160
reg_dow=145
prev_reenc_rate_solicitante=67
prev_reenc_solicitante=66
Municipio=41
prev_reenc_rate_neste_orgao=41
UF=32
OrigemSolicitacao=30
prev_reenc_neste_orgao=15
Esfera=5

parameters:
[boosting: gbdt]
[objective: binary]
[metric: average_precision]
[tree_learner: serial]
[device_type: cpu]
[data_sample_strategy: bagging]
[data: ]
[valid: ]
[num_iterations: 600]
[learning_rate: 0.1]
[num_leaves: 31]
[num_threads: 6]
[seed: 42]
[deterministic: 0]
[force_col_wise: 0]
[force_row_wise: 0]
[histogram_pool_size: -1]
[max_depth: -1]
[min_data_in_leaf: 100]
[min_sum_hessian_in_leaf: 0.001]
[bagging_fraction: 0.8]
[pos_bagging_fraction: 1]
[neg_bagging_fraction: 1]
[bagging_freq: 1]
[bagging_seed: 400]
[bagging_by_query: 0]
[feature_fraction: 0.8]
[feature_fraction_bynode: 1]
[feature_fraction_seed: 30056]
[extra_trees: 0]
[extra_seed: 12879]
[early_stopping_round: 0]
[early_stopping_min_delta: 0]
[first_metric_only: 0]
[max_delta_step: 0]
[lambda_l1: 0]
[lambda_l2: 0]
[linear_lambda: 0]
[min_gain_to_split: 0]
[drop_rate: 0.1]
[max_drop: 50]
[skip_drop: 0.5]
[xgboost_dart_mode: 0]
[uniform_drop: 0]
[drop_seed: 17869]
[top_rate: 0.2]
[other_rate: 0.1]
[min_data_per_group: 100]
[max_cat_threshold: 32]
[cat_l2: 10]
[cat_smooth: 10]
[max_cat_to_onehot: 4]
[top_k: 20]
[monotone_constraints: ]
[monotone_constraints_method: basic]
[monotone_penalty: 0]
[feature_contri: ]
[forcedsplits_filename: ]
[refit_decay_rate: 0.9]
[cegb_tradeoff: 1]
[cegb_penalty_split: 0]
[cegb_penalty_feature_lazy: ]
[cegb_penalty_feature_coupled: ]
[path_smooth: 0]
[interaction_constraints: ]
[verbosity: -1]
[saved_feature_importance_type: 0]
[use_quantized_grad: 0]
[num_grad_quant_bins: 4]
[quant_train_renew_leaf: 0]
[stochastic_rounding: 1]
[linear_tree: 0]
[max_bin: 63]
[max_bin_by_feature: ]
[min_data_in_bin: 3]
[bin_construct_sample_cnt: 200000]
[data_random_seed: 175]
[is_enable_sparse: 1]
[enable_bundle: 1]
[use_missing: 1]
[zero_as_missing: 0]
[feature_pre_filter: 1]
[pre_partition: 0]
[two_round: 0]
[header: 0]
[label_column: ]
[weight_column: ]
[group_column: ]
[ignore_column: ]
[categorical_feature: 0,1,2,3,4,5]
[forcedbins_filename: ]
[precise_float_parser: 0]
[parser_config_file: ]
[objective_seed: 16083]
[num_class: 1]
[is_unbalance: 0]
[scale_pos_weight: 1]
[sigmoid: 1]
[boost_from_average: 1]
[reg_sqrt: 0]
[alpha: 0.9]
[fair_c: 1]
[poisson_max_delta_step: 0.7]
[tweedie_variance_power: 1.5]
[lambdarank_truncation_level: 30]
[lambdarank_norm: 1]
[label_gain: ]
[lambdarank_position_bias_regularization: 0]
[eval_at: ]
[multi_error_top_k: 1]
[auc_mu_weights: ]
[num_machines: 1]
[local_listen_port: 12400]
[time_out: 120]
[machine_list_filename: ]
[machines: ]
[gpu_platform_id: -1]
[gpu_device_id: -1]
[gpu_device_id_list: ]
[gpu_use_dp: 0]
[num_gpu: 1]

end of parameters

pandas_categorical:[]
