tree
version=v4
num_class=1
num_tree_per_iteration=1
label_index=0
max_feature_idx=32
objective=binary sigmoid:1
feature_names=Esfera UF Municipio OrgaoDestinatario FormaResposta OrigemSolicitacao TipoDemandante Genero Escolaridade Profissao TipoPessoaJuridica Pais UF_sol Municipio_sol AssuntoPedido SubAssuntoPedido reg_month reg_dow reg_day idade orgao_rate uf_match n_pedidos_previos prev_reenc_solicitante prev_reenc_rate_solicitante n_pedidos_previos_neste_orgao prev_reenc_neste_orgao n_orgaos_distintos_previos dias_desde_ultimo_pedido prev_reenc_rate_neste_orgao orgao_rate_movel_90d orgao_rate_movel_365d dias_desde_primeiro_pedido_do_orgao
feature_infos=-1:1:3:0:4 -1:26:25:11:23:3:17:22:18:14:4:19:20:6:12:21:7:15:0:13:10:1:16:5:2:24:9:8 -1:233:192:63:342:40:118:133:176:49:215:268:365:66:267:59:322:81:3:278:318:361:89:219:96:10:22:60:216:161:28:55:37:345:221:113:299:270:296:329:71:348:239:76:182:367:350:277:312:186:281:67:91:15:298:332:234:86:223:32:123:131:314:20:170:357:130:141:240:56:58:178:334:102:137:307:174:11:122:162:171:225:244:371:5:110:153:336:175:236:274:143:154:158:279:24:127:129:169:205:207:330:341:39:61:125:135:195:340:354:27:68:121:208:276:337:349:30:43:237:294:16:26:36:104:163:168:202:226:252:284:292:23:105:128:134:167:173:209:248:259:269:291:328:353:99:116:230:261:263:305:7:18:21:38:50:52:77:111:180:198:211:217:235:242:254:255:355:13:25:48:85:126:155:183:231:271:313:369:370:12:19:51:69:74:92:98:108:148:152:188:214:229:238:325:327:343:358:366:368:35:62:79:120:144:159:164:184:243:258:262:310:321:338:359:362:1:31:34:65:72:73:78:82:87:112:132:146:147:149:150:166:189:197:213 -1:341:34:403:334:388:27:420:55:421:79:385:163:443:246:389:281:375:333:94:87:282:392:72:405:581:402:384:242:31:213:395:29:432:32:106:58:19:33:285:382:377:60:741:352:404:394:28:380:96:65:23:567:25:379:270:336:390:378:296:118:210:142:726:717:24:387:444:441:383:693:414:718:157:99:692:90:733:671:709:703:689:725:339:407:677:401:683:716:54:700:727:745:238:711:406:221:215:708:26:104:696:738:719:701:309:690:731:754:710:699:393:750:706:357:728:320:298:301:740:310:311:399:59:735:396:736:739:30:734:707:715:737:723:107:580:687:753:295:308:314:556:450:214:713:688:714:743:748:303:721:704:302:237:507:694:172:751:729:724:71:319:381:62:359:400:742:253:574:749:297:732:318:514:161:349:702:698:335:720:747:252:304:730:289:312:233:744:418:431:293:695:75:697:274:97:557:746:299:705:194:219:288:313:108:317:398:76:657:306:292:56:305:328:109:691:143:391:315:290:17:98:100:173:6:679:500:575:164:576:583:177:192:11:80:81:53:291:294:325:204:179:573:558:307:212:300:248:323:207:324:645:513:559:408:316:426:504:517:176:21:515:57:284:712:208:321:38:322:273:684:61:185:276:612:586:667:516:579:200:101:201:175:660:184:209:203:386:656:195:595:650:193:186:206:188:52:410:198:216:191:522:551:332:520:587:602:224:235:197:428:685:760:205:244:182:202:613:338:577:495:543:275:655:666:187:102:178:283:661:74:160:189:196:362:77:132:537:632:222:250:232:646:247:330:506:78:199:409:521:533:181:190:534:547:629:249:217:429:609:628:183:596:598:251:434:594:365:508:560:663:211:485:722:758:220:413:419:493:113:752:162:481:584:417:503:519:561:578:82:112:528:569:593:40:139:439:529:337:367:497:7:92:619:180:423:427:607:562:70:171:345:356:422:440:480:572:659:117:425:518:592:614:630:42:67:370:438:604:640:66:234:473:170:272:415:541:566:588:647:15:88:668:35:41:91:600:651:670:36 -1:3:4:0:2:1 -1:3:1:5:8:4:7:0 -1:0:1 -1:1:0:2 -1:2:4:3:1:0:5 -1:7:13:2:0:3:10:1:8:9:12:14:5:11:4:6 -1:5:3:0:6:1:8:11:4:2:12:9:10 -1:11:23:65:31:3:1:57:66:75:63:30:50:21:36:52:76:19:46:9:62:71:0:5:15:22:70:12:39:69:72 -1:25:6:18:12:23:20:13:4:16:8:5:15:14:10:7:19:9:3:26:24:11:17:1:21:22:0:2 -1:400:2626:2240:2081:806:317:1423:2170:1396:1688:958:971:1026:2287:1532:321:797:1742:2604:504:1866:1724:147:1404:134:1512:514:2878:2398:2571:2714:2797:2776:2498:1814:2869:1077:2094:1768:2836:1461:1703:1484:351:2796:2501:2506:499:1490:2377:2884:1912:2328:2211:665:1642:2434:1986:2468:1901:1401:1384:2113:1508:1765:1799:2370:2201:2531:2504:1314:532:973:2267:848:1406:1575:1504:1548:2505:2880:1035:2032:1831:312:874:1945:106:293:2092:588:738:304:594:2584:1659:346:964:1458:2219:551:1973:2019:2120:1218:2886:1842:939:2481:2842:1233:2544:636:448:2858:132:2115:1319:617:2061:2871:2889:169:120:2566:1364:2572:2658:639:866:1154:1862:2780:2358:2586:832:1751:1938:779:1463:279:2851:1988:2112:1299:1377:1573:772:2723:2769:1076:1276:2277:612:975:1114:1341:2834:181:314:582:1245:1727:335:1460:1476:1656:1772:2447:2599:50:435:622:641:1469:1761:2703:2887:1235:1795:1893:2142:1093:2128:247:1173:1914:1965:2215:2811:2832:394:1051:1402:2226:2597:196:1353:1614:2323:2532:2912:270:627:835:1726:466:1041:1148:1584:1985:1254:2716:99:391:451:1837:1922:2136:2203:43:97:156:240:752:1217:1496:161:433:487:2900:341:957:1431:2793:471:486:1091:1159:2182:2406:174:252:318:916:1141:1587:2257:2735:2758:2774:932:1518:1550:2062:2173:2643:219:638:794:844:884:944:1301:1794:1944:2002:2237:2485:288:305:1066:1259:1286:2474:2477:2667:168:301:698:926:1890:1905:1929:2235:2742:164:170:177:576:894:1168:1916:1924:1984:2821:8:143:154:290:416:516:610:689:692:775:1261:1394:1466:1605:1637:2006:2269:2367:2491:2494:2556:262:524:628:671:885:982:1080:1110:1145:1228:1263:1302:1684:1991:2151:2165:2244:2256:2397:2403:2433:2785:212:477:519:558:667:905:1142:1158:1619:1641:1658:1940:2296:2381:2540:2823:2857:342:393:417:450:559:653:796:899:936:977:996:1566:1700:1927:1928:2027:2135:2522:2702:402:437:454:470:515:611:624:766:790:990:1065:1184:1208:1214:1539:1590:1629:1843:2282:2307:2317:2355:2455:2482:2486:2629:1:67:87:128:133:214:227:281:457:629:634:717:735:907:925:991:1084:1273:1323:1448:1477:1627:1697:1764:1840:1907:1915:2090:2195:2246:2363:2611:2664:2767:65:115:265:327:333:362:449:495:539:758:768:931:1089:1262:1311:1343:1369:1538:1879:1880:2039:2283:2385:2418:2598:2625:2681:2736:2756:2772:2807:2881:187:759:814:880:974:979:1053:1071:1129:1143:1202:1212:1265:1266:1295:1362:1541:1660:1686:1737:1891:1899:1909:1930:1967:1974:2105:2230:2336:2407:2565:2580:2623:2639:2707:93:114:151:308:467:644:673:718:788:807:871:908:922:924:962:987:1025:1058:1239:1334:1374:1397:1422:1435:1549:1571:1609:1692:1702:1712:1749:2055:2107:2160:2200:2209:2333:2361:2373:2441:2453:2467:2648:2859:48:66:155:195:210:232:278:357:363:367:410:518:560:579:620:695:774:869:952:998:1002:1016:1037:1116:1121:1144:1216:1303:1315:1336:1418:1442:1459:1471:1473:1494:1509:1521:1578:1610:1671:1816:1870:1934:1947:1992:2033:2046:2258:2330:2526:2562:2661:2710:2725:2729:2809:2863:2867:2874:56:58:84:103:111:136:167:189:231:253:302:343:360:411:423:531:552:626:674:713:767:805:809:812:914:942:1024:1043:1102:1111:1115:1221:1257:1260:1293:1307:1344:1427:1440:1489:1499:1557:1558:1599:1651:1652:1695:1790:1855:1948:2013:2036:2069:2085:2123:2239:2295:2300:2306:2316:2354:2379:2390:2431:2472:2603:2614:2628:2646:2673:2687:2739:2799:2829:2847:2870:60:62:127:137:146:149:185:186:194:199:267:285:320:359:378:381:415:500:521:570:585:586:595:651:662:683:732:741:755:782:816:827:830:836:854:855:887:895:923:1064:1072:1078:1122:1125:1131:1166:1242:1248:1251:1305:1312:1373:1379:1449:1465:1483:1530:1547:1565:1608:1616:1679:1728:1731:1784:1808:1823:1833:1852:1875:1884:1902:1957:1968:1976:2012:2021:2030:2042:2045:2048:2056:2083:2121:2122:2138:2139:2148:2199:2206:2224:2227:2252:2271:2301:2345:2383:2405:2439:2460:2511:2514:2516:2525:2536:2541:2581:2605:2613:2627:2655:2728:2733:2748:2753:2759:2770:2831:2840:2885:2890:2903:2906:2917:17:23:31:37:47:89:91:98:116:183:184:224:234:259:260:263:271:324:332:347:370:386:406:412:413:431:439:443:482:489:491:493:497:507:510:513:527:535:549:553:557:564:574:580:600:614:640:654:700:706:720:726:730:737:744:773:781:791:803:811:837:847:891:897:906:927:978:984:988:1001:1012:1021:1036:1038:1049:1062:1068:1079:1081:1086:1104:1119:1128:1136:1137:1146:1151:1178:1183:1188:1194:1209:1211:1226:1244:1258:1328:1333:1342:1345:1348:1355:1356:1361:1382:1399:1400:1443:1446:1456:1467:1481:1487:1520:1527:1535:1562:1592:1598:1612:1615:1638:1646:1665:1677:1719:1732:1735:1747:1759:1775:1785:1789:1854:1864:1882:1886:1894:1932:1935:1971:1981:1996:2003:2031:2065:2066:2070:2109:2133:2150:2161:2162:2176:2183:2189:2196:2212:2251:2294:2303:2312:2331:2362:2366:2374:2382:2384:2396:2399:2401:2402:2411:2417:2457:2487:2489:2497:2513:2528:2537:2539:2548:2606:2620:2622:2637:2685:2690:2705:2737:2761:2775:2791:2801:2810:2816:2826:2845:2872:2888:2916 -1:2:59:134:26:148:97:121:211:106:88:152:120:45:86:93:209:157:221:154:168:153:36:125:141:46:203:34:40:31:14:130:158:114:202:147:133:129:80:33:160:173:75:201:150:138:35:142:177:140:146:167:8:15:218:175:217:144:55:182:1:99:39:98:216:56:69:112:205:212:219:73:0:6:220:20:71:23:4:128:67:10:196:161:116:124:18:115:155:68:87:25:70:41:84:123:30:58:210:94:224:5:198:190:32:159:122:66:162:17:174:76:109:79:11:104:13:61:24:207:165:135:37:81:27:137:180:101:127:215:107:179:222:136:171:214:19:62:151:91:51:191:22:7:47:195:74:172:72:206:89:200:29:223:63:3:156 -1:110:2532:429:2579:3261:3255:4468:4467:247:157:792:4057:222:2355:4680:115:1399:151:211:4056:1512:791:219:2312:2836:4500:921:1406:2192:240:113:3251:849:840:153:2856:4938:1760:1582:156:4807:5135:3140:145:2469:3362:789:4850:647:1200:1615:139:3946:1770:3197:2356:4118:57:1805:81:1348:1202:135:2903:108:3446:52:89:167:644:3359:433:147:215:169:4494:4790:3252:3325:4279:4955:1580:3169:250:2750:230:83:4935:269:3278:4281:3480:1332:1542:58:913:1854:1949:2563:2130:4475:2140:214:1219:2479:4350:2918:591:4908:3638:3318:1307:50:1604:1833:3848:1379:72:1945:3112:4094:2432:2283:3699:109:4148:2700:2571:2827:901:2533:2923:229:468:4616:3339:3676:1647:2187:2280:2512:16:93:120:732:834:2291:4609:336:394:559:2465:4132:310:3441:161:342:2186:127:649:117:144:2846:174:2133:3738:4797:873:1303:2468:2838:4090:4611:2315:133:786:1864:2816:3373:4799:4914:162:1591:2147:3439:5134:301:1171:74:1592:1494:2207:3568:4463:4919:872:2189:3105:3240:1844:3170:4138:4956:857:1539:2883:3107:66:1562:2322:3084:1548:1862:2042:2279:1520:3138:95:520:1192:1612:2003:2040:2572:2812:3142:3301:54:65:75:322:2738:4946:2324:2412:2562:140:510:1159:1889:2612:2965:76:188:327:1584:1706:2929:3048:3830:4495:77:282:1206:1557:4546:5120:70:917:1373:2594:3714:4016:4883:103:288:894:2927:3875:5137:5188:722:1166:1630:1855:4367:4953:275:328:882:1011:1297:1559:2076:2480:3487:3863:4252:220:431:686:982:1992:2535:3833:4089:4160:4180:4363:4682:4861:55:94:197:806:833:1577:1586:2414:3108:3236:3445:4143:5104:375:2575:2709:2739:3582:4212:4230:4434:88:221:280:1164:1655:2286:2560:3086:3610:3679:4353:4470:4772:206:303:1405:1975:2592:2613:2686:2887:3056:3194:4240:4960:143:808:1043:1372:1690:2573:3498:3639:3750:4042:4093:4418:4519:4582:107:546:866:1025:1063:1217:2047:2239:2350:2491:2620:3062:3608:3819:4114:4379:4661:315:1253:1629:2352:2859:2902:3723:3748:3948:4058:4340:4886:134:627:898:1027:1195:1458:1616:1747:2066:2351:2638:2919:3343:3458:3865:3959:4959:673:674:895:1535:1607:2188:2200:2214:2281:2858:3134:3436:4095:4164:4172:4339:4764:4842:742:768:1349:1537:2689:3178:3290:3323:3374:3414:3630:3763:3973:4241:4358:4397:4586:5149:243:273:434:550:592:1284:1407:1420:1644:2115:2121:2164:2282:2595:3247:3524:3797:3811:4417:4455:4951:4977:5054:5164:78:92:186:256:430:656:790:1213:1339:1412:1442:1493:1560:1660:1748:1904:2160:2183:2610:2649:2746:2807:2855:2944:3781:3825:4217:4223:4286:4603:4614:4757:126:527:1309:1465:1583:1863:2544:2730:2832:3081:3397:3612:3854:3950:4335:4491:4543:4753:4942:5110:5147:51:119:150:274:279:701:868:970:1140:1167:1294:1618:2101:2132:2165:2208:2231:2285:2296:2495:2885:3057:3248:3510:3632:3993:4150:4227:4482:4723:5067:60:98:132:730:760:1301:1538:1549:1633:1700:1858:2327:2384:2539:2598:2857:2925:3121:3154:3273:3335:3506:3703:3944:4054:4178:4273:4584:4768:4800:4840:4937:5126:5138:152:255:415:424:547:831:1191:1197:1281:1289:1368:1419:1446:1611:1670:2135:2205:2275:2277:2543:2729:2802:2864:2876:2916:3127:3329:3442:3742:3769:3786:3790:3821:3860:4158:4480:4665:4719:4958:5101:5105:5112:5192:5209:102:185:272:426:490:908:966:980:1017:1310:1396:1454:1468:1526:1529:1563:1657:1806:1845:1870:1952:2032:2318:2328:2502:2615:2630:2763:2771:2972:3173:3263:3350:3391:3643:3694:3817:3832:3969:4280:4373:4409:4765:4851:4911:4966:5047:5071:5143:5222:64:99:148:305:858:964:974:1061:1075:1119:1168:1189:1216:1293:1534:1645:1694:1830:1875:1916:1958:2043:2393:2511:2588:2590:2647:2660:2671:2697:2748:2778:2814:3038:3128:3189:3257:3347:3407:3495:3559:3647:3727:3941:4126:4140:4234:4256:4471:4483:4485:4496:4510:4574:4626:4715:4721:4761:4817:4957:4985:5116:5221:86:121:187:194:223:281:579:638:666:770:813:854:875:967:975:1154:1199:1413:1516:1642:1650:1766:1822:1853:1893:1950:1981:2009:2124:2129:2373:2471:2501:2505:2732:2776:2822:2837:2845:2917:3089:3176:3239:3410:3470:3505:3521:3600:3640:3827:3925:4030:4065:4079:4134:4161:4162:4228:4231:4337:4391:4484:4606:4778:4805:4905:4952:4994:4998:5036:5108:5163:5214:15:53:79:208:287:392:437:495:589:640:658:659:767:787:871:1039:1138:1211:1489:1623:1653:1659:1715:1783:1872:1900:1907:1919:1954:1982:2074:2096:2143:2166:2227:2237:2268:2450:2494:2518:2545:2584:2677:2715:2914:2921:2926:2961:2979:3031:3155:3217:3258:3277:3287:3332:3341:3460:3493:3611:3613:3747:3810:3818:3869:3882:3907:4024:4059:4213:4233:4327:4366:4439:4551:4556:4560:4594:4595:4597:4604:4673:4773:4802:4824:4836:4904:4920:4939:4995:5081:5117:5229:14:166:205:218:299:307:367:372:373:401:410:588:594:621:643:677:743:758:785:815:818:822:825:931:1012:1062:1178:1203:1207:1345:1383:1403:1429:1471:1474:1480:1555:1594:1600:1602:1620:1701:1754:1813:1847:2201:2206:2229:2344:2413:2520:2521:2541:2554:2557:2566:2593:2597:2608:2659:2733:2801:2824:2839:2868:3016:3034:3040:3059:3083:3218:3274:3284:3326:3380:3413:3501:3549:3552:3583:3619:3691:3793:3884:3886:3932:3942:4011:4015:4139:4163:4253:4265:4270:4302:4360:4368:4376:4384:4430:4435:4498:4516:4541:4552:4624:4804:4844:4888:4893:4988:5039:5096:5119:5204:5223:3:24:56:101:105:114:118:190:217:260:289:313:366:462:475:511:543:544:584:609:622:735:737:772:774:817:830:874:903:935:995:1016:1069:1083:1108:1177:1188:1201:1243:1285:1371:1416:1427:1444:1498:1514:1521:1546:1599:1610:1721:1730:1835:1851:1865:1890:1908:1912:2010:2012:2114:2234:2336:2387:2431:2437:2472:2473:2477:2484:2500:2548:2550:2683:2847:2890:3003:3049:3115:3116:3122:3148:3163:3214:3220:3242:3264:3270:3321:3355:3419:3431:3462:3477:3525:3576:3642:3660:3673:3686:3716:3792:3816:3842:3900:3915:3976:3992:3997:4031:4047:4052:4070:4097:4099:4137:4147:4208:4236:4244:4284:4293:4308:4342:4375:4406:4427:4449:4497:4509:4629:4637:4654:4676:4679:4693:4748:4810:4813:4845:4868:4872:4903:5128:5140:5195:5201:5207:5220:5231:0:22:68:96:128:168:226:245:284:308:311:400:423:479:486:487:500:532:533:560:567:654:662:683:705:723:734:876:973:990:991:1021:1024:1034:1058:1095:1122:1132:1149:1152:1176:1240:1248:1268:1299:1325:1341:1381:1387:1389:1418:1527:1528:1532:1544:1585:1587:1622:1625:1631:1661:1762:1819:1836:1914:1943:1962:2017:2051:2067:2071:2081:2084:2087:2089:2092:2107:2137:2181:2199:2226:2244:2261:2288:2317:2326:2329:2357:2376:2380:2381:2394:2421:2444:2460:2466:2483:2492:2549:2558:2581:2582:2586:2596:2603:2670:2719:2737:2744:2749:2755:2808:2815:2823:2924:2948:2959:2980:2981:3010:3014:3021:3027:3061:3094:3099:3103:3130:3157:3166:3182:3199:3200:3233:3256:3262:3303:3313:3420:3447:3448:3514:3516:3553:3664:3666:3698:3766:3785:3788:3801:3820:3859:3888:3917:3958:3967:3977:4027:4044:4083:4085:4086:4092:4192:4219:4229:4246:4257:4290:4300:4332:4352:4416:4426:4441:4451:4465:4469:4493:4531:4544:4547:4553:4590:4602:4639:4646:4691:4700:4703:4750:4756:4763:4770:4781:4784:4809:4818:4864:4871:4878:4892:4916:4941:4982:4984:5019:5034:5080:5086:5094:5144:5161:5191:5232:28:29:62:73:80:100:104:123:154:164:173:180:196:212:232:233:237:251:257:258:268:286:290:302:346:354:356:359:371:378:381:405:504:573:583:585:593:605:615:625:646:648:655:660:669:684:694:697:746:761:807:835:839:855:864:865:936:950:953:979:989:998:1032:1036:1054:1064:1070:1072:1096:1113:1123:1124:1139:1143:1157:1169:1183:1190:1198:1205:1239:1259:1272:1283:1308:1315:1364:1367:1370:1404:1479:1482:1499:1500:1503:1504:1509:1511:1523:1540:1550:1554:1558:1572:1578:1579:1601:1654:1679:1698:1703:1709:1732:1739:1749:1767:1776:1778:1787:1793:1799:1843:1846:1879:1901:1910:1938:1951:1959:1996:2004:2019:2030:2035:2039:2048:2052:2055:2077:2088:2094:2095:2176:2248:2249:2293:2306:2309:2330:2331:2332:2406:2416:2503:2504:2515:2516:2526:2534:2540:2555:2565:2577:2628:2631:2636:2640:2663:2667:2675:2690:2698:2711:2717:2722:2731:2734:2765:2789:2806:2813:2825:2840:2853:2878:2882:2893:2895:2930:2939:2940:2963:2964:2976:3002:3007:3022:3025:3035:3050:3058:3066:3075:3117:3126:3135:3137:3141:3152:3153:3167:3183:3185:3209:3221:3228:3234:3246:3265:3279:3302:3305:3315:3316:3338:3361:3385:3394:3399:3402:3411:3425:3426:3450:3499:3563:3569:3570:3579:3581:3584:3585:3606:3631:3641:3652:3712:3795:3802:3834:3838:3862:3867:3877:3879:3880:3881:3895:3904:3905:3922:3964:3970:4002:4025:4029:4041:4043:4049:4075:4098:4136:4176:4197:4198:4202:4209:4242:4262:4272:4275:4289:4371:4374:4400:4401:4402:4420:4421:4422:4423:4433:4446:4448:4457:4458:4472:4481:4486:4499:4517:4537:4538:4576:4615:4618:4634:4641:4649:4656:4657:4659:4690:4704:4709:4724:4746:4747:4752:4759:4793:4794:4801:4811:4815:4848:4880:4881:4947:4968:4979:4980:5045:5055:5074:5092:5100:5109:5139:5150:5180:5187:5213 [1:12] [0:6] [1:31] [10:103.90000152587891] [0.003430267097428441:0.51819050312042236] [0:1] [-1:1922] [-1:175] [-1:1] [-1:1129] [-1:76] [-1:305] [-1:1058] [-1:1] [0.0030176034197211266:0.79593801498413086] [0.0026146010495722294:0.70645409822463989] [0:4613]
tree_sizes=5147 6097 4194 6244 7003 7316 5140 6276 5328 6936 7323 7528 7047 8056 5630 6339 7080 8278 7123 5400 5052 8385 4510 8155 8143 8162 8084 7579 7862 7613 7425 7416 8568 7856 7833 8061 7337 6376 8236 9062 8940 10061 7425 9876 8284 8082 7222 8897 7962 9195 6450 5261 9165 8200 8163 8098 8927 8444 6583 8638 7128 7037 8354 10179 6974 9025 6877 4938 9056 9219 7833 8760 9631 6348 6559 7004 8118 10675 6257 9047 11024

Tree=0
num_leaves=31
num_cat=10
split_feature=20 20 20 20 14 32 15 14 14 32 3 20 30 14 14 20 16 13 32 24 15 25 15 25 20 31 31 32 32 32
split_gain=20047.3 7094.04 4082.34 743.464 620.666 593.45 503.286 336.697 331.345 254.416 247.503 235.84 234.61 206.915 188.809 178.251 201.703 166.791 155.456 151.254 146.869 138.218 131.467 124.346 121.343 228.446 187.7 201.178 181.464 149.992
threshold=0.12337249144911767 0.31676022708415991 0.063139911741018309 0.17877264320850375 0 4170.5000000000009 1 2 3 4254.5000000000009 4 0.026157373562455181 0.11859711632132532 5 6 0.46715332567691809 3.5000000000000004 7 4130.5000000000009 0.19831324368715289 8 2.5000000000000004 9 1.0000000180025095e-35 0.20801467448472979 0.11259426921606065 0.22554164379835132 3950.5000000000005 1127.5000000000002 1885.5000000000002
decision_type=2 2 2 2 9 2 9 9 9 2 9 2 2 9 9 2 2 9 2 2 9 2 9 2 2 2 2 2 2 2
left_child=2 3 8 7 -4 15 -6 23 10 24 -1 -10 17 -11 -9 -3 -17 -8 20 -7 -16 -19 -13 -2 -5 28 27 29 -26 -27
right_child=1 5 4 9 6 19 12 14 11 13 -12 22 -14 -15 18 16 -18 21 -20 -21 -22 -23 -24 -25 25 26 -28 -29 -30 -31
leaf_value=-2.2570108492339709 -2.2101433317769628 -1.9022417018292939 -2.3443660524144581 -2.2281895072176265 -2.2916711030638277 -2.1296249165288152 -2.3081630897512619 -2.4505030572159083 -2.5302359127955776 -2.4669311832000189 -2.4641753354977372 -2.3399962981569438 -2.3939724374755276 -2.2494371025769291 -2.4526426817729647 -1.6398754400892277 -1.8275045118935738 -2.4413501626269025 -2.3668653979693919 -1.811630316823194 -2.2863996147348251 -2.4886089184763365 -2.5030183457624346 -2.3541296783827548 -2.0045402140626432 -1.9629376512965124 -2.1565168754889572 -1.795240454324508 -2.3535460607803063 -2.2404790150882956
leaf_weight=70.872244834899902 390.16647286713123 140.26798456907272 912.77545326948166 278.46886199712753 237.0528939217329 89.992985889315605 77.295042023062706 140.48946033418179 6360.7101486772299 56.919271633028984 197.63020773231983 42.966298431158066 1059.5400602817535 248.34815794229507 63.711195096373558 88.368830278515816 162.93233786523342 4719.7962049841881 543.28005181252956 17.939536973834038 747.70218300819397 712.26606059074402 5221.9555897414684 70.872244834899902 18.603964269161224 43.113948941230774 252.4823722243309 33.369015276432037 74.784983351826668 35.509947672486305
leaf_count=960 5285 1900 12364 3772 3211 1219 1047 1903 86159 771 2677 582 14352 3364 863 1197 2207 63932 7359 243 10128 9648 70734 960 252 584 3420 452 1013 481
internal_value=-2.43863 -2.21807 -2.47796 -2.27621 -2.42133 -1.86916 -2.4318 -2.31254 -2.51471 -2.20796 -2.40493 -2.51721 -2.43707 -2.28471 -2.33797 -1.81193 -1.76153 -2.44535 -2.3263 -2.07677 -2.29775 -2.44753 -2.50162 -2.23666 -2.17614 -2.14448 -2.10872 -2.00097 -2.28402 -2.08829
internal_weight=23110.2 3497.32 19612.9 2997.82 7718.73 499.502 6805.95 1956.22 11894.1 1041.6 268.502 11625.6 6568.9 305.267 1495.18 391.569 251.301 5509.36 1354.69 107.933 811.413 5432.06 5264.92 461.039 736.333 457.864 364.475 111.993 93.3889 78.6239
internal_count=313039 47373 265666 40607 104554 6766 92190 26498 161112 14109 3637 157475 88979 4135 20253 5304 3404 74627 18350 1462 10991 73580 71316 6245 9974 6202 4937 1517 1265 1065
cat_boundaries=0 8 160 167 174 193 199 206 297 457 618
cat_threshold=2685452674 524296 4259848 134217742 1791033345 8322 134218816 1 0 0 0 0 0 67125248 8388608 0 0 0 0 0 0 0 0 0 0 0 0 0 0 0 0 0 4194304 0 0 4 0 0 0 0 0 0 0 0 128 0 0 0 2097152 0 0 0 0 0 0 256 0 81920 0 0 0 0 0 0 0 0 320 0 0 0 0 0 0 0 0 0 0 0 0 2048 0 0 0 0 0 16 0 0 0 0 0 0 0 1024 0 268435456 1 0 0 0 0 0 0 0 0 0 0 67108898 0 524288 0 0 0 0 0 4096 0 0 0 0 0 0 0 0 4 0 0 0 1048576 0 0 0 0 0 0 0 0 0 262144 0 0 0 0 0 32768 0 4 557056 0 0 0 0 0 0 0 0 0 0 0 262144 34 16412 1094713344 67108864 73728 0 4194304 537920544 67633156 1052704 0 138413441 1073887393 46415872 67108864 4 0 1 0 0 0 0 0 4194304 0 1 262144 16 0 0 0 0 32 68159488 142606976 0 1024 0 1048834 2332598656 1073741824 135399568 33817608 1073741824 1085696 68198400 0 0 0 2 524288 0 0 0 0 0 32768 0 0 0 0 524416 0 0 0 16 0 0 0 0 0 0 69632 0 0 2048 8192 0 0 0 0 0 0 0 0 0 0 128 0 0 32768 0 16781312 16 0 0 0 0 0 0 16384 0 0 0 1024 0 0 0 2 0 0 0 0 0 0 2048 0 0 0 0 0 64 0 0 512 0 0 0 0 0 67108864 0 0 0 0 1024 64 0 0 524608 2048 32768 0 1879048192 65568 0 0 0 0 67108864 1024 0 0 0 0 0 0 0 0 0 0 0 0 0 0 0 0 0 0 8 0 0 0 0 0 0 0 0 134217728 16 1073741824 0 0 0 0 0 16384 0 0 0 0 0 1024 0 0 0 0 0 0 0 0 0 0 2147483648 0 0 0 0 0 0 0 0 0 0 0 0 0 0 0 0 0 0 0 524288 0 0 0 0 0 0 0 0 4194304 0 0 20 0 0 0 0 0 0 0 0 0 0 0 0 1073741824 0 0 33554432 0 0 0 0 0 0 0 0 0 0 0 0 0 0 0 0 0 8 8388608 0 0 0 0 0 0 1073741824 0 0 0 0 0 0 0 0 0 0 524288 0 0 0 0 0 0 0 4194304 0 0 0 0 0 0 8404992 0 0 0 0 0 0 0 0 0 0 0 0 0 0 0 1073741824 0 0 0 4194304 0 0 0 0 0 0 0 0 0 0 0 0 32 16384 0 0 0 4112 268435456 0 0 0 0 0 0 1073741824 0 1048576 0 0 0 64 0 0 0 0 134217728 0 0 8 0 0 0 0 0 0 0 0 0 0 0 0 0 8192 0 0 1073741824 0 0 0 0 0 0 0 0 0 0 0 0 0 0 4 0 0 0 0 0 128 0 32768 0 2097152 0 0 0 0 0 0 0 0 0 0 33685512 0 0 0 256 0 0 0 0 0 0 0 0 0 0 0 0 0 0 0 0 0 0 0 0 0 0 0 0 0 0 0 0 0 4096 0 0 0 0 0 0 134217728
is_linear=0
shrinkage=1


Tree=1
num_leaves=31
num_cat=8
split_feature=20 20 20 20 15 20 29 20 29 15 15 5 15 32 32 13 29 29 29 29 15 31 15 28 25 29 20 32 32 20
split_gain=13568.2 3641.93 2408.61 400.902 303.923 270.302 242.272 222.21 211.419 195.831 172.448 169.788 169.236 167.082 163.915 135.526 133.653 154.762 124.543 136.612 120.491 118.428 144.498 112.737 109.438 105.599 101.402 97.5541 111.67 112.412
threshold=0.12337249144911767 0.056925732642412193 0.24982372671365741 0.093513358384370818 0 0.17877264320850375 0.66287881135940563 0.024061904288828376 -1.0000000180025095e-35 1 2 3 4 3894.5000000000005 4206.5000000000009 5 -1.0000000180025095e-35 0.16807910054922107 -1.0000000180025095e-35 0.2137710973620415 6 0.12997944653034213 7 1.0000000180025095e-35 13.500000000000002 0.506756752729416 0.084680635482072844 4005.5000000000005 3871.5000000000005 0.48512199521064764
decision_type=2 2 2 2 9 2 2 2 2 9 9 9 9 2 2 9 2 2 2 2 9 2 9 2 2 2 2 2 2 2
left_child=1 7 5 9 -5 14 8 -1 10 26 13 -9 -7 -6 20 -11 -17 -18 -14 -20 -2 22 -12 -8 25 -13 -3 28 29 -4
right_child=2 3 27 4 6 12 23 11 -10 15 21 24 18 -15 -16 16 17 -19 19 -21 -22 -23 -24 -25 -26 -27 -28 -29 -30 -31
leaf_value=-0.092228521241393413 -0.030956796774866225 0.19225481911773684 0.26314690676977043 -0.04696019957921891 0.59112368356103362 -0.033196921352532445 0.65206880562323688 0.25061016859584101 -0.023324174165288755 0.13382561955554431 -0.045527903443815861 -0.05930115359960924 0.18293468839180441 0.15646199671169167 0.059399052599230034 -0.0054036661607181295 -0.066308503010545694 0.10761670957274011 0.018923491880251497 0.24637612151121543 0.12343142264893166 0.020424669979340865 0.072023486667820991 0.17634884817722593 -0.099373191304322067 0.24098501470999822 0.044003310913027414 0.25210439834064019 0.3854668593222173 0.36877771091196904
leaf_weight=4598.9753554388881 54.919713780283928 64.60723739862442 331.5356850028038 371.81780464947224 9.8436552286148054 47.170431643724442 9.1977653652429598 8.0414276123046857 387.8499004766345 54.14723015576601 108.36353912949562 5171.1686602532864 918.76000261306763 87.044896714389324 683.25441144406796 3883.0764711499214 651.99711045622826 55.517270922660828 98.46612423658371 36.082745350897312 1455.1381201595068 889.64986775815487 1682.9079923778772 10.867338277399538 754.96228090673685 11.737408570945261 161.38268076628447 293.77634187787771 192.6974454075098 144.72694599628448
leaf_count=67263 704 814 3096 5034 121 568 122 105 5176 702 1460 74004 10320 1048 8547 52557 9055 768 1110 404 17484 11691 22333 145 10878 166 2010 2809 1552 1173
internal_value=-0.00035432 -0.0365534 0.161 0.0124524 0.0379719 0.120332 0.0478817 -0.0757226 0.0458365 -0.00618681 0.055493 -0.0629558 0.160774 0.181853 0.10004 -0.010668 -0.0126595 -0.0526609 0.168179 0.0799208 0.118429 0.0500613 0.0650601 0.394417 -0.0636952 -0.0586211 0.0827257 0.30014 0.321235 0.295246
internal_weight=23229.7 18973.2 4256.53 8428.27 3557.54 3293.79 3185.72 10544.9 3165.66 4870.73 2777.81 5945.91 1100.48 96.8886 2193.31 4644.74 4590.59 707.514 1053.31 134.549 1510.06 2680.92 1791.27 20.0651 5937.87 5182.91 225.99 962.736 668.96 476.263
internal_count=313219 265452 47767 113036 47130 39137 42096 152416 41829 65906 36653 85153 12402 1169 26735 63082 62380 9823 11834 1514 18188 35484 23793 267 85048 74170 2824 8630 5821 4269
cat_boundaries=0 154 314 466 467 614 706 866 1030
cat_threshold=0 0 0 0 0 6 4194304 524288 524288 0 128 0 0 0 0 0 0 0 0 524288 128 0 0 0 0 0 4 0 0 0 0 0 0 0 0 0 0 0 0 0 0 0 0 8 0 0 0 2147483648 0 0 16 32768 0 0 0 0 0 0 0 0 33554432 0 256 0 0 0 0 0 9216 0 0 1024 0 0 0 0 0 32768 0 0 524288 0 0 0 0 67108864 0 0 0 512 0 0 0 0 0 0 0 0 0 0 0 0 0 0 0 4 0 32768 0 0 0 0 0 0 0 0 0 0 0 0 0 0 0 0 0 0 0 0 4194304 1024 0 0 0 0 0 0 0 0 0 0 1050624 0 0 64 0 0 0 0 0 4194304 0 0 0 8388608 0 0 0 0 0 0 1082130432 0 0 0 0 0 0 0 0 0 0 0 32768 0 0 0 0 16777216 0 0 0 0 0 0 0 0 0 128 0 0 0 0 0 0 0 0 0 0 0 0 0 65536 0 16384 0 0 0 0 0 0 0 0 65600 0 0 0 524288 134217728 0 0 0 0 0 0 0 0 0 0 0 0 0 0 0 0 0 0 0 1073741824 0 1024 0 0 0 0 0 0 0 0 0 0 0 0 524288 0 0 65536 16384 0 0 0 0 0 0 0 0 0 0 0 0 0 4 0 0 0 1048576 8 0 256 0 0 0 0 0 0 4096 0 0 0 0 0 32768 0 4 135823360 0 0 0 0 0 0 0 0 0 0 0 0 0 0 2048 0 0 0 0 268435456 0 0 0 0 0 67125248 0 0 0 0 0 0 0 0 0 0 0 0 0 0 0 0 0 0 0 0 0 0 0 0 0 0 0 0 0 0 128 0 0 0 2097152 0 0 0 0 0 0 0 0 0 0 0 0 0 0 0 0 0 256 0 0 0 0 0 0 0 0 0 0 0 0 2048 0 0 0 0 0 0 0 16 0 0 0 0 0 0 0 268435456 0 2048 0 0 0 0 0 0 0 0 0 67108866 0 524544 0 0 0 0 0 0 0 0 0 0 0 0 0 0 0 0 0 0 0 0 0 0 0 0 0 0 0 0 262144 0 0 0 0 0 0 0 0 524288 0 0 0 0 0 0 0 0 0 0 0 262144 385 0 0 0 0 0 0 0 0 0 8192 0 0 0 0 0 0 0 0 0 0 0 0 0 4194304 0 256 2 262656 0 0 0 33554432 0 0 0 0 0 288 0 0 1073741824 0 0 0 0 0 0 0 16777216 0 0 0 0 0 0 0 0 0 0 0 0 0 0 0 0 0 1048576 0 0 0 0 0 0 0 0 0 0 0 0 0 0 0 0 0 0 0 0 0 0 0 0 0 0 0 0 0 0 0 0 0 0 0 0 0 0 0 0 0 0 0 0 0 0 0 0 524288 0 33554432 0 0 0 0 0 0 0 0 0 0 0 0 0 0 268435456 0 0 0 0 0 0 0 1 0 0 0 0 0 2 0 0 0 2 0 0 0 0 0 0 2147516416 0 0 0 8 0 0 128 0 16 2147483648 0 0 0 0 0 65536 1024 0 2048 2147491840 0 0 1024 0 0 0 0 0 8192 0 0 0 0 32768 0 16781312 0 0 0 0 16777216 0 0 0 34 4194304 0 0 0 0 0 2 0 0 0 0 0 0 2048 0 0 0 0 4 0 0 0 0 65536 4096 0 0 0 268435456 0 0 0 0 0 64 1 0 281018368 16641 1075841024 32 0 805306368 65536 0 0 0 0 0 1024 0 0 0 0 0 0 0 0 0 0 0 0 0 0 0 0 0 0 8 0 0 0 0 0 0 0 0 134217728 16 0 0 0 0 0 0 16384 0 0 0 0 0 0 0 0 0 0 0 0 0 0 0 0 2147483648 0 0 0 0 0 256 0 0 0 0 0 0 0 0 0 64 0 0 0 0 0 0 0 0 0 0 0 0 4194304 4096 0 4 0 0 0 0 0 0 0 0 0 0 0 16 1073741824 0 0 0 0 0 0 0 0 0 0 0 0 0 0 0 0 0 0 0 0 8 0 0 0 0 0 0 0 0 0 0 0 0 0 0 0 0 0 0 0 0 0 0 0 0 0 0 4194304 32768 0 0 0 0 0 0 0 0 0 0 0 0 0 0 0 0 0 0 0 512 0 0 0 8650752 0 0 0 0 0 4194304 0 0 0 0 0 0 0 0 0 0 0 0 0 0 0 0 0 0 25198592 0 4096 0 1024 524288 1 0 0 0 0 536870912 8388608 0 0 0 0 0 0 0 0 0 256 2048 0 0 0 0 0 0 0 0 0 0 0 0 0 0 0 0 0 0 32768 0 0 0 256 0 0 0 4 0 537919488 0 0 0 0 0 0 0 0 0 0 0 0 0 0 0 0 16384 0 0 0 0 0 0 0 16777216 2214592512 0 0 1 0 0 0 0 0 134219776 0 0 0 0 0 1073741824 0 2 0 0 0 0 0 0 0 0 0 0 0 0 8388608 0 0 0 0 0 8192
is_linear=0
shrinkage=0.1


Tree=2
num_leaves=31
num_cat=13
split_feature=20 20 20 14 20 14 14 14 20 30 14 20 14 32 3 14 31 3 32 3 26 29 14 29 14 29 30 30 22 14
split_gain=10038.7 2357.87 1580.41 671.06 496.81 315.731 274.282 187.495 161.227 145.624 138.326 132.968 144.813 119.956 119.835 121.255 116.621 112.318 122.809 110.779 100.048 107.253 92.7905 88.8366 80.6346 96.955 89.7882 90.9136 74.4564 71.8046
threshold=0.093513358384370818 0.17877264320850375 0.048776902258396156 0 0.31676022708415991 1 2 3 0.027752486988902095 0.11157525703310968 4 0.024061904288828376 5 4111.5000000000009 6 7 0.12123842537403108 8 1127.5000000000002 9 2.5000000000000004 -1.0000000180025095e-35 10 -1.0000000180025095e-35 11 0.19078490138053897 0.016813158057630066 0.012445811182260515 49.500000000000007 12
decision_type=2 2 2 9 2 9 9 9 2 2 9 2 9 2 9 9 2 9 2 9 2 2 9 2 9 2 2 2 2 9
left_child=2 3 6 13 7 -4 8 28 -1 17 -11 -8 -13 -2 15 -7 -12 -5 -19 -18 21 -9 -21 -24 25 26 27 -16 -3 -15
right_child=1 4 5 9 -6 14 11 20 -10 10 16 12 -14 29 24 -17 19 18 -20 22 -22 -23 23 -25 -26 -27 -28 -29 -30 -31
leaf_value=-0.068895155140402592 0.12967272123203966 -0.0064132982177190117 0.070710738076657745 -0.0002556948465140141 0.22413452566401096 -0.046137912126386287 -0.090502855103911345 0.15080351082704099 0.48826561594557333 -0.014897017787901135 0.11256885550163272 0.03031560580144383 -0.069314273414195979 -0.020143434790934677 -0.081794073356156835 0.017910019817454253 0.17536688902094841 0.12600593348148328 0.028154762471621991 -0.025436194642250609 0.38110104868894018 0.058156022743062578 0.066999476799448995 -0.017609388568586112 -0.0021276931596440249 0.12797382806021571 -0.041559835502925413 0.36890524024148097 0.27312372870507595 0.085349103560047268
leaf_weight=7.7199707999825504 977.12404718995094 126.98615450412035 447.79873511195183 1586.4738556593657 972.23385232686996 362.08528584986925 4246.8541237190366 1156.5213707983494 15.871312305331228 258.1998213455081 384.84434849768877 149.88881208747625 4785.5329960435629 74.9572584182024 7.6970382332801845 1430.4147350490093 57.514904037117958 150.6601527929306 862.75822925567627 175.82394429296255 17.559642776846886 140.08697921782732 793.15976480394602 147.11393691599369 922.31421182304621 34.960330568253994 2306.8847690597177 10.693848334252833 10.301451921463011 569.14909525215626
leaf_count=116 10937 1379 5807 20755 6781 4912 67236 11075 193 3151 4740 2111 72659 857 115 19116 668 1800 10856 2154 161 1454 9313 1795 12814 447 32670 156 93 6669
internal_value=-0.00130721 0.085498 -0.0511757 0.0520525 0.168816 -0.0088842 -0.0765476 0.131761 0.214864 0.031595 0.0533893 -0.0774459 -0.0663675 0.106928 -0.0160151 0.00478814 0.0643852 0.0164878 0.0422846 0.0491337 0.142917 0.140794 0.0406928 0.0531959 -0.0273551 -0.0371627 -0.0398053 0.180276 0.0135732 0.0740849
internal_weight=23190.2 8461.47 14728.7 6037.78 2423.69 5522.85 9205.87 1451.46 23.5913 4416.55 1816.66 9182.28 4935.42 1621.23 5075.05 1792.5 1558.46 2599.89 1013.42 1173.61 1314.17 1296.61 1116.1 940.274 3282.55 2360.24 2325.28 18.3909 137.288 644.106
internal_count=312990 94638 218352 73695 20943 76037 142315 14162 309 55232 21821 142006 74770 18463 70230 24028 18670 33411 12656 13930 12690 12529 13262 11108 46202 33388 32941 271 1472 7526
cat_boundaries=0 8 16 23 31 38 45 66 73 97 110 117 124 131
cat_threshold=1097890 16396 1094713344 335544322 847324673 8192 558383120 1 537919842 67633160 12652576 1048590 752353313 2 25165888 1 536870912 0 0 0 4195329 131073 272629760 1078984705 134267008 134217764 327680 256 1081344 1048592 1 25297169 1074266528 135399812 50398216 68 1069312 40960 1074184 8388741 5243168 67110944 176161152 1073741952 2340683776 524288 8388672 0 0 0 8192 0 3328 524288 0 1024 411074704 256 1568 0 0 570425360 32904 1048584 0 96 1032 16818436 163856 67371296 1073741958 37121 335717376 131072 16 8421386 8192 0 0 0 8388608 0 0 2097152 33562624 2097152 8392704 0 8388608 131072 3489677312 131072 2048 268599296 2048 0 16777216 0 0 0 0 0 0 262144 0 0 0 0 33554432 512 2281701440 134225936 4112 524292 1073741824 32768 109052160 1073922052 2290090240 554698900 704654336 270338 32768 1075314712 16384 12 0 67108864 65536 0 524288
is_linear=0
shrinkage=0.1


Tree=3
num_leaves=31
num_cat=11
split_feature=20 20 20 20 15 30 20 15 15 32 32 3 25 15 32 31 32 22 29 29 5 13 13 15 30 25 3 32 18 15
split_gain=8041.57 2164.82 604.214 539.645 271.086 205.208 146.658 146.206 145.686 134.227 125.175 120.152 104.889 103.678 151.418 141.205 103.112 101.17 100.551 137.17 87.3828 85.0016 79.0022 76.7103 73.8861 125.008 67.1313 66.4906 66.0209 63.3807
threshold=0.078650549054145827 0.15868666768074038 0.04287791624665261 0.24982372671365741 0 0.11859711632132532 0.025229778140783313 1 2 3778.5000000000005 4353.5000000000009 3 13.500000000000002 4 3986.5000000000005 0.10728393122553827 1.0000000180025095e-35 -1.0000000180025095e-35 0.58506491780281078 -1.0000000180025095e-35 5 6 7 8 0.016813158057630066 2.5000000000000004 9 4005.5000000000005 26.500000000000004 10
decision_type=2 2 2 2 9 2 2 9 9 2 2 9 2 9 2 2 2 2 2 2 9 9 9 9 2 2 9 2 2 9
left_child=2 4 6 8 -2 7 -1 26 -3 11 23 17 20 14 15 -11 -9 -7 19 29 21 -8 -4 -10 25 -24 -6 -28 -20 -18
right_child=1 3 22 -5 5 9 12 16 10 13 -12 -13 -14 -15 -16 -17 18 -19 28 -21 -22 -23 24 -25 -26 -27 27 -29 -30 -31
leaf_value=-0.087383749286501763 -0.055659067780203075 -0.041656524912120081 0.081764660543343665 0.16744335748144124 0.042249581306981338 0.19142780140319482 0.064366622941448487 0.33808347149430129 0.186892137828396 0.63192521023716686 0.055748081745289169 0.035211286736550079 -0.099412437931056419 0.025270846461669206 0.075859282729415403 0.14069726488933662 -0.052494187829830008 0.091519340857939974 0.089916490465658583 -0.037066700481158663 0.16423758209595968 -0.057224591083029921 -0.00078268983175124203 0.09959483310499978 -0.027028594250350386 0.43940416915325953 0.32666633958178115 0.12712421536627258 0.40878687242612088 0.020517514959928523
leaf_weight=4190.8561633080244 385.18452543020248 80.536626115441322 61.262197285890579 1343.7396243140101 160.45197825878859 144.91905204206705 52.723806239664555 9.8048831522464734 128.90127469599247 10.216274090111257 638.78749369084835 306.20789455622435 604.30636777728796 1160.2148533761501 124.7212827578187 13.697303883731363 113.93651668727398 337.17281827330589 18.820903196930889 501.42704623192549 9.4651289656758291 3500.3380311317742 22.132556557655338 2012.8952133655548 3130.7155807167292 9.1058647595345956 20.957652941346169 82.17942551523447 9.9130754396319372 3932.1707922145724
leaf_count=71568 5347 898 835 8586 1897 1583 829 115 1233 109 6648 3589 10066 13576 1420 125 1526 3737 206 6901 87 55656 297 19199 45347 118 226 903 89 50196
internal_value=-0.0011234 0.0579681 -0.0599901 0.115169 0.0251637 0.0296825 -0.074175 0.018423 0.0906181 0.0558616 0.0942601 0.0884606 -0.0608901 0.0362278 0.112487 0.350558 0.0141101 0.119082 0.0134468 0.0122685 -0.0543556 -0.0552447 -0.0232092 0.106186 -0.0254212 0.12753 0.0895309 0.152851 0.199925 0.0183825
internal_weight=23117.8 11536.9 11580.9 4204.86 7332 6946.81 8357.69 4849.66 2861.12 2097.15 2780.58 788.3 4166.83 1308.85 148.635 23.9136 4586.07 482.092 4576.27 4547.53 3562.53 3553.06 3223.22 2141.8 3161.95 31.2384 263.589 103.137 28.734 4046.11
internal_count=312912 128109 184803 36564 91545 86198 138206 62059 27978 24139 27080 8909 66638 15230 1654 234 59033 5320 58918 58623 56572 56485 46597 20432 45762 415 3026 1129 295 51722
cat_boundaries=0 154 298 459 481 633 634 724 814 881 895 1045
cat_threshold=0 0 0 0 0 4 4194304 65536 0 1 128 0 0 0 0 0 0 0 0 0 128 16384 0 0 0 0 0 0 0 0 0 0 0 0 0 0 0 0 0 0 8388608 1048576 0 8 0 0 0 0 0 0 0 0 0 0 0 0 0 0 0 0 0 0 0 0 0 0 0 0 13312 0 0 1024 0 0 0 0 0 32768 0 128 524288 0 0 0 0 524288 0 0 0 0 0 0 0 0 0 0 0 2 0 0 0 0 0 0 0 8192 0 32768 0 1024 0 0 0 0 0 0 0 0 0 0 0 0 0 0 0 0 0 0 0 16 1048576 0 0 0 0 1073741824 0 0 0 0 1048576 0 0 0 0 0 1280 0 0 0 0 0 0 8388608 0 0 0 0 0 0 8388608 0 0 0 0 0 0 0 0 0 0 0 0 0 0 0 0 0 0 0 0 260 0 0 0 0 0 0 0 0 128 0 0 0 2097152 0 0 0 0 0 0 256 0 0 262144 0 0 0 0 64 0 0 64 0 0 0 0 0 0 0 0 0 16777216 0 0 2048 0 0 0 0 0 16 0 0 0 0 0 0 0 1024 0 268435456 0 2304 0 0 0 0 0 0 0 1073741824 0 67108864 0 65536 16384 0 0 0 0 4096 0 0 0 0 0 0 0 0 4 0 0 0 1048576 0 0 8388608 0 0 0 0 0 0 0 0 0 33554432 0 524288 32768 0 0 135823360 0 0 0 256 0 281018368 16780545 2176 16777264 0 0 0 0 0 0 0 0 0 0 0 0 0 0 0 0 0 0 4194304 0 33554432 0 262656 0 0 0 33554432 0 0 0 0 0 32 0 0 1073741824 134217728 0 0 0 0 0 0 16777216 0 0 0 0 0 0 0 0 0 0 0 0 0 0 0 0 0 1048576 0 0 0 0 0 0 0 0 0 0 0 0 0 0 0 0 0 0 0 0 0 0 0 0 0 0 0 0 4194304 0 0 0 0 0 0 0 0 0 0 0 0 0 0 0 0 0 0 0 0 0 33554432 0 4194304 0 0 0 8388608 0 0 0 0 0 0 0 0 0 0 0 0 0 0 0 0 1 0 0 0 0 0 2 0 0 0 0 0 0 0 0 0 0 0 0 0 16777216 0 0 32768 0 0 0 0 0 0 0 2097152 0 2097152 0 0 0 0 0 0 0 0 2048 0 0 0 0 268435456 16512 0 0 0 4194304 0 0 0 0 0 0 0 0 0 0 0 0 0 0 0 0 33685504 260 0 0 0 0 0 0 0 0 0 65536 0 0 0 0 0 8388608 0 0 0 256 0 4096 0 0 0 0 0 0 0 0 256 0 0 0 0 0 0 0 0 0 0 0 0 2176 0 524288 0 0 0 50 0 16 0 0 0 0 0 0 0 268435456 0 0 0 0 0 0 0 0 0 0 0 2 0 524288 0 0 2048 0 0 0 0 0 0 0 0 4194304 0 0 0 0 0 0 0 0 0 0 0 0 33554432 2147483648 0 0 0 0 0 0 0 0 0 0 0 524288 0 0 0 0 0 0 0 0 0 0 0 263168 58 0 0 0 2 524288 0 0 0 0 0 0 0 0 0 0 524288 16 0 0 0 0 0 0 4 67108864 0 0 0 0 0 8192 0 0 0 0 0 0 0 524290 0 0 0 1048576 0 0 262144 0 272 0 0 0 0 16777216 0 0 258 0 128 1024 0 0 8192 16 0 0 16384 1073807360 0 0 0 131072 0 0 0 0 0 0 0 0 0 0 0 0 0 32768 0 16777216 4096 67108864 8 0 0 0 0 524288 512 0 8388608 0 0 32768 0 0 0 0 0 0 0 0 16 0 0 0 0 0 0 65537 2098176 0 2048 8192 0 0 0 0 0 0 16777216 131072 0 0 0 0 301990144 32768 0 4096 0 0 0 0 134218752 0 0 0 32 0 0 0 83886080 0 0 0 0 8192 0 1073741824 0 0 0 0 0 0 0 4 0 0 0 256 0 0 0 0 0 0 0 0 4096 65536 2097152 0 67108864 33562624 4096 8914944 0 0 0 0 0 0 0 0 0 0 0 0 0 0 0 0 0 0 0 0 0 0 0 0 0 0 0 0 0 0 0 0 0 0 0 0 0 0 0 0 0 0 0 0 0 0 0 0 0 0 0 0 0 0 0 0 0 0 0 0 0 268697600 0 0 0 0 0 0 0 0 0 0 0 134217728 1048576 32 0 0 0 0 0 2 268435456 0 8912896 0 0 0 0 0 0 0 0 0 0 524288 16 0 0 0 0 0 131072 0 0 0 4194304 0 0 0 0 1048576 0 0 0 0 134349312 0 0 0 0 262144 0 0 0 512 0 0 0 0 0 0 0 0 0 0 33554432 0 0 0 262144 0 0 0 0 0 0 16512 2048 0 0 0 0 34 0 0 0 0 0 0 0 67108864 0 0 0 0 0 0 0 0 0 0 4096 0 0 0 0 0 0 0 0 0 0 0 0 0 0 65536 0 0 0 0 0 0 0 0 0 0 0 0 0 0 16777216 0 0 1024 0 0 0 0 0 0 0 0 0 0 0 0 0 64 0 0 0 0 0 4194304
is_linear=0
shrinkage=0.1


Tree=4
num_leaves=31
num_cat=22
split_feature=30 30 3 3 15 14 14 14 3 3 14 3 15 15 3 15 3 32 2 32 3 15 1 15 29 29 14 14 16 30
split_gain=5283.42 1261.65 824.867 420.426 359.519 356.902 303.787 262.753 192.371 168.946 158.416 142.549 139.16 134.473 132.083 132.73 128.168 142.171 124.072 111.016 104.404 102.213 99.0383 91.9172 87.1477 125.024 82.9776 81.9782 80.4147 95.0641
threshold=0.09828739240765573 0.053515162318944938 0 1 2 3 4 5 6 7 8 9 10 11 12 13 14 3757.5000000000005 15 4294.5000000000009 16 17 18 19 0.84693878889083873 -1.0000000180025095e-35 20 21 4.5000000000000009 0.14546187967061999
decision_type=2 2 9 9 9 9 9 9 9 9 9 9 9 9 9 9 9 2 9 2 9 9 9 9 2 2 9 9 2 2
left_child=1 5 13 -3 -5 9 -6 16 -7 -1 -9 -8 -10 -2 -12 -16 -4 -18 -13 28 -20 -22 -17 -24 25 -25 -23 -21 -15 -30
right_child=2 3 7 4 6 8 11 10 12 -11 14 18 -14 19 15 22 17 -19 20 27 21 26 23 24 -26 -27 -28 -29 29 -31
leaf_value=0.1275863774644177 -0.0089381648504862111 0.095244644990038416 -0.021553929522978691 0.17172472049595172 0.066225596675286227 0.040536744429180448 -0.064214336366271219 -0.028159706503452495 0.063644391359035019 -0.028555994206299465 -0.036972298490505817 0.071894522099245614 -0.070648655727122187 0.16506908304149706 -0.059226356080819421 0.12112684646415804 0.15118013969702154 0.073358108625875662 0.031233154894218376 -0.036967999570355861 0.037418897045637438 -0.050897200956241243 0.11814318574807954 0.044498414209948184 0.22961369750074009 -0.017862810737184348 -0.017802111166490799 0.094363333023537624 0.030768685084383653 0.12915521000243033
leaf_weight=130.70135222747922 88.520595662295818 381.92031647264957 106.62904233112931 95.818273834884167 430.96738537028432 160.72078745812178 637.72317921370268 386.79223542287946 73.396137464791536 134.80352318286896 213.48380395025015 151.89086396247149 7530.6872352808714 586.63236773014069 116.15664429962635 166.30873573571444 325.92538118362427 839.17438132315874 406.71172298491001 52.365079686045647 276.09518474340439 946.19753127917647 149.04245617240667 2851.9378309994936 23.779275991022587 362.33227507025003 3902.856164585799 458.32886043936014 109.80934282392263 929.52973603457212
leaf_count=1620 866 3621 1277 1043 5280 2126 10628 4655 1148 2093 2778 1584 130575 3560 1545 1488 3076 8369 5158 553 3293 13882 1495 31444 220 4361 54755 3664 913 6039
internal_value=-0.00164257 -0.0358147 0.0655005 -0.00551232 -0.0112541 -0.0630978 -0.0141007 0.0445734 -0.0669485 0.05015 0.0325087 -0.0196729 -0.0692705 0.116891 0.0386088 0.0430944 0.0845108 0.0943185 -0.0145713 0.122122 -0.0170709 -0.0209574 0.0465959 0.0425906 0.03876 0.0374687 -0.0243514 0.0820209 0.135468 0.11876
internal_weight=23027.2 15260.5 7766.75 7230.18 6848.26 8030.31 6752.44 5541.56 7764.8 265.505 4269.83 6321.47 7604.08 2225.19 3883.04 3669.56 1271.73 1165.1 5683.75 2136.67 5531.86 5125.15 3553.4 3387.09 3238.05 3214.27 4849.05 510.694 1625.97 1039.34
internal_count=313109 236806 76303 99244 95623 137562 94580 60708 133849 3713 47986 89300 131723 15595 43331 40553 12722 11445 78672 14729 77088 71930 39008 37520 36025 35805 68637 4217 10512 6952
cat_boundaries=0 21 45 185 192 200 207 228 247 254 278 441 588 610 774 795 804 828 981 982 1113 1120 1127
cat_threshold=0 0 256 0 0 0 262144 262144 16384 0 0 33562624 16908320 4 0 1048576 0 8650752 335612928 2097186 2147483648 32768 1048576 134217728 1024 0 0 0 262144 81920 0 16384 2684354560 1102049 262144 0 134217728 4260352 41943040 272699392 0 2097153 0 0 16777216 0 0 0 0 0 0 545259520 0 131072 0 0 0 0 0 0 0 0 0 0 0 0 0 0 0 4194304 0 4194304 4 0 0 0 0 0 0 0 0 128 0 0 0 2097152 0 0 0 0 0 0 0 0 81920 0 0 0 0 0 64 0 0 65536 0 0 0 0 0 0 0 0 8 0 0 0 2048 0 0 0 0 0 16 0 0 0 0 0 0 0 1536 0 0 0 0 8 128 0 0 0 0 0 0 0 67108864 0 65536 16384 0 0 0 0 0 0 0 0 0 0 0 0 0 4 0 0 8 1048576 8 0 256 0 0 0 0 0 0 0 0 0 8388608 0 524288 0 8192 0 134250496 537968642 67633153 1048576 12 114295169 1073883297 180371456 537919778 1074266128 5312512 1572870 817889793 1050752 138674496 1 2148551074 16396 1094713344 67108864 704651264 532482 4738064 131072 570425408 4 0 0 33554432 4096 8388609 134217728 4 2098176 176160896 2624 66560 0 0 2147484720 8192 0 16 67240960 402653184 8388614 1082130432 1 0 8 2097152 0 0 4194304 2097152 0 3408128 48 0 0 0 2147483648 32 33955856 1275077024 131472 65544 524288 1074970881 336633856 478150656 272629829 1073741824 256 0 8 4194304 4194304 33554432 1 630785 1 2056 134217744 0 0 0 0 32 0 0 0 4198560 32768 0 0 0 8 0 0 1207959552 65536 0 0 0 0 0 0 0 0 0 0 0 0 0 0 268435456 0 0 0 0 0 0 0 0 0 0 0 0 0 0 65536 0 0 0 1048576 0 0 16 268435456 0 0 0 16384 0 0 1073741824 0 1048576 0 0 1073741824 0 0 0 0 524288 0 0 0 0 0 0 0 0 0 0 0 0 0 0 0 0 0 0 0 0 1073741824 0 0 0 0 0 0 8388608 0 0 0 0 0 0 0 0 0 0 16 0 0 524288 0 32768 262144 16777216 0 0 0 0 0 0 0 32768 0 0 0 0 0 0 0 0 0 0 0 0 0 0 0 0 0 0 0 0 0 0 0 16384 0 0 0 0 0 0 0 0 0 1 0 0 4096 128 0 0 0 0 0 134217728 0 16 0 0 0 0 0 0 1073741824 0 0 0 0 0 0 0 0 0 0 0 0 0 0 0 0 0 0 33554688 0 262656 0 0 0 0 0 0 0 0 0 65824 0 0 0 0 0 0 0 0 0 0 16777218 0 0 262144 0 0 0 1024 0 0 0 0 0 0 0 0 0 0 1048576 0 0 0 0 0 8388608 524288 0 0 0 0 0 0 0 0 0 0 0 0 0 0 0 0 0 0 0 0 0 524288 0 0 0 0 0 8388608 0 4194304 0 0 0 0 0 0 0 0 0 0 0 524288 0 0 0 4194304 0 0 0 0 0 0 0 0 0 0 0 0 0 0 0 0 0 0 0 0 32 0 0 0 0 0 2 524288 536870914 134217728 0 0 33562625 138412032 8388609 134217728 8192 0 679477248 264 66048 0 268435456 4 2181038080 136 16777216 1074397184 134219776 0 0 0 0 0 4 0 65568 0 0 4 0 0 0 0 0 0 0 0 524288 0 0 0 0 0 0 4 0 2097152 0 0 0 8 0 0 0 0 0 0 0 0 0 0 8 0 0 0 0 0 16777216 0 32768 0 0 524288 1 0 0 0 0 33554432 0 0 0 0 0 0 0 12288 0 0 1024 0 0 0 0 0 32 0 0 524288 0 0 0 0 0 0 0 0 1024 0 131072 2097152 0 0 65536 0 2 0 0 0 0 0 0 0 0 0 0 0 0 0 0 0 0 2147483648 0 0 0 0 0 0 0 0 0 0 0 0 0 0 1024 0 0 0 0 0 0 0 0 0 0 1048576 0 0 0 0 0 256 0 0 4194304 0 0 0 0 0 0 0 0 0 4194304 0 0 0 8192 524288 8388608 0 1 0 0 0 16777216 0 0 0 67108864 16518 65544 0 0 36 2147483648 4718720 17825792 1152 0 2147483648 0 4194304 32 0 0 0 4096 524288 8388608 16777226 0 0 0 1375731712 16779520 0 0 0 0 536872452 520 0 17833984 2147484672 809762816 8 0 524288 8192 0 4194304 0 0 0 0 0 0 134217728 64 0 0 0 0 0 0 0 0 0 32768 0 0 0 0 0 0 18874369 0 0 272 32 0 0 0 0 128 0 0 0 0 0 0 0 0 0 0 0 0 0 65792 4 0 0 0 0 0 0 0 0 0 68 0 0 0 524288 0 0 0 0 0 0 0 0 524288 0 0 0 0 0 0 0 0 0 0 0 0 0 0 0 268435456 0 0 0 0 0 0 0 0 0 0 0 2 0 256 0 0 0 0 0 4096 0 0 0 0 0 16384 0 0 0 0 0 37748736 256 0 0 0 0 0 0 0 0 0 4096 0 0 0 0 0 0 0 0 1572864 0 0 0 0 0 0 0 524288 0 0 0 536871936 524288 44173312 0 67108864 135168 4096 268435456 67108864 0 0 0 0 0 0 0 0 0 0 0 0 0 0 0 0 0 0 0 0 33554432 0 0 0 0 0 0 0 0 0 0 0 0 0 0 0 0 0 0 0 0 0 0 0 0 0 0 0 0 0 0 0 16384 0 0 0 0 0 0 0 0 0 0 0 0 0 0 524288 0 0 0 0 0 16 0 0 0 16 0 0 0 268435456 0 0 0 0 0 0 0 0 0 0 0 0 0 524288 0 0 0 0 0 0 0 0 0 0 0 4194304 0 0 0 0 0 0 0 0 0 0 0 0 0 0 0 0 262144 393216 2290106656 16810004 570688768 8262 1073774848 605159944 67108864 150994944 4 590848 545325056 2 2048
is_linear=0
shrinkage=0.1


Tree=5
num_leaves=31
num_cat=16
split_feature=20 20 20 20 15 15 29 3 15 29 15 32 29 29 15 3 15 5 15 20 15 25 26 27 3 3 19 15 0 10
split_gain=5460.01 1106.63 545.363 345.343 165.163 148.142 136.115 132.598 132.028 122.943 117.303 125.194 90.3346 146.572 85.1134 78.8438 75.5776 66.7576 65.4045 65.2652 64.3241 61.0066 59.3148 65.2891 95.3625 65.9527 55.7596 49.2428 48.5276 46.6567
threshold=0.078650549054145827 0.12337249144911767 0.03054610546678305 0.24982372671365741 0 1 -1.0000000180025095e-35 2 3 0.2137710973620415 4 4073.5000000000005 0.36237373948097235 -1.0000000180025095e-35 5 6 7 8 9 0.01679024659097195 10 1.0000000180025095e-35 4.5000000000000009 1.0000000180025095e-35 11 12 61.750000000000007 13 14 15
decision_type=2 2 2 2 9 9 2 9 9 2 9 2 2 2 9 9 9 9 9 2 9 2 2 2 9 9 10 9 9 9
left_child=2 4 14 8 -2 -6 7 26 -3 -8 21 20 13 16 -1 27 -7 -9 -18 -16 -12 -10 23 25 -25 -22 -4 -13 -26 -20
right_child=1 3 6 -5 5 12 9 17 10 -11 11 15 -14 -15 19 -17 18 -19 29 -21 22 -23 -24 24 28 -27 -28 -29 -30 -31
leaf_value=0.058843404569961913 -0.066109665997200126 -0.043335454548272527 -6.281849000555052e-05 0.11524504048999254 0.17115188074494919 -0.034086773521665274 -0.073194017718056906 -0.036861612930474345 0.15396553843827371 0.076926677572827201 -0.0079926439546682809 -0.01959298744789098 0.12863030057933389 -0.029688142443102236 -0.093348520254691203 0.00050582733519396268 0.062979313927044353 0.14517595878631509 0.12576966141263124 -0.070010854097516159 -0.0098821452915101304 0.045456096231542592 0.29804959887751353 0.011576655758259896 0.13936513899513808 0.091805381539185923 0.16275814460736057 0.057168187046401302 0.056265072679419617 0.01895414424185593
leaf_weight=42.309638660401106 231.98517167568207 116.40698597580194 1327.9479387886822 1562.0439893826842 52.943695589900017 234.61344076693058 941.05987046658993 2817.2910017967224 226.66331179440022 57.910640090703964 100.94298279285431 91.596133850514889 71.216741412878036 646.60685917362571 1830.1712788753211 452.12225908786058 376.39360171556473 11.068000823259352 31.944279432296753 3470.8265930041671 72.893949933350086 67.167245738208294 12.015155993402002 352.63688924908638 120.21289318054914 1422.8899629786611 21.371386144310236 992.92967940866947 286.81193106621504 4874.3855981901288
leaf_count=722 3347 1300 19268 8519 485 3437 16055 46880 1828 753 994 855 693 8850 35901 4673 3987 92 385 65171 645 593 98 3214 1006 12220 298 9188 2438 59459
internal_value=-0.00147585 0.0434872 -0.0544633 0.0749554 0.0151211 0.0181941 -0.0313311 -0.0234018 0.0603714 -0.0644915 0.0631992 0.0582486 0.0166233 0.0153562 -0.076874 0.0361689 0.0206352 -0.0356403 0.0230863 -0.0779212 0.0728202 0.12491 0.0761174 0.0752726 0.0513984 0.0873975 0.00249753 0.0505654 0.0835617 0.019904
internal_weight=22917.4 12397.4 10520 5877.33 6520.09 6288.1 5176.65 4177.68 4315.29 998.971 4198.88 3905.05 6235.16 6163.94 5343.31 1536.65 5517.34 2828.36 5282.72 5301 2368.4 293.831 2267.46 2255.45 759.662 1495.78 1349.32 1084.53 407.025 4906.33
internal_count=313354 128214 185140 47571 80643 77296 83346 66538 39052 16808 37752 35331 76811 76118 101794 14716 67268 46972 63831 101072 20615 2421 19621 19523 6658 12865 19566 10043 3444 59844
cat_boundaries=0 154 314 336 496 633 794 807 965 966 1118 1282 1306 1330 1443 1444 1445
cat_threshold=0 0 0 0 0 4 4194304 589824 8388608 1 0 0 0 0 0 0 0 0 0 0 0 16384 0 0 0 0 0 0 0 0 0 0 0 0 0 0 0 0 0 0 8388608 0 0 8388608 0 0 0 0 0 16777216 16 0 0 0 0 0 0 0 0 0 0 0 256 0 0 0 0 0 15360 2147483648 0 0 0 0 0 0 0 32768 0 128 0 0 0 0 0 0 0 0 0 0 0 0 0 0 0 0 0 0 0 0 0 0 0 0 0 8196 0 32768 0 0 0 65536 0 0 0 0 2048 0 0 0 0 0 0 0 0 0 16777216 0 0 1040 0 0 0 0 0 1073741824 0 0 0 0 1048576 0 0 0 0 0 256 0 0 0 0 0 0 8388608 0 0 0 0 0 67108864 0 0 0 0 0 0 0 0 0 0 0 0 0 0 0 0 0 0 0 0 33554432 0 0 0 0 0 0 0 0 0 128 0 0 0 2097152 0 0 0 0 0 0 0 0 0 0 0 0 0 0 0 0 0 0 0 0 0 0 0 0 0 0 0 16777216 0 0 0 0 0 0 0 0 16 0 0 0 0 0 0 0 1024 0 0 0 0 0 0 0 0 0 0 0 0 0 67108864 0 0 0 0 0 0 0 0 0 0 0 0 0 0 0 0 4 0 0 0 1048576 0 0 0 0 0 0 0 0 0 262144 0 0 0 0 0 0 0 0 0 0 0 0 0 0 0 0 0 0 0 0 1024 0 0 0 0 0 0 0 65536 285212672 68157506 68 2097177 0 1342701568 1082195970 10240 537395200 0 0 0 13107200 8192 0 0 2097156 65536 0 0 0 8192 0 12582912 17319937 1073744000 16777216 0 0 65536 0 8192 0 0 0 1024 0 0 0 0 0 0 0 0 0 0 0 256 0 262656 0 0 0 8 8 0 0 0 0 0 0 0 0 134217728 16 1073741824 0 0 0 0 0 0 0 0 0 0 0 0 0 0 0 0 0 0 0 0 0 0 1048576 0 0 0 0 0 2048 0 65536 0 0 0 0 0 0 0 0 0 0 0 0 0 0 0 0 0 0 0 0 0 4096 0 0 0 0 0 0 0 0 0 0 0 0 0 0 0 0 0 0 524288 0 33554432 0 0 0 0 0 0 0 0 0 0 0 0 0 0 268435456 0 0 0 0 0 0 0 0 0 0 0 0 0 0 0 0 0 0 0 0 0 0 0 0 0 0 4194304 65536 0 33693696 0 8980480 0 0 0 0 0 0 0 0 0 0 0 0 32768 0 0 0 0 0 0 0 0 0 0 0 0 0 0 0 0 0 0 0 0 0 0 0 0 0 8388608 0 0 4 0 0 0 0 0 0 0 0 0 0 0 16384 0 0 0 0 0 0 0 270794752 0 0 0 0 0 0 0 0 0 0 0 0 0 0 0 0 0 0 0 0 0 0 0 0 0 0 0 0 0 0 0 0 0 0 0 0 536870912 0 0 0 0 0 0 0 0 0 4194304 0 0 0 0 0 0 0 0 0 0 0 0 33554432 0 0 0 0 0 0 0 0 0 16384 0 0 0 0 0 0 4 0 0 0 0 0 0 0 0 0 0 0 8192 0 0 0 0 0 0 0 0 0 0 0 32768 0 524288 134217728 0 0 0 0 0 32 0 0 0 0 16 0 0 0 0 16384 0 0 64 0 0 0 0 0 0 0 0 0 0 0 0 0 0 0 128 0 0 0 0 0 0 0 0 0 0 32768 0 0 0 0 0 0 0 0 1048576 0 0 0 0 0 0 0 0 0 0 536870912 0 8388608 0 0 524416 16384 32768 0 16777216 131072 0 0 0 0 0 0 1140883456 0 0 0 0 0 0 0 0 65536 0 0 262144 4194304 0 0 0 131072 0 0 0 0 0 0 0 0 0 0 0 0 0 131072 0 0 1 0 0 4096 0 0 0 0 0 0 131072 0 0 0 1024 0 0 262144 262144 0 0 16384 0 544 0 0 0 0 0 2 0 0 524288 0 128 0 0 0 0 0 0 0 0 524288 128 0 0 0 0 0 0 0 0 0 4194304 0 0 0 0 1048576 0 0 0 0 134348800 0 0 8 0 0 0 2147483648 8 512 0 0 0 0 0 0 0 0 0 0 0 0 0 0 262144 0 0 0 0 0 0 1024 0 0 0 0 0 0 0 0 524288 0 0 0 0 268435456 0 0 2048 512 0 0 2097152 0 0 256 0 0 0 4 0 0 0 0 0 0 0 0 0 0 0 128 0 0 0 0 0 0 0 512 0 0 0 0 0 0 0 0 0 2048 0 0 16 0 0 0 0 0 0 0 0 0 0 0 0 0 1024 0 0 4194304 0 0 0 0 0 0 0 8388608 58 0 0 0 0 0 33570816 142606336 0 0 4194304 0 0 0 262144 0 0 0 0 0 0 0 0 0 0 2097152 0 0 0 0 0 0 524288 0 0 0 0 0 0 0 0 0 0 0 0 0 0 0 0 0 20480 0 0 0 0 0 0 0 0 320 0 0 0 0 0 0 0 0 8 0 0 0 2048 0 0 0 0 0 0 0 0 0 0 0 0 0 512 0 268435456 0 0 0 0 268435456 0 0 0 0 0 16 2 0 524288 0 0 0 0 0 0 0 0 0 0 0 0 0 0 0 0 0 0 33554432 8 0 0 0 0 0 536870912 0 0 4096 0 0 33554432 0 0 32768 0 0 135790592 0 0 0 256 0 0 0 524288 0 0 0 262144 0 268435456 70 10485760 4194304 0 1879048192 67108864 0 0 0 0 0 0 0 0 0 0 0 0 0 0 0 0 0 0 2 0 0 0 0 0 0 0 0 0 0 65536 0 0 1073741824 0 0 0 0 0 0 0 0 16384 0 0 0 0 0 0 0 0 0 0 0 0 0 0 0 0 0 0 0 0 0 0 0 0 0 0 0 0 0 0 0 0 0 0 0 0 0 0 0 0 0 0 0 0 0 4194304 0 0 4 0 0 0 0 134217760 0 0 0 0 4 0 16 1073741824 0 0 0 0 0 0 0 4194304 0 0 0 8388608 0 0 0 0 0 0 0 0 8 8388608 0 0 0 0 262144 0 1073741824 0 0 0 0 0 2 0 0 0 0 524288 0 0 0 0 0 0 0 0 0 0 0 32 0 0 16809984 0 0 0 262144 0 268435456 0 16384 603980800 33587717 4194370 0 8192 32 33554432 4329728 4196368 66561 0 0 16777216 0 264 8 0 0 0 0 0 0 0 0 9216 16777728 4194304 0 16785408 0 262144 655360 2048 134742016 0 0 16777216 0 1835008 34048 4096 5275664 0 0 0 0 0 0 0 0 0 0 0 0 0 0 0 0 0 0 4194304 0 33554432 0 0 0 0 0 0 0 0 0 0 0 288 0 0 0 0 0 0 0 0 0 0 16777216 0 0 0 0 0 0 1024 0 0 0 0 0 0 0 0 0 0 0 0 0 0 0 0 0 0 0 0 0 0 0 0 0 0 0 0 0 0 0 0 0 0 0 0 0 0 0 0 0 0 0 536870912 0 0 0 4194304 0 0 0 0 0 0 0 0 268435456 9 65
is_linear=0
shrinkage=0.1


Tree=6
num_leaves=31
num_cat=17
split_feature=20 20 20 14 14 14 14 30 14 3 3 3 23 13 20 14 29 3 32 13 20 20 14 3 13 3 31 29 32 3
split_gain=4582.8 920.963 440.266 328.587 304.748 167.276 166.008 140.104 118.236 102.542 93.0927 87.8338 85.5527 84.7649 82.9599 124.591 76.4346 72.7127 203.348 77.2249 72.8656 71.3092 70.5223 94.2327 67.1353 66.2848 62.6264 54.5182 53.9525 83.3907
threshold=0.068297538906335845 0.17877264320850375 0.032151246443390853 0 1 2 3 0.12586309760808947 4 5 6 7 -1.0000000180025095e-35 8 0.01679024659097195 9 -1.0000000180025095e-35 10 4463.5000000000009 11 0.06038963049650193 0.032846067100763328 12 13 14 15 0.0079388399608433264 0.67083334922790538 4111.5000000000009 16
decision_type=2 2 2 9 9 9 9 2 9 9 9 9 2 9 2 9 2 9 2 9 2 2 9 9 9 9 2 2 2 9
left_child=2 4 14 21 9 11 -6 13 10 -2 -5 -3 -9 -8 -1 -16 -11 18 -10 -19 -20 -4 -7 -24 -14 -15 -21 -25 29 -27
right_child=1 5 3 8 6 22 7 12 17 16 -12 -13 24 25 15 -17 -18 19 20 26 -22 -23 23 27 -26 28 -28 -29 -30 -31
leaf_value=-0.092146338575926454 0.0049773308535207249 -0.022400573211910094 0.23440971279865166 -0.0025311709727345805 -0.021529486067544127 0.14182256081853672 0.086412661366800259 0.071960505657442733 -0.0033838843605227191 0.096367085634447 -0.075193016733297105 0.098609450377159333 0.14933779889733553 0.035177609828217771 0.032953977155831746 -0.068687373828557968 0.00027972468852666816 0.085607246381854629 0.54765541949207475 0.27741771758220424 0.17835926666384688 0.069183688065085014 0.10698196032375128 0.064376917793334695 0.026272270849511205 -0.022762223126526534 -0.034754442955094021 0.1993095193939321 -0.011839351948243574 0.021109751804815068
leaf_weight=1694.1024642363191 204.39563893899322 225.03323244303465 30.615168657153845 223.42974761873484 1076.2634137533605 273.65341617166996 132.29052590951324 594.21727900207043 301.90366053208709 805.50625254958868 1044.5224715732038 70.726220116019249 36.42178700491786 748.97756501287222 123.85040261223912 3393.0459026992321 92.269075699150562 46.794224493205547 7.801563877612355 6.4431692957878104 16.953000262379646 177.93822801113129 1128.8633223474026 1545.6017774194479 2137.0306646823883 542.47247793897986 2472.49082878232 30.535452872514725 1535.5898755528033 2029.2345342822373
leaf_count=36122 2526 1936 355 3533 13649 1656 1528 5715 5214 7275 18999 427 351 8522 2036 67748 947 731 146 78 215 2447 5576 11149 21176 7393 40609 200 19952 24940
internal_value=-0.0015727 0.0365707 -0.0543867 -0.0308168 0.0214116 0.0825641 0.0151541 0.0202655 -0.0370162 0.070778 -0.062509 0.00881572 0.0383355 0.0102808 -0.0739668 -0.0652096 0.0855389 -0.0255053 0.0186381 -0.0312654 0.294745 0.0891632 0.0895565 0.0837661 0.0291425 0.00801247 -0.0338067 0.0665687 0.00298542 0.011849
internal_weight=22749 13209.1 9539.89 4328.89 9934.67 3274.41 8832.5 7756.23 4120.34 1102.17 1267.95 295.759 2767.67 4988.56 5211 3516.9 897.775 2852.39 326.658 2525.73 24.7546 208.553 2978.65 2705 2173.45 4856.27 2478.93 1576.14 4107.3 2571.71
internal_count=313151 134918 178233 72327 113974 20944 103226 89577 69525 10748 22532 2363 27242 62335 105906 69784 8222 46993 5575 41418 361 2802 18581 16925 21527 60807 40687 11349 52285 32333
cat_boundaries=0 8 15 23 30 37 58 81 102 193 200 207 298 305 325 406 430 452
cat_threshold=1572864 67633152 135200 1048576 738219521 137217 2369782528 1 1074790562 16777738 557842944 202899460 947978273 130 29622336 13648896 1207976578 545390868 68158464 134217984 1081344 34775056 1 42074177 8608 134381844 17039360 1073741894 1073875233 336633856 1140981776 134226176 65680 721684480 262146 49414 655368 524288 8388608 0 0 0 0 0 16777216 0 0 0 142606336 17474 1024 0 0 20 2147500032 1048576 17825792 67239936 1073741824 0 291840 65604 0 1210056705 524608 67108865 536870912 4 0 0 526336 0 33554432 268435490 256 0 130 0 0 8192 262144 0 0 256 0 0 0 0 262144 0 0 0 536870912 135201 4 0 8192 0 0 67108864 0 2147483648 0 0 0 0 524288 0 0 0 0 0 2147516416 0 0 0 0 0 0 0 0 0 33554432 0 0 0 0 0 4096 0 0 2048 0 0 0 0 0 0 0 0 0 0 0 132 0 0 32768 0 16781312 268435472 0 0 0 134217728 0 0 16384 256 0 0 1024 0 0 0 262146 0 0 0 16777216 0 33554432 2048 0 0 0 0 516 0 0 134348800 0 0 0 0 0 0 67108864 0 0 0 0 1073742848 16 134234144 8389252 1179648 1574912 198182272 1073741952 260055296 33554432 4 0 2097153 0 2709684224 1118868 0 0 0 0 524288 0 0 0 0 0 2 0 0 0 0 0 1048576 0 0 16 0 0 0 0 0 0 65536 0 0 0 10240 0 0 0 0 0 0 0 131074 0 0 0 0 33554688 0 0 0 0 0 128 0 150994944 0 128 0 288 0 0 1024 67108864 0 0 0 0 0 0 1073741824 0 0 0 0 0 0 0 1073742336 0 0 0 0 0 0 0 0 4 0 0 0 4096 0 0 512 2147483904 0 0 8 9437184 524288 526336 0 0 256 0 0 0 0 0 16384 0 0 0 0 4 0 0 0 8388608 335546368 34 0 0 0 0 524288 0 0 0 0 0 0 0 0 0 0 0 0 0 0 0 0 0 0 0 0 0 0 0 0 0 0 0 131072 2097152 0 0 0 0 0 0 0 0 0 0 32768 0 0 0 0 0 0 0 0 0 0 0 0 0 0 0 0 0 0 0 0 0 0 67108864 0 0 0 32768 0 0 0 0 0 0 0 0 2048 0 64 411041794 1024 0 270336 0 0 268435456 0 16384 3221225472 512 544 0 0 2147550736 3254779904 1048576 0 134417409 0 0 16777216 0 605028370 8 8192 0 301989888 33554432 8388608 0 0 131072 234889360 8388610 0 0 0 35651590 163976 0 16779264 67108864 2048
is_linear=0
shrinkage=0.1


Tree=7
num_leaves=31
num_cat=19
split_feature=20 20 14 14 20 15 15 20 14 3 14 15 3 14 25 14 14 3 3 32 3 14 31 15 31 29 29 14 15 32
split_gain=3846.75 938.329 266.64 246.959 210.252 202.615 177.256 152.105 146.418 112.137 107.274 114.779 99.3215 93.0039 91.98 80.7558 80.505 129.472 79.3509 78.451 126.844 76.8879 66.8578 64.6421 61.6294 54.4638 79.4043 59.9709 62.9461 52.1829
threshold=0.06038963049650193 0.12337249144911767 0 1 0.23409326374530795 2 3 0.020850681699812416 4 5 6 7 8 9 8.5000000000000018 10 11 12 13 4254.5000000000009 14 15 0.024281934835016731 16 0.033358646556735046 0.46770833432674414 -1.0000000180025095e-35 17 18 3200.5000000000005
decision_type=2 2 9 9 2 9 9 2 9 9 9 9 9 9 2 9 9 9 9 2 9 9 2 9 2 2 2 9 9 2
left_child=2 3 9 18 8 -5 22 -8 -3 -1 -7 -12 13 -13 16 -10 -9 19 29 -18 -21 -6 -4 -17 -14 26 27 -26 -29 -2
right_child=1 4 6 5 21 10 7 14 15 -11 11 12 24 -15 -16 23 17 -19 -20 20 -22 -23 -24 -25 25 -27 -28 28 -30 -31
leaf_value=0.12509451957242654 0.32327196217759135 0.078695551509225914 0.37248821402595078 0.10341385954301333 0.011217999264075691 -0.030805075944963983 -0.084158626448308793 -0.069187086687825 -0.021807605871997204 -0.010700891670441075 -0.050078315083587212 -0.029943220588935882 0.19259839815069055 0.029809255977688243 -0.086126384534909894 -0.021407606001627007 -0.0061116876210725122 -0.047123182398361746 0.044516243726548999 0.29191246941535698 0.0063095474640293275 0.088532082433731882 0.069359453425573467 0.04207985865547284 -0.014324884180576803 0.10865555956790039 -0.025151847921641431 -0.049787888368292829 0.023465934877798651 0.11984709635923085
leaf_weight=91.949615079909563 14.163429431617258 976.16990561038256 8.3370803929865342 179.39055868238211 154.48153758794069 1050.7360825575888 2444.4976822063327 1271.246292475611 235.85073520988226 153.68780523538589 367.57876052334905 1115.9641484618187 19.183682352304459 331.36814002692699 741.37687995657325 167.90172186493874 365.97704399377108 2488.0483258254826 610.73990401253104 14.680497691035271 54.520814962685108 1927.6463751196861 57.174081165343523 2933.8819083273411 548.42690308019519 58.782562345266342 517.30731200799346 113.12875594943762 3497.2117815688252 114.98455853015184
leaf_count=1060 133 7715 139 1699 891 14460 55800 24890 2358 2482 5560 16508 249 4695 15717 1672 6820 47852 6287 213 998 10118 933 24926 6625 517 7259 1521 41692 1367
internal_value=-0.00137416 0.0282158 -0.0588301 0.00652246 0.0571777 0.00124251 -0.062165 -0.0636728 0.0445814 0.0430365 -0.00129531 0.00346458 0.00671378 -0.0161522 -0.0536562 0.0342655 -0.0479171 -0.0382995 0.0613321 0.0120736 0.109993 0.0832749 0.0936421 0.0385855 0.0136944 0.0129985 0.011796 0.0163919 0.0210394 0.13194
internal_weight=22626.4 14934.9 7691.5 8538.97 6395.93 7799.08 7445.86 7380.35 4313.8 245.637 7619.69 6568.95 6201.37 1447.33 4935.85 3337.63 4194.47 2923.23 739.888 435.178 69.2013 2082.13 65.5112 3101.78 4754.04 4734.86 4676.07 4158.77 3610.34 129.148
internal_count=313156 156252 156904 108572 47680 100785 153362 152290 36671 3542 99086 84626 79066 21203 96490 28956 80773 55883 7787 8031 1211 11009 1072 26598 57863 57614 57097 49838 43213 1500
cat_boundaries=0 7 15 167 328 335 349 356 511 535 542 549 556 580 602 604 611 771 778 936
cat_threshold=541066272 67633156 1085472 2048 240125057 1073881249 314589184 554713474 524800 536936488 2 1753284865 532610 25691712 1 0 0 0 0 0 67125248 1619001344 0 0 0 0 0 0 262144 0 0 0 0 32768 0 0 0 0 0 0 0 33554432 0 0 0 0 0 2 0 0 0 128 0 0 0 0 0 0 0 0 0 0 0 0 4096 0 0 0 0 0 0 0 0 320 0 0 0 0 134217728 0 0 0 0 0 0 0 2048 0 0 0 0 0 16 0 0 0 0 0 0 0 1024 0 268435456 0 2048 0 0 0 0 0 0 0 0 0 0 0 256 16384 0 0 0 0 4096 0 0 0 0 0 0 0 16384 4 0 0 0 1048576 0 0 256 0 0 0 0 0 0 262144 0 0 8388608 0 0 0 0 4 32768 0 0 0 0 0 0 0 0 0 0 0 1024 0 0 0 72 0 0 8388608 0 0 0 0 0 0 0 0 0 0 0 0 0 0 0 1073741824 0 0 0 4194304 0 0 0 0 0 0 0 0 0 0 0 0 32 16384 0 0 0 4112 0 256 0 0 16384 0 0 1073741824 0 1048576 0 0 0 64 0 0 0 0 0 0 0 8 0 0 0 0 0 0 0 0 0 0 0 0 0 0 64 0 1073741824 0 0 0 0 0 256 0 128 0 0 0 0 0 0 4 0 0 16 0 0 524288 0 32768 0 0 0 0 0 0 0 0 0 0 0 0 12 0 0 0 0 0 65536 0 0 0 0 0 0 0 0 0 0 2 0 0 0 16384 0 0 0 0 0 0 0 33554432 0 0 0 0 4096 0 0 0 0 0 0 134217728 2214594594 28 1094713344 335552512 882127392 524288 155467792 67108864 4 0 0 0 8 0 0 67108864 0 0 1 0 16 394304 2281701796 163860 671099136 2147745862 1073741825 1946198016 0 0 0 0 0 4 4194304 65536 0 1 132 0 0 0 0 0 0 0 0 0 656 16384 0 0 0 0 0 0 0 0 0 0 0 0 0 0 0 0 0 0 8388608 0 0 8 0 0 0 0 8 0 16 0 0 0 0 1 0 0 0 0 0 0 0 0 0 0 0 0 11264 0 0 0 0 0 0 0 0 0 0 128 524288 0 0 0 0 0 0 0 0 0 0 0 0 0 0 0 0 0 0 0 0 0 0 0 0 8192 0 32768 0 0 0 0 0 0 0 0 0 0 0 0 0 0 0 0 0 0 0 0 0 1040 1048576 1048576 0 0 0 0 0 0 0 0 1048576 0 0 64 0 0 256 0 0 0 0 0 0 8388608 128 302120960 603980290 0 4202496 0 3072 8454144 0 134217728 0 131072 142868608 540672 0 0 8519680 2097156 65544 1048580 0 0 10240 0 4194304 3229622277 1686126594 1050752 33554472 20640 2147647744 34867216 54525953 160 134350864 328712 1090519040 1085700 68165632 67109136 134226178 16842752 570688512 1073750018 49152 656384 0 4 0 8 0 553811985 1207969004 24576 0 0 0 0 0 32784 0 0 0 0 0 0 0 0 0 65536 0 67108864 0 8193 0 0 0 0 0 0 0 0 2621714 32 0 0 0 0 0 0 0 2048 0 4 68157442 1082130816 536870940 67108864 755237184 33024 100827136 0 269484032 544001 1107298304 16908288 0 536870912 67174400 0 0 0 0 0 0 0 0 0 0 0 0 0 0 0 0 0 0 0 262656 0 0 0 0 8 0 0 0 0 256 0 0 0 134217728 0 0 0 0 0 0 0 0 0 0 0 0 0 1024 0 0 0 0 0 0 0 0 0 0 0 0 0 0 0 0 2048 0 0 0 0 0 0 0 0 0 64 0 0 0 0 0 0 0 0 0 0 0 0 4194304 0 0 0 0 0 0 0 0 0 0 0 0 4 0 0 0 268435456 0 0 0 0 33554432 0 4194304 0 0 0 0 0 0 0 0 0 0 0 0 8 0 0 0 0 0 0 0 0 0 0 0 0 0 0 0 0 0 0 0 0 0 0 0 0 0 0 4194304 109062152 24592 1209013632 286064640 532992 1085696 4210944 32768 0 0 0 0 2 0 524288 524288 0 0 0 0 0 0 0 0 0 0 524288 0 0 0 0 0 0 0 0 0 0 4194304 0 0 0 0 0 0 0 0 0 537001984 0 536870912 0 0 262144 0 2147483648 0 16777216 0 4096 0 1024 0 0 0 0 0 2 33554432 0 256 0 262144 0 0 0 16777216 0 0 0 0 0 0 0 0 0 0 0 0 0 0 0 0 67108864 0 0 0 268435456 0 32768 2097152 0 0 65536 0 16777218 0 0 0 1048576 0 0 0 4 0 0 0 1024 0 0 0 0 0 0 0 0 0 0 0 0 0 0 0 0 0 0 0 2048 0 0 0 0 0 1048576 0 0 0 0 0 0 0 0 0 0 0 0 0 0 0 0 0 0 0 0 0 8388608
is_linear=0
shrinkage=0.1


Tree=8
num_leaves=31
num_cat=19
split_feature=31 30 3 14 14 3 3 14 3 3 14 29 29 22 3 14 13 29 3 32 14 3 14 32 29 23 1 3 30 13
split_gain=2537.75 781.752 250.506 234.74 231.353 202.76 147.657 134.915 132.237 119.461 106.481 96.2646 146.935 88.6331 103.89 86.8522 76.7077 82.8371 76.6195 68.9782 68.9383 188.699 135.562 132.94 68.512 72.9625 66.0336 63.1633 59.2741 58.9643
threshold=0.050172289833426482 0.11859711632132532 0 1 2 3 4 5 6 7 8 0.2137710973620415 -1.0000000180025095e-35 15.500000000000002 9 10 11 0.67083334922790538 12 4005.5000000000005 13 14 15 3950.5000000000005 -1.0000000180025095e-35 3.5000000000000004 16 17 0.030300049111247066 18
decision_type=2 2 9 9 9 9 9 9 9 9 9 2 2 2 9 9 9 2 9 2 9 9 9 2 2 2 9 9 2 9
left_child=3 4 19 8 -2 -6 -5 26 -1 -7 -9 12 15 20 -15 -11 -12 18 -18 -3 -8 22 -22 -24 -20 -26 -4 -17 -25 -29
right_child=1 2 7 6 5 9 13 10 -10 11 16 -13 -14 14 -16 27 17 -19 24 -21 21 -23 23 28 25 -27 -28 29 -30 -31
leaf_value=0.21020296463497684 0.0532168691018313 0.096542156980387372 0.1073640687008825 0.051450772444311926 0.072095198226592563 -0.061586137828922617 -0.075067016650167934 0.085771682596220131 0.0089389481433873388 -0.032852025707811296 -0.046455336466397365 0.086117320244071385 -0.046882577259941827 0.063596989408952781 -0.086134380924900417 0.023628289929597365 -0.035003041114909372 0.15823130017802103 0.040577319568913778 0.053314070795209278 -0.040389423585641848 -0.054370328650681157 0.0071682598577466686 0.24846271896665972 -0.035947702379446611 0.047401810314786116 -0.042818990985470942 0.04844924418052042 0.078318570671781662 -0.0051409071157766054
leaf_weight=29.12935783714056 736.56939634680748 973.70097576826811 23.31252171844244 114.82732245326042 318.09053532034159 387.54517779499292 1191.4562359638512 428.74920914322138 219.36292309686542 778.50092430785298 110.25854871422052 113.42808909341693 810.17829350754619 44.154031731188297 1476.0237741060555 1129.2532414719462 149.72730730473995 54.515638582408428 4121.1794178709388 594.50847693532705 172.33166126161814 2909.5862706154585 101.4833032079041 48.874021273106337 252.42709978297353 179.85685494914651 293.00778551772237 205.36098019406199 35.237976681441069 4413.8011762946844
leaf_count=233 7872 4613 158 1563 2728 7183 26335 3469 3378 11482 976 1170 12851 747 34327 12739 1578 349 35232 3324 3169 63624 1942 855 2602 1695 3127 2692 658 59930
internal_value=-0.00138589 0.0197494 0.0442903 -0.0549499 -6.83793e-05 -0.00493967 -0.0587803 0.0342094 0.0397512 -0.00815384 0.0380195 -0.00529569 -0.00671611 -0.0609796 -0.0819336 -0.0017303 0.0336465 0.0355963 0.0342505 0.0796465 -0.0539726 -0.0459106 0.0224674 0.0799131 0.0365244 -0.00126915 -0.0287997 0.00253721 0.177182 -0.00265886
internal_weight=22416.4 16074 7181.24 6342.47 8892.73 8156.16 6093.97 5613.03 248.492 7838.07 5296.71 7450.52 7337.09 5979.15 1520.18 6526.92 4867.96 4757.71 4703.19 1568.21 4458.97 3267.51 357.927 185.595 4553.46 432.284 316.32 5748.42 84.112 4619.16
internal_count=312601 175770 57123 136831 118647 110775 133220 49186 3611 108047 45901 100864 99694 131657 35074 86843 42432 41456 41107 7937 96583 70248 6624 3455 39529 4297 3285 75361 1513 62622
cat_boundaries=0 22 29 37 58 82 89 107 131 138 159 166 257 278 285 309 316 317 338 428
cat_threshold=0 0 256 0 0 0 262144 0 16384 0 0 33554432 33685504 4 0 0 32 8388608 335612928 2097184 0 2048 542392322 67633153 1048576 0 247465345 1073881248 449069056 2685436194 524290 5308448 1572876 947912705 4258 46137664 1 0 0 402653186 1024 0 262144 0 0 268451840 0 16384 9216 4100 0 0 134217728 2147550720 1115947008 4194304 1048578 204014593 268566656 33554432 262144 0 0 1107304448 4544 0 536870912 4 538968064 0 512 66560 0 0 2228260 2147491840 524418 16777216 0 10240 0 4194304 1090528272 1283981440 134351248 328704 256 1233152 1409294336 0 4 0 0 0 0 0 0 0 4194304 2097152 1 0 0 0 0 0 2147483648 2114060288 33554437 67109120 0 0 8 537919488 4194816 33554432 4194308 40960 1 33554440 134217744 0 0 0 2147483648 32 0 32 134217728 0 32 2210 4 0 335552520 135275520 524288 16 1107296256 0 16384 8200 0 2147483648 1611695620 18432 67108864 0 0 1 264192 32768 0 67108864 0 0 0 0 32 8528897 2281701924 1224902672 805579008 8198 1073774849 67108880 0 0 0 0 64 0 0 0 0 0 0 0 0 0 0 0 4 0 0 3489661440 0 0 0 0 536870912 64 0 1028 0 0 8208 0 0 0 0 0 64 0 0 0 0 0 0 1073741824 0 0 0 1 0 0 0 1024 16777216 0 0 0 0 0 1024 0 0 0 0 8 0 0 8 0 33554432 0 0 0 524288 0 0 0 0 131072 1536 0 0 4096 0 0 0 0 0 0 0 2098176 1 33554432 0 2 0 0 1 8388608 16384 268435456 4194304 536870912 679478400 16640 66624 0 1048576 1028 3221225472 528384 0 2686976 67108864 134226178 16842752 839123968 262146 32768 665616 18874368 516 8264 14352 0 17301504 537919504 0 262144 0 32768 32768 33554688 36880 0 131072 256 65536 0 64 67108864 134217728 16777216 32768 1073742128 1098907664 167772192 16777216 1090543616 20480 67108864 77725696 32768 9437440 32768 1 0 0 1082130436 262144 0 2097152 4096 134217728 33008 8650818 0 8192 4194304 4194304 67178752 2097152 2048 0 0 0 0 524288 0 0 0 0 0 2147516416 0 0 0 0 0 0 0 0 16384 33554432 0 0 0 0 0 65536 0 0 1073741824 8192 0 0 0 0 0 0 0 0 0 0 0 0 0 32768 0 16781312 16 0 0 16384 16777216 0 0 0 288 0 0 0 16785408 0 0 0 0 0 0 1073741824 0 134217728 2048 1 0 0 0 512 0 0 134217728 0 65536 4096 0 0 0 67108864 0 0 0 0 1073742848
is_linear=0
shrinkage=0.1


Tree=9
num_leaves=31
num_cat=24
split_feature=31 3 14 15 30 14 3 15 3 14 15 14 3 25 14 31 22 3 15 3 14 14 3 13 3 24 3 13 14 3
split_gain=2105.92 574.251 262.066 249.887 198.747 163.274 162.635 136.248 120.637 115.298 105.255 100.763 94.656 92.2722 90.3199 83.9363 81.9674 96.7017 79.0543 74.197 71.1976 69.2596 88.2779 77.209 65.6994 64.2838 63.4391 69.1472 68.8228 146.514
threshold=0.058211233466863639 0 1 2 0.11859711632132532 3 4 5 6 7 8 9 10 4.5000000000000009 11 0.12997944653034213 16.500000000000004 12 13 14 15 16 17 18 19 0.38106141984462744 20 21 22 23
decision_type=2 9 9 9 2 9 9 9 9 9 9 9 9 2 9 2 2 9 9 9 9 9 9 9 9 2 9 9 9 9
left_child=2 11 12 -3 5 19 -4 -8 -7 15 -10 -2 -1 21 -15 -6 26 -18 -11 -5 -17 -12 -23 -24 -20 -21 -9 -28 -29 -30
right_child=1 3 6 4 9 8 7 16 10 18 13 -13 -14 14 -16 20 17 -19 24 25 -22 22 23 -25 -26 -27 27 28 29 -31
leaf_value=0.10388753999711098 0.008112062481279143 0.095204741062748358 0.047746479576801032 0.11450217993877571 0.11090107307965441 0.046252363540511224 0.071606622670686557 -0.071523299885814171 0.057251229932410164 -0.055866841734970453 -0.034204158866833895 0.064651364357339508 -0.018391829627403319 0.1442021688332111 -0.057967791091403653 -0.012725830657088353 0.055054220371271556 -0.081638228694525666 -0.029350679397555979 0.021142820950606954 0.060269306921435575 0.020122536376466146 0.077251946422056697 -0.01323119287400105 0.022582081390998435 0.24608384190327529 0.067434968636209389 -0.066899188356588604 0.021085073808438468 -0.045939087503089171
leaf_weight=138.93841964006424 374.49007522687316 320.01468468084931 153.67514272779226 127.59026964381337 217.68765899911523 396.62930925562978 77.746604066342115 1113.746832113713 216.70383724942803 138.73584618791938 887.83589810878038 2657.5064119957387 111.0678290463984 14.368331633508204 540.09414669126272 191.4038957990706 50.472078360617161 1436.1845580637455 255.97441872209311 409.48554198071361 439.91608260199428 1158.6161219850183 86.925673685967922 3941.5633013248444 3304.2587700560689 13.11149864271283 48.676943458616734 1039.2767535075545 384.23359802737832 2083.0645642019808
leaf_count=1551 2852 2406 1970 1241 1850 3851 1261 27972 2281 1515 13422 15116 1982 162 8783 1649 813 35426 2835 4473 3373 14162 1115 55675 29515 97 1032 23558 6777 44601
internal_value=-0.00127029 0.0187014 -0.0484918 0.00930492 0.00700215 -0.00268692 -0.0523818 -0.0549229 -0.00669782 0.0236197 -0.00982848 0.0577177 0.0509456 -0.0121041 -0.0511735 0.0566874 -0.0566345 -0.0771763 0.0158338 0.0493381 0.0388917 -0.00855817 -0.00409472 -0.0110923 0.0187765 0.0274718 -0.050215 -0.0432171 -0.0449405 -0.0354584
internal_weight=22330 15692.9 6637.08 12660.9 12340.9 7792.92 6387.08 6233.4 7242.74 4547.98 6846.11 3032 250.006 6629.4 554.462 849.008 6155.66 1486.66 3698.97 550.187 631.32 6074.94 5187.11 4028.49 3560.23 422.597 4669 3555.25 3506.57 2467.3
internal_count=313316 166373 146943 148405 145999 105262 143410 141440 99451 40737 95600 17968 3533 93319 8945 6872 140179 36239 33865 5811 5022 84374 70952 56790 32350 4570 103940 75968 74936 51378
cat_boundaries=0 21 29 166 174 198 353 374 382 537 544 563 570 592 733 755 762 769 791 882 903 927 1017 1024 1047
cat_threshold=0 280 16777472 1024 0 0 262144 262144 16384 0 0 0 33755168 262150 0 0 65568 8650752 339807232 6291490 128 538198050 67633153 1052672 4 114295169 1073881120 449069056 1 65536 0 12288 2147483648 8980480 67108864 8388608 0 0 0 0 0 0 0 0 0 0 32768 0 0 0 0 0 0 0 0 4194304 260 0 0 0 0 0 0 0 0 128 0 0 0 0 0 0 0 0 0 4 0 0 0 0 0 0 0 0 0 0 0 0 0 0 0 0 0 0 2097152 0 0 0 0 0 0 0 0 0 0 0 0 0 0 0 0 0 0 0 0 0 0 0 0 0 0 0 0 0 0 0 0 0 32 131072 524288 0 0 32768 0 2097152 0 0 0 0 0 0 4194304 0 0 4 0 0 8 0 0 0 8388864 0 0 0 0 0 0 262144 0 0 0 0 0 32768 2685403394 67633152 1118336 524298 947914241 2182 58982720 1 0 570425410 4 0 0 301998080 33554432 16777216 524288 0 538968064 0 33555200 66560 0 0 536871188 268468224 524416 16777232 64 0 0 4259840 0 0 0 0 0 0 1619001344 65536 0 0 0 0 1024 0 0 0 0 64 32768 0 0 0 0 0 0 0 4194304 0 0 0 0 0 0 0 0 0 0 65536 0 0 0 1048576 16 0 4112 268435456 0 0 0 16384 0 0 1073741824 0 1048576 0 0 0 64 0 0 0 0 0 0 0 0 8 0 0 0 0 0 0 0 0 0 0 0 0 4 0 0 32768 0 0 0 0 0 0 0 0 0 0 0 0 0 0 4 0 0 16 0 0 0 0 32768 0 0 0 0 0 0 0 0 0 0 0 0 0 256 0 0 0 0 0 0 0 0 0 262144 0 0 0 0 0 0 0 0 0 0 0 0 0 8 0 0 0 0 0 0 0 0 4096 128 0 0 402653186 0 0 262144 0 0 268435456 0 16384 3221226496 536871620 4194304 0 134217728 2147485184 1107296256 4352 1048576 406389761 575618 14 8 336068608 445981184 532480 2819115024 1 0 0 0 0 0 0 0 0 0 0 0 0 0 0 0 0 0 0 0 0 0 0 0 0 20971520 0 0 0 0 0 0 0 2 0 0 0 0 0 0 0 0 0 0 0 0 0 0 256 0 16384 0 0 0 0 0 0 0 0 64 0 0 0 524288 0 0 0 0 8 0 0 0 0 0 0 0 0 0 3221225488 0 0 0 0 0 1073741824 0 1024 0 0 65 0 0 128 0 0 0 0 0 0 0 67108866 0 65536 16384 0 0 0 0 0 0 0 0 0 0 16384 0 0 0 0 0 0 1048576 4104 0 0 0 0 0 33554432 0 0 4096 0 0 0 0 0 0 8193 0 134250496 0 0 0 0 0 0 0 524288 0 0 0 0 0 0 2048 68173826 1224737152 553650200 68157440 151003456 33024 638631952 436207616 4 1140850688 0 0 524296 0 0 100663296 4194304 2097152 0 6553600 65568 0 0 0 2147483648 32 0 8388624 4194304 0 5246976 0 2048 1107296256 0 67125248 4196364 0 2147483664 1610617348 0 67108864 512 0 1 0 0 0 0 0 2147491840 0 0 32 2048 0 282066944 17320961 2097152 16777216 4 134217728 65600 8192 0 0 0 0 0 0 0 0 0 0 0 0 0 0 0 0 0 4 0 0 0 0 0 8 0 0 0 0 0 0 0 16 0 0 0 0 0 0 0 8 16777216 262144 32768 0 0 0 0 0 0 0 0 0 0 0 0 0 0 0 0 6144 0 0 0 0 0 0 0 0 0 0 0 0 0 0 0 0 0 0 0 0 0 0 0 2097152 0 0 0 0 0 16 0 0 0 0 0 0 0 0 0 0 0 0 0 0 0 2147483648 0 0 0 0 0 0 0 0 0 0 0 50331648 0 0 0 0 0 0 0 0 0 0 0 0 0 1048576 67108864 67108864 0 8193 0 0 0 8388608 0 0 0 2147483776 1572883 32 0 0 0 0 0 0 0 2048 16384 0 8 0 65536 8192 524288 394240 2290115108 1090551828 335610112 540738 33057 1409287168 16809984 8389632 8388608 1 0 50331649 33554432 16384 0 0 0 402653184 34048 104 0 32768 33554448 536936448 131072 16 8521728 2048 0 0 0 0 524288 0 0 0 0 0 2147483648 0 0 0 0 0 0 0 0 16 0 0 0 4 16 0 0 0 0 1073741824 0 0 0 0 0 0 0 0 0 0 0 0 0 0 0 0 4096 16 0 0 16384 16777216 0 0 0 288 0 0 64 0 0 0 2 0 8192 0 1073741824 0 134217728 2048 0 32768 0 0 512 0 8388608 0 256 8 0 0 0 0 67141632 0 0 0 0 2097152 64 524288 0 2 8449 0 0 8388608 0 268435456 4194304 536870912 947912704 1066304 1088 0 268435456 1024 2147483648 264 16777216 137037824 738197504 134217729 0 0 16384 8 0 0 0 9437440 65536 0 1073741824 436207616 4 0 0 0 0 0 0 2439315488 1073152 32 0 0 0 16777216 0 0 0 0 0 0 32768 0 512 0 0 0 0 0 0 0 0 0 0 0 0 0 4096 0 0 0 8192 0 0 0 0 0 0 0 524290 0 0 536871040 0 33554432 0 262144 0 0 0 0 0 0 0 268435456 0 258 0 0 64 16777216 33816576 0 16 0 0 16384 65536 0 0 0 134217728 0 0 0 512 0 8388608 0 67108864 8 0 4096 0 4 0 0 0 0 327680 2097152 1140850704 134226178 16842752 839123968 64 49156 663568 2097152 4 8388616 4104 0 16777216 135270796 0 536870912 4 393216 32768 0 36880 0 131072 32 128 2 0 0 134217728 65792
is_linear=0
shrinkage=0.1


Tree=10
num_leaves=31
num_cat=16
split_feature=20 20 14 15 15 14 13 14 20 20 15 15 14 13 15 29 14 13 14 15 13 20 29 29 28 29 30 24 30 31
split_gain=2290.82 460.042 198.359 173.21 158.678 143.402 129.905 117.242 114.943 110.785 91.1382 84.3666 80.4411 73.2798 68.7854 68.4826 70.8064 66.2607 63.7139 59.6241 55.879 52.8228 47.639 98.1823 46.5596 45.4741 44.7319 41.56 40.6655 42.8922
threshold=0.051300967112183578 0.11744926869869234 0 1 2 3 4 5 0.24982372671365741 0.01679024659097195 6 7 8 9 10 -1.0000000180025095e-35 11 12 13 14 15 0.032151246443390853 -1.0000000180025095e-35 0.2137710973620415 6.5000000000000009 0.15535445511341098 0.080273553729057326 0.21326331049203875 0.26736912131309515 0.19393020123243335
decision_type=2 2 9 9 9 9 9 9 2 2 9 9 9 9 9 2 9 9 9 9 9 2 2 2 2 2 2 2 2 2
left_child=2 3 21 -2 -4 -5 -7 26 11 -6 -8 -9 -12 -14 -13 16 -11 -16 24 -15 -18 -1 -21 -24 27 -17 -3 28 -19 -30
right_child=1 7 4 5 9 6 10 8 -10 15 12 14 13 19 17 25 20 18 -20 22 -22 -23 23 -25 -26 -27 -28 -29 29 -31
leaf_value=-0.0013893370378669119 0.082721805070973847 0.1483627623813244 0.080942694567322934 0.037796371074313925 -0.08603430333642996 0.1216104216722874 -0.062545039073817268 0.082222514616919318 0.05556217621859269 0.014827496214399025 -0.032896137889714343 -0.038834680206979964 -0.050997689891570178 0.057447733042955064 -0.019088700802697547 -0.079181976673189602 0.051637272287716918 0.036506546238642516 0.012578403214123868 0.0041223571813301906 -0.050704410013232185 0.096219146954785784 -0.037998270217096397 0.067434867451892214 0.0043892336746620851 0.042859593442707566 0.068230069157096243 0.13273850448205712 0.22846469909689021 0.068324912772702417
leaf_weight=137.64532701671124 254.60650857165456 78.65704108774662 74.899891052395105 916.46702674403787 1252.0533260218799 71.74506026506424 257.03266206383705 236.67214437574148 1641.2394413501024 184.71289098262787 797.26039877533913 172.70975441858172 255.17223000526428 182.59713322669268 323.61077544093132 974.53513349592686 48.993400812149048 1772.4693272896111 1689.9893004521728 5523.217932023108 3237.859770141542 92.837382100522518 624.89767718687654 102.8628533706069 346.65230200067163 31.519001215696335 609.17674981430173 51.458432413637638 18.095864102244377 220.86556775122881
leaf_count=2414 2394 560 1270 9468 35230 795 4144 1589 7597 3880 11917 1597 3592 1971 2688 24967 1087 13760 14270 71125 75313 978 10350 1002 2750 628 3819 388 95 1430
internal_value=-0.00156283 0.0180834 -0.0541284 0.00301483 -0.0576843 0.000595122 -0.00381033 0.0369903 0.0326471 -0.0596344 -0.0051278 0.0249321 -0.00307557 0.000522678 0.0217556 -0.0523855 -0.0457279 0.0242037 0.0276593 0.00264208 -0.0490269 0.0363498 0.000951958 -0.0230962 0.038141 -0.0753585 0.0762846 0.0439976 0.0417273 0.0804518
internal_weight=22182.5 16147.5 6035.06 8985.86 5804.57 8731.25 7814.79 7161.6 6473.76 5729.67 7743.04 4832.52 7486.01 6688.75 4595.85 4477.62 3471.57 4423.14 4099.53 6433.58 3286.85 230.483 6250.98 727.761 2409.54 1006.05 687.834 2062.89 2011.43 238.961
internal_count=313068 167301 145767 116758 142375 114364 104896 50543 46164 141105 104101 38567 99957 88040 36978 105875 80280 35381 32693 84448 76400 3392 82477 11352 18423 25595 4379 15673 15285 1525
cat_boundaries=0 8 160 323 331 423 430 585 723 730 819 983 990 1081 1089 1244 1334
cat_threshold=537952288 76021765 1081376 0 146802049 1074397345 306200576 1 0 0 0 0 268435456 100663296 0 0 0 0 0 0 0 0 0 0 0 0 0 0 0 0 0 128 0 0 4194304 0 0 0 0 0 0 0 0 0 128 0 0 0 0 0 0 0 0 0 0 0 0 81920 0 0 0 0 0 0 0 0 64 0 0 0 524288 0 0 0 0 0 16777216 0 0 0 0 0 0 0 0 16 0 0 0 0 0 0 0 1024 0 268435456 0 0 0 0 0 0 0 0 0 0 0 67108896 0 256 0 0 0 0 0 4096 0 0 0 0 0 0 0 16384 4 0 0 0 1048576 0 0 256 0 0 0 33554432 0 0 266240 0 0 0 0 0 32768 8192 4 524288 0 0 0 0 0 0 0 0 0 0 0 263168 0 0 0 64 0 0 1082130432 65536 0 0 0 0 1024 0 0 0 0 64 8192 0 0 0 0 0 0 0 0 0 0 0 0 0 0 0 0 0 0 0 0 32 0 0 0 0 4112 268435456 256 0 0 16384 0 0 1073741824 0 0 0 0 0 0 2147483648 0 0 0 0 0 0 8 0 0 0 0 0 0 0 0 0 0 0 0 0 0 0 0 1073774592 0 0 0 0 0 256 0 0 0 0 0 0 0 0 4 0 0 0 0 0 0 0 32768 0 0 0 0 0 0 0 0 0 32768 0 0 8 0 0 0 0 0 65536 0 0 0 0 0 0 0 0 0 0 2 0 0 0 0 0 0 0 8 0 0 0 0 0 0 0 16384 4096 0 0 0 0 0 0 134217728 0 256 537936258 524800 1114120 524302 696320129 532610 25167424 1 0 0 0 2 0 2097152 0 65536 0 0 0 0 0 0 0 128 0 128 0 0 0 0 0 0 0 0 69632 0 0 2048 8192 0 131072 0 0 0 0 0 2 0 0 0 0 0 8421376 536870912 0 16 0 0 0 16777216 0 0 0 0 0 0 0 0 0 0 2 0 0 4096 16777216 0 134217728 0 0 0 0 0 536870916 0 0 134217728 0 0 0 128 0 0 0 0 0 0 0 0 1 1 2147485792 536870928 1073745920 285745192 345272832 0 2147747840 0 0 0 0 0 0 4194304 65536 0 1 65536 0 0 0 0 0 0 0 0 0 0 0 0 0 0 0 0 0 0 0 0 0 0 0 0 0 0 0 0 0 8388608 0 16 8388608 0 0 0 0 8388616 0 0 0 0 1024 0 1024 0 0 0 2 33554432 0 256 0 0 0 0 0 15360 0 0 0 0 524288 0 0 0 0 0 128 2048 0 0 0 0 0 0 0 0 0 0 0 0 0 0 0 0 0 0 0 0 0 0 0 0 8192 0 0 0 0 0 65536 0 0 0 0 0 0 0 0 0 0 0 0 0 0 50331648 0 0 16 0 0 0 0 0 0 134217728 0 0 0 1048576 0 0 0 0 0 256 0 0 4194304 0 0 0 8388608 128 0 0 4098 8388608 8980480 0 0 0 0 0 0 0 0 0 0 0 0 0 0 0 0 0 0 0 0 0 0 0 0 0 0 0 0 0 0 0 0 262144 0 0 0 0 0 8388608 0 0 0 0 0 0 0 8192 0 0 0 0 0 0 16384 0 0 0 0 0 0 0 268435456 0 0 0 0 0 0 524288 0 0 0 0 0 0 0 0 0 0 0 0 0 0 1 0 0 0 0 0 0 0 0 0 0 0 0 0 0 134217728 0 0 0 0 0 0 0 0 0 4194304 0 0 0 0 0 0 0 0 0 0 0 0 0 0 0 1073741824 0 0 1024 0 0 0 16384 1 394304 2290090276 134250900 671361280 262210 1073774592 1141940224 0 0 0 1024 64 0 0 0 0 65536 0 0 0 0 0 0 4 0 0 268435456 0 0 0 0 536870912 0 1 0 0 0 2048 0 4 1048576 0 0 0 0 131072 0 0 0 0 268435456 0 0 0 0 0 65536 0 0 16777216 0 0 0 8 128 0 8224 0 0 0 0 0 16386 0 0 0 0 134217728 0 524288 0 1073741824 0 4 0 1024 0 16779328 4096 0 0 0 0 268435456 0 1048576 32768 281018368 16793601 2048 16777216 0 0 67174400 0 0 0 0 0 0 0 0 0 0 0 0 0 0 0 0 0 0 0 262656 0 0 0 0 0 0 0 0 0 256 0 0 16 134217728 0 0 0 0 0 2147483648 16777216 16384 0 0 0 0 0 0 0 4096 0 0 0 0 0 0 0 0 0 0 0 0 0 0 0 0 0 0 0 0 0 0 0 0 0 0 0 0 0 0 0 0 0 32768 0 0 0 4194304 4096 0 0 536870912 0 0 0 4194304 0 0 0 0 0 0 0 0 268435456 0 0 524288 0 33554432 0 4194304 0 0 0 0 0 0 0 0 0 0 0 0 0 8388608 0 0 0 0 0 0 1 0 0 0 0 0 0 0 0 0 0 0 0 0 0 0 0 0 0 0 0 0 0 16 13246464 128 541069568 67635200 51396608 4096 2373976064 0 0 0 0 0 0 0 0 0 16777248 0 0 65536 0 0 0 4 0 0 268435456 0 0 0 0 2048 0 0 1028 0 2048 8208 0 4 0 0 0 64 0 0 0 0 0 0 1074790400 0 0 0 1 0 0 0 1024 16777216 0 0 32 0 0 0 0 0 0 4 0 0 16384 0 0 0 0 0 0 0 0 512 0 0 0 0 0 4096 4096 0 0 0 0 0 0 0 1073741824 65 1140850694 41742 5242888 100663296 671679584 524288 687882512 1 0 0 0 0 0 0 0 0 0 0 0 0 0 0 0 0 0 0 0 0 0 0 0 0 4194304 0 131072 4 33554432 0 0 0 0 0 0 0 0 0 0 0 0 0 0 0 0 0 0 256 0 0 0 0 0 0 0 0 0 0 0 0 0 0 0 134217728 0 0 0 8 0 0 0 524416 0 0 0 0 0 2147483648 0 0 0 0 0 0 0 0 0 0 64 256 8 0 0 0 0 0 0 0 0 2 0 65536 0 0 0 0 0 0 0 0 0 0 0 0 2147483648 0 0 0 0 33562624 33554432 8 0 8388608 0 65536 0 0 0 0 0 0 0 0 0 524288 2 0 0 0 4 0 0 0 0 0 0 524288 0 0 0 0 524288 0 2048 0 0 0 0 524288 0 0 0 0 0 67108864 0 0 0 8388608 524288 0 0 0 16896 0 0 0 0 0 0 0 1024 0 0 0 0 0 0 0 0 0 0 2 0 0 536870912 1049088 1375731712 0 0 0 16 0 0 0 1024 0 0 0 2 0 128 1024 0 0 0 16 0 0 0 1073741824 0 0 536870912 0 0 0 0 0 0 0 0 0 0 0 0 0 0 268435456 0 0 134217728 67174400 1073742848
is_linear=0
shrinkage=0.1


Tree=11
num_leaves=31
num_cat=25
split_feature=31 3 15 14 14 13 15 3 3 29 29 15 3 3 15 3 14 14 31 13 22 3 14 15 3 14 3 3 14 3
split_gain=1511.93 408.562 256.174 209.99 164.114 163.077 151.664 141.681 127.398 123.73 195.879 101.537 101.352 93.7934 93.4251 87.2069 112.767 89.1024 81.4416 73.1646 72.9399 89.7173 65.7999 62.4062 59.3072 59.5066 56.3315 55.5422 66.5933 52.8858
threshold=0.050172289833426482 0 1 2 3 4 5 6 7 -1.0000000180025095e-35 0.2137710973620415 8 9 10 11 12 13 14 0.021696634590625766 15 15.500000000000002 16 17 18 19 20 21 22 23 24
decision_type=2 9 9 9 9 9 9 9 9 2 2 9 9 9 9 9 9 9 2 9 2 9 9 9 9 9 9 9 9 9
left_child=3 22 -3 8 13 26 18 -7 -1 11 14 -9 -8 -4 -11 16 -13 27 -5 -19 29 -22 -2 -21 -25 -26 -6 28 -17 -14
right_child=1 2 4 6 5 7 12 9 -10 10 -12 15 20 -15 -16 17 -18 19 -20 23 21 -23 -24 24 25 -27 -28 -29 -30 -31
leaf_value=0.10638639850315053 -0.0087997728043375158 0.10826319133653106 0.1214428468579383 0.39470793971842189 -0.033280386332029697 -0.048389052770933152 0.034744229145713137 0.054412743646102379 -0.01879523396629959 0.057876793746788717 0.062978203871024638 0.099287309471842944 -0.079358183829070589 0.031561189331682546 -0.05086467920953211 0.077719247147635701 0.015771491071314186 -0.060989990728520807 0.05435889194061886 -0.051651885337553799 0.065091507500471865 -0.081969308143976655 0.053969324343105723 0.019274386490043583 0.019824639643221384 -0.0053238790565418859 0.12421763220938048 -0.034112415300027343 -0.040180597581704385 -0.043867801753223183
leaf_weight=125.32258700951934 183.36746864765882 235.81937166303396 132.39361989870667 7.7411923334002486 28.132146168500185 547.27295098826289 123.82537939026952 418.88862307369709 201.49047370627522 79.231703899800777 208.02988988161087 192.8758029974997 523.41908285394311 804.53437348455191 1011.8970056399703 98.67953696846962 861.91703156381845 153.37112336233258 76.600458931177855 169.80979766696692 38.874409660696983 1170.6654481887817 2497.8552053645253 2902.1146270744503 1261.8070247545838 3606.8405345901847 139.49170492216945 955.06350838765502 78.845592208206654 3230.2818394415081
leaf_count=1435 1332 1555 1014 123 329 10303 1736 3675 4142 971 1783 1578 15618 7086 15252 1291 7776 1915 1297 2551 654 33698 13147 26433 14531 47721 1492 13421 1135 78189
internal_value=-0.00108209 0.0139969 0.00707044 -0.0465208 0.0052444 0.00225117 -0.0513766 0.000903428 0.0309414 0.00319 -0.0259496 0.00673095 -0.0536431 0.0454104 -0.0429042 0.00473074 0.0318319 0.00160138 0.0765243 0.00528572 -0.0559137 -0.0773823 0.0496598 0.00664093 0.00797952 0.00122114 0.0973994 -0.0245443 0.0260052 -0.0491449
internal_weight=22066.5 16568.2 13887 5498.22 13651.2 12714.3 5171.41 12546.6 326.813 11999.4 1299.16 10700.2 5087.07 936.928 1091.13 10281.3 1054.79 9226.53 84.3417 8093.94 4963.24 1209.54 2681.22 7940.57 7770.76 4868.65 167.624 1132.59 177.525 3753.7
internal_count=313183 176291 161812 136892 160257 152157 131315 150336 5577 140033 18006 122027 129895 8100 16223 118352 9354 108998 1420 93151 128159 34352 14479 91236 88685 62252 1821 15847 2426 93807
cat_boundaries=0 21 173 180 188 280 435 454 477 637 661 675 820 842 849 856 945 963 970 1125 1149 1156 1174 1197 1204 1227
cat_threshold=32768 8 16777472 0 0 0 0 262144 268517376 0 0 0 36 6 0 8192 512 549715968 335878144 2097186 78643328 0 0 33554434 4096 526336 67108864 8388608 0 0 0 0 0 0 0 0 0 0 0 0 0 0 0 0 0 0 0 0 3221225472 0 0 0 0 0 0 0 0 0 0 0 0 2097152 0 0 0 0 0 4 0 0 0 0 0 0 0 0 0 0 0 0 0 0 0 524288 0 0 2097152 0 0 16777216 0 0 0 0 0 0 0 0 0 0 0 0 0 0 0 0 0 0 0 1 0 0 128 0 0 0 0 0 256 0 32 131072 16 0 0 0 0 2097152 131072 0 0 0 0 0 0 0 0 4 0 0 8 1048576 0 0 0 0 0 0 0 0 0 262144 0 32 0 0 0 16384 0 4 0 0 0 0 0 0 0 0 0 0 0 0 1024 5243968 67108865 542113792 2048 2394948993 1073885344 314834944 537919650 16777216 1073745952 68681728 947995137 524322 2176860496 1 0 0 0 0 524288 2097152 0 0 512 0 2149613568 0 0 131072 8 192 16 0 0 512 0 0 0 0 0 0 4096 0 0 0 524288 0 0 0 0 0 0 0 2 0 0 128 0 0 32768 0 4096 16 0 0 0 134217728 0 0 0 256 4194304 0 0 67108864 0 32768 0 0 0 0 16777216 0 134217728 0 0 0 0 0 536870912 0 0 134217728 0 0 0 0 0 0 268435456 0 0 0 0 0 0 1 0 0 0 0 0 0 1082146816 65536 0 0 0 0 0 0 0 0 0 0 40960 0 0 0 268435456 0 0 0 0 0 0 0 0 0 0 0 0 0 0 65536 0 0 0 1048576 0 0 16 268435456 0 0 0 16384 0 0 1073741824 0 1048576 0 0 1073741824 64 2147483648 0 0 0 0 0 0 0 8 0 0 0 0 0 0 0 0 0 0 0 0 0 0 0 32768 0 0 0 0 0 2048 0 0 0 0 0 0 0 0 4 0 0 8388608 0 0 0 0 32768 0 16777216 0 0 0 0 0 0 0 0 0 0 0 0 0 0 0 0 0 0 0 0 0 0 0 0 8388608 0 0 2 0 0 0 0 0 0 0 8 0 0 0 0 0 1 0 0 4096 128 1543503872 33554437 1140850688 8448 0 8 536871172 4194816 0 4194304 139264 1 278536 134316048 0 0 0 2147516416 524288 41943040 4 1073741824 4096 0 8 0 4194305 100663296 4194304 2162688 1 2097154 48 0 0 0 2147483648 32 0 0 0 4194304 0 100663296 0 0 8388736 33570816 134217728 0 0 0 0 0 0 0 0 0 0 0 0 0 0 0 0 0 0 0 4194304 256 0 0 0 0 0 128 0 0 128 262144 0 0 0 0 0 8388608 0 0 0 0 0 81920 0 0 0 0 0 0 0 0 64 0 0 0 0 0 0 0 0 0 0 0 0 2048 0 0 0 0 0 0 0 0 0 0 0 16 0 1024 0 268435456 0 256 0 0 268435456 0 0 0 0 0 0 2 0 65536 0 0 0 0 0 0 0 0 0 0 0 16384 0 0 0 0 0 0 0 0 0 256 0 0 0 33554432 0 0 0 33554432 0 0 0 0 0 0 0 1605632 0 0 0 0 0 0 0 0 0 0 0 0 0 0 0 0 0 0 0 268435456 1342177408 0 262148 24 0 0 320 0 536870912 4 539099136 0 512 65536 0 0 2228256 8320 524418 16777232 0 134217728 0 4259840 0 67108868 0 9216 0 0 0 0 0 0 2097152 0 3145728 262176 0 0 131072 0 65536 134 1342177280 64 0 0 0 0 0 0 0 0 0 0 0 0 0 0 0 0 0 0 33685504 0 0 0 0 0 0 0 0 0 0 0 0 0 0 0 0 0 0 0 0 256 0 16384 0 0 0 0 0 0 0 0 0 0 0 8388608 0 0 0 0 8388608 0 0 0 0 256 0 0 0 0 0 2 0 16 524288 0 0 0 0 0 0 0 0 0 0 0 0 0 0 0 0 0 0 67108864 0 545259520 16384 0 0 0 0 0 2147483648 0 0 0 0 0 0 0 0 0 0 0 0 8 0 0 0 0 0 603979776 0 0 0 0 0 0 0 0 0 0 0 32768 0 0 0 0 2 0 1048576 142606336 1 0 0 262144 0 0 0 0 8192 50364609 8388608 0 152043520 4259856 1375748096 4195584 20971520 134218752 2048 2147483648 134225936 2048 4 33816576 2176 524288 139264 2281709984 133460 33819680 67113026 1079033857 1140883456 0 0 0 0 64 0 0 0 0 16777216 0 0 128 0 0 0 0 0 64 268435456 0 0 0 0 2048 0 65536 0 0 0 2064 0 131072 0 0 0 0 0 0 268435456 524288 0 0 1073741824 0 2359296 0 0 0 0 0 1024 0 0 0 0 0 0 1024 0 0 0 0 65544 0 0 0 0 0 8 134348800 0 524288 0 1073741824 0 0 0 256 0 16779264 4128 0 0 0 0 268435456 4096 67108864 33554432 33554432 16384 260 0 2147483648 1610646016 18432 0 512 0 1 262144 0 0 67108864 0 2147483648 603996160 134218368 2064 1114112 134226176 33024 570433552 0 8388608 0 0 16777216 4 0 65536 0 0 65664 0 0 0 0 0 0 0 0 524288 144 16384 0 0 0 0 0 0 0 0 0 0 0 0 0 0 0 0 0 0 142606336 0 0 0 0 0 0 0 8 0 0 0 0 0 0 1024 0 0 0 0 0 0 0 0 0 0 0 0 0 2147483648 0 0 0 0 0 0 0 32768 0 0 0 0 0 0 0 0 0 0 0 0 0 0 0 0 0 0 0 2 0 0 0 8388608 0 0 0 8192 0 0 16777216 0 0 1073741824 0 0 0 0 0 0 0 0 0 0 0 0 0 0 0 0 4194304 16 0 0 0 0 0 1073741824 0 0 0 0 1048576 0 0 0 0 0 1024 0 0 4194304 0 0 0 0 128 524288 256 268468224 3072 0 33554432 268435456 0 536870912 0 17408 1912635392 136720 16777256 0 32768 2147483682 0 0 0 34817 0 0 16777216 1275609360 537428482 1114112 16850954 1125122048 141316 168037376 0 134217730 0 1024 0 0 0 0 536870912 0 0 310378624 4195650 0 0 16777216 0 1073741824 131072 0 0 16 0 294912 134217729 16777216 524288 0 536887296 2415919104 1573392 263168 0 0 2147483904 8192 1048584 1048592 720896 0 16777216 0 134226304 2048 33555456 67108930 0 32768 134217728 0 0 0 16384 0 0 0 0 256 0 0 1073741824 436207616 4 0 0 0 0 0 0 2166358048 24576
is_linear=0
shrinkage=0.1


Tree=12
num_leaves=31
num_cat=19
split_feature=20 20 15 14 15 14 20 3 13 15 20 14 14 14 25 31 32 13 13 15 31 15 3 22 3 32 3 25 14 14
split_gain=1729.92 310.686 180.423 166.879 136.813 125.022 115.745 105.988 94.6066 88.1461 84.1632 108.772 78.0838 76.5962 75.3063 75.1099 64.6594 62.3896 60.769 58.3101 58.1702 58.1348 55.4416 54.8365 124.819 77.6547 62.7562 67.8094 59.281 52.8313
threshold=0.048776902258396156 0.17877264320850375 0 1 2 3 0.01679024659097195 4 5 6 0.082482084631919875 7 8 9 17.500000000000004 0.0065395517740398654 1.0000000180025095e-35 10 11 12 0.13791266828775409 13 14 -1.0000000180025095e-35 15 4111.5000000000009 16 3.5000000000000004 17 18
decision_type=2 2 9 9 9 9 2 9 9 9 2 9 9 9 2 2 2 9 9 9 2 9 9 2 9 2 9 2 9 9
left_child=3 2 20 7 -5 -4 -6 -1 -7 -10 11 -11 -12 22 17 -13 -14 -8 -18 -15 -2 -20 -3 24 -23 -26 -25 28 -28 -19
right_child=1 13 5 4 6 8 14 -9 9 10 12 15 16 19 -16 -17 18 29 21 -21 -22 23 -24 26 25 -27 27 -29 -30 -31
leaf_value=0.16751439561632445 0.17151090979873529 0.080071843626631861 0.042541134869323254 0.091335457958260299 -0.085224891598954786 0.078488664040683068 0.063728219103496228 -0.0015217157858736416 -0.056761778975110533 0.037328716255958551 -0.019981753589734912 0.32149865583627407 0.26244400357273967 -0.016157264498730849 -0.089325139726989744 -0.020371480568880357 -0.056503439244577236 0.013104443555406083 0.050432776509792387 0.047238777419616233 0.061487991508601958 -0.027519535084285986 -0.016880347802156741 -0.0086827438685974367 0.055960445675532024 -0.007226694820576811 -0.0013650038926166649 -0.026757844337774735 0.027568241867913231 -0.047950689245299397
leaf_weight=38.992983765900135 76.501210801303387 60.231235966086388 835.49652190506458 56.347260162234306 1093.5719229914248 152.52367047592998 46.572221925482154 161.26930171251297 242.71625526994467 381.68926955014467 885.96150251477957 6.443144090473651 10.235528886318205 152.59760068356991 405.45766000635922 2488.7187420018017 121.92465829849243 149.97131904214621 367.19123942404985 3251.0167823731899 129.23196040838957 323.69628006592393 358.40380911529064 1996.9512783624232 916.80958040803671 246.86749725416303 1058.8982155919075 375.92205556109548 2158.1952265538275 3371.4306710213423
leaf_count=306 662 292 7177 996 35276 1524 1068 2691 3926 5225 11161 66 81 915 12858 40866 1419 3271 3195 17170 816 3422 2631 24122 8669 2737 9536 4571 20717 85803
internal_value=-0.00146278 0.0144464 0.00696309 -0.0510652 -0.0545058 0.00539682 -0.0563044 0.0377928 0.00271823 0.00165358 0.00295284 -0.0118206 0.00797852 0.0394595 -0.0484865 -0.0194109 0.0112595 -0.0438457 0.0109346 0.0443575 0.0976531 0.0120987 -0.00138869 0.0100415 0.0271202 0.0421931 0.00551516 0.0133931 0.0181264 -0.0453207
internal_weight=21921.8 16598.2 12776 5323.61 5123.35 12570.2 5067 200.262 11734.7 11582.2 11339.5 2876.85 8462.65 3822.25 3973.43 2495.16 7576.69 3567.97 7566.46 3403.61 205.733 7444.53 418.635 7077.34 1487.37 1163.68 5589.97 3593.02 3217.09 3521.4
internal_count=313169 170900 149892 142269 139272 148414 138276 2997 141237 139713 135787 46157 89630 21008 103000 40932 78469 90142 78388 18085 1478 76969 2923 73774 14828 11406 58946 34824 30253 89074
cat_boundaries=0 152 159 322 330 349 441 595 602 609 616 706 790 923 1083 1104 1128 1150 1157 1165
cat_threshold=0 0 33562626 0 526400 67108864 0 0 0 0 0 0 0 0 0 0 0 0 32768 0 0 0 0 0 0 0 4194304 0 0 0 0 0 2 0 0 0 0 262144 0 0 0 0 0 0 0 0 0 0 0 65536 0 0 0 0 0 64 0 0 0 0 0 0 524288 0 0 0 0 0 0 0 0 2048 0 0 0 0 0 0 0 0 0 0 0 0 0 0 0 0 1 0 0 128 268435456 0 0 0 0 0 0 32 0 65808 0 0 0 0 0 0 0 0 0 0 0 0 0 16384 4 0 0 0 1048576 0 0 256 0 0 0 0 0 0 262144 33554432 1024 0 0 0 32768 0 4 0 0 0 0 0 0 0 0 0 0 0 0 1024 537922568 75497477 1048576 2080 138413441 1074405537 448790528 0 0 0 8 0 0 8388608 0 0 0 0 0 1024 0 0 0 0 0 8192 0 0 0 1073741824 0 0 0 0 0 0 0 0 0 0 0 0 0 0 0 0 32 0 0 0 0 4112 0 0 0 0 16384 0 0 1073741824 0 1048576 134217728 0 0 0 2147483648 0 0 0 0 0 2097152 8 0 0 0 0 0 0 0 0 0 0 268435456 0 0 0 0 0 1073774592 0 0 0 0 1048576 256 8388608 0 0 0 0 0 0 0 4 0 0 0 0 0 0 0 32768 262144 0 0 2 0 0 0 0 0 32768 0 0 8 0 0 0 0 0 0 0 0 0 0 0 0 0 0 0 0 2 0 0 0 0 0 0 0 0 0 0 0 0 0 1 0 0 0 0 0 0 0 0 0 134217728 0 2304 1048738 537428480 1073807872 336068612 142688769 8320 2160330048 1 67108864 4 1073741824 0 0 0 0 0 0 4194304 0 1 0 0 0 0 0 0 32 0 0 0 0 524288 0 0 0 0 4 32768 0 0 0 0 16777216 0 0 0 16 0 0 0 0 0 0 4096 0 0 0 0 0 0 0 0 0 4 0 2 0 0 128 0 0 32768 0 16781312 0 0 0 0 134217728 0 0 0 0 0 0 64 0 0 0 2 0 0 0 0 0 134217792 0 0 0 0 0 536870912 0 0 134348800 0 0 0 0 0 0 0 0 1049088 0 65536 0 65 1 0 0 0 0 0 4 4194304 65536 8912896 1 65540 0 0 0 0 0 0 0 0 0 512 0 0 0 0 0 0 0 0 0 4194304 0 0 0 0 0 0 0 0 0 0 0 16 1073741824 0 0 0 0 8388672 0 16 0 0 0 0 1025 0 0 0 2 0 0 0 0 0 0 0 0 8192 0 0 0 0 0 0 0 0 32768 0 128 0 0 0 0 0 524288 0 0 0 0 0 0 0 0 0 0 4096 2 0 0 0 0 0 0 0 8192 0 32768 0 0 0 0 0 0 0 0 0 0 0 0 0 0 0 0 0 0 16777216 0 0 0 0 0 0 0 0 0 0 0 0 0 1048576 0 0 0 0 0 1280 0 0 0 0 0 0 8388608 213909824 1140850692 8392736 1114122 1695023108 137216 218243584 176563201 8608 131096 537199624 1074004032 1073744129 336633856 5259296 1207976832 142739472 68158464 138412352 1081344 605184016 0 0 0 0 0 0 134217728 0 0 0 67108864 0 0 0 1 0 0 0 0 0 0 0 0 0 67108864 0 0 1024 0 0 8192 0 0 0 0 0 0 16777216 0 0 0 536870912 1048576 0 0 262144 0 16 0 0 0 1024 16777216 0 0 258 0 128 1088 16777216 0 0 0 0 0 0 65536 0 0 0 16 0 0 0 0 0 0 0 1024 8 0 0 0 131076 268435456 0 0 134217728 67436544 1024 0 0 0 0 80 0 0 0 0 0 67108864 0 0 0 0 0 4 0 0 0 0 0 0 0 2048 0 0 4 0 0 16 0 0 1048576 0 0 64 0 524288 268435456 524288 0 0 1074790400 0 262144 0 16384 0 65536 0 16777216 16777216 0 0 2 0 0 0 0 0 0 0 8 0 16384 0 0 0 8 134217728 0 0 0 1073741824 0 0 0 0 0 0 4128 0 4 0 0 0 0 0 0 0 0 0 0 0 0 0 0 0 0 0 0 0 0 0 0 0 0 0 33554432 2 0 0 0 0 0 0 0 0 0 0 256 0 0 0 0 0 0 0 0 0 0 16777216 0 0 0 0 0 0 0 16384 0 0 0 0 0 0 16777216 0 0 3145728 0 0 0 0 0 8388608 16384 0 0 0 0 0 0 0 0 0 0 0 0 0 0 1073741824 0 0 0 0 0 0 524288 0 0 0 536870912 0 0 0 4194336 0 0 0 0 0 0 0 0 0 0 0 524288 0 0 0 0 0 0 0 0 0 0 0 0 0 0 0 0 268435456 65536 33554432 131072 8392704 98432 16384 545259520 0 0 0 0 0 0 0 0 0 0 32768 0 0 0 0 0 0 0 0 33554432 256 32 0 0 0 0 0 0 0 524288 0 0 0 0 0 0 8388608 0 0 0 0 0 0 0 8192 0 0 0 0 0 0 0 0 0 0 0 0 0 0 0 8 0 0 0 0 0 0 0 0 0 16 0 16 0 0 0 0 0 0 0 0 0 0 0 0 0 0 0 0 0 0 4 0 0 8388608 0 0 0 0 0 4096 0 0 0 0 0 4194304 0 0 0 0 0 0 0 0 0 0 0 0 0 0 0 0 0 0 0 0 0 524288 0 0 0 32768 0 0 0 256 0 0 0 524288 0 0 0 0 0 0 2048 0 0 0 2048 268435456 0 256 0 0 0 0 0 0 16384 0 0 0 4 0 0 1048576 32 8388608 2048 2097168 2097152 131072 570425344 8388608 8192 0 0 262144 16777216 268435456 0 0 1509949440 1115856 1024 0 8388608 4260864 3221389312 0 0 0 0 0 16777216 0 41944080 268435456 8192 0 0 0 25165824 0 0 2360320 8430720 2181038336 16777216 0 8388608 2147483650 32776 1048584 16777216 67108864 2048 2231927056 1140850696 152076452 16785442 84410496 1605632 134218256 663584 2147484296 541098272 68157440 101711872 0 83896576 1
is_linear=0
shrinkage=0.1


Tree=13
num_leaves=31
num_cat=18
split_feature=20 20 20 15 15 13 29 15 24 25 3 15 32 32 13 15 29 32 3 20 13 15 32 3 3 13 3 3 3 15
split_gain=1415.07 266.816 155.076 148.396 110.174 103.555 119.179 122.708 95.329 83.4092 82.6454 81.1901 79.2914 72.5417 71.4697 61.7601 61.0329 60.7089 58.824 57.1007 56.3908 57.101 62.251 85.9309 61.7838 53.4247 52.0275 50.2984 49.3288 45.1731
threshold=0.048776902258396156 0.17877264320850375 0.020850681699812416 0 1 2 -1.0000000180025095e-35 3 0.11012608557939531 17.500000000000004 4 5 3571.5000000000005 4005.5000000000005 6 7 0.46770833432674414 3986.5000000000005 8 0.03509680554270745 9 10 4005.5000000000005 11 12 13 14 15 16 17
decision_type=2 2 2 9 9 9 2 9 2 2 9 9 2 2 9 9 2 2 9 2 9 9 2 9 9 9 9 9 9 9
left_child=2 3 -1 12 19 26 11 17 28 14 15 -7 -2 -12 -6 -3 -16 -8 -13 -4 -20 -22 24 -24 25 -23 -5 -10 -9 -25
right_child=1 10 4 5 9 6 7 8 27 -11 13 18 -14 -15 16 -17 -18 -19 20 -21 21 22 23 29 -26 -27 -28 -29 -30 -31
leaf_value=-0.072080773477859586 0.28546741563291778 0.095858473722972778 0.30686296284833825 -0.04918987211067688 0.074656321982046789 -0.059540873073814782 0.26159565375398985 0.021552580939455768 0.059479650387396756 -0.085421371193834028 0.067808326473622879 -0.031295490967685295 0.070129592571341423 0.022980410306789323 -0.035325964450462662 0.018935884499665066 0.1950415191766236 0.052956735159678518 -0.052794122151842621 0.059583200615482661 0.049463688293203828 -0.015524633034632676 0.014834629339730569 0.041250711612703869 0.0086843837976291402 0.037804371993558919 0.11187634733188323 -0.015036047319723231 -0.058056458737848274 -0.017485646800043983
leaf_weight=1708.9491292368621 18.613307494670153 101.74596711993217 12.140088940039275 21.965624537318945 53.281561408191919 171.76243036612868 19.267589218914509 86.069209199398756 119.81983484700322 326.96216578409076 1107.7454057186842 361.20537307485938 210.26213730871677 535.48864650726318 2905.7308291122317 2108.6030246317387 11.546327508985994 50.498720955103636 134.99157490208745 40.461271669715643 346.97284623980522 213.21905196458101 1919.4928556866944 130.79581746459007 4229.5933121368289 1512.8418190404773 122.49389557912946 291.98810198903084 787.87218303233385 2118.0157515481114
leaf_count=56620 124 495 148 240 1097 2613 147 1251 1398 11179 4871 5568 1505 2395 71834 13112 195 505 1651 829 2863 2494 20816 1356 45474 16391 1135 4042 12870 27692
internal_value=-0.00122752 0.0127927 -0.0475675 0.00587995 -0.0350628 0.00439585 0.00338697 -0.0246073 -0.0316961 -0.0373697 0.0358756 0.00679669 0.083973 0.0528782 -0.0322065 0.0228925 -0.0342966 0.0967146 0.00788274 0.0980195 0.00924526 0.0100947 0.00869793 -0.000666576 0.0152667 0.0311652 0.0857865 0.00772431 -0.0506339 -0.0139019
internal_weight=21780.4 16721.3 5059.07 12867.7 3350.12 12638.9 12494.4 1355.52 1285.75 3297.52 3853.58 11138.9 228.875 1643.23 2970.56 2210.35 2917.28 69.7663 10967.1 52.6014 10605.9 10470.9 10124 4168.3 5955.65 1726.06 144.46 411.808 873.941 2248.81
internal_count=312910 171008 141902 150135 85282 148506 147131 20213 19561 84305 20873 126918 1629 7266 73126 13607 72029 652 124305 977 118737 117086 114223 49864 64359 18885 1375 5440 14121 29048
cat_boundaries=0 159 322 413 577 598 752 842 979 1003 1092 1252 1276 1298 1389 1407 1421 1442 1602
cat_threshold=0 262144 8192 8388608 591872 67108864 0 0 0 0 0 0 0 0 0 0 0 0 0 0 0 0 0 0 2097152 0 4194304 0 0 0 0 0 0 0 0 0 128 0 0 0 0 0 0 0 0 0 0 0 0 0 0 0 0 0 0 0 0 0 0 0 0 0 524288 0 0 0 0 0 0 0 0 0 0 0 0 0 0 0 0 0 0 0 0 0 0 1024 0 0 0 0 0 128 0 0 0 0 0 0 0 32 0 65536 0 0 0 0 2097152 0 0 0 0 0 0 4194304 0 0 4 0 0 0 1048576 8 0 256 0 0 0 0 0 0 266240 33554432 1024 0 0 0 2 0 4 0 0 0 0 0 0 0 0 0 0 0 0 1024 524288 0 0 0 0 0 2048 0 0 0 0 0 0 8388608 0 0 0 0 0 1024 0 0 0 0 0 8192 0 0 0 1073741824 0 0 0 0 0 0 0 0 0 0 0 0 0 0 0 0 32 0 0 0 0 4112 268435456 0 0 0 16384 0 0 1073741824 0 0 0 0 0 64 2147483648 0 0 0 0 0 0 8 0 65536 0 0 0 0 524288 0 0 0 0 0 0 0 0 0 32768 0 0 0 0 0 0 8388608 0 0 0 0 0 0 0 0 0 0 0 0 0 0 0 32768 262144 0 0 0 0 0 0 0 0 0 0 0 8 0 0 0 0 0 0 0 0 0 0 0 0 4194304 0 0 0 0 0 0 0 0 0 0 0 0 0 0 0 0 0 0 0 0 0 128 0 0 0 0 0 134217729 0 256 0 0 0 2 524288 0 0 65544 0 4 32768 0 0 131072 9 128 0 0 0 16 2147483648 0 0 0 0 0 4096 0 0 65536 524288 0 131072 0 0 0 0 0 0 0 0 128 0 33816576 32768 1048576 0 0 0 524288 536870912 0 0 0 0 0 0 0 1024 0 0 0 2 0 0 0 1 0 134217792 0 0 0 0 0 536870912 0 0 134217728 0 0 0 0 0 0 0 0 262144 0 0 0 64 0 0 131072 4096 0 4 8388608 0 0 0 0 0 0 0 0 0 0 0 0 0 0 0 0 0 0 0 33554432 0 33554432 0 0 0 0 0 0 0 0 0 0 0 0 0 0 0 0 0 0 256 0 16384 0 0 0 0 0 0 0 0 0 0 0 0 0 0 0 0 0 8 16777216 0 0 128 0 0 0 0 0 16 0 0 524288 0 0 1073741824 0 0 0 0 0 0 0 0 1 0 0 0 0 0 0 0 0 536871168 16384 0 0 0 0 4096 0 0 0 0 0 0 0 0 0 0 0 0 0 0 0 0 0 0 0 0 0 0 0 0 0 0 0 0 0 0 0 0 0 0 0 0 2 0 0 0 0 0 0 0 0 0 262144 0 0 0 0 0 0 0 0 32 32768 264 0 0 0 0 0 262144 0 0 0 536870912 16912421 8 0 152084480 32 4194304 4718592 16 2148532224 0 0 2048 4096 0 4 0 65536 524288 0 65536 0 0 0 0 0 0 0 0 0 0 0 0 0 0 0 0 0 0 0 0 0 0 0 0 0 0 0 0 0 142606336 0 0 8 0 0 0 0 8388608 0 16 0 0 0 0 0 0 0 0 0 0 0 0 0 0 0 0 0 16788480 0 0 256 0 0 0 0 0 32784 0 128 2048 0 0 0 0 0 0 0 0 0 0 0 0 0 0 0 0 2 0 0 0 0 0 0 0 0 0 32768 0 0 0 65536 0 0 0 0 0 0 0 0 0 0 0 0 0 0 0 0 0 1024 0 0 0 0 0 0 134217728 0 0 0 1048576 0 0 0 0 0 1280 0 0 0 0 0 0 8388608 0 0 0 0 0 0 134217728 0 0 0 0 0 0 0 0 0 16 0 0 0 0 0 0 4 0 0 0 1024 0 0 8192 0 0 0 0 0 0 0 0 0 0 536871040 1048576 33554432 0 262144 0 272 0 0 0 0 16777216 0 0 0 0 8192 1024 16785408 262144 8192 16 0 0 0 65536 0 0 0 0 0 0 0 1073741856 0 0 0 0 0 0 0 0 0 0 0 0 4096 327680 1073742848 0 0 0 0 0 0 0 0 0 0 0 0 0 0 0 0 32768 0 0 0 0 0 0 0 0 0 0 3221225472 0 0 0 0 0 0 0 4 0 0 0 0 0 0 0 0 0 0 4 0 0 0 0 0 0 0 0 0 16384 0 16384 0 0 0 0 0 0 0 268435456 0 0 0 0 16777216 0 0 0 0 0 0 0 0 0 0 0 0 0 0 0 0 0 0 0 0 0 0 0 0 0 0 0 0 0 0 0 134217728 32768 0 0 131072 0 0 0 0 0 0 0 0 0 0 0 0 0 0 0 0 0 0 0 0 8 1073741824 0 0 0 0 0 128 16384 268435584 33554432 67108864 4194304 0 587368465 9503234 16785408 0 0 0 262144 0 10240 0 0 260 65536 16777222 0 64 0 0 4259840 0 0 0 0 64 2 0 0 0 16777248 0 0 0 0 0 0 0 0 0 2147483648 0 0 0 0 0 0 0 0 0 2048 4194320 0 0 0 0 0 64 0 524288 268435456 524288 0 0 1141899264 0 0 0 16385 0 0 0 0 0 0 0 0 8 0 0 268435456 33554432 0 0 0 0 0 0 0 0 0 134217728 0 17301504 0 1073741824 0 0 0 256 0 83886080 0 0 4 0 0 0 0 1048608 0 33554432 0 8192 8388608 33570816 679477248 0 131072 0 0 0 0 0 0 0 0 0 0 0 0 0 0 0 4194304 0 0 0 0 0 0 0 0 128 0 0 0 262144 0 0 0 0 0 8388608 0 0 0 65536 0 4096 0 0 0 0 0 0 0 0 65600 0 0 0 0 0 0 0 0 0 0 0 0 0 0 0 0 0 0 0 0 0 0 0 0 0 0 512 0 268435456 0 2048 0 0 0 0 0 0 0 0 0 2 0 16 0 0 0 0 0 0 0 0 0 0 0 16384 0 0 0 0 0 0 33554432 0 0 0 0 0 0 536870912 0 0 0 0 0 33554432 0 0 0 0 0 524288 4 0 0 256 0 0 0 524288 0 0 0 262144 0 0 0 0 0 0 0 268435456 34078720 0 8392706 9217 0 0 33816576 16640 805306368 0 147456 1207959552 2153252672 0 0 0 0 0 0 0 0 0 0 16777216 16777216 75497488 268468232 2049 0 0 0 16384 67108864 0 536875008 33562624 34080912 4194304 0 8388608 131072 1073741824 393216 17825792 3072 2048 0 0 0 0 0 0 0 0 0 65536 0 0 65536 0 0 16777216 0 128 0 0 0 0 0 0 536870912 0 0 0 0 0 8192 0 4 0 0 0 0 0 0 0 0 0 0 0 0 0 0 268435456 0 0 0 0 16777216 0 0 32 0 128 0 0 0 0 0 0 0 16384 0 67108864 0 0 1 32768 0 0 0 0 4 0 512 0 4096 4096 4 0 0 0 0 8192 0 1073741824 1 0 0 0 0 0 0 8388608 0 67108864 0 0 276824064 1346 0 0 0 4 1073741824 33554432 75497472 67141634 4194304 0 0 0 0 536870912 0 2097152 478150656 65536 32 17301504 0 67108864 0 0 16 1048576 0 67108864 0 0 1107296384 1081920 4096 0 0 0 1073750016 0 0 65536 0 0 0 0 0 0 0 0 0 32768 0 0 0 0 0 0 0 0 0 0 16 0 0 16777216 0 0 0 20 0 0 0 0 2 0 0 0 0 0 0 0 0 0 0 0 0 33554432 0 0 0 81920 65536 0 0 0 0 0 0 0 384 524288 0 0 0 0 0 0 0 0 0 0 0 8 0 0 0 0 0 2147483680 0 0 0 0 0 0 0 0 0 0 0 0 0 0 0 0 0 0 0 0 524288 0 0 0 0 536870912 2147485698 0 0 0 0 0 0 0 0 0 0 0 0 0 0 8192 0 0 0 0 0 65536 0 100663296 1073741824 0 0 0 0 0 0 0 0 0 0 1081344 0 0 0 262144 0 0 0 0 0 0 0 0 0 0 0 0 0 0 0 131072
is_linear=0
shrinkage=0.1


Tree=14
num_leaves=31
num_cat=21
split_feature=20 20 14 20 14 14 3 32 13 3 3 14 3 14 32 31 14 13 13 28 25 3 14 30 14 3 3 14 13 14
split_gain=1214.7 203.546 186.459 138.202 104.477 95.2171 101.456 89.4494 85.3396 84.6503 80.9913 91.4988 78.6602 76.1182 60.3032 91.2774 74.6345 58.4834 56.0718 54.6804 78.3247 59.5436 64.0692 61.7509 58.6964 60.6578 51.6785 50.246 50.2067 48.9299
threshold=0.048776902258396156 0.10995289683341981 0 0.019543452188372615 1 2 3 4206.5000000000009 4 5 6 7 8 9 4254.5000000000009 0.029947928152978424 10 11 12 1.5000000000000002 1.0000000180025095e-35 13 14 0.016813158057630066 15 16 17 18 19 20
decision_type=2 2 9 2 9 9 9 2 9 9 9 9 9 9 2 2 9 9 9 2 2 9 9 2 9 9 9 9 9 9
left_child=2 4 12 -4 9 -5 14 10 -6 -2 28 -12 -1 26 -7 16 -16 -13 -15 21 24 23 -23 -20 25 -21 -10 -19 -3 -30
right_child=1 7 3 5 8 6 -8 -9 13 -11 11 17 -14 18 15 -17 -18 27 19 20 -22 22 -24 -25 -26 -27 -28 -29 29 -31
leaf_value=0.091720980874034574 0.15970765117816374 0.0086130040322929258 -0.076241219787306455 -0.067586544697425796 0.076818660018904319 -0.0046782032885137048 -0.038679726464003514 0.00591676028318923 0.045181179709070235 0.025753259571551945 0.050066848193111815 0.061099412986115112 -0.011150964892363087 -0.045667760393586582 0.25740731457333449 -0.0075963903987212693 -0.019939314585920399 -0.032463831339556146 0.24739426158037203 0.057697370098886772 -0.037278325854459581 0.026019537893999307 -0.0037129420635612421 0.023230442175492812 0.067510225515822198 -0.029755070871104235 -0.039918217522717958 0.014001090363003819 -0.0057082874939943518 0.060702218383903786
leaf_weight=119.16891986504197 62.153593316674232 292.9849065579474 1369.4721337985247 820.61801994033158 131.95889785885811 425.46430080197752 1839.4954963698983 2071.0206791944802 72.843262564390898 176.13087759912014 903.41902661323547 234.32370910421014 176.21450570225716 232.89398483932018 24.814763842150569 51.520770313218236 19.730505675077438 245.77281222492456 12.398454688489435 97.826245937496424 723.81847494468093 875.77251320332289 3978.688734266907 1390.4061247073114 135.47232371941209 291.71701722964644 689.14708434417844 2692.5269170552492 126.92396696656942 1391.3486736677587
leaf_count=1187 533 1424 49499 24166 1392 10367 50261 16041 1127 1842 5686 1623 4461 3393 361 1271 424 2015 126 1280 11147 9465 54221 16150 1740 3759 10605 19424 913 7120
internal_value=-0.000523006 0.0121805 -0.0446361 -0.0495712 0.00176417 -0.0382474 -0.0276467 0.0237917 -7.71261e-05 0.0657188 0.0300797 0.0220739 0.0319959 -0.00135962 0.0112637 0.0830408 0.187871 0.0139705 0.00162525 0.00315143 -0.0159494 0.00696865 0.00169343 0.0250332 0.0134559 -0.00689868 -0.0313032 0.0100176 0.0477104 0.0551494
internal_weight=21676 16829.5 4846.5 4551.12 8871.23 3181.64 2361.03 7958.32 8632.94 238.284 5887.3 4076.04 295.383 8500.98 521.53 96.066 44.5453 3172.62 7738.99 7506.1 1248.83 6257.27 4854.46 1402.8 525.016 389.543 761.99 2938.3 1811.26 1518.27
internal_count=313023 171026 141997 136349 116780 86850 62684 54246 114405 2375 38205 28748 5648 113013 12423 2056 785 23062 101281 97888 17926 79962 63686 16276 6779 5039 11732 21439 9457 8033
cat_boundaries=0 7 14 21 43 135 148 169 177 200 207 214 299 389 411 419 426 448 470 477 568 575
cat_threshold=537922560 8913029 537923616 2048 12584320 1073881249 465567744 17825922 67633152 1118208 2 1082146817 526338 8389696 67108864 134226176 16842752 570687488 24578 16388 655360 0 4 1073741824 256 0 8388608 132109 0 0 0 0 0 0 32784 0 0 0 0 0 0 0 134217728 0 0 0 0 0 2097152 0 65536 0 0 0 0 0 0 8 128 1048592 0 0 0 2147483648 0 0 0 0 0 69632 0 0 0 0 0 0 0 0 0 0 0 2 0 0 0 0 33554432 32768 0 0 16 0 0 0 16777216 0 0 0 32 0 0 0 67108864 0 0 2 0 0 4096 1073741824 0 134217792 0 0 32768 0 0 536870916 0 0 134348800 0 65536 4096 0 0 0 32768 0 0 0 0 0 0 1 0 67108864 8388608 8193 0 0 0 0 0 0 2097152 268435456 2621442 0 16 16777472 0 0 0 262144 0 268517376 0 0 33554432 33558657 4 0 0 65536 12845056 272701440 6291490 2097280 1073743904 16777244 1090519040 268443688 445915680 0 2836136208 1 67108864 4 1073741824 0 0 8 0 4194305 0 4194304 0 1 8 16 0 0 0 0 32 0 0 0 4096 67502144 2290106662 134384020 134226176 262146 1073774592 1140858904 4 0 0 16777216 16777216 256 16 0 0 0 0 524288 0 0 0 0 536870912 2149580802 0 0 0 0 16777216 1048576 0 0 0 0 0 0 0 536870912 64 0 0 0 1073741824 2048 0 0 0 0 0 0 0 0 0 0 0 0 268435712 32768 0 0 268435456 0 128 0 0 0 128 16384 256 0 0 0 0 0 0 0 0 0 0 0 0 134217728 128 1 0 0 0 1073741824 0 4 0 0 0 0 0 0 0 67108864 0 0 0 8 64 0 0 0 0 67174400 2147483648 0 0 0 0 0 0 0 0 0 0 131072 0 0 536870912 0 0 0 0 0 2048 0 0 0 0 0 4 0 0 0 524288 0 0 268435456 0 0 16 1 0 65568 0 0 16777216 0 0 0 0 128 0 32 33554432 0 0 8 0 2 0 0 33554432 0 134217728 0 0 0 1073741824 0 0 0 1024 8 16779328 4096 0 0 0 0 0 0 0 1073741824 33554432 8388610 8388608 1 0 50601984 268435456 8398848 0 0 0 0 1040 8192 0 0 536870912 0 0 0 0 2048 537420081 16777856 549454880 67108864 2902458656 2147622912 262656 1 20 16809984 557842472 786432 789581824 135297 537266176 268959744 0 8388608 8 0 0 0 0 67108864 0 2097152 134217728 536871936 65536 0 0 33554448 8192 128 0 131072 2048 131072 67108864 67108864 4194304 0 1 33554432 17408 134217728 0 262144 411074688 0 1024 0 0 570425476 40960 1048584 0 131072 8192 2197962752 8396928 134348816 590848 65792 524288 1150296064 0 0 0 0 0 0 0 0 0 0 2147483648 0 65536 0 0 0 4 0 0 0 0 0 0 0 2048 64 0 0 0 0 0 0 0 2097152 0 0 0 0 0 0 0 0 0 1048576 0 0 0 0 0 0 0 0 0 0 16384 0 0 0 0 0 0 0 0 0 0 16386 0 0 0 0 0 32768 0 0 0 0 4 0 32 65536 0 0 0 0 67108864 0 0 0 0 2097152 16 68157440 16777224 2056 1024 1073750336 0 1179648
is_linear=0
shrinkage=0.1


Tree=15
num_leaves=31
num_cat=16
split_feature=31 30 15 14 15 14 14 14 15 14 2 29 31 32 31 15 15 15 24 14 30 29 31 25 14 29 31 14 22 1
split_gain=706.678 179.359 171.833 148.909 129.701 95.9755 95.3004 74.1328 71.802 73.0205 67.4901 65.4524 64.4016 72.1313 62.4778 62.1711 55.8218 52.6215 51.3413 48.1724 38.7818 43.3449 42.9685 37.4243 94.76 52.0948 42.1193 37.0385 35.9344 35.066
threshold=0.047543503344058997 0.11859711632132532 0 1 2 3 4 5 6 7 8 -1.0000000180025095e-35 0.028667499311268333 3823.5000000000005 0.019443540833890442 9 10 11 0.10003270208835603 12 0.36001497507095342 0.81934732198715221 0.12123842537403108 4.5000000000000009 13 0.077935222536325469 0.06174742057919503 14 258.50000000000006 15
decision_type=2 2 9 9 9 9 9 9 9 9 9 2 2 2 2 9 9 9 2 9 2 2 2 2 9 2 2 9 2 9
left_child=2 4 12 -4 -2 -3 -6 -5 -7 29 28 14 13 -1 -9 -11 -12 -18 -13 -19 21 22 -17 -21 -25 -26 -27 -24 -8 -10
right_child=1 5 3 7 6 8 10 11 9 15 16 18 -14 -15 -16 20 17 19 -20 23 -22 -23 27 24 25 26 -28 -29 -30 -31
leaf_value=0.085492695317153145 0.086243227819198368 0.055451846084641369 0.031260685641503846 -0.06720002793897499 0.032200861569447001 0.066236602099971273 0.030630918692382256 -0.054926442250039058 0.055300368396728 -0.033607721730382629 0.05154201131353621 -0.072970949067464125 0.060329534649648353 0.46307085386201446 -0.018275651009153526 0.038148899240258938 -0.055275460593549479 -0.033090019513222844 0.022908635334003363 -0.0026656980810777198 0.039379843009733025 0.088100903614828585 -0.008611820370508479 0.17341672268333097 -0.053713283956088681 0.16032049467896747 -0.0051298748528245276 0.015720373532082971 0.21010083916407965 -0.021422527390223059
leaf_weight=10.713443338871004 157.62454960308969 676.294717092067 278.66761471703649 1039.9173228256404 716.37824868038297 267.47089904174209 366.59356472454965 633.88224541768432 55.958862863481045 219.84295873716474 146.96596678346395 587.43573612906039 66.534530291333795 9.5871649272739869 1746.9313552100211 706.67736114189029 226.32402386702597 650.96818066947162 61.716424055397511 6343.2084448114038 857.50011932104826 83.019607089459896 751.09747957438231 12.558590009808539 422.59522555582225 19.157315976917744 78.174886576831341 3651.0504545494914 11.506652660667894 698.97122616320848
leaf_count=170 1615 4196 5767 34698 6829 1761 3396 22873 283 1956 1486 20107 1210 145 45605 6495 3934 10812 1706 85976 3742 419 6085 138 8250 273 1056 25850 84 6392
internal_value=-0.000580958 0.00863516 -0.0361538 -0.0389408 -0.000915272 0.019605 -0.00253576 -0.0438124 0.0161819 0.0141844 -0.00557708 -0.0355909 0.0967568 0.263808 -0.0280338 0.0177277 -0.00756892 -0.00875438 -0.0638555 -0.00728402 0.0196457 0.0164242 0.0152594 -0.00479628 -0.0302668 -0.0377952 0.0274347 0.0115849 0.0351627 -0.0150869
internal_weight=21555.3 17119.9 4435.39 4348.55 9152.06 7967.88 8994.43 4069.88 7291.59 7024.12 8278.05 3029.97 86.8351 20.3006 2380.81 6269.19 7899.95 7752.99 649.152 7526.66 6049.35 5191.84 5108.83 6875.69 532.486 519.927 97.3322 4402.15 378.1 754.93
internal_count=313309 181028 132281 130756 123849 57179 122234 124989 52983 51222 115405 90291 1525 315 68478 44547 111925 110439 21813 106505 42591 38849 38430 95693 9717 9579 1329 31935 3480 6675
cat_boundaries=0 155 162 326 333 341 348 488 495 504 645 805 952 959 966 973 974
cat_threshold=0 0 0 0 0 0 1082130432 0 0 0 0 0 0 0 0 0 0 64 40960 0 0 0 268435456 0 0 0 0 0 0 0 0 0 0 0 0 0 0 65536 0 0 0 1048576 16 1073741824 16 0 0 0 0 16384 0 0 1073741824 0 0 0 0 0 0 2147483648 0 0 0 0 0 0 8 8 65536 0 0 0 0 0 0 0 0 0 0 0 0 0 0 32768 0 0 0 0 0 2048 0 128 0 0 0 0 0 0 4 32 0 8388624 0 0 0 0 0 0 0 0 0 0 0 0 0 0 0 0 0 8 0 0 0 0 0 0 0 0 0 0 0 0 4194304 33554432 0 0 0 0 0 1572864 0 0 0 256 0 0 0 0 0 0 0 0 16384 0 1024 538189825 76021896 537952256 2080 2260730241 1073881216 364904448 0 0 0 0 0 0 671088640 0 0 0 0 0 0 0 0 0 0 0 0 0 0 0 0 0 4194304 0 0 4 33554432 0 0 0 0 0 0 0 0 0 0 0 2097152 0 0 0 0 0 0 0 0 0 262144 0 0 0 0 64 0 0 0 0 0 0 524288 0 0 0 0 0 0 0 0 524288 0 0 0 0 0 0 0 0 0 0 0 0 0 1536 0 0 0 0 0 128 0 0 0 0 0 1073742080 16 536870944 0 65536 0 0 0 0 0 4096 0 0 0 0 0 0 2147483648 0 0 0 0 0 9437440 0 0 256 0 0 0 0 0 0 262144 33554432 0 0 0 0 32770 0 0 0 0 0 0 0 0 0 0 524288 0 0 0 0 0 0 2048 0 0 0 0 0 0 0 0 128 2208 32768 1073741856 335552552 282079234 1073741830 2286421016 2148532258 557056 1079050400 1572874 948191745 6176 12583232 1 33554432 134226178 16845440 570688512 98 4227328 665600 0 67108864 8192 8388608 268961792 67125376 8388608 0 0 0 0 0 0 0 0 0 0 32768 0 0 0 0 0 0 0 0 131072 0 0 0 0 0 0 0 0 0 0 262144 0 0 0 0 0 8388608 0 0 0 0 0 0 0 0 0 0 0 0 0 0 16384 0 0 0 0 0 0 0 268435456 0 0 0 0 128 0 557312 0 0 0 34 0 0 0 0 0 0 0 0 0 0 0 0 0 0 0 0 0 0 0 0 0 0 0 524288 0 0 0 0 0 0 0 0 0 0 0 4194304 0 0 0 0 0 0 0 0 0 0 0 0 50331648 0 0 1073741824 262144 0 0 0 0 0 0 0 0 524288 117998592 218104192 16910736 68608 320 1214720 100671744 0 2147483648 0 4194304 32 0 1 0 4096 0 4194304 18688 2097280 131088 512 0 67108864 0 0 0 0 0 0 0 0 0 0 0 0 0 0 0 0 0 0 4 0 0 0 0 0 8 0 0 0 0 256 0 0 16 0 0 0 0 0 0 0 0 16777216 0 32768 0 0 0 0 0 4096 0 0 0 0 0 0 0 0 0 0 2048 0 0 0 0 0 0 0 0 0 0 0 0 0 0 0 0 524288 0 0 0 2048 0 0 2097152 0 0 0 0 0 0 536870912 0 8388608 0 4194336 0 0 0 0 0 0 0 0 268435456 0 0 524288 0 0 0 0 256 0 0 0 0 0 0 0 0 0 0 0 0 0 0 0 0 0 0 0 1048576 0 0 0 0 0 0 0 64 131072 134217728 0 0 0 0 0 0 0 0 32768 0 0 0 0 0 2097152 0 0 256 0 0 0 0 0 128 0 0 128 0 0 0 0 0 0 0 0 0 0 0 0 65536 0 0 0 0 0 0 0 0 64 0 0 0 0 0 0 0 0 0 0 0 0 2048 0 0 0 0 0 2147483664 0 0 0 0 0 0 0 0 0 0 1048640 0 0 0 0 0 0 0 0 0 4 67108864 0 256 0 0 2 0 0 0 0 0 0 0 0 0 0 0 4 0 0 8 0 0 0 8388608 0 0 0 33554432 0 0 4097 0 0 0 0 524288 0 8193 0 0 0 0 0 0 0 0 0 0 0 536870912 0 536870912 0 0 0 0 0 0 0 268435456 0 0 0 0 268435456 0 0 67174400 0 0 65540 0 0 8192 0 0 0 0 0 0 0 16384 0 0 0 0 131074 0 0 0 0 0 0 0 0 0 0 0 0 0 0 1048576 0 8388608 0 0 0 0 0 512 0 0 0 1024 0 1024 0 0 0 0 33554432 0 0 0 0 0 0 0 0 0 0 128 2048 0 0 0 0 32802 0 128 0 0 0 0 0 0 0 0 0 0 0 0 0 0 0 0 0 2 0 0 0 0 0 0 0 8192 0 0 0 0 0 0 0 0 0 0 0 0 0 0 0 0 0 0 0 0 50331648 0 0 1024 0 0 0 0 0 1073741824 0 0 0 0 1048576 0 0 64 0 0 256 393345 2281701412 134252564 671418624 6 1073791232 1142046744 256 75497472 0 0 1114112 0 16785408 3355459648 1082155024 135266824 17039364 1694499845 12320 1048576 75497472
is_linear=0
shrinkage=0.1


Tree=16
num_leaves=31
num_cat=20
split_feature=20 15 15 3 20 14 13 14 14 3 29 29 3 15 14 30 13 15 3 3 32 18 30 31 3 31 15 3 1 3
split_gain=871.709 150.095 146.713 134.834 132.36 154.687 106.464 97.9762 90.6699 84.6206 79.768 134.866 73.2486 73.1185 70.2539 88.019 67.8875 58.601 56.3368 54.9686 54.4787 94.4191 69.9543 67.4376 54.4275 53.6424 52.595 51.8584 46.6863 49.0389
threshold=0.048776902258396156 0 1 2 0.020850681699812416 3 4 5 6 7 -1.0000000180025095e-35 0.068796485662460341 8 9 10 0.028322923928499225 11 12 13 14 4273.5000000000009 27.500000000000004 0.022621829062700275 0.024281934835016731 15 0.13791266828775409 16 17 18 19
decision_type=2 9 9 9 2 9 9 9 9 9 2 2 9 9 9 2 9 9 9 9 2 2 2 2 9 2 9 9 9 9
left_child=1 -1 25 -4 -3 -6 27 18 -7 14 13 17 -13 -9 -10 20 -15 -12 -8 -18 21 -16 -23 -22 -19 -2 -21 -5 -28 -30
right_child=2 4 3 6 5 8 7 10 9 -11 11 12 -14 16 15 -17 19 24 -20 26 23 22 -24 -25 -26 -27 28 -29 29 -31
leaf_value=0.11704359117264457 0.19193435115800464 -0.066684155407372797 0.035523301874775794 -0.023632526253371988 0.083786552187196189 -0.07046076136419166 0.0038688284098054603 -0.057107438151691663 -0.041747357932514127 -0.038957120127131206 0.049481028967122337 -0.039966563634246513 0.055926537924825132 -0.026259023044382226 0.011882600907080319 -0.0022938412089493179 -0.02600936596427288 0.022350292858433193 0.056662497832017412 0.053657694374789157 0.3684146094398541 0.036136924575069125 0.50281353904551318 0.097525106454361105 -0.051280985096762127 0.068582148612792215 0.045456107075820124 0.10846031582296906 0.017781469200290792 0.0027976935633523712
leaf_weight=51.671188222244382 44.262015335261822 1442.0638910643756 1673.1099748499691 39.147948015481234 106.88915658928454 556.93734920024872 332.64336529001594 175.37058494612575 250.91769291646779 1554.0866002552211 66.875575240701437 102.52430671826005 287.76937832683325 603.73292274400592 88.337555106729269 407.25335831940174 451.28691665828228 111.3935676664114 545.45503988862038 251.26311660557985 13.510735657066105 5.6839683670550567 7.3858459983021021 28.737143805250525 910.43808929808438 173.2359741255641 317.07909439131618 141.0536187030375 3044.2982188053429 7712.3643668666482
leaf_count=754 346 56840 7512 396 1505 18384 3040 2588 7270 44815 827 1020 2695 6618 2117 9822 5957 1827 3899 1619 174 153 161 440 14673 854 2727 1069 28026 85416
internal_value=-0.000620909 -0.0396829 0.00976019 0.00866629 -0.0416669 -0.029858 0.00566749 0.00471587 -0.0341985 -0.0253645 0.00267534 -0.0192886 0.0311458 0.00526478 0.00113587 0.0210636 0.00618945 -0.037369 0.0369318 0.00787385 0.0887467 0.0489983 0.299859 0.184155 -0.0431154 0.0895669 0.0092458 0.08003 0.0081906 0.00705091
internal_weight=21496.8 4513.47 16983.3 16765.8 4461.8 3019.74 15092.7 14912.5 2912.85 2355.91 14034.4 1479 390.294 12555.4 801.826 550.909 12380 1088.71 878.098 11776.3 143.655 101.407 13.0698 42.2479 1021.83 217.498 11325 180.202 11073.7 10756.7
internal_count=313544 142435 171109 169909 141681 84841 162397 160932 83336 64952 153993 21042 3715 132951 20137 12867 130363 17327 6939 123745 3045 2431 314 614 16500 1200 117788 1465 116169 113442
cat_boundaries=0 161 299 323 330 422 430 437 460 481 631 638 727 887 908 929 951 1103 1124 1125 1147
cat_threshold=0 0 0 64 0 0 0 0 0 0 0 0 0 0 0 0 0 0 8192 0 0 0 0 0 0 128 0 0 0 0 0 0 0 0 0 0 0 65536 0 32 0 1048576 0 0 4112 268435456 0 0 0 16384 0 0 1073741824 0 0 0 0 0 0 2147483648 0 0 0 0 0 0 8 0 0 0 0 0 0 0 0 0 0 0 0 16 4 0 0 1073774592 0 0 0 0 0 0 8388608 128 0 0 0 0 0 1073741824 0 32 0 0 0 0 0 0 32768 0 0 0 0 0 0 0 0 0 0 0 0 0 0 0 0 0 0 0 0 0 0 0 0 0 4194304 0 0 0 2 0 0 0 0 0 0 0 256 0 0 0 0 0 0 0 16384 4096 128 0 0 0 0 0 134217728 0 0 0 0 526336 100663296 0 0 0 0 0 0 0 0 0 0 0 0 0 0 0 0 0 0 0 0 4194304 3221225472 128 0 0 0 0 0 0 0 0 262144 0 0 0 0 0 0 0 0 4 0 0 0 0 0 0 0 0 0 0 0 16384 0 0 0 524288 0 0 0 268435456 0 0 0 0 0 0 0 0 0 0 0 512 0 0 0 0 16 0 0 0 0 0 0 0 0 268435456 0 0 0 0 256 0 67108896 0 272 0 134217728 0 0 2097152 131072 0 0 0 0 0 0 0 0 0 0 0 0 1048576 0 268435456 256 0 0 0 0 0 1073741824 262144 0 0 0 0 128 16384 8192 0 536870920 16777472 0 0 262144 0 0 81920 0 0 0 33554432 12 0 8396800 65536 46399488 339811328 6291490 2098304 0 0 16777216 537920512 8388740 542113792 32 180356480 1073872896 499124224 0 0 0 0 524288 0 0 0 33554432 4 2129920 0 0 0 8 128 16 0 0 0 0 0 0 0 0 0 0 0 0 65536 524288 0 0 268435456 0 0 0 0 2 0 0 0 0 33816576 32768 0 16781312 0 0 0 0 0 0 64 0 256 0 0 0 0 0 0 2 0 0 0 16777216 0 134217728 128 0 0 8192 0 536870912 0 0 0 0 0 0 0 0 0 268435456 0 262144 0 0 0 0 1 162 524288 1082200576 336068616 411124225 132 2202275584 1 256 134226176 65536 570687488 8194 4194304 655360 0 268435460 1074012160 256 0 8454144 134350189 67108864 0 536870912 256 0 0 32784 0 32 0 0 1 0 0 128 4194304 0 0 8388608 1024 0 0 8388608 0 0 0 0 1409286144 1494337 65536 0 134217728 0 1610629120 0 0 32768 0 0 1024 2101248 0 4 0 65536 524288 0 65664 0 0 0 0 0 0 0 0 0 0 0 0 0 0 0 0 262656 0 0 0 0 0 0 0 0 0 256 0 0 142606336 0 0 0 0 0 0 0 8388672 0 0 0 0 0 0 1024 0 0 0 0 33554432 0 0 0 0 0 0 0 16777216 0 0 0 0 0 0 0 0 16 0 128 0 0 0 0 0 524288 0 0 0 0 0 0 0 0 0 0 0 8388610 0 0 0 0 0 0 0 0 0 0 0 0 0 0 16777216 0 0 524288 0 0 0 0 0 0 0 0 0 0 0 0 0 0 0 0 0 0 0 0 0 0 0 0 1048576 0 0 0 0 0 1280 0 0 4194304 1191706704 1090519042 1258291840 285222912 1610891776 53248 1081344 0 0 0 1024 268435520 0 0 0 0 65536 0 0 65536 0 0 0 0 0 0 1342177280 0 0 0 0 536870912 0 0 1028 0 2048 0 0 133120 0 0 0 192 0 4 64 0 0 0 1140850688 0 0 0 16385 0 0 0 0 0 0 0 0 0 0 0 0 0 0 0 8 0 0 0 0 0 8 134217728 0 16777216 0 1073741824 0 0 0 0 0 16777216 0 0 0 0 0 0 134217728 32 0 0 0 2097152 268500992 130 268435456 0 0 0 0 0 0 0 0 0 0 0 0 0 0 0 0 0 0 0 33685504 0 0 0 0 0 0 0 0 0 0 0 0 0 0 0 0 8388608 0 0 0 256 8 69632 1073741824 0 0 0 0 0 0 0 0 0 0 0 0 0 0 0 8388608 8 16777216 0 0 0 8388608 0 0 0 0 32 0 16 0 0 0 0 0 0 0 0 0 0 0 0 0 0 0 0 0 0 0 0 0 536870912 16384 0 0 0 0 0 2147483648 0 0 0 0 0 0 0 0 0 0 0 0 0 0 0 0 0 0 603979776 0 0 0 0 0 0 0 0 64 0 262144 32768 0 0 0 0 2 0 0 0 0 0 0 0 0 0 0 0 0 0 0 65536 302678016 8388610 67141632 1 0 0 0 16777216 67108864 0 0 1073741952 16780628 0 0 0 0 2147483648 0 1048592 202375168 268435456 33554496 67108864 4202496 0 604144656 9441280 8192 0 0 4096 0 8388608 16777216 0 0 256 131072 2164785282 2064 2148007968 16777216 2 67108866 0 0 131088 1048576 0 67108864 0 0 1879048320 66752 70656 0 150994944 1028 536870912 0 0 0 8192 65536 33554432 12352 0 8388672 0 545259520 0 0 0 0 0 0 262144 0 0 0 32768 32768 0 0 0 0 0 0 0 0 0 0 0 0 0 0 128 0 0 0 0 0 0 0 0 0 0 0 0 0 0 0 0 0 262144 0 0 0 64 0 0 0 0 0 0 0 16777216 0 0 0 0 0 0 0 0 0 32768 0 0 0 0 0 0 8192 0 0 0 0 1024 0 268435456 0 0 0 128 0 0 0 0 0 0 0 0 0 65536 0 0 2048 0 0 0 0 0 0 0 0 0 0 0 0 0 0 0 0 0 0 8388608 256 0 0 33554432 8 0 4096 0 0 33554432 0 0 0 1 0 0 0 0 0 0 0 0 0 0 0 0 0 262144 0 67108866 0 0 0 0 8388608 0 603979776 0 0 276824192 590146 2 0 16777216 0 1073741824 0 0 8388608 42076160 128 0 8421376 1 0 0 262144 2048 0 0 0 8192 554210149 0 0 135266304 1056 1879048192 262152 0 131072 2048
is_linear=0
shrinkage=0.1


Tree=17
num_leaves=31
num_cat=20
split_feature=20 15 20 15 3 13 25 28 25 13 3 3 24 3 3 15 13 3 15 3 15 32 3 3 32 3 31 15 15 32
split_gain=730.477 148.756 129.814 125.231 116.773 104.419 92.9093 91.3355 115.812 87.3508 86.8666 81.3696 76.3072 69.5002 68.0653 65.4553 61.3193 67.9742 58.9712 57.7924 55.6939 52.4697 88.1157 62.4983 52.3553 49.4123 60.512 47.4577 42.6726 40.9956
threshold=0.051300967112183578 0 0.01679024659097195 1 2 3 3.5000000000000004 3.5000000000000004 1.0000000180025095e-35 4 5 6 0.18736233562231067 7 8 9 10 11 12 13 14 4005.5000000000005 15 16 3913.5000000000005 17 0.021696634590625766 18 19 4005.5000000000005
decision_type=2 9 2 9 9 9 2 2 2 9 9 9 2 9 9 9 9 9 9 9 9 2 9 9 2 9 2 9 9 2
left_child=1 24 -3 -2 29 14 11 9 10 -6 -9 -7 15 -14 -4 -11 19 -18 -19 -17 -10 23 -23 -20 -1 26 -8 -25 -24 -5
right_child=3 2 5 4 7 6 25 8 20 12 -12 -13 13 -15 -16 16 17 18 21 -21 -22 22 28 27 -26 -27 -28 -29 -30 -31
leaf_value=0.27603203701713031 0.083593173117077466 -0.074875202610424171 0.16570440860872718 0.044735394594624306 -0.064756263589659219 -0.00454625047751165 0.39829686940311598 -0.029422852201152056 0.069070978893588084 -0.051257513220057498 0.030467094483835194 -0.038870786306936779 -0.017958867606281955 0.082493543584659046 -0.021529411709618612 0.10625858607903266 -0.02610757614177589 0.05408344615039426 0.031577094250609158 0.0067826854631462532 -0.039800414459932827 0.011615192708463229 0.059034991310653831 -0.054310204289150454 0.068962644416330821 -0.072998205960748408 0.00703585655097793 0.0099691696413864925 -0.019464139809884016 0.011246449011547619
leaf_weight=16.999189041554928 210.66806678846478 813.48199512436986 36.751552529633045 1070.5615943744779 152.35507333278656 1143.8210072834045 4.5803576838225117 359.38238118588924 41.33475299179554 175.04641941189766 698.04622428864241 1780.660596748814 96.068927753716707 242.93321685120463 36.239754609763622 117.69478025659919 558.04781345464289 278.23986786231399 1533.166853312403 123.00420336797833 1115.9537476785481 2683.0888188295066 62.934190299361944 108.01102988049388 43.343982290476561 620.70214353501797 28.851943569257855 4834.8170155212283 1819.5161867011338 555.06328243017197
leaf_count=192 1157 36011 834 4748 1989 29354 160 3956 520 2551 6836 54177 1148 2157 963 965 7316 2072 13932 1169 14423 26307 713 1136 685 22761 932 48678 23251 2410
internal_value=-0.000867751 -0.0365356 -0.0386631 0.00871963 0.00771595 -0.0307019 -0.0331222 0.00494498 -0.0138003 0.00819607 0.0101225 -0.0255943 0.00911996 0.0559303 0.081351 0.00783655 0.00872524 0.00768462 0.0093721 0.0577218 -0.0356589 0.00819748 -5.15688e-06 0.013993 0.109199 -0.067284 0.0466782 0.00845771 -0.0165417 0.0330971
internal_weight=21361.4 4525.43 4465.09 16835.9 16625.3 3651.61 3578.62 14999.6 2214.72 12784.9 1057.43 2924.48 12632.6 339.002 72.9913 12293.6 12118.5 11877.8 11319.8 240.699 1157.29 11041.5 4565.54 6475.99 60.3432 654.134 33.4323 4942.83 1882.45 1625.62
internal_count=313503 146069 145192 167434 166277 109181 107384 159119 25735 133384 10792 83531 131395 3305 1797 128090 125539 123405 116089 2134 14943 114017 50271 63746 877 23853 1092 49814 23964 7158
cat_boundaries=0 163 302 323 413 500 521 545 566 590 737 828 850 1011 1032 1192 1216 1237 1260 1415 1575
cat_threshold=0 0 0 64 0 0 0 0 0 0 0 0 0 0 0 0 0 0 8192 0 0 0 1073741824 0 0 128 0 0 0 0 0 0 0 0 0 0 0 0 0 32 134217728 1048576 0 0 4112 0 0 0 0 16384 0 0 1073741824 0 0 0 0 1073741824 0 2147483648 0 0 0 0 0 2097152 8 0 0 0 0 0 0 0 0 0 0 0 0 16 0 0 0 1073741824 0 0 0 0 0 256 0 128 0 0 0 0 0 1073741824 4 32 0 0 0 0 524288 0 0 0 0 0 0 0 0 0 0 0 0 0 0 0 0 0 0 0 0 65536 0 0 262144 0 0 0 4194304 0 0 0 0 0 0 0 0 0 0 0 0 0 0 0 0 0 0 0 16384 4096 128 0 0 0 0 0 1 0 1048576 0 0 8192 8392704 0 100663296 8388608 0 0 0 0 0 0 0 0 0 0 0 0 1073741824 0 0 0 0 0 0 4194304 1073741824 0 0 0 0 0 0 0 0 0 0 0 0 0 0 0 0 0 0 4 65536 0 0 0 0 0 0 0 0 0 0 16384 0 0 0 0 134217728 0 0 268697600 0 16777216 0 0 0 0 256 0 0 0 0 512 0 0 0 0 16 0 1024 0 0 0 0 0 0 0 0 0 0 0 256 0 32 131072 256 0 0 0 0 2097152 131072 0 0 0 0 0 0 0 0 0 0 0 0 1048576 0 0 256 0 0 0 0 0 1073741824 262144 0 32 0 0 0 0 0 4 32768 0 150995208 0 0 0 0 0 81920 0 0 0 33554432 8388620 0 8388608 66048 549715968 273094656 6291490 10485888 0 0 0 0 524288 0 134217728 0 0 0 67108864 0 0 0 0 0 4 0 0 0 0 0 0 0 67108880 0 0 0 0 0 8192 0 0 0 0 0 0 16777216 0 0 0 0 0 256 0 262144 0 256 0 0 0 134218752 0 0 0 0 0 0 1024 16785408 0 8192 16 0 8192 0 1073807360 0 0 0 134348800 0 0 0 36 0 0 0 1024 0 0 0 0 4 0 0 0 4096 67371008 1073741824 0 0 0 0 268435520 0 0 0 0 0 0 0 128 0 0 0 0 0 0 3489660928 0 0 0 0 536870912 0 0 0 0 0 0 0 0 0 0 0 64 0 131072 268435456 524288 0 0 1073741824 0 0 0 16385 0 0 0 134218752 16777216 0 0 0 0 128 64 32 33554432 8192 4 65544 0 0 65536 0 0 0 134217728 0 16777216 0 0 0 0 0 1024 0 16777216 0 0 0 0 0 4194304 50331648 75497474 32768 4194305 0 0 8388608 16777216 0 0 536870912 3531612160 2115857 0 0 151027712 0 3221225472 1280 0 33792 8388608 1073741828 1074012160 4356 0 65548 132160 0 34865152 2048 524288 32 262152 32768 33554432 67108896 0 0 16 0 0 134217728 327680 32768 17301504 0 8388608 1 0 0 0 0 67108864 0 0 3028287488 5821376 0 0 134225920 0 0 0 0 132096 536870912 268435460 1073741824 0 0 24 2097408 4202496 0 4194304 0 1 262144 16 0 0 0 4096 32 0 0 1081344 8388672 1 0 4194304 2048 0 0 0 0 67174400 1 0 0 0 0 0 0 0 0 0 0 0 0 0 0 0 0 0 4 262144 33554432 0 4194304 0 0 0 0 0 0 0 0 0 0 1048576 16 0 0 0 0 0 16777280 0 0 0 0 0 0 0 0 0 0 2 0 8388608 0 0 0 0 0 0 1024 0 0 128 8390656 16384 65536 0 0 0 0 128 0 0 0 0 0 0 0 0 0 0 0 0 1 0 0 256 0 2 0 0 0 0 0 0 0 0 0 0 0 1024 0 0 16777216 0 0 0 0 0 0 0 0 0 0 0 0 0 0 0 0 0 0 0 0 0 0 0 0 0 0 0 1048576 0 0 0 0 0 256 0 0 0 0 0 2097152 0 8 0 0 2147516416 0 0 0 8 16777344 1048576 0 0 0 0 0 0 0 0 0 4096 0 0 0 524288 0 0 0 0 0 4 0 536870914 0 0 128 0 0 32768 0 0 268435456 0 128 0 0 0 0 16384 0 4194304 0 0 16777216 0 0 0 0 0 16384 0 0 134217728 2176 0 0 0 0 0 0 0 0 0 65536 4096 0 524288 0 268435456 0 0 0 1114112 0 1 268435456 570425344 67112960 4194320 0 537001984 42009218 8388608 524288 0 0 0 65536 65600 0 0 6291462 57344 524290 0 2147549184 8192 65536 33554432 2 0 526336 0 0 0 0 0 0 0 0 262144 0 0 0 0 32768 0 0 0 0 0 0 0 131072 2147483648 0 0 0 0 0 0 0 0 128 262144 0 0 0 0 0 0 0 0 0 0 2 0 0 2 0 0 0 64 0 0 0 0 0 0 0 0 0 2097152 0 65544 0 0 0 0 0 0 0 0 0 0 0 0 0 0 0 0 0 0 0 268435456 8388608 0 0 0 0 0 0 0 0 0 4 67108866 1 16 0 134217728 0 0 0 0 0 0 0 0 0 0 0 16384 0 0 0 0 0 8 0 0 0 0 0 0 0 0 0 0 0 0 0 0 0 0 0 1048576 0 0 0 0 0 0 0 0 0 0 0 262144 0 0 0 0 0 0 0 0 1048576 0 100663296 8421376 0 0 0 0 0 0 0 2113536 33554432 2752513 65568 0 0 0 32768 525312 0 2147549184 0 0 0 0 65536 128 134217728 0 0 0 0 0 0 0 0 0 0 0 0 0 0 0 0 0 16777216 0 33554436 0 33554432 0 0 0 0 0 0 0 0 0 0 0 0 0 16 0 0 0 0 0 0 0 0 0 0 0 0 0 0 0 256 0 0 0 0 0 0 0 0 0 0 0 0 2048 0 0 0 0 0 0 0 0 524288 0 0 0 0 0 0 0 1 0 0 0 1 0 0 0 0 0 16 0 0 545783808 0 0 0 0 0 0 0 0 0 0 0 0 0 0 0 0 0 0 8388608 0 0 0 0 0 0 0 0 0 0 0 0 33554432 0 0 0 0 0 0 0 0 0 0 0 0 0 0 0 0 0 0 0 0 0 0 0 0 0 65536 34078720 67108866 8388608 8192 0 0 1074003968 17039616 536870912 0 33832960 1342177280 2153269105 0 0 0 0 0 8 0 0 0 0 16777216 16777216 8388616 32768 2049 0 0 0 16384 201326592 4 536875008 33562624 4241 2 0 134217728 0 2147483648 1028 1048576 67141632 3221225472 0 0 256 0 0 5242880 536870912 0 4608 0 1 0 32768 0 0 0 0 32 0 0 134217728 37781600 0 269484032 0 16777216 65568 0 4194304 0 0 0 0 0 0 0 0 0 0 0 0 524288 528 0 0 0 0 0 0 0 2097152 0 0 33554432 8 0 0 0 0 0 0 0 0 0 0 0 0 0 0 0 0 67141632 0 0 0 0 0 0 0 0 0 0 536870912 0 256 0 0 0 2097152 0 8192 0 0 0 0 557056 0 0 0 0 0 32 524289 0 0 0 0 268435456 0 0 0 0 0 16 0 0 0 0 0 0 16 4 0 0 0 536870912 0 0 0 0 0 0 0 0 0 0 0 0 0 0 0 0 0 65536 0 0 0 0 0 0 0 0 0 0 268435456 0 0 0 2048 0 0 0 0 0 0 0 0 0 0 0 0 0 0 0 0 0 1024 0 0 0 0 0 0 0 0 0 0 0 0 0 0 0 0 0 0 0 0 0 0 0 0 262145 0 0 0 0 0 0 0 2 0 0 0 0 0 0 0 134217728 0 0 0 0 0 0 0 0 16384 0 0 0 0 0 0 0 0 65536 268500992 0 0 0 0 0 0 0 0 0 0 0 0 0 0 0 0 0 134217728 0 32 0 0 64 0 0 0 0 0 0 0 0 0 0 0 64 0 0 0 262144 0 0 65536 0 0 0 0 0 0 0 0 0 0 0 0 0 0 4 0 0 8192 0 0 0 0 0 65536 0 0 0 0 1052673 0 0 0 0 524288 16777216 8192 0 0 0 0 0 262144 2 2097152 0 524288 0 0 0 0 0 0 2176 0 0 0 0 268435456
is_linear=0
shrinkage=0.1


Tree=18
num_leaves=31
num_cat=20
split_feature=20 15 20 14 15 14 3 13 15 14 22 13 15 15 20 20 14 3 14 32 24 3 31 32 32 3 14 13 3 14
split_gain=626.752 150.715 114.591 111.696 86.4321 82.5475 105.292 80.4343 84.162 77.6945 77.5188 70.6905 66.8032 57.8337 57.4186 55.8364 54.5609 77.1696 74.5165 69.9542 52.0951 72.2131 67.94 128.254 51.1728 49.9714 48.6262 44.2631 45.2682 43.0369
threshold=0.03509680554270745 0 0.10995289683341981 1 2 3 4 5 6 7 5.5000000000000009 8 9 10 0.032151246443390853 0.015315920114517214 11 12 13 3934.5000000000005 0.027888889424502853 14 0.0136049697175622 3845.5000000000005 4206.5000000000009 15 16 17 18 19
decision_type=2 9 2 9 9 9 9 9 9 9 2 9 9 9 2 2 9 9 9 2 2 9 2 2 2 9 9 9 9 9
left_child=3 -2 5 14 -5 6 -3 -7 -9 -4 15 -11 -10 -13 -1 -6 -17 18 19 -18 -12 22 23 -22 25 -15 -14 -28 -29 -26
right_child=1 2 9 4 10 7 -8 8 12 11 20 13 26 24 -16 16 17 -19 -20 -21 21 -23 -24 -25 29 -27 27 28 -30 -31
leaf_value=0.007250412400388072 0.099548493480596467 0.19445196400993692 0.050122225650600108 0.10567739385562176 -0.072122397310016836 0.075307556517391516 0.023417908610050234 0.071413213835680181 -0.05596275905276793 -0.05545257581768448 -0.078113712949952535 -0.043000243106488457 -0.032379916737868865 0.042292407851279745 0.14668235653784742 -0.062636705150501473 0.0012915071731598882 -0.036277399695235475 -0.027440410151851259 0.10319104054246644 -0.065312552567796764 -0.066475071072612593 0.039423206849733834 0.9275037444756461 -0.03771760981781129 0.01509643228429081 -0.045677423994635084 -0.047979527736563735 -0.00034832217228603383 0.0060919381279624235
leaf_weight=196.8889587521553 161.74010020121932 30.215327005833387 550.38889196142554 29.713869724422693 351.90394985862076 115.49661516956985 449.45222076028585 130.76790011301637 255.6292116548866 145.41641550883651 891.46308756433427 172.19146963953972 593.49320857413113 798.78773757442832 34.746529299765825 371.97447793930769 145.11042458191514 970.6010767724365 251.44119139201939 125.75439959391952 2.6854156367480746 103.30999578721821 60.658885810524225 2.5242338757961988 248.53740718960762 4494.6720150895417 225.01003767549992 194.99271601065993 7511.1054828744382 1680.0994741357863
leaf_count=5553 1125 205 3437 539 16614 1203 4754 997 5558 1085 37241 1581 10213 4046 247 13327 3638 32189 6831 2764 114 4243 2145 111 2378 29062 3687 3672 102728 12221
internal_value=-0.00135259 0.0063055 0.0053888 -0.0397818 -0.0444066 -0.00205271 0.0379428 -0.00421543 -0.0053294 0.0141395 -0.0460846 0.0114312 -0.00655231 0.0128196 0.0270003 -0.0355873 -0.0286931 -0.0196842 0.0112531 0.04687 -0.0684591 -0.0175854 0.0600672 0.415737 0.0142081 0.0193087 -0.00500679 -0.00292023 -0.00161419 0.000282359
internal_weight=21296.8 17758 17596.3 3538.78 3307.14 9506.16 479.668 9026.5 8911 8090.09 3277.43 7539.7 8780.23 7394.29 231.635 2216.79 1864.88 1492.91 522.306 270.865 1060.64 169.179 65.8685 5.20965 7222.1 5293.46 8524.6 7931.11 7706.1 1928.64
internal_count=313508 187952 186827 125556 119756 133017 4959 128058 126855 53810 119217 50373 125858 49288 5800 75363 58749 45422 13233 6402 43854 6613 2370 225 47707 33108 120300 110087 106400 14599
cat_boundaries=0 161 168 319 327 338 430 585 592 683 838 998 1005 1029 1036 1060 1081 1088 1177 1200 1208
cat_threshold=0 0 4096 0 0 100663296 134217728 0 0 0 0 0 0 0 0 0 0 0 0 0 0 0 0 0 4194304 0 37748736 3221225472 0 0 0 0 0 0 0 0 0 0 0 0 2097152 0 0 0 0 0 4 0 0 0 0 8192 0 0 0 64 0 0 0 0 0 0 0 0 0 2097152 268435456 65536 0 0 0 0 0 0 0 0 0 0 0 0 0 0 0 16 0 0 0 0 0 0 0 128 268435456 0 0 0 0 256 0 32 131073 0 0 0 0 0 2097152 0 0 0 0 0 0 0 0 0 0 0 0 0 0 0 0 256 0 0 0 0 0 1073741824 262144 0 0 0 0 128 0 8192 0 0 0 0 0 0 0 0 0 0 0 0 0 0 0 0 0 0 0 0 2048 0 1048576 558138371 76021764 538050560 1050624 134219136 663585 197132800 0 0 0 0 0 0 1082130436 0 0 0 65536 0 0 0 0 0 0 0 0 0 0 0 0 0 0 128 0 0 0 0 32768 0 524288 0 0 0 0 0 0 32 0 1048576 0 1073741824 16 0 0 0 0 16384 0 0 0 0 0 0 0 0 0 2147483648 0 0 0 0 0 0 0 0 0 0 0 0 0 0 0 0 0 0 0 32768 0 0 0 0 0 0 0 0 0 0 0 0 0 0 0 0 0 0 0 0 0 0 0 0 128 16384 32768 4194304 16777216 0 0 0 0 0 0 0 1073774592 0 0 4 0 0 0 0 0 0 0 0 0 4194304 0 0 4194304 0 0 0 2 0 0 0 0 0 0 0 0 0 0 0 33554432 0 1 555253890 67633152 9506848 67108866 8406017 530434 25167424 1 0 67108864 0 8193 0 0 0 0 0 4194304 2097152 0 0 0 2 0 2097152 0 65536 0 0 0 0 0 0 0 128 16 0 0 0 2147483648 0 0 0 0 0 4096 0 0 2048 8192 0 131072 0 0 0 0 0 2 0 0 0 0 0 8421376 0 16777216 0 32 0 0 0 0 0 0 0 0 0 64 67108864 0 0 18 0 0 4096 0 0 134217792 2048 0 0 0 0 0 0 0 134348808 32 0 4096 0 0 0 0 0 0 0 0 0 577 1 0 0 0 0 0 0 0 0 0 0 0 0 0 0 0 0 0 0 32768 0 0 0 0 128 0 0 0 4 0 0 0 0 0 128 0 0 128 0 0 0 0 0 0 0 0 0 0 0 4 81920 2147483648 0 0 0 0 0 0 0 65600 0 0 0 0 134217728 0 0 8 0 0 0 0 2056 0 0 0 0 0 1073741840 0 0 0 0 0 0 0 1024 0 0 0 0 0 0 0 0 64 0 0 0 4 0 0 256 0 536870912 0 0 0 0 0 0 0 0 0 16384 0 0 4 0 0 8 1048576 4096 0 0 0 0 0 0 0 0 0 0 0 0 0 0 4194304 0 4 32768 0 0 0 0 0 0 0 0 0 0 0 1024 0 0 2048 2147483744 536903706 512 285745184 344469504 1073741828 2709520384 0 0 0 0 0 0 0 0 0 0 2 0 128 0 0 0 0 0 0 268435456 0 0 0 0 2048 0 0 1028 0 2048 10256 0 0 0 0 0 64 0 0 0 0 0 0 1074790400 0 0 0 1 0 0 16384 0 0 268435456 0 32 4 128 0 0 4 0 4 8 0 0 0 0 0 8 0 0 0 0 516 0 0 0 1024 0 0 0 0 0 0 32768 0 0 0 1073741824 81 0 0 0 0 0 0 0 8454144 8388608 0 65536 0 0 0 0 0 0 0 0 0 0 0 0 0 0 0 0 0 131072 0 0 0 0 0 0 0 0 0 0 0 8388608 0 0 1082130432 0 0 0 0 8388672 0 0 0 0 0 0 1024 0 0 0 65536 0 8388608 256 0 0 0 0 0 7168 2147483648 0 0 0 0 0 0 0 0 0 0 0 0 0 0 0 0 0 0 1048576 0 0 131072 0 0 0 0 0 8388610 0 0 0 0 0 0 0 0 0 0 0 0 0 65536 0 0 0 0 0 0 0 0 0 0 0 0 0 0 50331648 0 0 0 0 0 0 0 0 0 0 0 0 0 1081344 0 0 64 0 0 256 0 0 0 0 0 0 8388608 1024 0 5242880 16777217 2048 16777216 0 1610612736 67108864 524288 0 4 0 0 0 0 0 0 0 0 0 0 0 0 0 0 0 2 262656 0 0 0 0 0 0 0 0 0 0 0 0 16 134217728 16 0 0 0 0 2147483648 16777216 16384 0 0 0 0 0 0 0 0 0 0 0 0 0 0 0 0 1048576 0 0 0 0 0 0 0 65536 0 0 0 0 0 0 0 0 0 0 0 0 0 0 0 0 16 0 0 0 0 4096 1073741824 0 0 0 8388608 0 0 0 0 0 0 0 0 0 0 0 0 0 0 0 33554432 0 0 8388608 0 0 0 0 0 0 0 0 0 0 0 0 0 0 0 2048 0 0 0 0 0 0 0 0 0 0 0 0 0 0 0 0 0 0 0 0 0 0 4194304 16 134226176 50397184 33816576 1073741826 32768 537526272 8388608 4 0 0 0 0 0 536870912 262144 270532658 256 0 67108872 16 0 0 0 0 1 0 0 536903680 557907990 1 8404996 2147500163 4194432 32 88875108 384 268470288 2818572288 272629761 0 0 0 8 0 5242880 0 69275648 8192 0 0 16 0 0 0 0 48 0 0 67371008 2188386432 32769 0 0 16777472 0 0 0 262144 0 0 0 0 33554432 33558528 0 0 0 0 2147745792 67584 6291490 2097152 133185 2281718054 32912 536881408 262146 1073791268 1342447616 0 0 0 0 80 0 0 0 0 0 2214592512 0 0 0 0 0 4 128 0 512 0 131072 0 0 536870912 0 1 0 0 0 0 0 0 0 0 0 4 0 0 0 0 0 0 268435712 0 0 0 16640 0 32 0 0 16777216 0 0 0 8 128 0 32 33554432 0 0 0 0 16386 0 0 33554432 8 134217728 0 0 0 0 0 0 0 0 0 16779264 4128 0 0 0 0 0 0 1048576 268435456 33554432 16384 67584 2048 1208516608 671088896 8389889 0 4194308 4096 0 0 1024 0 268435456 128 0 1048578 0 32 128 262144 1048576 150995844 1054724 1114112 536936484 1048832 134873360 1
is_linear=0
shrinkage=0.1


Tree=19
num_leaves=31
num_cat=19
split_feature=20 20 14 20 14 13 14 25 14 3 3 3 14 13 14 30 28 25 3 20 3 13 3 25 3 14 30 27 1 14
split_gain=517.623 128.04 117.088 78.9257 83.6016 73.0062 70.4507 68.9255 64.6896 78.3905 63.7268 62.629 60.6712 60.4683 54.1795 60.951 50.4423 70.443 68.9525 47.9746 46.6047 46.9629 46.0589 42.642 39.3231 42.6493 38.9369 63.1927 38.3686 46.083
threshold=0.048776902258396156 0.01679024659097195 0 0.17877264320850375 1 2 3 17.500000000000004 4 5 6 7 8 9 10 0.028322923928499225 10.500000000000002 1.0000000180025095e-35 11 0.032151246443390853 12 13 14 1.0000000180025095e-35 15 16 0.018600437790155414 1.5000000000000002 17 18
decision_type=2 2 9 2 9 9 9 2 9 9 9 9 9 9 9 2 2 2 9 2 9 9 9 2 9 9 2 2 9 9
left_child=1 -1 11 4 10 -4 -5 8 -7 14 -2 23 22 -14 15 19 20 18 -18 -10 -15 -22 -6 -3 25 -23 27 -26 -8 -30
right_child=3 2 5 6 12 7 28 -9 9 -11 -12 -13 13 16 -16 -17 17 -19 -20 -21 21 24 -24 -25 26 -27 -28 -29 29 -31
leaf_value=-0.071587037461636124 0.083273991079338472 0.10220396711842886 0.075338443968648319 0.056336287959241373 -0.049442508782903759 -0.054532532882571962 0.047150307578770659 -0.081121391352711014 0.05117997348399636 -0.030524383821618872 0.01724676718452417 0.003439075817844096 0.069560586715951916 -0.03526165762900315 -0.027097329086615253 0.010721508654333701 -0.030378106345803638 -0.04019803518720716 0.035956791431296875 0.19403767464837446 -0.050493581175379144 0.049500480598953796 -0.002159334385672256 0.31086124137080523 -0.026980490647045344 0.011585815941759246 0.002401388280554171 0.27350359251558271 -0.027229216496526577 0.014350528266214605
leaf_weight=717.1420992705971 190.54394754394889 56.923703849315643 56.591926600784063 434.7912879139185 400.32262894324958 663.98998507671058 309.80645177513361 260.05250536836684 68.716329274699092 1563.8406285047531 608.28233598172665 121.50559422746301 123.06267749890685 282.22057435661554 221.77255758456886 284.27529476769269 269.69925944879651 645.18160480260849 347.46537651307881 35.730533668771386 138.88162057474256 357.62790308892727 427.59586749412119 11.829627797007559 14.256515119224789 1664.5735745429993 7587.723143460229 13.747964780777691 283.98049588873982 3006.0700450465083
leaf_count=36120 1311 713 1338 2167 5578 24008 1481 12533 1352 49678 5845 3072 975 4715 6141 6767 3193 9577 3902 538 1857 2873 5667 158 195 17338 86612 133 2135 15227
internal_value=-0.00115505 -0.0332434 -0.0250234 0.00646544 0.00269161 -0.0295916 0.0186916 -0.0317443 -0.0273321 -0.018689 0.0338311 0.049673 0.000636605 0.00253625 0.0116317 0.0338527 0.00174695 -0.0170939 0.00705901 0.100051 0.0041131 0.00528038 -0.0253393 0.120569 0.00613558 0.0185016 0.00283206 0.120533 0.0139497 0.0106899
internal_weight=21168.2 4062.37 3345.23 17105.8 13071.2 3154.97 4034.65 3098.38 2838.33 2174.34 798.826 190.259 12272.4 11444.4 610.495 388.722 11321.4 1262.35 617.165 104.447 10059 9776.81 827.918 68.7533 9637.93 2022.2 7615.73 28.0045 3599.86 3290.05
internal_count=313199 142418 106298 170781 149771 102355 21010 101017 88484 64476 7156 3943 142615 131370 14798 8657 130395 16672 7095 1890 113723 109008 11245 871 107151 20211 86940 328 18843 17362
cat_boundaries=0 7 15 105 112 119 143 165 184 191 282 289 310 330 419 441 462 469 470 477
cat_threshold=1064968 8388621 542146560 68159520 173020545 131073 364904448 1573026 524290 1082196480 269484032 415237153 2176 62931776 1 0 0 0 0 524288 0 134217728 0 0 0 0 0 0 0 1 524288 0 0 0 16384 0 0 0 0 67108880 0 4096 1024 0 0 8192 0 0 0 0 0 0 0 0 268435456 0 0 1048576 256 0 0 0 0 8 0 0 0 0 0 0 256 0 0 1024 16785408 0 8192 16 0 0 0 65536 0 0 0 134217728 0 0 0 4 64 0 0 1024 0 0 0 0 4 0 0 0 0 327680 1073741824 2147483968 8388624 1052672 34086952 293879842 524324 2148042760 33554432 134226178 25231872 855901184 8194 49412 537526272 0 1073741828 1074003968 0 0 8454144 134349833 67108864 1310720 2359312 1 0 0 32784 0 32 0 0 1 0 0 134250496 4194368 4 0 67108880 0 9217 0 0 0 8388608 0 0 2113536 128 622976 0 0 0 0 0 0 0 0 2048 0 4 1073741824 4096 0 8 536870912 4194305 0 4194304 0 1 0 0 0 268435456 8 0 32 2156011520 2155872640 134253588 704907528 262146 1074298880 1410375680 0 0 0 0 524288 0 0 65536 0 4 32768 0 0 0 536870912 128 16 0 0 0 2147483648 0 0 0 0 0 69632 0 8 0 524288 0 131072 0 0 0 0 0 2 2048 0 128 0 0 32768 0 0 0 0 0 536870912 16777216 0 65536 0 0 0 0 8388608 0 0 0 0 0 0 0 1073741825 0 0 0 0 0 8192 0 536870912 0 8388608 134217728 0 0 0 0 0 0 0 0 262144 0 0 0 65 537003013 67125392 416 0 603980388 1073741954 33556992 319291392 8388610 32768 4194305 0 0 8650752 8192 0 0 536870912 2181039104 37013906 0 0 0 0 3221233664 0 0 66560 268435456 536870912 4096 8192 0 537034769 1108345474 8398080 0 0 33554432 32768 65536 67584 0 131072 132 0 16777344 2048 0 262144 0 0 64 0 0 0 0 0 2 0 0 0 0 0 0 128 0 268959744 0 0 0 0 0 0 0 0 0 0 0 0 0 0 0 0 128 0 0 0 524288 0 512 1141899264 0 0 0 16384 4096 0 0 0 16777216 128 0 0 0 0 0 0 33554432 0 0 65544 0 0 0 0 0 8 134217728 0 524288 4194304 1073741828 0 0 4194304 512 0 16777216 4128 0 0 0 0 0 0 67108864 34078720 8388610 67141634 3073 0 0 262144 2048 67108864 0 0 3456114688 2622848 0 0 0 0 0 0 0 524288 2048 0 2 402685960 1 0 33554432 268697600 2048 0 0 536870912 3623886848 33555216 12582912 0 0 1024 2181038080 1310720 1048576 67634176 17472 134217748 541069312 8192 655360260 0 655376 41945088 1146093568 134234624 553650192 1049600 260 1081600 131088
is_linear=0
shrinkage=0.1


Tree=20
num_leaves=31
num_cat=18
split_feature=20 14 3 3 20 14 14 3 29 29 3 3 14 31 17 3 32 24 24 3 25 27 14 3 14 3 1 29 3 3
split_gain=437.131 117.522 131.132 86.2101 79.3749 66.2752 62.5788 73.4252 68.5539 79.6392 61.8982 61.565 58.4114 101.546 57.2819 56.5313 55.8843 54.3845 49.6888 40.0777 38.8089 41.9087 37.7295 36.8578 36.1145 72.7987 40.7212 32.9507 32.7214 32.4097
threshold=0.03054610546678305 0 1 2 0.015315920114517214 3 4 5 0.84693878889083873 -1.0000000180025095e-35 6 7 8 0.054280769079923637 5.5000000000000009 9 3635.5000000000005 0.20047847181558612 0.017657452262938026 10 4.5000000000000009 8.5000000000000018 11 12 13 14 15 -1.0000000180025095e-35 16 17
decision_type=2 9 9 9 2 9 9 9 2 2 9 9 9 2 2 9 2 2 2 9 2 2 9 9 9 9 9 2 9 9
left_child=4 2 -2 12 -1 27 7 -5 9 14 -4 -11 -3 16 15 -8 -14 20 -13 -20 21 -7 -9 -23 25 -17 -26 -6 -28 -16
right_child=1 3 10 6 5 17 8 22 -10 11 -12 18 13 -15 29 24 -18 -19 19 -21 -22 23 -24 -25 26 -27 28 -29 -30 -31
leaf_value=-0.075512124404365638 0.044569955718523534 -0.0075924495929642127 -0.051283023715248899 -0.0089858529585332154 0.05144708182330892 -0.025450783978317626 -0.033476973058677653 0.092784573945357329 0.074543382847597511 0.026115227150282933 -0.012861809622923765 -0.055149766596464034 0.011380547249290399 0.029266846769660151 -0.036001885509200048 0.046011264437085524 0.17336988215831209 0.094150535540763275 0.02090152030139892 -0.030633576169077401 -0.072335787748583819 0.047902985949942314 0.033466996995310722 -0.08194749865272262 0.03881564461673221 0.0044471633102644492 -0.024562851093911802 -0.050573685813926184 0.0019160331281231034 0.041877235312897665
leaf_weight=506.97294878959656 279.73976708948612 381.21488356031477 698.47449335455894 360.90025020390749 137.13674500212073 1253.2279519475996 399.05560388788581 140.64518712088466 131.68204299733043 225.47238683328032 1084.1250431835651 478.52787524275482 29.127139870077372 1373.6012186072767 53.991869004443288 581.05692698992789 79.221217045560479 31.075671207159758 226.77240225113928 414.98975283652544 296.29094474390149 21.320227049291134 567.09031998738647 212.53161412477493 275.27611596137285 1495.733428189531 484.64781671762466 41.160250954329967 8249.9643964841962 539.79566158913076
leaf_count=27721 3369 5693 16354 3021 3136 44747 6742 1182 753 2824 15014 8881 492 8273 707 5311 1062 919 2733 6692 14192 791 4045 9279 1918 13814 6643 1174 90039 5447
internal_value=-0.000926871 0.00436283 -0.0180914 0.00717792 -0.0401833 -0.0311953 0.00458677 0.0277741 0.00273989 0.00203764 -0.0281185 -0.0210374 0.0273851 0.0363732 0.0046084 0.00304266 0.129823 -0.036799 -0.0304884 -0.0125748 -0.0392872 -0.0327025 0.0463834 -0.0715649 0.00438339 0.016241 0.00163523 0.0264139 0.000420419 0.0348948
internal_weight=21050.8 18551.1 2062.34 16488.8 2499.72 1992.74 14625.6 1068.64 13557 13425.3 1782.6 1345.76 1863.16 1481.95 12079.5 11485.7 108.348 1814.45 1120.29 641.762 1783.37 1487.08 707.736 233.852 11086.7 2076.79 9009.89 178.297 8734.61 593.788
internal_count=312968 211009 34737 176272 101959 74238 160752 8248 152504 151751 31368 21130 15520 9827 130621 124467 1554 69928 18306 9425 69009 54817 5227 10070 117725 19125 98600 4310 96682 6154
cat_boundaries=0 7 28 49 56 64 86 108 132 139 163 184 191 214 221 243 244 265 288
cat_threshold=101318672 1207959968 134415568 671353856 66 1097729 1140989952 2147614720 67108864 0 0 0 0 4460608 16777216 0 0 16384 134217728 1589576 1024 0 1081344 4194336 16384 68163584 6291456 69730304 0 33554444 142610688 0 0 33554432 1049092 0 268517376 0 0 1073750016 4096 4100 0 8396800 0 393216 330752 32 34944 4194354 524428 537001992 1574912 63177088 532640 251659008 2684356770 554205184 8392712 335544328 411058689 528384 159401280 1 285769728 258 67141634 2048 0 0 0 16777216 67108864 0 32768 268435457 17301852 65536 0 0 0 0 67108864 1048576 68288512 2048 524288 41943046 1082130432 1033 0 50855936 1049108 262144 67371008 0 2097152 637534208 135168 32772 0 0 0 0 0 0 2148532224 128 17301504 1073741824 67108866 4194304 0 131088 0 16777216 67108864 0 0 838860800 1051168 328704 0 16777216 1060 536879104 8 0 8388608 134217728 4194304 16777216 1620328512 2701139968 1048576 85467140 1090859264 0 35127320 369229824 536870912 67109888 6299664 0 134217728 549454849 17826304 0 0 294912 0 16384 262144 0 1048576 8 0 9 0 8388608 0 4456448 4194304 2147483648 75497472 0 0 0 0 0 0 0 0 2113536 209715201 16843792 32 0 1048576 0 0 0 0 2147483648 536870914 0 4104 268435456 8404992 528384 8389888 134217728 0 0 0 0 8 0 4194304 0 2097152 65536 0 0 16 0 0 0 0 32 0 0 0 128 1209286656 11 1095762432 17301536 1732251904 4196480 2182348816 0 67108866 32770 9 0 0 65552 262144 33554432 4194304 524288 2147483648 1835296 4194304 0 0 34 3229655040 256 0 65536 2048 44042240 2097152 1140850704 16384 65538 0 0 134283264 262144 0 4194304 131072 536871040 9699328 2176 0 335544320 131078 3221315584 2 0 131072 2164391936 603979778 1073741824 4194304 0 0 0 0 536870912 0 0 134217728 27265088 1024 0 1048576 32 1073741952 67633152 16 2147483648 0 4194304
is_linear=0
shrinkage=0.1


Tree=21
num_leaves=31
num_cat=25
split_feature=20 15 15 20 14 14 15 14 15 20 14 13 3 13 13 13 3 15 3 14 3 3 0 22 3 3 13 25 3 15
split_gain=376.253 132.581 103.899 102.205 110.503 75.2884 73.5961 70.4603 70.1384 63.4024 63.5996 62.6087 61.424 57.0751 55.9167 55.2878 60.6853 54.5994 49.0426 48.9341 62.7708 44.8655 55.9435 49.157 88.8591 52.7516 53.442 136.288 40.4036 39.5232
threshold=0.03054610546678305 0 1 0.084680635482072844 2 3 4 5 6 0.015315920114517214 7 8 9 10 11 12 13 14 15 16 17 18 19 -1.0000000180025095e-35 20 21 22 6.5000000000000009 23 24
decision_type=2 9 9 2 9 9 9 9 9 2 9 9 9 9 9 9 9 9 9 9 9 9 9 2 9 9 9 2 9 9
left_child=2 -2 -1 4 -3 12 -6 18 -7 -4 -11 -10 -5 28 -9 16 -13 -17 -8 20 -19 -21 -23 24 -24 26 27 -25 -12 -27
right_child=1 3 9 5 6 8 7 14 11 10 13 15 -14 -15 -16 17 -18 19 -20 21 -22 22 23 25 -26 29 -28 -29 -30 -31
leaf_value=0.11090944662279111 0.12863508623559142 0.088751349798690621 -0.073817828432235541 -0.016164581275136425 0.078924317433380714 -0.055584260267917865 0.011982072109012207 0.089472702909214719 -0.056951174801472916 0.024506117300917726 0.093320341116255714 -0.011415735840969042 0.057589760591954732 -0.042843023168229244 -0.0087298018721116543 0.052904629986069596 0.076443198894307451 -0.032624206524040043 -0.052508620544033269 -0.015842683799064772 0.013217019761771535 0.035235759686270261 -0.018267750895591035 0.024619492844015614 0.031982681510014467 -0.033414715295114507 -0.007243908106720794 0.35704578249556956 -0.033915728085784823 0.015485461828595618
leaf_weight=37.294607602059841 74.804973170161247 103.83824128098786 471.74190153740346 145.43300661072135 79.797157667577267 171.56569336540997 146.86456010304391 48.930416479706764 141.30103915557265 172.94630996882915 47.743711981922388 120.47846972756088 499.28584618493915 1629.9318795995787 4085.9357868414372 240.48099687695503 227.71743357554078 698.70748735778034 622.46970892697573 736.2090471573174 511.3835180439055 776.96196075156331 446.14355320110917 204.33222690597177 1598.973948828876 166.1693761870265 3675.213251452893 13.125113379210232 39.839813436381519 3082.1689423583448
leaf_count=921 407 1152 27753 1068 1086 2284 3047 726 1460 4594 1576 899 3544 65183 75967 1422 1614 8879 15690 7239 4529 5233 3442 1811 12156 1744 33524 88 1738 22469
internal_value=-0.00092808 0.00387519 -0.0381978 0.00330075 -0.00877075 0.00786767 -0.0109586 -0.0125788 0.0061655 -0.0408485 -0.0328375 0.00704697 0.0409598 -0.0385301 -0.00735465 0.00781547 0.0465733 0.00666735 -0.0402017 0.00569009 -0.0133022 0.00784854 0.0096133 0.00741019 0.0210876 0.0035035 -0.00435049 0.0427193 0.0378989 0.0128891
internal_weight=21017.8 18618.3 2399.5 18543.5 5087.84 13455.7 4984 4904.2 12810.9 2362.2 1890.46 12639.4 644.719 1717.52 4134.87 12498.1 348.196 12149.9 769.334 11909.4 1210.09 10699.3 9963.09 9186.13 2045.12 7141.01 3892.67 217.457 87.5835 3248.34
internal_count=313245 211480 101765 211073 97668 113405 96516 95430 108793 100844 73091 106509 4612 68497 76693 105049 2513 102536 18737 101114 13408 87706 80467 75234 15598 59636 35423 1899 3314 24213
cat_boundaries=0 137 298 306 314 477 484 638 645 733 754 843 934 1026 1046 1201 1223 1230 1252 1274 1275 1299 1312 1401 1424 1588
cat_threshold=0 0 0 0 64 100663296 536870912 0 0 0 0 0 0 0 0 0 0 0 0 0 0 0 0 0 0 0 0 3221225472 0 0 0 0 0 0 0 4 0 0 0 0 0 0 0 0 0 0 4 0 0 0 0 0 0 0 0 0 0 0 0 0 0 0 0 134217728 0 2097152 0 0 0 0 0 0 0 0 0 0 0 0 0 0 0 0 0 16 0 0 0 0 0 0 0 128 0 0 0 0 0 256 0 32 0 16 0 0 0 0 2097152 0 0 0 0 0 0 0 0 0 0 0 0 8 0 0 0 256 0 0 0 0 0 1073741824 262144 0 0 0 0 0 16384 0 0 0 8 0 0 1082130432 0 0 0 0 0 0 0 0 0 0 0 40960 0 0 0 0 0 0 0 0 0 0 0 0 0 0 0 0 0 0 65536 0 32 0 1048576 0 0 0 0 0 0 0 16384 0 0 0 0 0 0 0 0 0 2147483648 0 0 0 0 8 2097152 0 0 0 0 0 0 0 1048576 0 0 0 0 0 0 131072 0 0 0 0 0 0 0 0 0 0 0 0 0 0 0 0 0 0 0 0 8388608 0 0 524288 0 0 0 16777216 131072 0 0 0 0 0 262144 32768 0 0 0 0 0 0 1024 0 65536 33554432 0 0 0 0 0 4194304 0 0 0 2 0 0 0 0 0 0 0 0 0 0 0 0 0 1 0 0 256 0 0 0 0 0 0 131072 9437184 67633156 4096 2 201342976 1073745920 20980736 1 1073742880 536903681 1082163744 503316512 276850179 128 2718434312 1 0 0 0 0 0 0 0 0 0 0 0 0 1024 0 0 0 0 0 0 0 0 0 0 0 0 0 0 0 0 0 0 0 0 128 0 0 0 0 0 0 0 0 0 0 524288 0 0 0 524292 16384 0 0 0 0 0 0 0 0 0 0 0 0 524288 0 0 0 520 0 65536 0 0 0 0 1 0 0 0 1073741824 0 16 8192 0 0 0 0 19456 0 0 1048576 0 8 0 1 0 64 0 0 0 16 0 0 0 0 536870912 0 0 0 0 0 0 0 0 0 0 0 0 0 0 0 0 1048576 0 0 0 0 0 0 0 0 0 4096 0 0 0 0 32768 4227072 0 16 0 0 0 0 0 0 0 0 0 0 0 0 0 0 0 0 0 0 0 0 268435456 0 0 1048576 3238151184 2290098464 34944 704905216 1107296258 16384 35258376 0 524288 16777216 2176 0 4 4194304 67174400 524288 1048576 132 0 0 0 0 0 0 0 0 0 0 0 0 0 0 0 0 262144 0 0 0 0 0 0 0 0 0 0 0 0 0 1048576 0 1073741824 0 0 0 2147483648 0 32768 0 0 0 1024 0 0 0 0 0 0 0 0 0 0 0 0 1048576 0 0 0 0 524288 2048 0 0 0 0 32768 0 0 0 0 0 0 0 0 0 268435456 0 0 0 0 0 0 0 0 0 2 0 0 0 0 0 0 0 0 0 0 0 0 0 65536 0 0 0 524288 0 0 0 0 0 0 0 0 0 0 0 0 0 0 0 0 0 0 0 0 134217728 0 0 0 1048576 0 0 64 0 0 0 0 0 0 0 0 0 8388608 16779312 8913420 536871040 18352128 29622656 1074274464 218104576 0 0 0 0 32832 0 0 0 0 0 67108866 0 0 0 0 0 4 0 0 268435456 0 0 0 0 2064 0 65536 4 0 2048 8192 0 0 0 0 0 128 0 0 268435456 524288 0 0 1073741824 0 0 0 16384 0 0 536870912 0 0 0 0 0 0 0 0 0 0 0 0 8 2097152 0 8 0 0 0 134217728 0 524288 0 0 0 0 1024 1568 0 0 0 0 0 0 0 32768 4096 524288 8388608 0 0 0 0 0 17039360 268435456 0 0 1644175360 2097285 32 0 16777216 33554466 2684354560 67634176 18 2214592640 0 0 0 0 524288 0 0 0 0 32 2214592512 0 0 0 0 0 16 128 0 16384 0 0 0 0 67108864 0 0 0 0 0 0 0 0 0 0 0 0 0 2 0 0 128 0 268697600 0 0 0 16 0 0 32 0 0 268435456 0 32 0 0 0 16785408 0 8192 0 0 0 16384 65536 0 0 0 131088 0 0 0 4 0 4 0 1024 0 16777216 0 4 0 0 0 0 4608 67174400 0 0 0 16777216 0 0 0 8388608 0 0 2 0 0 0 8 0 0 128 0 16384 0 0 0 0 0 0 65536 0 0 2048 8192 0 0 0 0 512 0 0 2 0 0 536870912 0 268697600 0 0 4096 0 0 0 0 16777216 0 16 0 256 0 8192 64 0 262144 0 16 8 8192 0 1 0 0 0 0 0 0 0 512 0 0 1024 256 0 0 0 0 2052 0 0 0 0 0 0 512 0 0 0 0 524288 0 0 8 0 4 2097152 0 0 0 0 16777344 0 0 0 0 0 0 0 0 536870912 64 4096 0 0 1073741824 32768 0 131072 0 0 0 4 0 536870912 0 0 0 0 0 32768 0 16777216 0 0 0 0 1024 0 128 0 0 0 0 0 0 0 32768 0 0 0 4096 0 0 134217728 128 0 0 0 0 131072 0 4 0 0 0 0 0 524288 0 0 0 0 0 0 1073742848 1 1 0 8388608 8388610 0 0 0 0 262144 16384 0 16384 2986344448 132176 2 0 16777216 1056 1082130432 0 16 0 0 0 4096 526336 0 134217728 0 0 0 0 0 0 0 0 0 32768 0 32768 2 0 0 0 0 4194304 0 0 4 0 0 0 0 0 0 0 0 128 262144 0 0 0 0 0 8388608 0 0 0 0 0 0 262144 0 0 8192 0 0 0 0 0 0 536870912 0 0 0 0 0 268435456 65536 0 0 0 0 0 33024 0 0 0 0 0 0 0 0 0 0 0 0 0 0 8388672 256 0 0 0 0 0 0 0 0 0 67108864 131072 0 0 536870912 0 0 0 0 0 0 0 0 0 0 0 16384 0 0 0 0 0 0 0 0 0 0 16777216 0 0 0 0 0 0 0 0 0 0 1 0 0 0 0 0 256 0 0 0 524288 0 0 0 1024 0 0 2048 2149580928 0 1073741824 20 2048 2105345 131520 768 135790592 4194308 536903680 262144 524288 2048 0 0 0 8192 4 0 64 134225920 118366288 67641728 134352916 537461760 68 1073744129 67117072 0 41943040 8388610 1024 0 0 262144 262144 0 0 2097152 905969664 19005520 4194340 0 1048576 4194320 32768 4461568 0 3145728 2048 131072 33555456 2 8192 0 0 268435456 8388608 0 0 0 2348810368 2148533248 266240 0 9437184 2147550208 49152 84410376 0 8585216 2048 9 0 0 8388608 0 0 0 262144 16777216 268435456 0 0 1342177280 201332 0 0 134217728 0 536870912 0 0 2147483648 0 0 16777216 0 8388608 32768 0 0 0 33554432 263168 268435456 0 2375680 536870912 35684865 0 0 0 0 0 0 0 0 0 8192 32768 0 0 524288 0 0 1048576 128 0 2147483648 0 0 0 0 0 0 0 0 0 0 0 0 0 0 0 0 0 0 2 0 0 0 0 268435456 0 1048576 0 268435456 0 0 16384 0 0 268435456 0 32 4194304 128 64 0 0 0 16 0 0 0 0 67108864 33554432 0 1 32768 0 0 0 0 0 134348800 0 65544 0 0 0 0 32768 0 0 8192 1114112 545259520 406847488 131072 0 0 8 32768 4194304 0 32777 8192 0 0 16 0 0 0 4096 0 0 0 537952256 2860519424 0 0 0 0 0 640 32 0 0 0 0 0 0 0 0 0 0 0 0 0 16 0 0 64 0 0 0 656 0 0 0 0 0 0 0 0 0 256 0 0 0 0 0 1048576 0 0 0 0 0 16384 0 0 0 0 0 0 0 0 0 0 0 0 0 16777216 0 0 0 0 0 2147483648 0 8192 0 0 0 0 0 65568 0 0 0 0 0 0 0 0 0 0 0 0 0 0 2097152 0 0 0 0 0 0 2 0 0 0 0 0 0 0 0 0 0 0 0 0 0 2147483648 0 0 33554432 0 4194304 8388864 0 0 0 0 0 0 33554432 0 0 0 0 536870912 0 0 0 2048 0 0 0 0 0 0 0 0 0 256 0 0 0 0 0 0 0 0 0 0 0 0 0 0 0 0 16
is_linear=0
shrinkage=0.1


Tree=22
num_leaves=31
num_cat=16
split_feature=20 20 14 14 20 14 32 3 14 14 14 3 14 3 32 16 22 14 22 24 24 3 3 19 14 14 3 32 29 24
split_gain=322.87 87.9457 97.5301 77.5758 69.8461 63.642 56.3725 67.8522 68.3455 65.4448 55.5071 54.1564 46.4679 60.4179 42.783 40.0298 50.0235 41.2226 39.8423 57.5789 49.586 38.3073 37.6325 35.2118 33.6323 32.5344 32.4433 49.6007 32.0854 31.8142
threshold=0.03054610546678305 0.086249098181724562 0 1 0.015315920114517214 2 4005.5000000000005 3 4 5 6 7 8 9 3894.5000000000005 5.5000000000000009 -1.0000000180025095e-35 10 15.500000000000002 0.033000033348798759 0.036494005471467979 11 12 59.850000381469734 13 14 15 4418.5000000000009 0.15535445511341098 0.20047847181558612
decision_type=2 2 9 9 2 9 2 9 9 9 9 9 9 9 2 2 2 9 2 2 2 9 9 10 9 9 9 2 2 2
left_child=4 2 11 -3 -1 22 7 15 -9 -8 26 -2 21 14 -14 16 -5 -18 -12 -20 -21 -10 -4 -7 -17 -11 27 -6 -22 -27
right_child=1 3 5 6 10 23 9 8 12 25 18 -13 13 -15 -16 24 17 -19 19 20 28 -23 -24 -25 -26 29 -28 -29 -30 -31
leaf_value=-0.071432217480744242 0.12368789150108915 0.054395016131200936 0.027178548536965552 0.085083183568403067 0.060414601469893081 -0.0078452858685943826 -0.026695454506768759 -0.021720148008597104 -0.027958815963052188 0.05354474094988404 -0.024729292987556929 0.023160988500236526 -0.028543343266171639 0.012401476480442285 0.041161762185802753 0.075934893683753488 -0.048036229238627409 0.038414433217445962 -0.08021632316896346 0.40906151392021645 -0.025100496583076587 0.035454637743451055 -0.054493861921596679 0.058369437198216072 -4.4566103414981988e-05 0.00011696068805600207 -0.0060950775784764941 0.35214073789776801 0.17778731432663802 0.033336583697072431
leaf_weight=439.75121073797345 59.12602923065424 347.28899172693491 62.275488808751106 233.74730183929205 54.061046114191413 4453.442539634183 814.80509545840323 676.15353887528181 100.09447966143489 118.6180158406496 1315.7550708670169 316.48786250688136 642.6781831420958 3591.500145252794 102.0318823941052 57.218108076602221 53.592134322971106 613.44470638036728 308.34943545889109 3.1254922887310377 59.007933602668345 1040.0986864566803 437.10044047795236 81.786538744345307 446.93986623361707 4030.0484801344573 126.74903713073581 6.5324895624071351 8.980955549515782 310.50369022041559
leaf_count=27764 552 2168 1346 1441 1124 83333 9243 6575 731 1101 49420 3708 5962 29503 967 330 530 3555 16485 134 2580 7758 11724 1357 2548 34572 4298 156 183 2107
internal_value=-0.000394508 0.00399742 -0.00673776 0.00840449 -0.0355498 -0.01042 0.0071118 0.0126544 0.00807602 -0.000817076 -0.0271679 0.0417823 0.0117877 0.00702211 -0.0187415 0.0324157 0.0452745 0.0313244 -0.032769 -0.0615093 0.0196035 0.0296931 -0.0439752 -0.00663656 0.0100838 0.00396255 0.0239834 0.0788519 0.00169986 0.00248761
internal_weight=20911.3 18589 5410.22 13178.8 2322.31 5034.61 12831.5 7557.5 6152.56 5273.98 1882.56 375.614 5476.4 4336.21 744.71 1404.94 900.784 667.037 1695.22 379.464 71.1144 1140.19 499.376 4535.23 504.158 4459.17 187.343 60.5935 67.9889 4340.55
internal_count=313255 211111 102020 109091 102144 97760 106923 59900 51496 47023 74380 4260 44921 36432 6929 8404 5526 4085 68802 19382 2897 8489 13070 84690 2878 37780 5578 1280 2763 36679
cat_boundaries=0 8 16 23 44 51 58 65 82 89 111 118 139 163 170 177 201
cat_threshold=6029312 67633156 13635584 1048590 743456800 1073741824 155198720 1 536871968 536903682 32768 402661408 411051011 132 2181316616 1 3221389312 142623010 32900 704905216 2 16512 131072 0 8388864 16777472 0 0 0 0 0 81920 0 0 33554432 129 0 0 0 0 12582912 268503040 2097186 2097153 2256936976 524288 134414388 537199620 524352 1074266114 209715712 16385 159392644 1054724 118489096 1118244 1050880 268443648 88131600 540676 536871048 526336 1237582208 8224 260047616 0 67108868 0 0 0 0 0 0 67108864 4194304 0 0 256 0 0 0 2 1075317122 142606853 1074796544 101187592 5259296 0 1611139072 131072 536871936 0 8192 0 0 262144 8388608 0 0 262144 67109888 132704 263200 0 9437184 65568 1073790976 16781312 17825808 524288 2048 1048704 134217988 2048 0 536875268 0 139264 0 0 134217730 1024 0 262144 0 16777216 0 0 0 67108864 70720 12 0 134225920 16 2684354560 67896576 0 2282750080 3305111552 64 0 16 0 134225921 134353218 256 135790592 0 32768 402653185 262144 0 0 32 0 8192 1048580 0 0 8192 262144 4194304 2147483648 134218240 0 50331648 536870980 0 532480 2147483648 0 32 263172 67633152 1074266112 9437184 545259520 0 0 0 0 8 2097152 4194304 0 2138114 65536 32 0 0 0 0 0 0 32 0 0 0 16777232 512
is_linear=0
shrinkage=0.1


Tree=23
num_leaves=31
num_cat=21
split_feature=20 15 14 15 20 14 3 3 15 13 13 3 15 3 14 3 29 22 31 13 13 29 29 15 16 27 3 13 3 15
split_gain=251.959 160.762 91.4958 89.8195 84.9414 79.9342 84.276 74.6816 69.5956 67.489 57.4854 55.2385 52.1777 50.8241 49.0286 66.2643 48.136 54.8875 48.031 46.5251 38.8801 36.5883 63.5482 66.0468 65.617 42.3566 44.8255 36.4827 48.7567 41.4034
threshold=0.063139911741018309 0 1 2 0.020850681699812416 3 4 5 6 7 8 9 10 11 12 13 -1.0000000180025095e-35 6.5000000000000009 0.024281934835016731 14 15 0.506756752729416 -1.0000000180025095e-35 16 4.5000000000000009 5.5000000000000009 17 18 19 20
decision_type=2 9 9 9 2 9 9 9 9 9 9 9 9 9 9 9 2 2 2 9 9 2 2 9 2 2 9 9 9 9
left_child=1 -1 7 -2 -4 19 18 16 -5 13 -11 -12 -13 -10 15 -14 17 -3 -7 -6 -16 22 27 24 -24 -25 -27 28 -22 -29
right_child=3 2 4 8 5 6 -8 -9 9 10 11 12 14 -15 20 -17 -18 -19 -20 -21 21 -23 23 25 -26 26 -28 29 -30 -31
leaf_value=0.14851466603421065 0.068913029834611547 0.10227975426268561 -0.054130813420842666 -0.055050002991067673 0.076759821185394927 0.11543960950515618 -0.020170471122548429 -0.008921700440309481 -0.036913757477546681 -0.041174675420511175 0.022281089128378308 0.061266816624232792 0.087068036457641884 0.074242849673182371 0.061395870886668313 0.012553011244667778 -0.027449474850261613 0.39931663875182033 0.014873425562719209 -0.049957140717949607 -0.055466700749132382 0.052264543333370772 0.16405957095353008 -0.053564316414744954 -0.0065032961350600287 0.033869117866539108 -0.02997817776070787 -0.050737757110690396 0.0046560658042751795 0.0040229443938727162
leaf_weight=45.686169907450676 210.248854059726 94.043330561369658 912.98509522993118 183.41170605830848 22.804115280508995 52.60093192383647 1926.2452620575204 240.11963695380837 47.208606485277414 261.65910382568836 1683.965966258198 142.62708079814911 138.01353013888001 221.62327599711716 95.374910082668066 677.40460540354252 27.453152501955628 6.6615419844165435 488.94047396630049 838.50372826494277 243.53112339228392 134.53784555569291 36.325250927358866 459.17664884217083 59.500600911676884 146.14938894286752 369.37897878885269 129.96074559167027 292.16387893632054 10626.528339233249
leaf_count=619 1379 1898 53431 2677 643 1133 55131 5716 361 2961 7954 998 1038 1519 891 5499 999 116 10755 31070 2644 778 335 7279 622 1723 5665 1776 2729 102940
internal_value=-0.00043097 -0.0209272 -0.0228788 0.00547488 -0.027046 -0.0196994 -0.0103764 0.0245685 0.00459249 0.00532083 0.00444027 0.00525021 0.00311889 0.0540992 0.00245514 0.0260671 0.0834206 0.121928 0.0241948 -0.0457597 0.000906715 0.000396363 -0.000167775 -0.0234532 0.0526578 -0.0311565 -0.0118024 0.00203975 -0.0231918 0.00331481
internal_weight=20814.8 4656.04 4610.36 16158.8 4242.08 3329.09 2467.79 368.278 15948.5 15765.1 15496.3 15234.6 13550.7 268.832 13408 815.418 128.158 100.705 541.541 861.308 12592.6 12497.3 12362.7 1070.53 95.8259 974.705 515.528 11292.2 535.695 10756.5
internal_count=313279 161511 160892 151768 152163 98732 67019 8729 150389 147712 145832 142871 134917 1880 133919 6537 3013 2014 11888 31713 127382 126491 125713 15624 957 14667 7388 110089 5373 104716
cat_boundaries=0 163 171 311 318 342 366 513 600 689 710 870 890 897 919 1009 1101 1265 1286 1377 1399 1557
cat_threshold=0 0 0 0 0 0 142606336 65536 0 2 0 0 0 0 0 0 0 0 8192 0 0 0 268435456 0 0 0 4194304 0 0 0 0 0 0 0 0 0 0 0 0 32 0 1048576 0 0 4096 268435456 256 0 0 16384 0 0 1073741824 0 0 0 0 0 64 2147483648 0 0 0 134217728 0 2 0 0 0 0 0 0 0 0 0 0 0 0 0 16 0 0 0 1073741824 0 0 0 0 0 0 0 128 0 0 0 0 0 1073741824 0 32 0 0 0 0 524288 0 0 4194304 0 0 0 0 0 0 0 0 0 0 0 33554432 0 0 0 256 0 0 0 0 0 0 0 0 4194304 0 0 0 0 0 0 0 0 0 0 0 0 0 0 0 0 0 0 0 0 0 0 0 0 0 0 0 134217729 0 1048704 558629888 76021892 536875008 2080 167793025 1073887232 71565824 1 0 0 2 8388608 2048 67108864 134217728 0 0 0 0 0 0 0 0 0 0 0 32768 0 0 0 0 0 0 0 0 1073741824 0 0 0 0 0 128 0 4 128 262144 0 0 0 0 0 0 0 0 0 65536 0 0 0 0 0 0 0 0 0 0 0 0 0 0 0 0 0 2097152 268435456 0 16777216 0 0 0 0 256 0 0 0 0 32768 0 0 0 0 16 0 0 0 0 0 0 0 0 268435456 0 0 0 0 256 0 32 131073 0 0 0 0 0 2097152 0 0 0 0 0 0 0 0 0 0 0 0 8 0 8 0 0 0 0 0 0 0 0 262144 0 1056 0 0 0 0 0 0 32768 2248147200 134226209 33622032 2869174528 73730 49156 656408 0 4 262144 257 0 1686274048 1049625 24576 262144 0 32768 1 0 32784 0 0 0 4096 33 0 0 0 0 65536 134217728 4 1073745920 1 0 16777232 6291456 4194304 100663296 512 0 0 262152 0 0 0 0 0 32 0 0 0 4096 262144 0 276824064 0 0 0 0 0 65536 8388608 1048577 256 0 0 0 0 0 0 0 0 0 128 0 0 0 0 256 0 262144 0 0 0 0 0 0 0 0 0 65536 0 0 0 0 0 0 0 0 0 0 16777216 16777216 0 0 0 0 0 1 0 0 0 2 0 0 0 0 0 0 0 0 1024 0 0 0 2048 0 65536 0 0 134217728 0 0 0 0 0 0 0 524288 0 0 2048 0 0 0 0 0 0 0 4096 0 0 0 0 0 0 4194304 0 0 0 32768 0 1024 0 0 0 0 0 524288 2048 0 0 512 0 0 0 0 0 0 0 0 0 0 0 0 268435456 0 0 0 0 0 0 0 1048576 0 0 0 0 0 1024 0 0 0 2 524288 2097152 0 0 33554496 32 2097152 0 0 0 8 524416 0 0 0 0 0 0 0 0 0 0 65536 0 0 1073741824 0 0 0 0 8 0 4 0 2 0 64 128 0 33816576 32768 0 16781312 0 0 0 0 16777216 0 192 0 0 0 0 0 0 0 0 18 0 0 0 0 0 0 2176 0 0 0 0 131072 0 0 0 0 0 0 0 524288 0 0 0 262144 0 0 0 0 268435520 0 0 8388608 0 0 0 0 128 0 0 0 1048580 0 64 268435456 0 0 0 0 2048 0 0 1028 0 0 2048 0 0 2097152 0 0 192 0 0 268435456 0 0 0 1140850688 0 0 0 16384 0 0 0 0 16777216 0 0 0 0 128 0 0 0 0 0 8 0 0 65536 0 33554432 8 134348800 0 0 4194304 1073741824 0 0 16 1024 0 0 0 0 0 0 0 0 0 32 131072 536871192 268435720 0 0 0 0 0 16384 0 0 8192 512 4102 0 8192 196640 1086586880 268503048 6291490 2097280 0 0 0 0 36864 33554432 0 0 0 0 0 0 0 0 0 0 32768 0 0 1073741826 0 0 0 0 0 0 0 0 0 0 0 0 0 0 0 0 0 0 0 0 2097152 0 0 8388608 0 0 4 0 0 0 0 0 0 0 0 64 0 0 0 0 0 0 0 0 0 0 0 0 0 0 0 128 0 32768 0 0 0 0 512 0 0 0 0 0 0 0 0 0 8388673 0 0 0 0 0 0 0 0 0 0 536870912 0 256 0 134217728 32768 0 0 0 0 0 0 0 0 0 0 0 4 0 0 0 1048576 0 268435456 0 0 65536 0 536870912 0 1073741824 0 0 0 0 0 0 16793600 0 0 0 0 0 0 0 0 0 0 524288 0 0 0 0 0 0 0 0 0 0 2048 268435456 16777216 8388608 0 0 0 0 0 262144 16384 0 0 276824064 131394 2 0 16777216 0 1073741824 0 2 1610612898 17334274 545329664 134225920 281026561 524416 820040 0 0 0 8192 0 0 0 0 0 0 2113536 134217728 524577 0 0 0 0 0 0 0 0 2048 0 0 0 0 524288 2097152 0 0 0 0 2147483648 0 0 0 0 524416 4 0 0 0 33554432 0 0 4 0 0 0 1073742848 0 0 0 0 4 0 0 0 0 16777216 0 0 0 0 0 1073741824 0 262144 0 256 0 0 0 0 0 0 16384 0 0 128 1024 0 0 0 0 0 0 16384 65536 0 0 0 0 0 0 0 516 0 4 0 0 0 2048 4096 0 0 0 0 0 0 1310720 1073742848 0 0 0 0 0 0 0 268435464 16904 0 32768 0 0 524288 262144 0 0 0 1 0 0 0 0 0 0 0 0 0 0 0 32768 0 0 0 4194304 0 0 16777216 536870912 0 0 0 0 0 0 0 0 16 0 524288 0 0 0 0 0 0 0 0 8388608 83886084 0 2129920 0 0 0 0 16777217 0 0 536870912 0 0 16777216 0 0 0 4 8 0 8 32 0 0 0 0 0 32768 0 65536 0 0 1 0 0 131072 4096 268435456 130 276824064 0 0 0 0 0 0 0 0 0 0 0 0 0 0 0 0 0 0 0 33685504 0 0 0 0 0 0 0 0 0 0 0 0 0 0 0 0 0 0 0 0 256 0 0 0 32768 0 0 0 0 0 0 256 0 0 8388608 0 0 0 0 0 0 0 0 0 0 0 16384 0 0 0 16 0 16 524288 0 0 0 0 0 0 0 0 0 0 0 0 0 0 0 0 0 0 0 0 536870912 0 0 0 0 0 0 0 0 0 0 0 0 0 0 0 0 0 0 0 0 0 0 0 0 0 100663296 0 0 0 0 0 0 0 0 0 0 0 0 0 0 0 0 2 0 0 0 0 0 0 1024 0 0 0 0 0 0 0 65536 0 0 0 32 0 8388608 0 4194304 0 0 0 0 0 0 0 2550136832 19927152 327680 0 1048576 0 8192 0 0 2155937792 0 0 0 0 0 0 0 0 0 65536 2 0 65536 0 0 0 0 128 0 1073741824 0 0 0 0 536870912 0 0 32 0 2048 0 0 131072 0 0 0 0 262144 0 64 524288 0 0 0 0 1048576 0 0 0 0 0 1024 0 0 0 0 0 8192 1024 32 512 8192 0 65536 0 33570816 0 0 0 0 0 0 0 0 0 128 2 0 256 0 67108864 0 0 0 0 0 4194304 0 0 0 592 0 75497474 32768 0 0 0 262144 262144 0 0 2097152 3229614080 20680967 65536 0 1048576 4194304 0 4096 0 8388608 2048 0 0 0 12288 16777216 4 0 0 524288 0 0 0 0 0 0 0 0 0 0 524288 512 0 0 0 0 64 0 512 0 0 0 0 0 0 0 0 0 536870912 0 0 8388608 0 536870928 0 0 0 0 0 8388608 0 0 32768 0 0 0 1024 0 4096 0 0 0 8388608 0 0 0 0 1048576 0 2048 0 0 0 0 16384 0 0 0 0 0 128 0 0 0 0 0 67108864 0 0 0 0 0 0 0 0 0 65536 0 0 0 0 0 0 0 0 0 0 0 0 0 0 0 65536 0 0 0 0 0 0 0 0 256 0 0 0 0 0 0 0 0 0 0 0 0 0 0 0 0 33554432 0 0 0 0 0 0 0 0 256 0 0 0 0 1024 0 0 0 0 0 8388608
is_linear=0
shrinkage=0.1


Tree=24
num_leaves=31
num_cat=18
split_feature=20 15 15 13 13 15 28 25 15 14 13 22 14 14 30 20 13 15 24 24 17 14 14 15 25 15 15 20 14 31
split_gain=219.689 131.62 100.184 72.6372 64.2839 66.0643 57.5498 114.864 58.2099 58.6682 56.5674 53.0789 50 48.65 45.3418 56.4232 42.0941 41.8674 39.5899 38.2847 36.8868 45.0398 36.3297 36.0249 39.0778 33.7117 32.0196 30.6122 30.5642 30.4587
threshold=0.032151246443390853 0 1 2 3 4 10.500000000000002 1.0000000180025095e-35 5 6 7 15.500000000000002 8 9 0.041354345157742507 0.026955283246934417 10 11 0.08338522166013719 0.51666668057441723 4.5000000000000009 12 13 14 46.500000000000007 15 16 0.012729403097182514 17 0.0136049697175622
decision_type=2 9 9 9 9 9 2 2 9 9 9 2 9 9 2 2 9 9 2 2 2 9 9 9 2 9 9 2 9 2
left_child=2 -2 14 -3 -5 -6 8 13 -7 26 29 22 -11 -8 15 -1 -14 -9 -13 20 23 -22 -12 -18 25 -25 -10 -24 -15 -4
right_child=1 3 10 4 5 6 7 17 9 12 11 18 16 28 -16 -17 19 -19 -20 -21 21 -23 27 24 -26 -27 -28 -29 -30 -31
leaf_value=0.38799700369858475 0.097465597277093863 0.068616942806388595 0.18109269108824055 -0.051080765374770659 -0.054166942621774607 0.051412376144549167 -0.049127622236081123 0.03833192692520565 0.04770220082285901 0.034564604122914407 0.014362003788987422 -0.075357844756300807 0.054255130433490228 0.052610209409614223 -0.016489853576510803 0.095921293290156806 0.042161350265801111 -0.04161081930915711 0.030519740421828298 0.08427548538764891 0.064895587449034342 0.012201506979562751 -0.070674828561614736 -0.040777809843222768 -0.052492752199506831 0.0029917295024992478 -0.017827041939847982 -0.027632380716101676 0.0085074273467312788 0.021626340858347078
leaf_weight=10.881884490139784 137.27015639841557 154.89456118270755 14.075363787822424 215.86635414324701 192.70510022155941 259.62817633152008 113.02898516692221 65.057073557749391 69.807761717587709 599.19880418665707 182.23296146932989 413.55741346534342 163.16221807897091 191.9581862129271 12.892116993665693 16.864038339816034 214.25418530590832 947.61375399678946 38.613843764178455 60.031475879251957 182.95392938889563 1132.6940938904881 188.30249825585634 168.81520925834775 131.59781114757061 11271.017167793587 1400.7195461886004 1348.7860484942794 769.1096995845437 80.371114656329155
leaf_count=211 1047 1285 755 3813 3920 1989 1218 853 1191 5534 4850 25261 1531 1814 287 355 1799 14309 1680 416 1769 11141 13364 2233 2792 118095 22255 56069 7989 3074
internal_value=-0.000337331 0.00330185 -0.0294331 0.00254104 0.00193964 0.00260597 0.00325282 -0.0123449 0.00533418 0.00452072 -0.0323017 -0.0356654 0.0065295 0.0104359 0.111125 0.210473 0.0052438 -0.0365074 -0.0663163 0.00459547 0.00423388 0.0201151 -0.0278119 0.00246104 0.00168806 0.0023128 -0.0144151 -0.0326926 0.0177673 0.0410457
internal_weight=20748 18441.4 2306.58 18304.1 18149.2 17933.4 17740.6 2086.77 15653.9 15394.3 2265.94 2171.49 13923.7 1074.1 40.638 27.7459 13324.5 1012.67 452.171 13161.4 13101.3 1315.65 1719.32 11785.7 11571.4 11439.8 1470.53 1537.09 961.068 94.4465
internal_count=312899 206993 105906 205946 204661 200848 196928 26183 170745 168756 105053 101224 145310 11021 853 566 139776 15162 26941 138245 137829 12910 74283 124919 123120 120328 23446 69433 9803 3829
cat_boundaries=0 161 322 409 500 644 804 811 900 908 915 1007 1171 1178 1185 1330 1494 1641 1649
cat_threshold=16777216 0 0 0 622592 67108864 536870912 0 0 2048 0 0 0 0 0 0 0 0 0 0 0 0 0 0 0 0 0 0 128 0 0 0 0 0 0 0 0 0 0 0 0 0 0 0 0 0 0 0 0 0 0 0 0 0 0 0 0 0 0 0 0 0 0 0 0 2097152 0 65536 0 0 268435456 0 0 0 0 0 0 1073741824 0 0 0 0 0 16 0 0 0 0 0 256 0 128 268435456 0 0 0 0 256 4 32 1 16 0 0 0 0 2097152 0 0 0 0 0 0 0 0 0 0 0 0 8 0 0 268435456 0 256 0 0 0 0 1073741824 262144 0 1056 0 0 0 0 8192 0 0 0 0 0 0 0 0 0 0 0 0 0 0 0 0 0 0 0 0 0 0 1048576 0 0 0 72 0 0 1082130432 0 0 0 0 0 0 0 0 0 0 0 40960 0 0 0 0 0 0 0 0 0 0 0 0 0 0 0 0 0 0 0 0 0 0 1048576 0 0 16 0 0 0 0 16384 0 0 0 0 0 134217728 0 0 0 2147483648 0 0 0 0 0 2097152 0 0 0 0 0 0 0 0 0 0 0 0 0 0 131076 0 8388608 2097152 0 0 0 0 0 0 0 0 0 0 0 0 0 1073742080 0 0 0 8388624 0 0 524288 0 32768 0 16777216 0 0 0 0 0 0 0 32768 0 0 0 0 0 0 1024 0 0 33554432 0 0 0 0 0 4194304 0 0 0 2 0 0 0 0 0 0 0 0 16384 0 0 0 0 0 0 0 0 0 0 0 0 0 0 131072 0 0 0 0 2097152 0 0 0 33554944 0 32768 0 0 0 9 0 0 0 0 0 2147483648 0 0 0 0 0 4096 0 0 0 32768 0 0 268435456 0 16777216 0 0 0 33554432 0 128 0 262144 0 0 4096 256 0 0 0 16778240 0 64 0 0 0 0 0 67108864 0 0 16 0 0 0 0 0 134217792 0 65536 0 8192 0 536870944 64 0 134217728 0 0 32 0 0 0 268435456 0 262144 256 0 0 8 268435520 0 0 0 0 65536 0 32768 1152 0 0 0 0 0 0 268435456 0 0 0 0 2048 0 0 4 0 0 4196368 0 0 0 0 0 0 0 131072 268435456 0 0 0 0 0 0 0 16385 0 0 0 0 16777216 0 0 0 0 128 0 32 0 0 0 65544 0 0 0 0 0 0 134217728 0 0 0 0 0 0 1073741824 1024 0 0 0 0 0 0 0 0 0 67108896 8388608 16 0 0 0 2097280 0 0 0 8454144 8388608 1 4 0 0 0 0 0 0 0 0 0 128 16384 0 0 0 0 0 262144 0 0 4194304 0 0 0 0 0 0 0 0 0 0 0 0 0 0 0 0 0 72 32768 16 0 0 0 0 0 0 0 0 0 33554432 0 256 0 0 0 0 0 8192 0 0 0 0 0 65536 0 0 0 0 128 0 0 0 0 0 0 0 0 0 0 0 32768 0 0 0 0 4096 0 0 0 0 0 0 0 0 0 0 0 16777216 0 16 0 16777216 0 0 0 0 0 0 512 0 0 0 0 0 0 33554432 0 0 1048576 16 0 0 0 0 0 0 0 0 0 1081344 0 0 64 0 33554432 0 0 2048 16384 0 0 0 0 0 0 0 262144 0 0 0 32768 0 1073741824 0 0 0 0 0 0 131072 1073742080 0 0 0 0 0 0 0 0 524416 0 0 0 0 0 0 0 0 0 0 65792 0 0 0 2 0 0 0 0 0 0 0 0 0 0 0 0 0 0 0 0 0 0 0 0 0 0 0 0 0 16 0 0 0 0 0 0 0 0 0 0 0 128 8 0 0 0 0 0 0 0 16 67108864 0 0 0 0 0 0 0 0 0 0 0 0 0 0 0 0 0 0 0 0 34603008 0 0 256 0 0 0 536870912 0 0 0 0 0 8388608 0 0 0 0 4 0 0 0 0 0 0 2097152 0 0 0 0 0 0 0 0 2048 0 0 0 2048 65536 34480144 2281709824 134348948 537136384 322 33024 1175592960 0 0 0 0 524288 16 0 0 0 0 2214592512 0 1024 0 0 128 16 0 0 0 0 0 0 0 0 0 0 0 0 0 0 0 0 2097152 0 0 0 0 0 0 0 16777220 0 262400 8388608 0 0 16 0 0 32 0 16777216 0 1 0 0 0 1024 0 128 2105344 0 0 0 0 0 0 0 0 134217728 0 0 0 0 64 0 0 1024 0 0 0 4 0 0 0 0 0 67174400 541065216 554172417 8393472 268435492 276840961 131206 2436907584 1 2752528640 16777988 65576 134217768 738476035 8194 352591872 0 0 0 0 524288 528 0 268501000 0 4 2 0 0 0 0 0 0 0 0 0 0 0 0 1073741828 0 0 0 0 0 65536 8192 0 0 0 0 0 0 0 2 0 2097152 0 0 33554432 0 4 16777216 0 0 128 0 134217728 0 128 0 0 4194304 0 0 0 0 0 0 0 0 134217728 0 0 0 0 0 0 0 0 512 0 0 0 0 0 2048 0 0 2048 0 0 512 8192 0 1024 0 1 0 0 8192 16384 268435456 0 1207959552 0 0 0 0 0 1024 0 0 0 0 0 0 0 0 0 0 0 16777216 0 33685504 4 33554432 0 0 0 0 0 0 0 0 0 0 0 0 0 0 8388608 0 0 0 0 0 65536 0 0 0 0 0 0 0 0 0 0 0 0 0 0 0 0 270532608 0 0 0 0 256 0 0 0 0 0 2 0 16 524288 0 0 0 0 0 0 0 1048576 0 0 0 1 0 0 0 0 0 0 0 0 545783808 16384 0 0 0 0 0 0 0 0 0 0 0 0 0 0 0 0 0 0 0 0 0 0 0 0 67108864 0 0 0 0 0 0 0 1074266112 0 0 0 0 0 0 0 0 8 0 0 0 0 0 0 1024 0 0 0 0 0 0 0 0 0 0 0 64 68158496 0 536870944 8200 1611735072 0 143392768 1237483520 16516 538050688 2048 139465120 1074274464 184549632 0 262144 0 25169920 8388608 512 16384 67108864 0 0 256 0 0 0 0 0 0 0 0 0 0 0 0 0 4194304 0 0 2147483648 0 0 0 0 0 0 0 0 0 0 0 0 0 0 0 0 4096 0 4 0 0 0 0 0 0 0 0 0 0 0 64 0 0 0 0 0 0 0 8 0 16842752 0 0 32 0 0 0 0 0 0 0 0 0 0 0 0 0 1024 0 268435456 64 0 0 0 0 0 0 0 0 0 0 2 0 0 0 0 0 0 0 0 0 0 0 0 0 16384 0 0 0 0 0 0 0 0 0 0 0 0 0 1073741824 0 0 4096 0 0 0 0 524288 0 0 0 0 0 0 0 1024 10 65536 0 3073 0 16777280 0 0 0 8193 0 65536 0 0 0 0 0 0 0 0 0 16 0 0 0 0 0 0 0 0 0 0 0 0 0 0 0 0 256 0 0 0 0 16 0 0 0 0 0 0 25165824 0 0 0 0 0 1 0 1074790400 0 0 536870912 0 0 0 0 0 0 0 0 0 0 0 8390656 0 0 0 0 0 0 32 0 0 0 0 0 524288 0 0 0 0 8388608 0 1 0 0 0 0 0 0 536870912 0 0 0 0 0 8192 0 0 0 0 0 0 0 0 33554432 0 0 0 0 0 0 0 0 0 0 0 0 0 0 0 0 0 268435456 0 0 0 2048 0 0 0 0 0 0 0 0 0 256 0 0 4194304 0 0 0 0 0 0 0 0 0 0 0 0 0 8192 0 0 0 0 0 0 0 32 131072 0 0 0 0 0 0 0 0 0 32768 2 16 0 1073741824 0 0 0 0 0 0 0 0 0 0 128 0 0 0 262144 0 0 2097152 0 0 8388608 0 0 0 0 0 512 0 0 0 0 0 0 0 0 0 0 0 0 0 0 0 0 0 0 0 0 0 0 0 524288 0 0 0 0 0 0 0 0 0 0 0 0 0 0 0 0 0 0 0 0 0 0 0 0 0 536870912 0 0 0 0 0 0 0 0 2147483648 0 0 0 0 0 0 0 0 0 0 0 0 0 0 0 0 0 0 0 0 0 0 0 0 0 0 0 0 0 0 0 32 0 0 0 0 0 256 4230176 545284224 20971520 588252160 8926688 32 0 1
is_linear=0
shrinkage=0.1


Tree=25
num_leaves=31
num_cat=24
split_feature=20 15 13 15 15 13 20 13 3 14 3 3 14 3 14 22 24 32 32 3 15 3 13 3 3 13 3 14 15 3
split_gain=217.399 108.264 76.5216 76.3415 66.5556 60.5249 54.3898 54.4266 52.7669 53.3377 74.436 46.7999 50.6543 136.644 47.5826 45.2841 45.578 42.8589 49.9226 40.2041 38.9026 34.2132 37.6059 51.7873 33.3878 32.5665 33.843 44.0326 33.5531 31.3221
threshold=0.03054610546678305 0 1 2 3 4 0.014061058405786754 5 6 7 8 9 10 11 12 5.5000000000000009 0.20047847181558612 3950.5000000000005 3894.5000000000005 13 14 15 16 17 18 19 20 21 22 23
decision_type=2 9 9 9 9 9 2 9 9 9 9 9 9 9 9 2 2 2 2 9 9 9 9 9 9 9 9 9 9 9
left_child=3 -2 -3 -1 -4 19 -5 29 -7 10 -10 17 13 14 -13 -9 -17 18 -11 -6 -14 -22 23 -23 -12 -24 27 -27 -28 -8
right_child=1 2 4 6 5 8 7 15 9 11 24 12 20 -15 -16 16 -18 -19 -20 -21 21 22 25 -25 -26 26 28 -29 -30 -31
leaf_value=0.10367256638663128 0.086752017664452688 -0.059072565718022808 -0.060404357279237646 -0.071814080155102641 -0.011906049950782642 -0.038706413422980895 0.08951649161790165 -0.020142428184967948 0.11137965211548911 0.024875228447807027 -0.024313651718355738 -0.012701383372417852 0.042274942502000007 -0.026039011169169391 0.083389963741609521 -0.061789130992175881 0.10030196743867111 -0.0004456689260201175 0.096723619245775633 0.079862975097024558 -0.023352329852645827 0.11899768146250687 -0.036369105117658729 0.0089418252849881082 0.028076117281635168 0.058401505422727387 -0.04365000296839306 -0.015158021063845407 0.0057408174375154428 -0.017198156866357117
leaf_weight=32.67030069604516 143.66236006096005 189.96926030702889 153.46516688726842 310.96757261268795 69.303432768210769 288.07922046817839 54.074474398046732 1170.8692341484129 87.25671455450356 727.34111089259386 146.90000348724425 76.343030435964465 237.24059127084911 1531.7648595338687 164.64493954181671 485.71991395857185 17.990032444708049 607.68232886120677 111.5384655315429 164.07843838259578 493.16651470772922 57.571669228374958 201.58346491865814 136.41010686382651 577.20719092339277 76.860782163217664 129.52979186177254 1399.9802855476737 10839.620624350384 48.63885904289782
leaf_count=711 969 3455 3247 23501 568 6363 1656 46320 529 3785 1259 1240 2390 27316 2095 27030 579 2845 491 1392 6577 479 2396 1327 5735 778 1833 21586 112604 2103
internal_value=-0.000300042 0.00315682 0.00245821 -0.0306341 0.00312969 0.00370068 -0.0330734 -0.0264811 0.00302503 0.00372958 0.0286159 0.00251074 0.000883986 -0.0149651 0.0536558 -0.0307447 -0.056 0.0196424 0.0344283 0.0532424 0.00296367 0.00223312 0.00323311 0.0458377 0.0172614 0.00254396 0.00320292 -0.0109626 0.00511836 0.0419404
internal_weight=20732.1 18611.2 18467.5 2120.93 18277.6 18124.1 2088.26 1777.29 17890.7 17602.6 811.364 16791.3 15344.7 1772.75 240.988 1674.58 503.71 1446.56 838.88 233.382 13572 13334.7 12841.6 193.982 724.107 12647.6 12446 1476.84 10969.2 102.713
internal_count=313159 211259 210290 101900 206835 203588 101189 77688 201628 195265 7523 187742 180621 30651 3335 73929 27609 7121 4276 1960 149970 147580 141003 1806 6994 139197 136801 22364 114437 3759
cat_boundaries=0 161 251 405 559 646 736 759 766 787 808 815 837 844 864 1005 1029 1121 1142 1166 1257 1276 1284 1439 1463
cat_threshold=0 0 64 0 32768 67108864 8388608 0 0 0 0 0 0 0 0 0 0 0 0 1073741824 0 0 0 0 0 0 0 0 128 0 0 0 0 0 0 0 0 262144 0 0 0 0 0 0 0 0 0 0 0 0 0 0 0 0 0 0 0 0 0 0 0 0 0 134217728 0 2097152 0 0 0 0 0 0 0 0 0 0 0 0 0 0 0 0 0 16 0 0 0 0 1 0 0 128 268435456 0 0 0 0 256 4 32 131073 16 0 0 0 0 2097152 131072 0 0 0 0 1 0 0 0 0 0 0 8 1048576 0 268435456 0 0 0 0 0 0 1073741824 262144 0 0 0 0 0 0 0 0 0 0 0 0 256 0 0 0 0 0 0 0 1024 0 0 0 0 0 0 2048 0 1048576 256 0 0 1032 268435520 2 0 0 0 0 0 32768 128 0 0 0 0 0 0 268435968 0 0 0 0 2048 0 0 2097156 0 0 8192 0 0 0 0 0 128 0 0 0 524288 0 0 1073741824 0 0 0 1 0 0 0 0 16777216 268435456 0 0 0 262144 0 0 0 0 0 65536 0 0 0 0 0 0 134217728 0 0 0 0 0 0 132096 1024 0 67108864 0 0 0 0 0 0 134217728 32 8388608 0 0 0 8 0 0 1082130432 0 0 0 0 0 0 0 0 0 0 0 40960 0 0 0 0 0 0 0 0 0 0 0 0 0 0 0 0 0 0 65536 0 0 0 1048576 16 0 0 0 0 0 0 16384 0 0 0 0 0 0 0 0 0 2147483648 0 0 0 0 8 2097152 0 0 0 0 0 0 0 1048576 0 0 0 0 0 0 131072 0 0 2097152 0 0 0 0 0 0 0 0 0 0 0 0 0 256 0 0 0 8388608 0 0 0 0 0 0 16777216 131072 0 0 0 0 0 0 32768 0 0 0 0 0 0 0 0 65536 33554432 0 262144 0 0 0 4194304 0 0 0 2 0 0 0 0 0 0 0 0 16384 0 0 0 0 0 0 0 256 0 0 0 0 0 0 0 2155937792 0 1048576 132 0 0 0 0 1073741824 0 0 0 0 0 0 0 0 0 0 2 262144 0 0 0 0 8 0 0 0 0 0 0 0 0 0 0 0 0 0 0 0 256 0 0 0 0 0 0 1024 0 1048576 0 2 0 0 0 0 0 0 0 0 1024 0 0 0 2048 0 0 0 0 134250496 0 0 1 0 0 0 0 0 0 0 0 0 0 32768 0 0 0 0 0 0 0 0 0 0 0 4194304 0 0 0 0 16777216 1024 0 0 0 33554432 0 0 0 0 0 512 0 0 0 0 0 0 0 0 0 1048576 0 0 0 0 0 0 0 0 0 0 1048576 16 0 0 0 0 1024 0 0 4194304 0 0 0 8388608 0 0 0 2 2097152 16 16 0 0 0 0 0 0 0 0 0 0 0 0 0 0 0 0 0 0 0 4096 0 0 1073741824 524288 0 0 0 0 0 2097152 0 536870912 0 0 0 0 33816832 0 0 16777216 256 0 0 0 16778240 0 64 0 2 0 0 64 67108864 0 32768 0 0 0 0 1073741825 0 134217728 2048 0 0 8192 0 537001984 0 0 0 0 4096 0 128 0 0 268435456 0 262144 0 0 0 0 524288 0 0 0 0 32 2214592512 0 1024 0 0 16777216 0 0 0 0 0 0 0 0 0 0 0 0 0 0 0 0 0 0 0 0 0 0 0 0 0 16777344 0 268697856 0 0 0 16 0 0 0 0 0 268435456 1 0 0 0 1024 0 0 0 0 0 0 0 0 0 0 0 134217744 0 0 0 4 64 0 131072 67108864 0 0 0 4 0 0 0 0 134222336 67174400 1073741824 67108864 0 67117056 72 2048 343932944 12583009 8389121 0 4194304 524288 0 0 0 0 2 33554888 0 1 0 67108864 0 262144 4194473 536870921 9441792 335544352 276848897 2080 2202011456 16777216 4 1073741824 10240 0 0 0 0 16384 0 16384 2181038080 32 0 0 8192 0 8388608 0 0 8388640 0 264 285212928 16 0 0 1107558400 1024 65536 0 0 8192 50331776 4 0 0 65568 8650752 268769284 6291490 2228224 109182992 3355451666 134217872 553975808 2147745798 1097986 67272712 131072 603979776 8392706 2048 0 2097152 134217984 16777216 0 0 16384 3900735488 1573120 0 0 17825792 4194816 536879104 1048704 16 1024 8192 42074128 2147483648 134217856 537133056 0 33026 32768 0 0 0 256 0 0 0 0 16384 0 2097152 41943040 274 34 0 135266304 1056 8388608 524544 18 0 0 33562624 8388608 524288 33554432 0 0 0 0 0 0 0 0 0 0 0 0 32768 0 16 0 0 0 2097152 0 4194304 0 0 0 0 0 0 128 0 0 0 0 0 0 0 0 0 0 0 0 4 0 4 0 0 262144 0 0 0 64 0 1073741824 256 268435456 0 0 524288 0 0 0 0 0 65536 0 0 128 0 33024 0 0 0 0 0 0 0 0 0 0 0 0 0 0 64 384 32 0 0 0 0 0 0 0 0 67108864 0 0 0 0 0 0 0 0 0 0 0 0 0 0 2147483648 0 0 0 0 0 0 8 0 0 0 0 0 0 0 0 0 0 1024 0 0 0 0 0 0 0 16388 268435456 0 5120 10240 0 532480 536870912 67108864 0 0 0 2684387328 2056 265216 33554432 17956864 2151677952 196608 128 16 8391712 0 0 65536 0 0 0 0 0 0 0 8 0 4 2 0 0 0 0 0 0 0 0 0 0 0 0 4 0 0 0 1048576 0 0 0 0 131072 0 0 268435456 0 16777216 0 0 0 0 0 0 32768 0 0 0 0 128 16384 0 0 0 0 256 4194304 0 1024 16785408 262144 0 16 0 0 20480 0 0 0 128 65536 0 0 0 0 128 0 134217728 0 65536 32 0 0 0 0 0 0 33554432 0 0 66 1 0 100663302 1082163200 0 0 0 0 0 33554432 0 0 0 3145731 65568 0 0 0 32768 525312 0 2147483648 557056 0 8388864 4194304 0 0 0 262144 100663296 0 32768 67108992 278609 65536 0 134217728 6 2147483648 67634176 18 1024 2048 4194304 4194304 0 0 8 0 0 2113536 0 0 0 83886080 67108864 0 0 0 4 0 4 0 0 2147483648 0 131072 0 0 536870912 0 0 0 0 0 4194304 0 0 0 0 0 64 0 0 0 0 0 0 67108864 0 0 0 0 0 65536 0 512 1048576 2 0 32 0 8320 0 32 16 0 0 0 0 0 65544 67108864 0 0 0 0 0 0 0 0 0 0 32 0 64 4096 0 0 524288 0 0 0 0 0 144 2166358016 33554432 1073758208 65536 0 2147483648 0 16384 268435456 0 0 142606336 2685998080 128 0 67141633 2097152 128 68682000 320 524416 553713664 1572864 67108992 1073745920 536870928 1 0 0 1 0 16908288 4 0 0 0 0 0 0 0 32768 0 0 0 0 0 524288 0 0 0 0 0 0 0 0 131072 0 0 0 0 0 0 0 0 0 0 0 8388608 0 16 0 0 0 0 0 0 75497472 16 0 0 0 0 0 0 0 0 0 0 8388608 0 0 262144 0 0 0 8192 0 0 1024 8388608 0 0 0 0 0 0 0 0 0 0 0 0 67108864 0 0 0 1024 128 0 2097152 0 0 0 0 0 0 0 0 0 0 0 0 8192 0 0 0 0 0 0 0 0 0 8912896 0 0 0 0 0 0 0 0 0 0 0 0 4 16 0 2147483648 0 0 0 0 2048 0 0 0 0 0 0 64 0 0 256 0 0 0 0 0 0 0 128 0 138412032 0 0 0 8 32768 4194304 0 268435457 8193 0 0 16 0 0 0 4096 32 0 0 2685403136 2717913216 35
is_linear=0
shrinkage=0.1


Tree=26
num_leaves=31
num_cat=19
split_feature=20 15 13 29 24 15 15 13 13 15 24 15 15 29 16 14 20 14 14 15 14 15 13 1 14 14 22 31 25 25
split_gain=172.005 126.333 87.4837 73.3908 127.074 62.6587 62.4149 58.5696 52.0462 51.8048 49.1062 48.1468 46.0319 44.6945 42.3452 40.9308 40.2009 82.6938 69.4599 61.6555 52.4833 45.9145 46.737 42.7408 39.6768 34.1375 31.8861 31.3675 70.564 44.8934
threshold=0.026007309556007389 0 1 -1.0000000180025095e-35 0.036494005471467979 2 3 4 5 6 0.38106141984462744 7 8 0.84693878889083873 9.5000000000000018 9 0.093513358384370818 10 11 12 13 14 15 16 17 18 13.500000000000002 0.024281934835016731 9.5000000000000018 8.5000000000000018
decision_type=2 9 9 2 2 9 9 9 9 9 2 9 9 2 2 9 2 9 9 9 9 9 9 9 9 9 2 2 2 2
left_child=7 -2 -3 6 5 -5 -4 10 -8 14 -1 -10 -6 24 -9 -11 17 -13 -19 -18 -21 -20 -23 -22 -14 -7 -17 28 -24 -29
right_child=1 2 3 4 12 25 8 9 11 15 -12 16 13 -15 -16 26 19 18 21 20 23 22 27 -25 -26 -27 -28 29 -30 -31
leaf_value=0.026947926522524208 0.11284036524603874 0.10161342236400364 -0.049503021640052665 0.062850454272046483 0.091219529047074088 0.035126113812271341 -0.059362267434761265 0.072444140227814521 0.050754381124965879 0.022934669947114395 0.49037381192184448 -0.0391940888821352 -0.053838077255402378 0.039702759740276705 0.43857365950426869 -0.037299896010960856 0.16988354091131341 0.05163726051043728 0.075462213194221875 0.045199597387266359 0.034848984417095157 0.076910942222280773 0.022667916213039582 0.0042930339845017283 -0.00090246458614700947 -0.056654987191580831 -0.074196716414349134 -0.0042920308121145887 0.30709644263322006 -0.088409539353471997
leaf_weight=116.26648986618966 92.233111662790179 76.676285058259964 212.089370935224 44.024779928848147 46.858646657317877 39.846475726924837 119.2313968706876 14.560827386565508 210.89385016262531 91.333166604861617 2.3323938241228452 556.17291780840605 158.51885978132486 225.34460448473692 4.0340553885325781 986.53099276591092 13.364721208810804 247.84057315811515 66.248787892982364 340.02979340776801 471.64870408549905 62.662645502015948 167.55245365947485 9524.1823512092233 900.66587899532169 787.16807037498802 307.14029214251786 4717.369066786021 9.2014183457940799 64.311806550249457
leaf_count=5320 768 711 4011 585 375 649 1572 478 1671 2837 52 13240 2163 1172 110 51769 89 3083 791 1953 2785 840 4554 74471 11632 20583 21621 80993 111 2054
internal_value=-0.00059911 0.0019721 0.00137573 0.00091762 -0.0162449 -0.0459418 0.00317043 -0.0329532 0.00387214 -0.0385103 0.0332576 0.00436621 0.00318378 -0.000732137 0.0987616 -0.0410481 0.00373297 -0.00285895 0.00100044 0.00748907 0.00710784 -0.0015629 -0.00272714 0.00576819 -0.00934169 -0.051866 -0.0457065 -0.00388635 0.0374746 -0.00542338
internal_weight=20676.3 19154.1 19061.9 18985.2 2202.43 871.039 16782.8 1522.2 16570.7 1403.6 118.599 16451.5 1331.39 1284.53 18.5949 1385 16240.6 5891.36 5335.19 10349.2 10335.9 5087.35 5021.1 9995.83 1059.18 827.015 1293.67 4958.43 176.754 4781.68
internal_count=313043 230856 230088 229377 37159 21817 192218 82187 188207 76815 5372 186635 15342 14967 588 76227 184964 105666 92426 79298 79209 89343 88552 77256 13795 21232 73390 87712 4665 83047
cat_boundaries=0 160 247 399 549 639 728 889 1049 1189 1196 1203 1210 1350 1357 1520 1611 1612 1619 1626
cat_threshold=16777216 0 0 0 0 67108864 536870912 0 0 0 0 0 0 262144 0 0 0 0 32768 1073741824 0 0 0 128 0 0 0 0 0 0 0 0 0 0 0 0 0 0 0 0 0 0 0 0 0 0 0 0 0 0 0 8192 0 0 0 0 0 0 0 2147483648 0 0 0 0 0 2097152 8 0 0 0 0 0 0 256 0 0 0 1073741824 512 0 0 0 0 16 0 1024 0 0 64 0 0 128 0 0 0 0 0 256 0 32 0 0 0 0 0 0 2097152 0 0 0 0 0 0 0 268435456 0 0 0 0 8 0 0 0 0 0 0 0 0 0 0 262144 0 1024 0 0 557056 16384 1 0 0 0 0 0 0 0 0 0 0 0 2147483648 0 0 0 0 0 0 0 0 0 65536 0 0 0 0 2097152 0 0 0 0 0 2097152 0 0 0 0 128 0 0 0 0 0 0 0 0 16 0 0 1073741824 0 0 524288 0 0 268435456 0 0 0 16777216 0 0 0 0 0 33554432 0 0 0 0 0 0 0 0 0 64 0 0 0 0 0 0 0 32768 16 0 0 0 0 2097152 134217728 128 0 0 8192 0 537002016 64 0 131072 0 4096 0 0 524288 0 0 0 262656 0 0 0 0 268437504 130 1082130432 64 0 0 0 0 0 0 0 0 0 0 0 0 0 0 268435456 0 0 0 33685504 0 0 0 0 0 0 0 0 0 0 262144 0 0 8388608 0 16 0 0 0 0 2147483648 0 0 0 0 0 0 0 0 0 0 0 0 0 0 0 16777216 0 0 0 8 2048 0 0 0 0 0 0 0 0 32 0 16 524288 0 0 1073741824 0 0 0 0 0 0 0 0 1 0 0 0 0 0 0 67108864 0 536870912 0 0 0 0 0 4096 0 0 0 0 0 0 0 0 0 64 0 0 0 0 0 0 0 0 0 0 0 0 0 0 0 0 0 0 64 0 0 0 0 0 0 0 10 0 0 0 0 0 0 1024 0 0 5120 6144 0 0 268435456 0 8388608 0 65536 0 0 139264 0 0 0 0 0 0 0 0 0 0 0 0 0 262144 0 0 0 0 0 0 0 0 0 256 0 0 0 0 0 8 0 0 0 0 16777216 0 0 0 0 0 0 0 0 0 0 0 0 0 0 0 0 0 0 0 16777216 0 0 0 256 0 65536 0 0 134217744 0 0 0 0 0 0 0 0 524288 0 0 0 0 0 0 0 0 0 4096 8388608 0 0 0 0 0 0 0 4 0 32768 0 0 16 0 0 0 0 0 67108864 0 0 0 0 0 0 0 0 0 33554432 0 0 1040 0 0 0 0 0 0 134217728 0 0 0 1048576 0 0 0 0 0 0 0 0 4194304 0 0 0 0 0 16 0 0 0 0 2214592512 0 0 0 0 0 20 0 0 0 0 0 0 0 67108864 0 0 0 0 0 0 0 2048 0 0 0 0 0 0 0 0 128 0 0 8388608 262144 0 1 0 0 0 0 0 0 0 0 0 0 1024 0 128 2105344 0 0 0 0 0 0 0 0 134217729 32768 0 0 4 64 0 0 67109888 0 16777216 4096 4 0 0 0 0 134217728 67108864 2097160 0 262144 0 0 268435472 512 0 0 0 0 67108864 0 0 0 0 0 0 0 64 268435456 0 0 0 0 2048 0 0 0 0 0 0 0 131072 0 0 0 192 0 0 0 0 0 0 67108864 0 0 0 16385 0 0 0 0 0 0 0 0 0 262144 0 0 0 2097152 262144 65536 0 0 8 0 0 8 134217728 0 524288 0 1073741824 0 0 1024 0 0 0 0 0 0 0 4194304 4194304 0 1048608 0 0 0 64 0 0 1073741824 0 0 0 0 0 0 0 0 0 0 0 0 0 0 0 0 0 0 0 0 0 0 0 32768 0 0 134217728 0 0 0 327680 0 0 0 1048576 0 0 0 0 2097152 0 0 0 0 0 64 0 0 134217728 0 0 0 0 0 0 0 0 0 0 0 0 0 0 0 0 0 0 0 0 1 0 0 0 4 268435456 8388608 2097152 0 0 0 0 0 0 0 0 0 0 0 0 0 0 0 0 0 8388608 0 0 0 0 0 2097152 16777216 0 0 0 0 0 0 0 1073741824 0 0 4 0 0 0 0 0 0 0 0 262144 0 0 0 4194304 0 0 0 2 0 0 0 0 0 0 0 0 16384 0 0 33554432 0 1 0 0 0 0 0 0 0 0 0 16384 0 0 2 0 524288 0 0 0 131072 4194304 0 0 0 0 0 0 0 0 0 0 0 0 0 0 0 0 0 4 0 0 0 0 0 0 0 4 0 0 0 32 0 0 0 0 0 0 0 65536 0 65536 0 0 0 0 0 64 0 0 0 0 0 0 0 0 0 0 268435456 0 65536 0 0 2048 0 0 0 0 0 0 0 0 0 0 0 0 0 0 0 268435456 0 0 0 0 0 0 0 0 0 0 0 0 1 0 0 0 2050 0 0 131072 0 0 0 0 0 0 0 16384 0 0 0 0 0 0 0 8388608 2 0 0 1073741824 0 0 0 0 0 33554432 0 0 32768 0 4 134217728 16384 0 0 0 256 0 0 0 0 0 0 0 0 4096 0 0 0 0 0 268435456 0 33554432 0 4096 268500992 0 1207959552 0 0 0 0 0 0 0 0 0 0 0 0 0 0 0 0 0 0 0 33554432 0 33554432 0 0 0 0 0 0 0 0 0 0 0 0 0 0 0 0 0 0 0 0 0 0 0 0 0 0 0 0 0 0 0 0 0 0 0 0 0 0 0 16777216 0 0 0 0 16384 0 0 0 16 0 16 0 0 0 0 0 0 0 0 0 0 0 0 0 0 0 0 0 0 0 0 0 8388608 0 0 0 0 0 0 0 0 0 0 0 0 0 0 0 0 0 0 0 0 0 0 0 0 0 0 0 0 0 0 0 0 0 0 0 0 0 32768 1765802002 537412260 131200 2048 1209008128 1074274464 2248155136 16910608 2835382566 134217872 168034560 74242 49184 188416 546308162 67633288 546312192 524290 210780288 1073745920 20971776 0 0 0 0 0 0 134217728 0 0 0 0 0 0 0 0 0 0 0 0 0 0 0 0 0 0 0 0 0 0 0 0 0 0 0 0 0 0 262144 0 0 0 0 0 8388608 0 0 0 0 0 0 0 0 0 0 0 0 0 0 0 0 0 0 0 0 0 0 0 0 0 0 0 0 0 0 0 0 0 0 0 16 0 0 0 0 0 0 0 0 0 0 0 0 0 0 0 0 0 0 0 0 0 0 0 0 0 0 0 0 0 0 0 0 0 0 0 0 0 0 0 0 0 0 0 0 0 0 16777216 0 0 0 0 0 0 0 0 0 0 0 0 524288 1073742240 545259522 0 402653216 310912513 132 2147500032 0 0 0 0 0 0 0 0 0 0 0 0 1024 0 0 0 0 0 0 0 0 0 0 0 1 0 0 0 0 0 0 0 0 0 0 0 0 0 0 0 0 0 0 0 0 268435456 0 0 524288 16384 0 0 0 0 0 0 0 0 64 0 0 0 0 134217728 0 0 0 0 0 0 0 524288 0 524288 0 0 0 2147483648 0 0 0 0 0 0 0 2560 0 0 1048576 0 8388608 0 0 0 64 0 0 0 262160 0 0 0 0 0 0 0 0 0 0 0 0 0 0 0 0 0 32768 0 0 8192 1048576 0 0 0 0 0 0 0 0 0 4096 0 0 0 0 0 0 8192 0 0 0 0 0 262144 0 0 0 0 0 0 0 0 16384 0 0 0 0 0 0 0 131073 0 1048576 0 0 0 16777218 0 0 0 0 0 0 2147483648 0 0 0 9 0 0 128 0 16384 0 0 0 0 0 0 65536 0 0 2048 8192 0 0 0 0 0 0 0 524288 8192 0 0 1048576 262400 0 0 0 0 0 0 0 1024 0 0 0 290 0 0 0 0 262160 0 0 0 8192 4096 1073741824 0 0 0 0 0 0 0 512 0 0 0 0 0 0 0 0 0 335544320 0 0 4096 65536 0 512 10487816 536904736 688390404 20971520 167837708 655364097 655648 403701760 2684880129 3288350720 1082134672 532488 12660736 1073872930 549453824
is_linear=0
shrinkage=0.1


Tree=27
num_leaves=31
num_cat=22
split_feature=15 20 15 13 13 15 20 13 31 3 14 3 14 13 15 14 3 3 24 29 3 3 3 17 27 3 14 22 14 3
split_gain=155.449 140.413 68.1284 63.298 54.4868 54.796 49.7284 51.9123 48.9778 51.9848 47.8181 82.9187 45.2663 40.4298 40.0889 39.631 119.106 44.7776 37.7816 82.3195 67.822 65.5151 49.7587 39.9184 39.1374 37.8538 40.7179 37.7592 37.6127 60.3489
threshold=0 0.032151246443390853 1 2 3 4 0.014061058405786754 5 0.0079388399608433264 6 7 8 9 10 11 12 13 14 0.14330357313156131 -1.0000000180025095e-35 15 16 17 5.5000000000000009 4.5000000000000009 18 19 15.500000000000002 20 21
decision_type=9 2 9 9 9 9 2 9 2 9 9 9 9 9 9 9 9 9 2 2 9 9 9 2 2 9 9 2 9 9
left_child=-1 2 -2 -3 -5 -6 -4 -8 -7 -10 11 -11 -9 -12 -15 16 -16 -17 19 22 -20 -21 -19 25 -23 26 -24 -14 29 -27
right_child=1 3 6 4 5 8 7 12 9 10 13 -13 27 14 15 17 -18 18 20 21 -22 24 23 -25 -26 28 -28 -29 -30 -31
leaf_value=0.12973076088116278 0.094531002607119829 0.069163990602680692 -0.067102685629405801 -0.04925114214002721 -0.051418807120293467 0.23485563418070035 0.042632086542454435 0.018169959540571507 -0.03400381022078891 0.10194954356878128 0.057000911225472323 0.012030426348142506 -0.024469730141018154 0.042721551805713451 0.086686644900438342 0.051376274405411287 -0.024331711242059861 -0.031433374854767666 -0.019465178879632422 -0.050363782185067367 0.037321256509094521 -0.033220673795416981 0.047830748140542063 0.028565498868810192 0.020224735194626593 0.067927980113396028 0.0088340218792259135 -0.064898745819436041 0.0020500379416080248 -0.033577443939935468
leaf_weight=81.704509153030813 37.558818691410124 129.44922233000398 278.18513007834554 198.90669580549002 179.24923528730869 9.0811994411051256 110.22846443485469 201.25568904634565 370.72026135213673 119.27091813832521 124.12762329913676 541.20039624162018 1206.0658133365214 226.88871334679425 95.543733354657888 176.81094368360937 1192.2978682583198 396.86841057613492 292.79943335056305 529.66855314001441 707.91177627444267 230.64633788354695 327.64324589818716 633.7224391233176 337.52169916965067 56.624336013570428 1372.4879810772836 285.74581164587289 9649.2447946164757 557.49476762115955
leaf_count=650 810 1045 23458 3808 3214 84 4294 5498 6583 853 1222 5607 52404 2128 1122 1147 17887 5167 2249 10687 6658 4065 2546 5945 4352 860 9293 19197 102361 8408
internal_value=-0.000176893 -0.000755443 -0.0251358 0.00204337 0.00153069 0.00211474 -0.0276166 -0.0216784 0.00267771 0.00256167 0.00335069 0.0295468 -0.0259638 0.00231055 0.00187239 0.00128718 -0.0154909 0.00271147 0.00210772 0.000775818 0.0208845 -0.025519 0.0029974 0.00410382 -0.00144584 0.00281148 0.0165851 -0.0319991 0.000513216 -0.0232798
internal_weight=20656.9 20575.2 2119.04 18456.2 18326.7 18127.8 2081.48 1803.3 17948.6 17939.5 17568.8 660.471 1693.07 16908.3 16784.2 16557.3 1287.84 15269.4 15092.6 14091.9 1000.71 1097.84 12994.1 12597.2 568.168 11963.5 1700.13 1491.81 10263.4 614.119
internal_count=313602 312952 105661 207291 206246 202438 104851 81393 199224 199140 192557 6460 77099 186097 184875 182747 19009 163738 162591 153684 8907 19104 134580 129413 8417 123468 11839 71601 111629 9268
cat_boundaries=0 163 324 415 506 653 743 765 773 794 801 892 1047 1054 1074 1095 1117 1139 1163 1184 1191 1197 1216
cat_threshold=1 0 0 8388608 64 67108864 0 0 0 0 0 0 0 0 0 0 0 0 0 0 0 0 0 128 0 0 4194304 2147483648 128 0 0 0 0 0 0 0 0 0 0 0 0 0 0 0 0 0 0 65536 0 0 0 8192 0 0 0 0 0 0 0 0 0 0 0 0 0 2097152 0 0 0 0 0 0 0 0 0 0 0 1073741824 0 0 0 0 33554432 16 0 0 0 0 0 0 0 132 0 0 64 0 0 256 0 32 0 65536 0 0 0 0 2097152 0 0 0 0 0 134217728 0 0 0 0 0 0 8 0 0 268435456 0 0 0 0 0 0 0 262144 0 4194304 0 0 0 0 0 4 0 0 0 0 0 0 0 128 0 0 536870912 0 0 0 0 0 0 0 0 0 0 1048576 0 1048576 0 0 0 72 0 0 8388608 0 0 0 0 0 0 0 0 0 0 0 32768 0 0 0 0 0 0 0 0 0 0 0 0 0 0 134217728 0 0 0 65536 0 32 0 1048576 16 0 0 0 0 0 0 16384 0 0 0 0 0 0 0 0 0 2147483648 0 0 0 0 0 0 0 0 0 0 0 0 0 1572864 0 0 0 0 0 0 0 0 8388608 1073741824 0 0 0 0 0 0 0 16384 0 0 0 0 0 1073741824 0 0 0 8388624 0 0 524288 16384 32768 0 16777216 0 0 0 0 0 0 0 32768 0 0 0 0 0 0 0 0 65536 0 0 0 0 0 0 0 0 0 0 2 0 0 0 0 0 0 0 0 16384 0 0 33554432 0 0 0 0 0 0 0 0 0 0 0 16384 0 0 0 0 524288 0 0 8 33554432 0 2097152 0 0 0 9 128 0 0 0 16 0 0 0 0 16384 0 0 0 0 0 557056 0 0 268435456 0 0 4 16777216 2 0 0 2048 0 33554432 0 0 16777216 0 0 0 0 0 0 64 0 0 0 0 0 0 0 0 16 0 0 0 0 0 0 2048 0 0 8192 0 131072 0 0 0 262144 0 0 0 0 0 268468224 0 262144 0 0 0 2 256 0 0 0 268435520 0 0 0 0 0 0 0 128 0 0 0 0 0 0 268435968 0 0 0 0 0 0 0 4 0 0 4194320 0 0 0 0 0 0 0 0 268435456 0 0 0 1074790400 0 0 0 16384 0 0 0 32 16777216 0 0 0 0 0 0 0 0 0 0 65536 8192 0 65544 0 0 0 134217728 0 16777216 0 0 0 0 16 1024 0 16779264 0 0 0 0 8 4194304 0 67108896 8388608 128 0 4718592 16777216 0 0 514 0 8388608 0 8193 4 0 0 0 0 0 0 0 0 524288 0 0 0 0 0 0 0 0 0 0 0 0 0 0 0 0 0 256 0 0 8388608 0 536870928 8 0 0 0 0 0 0 0 0 0 0 0 0 0 0 256 65536 0 0 0 0 0 0 0 0 0 2147483648 0 0 0 0 0 0 0 32 0 0 0 0 0 0 0 0 0 0 0 0 128 163840 0 0 0 0 0 0 0 0 0 0 67108864 4194304 0 0 0 0 0 0 0 0 16777216 0 0 0 0 0 0 512 0 0 0 0 0 0 0 0 0 1048576 0 0 0 0 0 0 0 0 0 0 1048576 0 0 64 0 0 1024 0 0 0 0 524288 0 0 0 0 0 2214592512 0 1024 0 0 16777216 4 0 0 0 0 0 0 0 67108864 0 0 0 0 0 0 0 0 0 0 0 0 0 0 0 0 16777216 0 256 32768 0 0 0 0 0 0 0 16777216 268435456 0 0 0 0 0 8192 0 8192 0 0 0 0 0 0 0 0 134217744 0 0 0 1073741828 64 0 0 67108864 8 0 0 4 0 0 0 0 512 67174400 2097160 100663296 0 67117056 65606 2048 9961493 8396868 25166336 0 0 0 0 4194304 0 0 335544322 0 2147549184 0 16 131072 8192 1161 524291 8393472 134225952 276841472 2 3015708184 1 16777216 20 1082163458 0 0 0 0 0 0 0 2097152 2415919104 3328 262144 0 8388608 0 8388608 0 0 8388608 4212754 536871564 537001984 16779264 1125646720 1073750176 2407538688 0 0 0 0 0 1024 0 0 0 0 0 0 0 0 0 524352 0 0 0 0 2147483648 0 0 0 0 0 4097 0 1048576 0 0 0 131072 512 4194304 0 0 0 537395200 0 0 4 512 0 0 0 0 256 0 0 0 0 0 65536 0 0 0 0 0 0 0 0 262150 0 0 4096 0 0 134217792 0 0 0 0 0 536870912 64 0 0 0 4096 32 128 0 0 0 65536 1049088 0 0 1024 64 16777224 0 0 0 65536 0 0 0 0 2048 0 0 0 0 0 0 0 0 0 0 16 0 0 0 4194304 0 0 0 0 0 0 0 0 0 0 0 0 0 0 0 0 0 0 8388608 0 0 0 0 0 0 262144 0 0 0 0 0 0 0 0 268435456 0 0 0 0 0 0 0 0 0 0 0 16777216 0 256 0 0 0 0 0 0 0 0 0 0 0 1024 0 0 0 0 0 0 268435456 0 0 0 0 0 0 67108864 0 0 0 0 0 0 0 4096 2147483648 0 0 1073741824 0 16384 0 16384 0 0 0 33554432 0 0 0 0 0 0 0 0 8 1073741824 4096 33554432 32 8388608 0 0 4194304 8192 0 557056 0 0 0 0 0 0 0 0 0 0 0 536870912 0 0 2048 51281936 2214592768 134219984 537200896 34340930 1074839808 1073750016 131072 68157440 1073741832 4194320 0 805306368 1152 0 268500992 0 262144 0 1310754 4194304 0 0 4259872 1073750016 67110920 2097152 1073741824 0 16777216 0 0 262144 1114112 0 0 0 0 8192 33554432 8396808 0 0 512 262144 268769280 34 268436480 17301504 0 32768 264 0 0 0 0 67190784 0 0 2449473536 1103883 0 0 152051712 32 1619009536 67108864 0 1048576 2048 268435456 75497476 8425728 4203529 0 0 262144 278528 570425344 0 0 75497472 2785353 0 0 134217728 0 8421376 0 0 0 2048 270663680 536870912 17408 4194304 0 537001984 1 257 0 541065216 0 0 0 17039360 0 8388608 4194310 1073741832 524426 0 2147549184 134217728 262144 4194304 32768 16 8388864 8449 0 0 262162 0 536870912 0 0 1073741824 2164297801 1024 0 135299072 0 813711360 68157440 2097152 69206016 2214592770 687874064 5242912 17302528 4096 526336 524288 2147483712 134225920 132096 16777216 1073741824 2148010020 0 0 1073741824 0 0 1109393408 134217728 0 33554432 0 0 2155872384 2883584 0 0 0 32 0 1024
is_linear=0
shrinkage=0.1


Tree=28
num_leaves=31
num_cat=18
split_feature=20 15 13 15 13 15 15 24 25 15 14 14 16 13 27 14 13 14 24 30 24 22 24 15 14 14 15 13 18 32
split_gain=146.205 85.4081 68.9433 58.0738 52.0061 49.0882 42.4872 40.3136 50.5984 73.5439 49.0954 44.0795 39.6687 38.8258 38.6341 37.5772 42.0952 37.4054 36.85 33.3613 57.6118 33.2232 43.1868 30.9197 30.435 30.0226 31.5538 32.305 25.6101 25.362
threshold=0.03054610546678305 0 1 2 3 4 5 0.24963767826557162 7.5000000000000009 6 7 8 4.5000000000000009 9 4.5000000000000009 10 11 12 0.082235131412744536 0.027370605617761615 -1.0000000180025095e-35 5.5000000000000009 0.023575729690492157 13 14 15 16 17 3.5000000000000004 3871.5000000000005
decision_type=2 9 9 9 9 9 9 2 2 9 9 9 2 9 2 9 9 9 2 2 2 2 2 9 9 9 9 9 2 2
left_child=3 -2 -3 -1 -4 -6 -7 8 13 12 -9 -11 -10 -8 -13 18 28 -15 -5 20 -16 29 -23 -19 -12 -25 -27 -28 -17 -18
right_child=1 2 4 15 5 6 7 10 9 11 24 14 -14 17 19 16 21 23 -20 -21 -22 22 -24 25 -26 26 27 -29 -30 -31
leaf_value=0.075561001648788165 0.070590860812919876 0.090591203751367089 -0.05401086831505171 0.0089056756139182219 -0.051754824722935994 0.056222817503290501 0.059811009578194976 -0.040054817592361167 0.21062080592814209 0.047324481353789034 0.089894072012596249 -0.072409092482199858 0.023172000706917113 0.019972922644192023 0.37025602225237791 0.38871979845142746 -0.043216993101891699 -0.045381970127550214 0.2809532783337127 -0.026861985144915498 -0.02068778965548199 -0.06959461473591956 0.0044522918382310641 -0.015548662532944627 0.025583137605781282 0.028449553934388333 -0.036698942249105158 0.002263237586633729 0.070547370441103735 -0.013567713656075508
leaf_weight=46.386229984462261 174.4548379778862 77.830248693004251 155.62899208627641 163.26545955054462 156.62321649119258 137.57875494658947 107.80977177992463 92.628608776256442 21.052187766879797 61.249526324681938 83.226149182766676 218.35332312155515 24.345555562525988 1092.3892519287765 5.8354987800121334 2.8292825603857663 496.8156897071749 133.04311024583876 5.1356846159324041 502.21035469509661 10.647041537798939 433.1816004998982 96.270787090063095 974.87253396958113 538.24130201898515 444.04015187360346 206.27011524885893 13415.54700994771 23.899918455630541 688.08130506426096
leaf_count=684 1363 632 2986 6045 2589 919 1171 805 148 745 612 5945 255 10716 33 104 25419 1304 143 7233 457 30893 5097 15947 4727 4576 2274 146021 943 32400
internal_value=0.000148288 0.00287836 0.00219899 -0.0258615 0.00177567 0.00228138 0.00277813 0.00233698 0.00137266 -0.0225091 0.0256204 -0.0296784 0.0902232 0.0026032 -0.0366253 -0.0285714 -0.0329735 0.00218592 0.016238 -0.0222675 0.117722 -0.0351002 -0.0561306 0.000893094 0.0354828 0.0013323 0.0025125 0.00164676 0.075849 -0.0259994
internal_weight=20589.7 18633.9 18459.4 1955.87 18381.6 18226 18069.3 17931.8 17217.7 843.693 714.096 798.296 45.3977 16374 737.046 1909.48 1741.08 16266.2 168.401 518.693 16.4825 1714.35 529.452 15173.8 621.467 15040.7 14065.9 13621.8 26.7292 1184.9
internal_count=313186 211458 210095 101728 209463 206477 203888 202969 196825 14816 6144 14413 403 182009 13668 101044 94856 180838 6188 7723 490 93809 35990 170122 5339 168818 152871 148295 1047 57819
cat_boundaries=0 161 253 407 497 644 804 926 934 941 1031 1038 1127 1135 1273 1280 1287 1439 1528
cat_threshold=0 0 2 0 192 100679680 0 0 0 0 0 0 0 0 0 0 0 0 0 0 0 0 0 0 4194304 0 0 0 0 0 0 0 0 0 0 0 0 0 0 0 0 0 0 0 0 0 4 0 0 69632 0 8192 0 0 0 64 0 0 0 0 0 0 0 0 0 2097152 0 0 0 0 0 8 0 32768 0 0 0 1073741824 0 0 0 0 0 16 0 0 0 268435456 0 256 8 128 268435456 0 0 0 0 256 0 32 0 0 0 0 0 0 2097152 0 0 0 0 0 0 0 0 0 0 0 0 8 0 0 0 0 256 0 0 0 0 0 262144 33554432 0 0 0 0 0 1 0 0 0 0 0 0 0 0 0 0 0 0 0 0 0 0 0 0 0 0 2048 0 1048576 0 0 0 0 2097152 16 0 0 33554496 0 0 0 0 0 8 128 16 0 0 0 2147483648 0 0 0 0 0 0 0 0 65536 524288 0 0 268435456 0 0 0 0 536870912 0 8388608 0 0 33816576 0 0 0 0 0 0 0 0 0 64 0 0 0 0 0 0 0 0 18 16384 0 0 1 0 134217792 0 0 0 8192 0 32 0 0 0 262144 4096 0 0 0 0 0 0 0 0 65536 0 0 1 0 0 0 8 0 0 8388608 0 0 0 0 0 0 0 0 0 0 0 40960 0 0 0 0 0 0 0 0 0 0 0 0 0 524288 134217728 0 0 0 0 0 32 0 1048576 16 0 16 0 0 0 0 16384 0 0 0 0 0 0 0 0 0 2147483648 0 0 0 0 8 0 0 8 0 0 0 0 0 524288 0 0 0 0 0 0 4 0 0 0 0 0 0 0 0 0 0 0 0 0 0 0 0 1073741824 0 0 0 16 0 0 0 0 0 0 16777216 131072 0 0 0 0 0 262144 32768 0 0 0 0 0 0 0 0 65536 33554432 0 0 0 0 0 4194304 0 0 0 2 0 0 0 0 0 0 0 0 16384 0 131072 0 0 0 0 0 4352 256 0 0 8 268435456 0 0 0 0 0 0 0 0 0 0 0 0 0 0 269484032 0 0 0 0 2048 0 0 4 0 2048 0 0 2048 1048576 0 0 128 0 0 0 0 0 0 1140850690 0 0 0 16384 0 0 0 0 16777216 0 0 0 0 0 0 0 0 0 0 65544 0 16384 0 0 0 0 134217728 0 0 4194304 0 0 0 2097168 1024 0 16777216 0 0 0 0 0 0 134225920 32 8389120 0 276824064 2048 128 0 0 0 0 8388608 1048576 65664 0 0 0 0 0 0 0 0 524288 0 0 0 0 262144 0 2 0 0 0 0 0 8 0 0 0 0 536871168 0 0 0 134217728 0 8 0 0 0 0 0 0 0 0 0 0 0 1 0 0 0 2 0 0 256 0 0 0 0 0 8192 0 0 0 8388608 0 0 0 0 32768 0 0 0 0 0 0 0 0 0 0 0 0 0 32768 0 0 0 0 4096 0 0 0 0 0 0 0 0 0 0 32768 4 0 0 0 0 33554432 0 0 0 0 0 0 0 0 0 0 0 0 33554432 0 0 0 16 0 268435456 0 0 0 0 0 0 0 1048576 0 0 0 0 0 1024 8 0 0 0 0 0 8388608 0 0 2048 0 0 0 0 0 0 0 0 0 0 0 0 0 0 0 0 4194304 2147483648 128 0 0 0 0 0 0 0 0 0 0 0 0 0 0 0 0 0 0 0 0 0 0 0 0 0 0 0 0 0 0 268435456 0 0 0 0 0 0 0 65536 0 0 0 16777216 0 0 0 0 0 0 512 0 0 0 0 0 0 0 0 0 0 0 32 0 0 32 64 0 0 0 0 4 0 272 0 536870912 0 0 0 0 0 0 0 0 0 0 0 0 0 0 0 8192 0 0 268435456 256 0 65536 0 0 8 0 4096 0 32 0 0 524288 4194306 8192 4 0 4 0 0 0 0 0 0 0 0 0 0 0 0 0 0 0 0 0 0 65536 0 0 131072 4096 0 642 0 0 0 0 0 0 0 0 0 0 0 0 0 0 0 0 0 0 16777216 0 33554432 0 0 0 0 0 0 0 0 0 0 0 0 0 0 0 0 0 0 0 0 0 64 0 0 0 0 0 0 0 0 0 64 0 0 0 0 0 0 0 0 8 16777216 0 0 0 0 0 0 0 0 16 0 16 0 0 0 0 0 0 0 0 0 0 0 0 0 0 0 0 0 0 0 0 0 537395200 0 0 2147483648 0 0 0 0 0 0 0 0 0 0 0 0 0 0 0 0 8 605077504 553648128 542113792 34669572 352649216 258 538198032 1 537919744 134217728 2048 1048576 39395328 131332 2298871816 2 0 0 0 64 2097152 1048576 65544 0 0 0 0 0 0 1 64 0 0 0 0 0 0 0 0 0 0 0 0 0 0 40960 0 131072 512 0 16777216 4 0 0 0 64 0 0 0 0 0 16777216 0 1073741824 0 0 0 0 0 0 0 0 0 0 8192 0 32768 262144 0 0 134217728 1073741824 0 0 0 536870912 0 0 0 0 0 4 0 0 0 32 128 0 0 268435456 0 1048576 4096 0 1024 1103136818 8913420 538050568 1048576 1086345600 532480 218104320 0 0 0 0 0 16 0 0 0 0 67108864 0 0 0 1 0 0 0 0 512 0 0 0 0 67108880 0 0 0 0 0 0 0 0 2097152 0 0 0 0 2 0 0 128 0 262144 8388608 0 0 0 0 0 16416 0 0 0 1 0 0 0 0 8192 128 2105344 0 0 0 0 65536 0 0 0 134217728 0 0 0 1073741828 64 0 131072 67109888 0 64 0 0 0 0 0 0 134217728 67174400 1610645504 554172417 1053184 134225956 285299200 2148009984 2831419456 1 0 262144 0 4096 16908288 0 0 524288 0 0 0 8388608 0 32768 0 0 0 0 0 0 0 0 0 0 0 0 0 262144 0 0 4194304 0 0 0 0 0 0 0 0 0 0 0 536870912 0 0 0 0 0 64 0 0 0 0 0 0 0 0 0 0 0 0 0 0 0 0 0 1048576 0 16777216 0 0 0 0 16384 0 0 0 16 0 32 0 0 0 0 0 524288 0 0 0 0 0 2048 0 0 0 0 0 0 0 67108864 0 0 0 0 0 0 32 0 0 0 0 0 0 0 0 0 0 0 0 512 0 0 0 0 0 0 0 0 0 2048 1 0 128 0 0 1048576 0 128 32 0 8 16777226 546309217 0 524288 33685529 2290090242 134218972 262400 1207959554 1073790981 67248128 0 0 524288 8388608 0 0 1073758208 0 0 0 0 0 0 0 0 0 0 0 32768 0 16 0 0 0 0 0 131072 4 0 0 0 0 0 0 0 0 0 0 0 0 0 0 0 0 0 0 0 0 0 0 0 0 1073741824 0 0 0 0 0 256 0 0 0 0 0 0 0 276824064 0 0 0 268435456 0 0 0 0 0 0 65536 0 16 8 0 0 0 0 0 0 0 9437184 2048 0 0 0 0 0 0 0 262144 0 0 0 0 0 0 32770 0 0 0 0 0 0 0 0 0 2147483648 16384 0 0 0 0 0 0 0 8388608 0 0 0 536870912 0 0 0 0 0 0 0 128 0 0 0 1572864 0 0 0 0 8 0 256 0 0 0 0 262144 0 0 8 0 0 0 0 0 0 65536 2214625280 0 128 524288 524288 0 4 0 0 512 0 0 0 0 536870912 0 0 2097152 0 0 0 0 0 0 0 0 0 0 0 2048 0 128 0 269484032 0 0 4096 0 16384 0 16384 512 0 0 0 0 0 0 1024 32 16 0 0 0 0 0 8 0 0 0 16 0 524288 0 0 0 0 131072 0 0 67108864 4096 0 0 0 0 0 0 67108864
is_linear=0
shrinkage=0.1


Tree=29
num_leaves=31
num_cat=21
split_feature=3 15 14 3 15 3 24 3 29 15 3 3 14 32 14 3 15 25 28 3 30 3 27 25 15 32 3 3 14 15
split_gain=100.719 101.241 69.0161 117.332 56.8079 59.5493 48.4034 92.0012 81.9995 85.3423 82.3766 50.3303 73.0324 58.6374 47.4297 46.1057 43.7277 43.7115 160.911 109.99 76.3578 72.223 57.9777 57.1414 51.0833 49.2701 46.2052 42.1229 41.3027 39.3543
threshold=0 1 2 3 4 5 0.20047847181558612 6 -1.0000000180025095e-35 7 8 9 10 4396.5000000000009 11 12 13 1.0000000180025095e-35 1.0000000180025095e-35 14 0.038061365485191352 15 18.500000000000004 6.5000000000000009 16 3950.5000000000005 17 18 19 20
decision_type=9 9 9 9 9 9 2 9 2 9 9 9 9 2 9 9 9 2 2 9 2 9 2 2 9 2 9 9 9 9
left_child=-1 -2 3 -3 -4 -6 8 -8 11 -10 -11 12 -7 -14 -12 -5 -13 21 19 20 -19 -18 24 -21 -23 -22 -24 -20 -26 -30
right_child=1 2 4 15 5 6 7 -9 9 10 14 16 13 -15 -16 -17 17 18 27 23 25 22 26 -25 28 -27 -28 -29 29 -31
leaf_value=-0.064055716263759346 0.082686028498017705 0.046491340836332079 -0.042529078094444811 0.016576093815713715 -0.030290612744971829 -0.019885190260212838 -0.030390577936229249 0.043503686985384871 0.084507099472872771 0.038040815960972474 0.041383366011788852 0.052454786204743142 0.032861704537011656 0.12552020801098693 -0.037712421957256242 -0.03825270640061771 -0.040325447554035415 0.23898686096027799 -0.047713573276642073 0.030570402869194824 0.03383339601357524 -0.033737224517833453 0.04273490842173272 -0.054842270639600926 0.022923247822236831 0.11818623809115486 -0.060918491807724275 0.0058151039626568209 0.03924105297188437 0.00096220726514265184
leaf_weight=234.78608052525669 138.69637289550155 218.81154741533101 277.55728847719729 174.51714617945254 535.21665647532791 253.9325018376112 216.75879713520408 683.52281676884741 66.058405956253409 178.47247196733952 74.554951555095613 165.11620094627142 659.74188303761184 76.184110002592206 1266.9062387812883 1184.0784542346373 414.79910887219012 32.493696137331426 313.45913585927337 580.18916568998247 135.45690102968365 363.4259074497968 47.507196268998086 90.55043588578701 1023.8312492808327 141.65901356376708 228.16299465484917 272.33474651258439 265.8676497079432 10233.7041067807
leaf_count=18497 927 2894 5802 2468 16743 6081 1877 6179 681 2504 1225 1232 9878 1104 30605 32297 9816 625 3950 7363 1642 4706 651 2057 10589 1418 5970 3975 2235 117176
internal_value=-0.000293849 0.000474416 -0.000131449 -0.0201463 0.00157609 0.00226715 0.00326342 0.025858 0.00206061 -0.0195833 -0.024502 0.00430444 0.0259982 0.0418847 -0.0330428 -0.0311401 0.00278356 0.00216702 0.0179228 0.0427004 0.0910194 0.000206812 0.00162098 0.0187599 0.00267374 0.0769538 -0.0437152 -0.0235434 0.00384801 0.00196791
internal_weight=20548.4 20313.6 20174.9 1577.41 18597.5 18319.9 17784.7 900.282 16884.4 1585.99 1519.93 15298.4 989.858 735.926 1341.46 1358.6 14308.6 14143.4 1566.14 980.349 309.61 12577.3 12162.5 670.74 11886.8 277.116 275.67 585.794 11523.4 10499.6
internal_count=313167 294670 293743 37659 256084 250282 233539 8056 225483 35015 34334 190468 17063 10982 31830 34765 173405 172173 21030 13105 3685 151143 141327 9420 134706 3060 6621 7925 130000 119411
cat_boundaries=0 24 187 194 217 381 405 426 588 612 635 642 650 674 834 857 881 1044 1068 1088 1095 1246
cat_threshold=0 2097152 2048 18 16384 4194304 16384 0 0 2298527752 0 0 1073741824 436207616 4 0 0 0 0 0 0 54591520 134235144 277504 1 67108864 0 0 64 67108864 0 0 0 0 0 0 0 0 0 0 0 0 0 0 0 0 0 128 0 0 4194304 0 128 0 0 0 0 0 0 0 0 0 0 0 0 0 0 0 0 33554432 4 65536 0 0 0 0 0 0 0 0 0 0 0 0 0 0 0 0 0 2097152 268435456 0 0 0 268435456 0 0 0 0 0 0 0 0 0 0 0 33554432 16 0 0 0 0 0 0 0 132 268435456 0 0 0 0 1073742080 0 32 131072 0 0 0 0 0 0 0 0 0 0 0 0 0 0 0 0 0 0 8 0 0 0 256 0 0 0 0 0 1073741824 262144 0 0 0 0 0 2 0 0 0 0 0 0 0 0 0 128 0 0 2147483648 0 0 0 0 0 0 0 0 0 0 1048576 0 1048576 168173648 134218658 1208058000 570688768 2 4247808 1073750016 131072 4194368 1073741824 4 0 16785408 2359296 16777216 33554432 8192 0 134217728 1050642 1024 0 1048576 544 268460032 286263296 0 134217856 268435456 32 0 0 16777216 1075970176 32 0 0 0 0 0 0 0 0 139264 1048576 0 0 0 0 0 128 0 0 0 0 0 0 0 0 0 4194304 0 0 0 0 0 0 536870912 0 0 8388608 0 0 8 0 0 0 0 0 0 32768 0 0 0 0 0 0 4096 0 0 33554432 0 0 0 0 0 0 0 4096 0 0 0 0 524288 0 0 0 32768 0 0 0 0 0 0 4096 524288 0 0 0 0 0 32768 0 0 0 0 0 0 0 0 0 256 67108864 32 0 0 0 0 0 0 0 0 0 0 2147483648 0 0 0 0 0 0 0 0 0 0 0 0 0 0 64 0 0 0 0 0 0 0 0 0 0 1048576 0 0 0 0 0 0 0 0 0 0 0 0 0 128 0 0 0 0 0 32768 0 0 8192 2348810304 16777728 128 0 32768 16777221 262144 537919488 1048576 532482 11 0 68157440 128 0 1048576 4 0 1048576 0 32 268435456 131136 512 50495488 8388608 1073741824 1 0 0 2097152 0 67125248 0 0 838860800 17025993 0 0 134217728 0 2684354560 67108864 0 1049600 0 0 131072 4096 0 0 1082130432 64 0 0 0 0 0 0 0 0 0 32768 0 0 0 0 0 0 0 0 33554432 0 0 0 0 0 0 0 0 0 0 0 0 0 134217728 0 16 0 0 0 0 0 0 0 0 0 0 0 0 0 0 0 320 0 0 0 0 0 0 0 0 0 16777216 0 0 256 0 0 0 0 0 32 0 0 524288 0 0 1073741824 0 0 0 0 0 0 0 32 1 0 0 0 0 0 0 67108864 0 545259520 0 0 0 0 0 4198400 0 0 0 0 0 0 0 0 0 0 0 0 0 0 0 0 0 0 0 67108864 0 0 0 0 0 0 0 0 0 0 262144 0 0 0 0 0 10 0 0 0 0 0 0 536871936 0 0 0 0 0 0 0 0 16384 512 17301504 1107296256 1140850688 0 0 0 0 0 16384 512 303104 1073741952 1088 69636 0 0 0 8192 273155072 0 2155872384 2097152 4194432 16777216 32768 12 142610440 8201 0 0 65552 4194304 65536 0 270336 8224 16842756 8388608 0 16777216 131072 0 65536 2099232 1024 2048 16 1140867368 2173214720 1048608 134227968 562578496 0 2316468224 2164280576 2222981120 545259520 1583144 12652544 3221225478 679739416 1 0 1024 0 4194304 0 2621440 4325408 536871936 134217728 0 12 32769 536871080 262240 0 0 16 536870912 67108864 18 69238784 0 8192 768 0 0 524292 0 524288 16384 0 0 0 0 0 0 0 262144 0 0 32768 0 0 0 0 0 0 0 0 0 0 1073741824 0 0 0 0 0 8192 0 0 0 0 0 0 0 0 0 0 0 0 0 0 0 81920 2147483648 0 0 0 0 0 0 1073741824 0 0 0 0 0 0 0 0 0 0 0 0 0 0 32 0 0 0 0 0 0 0 0 0 0 0 0 0 0 0 8388608 0 8388608 0 0 0 0 0 0 0 0 67108864 1 0 0 0 2050 0 2097152 0 0 0 0 0 0 0 65536 0 0 0 0 0 0 0 0 0 0 0 0 0 0 0 0 0 4194304 33554432 0 524288 32768 0 4 32768 0 0 0 0 0 0 0 0 0 0 0 0 524288 0 2048 0 0 0 0 268435456 1393033216 276824065 1073741824 0 0 0 0 16384 100679680 4194304 2097152 3489660929 800 65568 0 0 0 3221225472 32 0 128 0 128 34080768 1343225856 4 4194304 0 0 542113792 0 0 4194816 524288 1 0 0 0 0 0 2147491840 524296 0 134217856 3145728 37224578 20971521 0 0 0 4096 268435456 0 0 64 0 0 0 0 0 0 0 0 0 0 0 0 0 16384 0 0 0 0 4 0 0 0 0 524288 0 0 0 0 0 0 0 0 0 0 0 0 0 0 0 0 0 0 0 0 67108864 1024 0 1 0 0 0 0 0 0 256 0 0 0 1049088 0 16780288 0 0 0 0 16384 0 0 0 0 0 0 524288 0 0 0 0 67108864 0 0 0 1024 0 0 0 0 0 0 0 0 0 0 0 536870912 0 0 0 0 0 0 0 0 0 0 0 4194304 0 524288 67108864 0 0 4194304 256 0 0 0 0 0 0 0 0 0 0 0 0 0 0 0 0 0 262144 0 0 0 0 0 10 2097152 0 0 0 0 0 0 0 0 0 64 0 0 0 0 0 0 16 0 33554432 1073742080 256 0 570564624 1073745920 8192 0 570490880 167936 134217856 48 4104 0 0 0 536870912 67108864 2 2150629376 0 8192 32 830472192 281018370 1073774592 1024 0 8 0 262144 570425344 0 16384 3825205248 11141171 0 0 0 512 0 32 4194304 67109000 1627422720 12583424 402661384 2550137728 524454 2844786752 0 0 0 0 137344 33554944 536870912 32 0 0 0 0 0 0 0 0 0 0 32768 0 0 0 0 0 0 0 0 2147483648 0 0 0 0 2 0 0 0 0 0 0 0 0 0 0 0 0 268435456 0 0 0 0 0 2 0 8192 0 64 0 0 0 0 0 0 0 0 0 0 0 0 0 0 0 0 0 256 0 0 0 34 32768 0 8 0 0 0 0 0 0 272629760 0 0 0 0 0 0 0 0 0 0 4 536870912 0 16 0 0 0 0 0 0 0 0 0 0 0 0 0 0 4 0 0 0 0 4096 0 0 0 0 0 0 8 0 0 0 0 0 0 0 0 0 0 135266304 4 0 0 0 0 0 0 0 0 0 128
is_linear=0
shrinkage=0.1


Tree=30
num_leaves=31
num_cat=22
split_feature=15 3 13 29 15 3 23 3 14 15 14 3 3 14 32 27 3 3 15 14 3 31 14 15 13 28 3 31 3 32
split_gain=117.276 89.8307 82.6349 61.9593 92.051 84.7263 62.6222 53.7695 68.1291 50.1561 47.9878 99.3917 47.5829 99.9172 55.4794 49.855 125.112 49.8121 49.5387 47.4054 67.5059 69.3878 45.7919 44.4073 44.6175 43.3257 40.6473 50.7866 40.2196 38.2369
threshold=0 1 2 -1.0000000180025095e-35 3 4 1.0000000180025095e-35 5 6 7 8 9 10 11 3950.5000000000005 17.500000000000004 12 13 14 15 16 0.024281934835016731 17 18 19 1.5000000000000002 20 0.097990967333316817 21 4441.5000000000009
decision_type=9 9 9 2 9 9 2 9 9 9 9 9 9 9 2 2 9 9 9 9 9 2 9 9 9 2 9 2 9 2
left_child=26 -2 -3 7 -5 25 28 8 -4 -9 11 -11 13 -12 -15 17 -17 -14 -18 -16 21 -21 -8 -19 -25 -6 -1 -28 -7 -22
right_child=1 2 3 4 5 6 22 9 -10 10 12 -13 15 14 19 16 18 23 -20 20 29 -23 -24 24 -26 -27 27 -29 -30 -31
leaf_value=-0.0079146916190302903 -0.059094130371109367 0.098248838338863262 0.098459791981400258 0.085297565264216155 0.066918497033178412 0.042674701213308158 0.053879145243686699 0.048519626878899845 0.013385340558496859 0.10378972206502471 0.071135395732466022 -0.030123265555582281 -0.038588405786668556 -0.013400823387581444 -0.017027043384288523 0.094266886602481864 0.094484408232696118 -0.046172646016328478 -0.059536284514449971 0.3483115925396032 0.035333748993493112 0.088220693892082244 -0.019406028472924396 -0.051817194500854029 0.0016698973720689144 -0.00829264038305743 0.2773120980459014 0.099926880715607846 -0.056624338794306284 -0.012892452381625938
leaf_weight=29.464006891474128 255.04465641267598 74.398488502018154 92.171859347261488 76.651365372352302 152.74834189284593 39.295260072685778 82.956536227837205 195.60231875628233 1377.8686128575355 49.501814439892769 256.59524217247963 937.58517563156784 331.18386911787093 854.57584704179317 261.73446059972048 58.655309155583382 14.53442195151001 193.36478849127889 411.1124806785956 11.933137813583015 574.18236719723791 73.038721781224012 1138.3262292472646 148.0747954742983 11671.943386116996 153.62041903845966 25.988362838514149 42.593940235674381 677.70588963478804 230.36602766625583
leaf_count=336 17996 869 600 650 1572 1111 1334 1739 9493 864 3040 20721 7046 13251 6329 803 148 2585 12238 116 6283 1711 18796 2214 150926 2113 201 299 25627 2300
internal_value=-0.000705953 -0.00125548 -0.000494062 -0.000908939 -0.0162729 -0.0200321 -0.0277748 0.00110049 0.0193487 -0.000559435 -0.0011863 -0.022434 0.000217406 0.0135553 0.00587309 -0.00214352 -0.0336183 -0.000910439 -0.0522289 0.0202311 0.0310366 0.111612 -0.0141458 0.000160251 0.000956605 0.0282827 0.103204 0.145875 -0.0513768 0.0212609
internal_weight=20492.8 20394.8 20139.7 20065.3 2321.3 2244.65 1938.28 17744 1470.04 16274 16078.4 987.087 15091.3 2262.43 2005.83 12828.9 484.302 12344.6 425.647 1151.25 889.52 84.9719 1221.28 12013.4 11820 306.369 98.0463 68.5823 717.001 804.548
internal_count=313311 312475 294479 293610 51203 50553 46868 242407 10093 232314 230575 21585 208990 33030 29990 175960 13189 162771 12386 16739 10410 1827 20130 155725 153140 3685 836 500 26738 8583
cat_boundaries=0 163 187 278 442 465 486 493 652 660 683 703 710 733 757 921 928 942 950 1103 1193 1211 1235
cat_threshold=0 0 0 0 0 100663296 0 0 0 0 0 0 0 0 0 0 0 0 32768 0 0 0 0 0 0 0 4194304 0 128 0 0 0 0 0 0 0 16777216 0 0 0 0 0 0 0 0 0 4 65536 0 0 262144 0 0 8192 0 0 0 0 0 0 0 0 0 0 0 0 0 0 0 0 268435456 0 0 256 0 0 0 0 0 0 0 0 0 16 0 0 0 0 0 0 0 132 0 0 64 0 0 1073742080 0 32 0 65536 0 0 32768 0 2097152 0 0 0 0 0 0 0 0 0 0 0 0 8 0 0 0 0 0 65536 0 0 0 0 0 0 4194336 33554432 0 32768 0 0 0 0 0 0 0 0 0 0 128 0 0 0 0 0 0 0 0 0 0 0 0 0 1048576 0 1048576 67108864 64 133120 2 0 4198400 16384 0 0 0 1 0 1073758208 436207616 4 0 0 4096 0 0 0 54595616 8569864 3074 0 0 0 0 0 16 16 0 0 0 0 0 0 0 0 128 0 0 0 0 0 1050624 0 0 0 0 4096 0 0 0 524288 0 0 0 0 0 0 0 0 33685504 8388608 5 512 262144 0 0 16777216 0 32 8 0 0 0 64 0 0 0 0 0 0 0 0 144 0 0 0 0 2097152 0 128 134217728 0 8192 0 536879104 0 0 0 262144 0 0 0 0 0 0 0 262144 0 65536 0 2 0 0 0 4096 65536 4 1350565888 0 0 0 0 0 0 0 0 0 0 4 0 0 0 0 0 0 0 0 33554432 0 33554464 0 0 0 0 0 0 0 0 0 0 0 134217728 0 0 0 16 0 0 256 0 0 0 0 0 0 0 0 0 0 0 0 0 0 0 0 0 0 0 8 16777216 0 0 32 0 16384 0 0 0 16 512 0 0 0 0 1073741824 0 0 0 0 0 0 0 32 1 0 0 0 0 0 0 0 0 536870912 0 0 0 0 0 4198400 0 0 0 0 0 0 0 0 0 0 0 0 0 0 0 0 0 0 0 0 0 1073741824 0 0 0 8388608 0 0 0 0 0 0 0 0 0 0 8 0 0 0 0 0 0 1024 0 0 262144 0 0 0 0 0 0 0 0 32 17432576 268435456 67108866 4194304 0 0 34603008 0 67108864 512 2097152 134217728 32 65540 0 0 1028 8192 4719624 48 2155905152 134217728 8194 32768 536870928 16777472 8193 0 0 262144 4194304 81920 0 0 8192 2164260864 262144 0 40960 6291456 549715968 268503040 6293536 2129920 322 536879112 1048580 65536 8409089 2050 67633152 8 0 0 0 0 0 536870912 0 0 2048 0 0 0 0 0 0 0 0 0 0 0 4194304 0 0 0 0 0 4 0 0 0 0 0 0 0 0 0 4194304 0 0 0 0 0 1073741824 0 0 0 0 0 36864 0 0 0 0 0 0 0 1073741824 0 0 0 0 0 0 0 2097152 8388608 0 0 67108864 0 526336 32 0 0 0 0 1073741824 0 0 0 0 0 0 0 1024 0 0 0 0 0 0 0 0 0 0 0 0 0 4 131073 16 0 1207959552 0 0 0 0 0 0 0 0 1 4194304 0 0 0 0 0 0 0 0 0 0 0 0 0 0 0 0 0 0 0 0 0 0 32768 1 4 524288 0 0 0 0 0 0 0 524288 0 0 0 0 0 0 0 0 0 0 2048 42074385 2373976064 134350096 33818880 2 4243458 75767808 1 16908288 0 1073741824 2052 0 8192 134217728 0 134217728 2 4 32768 0 1024 0 1048576 4 268435456 17829888 0 209715328 131072 16781344 142606464 134217740 8 1024 0 8 1342177296 256 536870912 2097152 4096 0 417 33304 0 134217728 131104 2147500032 67108864 64 2147484672 3 541069440 268436512 106169412 1074397568 155222528 805830656 33554432 67112960 256 0 67239936 536870912 10240 0 0 8192 1 262160 65536 0 17825792 512 40960 786560 2 2157445120 0 128 64 35651584 67108864 272 49168 2 4227072 17827840 0 2147483648 1024 0 0 0 0 1048578 512 0 18350080 0 2148007936 1048576 1048706 16672 0 0 0 0 8912896 0 142606336 0 0 4194304 0 0 0 0 0 0 0 0 0 1073741824 0 0 0 0 0 0 0 0 0 0 0 0 0 0 0 0 0 0 0 0 0 0 48 0 0 0 0 0 0 0 0 0 0 0 0 0 0 0 0 0 0 0 0 0 0 0 0 0 0 0 0 0 16777216 1048576 0 0 0 0 0 0 0 0 0 0 0 0 0 8388608 1048576 0 0 0 0 0 0 0 0 0 16 536870912 0 0 16384 536870912 0 0 0 0 0 0 0 0 0 8388608 0 0 67108864 0 0 0 8388608 0 0 0 0 0 0 0 0 0 0 0 1024 8388608 0 0 0 0 0 0 0 0 0 0 0 0 0 0 0 0 0 0 0 0 0 0 0 0 0 0 0 0 0 64 72384512 549520 33654796 0 1090519072 1050624 655376 0 4 0 0 0 0 0 0 0 0 0 0 128 32784 3328 8404992 536871056 18088960 1078469925 132 616565320 1 0 0 256 12288 16908288 4 4194304 65536 0 4194304 132 0 0 0 0 0 0 0 0 0 0 0 0 0 0 0 2 0 0 0 0 0 0 0 0 0 0 0 0 0 8388608 134217728 0 1048576 0 0 0 0 0 0 0 0 0 1024 0 1024 8192 0 0 0 0 0 0 0 0 0 0 0 16779264 0 0 512 0 0 0 0 0 0 65536 32 0 0 0 0 0 0 0 0 0 0 0 0 0 0 0 0 0 0 0 0 0 1048576 0 4194304 0 0 0 4096 0 0 0 0 16777216 8388608 0 0 0 0 0 0 0 0 0 0 0 0 0 0 0 1024 0 0 0 0 0 0 2048 0 0 0 1048576 0 0 0 0 0 0 0 0 0 0 0 524288 0 262144 0 16777216 0 0 134217728 0 0 65568 67108864 0 0 0 0 0 0 0 0 0 0 67108864 0 0 0 0 0 4 0 0 4196352 0 131072 1048576 0 0 0 0 131072 0 524288 0 0 67108864 32768 0 0 1 0 0 0 1024 0 0 0 256 0 0 0 285212672 4 0 0 0 0 16384 0 0 0 8 0 0 524288 0 1073741824 0 0 0 256 0 0 32 0 0 0 4194304 0 512 1048576 512 0 4 0 2 0 0 262144 0 536870912 0 0 0 66 32 0 0 0 4096 0 1073741824 0 256 16384 33554448 4198400 512 16384 8192 0 1342177280 33794 33792 0 16777216 256 0 0 0 0 2097152 2097216 4210816
is_linear=0
shrinkage=0.1


Tree=31
num_leaves=31
num_cat=24
split_feature=3 15 13 25 13 2 15 3 15 3 3 24 29 3 3 3 27 3 3 14 32 3 14 14 3 13 3 14 31 13
split_gain=86.3052 84.7122 75.6603 64.2467 52.2502 52.1079 47.7482 43.9607 42.6174 43.3168 37.7723 35.4159 77.8301 89.4381 58.3638 52.9438 46.5729 120.966 47.2275 42.6441 42.0157 39.8415 78.8966 59.1026 65.4259 41.5482 39.283 42.8748 41.8635 38.1736
threshold=0 1 2 86.500000000000014 3 4 5 6 7 8 9 0.12129446864128114 -1.0000000180025095e-35 10 11 12 17.500000000000004 13 14 15 1885.5000000000002 16 17 18 19 20 21 22 0.070109389722347273 23
decision_type=9 9 9 2 9 9 9 9 9 9 9 2 2 9 9 9 2 9 9 9 2 9 9 9 9 9 9 9 2 9
left_child=5 7 -3 4 10 -1 -6 -2 -8 -10 -4 12 16 -14 -13 -16 18 20 -11 -17 -18 22 -20 24 -23 -25 27 -27 -29 -28
right_child=1 2 3 -5 6 -7 8 -9 9 11 -12 14 13 -15 15 19 17 -19 21 -21 -22 23 -24 25 -26 26 29 28 -30 -31
leaf_value=0.11120153764617549 -0.012109582164918222 0.084700001439604156 0.048105537073271261 -0.065888791961532633 0.052270971256821411 -0.07858966621546247 -0.048177793807879378 0.11439378839691144 -0.041626557471294845 -0.037454442963236717 -0.061190713828431803 -0.036939711868124024 0.060376076286121683 -0.03287698582445734 -0.003426745030180943 -0.038123285136379269 0.19426514620342489 -0.052573952066866839 -0.0039484388941813933 0.046679363856495265 0.037958672831631173 0.050705929966442714 0.060531857396871704 0.065938107611159827 -0.027291961506332542 -0.030254021555531269 -0.043655229442364135 0.056631684914219618 0.01440810929645079 0.0018918955468270231
leaf_weight=8.4223902169615013 42.769262984395027 93.125822895206511 31.691322395578027 152.24873181153089 162.59649428911507 186.72352462634444 176.14791233558208 91.717024069279432 237.94441151432693 287.48348618019372 212.8624765984714 175.62450756318867 104.60077341366559 1143.6155431363732 460.52555231563747 59.922973868437111 21.795305658131838 407.9345685094595 425.113680456765 700.37533119879663 81.515384138561785 110.89330495893955 336.04635406844318 95.763770856894553 1079.0904756290838 149.12801089696586 176.88864685036242 319.83042603172362 883.38072756119072 11994.71801446937
leaf_count=841 457 978 464 7199 2295 16783 2878 645 9852 6017 5504 2032 2947 29626 4502 661 131 11304 7167 6828 763 2128 4467 1042 21502 4326 2181 7399 6583 143351
internal_value=-0.000842314 -0.000186904 -0.000735508 -0.00117572 -0.000679603 -0.0653771 -9.43183e-05 0.0761095 -0.000559231 -9.87592e-05 -0.0456938 0.000442528 -0.000772295 -0.0248421 0.0157721 0.0234654 0.00106308 -0.0286442 0.00202079 0.0395875 0.0646743 0.00277189 0.0249349 0.00161674 -0.0196614 0.00348892 0.00299832 0.019104 0.0254205 0.00119467
internal_weight=20410.5 20215.4 20080.9 19987.7 19835.5 195.146 19590.9 134.486 19428.3 19252.2 244.554 19014.2 17617.8 1248.22 1396.45 1220.82 16369.6 511.245 15858.3 760.298 103.311 15570.9 761.16 14809.7 1189.98 13619.7 13523.9 1352.34 1203.21 12171.6
internal_count=312853 295229 294127 293149 285950 17624 279982 1102 277687 274809 5968 264957 250934 32573 14023 11991 218361 12198 206163 7489 894 200146 11634 188512 23630 164882 163840 18308 13982 145532
cat_boundaries=0 24 171 260 351 363 514 532 693 717 740 764 785 809 833 857 865 889 896 903 927 1017 1040 1047 1138
cat_threshold=0 150994944 264192 0 16400 4194304 0 268435456 0 3758358544 0 0 1073741824 436207616 4 0 0 0 0 0 0 306249760 268451848 4213776 0 0 0 0 0 67108864 0 0 131072 0 0 0 0 0 0 0 0 0 0 0 0 0 0 0 0 0 0 2147483648 0 0 0 0 0 8192 0 0 16777216 0 0 0 0 0 0 0 0 0 0 0 0 16384 0 0 0 0 0 0 0 0 0 0 0 0 0 134217728 0 2097152 0 8 16777216 0 268435456 0 0 0 0 0 0 0 512 0 0 0 0 16 0 0 0 0 0 0 0 128 0 0 64 131072 0 264 4 32 131072 65536 0 0 0 0 2097152 0 0 0 0 0 0 0 0 0 0 0 0 8 0 0 268435456 0 256 0 0 100663296 0 0 262144 0 0 0 0 0 16777216 0 0 0 4 0 0 0 0 0 128 0 0 0 0 0 16 0 0 576 4 0 0 134217728 0 0 128 0 0 0 0 0 0 0 4 0 0 4096 0 0 0 0 0 0 0 0 0 4 16777216 0 131072 8388608 0 0 256 0 0 0 0 32 8 0 0 0 64 0 0 0 0 0 67108864 0 0 0 16384 0 0 0 2097152 134217728 0 0 0 0 0 139296 64 8388608 0 262144 0 0 0 524288 0 32768 0 512 0 65536 0 0 0 1032 268435520 0 0 0 0 0 2 0 0 0 0 0 0 0 0 268435456 0 67108864 0 0 536870912 0 0 4 0 0 8192 0 2048 0 0 0 0 0 0 0 0 0 0 1073741824 0 2097152 262160 16385 0 0 0 0 16777216 0 0 0 4194432 262144 0 0 0 0 0 65536 2097152 0 0 0 33554432 0 0 0 0 0 0 0 0 16 4 0 16777216 0 0 0 0 0 0 0 32 1082130432 128 16777248 2214594560 128 67108864 32 4203648 536870912 0 4194304 0 4096 2 0 0 64 0 536870912 16384 0 0 0 0 0 0 0 0 0 0 0 0 0 0 0 0 0 128 0 0 256 0 128 0 0 0 0 0 0 4 0 0 0 0 0 0 0 0 0 0 4 0 4 0 0 2 0 0 0 64 0 0 16384 2147483648 0 0 524288 0 0 0 0 0 0 0 0 524416 0 0 0 0 0 3221225472 0 0 0 0 0 0 0 0 0 0 1 256 0 0 0 0 0 0 0 0 0 0 1 0 0 0 0 0 0 4096 0 0 0 0 1 0 0 0 0 0 0 0 0 8 0 256 2 0 0 0 0 0 0 0 0 0 0 524288 0 0 4 0 0 0 0 0 8 0 0 0 0 0 128 0 1 0 2 0 0 262144 0 0 0 2097153 0 1048640 0 0 0 0 4096 0 0 16777216 135168 0 512 0 0 8388608 1 0 0 0 0 0 1073741824 0 0 0 0 0 0 0 0 0 0 0 256 131072 0 0 0 8 0 0 0 0 0 0 0 0 0 0 0 0 0 0 0 0 0 32768 0 0 0 524288 1024 0 0 0 0 0 0 0 0 0 0 0 0 2048 0 0 16777216 0 0 0 0 0 0 0 0 0 0 0 0 0 0 0 0 0 1024 128 32768 0 0 0 0 4096 0 0 0 0 0 67108864 0 0 0 0 0 0 0 0 0 16777216 0 0 0 0 0 0 512 16384 0 0 0 0 0 0 0 0 1049600 1048592 0 0 0 0 0 0 0 0 0 1048576 16 0 0 0 0 1024 0 0 0 0 0 0 0 0 0 0 0 0 0 32768 67110976 2097153 67305472 4128 32768 8421376 25182208 671088640 0 2097197 32784 0 0 512 0 0 0 0 0 0 0 25690112 1024 393216 25165824 1 1073774592 1024 0 0 0 8192 16384 0 0 167772160 296193 32 0 0 0 0 0 0 0 0 524288 17301504 1073741824 0 0 0 537001984 1048577 4194304 67108864 0 262144 1073741952 512 327684 0 16777216 288 0 4719616 0 128 0 37781698 16777216 3238002688 1073741824 1073741824 0 0 0 0 0 33619968 0 0 2147492864 1203215 8388616 0 17825792 0 3221250048 268435456 0 1049600 688128 76546048 32768 9 0 0 2097152 0 67125248 0 0 335544321 8946000 32 0 134225920 65536 545259520 67108864 0 134348800 0 0 1 268435456 33554496 256 8192 0 131080 0 20971520 16384 0 4 1 50 65536 0 17825792 512 268492800 17306624 0 9437184 2048 0 32 0 33554432 0 4390912 0 4099 1049600 1058816 0 4096 4100 129 536870912 0 0 1048576 0 268443648 18350208 0 1073807360 67108864 130 32 578830336 554180864 1114160 65536 21823648 131458 9437184 1 134250496 536870928 0 0 0 268443648 327680 4195328 65536 0 0 8192 2164277376 262144 0 0 0 549453824 268437504 6293536 67108864 536872960 545259520 32768 219414533 1073742368 17825796 1835008 41943458 39168 169000960 33947664 3363831810 134258096 51118336 16386 1073741824 1686642688 2156003328 0 1082130432 272 0 17301504 6291520 0 16384 75497472 0 2147483648 256 1024 0 0 0 1073790976 67108864 16 136315904 1187840 4128 2 0 0 0 0 0 16384 0 65544 8 0 0 0 0 131072 9 64 0 0 262144 16384 0 0 0 0 16384 0 65536 1049600 0 0 0 0 0 0 0 0 0 0 0 33554432 0 0 512 301989888 0 0 0 0 0 0 0 0 0 0 0 0 0 0 0 0 0 0 262144 0 0 134217728 0 0 64 128 0 0 0 0 0 0 4 0 0 0 4128 128 0 0 268435456 0 0 0 1048576 8 0 67108868 16777472 3073 0 131072 16 0 1048576 4194560 131072 32 102468 8388688 0 0 65552 262144 262400 0 64 32768 65540 1074317440 17310464 33619968 738199560 1140850944 4352 436633616 0 0 0 0 16 0 134217728 0 0 0 0 0 0 0 64 17301504 0 0 0 0 0 0 0 0 0 0 0 32 1048576 0 4194304 0 131072 0 0 0 192 1073741824 0 0 524288 0 0 1048576 32768 1048576 0 256 0 524288 0 16777216 0 0 16384 258 0 0 0 0 0 0 16 8 0 0 8 0 0 0 134217728 0 0 0 512 0 0 0 256 0 0 0 0 0 0 0 272629760 0 0 0 64
is_linear=0
shrinkage=0.1


Tree=32
num_leaves=31
num_cat=15
split_feature=15 20 15 15 15 28 15 15 31 1 15 2 29 29 27 24 27 23 15 16 15 8 15 15 15 22 30 31 31 20
split_gain=91.1341 78.0238 53.4587 49.5286 46.5996 40.7518 87.1861 37.6799 37.3203 31.3056 29.7555 29.3205 28.6933 28.9151 27.1813 26.6066 47.6802 37.9956 27.7752 28.7164 47.1501 36.7029 31.3882 31.3367 29.518 35.2712 26.4795 45.6273 27.9334 25.2699
threshold=0 0.020850681699812416 1 2 3 10.500000000000002 4 5 0.080269142985343947 6 7 8 -1.0000000180025095e-35 0.46770833432674414 13.500000000000002 0.082235131412744536 28.500000000000004 3.5000000000000004 9 8.5000000000000018 10 11 12 13 14 2.5000000000000004 0.12586309760808947 0.11259426921606065 0.097990967333316817 0.011620475910604002
decision_type=9 2 9 9 9 2 9 9 2 9 9 9 2 2 2 2 2 2 9 2 9 9 9 9 9 2 2 2 2 2
left_child=-1 3 -3 14 8 7 -7 -6 -4 -9 -11 -5 -8 -14 -2 16 18 -18 -12 21 -21 -20 -22 -23 25 -25 -26 28 -28 -13
right_child=1 2 4 11 5 6 12 9 -10 10 15 29 13 -15 -16 -17 17 -19 19 20 22 23 -24 24 26 -27 27 -29 -30 -31
leaf_value=0.094458003436970847 0.25118349592138633 -0.04932231595174727 0.16094808594719312 0.10706592064696752 0.036967030352668323 0.075643028288603573 -0.0080662513834084577 0.036675248696356973 0.034527407310112466 -0.049201382122545587 0.042360419802599275 -0.078270133241370762 -0.04306825485439994 0.0077932118378785725 -0.074000727868413496 0.016358652970100033 -0.059884035662368863 -0.0033991119355092922 0.028981859820943662 0.057995207279567321 -0.044380995735012946 -0.043794521567092869 -0.005195642684520798 0.029469505812138877 -0.0014439209436535004 0.17898356206583521 -0.032613504145440161 0.0058345798123527366 0.056057771081471676 -0.030011524534711693
leaf_weight=92.013233541510999 11.971196983940898 199.49768171086907 28.548452747054398 5.4229635586962104 304.83950299490243 99.614755850285292 1467.9607559004799 246.98721313476562 128.2668097242713 104.98149106279016 156.45176585856825 132.24293963331729 551.84913431946188 140.16575498133898 3.2733077928423873 1173.4671118147671 227.95740390755236 249.35425909701735 554.26765076536685 104.06198830343783 206.02984868735075 132.73521573003381 4040.8990689301863 187.37968922406435 5908.2649270249531 17.228910010308027 40.531794065609574 2993.5936598144472 287.71381714567542 604.50932124676183
leaf_count=697 332 5274 371 492 2292 1278 17584 1166 849 1693 1797 14828 14168 853 151 12259 5463 3419 6666 945 2574 1297 53788 1819 98175 152 457 19192 2277 40953
internal_value=0.000177007 -0.000296488 0.000923264 -0.0317881 0.00146594 0.00100809 -0.0116057 0.00269153 0.054093 0.00203986 0.00149571 -0.0356854 -0.0159061 -0.0327664 0.109518 0.00185264 0.000727037 -0.0303755 0.00174183 0.00127259 -0.00552049 0.00419397 -0.00719642 0.0027248 0.00342495 0.0400994 0.00256945 0.00971542 0.0451086 -0.0381558
internal_weight=20402.1 20310.1 19552.6 757.42 19353.2 19196.3 2259.59 16936.7 156.815 16631.9 16384.9 742.175 2159.98 692.015 15.2445 16279.9 15106.5 477.312 14629.2 14472.7 4350.99 10121.7 4246.93 9567.45 9434.71 204.609 9230.1 3321.84 328.246 736.752
internal_count=313261 312564 255808 56756 250534 249314 33883 215431 1220 213139 211973 56273 32605 15021 483 210280 198021 8882 189139 187342 57307 130035 56362 123369 122072 1971 120101 21926 2734 55781
cat_boundaries=0 161 322 480 643 807 968 969 1129 1141 1302 1439 1440 1595 1736 1882
cat_threshold=0 0 0 0 0 67108864 0 0 0 2048 0 0 0 0 0 0 0 0 0 0 0 0 0 128 0 0 0 0 128 0 0 0 0 0 0 0 16777216 0 0 0 0 0 0 0 0 33554432 0 0 0 0 0 0 0 0 0 0 0 0 0 2147483648 0 0 0 0 0 0 0 0 0 0 268435456 0 0 32768 0 0 0 0 0 0 0 0 0 16 0 0 0 0 0 0 0 4 268435456 0 64 0 0 0 16 32 131073 65536 0 0 0 0 2097152 0 0 0 0 0 0 16384 0 0 0 0 0 8 0 0 0 0 0 0 0 0 0 0 262144 0 32 0 0 0 66 1 4 0 0 0 0 0 0 0 128 0 0 0 0 0 0 0 0 0 0 0 0 0 1048576 0 8388608 1 128 0 2 0 65536 8912896 0 128 0 0 8192 0 0 0 0 0 524288 128 0 0 0 0 0 0 0 0 0 0 0 8 0 0 1048576 0 0 0 0 0 0 0 0 16 0 0 0 256 0 1073741824 0 0 0 0 0 0 0 0 0 33554432 0 0 0 0 0 0 0 8192 0 0 2048 2048 0 65536 0 0 128 0 0 0 0 0 0 0 0 0 0 2048 0 0 0 0 0 0 0 4096 8388608 0 0 0 0 0 0 0 0 0 0 0 1024 0 0 0 0 0 0 0 0 0 0 0 0 0 0 0 0 33554432 0 0 0 0 0 0 0 0 0 0 128 0 0 1048576 0 0 0 0 0 1024 0 0 0 0 0 0 0 0 0 0 0 0 0 32768 0 0 0 72 0 0 1082130432 0 0 0 0 0 0 0 0 0 256 0 0 0 0 0 0 0 0 0 0 0 0 0 0 0 0 134217728 0 0 0 0 2 0 0 0 0 0 0 0 0 0 0 0 0 0 64 0 0 134217728 0 0 0 0 0 0 0 0 0 0 0 0 0 0 0 0 0 0 0 0 0 0 0 32768 131072 268435456 0 2097152 0 0 0 0 0 0 0 16384 0 0 0 0 0 1073741824 0 0 0 8388608 0 0 524288 0 0 2097152 16777216 131072 0 0 67108864 0 0 262144 0 0 2097152 0 0 0 0 64 0 65536 0 0 262144 4194304 0 0 0 0 0 0 0 0 0 0 0 0 0 0 0 0 0 0 33554432 0 0 0 0 0 0 0 0 32768 0 0 0 16777216 4096 16384 0 0 0 4194304 0 0 0 0 0 0 0 32768 0 1073741824 0 0 0 0 0 0 0 0 0 0 0 524288 0 8192 0 0 0 0 0 0 0 0 0 0 0 0 0 0 0 0 0 0 0 0 0 0 8192 1073741824 0 0 0 0 0 134217728 0 2097152 276824064 0 0 0 0 0 0 0 0 0 0 1073741824 0 0 0 0 0 0 0 0 0 1073741824 0 0 32 128 0 0 0 0 0 0 0 0 0 0 0 0 0 0 0 4194304 0 0 0 0 134217728 0 65536 0 0 0 0 0 1048576 0 0 0 256 0 0 0 0 0 0 0 4194304 0 0 128 20971520 0 0 0 4 0 0 256 0 0 0 0 0 2147483648 0 0 0 0 0 0 0 0 0 65536 0 0 1048576 0 0 0 540672 536936448 128 1074266112 0 0 0 0 0 0 0 0 0 32768 0 0 0 0 0 0 0 16777216 0 0 512 33554432 0 0 0 0 0 0 0 0 0 0 0 0 1048576 16 0 0 0 0 0 0 0 0 262144 0 0 0 0 0 0 256 0 0 0 0 0 0 0 0 8 0 0 0 0 8388608 16384 0 0 0 0 512 16 524296 0 0 0 0 0 0 0 0 0 8388608 0 1 0 0 0 0 0 0 0 0 545783808 0 0 2147483648 0 0 0 0 0 0 1073741824 0 0 0 0 0 0 0 0 0 0 0 1024 0 0 0 0 0 0 0 0 0 0 0 0 0 0 0 0 0 0 0 0 0 0 0 0 0 536870912 0 0 0 0 0 0 0 0 0 0 0 0 0 128 1 33554432 0 0 276826112 0 536887296 0 0 0 0 0 1024 262144 0 0 0 0 0 0 0 0 0 0 0 0 33554432 0 32 0 0 0 0 0 0 0 128 4194304 0 0 0 0 0 0 0 0 0 0 0 16384 2147483648 0 0 0 0 0 0 0 0 0 0 0 0 0 0 0 0 0 16777216 0 0 0 0 0 0 0 0 0 0 0 0 0 0 0 0 0 0 268435456 0 384 0 0 0 0 0 0 0 0 0 4 0 0 0 134217728 2048 0 0 0 0 0 0 0 0 0 0 16384 0 0 0 0 33554432 8 0 256 0 0 0 1610612736 0 1073741824 0 0 0 0 0 0 0 0 262144 0 0 0 0 0 0 0 0 0 0 0 0 0 0 0 0 0 0 0 0 268435456 16384 8388608 0 0 1024 0 0 0 0 67108864 0 135266304 0 0 0 0 0 0 0 0 0 0 0 0 0 0 0 0 260 512 0 0 0 0 0 0 0 0 0 0 0 0 131072 0 536870928 0 0 0 0 0 0 0 65536 0 0 0 0 0 0 0 0 2 0 0 256 0 0 0 0 0 0 0 0 0 8388608 16384 0 0 0 2 0 0 0 1048576 0 0 0 0 0 0 0 0 0 32784 1 0 0 0 0 16777216 4 0 0 0 0 0 0 0 0 0 0 0 0 0 0 0 0 0 0 0 0 512 0 0 0 1024 32 0 0 0 0 0 16 0 0 0 0 0 0 0 0 0 0 0 0 0 0 0 2 0 0 0 0 0 0 0 0 0 0 0 0 4194304 16777248 2214594560 0 0 32 4203648 536870912 0 0 0 0 2 0 0 0 0 0 0 4194304 8388640 0 0 0 0 0 0 0 0 0 0 0 0 0 0 0 0 0 0 0 2147483648 0 0 0 0 0 0 0 0 0 262144 0 0 0 1048576 0 0 0 268435456 0 65536 0 4096 0 2 0 0 0 64 0 0 0 268435456 0 0 0 16777216 0 0 0 8 0 0 0 0 0 0 0 0 0 0 0 0 0 0 0 0 0 2048 0 0 8388608 0 0 64 0 0 0 0 0 0 0 2 0 1073741824 0 0 32768 0 0 0 0 0 0 0 0 0 0 0 0 0 0 0 0 0 0 8388608 2 0 0 0 8 0 4096 0 0 0 0 0 0 0 0 0 0 0 0 0 0 0 0 524288 0 0 0 262144 524288 0 0 0 0 0 2048 0 131072 0 1048576 34078976 0 32832 0 8388608 0 0 8192 0 0 0 0 0 0 0 0 0 0 0 0 0 0 16777216 0 0 256 0 0 0 0 0 0 0 0 0 0 0 0 0 0 0 0 0 0 0 0 0 65536 0 32768 0 0 0 0 0 0 0 0 0 0 0 0 0 0 2097152 0 0 0 0 0 0 0 0 0 0 0 0 0 8192 0 0 0 0 0 0 0 1073741824 2048 0 0 0 0 0 0 0 0 0 0 0 8388608 0 0 0 0 0 0 0 0 0 0 0 0 0 0 0 0 0 0 256 0 0 0 0 0 0 33554432 0 0 0 0 0 33554432 0 0 16384 35 0 67108864 4 4096 32 0 0 64 0 0 0 0 0 0 0 0 0 0 32768 0 0 0 0 0 8388608 0 131072 1073741824 33554432 0 0 0 0 0 0 0 0 0 0 0 134217728 0 0 0 0 0 0 0 8 0 0 0 0 0 0 0 0 0 0 0 0 0 0 0 0 0 0 0 0 0 0 0 256 0 0 0 0 0 0 32 524296 0 0 0 0 1024 0 0 0 0 0 0 0 0 0 0 0 1073741824 0 0 0 538443776 16384 4194304 0 0 0 0 0 0 0 0 0 4194304 0 0 67108864 0 0 0 0 0 0 0 0 0 0 67108864 0 0 0 0 0 0 0 0 0 0 0 1572864 0 0 0 0 0 0 0 0 0 0 0 0 0 0 1024 0 1048576 131328 4096 32960 0 8388608 2147483648 0 0 0 0 0 0 0 0 0 0 0 0 0 0 0 0 0 0 0 0 131072 0 0 0 0 0 0 0 0 256 0 0 0 0 0 0 0 0 0 0 0 16777216 0 32768 0 0 0 1024 0 0 0 0 0 0 524288 0 0 0 2097152 0 0 0 0 0 0 0 0 0 0 16 0 128 0 0 16384 0 0 0 0 0 0 1024 0 0 0 32 0 0 0 2 0 0 0 0 0 0 0 0 0 0 4 0 0 0 0 0 0 0 0 0 0 0 0 0 0 4096 0 0 0 0 4194304 0 0 0 0 33554432 0 1048576 0 0 0 0 1073741824 0 0 6 0 32 512 0 64 0 0 256 0 0 0 0 0 0 0 32768 0 0 0 0 0 8388608 0 4325376 1073741824 4 0 0 0 0 0 0 0 0 0 0 0 136314880 0 0 0 0 0 0 0 0 32768 0 0 0 0 0 0 0 0 0 0 0 0 0 67108864 0 0 0 0 0 0 0 16384 0 0 0 0 0 0 32768 0 8 0 0 0 0 0 0 0 1 0 0 0 0 0 0 65536 0 1073741824 0 0 0 537395200 0 0 0 0 0 0 0 0 0 0 0 4194304 0 524288 0 0 0 0 0 0 0 0 0 0 0 0 0 0 0 0 0 0 0 0 0 0 0 134217728 0 0 0 0 0 2097152
is_linear=0
shrinkage=0.1


Tree=33
num_leaves=31
num_cat=24
split_feature=13 15 3 15 29 3 14 23 15 3 3 3 14 3 22 16 3 15 13 3 13 15 25 3 29 14 14 14 3 3
split_gain=75.6017 75.8292 72.3419 49.3688 48.1129 83.1007 55.794 43.4289 65.1274 46.4546 42.834 42.3232 41.8119 73.4409 67.8222 51.5238 38.7138 35.8346 39.8551 33.846 33.7083 34.2365 31.0619 30.9353 30.4302 30.3173 30.3106 28.7934 71.174 43.9497
threshold=0 1 2 3 -1.0000000180025095e-35 4 5 1.5000000000000002 6 7 8 9 10 11 10.500000000000002 5.5000000000000009 12 13 14 15 16 17 10.500000000000002 18 0.32843138277530676 19 20 21 22 23
decision_type=9 9 9 9 2 9 9 2 9 9 9 9 9 9 2 2 9 9 9 9 9 9 2 9 2 9 9 9 9 9
left_child=-1 23 -3 -4 10 -6 -7 8 -8 -10 26 -9 13 -12 -15 -16 22 -18 -19 25 -21 -22 -14 -2 -13 -20 -5 28 -23 -30
right_child=1 2 3 4 5 6 7 11 9 -11 12 24 16 14 15 -17 17 18 19 20 21 27 -24 -25 -26 -27 -28 -29 29 -31
leaf_value=0.095414290056222095 -0.0091488614976604644 -0.053182052619645898 0.069451792714298313 0.052665976542592488 0.027593160495627579 0.040336543702191092 0.065817393444310202 0.032431170028877583 0.070606689436461686 -0.056057537599724865 -0.023149248636340311 -0.040768357918904388 -0.034551160503611913 0.024880100291688231 0.027631530370571051 0.18258806933561625 -0.048197186642912365 -0.04331631693558452 0.078689135133796467 0.046089992135609929 0.043083045954685505 -0.044223918677385433 0.14112227957199075 0.11497768980543957 0.00010359177130241396 0.015288007802066112 -0.059960470871078142 0.001804978751072979 0.091552677872919111 -0.002561359974273418
leaf_weight=72.735124889761209 32.650939475744963 250.62673139153048 91.380698052234948 21.968103711958975 383.29230583179742 121.59809940261766 43.818562058731914 160.93711084593087 23.673880291171372 744.83237093128264 300.36519973352551 423.92884249892086 402.72540218010545 846.65808703564107 37.147074123378843 50.805879181716591 135.48933383449912 184.57916936650872 85.964881714433432 156.48713675653562 179.39450850151479 478.41561814397573 10.323047710582612 74.884531614370644 319.40876016393304 438.18532130960375 167.11234096577391 13089.83489060821 42.20542336255312 995.57923973444849
leaf_count=866 411 17703 1253 445 4568 1792 597 3307 702 28496 3147 9685 11729 9451 369 501 2180 2808 770 1932 1905 9513 144 509 1699 7440 5200 164705 850 18317
internal_value=1.66114e-05 -0.000372128 -0.000838027 -0.000153651 -0.000508988 -0.0143777 -0.0231534 -0.0278584 -0.0448026 -0.0512988 0.00123894 -0.0129453 0.00176393 0.0194246 0.0332072 0.117142 0.000406378 0.00120567 0.00166386 0.00222831 0.00134312 0.000838695 -0.0294477 0.0797174 -0.0228978 0.0269648 -0.0448869 0.00029072 -0.0127085 0.00210339
internal_weight=20367 20294.3 20186.7 19936.1 19844.7 2221.49 1838.2 1716.6 812.325 768.506 17623.2 904.275 17434.2 1234.98 934.611 87.953 16199.2 15786.1 15650.6 15466.1 14941.9 14785.4 413.048 107.535 743.338 524.15 189.08 14606 1516.2 1037.78
internal_count=312994 312128 311208 293505 292252 50846 46278 44486 29795 29198 241406 14691 235761 13468 10321 870 222293 210420 208240 205432 197222 195290 11873 920 11384 8210 5645 193385 28680 19167
cat_boundaries=0 89 244 268 431 454 462 614 638 662 686 693 715 739 900 990 1014 1104 1252 1270 1277 1284 1291 1314 1338
cat_threshold=0 0 0 0 2097152 17424 0 0 512 0 2097152 32 0 0 0 0 0 0 0 0 0 2048 0 0 16384 0 4096 0 0 65536 524288 0 2 0 0 0 0 0 536870912 131072 0 2176 0 0 0 0 0 0 32 0 0 0 0 64 0 0 0 0 0 8192 0 32768 0 16384 0 0 0 2097152 0 128 0 0 8192 0 32 0 0 0 0 4096 0 0 0 0 0 0 262656 0 65536 1 0 65536 0 0 67108864 0 0 0 4194304 0 0 0 0 0 0 0 0 0 0 0 0 0 128 0 0 0 0 0 0 0 0 0 0 0 0 0 0 0 0 0 0 0 0 0 0 0 65536 0 0 0 8192 0 0 0 0 0 0 0 0 0 0 0 0 0 0 0 0 0 67108864 268435456 128 0 0 0 0 0 0 32768 0 0 0 0 16 0 0 0 0 0 0 0 128 268435456 0 0 131072 0 256 4 67108896 131072 0 0 134217728 0 0 2097152 0 0 0 0 0 0 0 268435456 0 0 0 0 8 0 0 0 0 256 0 0 33554432 0 0 262144 0 0 0 0 0 16386 0 0 0 0 0 0 0 0 0 128 0 0 0 0 0 0 0 2048 0 1073741824 131072 64 16384 8388608 1048576 0 0 546373632 34 0 1073741824 436207616 4 0 0 8192 2 0 1048576 826277920 2100288 32769 16777216 0 0 0 0 0 0 0 0 2048 0 0 0 0 0 0 0 0 0 0 0 0 0 0 0 0 0 0 0 0 16 0 0 0 0 4 16777216 0 0 0 134217728 1048576 0 0 0 0 0 0 0 0 2147745792 0 0 0 0 64 0 0 0 0 0 0 0 0 0 2097152 0 0 0 0 0 32 0 0 0 0 0 1073741824 0 0 0 0 33554432 0 0 0 0 0 8388673 0 0 0 1 0 64 0 0 8 0 0 0 0 0 0 0 0 0 4194304 0 0 0 0 1 0 0 0 0 0 0 8192 0 0 0 0 0 0 0 0 0 0 0 0 1024 0 0 0 32768 0 0 0 4 0 0 0 0 2097152 0 0 0 0 128 0 0 0 0 0 0 0 2048 0 1048576 512 1048576 17301504 2 67108866 4194304 0 537001984 1 0 67108864 0 2129920 134217728 32 65572 0 0 1284 0 273155080 4194304 2147483648 136314880 2 526609 1149255680 1073746208 1575178 4273280 4100 579076096 1 0 0 0 2097152 272695296 2 0 64 0 32768 0 0 1024 0 0 0 0 0 0 0 0 0 0 0 0 0 33685504 0 0 0 0 0 0 0 0 0 67108864 0 0 0 8519680 0 0 8388608 0 0 0 256 67108864 20480 0 32768 0 0 0 0 0 0 256 0 0 0 0 0 0 0 0 8 2048 0 0 0 0 0 0 0 0 32 0 0 0 0 0 0 0 0 0 0 1073741824 256 0 16 0 0 0 0 0 0 0 0 0 0 0 0 0 0 0 4096 0 0 0 1073741824 0 8388608 0 0 0 0 0 0 0 0 0 0 0 0 0 0 0 0 0 0 0 8388608 0 0 0 0 262144 0 0 0 0 0 0 0 0 0 0 0 0 1024 0 0 0 256 0 16 39845892 0 16384 8192 4096 268435584 32896 5120 0 16777216 0 536920064 0 16 0 0 2147517056 4194308 0 2097152 16384 131104 32768 557842432 16793600 135266304 0 2147483720 256 0 65536 0 0 0 0 0 655360 1048592 0 176160768 1081354 4197376 134217728 343932928 1073774592 0 0 8 0 20971520 536870912 0 16384 33554433 2429696 0 0 0 196640 1073741824 32 2 10551296 1048576 0 16777216 1614807082 0 545329192 134217736 444612865 2147614720 3603185664 524288 12582912 67141632 1 0 0 0 0 33554432 0 536903680 8388608 554697040 4120 0 1048576 2147483680 0 67109888 0 134218816 2048 167772160 0 128 4 0 135266304 675285505 8388609 131072 16777984 16 0 1049088 0 0 0 131072 3221225472 0 0 131072 1143013376 134217728 16384 0 268435456 0 2101248 16777216 0 0 8912896 131072 0 128 0 0 0 0 0 0 0 0 0 0 0 0 64 0 0 0 0 0 0 0 0 0 0 0 0 0 536936704 0 0 0 0 0 1048576 16 0 0 0 0 0 0 0 0 0 0 0 0 4096 0 0 0 0 0 0 0 0 0 0 16778240 0 0 0 0 0 65536 0 0 16 0 0 0 0 0 0 0 0 0 0 0 0 128 0 0 0 0 0 0 8388610 0 0 0 0 67108864 0 0 4 0 0 0 0 0 0 0 0 0 0 0 0 0 0 0 0 0 0 0 0 0 0 0 1048576 0 0 0 0 0 0 0 0 0 0 1048576 0 0 0 0 0 0 0 0 0 0 0 0 262144 0 0 0 8388608 0 0 32768 256 0 0 0 0 0 0 8388608 0 16777216 0 0 0 0 524288 0 0 0 0 0 2 0 0 0 0 0 0 1028 0 0 0 0 131072 0 0 0 64 0 131072 64 524288 0 0 1140850690 0 1048576 0 268451840 0 0 0 1024 0 268435584 0 0 0 262144 0 0 0 0 0 65536 0 0 65536 0 0 8 0 0 524288 0 0 262144 0 16 0 0 0 0 0 2048 0 0 0 0 1048608 8388608 0 268435465 285212672 1 0 0 65664 8192 65536 0 8192 0 16777216 8200 0 135266304 2147483648 4456448 268503056 2097186 0 2048 0 16777728 0 0 0 2 0 131072 0 8 33570816 0 0 0 0 0 0 128 0 0 0 0 0 0 0 0 0 0 0 0 1048576 0 0 0 0 268435968 0 0 0 0 0 0 0 0 512 256 0 0 0 16 0 0 16384 0 0 65536 0 256 4194304 0 0 16777216 0 0 0 0 0 0 1073741824 0 167772160 536870912 134217728 0 0 0 131584 0 4 4194304 262144 0 32 0 0 0 268435456 0 0 0 0 2097152 0 262144 0 0 0 0 134742016 0 0 0 0 0 0 262144 0 0 0 32832 0 0 16 0 0 0 0 0 0 4 0 0 0 0 0 128 0 0 128 262144 0 0 2097152 0 0 0 0 268435456 0 4194304 0 65536 0 0 0 0 0 0 0 0 0 0 0 0 524288 0 0 0 0 0 65536 0 0 2048 0 0 0 0 0 0 0 0 0 0 0 0 0 2048 0 272629760 0 0 40 0 0 32 0 0 0 0 0 0 0 0 0 0 2 0 0 0 0 0 0 0 0 0 65536 0 0 0 0 0 33554432 0 0 0 0 0 0 1073741824 0 0 0 0 0 0 0 128 0 1 0 0 0 0 0 0 0 0 0 524288 0 1 0 2 0 0 262144 0 0 0 0 0 9437250 0 0 0 0 4096 2214592512 134217744 0 50331648 1074008068 1050752 655360 134512704 0 2052 101779456 36 0 133200 33947664 1275068544 33686084 34932992 262726 5245184 559120 1073741824 75497476 8421378 1024 0 34078720 0 262144 33816576 4195328 0 1719664640 2233536 16 0 0 0 0 1 0 8388608 0 16512 131072 0 1073741824 16 0 0 0 0 524288 0 0 32768 256 263172 0 0 512 268435456 17829888 0 1024 0 2147491872 4
is_linear=0
shrinkage=0.1


Tree=34
num_leaves=31
num_cat=22
split_feature=15 3 15 20 15 14 3 15 14 3 19 14 3 15 22 3 15 3 24 3 32 15 14 3 3 14 32 30 22 3
split_gain=72.002 60.2529 46.7239 39.048 74.9583 62.6731 68.7071 51.2449 48.2073 48.0189 44.403 35.7972 53.4517 34.0809 33.706 89.7066 45.2808 44.6421 38.3194 42.2229 30.3163 30.1832 27.9127 36.4223 35.5838 48.1134 51.3288 30.2988 31.199 27.5512
threshold=0 1 2 0.082482084631919875 3 4 5 6 7 8 73.250000000000014 9 10 11 5.5000000000000009 12 13 14 0.033000033348798759 15 1.0000000180025095e-35 16 17 18 19 20 3697.5000000000005 0.062301723286509521 -1.0000000180025095e-35 21
decision_type=9 9 9 2 9 9 9 9 9 9 10 9 9 9 2 9 9 9 2 9 2 9 9 9 9 9 2 2 2 9
left_child=-1 -2 -3 4 -4 6 -6 -5 9 -7 14 12 -9 -8 17 -16 -17 -10 -18 -20 -13 -19 23 -23 25 -24 -27 28 -28 -22
right_child=1 2 3 7 5 8 13 11 10 -11 -12 20 -14 -15 15 16 18 21 19 -21 29 22 24 -25 -26 26 27 -29 -30 -31
leaf_value=0.070945336048794549 -0.042948767729849263 -0.052425216641010512 0.086657607808213147 0.065213191537475096 0.049297390511245875 0.065200479183589496 0.017126420224630561 -0.018941941863594377 0.035079494209135108 -0.0094391368024234687 0.15526404545533948 0.1289863020992503 0.041317785043504592 -0.059208131049501136 0.033220145010776629 0.06170418112626213 -0.05716298701363224 0.058004281768308442 0.051401537227238336 -0.03409971853008173 -0.014361287125677573 0.038968019979714358 -0.046309654355465225 -0.0077840601736083766 -0.01760661608356754 -0.019906145489120786 0.025777365172303814 -0.023081967670220645 0.1211470708564526 0.0023952809681399775
leaf_weight=130.07947298604995 326.66323860548437 160.4037817181088 74.636659064330161 121.17472160607576 73.538554291706532 182.95207012817264 67.396753901615739 202.05537662282586 274.66683699004352 157.7205364452675 16.778047848492861 18.545686855912209 507.36878959089518 489.55169288394973 221.88383638160303 37.127949135378003 573.42190599488094 61.768426711671054 69.744936093688011 204.12697875220329 1057.6498242411762 259.09667376382276 85.794005138799548 434.00160731375217 2114.0094717596658 101.09001111239195 53.06478322762996 29.724609415978193 97.013193918392062 12124.072864606977
leaf_count=1283 17437 4538 1070 890 2398 2182 1422 2085 8142 3200 275 108 4060 22846 6231 753 31140 826 2495 5553 9171 4133 2915 13065 55560 2514 1226 557 2311 102407
internal_value=-0.000502544 -0.000997338 -0.000286412 0.000164274 -0.00683179 -0.00821678 -0.0376803 0.0029961 -0.00441396 0.031361 -0.00710625 0.00240549 0.0241301 -0.0498317 -0.00771175 -0.0229321 -0.0369772 -0.0029148 -0.0419706 -0.011694 0.00122055 -0.0062293 -0.00765767 0.00999864 -0.0126111 0.0158915 0.0358288 0.0691571 0.0874261 0.00104172
internal_weight=20327.1 20197 19870.4 19710 5679.11 5604.47 630.487 14030.9 4973.99 340.673 4633.31 13909.7 709.424 556.948 4616.54 1106.31 884.422 3510.23 847.294 273.872 13200.3 3235.56 3173.79 693.098 2480.7 366.687 280.893 179.803 150.078 13181.7
internal_count=312793 311510 294073 289535 170814 169744 26666 118721 143078 5382 137696 117831 6145 24268 137421 46172 39941 91249 39188 8048 111686 83107 82281 17198 65083 9523 6608 4094 3537 111578
cat_boundaries=0 163 186 350 511 518 542 703 710 729 736 757 905 928 1086 1110 1134 1289 1297 1321 1345 1352 1374
cat_threshold=1 33554432 64 0 0 67108864 0 0 0 0 0 0 0 0 0 0 0 0 0 0 0 0 0 0 4194304 0 0 0 0 0 0 0 0 0 0 0 0 0 0 0 0 0 0 0 0 0 0 0 0 0 0 0 0 0 0 0 0 0 0 0 0 0 524288 0 0 2097152 0 0 65536 0 268435456 0 32 0 0 0 0 0 512 0 0 0 33554432 16 0 0 0 0 0 0 0 4 268435456 0 64 0 0 8 0 32 1 0 0 0 0 0 2097152 0 0 0 0 0 134217728 0 65536 0 0 0 0 1032 0 8 0 0 0 65536 0 67108864 0 0 0 0 0 0 0 0 0 0 0 0 0 0 0 0 0 0 128 0 0 0 0 536870912 0 0 0 0 0 0 0 65536 0 512 1048576 33554432 16777217 67108864 64 18432 4194304 16384 1 131072 524288 13 1024 1073741824 436207744 4 0 8 131080 16 0 1048576 4194336 1025 0 8388608 16777216 0 0 2 0 0 16777216 1056768 0 0 0 8192 0 0 0 0 0 0 128 0 0 0 0 0 0 0 0 0 0 0 8 0 0 0 0 0 0 0 0 0 0 0 0 0 0 0 0 0 0 0 0 1024 0 0 0 0 0 0 0 0 0 0 0 0 0 0 2048 2147483648 0 16384 0 0 0 0 0 0 0 0 0 0 0 0 0 1073741824 0 0 0 0 0 32768 0 0 0 256 0 8388608 0 0 0 0 67108864 4194304 0 0 0 0 0 0 0 0 0 0 0 0 0 0 0 0 256 0 0 0 0 0 0 0 0 1048592 16 0 0 0 0 1073741824 2048 0 0 0 1048576 0 0 64 0 0 0 0 0 0 0 0 0 0 0 0 0 0 0 0 32768 0 0 32 0 0 0 0 0 0 1073741824 0 0 0 0 0 0 0 0 0 0 0 32768 0 16 0 0 0 0 128 0 0 0 0 0 0 0 0 0 0 0 4194304 0 0 0 1048576 0 0 4096 33554432 0 0 0 16384 0 0 1073741824 0 1048576 0 8192 0 0 2147483648 0 0 67108864 0 0 2 8 0 0 0 0 0 0 524288 0 0 0 0 0 16 0 0 0 0 0 0 0 0 0 0 0 128 0 0 0 0 0 1073741824 0 0 0 0 0 0 0 0 0 0 0 0 0 0 0 0 0 0 0 0 0 0 0 16384 0 0 0 0 0 0 0 0 262144 0 4194304 0 4096 0 4194304 8192 0 0 0 0 0 0 8 0 0 0 0 0 0 0 0 0 0 0 0 2147483648 0 0 1 2181054592 134218042 2048 436478208 4456450 16388 1703944 8388608 1077936128 1073741824 20 0 1075904513 2097216 603979776 0 276828164 0 0 524288 0 0 0 0 8192 0 0 0 68255744 2147754016 33032 0 0 4096 2147483648 0 0 142606336 0 0 0 0 0 0 0 0 0 0 0 0 0 0 0 0 0 0 0 0 4 0 0 0 0 0 0 0 0 524288 262144 0 0 0 0 0 8388608 256 0 0 0 0 0 0 262146 0 0 0 0 0 0 0 0 0 0 0 0 0 0 0 0 16777216 0 0 0 0 256 0 0 0 0 0 0 0 0 0 0 0 0 0 0 8388608 128 0 0 0 0 0 0 16384 256 4 4 0 0 0 0 0 0 0 0 0 0 0 0 0 4194304 0 0 0 0 0 8192 0 4096 268435456 0 0 0 16777216 0 8 0 0 0 32 0 0 0 0 0 0 0 4 0 0 262144 2 0 0 0 0 0 0 0 0 0 0 0 0 0 2048 268435456 1048576 542376194 67108868 167968 1114114 613416961 1073876992 88383744 25165824 67108870 1073741824 4194304 0 524298 0 4194304 100663296 4194304 536875008 0 786434 0 0 0 2097152 8192 32 0 545267712 1610682880 436207652 293622787 540804 25183256 557056 0 32770 1024 0 0 262144 262144 268451840 0 0 536870912 18940992 32 0 135266304 0 16384 859136 3145746 98305 0 0 0 0 536870912 0 0 0 0 0 0 0 0 0 0 0 0 0 0 0 0 0 268435456 0 0 0 0 0 0 0 0 0 0 0 0 0 0 34816 0 0 0 0 16 536870912 0 0 0 0 0 0 0 0 0 0 0 0 0 0 0 0 0 0 0 0 0 0 0 0 0 0 0 0 256 0 0 0 0 0 0 0 16777216 0 0 0 0 0 0 1073741824 0 0 0 64 0 0 0 0 0 4096 0 0 0 0 0 0 0 0 0 4194304 0 0 0 0 0 0 0 0 0 0 0 0 0 0 0 0 0 0 134217728 0 0 0 0 0 0 0 0 0 0 0 0 0 16384 0 0 0 0 2097152 0 2048 1073741824 64 1073745920 2049 0 67239936 537920000 2048 67108864 648 524288 1 262144 98320 0 0 0 12416 160 0 32 0 128 0 0 0 0 0 0 142606336 0 0 2 0 0 1024 0 0 1073741824 256 4 8192 0 0 0 0 0 0 0 0 0 0 0 0 0 0 0 0 0 0 0 0 0 131072 0 16 0 0 0 0 0 67108928 0 0 0 0 0 0 0 0 1073742336 0 0 0 0 0 0 0 0 0 0 0 0 0 0 0 0 0 0 1 0 65536 0 0 0 0 0 0 0 0 0 1048576 0 8388640 0 1 0 0 0 0 0 0 0 0 65536 0 0 524288 0 0 0 2147483648 0 0 0 83886080 0 0 0 0 0 0 0 524288 0 0 0 0 0 1024 0 0 1073741824 0 0 0 0 0 0 0 0 0 0 0 0 0 0 256 0 0 0 0 0 0 0 0 0 0 256 0 1073741824 0 0 0 4360 0 1073741824 4100 8192 134479872 276 12544 0 2048 0 0 0 0 65536 4 0 0 2284060672 21073970 131584 738197504 272629764 0 20 536870912 524288 0 4218880 536870912 67112960 36864 0 4196352 0 0 0 256 0 0 0 0 1310720 4202528 32769 0 0 0 8 0 0 16384 0 0 0 0 0 0 0 0 0 0 0 0 0 262144 0 1073741824 0 0 8192 0 0 0 0 0 0 0 0 0 0 0 0 0 0 0 0 0 0 0 268435460 4194304 4194304 0 0 0 0 0 0 0 0 0 0 65600 0 0 0 0 201326592 0 0 0 0 0 0 0 0 0 0 0 0 0 0 0 0 12 0 0 0 0 2560 0 0 0 0 8 0 0 0 0 0 0 0 131072 0 0 0 0 0 0 0 0 262144 16777216 0 0 0 0 2147483648 0 0 0 0 0 0 1048576 0 0 256 2 0 0 0 262144 0 0 0 0 0 0 0 2 0 16 0 0 0 0 0 0 0 0 0 0 536870912 0 0 0 0 1024 67642376 17318016 536937344 2751464448 184553508 532768 41944064 1 2485125120 67108864 1073741824 17 0 24 4194304 4194304 100663296 2203648 0 32 67895304 0 0 0 260 8192 128 0 0 0 16384 5 0 268435974 262148 2048 0 0 256 0 538443776 3072 536903680 0 0 8208 0 32 128 0 1 0 64 545390592 1082130948 311304 25167920 536879104 184549384 16777248 1073758208 32768 1207959568 32896 536871936 268435456 8192 0 0 33816576 8388864 0 0 0 2147491968 3293188 262146 0 134217728 2181038080 536903680 68157696 0 201850880 2048
is_linear=0
shrinkage=0.1


Tree=35
num_leaves=31
num_cat=23
split_feature=13 15 3 13 15 13 15 14 3 3 14 13 13 3 3 3 30 32 3 32 24 16 14 3 3 3 13 15 32 22
split_gain=80.7164 66.2927 59.0362 49.5422 42.1096 36.9846 38.0636 37.2649 70.8357 39.2731 65.5515 34.1355 30.8147 32.7611 30.7767 30.5502 28.5357 57.859 51.0022 39.6021 28.82 27.6974 27.4559 58.049 38.047 28.7411 25.4862 28.0905 25.2444 29.5752
threshold=0 1 2 3 4 5 6 7 8 9 10 11 12 13 14 15 0.26736912131309515 3845.5000000000005 16 3871.5000000000005 0.20047847181558612 5.5000000000000009 17 18 19 20 21 22 3950.5000000000005 -1.0000000180025095e-35
decision_type=9 9 9 9 9 9 9 9 9 9 9 9 9 9 9 9 2 2 9 2 2 2 9 9 9 9 9 9 2 2
left_child=-1 -2 -3 15 -5 -6 -7 8 -8 10 -9 -12 -10 -14 -11 -4 17 18 -13 -19 28 -20 23 -16 -24 -25 -26 -28 -18 -30
right_child=1 2 3 4 5 6 7 9 12 14 11 16 13 -15 22 -17 20 19 21 -21 -22 -23 24 25 26 -27 27 -29 29 -31
leaf_value=0.10341144619624035 0.064841356718509546 -0.050416168091068192 0.033163581288346372 0.056489456645506898 0.060449377918217986 -0.04061565513257516 0.043674492604391955 -0.021183976068520512 0.066236421580693275 -0.030556616802034156 -0.038931532710091178 -0.059096741789693152 0.028932445327041215 -0.031751243686251776 0.042227356084878501 -0.066092255045199208 0.083337602343546188 0.29183982261500602 0.0071418638628049569 0.077941700355320637 0.074431678288129521 0.089297569540220639 -0.03725544114074264 -0.04188013028815557 -0.031128060678210764 0.007093045101664564 -0.044740923774619912 0.00093430454305935655 0.042843963468050444 -0.021423854887355626
leaf_weight=65.020393176004291 144.05902492441237 228.96244909847155 34.736597158014774 121.57356149703264 89.794476898387074 224.66275421949103 166.88209498813376 320.73834031773731 28.04413935309276 317.1674563428387 60.234420455992222 58.47418212518096 91.366711386479437 1101.4809357258491 464.5440083835274 168.43545192992315 38.456469237804413 8.974511825013904 87.222399169579148 243.68916614120826 74.849993862211704 77.495298633817583 270.03058235812932 140.12886907998472 249.19879005244002 585.50753653235734 125.92068544309586 14390.384256364312 102.31870600581169 238.53743071854115
leaf_count=798 1134 16096 584 1241 1424 4876 1839 8748 717 8094 652 1435 1736 30307 4424 5604 163 193 1382 5632 304 935 12535 1701 3383 9103 1918 184997 421 1005
internal_value=-0.00012405 -0.000507234 -0.00100736 -0.000413273 0.000106118 -0.000273089 -0.000584084 -9.58271e-05 -0.0158201 0.00113459 0.0177275 0.0304166 -0.0242411 -0.0269013 -0.000190283 -0.0483627 0.0352744 0.0527663 0.0156658 0.0855393 0.0177237 0.0431729 0.000421749 0.0149772 -0.000739614 -0.00280499 -4.70528e-05 0.000507571 0.00653344 -0.00213184
internal_weight=20318.9 20253.9 20109.8 19880.8 19677.7 19556.1 19466.3 19241.6 1387.77 17853.9 1310.99 990.253 1220.89 1192.85 16542.9 203.172 930.018 475.856 223.192 252.664 454.163 164.718 16225.7 1190.18 15035.5 725.636 14765.5 14516.3 379.313 340.856
internal_count=313381 312583 311449 295353 289165 287924 286500 281624 34599 247025 20870 12122 32760 32043 226155 6188 11470 9577 3752 5825 1893 2317 218061 15228 202833 10804 190298 186915 1589 1426
cat_boundaries=0 91 238 262 353 503 591 755 762 785 809 816 905 996 1020 1044 1067 1087 1094 1116 1140 1164 1254 1417
cat_threshold=0 0 0 0 0 16 0 0 0 4 0 0 0 0 0 0 16 0 0 0 0 1050624 0 0 16 0 0 0 0 0 0 0 0 0 0 0 0 0 536870914 33685504 8388608 1 0 0 0 0 0 0 32 0 16384 0 0 64 0 0 0 0 0 67108864 262144 0 0 545259520 0 0 0 2097152 0 0 0 0 8192 0 131104 0 8388608 134217728 262144 0 32 0 0 0 0 0 0 0 65536 8 2 0 0 0 0 0 67108864 8388608 0 0 0 0 0 0 0 0 0 0 0 0 0 0 0 0 128 0 0 4194304 0 0 0 0 0 0 0 0 16 0 0 0 0 0 0 0 0 4096 0 4 65536 0 0 0 0 0 8192 0 0 0 0 0 0 0 0 0 0 0 2097152 0 0 16777216 0 268435456 0 0 32768 0 0 0 0 512 0 0 0 0 0 0 0 0 1073741824 0 0 0 4 32768 0 0 0 0 264 0 32 0 524304 0 0 0 0 2097152 0 0 0 0 0 0 0 0 0 0 0 0 8 0 0 0 0 0 0 0 0 0 1073741824 0 0 0 0 0 0 2 1 0 0 0 0 0 0 0 0 128 67108864 20971520 0 4 0 4194308 18432 0 0 1064976 5 0 536870916 436207616 4 0 0 0 2 16777216 0 557875232 270535680 8192 0 0 0 8 268435520 2 0 8388608 0 0 0 0 0 0 0 0 0 0 0 268435456 0 0 0 0 2048 0 0 4 0 0 0 0 0 0 0 0 0 0 0 0 0 0 0 2 0 2097152 262144 16384 0 0 0 0 16777216 268435456 0 0 128 262272 0 0 4 0 0 65544 0 0 2 0 0 0 0 0 0 0 0 0 0 1040 4 0 0 0 0 0 67108864 32768 16777216 0 67108896 0 528 65544 0 65536 0 0 0 524288 0 0 2048 0 0 0 0 0 0 32768 0 0 2 0 0 0 0 0 0 0 0 0 0 0 0 0 8320 0 0 16777216 0 0 0 0 0 0 0 0 0 0 0 0 0 0 270336 0 0 0 0 0 512 0 2147483648 0 0 0 0 0 0 8 0 0 67108864 0 0 32 0 0 0 0 0 0 0 0 0 33554432 0 0 0 0 0 0 0 0 0 0 0 0 131072 0 1073741824 0 0 131072 0 0 0 0 0 0 135168 0 0 0 0 1 0 0 0 0 0 0 0 0 0 0 0 0 65536 0 536870912 0 0 262144 0 32 0 0 128 16777216 0 4 0 0 0 0 0 0 0 0 0 0 2147483648 0 0 0 0 0 2098176 0 0 64 8192 67108864 0 0 0 0 0 0 0 262144 0 0 0 0 0 16384 0 4096 0 8 0 655360 0 0 0 0 0 0 0 524288 0 0 0 0 33554432 0 0 0 0 0 0 0 0 0 65552 8388608 0 0 0 8388608 8192 0 0 128 16384 0 0 0 131072 0 0 536870912 0 0 0 1073750016 0 0 0 0 4096 0 128 0 0 0 0 1311232 33554944 0 0 524290 2097152 17301504 2 0 8388608 8388608 1 0 0 0 8192 0 0 0 32768 0 0 0 0 0 0 0 0 4 512 0 0 0 0 0 0 0 1048576 0 536870912 0 0 0 0 0 0 0 0 0 0 0 0 0 0 0 0 0 0 0 0 0 0 33554432 0 0 0 0 0 0 0 0 0 0 0 2048 0 65536 0 0 0 0 0 0 0 0 0 0 0 0 0 0 0 0 0 0 0 0 0 0 0 0 0 0 0 0 4194304 0 0 0 0 0 128 0 0 0 0 0 0 0 0 0 0 0 0 0 0 0 0 0 0 4194304 1050624 0 0 0 0 0 1073741824 134219776 128 262144 0 1048576 0 0 0 0 0 0 0 0 0 0 0 0 262144 0 0 0 0 0 0 32768 0 0 8192 33955856 134217762 134415920 570687744 262150 5292288 1074962432 8388608 0 1073741824 0 0 0 262148 553648128 0 0 0 2281734144 320 263168 0 1048576 4194592 1342185472 85007360 0 2097280 268435456 32 0 284 285217032 0 0 131072 69652 4196352 65536 0 8192 0 0 0 0 8396800 1026 4456448 65536 32 1074266112 2097152 536870912 16809984 2358788096 1090527504 25167872 17827840 553649472 4097 437010688 0 0 0 0 524288 0 0 0 0 536870912 2147483650 0 0 0 0 0 0 0 0 0 0 0 0 0 0 64 0 0 0 0 0 0 0 0 0 0 0 0 0 0 0 0 0 0 0 0 0 0 0 0 0 134217728 0 0 16384 256 0 0 64 0 0 0 0 0 0 16386 0 67108864 0 0 0 32768 0 0 512 0 4 0 32 0 0 0 0 0 0 0 0 0 1048576 0 0 0 2 16 0 0 0 0 0 2147483648 0 0 0 0 524288 4 0 0 0 0 0 0 0 536870912 0 65536 0 0 0 8192 0 0 0 0 0 0 16777216 131072 0 0 128 0 0 0 262144 4096 16 0 0 0 0 0 0 0 34 0 0 1024 16777216 0 0 16 0 0 16384 0 0 64 2048 65536 32768 0 0 0 0 0 0 0 0 0 0 0 0 0 0 0 0 0 1075838976 1 131072 67108865 2 2064 0 136314880 33554496 1024 0 2 2097160 1 18087938 16781312 0 32768 66052 537133056 0 32 64 0 8192 258 35653696 2097217 131072 98 32768 65536 17039360 536870912 0 65536 32776 2147516416 0 16777280 0 0 64 8192 1048576 0 0 335810560 262144 2048 671088640 67108864 1073774592 8 0 16 32768 0 67108864 0 524288 2894069760 33623168 65656 0 8192 0 16384 32 0 2147483648 0 32768 0 0 4352 0 0 0 0 4194304 0 0 0 0 0 0 0 0 0 0 0 32 135266472 603979776 571510912 421003272 1367343105 1073745920 2306883648 285212672 2 1082130432 8192 0 8 536870913 262144 33570816 6291456 2113536 411041792 2981920 40 0 16777216 131072 8388608 131072 0 0 2048 142606336 0 2048 131072 536870912 524288 574619648 0 0 1363673089 0 128 0 262152 0 0 2097152 0 67239936 2048 32 2181103616 16809984 1537 537395200 67108864 32770 1 2048 16777216 0 0 0 0 0 603987968 147544 0 0 1048576 33554432 2147532800 524544 4194304 2326528 0 0 4194304 256 0 8388608 2 16 0 0 0 0 0 2147483648 0 0 0 0 0 0 0 0 1073741824 0 131072 0 0 0 0 1 1024 0 0 4194304 0 0 0 0 0 0 0 0 0 524288 0 0 1073741824 0 0 0 256 4096 65568 0 16778240 0 1073741826 16384 2 0 0 0 0 0 0 0 0 0 0 8 0 0 0 0 32768 0 0 0 0 0 0 256 0 64 4096 0 0 0 0 0 0 0 2097152 0 0 16777217 0 0 68 0 589824 0 1048576 0 0 0 163840 1048576 0 0 0 0 524288 0 0 0 2147483648 0 0 0 0 4096 0 0 8 0 0 0 0 0 256 0 0 0 134217728 0 0 0 0 0 2147483648 256 0 0 0 0 0 0 0 0 0 0 0 0 0 0 0 0 0 0 0 8192 0 0 0 0 0 0 0 0 0 0 0 0 0 0 0 0 335544320 0 0 1074790400 0 128 0 0 0 0 0 0 2 0 0 0 0 0 0 0 0 0 0 0 0 0 0 0 0 0 524288 0 0 0 0 0 0 0 0 0 0 0 0 0 0 0 0 268435456 0 0 0 0 0 0 0 0 0 0 0 2 0 0 0 0 0 0 0 0 0 16384 0 0 1073741824 0 0 0 0 16
is_linear=0
shrinkage=0.1


Tree=36
num_leaves=31
num_cat=19
split_feature=15 3 25 15 9 3 15 24 3 29 3 27 3 15 15 3 3 27 3 25 28 3 20 3 3 25 17 31 3 15
split_gain=91.9687 48.8649 44.4544 45.382 40.7125 47.4348 38.7296 37.0052 74.5861 62.0106 72.0906 54.5511 143.215 46.904 46.2834 43.6818 39.9623 42.0269 197.946 69.6803 59.299 52.9379 50.6997 48.2699 44.6448 43.958 34.702 38.6901 34.0842 33.9245
threshold=0 1 86.500000000000014 2 3 4 5 0.082235131412744536 6 -1.0000000180025095e-35 7 16.500000000000004 8 9 10 11 12 1.5000000000000002 13 1.0000000180025095e-35 1.0000000180025095e-35 14 0.24982372671365741 15 16 3.5000000000000004 1.5000000000000002 0.040083352476358421 17 18
decision_type=9 9 2 9 9 9 9 2 9 2 9 2 9 9 9 9 9 2 9 2 2 9 2 9 9 2 2 2 9 9
left_child=-1 -2 3 -3 5 -5 -7 9 -9 11 -11 14 -13 -12 28 -10 -16 21 19 -19 22 -18 26 -20 -23 29 27 -21 -6 -26
right_child=1 2 -4 4 7 6 -8 8 15 10 13 12 -14 -15 16 -17 17 18 23 20 -22 24 -24 -25 25 -27 -28 -29 -30 -31
leaf_value=0.095578582773804752 -0.045725066132817925 -0.041809726703980851 -0.056517824024335472 0.043215894151743948 0.011717101914239169 0.062689776230801686 -0.036203183960010203 0.054189356844051052 -0.04018389603071678 0.04187350056323462 0.06752704655795766 0.079971500885087282 -0.059216700569477254 -0.040061339349120678 -0.033647407633817412 0.011580451329001953 0.031522879651472123 0.046121078209907351 -0.034805519701798113 0.29092427307243202 0.051534124982721009 -0.024503783537073429 0.029253050918686838 0.011193656107711183 0.043131606372310026 -0.060733110533798033 0.27014987139826546 0.032622887552551438 0.087228467472888649 0.00094505194527567254
leaf_weight=89.709418354555964 228.18056964548305 243.45050571858883 138.99017417943105 91.944172870833427 153.11933495290577 34.253039029426873 657.69323747325689 379.79989146441221 179.93307148106396 135.65389391267672 34.965276225470006 83.829573358409107 363.16226590564474 807.2216086210683 297.2099941954948 1147.4000460407697 531.33360061701387 135.30326065421104 271.90845670644194 9.159422894939782 44.319402856752276 715.14908631471917 15.96012821793556 1187.334756736178 183.76911583077163 114.11107526952401 53.555476549081504 15.805508082732556 102.63086462579668 11827.290844012983
leaf_count=741 16340 5256 7192 2211 1375 390 12278 3788 1956 2307 737 708 11865 27473 4837 12362 6938 2174 3620 202 737 14068 65 17120 2164 3329 656 274 875 149347
internal_value=-0.000225422 -0.000698228 -0.000160746 0.000234438 0.000778327 -0.0214045 -0.0304844 0.00171466 0.0157539 0.00031268 -0.0241385 0.00179727 -0.0326488 -0.0348546 0.00278062 0.00431528 0.00206349 0.00278794 0.0174403 0.093767 0.146968 0.000890661 0.191735 0.00244383 -0.000401141 0.00103947 0.224761 0.127391 0.0441614 0.0016272
internal_weight=20274.1 20184.4 19956.3 19817.3 19573.8 783.89 691.946 18789.9 1707.13 17082.8 977.841 16105 446.992 842.187 15658 1327.33 15402.2 15105 1733.35 274.103 138.8 13371.7 94.4805 1459.24 12840.3 12125.2 78.5204 24.9649 255.75 12011.1
internal_count=313385 312644 296304 289112 283856 14879 12668 268977 18106 250871 30517 220354 12573 28210 207781 14318 205531 200694 24848 4108 1934 175846 1197 20740 168908 154840 1132 476 2250 151511
cat_boundaries=0 162 186 347 348 372 523 546 570 593 745 904 926 950 971 995 1018 1042 1066 1212
cat_threshold=0 0 2 0 0 67108864 0 0 0 4194304 0 0 0 0 0 0 0 0 0 0 0 0 0 128 4194304 0 0 0 0 0 0 0 0 0 0 0 16777216 0 0 0 0 0 0 0 0 0 0 65536 0 0 262144 0 0 0 0 0 0 0 0 0 0 0 0 0 0 0 8388608 0 0 0 268435456 16777224 0 256 0 0 0 0 0 0 0 0 33554432 16 0 0 0 0 0 0 0 4 32768 0 64 0 0 264 0 32 131073 0 0 0 0 0 0 0 0 0 0 0 1 0 0 0 0 0 0 1032 0 0 0 256 0 0 0 0 0 0 262144 0 32 0 0 0 0 0 0 0 0 0 0 0 0 0 128 0 0 0 0 0 0 0 0 0 0 0 0 0 0 512 0 16777216 0 32 16400 4194305 16384 0 0 1744830464 65545 0 8388608 436207624 4 67108864 0 135168 0 0 0 21037088 268960768 8192 0 0 0 4096 0 0 4194304 589824 0 0 4 0 0 8192 0 0 0 0 0 0 0 0 0 64 0 0 0 0 0 0 0 0 0 0 0 0 67108864 0 0 0 2228224 0 0 1073741824 0 0 0 0 256 0 32768 0 0 0 0 0 0 0 0 0 33554432 0 0 0 0 0 1048576 0 0 0 0 0 0 0 0 0 0 0 0 0 0 0 0 0 0 0 0 0 0 0 0 0 0 0 0 0 0 8388608 0 0 0 0 0 32 2048 8192 0 131072 0 0 0 0 0 12582912 0 0 2048 0 0 0 0 0 0 0 0 0 0 0 4194304 1049600 0 1048576 0 0 0 0 0 0 0 134217728 1048576 0 0 0 0 0 0 0 0 0 0 0 0 0 0 0 0 0 0 0 32768 8448 134742016 1073741824 0 0 0 8 2097152 20972032 100663296 1 0 2181038081 4294656 0 0 0 0 8388608 16 32 1024 11536384 16400 131088 0 0 655360 0 813760512 0 1207959552 0 0 0 0 0 0 0 0 0 0 0 0 0 0 0 0 0 16777216 0 0 0 0 0 0 0 0 0 0 0 0 0 0 0 0 0 0 0 0 0 0 0 0 65536 0 0 0 0 0 0 0 0 256 0 0 0 0 0 0 0 0 0 0 0 0 2304 0 1048576 0 0 0 0 0 0 0 0 0 0 0 0 0 0 2048 0 0 0 0 0 0 0 0 0 0 0 0 0 16384 0 0 0 0 4194304 0 0 0 0 0 0 0 0 0 0 0 0 0 0 0 0 0 0 50331648 0 0 0 0 0 0 8388608 0 0 0 0 0 1048576 0 0 0 0 0 0 0 0 0 2147483648 1 2826960896 268435456 4106 4194304 0 8 0 21243904 536870912 0 2121728 1207959552 32 52 0 0 0 0 32 16 2155872384 0 4194304 16777216 33554432 0 0 0 570556416 1048576 0 67108864 66048 262144 128 2360354 327684 0 16777216 0 24576 525312 0 32768 0 1081538 1 0 33554500 1140850944 8192 0 67108864 0 0 16384 0 8192 129 48 65536 0 17825792 544 268754944 17301504 0 11535360 2048 128 0 0 2048 0 4194304 2 1073741824 8388608 0 0 0 0 0 0 0 0 0 4 8192 0 0 0 268435456 0 0 0 33685504 0 33554432 0 0 0 0 0 0 0 0 0 0 0 134217728 1048576 0 0 0 0 0 0 64 0 0 0 0 0 0 1024 0 0 0 0 0 8388608 0 0 0 0 0 8 0 0 0 256 8388608 0 0 0 0 34 0 0 0 32 0 0 0 0 0 0 1073741824 256 0 0 0 0 0 0 0 0 0 0 0 536870912 0 0 0 0 0 0 0 0 0 0 0 0 0 0 0 0 0 0 0 0 0 0 0 0 0 0 0 0 0 0 0 0 0 0 0 0 262144 0 32 0 0 0 10 0 0 0 0 2147483648 0 1024 0 0 0 0 524288 33554432 134217728 0 0 0 0 0 0 0 0 0 0 0 0 0 0 0 0 0 0 0 0 2147483648 0 0 0 0 0 0 0 0 0 0 0 0 0 0 0 0 0 0 0 0 0 32768 2147483648 2 0 0 0 0 0 0 0 0 0 0 0 0 0 2097152 0 65536 0 0 0 0 0 524288 0 0 0 0 0 0 0 0 0 0 0 0 0 0 0 128 0 64 0 0 0 131072 0 0 0 2 0 0 0 536870912 0 0 2097152 0 0 0 0 1073741824 0 16384 0 0 0 0 0 0 33554432 0 268435456 4096 256 65536 0 0 0 0 0 0 0 0 0 0 0 1 0 524288 16388 0 0 1024 256 0 0 0 0 0 128 0 0 0 2048 0 0 0 2048 16908288 1073741824 268435456 1 0 0 0 0 335544320 0 0 8320 131525 8389632 0 17833984 32 3225444352 268435456 0 1082368 2048 0 2097152 131072 0 0 4096 1085569 68159488 0 0 4 536870912 1048576 4231168 0 1081344 1544 8192 18350080 0 0 0 33570944 16 705298432 545259521 1073741826 1 0 8 0 4210688 67108864 4194304 2621440 8193 17039360 0 0 0 0 2156150784 0 0 136445952 32768 0 0 4100 0 0 2097152 0 268435456 2098182 537137152 0 33554573 8194 0 0 0 0 67840 4194336 1081344 537133056 134221840 512 268435456 67108866 83918848 0 0 0 0 262144 537395200 2097152 0 3221225472 33025 16777232 0 0 2147483648 98304 1280 32 32768 1181696 134217744 101187584 4194377 8 0 32768 131088 536870912 16384 100663296 4194432 0 134217729 0 65540 0 25165824 16 3221225472 16 0 134873088 0 0 16777216 0 0 0 0 0 0 8388608 262144 0 0 0 67108864 132162 32 0 0 0 0 0 0 0 2048 0 32 0 0 0 0 536870912 512 0 0 67108864 0 0 0 0 262144 0 0 0 0 0 0 0 0 0 0 0 0 256 0 0 0 0 0 0 0 2147483648 0 0 262144 0 0 0 0 0 8388608 0 0 0 0 0 0 65536 0 0 0 0 0 0 0 256 0 0 0 0 0 0 0 262152 0 0 0 0 0 0 1081344 0 0 0 1073741824 0 0 0 0 0 0 0 1024 0 0 0 0 0 0 0 0 0 0 0 0 262148 0 0 8388608 0 134217728 0 0 0 0 0 0 0 0 0 0 0 0 4 0 0 0 0 0 0 0 2 0 16777216 0 0 32768 0 0 0 16384 0 0 2 0 4 32768 0 0 0 262400 0 2097152
is_linear=0
shrinkage=0.1


Tree=37
num_leaves=31
num_cat=21
split_feature=13 3 13 17 14 25 3 29 3 23 3 27 3 13 13 3 3 3 14 3 3 14 29 32 14 13 14 3 32 32
split_gain=67.4361 50.8615 42.1065 38.3291 64.9363 36.1109 134.368 52.4855 42.191 39.7739 91.7865 50.3129 77.7601 43.0414 36.2522 35.2625 34.2324 32.0284 32.3841 70.8687 31.7134 30.2455 30.109 45.8778 29.8298 27.2542 26.4444 26.218 29.0252 25.3713
threshold=0 1 2 5.5000000000000009 3 8.5000000000000018 4 0.068796485662460341 5 1.5000000000000002 6 28.500000000000004 7 8 9 10 11 12 13 14 15 16 -1.0000000180025095e-35 3950.5000000000005 17 18 19 20 3571.5000000000005 646.50000000000011
decision_type=9 9 9 2 9 2 9 2 9 2 9 2 9 9 9 9 9 9 9 9 9 9 2 2 9 9 9 9 2 2
left_child=-1 26 -3 5 -5 8 22 -8 -4 11 -11 13 -13 -10 -12 -6 -15 24 19 -19 -21 -17 23 29 -18 -20 -2 28 -16 -7
right_child=1 2 3 4 15 6 7 -9 9 10 14 12 -14 16 27 21 17 18 25 20 -22 -23 -24 -25 -26 -27 -28 -29 -30 -31
leaf_value=0.091864982980636847 0.051568721058513671 -0.053050845804677664 -0.03243104148979805 0.092855502203271378 -0.053503228430383021 0.18133816146593551 -0.062599158950265674 -0.0061790979568180767 0.056402549985086807 -0.035037689471805376 -0.039316756185494323 0.071541271790640848 -0.075697126449827137 -0.027012218222585545 0.20542667130495335 -0.032708760333448078 -0.032433387607313013 0.057308642153189315 -0.036601269920091904 -0.043317542937762799 0.010315979779921958 0.024144613580726882 0.030381430974775549 0.22643588692409217 0.046201773350264506 -0.00012822353049353613 -0.061750625509127133 0.026373685289659096 0.060678063455548249 -0.035820192269239513
leaf_weight=70.092405591160059 18.020441371481866 136.12056409800425 363.73254814837128 99.485650648362935 68.773765222169459 7.6892740968614843 434.62946528894827 265.66470754006878 128.58913375204429 234.3247727882117 56.409546576905996 38.068219750653952 168.45672387676314 432.01511352229863 14.657396491616963 99.941904715262353 53.692281967960298 304.90932210395113 197.87426435574889 127.20135121792555 551.20808771019801 706.47859045723453 171.22417378565297 21.943622388876975 261.96230855537578 14221.612796132918 178.95904559781775 555.02342781424522 252.44352307729423 17.915057490579784
leaf_count=735 985 5092 8600 1294 1026 44 18126 2369 1732 2415 868 601 7220 8706 87 1476 1187 3235 2537 1823 7976 8829 3920 200 4122 191864 16180 6857 2337 547
internal_value=0.000287112 -7.62932e-05 0.000434071 0.000827252 0.0201653 -0.000170571 -0.019504 -0.0406156 0.00081866 0.00152344 0.0198219 0.00028913 -0.0487583 0.000911372 0.0344608 0.010719 0.000434362 0.00120541 0.000548889 0.0180136 -0.000223434 0.0167843 0.0477484 0.12033 0.0322409 -0.000653751 -0.0493931 0.0399346 0.0661449 0.0293949
internal_weight=20259.1 20189 19992 19855.9 974.68 18881.2 919.066 700.294 17962.2 17598.4 1112.86 16485.6 206.525 16279.1 878.534 875.194 16150.5 15718.5 15402.8 983.319 678.409 806.42 218.772 47.548 315.655 14419.5 196.979 822.124 267.101 25.6043
internal_count=312990 312255 295090 289998 12625 277373 25206 20495 252167 243567 12564 231003 7821 223182 10149 11331 221450 212744 207435 13034 9799 10305 4711 791 5309 194401 17165 9281 2424 591
cat_boundaries=0 89 113 204 212 235 259 281 304 394 483 507 530 554 561 584 607 614 621 712 719 743
cat_threshold=0 0 0 0 2097152 0 0 8 512 0 0 0 0 0 0 0 16 0 0 16384 2147483648 1048576 0 0 0 0 0 1073741824 0 65536 524288 0 0 0 0 0 0 0 0 33685504 8388608 2176 0 262144 0 0 0 0 1073741856 8 0 0 0 80 0 0 0 0 64 0 128 0 0 8388608 0 0 0 2097152 134217728 0 0 0 0 0 8192 0 0 0 262144 4096 0 0 0 0 0 0 512 0 65536 67108864 0 67584 2 16384 4195328 131072 0 0 655360 264 1024 0 436207616 4 0 0 0 128 0 0 308346912 150994945 262720 0 0 0 8 268435456 0 0 0 0 0 0 32768 0 0 0 0 0 0 0 268435456 0 0 0 0 0 0 0 0 0 0 16 0 0 0 0 0 0 0 0 0 0 0 0 1073741824 0 2097152 262144 16384 0 32 0 0 16777216 0 0 0 128 0 0 0 33554432 0 4 65536 8192 0 2 0 33554432 8 0 0 0 0 4 262144 0 16 4 0 0 0 0 0 0 0 16809984 0 32 0 1048576 1120 67117056 4128 738197508 74849 8320 663552 1 1376288768 12582914 1140883456 4194304 0 0 0 4194816 16384 4194560 2097152 1082130432 131328 65536 0 1048576 1024 3221233664 524320 0 2147483648 0 4194304 301989888 2097152 67125248 32 32768 0 135316512 134217728 131072 4211232 16 0 8388608 0 0 1048576 536870912 3221225480 0 0 0 36864 67108864 11264 16941056 8388608 32768 4194569 0 0 2359296 0 16384 0 0 2961178624 708741 1034 0 16777216 2 16384 1 0 0 2048 1073741824 41943044 256 256 0 100802576 4608 0 67108864 33587456 4 1073741824 48 32 0 16777216 544 268476416 0 0 2097152 2147483648 128 0 0 0 0 64 1024 0 268500992 0 4 0 0 0 0 1 524288 0 0 0 0 33554432 0 0 0 16384 0 65536 1048576 0 0 0 0 0 0 8 0 4 0 536870912 32768 64 0 0 0 0 0 0 16 0 128 0 0 0 0 0 0 4194304 0 8388608 16785408 0 0 16 0 0 134217728 0 0 0 0 134217728 0 0 0 32 0 8388608 134217728 0 0 0 0 524288 0 0 0 0 33554432 1048576 1024 0 0 0 0 0 0 0 0 0 0 0 0 0 0 0 0 0 0 0 0 0 0 0 0 2048 64 65536 0 0 0 2048 0 0 0 0 0 0 0 0 0 0 0 0 268435712 0 0 0 268435456 0 0 0 1024 0 0 16384 0 0 0 0 0 0 32768 0 0 0 0 0 0 0 0 0 0 0 0 0 0 0 0 0 0 0 0 0 0 0 0 0 0 1048576 2164260864 0 1073741824 1 536870912 0 0 0 67108864 0 0 780140672 16777224 1028 0 16777216 32 1073741952 83886112 0 2147483648 134217728 0 32 536870912 33554432 8 65536 0 32770 0 2048 0 10489920 262148 0 4194304 32768 0 0 4194320 0 21495856 4194320 2292713472 1048576 2147483648 32768 536870936 0 4097 0 0 16 0 0 4 32768 8224 2147483652 8396808 0 0 131072 541065216 69637 0 1024 134227968 536871440 32769 671090688 524928 8421376 134750240 336340608 1074266368 4223664128 0 4 1082130434 256 0 8 8388608 8388608 67108864 256 538984448 2692743297 591912 65568 0 0 0 8388608 0 2 0 536870912 8454272 16777216 71303168 0 11272 0 262144 537133056 262656 268435456 40960 0 134217728 34128 0 0 0 32 0 2304 2099200 131072 0 4202496 1082441985 33162 2048 302056448 105120260 1605665 80 32 8405250 16777744 134480896 570967140 0 2185232384 256 0 8 0 524288 2097152 0 0 0 16777216 0 0 1024 0 0 0 4 0 0 2147483648 0 0 0 0 0 0 0 0 0 0 16384 0 131072 2097152 0 0 0 0 524288 64 524288 0 0 0 8421376 0 0 0 0 0 0 16777216 0 268435456 0 0 0 262144 1024 0 0 2097152 0 0 0 0 0 0 0 128 0 0 0 0 0 0 2 0 0 65536 2048 0 0 0 0 0 0 0 0 0 144 1074036739 25182240 1610743936 2048 1207964704 0 33685520 671612928 0 4104 0 0 8 0 4483072 0 0 24576 134217728 16777266 48 0 8388608 32 8388608 4718592 0 2148040832 0 0 16777216
is_linear=0
shrinkage=0.1


Tree=38
num_leaves=31
num_cat=24
split_feature=15 13 3 3 13 15 14 3 3 28 3 15 25 3 25 15 3 25 28 14 3 3 3 15 13 15 3 14 14 27
split_gain=63.7231 60.6857 52.1121 47.9566 43.9454 37.282 31.5963 90.62 39.8741 31.1132 88.9254 67.8665 49.4149 49.3533 48.8422 94.9261 103.403 82.4101 82.286 79.9341 72.1782 65.6133 49.9033 44.6837 41.729 43.212 38.8535 42.0296 38.9745 41.9179
threshold=0 1 2 3 4 5 6 7 8 10.500000000000002 9 10 1.0000000180025095e-35 11 1.0000000180025095e-35 12 13 5.5000000000000009 1.0000000180025095e-35 14 15 16 17 18 19 20 21 22 23 3.5000000000000004
decision_type=9 9 9 9 9 9 9 9 9 2 9 9 2 9 2 9 9 2 2 9 9 9 9 9 9 9 9 9 9 2
left_child=3 -2 -3 -1 -4 -6 7 -7 -8 14 -11 -12 13 -13 21 -16 -17 18 19 -18 -19 -10 -21 -23 -25 -26 27 -27 -28 -30
right_child=1 2 4 -5 5 6 8 -9 9 10 11 12 -14 -15 15 16 17 20 -20 22 -22 23 -24 24 25 26 28 -29 29 -31
leaf_value=0.0087225955635385523 0.081723652720854759 -0.048964940322699158 -0.050170462777083362 0.13860431015638461 -0.038463061452269333 0.064454559312277213 -0.05357704760229174 -0.040245777988652587 -0.042213496726391575 0.049904591921044933 0.061669508921101047 -0.035614041886833418 -0.038266283988050216 0.010971922472186289 0.095107438210322776 0.090234757895376494 -0.046148520100194046 0.015504396137945069 -0.015885070021048019 -0.019122515754013782 -0.040410481795719266 -0.028771889135636719 0.047210232624631726 0.04684054428685986 0.047752655856518535 0.086650149469925206 0.019957672570834237 0.013835923156018929 -0.00043509478139659973 -0.025503000310796282
leaf_weight=69.738506317138672 78.22719870461151 217.69447691878304 169.02645923802629 49.770427010953426 244.00831947755069 90.739749845117331 123.86993030784652 481.98300528619438 346.40638904040679 213.31016298942268 95.54343038238585 342.76511173136532 888.00453695189208 632.24143312359229 128.79418105445802 143.15664791222662 112.65974013600498 382.03281212318689 498.76913001947105 126.55803902447224 563.83086041919887 467.41803776565939 1023.433506726753 197.79224386252463 190.10794957261533 84.067479950375855 856.17426198348403 596.54345029359683 10118.54541808553 714.13612888334319
leaf_count=716 789 15796 5798 308 3739 1057 6645 14401 8538 2557 1085 3980 20939 7935 1087 2158 1450 4785 7533 1136 17318 6004 14442 2441 1641 873 9816 8913 123837 15622
internal_value=-0.000583222 -0.00103232 -0.00139579 0.0693386 -0.000849205 -0.000399942 9.7891e-05 -0.0228361 0.000806581 0.0011948 -0.0100579 -0.0167578 -0.0210876 -0.00565819 0.00267218 0.0142666 0.0102443 0.00569804 0.0185042 0.0320886 -0.0180899 0.000126897 0.0398083 0.00126691 0.00238918 0.00165244 0.000905914 0.0239542 -0.000455456 -0.00208575
internal_weight=20247.3 20127.8 20049.6 119.509 19831.9 19662.9 19418.9 572.723 18846.2 18722.3 2171.86 1958.55 1863.01 975.007 16550.4 2979.23 2850.44 2707.28 1761.42 1262.65 945.864 13571.2 1149.99 13224.8 12757.4 12559.6 12369.5 680.611 11688.9 10832.7
internal_count=313339 312315 311526 1024 295730 289932 286193 15458 270735 264090 36496 33939 32854 11915 227594 49909 48822 46664 24561 17028 22103 177685 15578 169147 163143 160702 159061 9786 149275 139459
cat_boundaries=0 162 247 270 283 374 538 545 568 592 615 766 787 948 972 979 1002 1026 1049 1204 1295 1434 1456 1463 1470
cat_threshold=16777216 0 65536 0 0 67108864 134217728 0 0 2048 0 0 0 0 0 0 0 32768 0 1073741826 0 0 0 128 0 0 4194304 0 0 0 0 0 0 0 0 0 0 0 0 0 0 0 0 0 0 0 0 65536 4 0 0 0 0 0 0 0 0 0 0 0 0 0 0 0 0 0 0 0 0 0 0 0 0 0 0 0 0 0 0 0 0 0 0 0 0 0 0 0 0 0 0 4 0 0 64 0 0 8 0 32 0 1073741824 0 0 0 0 2097152 0 0 0 0 0 1 0 0 0 0 0 0 1032 0 0 268435456 0 0 0 0 0 0 0 0 0 0 0 0 524416 0 0 0 0 0 0 0 0 0 0 128 0 0 536870912 0 1024 0 0 2048 0 0 0 0 0 1048576 512 0 0 0 2 0 0 0 0 33554944 0 2097152 0 134217728 0 0 0 16 0 0 16 0 2048 0 0 0 2048 0 0 0 65536 0 0 2 512 0 16777216 4 16777216 0 33554432 0 1 0 262144 0 0 16777216 0 32 0 0 0 0 64 0 0 0 0 0 0 0 32768 0 8388608 0 0 0 2097152 0 0 0 0 8192 0 131072 64 0 131072 0 0 0 0 524288 0 32768 0 16777216 196608 0 16 8388612 536903680 8388608 0 1074266176 9 0 1090535424 436207616 4 2 0 0 2147483648 0 1073741824 272891936 132168 0 1 0 2 0 0 0 0 536870912 0 0 8388608 9437202 256 0 0 8 64 512 0 0 0 65536 0 0 128 0 0 0 0 0 0 0 0 0 0 0 536870912 0 0 0 0 0 0 0 2048 0 0 0 0 0 131072 0 0 0 0 1073741824 0 10485760 262144 16384 0 0 0 0 16777216 2 0 0 128 0 0 268435456 512 0 4194304 65544 0 0 2 0 0 0 0 0 0 0 0 262144 0 16 4 65536 0 0 0 2052 0 0 0 0 32 8388608 16 0 0 2048 1073741952 0 516 0 0 0 0 0 0 0 0 0 0 0 0 0 0 0 0 268435456 0 0 0 0 262144 0 0 0 0 0 0 0 0 0 0 0 32 8388608 0 0 1073741824 0 0 0 0 0 0 1073741824 0 0 0 0 0 0 0 0 2 33554432 0 0 16777216 0 0 2359296 0 0 0 0 0 0 0 0 0 0 134217856 0 0 0 0 0 0 0 1073741824 0 0 0 0 0 0 0 0 0 0 4096 0 0 536870912 0 0 0 0 0 0 0 0 0 0 0 0 0 0 0 0 0 0 0 0 0 0 0 0 0 0 33554432 0 0 1040 0 0 0 0 0 0 0 0 0 0 1048576 0 0 64 0 0 1024 0 0 4194304 0 0 0 262144 0 0 0 0 0 0 32768 0 0 8256 42598400 2147483650 135268432 301990144 2 4243456 1073750032 131072 0 1082130432 4194560 0 0 33554948 536870912 16384 0 16384 0 1311122 262144 0 0 4 276824064 285212672 1048592 137397376 0 256 69337088 2097152 1088 32 49152 4456448 16388 570425344 1179648 135168 4 0 0 0 0 268566528 8 0 0 0 0 16842752 6144 2120 2147483648 1048832 8392706 1024 0 16 1 0 0 0 0 0 32896 69712 0 134217728 516 545275904 128 2 2228224 8192 8388608 0 4194304 8192 131072 536870912 128 1073741824 0 0 0 0 0 0 0 0 0 0 0 0 0 0 0 0 0 16777216 0 0 512 33554432 0 0 0 0 0 0 0 0 0 0 0 0 0 16 0 0 0 0 0 64 65536 0 0 0 0 0 0 0 0 0 0 0 0 0 0 0 0 268435456 0 0 0 0 0 256 49152 0 0 0 0 0 16 524288 0 0 0 0 0 0 0 0 0 8388608 0 1 0 0 0 0 0 0 0 0 537395456 16384 536870912 0 0 0 0 0 0 0 1073741824 0 0 0 0 4 0 0 0 8388608 0 0 0 0 65536 0 0 0 0 0 0 0 0 0 0 0 8192 0 0 0 0 0 0 0 0 0 0 0 0 128 33587200 8388610 1073774592 1 0 0 0 4456448 0 0 538976256 310378496 7473427 0 0 8192 0 0 268436480 0 1024 0 1048576 0 4096 8390656 0 1073741824 0 0 0 0 0 0 0 0 0 0 0 0 0 0 0 0 0 16777216 0 33554432 0 33554432 0 0 524288 0 0 0 0 0 65536 0 0 0 0 0 0 0 0 0 256 0 0 0 0 0 0 0 0 0 0 64 0 0 0 0 0 0 0 0 0 16779264 0 0 2080 0 0 0 0 0 16 0 16 524288 0 0 0 0 0 0 0 0 0 0 0 0 0 0 0 0 0 0 4 0 537395200 0 0 0 0 0 4194304 0 0 0 0 0 0 0 524288 0 0 0 0 0 0 0 256 0 0 0 536870912 0 0 0 0 0 0 0 0 0 0 0 0 0 0 0 0 10 0 0 0 0 0 0 262144 0 0 0 0 0 0 0 0 16384 3255304192 276824064 8 0 0 0 0 16777216 0 4194304 262144 134217729 0 0 0 1048576 0 2147483648 524296 0 128 1048576 128 32769 4491330 671089165 1073742336 73734 2285961760 8192 1068096 32768 100663296 1140883712 4194304 0 0 4194304 4456448 16384 0 2097152 3229614080 131104 65540 0 0 1024 1073750016 1056 0 2222982144 0 4194304 1107298304 33554432 4 0 0 0 2 0 0 4210944 524288 1 128 65540 0 1048576 4194304 2147483648 128 0 128 134217728 43524226 4227072 0 4194304 67141632 4197376 0 0 0 270336 0 0 0 603980928 570462208 9216 0 0 52 0 272629760 4194304 2147517440 0 32 0 1048576 131072 135168 0 0 0 67108864 0 134217728 0 0 0 8192 0 0 0 0 0 0 0 0 0 0 16777216 0 4 0 32 0 4194304 524288 0 0 0 0 0 65536 0 0 0 0 0 0 16 0 0 0 0 0 0 0 0 0 0 0 0 0 0 0 0 0 0 0 0 0 0 0 16780288 0 0 2304 8388608 16384 0 0 0 0 0 0 524296 0 0 0 0 0 0 0 0 2048 0 0 0 0 0 256 0 0 0 0 0 536870912 0 0 0 0 0 0 0 0 0 0 0 0 0 524288 67108864 0 0 0 0 0 0 0 0 0 0 0 0 0 262144 0 0 0 0 0 0 0 0 0 0 0 0 0 8 0 0 0 0 0 0 0 0 0 262144 0 0 0 0 0 0 16 0 0 36 0 0 0 0 0 0 1048576 0 0 0 0 0 0 0 0 0 1 1024 0 0 139264 0 0 0 8 33554432 0 0 2 0 0 0 0 268435712 0 4 0 0 0 524288 16384 16777216 0 0 0 32 4194312 0 0 16777216 0 0 16 0 0 2 1 0 134217728 2048 0 0 0 0 0 0 0 0 32 8 0 0 0 0 0 0 131072 0 0 1073741824 2 0 262144 2 0 8388672 16384 0 0 131072 0 0 0 0 0 0 0 0 0 0 0 0 0 0 0 4194304 0 256 256 0 0 0 0 0 0 0 0 128 0 0 0 0 0 0 8388608 0 268435456 4 0 0 0 0 2 0 0 0 1 0 0 0 268435456 0 0 0 0 0 2097152 0 0 0 0 0 0 0 0 0 0 0 34 0 0 0 0 0 0 0 0 0 0 0 128 0 0 268435456 0 0 0 0 0 262144 0 0 16 0 1207959552 32768 0 0 0 0 0 0 0 0 0 0 0 0 0 0 0 33554432 0 0 0 2 0 0 1073741824 0 0 0 0 0 0 0 0 66 0 4 134217728 18 16777216 0 0 33554440 1073741840 8192 0 0 8192 1024 2717908993 16785408 0 134217728 536936448 4194304 268507140 6291488 32 536870912 2147483648 134217744 0 0 16452 524288 16777216 1616119808 537395712 12648456 2818582532 411042305 133248 272632896
is_linear=0
shrinkage=0.1


Tree=39
num_leaves=31
num_cat=17
split_feature=15 13 15 20 15 13 13 25 29 27 15 1 15 13 15 6 15 25 24 13 15 15 24 25 30 24 19 16 16 15
split_gain=72.0186 53.7389 45.8008 37.4644 97.6493 45.6269 35.1332 31.2644 39.9158 35.3255 34.101 35.336 31.2378 30.6015 30.2322 29.7892 48.1668 47.5293 53.5265 31.0076 30.1416 28.2591 26.3773 25.5175 29.6101 57.2797 28.6696 28.2292 23.0873 60.8573
threshold=0 1 2 0.082482084631919875 3 4 5 86.500000000000014 0.077935222536325469 18.500000000000004 6 7 8 9 10 11 12 64.500000000000014 0.033000033348798759 13 14 15 -1.0000000180025095e-35 4.5000000000000009 0.027370605617761615 -1.0000000180025095e-35 1.0000000180025095e-35 8.5000000000000018 9.5000000000000018 16
decision_type=9 9 9 2 9 9 9 2 2 2 9 9 9 9 9 9 9 2 2 9 9 9 2 2 2 2 10 2 2 9
left_child=-1 -2 -3 4 -4 -6 -5 8 9 10 -7 -12 -8 -14 -15 19 -17 -18 -19 -13 -21 -22 -11 -23 25 26 27 -25 -16 -30
right_child=1 2 3 6 5 7 12 -9 -10 22 11 15 13 14 28 16 17 18 -20 20 21 23 -24 24 -26 -27 -28 -29 29 -31
leaf_value=0.093138023372818124 0.082065637031042152 0.072708734968979491 0.14598992830443253 -0.047864099965050998 0.050561737530833567 -0.05237052830702478 0.046307719715473705 -0.076059269139242824 0.050219175833048739 -0.080028193100382852 -0.050057474894003785 -0.039973150551100414 0.033119573378435553 -0.032362771701897629 0.0039346136216973204 0.067875752599771452 -0.024710209151028784 -0.0095741600726403659 0.73048791145906955 0.061005343415916007 -0.064206772440176488 0.0038056545180247072 -0.022252876354969305 0.27239410292439314 -0.054399864835006417 -0.044846200952143478 -0.087656856325322732 0.06304429499103964 0.058820196670543383 -0.0092716986625573389
leaf_weight=72.663859321735799 68.725400367286056 74.595733026042581 31.081149244681001 131.27040131576359 117.05557158496231 160.80553200794384 149.21801342442632 71.070444441400468 110.40411453926936 115.71838338626549 172.63242957089096 180.40075530204922 294.21238534990698 255.58911965694278 10335.328006699681 51.971076171845198 1132.5195669238456 2.1762913721613582 1.7739327959716318 73.029160586185753 57.161505789496005 3065.3420520378277 249.18245925102383 13.151988326106226 163.21362024685368 52.434892342425883 5.194145484827458 12.622867461759595 127.86927604489028 2798.3911054842174
leaf_count=588 841 698 279 1346 3232 5205 989 6491 1759 8884 9189 5824 2415 4520 85390 888 35111 225 17 1392 1343 85690 11454 488 7823 4388 257 382 1040 24324
internal_value=-9.7844e-06 -0.00039316 -0.000717293 -0.00102843 -0.00776436 -0.00882336 0.00176186 -0.0101314 -0.00931569 -0.0105087 -0.00837611 -0.00683775 0.00226115 0.00175211 0.0010454 -0.00518628 -0.0189353 -0.0232974 0.322767 -0.000690003 0.00148063 1.36503e-05 -0.0405747 0.00131198 -0.02963 0.0188422 0.126676 0.169868 0.00171317 -0.00612695
internal_weight=20146.8 20074.1 20005.4 19930.8 5838.94 5807.86 14091.9 5690.81 5619.73 5509.33 5144.43 4983.62 13960.6 13811.4 13517.2 4810.99 1188.44 1136.47 3.95022 3622.55 3442.15 3369.12 364.901 3311.96 246.618 83.4039 30.969 25.7749 13261.6 2926.26
internal_count=312472 311884 311043 310345 190321 190042 120024 186810 180319 178560 158222 153017 118678 117689 115274 143828 36241 35353 242 107587 101763 100371 20338 99028 13338 5515 1127 870 110754 25364
cat_boundaries=0 161 252 389 552 642 733 894 895 1050 1141 1293 1294 1455 1547 1708 1867 2004
cat_threshold=0 0 0 0 0 0 0 0 0 2048 0 0 0 0 0 0 0 0 0 0 0 0 0 128 0 0 4194304 0 0 0 0 0 0 0 0 0 0 0 0 0 0 0 0 0 4096 0 0 0 0 8388608 0 0 1073741824 0 0 0 0 0 0 0 0 0 0 0 0 0 0 0 0 0 268435456 0 0 0 0 0 0 0 32768 0 0 0 0 0 0 0 0 0 0 128 0 132 268468224 0 0 131072 0 0 0 32 0 0 0 0 0 0 2097152 0 0 0 0 1073741824 134217728 0 268500992 0 0 0 0 8 0 0 0 8388608 0 0 0 0 0 0 0 0 4194304 0 0 0 4194306 0 0 0 0 0 0 0 0 0 128 0 0 0 0 0 0 0 0 0 0 0 0 268500992 1048576 0 0 0 0 0 0 0 0 64 0 0 0 134217728 0 0 128 0 0 0 0 0 1048576 0 0 0 0 0 1073741824 0 0 524288 0 2 0 0 16777216 0 0 536870912 131072 0 1 0 0 0 0 0 0 1073741824 0 0 0 0 0 0 0 0 0 0 0 0 0 0 8404992 0 0 0 2228224 0 2176 0 0 0 0 139296 0 0 0 0 4096 0 128 524288 0 268435456 0 1311232 0 65536 0 64 0 0 0 0 0 0 0 0 0 134217728 0 0 0 0 0 0 0 0 0 1073741824 0 0 0 16777216 0 0 0 1073741824 0 0 0 0 0 8192 0 0 16777216 0 0 0 0 0 0 0 0 0 4 0 4 0 0 2 0 0 0 0 0 0 0 268435456 0 0 0 134217728 0 0 0 0 0 0 0 0 32 0 0 0 0 2147483648 512 0 0 0 33554432 0 0 0 0 1073741824 0 0 0 0 0 0 0 0 0 8 0 0 1 0 0 0 0 0 0 4198400 0 0 0 0 1 0 0 16384 0 0 0 0 0 0 268435456 0 256 65536 0 0 8 0 1 0 1056 0 0 0 16777280 0 0 0 0 0 0 0 0 0 0 0 0 0 0 0 0 0 0 0 0 16 0 0 0 0 128 0 0 0 0 0 0 0 0 0 0 0 0 0 0 0 1048576 0 0 524288 301989888 0 0 0 16384 0 0 0 0 1048576 0 0 0 0 2147483648 0 0 67108864 0 0 0 0 0 0 0 0 0 0 1 0 0 0 0 0 16 0 0 0 0 0 3072 0 0 0 0 0 0 0 0 0 0 0 1073741824 0 536870912 0 0 0 128 0 0 0 0 0 0 0 0 0 0 0 0 0 0 0 0 4718592 16384 0 0 0 0 0 0 0 0 262144 0 0 0 4096 0 0 8192 0 0 139264 0 0 0 0 0 0 0 0 0 0 0 0 256 0 0 0 2147483648 0 0 0 0 128 0 0 0 0 524288 16 134217728 0 512 0 67108864 0 0 32768 0 0 4 0 0 0 0 2048 0 0 0 0 0 1024 0 0 2147491840 0 0 268435456 0 512 0 0 524288 0 0 0 0 0 8388608 0 0 256 0 0 0 16777216 0 0 0 0 0 0 1088 131072 262160 0 0 0 8192 16384 0 0 0 0 134217728 0 0 0 0 0 0 4194304 0 0 67108864 4096 0 0 0 32768 0 4096 67108864 1073741824 256 262144 0 2 0 0 0 0 0 0 67108864 0 0 0 0 524288 4 0 0 512 0 67108864 0 0 0 0 0 1028 0 2048 8192 0 0 0 0 0 64 0 524288 268435456 0 0 0 0 0 0 0 16384 0 0 0 67108864 0 268435456 0 0 0 128 64 0 0 0 0 8 0 0 65536 0 33554432 0 134348800 0 0 0 0 0 0 1040 0 0 0 0 0 0 0 0 0 0 67371008 0 512 0 0 0 0 0 0 8388608 0 0 0 0 0 0 40960 1048576 0 0 0 0 0 0 16384 0 0 0 0 0 0 131072 0 0 0 0 0 0 1048576 0 0 0 0 0 0 0 8388608 16 0 0 0 64 0 0 0 0 0 0 1024 8192 0 0 0 0 0 0 2147483648 262144 0 0 0 0 0 0 0 0 0 0 0 0 0 65536 0 0 0 0 0 0 0 0 0 0 268500992 8388640 0 0 0 0 0 0 0 0 0 0 0 0 0 0 8192 0 0 0 1024 0 0 0 0 0 8388608 0 0 0 0 16384 0 0 0 0 0 50331648 1073741824 0 16 0 0 0 0 0 0 0 0 0 0 0 0 0 0 0 0 0 0 0 536870912 0 0 0 4096 0 0 0 0 0 0 32768 41705561 65536 0 4160 8392704 4194304 0 8388608 0 0 0 256 0 0 0 0 0 0 0 0 0 0 0 0 0 0 0 0 0 0 0 0 0 2 0 0 0 128 262144 0 0 0 0 0 8388608 0 0 0 0 0 0 0 8192 0 8192 0 0 0 0 16708 0 0 0 0 0 0 0 512 0 0 0 0 8 0 256 0 0 0 0 0 0 0 0 0 0 0 0 0 0 0 0 0 64 0 0 0 524288 0 262400 0 0 0 0 0 0 0 0 0 0 0 0 0 0 0 16384 0 0 0 0 0 8192 0 4096 0 0 0 0 16777216 0 0 0 0 33554432 0 0 0 0 0 0 0 32768 0 0 0 0 0 0 0 0 0 0 0 0 0 0 2048 0 0 0 0 0 0 0 268435456 33554432 16785408 0 0 0 131072 0 16777216 0 0 0 2621440 0 0 0 0 536870928 0 0 0 0 0 32768 0 0 0 0 0 4 0 0 32768 2097152 128 0 0 32768 0 0 268435456 0 0 0 134217728 16777216 128 16384 256 0 0 0 0 0 0 4 0 0 0 0 0 0 0 65536 0 16777216 0 0 64 0 0 288 0 2080 0 0 0 0 0 0 0 0 0 2 0 0 0 0 0 64 4194304 67633184 0 1048576 0 0 0 0 0 0 0 0 0 0 640 0 0 0 0 0 4 0 2097152 0 0 8 0 0 0 0 0 0 0 0 0 0 0 0 0 0 0 0 8 16777216 0 0 0 0 0 0 0 4096 0 0 0 0 0 0 0 0 0 0 1024 2147483648 0 256 8388608 0 0 0 0 0 0 0 524288 0 0 0 0 67633152 0 0 0 0 0 0 0 0 0 0 4096 0 0 0 0 0 0 0 0 0 0 0 0 0 16 0 268435456 0 0 0 0 0 0 4195328 0 0 0 0 0 0 0 0 0 1024 0 0 0 0 0 0 0 0 0 0 1048576 16 0 0 0 0 256 0 0 0 0 536870912 1 0 0 0 0 0 0 1073741824 0 0 0 0 0 0 131072 0 0 256 0 32768 0 0 0 268435456 0 0 0 0 0 0 0 0 0 0 0 0 0 0 262144 0 32 16384 0 0 0 0 0 0 65536 0 0 0 0 0 0 0 0 0 0 65536 2 0 0 0 0 0 0 0 0 65536 0 0 0 0 524288 0 0 1 0 0 0 8192 0 16384 0 0 0 0 0 0 0 0 0 0 0 0 0 0 0 393220 0 0 8388608 8192 0 0 0 0 0 2164260864 0 0 0 0 0 0 0 0 0 0 33554432 0 8 0 0 0 0 0 0 0 1048576 0 0 0 0 0 1073741824 0 0 0 0 0 0 0 0 256 0 0 0 0 0 0 0 0 0 128 0 0 0 0 0 8388608 0 0 0 1024 80 0 0 0 0 603979776 0 0 0 524288 0 16777216 0 0 64 0 0 0 0 0 536870912 0 0 0 0 0 32768 0 4 0 0 0 4 0 0 0 0 132 0 269484032 32768 1048576 0 268435456 0 128 0 0 0 128 0 0 4194304 0 0 8192 0 0 0 0 0 0 8 67108864 0 0 0 32768 0 0 0 0 4 0 0 0 0 0 0 0 0 0 16777216 0 1048576 0 16 1 0 0 0 64 0 0 524288 0 0 2 0 0 0 0 0 0 0 64 0 0 0 0 0 0 0 0 256 0 0 0 0 0 0 0 0 0 0 65536 0 0 0 0 16 0 0 0 0 0 0 0 0 0 0 0 0 0 0 0 0 0 0 0 0 0 0 0 0 0 65536 0 0 0 0 1048576 0 0 0 0 0 0 4 0 0 1073741824 0 0 0 0 0 0 8 16384 1 0 0 0 0 0 524288 0 0 16 0 0 524288 0 0 0 0 0 0 0 0 2147483648 0 0 0 64 0 0 1048576 0 0 256 2 0 0 0 0 0 0 0 0 0 0 0 0 0 4 0 0 0 0 0 8 0 0 2048 0 0 1 0 0 0 1024 256 0 0 0 0 1 0 0 0 0 0 0 16384 0 0 0 0 0 0 147456 0 0 0 0 32768 0 0 0 268435456 0 0 0 0 0 0 0 0 0 0 0 0 0 0 262144 0 32 0 0 0 0 0 262144 0 0 77594624 0 0 0 0 0 0 0 0 2147483648 64 0 0 0 0 0 0 0 0 2097152 0 0 0 0 0 0 0 0 0 0 0 0 0 64 0 0 0 0 0 0 0 0 128 0 0 0 0 0 0 256 4 0 0 0 0 0 0 0 0 0 2164260864 0 0 0 0 0 0 0 67108864 0 0 0 0 8 0 0 32 0 0 0 0 1048576 0 0 0 1073741824 0 0 0 0 2 0 262144 0 0 0 0 33554432 0 0 0 0 128 0 0 0 128 0 0 0 33554432 0 0 34078976 0 277057600 0 0 0 8192 8192 0 0 0 0 0 0 0 0 0 0 16 0 0 0 0 0 0 256 33554432 0 0 0 0 0 0 0 0 0 0 0 0 0 0 1073741824 0 0 0 0 0 4096 0 32768 0 0 0 0 0 0 0 0 0 0 0 16777216 0 0 268435456 0 16777216 0 0 0 0 0 0 0 0 32 0 0 0 0 0 0 0 0 0 268435456 0 0 0 0 0 0 0 0 0 0 0 0 0 0 0 536870912 2048 0 0 0 0 0 0 0 0 0 0 0 0 0 0 0 8388864 0 0 0 0 0 0 0 0 0 0 0 0 33554432 0 0 16384
is_linear=0
shrinkage=0.1


Tree=40
num_leaves=31
num_cat=22
split_feature=15 3 13 13 15 3 13 15 25 3 13 3 17 3 15 3 22 30 19 3 13 15 3 13 3 32 3 30 15 22
split_gain=57.9732 46.583 41.6415 41.0372 33.5723 26.9766 26.5501 27.1805 29.7333 28.0714 28.8808 27.52 24.9576 46.6556 29.2108 29.6023 28.285 29.8145 27.8468 54.2106 52.4811 34.4436 33.0373 33.0031 25.2269 26.3927 24.9575 24.4404 24.0582 23.0725
threshold=0 1 2 3 4 5 6 7 100.50000000000001 8 9 10 4.5000000000000009 11 12 13 -1.0000000180025095e-35 0.057892983779311187 44.549999237060554 14 15 16 17 18 19 4111.5000000000009 20 0.092654295265674605 21 1.0000000180025095e-35
decision_type=9 9 9 9 9 9 9 9 2 9 9 9 2 9 9 9 2 2 10 9 9 9 9 9 9 2 9 2 9 2
left_child=-1 -2 -3 -4 -5 -6 -7 -8 9 -9 11 -11 14 -14 -12 16 17 -16 21 -20 27 29 -22 -23 25 -15 -25 -21 -28 -17
right_child=1 2 3 4 5 6 7 8 -10 10 12 -13 13 24 15 18 -18 -19 19 20 22 23 -24 26 -26 -27 28 -29 -30 -31
leaf_value=0.06825982925498536 -0.053370832574045318 0.075326262336152597 -0.051749427980503797 -0.041414492530945868 0.02693316877708786 -0.048056395191198087 0.037983872224405191 -0.034194922385443978 -0.059933006021208171 -0.021060542304177275 -0.034203968260204623 0.072400129931901508 0.030824127211792663 -0.068300771744922398 -0.052241819072189936 0.015787293791684861 -0.031220881976469307 0.035615954738521818 0.057877304844847634 0.008070936271802354 -0.032931900099053828 -0.049178637437062446 0.012067806471964735 -0.021586237640458895 0.0036021179092057885 0.052641143965377217 -0.035115485581470436 0.075838691011495957 0.00025802913780723275 0.077855162966595282
leaf_weight=112.52310067042708 156.7532569123432 62.552532587200403 145.45393224572763 185.36932004615664 361.56721818540245 105.57538031414151 176.72263528220356 228.31785070896149 83.404299141373485 43.991883337497711 254.44764319388196 97.379015361424536 713.09388971747831 99.918073950801045 52.403585199266672 209.03498264541849 572.98813190124929 146.8994094338268 228.12076151790097 92.485363744199276 321.91288409987465 134.40743817575276 315.37532140035182 561.77978663891554 985.33778740419075 22.02049776352942 185.09253297187388 125.34548928029835 13275.883277821355 83.941021895036101
leaf_count=1216 9325 772 5238 3425 5169 2159 1460 8616 5262 458 2791 1497 8664 1416 1689 3164 11491 1702 3029 1914 4007 1982 5376 14562 13336 238 2617 888 187999 1512
internal_value=-0.000318002 -0.000737015 -0.000295171 -0.000571863 -0.000167169 0.000246437 -0.000272147 1.83531e-05 -0.00035786 -9.30496e-05 0.000345598 0.043847 -1.26474e-05 0.0111015 -0.00123437 -0.000698482 -0.0196792 0.0125151 0.00025726 0.0157216 0.003755 -0.000901834 -0.0108205 -0.00161408 -0.00186165 -0.0429389 -0.00112346 0.0450004 -0.000254074 0.0324624
internal_weight=20140.1 20027.6 19870.8 19808.3 19662.8 19477.4 19115.9 19010.3 18833.6 18750.2 18521.9 141.371 18380.5 1820.37 16560.1 16305.7 772.291 199.303 15533.4 1083.24 855.119 14450.1 637.288 14157.2 1107.28 121.939 14022.8 217.831 13461 292.976
internal_count=312974 311758 302433 301661 296423 292998 287829 285670 284210 278948 270332 1955 268377 23654 244723 241932 14882 3391 227050 15214 12185 211836 9383 207160 14990 1654 205178 2802 190616 4676
cat_boundaries=0 161 185 265 356 517 541 629 789 813 904 926 949 1110 1134 1153 1244 1405 1428 1519 1542 1565 1728
cat_threshold=1 0 8192 0 0 67125248 524288 0 0 0 0 0 0 0 0 0 0 0 32768 0 0 0 0 128 0 0 0 1073741824 128 0 0 0 0 0 0 0 16777216 0 0 0 0 0 0 0 4096 0 4 0 0 0 2147483648 0 0 0 0 0 0 0 0 0 0 0 0 0 0 2097152 0 0 0 0 0 0 32 0 0 0 0 0 32768 0 0 0 0 16 0 2048 0 1073741824 0 0 0 132 0 0 64 0 0 256 0 32 131072 0 0 0 0 0 2097152 0 0 0 0 0 1 0 0 0 0 0 0 0 0 0 0 0 0 0 0 0 0 1073741824 262144 0 0 0 0 0 0 0 0 0 0 0 0 0 0 0 128 0 0 0 0 1024 0 0 0 0 0 0 0 0 16384 0 0 2112 0 536870912 4194308 16384 0 262144 134217792 40 536870912 0 33556480 4 67108864 0 0 0 0 0 21823520 1143078913 256 0 0 0 0 2097152 0 16 8 64 0 0 0 134217728 0 0 0 16 0 0 0 33554432 1048576 0 0 0 2048 4096 1024 0 0 524288 0 0 268435456 0 0 0 0 0 131072 0 1 0 0 0 0 0 0 0 0 0 16777216 0 64 0 0 0 0 0 0 262144 32768 0 16384 0 0 0 0 0 0 0 0 8192 0 8224 0 0 0 0 4096 256 0 0 1032 268435520 512 0 0 0 65537 0 0 0 0 0 0 0 0 64 268435456 2 0 0 0 0 0 0 0 0 0 0 0 0 1024 0 0 0 0 0 0 0 0 0 0 0 2097152 262144 0 0 0 0 0 16777216 1073741824 0 32 128 0 0 32 0 0 0 65536 0 0 2 0 0 8 0 0 0 0 0 0 0 2097168 4 0 16777216 0 0 0 16384 0 4194304 0 32 8388608 1048592 0 0 0 2107392 16777216 128 0 0 524288 0 0 0 0 0 0 0 0 0 0 524288 0 0 0 0 8388608 0 0 0 0 0 0 0 8 0 0 1048576 0 0 0 0 8388624 0 0 0 0 0 0 0 256 0 32768 0 0 1024 0 0 0 0 0 0 0 0 0 67108864 0 0 0 0 0 2147483648 0 0 0 0 65536 0 0 65664 0 0 0 0 0 0 0 0 0 0 0 0 0 2048 0 0 0 0 0 0 0 0 0 0 0 32 2147483648 0 0 0 0 0 0 0 0 0 0 0 2048 0 0 0 0 0 0 0 0 0 33554432 0 0 16 0 0 0 0 0 0 134217728 0 0 0 1048576 0 0 0 0 0 0 32768 0 0 0 0 0 0 0 0 0 0 0 0 32768 1073774592 536870920 16777216 2048 0 50331648 1075838976 1024 65536 0 0 0 0 32768 0 0 2228224 4456576 268636168 7340066 1075838976 134217728 0 16777216 0 262144 0 0 0 256 0 0 0 0 0 0 128 2 0 0 0 0 0 0 0 67239936 0 0 536870912 0 0 36 0 0 0 0 2048 0 0 0 64 262144 4 64 0 0 0 67108864 0 8388608 0 16384 0 0 536870912 32 0 0 0 0 0 0 0 268435456 0 0 4194304 8 2097152 0 0 0 64 0 0 0 0 134217728 0 262144 0 0 288 0 0 0 0 0 524288 4194304 0 8388608 0 67108864 131072 0 0 0 0 0 0 4196352 0 0 0 0 0 0 0 0 0 0 0 0 0 0 0 0 0 0 4 0 0 0 0 0 0 0 0 0 0 0 0 0 16 0 0 0 0 65536 4 32768 0 33554432 0 0 0 0 0 0 16384 0 0 0 524288 0 0 0 8388608 0 16777216 0 0 16384 0 256 0 0 0 0 0 0 0 0 0 0 0 0 0 0 0 0 32 0 0 0 0 0 0 262144 0 0 0 16 0 1073741824 0 0 0 131072 0 0 0 0 0 0 268500992 0 0 0 0 8 0 4096 0 0 0 0 0 0 0 0 0 0 1024 33554432 0 32768 16777216 0 0 0 32 0 0 0 0 0 0 0 0 0 0 0 0 0 0 0 0 0 2048 268435456 75497600 2097152 16384 131104 0 524289 16777218 167772160 0 84018304 32784 0 4194304 8192 0 0 0 536870912 0 0 134217728 33554432 1053704 11264 2 0 0 2 0 0 0 0 33570816 32 128 0 0 0 0 0 0 128 0 16384 2147483648 0 0 0 16384 0 0 0 0 0 0 0 0 0 0 16777216 4 0 0 33554432 0 128 0 0 0 0 0 16 32 0 16384 0 0 268435456 0 0 0 0 8388608 17301504 0 0 128 0 0 0 0 2097152 0 0 536870912 0 0 0 537001984 0 0 134217728 0 0 0 0 0 0 0 65536 262144 0 0 2097152 2 671612928 268435462 8388864 1024 0 8 262144 262144 0 0 0 33554432 133139 32 0 0 0 8388608 0 0 0 2048 167772160 276824070 268468224 1032 0 0 262144 4194304 33554432 0 2097152 2181038080 788561 18 0 8192 0 0 0 0 131072 2099200 2281709568 0 268959744 1024 4096 65536 0 0 0 8388608 1048576 0 0 0 0 0 0 0 0 0 0 0 0 0 0 2097152 0 0 0 0 0 0 0 0 0 0 0 0 65536 0 0 0 0 0 0 0 268435460 0 0 64 16777216 0 0 0 0 0 1 0 1073741824 256 0 0 0 0 0 0 0 0 0 0 0 0 8192 0 0 0 0 0 32 0 32 0 0 0 0 0 268435456 0 0 0 0 0 0 0 0 0 0 4096 0 0 0 0 524288 0 0 0 0 0 0 0 0 0 0 0 0 0 0 0 0 0 512 256 0 0 0 0 0 0 0 4194304 1048576 0 0 0 0 0 0 2 0 0 0 32768 16 0 0 0 0 0 0 0 0 0 262144 0 0 0 0 0 0 0 0 8388608 35651584 276824064 402653188 12 32768 2162688 8423424 545259520 524288 1114112 256 0 0 2 0 268435456 0 0 0 0 0 38912 2156142592 262145 2147483648 71303170 8388608 4194560 0 16 4 0 536887296 4194304 24576 1476403200 590912 16 0 0 0 0 32 0 0 0 0 524288 16384 0 0 0 4 2 0 0 0 8 16777216 1048576 0 0 0 0 0 0 0 0 64 0 0 0 1073741824 32768 0 0 2097152 4194304 0 0 0 536870912 0 64 0 0 1073741824 0 536870912 0 256 0 128 0 0 0 0 16384 0 0 0 0 67108864 0 0 0 0 0 0 1 0 0 0 1 16777216 0 0 1073742340 0 0 131072 0 8 0 0 0 0 0 0 0 8192 0 0 1 0 0 2 0 0 0 16384 0 0 0 0 0 0 8192 0 0 0 0 0 0 0 0 1073741824 0 262145 0 0 0 33554432 0 0 0 0 0 0 0 0 4194304 0 0 0 0 0 8388608 0 33554432 0 0 524288 65536 0 0 0 0 0 0 0 0 0 0 0 0 0 0 0 0 268435968 0 65536 0 0 0 0 16384 0 0 0 0 0 0 524288 0 0 0 0 0 0 0 1073741824 0 0 0 268435456 0 0 0 0 0 16 67108864 0 1048576 0 0 0 0 0 4198400 0 0 0 0 0 0 0 0 0 0 0 33554432 0 0 268435456 0 0 0 0 0 0 0 4097 33554432 0 0 0 0 0 0 0 0 0 0 0 0 0 0 0 524288 0 0 0 0 524288 0 0 0 0 0 0 0 1048576 134217728 261 67109120 1024 0 0 0 262144 67108864 0 2097152 41943168 137473 4 0 135266304 512 8388608 0 0 2156003328 0 32 0 0 0 0 524288 0 0 0 0 0 0 0 0 0 0 0 1048576 0 0 0 0 0 0 0 2048 0 0 0 0 0 49168 0 131072 0 0 0 128 0 0 0 0 0 0 33554432 0 1048576 0 256 0 65664 0 0 0 0 0 0 0 0 64 8192 0 0 0 0 0 0 0 0 0 0 131072 0 0 0 512 0 0 0 0 65544 4096 4096 0 0 0 0 32768 8192 0 0 65 131072 33554432 8388608 8192 0 131072 0 0 0 2097152 0 67117056 131712 134217732 0 17825792 1568 3221225472 17301505 0 75498496 0 65536 0 4194816 0 65536 0 0 4 16785920 0 4196608 589825 2281709568 536936576 16 0 2 33554496 32768 1048576 0 1048576 8320 16793872 32768 0 1 0 64 6 8388608 0 262144 1 0 0 0 0 0 0 0 0 0 0 512 16384 0 0 0 0 0 0 131072 0 0 8 0 0 0 0 0 256 0 0 0 0 0 1073741824 16 0 0 0 16777218 0 16 0 0 0 0 0 8192 0 0 0 0 0 0 0 0 0 0 0 0 0 0 0 262144 0 0 0 0 32768 0 0 0 0 0 0 0 0 0 0 0 0 0 32768 0 0 0 0 0 0 0 0 0 536870912 0 0 0 0 0 0 0 0 0 0 0 8 0 0 0 0 0 0 8388608 0 0 0 0 0 0 0 0 0 0 0 0 0 0 0 2048 128 0 0 16384 0 0 0 0 0 0 0 0 4194304 0 0 0 0 0 0 0 0 0 1048576 0 0 16
is_linear=0
shrinkage=0.1


Tree=41
num_leaves=31
num_cat=26
split_feature=15 13 13 15 15 1 25 14 13 13 15 14 13 15 2 15 10 32 15 13 15 13 14 13 15 13 9 27 19 14
split_gain=54.9797 49.1643 43.0887 31.8442 29.3619 28.2617 25.4513 24.8034 24.5397 24.1042 25.4084 24.9333 37.9799 33.9442 23.2428 22.6575 22.1035 21.6055 52.3945 42.4829 38.4307 31.7596 31.0198 29.8886 33.1327 23.0012 23.8913 30.1024 24.0499 23.0389
threshold=0 1 2 3 4 5 74.500000000000014 6 7 8 9 10 11 12 13 14 15 4186.5000000000009 16 17 18 19 20 21 22 23 24 1.5000000000000002 52.149999618530281 25
decision_type=9 9 9 9 9 9 2 9 9 9 9 9 9 9 9 9 9 2 9 9 9 9 9 9 9 9 9 2 10 9
left_child=-1 -2 -3 -4 -5 -6 7 -7 -9 -10 -11 12 -12 -14 -15 -13 -17 20 -19 -20 -18 -22 -21 -23 -25 29 27 -27 -29 -26
right_child=1 2 3 4 5 6 -8 8 9 10 11 15 13 14 -16 16 17 18 19 22 21 23 -24 24 25 26 -28 28 -30 -31
leaf_value=0.07582476661389044 0.065651584719510311 -0.048858685826500277 0.045880780275538914 -0.046239062480530828 -0.059413607559867701 0.013804297958944556 -0.043977214384943494 0.035932349558195437 -0.047871706530707492 0.037652944372945932 0.050629033588069611 -0.041513593150450195 0.047892252291081121 0.032526954594159496 -0.021678031485395644 -0.060595696218757225 0.054756717130115665 0.045045175110470716 0.05093494373379135 -0.033439719816996429 0.038761564449890658 -0.02647827225967463 -0.0060708335205034358 -0.029494728743222943 0.042796084528944019 0.0083195415846659525 0.0041254446334822552 0.052467540640331545 0.17108316656647748 -0.018199575986487051
leaf_weight=85.454653027933091 102.57328004390001 173.47246706066653 139.01396593730897 129.48737028753385 70.25855164648965 1268.9267549016513 130.42247390234843 171.95913361851126 98.95358574623242 161.16754548624158 81.619242185261101 119.23332522762939 71.131290785968304 76.147143073845655 1513.4048337270506 48.940204108133912 132.13925889786333 188.85840967483819 111.24856473598629 459.71080162376165 225.41612996906042 355.72206618264318 3657.1835300428793 302.30732300318778 58.883054012432694 132.90482146432623 9280.953342967201 64.950084747280926 23.198933271691203 705.61431439733133
leaf_count=737 1181 4859 1132 2768 7306 14919 7621 2817 2198 1851 1525 1599 791 631 31611 1272 1253 2164 1856 9870 2985 5845 57937 4167 685 1843 129135 912 183 9343
internal_value=0.000111568 -0.000248717 -0.000620207 -0.00017267 -0.000521812 -0.000194876 4.95724e-05 0.000346952 -0.000606861 -0.000978376 -0.000690481 -0.00106258 -0.0123827 -0.0157641 -0.0188942 0.000187434 0.000529309 0.000758312 -0.00517013 -0.00750189 0.00308 0.0024163 -0.00920059 0.00163159 0.00260184 0.00357474 0.00492133 0.0367119 0.0836846 -0.0130097
internal_weight=20141.3 20055.8 19953.2 19779.8 19640.7 19511.3 19441 19310.6 18041.6 17869.7 17770.7 17609.6 1742.3 1660.68 1589.55 15867.3 15748 15699.1 4417 4228.14 11282.1 11150 4116.89 10924.5 10568.8 10266.5 9502.01 221.054 88.149 764.497
internal_count=312996 312259 311078 306219 305087 302319 295013 287392 272473 269656 267458 265607 34558 33033 32242 231049 229450 228178 71827 69663 156351 155098 67807 152113 146268 142101 132073 2938 1095 10028
cat_boundaries=0 160 251 342 505 666 667 674 761 852 1013 1020 1109 1253 1262 1426 1427 1590 1681 1840 1932 1940 2031 2178 2269 2270 2278
cat_threshold=16777224 0 0 16777216 0 0 0 0 0 2048 0 0 0 0 0 0 32768 0 0 0 0 4194304 0 128 0 0 4194304 0 0 0 0 0 0 0 0 0 16777216 262144 0 0 0 0 0 0 4096 0 0 4194304 0 0 0 0 0 0 0 0 0 0 0 0 0 0 0 134217728 0 2097152 0 0 0 67108864 0 0 0 0 0 0 0 0 512 0 8 0 0 0 0 0 0 1077936128 0 0 0 4 0 0 0 0 0 0 0 32 0 0 0 0 0 0 2097152 0 0 0 0 0 1 16384 0 0 0 0 0 0 0 0 0 4096 0 0 0 0 0 0 0 0 4194304 0 0 0 16777216 0 0 0 0 0 0 0 0 0 128 0 0 0 0 0 0 0 0 0 0 0 0 65536 0 0 0 0 0 2097152 134217728 0 512 0 67108864 32 0 0 0 0 0 0 0 0 0 2048 0 0 0 2048 0 1073741824 0 0 557056 0 2 0 8 0 0 16777216 0 131072 0 0 0 0 0 0 16777216 0 32 4194304 16384 0 0 64 0 256 0 0 0 0 262144 0 0 8388608 0 0 0 2097152 64 0 0 0 0 0 536879136 64 0 0 262144 0 0 0 0 0 0 65536 1048576 0 0 0 2 0 262144 0 8 0 0 0 0 0 1 0 0 0 0 0 0 0 128 0 0 2 0 0 0 536872960 0 0 0 0 2048 8192 0 0 16777216 0 0 0 0 131072 0 0 0 0 0 0 2097152 262160 16384 0 0 0 0 4194304 1073741824 0 32 4194432 0 0 0 0 0 0 65536 0 0 2 0 0 0 0 0 0 0 0 0 0 2097168 36 65536 16777216 0 0 0 0 0 0 0 0 8388608 640 1 0 8192 8388608 64 33554432 8388608 0 131072 0 0 0 0 0 0 0 0 0 0 0 0 0 0 0 0 0 0 0 0 0 0 0 0 0 0 4 0 0 0 0 0 0 0 0 0 33554432 0 0 0 0 0 0 0 0 0 64 0 0 0 2147483648 0 0 0 0 0 0 8388616 0 0 0 0 16779264 0 0 0 0 0 0 0 0 4 0 0 0 0 0 0 0 0 2048 0 64 0 32 0 0 0 1073741824 0 2147483648 0 1073742080 0 0 0 0 0 0 0 0 0 0 134217728 0 0 0 0 0 0 1024 0 0 8192 0 0 0 0 0 0 0 0 0 0 8388608 0 32768 0 0 4 0 0 0 0 0 0 0 0 0 0 0 0 0 0 0 0 0 0 0 0 268435456 16384 0 16 0 268435456 5 0 1048576 516 16384 0 0 1 256 0 0 32768 0 0 0 0 0 0 512 0 0 0 0 0 0 0 0 0 0 0 0 0 0 0 0 536870912 0 0 0 0 0 0 2048 0 0 0 16777288 0 0 0 0 0 0 0 0 0 0 0 0 0 0 0 0 0 0 0 65536 0 0 0 0 0 65536 0 0 0 0 0 0 0 0 0 4096 67108864 0 0 0 0 0 0 0 0 0 0 0 0 0 0 0 0 67108864 0 0 4 0 0 0 0 0 0 0 0 0 0 0 0 0 0 0 0 0 0 0 0 0 0 0 0 0 0 0 0 0 1073741824 134217728 0 2 0 1048576 16 0 0 0 0 0 0 0 0 0 0 524288 0 0 0 0 0 0 0 32768 1930545 134235432 0 9437316 470288392 277168257 133122 2219049480 0 0 0 0 8388608 131072 8 0 33554432 0 4227200 0 0 0 0 0 16 0 0 16384 0 0 0 0 0 0 0 1048576 0 0 0 16777216 0 0 0 0 4 0 524288 32768 0 0 0 262144 32768 0 0 0 0 524288 32 1024 16777216 65536 0 0 0 0 0 8192 0 8192 0 0 0 8 0 0 16777216 0 134283264 0 0 0 0 0 0 8 0 0 0 128 0 2048 268435456 0 262144 0 0 8 0 268435456 0 16 0 0 0 0 0 0 0 0 0 64 0 0 0 0 0 0 0 0 0 0 1024 0 0 0 0 0 0 32 0 192 262144 0 268435456 524288 0 0 0 0 0 0 0 0 0 0 67108864 0 130 0 0 0 8192 0 0 0 0 20 0 0 0 0 0 0 8 0 2048 0 0 0 262144 2 1073741824 67109888 0 0 524288 0 0 0 0 4325376 8192 32 0 1048576 0 0 0 0 32768 67108864 524288 64 67108864 0 0 0 0 0 0 0 0 0 0 0 262144 0 0 0 4 0 256 0 0 0 16 0 0 0 0 0 0 0 0 0 2097152 0 16 0 0 0 4 0 0 32768 2147745792 0 0 0 0 0 0 0 0 268435456 0 0 0 0 0 0 0 0 0 0 0 0 0 16384 0 0 0 0 0 32 0 0 33554432 0 0 0 0 0 1073741824 0 0 128 0 0 0 0 0 0 0 67108864 0 16 16384 0 2 0 0 0 0 0 0 0 0 0 268500992 0 0 0 0 0 33554432 0 0 256 0 0 0 0 0 0 0 0 1024 33554432 0 0 0 0 0 0 0 0 0 0 0 0 0 0 0 0 0 0 0 0 0 0 0 0 0 0 1048576 46800913 3288342530 134219888 50594052 2215116866 4210944 1048576 0 0 0 0 524288 0 0 0 0 536870944 2147483650 0 0 0 0 0 0 0 262144 0 2147483648 0 0 0 0 64 4096 0 0 1073741824 0 0 0 0 0 0 0 0 536870912 0 0 4 0 256 0 0 4096 0 0 0 0 0 0 268435456 16384 2 0 0 1024 16777216 0 0 0 0 8192 16384 16777224 0 0 0 0 32768 0 0 512 0 0 131072 0 0 0 0 0 4 67108864 0 268435456 4096 1310720 0 0 0 0 0 0 0 32 0 2 0 0 0 0 0 0 0 64 32768 2 16 0 1073741824 0 4194304 0 0 0 0 0 0 0 0 0 0 0 0 0 0 0 1073741824 0 0 0 0 0 0 0 0 16777728 2064 0 0 0 0 0 0 0 0 0 0 0 0 0 0 0 0 0 0 0 268435456 512 0 0 0 0 0 0 0 0 0 0 0 0 0 0 0 0 1048576 256 0 0 268435456 0 0 0 0 0 2 0 0 0 0 0 0 0 0 4096 0 0 0 0 67108864 0 0 0 0 0 0 0 0 0 0 0 256 32768 0 0 0 0 0 36700160 0 0 0 0 0 0 0 0 0 0 1073741824 256 0 256 0 4194304 32 0 0 512 4096 32768 0 16908288 4096 65536 64 0 0 0 1048576 65536 0 0 0 1048576 0 0 32768 32768 0 16 0 0 2147483648 0 0 0 262144 0 0 0 0 524288 0 0 0 0 0 0 0 512 0 1048576 0 0 0 0 2147483648 0 0 0 0 0 0 0 0 0 0 0 0 0 0 0 0 262144 0 0 0 0 0 0 0 256 0 0 0 0 0 0 0 32768 0 0 0 0 0 0 0 0 0 0 0 0 0 0 0 0 0 0 0 0 0 0 0 0 0 4194304 0 0 1024 0 0 0 0 0 0 0 0 0 512 0 0 0 0 0 0 0 0 0 1024 0 0 0 0 0 0 0 128 0 0 0 0 0 0 0 0 256 0 0 0 0 0 0 0 0 0 0 0 0 4194304 0 0 0 8192 6678 0 4194304 65536 524288 4096 0 0 0 0 134217728 0 0 0 8192 0 0 0 4 0 0 0 0 0 16777216 0 0 0 0 0 0 0 0 0 0 0 0 0 65536 0 0 0 0 0 1082130432 0 0 0 0 0 0 0 0 0 0 0 0 0 0 256 0 0 0 0 0 0 0 0 0 0 0 0 0 0 256 0 0 0 4 65536 16 0 0 16384 0 0 0 0 0 64 0 0 0 0 0 0 0 0 0 0 0 0 0 0 536870912 0 0 0 0 0 0 0 1073741824 0 0 2147483648 0 0 0 0 0 0 0 0 1024 0 65536 0 67108864 0 1073741824 0 0 0 0 0 0 0 0 16 1048576 0 0 0 0 0 0 0 0 0 0 0 536870912 0 0 0 0 0 2147483648 0 0 131072 0 256 256 0 0 0 0 0 0 0 64 67108864 0 0 0 524288 8 0 4 0 0 0 0 0 0 0 0 0 0 0 0 65536 0 0 0 2097152 0 0 0 0 0 0 0 0 512 33554432 0 1048576 0 256 0 0 0 0 0 268435456 0 0 0 128 0 0 0 0 0 0 0 16386 0 67108864 134217728 0 0 0 524288 0 4 0 0 0 256 0 0 0 524288 0 0 0 16777216 0 0 1024 81 0 0 0 24576 524288 0 0 0 0 0 0 0 0 0 0 0 0 0 0 0 0 0 0 0 0 0 131072 0 0 0 0 0 0 0 0 0 0 0 0 0 0 0 0 0 0 0 0 0 2 0 1073741824 0 0 0 0 0 0 1073741824 0 0 0 8388608 524288 0 0 0 0 8 0 0 0 264 0 0 0 0 1 34 0 0 0 0 0 0 0 0 0 0 2048 0 8388608 0 1 0 0 0 0 256 0 536870912 0 0 0 0 0 0 0 0 0 0 0 0 0 0 0 524288 0 0 0 0 0 0 0 0 0 0 0 0 0 0 0 0 0 0 0 128 0 0 0 0 0 0 0 0 0 0 0 0 0 0 0 262144 0 0 1024 0 0 0 2048 0 0 8388608 0 524352 0 0 0 0 4 2097152 0 0 0 0 0 0 16384 0 16 0 0 0 0 16 0 0 0 0 0 2048 0 4 0 0 0 0 0 2 0 0 132 1048576 0 8388608 0 0 272 0 0 0 134217728 0 0 0 0 0 0 0 0 0 32768 2 0 0 0 0 131072 33554432 0 536870912 0 0 0 0 0 8388608 0 512 8 32 4096 0 0 0 0 0 0 0 2097152 0 1 1073741824 143163648 33620488 73760 571474976 1048577 403308624 1 256 0 0 0 0 0 0 65536 0 0 0 32768 0 0 0 524288 4 0 64 0 0 0 0 0 0 64 0 0 0 65536 0 0 131072 0 0 268435456 0 0 0 512 0 0 0 301989888 0 0 0 0 0 0 0 0 0 268435456 0 0 0 0 1024 0 0 0 0 0 2097153 16386 0 67108864 0 0 0 0 0 0 4 0 0 131072 0 0 0 0 0 0 0 32768 285212672 134222336 1048576 0 65 0 4194304 258 524288 135168 0 0 8388608 0 134217728 0 0 0 8192 0 0 0 0 0 0 0 0 0 0 0 0 0 1073741824 33554432 0 0 0 0 0 0 0 0 65536 0 0 0 1048576 536870912 1073741824 0 0 0 0 0 0 0 0 0 0 0 0 0 0 256 0 0 0 0 0 0 0 0 0 0 0 0 0 0 0 0 0 0 128 65536 0 524288 0 64 0 2 0 0 0 64 0 0 0 0 0 0 0 0 2 0 0 0 0 0 536870912 0 8192 0 4194304 0 0 0 1073741824 0 0 0 0 0 0 0 0 0 0 0 0 0 0 33554432 0 0 0 0 0 0 0 0 0 0 0 262144 135266304 0 0 0 0 0 0 2097152 0 0 0 0 0 0 0 0 0 536870912 0 0 65536 0 0 0 1048576 0 0 0 33554432 131072 0 65536 0 0 0 4 0 0 16384 0 0 33792 8388608 0 65536 0 0 0 0 0 0 0 0 143654912 2048 1 0 0 0 0 0 0 0 0 0 0 0 268435456 33554432 0 0 8 0 0 8 128 0 0 131072 32768 16777224 0 0 136 0 0 0 0 0 0 0 0 0 0 0 0 65536 0 1024 1536 67110978 8405528 16777224 0 4198688 128 16795648 1
is_linear=0
shrinkage=0.1


Tree=42
num_leaves=31
num_cat=27
split_feature=13 3 13 14 3 13 14 3 3 14 13 3 3 14 3 3 13 13 12 28 3 25 3 13 3 13 3 1 31 13
split_gain=48.9585 40.3191 37.3517 27.2333 74.2722 36.8481 33.5717 31.1392 28.2693 30.7522 28.198 47.0215 25.7076 25.8054 74.0479 26.3124 29.6583 28.9689 24.4851 23.6985 61.9912 51.8535 51.1772 33.5568 27.4782 22.8677 65.782 21.664 20.7948 20.6658
threshold=0 1 2 3 4 5 6 7 8 9 10 11 12 13 14 15 16 17 18 10.500000000000002 19 1.0000000180025095e-35 20 21 22 23 24 25 0.072555989027023329 26
decision_type=9 9 9 9 9 9 9 9 9 9 9 9 9 9 9 9 9 9 9 2 9 2 9 9 9 9 9 9 2 9
left_child=-1 -2 -3 4 6 -6 -4 -7 9 -5 11 -10 18 14 -14 17 -17 -15 28 24 -21 22 -22 -23 -18 26 -26 -27 -12 -29
right_child=1 2 3 8 5 7 -8 -9 10 -11 12 -13 13 15 -16 16 19 -19 -20 20 21 23 -24 -25 25 27 -28 29 -30 -31
leaf_value=0.075669641752715344 -0.045375618131662687 -0.064119973601411737 0.023436268499962377 0.066542295528589007 -0.062258715748247512 -0.035607927005188215 0.10932155618576828 0.012404304606160108 -0.029944535364286352 -0.032096993021205625 0.16267117070146897 0.055450975386094684 0.043434618950926589 -0.043821082615915385 -0.027703795774771112 -0.031079129953954111 -0.029124403206588375 0.017146267137487455 0.011895037162765649 0.052288139228837606 0.036511850879221201 0.061557534325217322 -0.017927474806537943 -0.041386641183842963 0.074225641141967585 0.041472294279020966 -0.016828614803395252 -0.031316503412688143 0.043950374263976126 0.00058758167076913977
leaf_weight=74.377848839387298 189.67322317883372 81.040732168126851 113.5706690615043 25.562050118576735 69.467441227752715 140.65998535230756 97.283871016465127 1345.7577658547089 87.144049598369747 433.73094733944163 24.597238852176815 205.14529596315697 165.52637307532132 74.41451542917639 909.47091226372868 326.04095046082512 296.82927706558257 1193.3085536216386 292.46069731516764 126.97152739483863 246.76997676072642 25.97217255551368 517.31594548560679 699.8995458795689 146.24307846510783 117.52469158777967 159.0745037375018 196.60466438764706 36.866740935482085 11723.786038323306
leaf_count=931 9516 3926 1868 539 936 1992 777 17436 1173 13511 655 2941 1928 644 22881 5515 10661 11654 5272 1511 2712 517 6922 16922 1603 1030 2702 3528 362 160797
internal_value=-0.000344147 -0.000663241 -0.000214024 7.98056e-05 0.0118923 0.0041542 0.0662177 0.00765331 -0.00108355 -0.0253063 -0.000436393 0.0298425 -0.000965531 -0.00153008 -0.0164507 -0.000508435 -0.00171296 0.0132526 0.0253331 -0.00102008 -0.01242 -0.0181634 -0.00010247 -0.0374253 0.000437411 0.00117096 0.027756 0.000474203 0.078663 3.55749e-05
internal_weight=20143.1 20068.7 19879 19798 1766.74 1555.89 210.855 1486.42 18031.3 459.293 17572 292.289 17279.7 16925.8 1075 15850.8 14583 1267.72 353.925 14257 1616.93 1489.96 764.086 725.872 12640.1 12343.2 305.318 12037.9 61.464 11920.4
internal_count=313362 312431 302915 298989 23009 20364 2645 19428 275980 14050 261930 4114 257816 251527 24809 226718 214420 12298 6289 208905 28584 27073 9634 17439 180321 169660 4305 165355 1017 164325
cat_boundaries=0 89 113 203 210 233 321 328 351 375 382 474 492 516 523 547 571 662 751 752 775 799 888 911 1001 1025 1026 1117
cat_threshold=2 0 0 0 0 0 16 0 512 0 0 32 0 0 0 0 16 0 0 16384 0 1050624 0 0 0 0 0 1073741824 0 65536 524288 0 0 512 0 0 0 0 0 33587200 0 1 0 0 0 0 0 0 0 8 0 16777216 0 64 0 0 0 0 0 0 262272 32768 0 536870912 0 0 0 0 0 0 0 0 0 0 4 0 0 0 0 4096 0 0 0 0 268468224 65536 262656 0 65536 69206016 0 66560 8290 0 4194308 16794632 67108864 0 65 536870912 0 0 301989888 4 0 0 0 0 0 1048576 2185232544 2097224 4096 0 262144 0 0 268435456 2 0 0 0 0 0 0 0 0 0 0 0 0 0 268435456 0 0 0 0 0 0 0 4 0 0 0 0 0 0 32 0 0 0 0 64 0 0 0 0 0 10485760 262144 16384 16384 0 0 0 20971520 2 0 0 132 8192 0 0 0 0 0 65536 2097152 0 2 0 0 0 0 0 0 0 8192 0 0 4194320 4 0 16777216 0 0 0 0 8 0 0 32 8388608 17826049 8912930 41947136 67108896 428877184 131072 2244231424 58720256 4 0 3072 0 8 0 12583168 0 4194816 16384 3489661057 2098208 65536 0 8388608 196612 8388608 0 1048576 8388608 0 8388608 0 0 0 0 524352 512 0 0 0 0 2147483650 0 0 0 0 0 4 128 0 0 0 0 0 0 536870912 64 0 1024 0 0 2048 0 0 2097152 0 0 0 0 0 0 0 128 0 256 32768 0 0 268435456 4 0 0 0 0 0 0 0 0 128 0 0 0 0 0 0 8192 2 0 67108864 0 0 0 0 0 0 1073742336 0 0 131072 32 0 2048 0 0 0 0 0 0 8192 16777472 524322 8392704 32 16777344 0 8667392 0 8388929 8388608 0 0 0 4194304 16384 0 0 1 0 4456517 16 0 1056768 48 2147483648 787712 2097168 2196544 0 32 33554432 0 2176 2052 32768 268443658 0 679477504 0 4195328 524288 1 131072 128 0 0 539033600 0 0 1048640 0 2048 536870912 134144 537133056 8192 168 0 33554437 128 524288 0 0 0 0 2621440 528 0 0 0 4 0 0 0 131072 1 0 0 0 0 2097152 0 0 0 0 0 0 65536 0 0 0 0 0 0 0 0 0 0 0 0 131072 0 0 0 0 0 0 0 0 1073741856 0 0 0 0 268435456 0 256 0 65536 8388608 524288 0 0 2 16384 8192 0 1 67108864 134217728 0 134217728 0 0 0 0 0 0 8 0 65536 2048 4096 524288 0 0 0 0 512 0 0 2 1 2281701376 0 1073774848 1032 0 33685504 0 0 637550592 0 0 2852126848 5051201 134217760 0 0 0 268435456 0 33554505 150994944 0 0 0 1380057088 0 671088640 2048 0 32896 65540 262144 0 8192 4195328 33554432 17893376 6291456 0 0 2181038080 1 571080832 1073742080 134218772 571736064 16898 3227029632 1074405440 134348800 0 67109120 256 0 33947648 4100 16777216 0 2097152 16384 0 296288 32 0 0 256 276824064 335544320 0 67142784 0 0 4 536870912 1048576 258 0 0 67108864 1 512 268435456 536870916 393473 0 33558656 16777236 0 1081344 16 16384 1024 48 270598144 0 4 32768 0 0 0 0 16 0 0 0 0 0 32768 0 0 0 0 16777216 0 0 0 1073741824 0 0 0 0 0 64 0 0 0 0 0 0 4 0 0 0 0 0 4 2048 0 0 0 0 0 0 0 256 0 65536 16384 1024 0 0 16384 0 0 262144 0 0 16777216 0 0 8 0 16384 0 536870912 0 0 0 0 0 4194304 512 0 0 0 0 268435456 32 0 0 260 16384 0 20971520 0 0 0 1048656 0 0 0 0 0 0 0 0 0 536870912 2214592514 0 0 0 0 0 0 0 0 0 0 0 0 0 0 0 0 0 0 0 0 0 4 2097152 0 0 0 0 0 0 0 0 0 269484288 0 0 4096 268435456 0 0 0 0 0 128 16384 0 0 0 1024 0 0 0 0 0 0 16386 0 0 33554432 0 0 0 0 0 0 0 4 0 0 0 0 0 0 0 67108864 0 0 0 1048576 115746064 0 4195328 4096 1024 0 0 672202752 0 524288 256 1024 0 33792 69696 0 0 2147483686 1619005440 4098 0 131072 136314880 8388736 411041792 4 8388608 8 536870912 0 0 262144 33570816 0 2113536 134217728 537395784 34 0 0 0 0 67108864 0 2048 0 0 32 0 0 0 0 0 0 0 0 0 0 0 0 0 0 0 0 0 128 0 0 8192 0 0 0 0 0 0 0 0 1073741824 2048 0 0 0 0 0 0 16777216 0 0 0 4 0 303038464 0 1048576 0 0 0 4194304 0 134217728 0 128 0 0 0 0 0 0 0 0 0 0 0 0 0 0 33554432 128 0 0 16777216 0 536870912 0 4 0 256 0 0 0 0 0 0 0 268435456 0 262144 0 20971520 0 0 2048 393216 1060864 0 1048576 2147492096 8196 0 0 69632 0 67108864 12 0 2 0 131072 152043520 8671761 0 0 0 0 0 0 0 268501000 33554432 0 0 0 0 524288 0 64 0 0 0 0 0 0 0 0 0 0 0 1024 1048576 0 8192 0 0 2097152 0 512 0 16777216 0 0 0 0 0 256 0 0 4096 268435456 0 128 0 134217728 0 0 0 0 4194304 128 0 67117056 0 0 0 0 0 2 0 0 0 2048 0 0 0 0 32 0 4 0 32 0 0 0 0 0 0 32768 8519680 0 1048576 1073741824 150994944 335544322 1073741824 0 0 0 2097152 262144 33570816 0 16384 2155872256 3966563 32 0 134217728 0 545259520 32 0 2281701376 0 0 16777216 8388608 0 0 0 2 0 0 0 0 64 131104 2147483648 0 0 0 0 524288 0 0 0 16 0 67108864 0 65536 0 0 0 0 0 1073741824 0 0 0 0 0 0 192 262144 131072 0 0 0 0 269484032 32768 0 32 0 0 0 0 32 0 0 0 0 0 0 0 0 0 0 1 0 0 0 8 2097152 33554432 0 0 0 83886080 0 1073741824 0 0 0 0 0 0 0 0 0 0 0 0 33554432 0 2097664 512
is_linear=0
shrinkage=0.1


Tree=43
num_leaves=31
num_cat=26
split_feature=13 15 15 13 1 9 13 14 15 11 13 15 32 14 13 14 13 15 14 15 13 15 15 22 20 13 14 20 15 14
split_gain=48.1477 42.2999 36.1895 33.2443 30.7059 29.154 39.1974 30.4178 29.7769 26.2078 26.2814 24.7002 23.4129 64.3249 49.3612 49.6782 42.8654 44.3025 41.3306 38.6015 36.0188 33.2747 32.874 30.0623 25.1388 24.1447 28.9957 26.4429 33.9781 26.9996
threshold=0 1 2 3 4 5 6 7 8 9 10 11 4073.5000000000005 12 13 14 15 16 17 18 19 20 21 2.5000000000000004 0.17744776606559756 22 23 0.048776902258396156 24 25
decision_type=9 9 9 9 9 9 9 9 9 9 9 9 2 9 9 9 9 9 9 9 9 9 9 2 2 9 9 2 9 9
left_child=-1 -2 -3 -4 -5 6 -6 -8 -7 -10 -11 -12 16 -14 -15 24 -13 23 -19 -17 -21 -20 -22 -18 -16 26 -23 28 -27 -29
right_child=1 2 3 4 5 8 7 -9 9 10 11 12 13 14 15 19 17 18 21 20 22 25 -24 -25 -26 27 -28 29 -30 -31
leaf_value=0.085212475472930038 0.052529653597782194 -0.048067956402919484 -0.046491065184309066 -0.064620574085641896 -0.0663260580164622 0.039973053825096888 -0.058497248607973167 0.0082172347048024719 0.078817142167653481 0.037368428584612194 0.053925820121190494 0.039693479596343208 -0.034968906715940599 0.043008377320960522 0.022506245047313678 0.042455837166597031 0.02976321126915777 0.024709461933851248 -0.035493573623321298 -0.049542996256961992 -0.046388243736283696 0.030833567514802741 -0.0044085252495111435 0.1268585497914185 0.11225991408164959 0.094969487513748174 -0.0254289876832757 -0.012491652644172792 -0.01492563605388731 0.0053146913460131512
leaf_weight=55.947536739520729 140.00725363986567 150.48642277810723 145.17422350216657 63.306599090341479 140.36222505802289 182.83596603944898 76.461688278708607 319.56634126976132 32.604863894172013 179.30523257097229 74.300147505477071 289.89048930164427 638.35701015591621 226.10828495724127 388.12885868689045 148.74862722633407 142.85514419851825 657.52350075729191 261.63386207260191 187.97855421202257 184.28418075479567 99.517269581090659 4942.3907553618774 41.051308603957295 33.934559311717749 19.078606739174575 630.37736568041146 952.02349363639951 1189.5275408495218 7456.9718196345493
leaf_count=605 1093 2859 5477 6926 3306 2455 1769 6250 631 2576 844 3960 14555 3611 8250 2473 1420 8415 2679 3131 2376 1604 80062 472 195 490 8801 9497 56662 69128
internal_value=-9.25296e-05 -0.000373652 -0.000772959 -0.000387557 -2.17792e-05 0.000221007 -0.0225527 -0.00578691 0.000876858 0.000475086 0.000296857 -8.11201e-05 -0.000327168 -0.00502031 -0.00183195 -0.00362466 0.00237078 0.00139001 0.000573823 -0.00619613 -0.00763499 -0.000943895 -0.0060049 0.048784 0.0290347 -3.68896e-05 -0.0174448 0.00130097 -0.0125286 0.00329021
internal_weight=20050.7 19994.8 19854.8 19704.3 19559.1 19495.8 536.39 396.028 18959.4 18776.6 18744 18564.7 18490.4 6749.93 6111.57 5885.47 11740.5 11450.6 11266.7 5463.4 5314.65 10609.1 5126.67 183.906 422.063 10347.5 729.895 9617.6 1208.61 8409
internal_count=312572 311967 310874 308015 302538 295612 11325 8019 284287 281832 281201 278625 277781 114653 100098 96487 163128 159168 157276 88042 85569 148861 82438 1892 8445 146182 10405 135777 57152 78625
cat_boundaries=0 90 253 417 508 509 510 601 608 763 766 857 1019 1027 1117 1124 1213 1374 1381 1544 1633 1770 1924 2015 2022 2182 2189
cat_threshold=0 0 0 0 0 0 0 0 0 0 128 32 0 0 0 0 0 0 0 0 0 2048 0 0 16384 0 0 0 0 0 524288 0 2 0 0 0 0 16777216 2 163840 0 1 0 262144 0 0 0 0 32 4194312 0 0 0 64 0 0 0 0 0 0 128 2097152 16 536870912 0 0 0 2097152 0 0 0 0 8192 0 8192 0 0 0 262144 0 0 0 0 0 0 65536 262144 0 0 8 0 0 65536 2155872256 0 0 142606336 0 0 2048 0 0 0 0 0 0 32768 0 0 0 0 4194304 0 128 0 0 0 0 0 0 0 0 2 0 2147483648 16 0 0 0 0 0 0 0 0 0 0 0 0 0 0 0 0 0 0 0 64 0 0 16384 0 0 0 67108864 0 0 0 0 0 0 0 268435456 524288 0 0 0 0 0 0 0 0 0 0 33554432 0 0 0 0 1073741824 64 0 0 0 0 0 0 0 0 0 0 0 0 0 0 0 0 0 2097152 0 0 0 0 0 134217729 0 65536 0 0 0 0 0 0 0 0 0 0 0 0 0 0 1073774592 0 0 0 0 0 0 0 0 0 0 0 0 0 0 0 0 128 0 0 0 0 0 0 0 0 0 0 2147483648 0 0 0 0 1048576 0 0 4 1073741824 0 0 0 67633152 1 0 65536 0 0 0 0 0 0 0 0 0 128 0 0 0 0 0 0 512 0 0 0 0 0 0 0 0 0 0 0 0 0 0 0 0 0 0 0 0 0 0 32768 0 0 1024 0 0 0 0 0 0 0 0 0 0 0 0 0 0 10240 0 0 256 8388608 0 0 0 0 0 0 0 8 0 0 0 0 0 0 0 0 0 0 133136 0 0 0 0 0 0 0 0 0 0 0 4194336 0 8192 0 0 4 0 0 0 16777216 0 0 0 0 0 0 0 0 0 0 0 0 0 0 0 0 16 16 0 0 0 0 1048576 0 0 0 0 1074790400 0 0 0 0 0 0 0 0 0 0 0 0 8388608 0 0 0 0 0 0 32768 0 0 16 256 0 0 8 0 2 0 8388608 0 0 0 0 0 0 0 0 0 0 0 0 8192 131072 0 0 2048 0 0 0 0 0 0 0 0 0 0 0 0 0 0 0 524288 0 0 67108864 0 2097152 262144 16384 0 0 0 0 16777216 1073741824 0 32 128 262144 0 0 0 0 4 65536 0 0 2 0 0 0 0 0 0 4194304 0 0 0 1040 4 0 0 4096 0 0 0 4194304 268435456 0 32 8388608 1048593 1861045 8224 0 0 0 1024 524288 0 0 0 0 536870912 2147483650 0 0 0 0 16777216 1048580 0 4096 0 33554432 0 0 0 536870976 64 0 0 0 0 0 0 0 0 0 0 0 0 0 0 0 4 0 0 0 0 0 268435456 0 0 0 0 0 268435584 0 0 0 0 0 16777216 0 0 0 0 0 0 0 67108864 0 2048 1 32768 0 0 1073741828 0 0 0 0 0 67108864 0 0 0 0 0 0 0 0 2098176 192 2147516448 696271360 9437184 328706 591667236 258 206571536 1 0 0 4096 0 0 0 0 131072 0 0 0 0 262144 0 0 0 0 0 2 0 0 0 0 0 0 4194304 0 128 0 0 0 0 0 0 0 0 262144 0 0 0 0 0 8388608 0 0 0 0 4 16384 262144 8192 0 0 0 0 0 512 4 2147483648 0 0 524288 0 0 0 512 0 0 0 0 0 0 0 0 0 0 0 0 0 0 0 0 0 0 0 0 0 0 0 0 132 0 0 0 0 0 0 0 32 0 1073741840 0 0 0 0 0 0 0 0 0 0 0 0 0 16384 0 0 0 0 0 0 0 0 0 0 0 0 0 0 1 0 0 0 0 32768 16777216 0 0 0 32 0 0 0 0 0 256 0 0 4194304 0 1024 0 0 128 3229614083 2148532240 4 0 0 0 0 0 0 0 256 0 4 2 0 0 131072 536870912 16777216 0 16384 0 16 2147483648 0 0 0 0 0 0 1073741824 1048576 0 0 0 0 0 0 0 2097152 0 0 0 0 0 0 0 0 0 4096 0 0 0 0 0 0 65536 512 0 0 65536 0 16777216 0 32768 128 0 0 0 0 0 16777216 2048 536870912 0 0 0 0 0 8388608 0 32 0 0 0 0 0 268435456 0 0 33554432 0 1073741824 130 0 0 0 0 4096 33554432 0 0 0 32768 0 0 0 0 0 0 0 64 0 1073741824 262144 0 0 0 0 0 0 2147483648 0 0 0 0 0 0 0 0 0 0 0 0 0 0 0 0 524288 2147483648 0 0 0 0 0 0 0 0 0 0 0 0 0 0 0 0 0 0 0 2097152 0 0 2147483648 0 0 0 32 0 0 0 0 0 0 0 4 0 0 0 0 0 0 0 8388608 0 0 0 0 0 0 0 0 0 0 0 0 0 0 0 0 0 0 0 2147483648 0 0 0 0 16384 0 0 67108864 0 0 8192 8388608 0 0 0 0 0 0 536870912 0 0 0 0 0 0 0 1073741824 4194304 0 16 0 0 0 1073741824 262144 0 0 0 0 0 0 0 0 0 0 0 0 0 0 0 268435456 1064960 512 1107559440 1091084928 34668552 34603008 1114114 1050624 269353040 1 0 0 0 0 2097152 0 0 0 0 67108864 0 0 0 0 8 0 4 128 0 0 0 0 0 0 0 64 0 1024 0 0 134258688 0 0 0 0 268435456 0 0 0 0 64 0 0 303038464 0 1048576 0 0 1073741824 0 0 1024 0 268435584 0 256 0 0 1024 8192 0 0 0 0 0 16386 0 67108864 0 536870912 0 0 0 0 4 64 0 0 0 0 0 0 0 0 0 0 16777216 0 0 1024 549456128 603979776 8392720 536937476 3305661441 3221757952 2165342464 0 0 8388608 0 524352 0 1048576 0 512 536870912 0 0 0 0 0 0 16 0 0 0 0 0 0 0 0 0 0 0 0 1073741824 0 0 131072 0 0 0 0 0 0 0 0 4 0 0 8421376 0 0 16 0 128 16384 134217728 0 0 0 2 0 0 0 0 0 0 0 0 0 0 1 0 0 0 0 0 0 0 512 0 4 0 0 69640 4128 0 0 0 32768 0 131072 0 65536 0 1310720 0 0 536872960 17024 0 0 0 4194304 0 0 0 0 0 0 0 0 32768 0 0 0 0 0 0 0 0 0 0 0 16 0 0 0 0 0 0 0 0 32 0 0 0 0 0 0 0 256 0 0 0 0 0 0 0 0 0 1073741824 64 0 0 0 0 0 0 0 0 0 65536 0 0 0 0 0 0 0 0 32770 0 0 2048 0 0 0 0 0 0 0 0 0 0 0 0 0 0 65536 0 256 0 536870914 0 537395200 0 0 0 0 0 0 0 0 0 0 0 0 0 0 0 0 0 0 0 0 0 0 0 0 0 0 0 0 0 0 1024 0 0 524288 0 0 0 0 0 0 0 0 0 0 0 0 0 2147483648 0 0 0 4096 1024 0 0 0 0 0 1 153 557732 537989128 134742048 277086208 1181732 2420244552 0 0 2 0 4194304 0 1074282496 8388608 8192 0 0 0 0 0 0 0 0 0 0 0 16 0 0 0 0 0 0 0 0 0 0 0 0 0 0 0 0 65536 0 0 0 0 0 1073741824 4096 0 0 0 0 0 0 0 0 0 0 0 0 0 0 0 0 0 0 0 0 0 0 0 0 0 0 0 2048 0 0 0 0 32 0 32 0 0 0 0 0 0 0 268435456 0 0 0 0 32768 0 0 0 0 0 0 0 0 0 0 1073741824 16 0 0 4194304 0 0 0 1073741824 0 0 0 0 0 0 0 8 33554432 0 0 1024 0 0 16777216 33554432 0 0 0 0 0 0 0 0 0 8192 0 524288 0 0 0 0 0 0 0 524288 0 0 128 0 0 0 0 0 0 0 0 0 0 0 256 0 0 0 0 524352 2097152 0 0 0 536870912 2147483648 0 0 0 0 0 0 0 0 2415919104 0 0 0 0 536870912 0 0 0 0 1073741824 0 0 131072 0 0 0 0 0 0 0 0 4 0 256 0 0 0 268435728 0 0 16384 134217728 0 0 16384 2 0 0 64 0 16777216 0 0 0 0 0 0 0 0 0 134217728 0 0 0 512 0 4 0 0 65544 4096 0 0 0 67108864 0 0 4096 1048576 0 272629760 258 655360 8388608 0 4718592 65536 0 0 0 0 0 0 0 0 0 0 0 0 16 0 0 0 0 0 0 0 33554432 0 0 0 8 0 0 0 0 0 0 0 0 0 0 1073741824 0 0 0 0 0 0 16 0 0 0 0 0 0 0 0 0 0 0 0 16777216 0 0 2359296 0 0 0 0 0 256 524288 0 0 0 0 0 32 524288 0 0 0 0 0 0 0 1073741824 256 128 0 0 0 0 0 0 16777216 0 0 0 0 0 536870912 0 0 0 0 0 0 0 1073741824 0 0 0 0 0 0 0 0 0 0 0 1024 0 0 0 0 0 0 0 0 0 33554432 0 0 2048 0 1310720 16785408 0 524304 640 0 64 0 0 0 0 0 0 0 0 0 0 32768 0 0 0 0 0 0 0 256 256 0 0 0 0 0 0 0 0 0 0 0 32 0 0 0 0 0 0 0 0 16777216 0 0 0 0 0 0 0 0 0 64 0 0 0 0 0 0 0 0 0 65536 0 0 16520 0 0 0 0 0 32770 0 0 2048 0 0 0 0 0 0 0 1048576 0 0 0 0 0 0 0 0 0 0 0 0 8912896 0 0 0 0 32 0 0 0 0 0 0 0 0 524288 0 0 0 0 0 0 0 0 0 0 0 0 0 0 0 0 0 0 0 524288 0 0 0 0 0 0 0 0 0 0 0 0 0 0 0 0 0 4096 0 0 0 0 0 0 134217728 0 0 0 0 0 65536 0 0 128 4 0 0 1073741824 0 0 0 0 0 0 0 0 0 0 32768 0 2048 268435456 0 0 0 0 0 0 0 536870912 0 33554434 0 0 0 0 0 0 0 1024 0 268435584 0 0 0 8192 0 0 0 0 0 0 0 16386 65544 0 0 536870920 0 0 16777224 0 4 0 0 0 0 0 0 0 0 4 0 32768 512 0 0 512 64 1073774624 142622720 20971552 588316680 4784448 12416 537152000 0 0 0 0 0 0 0 0 0 0 0 0 1024 0 0 0 256 0 0 0 0 0 0 0 0 128 256 0 0 0 0 0 0 0 0 0 0 0 0 0 0 1048576 0 0 0 0 2097152 0 67108864 0 0 0 64 0 0 1024 0 0 0 0 0 0 0 2147483648 0 0 0 8 128 0 0 0 0 0 0 0 0 0 0 16 32768 276824064 0 2097152 0 0 0 0 0 0 0 64 0 0 0 0 0 1073741824 4 0 0 0 0 0 524416 0 32768 2359296 0 0 0 0 0 0 0 0 1073741824 0 0 4 0 0 0 0 0 0 0 0 0 0 0 0 4194304 0 0 0 2 0 0 0 0 0 0 0 0 0 0 0 33554432 0 0 0 0 0 0 0 134217728 0 0 256 42614784 3296722944 133584 1116422 2281701441 1073741825 168861696
is_linear=0
shrinkage=0.1


Tree=44
num_leaves=31
num_cat=14
split_feature=13 15 13 15 15 15 25 9 13 13 28 25 25 28 15 25 31 15 27 27 15 27 13 27 27 24 15 31 24 32
split_gain=54.847 47.9629 38.2467 30.4607 27.1005 24.0791 24.1961 24.5105 35.7641 29.2895 24.2924 48.0264 39.5487 74.4784 66.1095 65.5221 42.6572 40.6855 35.4416 35.1391 32.4826 29.4523 29.2067 29.0424 28.9896 67.4866 28.5584 28.0804 28.6241 31.9603
threshold=0 1 2 3 4 5 100.50000000000001 6 7 8 10.500000000000002 1.0000000180025095e-35 1.0000000180025095e-35 1.0000000180025095e-35 9 4.5000000000000009 0.086515318602323546 10 10.500000000000002 1.5000000000000002 11 1.5000000000000002 12 2.5000000000000004 6.5000000000000009 -1.0000000180025095e-35 13 0.035508379340171821 -1.0000000180025095e-35 3717.5000000000005
decision_type=9 9 9 9 9 9 2 9 9 9 2 2 2 2 9 2 2 9 2 2 9 2 9 2 2 2 9 2 2 2
left_child=-1 -2 -3 -4 -5 -6 7 8 -7 -9 12 20 17 14 -14 16 18 -11 21 -13 -12 -16 -19 -15 26 -26 -24 28 29 -23
right_child=1 2 3 4 5 6 -8 9 -10 10 11 19 13 23 15 -17 -18 22 -20 -21 -22 27 24 -25 25 -27 -28 -29 -30 -31
leaf_value=0.088747534750711093 0.050201787657996079 -0.050000202244398342 -0.042363656042816111 0.039728969131628565 -0.055084221911794601 0.045992996056039827 -0.05427703223533345 0.029663879313563658 -0.022306429146669034 0.047944918936613359 0.079009253870975002 -0.048774346594296088 0.10446001882028924 -0.040750173817951485 0.042449410539986306 -0.0056029455613355785 0.016312444464368272 0.041313157985593152 0.011317767722322084 -0.0095336238523123992 -0.00015833127393084597 0.099211720711575233 -0.026579062025417911 6.9575035572454579e-05 -0.064413030230584631 0.0036335404373684594 -0.00035353894863841481 0.078730868614805716 0.10376877180217539 0.38966645913010045
leaf_weight=58.515097048599273 172.16861995030195 150.27141233417206 166.01590229198337 155.42455335846171 71.731544552836567 75.578145472332835 83.893483914900571 324.63530050520785 846.41438377951272 156.49927442567423 44.681268722750247 417.77647408889607 83.551142113283277 275.70201309793629 181.18402148876339 736.2851491116453 696.42739125899971 145.29070656071417 137.27536588418297 502.89432488614693 1001.4077852680348 6.1768063111230722 420.27623294107616 473.88900454901159 243.36390584870242 363.36585200508125 11899.84907310456 142.15353392995894 23.4371492206119 9.7973421639762801
leaf_count=832 1515 5169 2992 1412 1015 1525 5958 4823 15543 1486 451 12050 829 6611 4262 16011 5253 1839 4437 10547 12368 274 5732 7661 9703 6468 163139 2083 844 325
internal_value=-0.000572081 -0.000877231 -0.00134567 -0.000949048 -0.000575289 -0.000919138 -0.000689305 -0.000455611 -0.0162743 0.000350691 -0.000195332 -0.010683 0.00109416 0.011969 0.0219744 0.0177761 0.0323119 -0.00117957 0.0545958 -0.02734 0.0039769 0.0709736 -0.00180298 -0.0149441 -0.00231914 -0.0236605 -0.00127003 0.0994379 0.174127 0.277355
internal_weight=20065.9 20007.4 19835.2 19685 19519 19363.5 19291.8 19207.9 921.993 18285.9 17961.3 1966.76 15994.5 2765.88 2016.29 1932.74 1196.45 13228.6 500.024 920.671 1046.09 362.749 13072.1 749.591 12926.9 606.73 12320.1 181.565 39.4113 15.9741
internal_count=313157 312325 310810 305641 302649 301237 300222 294264 17068 277196 272373 35416 236957 48590 34318 33489 17478 188367 12225 22597 12819 7788 186881 14272 185042 16171 168871 3526 1443 599
cat_boundaries=0 91 249 338 499 661 825 826 917 1008 1153 1308 1448 1538 1683
cat_threshold=0 0 0 0 2097152 0 0 0 512 16777216 128 0 0 0 0 0 0 0 0 0 0 1050624 0 0 16400 2048 0 0 0 0 524288 0 2 268435456 0 0 0 0 0 131072 0 2048 0 0 0 0 0 0 1073741856 8 0 0 0 64 0 0 0 0 8388608 0 0 0 0 16384 0 4096 0 0 0 0 536870912 0 0 0 139264 0 8388608 8 512 0 32 0 0 0 0 0 1048576 0 0 0 2 1 0 131072 8388608 0 33554432 134217728 0 0 0 0 0 0 0 0 0 0 0 0 0 0 0 0 0 0 0 4194304 0 0 0 0 0 0 8192 0 0 0 262144 0 0 0 0 0 0 0 0 0 65536 0 0 262144 0 0 0 0 0 0 0 0 0 0 0 0 0 0 0 0 0 16777216 0 0 2048 0 0 0 0 0 0 512 0 0 0 33554432 16 0 0 0 4194304 0 0 0 0 32768 0 0 0 0 264 0 32 131072 1073741824 0 0 32768 0 2097152 0 0 0 0 0 1 0 0 0 0 0 0 0 0 20480 0 0 0 0 0 0 0 0 0 0 0 0 0 0 0 1 0 0 0 0 0 0 0 0 128 0 0 536870912 0 0 0 0 2048 0 0 2147483648 0 0 0 0 0 0 0 8388608 0 65536 0 0 0 0 0 0 0 0 0 0 33554432 0 0 0 536870912 0 0 0 0 0 8192 0 0 0 32 0 0 0 0 0 524288 536870912 0 0 0 2097152 262176 16384 0 32 0 32 0 128 0 32 128 0 0 268435456 512 0 0 65536 2097152 0 2 0 0 0 131072 0 0 4194304 0 0 2 2097168 4 0 0 0 0 4 0 0 16777216 8192 32 0 0 0 0 0 0 0 0 0 0 0 0 0 0 0 0 0 0 0 0 0 0 0 0 0 0 0 132 0 0 4194304 0 0 0 0 0 0 256 0 0 0 134217728 0 1073741824 0 0 0 0 256 65536 32768 0 0 33554432 0 1024 0 0 0 0 33554432 0 0 67108864 0 0 1048576 0 0 0 0 0 2048 0 0 0 0 0 0 0 2049 0 0 0 0 268435456 0 0 0 0 128 32768 0 0 0 0 4096 0 0 0 0 0 0 32 0 0 0 32768 0 1024 0 0 0 16384 0 0 0 0 0 0 0 0 0 0 0 0 0 2147483648 0 1048576 0 0 0 0 0 0 0 0 0 0 1048576 0 0 0 0 0 0 0 0 0 0 262144 0 4096 0 0 0 0 0 0 32768 0 0 0 2147491840 128 67108864 0 32 131072 134217728 0 0 0 0 0 0 0 0 0 0 0 4194304 0 128 0 0 0 1073741824 164 0 0 0 0 128 0 4 0 0 0 0 0 0 0 0 4096 0 0 0 0 0 2147483648 0 0 0 0 0 0 512 64 0 0 0 0 0 0 0 0 0 0 67108864 0 0 0 256 0 0 0 1073741824 0 0 0 0 0 0 0 0 0 0 0 0 32 0 0 0 0 0 0 0 0 0 0 0 0 0 0 0 0 0 0 0 0 0 0 0 65536 0 0 0 0 0 0 0 0 0 2 0 0 33554432 0 0 0 0 0 0 0 0 16384 0 0 0 0 0 0 0 0 0 0 524288 0 4194304 0 536870912 0 0 262144 0 0 0 0 0 0 512 0 0 16777217 0 16777216 0 0 0 2147483648 1048577 0 0 0 0 0 0 0 0 0 0 0 0 0 0 0 0 4 262144 0 0 0 0 8 0 0 0 0 0 0 0 8388608 0 0 1048584 0 268435456 0 0 0 0 0 4096 0 0 0 0 0 0 0 0 0 0 0 0 0 0 0 0 0 0 0 0 0 0 65536 0 0 0 0 0 0 0 65536 0 0 0 0 268435456 0 0 0 131072 0 0 0 0 0 16777216 0 0 0 0 67108864 0 0 0 0 0 0 128 0 0 16777216 67108864 0 524288 0 0 0 512 0 0 0 0 0 0 0 0 0 1024 0 0 0 0 0 0 0 128 0 0 0 16 0 0 0 0 0 0 0 0 131072 0 0 0 512 0 0 0 0 0 0 0 0 8192 12544 0 0 0 16777216 16 0 0 0 0 0 67108864 0 1024 0 0 524288 0 0 0 0 2147483648 0 0 0 67108864 0 0 0 0 0 32768 0 0 0 0 0 4 0 0 0 0 0 1049088 301989888 0 1048576 0 1 0 524416 0 0 16777216 0 16384 0 0 65536 0 0 0 0 0 0 0 0 0 0 0 2048 134217728 0 16777216 0 0 0 0 0 0 0 64 4096 0 0 67108864 0 0 0 0 1073742848 1 0 0 0 1024 524288 1024 0 0 64 0 0 0 0 0 0 16777216 0 16384 262144 16384 0 0 0 4 0 0 0 0 8 0 131072 0 0 2097664 0 0 0 0 0 0 64 128 0 1048576 0 0 4096 268435456 0 0 0 0 16777216 0 0 0 0 0 0 16777216 0 0 262148 0 0 134217728 1 2097152 0 2048 0 0 0 0 536870948 0 0 0 0 0 0 0 0 0 0 0 0 4096 0 2097152 64 0 1048576 0 0 536870912 0 1082130432 0 0 4194304 0 0 0 0 0 0 0 0 0 0 16 0 0 0 16777216 0 33554432 0 33554432 0 0 524288 0 0 0 0 0 0 0 0 134217728 0 0 0 0 0 0 256 0 0 0 0 0 0 0 0 0 0 0 0 0 0 0 0 0 0 0 0 65536 0 0 0 0 0 0 0 0 16 0 16 524288 0 0 0 0 0 0 0 0 0 0 0 0 0 0 0 0 0 0 0 0 545783808 0 0 0 0 0 0 0 0 0 0 0 0 0 0 0 0 0 0 0 0 0 0 0 0 0 67108864 0 0 0 0 0 0 0 0 0 0 0 32768 0 0 0 0 10 0 0 0 0 0 16896 536870912 0 262144 0 0 0 0 262144 0 0 0 0 0 0 0 0 0 0 0 0 0 0 0 0 0 0 0 0 0 0 128 0 0 0 0 0 0 0 0 0 0 0 0 8425472 16 0 0 0 0 0 16384 0 0 0 0 0 0 0 0 0 0 0 0 0 0 0 0 524288 0 0 0 65568 0 0 0 0 0 0 0 0 0 0 1 256 0 0 0 0 0 0 0 0 0 0 0 16 0 0 2048 0 0 0 0 0 0 0 0 0 0 0 4 0 0 8 1048576 0 268435456 8392704 0 0 0 0 8 0 0 0 0 0 0 524288 0 0 4 134217728 0 0 0 1024 0 0 0 0 0 0 0 0 0 0 128 0 0 0 147456 537460736 0 524288 75497472 0 0 0 0 0 8192 0 0 0 0 0 0 0 0 0 0 16777216 0 0 0 33554432 0 0 0 0 0 0 0 0 0 0 0 0 0 0 0 0 0 0 0 0 0 0 0 0 0 0 0 0 1073741824 0 0 0 0 0 0 0 0 268697600 65536 0 0 0 0 0 0 0 0 0 0 0 16 8 0 0 0 0 0 0 0 0 0 8388608 0 0 0 0 0 0 0 0 0 0 524288 0 4194304 0 0 0 0 0 0 0 0 0 0 0 0 0 0 0 0 0 0 0 0 0 0 0 0 0 0 0 0 268435456 0 0 0 0 0 0 134217728 2 0 8388608 0 64 2097152 0 8 33554432 0 2147483648 0 0 0 4 0 1048576 0 0 512 0 0 0 0 0 0 1 0 0 65536 0 0 0 0 0 33554432 0 16777216 0 33562624 0 0 0 268435712 32768 0 0 0 0 0 16384 524288 0 0 0 256 4194312 128 0 0 0 0 0 0 0 0 0 0 0 128 0 0 0 0 0 64 0 0 32 0 0 0 0 0 268435456 0 0 0 65536 1073741824 0 67108864 524288 0 268435520 0 1074266112 0 0 8192 0 0 0 0 0 0 32768 0 0 0 0 0 0 0 17039360 0 0 512 33685504 0 0 0 0 0 0 0 0 65536 0 0 134348800 0 0 0 0 0 0 0 0 0 0 0 0 0 0 0 0 0 0 0 0 0 0 0 0 0 0 0 0 0 0 0 0 16384 0 0 0 16 65536 0 524288 0 0 0 0 0 0 0 0 1024 0 0 1 0 0 256 0 1073741824 0 0 0 536870912 16384 0 0 0 0 0 0 0 0 0 0 0 0 0 0 0 0 0 0 0 0 0 0 0 0 67108864 0 0 0 0 0 8388608 0 0 0 0 0 0 0 0 0 0 8
is_linear=0
shrinkage=0.1


Tree=45
num_leaves=31
num_cat=26
split_feature=15 15 3 15 31 14 3 3 3 14 15 31 15 15 3 3 30 14 14 3 3 3 14 15 14 3 3 14 27 8
split_gain=47.5979 34.0099 37.2139 26.0026 30.1396 24.6722 66.5405 26.0672 24.1853 27.5012 24.8275 31.4849 24.5289 23.2 22.4163 20.5961 20.4183 20.3754 20.2926 50.251 28.6602 27.6369 34.7605 21.0044 19.438 23.7633 19.306 39.8161 18.2992 17.7625
threshold=0 1 2 3 0.037568548694252975 4 5 6 7 8 9 0.031478952616453178 10 11 12 13 0.031560558825731284 14 15 16 17 18 19 20 21 22 23 24 4.5000000000000009 25
decision_type=9 9 9 9 2 9 9 9 9 9 9 2 9 9 9 9 2 9 9 9 9 9 9 9 9 9 9 9 2 9
left_child=-1 -2 -3 4 16 6 -5 17 9 -9 11 -10 -11 -12 -13 -8 -4 -7 19 -15 -20 22 28 -22 -17 -26 27 -25 -21 -28
right_child=1 2 3 5 -6 7 15 8 10 12 13 14 -14 18 -16 24 -18 -19 20 21 23 -23 -24 26 25 -27 29 -29 -30 -31
leaf_value=0.066674617647108927 -0.045546457582983743 -0.042946660836423366 0.34239007675499594 0.042638672519372145 0.027795609159307899 0.033407383613194931 0.042304098446780028 -0.034632157435814145 0.19990288672181655 -0.025532664789586823 -0.040013072685656112 -0.026598282308562961 0.040204709311058184 -0.038548407544664966 0.052623225525743667 -0.012713208850867153 0.088411750377553097 -0.044292330364718531 -0.032459550127189526 0.0017408331537385796 -0.050569580694360454 0.013150196109519988 0.099411088925148813 -0.028608112478779837 0.055793033902144032 -0.044045287567237905 -0.0111068746893783 0.030427783390424474 0.17922086646463897 0.00079002212931022792
leaf_weight=95.348046154715121 157.83277373947203 192.90004318091087 5.057605843525379 178.52150129759684 156.35673570260406 35.108815622515976 41.268738378770649 67.060669277328998 11.570818143896757 62.034199442714453 132.51332998881117 48.129504784010351 396.95068240491673 149.40618122508749 99.875393669120967 701.17501015542075 8.4605577886104566 198.66435023397207 264.07123906235211 95.768927790224552 71.195659244433045 739.9488174545113 90.126776303630322 140.01885904930532 18.528118779882789 469.70122138038278 1372.8608265626244 500.71408744901419 6.1846001269295803 13562.485225713113
leaf_count=798 4788 10892 112 1985 1884 1200 799 782 188 491 2304 630 3722 3033 908 9829 174 6227 12116 2139 1342 10447 1204 4425 638 13643 21332 11580 98 183630
internal_value=-0.000366702 -0.000719742 -0.000339921 0.000100561 0.037947 -0.000249248 -0.0129447 0.00074882 0.0011927 0.0221125 0.000543608 0.0386193 0.030965 0.000166484 0.0286197 -0.0212863 0.183434 -0.0317314 0.000503161 0.0136939 -0.000401399 0.0223887 0.0555662 0.000160016 -0.023827 -0.0392127 0.000424189 0.0172853 0.0113898 -0.000310244
internal_weight=20069.8 19974.5 19816.7 19623.8 169.875 19453.9 1409.19 18044.7 17810.9 526.046 17284.9 159.576 458.985 17125.3 148.005 1230.67 13.5182 233.773 16992.8 1081.44 15911.3 932.029 192.08 15647.3 1189.4 488.229 15576.1 640.733 101.954 14935.3
internal_count=313340 312542 307754 296862 2170 294692 26894 267798 260371 4995 255376 1726 4213 253650 1538 24909 286 7427 251346 16921 234425 13888 3441 222309 24110 14281 220967 16005 2237 204962
cat_boundaries=0 158 319 343 506 513 534 558 582 589 750 891 1055 1073 1097 1104 1111 1135 1159 1179 1186 1347 1354 1378 1401 1409 1410
cat_threshold=16777216 0 0 0 0 67108864 0 0 0 0 0 0 0 0 0 0 0 0 0 0 0 4194304 0 0 4194304 0 0 0 0 0 0 0 0 8192 0 4 16777216 0 0 0 0 0 0 0 0 0 0 4194304 0 0 0 8192 0 8192 0 0 0 0 256 0 0 0 67108864 0 0 2097152 0 0 0 67108864 0 0 0 0 0 0 0 3221225472 0 0 0 0 0 0 0 0 0 0 0 0 0 132 0 0 64 0 0 8 0 0 0 256 0 0 0 0 2097152 0 0 0 0 0 134217728 0 65536 0 0 0 0 0 0 0 0 8388608 0 0 0 0 0 0 0 0 0 8388608 0 0 66 1 0 0 0 0 0 0 0 0 128 0 0 2147483648 0 0 0 0 0 0 0 2147483648 65536 0 0 2048 0 4 524288 0 0 0 4 0 0 270336 0 0 0 0 0 524288 512 0 0 0 262144 0 0 0 0 0 0 0 0 0 0 0 0 536870912 0 0 0 0 1048576 0 0 0 0 0 0 0 0 0 0 0 0 0 0 0 4 0 0 0 0 0 0 0 0 0 0 0 0 0 0 0 0 0 0 144 0 0 0 0 0 0 0 1073741824 0 0 0 0 0 2048 2097152 0 0 0 0 2 0 0 0 0 67108864 0 0 0 32 0 0 0 0 0 16777216 0 0 0 2048 0 0 0 0 0 0 0 0 0 0 1073741824 0 0 0 0 0 0 0 0 0 0 0 134217728 1048576 0 0 0 0 0 0 0 0 0 0 0 0 8650752 0 0 0 0 0 0 32769 0 33554433 67108864 6 0 4198400 16859138 33554432 131072 2420637696 1 0 0 33554432 4 8192 256 0 1048576 0 0 306184224 1536 9280 0 0 0 0 0 128 0 65536 0 0 0 0 0 0 0 0 0 0 0 0 0 0 0 0 0 0 0 256 0 0 0 0 0 0 0 0 0 0 0 0 0 0 0 0 4096 0 0 0 0 0 0 0 0 0 0 0 8192 512 0 0 0 0 0 0 0 0 0 8 0 0 268435456 8 32 0 0 0 0 0 0 0 0 0 0 16 0 16384 0 1073741824 0 0 0 0 268435456 32 0 131072 0 0 0 67108900 0 8388608 0 0 0 0 0 0 0 0 0 0 0 0 268435456 0 0 0 0 1032 524288 4096 0 0 0 65536 0 0 0 0 0 0 0 0 0 32768 0 0 0 32768 0 0 0 0 0 0 0 2048 0 0 0 0 0 0 0 0 0 0 0 0 0 0 1048576 33718400 2164277504 1209141360 101974016 262146 1078102401 16809984 131072 0 8388610 16 0 262144 4194308 16384 0 8194 538968064 32768 537954336 262144 0 0 36 545267720 8 1048576 1082368 0 16777216 2048 131104 32768 196608 8196 134217728 0 68157440 4 32784 83888256 262144 0 0 33554440 268435456 20971520 0 32 18874368 2064 2049 0 280 16777216 10240 0 0 393472 1024 0 2097156 0 33554432 2147483648 8388610 0 8388608 65664 37781504 264196 16779296 268437504 8192 0 32768 67112192 1073741842 20971524 524288 2064130080 0 133120 0 1140850688 0 4096 0 0 1610612736 32 0 32768 0 0 0 0 0 0 0 0 0 0 0 0 0 0 4 0 0 0 0 0 0 0 0 0 0 0 0 65536 0 0 0 0 0 1073741824 0 33554432 0 0 0 49152 0 0 0 0 0 0 0 0 0 2147483648 0 0 0 0 0 0 0 0 0 2097152 0 0 256 0 0 0 0 4 0 0 0 0 33554432 0 0 0 0 0 0 0 0 16384 0 0 0 512 0 0 131076 0 0 0 0 0 0 0 0 0 16777216 0 0 0 0 0 0 0 0 0 0 4194304 0 0 268435456 256 0 0 0 536870912 0 0 0 33554432 0 131072 0 0 4194304 0 0 0 0 0 0 0 0 0 0 0 16384 0 0 0 0 0 0 0 0 0 0 0 1048576 0 0 0 0 0 0 536870912 0 0 0 0 0 0 0 0 0 0 0 0 0 0 0 0 0 0 0 0 0 0 0 0 0 0 0 0 0 0 65536 0 0 0 134217728 0 1073741824 0 0 0 0 0 16384 0 0 0 0 0 0 0 0 0 0 0 0 0 0 0 0 0 0 32 0 0 0 0 0 0 0 0 0 0 0 0 0 0 0 0 0 0 0 0 0 0 0 0 0 0 4194304 0 0 0 0 0 16 0 0 0 0 0 0 0 0 0 0 0 0 0 0 0 0 0 4194304 8388608 0 0 0 0 0 0 0 0 0 0 0 0 0 0 0 0 0 0 0 1073741824 0 0 0 0 0 0 0 0 8396800 0 0 0 0 0 1048576 0 0 0 0 0 0 0 0 0 0 0 0 0 33554432 0 0 8 0 0 0 0 0 0 0 0 512 0 0 8388608 2048 0 0 0 256 67108864 0 8388608 0 0 0 0 0 2147487744 0 0 0 64 0 0 0 0 0 0 8192 0 0 1152 0 0 0 0 0 32 0 0 0 0 0 0 0 335544320 0 0 0 0 0 32768 0 0 0 0 0 1073741824 0 0 0 0 0 0 2048 0 0 0 0 0 0 0 0 0 0 0 0 0 0 512 0 0 0 0 0 0 16777216 4194304 0 0 0 0 0 0 0 0 0 0 0 0 0 0 0 0 0 0 0 0 0 0 0 0 0 0 0 0 0 0 0 0 0 0 0 8192 0 0 0 0 0 557056 1049232 0 0 0 2097152 1073741824 1048640 0 0 0 0 4096 0 64 1073741824 2048 0 33685504 33554432 16777216 0 68157696 561156 0 8 1024 0 0 4194304 1073741824 83951616 4194320 203620480 32768 8388608 1 1090519040 536879234 4 16778240 1140871200 0 538052608 146800962 1073775104 545264644 402653184 3632284160 8196 2416978440 2148007936 8388672 0 16 0 2 134217728 262144 16384 0 536870912 2147483649 537214976 16 0 1048576 2147484160 16384 67109120 1048576 209780736 2048 4194304 4194304 134217728 536870912 4096 0 0 33556480 549455889 1 134742016 8389632 16 0 0 0 0 268468224 2097156 4096 0 80 64 2156462080 8388608 18 134217728 603979778 1073742080 4194304 0 0 536870928 4194304 0 0 16384 134217728 2621472 4 0 134217728 2097152 0 131072 16 8388608 1073775104 545259520 134217728 268435456 4 268437512 32768 4194304 64 0 0 0 0 0 0 0 128 8388608 0 32768 0 0 0 0 0 0 0 0 0 2147483648 0 0 256 262144 0 0 0 0 524288 0 0 0 0 0 0 0 0 0 0 0 0 68 0 0 16777216 0 0 0 0 0 0 0 0 0 0 65536 0 0 256 0 262144 0 0 0 0 0 0 0 0 0 0 0 0 0 0 0 0 0 64 0 0 0 0 0 0 0 8388608 131072 0 0 0 0 0 0 0 0 0 0 0 0 0 0 0 0 0 1024 0 0 0 8 33554432 0 0 33554432 16384 0 0 0 0 0 0 0 0 0 0 2048 1048576 0 0 0 0 0 0 0 0 0 1 0 0 0 0 33554432 0 32768 0 0 131072 0 0 0 0 0 0 0 0 65536 134217728 131072 2164277504 1073872944 1048576 262144 133249 32768 2097152 1024 0 264 0 16850944 0 8192 589824 2048 256 0 2 8388612 0 32768 8 36864 0 0 8388608 0 16842848 2 524288 1048640 64 16 16384 67379202 1076887552 2304 0 536870928 8448 8192 33570884 16 0 0 512 0 1056 1048576 134217728 1048576 2097152 67650561 545783827 50332416 16787488 67108896 20482 239600640 1 24
is_linear=0
shrinkage=0.1


Tree=46
num_leaves=31
num_cat=18
split_feature=15 15 2 14 1 14 15 15 29 15 25 15 14 27 30 32 28 15 32 32 22 14 22 14 29 15 8 14 12 30
split_gain=50.4336 31.8882 28.5692 48.8941 37.18 25.6778 27.306 20.6103 19.0558 20.8627 19.7734 57.8826 35.9478 36.3912 29.088 32.8629 25.06 24.6987 24.279 36.5049 27.9951 19.593 21.5872 22.4965 18.3547 17.3689 17.3406 31.6815 23.3376 18.8748
threshold=0 1 2 3 4 5 6 7 0.84693878889083873 8 5.5000000000000009 9 10 12.500000000000002 0.016813158057630066 3845.5000000000005 1.0000000180025095e-35 11 4073.5000000000005 3986.5000000000005 91.500000000000014 12 11.500000000000002 13 -1.0000000180025095e-35 14 15 16 17 0.36001497507095342
decision_type=9 9 9 9 9 9 9 9 2 9 2 9 9 2 2 2 2 9 2 2 2 9 2 9 2 9 9 9 9 2
left_child=-1 -2 3 -3 -4 -6 -7 -8 9 -9 17 16 24 14 15 -14 -12 -11 19 20 -17 22 -19 -24 -13 -23 27 -27 -29 -28
right_child=1 2 4 -5 5 6 7 8 -10 10 11 12 13 -15 -16 18 -18 21 -20 -21 -22 25 23 -25 -26 26 29 28 -30 -31
leaf_value=0.069157131133554581 -0.041243033085060665 -0.033122079720101033 -0.06980382931146932 0.035798898924740301 -0.01241305946533788 -0.059380248694725059 0.032325090715779679 -0.055618249169207934 0.030118106274952081 0.043673842323914649 0.11772597878955743 0.13727817159135969 -0.093509740984216438 -0.0054862598905520629 -0.05290536127968859 -0.071078264081143969 -0.014098442794877731 0.0099310076860192557 0.037509118289879073 0.659976409219862 0.34914045759700324 -0.02498544586906408 -0.010357941352816404 0.097572813416224771 0.021472211204915225 0.058374694566480367 -0.0010527906380710503 -0.017317362473649831 0.021358812972909792 0.015454781803053345
leaf_weight=95.690742812119424 176.65510457707569 123.21808173041791 66.871848777169362 482.95154015393928 1549.7609421513043 64.644357485696673 200.65857239905745 56.047422129195184 219.68131006415933 128.1882848860696 49.932581312954426 19.42042160499841 12.494879318866877 490.4718273638282 403.65736115258187 3.186956586781891 20.276908487081528 1120.9445637268946 17.088880590628833 1.6984109058976171 3.1546868276782334 258.94321649707854 33.821831998648122 47.33558230381459 46.352917685406283 130.59742584591731 12834.261616020696 255.74801878817379 370.2491841185838 732.16966840997338
leaf_count=798 2978 965 8420 3755 37181 1063 1755 980 1148 2634 333 281 1276 7751 18019 291 195 16231 927 88 94 3093 552 664 1274 1478 188056 3204 4247 3175
internal_value=0.000261438 -0.000104176 0.0002846 0.0214789 -0.00039758 -0.00011775 0.000976248 0.00123363 0.000853568 0.000476701 0.000694205 -0.012479 -0.0187755 -0.0239745 -0.045067 0.0390288 0.0697235 0.00157858 0.104931 0.248234 0.137962 0.00120828 0.0134251 0.0633397 0.0483191 0.000192641 0.000664945 0.0152975 0.00553401 -0.000161771
internal_weight=20016.2 19920.5 19743.8 606.17 19137.7 19070.8 17521 17456.4 17255.7 17036 16980 1067.74 997.526 931.753 441.281 37.6238 70.2095 15912.3 25.1289 8.04005 6.34164 15784.1 1202.1 81.1574 65.7733 14582 14323 756.595 625.997 13566.4
internal_count=312906 312108 309130 4720 304410 295990 258809 257746 255991 254843 253863 30529 30001 28446 20695 2676 528 223334 1400 473 385 220700 17447 1216 1555 203253 200160 8929 7451 191231
cat_boundaries=0 163 324 333 340 341 348 512 673 837 999 1007 1166 1174 1179 1330 1331 1338 1339
cat_threshold=16777217 0 65600 8388608 32768 0 0 0 0 4194304 0 0 0 0 0 0 0 0 0 0 0 4194304 0 128 0 0 0 0 4 0 0 0 0 8192 0 0 128 0 0 0 0 0 0 0 0 0 0 0 4 0 0 0 0 0 0 0 0 0 0 0 0 0 0 0 0 0 0 0 0 0 268435456 8 0 0 0 0 0 0 0 32 0 0 33554432 16 0 0 0 1073741824 0 0 0 4 32768 0 64 0 0 256 0 4 0 1073741824 0 0 0 0 0 0 0 0 0 0 0 0 0 0 0 0 0 0 0 0 0 256 0 0 0 0 0 1073741824 0 0 0 0 0 0 64 0 0 0 0 0 0 0 0 0 128 0 0 0 0 0 0 0 0 0 0 0 0 65536 0 0 1048576 0 12582912 0 10240 64 512 0 67108864 0 0 0 0 0 0 0 0 0 0 0 0 0 0 0 0 0 0 0 0 131072 0 0 0 0 0 0 0 0 0 0 0 0 134217728 536870912 0 0 0 0 0 64 0 0 0 0 1024 0 0 0 0 0 0 0 0 256 0 0 0 0 0 8192 2147483648 0 1024 262144 0 0 0 0 128 0 0 0 0 0 0 0 0 0 0 0 256 0 2048 0 0 0 0 0 0 0 536870912 0 1048576 0 134217728 0 0 0 32768 0 0 0 0 0 0 0 0 0 0 0 0 0 0 0 0 0 0 0 0 0 0 0 0 0 0 0 0 0 0 0 0 1081344 0 0 0 0 0 0 0 0 0 0 0 0 262144 0 0 0 0 0 0 32768 0 2147483648 0 4194304 32 4194304 536870912 0 2048 2349858946 17152 5308448 9216 664010752 524288 1107297280 35451921 184680464 3355443474 134253140 33816832 786438 1081729 1073741832 0 0 17408 0 16777232 0 0 0 8396800 131073 0 0 0 0 0 0 0 0 0 0 0 0 0 0 0 0 0 0 0 0 0 8 8 0 0 0 0 536871168 0 0 0 0 1048576 0 0 0 0 0 256 0 0 8388610 0 0 0 0 0 0 0 0 0 0 0 0 0 0 0 0 0 0 0 0 8388608 0 0 0 0 0 0 0 0 0 0 0 2 67108864 0 0 0 0 0 32768 0 0 0 0 4096 16777216 0 0 0 0 67108864 0 0 0 32768 0 16777216 0 0 0 0 0 0 0 0 0 0 0 0 0 0 0 0 0 0 0 0 16 0 2147483648 128 0 0 0 0 0 2 0 0 0 0 0 0 0 0 0 0 0 0 0 0 0 0 0 0 8388608 0 0 0 0 0 8192 65544 0 0 0 0 0 0 64 0 2048 0 0 0 0 0 0 0 64 0 2 0 0 0 0 0 0 33554432 0 0 0 0 0 0 0 0 0 0 0 0 0 0 0 0 0 0 0 0 4194304 0 8388608 2147483648 262144 1073741824 0 1048576 64 0 0 4 0 0 0 0 0 0 0 512 8 0 67108864 0 0 0 32768 0 0 0 0 0 0 0 0 0 0 0 0 0 4194304 0 0 32 0 0 0 0 0 0 0 0 0 131072 0 0 0 0 0 2097152 0 0 0 0 1073741824 0 0 0 0 0 0 0 8 0 0 2097152 0 0 0 0 33554432 0 0 0 0 0 0 0 32768 0 0 0 1048576 0 0 0 0 0 0 0 0 0 0 0 0 0 0 2048 0 0 0 0 0 1048576 32768 0 16777216 0 32 0 0 0 0 0 128 0 0 32768 1048576 0 0 0 8192 0 0 0 0 0 0 0 0 0 0 0 0 0 0 0 0 1048576 0 0 0 0 512 0 0 0 2048 0 0 0 0 67108864 0 0 67108864 0 0 0 0 0 0 0 0 0 0 2147483648 0 0 1048576 0 1024 0 0 0 0 0 0 0 0 0 65536 0 2048 0 0 0 0 268435456 0 0 0 1024 0 131072 0 0 0 0 0 0 0 0 0 0 0 0 0 0 0 0 0 1024 0 0 0 67108872 0 0 0 0 0 512 0 0 0 32 0 0 0 0 0 2048 0 0 16 0 4 0 0 0 0 0 1 0 0 0 0 0 0 0 0 0 0 0 0 0 0 0 0 0 0 0 0 0 0 16 0 0 131072 4096 268435456 130 142606336 0 0 0 0 0 0 0 0 0 0 0 0 16384 0 0 0 0 16777216 0 0 0 0 0 0 524288 0 0 0 0 0 0 0 0 0 0 0 0 16 0 0 0 0 0 0 0 0 0 0 0 0 0 0 0 0 0 0 0 0 0 0 0 16777216 0 0 32 0 16384 0 0 0 16 0 2097152 0 32 0 1073741824 0 0 0 0 0 0 0 0 0 0 0 0 0 0 0 0 0 537395456 0 0 0 0 0 4096 0 0 0 0 0 0 0 0 0 0 0 0 0 0 0 0 0 0 0 67108864 0 0 262144 0 8 0 0 0 0 0 0 32768 0 0 0 0 0 0 0 0 0 0 0 262144 0 0 0 0 0 0 0 0 0 512 2149075200 8192 1048864 17825792 51453952 526340 2776640000 1 0 0 4 64 0 0 268435456 8388608 131072 32768 0 0 0 270336 0 0 0 0 0 0 0 0 1073741824 0 0 0 256 4 0 0 0 0 0 0 0 0 0 0 0 0 16384 0 0 0 0 0 0 0 0 0 1073741824 0 0 0 0 0 0 0 0 0 0 0 0 0 0 2097152 0 0 0 0 0 0 0 256 0 0 0 0 0 0 0 0 0 0 0 0 0 0 0 128 8 0 268435456 0 0 0 16384 0 262144 32 0 0 0 0 2 0 0 0 2147483648 0 0 0 0 0 0 0 0 0 0 0 0 4096 0 0 0 0 0 1073741824 0 0 0 0 1024 33554432 0 0 0 0 4 0 0 0 0 262144 0 0 0 0 0 2147483648 0 0 0 0 0 0 0 0 2048 537133098 67665920 1652625408 671621124 545276928 0 2189469184 1 536870912 524288 1082130432 536879104 536871936 0 0 537001985 33558528 0 128 0 32 0 0 4 0 0 0 0 0 0 0 0 0 0 0 0 0 0 0 0 0 0 0 0 34078720 0 0 0 0 0 0 0 0 8388608 0 0 0 0 0 0 256 67108864 32768 0 0 0 0 0 1 0 0 0 0 0 0 0 0 0 0 0 0 16779264 0 0 0 0 0 0 0 0 0 0 0 0 0 0 0 0 0 0 0 64 2048 0 0 131072 0 0 0 0 0 0 0 0 536870912 0 0 32768 0 0 0 0 0 0 0 0 0 33554432 0 0 0 0 524288 0 0 0 0 0 0 0 67108864 262144 0 0 33554496 0 0 0 1048576 0 0 0 0 0 0 0 0 0 0 0 0 0 4194304 4 35 1140867072 4 16777248 67175424 88150625 0 272631824 76006123
is_linear=0
shrinkage=0.1


Tree=47
num_leaves=31
num_cat=22
split_feature=15 13 13 15 14 13 15 13 9 14 13 15 15 13 13 14 15 14 20 15 25 32 17 24 32 14 32 24 13 2
split_gain=49.6221 39.2892 29.1881 30.056 28.9566 33.7674 28.0264 27.8246 24.9254 40.0278 31.783 24.6522 22.4076 25.381 22.0193 20.6198 19.06 19.3004 18.8623 17.7871 17.4832 16.9062 16.2194 20.9105 20.6281 18.922 30.1049 16.2037 17.6438 16.042
threshold=0 1 2 3 4 5 6 7 8 9 10 11 12 13 14 15 16 17 0.17744776606559756 18 235.50000000000003 4312.5000000000009 4.5000000000000009 0.11012608557939531 4111.5000000000009 19 3950.5000000000005 0.67179489135742199 20 21
decision_type=9 9 9 9 9 9 9 9 9 9 9 9 9 9 9 9 9 9 2 9 2 2 2 2 2 9 2 2 9 9
left_child=-1 -2 15 -4 5 -5 -6 -8 9 -9 -11 -7 -10 -14 -15 -3 -16 18 -18 -19 27 -12 23 24 -13 26 -24 28 -21 -30
right_child=1 2 3 4 6 11 7 8 12 10 21 22 13 14 16 -17 17 19 -20 20 -22 -23 25 -25 -26 -27 -28 -29 29 -31
leaf_value=0.061628007479169238 0.083097561797537245 0.026846489964923243 -0.042034548495897522 -0.037356414667810374 0.034689488750402141 -0.04197138552248534 0.044133184103829444 0.055778613427700401 0.03991672522348718 0.03363063414721109 -0.02723223761385779 0.017847184303394114 -0.045404182741795862 0.035076438060468354 0.032839268633958377 -0.050049608257503868 -0.021774733450737178 -0.050736050165363068 0.011273027852790028 0.039908100916660104 -0.081188474650814954 -0.067700311759538043 0.043890893625208156 0.058880748672200403 -0.0090960071185635441 0.019545116012405113 0.20347730286596472 0.036376365109692894 0.014184340873374821 -0.0020905309716085347
leaf_weight=118.68038478586823 45.835285390727222 39.186624720692635 162.59316969150677 124.22084751352668 202.42423803498968 64.997353584505618 120.59314208757132 52.808975324500352 119.95672382740304 65.726709059206769 383.80123131209984 1128.8497894767206 122.29170176014304 153.69125166442245 147.46693541947752 184.74570583784953 860.15305971400812 62.11996737588197 216.09623505547643 94.211494476767257 27.10607592901215 141.21744915191084 27.254250132013112 97.360200033523142 379.75142514146864 132.3050047387369 20.874526727478951 116.29806806659326 623.16613909462467 14004.519095949596
leaf_count=1045 548 590 3067 1999 2513 994 1748 983 1923 1518 7577 14746 2626 2127 1890 5992 15352 768 1050 1411 1905 3126 346 877 7559 1591 312 994 5485 220598
internal_value=-0.000271426 -0.000670782 -0.000905649 -0.000487395 -0.0001194 0.0113257 -0.00141619 -0.00185816 -0.00220626 -0.0213633 -0.029073 0.0147753 -0.00144875 -0.00177491 -0.00142005 -0.0360209 -0.00178883 -0.00212822 -0.0149998 -0.00119078 -0.000949766 -0.0374047 0.0170621 0.0139637 0.0110649 0.045585 0.0936491 -0.000803828 -0.00109754 -0.00138798
internal_weight=20040.3 19921.6 19875.8 19651.9 19489.3 1975.61 17513.6 17311.2 17190.6 643.554 590.745 1851.39 16547.1 16427.1 16304.8 223.932 16151.1 16003.7 1076.25 14927.4 14865.3 525.019 1786.4 1605.96 1508.6 180.434 48.1288 14838.2 14721.9 14627.7
internal_count=313260 312215 311667 305085 302018 28424 273594 271081 269333 13204 12221 26425 256129 254206 251580 6582 249453 247563 16402 231161 230393 10703 25431 23182 22305 2249 658 228488 227494 226083
cat_boundaries=0 163 250 341 504 511 603 764 855 856 863 952 1103 1264 1353 1445 1452 1601 1608 1768 1775 1866 1875
cat_threshold=16842752 0 0 8192 0 67108864 0 0 131072 0 0 0 0 0 0 0 0 0 0 0 0 0 0 128 0 0 0 0 0 0 0 0 0 8192 0 16 16777216 0 0 0 0 0 0 0 256 0 4 4194304 0 0 0 0 0 0 0 0 0 0 256 0 0 0 67108864 0 0 0 0 0 0 0 268435456 0 0 0 0 0 0 0 0 0 0 0 0 0 0 0 0 0 1048640 0 0 0 32768 0 0 0 0 0 0 32 0 1073807360 0 0 0 0 2097152 0 0 0 0 0 134217729 0 0 0 0 0 0 33554432 0 0 0 0 0 0 0 0 0 0 1 0 0 0 0 0 0 0 0 0 0 0 0 262144 0 2097152 128 524288 0 0 0 0 0 0 0 0 0 2147483648 0 0 0 0 1048576 0 0 0 0 0 0 0 0 0 0 0 32 0 0 0 0 16 0 0 0 0 2048 0 0 16384 2048 0 0 0 0 524288 0 2 268435456 0 0 0 0 0 131072 8388608 1 0 0 0 0 0 0 32 8 0 0 0 64 0 0 0 0 0 0 0 32768 0 8388608 0 0 0 0 0 0 134217728 0 0 0 131072 0 0 0 262144 65536 0 0 0 4 0 0 512 0 0 0 0 0 0 0 0 0 0 0 0 0 524288 0 0 64 0 0 0 0 0 0 0 536872960 0 0 0 0 0 4194304 0 0 2097152 0 0 0 0 0 0 524288 0 0 0 0 10485760 262144 16384 0 0 0 0 16777216 0 0 0 4194436 8192 0 0 17039360 0 0 65536 0 0 1073741824 0 0 8 0 2048 0 0 0 128 4 16 4 8 2048 0 0 0 0 4194304 131072 0 0 8388608 16 0 8388608 524288 0 0 0 0 0 524288 1048576 0 0 0 0 0 0 0 0 0 0 0 0 0 0 0 0 4 128 0 0 0 0 0 0 0 0 0 536936448 0 0 0 134217728 0 0 0 268435456 0 0 0 8421376 32768 0 0 0 0 0 0 0 0 0 0 0 0 0 0 0 0 0 0 0 0 256 2048 0 0 0 0 0 65536 0 0 0 0 0 0 0 0 0 0 0 128 0 0 0 0 0 4096 0 0 0 0 0 0 0 2147483648 4 0 0 0 0 16 0 0 0 0 0 2048 0 0 0 8388864 0 0 0 0 0 0 0 0 1048576 0 0 0 0 0 0 0 0 0 0 1074790400 0 0 64 0 0 0 0 0 0 0 0 0 8388608 0 0 0 8388608 0 0 32768 0 16 1026 545783808 570495008 532480 277967905 32 2705613320 0 0 0 0 524288 2 0 8388608 0 0 0 0 0 0 0 0 4 128 0 0 0 0 0 0 0 64 0 0 0 1073741824 2048 0 0 0 0 0 0 0 0 0 0 0 0 256 0 0 4096 0 0 0 0 0 0 0 0 0 0 128 0 8192 0 0 0 0 2097152 0 0 67108864 167772160 0 0 0 0 0 1073741824 0 0 0 32 0 4160 0 4 0 335577088 0 0 0 0 0 0 1 1 0 65536 0 0 0 134217728 65536 0 0 0 0 0 0 0 0 0 0 0 2 0 4194304 0 0 0 0 0 0 33554560 0 0 0 0 0 0 4 0 0 0 0 0 0 0 0 0 0 0 0 0 65536 0 0 0 0 0 0 0 0 4 65536 0 0 0 0 0 0 0 0 0 0 0 16777224 32 32768 0 0 0 0 512 0 0 0 0 0 0 0 0 1073741824 0 2048 8388608 64 0 0 0 131072 0 256 0 0 0 0 0 0 0 0 0 0 0 0 0 0 0 0 0 0 0 0 0 8 0 0 268435456 0 0 0 0 0 0 0 0 0 0 0 0 0 4227072 0 0 0 0 0 0 256 2 0 256 0 0 0 0 1024 0 0 0 0 0 0 0 0 1048576 2 0 0 0 8388608 132112 134217728 8 33554432 32 0 0 134217728 0 0 0 0 128 0 0 0 0 0 1073741824 0 0 0 0 0 0 0 64 0 0 0 0 0 1073741824 536870912 33587200 0 0 0 0 0 4 0 0 0 0 0 0 0 65536 16384 0 0 0 64 8192 0 0 2 0 0 0 0 0 0 0 0 0 0 0 4194304 0 0 0 0 0 64 128 0 0 0 0 1048576 0 0 1024 64 8480 1161832448 67117332 4 1048612 1208484352 1060866 524288 0 0 0 16777216 16 0 0 0 0 0 67108864 0 0 0 0 655360 0 0 0 0 0 0 0 0 0 0 8 0 0 0 43008 0 4 0 0 0 128 16777216 0 0 0 0 512 268435456 0 0 0 1 4198400 128 0 0 0 128 0 0 0 0 0 0 4 0 16 8 0 16384 0 0 0 2048 0 0 16777216 0 1073741824 0 0 0 0 0 0 4096 0 0 67108864 32768 0 4096 67108864 0 0 0 0 0 0 0 0 0 0 4 0 0 0 0 0 0 0 0 0 512 0 0 0 0 0 0 3221225472 0 0 0 0 0 0 0 0 67108864 0 0 0 512 0 536870928 0 0 0 0 0 0 0 0 0 0 0 67108864 0 8192 0 0 0 0 0 0 0 0 0 2147483648 0 0 0 0 0 0 0 0 0 0 0 0 16 0 0 0 0 0 8192 524288 0 0 268500992 0 0 0 0 0 0 0 0 0 0 0 0 0 0 0 0 0 32768 4 0 0 0 0 33554432 0 8388608 0 0 16384 768 0 0 0 0 0 0 0 0 0 7168 0 0 0 0 4 0 0 0 0 0 262144 16 0 0 0 0 256 0 0 0 131072 0 0 0 0 0 0 0 0 0 4227072 0 0 1024 0 0 0 0 0 0 0 0 0 0 0 0 0 0 4 32 0 16 0 0 0 0 0 0 4194304 0 0 0 1048576 0 3221225472 0 2147483648 0 0 4194304 0 0 2 0 0 0 0 0 0 0 0 0 0 0 0 0 0 0 0 0 0 0 0 0 0 0 0 0 1073741824 0 0 0 0 0 0 0 16384 0 268435456 0 0 0 0 0 0 0 0 0 0 0 0 0 0 0 1073741824 0 0 0 4194304 2147483648 0 0 0 0 0 2147483648 0 0 0 0 0 33554432 0 0 0 0 0 67108864 2 0 0 0 0 0 131072 0 128 16777216 0 0 0 16384 0 0 0 256 0 0 0 0 0 128 0 0 0 0 0 0 0 0 0 16384 0 0 0 16777216 0 0 0 0 0 65536 2097152 0 1024 0 8 0 0 0 0 0 33554432 67239936 0 0 0 0 0 0 1073741824 0 40960 0 526336 0 0 0 64 0 131074 64 0 0 0 1342177282 0 537133056 0 0 0 65664 0 0 0 0 0 0 0 0 0 0 0 0 0 0 0 0 2 0 0 0 0 0 16777224 0 0 0 0 1024 0 0 0 0 0 0 0 0 289406976 0 67108864 0 32768 8388608 0 67633152 0 1048576 0 8 0 2 0 0 0 536870916 0 1048576 0 0 512 0 0 0 0 0 0 0 0 1048576 0 131072 0 0 0 0 0 0 0 0 0 0 0 0 0 0 0 0 0 8 0 16384 0 0 0 0 0 0 128 0 18874368 16 2097152 128 131072 0 134217728 0 0 33554432 128 0 0 0 0 0 8 0 0 32 0 67108864 0 32 0 0 0 0 0 0 0 512 1 2684370944 2164277256 16777216 100664334 177477120 528416 33554432 0 0 0 0 524288 0 540672 0 0 8192 0 0 0 131072 0 0 0 32768 0 0 0 0 0 0 0 0 0 0 0 0 0 0 2 128 0 0 0 0 0 0 2113536 0 0 8390656 0 0 0 0 0 0 0 0 0 0 0 0 0 0 0 0 0 1073741824 0 0 0 0 0 0 2147483648 0 0 0 0 256 0 0 0 2147549184 0 32 0 0 0 0 0 0 0 0 0 0 0 32 0 32 0 256 0 0 131074 67108864 0 0 0 134217728 0 0 0 0 0 0 0 0 0 0 0 0 0 0 0 0 0 0 0 8388608 0 0 0 0 0 0 4096 0 1024 16384 0 0 64 0 0 0 0 0 0 0 0 0 16 0 16384 2718302336 2214592786 142737684 269484296 2281701506 1078099968 1048656 32768 0 1025 2097152 0 4 0 67108864 0 0 0 0 0 0 0 0 0 0 0 524288 0 0 0 0 0 0 0 0 0 0 0 0 0 0 0 0 16384 0 0 0 16 0 0 0 16 16384 0 0 16777216 0 0 0 0 0 0 0 0 4096 0 0 0 0 0 0 262144 0 0 0 0 0 0 0 0 0 0 0 0 0 0 0 0 0 0 0 0 0 0 0 0 0 0 0 0 0 0 0 0 1090519040 0 0 0 0 67108864 0 0 0 4194304 0 0 0 0 0 0 0 0 0 0 0 0 0 0 0 0 0 0 0 0 0 0 0 0 2147483648 0 0 0 0 2048 128 0 0 2049 0 0 0 0 0 0 0 0 0 0 0 0 4096 0 0 0 0 0 65536 1024 0 536875040 0 73729 0 8704 0 0 0 0 0 0 0 0 512 4 0 0 0 0 0 0 0 0 64 2097152 0 0 0 4 0 0 1 1074790400 0 0 0 1024 0 0 0 16777728 0 0 0 262144 0 0 0 0 0 0 4096 0 0 0 536870912 0 0 268435472 0 0 8 0 0 67108868 0 0 262144 0 8192 0 0 2097152 0 134217728 0 16777216 0 0 0 0 0 8 256 0 16777216 0 0 0 0 65536 0 134217728 0 0 131 0 2281701376 0 4194304 32 4194304 536870913 0 2048
is_linear=0
shrinkage=0.1


Tree=48
num_leaves=31
num_cat=24
split_feature=13 15 3 13 15 15 3 14 25 3 3 30 25 15 13 3 27 3 14 13 31 3 14 3 3 32 13 14 3 7
split_gain=51.5191 45.0454 46.9812 34.8252 27.3036 24.7822 24.0153 25.9565 23.8574 72.6609 43.5439 31.6811 33.9809 28.7867 26.4591 46.4231 26.1996 25.3408 57.589 36.4621 30.4423 29.6653 29.2308 70.1356 30.5376 25.7071 24.1353 23.7554 23.432 22.8266
threshold=0 1 2 3 4 5 6 7 5.5000000000000009 8 9 0.030300049111247066 21.500000000000004 10 11 12 1.5000000000000002 13 14 15 0.0065395517740398654 16 17 18 19 868.50000000000011 20 21 22 23
decision_type=9 9 9 9 9 9 9 9 2 9 9 2 2 9 9 9 2 9 9 9 2 9 9 9 9 2 9 9 9 9
left_child=-1 -2 -3 -4 -5 -6 7 -7 13 11 -11 12 -10 -8 15 -15 -13 18 -16 -20 25 -22 23 -23 -24 -19 -26 -12 -25 -18
right_child=1 2 3 4 5 6 8 -9 9 10 27 16 -14 14 17 -17 29 20 19 -21 21 22 24 28 26 -27 -28 -29 -30 -31
leaf_value=0.087309037230481182 0.05818870358445314 -0.04196647373554023 -0.050883065862197367 -0.035117025944028275 0.046590743844841638 0.057680292235124192 -0.054190230199815462 -0.034419899727457133 0.34597489773707046 0.0019929952987815919 0.041281508223181732 -0.095157574121729885 -0.042868465814986503 0.10370405815728433 0.085405451472131785 0.00018844880218255752 0.14165673889362243 0.35462212386903791 0.072225411186397512 -0.005014596934632797 -0.03823960267674073 0.06144821404238543 -0.02388649893963353 -0.037851537061802693 -0.035339384921058037 0.029209401827774917 0.0014671043209717261 -0.044979604200076788 0.0096041469528887688 0.033499867653935957
leaf_weight=57.356846968177706 120.83642692025751 261.85277613531798 124.15002766367979 205.94857251737267 106.65943047264591 25.796641601715237 81.515388982836157 308.0151837002486 6.9632024550810439 418.87259677005932 28.711910666432232 13.266294839326291 3.3184998342767358 61.770577776245773 106.15521636325866 119.48664438910782 23.536711935885251 4.4526894539594633 61.657192123821005 411.76147729577497 182.23737838095985 260.53652155818418 498.43175144540146 115.71497941622511 170.32049218378961 5.3379183579236269 14951.815285647288 564.28644314548001 594.32961289980449 114.15648599155247
leaf_count=768 983 10629 3533 3234 1333 697 1091 10883 170 6018 1023 311 328 520 3009 1983 191 43 1699 14990 7401 3891 10182 1960 2261 531 187010 23739 10787 1942
internal_value=-4.95652e-07 -0.000295101 -0.000680608 -0.000107016 0.00024316 0.000639726 0.000359354 -0.0258318 0.000837924 -0.0129702 -0.022878 0.0476685 0.220473 0.00175744 0.00204711 0.0390432 0.0390567 0.00163864 0.0220172 0.00633096 0.000922213 0.000819867 0.00127118 0.0180195 0.000219664 0.177204 0.00102947 -0.0401877 0.00145208 0.0519878
internal_weight=20009.3 19951.9 19831.1 19569.2 19445.1 19239.1 19132.4 333.812 18798.6 1173.11 1011.87 161.241 10.2817 17625.5 17544 181.257 150.959 17362.8 579.574 473.419 16783.2 16773.4 16591.1 970.581 15620.6 9.79061 15122.1 592.998 710.045 137.693
internal_count=313140 312372 311389 300760 297227 293993 292660 11580 281080 33722 30780 2942 498 247358 246267 2503 2444 243764 19698 16689 224066 223492 216091 16638 199453 574 189271 24762 12747 2133
cat_boundaries=0 90 254 278 369 530 691 715 722 745 769 933 1024 1043 1067 1075 1165 1188 1195 1218 1241 1332 1340 1363 1364
cat_threshold=0 0 0 0 2097152 16 16 0 33554944 0 0 0 134217728 0 0 0 0 0 0 0 33554432 2048 0 0 0 2048 0 0 0 0 0 0 131074 0 0 16777216 0 0 0 33685504 0 0 0 0 8388608 0 0 0 32 0 0 0 0 80 0 0 0 65536 0 0 0 0 0 536887296 0 0 0 2097152 0 0 0 0 8192 0 536870944 64 0 0 0 0 0 0 0 0 0 65536 1049088 0 0 8 1 0 65536 0 131072 67108864 0 0 0 0 0 0 0 0 0 0 0 0 0 0 0 4194304 0 0 0 0 4194304 0 0 0 0 0 0 0 0 16 0 0 0 0 0 0 0 0 0 0 0 65536 0 0 2147483648 8192 1073741824 0 0 64 0 0 0 0 0 0 0 0 0 0 8388608 0 0 67108864 268435456 524288 0 0 0 0 0 1073741824 0 0 0 0 0 1073741824 0 0 0 0 64 0 0 4 32768 0 0 0 0 0 0 0 0 0 0 0 0 0 2097152 0 0 0 0 0 134217728 0 0 0 0 0 0 8 0 0 0 0 0 0 0 0 0 1073741824 0 0 0 0 0 0 0 0 0 0 0 0 0 0 8 0 128 0 0 2147483648 0 0 524288 0 0 0 0 2147483648 0 0 0 0 1048576 128 0 16777216 65664 2048 0 136314880 545277960 268435456 0 205684768 65571 0 67108864 33554432 0 0 32 4096 0 0 1048576 160 1024 8208 0 0 0 0 0 0 0 0 0 67108865 0 0 0 0 0 0 1048576 0 0 268435968 8192 67108864 0 0 64 0 0 0 1073741824 0 0 0 2048 0 0 0 128 0 0 64 0 0 0 256 0 2097152 262144 0 0 0 0 0 0 1073741824 0 0 136 262144 0 2080 0 0 0 65536 0 0 8 128 0 0 131072 0 0 0 0 8 0 16 4 0 0 0 0 0 0 0 0 8192 0 0 1 0 281018368 256 2097152 0 0 0 0 0 0 0 0 0 0 0 0 0 0 0 0 16384 0 0 64 0 0 0 0 33554432 0 0 0 0 0 0 0 524416 536871168 0 0 0 0 0 0 0 0 0 0 0 0 32768 0 0 1024 0 1024 0 0 0 0 0 0 0 0 0 0 0 0 0 0 0 0 0 0 0 0 0 0 0 0 0 0 16384 0 0 0 0 0 1073741824 0 0 0 0 0 0 0 0 0 0 0 0 65536 0 0 0 8192 0 4096 0 1024 0 0 0 0 0 0 67108864 0 0 0 256 0 0 0 0 0 0 0 4194304 0 16 0 0 33554432 0 0 0 0 0 0 1048576 0 0 0 0 0 0 0 0 0 0 0 0 266240 262656 0 0 0 0 0 32768 0 0 0 0 4194304 0 0 0 0 4196352 0 0 0 0 0 0 0 0 0 0 0 0 0 128 0 0 0 0 0 0 0 0 0 8192 0 0 0 0 0 0 0 0 0 8388608 0 0 0 0 4 0 0 0 0 0 0 0 0 0 0 0 0 0 524288 0 0 2097152 0 0 0 0 0 8 32 0 0 0 0 65538 32768 0 8 0 0 0 0 0 0 4194304 0 0 0 0 0 0 0 131072 0 256 0 0 0 16 0 0 0 0 0 0 16777216 0 0 0 0 0 268435456 0 0 0 0 33554432 1048576 0 0 0 0 0 0 0 8 0 0 0 0 0 0 0 66 0 0 0 0 0 1073741824 0 0 0 0 0 0 0 0 0 0 0 0 0 0 0 0 0 1048576 570425344 0 0 131104 0 0 16777472 184549376 131072 16388 16 0 8388736 32768 4 0 0 2147483648 0 16 0 38928384 133384 3108 16777216 536887297 2060 269484032 1108623654 0 2304 2148139008 109051904 1073774592 4194304 0 0 3145728 0 0 8192 2097152 3221225473 16908288 65536 0 1048576 0 1073741824 525344 0 2281701376 0 4194336 1073741824 4194306 67109122 0 0 0 4456448 541065216 16384 768 16384 8224 33040 268439556 0 0 0 8192 0 4194304 8389632 0 64 1 0 0 0 6144 0 33554944 0 0 8388608 1 0 0 0 32768 0 0 0 0 0 524288 0 0 0 0 0 0 0 262656 0 0 4194304 0 0 0 0 1048576 0 0 0 0 0 0 0 0 2048 0 0 0 8 0 0 0 0 0 0 0 0 0 0 0 0 0 0 0 0 0 0 0 16777216 0 0 0 0 16384 0 0 0 16 0 128 0 0 0 0 0 0 0 0 0 0 0 32768 0 0 0 256 0 0 0 0 0 0 67108864 0 0 0 0 0 0 0 0 0 0 8 33554432 0 0 0 0 16777728 0 0 0 0 0 0 0 0 0 0 1048576 0 128 0 0 0 0 0 0 0 0 0 0 0 0 0 0 0 0 0 0 0 0 0 0 0 0 0 0 0 0 0 0 16 0 0 0 0 64 0 0 268435456 0 0 0 0 0 0 0 0 0 0 0 524288 0 0 0 0 16384 0 65536 0 8 0 0 0 0 512 0 0 0 0 0 0 0 0 1048592 268697600 32768 0 0 16 0 0 0 0 16777216 0 0 0 0 0 0 2097152 0 0 262146 0 0 0 16777216 131072 16777280 0 16 0 0 0 0 0 8388612 4194304 263168 0 0 0 524288 0 268435456 0 285212672 0 0 0 2 268435456 33554436 0 0 0 8 0 262144 16384 0 286720 1073741824 196721 65584 0 0 0 8421376 17302528 134250496 335544321 16781312 8448 536870912 50855952 4096 1024 135266304 3 8192 32768 0 134221832 0 0 0 268697600 2056 0 524320 0 0 16777216 205783042 16660 1048576 33620992 1761632357 0 33693696 1 0 0 0 0 524288 0 0 0 0 32 0 0 65536 0 0 0 0 0 0 0 0 0 0 0 0 0 0 0 0 0 0 0 4 0 0 0 0 0 0 0 0 4 0 34603008 0 0 4096 0 0 0 0 1024 0 0 8388608 256 0 0 1024 335552512 0 0 16 0 0 16384 1073741824 0 167772160 0 0 0 0 0 4 0 0 0 0 0 0 4096 4 256 67108864 0 0 4096 65536 1075840000 1075838976 39845888 67117056 0 49152 32768 66752 0 0 594504 4 0 0 0 0 1 536870912 0 524288 0 134217728 276856832 5242880 1090520193 603979777 8487040 536879136 411051008 2147516544 826803968 83886080 80 8388610 0 0 8 0 12583168 603996160 2097152 2113536 268435457 557392 262144 0 0 2097152 8388608 32 0 0 2048 562036736 67108864 64 2048 0 2048 4195328 0 8388865 0 18882560 262144 2147483649 16973824 262144 0 0 0 8 32 66 268435456 1075841024 2818637840 0 262144 0 0 524288 0 0 0 64 32 0 0 0 0 0 0 0 0 0 1073741824 2 0 0 0 2048 0 0 1024 2048 0 0 0 0 1048576 0 0 0 0 0 0 0 0 0 1048576 0 0 4096 1 0 0 0 1024 4194304 0 0 0 0 0 0 0 0 0 0 8 8192 0 0 0 0 128 0 0 0 0 0 262144 2 1024 512 0 0 0 0 4 16384 0 4227072 0 67174400 0 64 2305 151003152 33554432 18087936 268510212 524288 553912320 1 0 8388608 1073741824 4194305 0 0 134479872 278528 33554432 0 33792 8388640 4096 0 0 1048576 2147483648 0 1377281 1048576 65664 0 8352 1
is_linear=0
shrinkage=0.1


Tree=49
num_leaves=31
num_cat=23
split_feature=13 3 15 13 15 3 15 3 31 13 13 3 25 3 15 13 15 28 3 15 3 15 3 13 25 3 25 3 25 28
split_gain=36.7308 37.8377 33.5878 29.5689 26.6842 25.5898 26.7026 25.2877 28.6204 22.8659 22.4658 21.8288 19.4808 18.8586 19.9411 20.5972 20.0317 18.6344 56.8162 50.168 34.0693 27.3556 26.4223 30.6516 23.3126 29.1587 22.9342 75.2886 43.9332 45.6173
threshold=0 1 2 3 4 5 6 7 0.044900996610522277 8 9 10 235.50000000000003 11 12 13 14 10.500000000000002 15 16 17 18 19 20 1.0000000180025095e-35 21 1.0000000180025095e-35 22 4.5000000000000009 1.0000000180025095e-35
decision_type=9 9 9 9 9 9 9 9 2 9 9 9 2 9 9 9 9 2 9 9 9 9 9 9 2 9 2 9 2 2
left_child=-1 -2 -3 11 -5 -6 7 -7 -9 -8 -11 -4 13 -12 -15 -16 -17 21 -19 -20 -21 -18 23 -23 -22 -26 -24 -28 29 -29
right_child=1 2 3 4 5 6 9 8 -10 10 12 -13 -14 14 15 16 17 18 19 20 24 22 26 -25 25 -27 27 28 -30 -31
leaf_value=0.06202061014305954 -0.054601763080664292 0.049426432294071024 0.027365592799771628 -0.041425445719951437 -0.038946555693644247 -0.019607461773373035 0.057478355783206619 0.20612378117812169 0.051145114967933628 -0.054628987578472968 -0.023528827293075073 -0.051037748480879212 -0.078024761748302821 -0.037579312686458893 -0.052829440528001363 -0.057090612819309494 0.036523685171408228 0.049242219255160466 0.058722191349275601 -0.035580992684614295 0.0057078707352325904 0.061824857613332743 0.0010193315248097044 -0.035541082226632562 0.016797868146567398 -0.034817581901954893 0.049896996661517853 0.02520789942442684 -0.013338432597208275 -0.014125044530879797
leaf_weight=84.772467718459666 117.8849273994565 126.36453686514869 40.329612903296947 143.92501221061684 154.09106396860443 50.563483008183539 59.801100635435432 13.410058753564952 106.95519578270614 64.607178167905658 311.45597682939842 179.1119765334297 31.65777698950842 123.70880690170452 60.35036256769672 48.404968676157296 225.95411167573184 154.31582880532369 85.912090537138283 580.02981874998659 706.00505449902266 27.87530491896905 12851.659652004717 296.94044836028479 144.36314258840866 409.74239134066738 412.76448976807296 1092.8843114119954 902.50894680456258 403.80778703605756
leaf_count=1043 7775 1493 487 2826 6648 898 1157 230 978 1432 13754 3418 2819 1538 1385 654 1773 2318 1154 12672 7915 852 167356 9862 1838 10369 7627 13964 21144 5992
internal_value=-8.70415e-05 -0.000382183 -3.21397e-05 -0.000374598 4.60901e-05 0.000376309 0.000712608 0.0389483 0.0631638 0.000348222 0.000137547 -0.0360639 0.000353888 0.000485789 0.000901705 0.00118064 0.00138703 0.00157285 -0.00733623 -0.0120623 -0.0156667 0.00271689 0.0022149 -0.0255883 -0.0062921 -0.0216952 0.00280741 0.0109895 0.00407084 0.0145959
internal_weight=20012.2 19927.4 19809.5 19683.1 19463.7 19319.8 19165.7 170.929 120.365 18994.7 18934.9 219.442 18870.3 18838.7 18527.2 18403.5 18343.2 18294.8 2080.37 1926.05 1840.14 16214.4 15988.4 324.816 1260.11 554.106 15663.6 2811.97 2399.2 1496.69
internal_count=313371 312328 304553 303060 299155 296329 289681 2106 1208 287575 286418 3905 284986 282167 268413 266875 265490 264836 36266 33948 32794 228570 226797 10714 20122 12207 216083 48727 41100 19956
cat_boundaries=0 89 113 276 368 529 553 713 736 827 918 936 960 1118 1209 1369 1393 1527 1548 1711 1735 1818 1841 1865
cat_threshold=0 0 0 0 2097152 0 8 0 33554944 8192 32768 0 0 0 8 0 0 0 0 0 0 1050624 0 0 0 0 0 0 0 0 524288 0 2 0 0 16777216 0 16777216 0 0 0 2048 0 262144 0 262144 16777216 0 1073741824 0 0 0 0 0 0 0 0 0 0 0 128 0 0 8388608 0 16384 0 2097152 0 0 0 0 8192 0 32 0 0 0 262144 4096 0 0 0 0 0 65536 512 33554432 67108864 0 0 75776 64 0 4194304 8288 134217728 0 1107431425 10 0 0 33554432 4 67108864 33554432 32768 0 16 0 4194336 2064 10312 16777216 0 0 0 0 0 0 0 0 0 0 0 0 0 0 0 0 0 0 0 0 0 0 128 0 0 0 0 4 0 0 524288 0 0 0 0 0 0 0 0 0 0 0 1073741824 0 0 0 4194304 4 0 0 262146 0 0 0 0 0 0 0 0 0 0 0 0 0 2097152 8388608 0 16777216 67108864 0 128 0 1048576 0 0 0 0 0 0 0 0 0 0 0 0 0 4194304 1 256 0 0 32768 0 0 0 0 0 4 32 131072 0 0 0 0 0 0 0 0 0 0 0 0 0 65536 16384 0 0 0 0 0 0 0 0 0 0 0 0 0 0 0 0 0 0 0 32768 32768 0 0 0 4 0 0 0 0 0 128 0 0 536870912 0 0 0 0 0 0 0 2147483648 0 0 0 0 1048576 0 0 8 0 268435456 0 0 0 8388608 1 0 0 128 0 0 0 1048576 0 0 0 0 67108864 0 0 0 0 0 0 0 0 16400 0 0 0 0 0 2097152 0 0 0 0 0 0 2 0 2097152 262160 1 0 0 0 0 0 0 0 0 0 0 0 16777216 16777216 0 0 65536 8192 0 0 0 33554432 0 131072 32 0 524288 512 0 4 0 0 0 16777216 0 0 4 67108864 0 0 0 1048608 0 16 1 0 1048576 16777216 35651584 0 0 0 0 0 1048576 128 0 0 0 0 0 0 0 0 0 16384 0 0 0 0 0 2 0 0 0 0 0 0 0 0 0 0 0 0 0 0 0 0 0 0 0 0 0 64 0 0 8421376 0 0 0 0 0 1073741824 0 0 0 0 0 16777216 268435456 0 1048576 0 65536 0 0 1024 0 0 0 0 0 32768 0 0 0 0 0 0 0 0 0 0 0 0 0 2048 0 0 0 65536 0 0 0 0 0 0 67108864 0 0 8192 0 0 0 0 0 0 0 0 0 0 2048 0 0 0 1048576 0 0 0 0 0 0 0 0 0 0 0 0 0 0 1073741824 0 0 0 0 1097728 0 0 64 0 0 0 0 0 0 131072 0 0 0 0 0 0 0 0 0 32768 0 0 128 131106 34816 1134297090 16795648 100663296 0 128 16 0 67108864 8 0 16777216 0 0 0 0 0 41943040 32776 1312 0 0 4096 0 0 0 0 32 0 0 0 0 0 0 0 0 0 64 0 0 0 0 0 0 4 0 0 0 0 0 0 0 0 0 0 0 0 262144 0 0 0 0 0 8388608 524288 0 256 0 0 0 0 0 0 0 0 0 0 0 16384 0 0 0 0 0 0 0 0 0 0 0 0 8 0 0 0 0 0 0 0 0 4 0 0 0 0 0 0 0 0 0 0 0 0 0 0 0 0 256 0 0 0 8388608 0 1073741824 0 0 2097152 0 16777216 0 0 0 134217729 0 0 0 0 0 0 1032 0 8 0 0 2 0 0 0 0 0 0 0 4194304 8388608 0 0 18874432 0 16 0 0 0 0 0 0 2097152 0 0 0 0 0 0 0 0 0 0 0 0 0 268435456 16777216 0 0 0 0 874586112 231055 0 0 0 0 67108864 1152 0 0 0 0 4096 0 0 0 0 134217728 0 0 0 0 0 16384 0 0 0 32 0 32 0 0 541065216 0 0 0 0 0 0 0 0 1073741824 16384 0 0 0 0 0 4 0 2048 0 8 0 0 1073741824 0 33554432 0 0 1048577 0 0 0 0 0 8 0 0 524288 0 16 0 0 0 0 0 0 0 0 536871044 67108864 0 0 0 65536 524288 0 0 0 0 0 0 0 8388608 0 1024 0 0 0 0 0 0 0 9437184 0 16777216 0 2 0 0 0 8 0 0 0 0 0 0 0 0 1024 0 0 0 8 0 0 0 0 0 0 0 0 0 0 4 0 0 0 0 0 0 8388608 33554432 0 0 131072 268435456 0 0 0 67108864 0 0 4096 16384 0 32 0 67108864 4194304 1073741826 0 0 128 0 0 0 0 0 0 0 0 33554432 0 0 64 0 0 2048 0 0 0 262152 0 0 0 0 0 64 0 0 4 4194304 0 0 0 8388608 1049088 17301504 75497472 1073774592 1 0 0 0 0 570441728 0 0 1 2360321 8 0 8192 0 16384 0 2097152 0 65540 0 134217728 537919488 8404992 268435456 2120 32 1 8388608 134218752 0 1 64 65536 1024 0 1 36864 1119092736 131072 32768 0 9216 0 285212672 64 0 67108864 0 0 0 0 0 0 0 0 0 0 0 524288 0 0 0 64 0 0 0 0 0 0 4194304 0 0 128 0 0 0 536870912 0 0 131072 0 1048576 0 0 0 0 0 0 0 0 0 0 0 0 0 0 0 0 0 0 0 0 0 262144 0 0 0 8192 524288 0 0 0 0 65536 0 0 0 0 128 0 0 0 0 0 67108864 0 0 0 0 0 64 0 0 0 0 4096 16777216 0 0 0 0 0 0 0 0 0 0 0 0 0 0 0 0 0 8388608 0 0 0 0 0 0 0 0 0 0 0 0 0 0 1048592 0 16 0 0 0 0 0 0 138412032 1 0 0 0 0 0 0 0 0 4194304 0 0 0 0 0 0 0 8388608 0 0 0 0 134217728 0 0 0 0 0 0 0 0 0 0 0 0 0 1024 268435456 0 131072 0 0 0 0 0 0 0 536870912 0 0 524288 1048576 0 0 65536 262144 0 64 524288 0 0 0 0 0 0 131072 4 0 524288 0 0 0 0 4098 0 0 0 67108928 0 0 0 2048 1 0 2 0 0 0 0 1024 16777216 134217728 0 0 0 16 0 65536 0 0 0 33554432 524288 0 4227072 8388608 0 0 1024 0 4194304 1 0 0 0 0 0 8388608 1 0 0 0 0 0 0 0 0 8 0 0 16384 0 0 0 0 0 0 0 0 0 8 8 0 0 1048576 0 0 0 0 0 0 0 0 0 0 0 0 0 67108864 0 0 0 0 0 0 0 2147483648 0 0 0 0 0 0 0 0 0 0 0 0 0 32 0 0 0 0 0 16 0 0 0 0 0 0 0 805306368 0 0 0 0 0 32768 131072 0 0 0 0 0 0 0 0 0 0 0 0 0 0 0 0 128 0 0 0 8 33554432 0 0 0 0 512 0 0 0 0 0 0 0 0 0 0 0 2147483648 128 0 0 0 0 0 0 0 0 16 0 256 0 0 0 32768 131072 0 4 0 0 0 0 0 0 0 0 4194304 0 1074790657 2 1024 0 0 0 1280 0 0 524288 0 128 20 0 0 6 545280000 4098 0 135397376 136323072 2147549376 4 0 0 0 147456 65536 128 1073741824 64 8192 0 0 0 0 8192 0 0 0 0 0 0 0 0 0 0 16777216 0 0 0 33554432 0 0 0 0 0 0 0 0 0 0 0 0 0 0 0 0 0 0 0 0 69632 264192 0 0 0 0 0 0 0 256 0 0 0 0 0 0 0 0 0 0 0 0 2048 8388608 49152 0 0 0 0 0 32 524288 0 0 0 0 0 0 0 0 0 8388608 0 1 0 0 0 0 0 0 0 0 537395200 0 536870912 0 0 0 0 0 0 0 1073741824 0 0 0 0 0 0 0 0 8388608 0 0 0 0 0 0 0 0 0 0 0 0 33554432 134217728 276824066 1073774592 0 0 8 2359296 4202496 33554432 0 538976256 2147483648 7471379 0 0 0 0 4194304 268435456 0 1024 0 0 131072 8392704 2048 512 4194304 0 0 2048 0 0 0 0 0 0 0 0 0 0 0 0 0 0 0 0 33554432 0 0 0 0 0 0 0 0 0 16777216 0 0 0 0 0 0 0 0 0 0 65536 2 0 0 0 0 0 0 1 0 0 0 268500992 0 0 0 0 0 0 262152 0 0 0 0 0 0 0 0 0 0 1073807360 0 0 0 0 0 0 0 0 0 268435456 0 0 32 0 0 0 0 0 0 0 262144 0 0 0 0 0 0 0 0 4325376 0 0 0 0 0 0 0 0 0 0 0 0 0 0 0 0 256 0 0 0 8 32768 0 0 0 0 0 0 0 0 4 0 0 0 0 0 0 0 0 0 0 0 0 0 0 4096 2176 0 0 0 0 0 16384 0 16 0 20971520 0 0 16384 268435456 4096 256 1048576 2147483904 525313 0 1024 268435456 0 0 4194824 536887296 0 0 1214464 2097152 83137 4100 0 0 0 0 0 0 0 0 0 536870912 2 0 0 0 0 0 0 0 0 0 0 0 0 0 0 64 0 0 0 0 0 0 4 0 0 0 0 0 0 0 0 0 0 1048576 32768 0 0 256 0 0 0 0 0 64 0 256 4194304 0 0 0 0 0 0 0 0 2 0 67108864 0 0 0 32768 0 0 0 0 0 0 512 0 2048 0 4 2197848064 0 67109120 1 0 131088 0 16777216 0 8448 32768 33554560 16892928 268501024 0 134225920 544 1073750016 2048 0 2147483648 0 4194304 3254779904 276824064 8 8 0 131072 0 541065216 33554432 4194304 2359296 1476403200 16384 262144 0 1048576 0 2147483648 40 0 2348810368 1048576 4194336 32768
is_linear=0
shrinkage=0.1


Tree=50
num_leaves=31
num_cat=20
split_feature=13 3 3 13 3 17 3 24 3 13 3 13 25 27 3 3 3 29 30 7 30 3 13 3 27 3 6 3 31 24
split_gain=36.4516 35.3468 24.4237 26.2959 31.6518 21.9503 28.8825 22.719 36.4092 30.0757 26.0788 24.2909 23.9554 86.4265 89.8575 47.4127 31.7254 29.2394 48.7521 33.9701 32.2529 27.9948 23.3204 32.3301 25.3104 65.5199 31.4571 20.7183 19.7991 19.137
threshold=0 1 2 3 4 5.5000000000000009 5 0.17655051499605182 6 7 8 9 2.5000000000000004 1.5000000000000002 10 11 12 -1.0000000180025095e-35 0.038061365485191352 13 0.020042539574205879 14 15 16 18.500000000000004 17 18 19 0.070109389722347273 -1.0000000180025095e-35
decision_type=9 9 9 9 9 2 9 2 9 9 9 9 2 2 9 9 9 2 2 9 2 9 9 9 2 9 9 9 2 2
left_child=-1 -2 -3 4 -4 7 -7 9 -9 28 -11 -10 16 15 17 -14 -12 18 20 -20 -15 -16 23 -18 27 26 -26 -24 -5 -27
right_child=1 2 3 5 -6 6 -8 8 11 10 12 -13 13 14 21 -17 22 -19 19 -21 -22 -23 24 -25 25 29 -28 -29 -30 -31
leaf_value=0.065359307696991456 -0.036092102820861963 -0.042983800365578848 0.035061927800656797 0.16406398236629444 -0.055224323253757861 -0.031155939044211933 0.021726471397302109 -0.016594248475071589 -0.020923502221383269 0.023102830824733803 -0.027145259263831507 0.032590788896358108 0.080659402918469666 0.10358628296500604 -0.042376330534453679 -0.068772540156856646 -0.030382979566601416 0.020771626315710737 0.14715219780782174 0.013082359281506651 0.35204373823876928 -0.0029821467474915623 0.014966745184390584 0.047052971339401499 0.046206237100565269 -0.072627424749212285 0.23678946508849463 -0.0006793185181749868 0.039176917488395913 -0.024111907646325467
leaf_weight=74.639381320448592 263.72991071245633 120.74481763318181 45.449475201778114 16.726854680106044 158.93272452172823 109.66612658184022 844.96528590889648 272.37856897711754 93.365780246909708 422.71078784158453 428.04184238775633 653.92454694304615 16.41445673443377 11.213041256181898 332.65791317704134 296.84509793273173 65.887074935249984 253.50885155191645 26.281285404227674 67.278847445733845 9.7832555449567717 397.85288585349917 893.47812942229211 212.60233461228199 40.185867457184941 123.64881729893386 11.039870908483861 13373.692057386274 52.656118994578719 237.41126236040145
leaf_count=1064 10011 7100 586 388 3741 1370 11000 2710 850 9827 9179 6138 448 136 12437 13868 903 5547 186 955 110 8248 22146 3430 637 5481 103 168634 457 4985
internal_value=-0.000126848 -0.000405766 9.28464e-05 0.000381939 -0.034448 0.000769145 0.0155527 -1.22347e-06 0.0145039 -0.000856661 -0.0011386 0.0257168 -0.00176201 -0.0142296 -0.00101759 -0.060563 -0.00061912 0.0386678 0.0816468 0.0507429 0.219355 -0.0212514 0.000158004 0.0283145 -0.000395075 -0.024822 0.0730242 0.000310527 0.0605568 -0.039629
internal_weight=19927.7 19853.1 19589.3 19468.6 204.382 19264.2 954.631 18309.6 1019.67 17289.9 17220.5 747.29 16797.8 1411.84 1098.58 313.26 15386 368.065 114.556 93.5601 20.9963 730.511 14957.9 278.489 14679.5 412.286 51.2257 14267.2 69.383 361.06
internal_count=312675 311611 301600 294500 4327 290173 12370 277803 9698 268105 267260 6988 257433 41935 27619 14316 215498 6934 1387 1141 246 20685 206319 4333 201986 11206 740 190780 845 10466
cat_boundaries=0 91 115 139 228 250 274 297 384 408 498 521 542 565 566 585 673 696 718 719 743
cat_threshold=0 0 0 0 0 0 0 0 72 0 0 0 0 0 8 0 0 16384 0 0 2147483648 2048 0 0 0 2048 0 0 8 0 0 0 0 0 0 0 2097152 0 0 131072 8388608 1 0 0 0 262144 0 0 32 0 0 0 0 64 0 0 0 0 0 0 0 0 0 536887296 0 134217728 0 2228224 134217728 0 0 0 8192 0 8224 128 0 0 262144 0 0 128 0 0 0 0 0 4096 0 0 3 0 16777216 65664 8194 16 0 32 512 0 0 1035 0 520 301998080 0 67108864 131072 2147483648 1048576 64 134217728 65568 67174548 4096 0 2097408 0 131104 0 5308416 16793600 469762048 0 16777728 33554432 294912 0 0 4 0 33554442 4096 0 0 0 39063552 17825793 3072 0 0 0 0 268435520 512 0 0 0 0 0 0 0 0 262144 0 0 0 262144 0 0 0 0 4 0 0 0 4 0 0 4196352 0 524288 0 0 0 0 0 0 0 0 0 0 256 0 2097152 262160 16384 0 0 0 0 0 1073741824 0 0 136 262144 0 268435456 33554432 0 2 65544 2097152 0 0 0 0 0 134217728 0 0 0 0 0 8421376 0 0 0 0 0 0 0 524288 4194304 0 0 1048608 0 268435460 2 1032 0 8 262144 262144 536887296 0 0 2550136832 524321 65538 0 0 0 262144 2080 0 2147483648 2097152 2164785152 67108864 268435456 0 0 8 2097152 278528 536870912 0 0 1216348160 19070976 1028 0 159383552 32 1073741824 67634208 16 0 134217728 0 16777248 17301504 8388610 1140850688 9 0 0 0 262144 81920 0 8192 1073750016 21268881 0 0 16785408 1024 1073741824 268435456 0 1049600 2048 4194304 2 0 0 0 0 0 134217728 268435456 512 0 0 0 0 0 0 1048704 0 0 0 2101248 0 0 0 0 18432 0 65536 0 0 0 8192 16777216 0 0 8 2097152 0 0 0 33554432 2097152 0 512 0 0 0 0 0 4194304 0 0 1024 0 0 0 0 0 65536 0 524288 0 0 262144 67108864 8192 0 0 0 0 536870912 16 0 0 0 131072 0 0 4194304 0 0 0 0 0 0 0 65536 1048576 1090650112 570425344 285212672 0 0 0 1075838976 0 65536 2097408 131072 0 16777216 1024 0 16777216 0 541089792 268500992 16777216 1082368 0 536870976 33316 0 0 0 0 0 0 0 0 0 0 2147483648 0 0 0 0 0 0 0 0 0 0 0 0 0 2048 64 0 0 0 0 0 0 0 2097152 0 0 0 0 0 0 0 0 0 0 0 0 0 268435456 0 0 0 134217728 0 0 16384 0 0 0 64 32 0 0 0 0 0 2 0 67108864 0 0 0 0 0 0 0 0 4 131072 0 0 0 0 4 0 67108864 0 0 0 0 1073741824 2181562368 8388616 1140850688 9 0 0 0 541065216 67125248 4194304 2097152 142614529 2359600 0 0 1048576 32 1073741824 525312 0 2147483648 134217728 4194304 2181038080 1342177280 0 256 0 0 12582912 536870912 0 8192 0 0 2048 32 0 134217728 0 8388608 32 0 67108992 33554432 1048576 0 2048 16384 2 1081344 1067008 524288 2151763969 16 1 34619392 0 0 1048576 0 33685504 524288 18 0 536870912 33816578 1 142606336 335544324 8421376 1024 0 0 545521664 262144 570425344 0 65536 33554560 550536258 134217776 0 134217728 0 276824064 32 0 0 0 0 0 0 0 8388608 0 1048576 0 0 0 0 0 0 0 0 0 0 0 0 0 0 536870928 0 0 0 512 0 32772 0 4 268435456 0 0 0 0 0 33280 0 0 0 269484032 0 0 16777216 0 0 65536 32 0 16777216 268435456 16384 256 0 0 1024 2097152 0 0 0 0 0 0 1073741824 0 0 0 0 0 0 0 512 0 0 0 1024 8 0 4096 524320 0 0 0 268435456 134217728 2684354560 335544322 8388608 0 0 33554432 536870912 4456448 0 0 0 2684354560 2722064 16 0 134217728 0 8388608 1024 0 2155872256 2048 4202496 67633152 4 67108872 0 0 603987968 536871425 4194304 0 0 8196 2147483776 32 4144 0 0 544 268435456 21233664 0 10485760 16777216 1 0 5 4096 1 0 50593792 0 8388608 0 2064 536870912 1024 2176 134217728 0 0 0 8388616 16 32 131073 402786432 8421920 16400
is_linear=0
shrinkage=0.1


Tree=51
num_leaves=31
num_cat=23
split_feature=3 25 3 25 3 31 17 14 3 14 3 3 14 3 3 14 14 14 3 3 2 14 14 31 14 3 30 3 14 24
split_gain=34.9732 26.2702 56.0907 33.8808 20.9953 20.7836 19.4974 44.6851 35.4669 21.0254 54.6043 27.9309 36.0056 27.1463 22.4827 52.4806 20.6331 18.5459 50.4213 18.0567 20.4287 20.5646 17.6829 17.2581 35.042 26.7829 24.7518 24.0763 23.9169 23.2899
threshold=0 37.500000000000007 1 235.50000000000003 2 0.0065395517740398654 5.5000000000000009 3 4 5 6 7 8 9 10 11 12 13 14 15 16 17 18 0.033358646556735046 19 20 0.023903110995888713 21 22 0.21326331049203875
decision_type=9 2 9 2 9 2 2 9 9 9 9 9 9 9 9 9 9 9 9 9 9 9 9 2 9 9 2 9 9 2
left_child=-1 4 3 -3 5 -2 9 -8 -9 10 -6 12 -11 -12 15 -13 -10 18 -16 -19 21 -21 -17 24 25 26 -22 28 -26 -30
right_child=1 2 -4 -5 6 -7 7 8 16 11 13 14 -14 -15 17 22 -18 19 -20 20 23 -23 -24 -25 27 -27 -28 -29 29 -31
leaf_value=-0.037863001318529016 0.12544368139280085 0.073812315754617316 -0.061951422026916059 -0.095339415402871733 0.10538177337770352 -0.034365450099781973 0.075923327139140434 0.037708905435607155 0.028996431908208116 0.044804709911851315 -0.038314990743578574 0.10423028163627175 -0.031789027222352606 0.014568570050666205 0.044014846530302104 -0.048604636399191763 -0.015040454759999594 -0.023668365903787871 -0.018691152450773567 -0.030186889488572868 0.47701005162025067 0.045672589170203039 0.01432094473179266 -0.00013780482762231977 -0.0075240972796418422 -0.056116701220549771 0.079986393488332169 0.00028652129037287611 0.040983911710429879 0.17446864540849641
leaf_weight=229.89397587999701 8.4307980090379697 63.042022383771837 169.79571888572536 14.579942832002414 52.588668535463512 234.33138275076635 97.770485727116466 259.21904518036172 125.61789405625314 62.387594517786056 100.31876803771593 55.60613914206624 480.26346690231003 835.81477097957395 135.25916274916381 39.389243464916945 491.25256963074207 285.68870803806931 1137.0962536961306 39.459319808520377 2.0723631370346975 176.80458232015371 504.63420164491981 13366.199126595166 116.04689051536843 97.645198971033096 6.4811870970297605 388.20929045137018 407.98086195904762 13.503482742700724
leaf_count=10848 62 1634 10816 347 533 7605 1072 2431 1791 1479 1950 650 13254 12129 1498 629 7019 6141 19428 232 179 956 9017 146424 5899 5733 363 26831 16263 299
internal_value=8.95579e-05 0.000549819 -0.0318302 0.0372422 0.000960519 -0.0276755 0.0013348 0.0151229 0.00738675 0.000601913 0.01471 -0.00021207 -0.0223318 0.00855635 0.000516481 0.0193686 -0.00575339 -0.000194038 -0.0117339 0.000798585 0.00129273 0.0311089 0.00896984 0.000823605 0.0132843 -0.0390172 0.0812214 0.019495 0.033109 0.0442115
internal_weight=19997.4 19767.5 247.418 77.622 19520.1 242.762 19277.3 973.86 876.09 18303.4 988.722 17314.7 542.651 936.134 16772.1 599.63 616.87 16172.4 1272.36 14900.1 14614.4 216.264 544.023 14398.1 1031.94 106.199 8.55355 925.741 537.531 421.484
internal_count=313512 302664 12797 1981 289867 7667 282200 12313 11241 269887 14612 255275 14733 14079 240542 10296 8810 230246 20926 209320 203179 1188 9646 201991 55567 6275 542 49292 22461 16562
cat_boundaries=0 24 37 61 69 92 99 119 142 149 172 196 203 210 218 242 266 271 278 286 293 317 341 348
cat_threshold=2048 512 0 8194 0 16781328 540680 33554432 268435456 1107298304 0 0 4194304 301989888 0 268435456 2 4096 1 16777216 0 2701131808 2105408 256 301989888 2 67141632 0 0 0 2097152 4194304 16384 0 2113536 32 264192 0 16 67108864 131104 536903680 4194305 16812033 134219776 0 8 16 0 75497480 0 4 0 64 2147500032 0 0 2097152 37748736 1048834 3072 1049664 0 4194336 671088644 536965440 8576 8192 1 168296448 276824064 33026 3080 0 8 0 4456448 33554432 0 8192 3221225472 34603523 8 0 0 1024 8519680 133120 0 134217728 2048 32 524288 8945665 1652594824 526336 281024000 163840 2421441088 16777216 4 1082130432 0 0 8 0 8388608 0 2097152 2097152 0 0 0 0 0 131088 8421376 0 16 638058496 0 0 2048 0 65536 536871040 12583169 0 6308352 0 536870912 0 2 0 0 1024 32768 8 82 402653184 266240 1157627936 1767112705 2164285696 4325380 536870914 202661925 258 100665344 8388608 67108864 0 4194304 0 0 270532608 8192 67108864 32768 33024 1476395168 16777664 134217744 0 32768 0 0 1056 0 1024 134217728 65536 3229614080 68157704 16777216 0 0 32768 33554432 16384 65536 98305 33024 0 256 16778240 0 32768 65568 262144 69632 4194304 128 134217728 16 20971520 67108866 276 4194336 65536 621019136 0 9216 620789760 142614544 1100025856 67444736 1209009185 35 536921600 54657032 2164277504 1179728 570425600 65831 526337 109093120 1 131072 0 2 277 0 33816576 516 16785408 0 2 0 0 1048624 327680 0 0 4 276824064 285212672 32 8421376 0 4096 4 131136 0 0 16 0 41943040 512 16777216 536870912 67764226 536870916 32768 32768 128 0 1 4 268443648 268435456 32 8388640 0 6152 4 0 0 0 4194304 32 2215641090 512 4194304 65536 738197504 0 1024 570688576 16785408 151126016 268435464 33554432 3 16 1 2291140800 1073750018 134283808 2148868130 739246080 20482 134348800 2097152 0 1073741952 0 0 0 2097152 805306368 33554432 0 8192 0 0 0 0 0 0 0 0 0 0 0 536887296 8715 0 306184260 1073741828 0 16384 8 4096 67109376 33554432 144 65536 32 0 134316048 0 0 0 0 48 0 0 131072 13173248 32800 1140850960 671089156 4195332 268435456 1108099072 4202496 1074267152
is_linear=0
shrinkage=0.1


Tree=52
num_leaves=31
num_cat=29
split_feature=3 15 13 15 3 14 13 14 3 3 13 3 13 14 14 14 3 3 15 13 3 13 3 15 15 14 23 13 13 3
split_gain=42.7201 37.3198 29.4335 26.7806 25.9228 69.7096 35.4598 26.2079 68.8213 34.3822 32.8987 32.2355 31.5468 28.6689 21.9038 21.8911 51.8053 27.603 27.0206 25.7432 22.1328 21.5365 39.8866 23.4469 20.4043 21.6266 27.6286 20.7928 19.7831 19.385
threshold=0 1 2 3 4 5 6 7 8 9 10 11 12 13 14 15 16 17 18 19 20 21 22 23 24 25 -1.0000000180025095e-35 26 27 28
decision_type=9 9 9 9 9 9 9 9 9 9 9 9 9 9 9 9 9 9 9 9 9 9 9 9 9 9 2 9 9 9
left_child=-1 -2 -3 -4 5 -5 -7 8 13 10 -9 -10 -11 -6 -12 16 -14 24 -19 20 -20 22 -21 -23 -17 -26 -27 -28 -13 -18
right_child=1 2 3 4 7 6 -8 9 11 12 14 28 15 -15 -16 17 29 18 19 21 -22 23 -24 -25 25 26 27 -29 -30 -31
leaf_value=-0.05476618552609086 0.0495068109968042 0.059056166502879343 -0.035258958864812791 -0.044440019984104677 0.00050267707935795043 -0.039655581778741851 0.034009019035259845 0.092218603635335628 -0.029003729318805245 -0.045021696126722528 0.014807598434765815 -0.040699523157131018 0.041110084112568779 0.092227783995461166 -0.04688358965650849 -0.025008360259024906 -0.047838599337015841 0.048091513755146087 -0.009680604781379578 0.047339728157562079 0.055397252308176229 -0.038981170204075162 -0.060524610740507162 -0.00079697891337568341 -0.021090617215400245 -0.0089518976558391646 -0.046844676594034129 0.060779500274771574 0.013247123633775962 -0.012094689962187013
leaf_weight=131.86807159543969 142.9709286428988 73.81557640642859 207.07894044695422 151.55300904880278 55.095376421697438 64.938701913459226 745.0420380346477 12.241930281277744 241.47162045957521 152.97195939719677 69.426848540548235 62.882419319823384 119.61726476531476 132.27528856135905 330.22073680721223 71.542862445581704 286.9367122319527 102.33480653120205 82.228933975566179 38.514659003354609 139.76656098267995 152.66151091223583 136.74468759028241 14296.751026802929 65.31961164646782 85.448879265692085 14.972623891197143 276.06851112097502 1186.1109008130152 358.43093982362188
leaf_count=10341 1354 1142 4856 7479 553 2606 18906 292 4990 2787 1532 1196 1505 1091 13068 1189 7534 1266 1194 318 1795 2708 2564 187100 1210 1978 431 6408 16884 7096
internal_value=-8.62776e-05 0.000304303 -7.74744e-05 -0.000329682 6.04974e-05 0.015982 0.0276915 -0.000776563 0.0111027 -0.00196942 -0.0301584 0.00372227 -0.00124262 0.0666485 -0.0360667 -0.000802453 -0.0172036 1.95712e-05 -0.000770221 -0.00113916 0.0319137 -0.00166235 -0.0355447 -0.00122708 0.0225938 0.030685 0.0399812 0.0557216 0.0102294 -0.0284742
internal_weight=19987.3 19855.4 19712.5 19638.6 19431.6 961.534 809.981 18470 1677.84 16792.2 411.89 1490.46 16380.3 187.371 399.648 16227.3 764.985 15462.4 14949 14846.7 221.995 14624.7 175.259 14449.4 513.352 441.81 376.49 291.041 1248.99 645.368
internal_count=313373 303032 301678 300536 295680 28991 21512 266689 24714 241975 14892 23070 227083 1644 14600 224296 16135 208161 196945 195679 2989 192690 2882 189808 11216 10027 8817 6839 18080 14630
cat_boundaries=0 24 186 274 435 458 465 555 563 585 609 698 719 810 818 825 832 853 877 1028 1119 1142 1233 1254 1415 1569 1576 1666 1754 1775
cat_threshold=2048 0 64 0 0 67109904 4194848 1 0 1207960576 33554720 0 0 301989888 0 0 0 0 0 16777216 2048 1358954528 268455936 12425 16777225 0 0 0 0 0 1073741824 0 0 2048 0 0 0 0 0 0 0 0 0 0 0 4194304 0 0 0 0 0 1073741824 0 0 0 0 0 0 0 16 16777216 0 0 0 0 0 0 0 0 0 4 65536 0 0 0 0 1073741824 0 0 0 0 0 0 0 0 0 0 0 0 0 0 0 0 0 0 0 0 0 0 0 0 0 0 0 0 0 0 0 0 2048 0 0 0 0 0 4 32768 0 64 131072 0 0 0 32 0 65536 0 0 2147483648 0 2097152 0 2147483648 0 0 0 0 0 0 0 0 0 0 8 1048576 0 0 0 0 0 0 67108864 0 1073741824 0 0 0 0 0 0 2 0 0 0 4 0 0 0 0 0 128 0 0 0 0 0 0 0 0 0 0 0 2048 65536 0 512 0 0 0 0 2097152 0 0 0 0 0 2097152 0 0 0 0 1048576 0 0 0 0 0 2048 0 0 0 2048 0 0 0 0 131072 0 0 0 0 0 0 0 0 131072 8388608 0 0 33816576 0 0 0 0 1073741864 0 0 0 0 208 0 0 0 0 0 0 0 32768 0 536870912 0 0 0 65536 16777280 0 536870912 0 0 0 0 192 2097152 0 262144 4096 0 128 0 0 0 0 0 36864 0 262144 50331908 0 0 0 0 32 0 8192 0 0 0 139264 0 0 0 0 0 0 0 0 0 0 0 0 4 256 2097152 0 0 0 0 0 0 0 0 0 0 0 0 0 0 0 16 0 0 0 0 0 0 0 0 0 0 0 0 0 0 0 0 0 0 0 0 0 0 0 65536 0 0 525312 0 0 0 0 0 0 0 0 0 0 0 0 0 524288 0 0 0 0 0 0 2097152 0 0 0 0 0 0 0 0 0 0 0 0 0 0 0 0 0 0 0 0 0 0 0 2048 0 0 4194304 0 0 0 0 0 0 0 2684354560 0 32768 0 1048576 0 0 0 0 2048 128 0 0 1048584 0 0 0 0 0 1024 0 0 0 0 0 0 0 0 64 0 0 0 0 32768 0 12 134217728 8 0 131072 2101250 4210688 0 516 0 32800 20608 0 0 8421376 4 4210688 69632 1048610 2097280 0 2155872288 2298740930 16785456 1074857984 537135104 1074791426 2147485700 671745024 0 0 0 0 0 0 0 0 0 0 0 0 0 0 0 16777344 0 0 0 0 0 0 0 0 0 64 65536 0 0 1073741824 8192 0 4 2097152 0 0 0 0 131072 0 524288 0 0 1048832 0 0 4096 0 0 128 536870912 0 16777216 268435456 0 0 128 0 1024 0 0 0 0 0 0 16386 0 67108864 33554432 0 1 32768 0 0 0 0 0 0 544 65536 0 0 0 0 0 0 16777216 0 1048576 8389632 2172649536 16778112 570527776 0 1090541057 2147489798 159907848 1 67108864 0 0 8193 0 8 0 8388608 100679680 0 16384 1476395008 1289 262144 0 0 0 8388608 0 0 0 1050624 201326592 0 68608 0 2048 0 536938625 8388864 536870912 67109120 1024 67108864 65536 262144 0 268435456 0 0 67108880 2048 1024 1050624 16778368 262148 0 0 0 0 524352 0 0 0 0 1 0 0 0 0 0 16777220 1048576 0 0 16 0 0 0 0 0 0 0 0 0 0 0 0 0 0 0 0 0 0 0 0 0 0 1048576 0 0 0 0 16 0 0 0 0 0 0 0 0 0 0 0 0 0 0 0 0 0 2 0 536870912 0 0 0 0 0 33554432 0 0 0 0 512 0 0 0 0 0 0 0 0 8192 68157440 0 104857601 1073741954 0 0 16777218 0 0 268435456 0 536870912 8192 30408704 48 0 150994944 544 8 1281 16 67141632 256 0 0 16777216 0 0 0 0 0 32 32768 0 0 0 0 0 1048576 0 262144 0 0 0 0 65536 0 0 0 0 0 0 0 0 0 0 0 0 0 0 0 268435456 0 0 0 256 0 2097152 0 0 4096 128 134234112 0 0 0 0 2 4194312 270336 0 0 0 0 16 8 0 0 1073741824 0 0 0 134217728 0 67108864 0 0 0 0 2097152 32 0 64 32 0 0 268435456 0 0 134217728 262144 0 16 8388608 16777728 32768 0 1073758208 0 134217728 1 1078206464 48 9437324 35127328 524326 32896 537133072 1112670208 8912897 1208090716 34603296 2147745798 5242880 1146093584 50462720 64 75497472 272 0 59047938 33554436 0 0 6291456 2097152 1082130432 1048832 65536 0 0 32 8421376 268435456 4194320 32800 268435456 34603024 0 2048 16384 0 1082392576 2048 134217728 32 270336 0 33554432 8388624 0 8192 2097952 8 262144 0 134742017 536911872 4 16384 0 0 0 0 0 0 0 0 0 0 0 0 0 0 0 0 0 0 0 0 0 0 0 128 0 0 0 0 0 0 0 524288 0 0 0 4 0 0 0 0 16384 0 0 1073741824 4096 0 0 0 0 16896 0 0 0 8192 0 0 0 512 0 0 0 0 0 0 0 0 0 65536 0 0 268435456 0 0 0 0 0 0 0 0 0 0 0 0 0 0 0 0 4194304 1 0 0 0 0 0 0 0 0 262144 0 67108864 0 1073741824 0 0 0 0 0 0 0 0 0 0 0 0 2147549184 0 0 0 0 33554432 0 0 0 0 2 32768 0 0 0 0 0 0 32 0 0 524288 16777216 0 0 4194304 32 0 1073741824 0 0 0 0 0 0 0 128 2 0 0 524288 0 0 0 8 33554432 4 0 0 0 0 1 128 0 0 0 2147483648 0 0 0 0 536870912 0 0 0 8 1073741824 0 0 0 512 0 0 0 16777216 0 0 0 0 0 0 0 0 16777216 0 0 0 0 0 16777216 0 0 32 0 0 64 8196 0 0 262144 0 0 134217728 16777216 67108864 0 0 0 0 16777216 0 536870912 0 0 134217736 0 0 0 0 0 0 0 0 285474816 0 0 1024 2 16777216 75497472 0 1024 0 8 0 0 100679680 0 0 41943040 657745 65570 0 0 0 0 525568 0 2147483648 0 536870912 0 0 8388608 0 0 0 0 0 64 1 0 0 128 0 0 0 0 0 0 0 8192 131072 0 4 0 0 0 0 1073741824 0 4194304 0 0 0 0 0 0 0 131072 0 0 0 0 1073741826 32768 262144 4096 16 0 1024 0 0 0 0 0 256 0 0 1024 0 0 0 0 0 0 0 0 538968064 0 0 0 0 0 0 0 0 8388608 1073741824 1024 0 0 0 0 0 67108864 0 4227072 0 0 0 1 0 67108864 0 0 0 0 0 0 33554432 0 0 1644167168 1049602 65640 0 0 0 8192 525312 0 2155872256 0 0 1024 0 4096 0 536870912 0 0 1048576 256 0 0 0 0 0 0 0 0 524288 0 0 0 0 0 0 0 0 0 0 0 0 0 0 0 0 0 0 0 0 0 0 0 8388608 0 0 0 0 2097408 0 0 0 0 33554432 0 1 0 0 64 0 0 0 0 0 262144 0 0 0 0 0 0 0 8388608 0 0 0 0 0 0 0 0 0 0 0 0 0 0 0 0 2048 0 0 0 0 0 0 0 0 16 0 0 8388864 67108864 0 0 0 0 0 0 0 0 0 0 0 0 0 0 64 0 0 0 0 0 0 0 0 50331648 0 0 2048 0 0 0 0 0 0 0 0 0 0 2048 0 0 0 8 0 0 0 0 0 0 0 0 0 0 0 0 8388608 0 0 64 0 0 0 0 0 0 0 0 0 0 0 0 0 0 0 0 0 0 0 0 0 0 0 0 0 0 256 0 0 0 0 0 0 0 0 0 0 65536 0 32 0 0 0 1073741824 0 0 0 0 0 0 536870912 0 0 0 0 0 0 2147483648 0 0 0 0 0 2147483648 0 0 0 0 0 0 0 0 256 0 0 0 0 0 0 0 0 0 0 0 0 0 0 1073741824 0 0 0 0 0 0 1073741824 0 0 0 0 0 0 8388608 0 0 128 16384 0 0 16777216 0 0 0 0 0 0 0 32768 0 0 33554432 0 0 0 256 0 0 0 0 0 0 0 0 0 131072 16384 0 0 0 0 0 0 0 0 134217728 0 0 0 0 0 0 0 0 0 294912 11394 1073766422 16779648 67108864 603987968 32896 2560 0 0 0 0 64 0 0 0 0 553779200 2 0 0 0 0 17301504 0 0 0 0 0 0 0 0 67108864 0 0 0 0 0 0 0 0 0 0 0 0 0 0 0 0 128 0 0 0 0 0 0 0 0 0 1024 0 0 16384 0 0 0 0 0 33554432 0 0 0 0 16386 0 0 0 0 0 0 0 0 0 0 0 0 0 0 0 0 0 0 0 0 0 8192 0 2097152 0 0 0 0 524288 0 0 0 33554432 536870912 2 0 0 0 1 524416 4 0 0 0 33554432 0 0 4 536870912 64 0 0 0 1073741824 0 0 0 0 0 0 64 0 0 0 0 0 0 0 0 0 0 268435457 0 0 0 134217728 0 268435456 16384 288 0 0 0 8192 0 0 0 0 0 0 0 67108864 0 2048 0 0 0 0 1073742336 0 0 0 32 0 4096 4096 0 0 0 0 0 8192 524288 67108866 33026 4194305 0 8 262144 264192 67108864 0 98304 671088640 2622475 16 0 1056768 2097152 0 0 0 524288
is_linear=0
shrinkage=0.1


Tree=53
num_leaves=31
num_cat=26
split_feature=15 3 15 15 3 14 3 3 3 15 3 15 20 14 15 3 32 3 14 14 3 3 3 9 3 14 12 32 30 15
split_gain=38.4318 34.5358 31.8399 22.4383 18.4871 17.9383 61.6102 32.1671 24.1143 20.864 19.4514 25.1092 23.9423 23.8041 24.484 18.36 17.6371 17.4656 28.6638 22.9343 64.642 18.8966 18.8649 17.3649 66.7536 28.5598 25.0383 22.3697 23.0157 18.846
threshold=0 1 2 3 4 5 6 7 8 9 10 11 0.032151246443390853 12 13 14 3871.5000000000005 15 16 17 18 19 20 21 22 23 24 646.50000000000011 0.046995060518383987 25
decision_type=9 9 9 9 9 9 9 9 9 9 9 9 2 9 9 9 2 9 9 9 9 9 9 9 9 9 9 2 2 9
left_child=-1 -2 -3 -4 -5 6 -6 -8 -7 -10 13 12 -12 -11 -15 -9 -14 18 -13 20 -19 -21 -22 24 26 -26 -23 -28 -29 -25
right_child=1 2 3 4 5 8 7 15 9 10 11 17 16 14 -16 -17 -18 19 -20 21 22 23 -24 29 25 -27 27 28 -30 -31
leaf_value=0.052146128102457182 -0.047737250012779064 -0.044354020731487726 0.039567392518354033 -0.024234515772660972 0.071174527517897934 -0.028727963134256532 -0.061884645478619729 -0.013344813783690755 0.032911148449678039 0.047165284727036544 0.21902243561737522 0.07455555268305912 -0.0048623416287117876 0.037189959771113855 -0.020946000480943399 0.018856273987515881 0.063120362173846742 0.040474818293047506 0.0079180162083758113 -0.022035464815238128 -0.050571663431379157 -0.010862073333633242 -0.016237828506146974 -0.033605378880787587 0.035955222755661549 -0.028782146791154397 0.19356006114339708 0.12678732192552131 0.03025930838074466 0.0028816339133372077
leaf_weight=131.16102221887559 141.76893131434917 149.4581611554604 136.0160908550024 294.31738651520573 147.26125327963382 279.8841914657969 60.502969356253743 253.5082996818237 184.61338547384366 53.033837869297713 7.2384086949750772 69.806220774538815 68.623290975578129 70.300343587994576 945.08335802704096 543.13322491990402 85.971570069901645 172.86508409981616 381.24554771976545 340.48021023720503 215.10570754832588 92.113869060762227 692.83906959439628 133.19154654629529 67.37628080858849 821.54282515938394 11.043401282280682 29.805439448449761 144.23870424833149 13182.449080579448
leaf_count=1428 8787 4423 1275 7540 1414 13714 1541 5098 1905 1258 219 1221 1313 541 19335 9280 757 2968 7945 9640 5540 1303 13279 1351 1084 11493 78 1037 1430 174822
internal_value=0.000153369 -0.000217745 0.000149518 0.000513482 0.000218629 0.000608873 0.0135483 0.00294128 -0.000118302 0.000348242 -1.21382e-05 0.000837002 0.0388648 -0.0130245 -0.0165975 0.0085708 0.0329434 0.000437175 0.0196244 -0.000119016 -0.0141135 0.000910261 -0.0248343 0.00146457 -0.0101857 -0.0235299 0.0319355 0.0526998 0.0467899 0.00249172
internal_weight=19906 19774.8 19633 19483.6 19347.6 19053.3 1004.41 857.144 18048.9 17769 17584.4 16515.9 161.833 1068.42 1015.38 796.642 154.595 16354.1 451.052 15903.1 1080.81 14822.2 907.945 14481.8 1166.12 888.919 277.201 185.088 174.044 13315.6
internal_count=313019 311591 302804 298381 297106 289566 17333 15919 272233 258519 256614 235480 2289 21134 19876 14378 2070 233191 9166 224025 21787 202238 18819 192598 16425 12577 3848 2545 2467 176173
cat_boundaries=0 162 186 350 510 534 541 563 585 609 773 797 952 959 1120 1144 1168 1175 1182 1205 1229 1250 1251 1275 1282 1283 1438
cat_threshold=16777224 0 0 4096 0 0 0 0 0 0 0 0 0 0 0 0 0 0 0 0 0 0 0 0 4194304 0 0 4 0 0 0 0 0 128 0 16 16777216 0 0 0 0 0 0 0 0 0 0 0 0 4096 2147483648 0 0 0 0 0 0 0 0 0 0 0 0 134217728 0 0 0 8 0 0 0 0 256 0 0 0 0 0 0 0 0 0 33554432 16 0 0 0 1073741824 0 0 32 4 0 0 0 0 0 8 0 0 131072 0 0 0 0 0 0 0 0 0 0 0 0 4194304 0 0 0 0 0 1024 0 16384 268435456 0 0 0 0 0 0 0 0 0 0 0 4096 0 0 0 0 0 0 0 0 0 0 0 128 0 0 536870912 0 0 0 0 128 0 0 0 0 0 0 512 67108864 134218240 16512 0 0 152043520 524352 33554944 0 41944064 257 262144 0 33554432 4 0 0 268435456 524416 0 0 4329504 134217728 131136 0 0 0 0 0 0 0 524352 0 0 0 0 0 8192 0 0 0 0 0 0 512 0 0 0 0 0 33554432 0 0 0 0 0 0 0 0 0 0 0 0 0 0 134217728 0 0 256 0 0 0 0 0 1073741824 0 0 0 0 0 0 0 0 0 0 0 256 67108864 0 0 2097152 0 1024 0 0 8448 0 0 0 0 0 65536 0 128 0 0 0 0 0 524288 0 0 64 2048 0 0 0 0 0 0 0 8388608 0 0 0 0 0 0 2147483648 0 0 0 0 0 0 0 0 0 0 0 0 0 0 0 0 0 0 1024 0 0 0 0 0 1088 0 0 0 0 0 1048576 134217728 0 0 0 1048576 0 0 0 0 0 0 0 0 0 0 0 0 262144 0 64 0 0 0 0 32768 0 0 16 1 0 33619968 0 4096 0 0 0 0 0 0 0 0 0 0 0 0 0 0 0 0 4194304 0 0 0 0 0 0 32 0 0 0 0 0 0 0 0 0 0 0 0 0 0 0 0 0 4 0 0 0 0 8192 0 0 0 64 0 0 68 0 0 0 0 0 0 2097152 0 0 65536 67108864 0 2048 0 0 0 0 0 0 32768 0 0 0 0 1073741824 0 0 0 0 0 0 0 0 0 32 0 131072 0 0 0 0 0 1073741824 0 0 0 0 2097152 0 0 0 0 0 1 0 0 0 67108864 0 0 33554432 0 4096 0 0 2 0 0 0 0 0 0 0 0 0 0 0 4194304 0 0 0 0 0 0 256 0 2097152 0 2048 0 0 0 0 16384 0 0 0 0 0 0 268435456 33556480 2097152 0 131106 32768 1077936128 32768 402653184 0 16793680 16 536870912 512 0 0 134217729 1088 4096 0 0 0 33554560 589824 11264 1077945472 8388736 570527880 268435488 1350583328 1073748000 2243952704 16777216 0 1073741824 0 0 8 4259840 4194560 100663296 2097664 2113536 2281701377 32802 0 0 8388608 2097152 8421384 0 32 2048 2097152 0 0 0 0 0 8192 262144 0 268435456 0 32768 67117056 18874624 134217744 0 0 16 2684354560 256 2 1073872960 134217728 134217728 16 2048 4 2048 67633152 553713680 8389888 0 136314880 0 1 4104 128 0 0 2097152 262152 0 1048576 0 1082195968 8392712 262144 0 0 4 8388608 0 0 1073741824 0 0 32768 0 0 0 0 0 0 0 0 0 1073741824 0 0 0 0 0 0 0 0 128 0 0 0 0 0 0 0 0 262144 0 1 0 0 0 2147483648 32 4 0 0 4194304 16777216 2048 0 0 0 0 0 0 0 0 0 0 0 0 0 0 0 0 0 0 0 0 0 8388608 0 0 0 0 0 0 0 0 0 0 0 0 0 0 0 0 0 0 0 0 0 1073741824 0 0 256 16 0 0 524544 16384 1073741824 0 0 0 0 0 0 0 0 0 0 0 0 0 0 0 8200 33554432 0 8192 0 0 0 67108864 0 262144 0 1 0 32 0 0 0 2 0 0 0 0 0 0 0 0 0 0 0 0 0 0 0 0 0 0 0 0 0 0 0 0 0 0 128 131072 0 131072 65536 0 570433536 8388741 1 33554432 2415986688 536936448 2281701376 1073873026 0 0 268435456 0 0 0 0 524288 0 1073889344 36 0 1073741824 524288 72 0 0 142606336 65536 0 0 0 0 0 0 0 0 256 4 0 0 0 0 0 0 524288 0 0 0 0 0 0 0 0 0 0 0 0 0 0 0 0 0 0 8388608 524288 0 0 0 0 0 0 0 0 0 0 0 0 0 0 0 0 0 0 0 0 0 512 0 0 0 0 65536 0 32768 0 0 0 0 0 0 0 0 0 0 0 0 0 0 0 256 0 80 32768 0 0 512 0 0 0 0 0 8388608 0 4194304 0 0 0 0 0 0 0 0 0 0 0 0 0 0 0 0 0 0 0 0 0 65536 54525952 0 0 0 0 0 0 0 0 524288 0 0 16 0 0 0 0 0 0 0 0 524288 0 0 0 0 0 0 262144 100663312 536870930 1048576 18358274 16777220 33026 302120960 0 0 0 0 0 0 65536 0 0 0 0 0 0 0 0 0 0 0 0 0 0 2048 0 0 0 0 0 1073741824 0 0 0 0 0 0 0 0 16384 0 0 0 0 0 0 2048 0 0 4194304 0 16777216 16384 0 0 0 8192 0 0 0 0 0 524288 0 0 33554432 0 0 32768 0 0 2147483648 0 0 0 32 1 0 0 0 0 0 0 0 0 16384 0 0 512 0 4194304 16777216 0 0 128 0 0 0 0 0 0 0 0 0 0 0 536870912 0 0 0 131072 0 0 0 0 0 0 0 0 0 0 0 0 524288 0 0 256 0 0 0 0 8 32768 262144 0 4194304 0 0 0 0 8192 0 0 0 0 0 0 0 0 0 0 0 0 0 0 0 0 0 0 0 0 0 0 134217728 557056 67108869 32770 0 536870912 131088 0 262144 0 0 0 8388640 8405057 4 0 0 34 1073741824 395296 0 1048576 2148532224 4194304 4194304 8388608 0 134221832 2056 0 8650752 1074790400 0 134217728 8192 696320 8352 536887360 0 0 0 4 536870912 0 32 1342177472 1048576 128 4194304 2214592513 134225920 4194336 65536 688455684 163840 1179648 2198241305 134250496 336 100665600 134217990 4358144 1343275008 2147483648 4 1082130432 0 0 0 136314880 16777216 0 67108866 4 32768 1048577 262144 0 1048576 131104 1082138624 269488160 16 0 8192 20979744 1073741824 0 0 16 16 0 2097152 0 0 67633668 12 0 1048576 263168 0 17825792 0 8192 17829888 16777216 0 287318016 22290432 4352 536870912 67108866 33024 0 0 0 0 262144 0 0 0 33554432 524288 16 0 0 0 0 0 0 2147483648 28708 2952790016 67108868 8388610 256 0 24 134217728 4210688 65536 0 16384 0 98304 65568 0 40960 2 32768 0 16 197632 2147483648 536870912 1 0 67117354 134217732 134750208 528448 0 570818560 3442616 0 524288 16385 8192 0 64 0 0 0 131072 0 0 0 0 0 0 0 0 0 524288 0 0 0 0 0 0 0 0 2097152 8 0 0 0 0 2147483648 0 0 0 0 0 512 0 0 0 0 0 0 0 0 0 0 0 0 1024 524288 0 0 0 256 0 0 0 0 0 0 0 2147483648 0 0 0 0 0 0 0 0 0 0 32 0 0 0 0 64 0 0 67108864 0 0 0 0 0 0 0 0 0 0 0 0 0 0 0 0 0 536870912 0 0 0 32768 0 0 0 0 0 0 0 524288 0 0 16384 0 0 0 0 8388608 0 0 0 0 0 1073776640 0 0 0 0 0 0 0 0 0 0 0 0 0 64 2 0 0 0 0 0 131072 0 0 0 16384
is_linear=0
shrinkage=0.1


Tree=54
num_leaves=31
num_cat=25
split_feature=15 3 13 15 13 3 15 31 3 31 14 3 3 3 13 3 3 14 13 23 3 27 3 15 3 25 3 3 14 13
split_gain=39.3085 39.2072 29.3311 29.1824 26.7485 24.5561 23.1131 22.1851 21.5889 18.3234 17.4263 64.1549 31.2075 29.1337 22.1127 34.3356 20.4502 25.9386 23.5296 18.9898 50.9372 30.6328 63.5413 25.5698 24.1676 22.8864 66.0873 25.5757 28.1479 25.9305
threshold=0 1 2 3 4 5 6 0.094622343778610243 7 0.0065395517740398654 8 9 10 11 12 13 14 15 16 7.5000000000000009 17 29.500000000000004 18 19 20 11.500000000000002 21 22 23 24
decision_type=9 9 9 9 9 9 9 2 9 2 9 9 9 9 9 9 9 9 9 2 9 2 9 9 9 2 9 9 9 9
left_child=7 -2 -3 -4 5 -5 -6 -1 9 -8 11 -10 -13 -12 15 -15 17 -16 -19 21 -21 23 -23 -18 -22 27 -27 28 -25 -29
right_child=1 2 3 4 6 -7 8 -9 10 -11 13 12 -14 14 16 -17 19 18 -20 20 24 22 -24 25 -26 26 -28 29 -30 -31
leaf_value=0.12498059982222497 -0.048538662627292582 0.053645318586141355 -0.040581554662720253 0.055182462231624554 0.034377393613412473 -0.055551709727151115 0.11279866836834616 0.032058398866616919 0.073358001857182137 -0.026347991364303432 -0.038869435314644631 -0.043273906710368071 0.0093341862647739037 -0.043728024815175043 -0.046027528936236961 0.063572941690936788 0.033252804195896102 -0.043559587486314881 0.042436749683525093 -0.03765395607809674 0.056529593381874077 0.058815480631092182 -0.060292950726337481 0.030032627163891691 0.013625813556016664 0.048575291503401175 -0.060657972065338919 -0.04271646063119653 -0.024192593769817028 0.0007303633174646334
leaf_weight=34.753596413880587 156.42756189010106 92.163809224963188 166.26471418817528 16.967358049936593 190.83713507093489 133.3337529648561 9.6986977260094118 98.556044671684504 140.35453729052097 390.58664056798443 181.50651477626525 115.78521731914952 1089.6057435565162 33.775633668294176 39.513469387078658 113.24124592030421 208.41390942130238 29.468153099995106 285.52767929970287 146.76363475481048 180.96788403019309 49.986958391731605 196.83741957345046 102.21973837260157 494.31590647483245 70.414851620793343 184.28182015148923 128.72127124643885 750.72994056809694 14114.1062748353
leaf_count=251 10817 1182 2991 257 2239 3603 100 671 1386 11416 5906 2009 14417 881 1597 1713 2503 1159 11135 2152 1720 944 7565 1387 5291 2797 12905 1999 11478 188757
internal_value=0.000171345 -0.000206096 0.000203024 -7.60108e-05 0.000291903 -0.0403884 0.000630375 0.0523557 0.000274576 -0.0224165 0.000773173 0.0116913 0.00396638 -8.18638e-05 0.000351579 0.0377067 6.19211e-06 0.0234371 0.0332989 -0.000507149 0.014311 -0.00127815 -0.0362309 -0.000723665 0.0257806 -0.00120584 -0.0309331 -0.00070508 -0.0174214 0.000308012
internal_weight=19946.1 19812.8 19656.4 19564.2 19398 150.301 19247.7 133.31 19056.8 400.285 18656.5 1345.75 1205.39 17310.8 17129.3 147.017 16982.3 354.509 314.996 16627.8 822.047 15805.7 246.824 15558.9 675.284 15350.5 254.697 15095.8 852.95 14242.8
internal_count=313228 312306 301489 300307 297316 3860 293456 922 291217 11516 279701 17812 16426 261889 255983 2594 253389 13891 12294 239498 9163 230335 8509 221826 7011 219323 15702 203621 12865 190756
cat_boundaries=0 161 185 275 436 527 549 704 728 736 759 782 805 895 917 940 947 1037 1058 1082 1242 1263 1286 1307 1314 1405
cat_threshold=16777216 0 65536 8192 33554496 0 0 0 0 0 0 0 0 0 0 0 0 0 0 0 0 0 0 128 0 0 0 0 128 0 0 0 0 0 0 0 0 0 0 0 2097152 0 0 0 0 0 0 0 0 0 0 0 0 0 0 0 0 0 4 65536 0 0 67108864 0 0 0 0 0 0 0 268435456 0 0 0 0 0 0 0 0 0 0 0 33554432 16 0 0 0 0 0 2048 8 132 32768 0 64 0 0 0 0 0 0 0 0 0 32768 0 0 0 0 0 0 0 134217728 0 65536 0 0 0 0 8 0 0 0 0 0 0 0 0 0 64 0 33554432 0 0 4096 0 16777216 0 0 0 0 0 0 0 0 0 128 0 0 0 0 1024 0 0 0 0 0 2147483648 0 0 1048576 2048 1024 1028 0 16400 0 16896 0 0 34078720 1 0 8388608 301990016 0 2 0 0 1048576 0 134217728 1342177312 2223000832 16896 0 0 0 2 0 0 0 0 33554496 0 0 0 134217728 0 0 0 0 0 0 0 2147483648 1050624 0 0 0 2048 0 0 4104 0 0 0 0 0 2 0 0 0 524288 0 0 0 0 0 0 4 16777216 0 32 0 0 16777216 0 0 0 0 0 0 0 67117056 0 32768 0 8388608 0 0 1 2097152 0 0 134217728 0 8192 0 8224 64 0 0 262656 0 0 0 0 0 0 0 262144 0 0 1024 0 0 17301510 0 268435456 0 0 8388608 16777216 0 0 0 0 0 0 0 0 0 0 0 0 0 0 2147483648 262144 0 0 0 0 0 4194304 0 0 0 0 0 0 0 0 0 0 0 0 0 16 0 0 0 0 0 0 8388608 0 1024 524288 0 0 0 0 0 536870912 0 0 67108864 0 0 1048576 0 10240 0 0 1024 0 0 65536 0 0 0 0 128 0 0 0 0 2 0 0 0 0 128 0 0 0 0 0 0 0 0 0 0 0 1048576 0 134217728 0 8192 0 0 0 0 0 0 0 0 0 0 0 0 0 0 16384 0 0 0 0 0 0 1073741824 0 0 0 0 0 0 0 0 0 0 0 0 1073741824 16 0 0 0 0 0 0 0 0 0 0 0 0 0 0 0 0 0 0 32768 0 0 0 1024 268435456 0 0 0 0 32 0 0 0 0 0 0 0 0 0 0 0 0 0 0 2048 0 65536 0 0 0 4196352 0 2048 0 0 0 0 0 4 0 0 128 0 67108866 0 538968064 262144 16384 0 0 0 0 4194304 1073741824 0 0 128 262144 0 0 0 0 4194304 65536 1 0 0 536870912 0 0 0 2048 0 4718592 0 0 32768 0 0 0 0 0 0 0 0 0 32768 0 0 0 81 0 0 8388610 0 0 0 262144 0 33554432 0 0 2550136832 36288 65552 0 0 0 0 0 0 0 2097152 0 0 0 8388608 0 16384 536870912 0 0 0 0 0 0 0 0 0 0 0 0 1073741824 0 0 0 0 0 0 0 0 0 0 0 0 0 0 0 0 0 0 0 0 16384 0 0 8388608 0 33554432 0 0 4 0 2147483648 0 0 0 0 0 0 0 0 0 0 0 0 0 0 2097152 0 0 0 0 0 524288 0 524288 0 0 0 4 512 0 0 0 0 0 0 0 0 1073741824 0 0 0 0 268435456 32 0 131072 0 0 0 536870944 0 65536 0 0 0 0 2097152 0 0 0 0 0 0 0 0 16384 0 0 0 8192 0 4096 0 0 0 0 0 0 0 0 0 0 0 0 0 128 32768 0 262144 0 4 0 0 0 256 0 0 0 0 0 0 536870912 0 0 1024 32768 0 67174400 32 2048 67108864 536872960 33579008 1179648 1073741960 33554432 134217728 2048 0 4 0 0 4194312 67108880 0 0 57671680 131072 3072 8390664 8388641 574619776 2550136836 1351091745 1073872900 2298487104 1 67108864 67108882 1073774848 4194304 0 8 8454161 12583168 0 2097152 0 268435456 295200 65536 0 0 2097154 0 0 0 0 0 128 8912896 9 0 9 0 16785408 262144 0 0 0 2097408 128 20987968 0 0 134217728 0 3758096384 524288 16777218 2214723616 134217728 65536 335544320 16 2048 0 536870912 16 8454145 8388864 262144 69206016 0 536871936 0 4194304 0 0 6 131072 0 0 0 98304 136 0 0 0 0 0 0 1048592 8 0 8192 4194432 0 0 0 0 0 0 0 0 2097152 0 0 2147483648 1073741824 0 0 1 0 0 0 4 0 0 0 0 0 0 1073741824 536870912 0 2097152 0 16 0 32768 0 0 0 1073741832 524288 16416 0 0 64 0 0 4 0 8388608 0 262144 2097152 20 0 0 0 0 0 0 0 0 0 0 0 0 0 0 0 0 0 32 128 0 0 0 0 0 512 0 2097152 0 142606340 0 0 0 33554432 2359296 4456448 603979776 4194304 0 276824064 256 134217762 0 16777216 0 1073750016 0 0 0 133120 128 269484105 0 17 0 50339842 0 512 134742016 536881408 0 0 0 134217728 0 16777216 0 262144 65544 4194304 8388640 2281840640 65536 2315813984 525058 134218256 537462784 620757056 524288 268569600 0 0 0 0 0 0 0 0 0 0 2 0 0 0 0 0 0 0 0 0 0 131072 0 0 0 64 0 0 0 0 0 0 0 0 0 0 0 0 0 0 0 4 0 268435456 0 0 0 268435456 0 0 0 1024 0 0 16384 256 0 0 1088 0 0 0 0 0 0 16386 256 67108864 0 0 1 0 0 1 1073741824 0 0 0 0 0 0 4096 0 0 0 0 0 4096 0 1073741824 1073872896 6 2 0 0 0 0 0 0 0 0 3489660929 704655 98304 0 135266304 0 3229630464 0 0 132096 1107296256 33554436 8392704 256 0 131080 1074008064 0 100663296 0 0 3489661056 17 0 0 135266304 544 268460032 4096 0 0 67108864 134217728 32 0 0 256 0 0 0 0 0 0 2048 4 0 0 262144 0 0 0 64 0 0 0 0 0 0 0 0 0 0 0 0 0 0 0 128 0 0 128 0 0 0 0 0 16 0 0 2147483648 0 0 4194304 32768 0 0 0 0 0 0 0 0 0 0 0 0 0 0 0 0 0 0 65536 67108864 0 0 288 0 0 0 0 32 0 0 0 0 0 0 0 0 0 0 0 0 0 64 0 0 0 0 0 0 0 0 0 256 0 0 0 0 0 0 0 0 0 1073741824 1 0 2147483648 524288 0 0 0 0 8388608 0 0 0 2 0 16777216 0 8 0 0 0 0 0 0 0 4194304 1 0 524288 0 0 0 0 0 0 0 0 0 0 0 0 0 0 0 0 0 0 2048 65536 524288 0 1082163208 0 0 8 0 262144 0 0 16384 0 35717728 32 0 0 0 0 32 0 2147483776 33685504 2 2 0 0 0 2097152 4194304 16384 4194304 2097152 1073741856 1088 65536 0 0 0 3221233664 32 0 0 0 64 33554432 1176502274 8404992 196608 32768 524288 4 134217728 0 331776 4 0 1048576 4096 0 9469952 0 2415931520 16777376 0 2147483648 16777218 16785684 1073747992 17301504 570491140 258 278528 0 0 8 0 524288 0 0 0 0 16777216 2097152 32800 0 1 1 192 0 0 0 1073742336 8192 0 0 0 0 0 0 4 0 0 0 0 0 1024 0 0 0 0 0 0 0 0 0 34603008 0 0 0 0 0 0 0 0 0 0 0 256 0 8192 0 16777216 0 0 0 0 0 0 8 0 0 8 131072 0 0 0 536870912 0 0 1040 0 0 64 0 0 0 0 0 64 0 32 0 2
is_linear=0
shrinkage=0.1


Tree=55
num_leaves=31
num_cat=23
split_feature=15 3 15 15 3 28 3 3 25 3 15 14 3 14 3 30 15 3 15 17 3 14 25 3 15 30 29 3 14 3
split_gain=35.3435 32.7209 26.4491 20.8862 19.448 18.674 66.2537 43.8068 40.3075 84.8802 74.8572 54.2051 51.0034 48.5094 47.6841 47.4915 37.9875 37.7828 36.5794 36.4825 32.2771 31.53 31.2797 32.9665 31.2667 30.0784 29.1977 28.2938 30.4855 29.6092
threshold=0 1 2 3 4 3.5000000000000004 5 6 1.0000000180025095e-35 7 8 9 10 11 12 0.072743926197290434 13 14 15 4.5000000000000009 16 17 1.0000000180025095e-35 18 19 0.04902095906436444 -1.0000000180025095e-35 20 21 22
decision_type=9 9 9 9 9 2 9 9 2 9 9 9 9 9 9 2 9 9 9 2 9 9 2 9 9 2 2 9 9 9
left_child=-1 -2 -3 -4 -5 8 21 -8 14 13 26 17 -13 -10 -6 19 20 -12 -9 -15 -16 -7 23 -20 -18 -22 -11 -26 29 -29
right_child=1 2 3 4 5 6 7 18 9 10 11 12 -14 15 16 -17 24 -19 22 -21 25 -23 -24 -25 27 -27 -28 28 -30 -31
leaf_value=0.049666398922088836 -0.045787130607629713 -0.037594212890863538 -0.051489982706554485 -0.039557537753705296 -0.032806353232790644 0.026882323154788747 0.086379695865845887 0.054540022034497884 -0.031895060183462935 0.14835341256488269 -0.020333304665149401 0.030847455769408585 -0.010912615964531391 0.097486992486738033 -0.040771417299002681 0.040245635853127806 -0.026694381516466865 0.070353245410446574 0.03843685445036861 0.26489338761309361 0.21953180344065967 -0.038952643496354591 -0.016746383262721674 -0.002162406863843658 0.025243665871651486 0.053917680867449629 0.027765555544066317 -0.01127215322366258 -0.00086948821100836537 0.033172466410800197
leaf_weight=133.03621531184763 146.35380535712466 174.00926907476969 66.97803672705777 109.25537880579941 418.29006819427013 77.388031490147114 50.798834362998605 106.72460359358229 54.134543455438688 53.517610714770854 61.406594596104696 345.91469230875373 1635.0407916698605 129.31054744962603 32.515221419744194 217.14887077920139 401.85742288501933 171.22815283550881 265.74529379978776 14.475117469206451 11.828335894737391 669.77827855246142 892.80675289710052 731.13031354383565 465.17419119807892 150.47176578547806 32.13586778473109 209.20786866638809 11602.679897749797 508.16866426588967
leaf_count=1158 8792 2472 1072 6649 7984 1998 797 1949 2899 453 1770 3566 32982 3809 396 2082 5422 2800 1986 219 167 17924 16710 9297 14333 1558 399 3100 152941 5613
internal_value=0.000136325 -0.000221341 0.000140983 0.000497083 0.00070281 0.000950974 -0.00660869 0.00275268 0.0022307 0.0133704 0.00569763 0.00194524 -0.00350216 0.0544245 3.96735e-05 0.0678819 0.00109007 0.0465641 0.000204861 0.11434 0.0438267 -0.0318688 -0.0031348 0.00902435 0.000425985 0.0621577 0.0923311 0.00129861 0.000374767 0.0202343
internal_weight=19938.5 19805.5 19659.1 19485.1 19418.1 19308.9 2794.37 2047.21 16514.5 2714.31 2299.24 2213.59 1980.96 415.069 13800.2 360.935 13381.9 232.635 1996.41 143.786 194.815 747.166 1889.68 996.876 13187.1 162.3 85.6535 12785.2 12320.1 717.377
internal_count=313297 312139 303347 300875 299803 293154 50661 30739 242493 50979 41970 41118 36548 9009 191514 6110 183530 4570 29942 4028 2121 19922 27993 11283 181409 1725 852 175987 161654 8713
cat_boundaries=0 161 185 346 510 534 555 578 602 757 764 788 795 819 974 996 1160 1183 1190 1214 1375 1398 1405 1426
cat_threshold=9 0 8192 0 0 0 0 0 0 8192 0 0 0 0 0 0 0 0 0 0 0 0 0 0 262144 0 0 2147483904 0 0 0 0 0 0 0 16 16777216 0 0 0 0 0 0 0 0 0 0 4194304 0 0 0 0 0 0 0 0 0 0 0 0 0 0 0 0 0 0 0 0 16777216 67108864 0 256 0 32768 0 0 0 0 0 0 0 0 33554432 0 0 0 0 0 8388608 0 0 0 0 0 64 0 0 1073741824 0 32 1 16 0 0 0 0 2097152 0 0 0 0 0 0 0 0 524288 0 0 0 0 1048576 0 0 0 0 0 0 0 0 0 0 0 0 0 4096 0 0 0 0 0 16384 0 0 0 0 0 128 524288 0 2684354560 0 0 0 0 0 0 0 2147483648 0 0 1048576 64 0 67584 0 0 4195328 1073758208 83886081 524288 524352 32 1024 1073741824 33554432 0 0 1024 131072 0 0 1140850688 16846880 2098197 1 0 0 0 2097152 65664 16384 0 0 0 0 0 0 0 0 0 0 0 0 0 0 0 0 0 0 0 33554432 0 0 131072 0 0 0 0 0 0 0 0 0 0 0 0 0 0 8 0 0 0 0 2 0 32768 0 0 0 0 0 0 1073741824 0 0 0 0 0 0 0 0 0 0 1024 2147483648 0 0 8388608 16384 0 0 0 0 0 32 1 0 0 0 0 0 0 0 2048 0 0 0 2097152 0 0 0 0 0 0 0 0 0 0 0 0 8192 0 0 2147483648 0 0 0 0 0 0 0 2048 0 0 0 8388608 0 0 0 0 0 0 0 0 0 0 1048576 0 8388608 0 0 134217728 0 0 0 0 0 0 0 0 0 0 0 0 0 0 0 0 262144 0 0 0 0 0 131072 32769 0 268435456 0 0 16777216 64 0 0 8912896 1 0 0 0 0 1048576 0 0 0 0 0 0 0 0 2147483648 0 0 0 0 0 0 0 0 0 0 0 0 0 0 0 0 0 0 1048576 1048576 0 0 0 0 256 0 0 0 67108864 0 0 0 0 0 0 0 0 0 0 0 262144 0 0 0 0 0 0 1024 0 0 65536 0 0 2 0 0 0 0 0 0 0 67108864 524288 0 0 0 0 32768 0 0 0 0 0 0 0 0 0 0 16384 0 0 0 0 0 0 128 0 0 0 8388608 0 0 0 0 0 0 0 0 0 0 32 0 0 0 0 16 1048576 0 0 0 0 0 0 128 0 0 1 0 0 64 0 0 2 0 0 0 0 0 0 0 0 0 0 0 0 1048576 0 0 0 8192 2097152 2097152 0 131104 32768 135268352 16777216 167772160 0 22020096 16 8192 0 0 4 1 80 0 2147483648 0 0 2327838720 258 3328 184582144 276824068 32768 4194305 0 8 10747904 4456448 0 0 536936448 335544320 2754817 134217728 0 0 0 0 1280 4194304 33792 0 0 134221824 0 0 0 256 0 0 256 32768 536870912 8388608 0 0 0 66052 536895488 128 0 2097152 8192 12582912 3272081408 301989892 8 0 0 0 0 536870912 67125248 0 0 411041793 16898 0 0 1048576 4194304 2147483648 40 0 2176 1048576 8352 32800 0 68157440 0 4096 2048 2 0 0 0 138412032 0 0 0 0 0 0 0 0 0 0 0 0 0 0 16777216 0 33554432 0 33554432 0 0 524288 0 0 0 0 0 65536 0 0 0 0 0 0 0 0 0 0 0 16384 0 0 0 0 0 0 0 0 0 2147483648 0 0 0 16777216 0 0 0 0 65536 0 0 0 0 524288 0 0 0 0 0 0 526336 0 0 0 0 0 0 0 0 0 0 0 0 0 0 0 0 0 0 4 0 536870912 0 0 0 0 0 0 0 0 0 0 0 0 0 0 0 0 0 0 0 0 0 0 0 0 0 67108864 0 0 0 33554432 0 0 0 0 0 0 0 0 0 0 0 0 10 0 256 0 0 0 0 262144 0 4096 1024 524545 8912914 553685248 17825824 1157648385 1073747974 612892680 536870912 1033 2 4194312 0 0 0 0 0 0 536870912 3221225472 16781664 98308 0 0 2097408 0 786432 2130 2282225696 0 0 16777216 604537088 536895488 640 570688512 3225428098 16384 1088 33554432 1048576 131076 0 0 131072 135266304 545259520 16384 2147483776 32768 0 0 65540 0 1048576 4194304 2147524608 128 0 526336 0 42205416 16809984 0 0 2 0 0 0 536870912 32 0 0 0 0 0 262144 0 0 0 0 0 0 0 0 0 0 0 0 256 4 0 0 0 0 0 128 0 0 0 0 0 32 0 0 0 0 0 0 0 65536 0 4096 16 2 0 0 0 1024 16384 0 0 268435456 0 0 0 0 0 0 0 0 0 0 0 0 0 0 0 0 0 32 0 0 0 0 0 0 0 0 0 0 0 128 0 0 0 0 0 0 0 0 0 0 0 8388608 0 134217728 0 4 0 131072 16777216 0 0 0 0 0 0 0 0 0 0 0 0 8 268435456 8392704 0 0 0 1073741824 0 0 0 0 0 0 0 0 0 0 4 134217728 4 0 0 0 0 0 0 0 0 0 0 0 0 0 128 805306368 67108864 2 1024 536870912 0 0 0 536870912 0 2097152 33554432 16777312 134283280 0 0 0 0 0 0 0 268435456 0 0 0 655360 268435456 0 1074266112 0 0 0 0 0 0 8192 0 0 0 0 0 0 0 0 0 0 16777216 0 0 0 33554432 0 0 0 0 0 0 0 0 65536 0 0 0 1048576 16 0 0 0 0 0 0 65536 262144 0 0 0 0 0 0 0 256 0 0 0 0 0 0 0 8388608 0 0 0 0 0 0 0 0 0 0 0 0 16 524288 0 0 0 0 0 0 0 0 0 8388608 0 1 0 0 0 0 0 0 0 0 8388864 0 536870912 2147483648 0 0 0 4 0 0 1073741824 0 0 0 0 4 0 0 0 0 0 0 0 0 0 33554432 0 0 0 0 0 0 0 0 0 16777216 0 0 0 0 0 0 0 8 0 0 0 0 0 128 536870912 0 0 0 0 0 0 0 0 0 0 0 128 0 0 0 0 0 33824768 327813 0 0 0 0 33554432 4194432 0 0 0 0 0 0 0 0 0 134217728 4195346 2147483650 9502760 17367072 82756 131456 164136448 536870912 1048577 8388864 1288 0 0 0 8448 81920 0 16384 134217728 4104 20 0 0 131072 8388608 67112992 16 134350848 2048 0 16777216 0 0 16384 4096 0 128 0 0 262144 134217728 65536 0 0 0 0 0 0 0 0 0 0 0 0 0 16777216 0 33685508 0 33554432 0 4194304 0 2 0 0 0 0 0 0 0 131072 0 16 0 0 0 0 0 0 0 0 0 0 0 0 0 0 0 0 0 0 0 0 0 0 0 0 0 0 0 0 2048 0 0 0 0 0 16 0 128 524288 0 0 0 0 524288 0 0 0 1024 0 0 1 0 0 256 0 0 0 0 0 536870912 0 0 2147483648 0 0 0 4 0 0 1073741824 0 4194304 0 0 0 0 0 0 0 0 0 0 0 0 0 0 0 0 0 0 0 0 0 0 0 0 0 0 0 0 0 0 8 0 0 0 0 4194304 0 0 0 0 0 0 0 0 0 0 134217728 134217728 16 268435456 8196 0 100925448 262212 0 0 1024 536948736 32 4 134217728 0 8192 570556416 0 269486084 5242880 0 0 536870912 542384128 1610613377 34799616 134293540 2625634816 32 134220824 8912896 64 67108866 1025 0 2 2097152 4194304 65536 0 1024 142606336 2557072 16 0 0 0 20480 83886368 2097152 2148663296
is_linear=0
shrinkage=0.1


Tree=56
num_leaves=31
num_cat=28
split_feature=13 15 3 15 14 3 13 3 3 14 15 3 13 3 15 15 13 3 27 3 3 14 3 15 14 22 3 14 3 3
split_gain=35.5807 31.4263 29.8323 30.2946 25.6356 56.8012 23.2542 50.195 20.6584 20.4703 19.53 22.5752 18.896 27.1354 18.466 16.1706 17.4033 41.1042 17.3963 93.0499 48.7409 40.7293 36.9296 35.7678 33.9767 32.1455 61.6792 31.5327 44.0505 31.9192
threshold=0 1 2 3 4 5 6 7 8 9 10 11 12 13 14 15 16 17 1.5000000000000002 18 19 20 21 22 23 2.5000000000000004 24 25 26 27
decision_type=9 9 9 9 9 9 9 9 9 9 9 9 9 9 9 9 9 9 2 9 9 9 9 9 9 2 9 9 9 9
left_child=-1 -2 -3 -4 5 -5 7 -6 9 -8 -10 -12 13 -13 -7 -14 17 -17 22 -20 -21 -22 24 -23 -18 27 -27 28 -24 -29
right_child=1 2 3 4 6 14 8 -9 10 -11 11 12 15 -15 -16 16 18 -19 19 20 21 23 25 -25 -26 26 -28 29 -30 -31
leaf_value=0.0603208148330589 0.042318665811782973 -0.04251724365058826 -0.054926644934690329 0.052456081151133198 0.0717437317326928 0.040187338610185162 -0.049482288351807402 -0.055899884676604984 0.029874925090212518 0.037828187807980029 -0.027950718992398108 -0.036940024695322968 -0.029128550343958077 0.058743578352188686 -0.025577914369383399 0.045886669389517624 0.034895990654497611 -0.045174163529476452 0.041186606092071219 -0.03853273220343667 0.051038792576401176 0.048141723136644624 -0.028607046678621253 -0.0013953967578445284 -0.035371030884272014 0.045637390948398644 -0.051703455526668954 0.022676026677911201 0.03030542700286535 -0.001304204387604993
leaf_weight=86.975126550532877 160.73479692917317 159.70007351064123 91.39080443023704 103.11979185324162 29.712917368859053 37.328620074316859 22.860164114739746 159.30198508827016 216.8324900213629 236.96762473322451 267.56584402895533 34.123649152927101 172.50165255507454 111.86482228897512 935.34122742037289 56.954596076859161 73.624600046314299 204.05724897258915 652.4250698981341 286.39092325977981 163.16474889894016 143.61970755178481 147.80794202815741 2841.9516524965875 481.73792267497629 78.355713367229328 264.60834964946844 576.24098020559177 702.47809475124814 10428.112117118901
leaf_count=1312 1109 7315 2714 1822 520 421 710 4335 2072 4763 5797 543 1782 2040 18429 571 1161 4506 14542 5362 2104 1531 3217 48315 9288 2719 11065 8037 9453 135806
internal_value=-0.00010463 -0.000399714 -0.000769925 -0.000406788 -0.000122213 -0.0150527 0.000760667 -0.0332378 0.00113254 0.0285973 0.000718237 0.000344125 0.000794512 0.0354439 -0.0226707 0.000481341 0.000796861 -0.0243441 0.00120074 0.00687852 0.000241872 0.00387941 -0.000618152 0.00114032 -0.0256032 0.000539978 -0.0296412 0.0014136 0.019851 -2.90363e-05
internal_weight=19927.9 19840.9 19680.1 19520.4 19429.1 1075.79 18353.3 189.015 18164.2 259.828 17904.4 17687.6 17420 145.988 972.67 17274 17101.5 261.012 16840.5 4087.55 3435.13 3148.74 12753 2985.57 555.363 12197.6 342.964 11854.6 850.286 11004.4
internal_count=313361 312049 310940 303625 300911 20672 280239 4855 275384 5473 269911 267839 262042 2583 18850 259459 257677 5077 252600 71854 57312 51950 180746 49846 10449 170297 13784 156513 12670 143843
cat_boundaries=0 88 251 275 436 444 468 559 583 606 613 776 800 891 909 1061 1195 1285 1308 1332 1356 1363 1387 1542 1549 1573 1580 1603 1627
cat_threshold=0 0 0 0 0 2097168 16 0 0 0 0 32 0 0 1 0 16 0 0 0 0 1050624 0 0 0 2048 0 1073741824 0 0 524288 0 2 268435456 0 0 0 0 0 131072 0 2052 0 0 0 4 0 0 32 0 0 0 0 64 0 0 0 0 0 16777216 128 0 0 545259520 0 0 0 0 0 2176 134217728 0 0 0 131104 0 2097152 0 0 0 0 0 0 0 0 0 512 33554432 0 0 0 16777216 301989952 0 0 0 0 0 0 0 0 0 0 0 32768 0 0 1073741824 0 0 0 128 0 0 0 0 0 0 0 0 0 0 0 0 0 0 0 0 0 0 0 0 0 0 0 0 4 0 0 0 1073741824 8192 0 0 0 0 0 0 0 0 67108864 0 0 0 0 65536 0 0 0 0 0 0 0 0 0 0 0 0 0 0 0 0 0 1024 0 1073741824 8388608 0 0 0 0 0 0 0 0 262144 0 0 0 0 0 0 32768 0 2097152 0 0 0 0 0 0 0 65536 0 0 0 0 8192 0 16392 0 256 0 0 0 0 0 0 262144 0 0 0 4096 0 16384 0 0 0 0 0 0 0 0 0 128 0 0 0 0 0 0 0 0 0 0 0 0 65536 1048576 0 1048576 32768 1073741824 0 2 0 2048 268484896 33554944 0 4194314 266 0 0 318767106 0 67108864 0 2147483648 393216 0 0 8421408 1 128 0 0 0 0 0 0 0 0 131072 0 65536 0 0 0 0 0 0 0 0 0 0 0 0 16777216 0 0 258 0 0 0 4194304 0 0 0 0 0 128 0 0 0 0 0 0 0 0 0 0 0 0 0 32768 0 0 0 0 8389632 0 0 0 0 0 0 256 0 0 0 1048576 0 5120 0 0 0 0 0 0 0 0 128 65536 128 0 0 0 0 0 1073741824 0 0 0 0 0 0 0 0 0 0 0 0 0 4 0 0 0 32 0 16384 0 0 0 1024 0 0 0 33554432 0 0 0 0 0 0 0 0 0 0 0 0 0 0 0 1048576 0 0 0 0 0 0 0 0 0 0 1081352 0 0 0 0 0 0 0 0 0 0 536870912 0 0 512 0 0 0 0 0 32768 39190528 3246391682 142771216 0 134217858 168065 302154752 1 3221225472 16 1073742080 2056 0 16777232 0 536870913 536870912 768 0 160 3224 134283264 0 1048576 4194304 536870912 0 2 8421376 0 4096 4 256 262144 0 0 0 0 0 0 0 32 0 32768 0 0 536870912 0 0 0 0 0 0 0 0 0 0 64 0 36 0 0 0 0 0 0 0 0 0 0 4096 0 0 0 0 1073741824 0 2097152 262160 0 0 0 0 0 0 1073741824 0 0 0 262144 64 32 16 0 0 65536 0 0 0 128 0 0 0 0 0 0 0 0 2 1040 1024 0 32 0 0 0 0 0 20971520 8192 0 0 1 285212672 67108864 67108864 0 0 8 8650752 0 536887296 0 0 2290090113 525312 65540 0 1056768 512 0 32 4194306 0 2048 134283264 4 0 4194312 134217728 0 0 262144 4194304 2048 0 2048 263168 1024 2147483652 0 0 0 1060 167936 286326784 2048 1140850689 671088640 33554576 2147491840 57344 16779776 2 536880128 0 134217808 1 0 131072 128 0 100663296 1073741856 0 0 0 0 0 0 0 0 0 0 0 0 0 0 0 1073741824 0 4 0 0 0 32 0 0 0 0 0 0 0 0 0 0 0 0 0 0 0 0 0 0 0 2 0 0 0 0 0 0 0 0 0 256 0 0 0 0 0 0 0 0 0 0 0 0 0 0 1048576 0 0 0 0 0 0 0 0 0 0 0 0 0 0 1073741824 0 0 4 0 32 0 0 0 256 16 2147483648 0 0 0 1073741824 0 0 0 131072 16777216 0 0 0 0 2147483648 0 0 0 0 0 1032 0 4096 0 0 0 0 0 603979776 0 0 0 0 0 0 0 0 0 8192 0 0 0 0 0 0 0 0 0 524288 0 0 0 0 0 0 0 0 0 0 0 0 0 0 16 131072 0 0 0 0 268435456 8454273 536870913 0 134348864 0 536871040 128 0 4 1048576 512 0 524288 4194306 134217728 268435584 64 262148 0 0 0 16777216 0 131072 134217728 268435456 33554440 8192 0 0 0 0 8388608 1048576 1048576 0 0 0 0 0 0 0 0 0 0 0 0 0 0 0 0 512 0 0 2097152 0 131072 0 0 0 0 0 0 0 0 0 1073745928 0 32 1024 16777216 0 0 0 0 0 0 8192 0 0 262144 0 0 0 0 0 0 536870912 0 0 0 0 4 0 0 8 0 0 64 0 0 2048 0 0 8388608 134217728 65536 1073741824 64 268435456 268435456 1342177280 1025 0 8 0 0 100679680 0 8192 33554433 18874626 32 0 134217728 0 8388608 0 0 0 0 0 0 0 0 0 134217728 0 0 256 0 0 0 0 0 32768 0 0 0 0 0 0 0 0 0 0 0 0 0 0 32 0 0 0 0 0 0 16384 0 0 0 0 0 67108864 0 0 16384 65536 0 0 0 0 128 0 0 0 0 0 0 0 0 0 0 512 0 0 0 0 524288 0 0 0 0 0 2281701376 0 0 0 0 0 0 0 16384 0 0 1114112 0 0 0 0 0 0 0 0 0 0 536870912 1 0 0 0 1024 0 0 0 0 0 0 0 65536 0 0 0 0 0 0 0 0 0 0 0 0 0 0 0 0 0 0 0 0 0 0 0 0 1 1152 0 0 0 0 0 0 2097152 0 2048 0 0 0 524288 0 33554432 0 0 131072 16384 0 0 8388608 0 0 0 0 0 0 0 0 0 0 0 0 0 0 0 0 0 0 2147483648 0 0 0 0 8 0 0 0 524288 536870912 0 0 512 0 536870912 0 16 64 0 0 256 0 0 4096 0 0 0 0 0 4096 0 0 0 64 524288 0 0 0 2147483648 0 0 524288 0 0 0 0 65536 0 0 0 0 0 0 0 0 0 0 0 0 0 2048 0 0 2048 0 0 0 0 0 0 0 0 0 0 67108864 134217728 0 1048580 32 0 0 0 0 0 0 0 0 8388608 0 0 0 0 0 0 0 32 0 0 0 0 0 0 0 0 0 33554432 0 0 0 0 0 0 0 0 0 65536 2147483648 0 0 1 0 0 0 0 0 0 33554432 0 0 0 536870912 0 0 0 0 16384 4194304 0 131072 65536 0 0 0 0 0 0 0 0 0 0 32768 0 4096 268582912 16384 32 0 0 0 0 0 0 128 0 0 2048 0 0 1 0 0 0 0 536870912 0 0 0 0 0 0 0 0 4 0 0 0 0 0 0 0 0 4194312 0 4096 1048608 512 150994944 33554432 0 1025 0 8 0 0 16384 0 0 100663296 132097 327712 0 134217728 570425344 8388608 1024 16777216 1114144 2048 4194304 2281701376 536871173 1073741826 4202496 0 8 536870912 4202496 67108864 0 2121728 134217729 17039360 0 0 16777216 0 4464640 0 16 2149712000 0 0 4194304 25165824 100663296 16809984 1024 0 0 0 8388608 524288 2097172 536870912 0 0 8388616 0 0 2147483776 0 0 2097184 1082368 3147776 671105026 512 8193 8208 4096 1312800 281023749 2147483654 2155872264 100663296 321 67112960 4202496 16384 16 537919488 1048576 67125248 1 0 134217729 16777216 32768 0 16777216 131072 4464640 0 16777216 8388640 0 0 20971521 0 0 0 0 0 0 268435456 0 0 0 0 0 0 0 0 0 0 0 0 0 0 0 0 0 0 0 4 4 0 0 0 0 0 0 0 0 0 0 0 0 0 0 0 0 0 33554432 0 256 0 0 0 0 0 0 0 0 0 512 64 0 0 0 0 0 0 0 0 0 16844800 0 0 2440 0 0 0 0 0 0 0 16 0 0 0 0 0 0 0 8388608 1048576 0 0 160 1 0 0 0 0 0 0 0 0 16 0 536870912 0 0 0 4096 0 0 0 0 0 0 0 0 0 0 0 0 0 0 0 0 0 0 0 0 0 0 0 0 0 0 0 128 32768 0 0 1048576 0 0 0 0 0 0 0 0 0 2147483648 0 262144 0 0 262144 1082156129 16 4136 553649152 85206053 2304 546054400 1074266112 276824080 0 8 0 0 0 278528 536870912 8192 589824 2415919104 133706 262192 0 134217728 65536 0 32 0 2148532352 0 536870912 32 545259650 537395713 68224 2952864776 1074528256 2308 155189336 524288 8388614 1073741824 3080 0 0 2359296 0 536870912 0 32768 1409286144 2376768 65536 0 134217728 33554432 0 256 3145728 2149711872 0 4259840 536870912 0 16777216 5120 0 131072 134217728 8388608 524288 537953296 139264 0 33555457 1024 0 0 0 0 256 2097152 1049600 3276800 604045824 131088
is_linear=0
shrinkage=0.1


Tree=57
num_leaves=31
num_cat=27
split_feature=13 15 3 14 2 14 15 13 3 14 3 3 15 15 14 15 13 32 3 3 15 13 3 15 3 31 3 32 14 8
split_gain=35.8956 35.9957 26.9373 30.084 29.0816 33.311 24.773 24.6936 43.6798 21.5336 60.9384 27.1544 30.9166 25.6605 23.9655 22.4527 22.5003 21.7121 20.1319 19.0705 19.6316 21.2266 18.6543 18.5047 17.7621 17.8796 17.487 17.4747 17.4193 17.21
threshold=0 1 2 3 4 5 6 7 8 9 10 11 12 13 14 15 16 4170.5000000000009 17 18 19 20 21 22 23 0.074439801275730147 24 3592.5000000000005 25 26
decision_type=9 9 9 9 9 9 9 9 9 9 9 9 9 9 9 9 9 2 9 9 9 9 9 9 9 2 9 2 9 9
left_child=-1 -2 3 -3 5 -4 -6 8 -8 10 -9 12 -11 -12 -14 18 22 -16 -13 28 26 -22 -17 -23 -7 -26 -21 -24 -18 -25
right_child=1 2 4 -5 6 24 7 9 -10 11 13 15 14 -15 17 16 19 -19 -20 20 21 23 27 29 25 -27 -28 -29 -30 -31
leaf_value=0.07325664283702199 0.054803566938444362 0.0607472581036968 -0.051296512237320624 -0.051265072322528443 -0.042172781360810541 0.0027974270563708784 0.046796714865089115 0.04428488865758539 -0.051290079458380003 0.13461102493031821 0.049032623152846136 -0.015753200109982862 -0.039615523083927469 -0.024682063564553106 0.0083871349354867793 -0.014722417484963057 0.030791007531411091 0.046730092044736576 0.052450284496397381 -0.0002086894467554669 -0.035766572907105221 -0.026718113470897815 0.13077621227578501 0.033171638999061441 0.135303487701354 0.042015470066730072 0.069836521169659993 0.039181678869122334 -0.027339625363854654 -0.00058838647564818521
leaf_weight=55.609031488653272 105.61393269058317 20.493310450110584 44.711350462865084 175.24686883785762 137.75417062407359 139.9733456345275 50.54843085212633 152.25911915977485 208.66508231940679 12.805953068658708 41.268497223965824 60.237583253532648 64.185424798401073 1060.7256824090146 444.09146443684585 54.507371206767857 51.574956838041544 221.26469298172742 138.64355741301551 76.342352658510208 164.68211623327807 258.83772773831151 26.70719705033116 142.52328156516887 22.383101597893983 250.1829588226974 66.723251394927502 94.637238027062267 434.2485610616859 15113.652656225953
leaf_count=847 904 694 335 6991 2858 1406 541 2547 5803 117 479 909 1087 21603 7487 516 1352 4773 1821 450 2828 2483 348 1555 314 1469 795 1465 12113 225838
internal_value=-0.000589869 -0.00083341 -0.00115885 -0.0371552 -0.000779322 0.0238696 -0.00138233 -0.00106354 -0.0311347 -0.000629816 -0.0132317 0.000284306 0.0188682 -0.0215054 0.0150438 -0.000553416 -0.000965676 0.0208251 0.0320274 -0.00135914 -0.000753479 -0.0011007 0.0336344 -0.000709947 0.0330374 0.0479182 0.0348874 0.0548231 -0.0206719 -0.000251478
internal_weight=19891.1 19835.5 19729.9 195.74 19534.1 457.251 19076.9 18939.1 259.214 18679.9 1254.25 17425.7 742.348 1101.99 729.542 16683.3 16484.4 665.356 198.881 16308.6 15822.8 15679.7 175.852 15515 412.539 272.566 143.066 121.344 485.824 15256.2
internal_count=312728 311881 310977 7685 303292 3524 299768 296910 6344 290566 24629 265937 13464 22082 13347 252473 249743 12260 2730 247414 233949 232704 2329 229876 3189 1783 1245 1813 13465 227393
cat_boundaries=0 87 248 272 279 288 293 457 538 561 568 592 616 756 897 903 1047 1135 1153 1177 1340 1431 1455 1605 1626 1639 1646 1647
cat_threshold=0 0 0 0 2097152 0 0 256 33554432 0 67108864 0 134217728 0 1 0 0 0 0 0 0 2048 0 0 0 0 0 134217728 0 0 134217728 0 0 0 0 0 0 0 0 33554432 0 2049 528 0 0 0 2 0 40 8 0 524288 0 65600 512 0 0 0 8388608 0 0 0 536870912 8388608 0 4096 0 0 0 0 671088640 0 0 0 8192 0 0 0 262144 4096 0 0 0 0 0 0 262144 65536 0 8192 0 0 33554432 0 0 0 0 0 0 0 0 0 0 0 0 0 1073741824 0 4194304 0 128 0 0 0 0 0 0 0 0 0 0 0 0 0 0 0 0 0 1048576 0 0 4096 268435456 0 0 0 0 0 0 0 0 0 64 0 1073741824 0 0 0 0 67108864 134217728 0 0 0 0 0 0 0 0 0 256 0 0 0 0 0 0 0 0 33554432 0 0 0 0 0 0 0 0 0 0 0 0 0 0 0 0 0 0 1073741824 0 0 2050 0 0 0 0 0 0 0 0 0 0 0 0 0 0 9216 1048576 16384 0 0 0 0 0 33554432 0 0 0 0 0 0 4096 0 4194304 1 0 0 0 0 0 0 8 0 128 0 0 0 0 0 0 0 0 0 0 0 2048 0 1048576 0 768 132096 0 0 1212416 16385 536870912 0 70582304 0 0 0 33554432 0 67108866 33685512 0 71303168 18 0 1048608 1 8200 1224744960 8388867 1186444 2080 268763170 2 403308544 0 2147483648 0 4194304 0 0 0 0 4096 2219835648 8388864 4194304 67108864 620761088 0 272629760 1024 0 0 0 0 0 0 0 0 0 0 0 0 0 0 0 0 0 0 0 0 0 0 0 4 0 4096 0 0 0 0 0 0 0 0 0 0 32 16 0 0 8 0 0 0 0 0 0 32768 0 0 1024 0 0 0 0 0 0 536870912 8388608 0 0 0 0 0 0 65536 2147483648 0 0 0 0 0 0 0 0 0 128 0 0 0 0 0 1073741824 0 0 0 0 0 131072 0 0 0 0 0 0 0 2 0 0 0 0 0 0 0 0 0 0 0 65536 0 0 0 0 0 0 0 0 256 0 0 0 0 0 0 536870912 0 0 0 0 0 0 0 0 134217728 0 0 0 1048576 16 0 0 256 0 1024 0 0 536870912 0 0 0 0 0 0 0 0 0 0 32768 0 0 64 0 262144 0 1032 0 2 0 0 0 0 2 32768 0 524288 64 64 1048576 0 64 268435456 0 0 0 0 536870912 0 0 32 0 0 32768 0 0 0 0 0 0 0 0 0 0 0 0 262144 32768 2097152 266240 0 0 0 0 0 0 0 8388608 256 0 0 0 0 0 0 4 8 0 0 65536 0 33554432 0 0 0 0 0 0 0 0 136314896 32 0 16777216 293601280 100663296 8388608 3072 0 603979776 0 0 67108864 512 393216 33554432 1344544 327680 0 1081344 512 40960 2 0 1048576 0 528384 176160768 33281 143658132 1114368 262754 2152775680 68323328 134348800 603979776 1073741824 0 0 268435464 8388738 4194304 0 16 262144 0 1130594 8388612 0 134217728 4194564 32768 0 4194304 0 0 16777280 4 1073741824 0 8388608 0 0 8192 135266304 2304 0 4 73984 1342177280 0 32832 0 25165824 1536 838860928 0 2097152 0 2147614720 33587236 32768 0 0 0 0 0 0 1073741824 0 0 0 0 0 0 0 0 0 0 0 0 0 0 0 0 0 0 0 0 0 0 0 0 0 0 0 0 0 0 262144 0 0 0 0 0 0 0 0 0 0 0 0 0 0 0 0 0 0 0 0 0 0 0 0 0 0 0 0 0 0 0 0 0 0 0 0 0 0 0 0 0 16 0 0 0 0 0 0 0 0 0 0 0 0 0 0 0 0 0 0 0 0 0 8388608 0 0 0 0 0 0 0 0 0 0 0 0 0 0 0 0 0 0 33554432 0 0 0 0 0 0 0 0 0 0 0 0 0 0 0 2 0 0 524288 8 0 0 0 0 0 0 0 0 0 0 0 0 0 0 0 0 64 32768 16386 16 4 1342177280 0 0 0 0 0 0 0 0 0 0 0 0 0 0 0 0 0 0 0 0 2048 0 0 0 0 16777216 0 0 0 0 0 0 0 0 0 0 0 0 0 0 0 0 0 8 0 0 0 0 0 256 0 0 0 0 0 0 0 0 0 0 0 0 0 0 0 1048576 0 0 48 0 0 0 0 0 0 0 0 0 16 0 0 0 0 0 0 0 0 0 0 0 8388608 0 0 0 0 0 0 0 0 0 0 256 32768 0 0 0 1073741824 0 0 131072 0 0 0 0 0 0 0 32 537182498 2164277506 512 2147491840 555225088 2048 16777217 0 0 0 536870912 0 16384 67108864 67108864 2 0 0 0 0 0 0 0 0 0 0 0 0 0 0 4 0 0 0 4 0 0 0 0 8192 0 0 0 0 0 0 0 0 0 8388608 0 0 0 0 4194304 8404992 0 0 0 0 0 0 0 0 0 268435456 0 0 0 0 0 0 0 65536 0 0 0 0 32 0 0 0 0 0 0 0 0 0 0 0 0 0 0 0 2048 0 0 64 0 0 0 131072 0 256 0 536870912 0 0 0 0 0 0 0 0 0 0 0 0 0 2147483648 2415984640 0 0 0 0 33554432 0 0 0 0 0 0 16777216 0 0 0 0 0 0 0 0 524288 0 0 0 0 0 0 1073741824 1024 0 0 8388608 2 524288 0 0 0 64 0 0 0 0 0 0 0 0 0 0 0 0 0 0 0 0 0 0 1024 512 0 8192 0 131072 268435456 0 0 2097152 0 2 33280 0 4 0 0 8388608 65536 0 16 0 0 0 0 0 16 0 0 16777216 65536 0 2097152 0 0 0 0 0 0 0 0 0 0 0 0 16777216 0 0 0 2097152 0 0 8 4160 0 524288 0 0 0 1048576 8192 0 1 0 0 0 1913389056 8556578 262144 0 0 0 33554432 66 0 0 0 0 4096 0 33554432 16384 0 0 603979784 12586112 8192 536870912 528400 4 2147483648 0 65536 0 0 4194340 32768 8 0 32 524288 738476040 4 0 0 65600 0 2048 67108864 536870912 0 0 32768 0 8388608 0 0 0 0 0 4 0 0 0 0 0 0 1 0 4194304 0 0 8 0 0 0 128 0 0 65536 0 0 0 1073741824 0 0 0 524288 0 0 0 0 2048 2147483648 0 0 0 1048576 0 0 0 0 0 0 0 0 0 0 0 0 0 0 69206016 0 0 0 0 0 0 0 0 0 0 8192 32 0 0 0 0 0 0 0 0 0 0 0 0 0 0 0 0 0 32 0 8388608 0 0 32768 0 0 262144 0 0 0 0 0 0 0 0 0 0 0 0 0 0 0 0 2 0 0 2 262144 0 0 0 0 0 0 0 0 0 16 0 0 0 0 0 0 0 0 0 0 0 0 536870912 0 0 0 0 0 0 0 0 0 0 1048576 0 0 8 0 16 16896 0 0 0 0 0 0 1024 131072 0 524288 8 0 262144 0 0 0 0 4 2048 0 65536 0 2048 1073741824 16384 16 0 0 0 0 0 0 0 0 0 0 0 268435456 0 262144 0 16384 0 0 0 0 0 0 0 0 128 0 0 4 0 0 0 0 0 0 0 128 0 8 0 1024 0 0 536870912 262144 0 0 0 0 0 0 0 0 4 0 64 512 1048608 0 1048576 0 75497474 0 0 0 524296 262144 16777216 100663296 0 16384 167772161 5243000 0 0 0 0 0 0 0 0 0 0 4 0 42205184 0 0 33554560 0 0 0 8388608 1048577 0 0 0 0 0 0 0 0 32768 524288 16 0 0 0 0 0 0 0 32 0 0 0 0 0 0 0 0 0 0 0 0 0 0 0 0 0 0 0 0 67108864 0 0 0 0 0 0 8192 0 16640 65536 0 0 0 0 0 0 0 0 0 0 0 0 0 0 0 0 0 0 0 0 0 0 0 0 0 0 0 0 0 0 0 0 2097152 0 0 0 0 0 0 0 131072 0 16384 0 0 8192 0 0 0 0 0 0 0 0 0 0 0 33554432 0 0 0 8 0 2147483648 0 0 0 0 0 1048576 0 2147483648 0 33554432 4 0 0 0 0 524288 0 0 0 0 0 0 0 0 0 2147483648 0 1024 67108864 0 0 1024 0 0 0 0 0 1024 0 16777216 0 0 0 0 2416836864 96 192 0 0 0 0 0 0 262148 0 0 0 16384 33554432 13631552 67125249 8320 1073872904 67642368 604520448 258 25165824 33
is_linear=0
shrinkage=0.1


Tree=58
num_leaves=31
num_cat=16
split_feature=13 13 4 13 13 11 31 25 13 1 10 16 13 13 23 13 17 31 25 13 30 31 32 32 13 13 17 23 20 12
split_gain=29.202 27.9324 16.4362 19.155 17.8284 15.41 35.0775 15.2322 14.8214 14.4574 14.0277 13.9208 37.2831 30.6963 23.1189 22.3789 21.3594 19.4774 22.1019 19.0882 16.7463 32.2059 44.0849 45.3308 25.6956 20.77 16.6408 16.4329 15.2033 14.4158
threshold=0 1 2 3 4 5 0.076681882143020644 235.50000000000003 6 7 8 8.5000000000000018 9 10 19.500000000000004 11 3.5000000000000004 0.024281934835016731 7.5000000000000009 12 0.12586309760808947 0.11259426921606065 3986.5000000000005 3968.5000000000005 13 14 2.5000000000000004 1.5000000000000002 0.17744776606559756 15
decision_type=9 9 9 9 9 9 2 2 9 9 9 2 9 9 2 9 2 2 2 9 2 2 2 2 9 9 2 2 2 9
left_child=-1 -2 3 -3 -5 6 -6 8 -7 -10 -11 15 -13 -14 16 -12 17 -15 28 27 24 22 23 26 -21 -26 -22 -17 -19 -30
right_child=1 2 -4 4 5 7 -8 -9 9 10 11 12 13 14 -16 19 -18 18 -20 20 21 -23 -24 -25 25 -27 -28 -29 29 -31
leaf_value=-0.049487929118966267 0.059135678945880676 -0.044243661964957659 0.030281344645177934 0.04482434337192643 0.25447543532280725 -0.042401211525561928 0.013824881853928698 -0.073818862107343772 -0.050397784753691555 -0.049193939865091192 0.032492198439573093 0.041341326289771468 -0.053003275866794868 0.020578859166803548 0.030567624895051777 -0.037267101683521174 0.0050516817215811236 -0.013712774138018869 -0.055278116493700818 0.047027842803808811 0.022158844890365469 0.0037842841901442564 -0.026631714809045515 0.22669480142565332 -0.035479102001950272 -0.0010040535721122605 0.068489425510762134 0.10533774389865165 0.051248161190575882 -0.002136808384439979
leaf_weight=110.02633362798952 69.518069053767249 89.706000046804547 164.74607519782148 77.166493088006973 8.477850410621615 74.143585616024211 21.211222233250737 28.394696858944371 47.523262910312042 48.237354043405503 222.61658439016901 165.3847486176528 123.01389238471165 206.94948921841569 183.32248312956654 182.30114972731099 1405.5123187291902 2603.6331424803939 109.12658442510292 99.360733264824376 179.08896566554904 4422.0621946994215 97.218644318636507 13.906229041516779 168.81390917813405 7790.8930245127995 136.69868461787701 8.4554285556077939 43.216563040390611 1012.6274719573557
leaf_count=3606 1077 1858 1728 939 157 1194 203 2923 6300 1528 3254 2748 2434 13019 2209 2906 21413 40043 3461 2321 1410 28223 1020 91 3644 156139 1054 120 264 5988
internal_value=-0.000311723 -1.35061e-05 -0.000251722 -0.000524106 -0.000300171 -0.000502639 0.0617461 -0.000629845 -0.000522738 -0.000339426 -0.000189527 -4.06661e-05 -0.00410575 -0.00549035 -0.00434676 0.0017453 -0.0055443 -0.0092904 -0.0109306 0.00119704 0.00167168 0.0063165 0.0325458 0.0499957 -0.00112093 -0.00177882 0.0422145 -0.0294046 -0.00960819 0.000513421
internal_weight=19913.4 19803.3 19733.8 19569.1 19479.4 19402.2 29.6891 19372.5 19344.1 19270 19222.4 19174.2 5852.79 5687.4 5564.39 13321.4 5381.07 3975.55 3768.6 13098.8 12908 4848.97 426.913 329.694 8059.07 7959.71 315.788 190.757 3659.48 1055.84
internal_count=313274 309668 308591 306863 305005 304066 360 303706 300783 299589 293289 291761 91579 88831 86397 200182 84188 62775 49756 196928 193902 31798 3575 2555 162104 159783 2464 3026 46295 6252
cat_boundaries=0 91 182 183 274 358 361 451 452 453 544 636 726 817 908 997 998
cat_threshold=0 0 0 16777224 268435520 2 0 0 0 0 71303168 0 1024 0 0 0 0 0 0 512 0 0 0 65536 0 0 0 0 0 0 4194304 0 0 0 0 0 128 0 4 0 0 0 0 0 0 2097152 0 16 4194304 0 0 16777216 4194304 1073741824 0 2 0 262144 0 2048 50331648 0 0 65536 0 0 0 0 0 0 0 0 0 0 0 0 8388608 1073741840 1028 0 0 0 0 0 0 0 0 0 0 8388608 512 0 0 0 0 0 16 24 0 0 0 0 0 0 0 536870912 0 1048576 0 0 0 0 2048 0 0 0 2048 0 1073741824 4096 65536 0 0 0 268435456 0 16777216 0 0 0 33685504 8388608 2048 0 262144 0 4 4096 0 0 0 536870912 0 0 64 512 0 0 0 0 0 0 0 0 0 0 0 0 0 0 0 134217728 0 0 0 0 128 0 0 0 0 0 0 0 0 0 65536 0 33554432 0 8 2 11 0 0 8 0 0 2097408 0 0 512 0 0 0 0 0 66 0 0 0 0 268451840 0 0 0 0 0 0 0 1048608 0 0 0 0 0 0 8388640 0 0 262144 0 0 0 0 0 0 0 0 262144 16384 0 524320 0 0 0 0 0 32 128 0 0 32 0 0 0 0 0 0 0 0 33554432 0 0 0 0 0 0 0 0 1024 67108864 65536 0 0 0 0 4 4194304 4194304 134217728 0 512 1048704 2 0 0 0 8388608 0 0 0 0 0 128 0 0 0 0 0 0 0 0 0 0 0 0 0 16384 0 0 0 134218240 0 524288 64 131072 0 0 0 0 1073741824 524288 0 0 0 16 0 0 1048576 0 0 32 8 0 524288 0 65536 0 0 0 0 64 17432576 0 32768 0 0 0 134217728 0 2228224 16777216 0 0 0 0 0 131072 0 2097152 131072 0 0 0 0 0 536870912 3229614592 3222536208 4100 256 0 0 1024 32768 0 0 0 0 65536 0 0 0 0 0 0 0 0 0 0 0 0 0 0 0 65536 0 4 1048576 16384 0 0 524288 65536 0 0 65600 0 0 0 524288 128 0 2 540672 134217728 2048 0 4 0 0 268435456 0 0 0 0 0 0 0 0 0 2097152 0 2048 0 0 0 128 0 0 0 0 0 0 0 262208 0 4194304 0 0 0 0 0 4 524288 0 0 8388608 32 1024 1860913 2582 0 0 0 0 0 0 0 0 0 16777248 2097152 0 0 1 0 0 0 128 0 2148532224 0 0 0 0 536870912 0 0 0 0 2048 40960 0 4 0 0 0 2097152 0 0 32768 0 0 0 1048576 32768 0 0 0 0 0 0 134217728 0 0 16384 0 0 0 0 0 0 0 16 536870912 0 16384 0 0 0 0 0 32768 8192 0 0 0 0 0 32 0 16779264 0 0 0 0 0 0 512 327680 2097152 65 0 0 0 2 0 0 0 0 33554432 0 32768 0 0 524288 0 0 20 0 262144 0 0 0 0 0 0 0 0 1024 0 0 2048 0 0 1024 0 0 0 0 0 512 0 0 0 1073741824 0 0 0 268435456 0 0 0 0 0 268435456 0 0 4194304 0 0 0 0 0 0 0 0 0 0 0 0 0 0 0 16777216 0 0 0 4 0 768 0 4096 4096 0 0 67108864 0 262144 8192 0 1073741824 16 1 0 0 0 2 0 16384 1048576 0 64 0 2147516416 0 0 0 9 0 16 0 262144 0 33554432 0 0 0 0 0 0 0 0 0 4 0 0 1024 0 0 4 0 0 0 0 0 1 0 0 0 0 268435456 0 0 0 0 0 0 0 0 4194304 0 1024 0 0 0 0 0 0 0 65536 0 0 0 0 0 0 0 0 0 4 0 768 0 4128 0 0 2048 67108864 0 393216 8192 0 1073741824 0 0 0 0 16 0 0 0 0 16777216 0 0 0 0 8388608 0 0 128 0 3222274048 0 0 0 0 536870912 0 4096 0 1073741824 0 8192 0 0 2097152 0 0 2097152 0 0 32768 0 536870912 0 33554432 0 0 48 0 0 0 0 0 0 0 0 0 0 0 0 0 0 0 16 16384 0 16384 0 0 64 0 0 32768 0 524288 0 0 0 0 32 0 16777216 0 0 0 0 0 268435456 0 0 0 64 0 0 8388608 0 0 0 0 256 8388608 0 0 0 134217728 0 0 128 0 0 0 0 0 0 0 0 0 0 0 1024 0 2048 0 0 2 0 71303168 4194816 0 0 0 0 0 0 0 1073741824 8388608 0 0 256 4096 0 16384 0 16777216 0 0 256 0 0 8388608 0 4 0 128 0 8192 0 0 0 134217728 0 0 0 16777216 0 512 0 0 0 0 4096 67108864 4096 0 0 0 0 1048576 0 0 0 16 0 0 0 0 524288 0 0 0 0 0 2097154 0 0 0 4 0 0 0 64 0 0 0 0 0 2064 0 0 0 0 0 34816 0 0 0 0 0 0 0 2 0 64 0 0 0 0 0 0 0 0 65536 0 134218752 0 16 0 0 8 128 0 0 512 0 4 0 0 4096 0 67108864 0 8 0 0 0 0 0 0 0 134217728 0 0 2048 0 0 0 268435456 0 0 4096 327680 1601554
is_linear=0
shrinkage=0.1


Tree=59
num_leaves=31
num_cat=23
split_feature=15 3 13 3 15 13 3 3 15 3 24 28 3 13 28 3 15 25 3 15 13 15 3 25 3 3 27 3 28 13
split_gain=33.0154 25.5809 27.2871 27.5126 25.4224 24.2504 31.4889 23.0297 21.2499 17.3451 16.9873 16.6613 16.5891 18.0705 18.0295 51.7719 45.3799 32.3312 61.6408 47.4843 44.0141 41.0537 40.6843 41.982 38.4262 31.6027 31.5578 93.346 36.0728 28.9528
threshold=0 1 2 3 4 5 6 7 8 9 -1.0000000180025095e-35 72.500000000000014 10 11 4.5000000000000009 12 13 1.0000000180025095e-35 14 15 16 17 18 4.5000000000000009 19 20 3.5000000000000004 21 1.0000000180025095e-35 22
decision_type=9 9 9 9 9 9 9 9 9 9 2 2 9 9 2 9 9 2 9 9 9 9 9 2 9 9 2 9 2 9
left_child=7 -2 3 -3 -4 6 -6 -1 -7 10 -10 -8 -11 -14 17 -16 -17 24 -19 -20 -21 -22 -23 -24 -15 -18 -26 -28 -29 -27
right_child=1 2 4 -5 5 8 11 -9 9 12 -12 -13 13 14 15 16 25 18 19 20 21 22 23 -25 26 29 27 28 -30 -31
leaf_value=0.01652086991694544 -0.033031507248683867 0.04473349292103454 -0.037778101107523755 -0.061670971801162024 0.092546356005450484 0.045192581189661019 -0.022121375594318978 0.11085174832667427 0.0085964268408581512 -0.025134261283352617 0.055578875842407706 0.13419118671241706 0.040045744420139966 -0.033640962222862753 0.049560369931182804 0.055264061190073412 0.011735948866289694 -0.023805989675005204 -0.057561199409616584 -0.044266507218250623 0.083262710725599529 0.045316869755694253 0.024709549318744306 -0.010529845443952683 0.00089918897753866155 0.037595248281983462 0.047704292029607874 -0.049347672266969594 0.023840082385031547 -0.022599760535600449
leaf_weight=92.452484554611146 231.0315745746484 24.674539370462298 165.73555228346959 121.07423231191933 57.457685519941151 94.057432008907199 64.108158573508263 34.876068829093128 300.89531001145951 260.98515008157119 103.40466528665274 7.6306686801835886 100.84158570831642 345.82388546154834 135.96197524759918 87.220429646782577 372.60182268125936 420.15463521471247 72.025149613153189 92.16228844714351 101.70284316129982 474.52354685612954 910.12783939065412 537.8583209651988 12017.773168372689 75.990873665548861 150.83539762347937 495.3690765532665 77.940588737139478 1809.0438178803306
leaf_count=947 12005 225 2489 2556 583 1184 985 201 4645 8224 1779 112 1694 10875 3188 960 3219 8309 1162 3397 1053 8404 12891 13840 153361 1562 1767 14027 1044 36283
internal_value=-0.000313203 -0.000653176 -0.000252379 -0.0419417 8.34449e-05 0.000430369 0.0420181 0.0485492 0.000126222 -0.000121268 0.0201152 -0.00482258 -0.000573195 -0.000208944 -0.000454162 -0.00837634 -0.0118963 0.000797659 0.0109635 0.017667 0.0204859 0.0236372 0.0200684 0.0115401 -0.00122853 -0.0147232 -0.00032218 -0.0205962 -0.0387225 -0.0199876
internal_weight=19836.3 19709 19478 145.749 19332.2 19166.5 129.197 127.329 19037.3 18943.2 404.3 71.7388 18538.9 18278 18177.1 2480.82 2344.86 15696.3 2608.55 2188.4 2116.37 2024.21 1922.51 1447.99 13087.7 2257.64 12741.9 724.145 573.31 1885.03
internal_count=312971 311823 299818 2781 297037 294548 1680 1148 292868 291684 6424 1097 285260 277036 275342 45212 42024 230130 49056 40747 39585 36188 35135 26731 181074 41064 170199 16838 15071 37845
cat_boundaries=0 147 171 260 279 443 531 549 573 709 733 757 844 867 1023 1045 1200 1290 1444 1468 1492 1515 1536 1628
cat_threshold=16777217 0 65536 0 268435456 0 0 0 0 0 0 0 0 0 0 0 32768 0 0 0 0 4194304 0 0 0 0 0 0 128 0 0 0 0 8192 0 4 16777216 0 0 0 0 0 0 0 0 0 0 0 0 0 0 0 0 0 0 0 0 0 0 0 0 0 67108864 0 0 2097152 0 0 0 0 268435456 0 0 1048576 0 0 0 0 0 0 8 0 33554432 1073741824 0 0 0 4194304 0 0 0 36 32768 0 0 524288 0 0 0 0 0 0 0 0 0 0 0 4096 0 0 0 0 0 0 65536 16384 0 8 0 33554432 8388864 0 0 4096 0 0 0 0 0 0 0 0 0 0 0 0 0 0 0 32768 0 0 0 0 0 0 128 8388608 4194368 4096 8194 536870912 272629760 1088 0 0 1073741952 32 0 0 33554432 0 139264 536870912 128 0 0 0 1077936288 606273604 32 0 0 0 2 0 256 0 0 0 67239969 67108864 0 0 2 0 0 0 128 0 0 0 0 0 65536 0 0 0 0 0 0 0 0 2048 0 0 0 64 0 4100 268435456 0 0 0 1073741824 0 2097152 262144 0 4096 0 134217728 0 0 1073741824 0 0 12 8192 16777216 268435456 0 0 0 0 0 0 0 0 0 0 0 2048 67108864 0 0 0 4 0 0 0 0 32 0 0 0 0 0 0 1310720 0 0 0 1024 0 0 0 0 536887296 0 0 134217728 524289 65536 0 134217728 0 8388608 32 0 1048576 0 0 524288 0 0 0 8781824 0 128 0 0 0 0 0 0 0 0 0 128 0 0 0 0 0 0 0 2097184 0 0 0 0 128 0 0 0 0 0 0 8388608 1048576 0 0 16 0 0 0 8 0 0 0 0 0 0 0 0 0 0 0 0 0 33554432 0 0 0 0 0 0 0 0 1024 0 0 0 0 0 0 0 0 0 0 0 0 0 0 0 0 0 1024 0 0 0 0 0 0 0 2 0 4 0 256 0 0 0 4 0 0 0 0 0 0 16777216 0 0 0 0 0 0 2048 0 0 0 1024 33554432 0 0 0 0 1024 0 0 0 0 0 0 0 0 0 0 32768 0 0 0 0 0 1024 0 0 0 0 0 0 0 512 0 0 0 0 0 32768 0 0 128 0 0 0 0 0 0 0 0 0 0 2149580800 0 134217728 0 0 0 0 16384 0 540672 0 1048576 0 0 0 0 0 1073741824 0 0 0 0 2 0 0 0 2097152 0 0 33718272 0 0 0 0 0 0 0 0 0 0 0 1024 0 64 8388608 0 0 0 0 8192 262272 0 0 536870912 0 0 1073741824 131072 0 0 536870912 0 0 67108864 537002016 0 0 0 0 0 0 0 524288 0 0 32768 1048576 33558528 402653184 75497478 8421632 0 0 0 0 0 67108864 0 2113536 0 264480 32 0 0 0 32768 0 0 0 0 0 131072 8388608 0 0 0 0 41943040 9437266 0 0 0 0 0 0 0 0 0 0 32 8 0 0 0 0 0 16384 0 67108864 2 0 8388608 1024 131072 0 0 0 0 0 0 512 0 0 0 0 0 0 0 0 0 0 0 0 0 0 0 0 0 0 0 0 0 0 2147483648 0 0 0 0 0 8388608 2147483648 0 0 0 0 0 0 0 0 0 0 0 0 0 0 0 8388608 0 0 0 0 0 0 32768 0 0 0 16 0 0 0 0 0 32768 0 0 0 0 0 0 32 64 0 0 0 0 16384 0 0 0 0 1073741824 0 1073741824 0 0 0 0 0 0 0 0 1 16384 0 0 67108864 0 0 8 0 0 0 0 0 32768 0 0 0 0 0 33554432 0 33554432 0 32768 537001984 8 0 0 0 0 301989908 1280 268435456 2097152 0 128 16777216 8 0 1048576 4392484 8192 0 16779296 1024 270336 16777216 20971520 268435456 2097152 131072 32 2048 131072 557875200 234881024 134348800 16384 262160 1024 4194308 268468224 0 0 2147483664 0 2147483648 0 32 33554432 16385 3072 0 0 0 0 8388608 0 0 65536 0 0 134217730 0 0 0 8388608 1048576 0 0 262144 0 0 2048 0 4 0 0 0 0 8 65536 32768 0 0 268435456 2 0 0 16777216 0 512 0 0 16 0 0 0 0 0 32 0 0 524288 0 16 0 0 0 0 0 0 0 0 0 0 0 134217736 0 65536 0 8 0 0 0 33554432 8192 0 0 8 0 8 0 0 0 0 0 0 8389120 0 1074790657 0 0 0 0 135266817 0 0 8448 1 536870912 327680 65620 0 0 2 536887296 4098 16 2099200 2097152 12615808 0 0 0 2097152 65536 128 524320 0 0 0 256 0 0 0 0 0 0 0 0 0 0 0 0 0 16777216 0 131076 0 33554432 0 0 0 0 0 0 0 0 0 0 0 131072 0 16 0 0 0 0 0 0 16384 0 0 0 0 0 0 0 0 0 0 0 0 0 0 0 0 268435968 0 0 0 0 2432 8388608 0 0 0 0 0 0 32 524288 0 0 0 0 0 0 0 0 0 8388608 0 1 0 0 0 0 0 4 0 0 524288 16384 0 2147483648 0 0 0 4 0 0 0 0 0 0 0 0 0 0 0 0 0 0 0 0 0 0 0 0 0 0 0 0 0 0 0 16809984 0 0 0 16384 0 0 0 0 0 0 0 0 0 0 0 0 0 0 64 0 201326594 75530240 1024 0 24 1073741824 262144 1048576 258 5121 570425344 537165825 134225920 0 16777216 0 536870912 4096 0 2097152 536872960 0 0 33554434 2777088 41943168 640 0 0 1 0 0 0 0 0 0 0 0 0 32768 0 0 0 0 0 0 0 131328 0 0 0 0 0 0 0 0 0 0 0 0 0 0 0 0 0 0 0 0 0 0 65536 0 0 1073741824 0 0 0 0 0 256 0 0 0 0 0 0 0 0 0 0 0 0 0 0 0 0 0 0 34 0 0 0 0 0 0 0 0 0 268435456 1 0 0 0 0 0 0 0 0 0 0 2 0 0 0 0 0 0 0 131072 0 0 0 0 0 0 0 0 0 0 0 0 0 0 0 0 0 0 0 0 0 0 0 0 1024 0 0 0 0 0 0 134217728 1048576 0 0 0 0 0 0 0 0 0 0 0 0 0 128 0 0 0 0 64 0 0 0 0 0 0 0 0 0 0 0 0 0 0 0 0 0 0 0 536870912 64 0 1024 0 2048 2048 0 0 2097152 0 0 0 0 0 0 0 0 0 269484288 0 0 4096 0 0 0 0 16777216 16777216 0 0 32 4194304 0 0 0 0 0 0 0 0 0 0 67108864 0 0 0 0 16777216 0 1073741824 64 0 0 292 0 0 0 0 0 0 0 268435456 0 0 2097152 0 67108864 0 4096 2048 0 8388608 8388608 0 0 0 0 0 0 0 0 0 0 0 0 0 0 0 0 16777216 0 0 0 0 0 0 524288 0 0 0 0 0 65536 0 0 134217728 0 0 0 0 0 0 256 0 0 0 0 0 0 0 0 0 0 64 0 0 0 0 0 0 0 0 0 16842752 0 0 0 0 16384 0 0 0 0 0 0 526336 0 0 0 0 0 0 0 0 0 0 0 0 0 0 0 0 0 0 67108864 0 537395200 0 0 0 0 0 4194304 0 0 0 0 0 4194304 0 0 0 0 0 0 0 0 0 0 0 0 0 100663296 0 0 0 0 0 0 0 0 0 0 0 0 0 0 0 0 2 0 0 0 0 0 0 262144 0 4096 3272081408 276824068 1073741832 0 0 0 0 553648128 67125248 0 0 268443648 1065488 0 0 0 0 2147483648 524328 0 2281701504 1048576 160 32768 33556480 268436736 4 0 16384 0 1 541065216 0 2151677952 32768 1 0 0 0 0 0 2147500032 524296 2 2147485696 0 2190999720 49152 2148007936 0 201326850 1048 0 16 65536 0 524288 2048 33792 0 545260672 0 0 0 0 8388608 71303296 0 2281832448 671090688 2147483648 134217728 1 1073741824 0 0 67108872 1074003968 270336 33570816 262152 2170880 75497472 1310768 0 0 150994944 0 8 67375232 0 10485760 0 0 0 0 0 0 0 0 0 536870912 0 0 0 0 0 0 1048592 0 0 16 0 0 0 0 0 0 0 0 0 2048 2048 0 0 0 0 0 0 0 0 0 0 4 0 34603008 0 0 16777216 0 0 65536 0 512 16777216 268435584 0 0 0 0 0 16777248 4 2097152 128 0 0 0 8 0 33554432 0 16 0 0 0 1073742336 0 0 0 1536 4096 0 0 0 4 32768 0 0 0 0 0 0 1
is_linear=0
shrinkage=0.1


Tree=60
num_leaves=31
num_cat=28
split_feature=13 3 13 25 3 13 9 3 14 13 14 3 3 14 3 13 3 3 14 14 3 3 14 13 3 13 3 14 23 14
split_gain=24.972 23.3372 22.4502 19.1063 38.272 19.6737 17.8384 46.6597 30.9619 28.7204 22.7334 50.6984 25.1623 36.5303 24.9111 22.9885 22.4946 21.6339 21.1753 19.2593 40.0228 20.8028 37.0538 21.4019 42.5638 20.5331 42.4833 20.5085 18.4032 15.8707
threshold=0 1 2 40.500000000000007 3 4 5 6 7 8 9 10 11 12 13 14 15 16 17 18 19 20 21 22 23 24 25 26 5.5000000000000009 27
decision_type=9 9 9 2 9 9 9 9 9 9 9 9 9 9 9 9 9 9 9 9 9 9 9 9 9 9 9 9 2 9
left_child=-1 -2 -3 5 -5 -4 7 -7 -9 -10 11 18 13 -12 -13 17 29 -14 -8 20 27 22 -21 24 -23 26 -25 -18 -11 -17
right_child=1 2 3 4 -6 6 10 8 9 28 12 14 15 -15 -16 16 19 -19 -20 21 -22 23 -24 25 -26 -27 -28 -29 -30 -31
leaf_value=0.049592562276804197 -0.03670602914102214 -0.047933912453953793 0.050401075243494943 0.018337795727840247 -0.064596918359247552 0.064292543219702958 0.0061795066461476089 0.032421876468116645 0.030210508792009358 -0.035267787424453044 -0.048516896144926623 -0.040693425681253885 0.048966849688729351 0.033652037354818427 0.0090454872110468706 0.043866820930038047 -0.0081882832069623407 -0.0080134344733923113 0.071442823662279997 -0.032304521695149094 -0.021553656449025922 0.056116081649812424 0.024515234809759628 0.056550172638265485 -0.055857942104957981 -0.0013634483983477159 -0.015481606774835227 0.083407249953774382 0.12787751925925445 -0.048738328708605741
leaf_weight=87.889002361567691 171.79983334115241 90.157475985586643 66.724084513494745 94.914871752029285 119.98489010799676 61.513737506000325 82.844615630339831 92.73431833111681 74.056233059847727 687.93113476852886 54.623525300994515 109.17304050456733 166.99939572438598 389.91428802488372 639.97712993435562 15.432077639969064 45.274404309224337 108.89958771970123 179.85917387763038 129.71825280715711 883.79442076268606 35.454631168395281 679.96339839650318 171.78412127844058 157.28683499642648 14080.22649396467 146.46779860882089 51.149133985862136 6.9844202278181902 144.91454658890143
leaf_count=1215 8889 2924 1267 1955 9835 1981 1059 1363 1423 13015 1217 2625 1665 7785 11285 528 427 2244 2139 4476 17044 256 13736 2020 2771 188665 2648 493 83 6076
internal_value=-0.000792756 -0.00104168 -0.000709981 -0.000466919 -0.0301197 -0.000136364 -0.000338099 -0.0138238 -0.0200738 -0.0267394 0.000350408 0.0148432 -0.00050723 0.0227101 0.00135652 -0.00113407 -0.00161906 0.0269826 0.0518431 -0.00124232 -0.0147613 -0.000372868 0.0151291 -0.00124286 -0.0335085 -0.000787991 0.0239376 0.0436715 -0.033151 -0.0377739
internal_weight=19828.4 19740.6 19568.8 19478.6 214.9 19263.7 19197 923.22 861.706 768.972 18273.8 1011.85 17261.9 444.538 749.15 16817.4 16541.5 275.899 262.704 16381.1 980.218 15400.9 809.682 14591.2 192.741 14398.5 318.252 96.4235 694.916 160.347
internal_count=313109 311894 303005 300081 11790 288291 287024 17865 15884 14521 269159 17108 252051 9002 13910 243049 239140 3909 3198 232536 17964 214572 18212 196360 3027 193333 4668 920 13098 6604
cat_boundaries=0 91 115 206 228 319 320 344 351 442 450 473 497 504 528 616 640 658 665 672 694 718 725 814 833 925 947 954 961
cat_threshold=0 0 0 0 8388608 0 16 0 0 0 0 0 0 0 0 0 0 0 0 16896 0 0 0 0 16 0 4096 1024 0 0 524292 16777216 2 0 0 0 0 0 2 131072 8388608 2048 0 0 0 524288 0 0 0 0 0 0 0 128 0 0 16777216 0 0 0 0 2105344 0 0 0 0 0 0 0 0 0 0 8192 0 32 0 8388608 262144 262144 0 0 0 0 0 0 0 1310720 0 0 0 66 8388608 0 1024 2 16384 138936321 83328 1048576 131072 67108864 32776 0 0 33554432 0 67108864 0 4096 268435456 64 65536 32 536870912 4609 0 0 0 0 0 768 0 0 0 0 2097152 0 0 0 0 0 0 0 0 2147483648 0 67108864 0 65536 0 0 0 0 0 0 0 0 0 0 32 0 128 0 0 0 524288 128 0 0 0 2097152 266240 16384 0 32 0 0 4194304 1073741824 0 0 128 0 0 0 0 0 1 0 16384 0 0 0 0 0 0 2048 16777216 0 0 0 2 0 4 0 0 32 0 0 4 0 0 4096 0 512 1048576 838860800 134217731 67141888 256 0 0 1075838976 4194304 16384 0 2113536 32 2048 0 0 0 0 0 0 0 0 131072 0 32768 0 0 32832 0 0 65536 0 0 0 0 0 0 0 0 0 0 0 2097152 0 2048 0 0 0 2048 0 134217728 0 0 134217728 0 0 0 8 0 0 0 0 262144 0 0 0 0 0 0 0 0 1073741824 0 0 0 16777216 0 0 0 0 0 8388608 0 0 0 262160 603996160 0 8 1 0 0 0 134217728 0 0 67108864 0 0 0 0 0 0 4096 0 0 0 0 0 0 0 16777216 0 512 8960 536870912 260 0 0 0 8 2097156 20971520 33554432 32768 0 0 2120 134221824 0 135266304 2147483652 33554432 65664 0 1024 2097152 16400 262144 2219074560 553656324 536870920 1050656 135268257 1074794496 4335616 0 0 0 0 16 0 0 0 0 0 67141632 0 0 524288 8 131072 0 128 0 0 33554432 0 0 0 536870912 0 8 0 0 1073741824 43008 0 2052 1024 0 0 0 0 0 0 0 0 512 0 0 0 0 0 4198400 524288 0 0 0 0 0 0 0 0 0 0 0 0 0 0 0 0 0 0 0 0 0 0 0 0 131072 0 0 0 512 0 0 4224 0 4 67108864 32768 0 0 0 2097152 17 1216348416 32803 1074795520 2281701408 269051008 260 3913285648 1 150994944 6 1140850690 256 0 8 536870912 536871168 0 0 2375680 2424307712 524337 65538 0 0 0 0 67108896 0 32800 0 8388672 0 0 150994944 4096 0 83886080 1 0 67174400 2163332 131072 134217856 536870912 8192 0 0 33554946 4202496 262144 32 0 2281734144 4202496 4194304 2249203842 548992 134220292 370409728 33558529 34946 68321280 34078720 75497473 0 8192 0 2 0 16777216 0 2097156 0 160 2359360 1040 0 1048576 2 2147483648 65536 0 2147615744 1083392 4202496 4 2 0 0 0 0 16384 0 0 64 67174400 2147483650 0 0 131072 0 0 0 0 0 0 0 0 0 1073741824 0 0 0 1048576 8 0 0 0 0 0 0 0 0 16777216 0 0 2097152 4 0 1375731712 0 0 0 0 8 0 0 0 0 268435456 0 0 0 0 0 0 262160 0 4 0 0 0 0 67108864 134742016 536872960 65536 32768 0 0 0 0 0 0 0 0 0 0 0 0 67108864 8 0 32768 67108864 256 67239936 0 0 2415919104 0 612368640 0 32768 0 0 8 268435456 0 268435456 0 32768 131072 2048 1024 1074266112 20610 131090 268959744 4 32768 0 0 0 1048576 262144 570425344 0 2121728 1350565888 2135091 48 0 0 0 49152 8388608 0 1073741824 0 128 260 1073741840 575012865 3246399744 65744 67584 134479907 1052673 8399104 2147614720 67108864 130 4202496 0 0 0 16777216 536870912 0 16384 2147491840 48 8 0 0 32 0 4194305 6291456 8552448 536870912 0 79 0 1032 0 393218 2 16384 524288 1074790400 69632 0 33554432 0 0 8388608 537001984 0 66560 2 2623488 1179648 32768 32772 2147483802 536870936 16779296 805568512 1141903360 2048 34209792 0 0 0 17302528 0 0 0 0 0 0 67141760 0 0 524288 1 524288 0 0 0 0 33554432 0 0 4 0 0 0 2097188 0 2048 0 0 2048 1024 0 0 0 0 0 32768 0 0 0 0 32768 0 0 0 0 0 536870912 16778240 0 0 0 0 0 128 0 0 0 0 0 0 0 0 0 0 0 0 0 0 0 524288 0 0 0 16 768 65536 2048 4096 0 0 0 0 0 0 262144 131072 41943040 268435712 0 0 0 262144 0 0 0 262144 1140850688 2490368 65536 0 0 0 0 524288 0 0 0 0 524288 0 0 268435456 16384 536870912 0 0 0 0 0 128 1048576 0 0 16 0 0 0 0 0 0 0 0 536870912 0 0 0 0 1081344 0 0 0 1073741824 131072 0 0 0 0 1048576 0 536870912 0 16 0 0 0 0 0 0 0 0 4194308 0 0 139264 0 0 536870912 0 0 2 16777216 0 0 0 0 16777216 0 0 536870916 0 0 8 0 0 0 0 0 0 0 0 16777216 0 0 0 128 1 134742016 0 1082163200 257 0 8 262144 270336 570441728 0 2097152 2248146944 295987 32 0 16777216 0 545259520 32 0 2147483648 2048 0 25165824 128 0 262176 4096 2048 262144 25182592 4196356 1048576 1074008096 0 67127552
is_linear=0
shrinkage=0.1


Tree=61
num_leaves=31
num_cat=22
split_feature=13 13 14 28 13 1 32 13 14 14 13 13 7 32 13 14 14 13 13 14 14 13 31 13 25 28 18 31 14 13
split_gain=26.1763 19.4864 20.6396 18.1958 17.6937 15.6065 17.6065 16.1764 16.2111 15.2454 20.5041 17.2006 15.2202 13.1253 56.3473 36.5613 33.5568 42.2388 30.6354 25.6252 22.0699 20.9587 19.9792 19.7973 19.8111 30.9865 21.1955 30.0255 18.6275 18.5043
threshold=0 1 2 84.500000000000014 3 4 1.0000000180025095e-35 5 6 7 8 9 10 4111.5000000000009 11 12 13 14 15 16 17 18 0.031478952616453178 19 1.0000000180025095e-35 1.5000000000000002 20.500000000000004 0.029947928152978424 20 21
decision_type=9 9 9 2 9 9 2 9 9 9 9 9 9 2 9 9 9 9 9 9 9 9 2 9 2 2 2 2 9 9
left_child=3 2 -2 -1 -3 -6 -7 8 -8 10 -9 -12 -11 16 -15 -16 21 28 -19 -17 -20 -14 23 -21 -25 26 27 -26 -18 -24
right_child=1 4 -4 -5 5 6 7 9 -10 12 11 -13 13 14 15 19 17 18 20 22 -22 -23 29 24 25 -27 -28 -29 -30 -31
leaf_value=0.048823617397050309 0.036657918997580911 0.054677379482298609 -0.044576361733052933 0.23978925420636701 -0.056378221102028316 0.077712301209164961 0.043440316695683961 0.06416073161687931 -0.057284813395447866 0.068920272092392779 -0.067051208072028509 -0.010191129885861332 -0.045783039201969133 0.048428937928972071 0.016272556255422864 -0.024611105205421344 0.11571948502044088 -0.03786611305876747 -0.0076095818036300876 -0.041892365742939648 0.0030569326863413506 0.018960985619663809 -0.034065757071136897 0.0088834877884753586 0.12624485361075194 0.00059007766032369616 0.02690174551521491 0.46574604089125193 0.028497884927188667 -0.0055003803091948581
leaf_weight=68.813833056483418 32.034769657067955 48.317445679102093 171.67741344450042 5.3796054031699887 39.833458547131158 28.854293156415224 14.167934563476591 25.975077730836347 80.9675356997177 32.454688370460644 46.765622921520844 1200.1525279954076 43.298446553759277 193.3393389666453 697.06284810672514 778.79509131005034 27.085410710889846 205.00221372349188 2611.7527460218407 45.864832129096612 7447.6410482858773 1377.8944098600186 232.44170819432475 283.86498939897865 36.409915269119665 50.165727377170697 21.452233439311385 2.8057426395826033 154.73033538670279 3831.4061599634588
leaf_count=1366 528 791 4353 126 5106 227 149 501 2149 419 1366 23791 592 2928 10970 17015 693 3248 34918 2896 109648 16428 2901 14460 2146 3534 1013 138 2480 46485
internal_value=-0.000414938 -0.000651449 -0.0306843 0.0552265 -0.000323121 -0.000487272 -0.000344045 -0.00046007 -0.0395794 -0.000247115 -0.010781 -0.0128402 0.000500324 0.000377518 -0.00336215 -0.00510897 0.00232295 0.000353066 -0.000515284 -0.00795545 0.000282744 0.0166824 -0.00502761 0.0151884 0.0223172 0.058737 0.106818 0.150535 0.0468469 -0.00723161
internal_weight=19836.4 19762.2 203.712 74.1934 19558.5 19510.2 19470.4 19441.5 95.1355 19346.4 1272.89 1246.92 18073.5 18041 6173.61 5980.27 11867.4 10446.2 10264.4 5283.21 10059.4 1421.19 4504.41 440.563 394.699 110.834 60.6679 39.2157 181.816 4063.85
internal_count=313365 311873 4881 1492 306992 306201 301095 300868 2298 298570 25658 25157 272912 272493 104486 101558 168007 150987 147814 90588 144566 17020 73573 24187 21291 6831 3297 2284 3173 49386
cat_boundaries=0 87 177 185 275 276 367 374 381 471 556 557 648 655 663 748 839 846 853 938 1028 1035 1124
cat_threshold=0 0 0 0 0 16 16 256 512 32 134217728 32 0 0 0 0 0 0 0 0 0 1050624 0 0 536870912 0 0 1073741824 135266816 256 134873088 0 2 0 0 16777216 0 16777216 0 0 0 1 0 0 0 0 0 0 0 0 0 0 0 64 0 0 0 0 0 0 0 0 0 0 0 4096 0 2097152 0 0 0 0 0 0 0 0 0 0 0 0 0 0 0 4 268435456 65536 9437184 0 0 0 8 0 0 0 0 0 0 2 0 0 0 0 0 524288 0 64 0 0 0 0 0 0 0 0 0 0 2048 4202512 0 0 0 0 0 128 0 0 0 0 0 0 1310976 0 2097152 0 0 0 32 0 0 0 0 0 0 0 0 0 0 0 0 5 65536 0 0 65536 536870912 33554432 0 0 0 16777216 0 0 0 0 1073872896 1024 65536 0 0 0 0 0 8 0 0 0 8388608 2147500066 522 553713672 65540 1145372736 3 131072 1 2 0 0 0 0 1024 0 0 0 0 2097152 0 0 0 536870912 1048640 0 0 0 20480 0 0 0 0 0 0 0 134217728 4096 0 0 64 2048 0 0 0 0 0 0 0 0 2048 0 1073741824 0 65540 0 0 32 8 0 0 0 65536 0 0 16777216 0 0 2228224 128 0 0 0 0 8 0 0 0 0 16 0 0 0 0 0 0 0 0 0 0 0 32768 0 0 0 0 134217728 16777216 524288 1843601 0 0 8 0 0 0 0 0 0 0 0 67108864 0 0 0 0 0 128 0 268435456 0 0 0 0 0 0 0 32 0 16384 0 0 0 0 8388640 0 64 0 0 64 0 0 0 0 524288 0 262144 0 4 1024 540672 67108864 4194304 0 0 0 128 262144 0 67108896 0 0 0 0 2105344 0 0 0 0 0 0 0 0 0 0 262144 0 0 4 8 0 0 0 256 524292 0 0 0 0 2097152 1048576 2218803200 16404 0 1036 536940548 8320 131072 33687880 19 163928 51644676 3221225602 49156 1077944328 0 0 0 0 524288 0 0 0 0 0 0 0 0 0 0 524288 4 0 0 512 2147483648 0 0 0 0 0 65536 0 0 0 0 0 0 0 0 0 0 0 0 0 0 0 0 33554432 0 262144 4096 16 4096 0 0 0 16777216 0 16384 0 0 0 0 0 0 0 0 0 0 16384 0 0 0 0 0 0 0 0 0 0 0 0 0 0 0 0 0 0 0 0 0 0 1048576 1073741824 0 0 0 0 64 0 0 0 64 0 0 0 0 0 0 128 0 0 0 0 0 0 0 0 0 64 0 1024 0 1073741824 2048 0 4 2097152 0 0 0 0 0 0 0 0 0 268435456 0 0 0 256 0 0 0 0 0 0 0 0 0 0 0 0 0 0 16 0 0 2 0 0 0 2176 0 32768 0 0 1073741824 0 4 0 0 0 2048 0 0 0 67108864 4 0 0 0 0 0 0 0 0 0 67108864 67108864 0 0 0 8 524288 4 0 0 0 0 0 0 4 0 0 0 1049600 0 0 0 0 0 2097152 0 0 2097152 0 0 0 0 536870912 512 33554432 0 1048576 0 0 0 0 0 1024 0 268435456 0 256 0 0 1088 0 0 2129920 0 16384 0 16386 0 0 0 0 0 0 524288 0 1073741828 0 0 0 32 0 2048 0 0 0 0 0 268435456 0 0 0 16 566263808 67125248 541065216 805307392 72115204 1073750017 126878720 1073751040 537428612 9502848 201326624 9502720 1179650 2433352528 1 0 0 0 0 64 512 0 0 33570816 4 0 0 134217728 0 0 0 0 0 0 0 0 0 0 0 0 0 0 0 0 0 0 0 131072 0 0 0 0 0 0 0 0 4 1 0 32768 0 0 0 0 0 0 0 16777216 0 0 34 4194312 0 0 524288 4 0 16 0 0 0 1 0 134217728 0 0 16809984 0 0 512 0 32772 1032 0 0 4160 4096 0 0 67108864 0 0 0 0 0 0 0 0 0 0 0 0 0 0 262144 524288 4 0 0 0 0 0 0 4 0 0 0 1024 0 0 0 0 0 1081344 0 0 0 0 131072 8192 0 536870912 0 33554432 0 1048576 0 0 0 128 0 16778240 0 268435584 0 256 0 0 1024 0 262144 32768 0 0 0 0 0 67108864 0 0 0 0 524288 0 4 0 0 134217728 0 0 0 0 0 0 0 0 268435456 33554432 0 1073741824 80 1140850688 17343244 1114788 134217760 546373632 1179778 2416574992 545570944 201334784 20975616 536871946 101212257 3221762048 234881024 0 0 0 0 524288 0 0 0 0 0 2147483648 0 0 0 0 0 4 0 0 0 0 0 0 0 0 64 0 0 0 0 2048 0 0 0 0 0 0 0 0 0 0 128 0 0 0 0 0 0 0 0 0 0 16777216 268435456 0 288 0 0 0 0 0 0 0 0 0 0 0 67108864 0 0 0 32768 0 0 0 0 0 0 32 0 2048 0 0 0 67108864 0 0 0 0 524352 0 0 0 0 536870912 0 0 0 0 0 0 0 0 4096 0 0 0 0 0 0 64 0 0 0 0 0 0 0 1024 0 0 0 0 6 0 0 0 1048576 0 32768 262144 0 273 536875008 0 0 0 0 128 0 0 4194304 128 0 16777216 0 0 0 0 0 0 0 0 0 262152 1 0 0 0 512 2147483648 0 1040 0 0 67108864 4096 4 0 0 0 0 8192 0 1024 67125248 134225920 16777216 0 83886112 0 536870912 0 0 0 0 524288 2 0 8388608 0 0 2147483648 0 0 0 0 16777216 0 0 0 16 0 0 0 0 16 0 0 0 0 1073741824 0 0 131076 0 0 0 0 0 0 0 0 132 0 0 8388608 0 4096 16 0 65536 0 0 0 0 16384 32 0 0 0 16777216 4 0 16 0 0 0 0 0 0 0 134217729 0 0 0 512 0 4 1024 512 0 4096 4096 0 0 67108864 0 0 4096 65536
is_linear=0
shrinkage=0.1


Tree=62
num_leaves=31
num_cat=23
split_feature=15 3 15 15 3 3 15 3 15 15 2 3 3 15 1 16 5 22 12 30 16 3 19 16 16 3 3 15 3 15
split_gain=32.6289 28.5145 23.5239 18.1392 34.1212 17.8032 15.5516 15.9933 17.252 16.1665 16.0543 17.2785 15.0549 14.9159 14.2127 13.4673 13.1885 12.5834 17.0331 13.7983 13.441 14.276 15.038 12.225 12.1224 75.8755 46.9645 46.5371 35.0698 26.4191
threshold=0 1 2 3 4 5 6 7 8 9 10 11 12 13 14 5.5000000000000009 15 -1.0000000180025095e-35 16 0.092654295265674605 9.5000000000000018 17 57.049999237060554 8.5000000000000018 8.5000000000000018 18 19 20 21 22
decision_type=9 9 9 9 9 9 9 9 9 9 9 9 9 9 9 2 9 2 9 2 2 9 8 2 2 9 9 9 9 9
left_child=15 -2 5 4 -4 -3 -5 9 -9 -8 11 -10 17 -14 -15 -1 -16 -12 -19 20 -20 22 -22 -17 26 -26 -18 -27 -29 -28
right_child=1 2 3 6 -6 -7 7 8 10 -11 12 -13 13 14 16 23 24 18 19 -21 21 -23 -24 -25 25 27 29 28 -30 -31
leaf_value=0.078812586756289049 -0.027987285798305356 0.047629750616717932 0.0012456220303587397 0.043167902784807519 0.091170397046267171 -0.050681547129837981 0.033862677862122666 0.038166986728938791 -0.0052307830071385633 -0.04102066284485939 -0.013112459274680861 0.025780127917449571 -0.034063022561711336 -0.050063647408299695 -0.052309959481572604 -0.011991212644708846 -0.039373321091346301 -0.012807126128147673 0.061690744518395915 0.0031417854817189939 0.27880743475227282 -0.03277107648223921 0.046729354793057565 0.058345707974334304 0.039991509644544614 0.033811397932537832 -0.030249437548113836 -0.024763356571748277 -0.0046528168508983819 0.0032371741093427972
leaf_weight=70.436513214372098 346.80145701149013 15.259903680533169 131.56609100848436 75.217027072329074 55.091961133293808 131.33146373578347 29.110965233761817 111.7668196791783 282.56005419977009 156.13393414171878 112.8606149344705 486.00253771315329 123.18820423237048 47.586934108752757 38.617059929296374 51.721610489301383 263.49372482369654 95.358166274847463 180.74658835981973 91.81659210473299 3.5593577730469406 33.777367968810722 12.951495403423907 47.316696778871119 351.3107442278415 248.23979882779531 230.66822518547997 1166.9387634694576 3355.0531094366452 11444.749444275396
leaf_count=514 10305 186 1120 1021 567 1887 906 2405 2249 6198 2404 3726 1673 6390 592 399 8794 1775 4529 882 114 964 381 362 7761 2642 2078 15944 55314 168918
internal_value=0.000412825 2.43741e-05 0.00054262 0.000858181 0.0310732 -0.0380594 0.000544193 0.000351482 0.000648714 -0.0281212 0.000402476 0.0144583 -0.000212167 -0.000726366 -0.000467148 0.0428573 -0.00029994 0.0162134 0.0245152 0.0348559 0.0489682 0.0032405 0.0602618 0.0216131 -0.000151638 -0.0042216 0.00159416 -0.00754576 -0.0098857 0.00255027
internal_weight=19791.2 19621.8 19275 19128.4 186.658 146.591 18941.7 18866.5 18681.2 185.245 18569.5 768.563 17800.9 17269.8 17146.7 169.475 17099.1 531.07 418.21 322.851 231.035 50.2882 16.5109 99.0383 17060.5 5121.54 11938.9 4770.23 4521.99 11675.4
internal_count=313000 311725 301420 299347 1687 2073 297660 296639 289535 7104 287130 5975 281155 270106 268433 1275 262043 11049 8645 6870 5988 1459 495 761 261451 81661 179790 73900 71258 170996
cat_boundaries=0 158 182 346 509 522 529 693 717 879 1040 1051 1072 1096 1247 1248 1249 1250 1274 1297 1321 1473 1496 1651
cat_threshold=0 1048576 33554436 8388608 0 0 0 0 0 0 0 0 0 0 0 0 0 32768 0 0 0 0 0 0 0 0 0 1073741824 0 0 0 0 0 0 0 0 0 0 0 0 0 0 16 0 0 0 4 0 0 8388608 0 0 1073741824 0 0 0 0 0 256 65536 0 0 0 0 0 0 0 0 0 0 0 0 0 32768 0 0 0 0 0 0 0 0 0 0 0 1536 0 0 0 0 0 4 0 0 0 524288 0 1073741824 262144 67108864 131072 0 0 0 0 0 2097152 0 0 0 0 0 0 0 0 0 0 0 0 0 0 16384 2105344 0 0 0 0 67108864 0 0 0 0 32 0 4096 0 0 0 0 0 32 0 0 0 0 0 128 0 0 0 0 0 0 0 0 0 0 2147483648 131072 0 65536 4098 536870928 2049 598080 0 0 132096 2 8192 1048576 50331648 0 0 0 0 2 0 67141633 4196384 67129344 1036 0 0 16779264 8192 16 0 1073741824 0 270336 0 0 0 0 0 0 0 0 0 0 0 0 0 0 0 0 0 0 0 0 0 0 0 0 0 0 0 540672 0 0 32 536870912 0 0 0 0 0 0 0 256 0 0 0 0 0 0 0 0 0 0 0 0 0 256 0 0 0 0 0 8192 2147483648 0 0 0 0 0 0 0 0 0 0 0 0 0 0 0 0 0 8388608 0 0 0 0 0 0 0 65536 0 8388608 0 0 0 0 0 0 0 0 0 131072 0 1024 0 0 0 0 0 0 2048 0 0 0 0 0 0 0 0 0 0 536870912 0 0 0 1048576 16 0 0 0 16384 128 2 0 0 0 0 0 0 0 0 0 0 0 0 0 0 262144 0 0 0 0 0 0 32768 0 0 96 0 0 8192 0 64 0 134217728 0 0 2048 0 0 0 0 0 0 0 0 0 2 0 4194304 0 128 0 0 0 2147483648 0 0 0 0 0 0 2147483648 0 0 0 0 0 0 0 0 2147483648 0 0 0 0 4 16384 0 0 0 0 0 1024 0 0 0 0 0 0 0 0 0 0 8 0 0 0 0 0 0 0 0 0 0 0 33587200 0 0 0 0 32768 0 0 0 0 0 256 0 0 0 0 0 0 0 0 0 0 0 1073741824 0 0 0 0 0 0 0 0 0 0 0 2151677952 0 0 0 0 0 8 0 0 0 0 0 0 67108864 0 0 0 0 0 1024 0 0 128 0 0 0 0 0 0 0 256 0 0 0 2048 0 0 0 1024 16384 0 0 0 0 0 0 268435456 0 0 1048576 0 0 0 0 0 0 0 262144 33554432 0 2113536 201326592 131650 0 0 0 0 0 923017216 5253 0 0 64 0 0 0 0 0 0 2 0 0 0 0 0 0 0 0 0 1073741824 0 0 1073741824 0 0 0 256 256 4 8 0 0 0 0 0 0 0 0 0 0 0 0 0 0 0 0 0 0 524288 0 0 0 0 0 0 0 0 0 4 0 0 0 0 0 0 2097152 0 0 0 0 0 0 0 0 0 0 0 1073741824 0 0 0 0 0 0 0 16384 0 0 0 2048 0 131200 0 0 0 0 0 0 0 0 0 0 0 0 0 0 0 0 0 0 0 0 0 0 65536 0 0 0 0 1024 0 0 0 0 0 0 0 0 1073741824 32768 0 0 4194304 0 0 0 16777216 0 0 0 0 0 0 0 0 0 16 0 0 0 0 0 0 0 0 256 0 0 0 0 16385 0 16 128 1073741824 18874880 0 131104 32768 268697600 16781453 167772160 0 16384 65552 0 8388608 0 4 16777217 2147483648 4096 0 0 0 33554560 0 2320 8 0 66560 0 0 16384 0 8388608 0 0 0 0 0 0 0 0 0 0 0 0 0 0 0 0 1 0 0 0 0 0 0 0 0 0 0 16 0 65536 0 0 0 0 0 8388616 0 268435456 4194304 4194304 0 2048 2147483648 0 0 0 0 0 0 0 0 0 0 0 0 0 0 0 0 0 0 0 0 0 0 0 0 0 0 0 0 0 4 0 0 0 0 0 0 0 0 0 0 16384 0 0 1073741824 0 0 256 4 32 0 0 0 1073741824 16 0 0 0 0 0 0 0 0 0 0 0 0 0 0 0 0 4096 0 0 258 0 16777216 0 262144 0 0 0 0 0 0 0 2 0 262144 0 0 0 0 0 0 0 0 0 0 0 0 0 0 0 0 0 0 0 0 0 0 512 0 0 0 0 0 0 0 0 0 0 0 0 0 0 0 0 0 64 0 0 0 4 268435456 0 0 0 0 0 0 0 0 0 0 4 0 0 0 0 0 0 0 0 0 1073741824 0 0 256 0 0 0 0 0 0 0 0 65536 0 0 0 0 0 0 0 0 0 2 0 0 0 2097152 0 0 16777472 0 0 0 0 0 0 0 32769 0 0 0 0 1073741824 0 0 0 268435456 1024 64 0 0 0 0 0 0 0 0 0 0 0 0 0 0 0 0 16777216 0 0 0 0 0 0 64 0 0 0 4 0 0 0 0 0 0 0 0 0 0 0 0 131072 0 0 0 0 0 0 0 131072 0 0 0 0 0 0 0 0 0 0 0 0 0 0 0 0 0 0 0 8388608 0 2147483648 128 4194304 32 0 536870912 0 0 0 4194304 32768 0 16777216 0 2048 1024 0 1048576 65536 0 0 1024 0 4194376 0 8192 131090 2147500032 526720 16 1074791488 0 33554440 134217728 2048 0 67764240 1074790416 2048 134217728 0 4096 0 262216 262144 0 1048576 0 537001984 8 0 131104 134610944 8320 512 0 0 257 0 0 64 0 0 8388608 1048576 0 0 0 0 0 0 0 0 0 524288 0 0 0 0 0 0 131072 0 4096 0 0 8 8 0 0 0 128 0 0 0 8388608 134217728 0 0 2048 0 0 0 0 0 0 4096 0 0 0 0 0 2147483648 0 0 0 0 0 67108864 262144 0 0 0 0 0 0 1152 0 0 65536 0 0 0 0 0 0 0 0 0 0 0 0 0 0 0 8388608 0 0 0 0 0 0 0 0 2 0 0 0 0 0 0 0 0 0 128 0 65536 0 0 0 0 0 0 0 0 0 0 0 0 33554432 0 0 0 0 1048592 0 0 0 0 4 0 0 0 0 0 32768 0 0 0 0 0 0 0 0 0 131072 34889009 272 118130120 0 0 0 2048 0 67633168 1048576 0 134217728 0 4096 0 0 262144 0 0 0 0 0 0 32 134217728 8192 512 538968192 269484035 268435460 8208 0 8 134217728 536871168 0 0 537141248 128 35721216 69632 0 8388608 0 33562624 0 0 2147483648 537919488 32768 538968192 1048576 268435460 0 0 0 262144 536871424 0 2164260864 536870912 128 50335744 4096 0 8388608 0 0 1048576 0 0 556793856 2156560456 32 0 0 0 540800 4329600 0 8388608 65536 0 0 0 0 0 131072 0 0 0 0 0 0 0 0 0 0 16777216 0 0 4 0 0 0 0 0 0 0 0 0 0 0 0 0 0 0 1073741824 0 0 0 0 0 0 32768 262144 0 0 0 0 0 0 0 0 0 0 0 16777216 0 0 268435456 0 0 0 0 256 0 0 0 0 0 0 512 16 0 0 16384 0 0 0 0 0 0 0 0 0 0 0 0 0 0 0 0 0 0 0 0 536870912 2147483648 0 0 0 16777216 0 0 0 0 0 0 0 0 0 0 0 256 0 0 0 0 0 0 0 4 1073741824 0 0 0 0 0 0 0 0 0 32768 4 0 0 0 0 0 256 0 0 0 0 536870912 142606336 4194304 0 0 0 0 549453824 16793600 16384 0 2097152 3825205248 4343044 1056 0 0 37748736 1073741824 0 0 2048 2147483648 538968068 0 16777216 0 0 4198400 0 8388608 0 0 0 0 0 0 0 0 0 0 0 0 0 0 0 0 0 0 33554432 33554432 0 33554432 0 0 0 0 0 0 0 0 262400 0 0 0 0 536870912 0 0 0 0 0 0 0 0 32768 0 0 0 0 0 0 0 0 0 0 0 16777216 0 0 270532608 0 16779296 0 0 0 0 0 0 0 0 0 0 0 0 0 16384 0 0 0 0 268435456 0 0 0 0 0 0 0 0 0 0 0 0 0 0 0 0 0 16384 0 0 0 0 0 0 0 0 0 0 67108868 0 0 0 8388608 0 0 1024 0 0 0 0 0 0 0 0 0 33554432 0 0 0 8192 0 1048576 1073741824 0 0 0 0 0 0 0 0 0 0 0 0 4096 128
is_linear=0
shrinkage=0.1


Tree=63
num_leaves=31
num_cat=26
split_feature=15 15 3 13 3 13 3 3 15 28 15 3 15 13 16 3 15 3 3 15 15 13 3 13 3 13 3 17 31 15
split_gain=28.4357 26.004 26.511 21.0063 45.6964 18.3701 24.6254 18.0718 18.6123 16.6468 16.446 13.7786 18.921 16.7653 16.9152 80.271 48.8402 44.5132 43.0964 30.2635 27.0431 27.9498 33.6167 24.6321 23.7436 23.8444 22.9956 22.1646 21.692 18.5305
threshold=0 1 2 3 4 5 6 7 8 13.500000000000002 9 10 11 12 8.5000000000000018 13 14 15 16 17 18 19 20 21 22 23 24 4.5000000000000009 0.0065395517740398654 25
decision_type=9 9 9 9 9 9 9 9 9 2 9 9 9 9 2 9 9 9 9 9 9 9 9 9 9 9 9 2 2 9
left_child=-1 -2 -3 4 -4 6 -5 -7 -9 -8 -10 12 -12 -13 17 27 -17 -15 -18 -19 -21 22 -22 -20 -23 -26 -25 -16 -27 -28
right_child=1 2 3 5 -6 7 9 8 10 -11 11 13 -14 14 15 16 18 19 23 20 21 24 -24 26 25 28 29 -29 -30 -31
leaf_value=-0.03766682136117136 0.042619221371003019 -0.032456456408757196 0.040250694156219902 -0.045980327066334009 -0.050490577428080913 0.019686338184027798 0.040745978444321346 0.033112642138029433 0.049381469034182925 0.139954722464017 0.030854643480841638 -0.032002400273288524 -0.025790195158214176 -0.02526798788569037 0.038930291053630939 0.041606336986842345 -0.023344258804878212 -0.033753095872747545 0.067816199276622288 0.03485574398757206 -0.038016977936429802 -0.020706216377710206 0.061216944582303846 0.027836934095938001 -0.041769458909846846 0.13351442727892085 -0.034514006253999037 0.13409994177511994 0.0043330629988862336 -0.0039346238828946124
leaf_weight=186.26287416275591 136.0952158998698 234.40798991906922 68.751436099642888 25.173861050512642 199.26321598095819 483.09569860738702 110.09633946907707 161.11269753938541 57.131462709978223 19.983358152443543 62.008671779185534 149.85375049244612 382.87681900325697 538.74581265833694 261.30926293949597 187.80100228451192 1474.3520792885683 200.11990724317729 38.662172493990511 277.68702254537493 38.52382907550782 394.02313075261191 154.75189994229004 204.41952153528109 102.77722833515145 13.014779485296456 203.51490506762639 27.000172328902408 10506.144773223437 2905.744433080079
leaf_count=4269 1464 10640 803 409 4077 8169 2561 1838 538 317 620 2687 9255 16351 8834 1567 16670 1784 638 2494 570 13635 2405 4167 1807 210 1954 693 142850 48968
internal_value=0.000208421 0.00058692 0.000271587 0.000686806 -0.026603 0.00108597 0.0342833 0.000794124 0.000286068 0.05199 -2.28794e-05 -0.000205767 -0.0173902 0.000236275 0.000529976 -0.00418656 -0.00716372 0.00257616 -0.00914341 0.00387801 0.00456239 0.00378153 0.0405404 -0.00284705 0.00310041 0.00400217 -0.00387307 0.0462391 0.00448862 -0.00604041
internal_weight=19804.7 19618.4 19482.3 19247.9 268.015 18979.9 155.254 18824.7 18341.6 130.08 18180.5 18123.3 444.885 17678.4 17528.6 5302.8 5014.49 12225.8 4826.69 11687 11486.9 11209.2 193.276 3352.34 11016 10621.9 3313.68 288.309 10519.2 3109.26
internal_count=313244 308975 307511 296871 4880 291991 3287 288704 280535 2878 278697 278159 9875 268284 265597 83491 73964 182106 72397 165755 163971 161477 2975 55727 158502 144867 55089 9527 143060 50922
cat_boundaries=0 161 319 343 432 453 541 562 585 740 901 925 1086 1177 1200 1341 1365 1388 1540 1695 1783 1801 1892 1916 2006 2030 2185
cat_threshold=0 8388608 0 0 131088 0 0 0 0 0 0 0 0 8192 0 0 0 0 0 0 512 0 0 0 0 0 0 4 131072 0 0 0 0 0 0 0 0 0 0 32 0 134217728 0 8 0 0 0 0 0 0 0 0 0 0 0 0 0 512 0 0 0 0 0 0 0 0 0 8 0 0 0 0 2048 0 0 0 0 65664 65536 0 8192 0 0 1073741824 0 0 0 0 1073741888 0 0 0 2097152 0 0 256 0 0 4 0 0 0 0 0 0 0 0 0 0 0 0 0 134217728 0 0 0 2048 0 0 0 256 0 0 0 0 0 0 2147483648 0 0 16 0 0 0 0 1073741824 16384 0 0 0 0 0 0 0 0 0 0 0 0 0 0 0 0 0 0 0 0 0 0 0 32768 0 0 0 2147483648 0 67108864 0 65536 0 0 0 0 0 262144 0 0 0 0 0 0 0 0 0 0 0 0 0 0 0 0 0 0 0 0 0 16 16777216 0 0 0 0 1048576 0 0 0 268435456 0 0 0 0 0 2 1073741824 0 0 64 0 0 256 0 0 0 0 0 0 0 0 0 0 0 0 128 32 0 0 0 0 1073741824 0 0 0 0 0 0 0 0 0 0 1 128 0 64 0 0 0 0 0 0 0 2 0 0 0 0 0 0 0 0 0 0 0 0 1 0 268500992 0 0 0 0 0 0 0 0 8388608 0 0 0 0 8 0 0 0 0 0 0 0 32768 0 262144 0 4 0 0 0 0 0 128 0 0 0 0 0 0 0 0 0 0 2147483648 2112 150994944 0 2112 16 42205184 2097216 16777216 0 134742016 0 0 0 306192384 0 67108864 8 8192 67108864 0 32 2147483680 132120 16777344 0 0 0 8 268435456 0 0 0 0 0 0 0 0 0 0 0 0 0 0 0 33554434 0 0 0 0 0 0 1048580 0 0 16 0 0 2097152 0 0 0 0 0 0 0 0 0 2 0 2097152 16 16384 0 1024 0 0 0 1342177280 0 256 0 262144 0 8192 0 0 0 8 0 20480 65544 0 0 0 0 2048 0 0 4 262144 0 0 4 8 4096 0 0 0 67108864 0 0 0 1048608 151519232 0 8388608 1032 0 0 0 4194304 570441728 0 0 1149239296 3146787 72 0 40960 0 16384 269484032 1048576 3221749888 0 0 8388608 0 0 2097152 24 0 0 0 0 0 0 0 0 1048576 0 0 0 0 0 0 0 0 16 2048 0 0 134217736 0 134742016 0 0 268435456 0 0 0 0 0 0 0 0 0 0 8388608 0 0 0 0 0 0 0 16777216 65616 0 0 0 0 16448 131072 262144 0 536870912 0 0 0 0 67108864 16777216 0 0 0 0 0 541065216 0 0 0 262400 0 0 0 48 0 0 0 512 33554432 2147483648 67108864 258 1025 0 131072 0 0 65536 4194304 8192 536870912 524352 36 0 0 0 0 0 0 2147483648 0 536870912 134217736 4202496 0 0 301989893 8704 524288 2048 8192 0 16777224 512 0 159383552 16 805437440 4104 4194304 268437504 8192 2097184 8 0 65536 25165824 0 0 0 0 0 2 0 0 0 0 0 0 0 0 0 0 0 0 0 0 2097152 0 0 0 0 0 0 0 0 0 0 0 0 262144 0 0 0 0 0 8388608 256 2147483648 0 65536 0 0 1073741824 0 0 0 0 0 0 0 16384 268435456 0 0 0 0 0 0 0 0 0 0 0 0 0 0 0 0 0 16 0 0 0 0 0 0 0 0 0 0 0 0 0 0 0 0 64 131072 0 262144 0 0 0 0 0 0 0 0 0 0 2147483648 0 0 0 0 4194304 0 0 0 0 0 1024 0 0 0 4096 256 32768 16777216 0 0 0 0 0 0 0 0 0 0 0 16 0 0 0 0 262144 0 2097152 0 0 0 0 0 0 0 0 2048 0 0 0 0 0 0 0 0 0 32768 0 0 0 0 0 0 0 0 0 1073741824 262144 0 0 0 0 0 4194304 0 0 0 0 0 0 0 0 0 0 0 0 1 0 0 0 0 0 0 0 0 0 0 0 0 0 0 0 0 0 0 0 0 0 0 67108864 0 0 0 512 0 0 0 0 0 0 0 0 0 0 0 33554944 0 0 0 0 0 0 18432 0 0 0 0 0 0 0 0 0 4194304 0 24 524290 0 0 0 0 0 0 0 2097152 262144 0 0 0 0 0 0 0 0 0 0 0 0 1048576 0 0 0 0 0 4194304 570425344 0 0 0 0 0 0 0 0 64 1 0 32768 0 0 0 0 0 0 0 0 0 0 0 0 0 0 0 0 0 0 0 0 1 33554432 1049088 16384 131104 32768 65536 17825792 167772160 0 131328 33554452 0 2179584 8 0 1 0 0 1048578 0 0 4194304 4160 3074 0 0 0 0 0 33554432 1073741824 32 1 0 0 0 0 0 0 0 0 0 0 2 0 0 0 1152 4194304 0 0 0 0 0 0 0 0 8192 0 0 0 0 0 0 0 0 0 0 0 0 0 0 0 0 2147483648 32768 0 0 0 0 0 0 0 0 0 0 0 0 0 0 0 0 16779264 67108864 0 0 0 32768 0 0 0 0 0 0 0 0 0 0 0 0 0 8388608 0 2048 0 16 268435456 0 0 0 0 0 0 0 0 1082130432 0 0 0 0 0 4096 0 8192 0 1073741824 268435456 0 0 0 0 0 0 0 0 4096 2097152 0 0 0 0 0 0 0 0 2097152 1024 0 0 0 0 0 0 0 0 0 0 0 0 0 0 0 0 0 0 0 0 0 0 0 0 0 0 131072 256 0 0 8 0 0 0 0 0 0 0 0 0 0 0 0 524288 134217744 128 0 16896 0 131072 0 0 2048 0 0 1024 0 16384 0 0 131076 0 32 0 0 0 0 0 0 0 0 0 0 0 0 1 0 0 524288 67108864 0 0 0 0 128 0 0 2048 1536 0 1 0 0 0 0 0 0 0 0 0 524288 134217728 0 0 0 131072 0 268435456 0 0 0 0 0 8 4194304 32768 67108864 0 1049600 270532608 2 268435456 16 536870912 524296 134287360 541065216 33554432 0 327680 0 0 134479874 0 8192 0 0 268435456 0 2348810432 540018688 2148007936 0 0 34078720 16384 4227264 2 8388608 0 0 8192 0 0 0 0 0 0 0 32768 0 0 0 0 0 0 0 0 0 0 33554432 0 0 0 0 0 0 0 0 0 0 0 0 0 0 1073741824 0 0 0 0 0 4096 0 262144 0 0 0 0 0 0 65536 65536 0 0 0 0 0 0 270532608 0 0 0 0 16777216 0 0 0 0 0 32 0 0 0 0 0 0 0 0 0 0 1048576 0 0 0 0 0 0 0 0 0 0 536870912 0 16 0 0 2048 0 0 0 0 0 0 0 0 0 0 0 0 0 0 0 0 0 0 0 0 0 0 0 0 0 0 0 0 0 0 128 0 0 0 0 16384 2686451712 33554435 268435460 2 2048 524296 134483968 536870912 33554432 16777216 0 0 33554432 32770 0 0 0 0 268435456 0 201326784 18876544 32768 32 0 4194560 67145728 1 0 0 0 16384 268451840 0 2097152 3833602049 9438470 1024 0 0 0 2147483648 0 2 8585216 0 4194432 0 0 0 131072 8425536 128 0 0 524288 0 0 8388608 0 0 0 0 0 0 0 0 0 0 0 64 0 0 0 2147483904 0 0 0 0 0 0 0 0 0 65792 0 0 8388608 0 536870912 0 0 0 0 0 0 4096 0 0 0 0 0 0 0 0 0 65536 0 0 0 0 0 0 2097152 0 0 0 0 0 0 0 0 0 0 32 0 128 0 0 16384 0 0 0 0 0 1048576 0 0 0 0 32 0 0 0 0 0 0 0 0 0 0 0 0 0 0 0 0 0 0 0 0 0 0 0 0 0 0 8388608 0 0 0 0 0 0 1073741824 0 0 0 0 1024 0 4 128 0 8192 0 0 1073741824 0 0 0 0 0 0 0 0 0 131072 536870912 0 67108864 131072 4096 33556480 0 1073741824 64 0 0 0 0 0 0 0 0 0 0 0 0 0 0 268435456 0 0 0 0 0 128 0 0 0 0 0 0 0 0 0 0 0 136314880 0 0 0 0 0 0 0 0 0 0 0 0 0 0 0 0 0 0 0 0 0 0 0 0 0 0 0 0 0 0 0 0 524288 0 0 0 0 32768 0 8 0 0 0 0 1024 0 0 0 0 8 0 0 0 0 0 0 1073742080 0 0 0 0 0 1073741824 32768 0 0 0 0 0 0 0 0 0 0 0 4 0 0 33554440 0 0 0 0 0 0 0 67108864 0 0 262145 0 4194336 0 0 0 0 0 0 524288 0 0 0 0 0 0 0 0 0 4194304 0 524288 0 0 1024 0 0 0 2 524288 528 0 0 576 8192 4194304 0 0 0 0 0 1048580 0 0 2097168 0 0 0 0 0 0 0 0 0 0 2048 0 0 1536 0 0 0 0 0 0 0 0 0 1073741824 0 0 4096 0 4096 0 0 0 0 0 0 0 4194304 0 8389632 32 0 0 128 8388608 0 0 0 0 33554432 2048 0 0 0 0 8192 0 4 0 1024 0 0 0 0 0 0 0 262144 134225920 419954688 8388608 256 0 0 0 0 16384 0 0 0 134217728 1180994 16 0 1048576 0 8388608 0 0 0 0 0 0 0 0 0 16777248 69206016 0 0 1 0 0 0 0 0 0 2147483648 0 0 0 536887296 0 0 0 0 0 0 0 0 0 0 0 0 0 2 32768 64 4 0 256 0 0 0 16 0 0 0 134217728 0 128 0 0 0 0 0 0 0 0 2 0 8192 0 0 0 0 8 0 0 8192 0 1073742336 0 0 0 0 0 0 0 0 0 268435456 0 268435456 0 0 0 64 268435584 268435456 0 264 0 16777216 98304 0 536870912 2147483648 458754 0 67108864 151322624 0 8192 2097156 4194304 48 1048576 0 1572864 524288 21 256 0 0 1024 0 0 0 0 0 65536 0 0 0 1 536870912 0 0 0 262144 0 0 67108864 0 0 0 0 65536 0 1073741824 2048 49152 0 0 0 0 33554432 2097152 0 524288 268435456 0 0 0 268435456 32768 536870912 0 0 16416 0 32 0 0 0 0 2 0 0 0 0 0 32768 0 0 0 0 0 0 0 0 131072 0 0 0 0 0 0 0 32 69632 0 0 0 0 0 0 64 0 0 1032 536871040 301989953 8388612 262 2048 0 0 256 0 4 131072 134217856 3758096384 36864 0 131072 2097664 33554432 0 2048 0 16777216 32768 4096 0 67108864 8192 4096 571017216 16384 536870912 0 0 0 0 0 0 0 0 0 0 0 32768 0 0 0 0 0 0 0 131072 0 0 0 0 0 0 0 0 0 0 0 0 0 0 0 0 0 0 0 0 0 0 0 0 0 0 0 0 0 0 0 0 0 0 0 0 67108864 0 0 0 0 0 0 0 0 8388608 540672 0 0 0 0 0 0 0 0 0 0 0 0 0 0 2048 0 0 0 0 0 0 0 0 256 0 0 0 0 0 1077936128 0 0 0 131072 0 0 0 0 0 0 0 0 0 0 0 0 0 0 0 0 0 0 0 67108864 0 0 0 0 0 0 0 0 0 0 0 135790592 0 0 0 0 0 0 0 0 0 0 0 1024 0 0 1024
is_linear=0
shrinkage=0.1


Tree=64
num_leaves=31
num_cat=27
split_feature=13 3 13 3 9 3 13 13 14 3 13 3 19 3 14 14 3 3 3 14 13 12 31 14 3 3 14 31 14 13
split_gain=28.6909 26.3387 21.7543 22.6598 17.1296 47.7545 36.6217 23.0924 19.7204 19.8343 19.384 27.7144 18.8637 18.5989 23.9206 22.0837 54.5873 27.6966 21.8626 29.2164 25.7232 19.6501 18.431 17.4347 59.0282 22.6873 37.3666 25.6162 20.948 20.1081
threshold=0 1 2 3 4 5 6 7 8 9 10 11 50.149999618530281 12 13 14 15 16 17 18 19 20 0.11259426921606065 21 22 23 24 0.035508379340171821 25 26
decision_type=9 9 9 9 9 9 9 9 9 9 9 9 8 9 9 9 9 9 9 9 9 9 2 9 9 9 9 2 9 9
left_child=-1 -2 3 -3 5 7 -7 -4 -8 -10 11 -6 -9 14 22 16 -15 -18 19 -17 -20 -21 -12 24 28 26 -25 -28 -22 -27
right_child=1 2 4 -5 10 6 8 12 9 -11 13 -13 -14 15 -16 18 17 -19 20 21 23 -23 -24 25 -26 29 27 -29 -30 -31
leaf_value=0.060677829518540186 -0.037239864788409037 0.023661493819711995 -0.043505926761031308 -0.056843516775187265 0.028499033255059328 0.051180711132738546 0.033547332739922213 0.029755019980629595 0.030729955535280504 -0.052670797485684956 0.030918957551872541 -0.057008243281023233 0.11746491845821204 0.083902589019326429 -0.036142411918867072 -0.050981879612813433 -0.036575993191465907 0.012966123219662432 0.049346579178541863 -0.0343148946775289 -0.02029929748501004 0.047332648466878756 0.24285264139956159 -0.023140017961419151 -0.020521035443256841 -0.029473258973010841 0.065750514983160521 0.017316261705130943 0.061579112467729617 -7.2603794335561109e-05
leaf_weight=66.508488879771903 185.09597650740761 44.83292137272656 27.935138183180243 122.6038087985944 49.126780634280294 41.329005319625139 29.372544909827411 99.706265474669635 28.071792350150645 381.63569956109859 14.200071522034706 120.9210452742409 32.517470312304795 93.054143172455952 223.44221344706602 35.096763888839632 116.91440375125967 1048.8292711200193 94.169049061601982 28.948538885684684 39.817215988878161 243.10783581458963 5.7711834833025923 190.66443490539677 1073.76416452392 226.48729033954442 133.64193757646717 596.97122523002326 126.80297834402882 14259.982872229884
leaf_count=1152 6846 619 334 2877 574 977 690 1188 1095 8567 516 3010 421 1188 5512 1717 2809 17729 1224 1575 611 8465 49 5713 21176 2854 5434 9827 1656 196635
internal_value=-0.000442132 -0.000678755 -0.00031336 -0.0351688 6.0534e-06 -0.0159459 -0.0316265 0.0301837 -0.040387 -0.0463604 0.000560075 -0.0320944 0.0477165 0.000876521 -0.0260308 0.00124828 0.0139765 0.00772863 0.000300881 0.026311 -0.000191721 0.0377362 0.0614121 -0.000501386 -0.011858 0.000419961 0.0155496 0.0258223 0.0419711 -0.00055228
internal_weight=19781.3 19714.8 19529.7 167.437 19362.3 640.568 480.409 160.159 439.08 409.707 18721.7 170.048 132.224 18551.7 243.413 18308.3 1258.8 1165.74 17049.5 307.153 16742.3 272.056 19.9713 16648.1 1240.38 15407.7 921.278 730.613 166.62 14486.5
internal_count=313040 311888 305042 3496 301546 13272 11329 1943 10352 9662 288274 3584 1609 284690 6077 278613 21726 20538 256887 11757 245130 10040 565 243906 23443 220463 20974 15261 2267 199489
cat_boundaries=0 87 110 197 221 222 245 330 420 427 451 541 559 583 590 598 621 645 669 676 767 768 775 799 823 830 837 927
cat_threshold=0 0 0 0 8388608 0 0 256 0 0 4194304 32 0 0 536870912 0 0 0 0 512 33554432 0 0 0 0 2048 0 1073741824 0 0 0 0 2 0 0 16777216 0 0 0 131072 0 2049 0 33816576 0 0 0 0 0 4194304 0 0 0 128 0 0 0 0 8388608 0 0 0 262144 536870912 0 0 0 131072 0 0 0 0 0 67108864 4194336 0 10485760 8 262144 0 0 0 0 0 0 0 512 0 0 1024 8192 0 1073774592 66560 17825792 0 1082130500 2 262144 0 310378496 0 268607488 512 2147483648 0 1048576 0 528416 2097160 256 0 0 8 80 2 0 0 0 32 0 0 0 2 0 0 1048576 0 0 0 0 0 0 0 67108864 0 0 1024 0 0 0 0 0 0 0 33554432 0 0 536870912 0 524288 0 0 2 0 0 4112 0 0 0 0 0 0 0 0 0 8 0 1024 0 0 2097152 4 1073807360 0 0 0 0 0 0 0 0 0 4194304 0 0 0 1024 0 0 0 0 0 4 268435456 8 16777216 805306368 67108880 1073741824 0 0 0 0 0 536870912 0 2105344 2415919105 1051651 1024 0 0 32 0 32 0 2147483648 2048 0 1 24608 134217728 67108870 16777216 2048 0 268435472 2097156 0 0 0 24576 2818572289 36960 0 0 0 0 8654848 0 0 0 3145728 536870912 0 67108864 0 0 0 2097152 0 65536 0 0 67108864 0 0 0 0 524352 0 0 0 524288 0 0 0 65536 0 0 4096 0 0 16 0 0 0 1048576 0 0 0 0 0 0 0 0 1049088 268435456 8388608 0 0 1 4198400 0 512 0 16777216 0 16384 32 0 0 0 0 4 0 536870912 0 0 16384 0 0 33554432 8 0 0 8200 0 0 0 0 0 0 0 0 4096 0 0 67108864 0 0 0 0 524288 0 0 0 33554432 536870912 2147483650 0 0 0 0 16777216 0 0 0 0 0 0 0 0 536870912 64 0 0 0 0 2048 0 4 0 0 0 0 0 0 0 0 0 0 268435456 0 0 0 0 0 0 0 0 0 0 0 0 4194304 0 0 0 0 0 0 0 0 2 0 67108864 0 0 0 32768 0 0 0 0 0 0 0 0 0 0 0 0 0 0 0 0 0 1073741824 1077936384 16664 536870932 135528492 134221825 6144 536871488 2684354560 268435456 0 0 0 8192 4096 4202496 268959744 8465 557056 0 82056 0 0 134217728 0 32768 524288 18 524288 2147485696 2155888640 36 0 0 0 0 268435456 2113536 0 8388608 0 0 67108864 0 0 0 0 0 0 0 0 268435456 0 131072 0 0 2048 0 0 0 0 0 0 0 0 0 0 0 0 0 0 64 0 0 512 0 0 2097152 262144 1 0 0 0 16777216 4194304 0 16384 0 128 0 0 0 0 0 1 0 0 0 0 0 33554432 0 134217728 2048 16777224 0 0 0 0 131072 0 0 64 4160 0 0 67633152 0 4325376 0 0 8388608 524288 0 1082163202 1024 0 0 33816576 262144 33554432 0 0 3464495104 2621761 65544 0 0 0 16384 128 134218240 131072 133152 0 273678336 386 100663296 0 0 33554440 16 64 8192 4 0 256 4259840 1048578 0 66560 1048576 16384 4097 2218786816 8208 8 1024 1073811456 0 68845568 16777218 545783809 1610616960 671088640 263425 3222282498 2685692936 1 33554432 603979776 1082130432 4194304 0 0 536870912 256 0 512 0 3498082304 3145728 0 0 0 65538 8388608 67108864 0 2048 0 16781312 0 0 0 265 0 0 268435456 264192 268435456 0 536870912 128 17760256 134283264 0 16777216 2147483648 0 524288 0 9044097 34816 4202496 4 8421376 4194376 4096 5 0 262144 268435456 0 268435456 1024 536870912 0 2684354560 134217728 0 0 0 33554432 8 2097152 8388737 536903680 4227584 4194820 168053760 1207984898 138412048 268967968 33554944 32800 201326608 0 32768 0 0 0 0 0 8 0 67108864 2147483776 0 0 524288 8650752 0 0 128 0 0 0 0 0 0 0 0 0 0 0 0 0 0 0 0 4194304 0 0 0 0 2048 64 0 33554432 0 0 1048576 0 0 32 0 0 0 0 0 0 0 16777216 128 64 0 0 0 128 0 0 0 0 0 0 0 0 0 0 0 4 128 0 4194304 32 65536 0 0 0 0 0 0 262144 33554432 0 0 128 12003480 3993116936 2147483682 1104 269748260 4194310 22529 131392 2181038080 0 0 256 0 33685506 1052672 536870912 536870912 8192 16384 2222981120 17368065 0 0 0 4194336 0 67240993 16 0 0 32 2 524288 268435460 285212680 4194312 16384 0 262144 0 65536 65922 4096 8192 294912 16842752 0 0 537001984 8 0 32 524288 0 3355443216 32 264256 1090527616 1116452 50341120 1116229632 0 268992512 264 2147483682 0 1050624 2 18432 256 0 0 0 16777218 524288 0 0 0 0 65536 0 0 0 0 0 64 0 0 1 0 0 0 0 0 0 0 65536 0 0 2048 24576 0 0 2097152 0 0 4 0 0 0 0 0 0 256 8388608 0 0 268435456 0 0 0 0 0 0 0 0 0 8192 0 524288 0 0 0 8 0 0 0 0 0 2056 16 0 0 0 512 0 0 0 0 0 2048 32 0 0 0 0 32768 4096 0 2097152
is_linear=0
shrinkage=0.1


Tree=65
num_leaves=31
num_cat=26
split_feature=15 3 13 15 15 12 3 13 7 13 15 27 19 3 13 13 3 3 13 3 31 2 5 3 15 15 3 16 15 3
split_gain=28.9428 27.9073 24.7344 23.4185 22.6011 18.7806 17.6579 33.1465 31.1648 18.5155 18.4457 18.4309 18.3651 58.6391 34.8895 22.7681 41.5086 23.1524 22.5318 35.6909 21.9076 18.8673 20.1951 77.4291 18.8941 17.9763 17.8825 21.6146 16.8665 16.6917
threshold=0 1 2 3 4 5 6 7 8 9 10 2.5000000000000004 50.149999618530281 11 12 13 14 15 16 17 0.080269142985343947 18 19 20 21 22 23 8.5000000000000018 24 25
decision_type=9 9 9 9 9 9 9 9 9 9 9 2 10 9 9 9 9 9 9 9 2 9 9 9 9 9 9 2 9 9
left_child=5 -2 -3 -4 -5 -1 7 -6 11 29 -11 -9 15 20 -15 16 -12 -17 19 -19 -14 -20 23 -23 -24 -26 -16 28 -28 -8
right_child=1 2 3 4 6 -7 9 8 -10 10 12 -13 13 14 26 17 -18 18 21 -21 -22 22 24 -25 25 -27 27 -29 -30 -31
leaf_value=0.095036034332467823 -0.030451563237070274 -0.041365498422075646 -0.035497090606493524 -0.063712182009159721 -0.050349353426009748 0.019690708548517007 0.024622482858808876 0.031358495396580387 0.015044263623487805 0.040733884120614877 0.071541926850274148 0.11978900588724094 0.088521910369382228 -0.04150542570694446 -0.034409496749426741 -0.023751159151664369 -0.016368364476583585 0.057369886538705943 0.02878433190628062 -0.037936791622023625 0.032061176522666941 -0.063180476072825828 0.032089172227811991 0.11145900151242716 -0.03396629978579873 -0.00033320410248076143 -0.044236811748531363 -0.016570234092014555 0.040234902053907812 -0.053067953978612165
leaf_weight=33.648355847224593 293.61428338685073 132.75699462462217 169.88406177517027 44.228335776133463 54.862933731172234 225.9993487666361 33.128784327767789 44.204123899107799 423.10728414077312 104.28156937658787 110.67069424502552 50.489160664845258 95.357639322290197 172.76808154291939 67.90389219019562 416.40546004369389 95.71529599535279 37.156944600865245 220.60000327206217 290.03708399052266 246.04224626068026 34.948813926195726 167.97237734822556 55.796105628367513 150.56920301122591 15500.897490726085 19.640176061540842 121.23674863867927 256.48568248504307 108.23068933619652
leaf_count=356 10655 2398 2519 642 1420 2533 365 1167 10580 875 985 767 1777 3421 1178 10293 2467 499 1574 6812 1866 674 1735 1120 2108 234444 263 1926 3684 1878
internal_value=7.9061e-05 -0.000370293 0.000104707 0.000414566 0.000755552 0.0326172 0.000940237 0.0180786 0.0261454 0.000394517 0.000684379 0.0785084 0.000430715 0.0137478 -0.00442042 -0.000332652 0.0318996 -0.000745339 -0.000149196 -0.0257331 0.0464703 0.000385365 -2.62289e-05 0.0446045 -0.000310261 -0.00067824 0.00993397 0.0181703 0.0340817 -0.0344367
internal_weight=19778.6 19519 19225.4 19092.6 18922.7 259.648 18878.5 572.664 517.801 18305.8 18164.5 94.6933 18060.2 979.434 638.035 17080.8 206.386 16874.4 16458 327.194 341.4 16130.8 15910.2 90.7449 15819.4 15651.5 465.266 397.363 276.126 141.359
internal_count=312981 310092 299437 297039 294520 2889 293878 13934 12514 279944 277701 1934 276826 14115 10472 262711 3452 259259 248966 7311 3643 241655 240081 1794 238287 236552 7051 5873 3947 2243
cat_boundaries=0 153 177 265 426 590 591 614 701 702 793 953 972 1062 1151 1174 1198 1289 1307 1316 1317 1338 1499 1657 1679 1808 1827
cat_threshold=1 0 0 0 301989888 0 0 65536 0 0 0 0 0 0 0 0 0 0 0 2 0 0 0 0 0 0 0 0 128 0 0 0 0 0 0 0 0 0 0 0 0 1048576 16 0 0 0 0 0 6 0 0 0 0 0 0 0 0 0 16384 0 0 0 67108864 16777216 0 0 0 8 0 0 0 0 256 0 0 0 0 0 0 0 8 0 33554432 0 0 0 0 1073741824 0 0 0 0 0 0 0 0 0 264 0 2147483648 0 0 0 536870912 2 0 2097152 0 0 0 0 0 0 0 0 524288 0 0 0 9216 0 0 268435456 0 0 0 0 0 0 0 0 0 0 0 0 0 0 0 0 134250496 0 0 0 0 0 0 128 0 0 0 0 0 524288 32768 0 65536 2048 16 0 8224 2048 0 67174408 0 0 8388608 50364418 0 67108866 2097184 0 2304 0 134217729 270663680 136314912 4256 0 0 0 0 268435456 0 0 0 0 131072 2147483648 0 0 0 64 0 0 0 262145 512 0 67108864 0 4 0 0 0 32 2048 0 0 0 0 0 0 0 0 0 0 34816 0 4 0 1140850688 0 0 0 1 0 0 536870912 0 0 2 0 0 0 0 0 32 0 0 0 1073741824 16384 33554432 16777216 0 0 2048 131072 0 0 524288 512 0 0 0 4 0 16777216 0 0 0 0 0 0 512 0 0 2 8388608 0 512 0 0 0 0 0 0 0 0 0 0 0 0 0 0 0 0 0 0 4194304 256 0 0 0 0 0 0 2 0 0 0 0 0 0 0 536870912 0 0 0 0 0 0 0 0 8404992 0 0 0 0 0 0 0 2147487744 0 0 0 0 0 0 0 0 0 0 7168 2147483648 0 0 0 0 0 0 0 128 0 160 0 0 0 0 0 0 0 8388608 0 0 0 0 1 0 0 0 0 0 0 0 0 0 0 134217728 0 0 0 0 0 0 0 0 0 0 0 0 2048 0 0 0 0 8 0 0 0 0 1024 33554432 0 2064 0 0 0 0 0 0 0 0 0 0 0 0 0 0 0 0 256 0 0 2147483648 0 0 0 0 16384 0 0 0 0 0 163840 0 0 1 1073741824 16777216 64 0 524288 0 0 0 0 0 32768 0 0 0 0 0 0 0 0 0 2147483648 0 0 0 262144 0 0 0 0 8 0 0 0 0 16384 0 0 0 0 0 0 0 64 0 0 256 0 536870912 0 0 0 0 0 0 0 0 0 0 0 0 0 0 0 1048584 0 0 0 0 0 0 0 65536 0 0 0 0 0 0 0 65536 0 0 335544320 0 0 0 0 0 32768 131072 0 0 0 0 0 0 0 0 0 67108864 0 0 0 0 0 0 0 0 0 0 0 0 0 4 33554432 0 16777472 0 0 0 0 0 0 0 0 0 0 0 2147483648 16 0 0 0 16777216 0 0 0 1 16 0 0 0 0 0 0 0 0 0 0 0 0 0 0 0 0 0 0 0 0 0 8192 9580776 8519808 16 402657280 8192 0 32768 33554434 9216 0 0 131072 1 33554496 134217728 0 8192 131080 262272 262144 4194336 2147483648 135274496 16777216 0 0 0 0 0 0 0 0 0 553648128 0 0 0 524288 0 0 0 0 0 0 0 0 0 0 0 64 65536 1024 0 1073741824 2048 0 0 2097152 67108864 0 0 0 0 0 0 0 0 1048576 0 0 0 268435712 0 0 0 16778240 0 128 0 256 0 0 1024 16777216 0 0 0 0 0 0 256 67108864 0 0 1 32768 0 0 1073741824 0 0 0 32 65544 2048 0 0 131072 0 0 2 2 0 0 0 0 0 258 0 0 512 0 0 0 0 0 0 0 16 0 0 262144 0 0 0 0 0 0 1 0 1048576 0 0 0 0 0 32 0 0 0 0 64 0 0 0 256 0 262144 0 147456 0 1024 0 0 1048576 0 0 0 0 8192 16777216 268435456 512 0 16 65536 0 16384 0 0 134217728 128 134217728 0 0 134217728 0 0 0 1073741824 1024 0 0 0 0 0 67108864 4194304 32768 0 0 0 1048576 0 0 65536 0 65536 0 32 32 524288 0 0 0 0 0 0 0 0 0 0 0 512 0 0 0 0 0 0 2147483648 0 0 0 0 0 0 0 0 0 0 0 0 0 0 0 0 0 0 0 0 0 0 0 8192 0 0 0 0 0 0 0 0 0 0 0 0 0 0 0 0 0 67108864 268435456 0 0 0 0 0 0 0 512 0 0 0 0 0 0 0 0 0 8388608 0 0 0 32768 0 64 0 0 0 262144 32 131072 0 16384 0 0 0 0 0 0 0 0 0 0 16384 0 0 0 0 0 0 524288 0 0 0 0 65536 0 0 0 0 0 0 0 8388608 0 32768 18432 0 0 0 0 0 0 0 0 0 0 0 0 0 0 0 0 0 0 0 0 0 0 65536 2433220608 71303168 33024 0 0 16 10485760 4194304 16384 0 647168 3825205248 4785208 65536 0 0 0 0 1056 0 0 0 0 0 512 0 0 0 536870944 0 0 65536 524288 1 0 4 0 0 16 33554432 0 0 0 0 0 0 0 0 0 0 0 0 0 0 0 0 0 0 0 0 0 0 301989888 0 2097152 0 256 0 4718592 0 134217728 0 128 0 0 0 0 0 0 0 0 0 0 0 0 8 67108864 0 0 0 32768 0 0 1073741828 64 0 0 288 65536 0 4096 4 0 0 0 0 4096 0 1073741824 0 0 0 0 16 0 0 0 0 536879104 2097152 0 0 524288 262145 0 0 0 0 0 0 0 0 0 536870912 0 0 0 0 0 524288 0 131072 512 2 0 0 1073741824 0 512 8388608 0 0 33554432 0 0 0 256 0 0 0 0 0 64 0 0 0 0 0 0 0 0 0 536887296 0 0 8 536870912 0 0 0 0 0 0 0 0 0 0 262144 65536 2112 0 32768 0 268435456 0 8388608 4096 327680 268435456 2 32770 1281 0 0 262144 262144 0 4194305 2113536 3263176704 2491427 65568 0 16777216 0 8388608 67108864 0 0 0 128 524288 4194560 16777216 4194304 536870912 0 4194304 0 0 4194369 557056 40960 65536 0 0 131072 128 32768 335544328 0 131104 2164260864 16768 10 0 0 0 0 524352 1024 0 0 0 0 32770 0 0 0 524288 16777216 0 0 0 0 0 0 0 0 0 64 0 0 0 0 16 0 4 0 4194304 268435456 0 0 0 0 0 0 0 1310720 0 537919488 0 0 0 0 0 32 16777216 0 0 34 0 0 64 0 0 0 4194432 0 1 0 0 0 0 0 0 0 0 4194304 0 0 8388608 131072 0 0 0 0 32 0 32768 0 0 0 67108864 2097152 64 0 0 1073741826 1025 0 0 8651264 0 536887296 8192 0 2348810368 4195328 65536 0 1048576 512 8388608 0 0 0 4194304 0 0 0 0 6144 162 2231369728 268435456 0 0 0 8 65536 0 262144 8192 0 2181038208 1048576 65536 0 0 2 0 16 0 2048 0 0 0 0 0 0 545259520 0 67117056 0 0 0 0 0 0 0 0 0 0 0 128 4194304 0 0 0 0 4 0 0 0 0 0 0 8192 0 0 0 0 0 0 0 0 0 0 0 2181038080 0 0 0 4096 0 0 0 0 0 0 0 0 0 268435456 0 0 0 0 0 0 0 65536 0 0 0 32 0 32768 0 0 0 34 0 0 0 0 0 0 0 16384 0 268435456 0 0 0 0 0 0 0 0 16384 0 0 536870912 0 1048576 0 1073741824 0 0 0 0 2147483648 0 0 0 0 0 2147483648 0 0 0 0 0 0 0 0 2147483648 0 0 0 0 0 0 0 0 32 0 0 0 0 0 0 0 0 0 1073741824 0 0 0 0 0 0 0 0 524288 0 0 0 0 0 0 0 0 1048576 0 0 0 0 0 33554432 0 0 0 2048 0 0 0 0 0 0 0 32768 0 0 0 16384 0 0 0 0 0 0 2097152 0 0 0 0 0 0 8 0 65536 0 0 0 0 0 8 16 0 0 2147483648 16777216 32768 0 0 0 0 0 1 0 0 256 65536 0 0 0 0 0 0 0 0 32 0 0 0 0 0 0 0 0 32784 0 0 0 0 0 0 0 524288 0 0 0 0 0 0 0 0 0 0 0 0 0 0 0 0 0 0 0 0 0 0 0 0 0 0 0 0 0 0 0 0 0 4194304 8388608 0 0 0 0 0 0 1140850688 0 0 0 0 1024 33554432 0 0 134217728 0 0 0 1048576 0 0 0 2 0 1024 0 0 0 0 0 0 0 262144 0 0 8388608 33554432 5 1073741826 1049 0 0 262144 16777216 0 0 0 268435584 258 0 0 32768 2 0 67108864 0 2162688 2048 0 0 0 0 0 0 536870912 0 0 0 0 0 0 0 0 0 0 0 0 0 0 0 0 0 2097152 0 0 0 33554432 0 0 0 0 0 0 0 0 0 0 0 0 0 0 0 0 0 0 0 0 0 0 0 0 0 0 0 0 0 0 0 0 0 0 0 0 0 0 0 0 0 0 0 0 0 0 0 0 0 0 0 524288 0 0 0 0 0 0 0 0 0 0 0 0 0 0 0 0 0 0 0 0 1048576 0 0 2147483648 0 0 131072 0 0 0 0 0 0 0 0 0 0 0 0 0 0 0 8388608 0 0 0 0 4194304 17301504 67108864 1073774592 0 0 0 0 0 536887296 0 8192 0 2621474 72 0 0 0 16392 1048576
is_linear=0
shrinkage=0.1


Tree=66
num_leaves=31
num_cat=28
split_feature=13 3 14 13 14 3 14 3 3 3 14 13 14 3 18 14 3 13 3 5 3 14 3 14 13 3 14 3 25 13
split_gain=27.9855 23.7437 23.5136 22.068 31.0691 18.9034 17.5799 32.9356 20.4924 19.0638 34.0132 16.962 38.3241 36.6756 20.828 16.6759 16.2934 17.2031 24.8009 17.1007 49.7593 15.9572 43.3503 20.6357 19.9965 16.8944 19.368 15.8169 15.8037 15.4936
threshold=0 1 2 3 4 5 6 7 8 9 10 11 12 13 13.500000000000002 14 15 16 17 18 19 20 21 22 23 24 25 26 1.5000000000000002 27
decision_type=9 9 9 9 9 9 9 9 9 9 9 9 9 9 2 9 9 9 9 9 9 9 9 9 9 9 9 9 2 9
left_child=-1 2 -2 4 -3 -6 7 15 -9 10 -8 12 -11 14 -14 -5 -13 18 -18 20 -19 22 23 -21 -24 26 -23 -26 -4 -27
right_child=1 3 28 6 5 -7 9 8 -10 11 -12 16 13 -15 -16 -17 17 19 -20 21 -22 25 24 -25 27 29 -28 -29 -30 -31
leaf_value=0.058971904972507795 0.031046374521087258 0.044994011321115239 -0.051432748662108708 0.087504925972926639 0.014451276677379483 -0.066001673125375956 -0.031191146903562863 -0.046966963854076005 0.0070434333498448909 -0.069105462885359292 0.043832535520245457 -0.024392028073231511 0.17074019475215296 0.0041349005964504823 0.062797889745483157 0.026032999400260472 0.045583704224552532 -0.07306272735154179 -0.053945204279537508 -0.014021015630626394 0.087368449491904976 0.047114474762556341 0.052186966313986408 0.050197859827747549 -0.030461077109039055 -0.028795302639575915 -0.023117012849337763 -0.0088939068328615367 0.017562065789265686 0.0011559106285647712
leaf_weight=69.178491538623348 51.351332087768242 37.001756025711074 223.10951312480029 58.35373823158443 38.440686526708305 139.2289831188973 75.82364969374612 67.88736773841083 708.56537793134339 27.185180919477716 220.2162664324278 290.11501147283707 30.781077941646799 108.66429894091561 42.636417183792219 227.63608061615378 25.061717805452645 19.824584741843864 116.30522618594114 71.629619627259672 58.779419197002426 34.222988536814228 32.568770226789638 153.20285688503645 611.31701017334126 164.76916711521335 473.63372488273308 815.06828133901581 39.002627029782161 14769.913414863637
leaf_count=732 1107 659 7908 452 408 4437 1570 2132 13237 353 5941 6883 420 1977 620 2511 289 393 2176 915 1141 970 611 2079 11509 2618 16141 14920 1328 207096
internal_value=-0.000361442 -0.000599039 -0.0274697 -0.000151371 -0.0313103 -0.0487523 0.00021305 0.012654 0.001784 -0.000522107 0.0242257 -0.000945982 0.0266981 0.0438548 0.0951005 0.0411084 -0.00128894 -0.000888712 -0.0344548 -0.000593057 0.043227 -0.000819284 -0.0100335 0.0300125 -0.0163671 0.000191237 -0.0175659 -0.0182848 -0.0396534 0.000806422
internal_weight=19801.5 19732.3 313.463 19418.8 214.671 177.67 19204.2 1062.44 776.453 18141.7 296.04 17845.7 209.267 182.082 73.4175 285.99 17636.4 17346.3 141.367 17204.9 78.604 17126.3 1683.79 224.832 1458.95 15442.5 507.857 1426.39 262.112 14934.7
internal_count=313533 312801 10343 302458 5504 4845 296954 18332 15369 278622 7511 271111 3370 3017 1040 2963 267741 260858 2465 258393 1534 256859 30034 2994 27040 226825 17111 26429 9236 209714
cat_boundaries=0 91 115 123 214 222 245 252 272 295 319 326 416 423 445 452 476 565 589 590 611 618 640 647 732 756 762 786 876
cat_threshold=0 0 0 0 0 0 1048576 0 33554432 67108864 0 0 134217728 0 0 0 16 0 0 512 0 2048 0 0 0 2048 0 0 0 0 524288 16777280 2 0 0 0 0 0 0 0 8388608 2177 0 0 0 537395200 2 0 8 0 0 0 0 80 0 0 0 0 0 524288 0 0 0 536870912 0 0 0 0 0 0 0 0 0 67108864 4194336 0 0 131072 0 0 0 0 0 0 0 0 0 0 0 0 64 33556480 0 196608 320 0 4198400 1050624 16793600 0 3489662976 524322 128 0 33554432 0 0 0 2147483648 16778241 0 8454144 2097312 8 8192 604241920 16777216 4104 51642400 1116209190 0 42206464 1 0 0 0 0 0 258 0 0 0 32 0 0 1024 1 0 0 0 0 0 0 2 0 0 0 64 0 0 4 0 0 131072 0 0 0 0 0 0 0 0 0 0 0 0 100663296 0 0 0 268435456 0 32 0 0 16777216 130 0 0 0 65536 0 2048 16 0 0 0 16384 0 0 0 0 8 0 0 16777216 524288 0 0 4 0 0 268435456 0 4096 0 0 32768 0 285343744 0 0 0 1048592 3221241858 16924 553714176 268960780 407109728 8192 536872976 1 524288 0 134217728 1024 0 0 0 262144 33570816 0 8192 2583691265 132576 0 0 135266304 536871424 8388608 2080 0 2147483648 2048 16 1051649 603980032 42139936 2685468672 268436481 4134 2348812880 524288 603979778 0 8192 0 131072 0 12583168 67125248 4194304 2113536 2449473536 857346 65540 0 0 0 8388608 0 32 536870912 4194304 0 1 0 16 2359296 0 268435456 0 32768 134217729 1075970112 48 0 40960 16 0 327968 16 2282751040 0 4194304 536903680 8 0 16 0 16777216 33554432 0 0 65539 0 8192 4096 0 0 0 2147483696 268730496 5505028 2048 1140981760 2147483648 8912960 262146 226500610 513 138412160 352331776 1762132034 2147484032 34217984 0 0 0 0 64 16 0 0 0 8192 134217856 32 0 0 262144 1048576 0 0 0 16384 0 1048576 0 0 0 0 0 0 0 0 0 0 0 0 2 0 0 0 0 0 0 0 1 256 0 0 0 1 0 8 0 0 0 268435456 0 256 0 0 0 18882560 0 0 0 0 0 0 16777216 65536 167772160 0 134217744 0 0 0 536870912 0 2097152 0 0 0 4096 0 0 0 67108864 0 0 33554432 0 1073741824 16418 8405016 20973568 134217728 1644232708 532480 37748736 268435456 75497473 1073774592 0 0 0 2097152 0 100663296 0 24576 1073741824 3671331 134217832 0 0 0 16384 0 0 2147483648 1048576 1048576 0 65536 1048576 1024 0 201327120 67108864 536870912 16794624 139264 0 2550300674 4194312 8388864 1179648 16777216 0 536870912 131072 268435456 0 8388608 0 0 0 0 0 42532864 2176 2048 0 0 0 2 0 0 0 0 0 131072 32768 0 0 524288 0 0 12 0 0 16 0 0 0 4 0 0 0 2097152 0 0 0 0 0 0 67108864 0 65536 262144 4 64 0 0 0 1073741824 0 0 0 0 4096 0 0 0 4194304 0 0 0 128 8192 1024 268435456 0 0 0 0 0 0 0 0 0 0 0 0 67108864 0 4 262144 2 0 512 0 32 0 0 0 0 0 4227072 0 65536 268435456 67108880 1073741826 0 0 0 262144 0 536870912 0 0 1115684865 1048592 32 0 0 0 0 0 0 0 0 0 1 130 0 268435456 2048 2048 0 0 0 262144 262144 8192 0 2181038080 1048576 65536 0 0 131074 0 0 0 2048 168689672 16785552 1090519128 33555488 2151940132 4374528 29360392 150994944 64 8388608 4 0 42205192 4 0 0 8192 0 2281701408 559152 2 0 0 0 8396800 0 2097200 557056 262144 917504 16777344 8 0 262176 32768 8388864 0 0 0 0 0 0 0 0 0 536870912 2214592512 0 0 0 0 16777216 0 0 0 0 0 0 0 1073741824 0 0 65536 0 0 0 0 0 2048 0 0 0 4 0 0 0 0 4 0 0 0 0 0 16 0 0 0 0 0 0 0 0 4194304 128 0 0 0 0 0 0 0 0 0 2097152 0 128 0 0 0 0 512 0 0 0 288 0 67110912 128 0 0 268435456 134217728 64 1073741826 6 0 9240576 512 268435456 0 134742016 4 67141648 67108864 66 0 0 0 8192 0 32 524288 285478912 4096 133 8388864 1082147339 0 258 1140867072 3221225472 0 8388615 1073742080 1024 0 0 266240 4204544 67125248 0 2097152 1384121344 1091 16 0 134250496 2097152 0 2048 0 0 0 553648128 32768 0 0 0 0 0 2097152 0 8388608 0 0 2147483648 0 0 0 0 16777216 0 16384 0 0 33554432 0 0 0 0 0 0 0 0 0 8192 0 0 1114112 8388608 0 0 0 536870912 0 0 0 0 0 0 0 262144 131344 0 0 524288 0 0 1073741824 0 0 0 0 64 0 1048576 0 0 0 0 0 0 2097152 0 0 0 2048 0 0 1073742336 0 0 2097152 0 0 67108864 0 0 0 268435456 0 512 512 67108864 8388608
is_linear=0
shrinkage=0.1


Tree=67
num_leaves=31
num_cat=22
split_feature=3 25 25 3 24 11 3 3 14 3 3 3 14 32 19 3 14 24 12 25 12 24 9 3 14 12 14 14 3 3
split_gain=19.8207 20.0391 16.7812 53.8266 30.5112 20.8508 20.7944 19.4307 16.4641 42.1881 28.7447 20.4388 23.8626 19.5124 17.3431 17.1171 30.5777 14.9858 14.6168 14.5889 15.9653 15.9682 14.0917 57.8935 38.3755 21.5073 20.2298 15.9902 40.1594 28.7481
threshold=0 43.500000000000007 8.5000000000000018 1 0.021220307797193531 2 3 4 5 6 7 8 9 3778.5000000000005 31.050000190734867 10 11 0.4321074932813645 12 74.500000000000014 13 -1.0000000180025095e-35 14 15 16 17 18 19 20 21
decision_type=9 2 2 9 2 9 9 9 9 9 9 9 9 2 8 9 9 2 9 2 9 2 9 9 9 9 9 9 9 9
left_child=1 -1 8 5 6 19 -5 17 9 13 -11 12 -10 -2 -15 16 -13 -6 -12 20 -4 -22 23 25 -25 -17 -26 28 -24 -30
right_child=2 -3 3 4 7 -7 -8 -9 11 10 18 15 -14 14 -16 22 -18 -19 -20 -21 21 -23 27 24 26 -27 -28 -29 29 -31
leaf_value=-0.031363456334019477 -0.059473629352520332 0.20030169983639948 -0.0094696798627230128 0.052121468610752543 0.011509465101735561 -0.052870526177983816 -0.0614167847694028 -0.024905467854266672 0.048212497711131272 0.088733011171880746 -0.027901225837935681 0.038927240660778663 -0.023103779742153965 0.14412380916809533 -0.010016752745258567 -0.011177800644479503 -0.026343978702425858 0.19911689599523347 0.020139488746910732 -0.034122064837951341 0.2577386526401072 0.10203106038982208 -0.038889450704474859 0.042569219886799396 -0.047677278290542816 0.070276572373033835 -0.0033257276753708579 0.00056498760236990003 0.070379687407169128 -0.0043388840660461428
leaf_weight=257.47282031667419 103.5077298078686 3.7887955798069006 21.141889919061214 12.626771147130055 181.48481354233809 12.042477594688533 204.03724051604513 318.59004656225443 42.407160395523533 50.809756378177553 61.224937447579578 267.28998952417169 579.81462690909393 7.8573478953912854 102.81254215352237 42.91157369595021 91.053672654787078 4.3600262878462663 841.08543700072914 11.284477878594769 7.453175311908125 56.620432706316933 360.90762790222652 145.5280140908435 123.31296692765318 183.78491733968258 475.36086810939014 14121.450969456346 44.234008548315614 1009.4513902942417
leaf_count=8594 1053 98 497 236 4415 488 17894 4534 1266 786 823 5719 13619 121 1431 489 3142 31 12070 435 70 834 6463 1987 1721 2100 7051 199155 559 15302
internal_value=-0.000126519 -0.0269715 0.000247153 -0.0136688 -0.0235165 0.0493719 -0.055229 -0.0103616 0.000866175 0.0123126 0.0213359 9.50271e-05 -0.0175576 -0.0270027 0.000926929 0.000756313 0.0220772 0.0150984 0.0166097 0.0658973 0.0868752 0.103924 0.00028038 0.011905 -0.00178927 0.0550372 -0.0130943 -0.000453273 -0.0105509 -0.000570008
internal_weight=19745.7 261.262 19484.4 829.641 721.099 108.542 216.664 504.435 18654.8 1167.3 953.12 17487.5 622.222 214.178 110.67 16865.3 358.344 185.845 902.31 96.5 85.2155 64.0736 16506.9 970.898 744.202 226.696 598.674 15536 1414.59 1053.69
internal_count=312983 8692 304291 29434 27110 2324 18130 8980 274857 16284 13679 258573 14885 2605 1552 243688 8861 4446 12893 1836 1401 904 234827 13348 10759 2589 8772 221479 22324 15861
cat_boundaries=0 24 47 48 72 95 103 125 143 167 174 197 204 205 206 207 227 234 235 242 249 272 295
cat_threshold=33589248 1073741824 67119104 0 0 1346437120 32 8192 0 67108992 0 0 0 33556480 0 0 1056 65536 524288 0 268566528 36896 268501000 8 1342308352 4194306 1073774592 4194304 0 0 0 536870912 0 4203264 2097152 0 196608 268500992 0 1048576 0 3221233664 32 0 2147483648 0 64 2048 0 0 256 0 0 0 1048576 262144 16384 0 32768 1073741857 1074790400 4 0 0 0 0 0 0 0 0 0 32 134742016 276824068 8388610 0 0 8 2097152 4194304 536887296 0 8192 2222981120 2624530 16 0 0 0 0 0 0 0 0 4194304 1074005025 67108864 33624064 2282235936 3900703872 1074790530 2202010624 1 545783808 46137344 0 8193 0 134356994 537133056 4458496 0 0 2113536 33562656 20972096 0 0 0 0 16384 71303168 0 1024 134217728 2164260864 67108864 8388608 0 0 0 65537 256 67108864 0 0 0 2098176 134217728 0 0 0 8388608 67108864 64 1073741952 4194304 0 526336 1114368 41943296 0 4194304 131088 0 3145728 268435456 0 8388608 2097152 2147491840 32 0 0 1128267776 1048576 2560 2 16777268 2056 50332672 34668576 2147524864 10240 0 0 0 1 0 8192 1342177282 16795648 134217728 2052 66560 0 0 32772 0 0 128 131072 71438356 4194304 1 538050560 553660416 2231369990 679477248 1048712 286523392 318771232 2304 738724096 23905812 34640192 1248 419561472 0 8388864 0 0 16 539230208 0 536887296 0 0 3623886849 5047329 16 0 0 0 276824064 8 16 2222999696 8454 16777224 33882112 100737056 655360 537135104 21627992 33026 159400456 536903680 16778248 21496321 8481 67772928 55722256 134774789 1049052 262148 268501026 2048 605044800 0 109052166 0 1024 0 262152 4 4194304 100663296 0 0 1073741824 267683 134217728 0 0 0 0 0 2 2148532288 2048 4194304 131072 0 0 0 0 2097154 134217792 0 0 536870912 0 536870912 0 0 0 1048576 131588 262144 1050624 16777216 2098208 67117056 32
is_linear=0
shrinkage=0.1


Tree=68
num_leaves=31
num_cat=27
split_feature=15 15 3 14 13 3 15 13 3 14 3 13 13 3 15 3 3 14 25 13 15 30 15 23 3 13 14 14 3 3
split_gain=25.0826 24.2073 23.0004 35.3007 23.7592 35.5077 20.8189 18.3085 19.7365 18.4429 67.9953 27.2622 21.4532 20.5762 23.8705 20.5399 17.8776 35.3921 22.8049 18.2775 19.1869 17.4495 17.0433 16.5912 15.8412 14.6485 15.5835 14.4934 62.7854 29.9751
threshold=0 1 2 3 4 5 6 7 8 9 10 11 12 13 14 15 16 17 8.5000000000000018 18 19 0.08347386866807939 20 1.5000000000000002 21 22 23 24 25 26
decision_type=9 9 9 9 9 9 9 9 9 9 9 9 9 9 9 9 9 9 2 9 9 2 9 2 9 9 9 9 9 9
left_child=-1 -2 3 21 5 -4 -6 8 -8 10 -9 -12 -11 23 -15 -14 17 -17 -19 24 -21 -3 -22 -13 -18 26 -16 28 -24 -30
right_child=1 2 4 -5 6 -7 7 9 -10 12 11 13 15 14 25 16 19 18 -20 20 22 -23 27 -25 -26 -27 -28 -29 29 -31
leaf_value=0.034834666870412347 -0.02834343539198533 0.013332780017506913 -0.024944805505934385 -0.043993145349740123 0.043046899652640955 0.068894003987444316 0.034495636420924014 0.060376878043539965 -0.045950833686218065 -0.049598406481513896 -0.051899807124807879 -0.042776054776507921 -0.031432105466141863 -0.051771891097346381 0.084161191189303888 -0.057897268015122072 -0.010416834744846656 0.035264040232579487 -0.09179789173917613 0.040507931219752213 -0.026124750159783862 0.14199197139857897 0.045879444907875183 0.082609944165751542 0.05776806683317906 0.0089739290624286667 -0.0010319178506654791 -0.00014986349444783524 -0.045480389516410258 -0.0092445963185108417
leaf_weight=191.60830196691677 299.94838145712856 35.268678964814171 58.234076811000705 236.84855403099209 101.25214699050412 109.1684188451618 32.139865033561364 220.9463039287366 152.21570627065375 80.445198921486735 78.451036317972466 126.06080205459148 205.55541028070729 51.321366938296705 50.312417782843113 43.621608087792993 53.476930000353605 369.25606201495975 14.68708818242885 99.391869290266186 266.67001550970599 15.035371249541639 160.44558345526457 11.517275452613829 90.414482846157625 1118.170323772938 42.596381940646097 14273.819897775189 310.34556683117989 856.712626322289
leaf_count=1765 3471 1365 766 8395 1132 1883 570 2374 3242 1951 1437 1634 5036 900 589 1316 755 10058 1593 1503 3084 118 1936 88 1624 17724 843 210137 10556 15284
internal_value=-0.000257586 -0.00061876 -0.000172603 -0.0277787 0.000259527 0.0366844 -8.39647e-05 -0.000340264 -0.0308728 -1.99067e-05 0.00987692 0.00197494 -0.0010248 0.00534061 0.00940827 -0.000761972 -0.000362021 0.0195826 0.0296317 -0.000903136 -0.00123294 0.0431999 -0.00151974 -0.0300922 0.0333971 0.0124036 0.0487975 -0.00108271 -0.0110369 -0.019185
internal_weight=19755.9 19564.3 19264.4 287.153 18977.2 167.402 18809.8 18708.6 184.356 18524.2 1699.38 1478.43 16824.8 1399.98 1262.4 16744.4 16538.8 427.565 383.943 16111.3 15967.4 50.3041 15868 137.578 143.891 1211.08 92.9088 15601.3 1327.5 1167.06
internal_count=313129 311364 307893 9878 298015 2649 295366 294234 3812 290422 25589 23215 264833 21778 20056 262882 257846 12967 11651 244879 242500 1483 240997 1722 2379 19156 1432 237913 27776 25840
cat_boundaries=0 152 313 336 343 433 455 610 699 723 730 751 839 930 954 1105 1129 1153 1161 1252 1410 1574 1595 1685 1692 1699 1722 1745
cat_threshold=16777216 0 0 2228224 4224 100663296 524288 0 0 4194304 0 0 0 0 0 0 0 0 0 0 0 0 0 0 0 0 0 0 0 0 0 0 2 0 0 0 0 0 0 0 0 0 0 0 0 0 0 0 0 0 0 0 0 8192 0 0 0 0 0 0 0 0 67108864 0 0 0 512 0 0 0 268435456 0 0 0 0 0 0 0 0 0 0 0 33554432 0 0 0 0 0 1073741824 0 0 0 32768 0 0 0 0 8 0 0 1 0 0 0 0 0 0 0 0 0 0 0 1 0 0 0 0 8 0 0 256 16384 268435456 0 0 0 0 0 8 0 0 0 0 0 0 0 64 0 0 0 0 0 0 0 0 0 128 0 0 0 0 536870912 65536 524288 0 4096 33554512 0 8388608 0 262144 0 0 0 0 0 0 0 0 0 0 0 0 0 0 0 2097152 0 67108864 1073741824 32 0 0 0 0 0 0 0 0 0 0 0 536870912 0 0 0 0 0 0 0 0 0 0 0 0 0 0 0 0 0 256 0 33554432 0 0 0 0 0 2097152 0 8192 0 0 0 256 0 0 0 0 32 65536 2097152 0 0 0 0 0 0 0 0 0 0 0 0 0 0 0 0 0 0 0 0 0 0 0 0 32768 4 0 36864 0 0 0 0 0 0 0 0 0 0 0 8 0 0 0 0 0 0 0 2147483648 4194304 0 0 0 0 0 0 524288 0 0 2 0 0 0 0 0 0 0 0 0 0 0 0 0 0 0 0 0 0 0 0 0 32768 0 150994944 131072 64 16 2228226 538968224 1048576 268435456 16785408 4104 8192 4194304 33555456 0 0 0 128 65793 16 131072 262176 1073872896 687865874 8213 17827916 67373056 100692033 557056 536872976 0 0 0 0 8388608 0 0 0 0 0 0 0 0 0 0 17825792 0 16384 0 0 0 1050624 0 0 0 2048 0 1074790400 0 0 532480 0 0 0 0 0 0 0 0 33554432 0 2049 16 262144 0 262144 0 0 0 0 0 16777216 0 64 8388608 32 0 65664 0 0 0 0 0 545259520 0 4096 0 0 0 0 0 0 0 67108864 512 0 0 0 1280 0 0 0 0 0 0 0 0 0 0 2097152 2148007936 67108864 8388608 4194304 0 0 0 0 33570816 0 16384 310378496 3212339 134217760 0 0 0 0 32 0 2147483648 2048 0 0 65536 0 0 0 0 0 0 0 0 0 0 0 0 0 0 0 0 1073741824 0 0 0 128 4 0 0 0 0 8 0 0 0 8192 0 0 0 0 0 0 0 0 0 0 0 33554432 0 0 4 4096 2147483648 33595392 0 0 0 1024 0 0 0 0 0 0 0 0 0 0 8388608 8 0 0 0 0 8388608 0 0 0 0 3221225472 33554432 0 0 32 0 0 0 0 0 0 0 0 0 4 0 0 0 0 0 0 4 2147483648 0 0 0 0 0 0 2097152 0 0 0 0 0 0 0 0 0 0 0 0 0 0 0 0 0 0 0 67108864 2 0 0 0 0 0 0 0 0 0 8192 0 0 0 0 0 0 256 0 0 0 0 536870912 0 0 0 0 128 0 0 0 0 16 0 0 0 64 0 0 0 0 524288 4194304 0 0 0 0 0 0 0 0 0 536872960 0 0 4 0 0 32768 0 0 16777216 4194304 0 0 0 0 0 0 0 0 33554432 0 0 0 0 0 524416 0 0 0 268435584 0 0 4194304 0 0 0 0 0 0 0 8192 0 0 0 0 0 0 2048 524288 0 0 0 0 134217728 512 65544 0 0 0 0 0 0 268468736 8192 67108864 696254464 67108864 1207959552 2057 0 0 0 4456448 16384 0 0 201326592 2130193 65536 0 0 0 536870912 0 0 0 0 0 4 12582913 8388736 72704 2567438368 1481638944 1073879168 2164261400 17301504 2 1082163200 2048 0 8 65552 12583168 33554432 0 0 2147483649 19956010 134217732 0 16777216 0 8388608 0 34 8388608 0 0 0 0 64 2097152 0 0 0 536870944 2214625280 0 0 0 0 0 4 0 0 0 0 0 0 0 0 64 0 0 0 0 2048 0 0 2098176 0 0 0 0 0 0 0 128 1048576 1074790656 0 0 4096 0 4 0 0 0 0 0 0 258 0 0 0 16777216 0 0 0 0 0 2 0 67108864 0 128 0 32768 0 0 1073741824 0 0 0 32 0 0 0 0 0 335577088 0 0 4096 0 0 0 0 32768 0 0 0 0 0 0 0 0 0 524288 0 0 0 0 268435456 2147483648 67108864 0 0 0 0 8 0 536870912 2048 4 0 134217728 65536 0 0 0 0 131076 41024 0 0 0 0 524288 2097152 0 131072 16384 65536 0 0 0 2 0 0 128 0 0 0 16777216 2097152 2 0 0 0 0 0 0 0 0 0 0 0 0 262144 0 0 0 0 4096 0 0 0 0 0 0 0 0 1082130432 1048576 939524096 67108864 256 1024 0 16785408 262144 0 67108864 0 536870912 603980800 16448 0 0 134250496 0 2147500032 67108896 0 2149580864 134217728 0 4194304 16384 0 0 0 0 0 0 0 0 1 0 0 0 0 0 0 0 0 0 0 0 0 0 0 17039360 0 0 0 2097152 0 0 0 0 0 0 0 524288 0 0 0 512 0 0 0 0 0 0 0 8 0 33554432 0 67108864 0 0 0 8192 0 0 0 0 0 0 65536 0 0 0 0 0 0 0 0 16777216 524288 0 0 0 0 0 32 0 0 0 0 0 8192 0 0 0 0 0 0 0 0 67108864 256 0 0 0 0 0 0 0 0 0 0 0 0 0 0 0 0 0 0 0 0 0 0 16384 50332160 0 0 0 0 0 0 0 0 0 2048 0 0 144 0 0 0 0 33554432 0 0 262144 144 0 0 0 0 1024 0 0 0 131072 67108992 0 3072 0 536870912 41944080 1 8388864 0 402653696 1 0 16908288 0 0 0 2 8192 1024 0 75497472 98304 8 64 1610612736 256 134217728 8192 16384 16777216 134217730 16793600 134217728 0 8192 134218752 0 16781312 0 0 144 16384 4104 4194304 64 2148532224 570425986 512 3323077632 1074274873 1095762444 603979778 34078720 32768 2112 1 0 0 0 0 64 0 8 256 0 0 205520896 0 0 0 0 0 0 0 1 16 0 0 0 0 0 0 0 0 134217728 0 0 0 0 0 0 0 0 1073741824 524290 0 0 0 33554944 0 0 0 0 1 8 0 32 0 0 0 0 0 0 0 0 131072 262144 0 0 8 0 0 0 67239936 0 536870912 0 0 0 0 0 128 0 393216 0 0 0 128 32 0 268435456 0 0 33554432 0 0 512 8 0 4096 8388608 0 0 268435456 0 0 0 0 0 0 262144 0 0 0 0 32768 0 0 0 0 0 0 0 0 0 128 0 0 0 0 128 0 16 0 0 0 1 16384 0 16 2155872256 0 0 0 0 0 32768 0 0 0 0 0 0 0 0 0 0 0 0 0 0 0 2097152 0 0 0 0 0 0 32 0 0 0 0 0 0 0 0 0 0 32768 0 0 0 0 0 128 0 16 0 0 0 131328 0 0 0 0 0 0 0 0 0 0 0 0 0 0 0 0 0 0 0 0 0 0 0 0 9437184 0 0 0 0 0 0 0 0 0 0 0 32 0 0 0 0 0 0 0 0 0 0 0 0 0 256 0 0 0 0 0 0 0 0 256 0 2147483648 0 33554432 16777216 524288 536870912 128 536870912 32 0 1048576 256 0 0 0 1048576 0 0 0 0 524288 0 0 0 0 0 0 0 0 131072 0 0 0 0 0 0 0 0 0 0 0 0 0 0 0 0 16384 0 0 0 0 0 0 0 0 0 0 0 0 0 0 0 0 524288 0 0 0 0 0 2048 0 0 2048 0 0 0 0 0 0 0 0 0 0 0 0 0 0 0 0 1048576 0 0 0 268435456 0 0 0 0 1073741824 0 0 0 0 0 0 0 8192 0 0 0 0 0 0 0 0 0 0 0 0 0 0 0 0 0 0 0 0 0 0 0 1074790400 0 0 0 0 4 0 2048 128 0 0 0 0 0 0 8 0 0 0 0 0 4 0 0 0 0 0 0 8388608 0 65536 0 0 0 64 134742016 75497474 0 1025 0 8 1073741824 4194304 67108864 0 538968064 33554560 4688 65540 0 0 0 0 0 0 2147483648 0 0 0 0 0 0 0 0 0 0 2 0 65536 0 0 128 0 0 0 0 2147483648 0 0 0 0 0 0 0 0 1073741824 0 0 2048 0 0 0 0 0 131072 0 0 0 0 268435456 32768 0 0 268435456 0 65536 16384 0 0 0 0 0 0 0 0 0 0 0 0 0 0 0 0 0 0 0 1 0 16777216 0 0 0 0 0 0 0 6144 0 0 0 0 0 0 0 0 1073741824 0 8388608 0 17301504 5242880 0 512 34480448 754975232 1083179008 33554688 16387 2152742914 72892736 131072 1048640 1073741824 0 0 268763136 0 4194304 16384 2048 0 268435456 65552 262146 0 1081344 131584 8683520 1050624 0 134251552 133120 2147487744 524288 100663302 8421378 4195328 0 8 0 0 33554432 0 256 3800039456 129 134217744 0 0 32 0 0 32 0 268435456 4194304
is_linear=0
shrinkage=0.1


Tree=69
num_leaves=31
num_cat=29
split_feature=15 15 13 3 13 13 15 10 3 3 14 14 3 13 3 14 13 13 3 32 15 9 3 13 14 13 3 13 15 13
split_gain=26.8752 25.9431 25.2742 23.3002 21.1208 20.774 22.3136 18.5767 16.9219 16.4271 45.0469 18.096 43.6259 21.6649 19.4899 18.7942 20.139 18.7338 20.1901 18.3439 17.9311 16.3407 41.1658 34.063 30.6678 30.0131 30.8682 21.6924 19.9909 19.3212
threshold=0 1 2 3 4 5 6 7 8 9 10 11 12 13 14 15 16 17 18 4273.5000000000009 19 20 21 22 23 24 25 26 27 28
decision_type=9 9 9 9 9 9 9 9 9 9 9 9 9 9 9 9 9 9 9 2 9 9 9 9 9 9 9 9 9 9
left_child=-1 -2 -3 -4 -5 8 -7 -8 -6 10 -9 12 -11 19 15 -13 -17 18 -16 -14 -19 22 -22 -24 -25 26 -23 -27 -29 -26
right_child=1 2 3 4 5 6 7 9 -10 11 -12 14 13 -15 17 16 -18 20 -20 -21 21 25 23 24 29 27 -28 28 -30 -31
leaf_value=0.039185644725919441 -0.039865694964868109 -0.043759515273149953 -0.026204009354181958 -0.0622205112062586 -0.031581753662522472 0.039811565003985007 -0.047904451456197435 0.097355977274339991 0.052652964871811619 0.038929146262204367 0.0016691655423534978 0.050667579334061234 0.02973959258458124 -0.020851165619676676 0.040836835150630087 0.029945962077230784 -0.038518420764705207 -0.021582079408258764 -0.039248648548112566 0.21449261961046304 0.048885499946532338 -0.019242006563455819 0.06052914638279603 -0.04838850877745085 -0.043983159193439314 -0.031876021048905287 0.096130035076970044 0.031074932281174819 0.00047555407584583221 0.014404581069347526
leaf_weight=156.18537193420343 162.01844248489942 126.35665698396042 337.77683516195975 44.546363300643861 25.276821166509762 128.32704878924415 72.305560163687915 54.726717514917254 118.26444180286489 141.66136178351007 218.1161954277195 24.354796337662265 33.400441245757975 1147.8662249372574 30.424373009707779 44.900451650377363 294.9768420989858 330.38111226377077 196.03299129824154 6.4046468923334023 244.27114064479247 36.417070297524333 73.485783428885043 130.73779992805794 57.189670894294977 194.4456520145759 58.345335963647813 206.66705776308663 14702.896756060771 359.66594907850958
leaf_count=2060 3028 2574 8710 1363 510 1421 2037 1270 1858 2234 5358 407 562 20506 469 1095 10155 3338 2856 120 2584 444 1197 1751 1065 3560 989 2350 220886 6169
internal_value=-0.000861251 -0.00119971 -0.000857132 -0.000553953 -8.38171e-05 9.51635e-05 -0.00020411 -0.000500484 0.0367289 -0.000290421 0.0236255 -0.00065941 -0.0118505 -0.0181818 0.000222909 -0.0223458 -0.0288764 0.000730618 -0.0272172 0.0475266 0.00113302 0.00161332 0.0149004 0.000971194 -0.00796355 0.000847515 0.0541882 0.000477225 0.000920248 0.00555145
internal_weight=19758.4 19602.2 19440.2 19313.9 18976.1 18931.5 18788 18659.7 143.541 18587.4 272.843 18314.5 1329.33 1187.67 16985.2 364.232 339.877 16621 226.457 39.8051 16394.5 16064.1 865.35 621.079 547.593 15198.8 94.7624 15104 14909.6 416.856
internal_count=312926 310866 307838 305264 296554 295191 292823 291402 2368 289365 6628 282737 23422 21188 259315 11657 11250 247658 3325 682 244333 240995 12766 10182 8985 228229 1433 226796 223236 7234
cat_boundaries=0 151 312 401 424 515 606 751 752 773 797 804 812 835 925 949 956 1046 1131 1154 1315 1316 1336 1426 1433 1524 1545 1635 1763 1855
cat_threshold=9 0 0 0 65536 0 0 0 0 0 0 0 0 0 0 0 32768 0 0 0 0 0 0 0 0 0 0 2147483648 0 0 0 0 0 0 0 20 0 0 0 0 0 0 0 1073741824 0 0 0 0 0 0 0 33554432 0 0 0 0 0 0 0 0 0 0 67108864 0 0 0 0 0 0 0 0 0 0 524288 0 0 0 2 0 0 0 0 0 0 0 0 0 1073741824 64 128 0 0 32768 0 0 0 16384 8 0 4 0 1073741824 0 0 0 0 0 0 0 0 0 0 0 0 0 0 0 0 0 0 0 0 0 0 0 0 0 1073741824 0 0 0 0 0 0 0 0 16384 8192 0 0 0 0 0 262144 0 0 128 0 0 2147483648 128 0 0 24576 128 0 0 0 8388608 0 0 0 0 0 0 0 0 0 0 0 0 0 0 0 0 0 0 2 0 32 0 0 524288 0 0 0 0 0 0 0 0 0 134217728 536870912 0 0 0 0 4194304 0 4096 262144 8388608 0 0 0 0 0 0 65536 0 33554432 0 0 0 0 0 0 0 73728 0 0 2048 0 0 0 0 0 2147483648 0 0 0 0 0 0 0 0 0 0 1073741824 0 0 32 0 0 0 0 0 0 0 0 0 0 0 0 0 0 0 0 0 0 0 0 0 0 0 0 0 0 0 131072 0 0 0 1024 0 0 0 0 0 1048576 0 0 0 0 0 128 0 0 0 0 0 0 0 0 0 0 0 0 0 0 0 0 0 262144 0 0 0 0 0 0 32768 256 0 0 0 0 0 0 0 0 67108864 0 0 0 0 0 0 0 128 0 512 0 0 0 65536 0 0 0 4 0 0 0 0 0 0 0 0 0 0 4096 0 0 128 512 1073742082 0 0 2 0 16384 65536 0 0 0 1073741952 0 0 8 0 0 0 262144 0 0 65536 0 0 16777216 0 134217728 0 131072 2048 0 4194304 0 0 0 1024 4 0 4096 0 0 0 0 0 0 0 67371008 64 1342177280 16780288 4096 16 67112960 86017 1048576 0 8388608 3 603979776 33554436 33554432 0 0 536872064 4096 0 0 524352 65536 4 0 0 8 0 268435456 256 0 0 0 0 0 0 0 0 2 0 0 0 0 0 0 131072 0 0 0 0 0 32 2048 0 0 0 0 65536 32 0 0 262144 0 16384 0 0 0 0 0 2097153 0 0 0 0 0 0 0 0 0 0 0 262144 67108864 0 1024 0 4194304 0 0 0 0 0 0 0 0 1024 0 134217728 0 0 0 2228224 0 0 0 0 0 256 0 4194304 4194304 8388608 32 8389120 1048592 0 0 0 0 0 0 134217728 0 0 0 0 0 134217728 0 0 0 4 16384 262144 0 2147483648 0 0 0 0 0 0 0 1048576 0 524288 16777216 2 0 0 0 2097152 0 0 131072 0 2053 0 0 0 0 0 0 0 0 0 0 0 0 8388608 2 0 0 0 0 0 0 2 0 0 4096 0 0 0 0 65536 0 16777216 67108864 516 0 0 0 256 0 0 0 32784 0 32768 0 0 0 16777216 8 64 0 1048576 4096 0 0 0 0 32 0 0 0 0 0 0 0 0 0 0 0 0 262144 0 0 0 0 0 0 0 0 0 0 0 0 8192 0 0 0 0 0 0 0 0 0 0 0 0 256 0 4194304 0 0 0 0 0 0 0 0 512 4 0 0 0 0 0 0 0 8388608 0 0 0 0 0 0 0 0 0 0 16 0 0 4 0 0 0 0 2048 0 4194304 8388608 0 0 0 0 0 0 0 0 256 0 0 0 0 0 0 2048 0 2097152 0 2147483648 0 0 0 0 0 65536 0 4 0 0 0 0 0 2105344 0 0 32768 16777216 0 0 0 262144 0 1024 0 4096 0 2097154 0 0 0 0 0 1073741824 0 2 2326 524288 75497474 67108864 1024 0 0 0 0 100663296 0 8192 41943040 1572864 134283280 0 0 0 0 32 0 128 1073741952 64 4096 0 0 0 4194320 536870912 1572864 0 536875008 0 0 16785408 0 0 39976964 33726464 65552 32 129 2359296 2147483648 16385 1074012160 2 4194816 50398208 1418489892 33024 100796432 1111523352 620757394 134218768 75012 278656 1589248 1198080 1 411041792 67108880 0 9216 0 24 0 0 0 0 0 1056 17045848 262144 0 0 48 0 133376 18874384 0 0 65536 0 0 0 524288 0 0 0 0 0 65536 2147483648 0 0 0 0 0 0 0 0 0 0 0 0 0 0 0 0 1073741824 0 1073741824 0 0 4 0 0 0 0 0 2 0 0 0 0 1048576 0 262144 16777216 268435472 0 0 0 0 0 0 0 0 0 0 64 16777216 0 2097152 0 0 8192 0 8 0 0 2048 0 32768 0 0 1073741824 0 0 0 32 0 0 0 0 0 0 0 0 0 1048576 1075838976 0 0 67108864 256 0 5767168 32768 4194304 196608 134283264 32 32800 83886592 0 0 0 8 16384 2148010241 2097152 0 1342701600 2097152 262144 2684373058 8396808 131240 32 1074266114 0 67109392 0 0 0 0 0 0 0 0 8388608 0 0 0 0 0 0 0 64 0 0 0 0 0 0 0 0 0 0 0 0 1073741824 0 0 0 0 0 0 0 0 0 0 0 0 0 0 32768 0 0 0 0 0 0 0 0 0 16384 0 0 0 0 0 0 0 0 0 0 0 0 0 0 0 1 0 0 0 0 0 0 0 0 0 2048 0 4 0 67108864 0 0 0 0 1073741824 0 0 0 0 0 512 0 0 0 32 2214592512 0 0 1 0 0 64 0 0 1073741824 0 0 0 4 0 0 0 0 0 1073741840 0 16 4 0 0 4194304 0 268435456 0 0 0 0 0 0 0 134217728 134219792 0 0 0 536870912 0 0 0 0 16777216 4 128 64 131072 1048580 0 0 2048 8192 0 8 128 0 0 0 0 67108864 0 0 0 0 0 0 0 0 0 0 0 67108864 524288 67108864 0 0 0 8 0 0 16384 0 8192 1342177280 3148800 70 0 135274496 0 8388608 0 0 2147483648 0 536870912 0 0 0 2156005376 0 128 8388608 0 524288 0 0 0 0 0 0 0 0 0 0 0 0 0 0 0 16777216 33554432 33554432 0 4096 0 0 0 0 128 0 0 0 0 0 0 0 0 0 1048576 16 0 0 2147483648 0 0 0 2 0 0 0 0 0 0 0 0 0 0 33554432 0 0 0 0 0 0 0 0 0 0 0 0 0 0 0 0 160 1 0 0 0 0 268436480 0 0 0 0 0 0 0 0 0 0 0 0 0 0 0 536870912 0 0 0 0 0 0 0 0 0 0 0 100663296 0 0 0 0 0 0 33554432 0 0 0 256 0 0 0 0 0 0 33554432 0 0 0 0 134217728 0 2 0 0 0 0 0 0 0 0 0 0 0 0 0 0 0 0 0 0 0 0 65536 131072 1216 285343744 8388608 258 0 0 0 3407872 0 0 4194304 65536 3254788097 5182563 0 0 0 0 276824064 40 16 0 0 0 1024 524352 0 0 0 33555008 4 0 0 0 0 0 0 1048576 0 0 0 0 0 0 0 16 0 0 0 0 0 32768 0 0 0 0 268435456 0 0 0 0 0 0 0 1048576 0 536870912 0 268435456 0 0 0 0 0 268435456 512 0 0 0 1024 16777216 512 0 16 0 0 2 1 67108864 0 2048 0 0 0 0 0 0 4 0 262176 8 0 0 524288 2048 0 0 0 0 0 2097152 2290106658 134242824 536903680 17301512 1092092165 0 201589760 0 0 0 2 32784 0 8 268435456 0 0 128 0 0 0 9 0 0 0 0 16 0 0 0 0 16 0 1 0 0 0 0 0 131072 0 0 0 0 0 536870912 33280 8388608 0 0 268435456 0 4 0 1 0 0 0 0 0 0 0 0 0 0 8388608 0 0 0 262144 8388608 0 134234112 0 0 0 0 0 0 0 0 8192 128 0 138412032 0 0 0 128 0 0 0 0 0 4096 0 0 2 134742016 67108864 8388864 0 0 16777216 0 262144 67108864 0 2097152 0 50 32 0 0 0 0 4096 0 8388608 0 0 0 1024 0 0 0 0 64 0 2097152 0 128 0 0 0 1048576 0 0 0 0 0 0 1073741824 0 0 0 0 0 0 8192 0 0 0 0 0 128 0 0 0 0 0 0 0 0 0 32 0 0 0 134217728 0 16777216 268500992 0 32 0 0 0 16777216 16777744 0 16 0 0 0 1 67108864 0 134219776 0 0 0 0 536870912 0 8388608 0 32 0 0 0 524288 0 0 0 16777216 0 0 1075840000 0 0 0 0 2112 0 32 0 0 0 0 0 0 0 0 0 0 0 0 0 144 0 0 16777216 0 0 0 0 4 0 0 0 0 0 0 0 128 0 0 0 0 1048576 0 8388608 0 0 0 0 4 0 0 0 0 0 0 0 0 0 0 2147483648 0 0 0 0 0 0 0 65536 2147483648 0 0 524288 256 0 0 0 0 0 0 0 0 0 0 32768 0 0 0 0 2049 0 8 64 0 0 0 0 0 0 18 0 0 0 0 0 2147483648 4 0 0 0 0 0 0 0 0 268435456 0 0 0 0 1024 0 0 0 256 0 0 0 33554432 0 0 0 2 16 16 0 0 0 536870912 0 0 0 0 0 0 0 0 0 0 33554432 0 0 0 0 0 0 1024 0 0 2048 0 0 0 0 0 0 0 131074 2048 0 0 0 268435456 0 0 0 17 0 128 0 134217728 0 0 0 0 0 0 0 0 0 0 4 0 0 16384 0 0 0 0 0 32768 0 0 1073741824 64 0 134217744 512 4096 2048 4096 0 4 4 0 0 8192 0 0 1 1
is_linear=0
shrinkage=0.1


Tree=70
num_leaves=31
num_cat=27
split_feature=3 15 14 15 13 3 13 3 15 14 3 3 14 3 5 3 5 14 25 3 13 13 3 16 3 14 14 15 32 13
split_gain=29.596 27.7014 26.542 24.2235 22.0817 24.89 21.2939 21.5167 18.6032 18.0965 57.6309 24.2838 21.2641 21.1924 34.8639 44.3342 30.928 26.9295 20.6216 19.6746 19.5446 19.314 19.1196 17.4898 86.6453 37.2577 30.2601 25.2705 20.7429 19.6777
threshold=0 1 2 3 4 5 6 7 8 9 10 11 12 13 14 15 16 17 1.0000000180025095e-35 18 19 20 21 1.5000000000000002 22 23 24 25 4254.5000000000009 26
decision_type=9 9 9 9 9 9 9 9 9 9 9 9 9 9 9 9 9 9 2 9 9 9 9 2 9 9 9 9 2 9
left_child=2 -2 -1 -3 5 -5 7 -6 -8 10 18 12 -11 16 15 -15 -13 -18 -10 -12 -21 22 -16 24 26 -26 28 -27 -23 -25
right_child=1 3 -4 4 6 -7 8 -9 9 11 19 13 -14 14 21 -17 17 -19 -20 20 -22 23 -24 29 25 27 -28 -29 -30 -31
leaf_value=0.045298972562371309 -0.03490804844245967 0.030719668854218236 -0.041201518548225589 0.075906226134840993 0.041312607218443681 -0.0016086232912292109 0.0431490506908144 -0.062044829048657595 0.041200887930078089 0.038443778810143374 -0.038943302060021022 -0.06962228072174885 -0.03613432478313678 -0.037145078505763721 -0.031304395447284999 0.11229482250275998 -0.040463140506320813 0.034395214742364864 0.15173282165541482 0.036252849363166903 -0.012708784899871126 0.069479350630301098 0.059109781400527042 -0.03297683827774886 0.021878893260961322 0.044211986951588844 -0.019351622974802592 -0.035240239647393444 -0.0061944946894215164 0.0017861944710282518
leaf_weight=33.892603510525078 208.37523231597152 258.80395889747888 270.32931017817464 74.553662933409214 20.347178641008213 89.620064052985981 91.387879786547273 91.840524061117321 91.88730815378949 37.569238734431565 271.9485140228644 26.4973906846717 271.50339041475672 27.33729325607419 26.37227982794866 53.03551564225927 46.673633567988873 466.31748545600567 20.677275347523391 78.258386625442654 1203.9248398951022 190.37911351700313 95.996766159543768 154.73674647719599 146.88051110133529 35.443866142537445 74.583283251151443 869.69461320026312 44.733759222435765 14314.85264264117
leaf_count=797 3156 2778 10300 778 342 1564 942 2295 1223 781 5801 225 6735 654 489 858 1002 7813 284 1286 21670 2393 1512 2518 1643 382 1028 14063 692 216758
internal_value=1.46726e-05 0.000507913 -0.0304298 0.000910756 0.000486926 0.0359291 0.000157661 -0.0414523 0.000430179 0.000196577 -0.00971234 0.00117998 -0.0261483 0.00170507 0.00104259 0.0629798 0.0210174 0.0269409 0.0564866 -0.0148376 -0.00946297 0.0006913 0.0387314 0.000373003 -0.0104615 -0.0240665 0.0353883 -0.0316799 0.0528341 0.00139289
internal_weight=19688.5 19384.2 304.222 19175.9 18917.1 164.174 18752.9 112.188 18640.7 18549.3 1666.7 16882.6 309.073 16573.5 16034 80.3728 539.489 512.991 112.565 1554.13 1282.18 15953.7 122.369 15831.3 1361.72 1052.02 309.696 905.138 235.113 14469.6
internal_count=312762 301665 11097 298509 295731 2342 293389 2637 290752 289810 30264 259546 7516 252030 242990 1512 9040 8815 1507 28757 22956 241478 2001 239477 20201 16088 4113 14445 3085 219276
cat_boundaries=0 24 188 195 342 430 451 542 563 718 725 748 772 779 803 804 825 826 834 856 946 1037 1056 1079 1087 1094 1241 1332
cat_threshold=64 553648641 268436480 2048 0 1073741824 16392 2049 262144 4130 536936448 0 0 33554560 0 131072 0 0 1296 2 67108864 135266304 0 100 0 524288 0 8388736 0 18 4194304 0 0 0 128 0 0 0 0 0 0 0 0 0 16384 0 0 0 0 0 0 4 0 0 0 0 0 0 0 0 0 536870912 0 0 0 0 0 1073741824 0 0 0 0 64 0 0 32768 0 0 0 1024 0 0 0 0 0 8388608 256 0 0 0 262144 0 0 0 0 256 0 0 0 0 0 32 0 0 0 0 0 0 0 0 524288 0 0 0 0 0 2097152 0 0 4194304 4096 0 0 0 0 0 0 0 0 0 4194304 0 0 0 0 0 0 0 0 0 0 0 0 0 0 0 0 0 0 0 16777216 67108864 0 0 1 0 0 0 0 0 0 0 0 0 0 0 0 0 0 0 0 0 0 0 0 262144 0 4096 512 0 0 0 0 0 32768 0 0 64 83902721 136 131112 18612256 537395204 164000 148480 16777217 0 524352 0 0 128 0 0 0 2 0 0 0 262144 0 0 0 32768 32768 0 0 0 0 16777216 0 0 0 0 32 0 0 0 0 0 0 16 0 0 0 0 0 0 0 0 0 0 0 0 0 0 2147483648 0 0 0 0 0 8192 0 0 0 0 0 0 0 0 0 0 0 0 0 0 128 8388608 0 0 0 0 0 0 0 0 0 0 16 0 0 0 0 1 0 0 0 32768 0 0 0 0 262408 262144 0 0 0 0 0 0 0 0 0 4 0 0 0 0 0 268435456 0 0 8 0 0 0 16384 0 0 0 0 33554432 0 0 0 0 0 0 0 0 0 32768 0 0 135266304 0 0 0 0 0 0 128 0 0 0 0 0 0 0 256 0 0 2147483648 32 0 0 0 0 0 16384 1 4096 33554432 1050624 0 4 0 0 4096 0 1049088 0 0 16777280 0 0 0 268435456 0 0 0 0 0 0 0 0 0 0 4096 268435456 0 0 0 0 0 64 0 32 0 0 64 67108864 0 0 0 0 0 0 0 0 0 0 0 0 8192 0 4194304 0 2097152 0 0 0 0 0 16 0 0 0 8388608 33554432 134217728 75497476 0 0 0 0 0 0 67108864 0 2113536 1082130432 1704195 262176 0 0 570425344 8421376 0 0 65536 0 0 0 0 16 0 0 0 0 0 0 0 128 524288 2 0 0 0 0 0 2147483648 67108864 0 0 0 0 0 1048576 2048 0 0 0 0 0 0 0 128 0 0 0 0 536870912 0 0 0 8650752 0 16384 0 0 0 0 0 0 0 0 0 0 0 0 263168 0 0 1073807368 2097152 16384 0 0 0 0 134217728 0 16777216 0 0 0 0 0 548 0 0 0 0 0 0 4194304 0 134217728 32 0 1024 134217728 67108864 2 0 0 0 0 262144 570425344 0 8192 243269633 2359552 16 0 0 0 0 1048576 0 2147483648 0 0 0 0 0 0 536870912 64 0 0 0 0 0 0 0 0 0 0 0 1073741824 262144 0 0 128 0 0 4194304 0 0 0 0 0 0 0 0 0 0 0 0 0 0 0 0 0 0 2147483648 0 0 0 67584 0 0 0 0 0 0 16384 512 16384 0 0 0 524288 0 0 0 0 0 0 2097152 0 0 0 0 0 0 0 0 0 0 4 0 0 0 0 0 0 0 0 0 32 0 0 0 64 0 0 0 4 0 1 1073807360 0 0 0 0 0 0 0 0 0 0 0 0 0 0 67108864 0 0 8192 0 0 0 4096 0 0 71303168 0 8 32768 0 0 0 0 0 0 0 0 262144 0 0 0 0 0 0 0 0 2048 0 0 0 0 0 0 2048 1124205569 75497472 17827540 532520 4980740 33152 690240 1082130432 64 0 0 0 8 0 0 268500992 8704 262144 0 33040 262144 0 134225920 4194562 2155872256 272629792 0 1024 272384 2147483680 0 0 0 256 0 0 8421380 33554432 0 8704 33554432 536903680 8388608 262144 0 268443648 33554466 32768 0 0 1024 1074280480 2148040704 137 71303170 16408 12584968 117702658 1140854816 0 1048592 16908288 134217728 16777216 12288 0 805306368 6296065 0 0 1024 32768 33554464 128 4 0 0 2147484160 131072 327680 2097152 134219776 0 541065220 4194320 386 2214592512 272629760 0 0 0 8 536870912 17039360 0 0 0 2147483776 1048644 134283264 0 0 131072 0 0 0 2147483648 258 209731840 1207976720 32 268437504 134221856 2 1141899264 1 268435456 75497476 1090551808 1032 0 0 538968064 0 67108864 0 2097152 1308631040 1153 0 0 0 0 1073741824 0 0 2147549312 268435456 0 0 0 0 0 0 0 8388608 0 536870912 0 0 0 131072 0 0 4 0 0 0 0 0 0 0 0 0 0 0 0 1073741824 10240 0 0 0 0 0 0 0 0 0 0 0 0 268435456 0 0 0 0 0 0 0 0 16777216 0 16384 0 0 0 0 0 0 0 4 0 0 2 0 67108864 0 0 1 0 0 0 512 0 0 0 0 0 4096 0 0 0 67108864 0 0 8192 1048576 2098176 2 0 0 0 32768 0 8 8 0 67108864 69206016 0 0 0 536870912 524352 0 128 0 0 0 0 0 1073741824 0 0 0 0 8 0 0 0 0 0 0 0 0 0 0 0 8388608 1 0 0 8388608 0 0 0 0 128 536870912 524288 0 0 8388608 0 4194304 0 0 16777216 128 0 262144 0 0 0 65536 0 0 536870912 0 0 0 0 0 0 0 8 0 0 2048 0 0 0 0 32768 268697600 0 0 0 1 0 67108864 8388866 8 0 0 0 262144 100679680 0 0 8388608 530 134283280 0 0 0 0 2048 671612928 8388608 37122 17 0 8 134217728 0 335544320 0 8192 2214592513 3145736 0 0 134217728 65536 1073758208 8 0 2162688 0 16785408 2685444136 16826880 1610747936 269484032 3306160162 1048576 5259264 1 67109126 553656476 2048 0 1118816 0 578813952 0 100663296 4 0 0 16384 0 65536 8192 0 0 0 0 0 0 0 0 0 0 0 16 0 0 0 0 0 0 0 0 0 0 0 0 0 0 0 128 0 0 0 0 0 0 0 0 0 0 0 0 16384 0 8192 0 0 0 0 0 0 0 0 0 0 0 0 0 0 0 0 0 0 0 2048 0 524288 0 0 0 1073741824 0 0 0 0 0 0 0 0 0 268435456 1048576 256 8388608 0 0 0 0 0 0 0 0 0 0 8912896 0 0 0 0 0 0 0 0 0 0 0 0 0 0 0 0 0 0 0 0 0 0 256 0 0 0 0 0 262144 0 0 0 0 0 0 0 0 0 0 0 0 0 0 0 256 0 0 8 16777216 0 512 0 0 8388608 65536 0 0 0 0 1 0 1048596 0 0 1073741824 0 0 0 0 67108864 0 0 4 0 0 0 0 0 0 8 0 0 0 0 0 0 0 512 0 0 0 0 131072 0 0 0 134217728 0 0 0 0 0 0 8389632 0 0 0 4 0 16384 0 8 0 134217728 0 0 0 0 0 536870912 0 8388610 0 0 0 4160 0 0 2048 0 0 0 8192 0 2097152 64
is_linear=0
shrinkage=0.1


Tree=71
num_leaves=31
num_cat=24
split_feature=15 15 13 14 13 3 14 3 15 31 15 15 13 14 3 3 13 3 14 3 13 31 32 14 32 32 15 13 3 28
split_gain=30.0886 23.6429 23.5706 22.414 21.0344 22.3822 33.2037 21.767 20.1719 18.8246 16.2092 15.9968 15.0114 15.6557 52.0774 24.3117 25.0232 22.321 25.2232 20.9272 17.44 16.3567 31.5392 15.5538 17.3439 16.9453 15.5284 15.6185 39.575 16.5035
threshold=0 1 2 3 4 5 6 7 8 0.10728393122553827 9 10 11 12 13 14 15 16 17 18 19 0.037568548694252975 4294.5000000000009 20 4332.5000000000009 3894.5000000000005 21 22 23 68.500000000000014
decision_type=9 9 9 9 9 9 9 9 9 2 9 9 9 9 9 9 9 9 9 9 9 2 2 9 2 2 9 9 9 2
left_child=-1 -2 3 -3 7 6 9 -4 -7 -6 -10 -12 -13 14 21 23 -17 18 -15 -19 -20 22 -14 24 25 -16 -21 28 -28 -29
right_child=1 2 4 -5 5 8 -8 -9 10 -11 11 12 13 17 15 16 -18 19 20 26 -22 -23 -24 -25 -26 -27 27 29 -30 -31
leaf_value=0.046005854397357021 -0.036290874683857013 -0.035881817427382716 0.038382968108202319 0.062414388313882491 0.091637032809601282 0.037780673294356311 -0.04614553383163876 -0.053077938090142787 0.044508126638227147 -0.040863036479123011 -0.04570223162503094 -0.041302960701094307 0.082532674664386227 0.084155605868439176 0.081003973627979647 0.053442202522166263 -0.02223897639596607 -0.024379873327219789 0.073233713614881069 0.032414168131512204 0.0048272091152950589 0.031938663900176911 0.52264021553013718 -0.019048676170682295 0.17152439757898832 -0.026612186994195732 -0.027416110773858488 0.0010168742096582884 0.059048707823974478 -0.013778253572583336
leaf_weight=129.74087453447282 173.47425681492314 25.354784063762054 26.841052240692079 100.03294648276642 33.106133447843604 131.75186642911285 209.81153265177272 129.07398394006304 71.162013381719589 15.858745064586399 67.20876123290509 77.9624245793093 10.679667388088999 51.200854797498323 37.335766183678061 36.66903398395516 1290.6989626234863 322.8906607873505 33.010040337801911 145.3577298312448 316.78710318915546 187.64050111570396 1.9212166115175922 44.116749045904726 11.732313628774135 24.061203298391774 79.140844657551497 15040.278144572512 132.8361065282952 793.72961895749904
leaf_count=1614 4292 398 306 1780 646 1240 8839 2537 735 119 873 1543 511 1120 677 999 28554 7467 1098 2018 10697 1840 155 1054 331 692 1006 214460 2220 13569
internal_value=-0.000232482 -0.000561375 -0.000224189 0.0413556 -0.000515255 -0.000208254 -0.0288627 -0.0359684 0.000198959 0.0404599 -8.47177e-05 -0.000278057 -8.98377e-05 0.000105428 -0.00917787 -0.0158575 -0.0197643 0.00101304 0.0240333 0.000439852 0.0131387 0.0374737 0.149634 0.0264492 0.0528863 0.0388297 0.000949554 0.000644511 0.0269866 0.000275048
internal_weight=19751.5 19621.7 19448.3 125.388 19322.9 19166.9 258.776 155.915 18908.2 48.9649 18776.4 18705.3 18638 18560.1 1644.86 1444.61 1327.37 16915.2 400.998 16514.2 349.797 200.241 12.6009 117.246 73.1293 61.397 16191.3 16046 211.977 15834
internal_count=313390 311776 307484 2178 305306 302463 9604 2843 292859 765 291619 290884 290011 288468 34813 32307 29553 253655 12915 240740 11795 2506 666 2754 1700 1369 233273 231255 3226 228029
cat_boundaries=0 160 321 413 420 505 529 536 559 723 886 1046 1137 1144 1168 1191 1281 1304 1312 1335 1420 1427 1588 1678 1701
cat_threshold=0 0 0 0 0 100663424 0 0 0 2048 0 0 0 0 0 0 0 0 0 1073741824 0 0 0 0 4194304 0 4 0 0 0 16 0 0 0 0 0 0 0 0 0 2097152 0 0 0 0 0 0 4194304 0 0 0 0 0 0 0 0 0 0 0 0 0 0 0 0 0 0 0 0 32 0 0 0 256 0 0 0 0 0 0 32 8 0 0 0 0 2048 0 0 0 0 0 0 32768 0 64 0 0 256 0 0 0 0 0 0 2048 0 0 0 0 0 0 1073741824 1 0 65536 0 0 0 0 1032 0 16384 0 0 256 0 0 536870912 0 0 262144 0 0 33554432 4096 0 0 0 0 0 0 0 0 0 0 0 128 0 0 0 0 0 0 0 0 0 0 0 0 65536 0 4194304 0 16777216 0 4 537395232 64 2172649472 0 0 0 0 8192 0 0 0 0 0 0 0 0 0 0 0 0 0 0 4096 0 0 0 0 0 0 0 0 0 0 32 0 0 0 0 0 0 0 0 0 0 16 0 0 0 0 0 0 2147483648 0 0 0 0 0 0 0 0 262144 0 0 0 0 256 0 0 0 0 0 0 65536 0 0 0 0 0 0 0 0 268435456 0 0 0 0 2097152 0 0 0 0 0 0 0 0 0 0 0 0 0 0 4096 0 0 0 0 0 0 0 0 0 0 0 4194304 0 0 0 0 0 0 0 2147483648 0 0 16 1024 0 0 0 0 0 0 0 0 0 0 0 0 0 0 1024 0 0 2147483648 0 0 0 8388608 16384 64 0 0 0 0 32768 0 0 0 0 0 16 24 0 512 65568 32768 0 0 131072 8 524288 0 0 0 2097152 0 1050624 0 0 0 2048 0 1048576 4096 0 32768 0 0 268435456 0 16777216 0 0 0 33554432 0 128 0 0 0 0 0 0 0 0 0 0 0 64 0 0 0 0 0 0 0 0 0 0 8192 0 0 131072 0 0 134217728 0 0 0 536879104 0 0 0 0 0 0 0 0 0 0 0 1048576 8192 0 0 17 1 2214856768 8204 0 16777216 1096613952 139264 67108864 0 0 0 0 268435456 0 0 0 16384 0 0 0 0 0 0 0 16 0 0 0 8192 0 0 0 0 0 0 1024 512 0 134225920 0 131072 1024 0 0 128 0 0 0 2097152 0 512 0 0 0 0 256 0 32 0 0 4194304 0 0 4096 0 65536 0 2052 0 0 0 0 2097152 16384 0 0 0 0 0 32 0 0 0 262152 2 0 4 0 6208 0 0 0 4 0 0 0 12288 16 2151682048 135266304 0 0 38010880 0 0 16777216 41943552 0 0 4194306 1073741824 145 2048 64 3229614080 8396804 32 553910274 1619009552 13764612 16777218 33820673 0 131328 16777216 0 1073741824 1024 0 0 266240 262144 33554432 4194304 0 33554432 2360336 0 0 0 0 8 1048608 0 2147483648 0 128 16777216 0 0 8192 268435456 0 0 0 67108864 0 0 0 0 0 0 0 0 0 0 0 0 0 0 0 0 0 0 4 32 0 0 0 0 128 0 0 16777216 0 0 0 134217728 0 0 0 0 268435456 0 0 0 0 2147483648 33554432 67108864 0 0 0 0 0 0 0 0 0 0 0 0 0 0 0 0 0 0 524288 2048 32768 0 0 0 2147483648 0 0 0 0 0 0 0 16384 0 0 0 0 32 0 0 0 0 0 0 0 0 32 0 0 0 32 0 0 2097152 0 4 0 0 0 0 0 0 0 0 0 0 0 0 0 0 0 2 0 0 0 0 1073741824 0 0 0 0 0 32768 4194368 0 0 0 32 0 0 0 0 0 16 2048 0 0 0 0 0 0 0 0 0 0 0 0 0 0 0 128 8 1073741824 1024 0 0 0 0 0 0 0 0 0 0 0 0 0 0 0 0 0 0 0 1073741824 128 0 0 37748736 0 0 0 0 0 0 0 0 0 0 4194304 0 0 0 0 0 2147483648 524288 33554432 256 0 0 0 0 0 0 0 0 0 0 0 0 0 0 0 524288 0 0 0 0 0 0 2097152 0 0 16777216 0 0 0 0 65536 0 0 0 32 0 0 0 0 0 0 0 0 0 0 0 0 0 0 0 0 0 67108864 0 0 0 0 0 0 0 0 0 0 0 0 134217728 2147483648 0 0 0 0 0 8192 0 0 0 0 0 0 67108864 67108866 0 0 0 0 0 0 0 0 2097152 0 0 0 0 0 0 262144 0 0 0 0 0 0 0 0 0 0 262144 0 0 0 0 0 0 512 16 0 262144 0 2097280 0 0 0 0 0 1048577 0 0 0 0 0 0 0 0 0 524288 16384 0 0 2147483648 0 256 0 0 0 0 4194304 0 8 0 0 0 0 0 0 0 0 0 0 0 2048 0 0 0 0 67108864 0 0 0 0 0 0 0 0 0 0 0 0 0 0 0 0 0 65536 0 0 0 128 0 0 0 0 0 0 0 0 0 0 0 0 2 805306368 0 0 0 0 0 0 0 0 0 0 0 0 0 0 0 0 67108864 0 0 0 0 0 0 128 0 65536 0 0 0 0 0 0 0 0 0 0 0 0 32 0 0 0 0 2048 1052672 0 536870912 0 0 0 0 128 0 0 0 0 0 0 0 0 0 0 0 0 131072 0 0 0 0 0 0 0 0 1048576 0 0 8388608 8 0 0 0 0 0 0 0 0 0 0 0 0 0 0 0 0 2147483648 0 0 0 0 0 1 0 0 0 0 0 0 0 0 0 64 0 0 64 0 0 0 0 540672 0 0 16384 4 0 0 0 1048576 0 0 0 0 0 67108928 16777280 16778240 0 0 537001984 16384 0 0 0 0 0 262144 2048 0 134217728 0 0 0 0 0 0 0 528384 0 0 524288 0 4194304 0 32 8388608 128 1187127457 3355443456 8389652 533508 33571074 4243458 541065216 131072 71303168 0 0 0 2 4456448 0 0 8448 16384 2558525440 1048576 262144 0 1048576 65568 2147500032 68681728 2 8520704 335675392 134217728 16384 2164260992 64 1073745928 2048 0 2097152 66 0 0 545261569 590848 128 591872 1024 0 32768 528 536870912 4096 0 524288 3145728 1024 0 0 0 0 0 0 0 0 0 16777216 67108864 0 0 0 0 0 0 0 0 1073741824 33554432 0 0 0 536870912 0 0 1073741824 0 0 524288 0 0 3145728 0 0 0 0 0 0 0 4 0 1073741824 0 536870912 0 0 0 0 0 0 16777216 268435456 0 32 0 128 0 0 0 2097152 262148 0 0 2 8 0 0 2048 0 0 16777216 0 0 0 0 131072 0 0 0 0 0 0 67108864 0 0 0 0 2097152 69206016 272 0 4194312 16384 268435472 33554436 8192 0 65536 536903680 8193 536870912 134217736 0 8388608 272 8192 4 32 0 536905728 32832 262144 0 2560 33554432 151008256 128 524288 1 1090519040 4194304 128 0 0 8192 537133120 0 65536 0 32 0 0 264192 0 1048576 544 16384 2048 2 655360 269615104 185337088 0 0 0 0 524288 0 0 0 0 536870912 2 0 65536 0 0 0 4 0 0 0 0 0 0 0 0 0 0 0 0 0 2048 0 0 2097152 0 0 0 0 0 0 0 0 0 0 32768 0 0 0 0 0 0 0 0 268435456 16384 0 0 0 0 0 0 0 16 0 0 2 1073741824 67108864 0 0 0 0 0 0 0 0 0 0 1056 0 0 0 0 4 67108864 71311392 1207959552 1024 533504 33554432 4194304 541065216 1 0 0 0 0 0 0 0 0 0 0 0 0 0 0 0 0 4 32768 0 16 0 0 0 262145 8192 0 16 0 0 0 0 2 0 0 0 0 0 0 0 0 1048576 0 0 0 4 0 0 0 512 0 0 0 0 0 0 0 0 0 0 0 0 0 0 0 0 0 0 65536 0 0 0 0 0 0 0 0 0 0 0 0 0 0 0 0 0 0 0 0 0 0 128 0 0 1073741824 0 0 0 262148 0 0 8388864 0 0 0 0 0 0 0 0 0 0 0 0 0 0 0 0 0 0 0 65536 268435456 0 0 32768 0 0 4194304 0 0 0 0 0 0 0 32768 0 0 0 0 0 0 0 0 0 0 0 0 0 1 1024 540672 0 0 0 0 0 0 0 134234112 2 0 0 0 2097152 2097152 0 65792 64 0 0 0 0 0 0 0 0 128 0 2147483664 0 0 0 0 0 0 0 0 8 2048 0 0 0 0 0 2097152 4 0 0 0 0 0 0 262400 32768 0 0 0 1073741832 0 536870912 0 0 65552 0 0 0 0 0 2105344 33554432 0 0 0 0 134217728 0 0 0 0 0 0 0 0 4 64 0 0 0 65536 0 0 0 0 0 0 262144 4096 1048576 2097152 301989888 67108864 8388864 0 0 0 10485760 262144 571473920 0 2105344 436207616 66306 18 0 150994944 4 8388608 0 0 0 0 4194304
is_linear=0
shrinkage=0.1


Tree=72
num_leaves=31
num_cat=30
split_feature=3 15 15 13 13 15 3 14 3 3 14 14 15 3 14 3 3 13 3 13 3 13 15 14 3 14 13 15 13 15
split_gain=26.8227 29.0055 23.3535 26.4979 21.5296 22.3226 18.7348 27.7322 17.9992 16.2364 33.9553 21.9614 15.806 26.021 17.1767 65.8161 22.7159 24.5023 18.7422 21.7328 21.9847 20.8733 19.0957 18.7032 17.3759 19.2582 19.451 17.2325 16.6419 18.3344
threshold=0 1 2 3 4 5 6 7 8 9 10 11 12 13 14 15 16 17 18 19 20 21 22 23 24 25 26 27 28 29
decision_type=9 9 9 9 9 9 9 9 9 9 9 9 9 9 9 9 9 9 9 9 9 9 9 9 9 9 9 9 9 9
left_child=-1 -2 8 -4 -5 -6 7 -7 -3 10 -8 -12 13 -11 15 -14 -17 -18 21 20 -20 -16 -21 -23 25 -24 -27 -25 -26 -30
right_child=1 2 3 4 5 6 9 -9 -10 12 11 -13 14 -15 18 16 17 -19 19 22 -22 23 24 27 28 26 -28 -29 29 -31
leaf_value=-0.037029256154688273 -0.035715860227294144 -0.0040695002633366175 -0.048552648285953244 0.040735166948233467 0.047541290457745695 0.054287420984524076 -0.050009562504953045 -0.035599354268398262 0.052024443244344222 0.0027800011400898176 0.088079575619113393 0.019229990123621806 0.05523364877855054 0.076668096760070525 0.060304501501285572 0.010896705134562768 0.068491500647070075 -0.02994187108538084 0.037116829214460911 -0.032125978998218209 -0.047183125888821911 0.032896883445299667 -0.044274391726652026 0.02321781362890361 0.033998046807466396 -0.040192506805964139 0.037039536133885387 -0.033929279234591082 0.029624290932018345 0.00040537286560119032
leaf_weight=187.08126653917134 214.16928040690254 95.622302053496242 101.46031318313908 121.08356581057888 88.527893075486645 31.190015865373425 51.329251979012042 265.59447287034709 147.26049992348999 158.43394892569631 50.563553648884408 294.69534096901771 120.01806744723581 61.338082900736481 23.992890200344846 189.40507718385197 17.677548101870343 848.13556881237309 32.262422865722328 158.8499190849252 158.46411323640496 50.274184372043237 31.485703142127022 55.447440054267645 142.76153550297022 29.816009875619784 320.69117111747619 454.26949593971949 207.88661483628675 14998.859926338308
leaf_count=9005 3416 1162 1967 1812 1029 873 1035 9020 2205 1871 1214 7553 2787 686 684 3298 266 15796 375 1697 3235 905 1397 681 2215 1014 10976 11597 2699 210520
internal_value=-0.000322486 4.82298e-05 0.00046323 6.27457e-05 0.000348312 6.73047e-05 -0.00018202 -0.0246912 0.0306528 0.000225247 0.0199874 0.0315086 -0.000219539 0.0258413 -0.000554875 -0.0121868 -0.0203016 -0.027173 0.000272238 0.000916012 -0.0317846 -0.0171722 0.00132825 -0.0214915 0.00168625 0.0224789 0.0295371 -0.0273856 0.0011545 0.000824021
internal_weight=19708.6 19521.6 19307.4 19064.5 18963.1 18842 18753.4 296.784 242.883 18456.7 396.588 345.259 18060.1 219.772 17840.3 1175.24 1055.22 865.813 16665.1 16081.1 190.727 583.984 15890.4 559.991 15731.5 381.993 350.507 509.717 15349.5 15206.7
internal_count=312990 303985 300569 297202 295235 293423 292394 9893 3367 282501 9802 8767 272699 2557 270142 22147 19360 16062 247995 234128 3610 13867 230518 13183 228821 13387 11990 12278 215434 213219
cat_boundaries=0 24 188 349 440 527 679 703 710 732 755 762 769 930 944 951 975 999 1090 1114 1205 1227 1317 1477 1484 1508 1515 1605 1729 1817 1980
cat_threshold=0 0 67111104 0 0 16842752 536576 0 131072 3759670400 0 0 1073741824 33554432 0 0 0 268435456 459776 0 1 622592 68173824 16777216 0 0 2048 0 0 0 0 32 0 0 0 0 0 0 0 0 0 0 0 0 0 0 0 16777280 16777216 0 0 1073741824 0 0 0 0 0 128 0 0 0 0 0 0 16 0 0 0 0 0 0 0 0 0 0 0 0 0 0 0 0 0 16384 2 0 0 0 0 0 0 0 0 4096 2147483648 0 0 0 0 0 0 0 256 0 0 0 0 0 0 0 0 0 0 0 0 0 64 0 0 0 0 0 0 0 0 0 256 0 0 0 0 0 0 16777216 1024 0 0 16777216 33554432 2147483648 0 4 0 0 4194304 0 0 0 0 0 65536 33554432 0 0 0 0 1024 0 0 0 1073741824 134217728 0 0 0 1048576 0 0 0 0 0 0 0 0 0 0 0 0 8388608 0 0 0 0 0 0 32768 0 0 16 1 0 0 0 524288 0 1073741824 0 0 0 0 0 0 0 0 0 0 0 0 0 0 0 0 128 0 0 4 0 0 0 0 0 0 0 0 16 0 0 0 0 0 0 0 0 0 0 0 0 0 0 0 0 0 0 0 64 0 0 0 0 0 0 0 0 0 0 0 0 0 0 0 128 288 524288 0 0 0 0 0 0 0 0 0 1073741824 0 0 0 1073741824 1048576 0 0 0 268435456 0 0 0 0 0 0 32 0 0 0 0 32768 0 0 0 0 0 0 0 0 0 0 0 0 8 0 33554432 0 16392 0 0 0 0 0 1073741824 0 0 0 0 32 0 4096 0 0 0 0 0 0 0 0 0 0 0 128 0 0 536870912 128 0 0 0 1024 0 0 0 0 0 1048576 0 0 0 0 0 2 0 0 0 5 67108864 0 0 0 0 0 0 0 0 2147483648 0 67108864 0 0 67108864 0 0 0 1073741824 67584 32768 0 0 0 0 0 128 16777216 0 2048 0 0 0 0 0 0 32 0 4194336 0 134217728 134217728 1048576 1073741824 0 0 12 262144 0 32 0 0 0 0 0 0 0 0 0 0 0 0 0 0 0 0 0 0 4 0 0 0 0 0 0 0 32768 0 0 1024 80 0 32768 0 0 32768 1024 0 0 0 32 0 0 0 0 0 0 0 0 0 16896 0 1050624 0 0 2048 2048 0 1049600 0 0 0 64 2 0 0 16777216 0 0 524288 131072 0 1 0 256 0 589824 4096 0 0 0 0 0 0 16 0 0 0 0 0 0 128 0 0 67108864 0 0 0 0 0 0 16 0 16777216 0 0 0 2097152 0 0 8 0 0 16 0 0 65536 268435456 8 0 65536 0 4194304 33554432 0 0 67108864 2 0 0 0 0 0 0 0 0 0 0 0 0 0 0 0 0 4194304 0 128 0 0 0 2 8192 0 0 0 0 0 0 0 0 0 0 0 0 0 0 4194304 66048 0 0 1073741824 0 0 1 0 512 0 0 0 0 0 0 0 2097152 8388608 0 0 0 0 0 2048 0 0 0 0 0 0 0 0 0 0 0 0 0 0 0 0 0 0 0 32768 0 64 0 0 8 0 0 0 0 0 0 0 0 0 0 0 0 0 0 0 0 0 0 0 0 0 0 524288 0 8192 0 0 32768 0 0 0 0 0 0 0 0 0 0 2 0 0 0 4 0 1073741824 256 0 0 16 2048 0 0 0 536870912 8388672 134217728 131072 0 32768 268705792 2177 268435968 269484032 10 32768 2147483648 0 0 0 32768 536870912 299008 0 0 8388608 20971552 537002048 32 67126531 17326086 1052812 1056768 746852384 557060 256 0 0 0 0 0 370049024 9864722 0 0 0 2097152 8388608 8519744 0 0 0 0 0 0 0 0 2048 0 1048640 134217736 256 0 1140883456 6291472 256 589824 0 0 0 262144 4198400 0 8192 33554946 131072 268437512 0 128 2367488 16842880 2886779968 1090551830 1184256 268435456 222298148 2 131144 1090519040 67125248 4194320 1024 1644692544 0 526336 0 1073741824 0 0 32768 0 0 0 0 0 0 0 0 0 0 0 0 0 0 0 0 4194304 0 0 0 0 0 4 32 0 0 0 0 0 0 4 16777216 262144 0 0 16384 0 0 8388608 524288 0 256 0 4 2048 0 262144 0 0 0 0 0 0 0 0 0 0 0 0 0 0 0 0 0 0 0 65536 0 0 0 0 0 2147549184 0 0 8192 0 0 0 0 512 0 0 0 256 0 0 0 0 0 512 0 256 0 0 0 0 0 0 0 0 0 0 0 0 0 0 0 4194304 268435456 0 67108864 0 0 0 0 0 0 0 0 0 16777216 0 0 0 1 2097152 0 0 0 0 0 0 0 524288 0 0 0 0 0 0 0 0 0 0 1 0 0 0 0 0 0 0 0 0 134217728 0 1 0 0 0 573046784 1212480 0 33554432 0 0 0 2097664 32 1128662032 134742016 8388680 1049888 2823307266 1052672 2169536512 939655168 4 0 0 0 0 134217728 0 33554432 67110912 537001984 32769 2097168 0 0 135266304 48 8192 4096 18874384 268959744 68288512 4096 4 0 0 16777216 8196 0 1 8388608 1024 134217728 38010884 262144 0 540704 1046 0 0 0 545275904 524288 32 2099264 2147483648 8388608 512 0 0 0 0 0 0 0 0 0 536870912 2147483648 0 0 0 0 8192 4 0 0 4096 0 0 0 4 0 0 0 0 0 0 0 0 4 0 0 0 0 0 0 0 0 0 1048576 0 0 0 0 0 0 0 0 0 0 0 0 0 4194304 0 0 0 0 0 0 0 0 16384 0 0 0 0 0 0 0 0 1073741824 0 0 0 0 0 0 0 0 0 0 0 262144 0 1114112 0 1 0 0 0 131072 16 8 8651008 33554432 0 2048 393256 0 2099200 2 0 1048576 16 536870912 1052672 16777232 268435456 1410334720 0 4612 0 262144 8388608 0 64 0 0 8388608 0 16777216 0 0 0 0 0 0 16 0 0 0 0 0 0 4 16 65536 0 0 0 0 0 0 131072 1024 0 0 2097152 0 0 512 2147483648 536870912 0 2 0 536870912 0 268435456 0 0 32 0 0 0 0 256 0 0 0 268435456 16 0 0 0 2097152 0 0 0 0 0 671088640 0 67108864 0 1073741824 0 0 0 1536 0 2048 0 0 0 0 0 0 0 0 0 1 268435456 4 0 1024 0 0 0 0 0 0 1024 411049984 1049633 0 0 0 0 8388608 0 0 2148073504 128 0 0 0 0 524288 0 0 8 0 0 0 0 0 0 0 0 0 0 262144 0 33554432 0 0 0 0 64 0 0 0 0 0 0 131076 0 0 0 0 0 0 0 0 0 0 268435456 0 0 0 268435713 0 0 0 0 0 128 0 0 4194304 0 0 0 0 0 0 0 0 2 0 67108864 0 0 671088640 32768 8192 0 0 0 4 0 0 0 0 0 0 0 0 0 1048576 0 0 1073741824 0 4194304 0 2147487744 16777216 2 536870912 0 8192 1048576 256 0 0 0 0 0 0 0 0 0 0 0 0 2147483648 0 33554432 0 0 0 0 0 0 0 0 0 0 524288 0 0 0 0 0 0 0 0 4 0 0 0 0 0 0 0 0 0 1024 0 2147487744 0 0 0 0 0 0 0 0 1048576 0 0 0 0 0 8388608 0 0 0 0 32768 0 0 0 0 0 0 0 0 0 0 0 0 0 0 0 0 0 0 0 1073741824 0 0 0 0 0 0 2048 0 0 4325376 0 0 0 65536 0 0 0 8388608 0 0 0 0 0 0 0 0 0 0 0 2147483648 0 32768 0 0 0 0 4 0 32768 128 0 32768 0 0 0 0 0 0 0 0 0 0 0 0 0 0 0 0 0 0 0 65536 2156937218 16810128 16779264 17303554 1074794752 130 134219776 2097152 33554435 0 6144 16384 9043968 301990400 0 537133056 2113808 256 1152 128 134479872 0 16777216 4194304 0 4194305 0 131072 0 512 1 2214611072 1073742230 1091567652 268697600 5760 2147516672 201326592 0 0 0 8 524288 0 0 0 0 0 2 0 65536 0 4 524288 4 0 0 0 33554432 0 0 0 0 0 0 0 0 1073741824 2048 0 0 0 0 0 0 0 0 0 0 0 0 268435456 0 0 0 256 0 0 0 0 0 268435456 0 0 0 0 0 0 33554432 0 0 0 0 16386 256 67108864 0 0 0 0 0 0 512 0 0 0 0 0 0 0 0 0 0 0 0 12288 0 1073741824 0 0 0 0 0 67108864 0 0 0 0 0 0 0 0 0 0 0 0 0 2 0 0 0 0 4194304 0 0 0 4100 0 1073741824 0 0 0 0 0 0 0 0 0 0 0 0 0 0 0 0 0 0 16793600 2147485712 8388610 0 0 0 1024 0 0 0 0 0 0 0 0 0 0 131072 0 33557504 0 0 0 0 32769 256 0 0 0 0 0 0 0 0 0 0 0 0 8388608 0 0 0 16 0 0 0 0 0 0 0 0 0 0 0 0 0 0 0 4096 0 0 0 0 0 49152 0 0 0 0 0 0 0 4096 0 256 0 0 0 0 0 0 16 65536 33554432 0 2285895680 0 0 0 8 524288 0 0 1 524288 0 0 0 0 0 0 0 1073741824 134217728 0 657408 0 0 0 2 0 0 0 0 262144 0 0 0 0 0 0 0 0 8 8 0 0 0 128 0 0 0 128 0 2097152 0 0 0 0 0 0 65536 0 0 0 0 0 0 0 0 0 0 0 0 0 32 4096 524288 2048 0 0 0 8192 0 0 0 0 0 0 268435488 0 0 0 4 0 0 0 0 0 256 0 0 0 0 0 0 0 0 256 0 0 0 0 0 0 0 0 0 0 0 0 0 0 0 0 0 0 0 0 0 0 0 32768 0 8192 0 0 0 8388608 0 0 65540 0 0 0 0 0 0 0 512 0 2147483648 0 0 16793856 0 0 0 0 0 32 0 16 12 0 0 32768 0 0 0 0 1098907648 0 0 128 0 0 0 0 0 0 0 0 0 0 0 0 0 0 0 262144 0 0 0 0 268435456 0 0 0 0 0 0 8192 0 0 0 0 0 0 0 0 0 0 262144 0 0 0 0 32768 0 8192 0 0 0 0 0 0 8 0 0 0 0 0 0 0 0 0 0 0 0 0 0 0 0 0 1048576
is_linear=0
shrinkage=0.1


Tree=73
num_leaves=31
num_cat=17
split_feature=15 15 30 2 14 14 1 14 8 14 15 14 15 14 15 12 20 22 17 30 20 20 22 23 30 14 20 15 30 27
split_gain=23.4422 21.3158 21.7567 20.3108 51.75 24.1326 22.4286 19.0653 18.4041 35.2287 20.178 21.0951 19.3237 17.9714 16.7751 16.5589 16.479 14.957 14.3344 13.2949 17.3225 13.0244 13.642 13.8042 13.0196 12.0788 12.4487 11.8223 30.4649 13.239
threshold=0 1 0.076868407428264632 2 3 4 5 6 7 8 9 10 11 12 13 14 0.083362035453319563 27.500000000000004 4.5000000000000009 0.08647457137703897 0.083362035453319563 0.11744926869869234 115.50000000000001 19.500000000000004 0.095522876828908934 15 0.068297538906335845 16 0.067405026406049742 28.500000000000004
decision_type=9 9 2 9 9 9 9 9 9 9 9 9 9 9 9 9 2 2 2 2 2 2 2 2 2 9 2 9 2 2
left_child=-1 2 -2 4 -3 -6 -5 -8 9 16 -11 -12 -10 -14 -15 -13 17 -9 -17 20 -20 22 24 -24 25 26 -7 28 -16 -29
right_child=1 3 -4 6 5 21 7 8 12 10 11 15 13 14 27 18 -18 -19 19 -21 -22 -23 23 -25 -26 -27 -28 29 -30 -31
leaf_value=-0.032309658404597305 0.14543516788504762 0.047819583624342576 0.024933281949467128 -0.061203811720698269 -0.03665719305425838 -0.035390869293631638 -0.013331494483370504 0.12471975229963586 0.044133181724659597 -0.042657993867667943 -0.027991376141935156 -0.012521727297024193 0.01290966639326491 -0.031403566790733986 0.15615669256967657 0.021173001264531355 0.036987441491555098 -0.051257929010108977 0.064236456812337403 0.044225339142193017 0.27307977717379073 0.016968034103174972 0.16478632648427849 0.00010483614113177464 -0.041409849716360352 -0.0079752095388062518 0.10934479289090585 -0.00086525242571122642 0.011875609960643569 -0.014299343600715601
leaf_weight=211.30386380420532 16.601693548727781 299.90121590928175 153.69051728118211 51.266014234744944 134.93984283297323 8.2321115229278821 1092.5249391377438 44.423459777608514 86.208353531546891 71.904464114457369 112.15164270810783 130.89210055605508 889.20070610125549 177.13788828020915 16.220147767104208 361.15541429747827 117.73134157992899 5.418943914002738 9.5002706595696527 39.409920721314847 6.8247422687709323 558.47702928632498 9.0355743085965532 11.656621965812517 103.70437004417181 229.7586212027818 21.366298548877239 13775.053550015786 149.71374062681571 774.82879627367947
leaf_count=5487 148 2680 1123 8412 1249 203 27985 807 807 827 1284 2411 13043 2020 269 5087 1013 354 236 291 77 3090 112 155 1246 3843 202 208571 1211 18552
internal_value=5.35285e-05 0.000421347 0.0346464 0.00010139 0.0117594 0.00137216 -0.000800958 -0.000593427 0.000243989 0.014079 0.00429519 0.00997146 -0.000548548 -0.000820409 -0.00164829 0.0181064 0.0541595 0.105587 0.0277908 0.0756595 0.151544 0.00714623 -0.00696122 0.0720156 -0.0114624 0.000512138 0.0516423 -0.00126904 0.0245025 -0.00157958
internal_weight=19670.2 19458.9 170.292 19288.6 1377.07 1077.17 17911.6 17860.3 16767.8 899.412 731.839 659.934 15868.4 15782.2 14893 547.782 167.574 49.8424 416.89 55.7349 16.325 942.231 383.754 20.6922 363.061 259.357 29.5984 14715.8 165.934 14549.9
internal_count=312795 307308 1271 306037 12780 10100 293257 284845 256860 12387 10213 9386 244473 243666 230623 8102 2174 1161 5691 604 313 8851 5761 267 5494 4248 405 228603 1480 227123
cat_boundaries=0 164 322 333 340 347 348 355 356 363 503 510 673 680 825 826 833 995
cat_threshold=0 0 0 128 4096 0 0 65568 524288 0 128 0 0 8192 0 0 0 0 0 0 128 0 0 0 0 0 0 1073741824 35651584 0 0 0 0 0 0 0 0 0 0 0 0 0 0 8388608 0 0 0 0 0 0 0 0 0 0 0 0 0 0 0 0 0 0 0 2147483648 0 0 0 0 0 2147483648 0 16384 0 0 0 0 0 0 0 0 2048 0 0 0 0 0 0 0 1048576 0 0 0 0 0 0 0 4096 0 0 0 0 0 0 0 0 8192 4194304 0 2147483648 1024 0 0 0 0 0 0 0 0 0 0 0 0 0 0 0 0 0 71303168 0 1048576 1 0 0 0 0 0 0 0 0 0 0 0 0 64 0 0 0 0 0 0 0 0 0 0 512 0 0 0 0 0 163840 0 0 64 0 33554432 33554432 8192 0 128 0 0 0 0 256 0 0 0 0 0 0 32768 0 0 0 0 0 0 0 0 4194304 0 0 0 0 0 0 0 0 0 0 0 0 0 0 0 0 0 524288 0 0 0 0 4608 0 0 0 0 0 0 0 0 0 65536 0 0 67108864 0 0 0 0 0 0 0 0 0 0 0 0 0 0 2 33280 0 0 0 33554432 1073741840 0 0 0 0 16777216 0 0 0 0 0 0 0 0 0 0 0 0 0 0 0 0 0 0 0 0 0 0 0 0 0 0 0 0 0 0 0 0 0 8192 0 0 0 0 0 0 0 0 0 0 0 4096 0 64 0 0 0 0 0 0 0 0 0 128 0 0 0 0 0 16384 0 0 0 0 2147483648 0 2147483648 128 4194304 32 4194304 536870913 512 6144 0 4194304 1074020672 150994960 8394760 50399232 302264902 260 1142046720 2290745475 772 553779232 872415234 756089984 2147516416 9216 43803025 1778655280 1207959680 134351360 35389728 268697606 1067041 1064960 35 67633408 16826390 553648160 201334784 759244289 1073741824 406850064 0 0 2 524288 131072 0 0 0 0 0 0 0 0 0 0 0 0 0 0 0 16 0 0 0 27262976 0 0 2147483648 0 0 0 0 0 0 0 0 0 0 0 0 0 0 0 0 0 0 0 256 0 0 0 0 0 0 0 0 0 0 0 0 0 0 0 0 0 0 268435456 0 0 0 0 2048 0 0 0 0 0 16 0 16 524288 0 0 0 0 0 0 0 0 0 0 0 0 0 0 0 0 0 0 2 0 1572864 0 0 2147483648 4 0 131072 0 0 0 0 0 0 0 0 0 0 0 0 0 8 0 0 0 0 0 0 4194304 0 0 0 0 8388608 0 0 0 0 0 134217728 12615747 545259784 1074892800 16842764 1074266112 172160 67503104 0 1073741824 0 8388608 32 0 0 0 131072 2 0 0 0 0 0 0 0 0 0 0 0 0 0 0 4194304 0 0 2147483648 32 0 0 0 0 0 0 0 128 0 0 32 0 0 0 0 0 0 0 4194304 4194304 0 0 0 0 0 0 0 0 0 0 0 33554432 0 0 0 0 0 0 0 0 0 0 8 0 0 0 0 0 32784 0 0 0 32 0 0 0 16384 0 0 0 0 32 0 0 0 0 0 0 0 786432 0 0 0 0 0 0 0 0 0 0 0 0 0 0 0 2147483648 0 0 8 0 0 0 16384 0 0 0 0 0 2 1074003968 0 0 2097152 0 0 0 0 0 0 0 4194304 0 0 0 0 0 0 0 0 0 0 0 0 0 0 0 0 0 0 0 0 0 0 1048576 22020235 537395969 33591552 805314572 16769 2147487746 2147484936 0 67108864 64 2147483648 0 0 272629760 67108864 0 0 0 0 0 0 0 1073741824 0 0 0 0 67125248 0 0 0 262144 0 0 256 0 0 0 0 0 0 0 0 0 0 0 0 131072 0 0 0 0 0 0 0 256 0 16 4096 0 0 524288 1 0 0 256 0 0 0 0 0 0 0 0 0 0 0 0 0 256 16384 0 0 0 0 0 0 0 0 0 0 0 0 0 0 0 268435584 0 0 0 0 0 0 0 2 0 0 0 0 0 0 2048 0 0 0 0 0 0 0 0 0 0 0 0 0 0 0 8388608 0 0 4096 0 0 0 0 0 32768 0 0 0 0 0 0 0 0 262144 0 1073741824 0 0 0 2 2198511 8192 16384 1077936128 1049600 8388896 0 33556480 0 0 135172 0 0 0 134234112 0 0 0 0 0 0 0 0 0 0 0 0 0 0 0 1073741824 0 2097152 0 0 0 0 0 0 0 2 0 0 0 0 0 0 1 0 0 0 0 32 0 0 0 524288 0 0 0 67108864 0 0 0 16384 0 0 0 0 0 0 134217728 0 0 0 0 0 2097152 0 0 32 256 0 0 1 0 0 0 0 0 0 0 0 2048 0 0 1 0 0 16 0 0 1073741824 0 0 0 2 0 0 0 0 0 0 0 0 262144 0 0 0 0 1 0 0 0 0 0 0 0 0 0 0 0 2 32768 0 0 0 0 0 0 0 0 0 0 2097152 0 0 0 0 0 0 0 0 0 0 0 0 0 0 0 0 0 0 0 0 0 0 268435456 0 512
is_linear=0
shrinkage=0.1


Tree=74
num_leaves=31
num_cat=22
split_feature=15 15 3 14 14 3 3 14 3 14 6 15 17 3 3 14 31 20 3 14 27 15 14 18 7 31 15 6 31 25
split_gain=28.9427 22.901 21.9392 15.8793 14.8928 42.9345 19.1303 16.7498 16.6691 15.5734 15.5052 15.4368 14.4261 14.4026 14.3012 23.0877 14.7367 14.1525 14.1362 16.5315 13.8661 13.6076 13.0208 12.6909 12.5655 12.3602 12.3581 12.1596 11.7876 11.5263
threshold=0 1 2 3 4 5 6 7 8 9 10 11 5.5000000000000009 12 13 14 0.0065395517740398654 0.11744926869869234 15 16 3.5000000000000004 17 18 3.5000000000000004 19 0.074439801275730147 20 21 0.094622343778610243 40.500000000000007
decision_type=9 9 9 9 9 9 9 9 9 9 9 9 2 9 9 9 2 2 9 9 2 9 9 2 9 2 9 9 2 2
left_child=13 -2 3 -3 5 -4 7 -6 9 17 21 24 -11 27 15 28 23 25 19 -18 -15 -9 -17 -16 -8 -7 -20 -1 -13 -28
right_child=1 2 4 -5 6 8 11 10 -10 12 -12 14 -14 20 16 22 18 -19 26 -21 -22 -23 -24 -25 -26 -27 29 -29 -30 -31
leaf_value=-0.020170766543764308 -0.035166319087697732 0.036634888078881947 -0.027408396114408998 -0.05907830234219881 0.039519140006329022 0.083912747935265625 0.12089753960829185 0.034916405461039954 0.012341931121139899 0.02056631383523181 -0.058850003358822768 0.086636258956446208 0.16458796895742431 0.068650063832040628 -0.091727821954794606 -0.05478980126787808 0.044915808457641482 0.05037725723096742 -0.020184237696777099 -0.030945726031863009 0.19068891032588448 -0.022268208219816829 0.010681955193026817 0.10215675506010552 0.025247286319175524 0.20051233278367953 0.00072994623990780085 0.075368595317542364 0.016917939919893203 -0.025046553232213192
leaf_weight=44.886706910096109 172.95896623353474 16.894588470226154 205.39171920809895 92.153733541374095 36.237954697222449 19.735011762008071 15.869369082152843 39.905645782826468 530.86705111898482 177.97786012548022 106.78577569581103 69.081890977686271 7.2377866739407173 53.974708410911262 3.956449618330228 24.486428251722828 24.671932675759308 37.791662856936455 285.09582052030601 243.81017941120081 11.250852864235638 297.30412341048941 247.97914847591892 23.013240157975815 102.0859337435104 16.856944445520639 16555.255429354613 18.943674575537443 37.369651813060045 175.31355707091279
leaf_count=567 1806 511 3070 5766 1143 152 161 399 9171 3190 2520 2797 98 557 254 547 986 222 2623 10307 114 7537 8724 2494 1058 120 235711 210 277 10030
internal_value=0.00037078 4.7478e-05 0.000379497 -0.042418 0.000643369 0.0124901 -8.20149e-06 -0.0194961 0.0230701 0.0437371 -0.0250772 0.000527982 0.0248525 0.0458315 0.000277492 0.0192417 -0.000148479 0.0822421 -0.000263818 -0.0226119 0.0777765 -0.0151259 0.00306663 0.0737139 0.035137 0.137627 0.000102032 0.00707512 0.0568238 0.000459569
internal_weight=19695.1 19566.1 19393.1 109.048 19284.1 995.858 18288.2 480.233 790.466 259.599 443.996 17808 185.216 129.056 17690 378.917 17311.1 74.3836 17284.1 268.482 65.2256 337.21 272.466 26.9697 117.955 36.592 17015.7 63.8304 106.452 16730.6
internal_count=313122 311674 309868 6277 303591 16023 287568 11599 12953 3782 10456 275969 3288 1448 274750 12345 262405 494 259657 11293 671 7936 9271 2748 1219 272 248364 777 3074 245741
cat_boundaries=0 161 316 339 346 353 377 401 408 430 437 438 594 612 636 643 667 675 807 814 815 975 976
cat_threshold=0 0 0 0 0 0 0 0 8192 0 0 0 1024 0 0 0 32768 0 0 0 0 0 0 0 8388608 0 0 0 0 0 0 0 0 0 0 4 0 0 0 0 2097152 0 0 0 0 0 4 0 0 0 262144 8192 1073741824 0 0 0 0 0 0 0 0 0 67108864 0 0 0 0 0 0 0 268435456 8 0 0 0 0 0 0 0 32 0 0 33554432 16 0 0 0 0 0 0 0 4 0 0 0 0 0 256 4 0 0 0 0 0 0 0 0 0 0 0 0 0 0 0 2415984640 0 0 0 0 0 0 16384 2097152 0 0 32768 0 0 0 0 262144 0 0 0 4096 0 0 0 0 0 0 0 0 0 8 0 128 0 0 2147483648 0 0 0 0 0 0 0 0 0 0 134217728 0 524288 0 4096 96 16388 32 0 0 0 0 0 0 131072 0 1073741824 0 0 32768 0 0 0 0 0 0 0 0 128 0 0 0 0 0 0 0 8 128 0 0 0 0 0 0 0 0 0 0 0 8 8388608 0 0 0 0 0 0 0 0 0 0 0 0 256 0 0 0 0 0 0 0 0 0 0 0 0 0 0 128 0 0 0 0 0 0 0 0 0 0 0 0 0 16 0 0 0 0 0 2 0 0 0 0 0 4194304 2048 0 0 131072 0 0 0 0 0 0 0 0 0 0 0 0 8388608 0 0 0 0 0 0 100663296 0 0 0 0 0 0 0 0 0 0 0 4194304 0 0 0 64 0 0 0 0 0 0 0 0 0 262144 262144 0 16777216 65536 8192 0 2157446144 18945 0 524288 134217984 8 0 0 33554432 0 0 0 8192 0 0 0 1075904512 33816576 1141112832 0 8388616 553648128 1207959585 0 537004032 671089864 537395200 1107300864 537395200 406852864 1185920 2969567560 0 75497472 0 4194304 0 2 536870912 512 16384 2097152 32768 268435456 8454226 134217728 0 134217728 0 2147500032 4260864 4194304 134218752 537952256 4259840 4 69337088 1 2176 1 536870912 21039104 16809984 176161025 0 1073741825 0 1 1179648 0 0 0 0 294912 2 0 0 32 525312 8208 4456704 16777496 16779272 33555488 67108898 33024 33554432 0 4 1073774848 3073 0 0 0 8388865 0 536870912 2113536 2281701377 1606689 0 0 0 0 1082425344 0 2048 0 2048 134217864 0 4608 0 134222848 131072 805306368 1 0 0 8192 0 4096 0 0 64 0 0 0 0 0 0 0 0 0 0 0 1073741824 0 0 0 0 262144 0 0 16 0 0 0 0 0 0 0 0 0 262144 0 0 16384 0 0 2048 256 0 4194560 0 0 0 0 0 0 0 0 1 0 0 0 0 0 0 524288 0 0 0 0 0 0 0 0 524288 0 32768 0 0 0 1073741824 512 0 0 0 0 0 0 0 0 0 1073741824 2048 0 0 0 0 0 0 0 0 131072 0 0 0 0 0 16 0 0 0 0 0 0 0 1 0 0 0 0 0 0 33554432 0 0 0 0 0 0 4194304 0 0 1073741824 0 0 0 0 0 0 32768 0 0 0 0 0 0 0 0 0 0 2048 16384 0 1 0 0 0 2048 256 0 1 0 0 0 0 262144 0 0 0 2097152 0 3277378 0 0 0 0 4096 128 536870912 150994944 0 0 1342177280 4194304 4194304 0 10485764 32768 0 536870912 16777216 0 0 4194848 0 132232 4194304 129 2148564992 25165952 16777728 67117312 1216356352 536871072 51381248 1628201056 0 67765248 1073741824 16 67108868 200736 49152 16 1114112 0 0 16793608 65552 1024 1024 134217730 4 131073 72 0 0 0 0 37756928 0 33792 84934912 24576 550502408 262178 25165952 2 34209792 1 0 0 0 0 0 0 0 0 0 0 4 0 0 0 0 0 0 0 0 2 0 0 0 0 0 0 0 1073741824 0 0 0 0 0 0 0 0 16777216 0 0 0 0 0 16 0 0 16384 0 0 0 32768 0 0 0 8192 0 0 0 512 0 0 0 0 0 0 0 0 0 0 0 0 0 0 8388608 524288 0 0 0 0 0 0 0 32 0 32768 0 0 0 4194304 16777216 128 0 0 0 0 0 524288 0 0 0 0 0 8388608 0 0 0 0 0 4194304 0 0 0 0 0 0 0 0 0 0 0 0 0 0 0 0 0 0 16777216 0 8 32768 0 1024 1107296290 16777602 13631744 67109152 33554436 0 4210704 1 0 67108864 33554432 0 8519680 0 0 0 8388608 0 0 0 0 0 0 0 0 32768 0 0 0 0 0 0 0 0 4194304 0 4096 0 0 8 0 0 0 0 0 0 0 0 16 0 16 1073741824 0 0 0 0 256 0 1073741824 8392704 0 0 0 0 0 2147483648 0 0 33554432 0 0 0 0 0 0 0 0 0 0 0 0 0 0 0 0 0 0 0 0 0 0 0 0 0 0 0 0 0 0 2048 0 0 0 0 0 0 0 0 0 0 67108864 0 0 1048576 0 32768 16777216 0 0 0 0 0 0 0 0 0 0 0 0 0 0 0 0 0 0 0 0 32768 0 0 0 0 0 0 0 0 0 0 1073741832 16 0 0 0 0 0 0 0 0 0 0 0 4096 128 0 0 0 0 4194304 1
is_linear=0
shrinkage=0.1


Tree=75
num_leaves=31
num_cat=23
split_feature=3 13 3 3 23 18 13 3 13 28 3 2 3 1 13 3 8 16 13 19 16 16 3 13 3 3 13 13 3 3
split_gain=21.0044 19.4447 18.9714 17.2609 16.6195 15.7622 15.3484 23.6813 14.8092 14.2663 13.0473 12.6875 17.5389 13.0557 12.2929 21.2929 12.1398 11.8044 11.7383 11.6682 11.3496 11.3332 84.1743 55.0473 50.8665 38.7004 38.2694 28.7926 27.8625 25.5046
threshold=0 1 2 3 25.500000000000004 30.500000000000004 4 5 6 1.0000000180025095e-35 7 8 9 10 11 12 13 3.5000000000000004 14 43.250000000000007 6.5000000000000009 4.5000000000000009 15 16 17 18 19 20 21 22
decision_type=9 9 9 9 2 2 9 9 9 2 9 9 9 9 9 9 9 2 9 8 2 2 9 9 9 9 9 9 9 9
left_child=4 3 5 -2 -1 17 7 -4 -8 -5 18 12 -12 -13 15 -15 -17 -3 -10 -11 -21 22 -16 -24 -23 -25 -27 29 -29 -26
right_child=1 2 6 9 -6 -7 8 -9 10 19 11 13 -14 14 21 16 -18 -19 -20 20 -22 24 23 25 27 26 -28 28 -30 -31
leaf_value=-0.028470125431268881 -0.021007742226545684 -0.014308646883452583 0.031756719874166173 0.040089206578769833 0.089304055175528085 0.20487617297638769 -0.052908718379769515 -0.052640926505695386 0.028604964376112114 0.075343036462497973 -0.0043562228471290976 -0.055176641728959641 0.02864703694354976 -0.027146458564189076 -0.022068679473396344 -0.024178025659197071 0.059128619354798996 0.034798670362053384 -0.040020658227018439 0.31939466418513118 0.10265242709929533 -0.021424743349988833 -0.057673735745425572 0.024942220532394463 -0.028221206068245019 0.055411911202665746 0.0028588757516856121 0.022019274209991897 -0.0016473755977709796 0.060335587151660985
leaf_weight=343.37631884857547 36.658887130208313 63.775188440922648 40.059764246456325 77.163516445783898 12.414864850696175 4.8701177593320599 42.57112760678865 116.33423568576109 25.343091499409638 17.239208470098674 287.23830394633114 32.797964337747544 359.35127257322893 50.264512188034132 1067.5032469752477 19.314123179065064 111.59358639176935 210.57142944971565 129.71137126570102 4.9033418790204468 4.7626267839223146 1196.6134103492368 112.2914573722519 1321.0002878936939 39.150637897429988 134.47128129238263 3489.5463986990508 514.36223519337364 9683.4054510636488 132.66499944147654
leaf_count=7488 595 2244 572 1730 172 178 2160 2294 620 382 2219 4822 3152 932 16784 338 1589 7158 5484 110 117 21740 1829 15437 701 1939 54578 11583 142447 1823
internal_value=4.48445e-05 0.000493902 0.000212703 0.0362712 -0.0236946 0.0256307 -0.000176048 -0.0304135 9.22517e-05 0.056521 0.000241071 0.00048985 0.0141428 -1.08061e-05 0.00012123 0.0253433 0.045994 0.0233831 -0.0277506 0.124654 0.212601 -0.000151239 0.00332683 0.00871376 -0.00199316 0.0103346 0.004956 0.000269576 -0.000433259 0.0397143
internal_weight=19681.3 19325.5 19184.8 140.728 355.791 279.217 18905.6 156.394 18749.2 104.069 18706.6 18551.6 646.59 17905 17872.2 181.172 130.908 274.347 155.054 26.9052 9.66597 17691 6124.81 5057.31 11566.2 4945.02 3624.02 10369.6 10197.8 171.816
internal_count=313217 305557 302623 2934 7660 9580 293043 2866 290177 2339 288017 281913 5371 276542 271720 2859 1927 9402 6104 609 227 268861 90567 73783 178294 71954 56517 156554 154030 2524
cat_boundaries=0 24 113 137 155 246 269 360 384 395 416 417 507 526 527 612 635 726 750 774 864 955 978 996
cat_threshold=1073741824 1024 0 0 0 0 9456688 612370432 0 134742016 32808 16 16384 33587200 0 0 0 2147483648 528386 0 2148532288 0 2112 262144 0 0 0 0 0 1024 0 0 0 0 32768 0 134217728 524288 0 0 16 0 0 16 0 2048 0 0 0 2048 0 0 0 65536 131072 0 0 0 4194304 0 2097152 0 0 0 0 0 512 1310720 0 0 2 0 0 0 0 0 0 128 0 0 0 0 64 0 0 0 0 0 0 4096 16777216 131072 524288 0 134217728 0 0 0 4194304 0 2097152 134217728 512 0 0 0 0 0 32768 0 512 4096 16777216 131072 16 134217728 276 0 8192 1342177280 16778240 0 8388608 1 32768 1610612736 0 0 0 1024 393216 144 17825792 32800 538968064 570425360 544 0 276824070 33024 1024 0 0 262144 0 100663296 2097152 0 469762048 5634 134283296 0 0 0 8388608 0 262144 0 0 268435456 0 0 0 0 8193 2149580802 0 0 0 0 64 0 0 64 268435968 0 0 0 0 2048 0 4096 0 0 0 0 0 0 0 0 268435456 0 0 2 16384 0 0 0 256 0 0 134217728 0 16384 0 0 0 4194304 0 0 0 4194304 0 0 268435456 0 0 4194304 0 2097152 0 0 0 0 0 0 0 0 0 0 0 0 2097152 1024 0 0 0 0 0 0 0 0 0 0 0 65 134217728 75497472 1082130432 0 0 8 0 0 16384 0 0 2189426688 2759937 48 0 0 131072 536903680 2080 0 0 0 4096 0 0 0 262144 0 256 0 0 0 0 0 0 0 0 1 0 0 0 0 0 0 131072 0 0 0 0 0 0 0 16384 0 0 524288 0 67108864 0 65536 262144 0 64 0 0 0 0 0 0 262144 147456 0 0 0 67108864 16777216 1073741824 0 0 0 0 0 64 0 0 0 0 0 0 512 0 0 0 131072 1024 0 0 0 0 0 1073741824 0 0 0 0 0 0 268959744 0 0 0 32 8390656 1024 0 1080033280 268436480 65536 0 13631488 512 134217728 131072 131076 1024 0 67108864 64 0 269484032 0 268468224 67108864 0 0 37748768 524289 3074 0 2147483648 128 4194304 32 4194304 536870912 0 2048 0 4194304 0 512 67108864 0 2048 1024 0 1048576 65536 0 0 1024 0 512 0 32768 131072 0 268438784 4194352 1210057856 34885648 0 0 0 0 0 16 0 8 64 536870912 8388608 0 0 0 0 8192 0 0 0 0 0 0 0 0 0 0 0 0 0 16 0 16777216 2 512 0 0 0 0 131072 33554944 2097152 0 1 0 0 0 0 17 1073745920 8 536870912 17301504 0 0 512 0 0 0 0 131072 0 0 0 0 0 0 0 0 0 0 0 0 0 67108864 8224 64 0 0 0 0 0 0 0 0 0 0 0 167772160 0 524288 2550136832 75497478 1082163200 0 0 8 0 0 16384 0 8192 268435456 5636112 0 0 0 0 0 32 8 0 0 0 0 0 0 0 0 0 16777216 0 0 65536 0 0 0 0 0 0 0 0 0 0 0 0 64 65536 0 0 1073741824 0 0 0 0 0 0 0 0 0 0 0 0 0 0 32768 0 4096 0 0 0 0 134217728 0 0 0 0 0 0 0 0 0 0 0 0 0 16384 0 0 0 0 1 0 0 0 1073741824 0 0 0 0 65536 0 0 4 4 67108864 805306496 403701760 8388616 0 0 0 33951744 4194304 570425344 4194304 2424832 0 16908288 134221828 0 0 292 1073741824 0 0 0 0 10502272 0 0 0 0 0 2097152 0 0 0 0 0 0 0 0 4 16777344 0 128 0 2147483648 0 0 0 0 0 64 0 0 0 0 32784 0 0 2097152 0 0 0 0 536870912 0 0 0 0 0 0 0 16777216 256 0 128 16384 0 0 0 0 288 0 128 1024 524288 512 2129920 0 0 0 0 0 0 0 2048 0 0 0 0 1073741824 0 0 0 0 0 16777280 0 0 4 67108864 0 0 0 0 0 512 134217728 8388672 0 1 0 393216 4194560 0 67371008 268500992 4 2717917184 8421386 0 0 0 2151743488 33554432 2147483648 0 131072 135528448 0 64 0 8388680 256 4194304 0 131072 4194306 0 201588736 0 536870912 2684354560 8491034 16 0 134217728 4259840 37748736 262144 0 131072 134479872 0 4 0 0 0 2 0 131072 16 0 0 0 67108864 0 0 0 8 0 0 0 0 0 8192 0 0 0 0 0 0 66560 0 1073743872 8192 0 4 0 0 0 0 0 0 0 0 128 0 0 0 262144 4096 268435456 0 0 0 0 0 0 0 2 0 0 0 16785412 0 0 144 0 0 2 0 0 33554432 0 0 0 0 0 512 0 0 0 262144 65536 2048 0 0 0 0 0 262208 0 1048576 1073741824 0 0 0 0 64 0 0 0 0 65536 0 0 0 0 0 16777344 0 128 0 0 0 0 0 0 0 0 1 0 0 0 8208 0 131072 0 0 0 0 0 536870912 0 0 0 0 0 0 536870912 16777216 256 0 4194432 16384 0 0 0 0 288 8 0 8389632 8192 0 2129920 0 16384 0 0 0 65536 0 0 0 0 0 0 4 0 0 0 0 0 4128 0 0 4 0 0 0 0 0 2097152 512 270532736 402653184 8 0 16384 0 36044864 0 536870912 68192256 327680 268435456 54525952 4100 0 0 544 0 32 0 0 0 2157969408 524288 335544324 8421376 0 0 0 2097152 0 33570816 0 8192 8388736 16910416 0 0 0 0 8388608
is_linear=0
shrinkage=0.1


Tree=76
num_leaves=31
num_cat=28
split_feature=15 15 3 13 13 14 3 13 13 15 3 5 5 3 3 14 3 15 3 14 13 14 3 13 3 3 14 31 14 30
split_gain=26.186 24.6648 24.9755 20.0502 18.4781 17.7171 35.7096 18.0599 17.5104 16.9882 18.4488 21.8529 16.9578 67.1563 17.9626 34.1688 16.7124 16.3219 16.6147 35.5646 25.5882 17.8073 65.219 37.4997 27.7493 26.9662 25.4483 24.4001 27.8095 27.7341
threshold=0 1 2 3 4 5 6 7 8 9 10 11 12 13 14 15 16 17 18 19 20 21 22 23 24 25 26 0.067937731742858901 27 0.12586309760808947
decision_type=9 9 9 9 9 9 9 9 9 9 9 9 9 9 9 9 9 9 9 9 9 9 9 9 9 9 9 2 9 2
left_child=-1 -2 8 16 -5 6 -6 -7 -3 -8 -11 -12 13 -9 15 -14 -4 -16 19 -19 -21 22 -20 -24 -25 26 -23 28 -28 -29
right_child=1 2 3 4 5 7 9 12 -10 10 11 -13 14 -15 17 -17 -18 18 21 20 -22 25 23 24 -26 -27 27 29 -30 -31
leaf_value=-0.038360121442269808 0.039005812446939216 0.05233605166017552 -0.028243518205988933 -0.034310863338106408 0.044135601861886198 0.041662782266649712 -0.042558927566161142 0.12910245996433123 -0.044984743013908722 -0.025302993820329151 -0.060867657186344674 0.018204969904454204 0.044427865395703446 -0.027548249370209166 -0.033932121272698339 -0.029905547728758686 0.06564948646653429 0.051302962636859378 0.044539388445901829 0.065539100610229481 -0.036080111175881814 -0.024639835995169682 0.071243847985850706 -0.038755190363092586 -0.0094948618505076975 3.7882315108042057e-05 0.062581178010242405 -0.0099393560177463616 0.0046424276296746112 0.066946285213462506
leaf_weight=162.6747847875813 157.13025473128073 13.934635578072628 22.084948941133916 140.93189463613089 268.19625492230989 93.667204275261611 65.70701051177457 38.095435324124992 169.92845813650638 136.37025227909908 27.676846119109541 628.88331295864191 211.62523812591098 60.721012086374685 137.97055277018808 79.758997875032946 75.708553980104625 53.725009735208005 187.12520946934819 18.446994474041276 378.97920126118697 108.82889886316843 37.819327710196376 489.59800032619387 987.63903422781732 14248.602270136238 242.7665140600875 239.5857361946255 138.3020403960254 58.340630784630775
leaf_count=2188 1727 304 238 2132 2605 2507 1177 454 5398 1839 385 9880 6650 1794 1844 2757 1250 1037 2304 356 8186 4664 654 13978 18859 201591 7075 3964 4806 476
internal_value=0.000411678 0.000754091 0.000423671 0.000784292 0.000541024 0.000818348 0.0129221 4.57935e-05 -0.0352898 0.00277669 0.00701673 0.0140086 -0.000197595 0.0391577 -0.000440405 0.0237638 0.0437923 -0.000860897 -0.000575882 -0.0193011 -0.0298705 -5.99631e-05 -0.00972315 -0.0166732 -0.0193879 0.00103968 0.0189307 0.0261704 0.0433174 0.00511657
internal_weight=19680.8 19518.1 19361 19177.2 19079.4 18938.4 1126.83 17811.6 183.863 858.637 792.93 656.56 17717.9 98.8164 17619.1 291.384 97.7935 17327.7 17189.8 451.151 397.426 16738.6 1702.18 1515.06 1477.24 15036.4 787.824 678.995 381.069 297.926
internal_count=313079 310891 309164 303462 301974 299842 15886 283956 5702 13281 12104 10265 281449 2248 279201 9407 1488 269794 267950 9579 8542 258371 35795 33491 32837 222576 20985 16321 11881 4440
cat_boundaries=0 161 313 337 427 516 524 546 634 719 873 896 897 898 916 939 946 960 1121 1145 1152 1233 1240 1263 1353 1376 1400 1407 1414
cat_threshold=0 0 16778240 8388608 32 2 0 0 0 8192 0 0 0 131072 0 0 0 0 0 0 0 0 268435456 0 0 33554432 0 4 0 0 0 0 0 0 0 0 0 0 0 0 0 0 0 0 0 0 0 0 2 0 32768 0 0 0 524288 0 0 0 0 0 0 0 0 0 0 0 0 0 8192 0 0 0 0 0 0 0 0 128 0 0 0 0 0 0 0 0 0 0 1073741824 0 0 0 0 0 0 0 0 0 0 0 0 0 0 541065216 0 0 0 32768 0 0 0 0 0 8404992 0 0 0 0 0 0 0 0 0 0 0 0 0 0 0 0 0 0 268435456 16384 0 0 134217728 0 2 0 0 0 0 0 0 0 0 0 0 0 128 0 0 266240 16384 0 0 0 0 0 64 8 0 4096 4096 64 0 524288 0 67108864 2048 0 0 0 0 0 0 0 0 0 2 0 0 0 0 0 0 0 3221225472 0 0 0 0 0 0 0 0 0 65536 0 0 0 0 0 0 0 0 0 0 0 0 3221291008 33554432 0 8192 0 0 0 0 0 0 0 0 67108864 0 0 0 0 0 0 0 0 0 0 0 0 0 0 0 512 0 8200 0 0 16 0 512 0 0 0 0 0 0 0 32 0 0 0 256 0 0 0 0 0 0 0 0 2097152 0 0 0 0 0 0 0 0 0 0 0 0 0 0 16384 0 0 0 0 0 0 0 0 262144 0 0 0 0 0 0 0 0 32768 0 0 0 0 2 16384 128 0 0 0 0 536870912 0 512 4 2 0 136577044 268435968 1 0 142606336 2 1024 0 33563648 0 0 33554432 33554432 786560 0 268994560 1073741824 2098184 65536 0 0 0 0 0 0 0 0 0 0 0 0 0 0 0 0 1048576 0 0 0 33554432 0 0 0 0 2048 0 0 0 0 32768 0 2 512 0 0 0 0 0 0 0 128 1 0 0 524288 0 0 0 524288 0 524288 0 64 0 0 0 0 0 0 262144 2097152 0 16384 0 8 0 0 0 128 65536 0 0 67108864 0 0 0 0 1024 0 0 0 16 0 268468224 0 262144 33554432 67174400 8 0 0 0 0 0 0 0 268435456 0 0 2097280 0 0 0 0 0 0 0 0 0 0 67108864 0 0 0 0 0 65536 0 0 0 0 0 16777216 0 0 0 0 0 0 0 0 0 268697600 0 134217728 0 1 0 0 536870912 0 5242880 2 0 256 0 0 0 32 128 0 0 65536 0 0 0 0 33554432 0 536870912 0 67108864 34078720 0 0 8388608 134348800 0 8 0 0 0 0 4 0 0 0 262144 562299976 32801 33558528 2348810280 1552221312 2147483652 16779328 1 0 20 1082130688 1024 0 524296 17 8651008 100663296 0 0 2550136832 1048626 134217760 0 8388608 2097152 2155872256 0 1048576 0 2048 0 0 0 0 0 0 0 0 0 0 134217728 0 0 131072 8 0 4 0 0 2113552 0 0 0 0 16384 0 0 0 4096 0 4 0 0 0 67108864 0 0 16777216 0 0 8388608 0 0 0 8388608 0 0 0 0 0 0 0 16777216 0 0 0 16777220 0 0 0 0 0 536870912 0 0 134217728 0 536870912 134742016 0 0 0 0 0 4325376 0 2097152 8 262144 0 0 0 0 536870912 0 0 0 40960 0 0 0 0 0 0 0 0 0 0 0 0 65536 0 0 0 0 0 0 0 2147483648 0 0 0 0 0 65536 0 0 0 2048 0 0 0 0 0 0 0 0 0 0 0 0 0 32768 0 0 268435456 0 0 0 0 0 0 0 256 0 0 0 0 0 0 0 0 0 0 1073741824 0 0 0 0 0 0 0 0 0 0 0 0 0 0 4096 0 0 67108864 0 0 0 0 0 0 1073741824 0 0 0 0 0 0 0 0 0 0 0 0 0 0 0 0 0 0 0 0 0 0 0 0 0 0 128 0 0 0 0 0 0 0 0 1048576 0 0 0 0 0 0 83886080 2048 8425472 0 0 0 0 8192 0 0 2 0 0 524544 0 0 0 0 0 0 0 0 0 0 524288 0 0 0 0 0 0 0 0 0 0 0 335544320 0 0 0 268437504 128 0 0 0 0 0 4096 16777216 0 0 131072 8388608 0 0 8192 0 0 0 0 0 0 0 0 0 0 0 0 0 0 0 0 0 0 0 0 0 0 0 0 524288 0 1048576 65536 0 0 0 0 0 0 0 1074003968 0 0 256 0 0 2097152 0 0 0 0 0 0 8388608 8388608 8388608 32768 8193 0 2 0 2048 16384 0 0 8192 4473860 4259860 0 8192 2147483664 0 67175424 0 3229614080 0 4194304 258 290 403177472 6 1090519040 0 0 0 537133056 0 536870912 0 2097152 0 16812407 544 0 1048576 32 8388608 0 1744830473 0 0 0 229378 0 0 0 538984450 536870912 8192 35651584 8 0 0 2147483648 268435456 335544336 0 129 2149580800 2155909120 1141899526 25190544 17826464 52167680 554184704 0 738721792 524288 67108864 33024 0 0 0 262144 0 0 0 0 0 2752514 65568 0 524288 8192 18874368 268435456 0 0 65536 0 1048576 0 0 0 0 0 0 0 0 32768 0 0 0 0 0 0 0 0 0 0 0 0 0 0 0 0 0 0 536870912 0 32 536870912 0 0 0 2064 0 0 65536 256 65536 0 0 0 0 0 0 0 0 0 0 0 0 0 0 0 0 0 0 0 524288 0 0 0 0 0 0 0 0 0 0 0 0 0 0 0 0 0 0 0 0 0 0 0 0 0 524288 0 1073741824 0 0 0 0 0 0 0 1048576 0 0 0 128 0 0 0 33554432 0 0 0 33554432 0 0 0 0 0 0 0 0 0 1073741824 0 0 0 0 0 0 0 0 0 128 0 0 0 0 0 0 0 2097152 0 0 0 0 0 0 0 0 2048 64 0 8388608 0 65536 32768 335544320 64 1073758336 32 0 1048576 131217 8388864 1048576 0 12 0 16777216 0 0 8388608 2097152 536936448 0 2097168 1180672 8914944 0 16 134217728 24 2056 50332672 4128 1074266240 537526288 0 0 0 0 0 0 0 0 0 536870912 0 0 0 0 0 524288 0 0 0 0 0 0 0 0 0 0 0 0 0 0 8192 0 0 2097152 4194304 0 0 0 0 0 0 0 0 0 0 0 0 0 0 0 0 0 0 0 0 0 4194304 0 1024 0 0 0 0 0 0 2 0 67108864 0 0 0 0 0 0 0 0 4 0 0 0 2048 1107427376 1082138624 199436 51912704 16777250 4194305 742949120 0 1024 8388608 4 0 17301504 1048580 4194304 33570816 512 16384 2415919104 65856 327680 0 16777216 4 8429568 16777216 16777216 134217728 537919488 64 0 0 0 0 16 2097152 0 0 64 0 2147483648 0 0 0 0 0 0 0 262144 0 0 0 0 0 0 0 4097 0 0 1073741824 532480 0 0 0 0 0 0 0 131072 32768 0 0 0 256 0 1310720 0 0 4096 0 0 16777216 0 268435456 16384 0 0 0 0 0 0 0 0 0 0 16384 8 2097152 0 0 0 0 0 0 4 0 0 0 32 65536 4160 4096 0 0 0 0 0 0 1048576 1073741824 537395200 75497476 33024 2049 0 8 0 262144 67108864 0 2097152 637534208 1033 16 0 0 16 0 2048 0 64 0 8224 1073741824 67108868 4096 1 16384 0 4096 2048 536870912 36 262400 33554432 16392 20971536 0 0 144 8 1024 0 67108928 469893120 73728 8 1067264 554173202 142639280 537133056 33571328 36864 393232 5 134234244 1048576 1024 4202564 133376 1049088
is_linear=0
shrinkage=0.1


Tree=77
num_leaves=31
num_cat=20
split_feature=15 15 13 13 15 32 15 20 13 15 15 13 15 13 13 32 20 20 15 31 15 13 13 15 15 15 32 25 27 32
split_gain=27.5258 26.1718 19.0464 17.653 17.0977 18.2932 61.1094 46.3064 40.8646 35.7066 31.2117 29.4879 31.3933 26.4187 24.9999 21.768 26.2639 53.849 22.303 19.9539 19.1876 19.0125 17.5571 17.4668 17.3427 16.3241 15.2655 15.0787 16.7841 22.9861
threshold=0 1 2 3 4 4005.5000000000005 5 0.1092083938419819 6 7 8 9 10 11 12 3934.5000000000005 0.17877264320850375 0.23409326374530795 13 0.072555989027023329 14 15 16 17 18 19 4418.5000000000009 3.5000000000000004 3.5000000000000004 230.50000000000003
decision_type=9 9 9 9 9 2 9 2 9 9 9 9 9 9 9 2 2 2 9 2 9 9 9 9 9 9 2 2 2 2
left_child=-1 -2 26 -4 -5 6 7 -6 -7 -10 -8 24 -13 19 -15 20 18 -18 -17 -12 -16 -14 -22 -24 -11 -23 -3 -25 29 -29
right_child=1 2 3 4 5 8 10 -9 9 11 13 12 21 14 15 16 17 -19 -20 -21 22 25 23 27 -26 -27 -28 28 -30 -31
leaf_value=-0.04042833592887931 0.056593759914161545 0.029389348879286476 -0.030431013631921622 0.02964163005957221 0.17166670244977944 0.051128355314126045 -0.03453875251141051 0.034554246479915292 0.034968676431276102 0.050253147687674408 0.087755737574039455 -0.038486669256964347 0.052611693445866019 -0.032168572429804219 0.031562558313403162 0.070648660275765204 0.12036337935469649 0.015580116602731522 0.0028934164780710803 0.019751578729103922 0.037161242630225869 0.021092037914121536 -0.037117435864997488 0.00069619179601697551 -0.044314886892119681 -0.0050825943802729132 0.14654249364637689 0.18343988486994378 -0.0035245861849679382 -0.04907687919781871
leaf_weight=161.24385505402461 70.917408202774823 99.279582460760139 186.94021960755344 178.37392999138683 36.253049992956221 121.53138021670748 228.15693587507121 76.834999099373817 206.96830929350108 14.626507733017204 55.819248709362 260.13741917302832 49.470239836256951 208.75106642779429 182.59715319005772 41.773823631927371 67.042846694588661 182.69386705011129 836.0393280107528 190.06666084309109 113.02048082696274 237.15216337493621 121.03885009861551 7976.6466637827689 261.58795351989102 7043.1756320927525 12.525854232721029 4.3648162068566299 297.01877814496402 163.97760688746348
leaf_count=2635 829 1785 3864 1947 295 1851 3613 677 2257 116 2161 3480 741 3898 2138 370 348 797 15980 1651 1682 2149 1502 109780 6353 126148 359 41 5639 7910
internal_value=-0.000510646 -0.000160201 -0.000396063 -0.000643975 -0.000337548 -0.000634804 0.0020716 0.0721306 -0.00419653 -0.00508641 0.00126021 -0.00618337 -0.00498732 0.0020748 0.00127692 0.00200754 0.0150961 0.0437096 0.00695558 0.0338142 0.000343867 -0.0037476 -0.00034914 -0.000886995 -0.0377264 -0.00420221 0.039024 -0.000324233 -0.0178221 -0.0430481
internal_weight=19686 19524.8 19453.9 19342.1 19155.1 18976.7 10782.1 113.088 8194.65 8073.12 10669 7866.15 7589.94 10440.9 10195 9986.21 1127.55 249.737 877.813 245.886 8858.66 7329.8 8676.07 8563.05 276.214 7280.33 111.805 8442.01 465.361 168.342
internal_count=312996 310361 309532 307388 303524 301577 158482 972 143095 141244 157510 138987 132518 153897 150085 146187 17495 1145 16350 3812 128692 129038 126554 124872 6469 128297 2144 123370 13590 7951
cat_boundaries=0 161 323 414 504 667 817 908 1061 1201 1293 1452 1541 1629 1765 1926 2012 2104 2268 2409 2570
cat_threshold=0 0 4 0 0 0 0 0 131072 0 128 0 0 0 0 0 0 0 0 0 0 0 0 0 0 0 0 640 0 0 0 0 0 0 0 0 524288 256 0 0 0 0 0 8 0 0 0 0 0 4096 0 0 0 0 1048576 1 0 0 0 0 0 0 0 0 0 0 2097152 0 0 0 0 0 0 0 0 0 0 134217728 0 32 0 0 0 0 0 0 0 0 0 0 0 2048 0 0 0 4194304 4096 0 0 0 0 0 0 0 0 16384 0 0 0 0 0 1073741824 0 0 0 0 32768 0 0 4194304 16384 0 0 0 0 0 0 2147483648 0 0 0 0 0 0 0 0 32768 0 0 0 1048576 0 0 0 256 0 0 0 0 0 0 0 0 266240 1024 0 0 0 0 0 131072 0 0 0 2097152 0 33554432 0 0 0 0 0 0 0 0 0 0 0 0 0 0 0 0 0 0 0 0 0 0 0 0 0 0 0 0 2147483648 16 0 0 0 0 0 0 0 0 0 0 0 0 0 0 0 0 0 0 0 0 0 0 0 0 0 0 0 16777216 0 0 0 8 0 0 0 0 0 0 0 0 0 0 512 0 0 0 0 0 0 0 0 1073741824 0 0 0 4 0 0 64 0 0 8 0 0 0 0 0 0 0 0 0 0 0 0 0 0 134217728 0 0 0 0 8 0 33562624 0 0 8192 256 0 0 0 0 0 0 0 0 0 0 4096 32768 0 0 0 0 0 0 0 0 0 0 128 0 0 0 128 0 0 0 0 0 0 2147483648 0 0 0 512 0 0 0 0 16 0 0 0 0 0 128 0 0 0 1 0 0 16384 0 0 0 0 0 0 0 0 0 0 537923584 0 131072 0 0 0 67108864 0 0 0 0 131584 0 0 1 1073741824 0 524288 0 0 0 0 0 134217728 0 65536 0 0 0 0 0 0 0 0 2 0 0 0 0 131072 0 0 671088640 0 0 0 0 128 0 134217728 1280 4096 0 0 0 0 0 0 8388608 4096 16777216 524288 80 0 262144 0 524288 0 0 0 8388608 0 67108864 0 0 0 0 8 0 0 0 0 512 0 0 0 0 0 0 0 0 0 0 4194320 0 133120 0 0 0 128 0 135172 0 0 128 0 1048578 0 8388608 0 256 0 0 0 0 4194304 0 0 0 0 128 0 0 0 2097152 0 0 8192 33554432 0 0 0 0 0 0 67108864 0 4 0 0 0 0 0 0 0 0 0 0 0 268566528 0 0 2097152 0 0 0 64 0 0 0 32 0 0 0 0 0 0 0 0 0 0 0 2 262144 4194304 0 0 0 0 0 0 0 0 0 0 0 0 0 0 0 262144 0 0 0 0 0 1073741824 524288 0 0 4194304 0 0 2048 33554432 0 0 0 0 0 0 0 268435456 0 0 0 134217728 0 0 0 0 0 0 0 256 0 0 0 0 0 4 0 0 8192 0 33554432 0 0 0 0 4194304 0 0 0 0 0 0 0 0 0 0 262144 0 0 0 0 0 0 0 2097152 0 0 0 0 0 0 0 65536 0 0 0 0 0 524544 16384 0 0 0 32768 67108864 0 0 0 0 0 0 0 0 0 0 0 0 1048576 4 0 0 0 0 16384 0 0 0 0 0 0 0 0 0 0 0 0 0 0 0 0 1048576 0 67371008 0 4096 268566528 17024 0 0 0 0 0 0 0 0 0 0 0 0 32768 0 128 0 0 0 8388608 0 0 0 0 0 0 0 0 0 0 0 0 0 0 32 0 0 0 0 0 0 0 256 0 16384 0 0 0 0 0 0 0 0 0 0 0 0 0 0 0 0 8388608 0 65536 0 0 2176 0 0 0 0 0 34 0 0 0 0 0 0 0 0 0 0 1048576 0 0 0 0 0 0 0 0 0 0 2 0 0 0 0 0 0 0 0 0 0 0 0 0 0 0 0 0 0 0 0 0 0 0 0 0 0 0 1073741824 0 0 0 0 0 0 0 0 0 0 0 0 0 0 0 0 0 0 0 0 0 4194304 0 0 0 0 0 0 134217728 0 64 0 67108864 0 0 524288 0 0 4 128 0 0 0 2048 0 0 0 0 0 1048576 0 0 32768 0 0 2097152 0 16777216 4 0 0 0 0 536870912 0 268435456 0 4 0 0 1073741824 0 0 1024 0 268435456 0 0 0 0 0 0 262144 32768 0 0 0 16384 0 0 0 536870912 65536 0 0 0 0 0 0 0 0 0 16777216 0 32 0 0 0 16777216 33562624 67108864 1024 513 0 4194304 2 25165824 4194336 0 4194304 65536 0 2048 0 0 0 0 0 0 0 0 0 0 512 0 0 0 0 0 0 0 33554432 8 0 0 0 0 0 0 0 0 0 0 0 0 0 8388608 0 0 0 0 0 0 65536 0 0 0 0 0 0 0 0 0 0 0 0 0 0 0 0 0 0 0 0 0 0 0 0 0 0 0 0 0 0 0 0 0 0 0 0 0 0 0 8388608 131072 0 0 0 0 0 0 0 32 0 9437184 0 32 0 0 0 0 16777216 0 0 0 0 4194304 0 0 0 0 0 0 0 0 0 1024 0 0 50331648 0 0 0 0 0 0 0 0 0 0 8192 0 524288 524288 0 0 262144 0 0 0 0 0 0 0 536870912 16384 0 4194304 2 25165824 549455872 0 4194304 8454144 0 0 0 0 0 0 0 0 0 0 0 0 528 0 0 0 0 0 0 0 0 0 0 0 0 0 0 0 0 0 0 0 0 0 16 8388608 16 0 0 0 0 0 0 0 0 0 0 0 0 0 0 0 0 0 0 0 0 0 0 0 4096 0 0 512 0 0 0 0 0 0 0 0 524288 0 0 0 0 0 0 0 0 268435456 8388608 0 0 0 0 0 0 0 0 536870912 0 9437184 0 536870944 0 0 0 0 16777216 0 0 0 0 4194304 0 0 0 0 0 0 0 0 0 1024 0 0 33554432 0 0 0 0 33554432 0 0 0 0 0 0 0 524288 0 0 0 1024 64 2 0 0 0 536870912 2147483648 0 0 0 0 0 16 0 0 2147483648 0 0 0 0 536870912 0 0 0 0 0 0 0 0 0 0 0 0 0 0 0 0 4 0 0 8421376 0 0 268435457 0 0 16384 0 16777216 0 0 34 4194304 0 0 524288 0 0 16 0 0 0 1 67108864 0 2048 0 32768 0 0 536870912 0 4 0 0 65536 4128 4096 0 0 67108864 0 0 0 0 0 0 1 0 67371008 0 4096 268435456 640 0 0 0 0 0 0 0 0 0 0 0 0 32768 0 128 0 0 0 8388608 0 256 0 0 0 0 0 0 0 0 0 0 0 0 32 0 0 0 0 0 0 0 0 16777216 16384 0 0 0 0 0 0 8192 0 0 0 0 0 0 0 0 0 8388608 0 65536 0 0 8192 0 0 0 0 0 34 0 0 2048 0 64 0 0 0 0 0 1048576 0 0 0 0 0 0 0 0 256 0 67108866 0 524288 0 0 0 0 0 0 0 0 0 0 0 0 0 0 0 0 0 0 0 0 0 0 0 0 0 1610612736 4194304 0 0 0 1024 0 0 0 0 0 0 0 0 0 0 0 0 0 0 0 0 0 0 0 0 0 0 0 0 0 2048 0 0 8388608 16777216 0 0 0 8 512 0 0 32 0 131072 0 0 16 0 0 16 0 0 0 0 0 0 0 0 0 0 0 0 0 0 0 0 0 0 0 8192 10485760 0 0 0 8421376 0 0 268435456 0 0 16384 0 0 0 16384 2 0 0 0 524288 0 0 16 0 0 0 1 0 0 2048 16 32768 0 0 32 0 8388612 131072 0 65544 0 4096 0 0 67108864 0 0 0 262144 256 0 0 0 0 0 134217728 0 8388608 0 67108864 0 0 524288 0 524288 1048576 128 0 0 0 0 0 0 0 0 0 1048576 0 65536 0 0 0 16777216 0 0 0 0 0 0 0 536870912 0 268435456 0 1048576 16 0 0 0 0 1024 0 268435456 0 256 0 0 0 268435460 262144 32768 0 0 0 16386 0 128 0 536870912 0 0 0 0 0 0 0 0 32 0 16777216 0 0 0 0 0 16777216 33554944 0 0 8192 131072 0 0 0 0 0 4194304 0 0 0 0 0 0 0 0 0 0 0 0 0 0 16777216 0 4325376 0 32 0 0 524288 0 0 0 0 0 0 0 0 0 0 0 0 0 0 0 2147483648 0 0 0 0 0 0 0 0 0 0 64 0 0 0 0 0 0 0 0 0 0 67108864 0 8 0 524288 0 0 0 32784 0 0 2048 0 0 0 0 0 0 0 1 0 0 0 0 0 0 0 0 256 16 0 0 0 0 0 0 0 0 0 0 0 0 0 0 0 0 0 0 0 0 0 0 0 0 0 0 0 16777216 536870912 0 0 0 0 0 8388608 0 524288 0 0 0 0 524288 0 0 0 0 0 4 0 0 0 0 0 0 0 8192 0 0 0 268435456 0 0 0 256 0 4 0 0 0 0 8192 0 0 0 0 0 0 0 0 0 2048 0 0 0 0 16777216 16777216 2147483648 0 0 0 0 1024 8192 0 0 0 0 0 0 0 0 2097152 0 0 0 0 0 16777216 0 0 0 0 0 0 0 16 0 0 0 0 0 0 0 0 0 0 32 0 0 0 0 0 0 256 0 0 131072 537395200 0 0 0 0 0 0 0 0 0 0 0 2147500032 268435456 0 0 0 0 0 8388608 0 0 0 0 0 0 0 0 0 0 0 1024 16384 0 0 2048 0 0 0 0 0 0 1024 0 0 0 0 0 0 0 0 0 0 0 0 0 0 0 0 8388609 0 0 0 0 2097152 0 0 0 0 0 0 0 134217728 0 536870912 655360 0 0 262144 0 0 0 0 0 16384 0 1 1024 0 0 134225920 0 0 1024 0 0 0 0 0 0 0 0 0 0 0 1048576 0 0 0 0 536870944 16777216 0 16 0 0 0 0 0 0 128 0 0 0 0 0 0 0 167772160 0 0 0 524288 0 131072 0 0 0 0 0 64 128 524304 4 0 32768 0 0 0 0 524288 2097154 8 0 0 0 32768 0 0 0 0 64 0 0 0 1048576 2181046272 0 0 0 536870928 0 65536 0 0 2048 0 0 0 0 8 0 0 0 537395200 0 0 4 1048576 256 0 0 4096 0 0 160 0 0 0 0 0 0 0 0 0 0 0 0 0 0 0 0 1073741824 0 0 128 0 0 0 0 0 0 0 0 512 0 32 0 0 0 0 0 0 0 0 0 0 1 0 0 131072 524288 65536 0 0 67108864 0 8192 65536 0 0 0 0 0 0 0 0 0 0 0 0 0 16777216 0 0 0 33554432 0 0 0 8 0 0 4 0 0 0 0 0 1048576 0 0 0 0 0 65536 0 0 262144 0 0 0 0 0 0 0 64 0 0 0 0 0 0 0 268697600 0 0 0 0 0 0 524288 0 0 0 256 0 0 0 0 0 0 0 67108864 0 0 1 0 0 0 268435456 0 0 0 0 2 0 32 0 0 0 0 0 0 0 0 0 0 0 0 0 0 0 0 0 0 0 0 0 0 0 0 0 0 16777216 0 0 0 0 0 0 8388608 0 0 0 0 0 0 0 0 1073741824 0 0 0 0 0 0 0 0 0 0 0 0 0 0 0 0 0 0 0 0 32 0 33816576 8192 0 302579712 0 8388608 0 0 0 0 0 0 0 0 0 0 0 0 0 0 0 0 0 0 0 33554432 0 0 0 0 0 0 0 0 0 0 0 0 0 0 0 0 0 0 0 0 0 524288 16384 0 0 0 0 0 0 0 0 320 0 0 0 0 0 0 0 0 0 0 0 0 0 0 0 0 0 0 0 0 16 0 0 0 0 0 0 0 0 0 0 0 0 0 0 0 0 0 0 0 0 0 0 0 536870912 0 0 0 0 0 0 0 0 0 0 0 524288 0 0 0 0 0 0 0 0 0 0 0 0 0 1073741824 0 0 0 0 0 0 0 0 0 134217728 16384 0 0 1280 0 8390656 0 32 0 0 0 0 0 0 131072 0 0 0 0 0 0 0 0 0 0 2097152 256 0 0 2097152 0 0 0 0 0 0 0 65536 4194304 0 0 0 0 0 0 0 0 0 0 0 0 0 0 0 0 0 0 0 0 0 0 0 1073741824 0 0 0 0 0 0 2147483648 0 0 0 0 1048576 0 0 1 0 65536 0 0 0 0 0 0 0 0 268435456 0 0 0 16384 32768 0 0 0 0 0 0 536870912 0 1073741824 0 0 0 0 0 0 2147483648 0 0 0 0 0 0 0 0 64 0 0 0 0 0 0 0 0 0 2 0 0 0 0 0 0 0 0 16777216 0 0 0 0 0 0 0 0 0 0 0 0 0 0 262144 0 0 0 0 0 1073741824 0 131072 16384
is_linear=0
shrinkage=0.1


Tree=78
num_leaves=31
num_cat=15
split_feature=15 15 1 31 17 15 25 26 14 31 15 27 14 25 23 15 20 16 1 14 27 8 12 31 30 32 19 15 14 14
split_gain=24.5037 21.0656 16.7729 14.562 14.5045 14.3577 13.4836 13.628 12.6809 24.6869 16.8364 19.4822 26.541 21.0674 14.7606 14.5257 15.581 16.7856 11.6084 30.6801 14.1503 13.4839 16.4136 17.8026 20.9486 15.4115 14.086 49.1875 32.3477 24.1297
threshold=0 1 2 0.097990967333316817 3.5000000000000004 3 235.50000000000003 32.500000000000007 4 0.01797887030988932 5 2.5000000000000004 6 1.5000000000000002 1.5000000000000002 7 0.078650549054145827 8.5000000000000018 8 9 55.500000000000007 10 11 0.072555989027023329 0.11157525703310968 3757.5000000000005 48.95000076293946 12 13 14
decision_type=9 9 9 2 2 9 2 2 9 2 9 2 9 2 2 9 2 2 9 9 2 9 9 2 2 2 8 9 9 9
left_child=3 -2 -3 -1 -5 -4 7 8 9 14 -11 13 -13 -12 -7 16 17 -10 19 -17 -21 22 -20 -24 -25 -26 27 -23 -29 -30
right_child=1 2 5 4 -6 6 -8 -9 15 10 11 12 -14 -15 -16 18 -18 -19 21 20 -22 26 23 24 25 -27 -28 28 29 -31
leaf_value=0.10316574738847409 -0.030874970699441669 -0.056994367425100882 0.033896035224502845 0.0015816371193174039 0.094079354105187349 0.05974779981249128 -0.073336236605836089 0.099101923965970132 0.06921846502551085 -0.033725017868451425 0.0070028386740630657 -0.017240451013408424 0.057075937924967152 -0.047884461255591135 0.28624196065414437 -0.034379430418977043 0.018717844354936983 0.33089689860019944 -0.030902524593795905 0.019601181551500924 0.11322757717222168 0.054370956049792155 0.13356340608885561 -0.022993585824132037 0.11914138998419754 0.024332295340982548 -0.00033776261226374439 -0.036180859557593738 0.021991761940722353 -0.0093376922361960487
leaf_weight=33.239761517848819 209.94628654851113 41.053926490014419 117.1215204698965 65.501956983469427 22.87251631822437 57.234572607907467 24.917647497961298 13.942717120051382 11.092934395419432 91.172561561688781 1354.9443712094799 67.298687373404391 152.6032461670693 73.736362149589695 3.0296411127783349 108.24598980043083 196.56704702507704 3.1466928832232943 34.458827082300559 513.72663751174696 16.666128023527563 112.87542732758448 19.188993229530752 45.876651607453823 29.380065847188234 41.17169976234436 13177.804903839249 406.77619250223506 265.20434926263988 2362.1922083979007
leaf_count=627 2574 6777 1336 555 171 3308 2895 69 419 971 16885 1610 2190 2171 147 1055 1656 84 387 4888 191 1169 400 560 191 313 207671 5131 4340 42608
internal_value=0.000187874 -0.000101659 0.00024816 0.0431917 0.0255213 0.000399372 0.000177308 0.000273013 0.000201037 0.00816594 0.00603168 0.00838409 0.0361437 0.00417002 0.0711343 -0.000629915 0.024856 0.127045 -0.000957802 0.0121662 0.022126 -0.00147299 0.0257467 0.0412743 0.0296089 0.0638139 -0.00177216 -0.00778413 -0.0102418 -0.00610396
internal_weight=19673 19551.4 19341.4 121.614 88.3745 19300.4 19183.3 19158.3 19144.4 1800.02 1739.76 1648.58 219.902 1428.68 60.2642 17344.4 210.807 14.2396 17133.6 638.639 530.393 16494.9 170.076 135.617 116.428 70.5518 16324.9 3147.05 3034.17 2627.4
internal_count=313349 311996 309422 1353 726 302645 301309 298414 298345 27282 23827 22856 3800 19056 3455 271063 2159 503 268904 6134 5079 262770 1851 1464 1064 504 260919 53248 52079 46948
cat_boundaries=0 163 324 325 478 486 633 641 802 803 810 811 812 966 973 980
cat_threshold=65537 0 65536 0 0 512 0 67108864 0 0 0 0 0 0 0 0 0 0 0 0 0 0 268435456 0 0 0 0 0 0 0 0 0 0 0 0 0 0 0 0 0 0 0 0 0 4096 0 256 0 0 0 1074003968 0 0 0 0 0 0 0 256 0 0 0 67108864 0 0 0 0 0 0 0 0 0 0 0 0 0 0 4 0 0 0 0 0 0 0 0 0 4194304 64 2048 0 0 0 0 0 0 0 0 0 32 0 0 0 0 0 0 0 0 0 0 0 0 0 0 0 0 0 0 0 0 524288 16384 0 0 0 0 0 0 0 32768 0 0 0 0 4096 0 0 0 0 0 524292 0 0 0 0 2113536 128 0 0 2147483648 128 0 0 0 0 0 0 0 0 0 0 0 1048576 0 67108864 4096 0 128 16386 4194304 0 0 0 0 0 0 131072 0 0 0 0 0 0 0 0 0 0 0 0 0 0 2097152 0 0 0 0 0 0 0 0 0 0 0 0 0 0 0 0 0 0 0 0 0 0 0 0 0 0 0 0 0 64 0 0 0 0 16777216 0 0 0 0 0 0 0 0 0 0 0 0 0 16 0 0 0 0 33570816 0 0 0 0 276824064 0 0 0 0 0 0 0 0 4096 0 0 0 0 16 67108864 0 0 0 0 0 2147483648 0 0 0 0 0 0 0 0 0 0 0 0 0 0 1024 33554432 0 0 33554432 4194304 1049600 262144 0 0 0 0 524288 0 0 0 0 0 0 0 0 8 0 0 0 0 0 0 0 0 8388608 0 0 0 0 0 65536 32768 1860915 0 0 0 128 131072 0 0 0 0 2 0 0 0 0 0 0 0 0 0 0 0 4194304 0 0 0 0 0 2147484160 128 0 0 0 0 0 0 0 0 0 0 0 1073741824 0 0 0 0 0 0 0 0 2048 0 0 0 0 0 1 0 1073741824 0 0 0 0 0 0 0 0 0 0 0 2097152 0 0 0 0 0 0 0 0 32768 0 0 0 0 0 0 0 0 1073741824 0 0 8 0 0 0 0 512 0 256 262144 2147483648 131072 0 0 1073741824 0 0 2097152 0 0 0 0 0 1 0 0 0 0 0 0 0 0 0 0 0 0 0 0 0 0 0 0 33554432 0 0 0 0 0 1 0 0 0 0 1073741824 0 0 0 0 526336 16384 0 1 0 16384 788480 16 575738892 136052736 1077960705 1572864 2952799552 1 0 0 0 0 0 0 0 0 16777216 0 65536 0 0 0 0 0 0 0 0 0 0 0 0 2147483648 0 0 2 0 0 0 0 0 0 0 0 0 0 0 0 0 0 134217728 1048576 0 2048 0 0 65536 0 16384 0 0 0 0 0 0 16384 0 0 65536 0 0 0 0 0 0 0 0 0 524288 0 0 0 0 0 0 0 0 0 32 0 0 0 0 0 0 0 0 1048576 0 0 0 0 0 0 0 0 2 524288 536870912 0 0 0 0 0 0 0 0 16777216 1024 16 0 16777216 0 2147483648 524288 0 0 0 512 16384 0 0 0 0 0 0 0 0 64 0 0 268435456 0 0 0 0 0 0 0 0 16 0 0 0 0 2097152 262144 0 1114112 134217728 1073766400 524288 268436800 1 0 1048576 131392 0 0 0 0 0 0 4194304 0 0 0 0 0 0 0 0 0 0 0 0 1073741824 0 0 0 256 0 0 0 0 0 0 0 0 0 0 0 0 0 0 0 0 0 32 4 0 4194304 0 0 0 0 0 0 0 0 0 512 0 0 0 0 0 0 0 0 0 0 0 0 0 65536 0 0 0 0 0 0 0 0 0 0 0 0 0 16384 0 0 1 0 32 16384 32768 0 0 0 0 16 0 536870912 0 0 0 0 0 0 0 0 0 0 0 0 134217728 0 65536 524288 0 0 0 8192 0 0 0 0 256 0 0 0 0 0 0 1048576 1024 0 0 0 0 0 16 1048576 0 0 0 0 0 0 0 0 0 0 0 0 0 0 0 0 0 2147483648 0 0 8388608 10487816 2354053123 16802570 16777248 335544320 630264832 36864 67108864 33 6469696 0 0 34086912 2147483648 33556480 0 0 64 0 0 0 0 0 0 0 0 0 0 8192 0 0 0 0 0 17039360 0 0 0 0 0 0 0 0 0 0 0 0 0 0 0 0 0 16 0 0 0 0 256 0 0 0 0 0 0 0 0 0 0 0 0 0 0 0 0 0 0 2097152 0 0 0 0 256 0 0 0 0 0 0 0 0 524288 0 0 0 0 0 0 0 1073741824 0 0 0 0 0 0 0 0 0 0 6 0 589824 0 0 0 0 0 0 0 0 0 0 0 0 0 16384 0 0 0 0 256 0 0 0 0 0 16777216 0 0 0 0 0 0 0 0 0 0 0 262144 32768 1048576 0 0 0 2 0 256 0 0 0 0 0 0 4096 688963618 540684 1073743872 67592 622329856 174083 201326592 1086324993 629178624 128 369099040 134284096 4128 50610688
is_linear=0
shrinkage=0.1


Tree=79
num_leaves=31
num_cat=27
split_feature=15 3 15 13 3 13 3 3 14 14 3 3 13 14 13 15 13 25 13 15 14 15 13 3 13 13 3 14 27 28
split_gain=27.6057 21.4673 19.8666 19.0718 23.7321 17.6219 36.0791 17.1625 37.9981 17.1258 46.3339 17.8427 25.0288 19.5515 19.004 16.7535 15.3246 15.2298 15.1198 17.9547 16.95 15.879 15.4262 14.6646 13.3421 13.2304 13.1204 16.9492 14.2662 17.2775
threshold=0 1 2 3 4 5 6 7 8 9 10 11 12 13 14 15 16 20.500000000000004 17 18 19 20 21 22 23 24 25 26 1.0000000180025095e-35 1.0000000180025095e-35
decision_type=9 9 9 9 9 9 9 9 9 9 9 9 9 9 9 9 9 2 9 9 9 9 9 9 9 9 9 9 2 2
left_child=-1 25 -3 4 -4 6 -5 8 -7 10 -9 12 17 -14 23 -16 -12 -11 20 -20 -17 -21 -23 -13 -24 -2 27 -26 -29 -30
right_child=1 2 3 5 -6 7 -8 9 -10 11 16 14 13 -15 15 18 -18 -19 19 21 -22 22 24 -25 26 -27 -28 28 29 -31
leaf_value=0.042926106376733136 0.037601010935197653 -0.025345645850550477 -0.026940258792700712 0.036489364853817673 0.067442401264359214 -0.06425545988133044 -0.045759664508000709 0.043814660328410387 0.035848799241716918 0.077593513418344723 0.040011343757582675 0.023487343446757337 0.011232156033429171 -0.038839423901962794 0.039605187009745489 -0.03839964301593167 -0.023200458290421184 -0.11113384400610003 -0.034370661928758123 -0.052800925160138484 0.053409180214062525 -0.05061308774655985 0.046159965295063124 -0.041250744413625973 0.058471681832100442 -0.037157489835138384 0.0010865979505593679 -0.0069509306572015719 0.052915038899451317 -0.0013363881599554438
leaf_weight=137.7621059990488 20.348527583992109 296.35729782155249 34.967386983335018 64.825153111945838 81.003689167322591 35.006286086747423 200.33651287609246 118.98043319082353 281.67801403941121 39.543220818741247 32.427276987349615 39.791048803366721 102.97583992825821 310.74458042159677 105.75484418263659 19.696998182917014 859.14398997090757 4.7942697629332534 131.05545949505176 43.763636748772115 96.031664734007791 46.319760561804287 57.618729680310935 165.66746327537112 73.780399279901758 219.73403786757262 15571.887657562504 257.65577347343788 123.39121000526939 111.97333210450597
leaf_count=1439 614 3341 916 779 1288 1348 3451 2310 9666 1044 430 433 2992 11481 1427 361 16529 246 3783 1241 1426 950 704 2909 1374 8264 222045 5236 2872 2366
internal_value=-0.000134994 -0.000460198 -8.30867e-05 0.000323846 0.0391048 6.5261e-05 -0.0250566 0.000436078 0.0231551 3.07782e-05 -0.0125577 0.000772836 -0.0184872 -0.0264056 0.00130724 0.00168838 -0.0204831 0.0466619 0.00142205 0.00115675 0.035972 0.00146356 0.00164216 -0.0282048 0.00182275 -0.0295711 0.00163597 0.0164484 0.00912222 0.0271052
internal_weight=19685 19547.3 19307.2 19010.8 115.971 18894.8 265.162 18629.7 316.684 18313 1010.55 17302.4 458.058 413.72 16844.4 16638.9 891.571 44.3375 16533.2 16417.4 115.729 16286.4 16242.6 205.459 16196.3 240.083 16138.7 566.801 493.02 235.365
internal_count=313265 311826 302948 299607 2204 297403 4230 293173 11014 282159 19269 262890 15763 14473 247127 243785 16959 1290 242358 240571 1787 236788 235547 3342 234597 8878 233893 11848 10474 5238
cat_boundaries=0 160 184 345 436 457 548 571 595 602 609 632 656 745 752 843 1004 1093 1181 1335 1342 1502 1589 1612 1702 1793 1817 1824
cat_threshold=8 0 73728 0 0 0 0 0 0 0 0 0 0 0 0 0 0 0 0 2 0 0 0 0 0 0 0 256 32 0 0 0 0 0 0 0 17301504 0 0 0 0 0 0 0 0 2147483648 0 4259840 0 0 0 0 0 0 0 0 0 0 0 0 0 0 0 0 0 0 0 0 0 0 0 0 8388608 0 0 0 0 0 0 32 0 0 0 1073741824 0 0 0 0 1048576 0 0 0 32768 0 0 0 0 0 0 0 0 16 0 0 0 0 0 0 0 0 0 1073741824 0 0 268435456 0 0 8 0 0 524288 16384 0 0 0 65536 4194304 1073741824 0 0 4096 0 0 16384 4096 0 0 0 0 4194304 524288 0 0 0 0 0 128 0 0 0 0 0 0 0 0 0 0 0 0 65536 0 4194304 83887104 0 2048 67108868 12 33554432 134217728 268706304 33 0 33570944 33554432 0 67108864 65664 0 262288 0 0 524416 1032 32 65536 0 16777216 0 524288 0 32 524288 0 0 0 0 0 0 0 0 0 0 0 0 0 0 0 0 0 0 0 128 131072 0 0 0 0 0 0 0 0 0 0 32 0 1048576 0 0 0 0 0 256 0 8388608 16 0 0 0 0 0 0 0 0 0 536870912 0 0 0 0 0 2359296 0 1024 0 0 0 0 0 0 0 0 65696 0 0 0 64 0 0 0 0 0 0 0 0 8 128 0 0 0 0 0 0 0 0 0 256 0 0 0 4 0 0 0 0 0 0 0 0 0 0 0 0 0 0 0 0 0 0 0 0 0 4194304 0 1048576 0 0 0 8388608 0 0 32768 0 0 0 32768 0 0 0 0 0 0 0 0 4194304 0 0 0 0 0 0 0 0 0 0 32768 0 0 0 0 64 0 0 256 0 67108896 32768 0 0 0 262144 0 0 16384 0 0 0 0 0 4 16384 0 0 0 0 0 0 0 2 0 10 0 0 0 0 0 0 0 1 0 0 524288 0 0 0 0 0 0 0 0 8388608 0 0 0 0 0 0 2097152 536870912 0 0 0 0 131072 0 0 134217728 0 0 0 1077936128 64 0 134217728 262176 4096 0 0 32 0 0 32768 0 0 0 8 2 805306368 8388613 0 1025 0 0 1073741824 0 0 0 65536 33554432 2753283 134217760 0 0 0 0 32 0 2147483648 0 0 0 0 0 0 262144 65536 0 0 0 0 0 524288 0 0 4 0 0 16 2147483648 0 0 0 0 0 0 0 0 0 16 0 0 1024 0 0 0 0 4100 0 0 0 0 256 0 0 0 0 0 0 0 134218752 0 268435458 16384 0 12 128 0 2048 0 0 0 0 0 0 0 0 0 0 0 0 0 0 0 8 0 4325376 0 268435456 4096 4096 0 4 32768 0 16777216 0 0 0 1 536870912 4 1073742082 8 0 0 33816576 0 570425344 0 0 8388608 2887744 65568 0 0 4 0 32 0 0 0 64 128 0 268435456 20 0 33554448 0 16785664 262144 65536 0 32768 1073741824 134226944 0 1048576 132608 32896 4096 4194304 268437536 2147485696 4 4194304 201852099 536887318 138416172 268960770 524320 33026 139280 43130896 2148048896 1241514000 1115424 402669830 2147516448 75515904 419430400 64 8392706 8200 0 262144 4194304 272629760 570425344 4227072 0 2147491872 524288 262144 0 0 6 8388608 2080 48 0 0 32768 134217728 64 69760 64 0 147324928 21004288 402653184 0 4194370 8 8192 1048576 65536 0 0 6 4096 2048 0 0 34607104 1 4096 0 0 0 0 0 0 0 0 0 0 0 0 65536 0 0 524288 0 0 0 0 0 0 0 0 0 64 65536 0 0 1073741824 0 0 0 2097152 0 0 0 0 0 0 0 0 0 1048576 0 0 0 256 0 0 0 0 0 0 0 256 0 0 0 0 0 0 0 0 8192 0 0 0 16777216 0 0 0 0 0 512 0 4 0 1280 0 0 0 0 0 0 0 0 4096 1048576 687866112 142622736 549586944 524290 537133121 258 1048576 0 0 8 0 0 2097154 0 0 0 0 0 0 0 1 524288 0 0 0 0 0 33554432 0 0 0 0 0 65536 0 0 256 2147483648 0 526336 0 32 0 0 0 0 0 0 536870912 0 0 0 0 4096 268452112 32 0 0 32 0 0 0 0 0 0 64 0 0 0 0 0 8192 0 1073741832 0 0 0 0 0 67108864 0 0 0 0 0 1024 0 96 0 0 0 524288 0 32768 0 1048576 0 16 1 1073741824 524288 128 0 512 0 0 67239936 0 0 0 0 0 0 0 0 0 0 0 262144 0 0 128 0 0 0 0 128 0 0 0 0 0 0 0 0 0 0 0 1073758208 0 0 0 4096 0 0 0 0 0 0 0 1073741824 0 0 1024 0 0 4 0 0 0 0 0 0 2097152 0 0 0 0 0 0 0 0 0 0 0 0 0 0 0 0 0 0 0 0 0 0 0 0 0 0 0 0 0 0 0 256 0 0 0 0 0 134217728 0 0 0 0 0 0 0 0 0 2147483648 0 0 0 0 0 8 0 4096 0 0 0 0 67108864 0 8 0 0 0 0 33554432 0 1073741824 0 0 0 0 0 0 0 0 0 16384 0 2048 0 0 0 0 0 0 1024 0 0 0 0 0 1048576 0 0 0 0 0 0 0 0 0 0 2 0 0 0 0 0 0 0 0 0 0 0 0 0 0 0 0 1024 0 1073741824 0 0 2052 0 0 0 0 0 0 0 0 128 0 0 0 65536 0 268435472 0 0 0 16777216 0 0 0 256 0 0 0 0 0 0 0 0 0 0 0 0 0 0 0 32768 16777216 0 0 0 0 0 0 8 32 0 0 0 0 0 0 0 1114112 0 0 0 0 0 0 0 0 0 4 0 0 0 131072 1 128 16 0 262144 4096 0 1048576 0 0 0 0 1 0 0 0 0 0 0 268435456 0 2097152 0 16777216 0 0 0 0 0 301989888 8388608 0 0 0 8 0 0 0 0 144 0 0 0 0 0 0 33554432 0 0 0 0 16384 0 0 0 8 0 0 0 0 32 0 0 0 0 65536 0 0 0 0 0 0 268435456 33554432 0 0 0 0 0 64 0 67108928 0 0 256 0 1024 8192 0 0 0 0 0 524288 0 0 0 0 0 0 0 262144 0 0 0 0 0 0 0 0 0 0 0 0 0 0 0 1073741824 0 0 0 0 260 0 0 0 0 0 0 0 0 64 0 0 0 0 0 2147483648 0 0 0 0 65536 0 0 0 0 0 0 0 0 0 65536 0 0 0 0 0 0 536871424 0 0 0 0 0 0 0 0 0 524544 4096 0 0 4 0 0 67108864 0 0 0 0 0 0 0 0 0 0 0 0 0 0 0 0 512 0 0 0 0 0 0 0 0 0 64 0 0 128 0 0 0 2048 128 262144 0 8 0 0 0 0 0 0 0 0 0 4 536870912 0 4096 2214592512 772 16777728 16777216 587792384 8192 524288 0 0 0 0 16777216 0 0 0 0 0 0 0 0 180224 0 0 0 0 8 0 16384 0 0 2147483648 0 0 0 0 0 0 0 0 0 0 0 524288 0 32 0 0 512 0 0 0 0 0 0 0 0 0 0 0 0 0 0 0 0 2147483648 0 0 0 0 0 65536 262144 0 0 0 0 0 0 1024 0 0 65536 0 0 0 0 0 2048 0 0 0 0 67112960 0 0 0 0 0 0 0 0 0 0 0 0 0 0 0 0 0 0 0 0 0 0 0 0 0 0 0 16384 0 0 0 0 0 256 0 0 0 0 0 0 0 0 0 16 0 2149580800 16 0 0 0 16384 0 0 0 1048592 0 0 0 0 0 2097152 0 0 0 0 0 0 0 0 0 0 0 0 4194368 0 0 0 0 0 0 0 0 0 8192 0 0 0 0 8388610 0 0 0 0 0 0 0 0 0 0 0 0 32 0 0 0 0 131072 0 0 0 0 0 0 16384 524288 0 0 0 16384 2097152 34 0 0 0 0 0 0 0 512 256 0 0 92274688 0 1048576 0 0 2048 1 0 0 0 0 4194304 0 32 0 167772160 0 0 0 0 0 0 0 0 16777216 0 0 0 512 285212672 67108864 1073741826 1025 0 0 8392704 4194304 16384 0 1024 268435456 2231376 0 0 134217728 570425344 8388608 4194304 0 0 0 128 0 0 0 0 0 1024 0 0 8 0 142606336 0 0 0 0 0 1048576 0 1 0 0 0 0 0 16 0 0 65536 0 0 0 64 0 0 0 0 0 0 0 262144 0 0 33554432 0 0 0 0 1 1073741824 0 0 0 0 65600 0 2 0 0 0 0 0 0 0 536870912 0 134217728 0 2097152 524288 0 0 0 8 0 0 0 2097152 0 67108864 0 0 0 557056 0 0 0 9437184 0 0 1024 0 0 0 0 0 0 0 0 0 536870912 0 0 0 0 0 16777216 4 0 0 0 0 0 0 0 0 0 0 0 0 0 0 0 4 0 0 0 0 0 0 0 0 128 0 0 32768 0 0 0 0 0 0 0 0 0 0 0 0 0 0 0 0 0 0 0 0 0 0 67108864 0 0 65536 0 0 0 512 0 0 0 0 0 64 4096 4 0 67108864 0 0 0 0 0 16 1109393408 1 0 0 0 131072 1208025088 19456 67108864 16 8192 268436480 536870912 0 0 8396800 0 270336 1024 16777282 196609 0 8389122 131072 67109888 25165824 537919520 33816576 1174405312 131330 537133312
is_linear=0
shrinkage=0.1


Tree=80
num_leaves=31
num_cat=27
split_feature=15 15 13 15 13 14 14 10 15 13 14 15 13 13 31 15 15 15 19 13 14 17 14 15 13 15 13 15 14 15
split_gain=26.0209 23.8595 23.0055 15.6745 16.4369 16.5538 15.8087 20.1089 14.3059 15.6462 16.9739 15.982 14.0661 14.0547 13.7308 13.0035 14.3936 12.9445 12.5265 12.4038 26.3189 12.6938 45.4917 31.1613 33.6308 27.1677 25.8002 27.5561 22.8625 21.7773
threshold=0 1 2 3 4 5 6 7 8 9 10 11 12 13 0.037568548694252975 14 15 16 40.350000381469734 17 18 3.5000000000000004 19 20 21 22 23 24 25 26
decision_type=9 9 9 9 9 9 9 9 9 9 9 9 9 9 2 9 9 9 8 9 9 2 9 9 9 9 9 9 9 9
left_child=14 -2 -3 -4 5 -5 13 -8 -9 10 -10 -11 -13 18 -1 -14 -17 -15 -6 20 -18 25 -23 -24 -25 -21 -26 -28 -29 -27
right_child=1 2 3 4 6 -7 7 8 9 11 -12 12 15 17 -16 16 19 -19 -20 21 -22 22 23 24 26 29 27 28 -30 -31
leaf_value=0.13469446189397991 -0.03803954032790452 -0.034573380906039862 0.026415382789054306 -0.03396486358049023 -0.031165771039278485 0.041357926900782591 -0.039178936243182173 -0.029410486424866024 0.034437782284486108 -0.046635901466244627 -0.040710628007521656 -0.053019148097186546 0.025453076982716417 0.036695357034801916 0.030322540549003213 0.044939982558914168 -0.053119993143907751 -0.017008065921827329 0.15246193061772209 -0.028908326694980516 0.029534315395212708 0.031688960969096847 0.041721844369653781 -0.038109412419431513 0.06353230533921346 0.035018204574130796 -0.048979527642059935 -0.022562987323255606 0.0050894218371564676 -0.00076650991385303693
leaf_weight=13.586679851636289 157.71470471192151 182.29417384869885 215.19773261621594 29.517995604779571 5.4522090777754784 159.3778277913807 118.32738544745371 147.94543000229169 30.70674308994785 59.745496031129733 155.95994627091568 37.494097632705234 213.45327954087406 38.737196279224008 174.3835333744064 64.800769787281752 35.393312099389732 934.01135231612716 11.658889270853253 330.25441945693456 303.59986914461479 556.13773545366712 170.60486875334755 216.89112716971431 56.129351146053523 162.54551934287883 99.093032868811861 324.81207341438858 2795.2080334975035 11811.342768659699
leaf_count=310 1956 2987 2765 685 124 2846 2479 2473 529 972 2733 1112 2988 535 2133 1099 650 20182 199 3528 5496 7667 1472 3178 930 2663 1464 5631 42728 188112
internal_value=-0.000117407 -0.00048473 -0.000157737 0.000188936 -0.000124003 0.0284717 -0.000428242 0.000263033 0.00055076 0.000821879 -0.0272262 0.00114122 0.00133443 -0.0126615 0.0359539 0.00148418 0.00116707 -0.0145178 0.0592973 0.000972314 0.0196298 0.000577887 0.00531169 0.00121681 -0.000875505 -0.00104478 0.00169867 0.000427115 0.00214776 -0.000251917
internal_weight=19612.4 19424.4 19266.7 19084.4 18869.2 188.896 18680.3 17690.4 17572.1 17424.2 186.667 17237.5 17177.8 989.86 187.97 17140.3 16926.8 972.749 17.1111 16862 338.993 16523 4218.88 3662.74 3492.13 12304.1 3275.24 3219.11 3120.02 11973.9
internal_count=312626 310183 308227 305240 302475 3531 298944 277904 275425 272952 3262 269690 268718 21040 2443 267606 264618 20717 323 263519 6146 257373 63070 55403 53931 194303 50753 49823 48359 190775
cat_boundaries=0 147 301 387 542 633 640 647 648 809 901 909 1073 1164 1255 1418 1581 1743 1833 1841 1849 2001 2092 2252 2343 2507 2514 2668
cat_threshold=16777216 0 65536 0 64 0 0 64 0 4194304 0 0 0 131072 0 0 0 0 0 0 0 0 0 0 0 0 33554432 0 128 0 0 0 0 0 0 0 0 0 0 0 134217728 0 0 1073741824 0 0 0 65536 0 0 0 33554432 0 0 0 64 0 0 0 0 0 0 67108864 0 0 0 8 0 0 0 0 16777216 0 0 0 0 0 32 0 0 0 0 33554432 0 0 18432 0 268435456 0 0 8388608 0 0 32 0 0 0 0 0 0 0 0 0 0 2 4 0 0 0 0 0 0 0 0 0 0 0 0 0 0 0 0 0 0 0 0 0 0 4194304 0 266240 0 0 0 4096 1073741824 32768 0 0 0 0 0 0 0 0 0 128 0 8388608 0 0 32768 132 0 2147483648 16777216 0 0 8388608 0 262144 0 0 0 0 0 0 0 0 0 0 0 0 0 0 0 0 0 0 524288 0 0 0 128 536870912 0 0 0 0 536870912 8 0 0 0 0 8 98304 0 0 0 0 0 0 0 0 0 0 536870912 0 0 2147483648 0 0 0 0 0 2147483648 0 0 0 0 0 0 0 32770 0 0 1 0 0 0 0 0 0 0 0 0 0 0 0 0 0 0 0 0 16 0 0 0 0 134217728 2048 0 0 262144 0 0 16 0 0 0 0 0 4 0 0 0 0 0 0 0 0 0 0 0 0 1024 0 0 0 0 0 0 0 0 0 0 0 0 0 0 0 0 2 0 0 0 0 0 0 262144 0 0 0 1032 0 2 0 0 64 16777216 2097152 0 1024 0 0 524288 0 0 262208 0 2147483650 0 0 0 0 0 0 0 0 0 8208 16 0 2097152 0 0 2097152 0 0 0 0 0 0 1073741826 0 0 0 0 0 0 0 16777216 0 0 0 0 4 0 0 0 262144 0 0 8 2097152 0 0 0 0 134217728 134217728 32 0 0 0 0 0 2098176 0 0 4096 0 0 0 67108864 32768 1 67108864 0 0 536870912 0 0 0 0 0 0 0 0 0 0 0 0 0 0 1073741824 0 0 0 0 0 0 131072 0 0 0 0 0 0 0 0 0 524288 0 0 0 0 0 0 0 0 33554432 0 0 4194304 0 0 0 0 0 0 0 0 0 0 0 0 0 0 0 0 0 0 0 0 67108864 0 0 0 0 0 0 0 4 0 32 0 0 0 32768 0 0 0 0 1073741888 0 0 0 0 0 0 0 16384 0 0 0 0 0 0 4194304 0 0 2097152 0 0 0 0 0 1 0 268435456 0 0 0 0 0 0 65544 262144 0 0 0 83886080 0 0 0 0 0 4194304 0 0 0 0 0 4 0 0 0 0 0 2 0 16 0 16384 541065216 0 0 0 0 2048 0 0 0 0 0 2097152 8 0 0 0 0 32 134217728 0 8 0 0 0 0 512 0 0 0 0 0 2048 0 0 0 65536 0 0 0 0 0 0 4 0 0 0 0 2049 0 0 0 0 16777216 268435456 8 0 0 134217728 16777216 268435456 512 0 16777216 0 8388672 0 0 0 0 603979776 0 0 0 0 16777216 0 0 0 0 0 131072 64 10485760 131072 0 0 0 0 0 536870912 0 0 64 0 0 0 2 67141888 134217732 2048 33554442 1107306020 128 34078720 1108222000 8421505 1049808 1056 3221229574 4210689 1346379792 6484 0 0 0 0 0 0 536870912 0 0 0 0 0 0 0 0 0 0 0 32768 0 0 2 0 0 262144 0 0 0 0 0 0 0 0 0 0 0 0 0 0 0 0 0 0 0 0 0 0 0 256 0 0 0 0 0 0 0 0 0 0 2147483648 0 0 524288 0 0 0 0 0 0 0 0 0 0 524288 0 0 0 0 0 0 0 0 0 0 4096 524288 0 0 0 256 0 144 0 0 0 0 0 0 0 0 0 0 67125248 0 0 0 0 0 0 0 0 0 0 0 0 8912896 0 0 0 0 0 0 0 0 0 0 0 0 0 0 0 0 536871040 0 0 128 0 0 262144 0 1048576 0 0 0 0 0 0 0 0 0 0 536871936 0 0 0 0 0 0 0 0 134381632 0 0 0 0 0 0 262144 0 16384 536870912 8192 0 0 0 8912896 0 0 0 0 0 0 0 0 65536 64 0 0 0 512 18432 134217728 0 0 0 0 0 0 0 0 133120 524288 0 0 0 0 0 0 131088 0 65536 0 32 5242880 0 0 0 0 0 0 32 0 0 0 0 0 0 8 0 0 536870912 0 2048 8 0 4 0 0 0 32 4096 0 0 0 0 0 0 0 0 0 0 1048576 1 2155872256 16785672 16777216 50331656 105456672 139264 135266304 1 0 0 16 0 0 64 4194304 0 0 0 0 0 0 32768 0 0 0 0 0 524288 0 0 0 2147483648 0 0 0 1073741824 0 0 0 0 8 0 0 0 0 0 0 0 0 0 0 0 0 4 0 0 0 67108864 0 32768 0 0 0 0 0 2147484160 0 0 0 0 0 0 0 0 0 0 16777216 0 0 1024 0 0 0 0 0 0 0 0 0 0 0 0 0 8192 0 0 0 0 0 32768 0 0 0 0 0 16777216 0 0 0 0 0 0 0 1048576 0 0 4 128 0 2147483648 0 0 0 0 0 0 0 16777216 0 0 0 32 0 0 0 536870912 0 0 16 0 0 0 0 0 0 33554432 0 0 0 16 0 0 0 0 1024 0 0 0 4 0 0 0 0 0 0 0 0 4194304 0 0 0 8192 0 0 8 0 402653184 0 0 0 33554432 0 0 0 0 0 0 0 0 0 0 0 0 0 0 0 0 0 0 0 0 0 0 0 0 65536 0 33554432 65600 0 536870914 0 0 0 0 0 0 136314880 0 16416 0 0 524288 0 0 2 0 0 128 0 0 2112 4 0 0 0 0 32 0 0 0 0 0 0 0 0 0 0 0 0 1073741824 0 0 32 2 4 16384 0 0 8388608 0 0 1024 0 0 0 0 0 0 0 0 0 0 0 0 0 0 0 0 4 0 0 0 0 0 0 0 0 0 4096 0 0 1073741824 0 0 0 0 0 0 0 0 0 0 0 0 0 1048576 32768 0 0 0 0 0 0 0 0 0 0 0 0 0 0 16777216 0 0 0 0 0 0 8 0 0 0 0 0 0 0 0 0 0 0 0 8 2048 0 0 0 0 0 0 0 0 0 1 0 0 0 0 0 0 1073741824 0 262144 0 0 0 0 0 0 0 0 4 0 0 16 4194304 0 0 0 0 0 0 0 0 0 0 0 0 0 0 0 0 0 0 0 1048576 32 2147483648 0 0 0 0 0 0 2048 0 0 0 0 0 0 0 0 0 0 0 0 16777216 0 0 512 0 0 0 0 0 2304 0 0 0 0 0 0 0 0 0 0 0 0 0 0 0 1048576 0 32 0 0 0 1073741824 131072 0 0 0 536870912 0 0 0 0 0 0 0 131072 0 0 0 0 0 0 2147483648 0 67108864 0 0 0 0 0 268435456 0 0 0 0 0 0 0 0 0 0 0 0 0 0 0 0 0 0 0 0 0 0 0 256 2048 0 2147483648 128 0 0 0 0 0 0 0 0 268435456 0 0 16 0 0 0 64 4194304 0 0 0 0 32768 0 0 0 0 0 0 0 0 0 2 0 0 1073741824 0 524289 0 0 0 0 0 0 0 0 0 0 0 0 4194304 0 0 1073872896 0 0 8388608 0 0 4194304 0 0 8388608 0 0 0 33554432 0 0 0 0 0 0 0 0 0 0 0 0 0 0 2147483648 0 0 65544 32 256 0 0 0 0 0 0 0 0 64 0 0 0 0 0 0 0 0 0 0 0 0 0 0 0 2 0 0 0 0 0 0 0 0 0 0 0 0 0 0 2147483648 0 0 0 0 0 0 0 0 0 0 2 0 0 2147483648 1073741824 0 0 0 32 147456 0 0 0 0 0 0 0 0 0 0 0 0 0 0 0 0 1 524288 0 0 0 0 0 1073741824 0 0 0 0 256 0 0 0 0 0 0 0 0 67108864 0 65536 0 0 0 0 0 0 0 32768 0 0 0 0 0 0 8192 0 0 0 0 16384 0 0 0 0 0 0 0 0 0 16384 0 0 0 0 0 256 0 0 0 0 0 0 0 0 0 0 0 0 0 0 0 524288 0 0 0 0 0 0 0 0 0 0 524288 0 0 0 0 0 0 12288 268435488 0 0 0 1024 0 0 0 0 0 0 0 0 0 0 0 0 262148 0 0 0 1 0 0 0 0 0 0 0 0 0 0 0 0 0 0 0 0 0 0 0 0 0 0 0 4194304 0 2 0 0 0 0 0 0 0 0 0 0 0 536870912 0 0 0 0 0 0 0 0 0 0 0 0 0 0 0 0 0 0 0 0 512 2 0 0 17301506 524288 0 16 0 0 4 0 0 0 0 0 0 0 0 0 540672 33554432 0 0 0 536870912 0 0 1073741824 0 0 0 0 0 1048576 2 2097152 0 0 0 0 8388608 0 1048576 0 0 262144 0 256 4096 0 16384 524288 0 0 0 256 0 0 0 0 0 0 4 0 0 10 0 0 64 0 536870912 0 0 0 0 0 0 0 0 0 0 0 0 0 0 0 268697600 0 67108864 1073741824 16810242 16652 4196352 262148 25952288 256 41945088 1 20972552 8224 4325932 537395204 68231169 418 134612544 1 65536 0 131072 8192 655360 512 276824064 0 0 2048 0 0 0 0 0 0 0 0 0 0 0 0 0 0 0 0 2 0 0 0 0 0 0 0 0 0 0 0 0 0 0 0 0 0 4096 0 0 0 64 512 0 0 0 0 0 0 0 1073741824 65600 0 0 0 0 201326592 0 0 262144 0 0 0 0 256 0 0 0 0 0 0 0 16 0 0 0 0 0 0 0 0 0 0 0 0 0 0 0 0 0 0 0 6 0 524288 0 0 2147483648 0 0 0 0 0 0 0 0 0 0 0 0 0 0 0 0 0 0 0 256 0 33554432 0 0 0 1 0 0 0 0 0 0 0 0 135299072 0 0 0 0 0 0 0 0 0 0 0 262144 0 0 8388608 0 0 0 0 0 0 65536 0 0 0 0 4 0 0 128 0 0 0 0 0 4 16 0 0 1024 0 0 0 0 131072 0 0 0 0 0 0 0 0 128 0 0 0 0 4096 1 0 0 0 0 0 128 0 0 0 0 1024 0 16 0 16 0 0 16384 0 67108864 0 0 65536 32768 0 0 1073741824 0 0 0 768 8 0 128 4 0 32768 0 131072 0 1048576 2097152 16 65536 0 133120 8192 655360 0 8388608 67108896 0 0 0 0 0 0 0 0 0 0 0 0 512 0 0 0 2097152 0 0 0 2097152 0 0 0 0 0 0 0 0 0 0 0 0 0 0 0 0 0 0 0 64 16777216 32768 0 0 0 0 1 0 1073741824 0 0 0 0 0 67108864 0 0 0 0 0 0 0 8448 0 0 0 0 0 0 0 0 0 0 0 0 0 0 0 0 0 0 0 0 0 0 0 0 0 0 0 2 0 524288 0 536870912 0 0 0 4096 0 0 0 0 0 0 0 0 0 0 0 0 0 0 0 0 0 0 33554432 0 0 1048576 0 1048576 0 8388608 0 0 0 0 0 134217728 16384 0 0 0 0 0 0 0 0 0 0 0 0 8388608 0 0 0 0 0 65536 0 0 0 0 80 512 0 8388608 0 0 2147516418 0 0 524288 0 16777216 0 0 0 0 0 0 0 0 2048 0 0 0 1048576 0 32768 0 0 0 0 268435456 0 1073741824 0 0 2097152 0 0 268435456 0 0 0 0 0 0 0 0 0 0 0 0 0 0 0 16777216 0 0 0 0 8192 0 0 0 33554432 0 0 0 0 0 0 0 0 0 1024 0 64 0 524288 0 0 0 0 0 0 1024 1 0 0 8194 2164264960 33554432 0 0 0 0 0 0 0 0 8192 0 0 32768 0 8192 0 0 0 0 0 16777216 0 256 260 33554432 0 0 0 2 0 0 0 0 65536 0 32 2097152 0 0 0 0 0 0 0 0 0 0 0 0 0 0 0 0 0 256 0 0 0 0 0 0 0 0 0 0 0 0 2048 0 0 0 0 0 0 0 0 0 0 0 0 0 0 0 0 0 0 0 0 0 0 0 0 0 0 0 0 0 256 0 0 0 8192 0 0 0 0 0 0 134217728 4194304 0 0 0 0 0 0 0 0 0 1280 0 0 0 67108864 0 0 0 0 0 0 0 0 0 0 0 0 0 0 0 0 0 0 0 0 0 0 0 0 0 4096 0 0 0 0 0 0 0 0 0 64 49155 2214593280 134252800 33816576 268977088 163844 109068296 0 0 0 2164264960 0 16384 0 0 0 0 4 0 0 8192 0 0 32768 0 8192 0 0 0 0 0 0 0 0 256 33554432 0 0 0 0 0 0 4 0 65536 0 0 2097152 0 0 0 0 0 0 0 0 0 1073741824 0 0 0 0 8388608 0 0 4 268500992 0 0 0 0 0 0 0 0 0 0 0 2048 0 16384 0 0 0 0 0 0 0 0 0 0 0 0 0 0 0 0 0 131072 0 0 0 0 0 262152 524288 0 0 16 0 0 0 0 0 0 0 0 0 1073741824 0 0 0 0 0 0 0 0 0 0 0 256 0 0 0 0 262144 0 0 0 0 0 0 0 0 8192 0 0 0 0 0 0 0 0 0 0 0 0 0 0 0 4096
is_linear=0
shrinkage=0.1


end of trees

feature_importances:
OrgaoDestinatario=574
SubAssuntoPedido=403
AssuntoPedido=369
Municipio_sol=314
orgao_rate=108
dias_desde_primeiro_pedido_do_orgao=92
n_pedidos_previos_neste_orgao=77
orgao_rate_movel_365d=71
prev_reenc_rate_neste_orgao=64
orgao_rate_movel_90d=50
prev_reenc_rate_solicitante=42
n_orgaos_distintos_previos=37
n_pedidos_previos=31
dias_desde_ultimo_pedido=28
reg_month=23
UF=20
reg_dow=17
prev_reenc_solicitante=15
Municipio=13
idade=13
UF_sol=12
OrigemSolicitacao=10
Profissao=10
Escolaridade=7
reg_day=7
Genero=5
TipoPessoaJuridica=5
TipoDemandante=4
Pais=3
prev_reenc_neste_orgao=3
Esfera=2
FormaResposta=1

parameters:
[boosting: gbdt]
[objective: binary]
[metric: average_precision]
[tree_learner: serial]
[device_type: cpu]
[data_sample_strategy: bagging]
[data: ]
[valid: ]
[num_iterations: 600]
[learning_rate: 0.1]
[num_leaves: 31]
[num_threads: 6]
[seed: 42]
[deterministic: 0]
[force_col_wise: 0]
[force_row_wise: 0]
[histogram_pool_size: -1]
[max_depth: -1]
[min_data_in_leaf: 100]
[min_sum_hessian_in_leaf: 0.001]
[bagging_fraction: 0.8]
[pos_bagging_fraction: 1]
[neg_bagging_fraction: 1]
[bagging_freq: 1]
[bagging_seed: 400]
[bagging_by_query: 0]
[feature_fraction: 0.8]
[feature_fraction_bynode: 1]
[feature_fraction_seed: 30056]
[extra_trees: 0]
[extra_seed: 12879]
[early_stopping_round: 0]
[early_stopping_min_delta: 0]
[first_metric_only: 0]
[max_delta_step: 0]
[lambda_l1: 0]
[lambda_l2: 0]
[linear_lambda: 0]
[min_gain_to_split: 0]
[drop_rate: 0.1]
[max_drop: 50]
[skip_drop: 0.5]
[xgboost_dart_mode: 0]
[uniform_drop: 0]
[drop_seed: 17869]
[top_rate: 0.2]
[other_rate: 0.1]
[min_data_per_group: 100]
[max_cat_threshold: 32]
[cat_l2: 10]
[cat_smooth: 10]
[max_cat_to_onehot: 4]
[top_k: 20]
[monotone_constraints: ]
[monotone_constraints_method: basic]
[monotone_penalty: 0]
[feature_contri: ]
[forcedsplits_filename: ]
[refit_decay_rate: 0.9]
[cegb_tradeoff: 1]
[cegb_penalty_split: 0]
[cegb_penalty_feature_lazy: ]
[cegb_penalty_feature_coupled: ]
[path_smooth: 0]
[interaction_constraints: ]
[verbosity: -1]
[saved_feature_importance_type: 0]
[use_quantized_grad: 0]
[num_grad_quant_bins: 4]
[quant_train_renew_leaf: 0]
[stochastic_rounding: 1]
[linear_tree: 0]
[max_bin: 63]
[max_bin_by_feature: ]
[min_data_in_bin: 3]
[bin_construct_sample_cnt: 200000]
[data_random_seed: 175]
[is_enable_sparse: 1]
[enable_bundle: 1]
[use_missing: 1]
[zero_as_missing: 0]
[feature_pre_filter: 1]
[pre_partition: 0]
[two_round: 0]
[header: 0]
[label_column: ]
[weight_column: ]
[group_column: ]
[ignore_column: ]
[categorical_feature: 0,1,2,3,4,5,6,7,8,9,10,11,12,13,14,15]
[forcedbins_filename: ]
[precise_float_parser: 0]
[parser_config_file: ]
[objective_seed: 16083]
[num_class: 1]
[is_unbalance: 0]
[scale_pos_weight: 1]
[sigmoid: 1]
[boost_from_average: 1]
[reg_sqrt: 0]
[alpha: 0.9]
[fair_c: 1]
[poisson_max_delta_step: 0.7]
[tweedie_variance_power: 1.5]
[lambdarank_truncation_level: 30]
[lambdarank_norm: 1]
[label_gain: ]
[lambdarank_position_bias_regularization: 0]
[eval_at: ]
[multi_error_top_k: 1]
[auc_mu_weights: ]
[num_machines: 1]
[local_listen_port: 12400]
[time_out: 120]
[machine_list_filename: ]
[machines: ]
[gpu_platform_id: -1]
[gpu_device_id: -1]
[gpu_device_id_list: ]
[gpu_use_dp: 0]
[num_gpu: 1]

end of parameters

pandas_categorical:[]
